{
"type": "FeatureCollection",
"name": "forest_patches",
"crs": { "type": "name", "properties": { "name": "urn:ogc:def:crs:EPSG::3035" } },
"xy_coordinate_resolution": 0.1,
"features": [
{ "type": "Feature", "properties": { "id": "forest_40378", "state": "Rheinland-Pfalz", "area_ha": 8307.78, "unfragmented": true, "image": "forest_40378.webp", "real_width_m": 16452.0, "real_height_m": 11228.3, "pixel_width": 1645, "pixel_height": 1122, "centroid_x": 4175515.9, "centroid_y": 2996794.9 }, "geometry": { "type": "Polygon", "coordinates": [ [ [ 4175244.3, 3001688.1 ], [ 4175293.2, 3001654.5 ], [ 4175341.3, 3001638.9 ], [ 4175479.2, 3001571.3 ], [ 4175496.6, 3001551.1 ], [ 4175540.7, 3001549.9 ], [ 4175581.6, 3001564.4 ], [ 4175622.6, 3001525.2 ], [ 4175649.2, 3001513.9 ], [ 4175814.0, 3001530.3 ], [ 4176020.2, 3001610.0 ], [ 4176072.5, 3001612.7 ], [ 4176130.4, 3001569.8 ], [ 4176173.1, 3001550.9 ], [ 4176185.3, 3001496.0 ], [ 4176210.1, 3001478.9 ], [ 4176242.2, 3001471.5 ], [ 4176257.2, 3001455.6 ], [ 4176274.1, 3001453.4 ], [ 4176293.5, 3001438.0 ], [ 4176318.2, 3001438.3 ], [ 4176340.7, 3001427.4 ], [ 4176364.2, 3001430.6 ], [ 4176382.0, 3001419.4 ], [ 4176400.4, 3001374.1 ], [ 4176432.5, 3001347.1 ], [ 4176417.1, 3001304.2 ], [ 4176465.5, 3001281.3 ], [ 4176542.2, 3001260.1 ], [ 4176632.8, 3001261.3 ], [ 4176871.9, 3001325.4 ], [ 4176945.2, 3001365.4 ], [ 4176987.3, 3001363.5 ], [ 4176996.7, 3001348.9 ], [ 4176992.1, 3001315.8 ], [ 4176944.0, 3001300.5 ], [ 4176882.5, 3001266.5 ], [ 4176881.9, 3001251.5 ], [ 4176862.0, 3001219.4 ], [ 4176610.7, 3001132.0 ], [ 4176502.8, 3001129.0 ], [ 4176490.7, 3001122.7 ], [ 4176491.8, 3001097.4 ], [ 4176529.8, 3001068.8 ], [ 4176610.7, 3000965.4 ], [ 4176595.4, 3000811.9 ], [ 4176601.5, 3000742.7 ], [ 4176593.0, 3000723.5 ], [ 4176575.7, 3000709.9 ], [ 4176577.4, 3000698.7 ], [ 4176605.6, 3000690.2 ], [ 4176698.8, 3000713.5 ], [ 4176725.1, 3000702.2 ], [ 4176746.5, 3000666.5 ], [ 4176801.8, 3000687.2 ], [ 4176790.6, 3000721.6 ], [ 4176799.3, 3000739.8 ], [ 4176826.2, 3000758.7 ], [ 4176853.4, 3000756.0 ], [ 4176854.1, 3000794.2 ], [ 4176808.8, 3000843.1 ], [ 4176809.0, 3000867.7 ], [ 4176836.5, 3000896.0 ], [ 4176854.5, 3000899.6 ], [ 4176870.4, 3000884.9 ], [ 4176875.8, 3000847.4 ], [ 4176927.1, 3000937.8 ], [ 4176969.1, 3001041.4 ], [ 4177082.4, 3001154.2 ], [ 4177103.6, 3001153.9 ], [ 4177120.1, 3001130.5 ], [ 4177118.1, 3001112.3 ], [ 4177100.8, 3001090.6 ], [ 4177076.4, 3001086.1 ], [ 4177017.5, 3000835.1 ], [ 4177003.4, 3000820.4 ], [ 4176975.0, 3000822.2 ], [ 4176973.1, 3000774.5 ], [ 4176981.8, 3000721.9 ], [ 4177013.5, 3000657.6 ], [ 4177058.0, 3000620.7 ], [ 4177081.6, 3000611.2 ], [ 4177113.0, 3000560.4 ], [ 4177120.9, 3000525.0 ], [ 4177110.8, 3000483.9 ], [ 4177094.1, 3000471.0 ], [ 4177069.7, 3000474.9 ], [ 4176890.1, 3000450.5 ], [ 4176822.2, 3000388.2 ], [ 4176701.6, 3000299.7 ], [ 4176703.7, 3000271.3 ], [ 4176727.7, 3000262.7 ], [ 4176758.3, 3000274.8 ], [ 4176864.5, 3000361.5 ], [ 4176879.2, 3000387.5 ], [ 4176961.9, 3000412.0 ], [ 4177059.7, 3000427.9 ], [ 4177077.5, 3000410.4 ], [ 4177064.8, 3000346.0 ], [ 4177074.2, 3000297.9 ], [ 4177097.8, 3000272.5 ], [ 4177098.5, 3000250.0 ], [ 4177127.3, 3000227.9 ], [ 4177155.2, 3000229.7 ], [ 4177152.2, 3000281.0 ], [ 4177123.1, 3000331.2 ], [ 4177122.7, 3000405.2 ], [ 4177154.1, 3000459.4 ], [ 4177226.4, 3000525.5 ], [ 4177242.2, 3000548.7 ], [ 4177270.4, 3000628.7 ], [ 4177291.7, 3000638.8 ], [ 4177298.7, 3000660.6 ], [ 4177225.9, 3000879.6 ], [ 4177230.4, 3000893.6 ], [ 4177256.1, 3000917.9 ], [ 4177277.0, 3000922.9 ], [ 4177293.9, 3000901.9 ], [ 4177319.0, 3000908.3 ], [ 4177334.1, 3000898.4 ], [ 4177367.0, 3000827.4 ], [ 4177375.5, 3000787.2 ], [ 4177398.2, 3000751.9 ], [ 4177400.4, 3000729.2 ], [ 4177466.2, 3000682.7 ], [ 4177541.0, 3000596.4 ], [ 4177570.4, 3000585.9 ], [ 4177666.0, 3000474.9 ], [ 4177741.8, 3000426.0 ], [ 4177795.3, 3000402.0 ], [ 4177872.0, 3000382.1 ], [ 4177924.1, 3000353.5 ], [ 4177984.6, 3000285.6 ], [ 4178010.9, 3000205.6 ], [ 4178077.2, 3000146.3 ], [ 4178116.9, 3000055.3 ], [ 4178301.3, 2999919.9 ], [ 4178372.0, 2999899.5 ], [ 4178376.0, 2999878.9 ], [ 4178364.2, 2999865.5 ], [ 4178369.0, 2999835.3 ], [ 4178428.5, 2999811.1 ], [ 4178499.9, 2999688.3 ], [ 4178517.4, 2999690.2 ], [ 4178530.7, 2999679.4 ], [ 4178539.9, 2999630.2 ], [ 4178583.8, 2999605.8 ], [ 4178614.1, 2999536.0 ], [ 4178625.6, 2999480.3 ], [ 4178587.6, 2999390.5 ], [ 4178571.4, 2999380.2 ], [ 4178478.1, 2999369.5 ], [ 4178373.8, 2999397.6 ], [ 4178368.4, 2999411.2 ], [ 4178375.2, 2999427.9 ], [ 4178451.4, 2999463.9 ], [ 4178409.7, 2999538.9 ], [ 4178414.0, 2999556.5 ], [ 4178429.2, 2999567.6 ], [ 4178389.5, 2999632.7 ], [ 4178356.7, 2999716.0 ], [ 4178332.8, 2999727.4 ], [ 4178297.1, 2999719.1 ], [ 4178285.0, 2999731.2 ], [ 4178273.9, 2999777.1 ], [ 4178165.7, 2999808.9 ], [ 4178158.4, 2999782.0 ], [ 4178171.6, 2999764.2 ], [ 4178196.4, 2999765.4 ], [ 4178231.3, 2999750.8 ], [ 4178240.0, 2999739.9 ], [ 4178242.4, 2999715.1 ], [ 4178228.0, 2999699.7 ], [ 4178176.1, 2999697.7 ], [ 4178139.6, 2999738.3 ], [ 4178189.6, 2999612.2 ], [ 4178177.7, 2999594.8 ], [ 4178129.3, 2999586.8 ], [ 4178121.2, 2999535.4 ], [ 4178087.1, 2999513.9 ], [ 4178032.2, 2999442.0 ], [ 4178082.3, 2999397.1 ], [ 4178085.3, 2999374.1 ], [ 4178040.9, 2999335.9 ], [ 4178031.6, 2999312.3 ], [ 4177960.9, 2999304.9 ], [ 4177883.1, 2999225.4 ], [ 4177894.6, 2999180.6 ], [ 4177951.8, 2999110.0 ], [ 4177938.6, 2999082.0 ], [ 4177929.9, 2999031.4 ], [ 4177910.2, 2999018.1 ], [ 4177888.1, 2999025.6 ], [ 4177783.6, 2999140.7 ], [ 4177725.2, 2999224.8 ], [ 4177729.6, 2999242.5 ], [ 4177760.0, 2999272.8 ], [ 4177742.0, 2999291.4 ], [ 4177744.9, 2999312.5 ], [ 4177802.2, 2999367.6 ], [ 4177894.8, 2999438.1 ], [ 4177880.4, 2999454.2 ], [ 4177803.9, 2999487.4 ], [ 4177772.6, 2999514.8 ], [ 4177650.5, 2999727.4 ], [ 4177620.8, 2999754.2 ], [ 4177595.3, 2999763.1 ], [ 4177530.2, 2999747.5 ], [ 4177422.0, 2999669.0 ], [ 4177406.2, 2999675.1 ], [ 4177385.2, 2999702.4 ], [ 4177294.5, 2999751.2 ], [ 4177295.3, 2999769.7 ], [ 4177310.0, 2999781.0 ], [ 4177450.8, 2999789.0 ], [ 4177452.7, 2999815.1 ], [ 4177436.7, 2999840.4 ], [ 4177455.1, 2999890.6 ], [ 4177452.6, 2999914.8 ], [ 4177502.6, 2999951.4 ], [ 4177615.7, 3000069.2 ], [ 4177648.8, 3000125.3 ], [ 4177585.6, 3000153.4 ], [ 4177576.6, 3000164.7 ], [ 4177578.0, 3000182.4 ], [ 4177614.2, 3000240.5 ], [ 4177611.2, 3000260.2 ], [ 4177571.6, 3000285.6 ], [ 4177441.8, 3000446.6 ], [ 4177449.7, 3000416.7 ], [ 4177436.1, 3000399.9 ], [ 4177358.1, 3000397.2 ], [ 4177341.9, 3000405.2 ], [ 4177336.8, 3000460.9 ], [ 4177345.9, 3000489.9 ], [ 4177329.1, 3000523.7 ], [ 4177318.6, 3000528.8 ], [ 4177300.5, 3000520.0 ], [ 4177259.3, 3000459.9 ], [ 4177218.2, 3000421.1 ], [ 4177230.3, 3000382.2 ], [ 4177219.6, 3000329.1 ], [ 4177239.1, 3000270.0 ], [ 4177247.9, 3000206.2 ], [ 4177213.9, 3000051.2 ], [ 4177143.0, 2999992.0 ], [ 4177112.8, 2999980.2 ], [ 4177128.0, 2999927.8 ], [ 4177081.8, 2999895.8 ], [ 4177047.7, 2999857.4 ], [ 4177038.6, 2999809.0 ], [ 4177018.1, 2999803.1 ], [ 4177000.3, 2999820.4 ], [ 4176941.5, 2999766.3 ], [ 4176987.7, 2999707.9 ], [ 4177013.1, 2999722.4 ], [ 4177032.0, 2999715.6 ], [ 4177091.2, 2999628.6 ], [ 4177148.4, 2999640.1 ], [ 4177211.9, 2999618.8 ], [ 4177215.1, 2999598.1 ], [ 4177190.5, 2999565.2 ], [ 4177188.2, 2999535.6 ], [ 4177151.5, 2999465.1 ], [ 4177204.0, 2999404.9 ], [ 4177262.9, 2999439.8 ], [ 4177312.0, 2999419.4 ], [ 4177334.3, 2999379.6 ], [ 4177355.6, 2999375.0 ], [ 4177391.0, 2999389.1 ], [ 4177408.8, 2999405.1 ], [ 4177454.2, 2999392.3 ], [ 4177559.0, 2999299.9 ], [ 4177566.3, 2999282.4 ], [ 4177596.7, 2999261.5 ], [ 4177598.8, 2999234.1 ], [ 4177569.5, 2999220.3 ], [ 4177555.0, 2999231.1 ], [ 4177545.8, 2999261.6 ], [ 4177510.3, 2999275.2 ], [ 4177511.3, 2999244.9 ], [ 4177503.7, 2999232.2 ], [ 4177454.2, 2999221.2 ], [ 4177455.0, 2999201.2 ], [ 4177438.3, 2999178.2 ], [ 4177463.0, 2999111.3 ], [ 4178057.3, 2998447.7 ], [ 4178270.1, 2998490.5 ], [ 4178646.6, 2998350.7 ], [ 4178678.3, 2998375.8 ], [ 4178631.1, 2998416.8 ], [ 4178629.3, 2998438.2 ], [ 4178681.5, 2998513.2 ], [ 4178734.6, 2998535.2 ], [ 4178723.0, 2998572.0 ], [ 4178729.8, 2998588.1 ], [ 4178819.3, 2998615.9 ], [ 4178792.1, 2998710.9 ], [ 4178866.7, 2998825.3 ], [ 4178923.5, 2998859.4 ], [ 4178940.3, 2998858.7 ], [ 4178951.6, 2998848.2 ], [ 4179035.0, 2998899.6 ], [ 4179052.2, 2998899.0 ], [ 4179102.6, 2998920.1 ], [ 4179120.3, 2998954.7 ], [ 4179118.1, 2998997.7 ], [ 4179104.2, 2999024.9 ], [ 4179107.2, 2999041.2 ], [ 4179133.8, 2999079.7 ], [ 4179182.1, 2999115.0 ], [ 4179229.6, 2999133.0 ], [ 4179245.0, 2999125.5 ], [ 4179277.5, 2999084.0 ], [ 4179300.6, 2999039.8 ], [ 4179297.7, 2998933.2 ], [ 4179272.8, 2998846.0 ], [ 4179225.3, 2998787.5 ], [ 4179188.0, 2998758.3 ], [ 4179183.3, 2998738.8 ], [ 4179191.0, 2998721.3 ], [ 4179374.5, 2998564.2 ], [ 4179464.2, 2998481.4 ], [ 4179488.0, 2998448.7 ], [ 4179522.3, 2998423.6 ], [ 4179635.0, 2998411.2 ], [ 4179808.4, 2998340.1 ], [ 4179839.7, 2998334.2 ], [ 4180034.7, 2998370.3 ], [ 4180233.2, 2998491.9 ], [ 4180285.7, 2998500.4 ], [ 4180421.7, 2998471.9 ], [ 4180432.1, 2998457.9 ], [ 4180426.9, 2998437.9 ], [ 4180445.7, 2998404.0 ], [ 4180661.4, 2998385.2 ], [ 4180674.3, 2998361.6 ], [ 4180648.7, 2998284.8 ], [ 4180745.9, 2998275.8 ], [ 4180845.5, 2998247.1 ], [ 4180885.8, 2998256.1 ], [ 4180934.9, 2998280.5 ], [ 4181103.2, 2998416.2 ], [ 4181129.5, 2998412.1 ], [ 4181148.0, 2998360.8 ], [ 4181125.3, 2998214.8 ], [ 4181125.3, 2998161.5 ], [ 4181136.8, 2998125.8 ], [ 4181161.7, 2998088.3 ], [ 4181200.9, 2998063.3 ], [ 4181281.6, 2998044.7 ], [ 4181324.1, 2998025.2 ], [ 4181368.1, 2997990.8 ], [ 4181502.6, 2997831.6 ], [ 4181528.9, 2997812.5 ], [ 4181560.4, 2997803.3 ], [ 4181697.2, 2997708.3 ], [ 4181777.0, 2997695.7 ], [ 4181802.2, 2997677.7 ], [ 4181803.3, 2997637.8 ], [ 4181760.4, 2997595.8 ], [ 4181695.0, 2997579.1 ], [ 4181590.0, 2997617.0 ], [ 4181556.0, 2997603.6 ], [ 4181546.0, 2997576.3 ], [ 4181552.9, 2997556.1 ], [ 4181576.7, 2997523.5 ], [ 4181691.1, 2997412.2 ], [ 4181835.6, 2997317.4 ], [ 4181903.8, 2997231.7 ], [ 4181929.0, 2997181.3 ], [ 4182041.3, 2997026.8 ], [ 4182057.6, 2996994.1 ], [ 4182093.4, 2996897.1 ], [ 4182103.2, 2996820.3 ], [ 4182134.2, 2996713.1 ], [ 4182182.1, 2996626.8 ], [ 4182218.4, 2996587.0 ], [ 4182384.4, 2996457.9 ], [ 4182421.1, 2996394.9 ], [ 4182571.1, 2996323.4 ], [ 4182639.6, 2996279.8 ], [ 4182855.6, 2996097.3 ], [ 4182876.6, 2996069.4 ], [ 4182931.7, 2995915.6 ], [ 4182927.4, 2995877.1 ], [ 4182846.0, 2995767.3 ], [ 4182817.3, 2995707.7 ], [ 4182778.4, 2995573.6 ], [ 4182760.0, 2995563.7 ], [ 4182722.3, 2995571.6 ], [ 4182700.3, 2995551.6 ], [ 4182658.6, 2995561.9 ], [ 4182634.8, 2995578.8 ], [ 4182548.4, 2995587.1 ], [ 4182464.8, 2995617.6 ], [ 4182402.9, 2995628.6 ], [ 4182355.6, 2995667.7 ], [ 4182348.0, 2995633.1 ], [ 4182318.2, 2995629.3 ], [ 4182298.3, 2995657.9 ], [ 4182273.9, 2995664.6 ], [ 4182258.9, 2995695.1 ], [ 4182122.0, 2995770.7 ], [ 4182066.6, 2995811.3 ], [ 4182006.2, 2995821.6 ], [ 4181983.6, 2995807.5 ], [ 4182045.5, 2995755.7 ], [ 4182172.1, 2995686.0 ], [ 4182198.5, 2995651.0 ], [ 4182268.9, 2995624.4 ], [ 4182295.9, 2995585.3 ], [ 4182341.9, 2995552.8 ], [ 4182400.0, 2995538.1 ], [ 4182411.0, 2995559.2 ], [ 4182434.8, 2995560.8 ], [ 4182455.9, 2995544.9 ], [ 4182464.2, 2995528.2 ], [ 4182519.0, 2995534.2 ], [ 4182548.5, 2995522.6 ], [ 4182619.6, 2995554.6 ], [ 4182643.7, 2995529.7 ], [ 4182730.0, 2995505.6 ], [ 4182778.0, 2995468.3 ], [ 4182825.3, 2995373.9 ], [ 4182818.5, 2995338.6 ], [ 4182829.1, 2995323.8 ], [ 4182827.2, 2995307.0 ], [ 4182873.5, 2995250.0 ], [ 4182892.5, 2995256.8 ], [ 4182906.0, 2995251.6 ], [ 4182932.0, 2995209.5 ], [ 4182930.0, 2995189.6 ], [ 4182914.3, 2995177.8 ], [ 4182927.2, 2995150.8 ], [ 4182949.2, 2995141.7 ], [ 4182976.8, 2995142.6 ], [ 4183190.7, 2994931.8 ], [ 4183190.0, 2994911.2 ], [ 4183160.6, 2994883.3 ], [ 4183210.7, 2994819.2 ], [ 4183209.8, 2994799.2 ], [ 4183196.0, 2994788.4 ], [ 4183209.9, 2994758.0 ], [ 4183231.9, 2994756.8 ], [ 4183246.9, 2994729.5 ], [ 4183264.5, 2994718.5 ], [ 4183284.6, 2994620.1 ], [ 4183322.2, 2994628.0 ], [ 4183338.8, 2994611.2 ], [ 4183383.8, 2994336.7 ], [ 4183374.2, 2994314.2 ], [ 4183357.9, 2994307.7 ], [ 4183341.0, 2994280.7 ], [ 4183324.1, 2994273.2 ], [ 4183243.8, 2994310.5 ], [ 4183235.5, 2994292.6 ], [ 4183222.1, 2994286.5 ], [ 4183127.6, 2994309.7 ], [ 4183060.2, 2994271.7 ], [ 4183011.8, 2994312.6 ], [ 4182986.4, 2994290.4 ], [ 4182962.0, 2994297.0 ], [ 4182953.6, 2994324.3 ], [ 4182931.0, 2994340.4 ], [ 4182931.2, 2994362.6 ], [ 4182899.0, 2994440.1 ], [ 4182906.5, 2994462.3 ], [ 4182944.4, 2994474.7 ], [ 4182955.5, 2994492.4 ], [ 4182973.1, 2994494.4 ], [ 4182986.5, 2994482.9 ], [ 4183033.0, 2994385.6 ], [ 4183065.7, 2994423.8 ], [ 4183078.8, 2994429.0 ], [ 4183153.4, 2994383.3 ], [ 4183212.9, 2994454.8 ], [ 4183228.9, 2994493.7 ], [ 4183206.5, 2994531.2 ], [ 4183154.9, 2994555.3 ], [ 4183128.2, 2994519.8 ], [ 4183109.2, 2994475.5 ], [ 4183086.0, 2994466.8 ], [ 4183016.4, 2994528.7 ], [ 4183012.0, 2994545.1 ], [ 4183026.0, 2994574.2 ], [ 4183022.5, 2994588.8 ], [ 4182958.6, 2994653.9 ], [ 4182955.6, 2994667.7 ], [ 4182963.3, 2994682.1 ], [ 4182883.4, 2994739.1 ], [ 4182885.5, 2994756.7 ], [ 4182939.3, 2994834.6 ], [ 4182894.8, 2994856.0 ], [ 4182880.3, 2994834.3 ], [ 4182864.2, 2994829.1 ], [ 4182823.4, 2994851.5 ], [ 4182805.7, 2994832.6 ], [ 4182811.7, 2994809.4 ], [ 4182801.1, 2994791.2 ], [ 4182783.5, 2994788.9 ], [ 4182743.9, 2994807.7 ], [ 4182724.0, 2994781.2 ], [ 4182704.6, 2994777.6 ], [ 4182660.6, 2994790.5 ], [ 4182634.1, 2994807.4 ], [ 4182629.3, 2994833.9 ], [ 4182492.8, 2994953.5 ], [ 4182486.8, 2994781.4 ], [ 4182476.3, 2994766.8 ], [ 4182458.4, 2994764.9 ], [ 4182299.6, 2994885.9 ], [ 4182273.0, 2994918.7 ], [ 4181986.5, 2995137.9 ], [ 4181918.9, 2995073.7 ], [ 4181854.5, 2995108.6 ], [ 4181839.9, 2995130.1 ], [ 4181704.5, 2995004.1 ], [ 4181727.6, 2994975.6 ], [ 4181707.1, 2994943.1 ], [ 4181751.8, 2994901.0 ], [ 4181765.1, 2994877.7 ], [ 4181850.5, 2994810.4 ], [ 4181865.1, 2994762.3 ], [ 4181860.4, 2994746.7 ], [ 4181937.5, 2994689.3 ], [ 4181961.8, 2994630.4 ], [ 4182078.4, 2994521.5 ], [ 4182312.8, 2994425.3 ], [ 4182354.9, 2994475.2 ], [ 4182340.9, 2994493.7 ], [ 4182349.2, 2994579.3 ], [ 4182370.5, 2994589.5 ], [ 4182422.5, 2994565.9 ], [ 4182453.0, 2994574.1 ], [ 4182494.2, 2994672.5 ], [ 4182549.9, 2994681.9 ], [ 4182572.3, 2994678.0 ], [ 4182585.2, 2994688.5 ], [ 4182615.3, 2994693.0 ], [ 4182630.3, 2994683.3 ], [ 4182663.2, 2994630.3 ], [ 4182706.8, 2994636.5 ], [ 4182740.7, 2994653.9 ], [ 4182777.9, 2994649.0 ], [ 4182804.7, 2994590.3 ], [ 4182796.9, 2994567.8 ], [ 4182783.6, 2994563.2 ], [ 4182742.3, 2994575.4 ], [ 4182686.2, 2994574.6 ], [ 4182652.9, 2994558.9 ], [ 4182660.5, 2994377.8 ], [ 4182653.3, 2994362.1 ], [ 4182636.9, 2994356.4 ], [ 4182553.9, 2994377.1 ], [ 4182543.8, 2994395.9 ], [ 4182556.7, 2994434.4 ], [ 4182447.9, 2994502.9 ], [ 4182422.7, 2994424.9 ], [ 4182509.9, 2994382.5 ], [ 4182513.2, 2994368.2 ], [ 4182497.0, 2994312.8 ], [ 4182484.9, 2994299.0 ], [ 4182466.6, 2994299.1 ], [ 4182405.9, 2994352.2 ], [ 4182381.6, 2994353.1 ], [ 4182384.2, 2994321.3 ], [ 4182413.7, 2994299.7 ], [ 4182441.6, 2994261.5 ], [ 4182491.1, 2994298.2 ], [ 4182560.4, 2994283.4 ], [ 4182569.0, 2994264.7 ], [ 4182557.1, 2994239.9 ], [ 4182586.7, 2994210.1 ], [ 4182586.6, 2994183.8 ], [ 4182627.7, 2994132.5 ], [ 4182651.3, 2994121.8 ], [ 4182675.1, 2994097.0 ], [ 4182685.6, 2994110.3 ], [ 4182699.5, 2994113.5 ], [ 4182753.1, 2994091.1 ], [ 4182763.3, 2994073.9 ], [ 4182757.5, 2994047.0 ], [ 4182866.8, 2994014.0 ], [ 4182877.1, 2993999.6 ], [ 4182875.3, 2993985.4 ], [ 4182861.8, 2993974.0 ], [ 4182825.5, 2993971.7 ], [ 4182822.5, 2993947.2 ], [ 4182802.3, 2993939.9 ], [ 4182694.7, 2994010.8 ], [ 4182681.7, 2993987.4 ], [ 4182680.4, 2993959.5 ], [ 4182739.9, 2993955.8 ], [ 4182753.2, 2993932.1 ], [ 4182691.6, 2993811.9 ], [ 4182668.7, 2993792.8 ], [ 4182651.3, 2993796.1 ], [ 4182594.2, 2993850.9 ], [ 4182535.7, 2993869.8 ], [ 4182459.1, 2993775.9 ], [ 4182442.6, 2993772.7 ], [ 4182395.1, 2993790.8 ], [ 4182365.7, 2993742.1 ], [ 4182310.9, 2993727.9 ], [ 4182291.7, 2993743.7 ], [ 4182293.2, 2993790.6 ], [ 4182241.4, 2993804.3 ], [ 4182230.9, 2993814.2 ], [ 4182239.6, 2993883.5 ], [ 4182184.8, 2993868.9 ], [ 4182125.9, 2993873.3 ], [ 4182093.6, 2993884.4 ], [ 4181994.3, 2993883.4 ], [ 4181969.7, 2993893.3 ], [ 4181936.6, 2993882.0 ], [ 4181896.5, 2993844.6 ], [ 4181931.5, 2993811.5 ], [ 4181928.5, 2993794.0 ], [ 4181913.4, 2993784.4 ], [ 4181836.9, 2993800.1 ], [ 4181823.4, 2993816.8 ], [ 4181731.8, 2993841.8 ], [ 4181728.4, 2993750.5 ], [ 4181688.1, 2993694.8 ], [ 4181672.2, 2993688.5 ], [ 4181656.6, 2993695.6 ], [ 4181536.5, 2993836.5 ], [ 4181503.3, 2993865.0 ], [ 4181407.5, 2993920.3 ], [ 4181368.9, 2993915.7 ], [ 4181339.8, 2993892.5 ], [ 4181334.9, 2993863.3 ], [ 4181375.7, 2993763.3 ], [ 4181426.7, 2993564.8 ], [ 4181447.1, 2993515.9 ], [ 4181436.4, 2993494.9 ], [ 4181395.1, 2993487.9 ], [ 4181376.8, 2993494.1 ], [ 4181337.2, 2993543.7 ], [ 4181317.3, 2993540.4 ], [ 4181304.9, 2993547.7 ], [ 4181295.6, 2993601.5 ], [ 4181178.6, 2993765.1 ], [ 4181181.7, 2993789.0 ], [ 4181239.2, 2993831.6 ], [ 4181208.0, 2993865.9 ], [ 4181166.8, 2993827.1 ], [ 4181176.1, 2993806.8 ], [ 4181168.5, 2993790.8 ], [ 4180985.5, 2993688.2 ], [ 4180960.1, 2993695.6 ], [ 4180954.4, 2993718.4 ], [ 4180887.6, 2993751.1 ], [ 4180784.6, 2993756.5 ], [ 4180782.9, 2993740.0 ], [ 4180791.1, 2993728.9 ], [ 4180895.2, 2993691.7 ], [ 4180919.9, 2993660.5 ], [ 4180923.0, 2993642.6 ], [ 4180828.6, 2993507.8 ], [ 4180808.1, 2993506.0 ], [ 4180761.8, 2993534.9 ], [ 4180715.9, 2993504.5 ], [ 4180764.5, 2993446.9 ], [ 4180789.2, 2993459.4 ], [ 4180803.8, 2993478.5 ], [ 4180827.4, 2993475.8 ], [ 4180853.5, 2993433.9 ], [ 4180843.3, 2993405.4 ], [ 4180903.5, 2993362.1 ], [ 4180919.3, 2993358.2 ], [ 4180939.3, 2993377.9 ], [ 4180956.7, 2993380.5 ], [ 4181011.5, 2993366.2 ], [ 4181048.4, 2993330.3 ], [ 4181046.0, 2993300.2 ], [ 4181032.8, 2993288.1 ], [ 4181011.9, 2993291.9 ], [ 4180973.9, 2993328.6 ], [ 4180908.2, 2993280.1 ], [ 4180659.5, 2993413.7 ], [ 4180494.2, 2993618.2 ], [ 4180485.1, 2993642.9 ], [ 4180460.2, 2993665.0 ], [ 4180372.8, 2993680.2 ], [ 4180300.6, 2993705.7 ], [ 4180185.7, 2993776.5 ], [ 4180188.0, 2993802.7 ], [ 4180240.3, 2993861.2 ], [ 4180302.4, 2993913.8 ], [ 4180189.6, 2993980.9 ], [ 4180145.8, 2994028.5 ], [ 4180144.2, 2994042.4 ], [ 4180154.5, 2994062.0 ], [ 4180103.9, 2994080.8 ], [ 4180062.1, 2994048.3 ], [ 4180038.3, 2994050.0 ], [ 4179996.6, 2994081.0 ], [ 4179967.2, 2994147.2 ], [ 4179975.9, 2994168.7 ], [ 4179997.2, 2994171.3 ], [ 4180038.2, 2994123.5 ], [ 4180085.3, 2994220.0 ], [ 4180110.1, 2994228.2 ], [ 4180125.7, 2994269.6 ], [ 4180114.6, 2994450.7 ], [ 4180000.9, 2994245.1 ], [ 4179976.0, 2994234.7 ], [ 4179962.3, 2994245.8 ], [ 4179949.9, 2994282.9 ], [ 4179931.2, 2994295.8 ], [ 4179793.7, 2994595.6 ], [ 4179652.2, 2994549.8 ], [ 4179655.4, 2994529.2 ], [ 4179643.2, 2994515.4 ], [ 4179592.3, 2994493.0 ], [ 4179487.5, 2994463.2 ], [ 4179746.9, 2993930.1 ], [ 4179814.1, 2993827.4 ], [ 4179793.2, 2993765.3 ], [ 4179732.1, 2993718.4 ], [ 4179714.0, 2993714.5 ], [ 4179699.3, 2993725.9 ], [ 4179663.4, 2993714.6 ], [ 4179670.1, 2993686.5 ], [ 4179659.0, 2993668.6 ], [ 4179620.5, 2993665.4 ], [ 4179556.3, 2993642.4 ], [ 4179599.5, 2993575.5 ], [ 4179642.3, 2993614.4 ], [ 4179659.1, 2993610.4 ], [ 4179678.8, 2993590.3 ], [ 4179701.8, 2993613.8 ], [ 4179716.8, 2993614.0 ], [ 4179728.4, 2993604.5 ], [ 4179728.3, 2993499.8 ], [ 4179785.6, 2993348.7 ], [ 4179748.3, 2993291.0 ], [ 4179721.6, 2993288.2 ], [ 4179562.6, 2993387.2 ], [ 4179505.4, 2993441.0 ], [ 4179458.6, 2993306.8 ], [ 4179441.3, 2993303.0 ], [ 4179423.2, 2993312.3 ], [ 4179334.5, 2993390.6 ], [ 4179329.1, 2993341.9 ], [ 4179310.3, 2993295.1 ], [ 4179300.7, 2993284.2 ], [ 4179282.9, 2993282.5 ], [ 4179251.5, 2993313.2 ], [ 4179250.0, 2993334.3 ], [ 4179213.0, 2993365.0 ], [ 4179242.4, 2993449.4 ], [ 4179207.8, 2993481.5 ], [ 4179026.8, 2993582.5 ], [ 4178818.4, 2993726.2 ], [ 4178789.9, 2993705.0 ], [ 4178749.7, 2993689.3 ], [ 4178696.2, 2993716.7 ], [ 4178570.1, 2993690.9 ], [ 4178921.0, 2993234.9 ], [ 4178966.6, 2993274.4 ], [ 4178984.3, 2993276.6 ], [ 4179061.6, 2993201.8 ], [ 4179121.5, 2993249.1 ], [ 4179138.4, 2993248.6 ], [ 4179154.7, 2993235.4 ], [ 4179185.2, 2993297.1 ], [ 4179200.0, 2993299.1 ], [ 4179212.7, 2993291.2 ], [ 4179272.3, 2993212.0 ], [ 4179238.8, 2993119.6 ], [ 4179324.7, 2993052.3 ], [ 4179333.1, 2993035.8 ], [ 4179322.8, 2993016.4 ], [ 4179223.9, 2992975.5 ], [ 4179233.1, 2992945.8 ], [ 4179223.6, 2992913.1 ], [ 4179212.9, 2992903.5 ], [ 4179238.0, 2992874.0 ], [ 4179234.6, 2992850.8 ], [ 4179218.2, 2992842.1 ], [ 4179203.4, 2992844.7 ], [ 4179172.0, 2992889.0 ], [ 4179036.3, 2992849.8 ], [ 4178919.8, 2992852.5 ], [ 4178906.6, 2992808.4 ], [ 4178893.5, 2992796.9 ], [ 4178837.5, 2992811.9 ], [ 4178822.2, 2992803.0 ], [ 4178805.2, 2992808.3 ], [ 4178767.6, 2992699.0 ], [ 4178746.7, 2992686.1 ], [ 4178730.5, 2992694.1 ], [ 4178720.3, 2992718.5 ], [ 4178653.1, 2992692.9 ], [ 4178633.3, 2992698.8 ], [ 4178584.5, 2992852.0 ], [ 4178043.9, 2992499.7 ], [ 4178267.0, 2992277.6 ], [ 4178244.0, 2992210.4 ], [ 4178227.9, 2992201.9 ], [ 4178210.8, 2992208.0 ], [ 4178189.8, 2992170.2 ], [ 4178171.9, 2992156.4 ], [ 4178155.3, 2992159.6 ], [ 4178102.9, 2992200.9 ], [ 4178044.3, 2992182.8 ], [ 4177968.1, 2992212.6 ], [ 4177931.5, 2992200.2 ], [ 4177888.2, 2992199.5 ], [ 4177811.8, 2992286.7 ], [ 4177657.5, 2992390.8 ], [ 4177633.2, 2992400.2 ], [ 4177524.0, 2992329.9 ], [ 4177518.9, 2992301.9 ], [ 4177484.4, 2992246.3 ], [ 4177564.5, 2992244.4 ], [ 4177601.2, 2992204.8 ], [ 4177606.8, 2992153.8 ], [ 4177696.2, 2992190.1 ], [ 4177718.4, 2992182.2 ], [ 4177724.4, 2992100.7 ], [ 4177719.4, 2992086.6 ], [ 4177702.7, 2992078.5 ], [ 4177624.6, 2992089.7 ], [ 4177622.1, 2992072.9 ], [ 4177603.6, 2992054.5 ], [ 4177650.5, 2992023.2 ], [ 4177734.2, 2992003.1 ], [ 4177762.6, 2991964.7 ], [ 4177748.4, 2991940.9 ], [ 4177730.4, 2991942.2 ], [ 4177700.1, 2991965.6 ], [ 4177654.0, 2991975.5 ], [ 4177618.5, 2991975.1 ], [ 4177571.8, 2991947.9 ], [ 4177533.1, 2991950.2 ], [ 4177522.1, 2991959.6 ], [ 4177507.6, 2992000.0 ], [ 4177477.8, 2992021.9 ], [ 4177407.3, 2992010.7 ], [ 4177384.6, 2992017.4 ], [ 4177304.9, 2991992.1 ], [ 4177264.2, 2992027.0 ], [ 4177198.0, 2992127.9 ], [ 4177166.2, 2992096.6 ], [ 4177146.6, 2992093.5 ], [ 4177129.6, 2992106.4 ], [ 4177131.8, 2992130.8 ], [ 4177105.5, 2992160.7 ], [ 4176944.1, 2992100.0 ], [ 4176954.6, 2992064.7 ], [ 4176944.2, 2992046.3 ], [ 4176908.9, 2992045.5 ], [ 4176813.3, 2992013.0 ], [ 4176845.6, 2991902.6 ], [ 4176839.3, 2991884.0 ], [ 4176385.2, 2991559.4 ], [ 4176383.9, 2991542.9 ], [ 4176367.7, 2991527.9 ], [ 4176354.3, 2991498.5 ], [ 4176431.4, 2991351.1 ], [ 4176429.7, 2991332.6 ], [ 4176346.8, 2991218.8 ], [ 4176237.0, 2991184.4 ], [ 4176097.0, 2991174.2 ], [ 4176029.5, 2991068.3 ], [ 4176056.1, 2991040.2 ], [ 4176107.3, 2991006.7 ], [ 4176129.9, 2990962.9 ], [ 4176120.5, 2990948.2 ], [ 4176099.6, 2990944.8 ], [ 4176076.3, 2990913.4 ], [ 4176033.9, 2990898.0 ], [ 4176016.8, 2990908.9 ], [ 4175996.6, 2990952.7 ], [ 4175999.7, 2990970.1 ], [ 4176016.1, 2990980.4 ], [ 4175956.1, 2991046.4 ], [ 4175899.6, 2991041.8 ], [ 4175886.3, 2991047.7 ], [ 4175854.8, 2991134.6 ], [ 4175564.7, 2991089.1 ], [ 4175519.0, 2991110.5 ], [ 4175441.8, 2991164.3 ], [ 4175224.8, 2991476.9 ], [ 4175161.3, 2991595.9 ], [ 4175127.6, 2991680.7 ], [ 4175138.9, 2991704.6 ], [ 4175182.1, 2991709.0 ], [ 4175211.4, 2991724.5 ], [ 4175232.9, 2991706.8 ], [ 4175485.5, 2991873.8 ], [ 4175429.9, 2991975.3 ], [ 4175387.0, 2991951.8 ], [ 4175365.0, 2991964.1 ], [ 4175349.1, 2991997.7 ], [ 4175350.1, 2992012.6 ], [ 4175394.2, 2992040.5 ], [ 4175358.9, 2992105.0 ], [ 4175067.4, 2991886.6 ], [ 4175043.8, 2991893.7 ], [ 4175038.8, 2991907.5 ], [ 4175046.9, 2991934.8 ], [ 4174982.8, 2992007.5 ], [ 4174979.7, 2992045.0 ], [ 4174998.5, 2992065.7 ], [ 4174993.6, 2992098.6 ], [ 4175006.8, 2992113.7 ], [ 4175030.4, 2992116.6 ], [ 4175043.9, 2992105.9 ], [ 4175047.6, 2992039.3 ], [ 4175088.7, 2992072.0 ], [ 4175121.7, 2992059.8 ], [ 4175116.5, 2992148.9 ], [ 4175122.2, 2992161.6 ], [ 4175161.3, 2992192.5 ], [ 4175154.5, 2992266.7 ], [ 4175085.9, 2992238.3 ], [ 4175068.7, 2992238.4 ], [ 4175012.4, 2992312.9 ], [ 4175008.9, 2992330.7 ], [ 4175254.2, 2992527.9 ], [ 4175244.2, 2992643.0 ], [ 4174948.5, 2992428.2 ], [ 4174924.9, 2992434.7 ], [ 4174873.2, 2992502.5 ], [ 4174797.7, 2992442.0 ], [ 4174843.3, 2992376.3 ], [ 4174832.9, 2992350.9 ], [ 4174808.6, 2992352.9 ], [ 4174758.9, 2992407.4 ], [ 4174711.5, 2992371.7 ], [ 4174778.3, 2992296.6 ], [ 4174828.7, 2992335.4 ], [ 4174845.5, 2992339.3 ], [ 4174913.0, 2992267.5 ], [ 4174905.9, 2992248.6 ], [ 4174798.4, 2992161.6 ], [ 4174823.0, 2992133.0 ], [ 4174851.9, 2992127.4 ], [ 4174868.0, 2992113.1 ], [ 4174874.6, 2992099.8 ], [ 4174868.9, 2992082.3 ], [ 4174730.9, 2992053.9 ], [ 4174714.2, 2992065.3 ], [ 4174575.8, 2992304.5 ], [ 4174270.6, 2992769.8 ], [ 4174261.2, 2992802.5 ], [ 4174256.4, 2992931.0 ], [ 4174267.0, 2993026.4 ], [ 4174237.4, 2993115.8 ], [ 4174230.8, 2993177.7 ], [ 4174243.8, 2993198.4 ], [ 4174288.0, 2993203.4 ], [ 4174289.5, 2993237.2 ], [ 4174249.7, 2993264.8 ], [ 4174247.4, 2993288.4 ], [ 4174308.1, 2993405.0 ], [ 4174336.4, 2993414.3 ], [ 4174479.5, 2993509.6 ], [ 4174669.2, 2993488.3 ], [ 4174679.5, 2993518.7 ], [ 4174645.8, 2993545.9 ], [ 4174634.6, 2993591.3 ], [ 4174653.7, 2993640.6 ], [ 4174696.8, 2993663.7 ], [ 4174697.6, 2993791.3 ], [ 4174637.3, 2993736.8 ], [ 4174602.3, 2993725.3 ], [ 4174528.9, 2993766.4 ], [ 4174484.3, 2993704.9 ], [ 4174435.1, 2993677.8 ], [ 4174414.3, 2993681.2 ], [ 4174403.9, 2993704.2 ], [ 4174405.0, 2993746.9 ], [ 4174397.3, 2993761.8 ], [ 4174347.4, 2993802.0 ], [ 4174306.0, 2993817.6 ], [ 4174231.5, 2993889.9 ], [ 4174243.5, 2993914.9 ], [ 4174308.7, 2993932.3 ], [ 4174343.4, 2994056.5 ], [ 4174206.6, 2994088.5 ], [ 4174068.4, 2994292.2 ], [ 4174028.7, 2994330.9 ], [ 4174000.2, 2994390.9 ], [ 4173964.1, 2994413.6 ], [ 4173953.9, 2994307.6 ], [ 4174001.9, 2994235.1 ], [ 4174049.8, 2994195.9 ], [ 4174055.1, 2994178.9 ], [ 4174039.4, 2994160.4 ], [ 4173954.7, 2994135.9 ], [ 4173937.4, 2994141.4 ], [ 4173901.1, 2994199.9 ], [ 4173873.4, 2994218.0 ], [ 4173866.1, 2994235.4 ], [ 4173869.1, 2994279.1 ], [ 4173893.0, 2994306.9 ], [ 4173903.1, 2994379.8 ], [ 4173929.2, 2994431.4 ], [ 4173897.8, 2994413.1 ], [ 4173879.4, 2994372.5 ], [ 4173858.7, 2994367.0 ], [ 4173833.2, 2994379.1 ], [ 4173818.4, 2994406.4 ], [ 4173775.1, 2994448.8 ], [ 4173761.0, 2994479.9 ], [ 4173768.3, 2994498.8 ], [ 4173821.5, 2994530.0 ], [ 4173863.5, 2994517.8 ], [ 4173870.8, 2994489.0 ], [ 4173891.0, 2994519.2 ], [ 4173870.5, 2994614.4 ], [ 4173807.2, 2994619.4 ], [ 4173793.8, 2994651.0 ], [ 4173602.6, 2994856.6 ], [ 4172956.8, 2994545.9 ], [ 4172535.3, 2994823.9 ], [ 4172490.7, 2994876.4 ], [ 4172337.7, 2995102.0 ], [ 4171942.7, 2995552.8 ], [ 4171832.8, 2995794.7 ], [ 4171848.5, 2995817.1 ], [ 4171921.5, 2995818.6 ], [ 4171912.1, 2995830.9 ], [ 4171710.4, 2996028.6 ], [ 4171716.1, 2995984.6 ], [ 4171742.1, 2995915.0 ], [ 4171737.4, 2995900.8 ], [ 4171724.8, 2995892.9 ], [ 4171706.9, 2995896.7 ], [ 4171575.7, 2995997.2 ], [ 4171572.7, 2996014.7 ], [ 4171587.0, 2996030.2 ], [ 4171601.4, 2996030.1 ], [ 4171642.0, 2996007.9 ], [ 4171658.4, 2996028.5 ], [ 4171518.9, 2996115.2 ], [ 4171505.8, 2996150.9 ], [ 4171477.1, 2996185.1 ], [ 4171489.9, 2996234.1 ], [ 4171576.7, 2996384.6 ], [ 4171473.2, 2996667.1 ], [ 4171375.3, 2996617.1 ], [ 4171426.3, 2996448.8 ], [ 4171447.2, 2996326.6 ], [ 4171441.7, 2996311.5 ], [ 4171399.3, 2996271.1 ], [ 4171380.1, 2996277.0 ], [ 4171286.4, 2996367.3 ], [ 4171255.3, 2996425.6 ], [ 4171065.5, 2996652.2 ], [ 4171049.5, 2996652.9 ], [ 4170955.2, 2996601.2 ], [ 4170941.6, 2996605.5 ], [ 4170911.5, 2996637.0 ], [ 4170817.5, 2996628.7 ], [ 4170785.1, 2996658.6 ], [ 4170739.4, 2996666.8 ], [ 4170606.0, 2996583.6 ], [ 4170581.8, 2996484.6 ], [ 4170539.5, 2996419.6 ], [ 4170556.3, 2996358.2 ], [ 4170580.1, 2996366.9 ], [ 4170590.9, 2996395.5 ], [ 4170614.5, 2996398.0 ], [ 4170630.1, 2996384.6 ], [ 4170626.1, 2996353.8 ], [ 4170634.3, 2996337.1 ], [ 4170650.0, 2996328.1 ], [ 4170728.8, 2996331.8 ], [ 4170781.0, 2996325.8 ], [ 4170796.4, 2996319.2 ], [ 4170803.3, 2996302.0 ], [ 4170797.5, 2996288.2 ], [ 4170784.1, 2996281.3 ], [ 4170714.3, 2996272.5 ], [ 4170676.9, 2996281.0 ], [ 4170626.2, 2996252.8 ], [ 4170620.6, 2996217.3 ], [ 4170606.6, 2996205.8 ], [ 4170547.0, 2996209.2 ], [ 4170525.9, 2996218.7 ], [ 4170508.5, 2996243.9 ], [ 4170512.8, 2996263.2 ], [ 4170498.8, 2996294.0 ], [ 4170503.6, 2996320.9 ], [ 4170480.9, 2996350.3 ], [ 4170445.8, 2996334.1 ], [ 4170400.0, 2996353.5 ], [ 4170369.4, 2996340.9 ], [ 4170291.9, 2996356.9 ], [ 4170223.1, 2996356.3 ], [ 4170179.8, 2996368.1 ], [ 4170130.7, 2996395.9 ], [ 4170084.1, 2996382.0 ], [ 4169958.2, 2996422.2 ], [ 4169873.9, 2996405.9 ], [ 4169860.1, 2996382.8 ], [ 4169822.1, 2996379.3 ], [ 4169790.6, 2996360.0 ], [ 4169790.7, 2996345.7 ], [ 4169890.0, 2996281.7 ], [ 4169933.6, 2996234.6 ], [ 4169990.6, 2996145.2 ], [ 4170024.5, 2996110.8 ], [ 4170024.0, 2996092.4 ], [ 4170006.6, 2996072.4 ], [ 4170031.4, 2996050.3 ], [ 4170035.8, 2996031.0 ], [ 4170028.6, 2996010.2 ], [ 4170016.4, 2996002.2 ], [ 4169943.0, 2996008.1 ], [ 4169864.6, 2995988.3 ], [ 4169894.8, 2995960.7 ], [ 4169889.8, 2995942.9 ], [ 4169873.0, 2995935.3 ], [ 4169610.7, 2996017.9 ], [ 4169584.5, 2996016.7 ], [ 4169562.3, 2996039.2 ], [ 4169426.1, 2996114.9 ], [ 4169368.8, 2996118.1 ], [ 4169361.0, 2996141.5 ], [ 4169393.8, 2996190.4 ], [ 4169387.7, 2996210.4 ], [ 4169372.3, 2996214.6 ], [ 4169364.0, 2996226.7 ], [ 4169356.8, 2996303.1 ], [ 4169303.6, 2996297.7 ], [ 4169278.3, 2996323.3 ], [ 4169248.8, 2996335.4 ], [ 4169221.9, 2996324.1 ], [ 4169196.1, 2996328.0 ], [ 4169161.0, 2996320.5 ], [ 4169110.0, 2996333.2 ], [ 4169098.6, 2996355.0 ], [ 4169073.2, 2996370.4 ], [ 4169062.9, 2996396.9 ], [ 4169066.7, 2996426.2 ], [ 4169084.9, 2996439.2 ], [ 4169119.2, 2996603.2 ], [ 4169115.2, 2996692.5 ], [ 4169081.2, 2996724.6 ], [ 4169035.2, 2996740.0 ], [ 4168972.5, 2996744.2 ], [ 4168873.0, 2996777.9 ], [ 4168843.5, 2996754.8 ], [ 4168772.3, 2996650.8 ], [ 4168748.1, 2996656.9 ], [ 4168734.4, 2996688.4 ], [ 4168681.5, 2996668.4 ], [ 4168658.6, 2996678.6 ], [ 4168633.0, 2996668.6 ], [ 4168551.9, 2996768.3 ], [ 4168526.1, 2996826.1 ], [ 4168467.0, 2996885.8 ], [ 4168428.7, 2996857.7 ], [ 4168368.4, 2996748.7 ], [ 4168334.1, 2996716.6 ], [ 4168315.8, 2996682.9 ], [ 4168312.8, 2996655.3 ], [ 4168325.4, 2996611.7 ], [ 4168323.5, 2996585.4 ], [ 4168300.9, 2996540.8 ], [ 4168253.2, 2996483.9 ], [ 4168243.8, 2996462.2 ], [ 4168270.4, 2996330.9 ], [ 4168387.1, 2996183.9 ], [ 4168472.5, 2996136.4 ], [ 4168593.7, 2996351.2 ], [ 4168705.2, 2996372.2 ], [ 4168722.0, 2996367.9 ], [ 4168730.6, 2996349.3 ], [ 4168723.2, 2996236.5 ], [ 4168739.8, 2996170.2 ], [ 4168716.5, 2996080.8 ], [ 4168658.2, 2995963.5 ], [ 4168850.8, 2995945.7 ], [ 4168858.5, 2995930.4 ], [ 4168853.7, 2995830.0 ], [ 4168865.9, 2995800.8 ], [ 4168981.7, 2995792.9 ], [ 4169106.4, 2995809.6 ], [ 4169126.1, 2995804.8 ], [ 4169134.2, 2995792.8 ], [ 4169131.4, 2995775.1 ], [ 4169101.3, 2995760.1 ], [ 4169087.8, 2995732.9 ], [ 4169073.5, 2995725.7 ], [ 4169053.4, 2995678.4 ], [ 4169054.3, 2995632.3 ], [ 4169061.0, 2995626.2 ], [ 4169084.1, 2995687.7 ], [ 4169109.2, 2995712.8 ], [ 4169140.9, 2995712.4 ], [ 4169160.5, 2995727.0 ], [ 4169190.5, 2995714.2 ], [ 4169202.0, 2995731.2 ], [ 4169219.1, 2995735.4 ], [ 4169240.5, 2995728.8 ], [ 4169248.3, 2995708.7 ], [ 4169235.2, 2995691.6 ], [ 4169210.2, 2995686.2 ], [ 4169195.7, 2995693.1 ], [ 4169190.7, 2995684.1 ], [ 4169218.8, 2995657.9 ], [ 4169207.1, 2995618.1 ], [ 4169159.1, 2995596.9 ], [ 4169079.3, 2995602.8 ], [ 4169065.2, 2995611.4 ], [ 4169045.2, 2995589.3 ], [ 4169052.9, 2995564.4 ], [ 4169045.5, 2995547.9 ], [ 4168964.0, 2995526.5 ], [ 4168839.6, 2995542.3 ], [ 4168829.0, 2995504.8 ], [ 4168813.9, 2995495.1 ], [ 4168623.5, 2995531.1 ], [ 4168530.8, 2995539.7 ], [ 4168528.9, 2995390.1 ], [ 4168531.0, 2995384.2 ], [ 4168574.3, 2995385.5 ], [ 4168589.3, 2995377.2 ], [ 4168594.6, 2995346.0 ], [ 4168575.5, 2995331.8 ], [ 4168532.8, 2995347.5 ], [ 4168522.5, 2995362.0 ], [ 4168508.9, 2995357.6 ], [ 4168486.8, 2995364.8 ], [ 4168441.0, 2995392.4 ], [ 4168266.5, 2995417.5 ], [ 4168163.2, 2995470.8 ], [ 4168141.7, 2995471.6 ], [ 4167996.0, 2995432.9 ], [ 4167906.6, 2995482.0 ], [ 4167885.6, 2995479.5 ], [ 4167881.2, 2995467.7 ], [ 4167887.2, 2995455.6 ], [ 4167929.9, 2995437.8 ], [ 4167988.2, 2995376.8 ], [ 4168083.1, 2995348.1 ], [ 4168137.3, 2995315.3 ], [ 4168171.5, 2995265.7 ], [ 4168168.1, 2995248.4 ], [ 4168149.5, 2995238.9 ], [ 4168070.5, 2995273.8 ], [ 4167983.9, 2995271.2 ], [ 4167887.9, 2995300.8 ], [ 4167834.9, 2995297.3 ], [ 4167699.1, 2995268.5 ], [ 4167648.5, 2995271.6 ], [ 4167561.4, 2995305.9 ], [ 4167493.6, 2995287.4 ], [ 4167416.8, 2995289.7 ], [ 4167382.9, 2995308.1 ], [ 4167354.1, 2995342.2 ], [ 4167197.3, 2995379.5 ], [ 4167182.7, 2995390.0 ], [ 4167186.5, 2995417.1 ], [ 4167272.3, 2995488.6 ], [ 4167274.4, 2995503.4 ], [ 4167256.0, 2995523.1 ], [ 4167106.0, 2995486.4 ], [ 4167070.1, 2995494.5 ], [ 4166972.7, 2995542.1 ], [ 4166951.2, 2995619.9 ], [ 4166935.3, 2995629.0 ], [ 4166931.8, 2995647.0 ], [ 4167010.1, 2995722.6 ], [ 4167014.8, 2995871.0 ], [ 4167078.8, 2996046.2 ], [ 4167176.9, 2996161.2 ], [ 4167194.6, 2996227.2 ], [ 4167187.7, 2996303.3 ], [ 4167202.0, 2996331.9 ], [ 4167233.7, 2996333.6 ], [ 4167264.9, 2996447.0 ], [ 4167274.9, 2996456.3 ], [ 4167291.9, 2996456.9 ], [ 4167341.4, 2996501.5 ], [ 4167367.3, 2996512.4 ], [ 4167461.6, 2996645.7 ], [ 4167502.9, 2996686.0 ], [ 4167487.9, 2996704.3 ], [ 4167490.3, 2996722.3 ], [ 4167535.8, 2996768.3 ], [ 4167604.5, 2996815.8 ], [ 4167617.1, 2996864.9 ], [ 4167634.6, 2996870.3 ], [ 4167659.3, 2996863.1 ], [ 4167675.1, 2996901.5 ], [ 4167717.5, 2996956.1 ], [ 4167724.3, 2997067.5 ], [ 4167842.4, 2997277.9 ], [ 4167854.5, 2997331.9 ], [ 4167922.6, 2997371.3 ], [ 4167940.1, 2997389.0 ], [ 4167992.6, 2997461.3 ], [ 4167984.4, 2997498.9 ], [ 4167991.0, 2997515.5 ], [ 4168152.1, 2997671.6 ], [ 4168192.0, 2997697.4 ], [ 4168214.5, 2997693.4 ], [ 4168265.9, 2997630.7 ], [ 4168269.6, 2997585.2 ], [ 4168303.2, 2997619.1 ], [ 4168303.4, 2997633.4 ], [ 4168270.7, 2997702.2 ], [ 4168293.5, 2997748.9 ], [ 4168293.0, 2997804.1 ], [ 4168321.6, 2997843.4 ], [ 4168320.6, 2997864.6 ], [ 4168302.2, 2997905.5 ], [ 4168293.0, 2997987.4 ], [ 4168298.9, 2998004.7 ], [ 4168288.5, 2998045.7 ], [ 4168296.9, 2998065.4 ], [ 4168285.6, 2998141.6 ], [ 4168300.8, 2998187.2 ], [ 4168370.4, 2998291.8 ], [ 4168436.9, 2998369.7 ], [ 4168538.5, 2998451.0 ], [ 4168580.9, 2998466.8 ], [ 4168694.2, 2998538.0 ], [ 4168731.7, 2998589.9 ], [ 4168711.6, 2998626.9 ], [ 4168733.2, 2998650.7 ], [ 4168707.4, 2998685.1 ], [ 4168679.6, 2998675.0 ], [ 4168661.0, 2998683.2 ], [ 4168583.5, 2998834.8 ], [ 4168585.9, 2998896.6 ], [ 4168635.5, 2998970.3 ], [ 4168659.5, 2998971.8 ], [ 4168693.0, 2998933.3 ], [ 4168689.6, 2998915.5 ], [ 4168661.2, 2998891.8 ], [ 4168660.5, 2998875.6 ], [ 4168672.9, 2998863.0 ], [ 4168736.1, 2998840.9 ], [ 4168748.9, 2998870.4 ], [ 4168784.8, 2998874.8 ], [ 4168803.3, 2998900.8 ], [ 4168782.3, 2998945.1 ], [ 4168796.1, 2998962.0 ], [ 4168814.5, 2998960.8 ], [ 4168942.0, 2998858.8 ], [ 4168945.4, 2998845.1 ], [ 4168936.8, 2998826.8 ], [ 4168984.8, 2998747.4 ], [ 4168988.2, 2998725.4 ], [ 4169038.1, 2998682.0 ], [ 4169072.4, 2998673.6 ], [ 4169128.1, 2998681.3 ], [ 4169213.9, 2998706.0 ], [ 4169224.9, 2998748.9 ], [ 4169214.6, 2998786.6 ], [ 4169228.4, 2998838.5 ], [ 4169243.9, 2998852.5 ], [ 4169261.3, 2998849.5 ], [ 4169237.3, 2998933.7 ], [ 4169209.1, 2998962.3 ], [ 4169221.1, 2999032.8 ], [ 4169265.9, 2999047.2 ], [ 4169322.1, 2999024.5 ], [ 4169364.9, 2999029.9 ], [ 4169387.1, 2999057.6 ], [ 4169439.3, 2999158.8 ], [ 4169467.6, 2999195.7 ], [ 4169514.0, 2999230.6 ], [ 4169600.2, 2999242.9 ], [ 4169684.8, 2999219.3 ], [ 4169726.3, 2999234.5 ], [ 4169787.7, 2999296.8 ], [ 4169817.2, 2999360.0 ], [ 4169862.0, 2999397.2 ], [ 4169900.8, 2999414.7 ], [ 4170012.7, 2999428.4 ], [ 4170038.9, 2999445.1 ], [ 4170044.4, 2999470.0 ], [ 4170033.3, 2999540.6 ], [ 4170037.9, 2999561.6 ], [ 4170050.9, 2999574.8 ], [ 4170124.8, 2999591.5 ], [ 4170231.1, 2999579.5 ], [ 4170559.0, 2999595.8 ], [ 4170606.5, 2999586.9 ], [ 4170684.9, 2999549.1 ], [ 4170809.2, 2999519.6 ], [ 4170849.3, 2999529.3 ], [ 4170903.0, 2999563.9 ], [ 4170926.5, 2999599.0 ], [ 4170945.1, 2999666.4 ], [ 4170974.7, 2999690.7 ], [ 4171026.5, 2999696.9 ], [ 4171146.8, 2999671.2 ], [ 4171168.2, 2999693.4 ], [ 4171169.0, 2999709.6 ], [ 4171138.3, 2999757.1 ], [ 4171131.4, 2999797.9 ], [ 4171194.7, 3000054.8 ], [ 4171198.9, 3000111.9 ], [ 4171217.1, 3000146.4 ], [ 4171276.5, 3000202.6 ], [ 4171315.7, 3000216.5 ], [ 4171350.7, 3000207.1 ], [ 4171355.3, 3000193.0 ], [ 4171347.9, 3000170.8 ], [ 4171417.0, 3000135.6 ], [ 4171481.7, 3000127.5 ], [ 4171493.2, 3000144.3 ], [ 4171538.7, 3000157.7 ], [ 4171531.7, 3000192.5 ], [ 4171516.9, 3000212.3 ], [ 4171534.9, 3000296.9 ], [ 4171539.8, 3000417.8 ], [ 4171553.9, 3000434.0 ], [ 4171575.8, 3000430.5 ], [ 4171606.9, 3000487.2 ], [ 4171600.8, 3000547.4 ], [ 4171583.5, 3000593.8 ], [ 4171591.1, 3000634.3 ], [ 4171611.5, 3000640.1 ], [ 4171694.0, 3000615.3 ], [ 4171806.5, 3000640.6 ], [ 4171940.9, 3000740.0 ], [ 4172023.6, 3000778.3 ], [ 4172157.7, 3000718.3 ], [ 4172210.7, 3000712.5 ], [ 4172264.9, 3000721.0 ], [ 4172306.7, 3000737.3 ], [ 4172432.2, 3000837.6 ], [ 4172538.4, 3000860.9 ], [ 4172555.8, 3000877.7 ], [ 4172570.9, 3000942.2 ], [ 4172568.1, 3000963.9 ], [ 4172528.9, 3001038.7 ], [ 4172528.3, 3001065.3 ], [ 4172536.3, 3001080.3 ], [ 4172566.7, 3001105.1 ], [ 4172667.3, 3001073.5 ], [ 4172859.0, 3001086.5 ], [ 4172916.7, 3001156.5 ], [ 4172909.3, 3001169.6 ], [ 4172912.1, 3001184.3 ], [ 4172935.2, 3001205.3 ], [ 4172982.8, 3001281.7 ], [ 4173036.6, 3001347.2 ], [ 4173088.1, 3001569.4 ], [ 4173098.4, 3001592.9 ], [ 4173116.4, 3001608.3 ], [ 4173149.5, 3001605.6 ], [ 4173326.2, 3001512.3 ], [ 4173337.2, 3001486.8 ], [ 4173424.9, 3001442.2 ], [ 4173448.7, 3001445.6 ], [ 4173491.9, 3001412.4 ], [ 4173538.3, 3001403.1 ], [ 4173549.1, 3001386.0 ], [ 4173574.3, 3001396.5 ], [ 4173600.5, 3001421.4 ], [ 4173585.0, 3001483.3 ], [ 4173558.9, 3001529.4 ], [ 4173559.6, 3001546.5 ], [ 4173624.4, 3001606.5 ], [ 4173658.4, 3001623.4 ], [ 4173708.2, 3001626.5 ], [ 4173749.9, 3001700.0 ], [ 4173775.6, 3001795.5 ], [ 4173759.2, 3001813.8 ], [ 4173770.2, 3001855.7 ], [ 4173821.0, 3001958.7 ], [ 4173867.8, 3002003.6 ], [ 4173889.3, 3002004.7 ], [ 4173912.8, 3001994.1 ], [ 4173934.1, 3001974.5 ], [ 4173943.3, 3001953.0 ], [ 4173939.8, 3001906.9 ], [ 4173917.0, 3001817.5 ], [ 4173883.4, 3001745.0 ], [ 4173881.9, 3001720.9 ], [ 4173896.1, 3001703.2 ], [ 4173939.5, 3001691.8 ], [ 4173981.1, 3001699.0 ], [ 4174107.9, 3001776.5 ], [ 4174130.7, 3001782.9 ], [ 4174221.5, 3001746.3 ], [ 4174316.9, 3001689.4 ], [ 4174362.5, 3001684.2 ], [ 4174397.3, 3001702.6 ], [ 4174462.5, 3001756.3 ], [ 4174542.3, 3001798.4 ], [ 4174617.1, 3001868.8 ], [ 4174701.4, 3002074.4 ], [ 4174741.0, 3002106.5 ], [ 4174793.6, 3002126.3 ], [ 4174942.6, 3001989.6 ], [ 4175080.7, 3001922.5 ], [ 4175121.3, 3001910.3 ], [ 4175127.6, 3001886.6 ], [ 4175105.3, 3001862.9 ], [ 4175111.4, 3001842.8 ], [ 4175142.6, 3001807.7 ], [ 4175147.5, 3001777.5 ], [ 4175244.3, 3001688.1 ] ], [ [ 4173692.0, 3001425.3 ], [ 4173707.7, 3001410.4 ], [ 4173726.4, 3001431.6 ], [ 4173710.8, 3001445.0 ], [ 4173692.0, 3001425.3 ] ], [ [ 4176176.2, 3000629.8 ], [ 4176226.0, 3000601.0 ], [ 4176276.6, 3000597.5 ], [ 4176297.1, 3000608.3 ], [ 4176285.3, 3000642.6 ], [ 4176207.3, 3000671.4 ], [ 4176134.5, 3000667.6 ], [ 4176176.2, 3000629.8 ] ], [ [ 4176403.7, 3000496.2 ], [ 4176289.7, 3000430.4 ], [ 4176277.5, 3000377.3 ], [ 4176180.5, 3000332.3 ], [ 4176224.1, 3000278.4 ], [ 4176234.5, 3000212.8 ], [ 4176293.2, 3000236.3 ], [ 4176318.5, 3000237.4 ], [ 4176330.8, 3000229.7 ], [ 4176347.2, 3000122.4 ], [ 4176392.8, 3000122.2 ], [ 4176407.3, 3000107.3 ], [ 4176404.9, 3000089.9 ], [ 4176368.5, 3000050.4 ], [ 4176380.4, 3000036.6 ], [ 4176415.5, 3000021.0 ], [ 4176434.5, 2999984.5 ], [ 4176419.7, 2999956.7 ], [ 4176329.0, 2999880.0 ], [ 4176319.8, 2999846.0 ], [ 4176292.7, 2999811.2 ], [ 4176313.4, 2999776.2 ], [ 4176308.0, 2999755.3 ], [ 4176273.5, 2999736.9 ], [ 4176236.5, 2999695.6 ], [ 4176169.7, 2999656.6 ], [ 4176137.2, 2999627.5 ], [ 4176147.8, 2999616.1 ], [ 4176295.7, 2999724.8 ], [ 4176416.8, 2999761.2 ], [ 4176554.5, 2999844.1 ], [ 4176593.7, 2999885.5 ], [ 4176607.9, 2999883.9 ], [ 4176624.9, 2999868.2 ], [ 4176692.2, 2999750.5 ], [ 4176718.3, 2999778.0 ], [ 4176736.6, 2999785.2 ], [ 4176811.7, 2999741.3 ], [ 4176840.7, 2999740.9 ], [ 4176863.6, 2999794.7 ], [ 4176840.8, 2999796.0 ], [ 4176788.2, 2999822.7 ], [ 4176773.3, 2999817.2 ], [ 4176759.4, 2999821.8 ], [ 4176672.3, 2999959.7 ], [ 4176685.3, 2999981.1 ], [ 4176707.0, 2999978.9 ], [ 4176741.4, 3000083.1 ], [ 4176757.2, 3000091.8 ], [ 4176780.8, 3000084.0 ], [ 4176800.1, 3000132.2 ], [ 4176696.3, 3000103.4 ], [ 4176678.8, 3000058.8 ], [ 4176665.8, 3000051.3 ], [ 4176650.9, 3000053.9 ], [ 4176593.9, 3000092.7 ], [ 4176573.3, 3000130.4 ], [ 4176536.6, 3000265.3 ], [ 4176552.9, 3000350.7 ], [ 4176523.0, 3000361.9 ], [ 4176493.1, 3000305.1 ], [ 4176481.1, 3000297.1 ], [ 4176460.5, 3000302.3 ], [ 4176447.4, 3000333.0 ], [ 4176386.0, 3000302.4 ], [ 4176368.4, 3000301.6 ], [ 4176344.1, 3000327.6 ], [ 4176345.9, 3000347.7 ], [ 4176444.4, 3000407.9 ], [ 4176403.7, 3000475.1 ], [ 4176403.7, 3000496.2 ] ], [ [ 4176821.0, 3000154.2 ], [ 4176846.6, 3000129.6 ], [ 4176859.8, 3000067.0 ], [ 4176844.5, 3000016.7 ], [ 4176912.0, 3000100.1 ], [ 4176883.8, 3000121.3 ], [ 4176860.1, 3000169.8 ], [ 4176858.5, 3000184.8 ], [ 4176866.9, 3000197.3 ], [ 4176862.2, 3000224.2 ], [ 4176832.6, 3000204.8 ], [ 4176821.0, 3000154.2 ] ], [ [ 4176956.9, 3000040.9 ], [ 4176879.7, 2999971.4 ], [ 4176859.8, 2999871.1 ], [ 4176879.1, 2999860.4 ], [ 4176912.9, 2999886.3 ], [ 4176962.7, 2999958.0 ], [ 4177017.0, 3000017.0 ], [ 4176973.9, 3000008.6 ], [ 4176961.1, 3000020.2 ], [ 4176956.9, 3000040.9 ] ], [ [ 4173364.1, 2999707.6 ], [ 4173347.8, 2999711.6 ], [ 4173347.0, 2999706.3 ], [ 4173365.5, 2999676.8 ], [ 4173383.5, 2999663.6 ], [ 4173383.1, 2999689.1 ], [ 4173364.1, 2999707.6 ] ], [ [ 4175825.4, 2999852.5 ], [ 4175771.4, 2999851.5 ], [ 4175741.9, 2999841.6 ], [ 4175716.8, 2999819.0 ], [ 4175750.2, 2999780.5 ], [ 4175763.8, 2999734.8 ], [ 4175781.6, 2999740.8 ], [ 4175799.1, 2999798.6 ], [ 4175799.7, 2999832.6 ], [ 4175825.4, 2999852.5 ] ], [ [ 4175464.1, 3000015.9 ], [ 4175535.7, 3000122.5 ], [ 4175549.8, 3000193.2 ], [ 4175537.3, 3000222.2 ], [ 4175503.8, 3000122.0 ], [ 4175484.7, 3000087.4 ], [ 4175435.1, 3000024.6 ], [ 4175418.0, 3000017.9 ], [ 4175422.2, 2999931.9 ], [ 4175442.3, 2999921.5 ], [ 4175464.1, 3000015.9 ] ], [ [ 4176467.0, 2999566.9 ], [ 4176433.4, 2999493.9 ], [ 4176426.4, 2999379.9 ], [ 4176566.4, 2999440.2 ], [ 4176617.0, 2999537.7 ], [ 4176467.0, 2999566.9 ] ], [ [ 4170461.2, 2999231.4 ], [ 4170494.6, 2999207.8 ], [ 4170497.0, 2999184.6 ], [ 4170641.9, 2999170.1 ], [ 4170652.7, 2999182.1 ], [ 4170533.2, 2999257.6 ], [ 4170482.1, 2999256.2 ], [ 4170457.1, 2999247.1 ], [ 4170461.2, 2999231.4 ] ], [ [ 4176752.9, 2998959.1 ], [ 4176788.5, 2998939.5 ], [ 4176805.4, 2998949.0 ], [ 4176806.9, 2998963.2 ], [ 4176784.5, 2998976.2 ], [ 4176761.5, 2998968.6 ], [ 4176752.9, 2998959.1 ] ], [ [ 4175038.4, 2998867.5 ], [ 4174878.9, 2998820.8 ], [ 4174833.8, 2998791.9 ], [ 4174819.6, 2998772.1 ], [ 4174733.6, 2998744.1 ], [ 4174699.3, 2998720.8 ], [ 4174686.0, 2998696.8 ], [ 4174643.0, 2998662.2 ], [ 4174632.1, 2998636.7 ], [ 4174610.6, 2998628.4 ], [ 4174553.6, 2998572.2 ], [ 4174520.1, 2998551.3 ], [ 4174452.4, 2998406.9 ], [ 4174419.6, 2998378.2 ], [ 4174355.4, 2998282.4 ], [ 4174357.5, 2998266.2 ], [ 4174338.4, 2998228.2 ], [ 4174330.8, 2998171.9 ], [ 4174316.0, 2998158.2 ], [ 4174278.0, 2997983.2 ], [ 4174273.5, 2997955.8 ], [ 4174280.8, 2997930.8 ], [ 4174219.1, 2997828.5 ], [ 4174169.4, 2997786.5 ], [ 4174089.8, 2997510.7 ], [ 4174125.2, 2997525.2 ], [ 4174135.5, 2997538.5 ], [ 4174170.3, 2997685.8 ], [ 4174168.6, 2997709.7 ], [ 4174214.6, 2997751.7 ], [ 4174301.4, 2997883.1 ], [ 4174321.0, 2997982.6 ], [ 4174334.7, 2998007.7 ], [ 4174320.7, 2998026.4 ], [ 4174320.6, 2998049.3 ], [ 4174346.1, 2998077.6 ], [ 4174375.2, 2998087.2 ], [ 4174403.2, 2998144.6 ], [ 4174408.1, 2998232.6 ], [ 4174401.7, 2998257.7 ], [ 4174411.0, 2998272.6 ], [ 4174415.6, 2998320.0 ], [ 4174446.2, 2998338.7 ], [ 4174465.0, 2998335.7 ], [ 4174511.3, 2998380.7 ], [ 4174517.2, 2998403.4 ], [ 4174540.6, 2998430.6 ], [ 4174536.8, 2998456.2 ], [ 4174563.0, 2998491.7 ], [ 4174568.9, 2998524.9 ], [ 4174602.9, 2998553.2 ], [ 4174607.6, 2998570.3 ], [ 4174650.2, 2998620.7 ], [ 4174692.5, 2998638.2 ], [ 4174722.0, 2998672.9 ], [ 4174757.0, 2998682.6 ], [ 4174848.8, 2998736.0 ], [ 4174867.4, 2998754.4 ], [ 4174905.5, 2998767.0 ], [ 4174924.8, 2998789.2 ], [ 4175011.4, 2998804.5 ], [ 4175042.6, 2998823.8 ], [ 4175071.4, 2998816.8 ], [ 4175088.1, 2998803.5 ], [ 4175123.4, 2998686.6 ], [ 4175137.5, 2998560.4 ], [ 4175164.6, 2998497.0 ], [ 4175193.1, 2998436.4 ], [ 4175212.8, 2998414.0 ], [ 4175283.6, 2998362.1 ], [ 4175352.2, 2998335.2 ], [ 4175372.2, 2998320.2 ], [ 4175512.6, 2998294.9 ], [ 4175535.3, 2998299.8 ], [ 4175566.5, 2998272.4 ], [ 4175603.0, 2998266.7 ], [ 4175645.7, 2998291.4 ], [ 4175657.0, 2998318.0 ], [ 4175690.3, 2998347.0 ], [ 4175721.2, 2998392.0 ], [ 4175597.0, 2998351.1 ], [ 4175469.9, 2998336.7 ], [ 4175400.8, 2998379.0 ], [ 4175313.4, 2998388.2 ], [ 4175271.7, 2998433.2 ], [ 4175235.6, 2998447.0 ], [ 4175211.0, 2998478.1 ], [ 4175220.8, 2998524.8 ], [ 4175213.8, 2998575.0 ], [ 4175198.5, 2998589.7 ], [ 4175193.0, 2998645.3 ], [ 4175153.2, 2998738.1 ], [ 4175152.1, 2998759.6 ], [ 4175131.9, 2998789.8 ], [ 4175089.7, 2998818.4 ], [ 4175098.5, 2998861.4 ], [ 4175093.6, 2998868.1 ], [ 4175038.4, 2998867.5 ] ], [ [ 4178735.5, 2998299.5 ], [ 4179003.4, 2998043.8 ], [ 4179151.3, 2998083.4 ], [ 4179082.1, 2998179.5 ], [ 4178961.7, 2998298.1 ], [ 4178965.3, 2998322.7 ], [ 4179022.5, 2998354.4 ], [ 4178989.4, 2998440.9 ], [ 4178879.5, 2998385.2 ], [ 4178827.4, 2998426.8 ], [ 4178705.2, 2998340.8 ], [ 4178735.5, 2998299.5 ] ], [ [ 4178810.2, 2998015.6 ], [ 4178734.9, 2998081.7 ], [ 4178647.3, 2998033.6 ], [ 4178626.5, 2998029.4 ], [ 4178619.7, 2998000.5 ], [ 4178701.4, 2997921.2 ], [ 4178810.2, 2998015.6 ] ], [ [ 4175690.7, 2998066.6 ], [ 4175690.2, 2998082.8 ], [ 4175675.4, 2998093.4 ], [ 4175661.6, 2998136.1 ], [ 4175661.2, 2998172.3 ], [ 4175613.1, 2998200.3 ], [ 4175594.0, 2998185.4 ], [ 4175585.2, 2998149.4 ], [ 4175629.1, 2998115.2 ], [ 4175681.4, 2997975.2 ], [ 4175726.2, 2997909.6 ], [ 4175698.6, 2997697.8 ], [ 4175733.2, 2997612.0 ], [ 4175729.4, 2997529.9 ], [ 4175715.6, 2997512.4 ], [ 4175753.7, 2997453.2 ], [ 4175801.0, 2997412.4 ], [ 4175904.2, 2997369.2 ], [ 4175948.6, 2997334.5 ], [ 4176080.2, 2997308.6 ], [ 4176144.3, 2997319.9 ], [ 4176161.0, 2997344.7 ], [ 4176086.3, 2997349.8 ], [ 4175983.7, 2997383.2 ], [ 4175932.1, 2997379.2 ], [ 4175917.7, 2997392.2 ], [ 4175859.7, 2997413.9 ], [ 4175837.7, 2997444.9 ], [ 4175810.9, 2997454.0 ], [ 4175772.0, 2997488.7 ], [ 4175748.4, 2997530.2 ], [ 4175755.1, 2997589.7 ], [ 4175740.8, 2997625.4 ], [ 4175736.2, 2997668.0 ], [ 4175737.5, 2997687.6 ], [ 4175752.9, 2997708.6 ], [ 4175746.2, 2997789.4 ], [ 4175756.0, 2997804.6 ], [ 4175770.4, 2997808.3 ], [ 4175766.5, 2997903.0 ], [ 4175690.7, 2998066.6 ] ], [ [ 4179354.9, 2997878.0 ], [ 4179472.1, 2997861.3 ], [ 4179473.5, 2997877.6 ], [ 4179448.0, 2997924.2 ], [ 4179454.7, 2997980.8 ], [ 4179449.3, 2998003.9 ], [ 4179428.8, 2998019.8 ], [ 4179430.8, 2997995.6 ], [ 4179354.9, 2997878.0 ] ], [ [ 4179549.5, 2997863.5 ], [ 4179589.2, 2997878.1 ], [ 4179640.9, 2997918.1 ], [ 4179672.0, 2997956.2 ], [ 4179577.5, 2998002.7 ], [ 4179539.2, 2997995.9 ], [ 4179519.1, 2997979.7 ], [ 4179513.1, 2997944.7 ], [ 4179549.5, 2997863.5 ] ], [ [ 4178529.4, 2997781.1 ], [ 4178526.9, 2997716.3 ], [ 4178578.2, 2997692.1 ], [ 4178624.9, 2997658.4 ], [ 4178631.4, 2997642.5 ], [ 4178718.6, 2997595.1 ], [ 4178718.6, 2997662.4 ], [ 4178668.1, 2997752.0 ], [ 4178529.4, 2997781.1 ] ], [ [ 4177999.4, 2997721.0 ], [ 4177964.7, 2997701.0 ], [ 4177779.1, 2997455.2 ], [ 4177757.7, 2997453.3 ], [ 4177682.3, 2997491.0 ], [ 4177647.1, 2997487.4 ], [ 4177625.8, 2997475.4 ], [ 4177567.1, 2997499.5 ], [ 4177526.8, 2997412.7 ], [ 4177761.6, 2997311.1 ], [ 4177771.3, 2997296.1 ], [ 4177769.5, 2997255.3 ], [ 4177792.2, 2997247.2 ], [ 4177891.2, 2997164.4 ], [ 4177899.5, 2997143.0 ], [ 4177930.0, 2997117.1 ], [ 4177967.2, 2997165.6 ], [ 4177995.8, 2997162.2 ], [ 4178014.6, 2997173.7 ], [ 4178028.5, 2997169.3 ], [ 4178051.5, 2997195.3 ], [ 4178076.6, 2997190.0 ], [ 4178086.0, 2997219.2 ], [ 4178104.9, 2997228.5 ], [ 4178139.7, 2997215.9 ], [ 4178205.4, 2997172.1 ], [ 4178199.1, 2997147.8 ], [ 4178172.5, 2997138.4 ], [ 4178087.2, 2997176.5 ], [ 4178090.4, 2997134.0 ], [ 4178110.4, 2997118.8 ], [ 4178123.8, 2997082.5 ], [ 4178156.8, 2997062.4 ], [ 4178180.1, 2997096.9 ], [ 4178241.1, 2997110.8 ], [ 4178264.9, 2997136.2 ], [ 4178282.2, 2997133.0 ], [ 4178318.1, 2997104.0 ], [ 4178316.3, 2997076.4 ], [ 4178297.6, 2997067.5 ], [ 4178278.8, 2997077.5 ], [ 4178261.5, 2997033.4 ], [ 4178192.5, 2996953.6 ], [ 4178175.7, 2996946.3 ], [ 4178126.9, 2996964.8 ], [ 4178074.3, 2996945.0 ], [ 4178031.0, 2996945.9 ], [ 4177953.7, 2996975.5 ], [ 4177798.4, 2997058.0 ], [ 4177685.2, 2997081.5 ], [ 4177759.6, 2996910.6 ], [ 4177795.6, 2996921.1 ], [ 4177809.7, 2996918.1 ], [ 4177841.6, 2996868.3 ], [ 4178085.1, 2996919.5 ], [ 4178106.6, 2996911.8 ], [ 4178149.1, 2996838.7 ], [ 4178147.8, 2996820.5 ], [ 4178086.9, 2996738.7 ], [ 4178020.1, 2996730.2 ], [ 4178070.1, 2996620.7 ], [ 4178092.5, 2996657.2 ], [ 4178104.9, 2996664.5 ], [ 4178119.1, 2996662.6 ], [ 4178137.0, 2996645.8 ], [ 4178169.2, 2996644.3 ], [ 4178172.3, 2996686.6 ], [ 4178130.5, 2996736.9 ], [ 4178134.2, 2996761.2 ], [ 4178330.2, 2996862.0 ], [ 4178376.3, 2996909.0 ], [ 4178384.9, 2996947.7 ], [ 4178468.7, 2997046.6 ], [ 4178521.9, 2997186.1 ], [ 4178601.5, 2997241.0 ], [ 4178557.4, 2997278.1 ], [ 4178553.4, 2997322.6 ], [ 4178570.9, 2997354.4 ], [ 4178451.9, 2997403.2 ], [ 4178414.1, 2997393.0 ], [ 4178242.6, 2997491.0 ], [ 4178231.8, 2997513.2 ], [ 4178251.6, 2997538.3 ], [ 4178156.4, 2997599.8 ], [ 4178149.2, 2997615.8 ], [ 4178155.1, 2997633.0 ], [ 4177999.4, 2997721.0 ] ], [ [ 4181104.4, 2996841.7 ], [ 4181125.8, 2996808.8 ], [ 4181179.3, 2996815.2 ], [ 4181192.9, 2996846.4 ], [ 4181242.6, 2996870.7 ], [ 4181260.0, 2996894.8 ], [ 4181268.5, 2996979.5 ], [ 4181211.6, 2996992.5 ], [ 4181093.7, 2996981.1 ], [ 4181093.4, 2996933.0 ], [ 4181113.1, 2996878.3 ], [ 4181104.4, 2996841.7 ] ], [ [ 4172257.2, 2996659.8 ], [ 4172185.8, 2996658.2 ], [ 4172145.1, 2996634.9 ], [ 4172136.1, 2996586.9 ], [ 4172157.0, 2996557.4 ], [ 4172177.8, 2996570.9 ], [ 4172218.1, 2996563.4 ], [ 4172252.5, 2996585.9 ], [ 4172266.6, 2996624.2 ], [ 4172257.2, 2996659.8 ] ], [ [ 4176090.0, 2996717.0 ], [ 4176096.0, 2996758.2 ], [ 4176025.8, 2996773.8 ], [ 4175895.7, 2996862.2 ], [ 4175837.6, 2996877.4 ], [ 4175830.3, 2996864.8 ], [ 4175838.6, 2996847.9 ], [ 4175874.2, 2996834.4 ], [ 4175887.0, 2996811.2 ], [ 4175928.9, 2996806.4 ], [ 4175941.5, 2996782.2 ], [ 4175964.7, 2996769.1 ], [ 4175969.9, 2996753.0 ], [ 4175991.5, 2996749.3 ], [ 4176037.3, 2996719.6 ], [ 4176060.2, 2996724.0 ], [ 4176090.0, 2996717.0 ] ], [ [ 4174493.7, 2996961.9 ], [ 4174441.3, 2996975.6 ], [ 4174465.8, 2996922.3 ], [ 4174493.7, 2996961.9 ] ], [ [ 4173981.7, 2996926.7 ], [ 4174034.5, 2996995.3 ], [ 4173988.5, 2997032.9 ], [ 4173951.5, 2996947.8 ], [ 4173981.7, 2996926.7 ] ], [ [ 4173424.3, 2997067.8 ], [ 4173468.1, 2997080.5 ], [ 4173467.2, 2997087.8 ], [ 4173411.5, 2997112.3 ], [ 4173349.6, 2997124.1 ], [ 4173342.2, 2997119.4 ], [ 4173356.5, 2997104.2 ], [ 4173357.9, 2997078.9 ], [ 4173424.3, 2997067.8 ] ], [ [ 4173325.3, 2997118.6 ], [ 4173309.5, 2997149.2 ], [ 4173261.9, 2997174.3 ], [ 4173240.0, 2997197.2 ], [ 4173211.9, 2997210.8 ], [ 4173187.4, 2997212.4 ], [ 4173170.4, 2997195.7 ], [ 4173171.1, 2997178.8 ], [ 4173154.3, 2997156.1 ], [ 4173152.4, 2997125.7 ], [ 4173182.4, 2997133.3 ], [ 4173249.0, 2997111.6 ], [ 4173308.3, 2997075.7 ], [ 4173313.9, 2997106.4 ], [ 4173325.3, 2997118.6 ] ], [ [ 4173659.3, 2997313.8 ], [ 4173602.3, 2997168.1 ], [ 4173574.1, 2997125.9 ], [ 4173598.1, 2997096.9 ], [ 4173676.2, 2997155.9 ], [ 4173700.7, 2997162.8 ], [ 4173701.6, 2997216.2 ], [ 4173753.0, 2997278.5 ], [ 4173845.6, 2997335.5 ], [ 4173886.5, 2997411.8 ], [ 4173826.2, 2997419.2 ], [ 4173798.9, 2997386.8 ], [ 4173757.1, 2997360.4 ], [ 4173678.9, 2997336.0 ], [ 4173659.3, 2997313.8 ] ], [ [ 4177540.9, 2997137.4 ], [ 4177609.5, 2997073.4 ], [ 4177670.5, 2997136.4 ], [ 4177697.9, 2997181.9 ], [ 4177635.5, 2997232.2 ], [ 4177579.6, 2997231.7 ], [ 4177524.7, 2997217.9 ], [ 4177540.9, 2997137.4 ] ], [ [ 4175142.0, 2997687.5 ], [ 4175065.6, 2997778.5 ], [ 4175021.1, 2997719.6 ], [ 4175109.8, 2997648.1 ], [ 4175142.0, 2997687.5 ] ], [ [ 4169551.0, 2997843.3 ], [ 4169498.8, 2997938.7 ], [ 4169424.8, 2997868.0 ], [ 4169483.8, 2997805.9 ], [ 4169551.0, 2997843.3 ] ], [ [ 4169033.0, 2998137.7 ], [ 4169058.7, 2998152.8 ], [ 4169062.8, 2998183.8 ], [ 4169049.6, 2998219.6 ], [ 4169013.4, 2998234.3 ], [ 4168962.6, 2998185.9 ], [ 4168978.8, 2998159.3 ], [ 4169033.0, 2998137.7 ] ], [ [ 4173673.0, 2998170.1 ], [ 4173702.3, 2998137.8 ], [ 4173735.7, 2998177.1 ], [ 4173729.5, 2998246.6 ], [ 4173673.0, 2998170.1 ] ], [ [ 4181442.2, 2996432.4 ], [ 4181332.6, 2996387.1 ], [ 4181330.4, 2996359.6 ], [ 4181368.4, 2996357.9 ], [ 4181388.7, 2996312.1 ], [ 4181409.2, 2996323.9 ], [ 4181427.4, 2996320.5 ], [ 4181436.6, 2996304.5 ], [ 4181426.6, 2996261.9 ], [ 4181430.7, 2996250.4 ], [ 4181446.7, 2996242.1 ], [ 4181480.7, 2996243.3 ], [ 4181460.8, 2996383.3 ], [ 4181442.2, 2996432.4 ] ], [ [ 4182352.4, 2996343.3 ], [ 4182196.9, 2996179.7 ], [ 4182250.8, 2996143.2 ], [ 4182310.1, 2996165.2 ], [ 4182326.1, 2996163.8 ], [ 4182597.2, 2995975.1 ], [ 4182605.6, 2995950.3 ], [ 4182567.3, 2995896.1 ], [ 4182698.6, 2995788.4 ], [ 4182831.8, 2995949.5 ], [ 4182705.7, 2996028.6 ], [ 4182703.9, 2996046.6 ], [ 4182745.7, 2996124.2 ], [ 4182485.4, 2996287.2 ], [ 4182462.6, 2996282.5 ], [ 4182352.4, 2996343.3 ] ], [ [ 4181678.7, 2995911.5 ], [ 4181654.0, 2995942.3 ], [ 4181615.8, 2995937.7 ], [ 4181561.8, 2995970.7 ], [ 4181525.6, 2995980.5 ], [ 4181512.3, 2995961.1 ], [ 4181487.5, 2995963.7 ], [ 4181458.6, 2996039.5 ], [ 4181468.5, 2996082.9 ], [ 4181490.6, 2996097.1 ], [ 4181473.6, 2996148.3 ], [ 4181423.1, 2996193.2 ], [ 4181383.2, 2996192.8 ], [ 4181394.5, 2996125.6 ], [ 4181428.3, 2996104.3 ], [ 4181439.3, 2996085.2 ], [ 4181432.3, 2995942.2 ], [ 4181564.6, 2995886.7 ], [ 4181680.8, 2995805.8 ], [ 4181741.2, 2995898.4 ], [ 4181678.7, 2995911.5 ] ], [ [ 4179016.5, 2995813.9 ], [ 4178999.9, 2995855.6 ], [ 4178975.8, 2995854.5 ], [ 4178956.0, 2995829.5 ], [ 4178959.2, 2995811.0 ], [ 4178945.2, 2995788.7 ], [ 4178979.2, 2995792.0 ], [ 4179016.5, 2995813.9 ] ], [ [ 4171606.9, 2996126.0 ], [ 4171632.3, 2996135.4 ], [ 4171682.2, 2996132.5 ], [ 4171667.8, 2996167.4 ], [ 4171611.0, 2996196.4 ], [ 4171595.3, 2996232.8 ], [ 4171560.5, 2996219.7 ], [ 4171606.9, 2996126.0 ] ], [ [ 4173464.4, 2996316.6 ], [ 4173472.6, 2996162.5 ], [ 4173596.6, 2996167.1 ], [ 4173594.3, 2996253.0 ], [ 4173538.4, 2996303.8 ], [ 4173499.9, 2996301.6 ], [ 4173464.4, 2996316.6 ] ], [ [ 4174104.0, 2996377.7 ], [ 4174109.2, 2996275.9 ], [ 4174169.8, 2996261.4 ], [ 4174198.0, 2996378.7 ], [ 4174122.5, 2996412.8 ], [ 4174104.0, 2996377.7 ] ], [ [ 4176180.4, 2996391.8 ], [ 4176230.3, 2996369.8 ], [ 4176227.4, 2996403.3 ], [ 4176201.0, 2996426.1 ], [ 4176180.4, 2996391.8 ] ], [ [ 4176540.3, 2996308.3 ], [ 4176552.4, 2996303.5 ], [ 4176572.0, 2996321.9 ], [ 4176563.4, 2996343.7 ], [ 4176548.0, 2996333.9 ], [ 4176540.3, 2996308.3 ] ], [ [ 4180424.4, 2995333.3 ], [ 4180429.4, 2995275.2 ], [ 4180447.6, 2995292.6 ], [ 4180468.4, 2995287.8 ], [ 4180512.1, 2995208.6 ], [ 4180517.0, 2995136.5 ], [ 4180530.6, 2995085.6 ], [ 4180672.8, 2995027.6 ], [ 4180728.3, 2994988.2 ], [ 4180752.0, 2994981.0 ], [ 4180768.1, 2994990.2 ], [ 4180781.8, 2994988.1 ], [ 4180814.0, 2994943.8 ], [ 4180821.5, 2994876.3 ], [ 4180806.4, 2994827.3 ], [ 4180815.0, 2994807.7 ], [ 4180772.2, 2994728.6 ], [ 4180773.2, 2994676.9 ], [ 4180811.6, 2994681.7 ], [ 4180829.8, 2994670.9 ], [ 4180834.3, 2994609.2 ], [ 4180853.3, 2994543.1 ], [ 4180874.3, 2994525.2 ], [ 4180921.6, 2994408.4 ], [ 4180976.1, 2994433.5 ], [ 4180938.5, 2994472.7 ], [ 4180906.7, 2994524.8 ], [ 4180894.5, 2994624.0 ], [ 4180902.7, 2994699.6 ], [ 4180958.6, 2994756.1 ], [ 4180944.0, 2994793.5 ], [ 4180899.2, 2994858.6 ], [ 4180894.0, 2994886.9 ], [ 4180865.3, 2994909.7 ], [ 4180812.2, 2995003.6 ], [ 4180770.1, 2995051.8 ], [ 4180770.7, 2995093.0 ], [ 4180734.4, 2995132.0 ], [ 4180651.2, 2995186.2 ], [ 4180637.4, 2995220.0 ], [ 4180647.1, 2995263.3 ], [ 4180617.8, 2995283.2 ], [ 4180607.4, 2995300.2 ], [ 4180599.8, 2995394.8 ], [ 4180577.2, 2995439.7 ], [ 4180507.8, 2995490.3 ], [ 4180453.5, 2995500.8 ], [ 4180424.2, 2995480.5 ], [ 4180494.0, 2995387.5 ], [ 4180481.6, 2995342.9 ], [ 4180424.4, 2995333.3 ] ], [ [ 4181178.0, 2994420.8 ], [ 4181141.8, 2994388.3 ], [ 4181193.0, 2994319.0 ], [ 4181191.0, 2994301.1 ], [ 4181176.3, 2994290.7 ], [ 4181161.9, 2994292.7 ], [ 4181111.0, 2994331.2 ], [ 4181105.7, 2994352.2 ], [ 4181045.2, 2994408.9 ], [ 4180948.4, 2994371.8 ], [ 4180931.7, 2994371.7 ], [ 4180896.6, 2994346.9 ], [ 4180879.4, 2994248.6 ], [ 4180924.8, 2994121.4 ], [ 4180913.1, 2994107.3 ], [ 4180859.2, 2994086.3 ], [ 4180796.0, 2994139.2 ], [ 4180783.5, 2994123.4 ], [ 4180834.6, 2994057.2 ], [ 4180853.9, 2994075.7 ], [ 4180870.9, 2994079.3 ], [ 4180904.1, 2994048.4 ], [ 4180963.1, 2994021.0 ], [ 4180970.9, 2994058.5 ], [ 4180994.0, 2994066.6 ], [ 4181009.5, 2994055.7 ], [ 4181093.0, 2994034.9 ], [ 4181139.4, 2993987.6 ], [ 4181182.2, 2993996.6 ], [ 4181183.1, 2994024.4 ], [ 4181197.7, 2994048.2 ], [ 4181216.8, 2994066.3 ], [ 4181230.6, 2994069.1 ], [ 4181245.6, 2994060.1 ], [ 4181277.4, 2994003.3 ], [ 4181409.3, 2994154.9 ], [ 4181363.8, 2994169.8 ], [ 4181330.5, 2994206.0 ], [ 4181178.0, 2994420.8 ] ], [ [ 4180711.2, 2994009.3 ], [ 4180607.2, 2994125.8 ], [ 4180560.0, 2994071.5 ], [ 4180620.6, 2994036.6 ], [ 4180623.5, 2993964.2 ], [ 4180693.3, 2993922.6 ], [ 4180718.3, 2993960.0 ], [ 4180702.1, 2993986.0 ], [ 4180711.2, 2994009.3 ] ], [ [ 4181070.0, 2993927.7 ], [ 4181048.3, 2993891.4 ], [ 4181098.7, 2993862.9 ], [ 4181124.2, 2993905.4 ], [ 4181070.0, 2993927.7 ] ], [ [ 4178835.4, 2994851.1 ], [ 4178817.9, 2994922.4 ], [ 4178769.2, 2994910.8 ], [ 4178780.9, 2994844.3 ], [ 4178835.4, 2994851.1 ] ], [ [ 4174732.5, 2994907.3 ], [ 4174671.9, 2994931.8 ], [ 4174664.8, 2994958.2 ], [ 4174642.4, 2994988.9 ], [ 4174635.8, 2995058.0 ], [ 4174642.3, 2995130.4 ], [ 4174524.1, 2995128.6 ], [ 4174533.7, 2995033.8 ], [ 4174638.8, 2994849.3 ], [ 4174660.9, 2994846.6 ], [ 4174732.5, 2994907.3 ] ], [ [ 4174268.2, 2995264.5 ], [ 4174252.3, 2995271.0 ], [ 4174253.9, 2995251.8 ], [ 4174262.3, 2995245.8 ], [ 4174271.7, 2995254.2 ], [ 4174268.2, 2995264.5 ] ], [ [ 4174486.1, 2993260.2 ], [ 4174563.0, 2993255.0 ], [ 4174614.2, 2993360.0 ], [ 4174573.4, 2993374.6 ], [ 4174550.4, 2993370.2 ], [ 4174519.5, 2993295.3 ], [ 4174486.1, 2993260.2 ] ], [ [ 4178270.7, 2993308.4 ], [ 4178160.2, 2993261.4 ], [ 4178138.1, 2993268.5 ], [ 4178127.5, 2993302.8 ], [ 4178009.9, 2993255.4 ], [ 4178032.0, 2993126.1 ], [ 4178114.0, 2993158.8 ], [ 4178138.1, 2993147.9 ], [ 4178142.0, 2993118.0 ], [ 4178122.9, 2993101.5 ], [ 4178122.5, 2993068.1 ], [ 4178133.9, 2993027.5 ], [ 4178189.0, 2993039.6 ], [ 4178396.2, 2993137.0 ], [ 4178270.7, 2993308.4 ] ], [ [ 4174498.8, 2993126.0 ], [ 4174541.5, 2993211.8 ], [ 4174488.0, 2993214.3 ], [ 4174470.2, 2993205.4 ], [ 4174415.2, 2993199.5 ], [ 4174381.3, 2993146.7 ], [ 4174388.8, 2993088.0 ], [ 4174498.8, 2993126.0 ] ], [ [ 4177158.1, 2992783.0 ], [ 4177210.3, 2992742.9 ], [ 4177238.6, 2992775.1 ], [ 4177245.5, 2992799.3 ], [ 4177270.5, 2992801.2 ], [ 4177290.7, 2992761.2 ], [ 4177251.6, 2992711.1 ], [ 4177298.7, 2992697.0 ], [ 4177303.8, 2992682.9 ], [ 4177296.1, 2992663.7 ], [ 4177351.3, 2992617.4 ], [ 4177380.4, 2992564.6 ], [ 4177443.8, 2992506.0 ], [ 4177462.3, 2992534.0 ], [ 4177493.6, 2992559.1 ], [ 4177483.3, 2992580.0 ], [ 4177492.1, 2992598.4 ], [ 4177395.8, 2992672.5 ], [ 4177246.9, 2992900.1 ], [ 4177158.1, 2992783.0 ] ], [ [ 4177012.4, 2992440.7 ], [ 4176944.7, 2992515.9 ], [ 4176930.1, 2992510.2 ], [ 4176913.3, 2992517.7 ], [ 4176897.0, 2992572.9 ], [ 4176878.6, 2992554.1 ], [ 4176857.9, 2992558.1 ], [ 4176838.2, 2992599.1 ], [ 4176813.1, 2992615.0 ], [ 4176779.9, 2992664.4 ], [ 4176734.1, 2992642.3 ], [ 4176788.4, 2992534.6 ], [ 4176885.2, 2992462.9 ], [ 4176907.3, 2992493.7 ], [ 4176930.8, 2992492.9 ], [ 4176981.2, 2992413.8 ], [ 4177012.4, 2992440.7 ] ], [ [ 4175531.4, 2991303.5 ], [ 4175512.2, 2991305.1 ], [ 4175486.1, 2991270.9 ], [ 4175493.0, 2991240.2 ], [ 4175591.5, 2991241.1 ], [ 4175601.9, 2991303.3 ], [ 4175552.7, 2991313.8 ], [ 4175531.4, 2991303.5 ] ], [ [ 4177472.7, 2992145.2 ], [ 4177465.5, 2992125.0 ], [ 4177511.7, 2992101.5 ], [ 4177519.7, 2992130.5 ], [ 4177472.7, 2992145.2 ] ], [ [ 4179008.4, 2998789.4 ], [ 4178933.6, 2998809.9 ], [ 4178905.1, 2998768.7 ], [ 4178889.5, 2998715.8 ], [ 4178917.0, 2998613.6 ], [ 4178945.7, 2998649.5 ], [ 4178944.9, 2998720.7 ], [ 4179008.4, 2998789.4 ] ], [ [ 4177618.9, 3000343.6 ], [ 4177751.4, 3000285.9 ], [ 4177788.9, 3000301.5 ], [ 4177791.5, 3000316.3 ], [ 4177787.1, 3000327.7 ], [ 4177632.0, 3000407.5 ], [ 4177618.9, 3000343.6 ] ] ] } },
{ "type": "Feature", "properties": { "id": "forest_67984", "state": "Rheinland-Pfalz", "area_ha": 5587.9, "unfragmented": true, "image": "forest_67984.webp", "real_width_m": 11150.8, "real_height_m": 10225.4, "pixel_width": 1115, "pixel_height": 1022, "centroid_x": 4107778.2, "centroid_y": 2959074.6 }, "geometry": { "type": "Polygon", "coordinates": [ [ [ 4107913.6, 2963582.4 ], [ 4108491.1, 2963528.2 ], [ 4108677.2, 2963530.5 ], [ 4108867.4, 2963511.4 ], [ 4108959.0, 2963486.1 ], [ 4109168.7, 2963361.5 ], [ 4109215.4, 2963345.2 ], [ 4109260.1, 2963347.7 ], [ 4109569.1, 2963416.4 ], [ 4109612.0, 2963412.3 ], [ 4109651.2, 2963390.0 ], [ 4109799.0, 2963259.7 ], [ 4109876.0, 2963125.0 ], [ 4109969.0, 2963049.3 ], [ 4110040.0, 2963016.8 ], [ 4110307.5, 2962960.4 ], [ 4110407.1, 2962911.7 ], [ 4110416.2, 2962892.7 ], [ 4110404.6, 2962874.4 ], [ 4110644.9, 2962508.7 ], [ 4110642.4, 2962491.7 ], [ 4110601.8, 2962439.5 ], [ 4110586.7, 2962353.3 ], [ 4110659.3, 2962244.0 ], [ 4110735.1, 2962287.6 ], [ 4110759.3, 2962281.3 ], [ 4110760.8, 2962254.1 ], [ 4110725.4, 2962226.9 ], [ 4110862.4, 2962020.6 ], [ 4110861.2, 2962000.2 ], [ 4110832.1, 2961965.1 ], [ 4110915.7, 2961837.5 ], [ 4110953.3, 2961848.0 ], [ 4110985.7, 2961833.0 ], [ 4111091.0, 2961668.5 ], [ 4111113.0, 2961651.7 ], [ 4111110.3, 2961631.9 ], [ 4111055.5, 2961560.4 ], [ 4111029.8, 2961552.9 ], [ 4111001.1, 2961516.2 ], [ 4110999.7, 2961489.3 ], [ 4111014.4, 2961471.8 ], [ 4111031.0, 2961481.1 ], [ 4111077.4, 2961472.3 ], [ 4111108.5, 2961480.0 ], [ 4111140.0, 2961497.2 ], [ 4111230.7, 2961583.0 ], [ 4111281.4, 2961580.7 ], [ 4111316.0, 2961587.8 ], [ 4111574.8, 2961707.6 ], [ 4111686.4, 2961706.3 ], [ 4111795.2, 2961722.8 ], [ 4112070.6, 2961729.0 ], [ 4112221.4, 2961760.3 ], [ 4112345.0, 2961797.5 ], [ 4112380.3, 2961812.2 ], [ 4112433.1, 2961849.7 ], [ 4112504.6, 2961922.0 ], [ 4112512.6, 2961987.7 ], [ 4112497.3, 2962029.8 ], [ 4112375.8, 2962197.7 ], [ 4112258.1, 2962398.8 ], [ 4112259.2, 2962435.4 ], [ 4112319.8, 2962541.9 ], [ 4112616.1, 2962586.2 ], [ 4112667.3, 2962577.0 ], [ 4112744.7, 2962528.5 ], [ 4112802.4, 2962509.6 ], [ 4112857.2, 2962511.5 ], [ 4113207.1, 2962564.2 ], [ 4113352.3, 2962558.8 ], [ 4113429.3, 2962539.4 ], [ 4113465.1, 2962543.3 ], [ 4113658.7, 2962388.1 ], [ 4113815.8, 2962249.8 ], [ 4113874.3, 2962181.3 ], [ 4113924.9, 2962074.1 ], [ 4113938.9, 2961953.9 ], [ 4113927.3, 2961570.5 ], [ 4113906.4, 2961552.9 ], [ 4113811.6, 2961565.5 ], [ 4113777.7, 2961435.0 ], [ 4113776.3, 2961356.8 ], [ 4113787.1, 2961324.1 ], [ 4113832.6, 2961267.2 ], [ 4113843.9, 2961169.1 ], [ 4113857.5, 2961139.5 ], [ 4113916.0, 2961198.5 ], [ 4113939.6, 2961192.2 ], [ 4113944.1, 2961168.5 ], [ 4113749.1, 2960968.1 ], [ 4113731.9, 2960961.7 ], [ 4113209.3, 2961309.1 ], [ 4113110.7, 2961251.9 ], [ 4113103.1, 2961226.8 ], [ 4113120.7, 2961208.7 ], [ 4113159.8, 2961205.4 ], [ 4113173.1, 2961194.3 ], [ 4113180.1, 2961154.3 ], [ 4113196.9, 2961122.1 ], [ 4113192.8, 2961096.2 ], [ 4113078.3, 2961041.4 ], [ 4113022.2, 2961004.0 ], [ 4112840.4, 2960837.2 ], [ 4112696.0, 2960665.0 ], [ 4112674.6, 2960661.0 ], [ 4112639.8, 2960687.3 ], [ 4112675.5, 2960591.6 ], [ 4112764.9, 2960514.6 ], [ 4112803.3, 2960415.9 ], [ 4112799.8, 2960394.5 ], [ 4112761.4, 2960360.0 ], [ 4112792.4, 2960326.8 ], [ 4112796.0, 2960312.6 ], [ 4112767.8, 2960266.4 ], [ 4112772.1, 2960234.1 ], [ 4112753.0, 2960200.4 ], [ 4112822.9, 2960132.2 ], [ 4112816.1, 2960050.5 ], [ 4112200.1, 2959446.7 ], [ 4112043.1, 2959283.0 ], [ 4112026.3, 2959280.3 ], [ 4111990.2, 2959294.9 ], [ 4111961.4, 2959292.8 ], [ 4111948.1, 2959299.5 ], [ 4111905.2, 2959387.5 ], [ 4111845.0, 2959474.9 ], [ 4111782.2, 2959442.0 ], [ 4111794.9, 2959427.6 ], [ 4111793.7, 2959409.3 ], [ 4111710.5, 2959348.5 ], [ 4111698.9, 2959315.3 ], [ 4111705.3, 2959271.6 ], [ 4111695.8, 2959260.2 ], [ 4111679.0, 2959257.8 ], [ 4111669.4, 2959220.1 ], [ 4111657.5, 2959196.7 ], [ 4111642.5, 2959187.6 ], [ 4111593.9, 2959075.7 ], [ 4111586.0, 2958985.1 ], [ 4111608.8, 2958989.3 ], [ 4111629.9, 2958975.8 ], [ 4111622.8, 2958940.2 ], [ 4111633.0, 2958926.3 ], [ 4111630.7, 2958908.5 ], [ 4111618.2, 2958896.7 ], [ 4111601.1, 2958897.4 ], [ 4111553.5, 2958924.6 ], [ 4111534.4, 2958959.4 ], [ 4111505.4, 2958916.1 ], [ 4111606.1, 2958867.7 ], [ 4111615.2, 2958852.2 ], [ 4111612.0, 2958837.9 ], [ 4111580.3, 2958788.4 ], [ 4111561.3, 2958780.1 ], [ 4111539.4, 2958786.3 ], [ 4111518.9, 2958803.5 ], [ 4111486.0, 2958810.1 ], [ 4111451.5, 2958841.6 ], [ 4111402.6, 2958775.1 ], [ 4111481.8, 2958718.7 ], [ 4111507.0, 2958723.1 ], [ 4111525.2, 2958705.8 ], [ 4111543.1, 2958725.4 ], [ 4111566.3, 2958720.1 ], [ 4111579.6, 2958696.8 ], [ 4111571.9, 2958667.4 ], [ 4111612.2, 2958583.5 ], [ 4111488.8, 2958403.3 ], [ 4111389.8, 2958319.8 ], [ 4111333.2, 2958286.6 ], [ 4111133.3, 2958228.8 ], [ 4110838.6, 2958163.8 ], [ 4110801.1, 2958162.6 ], [ 4110770.4, 2958168.7 ], [ 4110762.0, 2958205.5 ], [ 4110670.4, 2958284.5 ], [ 4110621.2, 2958307.6 ], [ 4110564.6, 2958279.4 ], [ 4110550.1, 2958280.0 ], [ 4110491.2, 2958347.3 ], [ 4110377.2, 2958238.4 ], [ 4110340.1, 2958225.1 ], [ 4110278.7, 2958171.8 ], [ 4110461.7, 2958028.1 ], [ 4110497.9, 2957987.5 ], [ 4110488.4, 2957961.5 ], [ 4110449.6, 2957924.4 ], [ 4110433.0, 2957922.2 ], [ 4110408.8, 2957932.7 ], [ 4110445.7, 2957817.8 ], [ 4110434.1, 2957742.0 ], [ 4110402.8, 2957669.1 ], [ 4110393.9, 2957517.2 ], [ 4110384.0, 2957506.3 ], [ 4110334.5, 2957487.6 ], [ 4110307.6, 2957493.3 ], [ 4110297.1, 2957517.5 ], [ 4110265.4, 2957527.6 ], [ 4110255.3, 2957538.5 ], [ 4110263.8, 2957587.1 ], [ 4110253.2, 2957595.7 ], [ 4110211.6, 2957499.1 ], [ 4110136.3, 2957429.2 ], [ 4110146.3, 2957411.6 ], [ 4110142.3, 2957395.0 ], [ 4110070.9, 2957346.3 ], [ 4110066.5, 2957325.8 ], [ 4110116.1, 2957302.5 ], [ 4110121.9, 2957275.6 ], [ 4110085.6, 2957247.3 ], [ 4110074.5, 2957224.5 ], [ 4109991.1, 2957207.3 ], [ 4110000.2, 2957147.8 ], [ 4109993.7, 2957131.3 ], [ 4109980.8, 2957125.0 ], [ 4109779.9, 2957119.0 ], [ 4109736.7, 2957094.9 ], [ 4109719.2, 2956991.2 ], [ 4109702.6, 2956972.5 ], [ 4109651.9, 2956942.3 ], [ 4109636.5, 2956917.0 ], [ 4109623.8, 2956862.7 ], [ 4109564.4, 2956715.7 ], [ 4109532.4, 2956562.5 ], [ 4109506.0, 2956514.3 ], [ 4108753.3, 2956137.8 ], [ 4108583.0, 2956060.3 ], [ 4108500.0, 2956060.0 ], [ 4108162.5, 2956126.5 ], [ 4108118.4, 2956121.3 ], [ 4108076.6, 2956097.3 ], [ 4108028.6, 2956036.9 ], [ 4107887.3, 2955815.0 ], [ 4107777.5, 2955617.3 ], [ 4107515.1, 2955559.4 ], [ 4107507.9, 2955539.6 ], [ 4107475.8, 2955530.4 ], [ 4107470.5, 2955517.6 ], [ 4107451.7, 2955505.6 ], [ 4107415.1, 2955513.2 ], [ 4107357.0, 2955494.5 ], [ 4107310.7, 2955505.8 ], [ 4107283.3, 2955532.6 ], [ 4107224.3, 2955497.1 ], [ 4107208.7, 2955483.4 ], [ 4107233.5, 2955460.7 ], [ 4107211.9, 2955411.1 ], [ 4107230.3, 2955328.5 ], [ 4107240.5, 2955311.5 ], [ 4107231.5, 2955265.1 ], [ 4106986.9, 2955179.8 ], [ 4106899.8, 2955135.0 ], [ 4106784.9, 2955061.6 ], [ 4106336.4, 2954576.5 ], [ 4106138.8, 2954227.0 ], [ 4105873.5, 2953918.2 ], [ 4105850.6, 2953914.6 ], [ 4105776.0, 2953960.7 ], [ 4105721.5, 2953918.3 ], [ 4105656.7, 2953936.5 ], [ 4105495.0, 2953889.9 ], [ 4105455.1, 2953765.2 ], [ 4105459.0, 2953749.1 ], [ 4105451.0, 2953716.4 ], [ 4105460.0, 2953705.4 ], [ 4105460.3, 2953685.9 ], [ 4105442.1, 2953656.0 ], [ 4105420.5, 2953650.7 ], [ 4105375.5, 2953559.7 ], [ 4105358.2, 2953557.0 ], [ 4104984.4, 2953652.9 ], [ 4104945.9, 2953668.9 ], [ 4104902.6, 2953700.0 ], [ 4104827.4, 2953789.3 ], [ 4104796.7, 2953803.0 ], [ 4104771.9, 2953801.4 ], [ 4104748.4, 2953787.0 ], [ 4104734.5, 2953750.7 ], [ 4104745.3, 2953527.2 ], [ 4104738.3, 2953510.2 ], [ 4104658.9, 2953470.8 ], [ 4104629.3, 2953497.8 ], [ 4104606.2, 2953532.7 ], [ 4104412.4, 2953427.3 ], [ 4104397.9, 2953427.2 ], [ 4104369.5, 2953445.7 ], [ 4104327.5, 2953369.1 ], [ 4104303.9, 2953362.1 ], [ 4104289.1, 2953377.6 ], [ 4104223.5, 2953828.4 ], [ 4104199.6, 2953912.3 ], [ 4104085.7, 2954126.9 ], [ 4103870.0, 2954289.0 ], [ 4103850.0, 2954311.6 ], [ 4103838.8, 2954348.7 ], [ 4103860.8, 2954522.7 ], [ 4103856.0, 2954552.1 ], [ 4103831.0, 2954600.4 ], [ 4103656.5, 2954849.7 ], [ 4103594.2, 2955426.7 ], [ 4103596.0, 2955535.3 ], [ 4103614.3, 2955593.6 ], [ 4103725.1, 2955775.6 ], [ 4103760.1, 2955856.6 ], [ 4103768.6, 2955939.6 ], [ 4103715.5, 2956147.0 ], [ 4103726.2, 2956161.2 ], [ 4103754.5, 2956164.6 ], [ 4103804.6, 2956197.9 ], [ 4103761.2, 2956289.8 ], [ 4103719.7, 2956293.0 ], [ 4103706.3, 2956317.2 ], [ 4104046.6, 2957286.3 ], [ 4104047.0, 2957369.1 ], [ 4104034.4, 2957404.7 ], [ 4104004.1, 2957454.6 ], [ 4103953.4, 2957504.1 ], [ 4103952.5, 2957558.5 ], [ 4103940.4, 2957589.3 ], [ 4103942.6, 2957671.6 ], [ 4103894.7, 2957685.7 ], [ 4103875.4, 2957706.3 ], [ 4103825.7, 2957711.6 ], [ 4103795.1, 2957678.0 ], [ 4103768.9, 2957680.7 ], [ 4103758.6, 2957698.1 ], [ 4103761.4, 2957712.5 ], [ 4103816.1, 2957777.3 ], [ 4103799.9, 2957798.1 ], [ 4103772.3, 2957797.8 ], [ 4103446.5, 2958062.7 ], [ 4103399.1, 2958009.3 ], [ 4103378.5, 2957961.3 ], [ 4103374.7, 2957919.7 ], [ 4103291.9, 2957753.8 ], [ 4103290.8, 2957698.5 ], [ 4103280.5, 2957683.8 ], [ 4103097.1, 2957611.6 ], [ 4103017.0, 2957631.9 ], [ 4102809.1, 2957657.1 ], [ 4102794.8, 2957667.9 ], [ 4102793.3, 2957685.8 ], [ 4102825.9, 2957752.6 ], [ 4103020.7, 2958325.3 ], [ 4103085.2, 2958477.5 ], [ 4103416.0, 2958647.4 ], [ 4103435.5, 2958684.8 ], [ 4103553.4, 2958744.2 ], [ 4103571.4, 2958927.9 ], [ 4103566.5, 2959046.5 ], [ 4103628.0, 2959095.2 ], [ 4103690.6, 2959188.4 ], [ 4103690.4, 2959214.6 ], [ 4103638.3, 2959256.3 ], [ 4103649.9, 2959321.4 ], [ 4103670.4, 2959327.1 ], [ 4103782.7, 2959278.6 ], [ 4103796.6, 2959295.9 ], [ 4103815.1, 2959299.6 ], [ 4103856.4, 2959393.3 ], [ 4103842.1, 2959404.0 ], [ 4103839.5, 2959422.1 ], [ 4103854.3, 2959454.7 ], [ 4103875.1, 2959475.7 ], [ 4103910.9, 2959478.4 ], [ 4103956.3, 2959462.4 ], [ 4104013.2, 2959470.8 ], [ 4104063.4, 2959501.1 ], [ 4104061.0, 2959597.0 ], [ 4104026.3, 2959627.0 ], [ 4104021.6, 2959644.8 ], [ 4104082.9, 2959704.0 ], [ 4104109.7, 2959705.2 ], [ 4104144.5, 2959659.5 ], [ 4104253.7, 2959752.9 ], [ 4104270.7, 2959752.1 ], [ 4104305.5, 2959728.4 ], [ 4104427.0, 2959818.6 ], [ 4104440.9, 2959816.4 ], [ 4104479.1, 2959788.1 ], [ 4104736.9, 2959992.9 ], [ 4104646.5, 2960104.7 ], [ 4104650.0, 2960131.1 ], [ 4104728.7, 2960169.1 ], [ 4104799.1, 2960114.2 ], [ 4104918.1, 2960172.0 ], [ 4104904.6, 2960201.5 ], [ 4104845.8, 2960197.9 ], [ 4104836.4, 2960213.2 ], [ 4104841.5, 2960230.5 ], [ 4104897.0, 2960263.5 ], [ 4105110.5, 2960422.3 ], [ 4105168.7, 2960482.7 ], [ 4105131.6, 2960487.6 ], [ 4105122.8, 2960509.0 ], [ 4105127.6, 2960525.6 ], [ 4105244.2, 2960558.1 ], [ 4105249.1, 2960586.0 ], [ 4105297.5, 2960606.9 ], [ 4105354.7, 2960661.5 ], [ 4105429.5, 2960755.5 ], [ 4105443.9, 2960785.1 ], [ 4105429.2, 2960822.7 ], [ 4105398.3, 2960853.5 ], [ 4105393.1, 2960875.8 ], [ 4105354.5, 2960892.6 ], [ 4105331.2, 2960895.4 ], [ 4105337.1, 2960844.1 ], [ 4105325.2, 2960822.1 ], [ 4105260.9, 2960817.3 ], [ 4105229.7, 2960797.3 ], [ 4105211.9, 2960802.4 ], [ 4105183.6, 2960759.0 ], [ 4105157.4, 2960748.8 ], [ 4105135.3, 2960758.0 ], [ 4105124.2, 2960806.5 ], [ 4105030.9, 2960828.2 ], [ 4105017.2, 2960838.0 ], [ 4105016.6, 2960875.4 ], [ 4105056.9, 2960887.2 ], [ 4105045.7, 2960921.2 ], [ 4105057.7, 2960942.4 ], [ 4105022.9, 2961023.7 ], [ 4104978.4, 2961086.9 ], [ 4104976.7, 2961101.8 ], [ 4104994.9, 2961131.2 ], [ 4105015.6, 2961145.6 ], [ 4105032.4, 2961140.8 ], [ 4105053.0, 2961110.2 ], [ 4105060.4, 2961117.2 ], [ 4105045.0, 2961167.2 ], [ 4104944.2, 2961254.0 ], [ 4104961.7, 2961390.4 ], [ 4104988.8, 2961393.8 ], [ 4105010.4, 2961360.0 ], [ 4105015.0, 2961336.5 ], [ 4105006.8, 2961295.8 ], [ 4105030.3, 2961250.6 ], [ 4105047.6, 2961238.6 ], [ 4105077.0, 2961248.4 ], [ 4105115.2, 2961233.1 ], [ 4105188.7, 2961227.6 ], [ 4105299.9, 2961189.0 ], [ 4105373.6, 2961116.6 ], [ 4105419.4, 2961094.5 ], [ 4105424.2, 2961080.7 ], [ 4105416.8, 2961055.4 ], [ 4105443.4, 2961022.3 ], [ 4105475.9, 2961012.0 ], [ 4105490.2, 2960990.8 ], [ 4105548.1, 2960973.8 ], [ 4105562.6, 2960920.9 ], [ 4105615.6, 2960912.4 ], [ 4105632.2, 2960862.6 ], [ 4105671.9, 2960851.2 ], [ 4105681.1, 2960867.2 ], [ 4105707.7, 2960872.4 ], [ 4105833.9, 2960849.9 ], [ 4105912.2, 2960884.8 ], [ 4105992.9, 2960891.3 ], [ 4106133.7, 2960861.8 ], [ 4106239.9, 2960856.0 ], [ 4106185.3, 2960904.4 ], [ 4106086.2, 2960939.4 ], [ 4106056.3, 2960971.1 ], [ 4105993.2, 2960985.4 ], [ 4105866.9, 2960991.4 ], [ 4105866.3, 2960947.6 ], [ 4105852.6, 2960931.0 ], [ 4105833.3, 2960927.8 ], [ 4105752.5, 2960949.7 ], [ 4105692.8, 2960919.9 ], [ 4105667.4, 2960920.0 ], [ 4105654.6, 2960944.0 ], [ 4105624.0, 2960945.3 ], [ 4105592.7, 2960964.5 ], [ 4105586.0, 2960980.8 ], [ 4105527.5, 2961015.0 ], [ 4105526.1, 2961037.8 ], [ 4105496.0, 2961076.9 ], [ 4105481.4, 2961123.2 ], [ 4105390.2, 2961229.9 ], [ 4105374.0, 2961293.0 ], [ 4105358.0, 2961302.0 ], [ 4105350.1, 2961326.7 ], [ 4105362.1, 2961348.1 ], [ 4105403.4, 2961354.3 ], [ 4105444.7, 2961374.1 ], [ 4105477.2, 2961411.5 ], [ 4105487.1, 2961432.0 ], [ 4105493.9, 2961482.5 ], [ 4105478.9, 2961555.0 ], [ 4105488.9, 2961565.1 ], [ 4105567.2, 2961595.3 ], [ 4105563.4, 2961736.3 ], [ 4105573.1, 2961755.1 ], [ 4105604.9, 2961754.8 ], [ 4105776.5, 2961703.4 ], [ 4106042.7, 2961694.1 ], [ 4106115.0, 2961712.0 ], [ 4106152.6, 2961733.6 ], [ 4106187.7, 2961767.3 ], [ 4106222.9, 2961818.3 ], [ 4106339.2, 2962152.8 ], [ 4106353.6, 2962233.6 ], [ 4106352.8, 2962283.7 ], [ 4106315.5, 2962720.3 ], [ 4106146.6, 2963208.4 ], [ 4106151.4, 2963231.3 ], [ 4106191.5, 2963236.8 ], [ 4106282.9, 2963213.3 ], [ 4106290.3, 2963197.1 ], [ 4106284.4, 2963138.7 ], [ 4106285.3, 2963093.7 ], [ 4106651.8, 2962735.9 ], [ 4106711.5, 2962679.8 ], [ 4106771.8, 2962631.4 ], [ 4106790.3, 2962603.8 ], [ 4106774.3, 2962632.5 ], [ 4106665.7, 2962726.3 ], [ 4106302.1, 2963081.7 ], [ 4106290.8, 2963103.3 ], [ 4106287.4, 2963139.1 ], [ 4106290.2, 2963182.7 ], [ 4106299.2, 2963202.4 ], [ 4106319.1, 2963208.0 ], [ 4106612.5, 2963148.5 ], [ 4106675.4, 2963147.5 ], [ 4106761.0, 2963158.1 ], [ 4106890.0, 2963201.6 ], [ 4107621.5, 2963556.7 ], [ 4107757.5, 2963587.5 ], [ 4107913.6, 2963582.4 ] ], [ [ 4108555.0, 2963186.6 ], [ 4108556.7, 2963129.0 ], [ 4108637.4, 2963067.6 ], [ 4108679.2, 2963099.5 ], [ 4108699.1, 2963101.4 ], [ 4108720.9, 2963258.4 ], [ 4108690.8, 2963264.0 ], [ 4108660.3, 2963255.3 ], [ 4108604.5, 2963208.9 ], [ 4108555.0, 2963186.6 ] ], [ [ 4107405.7, 2962634.0 ], [ 4107542.0, 2962650.7 ], [ 4107563.1, 2962638.0 ], [ 4107651.5, 2962660.6 ], [ 4107600.7, 2962754.2 ], [ 4107563.0, 2962747.1 ], [ 4107544.6, 2962759.4 ], [ 4107496.3, 2962744.9 ], [ 4107478.4, 2962699.6 ], [ 4107454.3, 2962679.1 ], [ 4107418.2, 2962671.7 ], [ 4107391.9, 2962650.9 ], [ 4107405.7, 2962634.0 ] ], [ [ 4109786.3, 2962352.4 ], [ 4109950.5, 2962306.2 ], [ 4109983.8, 2962376.0 ], [ 4109961.9, 2962428.7 ], [ 4109902.2, 2962402.7 ], [ 4109815.4, 2962404.7 ], [ 4109704.0, 2962442.3 ], [ 4109627.9, 2962486.3 ], [ 4109615.7, 2962462.6 ], [ 4109629.4, 2962450.3 ], [ 4109631.8, 2962434.0 ], [ 4109774.6, 2962370.2 ], [ 4109786.3, 2962352.4 ] ], [ [ 4107770.8, 2962312.5 ], [ 4107743.7, 2962302.6 ], [ 4107693.7, 2962264.4 ], [ 4107712.7, 2962229.2 ], [ 4107716.4, 2962181.0 ], [ 4107735.3, 2962123.1 ], [ 4107759.2, 2962127.0 ], [ 4107746.7, 2962172.5 ], [ 4107736.9, 2962265.3 ], [ 4107748.3, 2962286.5 ], [ 4107762.3, 2962288.9 ], [ 4107852.7, 2962261.5 ], [ 4107882.7, 2962143.0 ], [ 4107905.2, 2962145.7 ], [ 4107885.2, 2962233.4 ], [ 4107893.1, 2962252.9 ], [ 4107906.5, 2962257.9 ], [ 4108008.5, 2962249.3 ], [ 4108019.3, 2962266.7 ], [ 4107784.0, 2962304.9 ], [ 4107770.8, 2962312.5 ] ], [ [ 4106739.9, 2962090.0 ], [ 4106649.3, 2962143.1 ], [ 4106581.9, 2962048.0 ], [ 4106610.0, 2961972.4 ], [ 4106654.3, 2962001.9 ], [ 4106739.9, 2962090.0 ] ], [ [ 4108782.8, 2962067.9 ], [ 4108636.1, 2961970.1 ], [ 4108649.5, 2961949.9 ], [ 4108643.3, 2961929.8 ], [ 4108597.6, 2961916.3 ], [ 4108585.8, 2961869.0 ], [ 4108602.9, 2961850.4 ], [ 4108732.0, 2961948.4 ], [ 4108718.7, 2961973.6 ], [ 4108720.4, 2961991.6 ], [ 4108793.1, 2962044.0 ], [ 4108794.0, 2962056.3 ], [ 4108782.8, 2962067.9 ] ], [ [ 4108008.1, 2961750.5 ], [ 4108034.3, 2961762.2 ], [ 4108038.0, 2961778.6 ], [ 4108031.5, 2961790.7 ], [ 4107995.4, 2961785.9 ], [ 4108008.1, 2961750.5 ] ], [ [ 4107847.6, 2961724.9 ], [ 4107816.3, 2961697.2 ], [ 4107809.6, 2961661.6 ], [ 4107772.8, 2961627.7 ], [ 4107754.7, 2961591.5 ], [ 4107734.0, 2961589.1 ], [ 4107683.4, 2961560.6 ], [ 4107663.2, 2961566.9 ], [ 4107510.4, 2961469.5 ], [ 4107507.8, 2961451.6 ], [ 4107488.5, 2961440.0 ], [ 4107493.9, 2961409.0 ], [ 4107482.9, 2961387.7 ], [ 4107549.9, 2961411.1 ], [ 4107620.3, 2961450.2 ], [ 4107893.6, 2961670.2 ], [ 4107892.9, 2961700.0 ], [ 4107866.1, 2961729.9 ], [ 4107847.6, 2961724.9 ] ], [ [ 4108457.4, 2961449.2 ], [ 4108459.5, 2961382.8 ], [ 4108719.8, 2961516.7 ], [ 4108691.9, 2961560.2 ], [ 4108701.1, 2961603.6 ], [ 4108712.8, 2961612.0 ], [ 4108774.1, 2961619.2 ], [ 4108809.0, 2961640.7 ], [ 4108767.0, 2961661.8 ], [ 4108732.2, 2961693.2 ], [ 4108690.6, 2961689.1 ], [ 4108664.2, 2961717.9 ], [ 4108641.0, 2961703.9 ], [ 4108608.2, 2961701.5 ], [ 4108524.0, 2961720.6 ], [ 4108513.3, 2961657.2 ], [ 4108483.3, 2961613.2 ], [ 4108471.3, 2961560.0 ], [ 4108498.4, 2961500.9 ], [ 4108457.4, 2961449.2 ] ], [ [ 4108088.2, 2961280.5 ], [ 4108035.2, 2961267.4 ], [ 4107953.7, 2961196.8 ], [ 4107900.1, 2961170.0 ], [ 4107839.8, 2961166.2 ], [ 4107784.6, 2961173.6 ], [ 4107759.1, 2961196.3 ], [ 4107753.9, 2961231.6 ], [ 4107707.4, 2961279.4 ], [ 4107686.8, 2961274.6 ], [ 4107640.3, 2961239.7 ], [ 4107669.6, 2961229.3 ], [ 4107683.7, 2961214.6 ], [ 4107712.9, 2961145.9 ], [ 4107733.1, 2961119.2 ], [ 4107755.0, 2961103.9 ], [ 4107856.0, 2961082.7 ], [ 4108058.8, 2961150.0 ], [ 4108217.8, 2961181.0 ], [ 4108221.3, 2961191.3 ], [ 4108212.9, 2961200.1 ], [ 4108124.8, 2961260.3 ], [ 4108088.2, 2961280.5 ] ], [ [ 4106563.8, 2960856.4 ], [ 4106598.1, 2960816.5 ], [ 4106594.3, 2960795.6 ], [ 4106578.3, 2960787.5 ], [ 4106591.1, 2960755.0 ], [ 4106617.1, 2960706.0 ], [ 4106638.1, 2960693.0 ], [ 4106681.0, 2960575.0 ], [ 4106701.5, 2960543.0 ], [ 4106732.9, 2960559.9 ], [ 4106698.9, 2960676.9 ], [ 4106721.7, 2960706.2 ], [ 4106742.5, 2960707.0 ], [ 4106791.7, 2960664.2 ], [ 4106811.3, 2960660.3 ], [ 4106984.0, 2960772.6 ], [ 4107126.5, 2960781.2 ], [ 4107133.7, 2960790.1 ], [ 4107126.5, 2960832.2 ], [ 4107085.0, 2960855.0 ], [ 4107059.4, 2960852.8 ], [ 4106935.9, 2960769.6 ], [ 4106804.2, 2960738.4 ], [ 4106737.7, 2960712.4 ], [ 4106722.7, 2960721.5 ], [ 4106673.8, 2960806.7 ], [ 4106636.3, 2960916.1 ], [ 4106568.4, 2960925.4 ], [ 4106504.4, 2960880.1 ], [ 4106563.8, 2960856.4 ] ], [ [ 4107057.1, 2959846.6 ], [ 4107040.4, 2959801.6 ], [ 4107074.4, 2959742.2 ], [ 4107109.1, 2959637.2 ], [ 4107105.9, 2959620.6 ], [ 4107092.8, 2959608.7 ], [ 4107104.0, 2959561.8 ], [ 4107157.2, 2959508.3 ], [ 4107190.8, 2959485.7 ], [ 4107219.1, 2959480.9 ], [ 4107159.0, 2959551.4 ], [ 4107148.5, 2959583.4 ], [ 4107144.7, 2959648.9 ], [ 4107116.3, 2959697.1 ], [ 4107092.7, 2959787.6 ], [ 4107057.1, 2959846.6 ] ], [ [ 4108366.3, 2959492.0 ], [ 4108281.8, 2959435.5 ], [ 4108124.0, 2959358.8 ], [ 4108049.0, 2959350.0 ], [ 4107856.9, 2959350.8 ], [ 4107597.6, 2959303.8 ], [ 4107546.7, 2959305.4 ], [ 4107415.1, 2959348.1 ], [ 4107398.9, 2959347.0 ], [ 4107271.1, 2959417.1 ], [ 4107244.1, 2959417.4 ], [ 4107199.3, 2959373.7 ], [ 4107285.8, 2959282.0 ], [ 4107308.4, 2959328.1 ], [ 4107335.6, 2959328.2 ], [ 4107395.8, 2959272.8 ], [ 4107396.6, 2959258.1 ], [ 4107380.3, 2959224.5 ], [ 4107478.0, 2959174.3 ], [ 4107495.5, 2959172.9 ], [ 4107517.1, 2959155.0 ], [ 4107525.4, 2959187.2 ], [ 4107545.5, 2959200.4 ], [ 4107549.2, 2959229.5 ], [ 4107561.9, 2959241.4 ], [ 4107624.4, 2959248.9 ], [ 4107704.1, 2959289.5 ], [ 4107744.7, 2959299.7 ], [ 4107769.6, 2959319.5 ], [ 4107812.5, 2959327.6 ], [ 4107975.3, 2959333.5 ], [ 4108092.5, 2959323.1 ], [ 4108219.1, 2959373.9 ], [ 4108378.2, 2959471.5 ], [ 4108366.3, 2959492.0 ] ], [ [ 4103924.2, 2959374.8 ], [ 4103939.5, 2959421.5 ], [ 4103930.0, 2959424.2 ], [ 4103901.0, 2959414.1 ], [ 4103891.2, 2959390.5 ], [ 4103924.2, 2959374.8 ] ], [ [ 4106502.4, 2959768.4 ], [ 4106501.2, 2959827.7 ], [ 4106448.1, 2959768.0 ], [ 4106418.8, 2959712.1 ], [ 4106323.6, 2959696.4 ], [ 4106330.0, 2959580.0 ], [ 4106362.6, 2959597.1 ], [ 4106355.6, 2959653.2 ], [ 4106363.4, 2959669.2 ], [ 4106438.4, 2959686.9 ], [ 4106471.3, 2959713.2 ], [ 4106517.6, 2959729.5 ], [ 4106502.4, 2959768.4 ] ], [ [ 4108906.3, 2958601.8 ], [ 4108876.1, 2958593.0 ], [ 4108866.5, 2958575.5 ], [ 4108835.0, 2958480.6 ], [ 4108876.8, 2958452.9 ], [ 4108967.0, 2958448.2 ], [ 4108985.2, 2958579.8 ], [ 4108906.3, 2958601.8 ] ], [ [ 4109991.0, 2958437.0 ], [ 4109882.5, 2958328.4 ], [ 4109958.8, 2958240.2 ], [ 4110077.3, 2958341.9 ], [ 4109991.0, 2958437.0 ] ], [ [ 4104837.8, 2958379.7 ], [ 4104753.8, 2958288.7 ], [ 4104885.0, 2958226.2 ], [ 4104976.3, 2958278.8 ], [ 4104967.0, 2958330.9 ], [ 4104837.8, 2958379.7 ] ], [ [ 4104212.8, 2958115.3 ], [ 4104139.6, 2958054.2 ], [ 4104125.5, 2958058.1 ], [ 4104081.2, 2958101.5 ], [ 4104017.0, 2958022.2 ], [ 4103998.0, 2958013.2 ], [ 4103865.9, 2957866.7 ], [ 4103935.3, 2957804.2 ], [ 4103920.6, 2957727.8 ], [ 4103949.1, 2957721.4 ], [ 4103966.7, 2957744.9 ], [ 4103979.1, 2957782.4 ], [ 4103995.3, 2957797.4 ], [ 4104008.4, 2957837.9 ], [ 4103993.4, 2957838.1 ], [ 4103979.3, 2957849.5 ], [ 4103976.9, 2957864.2 ], [ 4103984.3, 2957877.1 ], [ 4104011.9, 2957879.7 ], [ 4104021.2, 2957869.5 ], [ 4104022.2, 2957851.9 ], [ 4104044.8, 2957847.5 ], [ 4104088.0, 2957914.1 ], [ 4104135.3, 2957913.5 ], [ 4104155.1, 2957926.0 ], [ 4104155.5, 2957961.4 ], [ 4104205.8, 2958028.8 ], [ 4104257.2, 2958067.3 ], [ 4104212.8, 2958115.3 ] ], [ [ 4109228.1, 2958019.3 ], [ 4109201.3, 2958020.3 ], [ 4109189.6, 2957990.9 ], [ 4109139.6, 2957962.8 ], [ 4109078.8, 2957950.4 ], [ 4109044.1, 2957970.1 ], [ 4109011.9, 2957957.7 ], [ 4108990.4, 2957936.2 ], [ 4109020.6, 2957880.3 ], [ 4109021.3, 2957862.3 ], [ 4108988.8, 2957838.9 ], [ 4108963.4, 2957846.0 ], [ 4108945.7, 2957830.0 ], [ 4108988.7, 2957615.2 ], [ 4109053.3, 2957539.3 ], [ 4109081.9, 2957526.0 ], [ 4109112.7, 2957467.1 ], [ 4109114.3, 2957442.3 ], [ 4109105.4, 2957422.7 ], [ 4109112.7, 2957405.6 ], [ 4109223.0, 2957404.0 ], [ 4109247.3, 2957431.2 ], [ 4109277.8, 2957445.6 ], [ 4109317.1, 2957433.6 ], [ 4109363.9, 2957431.4 ], [ 4109393.7, 2957449.1 ], [ 4109415.0, 2957447.1 ], [ 4109466.3, 2957461.8 ], [ 4109508.1, 2957448.3 ], [ 4109522.0, 2957464.4 ], [ 4109539.9, 2957469.9 ], [ 4109547.5, 2957486.2 ], [ 4109551.7, 2957551.2 ], [ 4109569.1, 2957606.6 ], [ 4109584.7, 2957628.3 ], [ 4109607.2, 2957638.8 ], [ 4109644.7, 2957700.7 ], [ 4109424.7, 2957877.9 ], [ 4109384.6, 2957925.2 ], [ 4109316.7, 2958036.6 ], [ 4109307.8, 2958066.2 ], [ 4109249.1, 2958050.3 ], [ 4109247.5, 2958029.3 ], [ 4109228.1, 2958019.3 ] ], [ [ 4106457.2, 2957392.4 ], [ 4106433.1, 2957408.0 ], [ 4106422.7, 2957400.8 ], [ 4106536.8, 2957253.7 ], [ 4106564.1, 2957230.8 ], [ 4106576.0, 2957238.0 ], [ 4106501.8, 2957329.5 ], [ 4106500.8, 2957349.7 ], [ 4106457.2, 2957392.4 ] ], [ [ 4104859.9, 2957415.3 ], [ 4104869.7, 2957517.1 ], [ 4104844.1, 2957556.4 ], [ 4104776.5, 2957619.5 ], [ 4104725.2, 2957605.0 ], [ 4104739.6, 2957540.9 ], [ 4104733.0, 2957505.7 ], [ 4104772.4, 2957421.2 ], [ 4104841.4, 2957410.7 ], [ 4104859.9, 2957415.3 ] ], [ [ 4107047.1, 2957532.7 ], [ 4107127.5, 2957419.7 ], [ 4107150.0, 2957542.0 ], [ 4107293.7, 2957629.3 ], [ 4107266.1, 2957675.1 ], [ 4107047.1, 2957532.7 ] ], [ [ 4105440.4, 2957722.0 ], [ 4105353.5, 2957811.3 ], [ 4105317.0, 2957794.5 ], [ 4105337.4, 2957758.4 ], [ 4105411.2, 2957689.1 ], [ 4105446.9, 2957684.6 ], [ 4105440.4, 2957722.0 ] ], [ [ 4104499.0, 2957115.4 ], [ 4104555.9, 2957104.9 ], [ 4104576.3, 2957111.1 ], [ 4104602.2, 2957153.5 ], [ 4104560.0, 2957210.8 ], [ 4104493.3, 2957169.6 ], [ 4104500.6, 2957149.6 ], [ 4104489.9, 2957129.8 ], [ 4104499.0, 2957115.4 ] ], [ [ 4104796.2, 2957154.6 ], [ 4104677.8, 2957047.5 ], [ 4104755.2, 2956938.6 ], [ 4104804.4, 2956979.7 ], [ 4104811.0, 2956997.6 ], [ 4104796.2, 2957154.6 ] ], [ [ 4106521.0, 2956176.1 ], [ 4106447.7, 2956080.6 ], [ 4106507.0, 2956036.1 ], [ 4106579.2, 2956131.3 ], [ 4106521.0, 2956176.1 ] ], [ [ 4106593.2, 2956047.1 ], [ 4106622.0, 2956017.4 ], [ 4106648.1, 2956051.0 ], [ 4106651.3, 2956067.3 ], [ 4106617.2, 2956100.7 ], [ 4106589.6, 2956061.0 ], [ 4106593.2, 2956047.1 ] ], [ [ 4103896.2, 2955102.1 ], [ 4103855.6, 2954975.0 ], [ 4104035.3, 2954988.5 ], [ 4104034.0, 2955054.3 ], [ 4104024.0, 2955101.3 ], [ 4103982.0, 2955115.5 ], [ 4103943.4, 2955139.3 ], [ 4103896.2, 2955102.1 ] ], [ [ 4103925.8, 2954550.1 ], [ 4104045.5, 2954443.3 ], [ 4104108.3, 2954494.5 ], [ 4104145.4, 2954533.0 ], [ 4104146.3, 2954547.4 ], [ 4103951.4, 2954592.3 ], [ 4103925.8, 2954550.1 ] ] ] } },
{ "type": "Feature", "properties": { "id": "forest_69292", "state": "Rheinland-Pfalz", "area_ha": 5527.49, "unfragmented": true, "image": "forest_69292.webp", "real_width_m": 13227.2, "real_height_m": 9124.0, "pixel_width": 1322, "pixel_height": 912, "centroid_x": 4161890.5, "centroid_y": 2989797.5 }, "geometry": { "type": "Polygon", "coordinates": [ [ [ 4162697.5, 2994425.0 ], [ 4162763.3, 2994376.9 ], [ 4162784.6, 2994409.7 ], [ 4162803.8, 2994416.9 ], [ 4162878.2, 2994367.3 ], [ 4162886.0, 2994337.4 ], [ 4162852.4, 2994291.9 ], [ 4162913.3, 2994227.6 ], [ 4162935.9, 2994246.3 ], [ 4162953.0, 2994248.7 ], [ 4163014.6, 2994199.2 ], [ 4163065.2, 2994145.2 ], [ 4163071.0, 2994125.3 ], [ 4163065.1, 2994089.5 ], [ 4163103.5, 2994082.9 ], [ 4163113.7, 2994064.4 ], [ 4163215.5, 2994005.1 ], [ 4163232.8, 2994030.1 ], [ 4163256.7, 2994032.0 ], [ 4163288.4, 2993962.2 ], [ 4163316.1, 2993996.8 ], [ 4163377.4, 2993974.7 ], [ 4163400.0, 2993930.2 ], [ 4163377.8, 2993887.4 ], [ 4163422.8, 2993861.1 ], [ 4163446.4, 2993893.8 ], [ 4163471.7, 2993891.6 ], [ 4163496.0, 2993863.0 ], [ 4163481.6, 2993823.9 ], [ 4163500.4, 2993812.5 ], [ 4163515.1, 2993821.3 ], [ 4163533.8, 2993816.2 ], [ 4163557.0, 2993841.8 ], [ 4163600.7, 2993826.6 ], [ 4163626.1, 2993786.8 ], [ 4163634.1, 2993763.9 ], [ 4163630.8, 2993749.7 ], [ 4163600.0, 2993732.8 ], [ 4163570.3, 2993735.2 ], [ 4163547.1, 2993715.5 ], [ 4163417.6, 2993690.4 ], [ 4163401.2, 2993697.4 ], [ 4163392.2, 2993721.3 ], [ 4163309.6, 2993762.5 ], [ 4163266.1, 2993761.2 ], [ 4163229.4, 2993742.0 ], [ 4163136.7, 2993727.8 ], [ 4163102.8, 2993744.2 ], [ 4163094.7, 2993756.3 ], [ 4163119.7, 2993816.3 ], [ 4163094.1, 2993845.5 ], [ 4163065.6, 2993853.3 ], [ 4163015.0, 2993792.5 ], [ 4162969.0, 2993758.6 ], [ 4162930.9, 2993690.5 ], [ 4162929.3, 2993673.3 ], [ 4162892.7, 2993622.3 ], [ 4162805.4, 2993553.1 ], [ 4162755.2, 2993526.1 ], [ 4162697.3, 2993521.3 ], [ 4162596.9, 2993496.8 ], [ 4162474.3, 2993520.9 ], [ 4162443.7, 2993551.0 ], [ 4162441.5, 2993572.1 ], [ 4162527.9, 2993665.8 ], [ 4162542.4, 2993665.7 ], [ 4162564.9, 2993649.4 ], [ 4162595.3, 2993672.1 ], [ 4162616.7, 2993671.6 ], [ 4162627.1, 2993656.8 ], [ 4162627.6, 2993628.7 ], [ 4162598.7, 2993595.5 ], [ 4162597.2, 2993582.2 ], [ 4162651.1, 2993587.1 ], [ 4162661.3, 2993605.9 ], [ 4162653.3, 2993644.2 ], [ 4162677.4, 2993658.2 ], [ 4162685.9, 2993678.4 ], [ 4162646.4, 2993712.2 ], [ 4162644.0, 2993733.8 ], [ 4162594.1, 2993772.3 ], [ 4162597.8, 2993838.9 ], [ 4162609.2, 2993851.7 ], [ 4162628.5, 2993851.6 ], [ 4162667.7, 2993886.7 ], [ 4162691.1, 2993890.2 ], [ 4162728.0, 2993945.1 ], [ 4162776.7, 2993946.7 ], [ 4162793.0, 2993985.2 ], [ 4162789.8, 2994001.8 ], [ 4162756.0, 2994042.7 ], [ 4162641.9, 2994129.9 ], [ 4162634.7, 2994127.9 ], [ 4162619.4, 2994098.2 ], [ 4162561.9, 2994056.6 ], [ 4162579.1, 2994030.1 ], [ 4162571.7, 2994009.6 ], [ 4162546.8, 2994003.5 ], [ 4162397.2, 2993898.7 ], [ 4162337.8, 2993849.7 ], [ 4162243.2, 2993744.6 ], [ 4162245.8, 2993725.4 ], [ 4162226.2, 2993631.9 ], [ 4162247.1, 2993611.3 ], [ 4162251.0, 2993593.9 ], [ 4162226.8, 2993571.0 ], [ 4162230.8, 2993520.0 ], [ 4162199.1, 2993483.3 ], [ 4162219.7, 2993458.4 ], [ 4162221.0, 2993441.1 ], [ 4162167.1, 2993398.7 ], [ 4162138.3, 2993320.7 ], [ 4162141.2, 2993296.2 ], [ 4162124.6, 2993237.7 ], [ 4162132.2, 2993163.8 ], [ 4162118.2, 2993054.6 ], [ 4162109.3, 2993027.5 ], [ 4162006.5, 2992886.9 ], [ 4162009.6, 2992859.1 ], [ 4161976.7, 2992813.4 ], [ 4161931.0, 2992788.1 ], [ 4161923.5, 2992772.4 ], [ 4161901.8, 2992764.6 ], [ 4161857.6, 2992729.9 ], [ 4161847.2, 2992710.5 ], [ 4161825.4, 2992697.4 ], [ 4161804.5, 2992699.8 ], [ 4161788.5, 2992691.8 ], [ 4161762.1, 2992648.7 ], [ 4161673.3, 2992633.1 ], [ 4161656.5, 2992638.0 ], [ 4161612.7, 2992621.1 ], [ 4161519.2, 2992522.1 ], [ 4161441.0, 2992465.9 ], [ 4161419.5, 2992467.9 ], [ 4161399.3, 2992493.8 ], [ 4161345.1, 2992476.1 ], [ 4161301.5, 2992447.7 ], [ 4161323.1, 2992413.6 ], [ 4161320.4, 2992391.8 ], [ 4161275.8, 2992370.1 ], [ 4161178.5, 2992351.6 ], [ 4161141.4, 2992403.0 ], [ 4161084.8, 2992380.3 ], [ 4161068.3, 2992365.9 ], [ 4160996.6, 2992364.5 ], [ 4160923.6, 2992375.4 ], [ 4160910.5, 2992388.2 ], [ 4160911.7, 2992406.5 ], [ 4160976.0, 2992450.4 ], [ 4160973.2, 2992468.4 ], [ 4160945.4, 2992467.7 ], [ 4160937.2, 2992480.2 ], [ 4160939.0, 2992495.0 ], [ 4160927.1, 2992501.6 ], [ 4160911.3, 2992493.3 ], [ 4160897.4, 2992497.2 ], [ 4160888.1, 2992512.5 ], [ 4160888.8, 2992538.0 ], [ 4160810.4, 2992525.8 ], [ 4160802.5, 2992482.4 ], [ 4160759.8, 2992445.2 ], [ 4160761.7, 2992434.0 ], [ 4160803.5, 2992410.9 ], [ 4160804.8, 2992386.4 ], [ 4160711.7, 2992345.6 ], [ 4160798.6, 2992336.6 ], [ 4160830.3, 2992252.6 ], [ 4160824.5, 2992233.1 ], [ 4160795.2, 2992225.0 ], [ 4160771.6, 2992256.7 ], [ 4160745.3, 2992259.7 ], [ 4160706.4, 2992247.4 ], [ 4160723.3, 2992217.8 ], [ 4160716.4, 2992196.1 ], [ 4160666.0, 2992189.9 ], [ 4160651.2, 2992198.0 ], [ 4160619.0, 2992253.5 ], [ 4160501.6, 2992202.0 ], [ 4160530.7, 2992154.6 ], [ 4160525.4, 2992137.8 ], [ 4160503.5, 2992124.6 ], [ 4160474.3, 2992118.2 ], [ 4160460.5, 2992123.5 ], [ 4160446.9, 2992171.9 ], [ 4160422.3, 2992158.6 ], [ 4160336.9, 2992086.0 ], [ 4160294.9, 2992060.6 ], [ 4160231.0, 2992035.9 ], [ 4160232.9, 2992010.4 ], [ 4160216.6, 2991995.9 ], [ 4160219.7, 2991904.0 ], [ 4160209.8, 2991888.5 ], [ 4160195.2, 2991885.1 ], [ 4160167.4, 2991895.0 ], [ 4160164.9, 2991867.0 ], [ 4160148.3, 2991855.4 ], [ 4160100.6, 2991850.0 ], [ 4160067.6, 2991858.9 ], [ 4160023.7, 2991857.5 ], [ 4160012.3, 2991844.1 ], [ 4159972.8, 2991835.1 ], [ 4159952.6, 2991840.9 ], [ 4159904.8, 2991832.9 ], [ 4159890.1, 2991800.9 ], [ 4159885.7, 2991759.7 ], [ 4159826.3, 2991690.5 ], [ 4159803.5, 2991617.0 ], [ 4159841.8, 2991606.0 ], [ 4159915.5, 2991568.4 ], [ 4159966.3, 2991556.3 ], [ 4160056.1, 2991574.0 ], [ 4160104.9, 2991558.3 ], [ 4160216.8, 2991542.9 ], [ 4160319.0, 2991504.0 ], [ 4160321.7, 2991484.0 ], [ 4160266.2, 2991323.5 ], [ 4160246.2, 2991299.4 ], [ 4160248.6, 2991220.3 ], [ 4160234.3, 2991205.7 ], [ 4160206.7, 2991125.6 ], [ 4160179.2, 2991090.9 ], [ 4160181.6, 2991066.2 ], [ 4160230.9, 2991063.9 ], [ 4160245.8, 2991118.6 ], [ 4160262.9, 2991147.3 ], [ 4160292.3, 2991168.6 ], [ 4160340.5, 2991170.2 ], [ 4160341.4, 2991195.1 ], [ 4160374.9, 2991223.6 ], [ 4160384.9, 2991244.6 ], [ 4160383.4, 2991268.1 ], [ 4160302.9, 2991284.7 ], [ 4160287.4, 2991308.0 ], [ 4160297.4, 2991325.5 ], [ 4160315.8, 2991334.9 ], [ 4160318.8, 2991356.5 ], [ 4160331.4, 2991372.0 ], [ 4160384.4, 2991405.2 ], [ 4160408.8, 2991451.2 ], [ 4160397.7, 2991496.3 ], [ 4160363.4, 2991501.1 ], [ 4160346.3, 2991527.0 ], [ 4160351.3, 2991543.8 ], [ 4160387.1, 2991574.2 ], [ 4160430.2, 2991588.8 ], [ 4160468.0, 2991581.9 ], [ 4160501.4, 2991543.5 ], [ 4160509.3, 2991507.3 ], [ 4160500.4, 2991484.2 ], [ 4160511.0, 2991487.5 ], [ 4160566.9, 2991577.0 ], [ 4160587.3, 2991577.9 ], [ 4160608.5, 2991559.2 ], [ 4160636.8, 2991566.6 ], [ 4160650.6, 2991549.6 ], [ 4160646.5, 2991528.9 ], [ 4160675.2, 2991506.5 ], [ 4160707.6, 2991462.8 ], [ 4160723.9, 2991460.9 ], [ 4160752.1, 2991484.4 ], [ 4160775.4, 2991472.4 ], [ 4160786.3, 2991439.8 ], [ 4160760.4, 2991418.3 ], [ 4160762.5, 2991400.7 ], [ 4160777.2, 2991401.3 ], [ 4160816.7, 2991432.6 ], [ 4160902.1, 2991455.8 ], [ 4160938.6, 2991445.3 ], [ 4160949.4, 2991459.6 ], [ 4160978.9, 2991464.6 ], [ 4161000.5, 2991495.1 ], [ 4161018.7, 2991492.1 ], [ 4161028.1, 2991479.6 ], [ 4161042.8, 2991493.4 ], [ 4161035.9, 2991535.2 ], [ 4161041.6, 2991552.2 ], [ 4161057.9, 2991559.8 ], [ 4161077.5, 2991550.0 ], [ 4161096.1, 2991552.1 ], [ 4161149.7, 2991609.0 ], [ 4161235.5, 2991613.7 ], [ 4161249.9, 2991603.9 ], [ 4161277.8, 2991559.4 ], [ 4161303.8, 2991573.7 ], [ 4161322.3, 2991571.9 ], [ 4161332.8, 2991549.0 ], [ 4161307.1, 2991464.2 ], [ 4161316.6, 2991397.9 ], [ 4161261.4, 2991359.8 ], [ 4161220.8, 2991303.6 ], [ 4161199.9, 2991302.6 ], [ 4161150.0, 2991341.1 ], [ 4161144.5, 2991357.5 ], [ 4161152.6, 2991372.9 ], [ 4161137.8, 2991395.6 ], [ 4161059.2, 2991344.2 ], [ 4161015.5, 2991340.7 ], [ 4160976.1, 2991322.1 ], [ 4160951.8, 2991300.7 ], [ 4160935.1, 2991240.8 ], [ 4160922.7, 2991233.2 ], [ 4160901.2, 2991234.8 ], [ 4160888.2, 2991245.0 ], [ 4160873.4, 2991280.0 ], [ 4160899.6, 2991312.4 ], [ 4160901.0, 2991346.5 ], [ 4160946.6, 2991391.5 ], [ 4160928.5, 2991394.9 ], [ 4160918.6, 2991405.5 ], [ 4160862.7, 2991394.1 ], [ 4160825.3, 2991375.1 ], [ 4160811.5, 2991347.5 ], [ 4160816.1, 2991327.0 ], [ 4160801.2, 2991310.4 ], [ 4160847.0, 2991255.0 ], [ 4160847.0, 2991224.7 ], [ 4160891.5, 2991151.5 ], [ 4160894.6, 2991110.2 ], [ 4160941.1, 2991126.2 ], [ 4160957.4, 2991123.6 ], [ 4161021.0, 2991048.3 ], [ 4161015.2, 2991016.2 ], [ 4161021.9, 2990985.6 ], [ 4160984.9, 2990950.2 ], [ 4161047.5, 2990922.5 ], [ 4161095.3, 2990973.4 ], [ 4161142.5, 2990966.6 ], [ 4161153.2, 2990957.6 ], [ 4161187.5, 2990880.8 ], [ 4161200.8, 2990806.6 ], [ 4161300.6, 2990826.1 ], [ 4161293.0, 2990865.5 ], [ 4161264.0, 2990929.3 ], [ 4161240.9, 2990961.3 ], [ 4161218.5, 2990977.3 ], [ 4161217.1, 2991060.5 ], [ 4161186.5, 2991056.4 ], [ 4161171.4, 2991071.5 ], [ 4161174.0, 2991089.3 ], [ 4161200.3, 2991110.9 ], [ 4161200.4, 2991137.0 ], [ 4161220.1, 2991156.7 ], [ 4161222.4, 2991186.9 ], [ 4161210.1, 2991204.7 ], [ 4161209.9, 2991248.6 ], [ 4161227.6, 2991261.3 ], [ 4161252.6, 2991250.8 ], [ 4161262.2, 2991235.7 ], [ 4161259.4, 2991221.2 ], [ 4161329.9, 2991163.3 ], [ 4161323.9, 2991117.8 ], [ 4161294.2, 2991018.6 ], [ 4161298.6, 2990998.9 ], [ 4161313.7, 2990981.7 ], [ 4161314.9, 2990937.3 ], [ 4161355.0, 2990900.5 ], [ 4161412.6, 2990890.8 ], [ 4161536.8, 2990929.2 ], [ 4161585.7, 2990930.6 ], [ 4161580.3, 2990960.1 ], [ 4161594.2, 2990975.3 ], [ 4161618.9, 2990983.8 ], [ 4161626.5, 2991006.5 ], [ 4161655.2, 2991028.4 ], [ 4161648.0, 2991042.6 ], [ 4161589.4, 2991008.6 ], [ 4161554.3, 2991000.9 ], [ 4161520.6, 2991015.4 ], [ 4161512.8, 2991078.5 ], [ 4161497.8, 2991094.2 ], [ 4161490.1, 2991097.7 ], [ 4161449.6, 2991068.7 ], [ 4161428.4, 2991072.0 ], [ 4161419.0, 2991093.3 ], [ 4161377.8, 2991124.5 ], [ 4161372.4, 2991141.1 ], [ 4161383.9, 2991158.3 ], [ 4161435.7, 2991175.9 ], [ 4161433.2, 2991224.6 ], [ 4161456.3, 2991240.1 ], [ 4161386.9, 2991281.6 ], [ 4161381.2, 2991297.7 ], [ 4161388.6, 2991313.4 ], [ 4161302.0, 2991282.8 ], [ 4161284.2, 2991290.5 ], [ 4161279.3, 2991309.9 ], [ 4161339.4, 2991385.2 ], [ 4161391.1, 2991417.8 ], [ 4161503.1, 2991589.6 ], [ 4161522.6, 2991604.4 ], [ 4161540.4, 2991601.3 ], [ 4161549.0, 2991589.6 ], [ 4161554.7, 2991548.4 ], [ 4161551.1, 2991509.1 ], [ 4161521.5, 2991467.2 ], [ 4161513.9, 2991435.4 ], [ 4161537.8, 2991382.6 ], [ 4161541.4, 2991357.1 ], [ 4161558.4, 2991339.9 ], [ 4161546.3, 2991315.6 ], [ 4161559.6, 2991224.2 ], [ 4161539.5, 2991151.2 ], [ 4161542.7, 2991141.6 ], [ 4161551.5, 2991141.8 ], [ 4161568.4, 2991178.2 ], [ 4161608.8, 2991197.3 ], [ 4161606.9, 2991343.8 ], [ 4161561.9, 2991349.5 ], [ 4161550.6, 2991396.0 ], [ 4161559.4, 2991407.5 ], [ 4161584.5, 2991410.0 ], [ 4161649.7, 2991450.9 ], [ 4161727.7, 2991541.7 ], [ 4161748.4, 2991584.4 ], [ 4161763.0, 2991701.6 ], [ 4161757.1, 2991757.5 ], [ 4161741.0, 2991783.7 ], [ 4161720.2, 2991795.7 ], [ 4161698.3, 2991796.7 ], [ 4161681.0, 2991821.4 ], [ 4161628.1, 2991818.7 ], [ 4161582.9, 2991840.9 ], [ 4161570.6, 2991883.6 ], [ 4161590.3, 2991915.1 ], [ 4161576.9, 2991922.8 ], [ 4161525.5, 2991877.1 ], [ 4161507.6, 2991844.0 ], [ 4161471.0, 2991841.8 ], [ 4161419.3, 2991820.8 ], [ 4161368.2, 2991840.6 ], [ 4161342.1, 2991832.3 ], [ 4161316.5, 2991850.3 ], [ 4161302.3, 2991844.0 ], [ 4161281.0, 2991849.3 ], [ 4161273.0, 2991868.6 ], [ 4161287.2, 2991888.0 ], [ 4161287.6, 2991908.0 ], [ 4161335.1, 2991964.0 ], [ 4161341.1, 2991998.0 ], [ 4161351.2, 2992011.2 ], [ 4161375.3, 2992024.3 ], [ 4161434.5, 2992023.9 ], [ 4161507.6, 2992075.0 ], [ 4161533.2, 2992067.5 ], [ 4161584.8, 2992085.7 ], [ 4161612.5, 2992123.7 ], [ 4161603.3, 2992143.9 ], [ 4161605.8, 2992157.6 ], [ 4161656.8, 2992208.6 ], [ 4161679.3, 2992200.4 ], [ 4161683.3, 2992164.6 ], [ 4161700.9, 2992147.4 ], [ 4161678.9, 2992083.8 ], [ 4161698.9, 2992072.5 ], [ 4161699.5, 2992050.9 ], [ 4161682.2, 2992029.8 ], [ 4161660.9, 2992018.9 ], [ 4161643.9, 2992022.1 ], [ 4161607.4, 2992055.6 ], [ 4161580.2, 2992031.0 ], [ 4161618.8, 2991992.8 ], [ 4161648.3, 2991999.3 ], [ 4161698.1, 2991959.3 ], [ 4161712.6, 2991976.7 ], [ 4161735.7, 2992050.0 ], [ 4161748.2, 2992137.4 ], [ 4161762.7, 2992152.6 ], [ 4161788.8, 2992148.1 ], [ 4161820.2, 2992164.8 ], [ 4161851.3, 2992163.5 ], [ 4161859.3, 2992152.0 ], [ 4161867.7, 2992087.5 ], [ 4161959.1, 2992109.1 ], [ 4162050.0, 2992155.2 ], [ 4162139.6, 2992146.0 ], [ 4162154.6, 2992123.5 ], [ 4162128.1, 2992053.9 ], [ 4162183.7, 2992044.4 ], [ 4162215.6, 2992060.3 ], [ 4162296.6, 2992134.8 ], [ 4162315.0, 2992134.9 ], [ 4162333.8, 2992119.1 ], [ 4162366.3, 2992170.0 ], [ 4162387.5, 2992187.1 ], [ 4162405.2, 2992186.3 ], [ 4162439.7, 2992126.2 ], [ 4162459.5, 2992134.4 ], [ 4162473.9, 2992131.0 ], [ 4162508.8, 2992080.7 ], [ 4162515.4, 2992045.2 ], [ 4162496.9, 2992025.9 ], [ 4162532.8, 2991980.3 ], [ 4162508.6, 2991942.6 ], [ 4162455.0, 2991944.4 ], [ 4162456.9, 2991925.0 ], [ 4162441.6, 2991905.0 ], [ 4162461.7, 2991853.3 ], [ 4162450.2, 2991832.2 ], [ 4162452.5, 2991810.8 ], [ 4162474.6, 2991791.2 ], [ 4162482.7, 2991766.5 ], [ 4162500.2, 2991761.4 ], [ 4162507.7, 2991748.9 ], [ 4162503.8, 2991731.4 ], [ 4162487.1, 2991720.6 ], [ 4162507.2, 2991583.4 ], [ 4162526.2, 2991508.1 ], [ 4162505.2, 2991472.5 ], [ 4162499.6, 2991426.9 ], [ 4162511.0, 2991401.7 ], [ 4162556.5, 2991409.7 ], [ 4162558.8, 2991450.3 ], [ 4162587.8, 2991522.1 ], [ 4162547.3, 2991533.1 ], [ 4162536.9, 2991566.9 ], [ 4162567.7, 2991599.9 ], [ 4162617.9, 2991766.9 ], [ 4162644.3, 2991771.0 ], [ 4162663.0, 2991759.4 ], [ 4162680.3, 2991733.9 ], [ 4162698.0, 2991730.0 ], [ 4162711.6, 2991753.9 ], [ 4162749.7, 2991764.1 ], [ 4162748.3, 2991788.6 ], [ 4162769.6, 2991801.5 ], [ 4162810.6, 2991795.1 ], [ 4162829.6, 2991757.4 ], [ 4162869.8, 2991764.1 ], [ 4162878.4, 2991808.5 ], [ 4162904.1, 2991843.2 ], [ 4162885.6, 2991953.9 ], [ 4162889.4, 2991970.5 ], [ 4162927.9, 2991988.1 ], [ 4162963.3, 2992040.5 ], [ 4163032.0, 2992036.0 ], [ 4163061.0, 2992070.2 ], [ 4163099.2, 2992091.2 ], [ 4163117.5, 2992088.2 ], [ 4163128.7, 2992072.6 ], [ 4163133.6, 2992042.1 ], [ 4163111.8, 2992019.1 ], [ 4163116.6, 2992003.3 ], [ 4163135.4, 2991986.6 ], [ 4163124.7, 2991962.2 ], [ 4163173.1, 2991892.3 ], [ 4163205.4, 2991872.6 ], [ 4163226.0, 2991872.5 ], [ 4163254.6, 2991880.3 ], [ 4163300.7, 2991909.4 ], [ 4163319.4, 2991907.4 ], [ 4163331.2, 2991894.9 ], [ 4163328.0, 2991850.9 ], [ 4163273.5, 2991813.7 ], [ 4163267.0, 2991797.9 ], [ 4163329.7, 2991764.8 ], [ 4163342.5, 2991742.7 ], [ 4163358.9, 2991670.4 ], [ 4163347.9, 2991656.1 ], [ 4163307.8, 2991638.3 ], [ 4163272.3, 2991649.9 ], [ 4163272.4, 2991619.9 ], [ 4163262.5, 2991594.4 ], [ 4163278.6, 2991589.5 ], [ 4163325.8, 2991597.8 ], [ 4163364.5, 2991640.9 ], [ 4163358.9, 2991663.9 ], [ 4163364.0, 2991676.7 ], [ 4163390.0, 2991696.0 ], [ 4163424.8, 2991706.5 ], [ 4163445.5, 2991699.9 ], [ 4163488.4, 2991644.5 ], [ 4163499.6, 2991671.4 ], [ 4163604.3, 2991768.5 ], [ 4163605.9, 2991790.5 ], [ 4163649.5, 2991843.8 ], [ 4163687.0, 2991862.0 ], [ 4163681.4, 2991877.0 ], [ 4163686.8, 2991892.4 ], [ 4163737.4, 2991949.4 ], [ 4163738.7, 2991964.9 ], [ 4163726.9, 2991988.9 ], [ 4163746.0, 2992020.1 ], [ 4163730.6, 2992068.0 ], [ 4163703.2, 2992089.6 ], [ 4163706.7, 2992120.5 ], [ 4163685.2, 2992152.7 ], [ 4163688.8, 2992174.3 ], [ 4163755.9, 2992222.9 ], [ 4163788.9, 2992223.7 ], [ 4163803.1, 2992199.9 ], [ 4163796.3, 2992186.8 ], [ 4163775.3, 2992178.2 ], [ 4163776.0, 2992162.7 ], [ 4163793.6, 2992149.9 ], [ 4163797.9, 2992125.3 ], [ 4163821.5, 2992125.0 ], [ 4163834.1, 2992137.4 ], [ 4163851.8, 2992136.4 ], [ 4163867.3, 2992153.1 ], [ 4163872.1, 2992181.9 ], [ 4163895.9, 2992192.9 ], [ 4163922.7, 2992224.3 ], [ 4163931.2, 2992254.7 ], [ 4163925.1, 2992273.4 ], [ 4163902.7, 2992285.2 ], [ 4163895.9, 2992330.2 ], [ 4163921.9, 2992353.0 ], [ 4163919.7, 2992385.0 ], [ 4163941.6, 2992394.3 ], [ 4163948.2, 2992415.1 ], [ 4163924.9, 2992430.9 ], [ 4163920.0, 2992451.7 ], [ 4163997.7, 2992568.6 ], [ 4164010.9, 2992628.9 ], [ 4164003.1, 2992641.8 ], [ 4164007.5, 2992659.8 ], [ 4164027.9, 2992667.9 ], [ 4164119.5, 2992793.2 ], [ 4164136.9, 2992795.4 ], [ 4164214.2, 2992763.3 ], [ 4164231.2, 2992815.9 ], [ 4164266.2, 2992873.3 ], [ 4164332.7, 2992943.6 ], [ 4164381.7, 2992946.0 ], [ 4164417.0, 2992937.2 ], [ 4164443.4, 2992912.7 ], [ 4164466.8, 2992839.4 ], [ 4164465.3, 2992824.5 ], [ 4164454.7, 2992814.1 ], [ 4164439.8, 2992812.8 ], [ 4164404.9, 2992840.7 ], [ 4164380.2, 2992800.6 ], [ 4164327.7, 2992797.9 ], [ 4164304.2, 2992702.9 ], [ 4164347.3, 2992673.5 ], [ 4164404.4, 2992594.1 ], [ 4164431.2, 2992611.3 ], [ 4164449.2, 2992608.4 ], [ 4164575.9, 2992468.5 ], [ 4164721.4, 2992382.7 ], [ 4164768.6, 2992367.2 ], [ 4164805.9, 2992423.9 ], [ 4164825.2, 2992430.9 ], [ 4164880.4, 2992402.6 ], [ 4164991.6, 2992327.3 ], [ 4165087.1, 2992299.9 ], [ 4165154.9, 2992268.6 ], [ 4165177.9, 2992291.4 ], [ 4165198.0, 2992289.6 ], [ 4165337.3, 2992156.1 ], [ 4165464.5, 2992012.2 ], [ 4165523.3, 2991956.4 ], [ 4165531.3, 2991918.8 ], [ 4165566.2, 2991890.8 ], [ 4165589.7, 2991859.9 ], [ 4165645.0, 2991872.2 ], [ 4165903.9, 2991705.1 ], [ 4165909.1, 2991688.6 ], [ 4165896.6, 2991652.8 ], [ 4165924.6, 2991594.6 ], [ 4165899.3, 2991562.7 ], [ 4165940.4, 2991491.1 ], [ 4165888.5, 2991425.5 ], [ 4165910.5, 2991396.6 ], [ 4165892.3, 2991349.7 ], [ 4165894.6, 2991322.3 ], [ 4165926.2, 2991296.1 ], [ 4165958.2, 2991284.6 ], [ 4165992.7, 2991241.8 ], [ 4165991.3, 2991221.0 ], [ 4165955.4, 2991179.9 ], [ 4165977.5, 2991162.6 ], [ 4166011.9, 2991197.8 ], [ 4166032.6, 2991197.9 ], [ 4166066.3, 2991143.0 ], [ 4166166.1, 2991051.0 ], [ 4166197.2, 2991092.8 ], [ 4166186.2, 2991121.1 ], [ 4166197.4, 2991138.9 ], [ 4166221.5, 2991137.1 ], [ 4166274.2, 2991083.3 ], [ 4166276.0, 2991127.3 ], [ 4166302.4, 2991155.9 ], [ 4166325.6, 2991152.2 ], [ 4166404.7, 2991064.3 ], [ 4166454.2, 2990943.6 ], [ 4166500.7, 2990867.6 ], [ 4166541.7, 2990900.4 ], [ 4166559.9, 2990898.5 ], [ 4166570.2, 2990886.7 ], [ 4166569.5, 2990869.0 ], [ 4166532.6, 2990806.4 ], [ 4166521.2, 2990725.1 ], [ 4166529.0, 2990727.7 ], [ 4166535.0, 2990775.5 ], [ 4166549.7, 2990803.5 ], [ 4166627.2, 2990895.8 ], [ 4166660.5, 2990922.7 ], [ 4166689.7, 2990927.3 ], [ 4166712.9, 2990949.4 ], [ 4166739.0, 2990949.1 ], [ 4166765.5, 2990886.0 ], [ 4166861.9, 2990838.8 ], [ 4166893.4, 2990807.4 ], [ 4166886.4, 2990788.2 ], [ 4166846.5, 2990767.5 ], [ 4166832.7, 2990776.3 ], [ 4166795.2, 2990832.2 ], [ 4166770.1, 2990788.6 ], [ 4166827.7, 2990756.2 ], [ 4166874.3, 2990716.7 ], [ 4166907.9, 2990726.4 ], [ 4166949.7, 2990684.2 ], [ 4166977.8, 2990686.2 ], [ 4167003.7, 2990656.4 ], [ 4166998.4, 2990629.1 ], [ 4167039.6, 2990546.7 ], [ 4167070.5, 2990553.7 ], [ 4167097.7, 2990518.2 ], [ 4167098.4, 2990500.2 ], [ 4167079.5, 2990485.7 ], [ 4167082.9, 2990465.0 ], [ 4167072.4, 2990451.6 ], [ 4167088.7, 2990412.1 ], [ 4167082.6, 2990381.6 ], [ 4167066.6, 2990374.1 ], [ 4167042.9, 2990385.8 ], [ 4167026.0, 2990379.0 ], [ 4166959.4, 2990314.0 ], [ 4166902.3, 2990289.7 ], [ 4166866.9, 2990245.2 ], [ 4166872.7, 2990225.8 ], [ 4166921.0, 2990262.2 ], [ 4166976.0, 2990330.0 ], [ 4167001.8, 2990338.8 ], [ 4167058.5, 2990289.7 ], [ 4167133.7, 2990255.0 ], [ 4167140.0, 2990239.1 ], [ 4167132.0, 2990213.0 ], [ 4167188.0, 2990195.7 ], [ 4167223.5, 2990166.2 ], [ 4167248.0, 2989976.4 ], [ 4167310.8, 2989645.4 ], [ 4167480.1, 2989135.4 ], [ 4167478.6, 2989121.6 ], [ 4167466.0, 2989109.9 ], [ 4167441.8, 2989105.2 ], [ 4167422.0, 2989118.8 ], [ 4167409.8, 2989104.0 ], [ 4167413.1, 2988993.1 ], [ 4167424.9, 2988983.3 ], [ 4167439.7, 2988989.9 ], [ 4167444.9, 2989006.9 ], [ 4167462.2, 2989019.3 ], [ 4167483.3, 2989018.1 ], [ 4167496.3, 2989002.8 ], [ 4167505.2, 2988626.4 ], [ 4167515.7, 2988488.3 ], [ 4167497.8, 2988444.2 ], [ 4167508.7, 2988401.3 ], [ 4167507.8, 2988323.2 ], [ 4167528.6, 2988288.2 ], [ 4167529.7, 2988078.3 ], [ 4167541.1, 2987894.0 ], [ 4167566.5, 2987753.8 ], [ 4167593.8, 2987652.0 ], [ 4167677.7, 2987420.9 ], [ 4167883.0, 2986944.8 ], [ 4167941.5, 2986863.4 ], [ 4167982.1, 2986828.1 ], [ 4168153.5, 2986730.6 ], [ 4168572.2, 2986463.9 ], [ 4168580.9, 2986441.1 ], [ 4168621.6, 2986422.5 ], [ 4168644.1, 2986429.3 ], [ 4168702.2, 2986403.1 ], [ 4168884.1, 2986302.2 ], [ 4168889.5, 2986281.3 ], [ 4168871.4, 2986254.5 ], [ 4168850.8, 2986251.4 ], [ 4168812.7, 2986281.0 ], [ 4168802.7, 2986274.3 ], [ 4168809.9, 2986247.9 ], [ 4168796.3, 2986234.2 ], [ 4168826.6, 2986185.6 ], [ 4168865.1, 2986067.8 ], [ 4168925.2, 2985991.7 ], [ 4168990.5, 2985936.7 ], [ 4168985.1, 2985909.0 ], [ 4168968.5, 2985897.5 ], [ 4168972.2, 2985872.6 ], [ 4168937.0, 2985841.1 ], [ 4168911.9, 2985780.0 ], [ 4168938.9, 2985726.8 ], [ 4168934.6, 2985706.1 ], [ 4168884.6, 2985685.3 ], [ 4168865.8, 2985690.1 ], [ 4168844.9, 2985681.6 ], [ 4168828.1, 2985686.7 ], [ 4168797.7, 2985676.8 ], [ 4168777.7, 2985681.1 ], [ 4168764.6, 2985701.2 ], [ 4168779.5, 2985763.3 ], [ 4168830.9, 2985806.2 ], [ 4168843.9, 2985843.9 ], [ 4168843.8, 2985855.3 ], [ 4168823.3, 2985859.1 ], [ 4168803.4, 2985887.8 ], [ 4168806.5, 2985905.4 ], [ 4168825.6, 2985916.4 ], [ 4168799.0, 2985981.0 ], [ 4168803.6, 2986024.5 ], [ 4168782.1, 2986065.0 ], [ 4168776.6, 2986149.9 ], [ 4168741.1, 2986146.6 ], [ 4168730.8, 2986161.3 ], [ 4168734.0, 2986182.0 ], [ 4168708.4, 2986191.7 ], [ 4168629.0, 2986174.6 ], [ 4168516.2, 2986180.2 ], [ 4168462.5, 2986094.3 ], [ 4168485.8, 2986033.8 ], [ 4168558.4, 2985927.6 ], [ 4168541.7, 2985888.6 ], [ 4168555.8, 2985783.5 ], [ 4168545.3, 2985714.3 ], [ 4168599.0, 2985678.2 ], [ 4168605.9, 2985661.7 ], [ 4168561.4, 2985599.9 ], [ 4168584.6, 2985586.1 ], [ 4168633.3, 2985646.7 ], [ 4168653.0, 2985642.4 ], [ 4168662.8, 2985624.8 ], [ 4168636.8, 2985573.0 ], [ 4168628.4, 2985517.1 ], [ 4168552.3, 2985490.9 ], [ 4168509.9, 2985392.7 ], [ 4168486.0, 2985393.9 ], [ 4168444.1, 2985436.7 ], [ 4168440.3, 2985450.6 ], [ 4168537.5, 2985583.2 ], [ 4168465.9, 2985635.7 ], [ 4168454.0, 2985634.6 ], [ 4168445.8, 2985611.0 ], [ 4168404.3, 2985577.3 ], [ 4168427.3, 2985555.2 ], [ 4168429.2, 2985537.9 ], [ 4168420.4, 2985526.0 ], [ 4168446.4, 2985490.3 ], [ 4168432.3, 2985451.1 ], [ 4168418.0, 2985441.2 ], [ 4168399.7, 2985444.4 ], [ 4168389.0, 2985475.1 ], [ 4168372.0, 2985487.4 ], [ 4168330.5, 2985466.8 ], [ 4168313.3, 2985468.4 ], [ 4168289.9, 2985489.2 ], [ 4168292.9, 2985506.8 ], [ 4168251.3, 2985664.6 ], [ 4168272.0, 2985701.5 ], [ 4168265.2, 2985724.4 ], [ 4168118.3, 2985659.4 ], [ 4168101.2, 2985659.1 ], [ 4168086.5, 2985680.7 ], [ 4168069.3, 2985677.9 ], [ 4168055.5, 2985688.5 ], [ 4168028.5, 2985825.8 ], [ 4168016.8, 2985833.2 ], [ 4167953.8, 2985818.5 ], [ 4167960.1, 2985786.2 ], [ 4167946.2, 2985770.4 ], [ 4167871.4, 2985792.2 ], [ 4167852.2, 2985787.8 ], [ 4167838.6, 2985765.5 ], [ 4167876.3, 2985668.8 ], [ 4167954.2, 2985657.6 ], [ 4167987.1, 2985666.9 ], [ 4168014.2, 2985637.4 ], [ 4168007.3, 2985613.3 ], [ 4167974.2, 2985589.8 ], [ 4167960.0, 2985591.9 ], [ 4167948.9, 2985605.7 ], [ 4167751.3, 2985564.4 ], [ 4167733.8, 2985568.2 ], [ 4167718.6, 2985621.3 ], [ 4167725.6, 2985641.1 ], [ 4167742.5, 2985646.6 ], [ 4167810.6, 2985628.3 ], [ 4167771.8, 2985772.1 ], [ 4167775.9, 2985791.7 ], [ 4167738.7, 2985870.9 ], [ 4167606.3, 2985827.8 ], [ 4167621.4, 2985776.1 ], [ 4167640.6, 2985774.3 ], [ 4167652.1, 2985760.7 ], [ 4167665.4, 2985711.6 ], [ 4167652.0, 2985692.2 ], [ 4167511.0, 2985682.7 ], [ 4167499.1, 2985696.2 ], [ 4167473.2, 2985780.0 ], [ 4167363.7, 2985693.0 ], [ 4167376.1, 2985670.5 ], [ 4167367.1, 2985644.6 ], [ 4167389.8, 2985594.0 ], [ 4167365.3, 2985560.7 ], [ 4167367.4, 2985537.1 ], [ 4167249.6, 2985475.9 ], [ 4167225.5, 2985479.3 ], [ 4167189.2, 2985535.6 ], [ 4167164.4, 2985518.6 ], [ 4167074.2, 2985488.7 ], [ 4167043.1, 2985466.8 ], [ 4166996.4, 2985456.6 ], [ 4166912.9, 2985473.7 ], [ 4166779.5, 2985453.7 ], [ 4166795.7, 2985344.6 ], [ 4166806.4, 2985325.2 ], [ 4166803.6, 2985310.5 ], [ 4166792.0, 2985301.0 ], [ 4166740.1, 2985314.6 ], [ 4166628.1, 2985384.2 ], [ 4166619.8, 2985396.6 ], [ 4166621.4, 2985411.4 ], [ 4166589.6, 2985424.9 ], [ 4166547.3, 2985415.7 ], [ 4166549.9, 2985398.1 ], [ 4166541.7, 2985383.2 ], [ 4166491.0, 2985363.9 ], [ 4166212.3, 2985319.7 ], [ 4166193.3, 2985327.9 ], [ 4166169.0, 2985377.1 ], [ 4166098.5, 2985381.8 ], [ 4166069.1, 2985400.4 ], [ 4166051.2, 2985393.2 ], [ 4165997.0, 2985392.7 ], [ 4165991.3, 2985354.8 ], [ 4165974.9, 2985341.0 ], [ 4165855.7, 2985339.4 ], [ 4165843.3, 2985355.6 ], [ 4165847.0, 2985386.1 ], [ 4165932.2, 2985618.1 ], [ 4166005.7, 2985698.3 ], [ 4165991.9, 2985758.0 ], [ 4166084.6, 2985847.6 ], [ 4166068.3, 2985849.9 ], [ 4165971.7, 2985917.5 ], [ 4165972.0, 2985938.1 ], [ 4166007.3, 2985974.9 ], [ 4165986.4, 2986056.3 ], [ 4165876.7, 2986197.3 ], [ 4165707.2, 2986302.4 ], [ 4165656.8, 2986345.3 ], [ 4165636.5, 2986383.3 ], [ 4165572.5, 2986435.5 ], [ 4165575.3, 2986462.7 ], [ 4165676.4, 2986538.3 ], [ 4165648.8, 2986579.7 ], [ 4165623.1, 2986566.2 ], [ 4165604.5, 2986538.5 ], [ 4165588.2, 2986533.5 ], [ 4165562.7, 2986547.1 ], [ 4165513.6, 2986595.9 ], [ 4165521.9, 2986638.5 ], [ 4165536.6, 2986663.1 ], [ 4165570.3, 2986698.1 ], [ 4165619.1, 2986730.5 ], [ 4165728.4, 2986759.5 ], [ 4165955.9, 2986786.2 ], [ 4165950.5, 2986799.2 ], [ 4165883.3, 2986855.9 ], [ 4165643.2, 2987144.5 ], [ 4164752.1, 2987666.0 ], [ 4164675.5, 2987742.3 ], [ 4164515.2, 2987940.7 ], [ 4164397.1, 2988046.4 ], [ 4164353.1, 2988050.2 ], [ 4164237.8, 2988034.4 ], [ 4164028.6, 2988067.1 ], [ 4163687.5, 2988059.5 ], [ 4163632.7, 2988082.0 ], [ 4163584.2, 2988082.8 ], [ 4163527.8, 2988111.0 ], [ 4163409.2, 2988131.0 ], [ 4163160.4, 2987989.4 ], [ 4163112.5, 2988011.8 ], [ 4163021.7, 2988108.9 ], [ 4162972.2, 2988140.9 ], [ 4162561.1, 2988175.4 ], [ 4161993.8, 2988240.0 ], [ 4161510.1, 2988604.6 ], [ 4161492.1, 2988627.8 ], [ 4161491.7, 2988670.6 ], [ 4161479.4, 2988689.6 ], [ 4161461.3, 2988696.5 ], [ 4161414.1, 2988691.8 ], [ 4161390.8, 2988713.8 ], [ 4161375.8, 2988747.8 ], [ 4161372.2, 2988782.7 ], [ 4161397.9, 2988828.8 ], [ 4161406.2, 2988873.0 ], [ 4161362.0, 2989049.3 ], [ 4161354.1, 2989236.5 ], [ 4161251.9, 2989413.6 ], [ 4161203.2, 2989461.2 ], [ 4161053.4, 2989450.8 ], [ 4160976.3, 2989426.3 ], [ 4161028.9, 2989289.1 ], [ 4161110.4, 2989284.9 ], [ 4161139.3, 2989233.2 ], [ 4161134.9, 2989208.7 ], [ 4161104.2, 2989166.5 ], [ 4161086.1, 2989055.6 ], [ 4161052.3, 2988922.2 ], [ 4161043.1, 2988740.9 ], [ 4161027.1, 2988659.6 ], [ 4161053.9, 2988573.5 ], [ 4161058.7, 2988490.1 ], [ 4161089.3, 2988420.8 ], [ 4161084.3, 2988314.8 ], [ 4161104.4, 2988165.0 ], [ 4161141.6, 2988102.9 ], [ 4161142.6, 2988085.9 ], [ 4161093.0, 2988025.5 ], [ 4161079.4, 2987949.4 ], [ 4161061.6, 2987915.0 ], [ 4161004.6, 2987862.0 ], [ 4160987.5, 2987835.3 ], [ 4160966.4, 2987710.7 ], [ 4160927.1, 2987593.5 ], [ 4160778.6, 2987402.0 ], [ 4160653.5, 2987305.1 ], [ 4160645.6, 2987277.8 ], [ 4160643.1, 2987187.1 ], [ 4160593.2, 2987066.1 ], [ 4160543.3, 2986974.9 ], [ 4160540.5, 2986939.3 ], [ 4160554.2, 2986803.3 ], [ 4160543.6, 2986703.0 ], [ 4160475.9, 2986611.0 ], [ 4160392.3, 2986531.0 ], [ 4160375.5, 2986534.8 ], [ 4160309.3, 2986598.3 ], [ 4160241.2, 2986583.6 ], [ 4160225.5, 2986593.0 ], [ 4160221.7, 2986607.3 ], [ 4160227.1, 2986624.6 ], [ 4160265.5, 2986666.5 ], [ 4160349.4, 2986724.7 ], [ 4160359.3, 2986747.9 ], [ 4160380.3, 2986752.5 ], [ 4160437.8, 2986879.3 ], [ 4160328.1, 2986882.3 ], [ 4160326.2, 2986829.6 ], [ 4160251.8, 2986775.4 ], [ 4160232.4, 2986775.4 ], [ 4160172.2, 2986805.6 ], [ 4160163.3, 2986820.4 ], [ 4160217.6, 2986977.7 ], [ 4160142.5, 2986987.7 ], [ 4160113.9, 2986903.0 ], [ 4160091.9, 2986891.6 ], [ 4160078.7, 2986898.1 ], [ 4160072.6, 2986915.3 ], [ 4160093.7, 2986993.4 ], [ 4159869.6, 2987016.0 ], [ 4159853.2, 2986959.7 ], [ 4159843.6, 2986949.7 ], [ 4159681.5, 2986922.6 ], [ 4159688.6, 2986860.8 ], [ 4159661.2, 2986806.6 ], [ 4159714.1, 2986783.1 ], [ 4159723.8, 2986761.2 ], [ 4159698.8, 2986719.8 ], [ 4159646.6, 2986671.8 ], [ 4159627.2, 2986674.7 ], [ 4159606.2, 2986665.3 ], [ 4159552.4, 2986681.2 ], [ 4159404.6, 2986704.7 ], [ 4159375.6, 2986725.4 ], [ 4159312.8, 2986724.2 ], [ 4158907.3, 2986888.4 ], [ 4158765.2, 2987024.4 ], [ 4158744.4, 2987035.2 ], [ 4158683.1, 2987107.6 ], [ 4158602.4, 2987170.8 ], [ 4158579.7, 2987170.9 ], [ 4158537.7, 2987206.9 ], [ 4158530.3, 2987221.5 ], [ 4158532.1, 2987257.0 ], [ 4158342.6, 2987447.6 ], [ 4158267.7, 2987534.1 ], [ 4157975.7, 2987792.1 ], [ 4157948.0, 2987800.0 ], [ 4157938.5, 2987842.2 ], [ 4157916.7, 2987883.1 ], [ 4157908.2, 2987822.0 ], [ 4157886.9, 2987809.7 ], [ 4157861.9, 2987817.8 ], [ 4157772.3, 2987893.3 ], [ 4157733.3, 2987942.6 ], [ 4157572.7, 2987955.6 ], [ 4157565.0, 2987936.4 ], [ 4157548.8, 2987931.1 ], [ 4157411.0, 2987950.9 ], [ 4157408.8, 2987931.2 ], [ 4157394.6, 2987921.5 ], [ 4157257.4, 2987918.5 ], [ 4157180.8, 2987908.0 ], [ 4157128.2, 2987913.9 ], [ 4157060.6, 2987956.0 ], [ 4157008.1, 2987970.2 ], [ 4156897.1, 2987955.5 ], [ 4156873.1, 2987959.3 ], [ 4156749.8, 2988029.2 ], [ 4156685.0, 2988077.0 ], [ 4156668.2, 2988096.7 ], [ 4156641.5, 2988159.3 ], [ 4156600.5, 2988216.5 ], [ 4156595.2, 2988237.7 ], [ 4156568.3, 2988247.7 ], [ 4156455.5, 2988441.7 ], [ 4156360.5, 2988478.2 ], [ 4156269.4, 2988599.9 ], [ 4156250.7, 2988606.4 ], [ 4156073.9, 2988789.4 ], [ 4155983.2, 2988907.0 ], [ 4155802.0, 2989239.2 ], [ 4155803.7, 2989256.1 ], [ 4155847.1, 2989335.0 ], [ 4155860.4, 2989438.0 ], [ 4155823.3, 2989632.5 ], [ 4155805.6, 2989677.9 ], [ 4155775.8, 2989723.8 ], [ 4155763.3, 2989774.2 ], [ 4155903.3, 2990254.0 ], [ 4155919.5, 2990266.8 ], [ 4156698.0, 2990405.5 ], [ 4156709.4, 2990412.2 ], [ 4155977.2, 2990279.3 ], [ 4155926.3, 2990273.1 ], [ 4155908.9, 2990290.6 ], [ 4155939.1, 2990473.9 ], [ 4156152.6, 2990579.1 ], [ 4156289.7, 2990685.9 ], [ 4156574.3, 2990952.2 ], [ 4156631.2, 2991016.8 ], [ 4156654.7, 2991031.2 ], [ 4156710.8, 2991108.7 ], [ 4156380.9, 2991338.9 ], [ 4156382.8, 2991356.5 ], [ 4156397.2, 2991372.4 ], [ 4156411.8, 2991375.2 ], [ 4156447.9, 2991361.2 ], [ 4156580.8, 2991439.8 ], [ 4156714.1, 2991557.4 ], [ 4156657.3, 2991621.7 ], [ 4156567.9, 2991667.9 ], [ 4156544.5, 2991721.7 ], [ 4156546.9, 2991738.1 ], [ 4156651.6, 2991823.4 ], [ 4156702.0, 2991876.5 ], [ 4156850.3, 2991924.6 ], [ 4157022.4, 2991954.5 ], [ 4157057.3, 2991945.2 ], [ 4157076.0, 2991905.2 ], [ 4157096.2, 2991893.6 ], [ 4157246.1, 2991864.2 ], [ 4157294.0, 2991845.1 ], [ 4157303.7, 2991877.8 ], [ 4157327.5, 2991882.2 ], [ 4157362.6, 2991828.2 ], [ 4157763.1, 2991795.7 ], [ 4157845.7, 2991933.9 ], [ 4157830.2, 2992081.6 ], [ 4157835.2, 2992098.0 ], [ 4157850.4, 2992105.8 ], [ 4157898.4, 2992105.4 ], [ 4157921.0, 2992085.8 ], [ 4157924.6, 2992067.3 ], [ 4157946.9, 2992083.5 ], [ 4158016.4, 2992102.0 ], [ 4158033.7, 2992091.7 ], [ 4158049.7, 2992055.0 ], [ 4158155.4, 2991777.2 ], [ 4158102.9, 2991667.9 ], [ 4158072.4, 2991556.6 ], [ 4158043.9, 2991386.6 ], [ 4158032.2, 2991171.5 ], [ 4158035.8, 2991112.7 ], [ 4158022.8, 2991099.6 ], [ 4157960.1, 2991087.7 ], [ 4157934.5, 2991031.6 ], [ 4157994.2, 2990930.3 ], [ 4158033.9, 2990942.3 ], [ 4158053.8, 2990929.7 ], [ 4158071.7, 2990830.7 ], [ 4158054.7, 2990801.7 ], [ 4158210.2, 2990814.3 ], [ 4158196.0, 2990835.9 ], [ 4158192.6, 2990873.1 ], [ 4158154.4, 2990971.8 ], [ 4158149.9, 2990995.4 ], [ 4158157.6, 2991010.4 ], [ 4158352.3, 2991053.8 ], [ 4158467.1, 2990899.3 ], [ 4158511.1, 2990780.4 ], [ 4158781.7, 2990843.0 ], [ 4158921.2, 2990783.6 ], [ 4159148.6, 2990622.2 ], [ 4159241.6, 2990527.1 ], [ 4159354.9, 2990481.8 ], [ 4160036.1, 2989742.3 ], [ 4160115.4, 2989635.5 ], [ 4160115.6, 2989621.7 ], [ 4160105.2, 2989608.8 ], [ 4160108.4, 2989587.8 ], [ 4160088.7, 2989569.6 ], [ 4160131.7, 2989566.6 ], [ 4160159.8, 2989573.8 ], [ 4160193.6, 2989533.8 ], [ 4160454.4, 2989100.2 ], [ 4160606.3, 2988864.9 ], [ 4160735.8, 2988628.4 ], [ 4160874.4, 2988654.7 ], [ 4160689.1, 2988961.9 ], [ 4160671.2, 2988955.3 ], [ 4160653.4, 2988966.4 ], [ 4160638.9, 2989040.5 ], [ 4160563.3, 2989159.8 ], [ 4160527.3, 2989226.6 ], [ 4160517.6, 2989261.6 ], [ 4160495.0, 2989284.0 ], [ 4160444.9, 2989362.8 ], [ 4160213.6, 2989739.1 ], [ 4160064.5, 2989899.7 ], [ 4160058.7, 2989914.9 ], [ 4159940.6, 2990030.5 ], [ 4159890.1, 2990042.7 ], [ 4159877.1, 2990072.2 ], [ 4159815.0, 2990152.6 ], [ 4159646.5, 2990243.5 ], [ 4159636.5, 2990273.9 ], [ 4159669.6, 2990309.1 ], [ 4159466.8, 2990546.3 ], [ 4159426.1, 2990554.1 ], [ 4159388.4, 2990618.8 ], [ 4159336.9, 2990646.0 ], [ 4159331.8, 2990703.0 ], [ 4159175.1, 2990832.0 ], [ 4159167.8, 2990845.1 ], [ 4159171.4, 2990861.1 ], [ 4159070.7, 2990949.5 ], [ 4159070.3, 2990976.7 ], [ 4159113.9, 2991010.3 ], [ 4159214.2, 2991030.4 ], [ 4159226.1, 2991065.0 ], [ 4158962.9, 2991098.9 ], [ 4158945.0, 2991086.5 ], [ 4158882.7, 2991086.8 ], [ 4158820.9, 2991218.3 ], [ 4158801.3, 2991230.6 ], [ 4158777.4, 2991272.7 ], [ 4158572.5, 2991515.4 ], [ 4158461.7, 2991630.4 ], [ 4158440.3, 2991622.4 ], [ 4158423.7, 2991634.5 ], [ 4158403.0, 2991701.8 ], [ 4158397.3, 2991750.8 ], [ 4158519.6, 2991879.9 ], [ 4158533.1, 2991884.3 ], [ 4158554.5, 2991878.1 ], [ 4158568.4, 2991894.4 ], [ 4158566.7, 2991910.2 ], [ 4158550.9, 2991914.7 ], [ 4158533.1, 2991932.5 ], [ 4158508.8, 2991915.4 ], [ 4158488.5, 2991920.5 ], [ 4158457.6, 2991960.7 ], [ 4158430.0, 2992021.2 ], [ 4158432.1, 2992039.4 ], [ 4158472.0, 2992063.0 ], [ 4158575.8, 2992100.9 ], [ 4158733.3, 2992181.4 ], [ 4158731.8, 2992197.3 ], [ 4158690.7, 2992275.2 ], [ 4158674.9, 2992340.4 ], [ 4158646.0, 2992379.5 ], [ 4158685.7, 2992454.6 ], [ 4158644.4, 2992454.0 ], [ 4158632.7, 2992462.4 ], [ 4158629.0, 2992479.9 ], [ 4158522.2, 2992496.4 ], [ 4158453.8, 2992532.0 ], [ 4158353.3, 2992543.9 ], [ 4158278.6, 2992538.7 ], [ 4158233.8, 2992545.2 ], [ 4158221.4, 2992561.5 ], [ 4158220.6, 2992668.6 ], [ 4158228.8, 2992682.6 ], [ 4158260.9, 2992700.7 ], [ 4158243.1, 2992733.9 ], [ 4158193.0, 2992715.2 ], [ 4158136.3, 2992671.4 ], [ 4158059.3, 2992720.8 ], [ 4158031.8, 2992718.6 ], [ 4157982.8, 2992783.3 ], [ 4157908.4, 2992739.3 ], [ 4157890.3, 2992737.8 ], [ 4157876.1, 2992754.0 ], [ 4157856.7, 2992871.4 ], [ 4157773.1, 2992792.7 ], [ 4157914.0, 2992407.9 ], [ 4157858.8, 2992348.2 ], [ 4157680.9, 2992203.4 ], [ 4157663.7, 2992203.8 ], [ 4157652.0, 2992216.5 ], [ 4157534.6, 2992557.1 ], [ 4157357.7, 2992387.5 ], [ 4157013.8, 2992214.6 ], [ 4156999.7, 2992215.2 ], [ 4156987.3, 2992227.4 ], [ 4156995.0, 2992288.1 ], [ 4156964.0, 2992340.7 ], [ 4156934.8, 2992355.0 ], [ 4156865.5, 2992415.6 ], [ 4156803.0, 2992341.0 ], [ 4156764.1, 2992279.7 ], [ 4156680.9, 2992261.9 ], [ 4156584.8, 2992190.9 ], [ 4156533.2, 2992173.3 ], [ 4156518.5, 2992149.6 ], [ 4156384.4, 2992198.5 ], [ 4156285.1, 2992162.9 ], [ 4156245.0, 2992178.3 ], [ 4156179.3, 2992161.8 ], [ 4156164.1, 2992179.4 ], [ 4156151.3, 2992391.0 ], [ 4156119.0, 2992531.5 ], [ 4156126.8, 2992682.9 ], [ 4156116.7, 2992698.1 ], [ 4156121.0, 2992744.1 ], [ 4156105.0, 2992769.2 ], [ 4156136.6, 2992806.1 ], [ 4156141.9, 2992896.2 ], [ 4156115.6, 2992946.4 ], [ 4156123.5, 2992970.0 ], [ 4156107.1, 2993017.1 ], [ 4156087.6, 2993052.2 ], [ 4156069.2, 2993048.8 ], [ 4156056.6, 2993057.0 ], [ 4156036.7, 2993083.2 ], [ 4156035.3, 2993101.3 ], [ 4156071.3, 2993134.9 ], [ 4156061.8, 2993160.9 ], [ 4156074.7, 2993178.4 ], [ 4157007.1, 2993588.0 ], [ 4157221.5, 2993480.8 ], [ 4157469.2, 2993329.0 ], [ 4157587.7, 2993214.3 ], [ 4157838.2, 2993025.2 ], [ 4157926.3, 2993007.9 ], [ 4158067.6, 2993021.1 ], [ 4158078.5, 2992999.0 ], [ 4158060.7, 2992914.3 ], [ 4158104.2, 2992849.9 ], [ 4158185.8, 2992991.5 ], [ 4158263.6, 2993057.2 ], [ 4158389.5, 2993132.7 ], [ 4158431.3, 2993175.1 ], [ 4158419.8, 2993184.3 ], [ 4158411.1, 2993181.4 ], [ 4158231.6, 2993110.2 ], [ 4158135.0, 2993059.0 ], [ 4158120.7, 2993060.2 ], [ 4158108.8, 2993073.3 ], [ 4158121.5, 2993108.4 ], [ 4158380.0, 2993410.2 ], [ 4158546.4, 2993571.0 ], [ 4158703.4, 2993695.5 ], [ 4158866.3, 2993774.1 ], [ 4158887.3, 2993810.6 ], [ 4158976.0, 2993918.9 ], [ 4159025.7, 2993968.5 ], [ 4159149.4, 2994066.3 ], [ 4159205.6, 2994089.6 ], [ 4159267.2, 2994098.3 ], [ 4159363.4, 2994080.0 ], [ 4159435.8, 2994033.2 ], [ 4159510.6, 2994011.0 ], [ 4159559.0, 2993972.0 ], [ 4159574.6, 2993940.3 ], [ 4159582.0, 2993888.9 ], [ 4159565.9, 2993707.2 ], [ 4159591.6, 2993583.2 ], [ 4159617.3, 2993547.6 ], [ 4159670.2, 2993524.5 ], [ 4159757.2, 2993528.8 ], [ 4159822.5, 2993511.9 ], [ 4159845.1, 2993491.5 ], [ 4159903.9, 2993408.1 ], [ 4159927.5, 2993407.5 ], [ 4159950.7, 2993378.4 ], [ 4160022.6, 2993337.8 ], [ 4160030.6, 2993315.9 ], [ 4160099.7, 2993285.7 ], [ 4160180.6, 2993266.4 ], [ 4160213.5, 2993273.1 ], [ 4160316.2, 2993270.8 ], [ 4160368.8, 2993274.8 ], [ 4160461.7, 2993302.1 ], [ 4160429.0, 2993326.5 ], [ 4160423.4, 2993356.7 ], [ 4160432.2, 2993371.9 ], [ 4160530.8, 2993392.8 ], [ 4160539.4, 2993407.1 ], [ 4160578.3, 2993421.5 ], [ 4160590.0, 2993435.8 ], [ 4160688.9, 2993464.5 ], [ 4160709.9, 2993482.5 ], [ 4160759.9, 2993485.0 ], [ 4160775.7, 2993472.0 ], [ 4160753.5, 2993365.4 ], [ 4160866.6, 2993338.9 ], [ 4160967.1, 2993328.4 ], [ 4160975.6, 2993372.6 ], [ 4160988.8, 2993385.7 ], [ 4161079.4, 2993367.0 ], [ 4161084.9, 2993418.5 ], [ 4161104.4, 2993432.8 ], [ 4161183.6, 2993425.6 ], [ 4161223.1, 2993409.7 ], [ 4161260.5, 2993426.9 ], [ 4161303.2, 2993411.0 ], [ 4161320.4, 2993430.8 ], [ 4161395.2, 2993427.2 ], [ 4161522.7, 2993446.9 ], [ 4161538.8, 2993438.7 ], [ 4161546.4, 2993415.3 ], [ 4161618.5, 2993415.1 ], [ 4161665.3, 2993445.8 ], [ 4161695.5, 2993425.4 ], [ 4161698.3, 2993365.0 ], [ 4161681.1, 2993290.5 ], [ 4161690.3, 2993232.8 ], [ 4161707.0, 2993229.2 ], [ 4161717.9, 2993215.3 ], [ 4161732.7, 2993137.3 ], [ 4161716.8, 2993118.1 ], [ 4161668.3, 2993120.0 ], [ 4161660.9, 2993084.4 ], [ 4161629.2, 2993045.5 ], [ 4161604.7, 2993049.6 ], [ 4161566.8, 2993100.7 ], [ 4161547.5, 2993091.5 ], [ 4161527.7, 2993100.8 ], [ 4161524.4, 2993119.0 ], [ 4161537.6, 2993147.9 ], [ 4161535.3, 2993187.2 ], [ 4161527.5, 2993220.0 ], [ 4161516.2, 2993228.0 ], [ 4161458.9, 2993160.9 ], [ 4161404.1, 2993128.1 ], [ 4161336.1, 2993115.4 ], [ 4161288.3, 2993126.8 ], [ 4161227.7, 2993125.6 ], [ 4161151.9, 2993105.2 ], [ 4161159.4, 2993066.6 ], [ 4161132.1, 2993049.5 ], [ 4161016.7, 2993053.4 ], [ 4161007.0, 2993069.2 ], [ 4161009.6, 2993122.0 ], [ 4160865.8, 2993068.8 ], [ 4160849.5, 2993076.8 ], [ 4160827.9, 2993113.7 ], [ 4160753.0, 2993062.7 ], [ 4160626.9, 2993008.9 ], [ 4160646.2, 2992965.9 ], [ 4160640.4, 2992944.7 ], [ 4160505.0, 2992874.3 ], [ 4160398.0, 2992757.8 ], [ 4160464.0, 2992783.5 ], [ 4160522.7, 2992739.7 ], [ 4160535.7, 2992743.6 ], [ 4160560.2, 2992756.1 ], [ 4160574.6, 2992773.6 ], [ 4160535.2, 2992801.8 ], [ 4160533.9, 2992820.0 ], [ 4160546.7, 2992832.9 ], [ 4160808.0, 2992942.5 ], [ 4161000.4, 2992969.9 ], [ 4161056.9, 2992987.1 ], [ 4161242.5, 2993010.1 ], [ 4161257.0, 2993006.4 ], [ 4161265.7, 2992994.3 ], [ 4161265.7, 2992971.6 ], [ 4161252.3, 2992959.3 ], [ 4161089.3, 2992934.3 ], [ 4161080.0, 2992918.5 ], [ 4161098.6, 2992929.9 ], [ 4161201.3, 2992947.4 ], [ 4161225.1, 2992928.2 ], [ 4161382.9, 2992904.0 ], [ 4161477.5, 2992899.9 ], [ 4161588.3, 2992927.8 ], [ 4161657.3, 2992987.8 ], [ 4161721.2, 2993074.4 ], [ 4161768.7, 2993064.5 ], [ 4161783.6, 2993136.5 ], [ 4161780.7, 2993228.1 ], [ 4161787.5, 2993265.8 ], [ 4161804.3, 2993277.3 ], [ 4161855.9, 2993275.8 ], [ 4161878.9, 2993366.1 ], [ 4161985.9, 2993510.4 ], [ 4161940.0, 2993537.7 ], [ 4161917.7, 2993503.6 ], [ 4161900.0, 2993499.0 ], [ 4161883.6, 2993510.2 ], [ 4161880.7, 2993526.6 ], [ 4161938.1, 2993638.4 ], [ 4161947.8, 2993688.0 ], [ 4161993.9, 2993809.7 ], [ 4161974.6, 2993831.5 ], [ 4161986.3, 2993867.4 ], [ 4162040.6, 2993934.1 ], [ 4162065.5, 2993980.0 ], [ 4162306.4, 2994162.0 ], [ 4162419.8, 2994260.0 ], [ 4162441.1, 2994268.2 ], [ 4162480.6, 2994250.9 ], [ 4162532.8, 2994309.2 ], [ 4162579.4, 2994337.6 ], [ 4162578.7, 2994359.0 ], [ 4162610.8, 2994392.4 ], [ 4162640.9, 2994406.1 ], [ 4162661.9, 2994395.1 ], [ 4162697.5, 2994425.0 ] ], [ [ 4161328.1, 2992794.5 ], [ 4161327.4, 2992781.0 ], [ 4161380.3, 2992786.9 ], [ 4161498.9, 2992780.4 ], [ 4161486.8, 2992849.0 ], [ 4161328.1, 2992794.5 ] ], [ [ 4160353.5, 2992844.0 ], [ 4160313.5, 2992889.9 ], [ 4160226.8, 2992831.4 ], [ 4160262.5, 2992788.7 ], [ 4160353.5, 2992844.0 ] ], [ [ 4160334.0, 2993074.7 ], [ 4160250.2, 2993033.5 ], [ 4160264.2, 2993009.5 ], [ 4160257.4, 2992990.3 ], [ 4160280.3, 2992955.9 ], [ 4160361.5, 2993043.9 ], [ 4160403.6, 2993061.2 ], [ 4160334.0, 2993074.7 ] ], [ [ 4161122.9, 2993167.2 ], [ 4161066.4, 2993170.3 ], [ 4161064.7, 2993167.0 ], [ 4161075.2, 2993139.8 ], [ 4161117.2, 2993134.8 ], [ 4161122.9, 2993167.2 ] ], [ [ 4158713.3, 2993223.5 ], [ 4158767.8, 2993230.2 ], [ 4158987.3, 2993312.4 ], [ 4159180.9, 2993352.9 ], [ 4159271.5, 2993356.6 ], [ 4159324.2, 2993341.7 ], [ 4159441.0, 2993294.8 ], [ 4159512.2, 2993240.1 ], [ 4159543.9, 2993234.2 ], [ 4159657.1, 2993275.7 ], [ 4159664.4, 2993315.8 ], [ 4159619.1, 2993292.2 ], [ 4159600.3, 2993273.4 ], [ 4159566.5, 2993269.6 ], [ 4159533.8, 2993279.0 ], [ 4159466.2, 2993323.6 ], [ 4159440.1, 2993390.0 ], [ 4159449.7, 2993428.6 ], [ 4159375.7, 2993515.7 ], [ 4159355.6, 2993567.2 ], [ 4159318.2, 2993627.0 ], [ 4159332.7, 2993666.9 ], [ 4159328.7, 2993717.6 ], [ 4159235.7, 2993707.3 ], [ 4159221.1, 2993726.6 ], [ 4159229.4, 2993756.0 ], [ 4159215.2, 2993765.6 ], [ 4159157.1, 2993718.1 ], [ 4159040.3, 2993675.9 ], [ 4159027.9, 2993660.5 ], [ 4158979.7, 2993647.9 ], [ 4158961.6, 2993660.0 ], [ 4158896.9, 2993640.5 ], [ 4158822.5, 2993583.1 ], [ 4158768.5, 2993558.0 ], [ 4158852.0, 2993472.0 ], [ 4158852.9, 2993457.9 ], [ 4158836.4, 2993423.4 ], [ 4158812.9, 2993417.8 ], [ 4158766.9, 2993443.4 ], [ 4158694.0, 2993417.4 ], [ 4158672.2, 2993419.1 ], [ 4158594.0, 2993351.2 ], [ 4158551.7, 2993301.8 ], [ 4158607.9, 2993236.3 ], [ 4158676.3, 2993234.6 ], [ 4158713.3, 2993223.5 ] ], [ [ 4158779.1, 2992510.5 ], [ 4158720.5, 2992508.1 ], [ 4158714.7, 2992465.3 ], [ 4158755.9, 2992463.9 ], [ 4158781.3, 2992418.1 ], [ 4158776.5, 2992400.5 ], [ 4158732.4, 2992362.7 ], [ 4158748.6, 2992334.8 ], [ 4158786.9, 2992358.7 ], [ 4158803.8, 2992353.5 ], [ 4158813.2, 2992336.7 ], [ 4158839.6, 2992339.3 ], [ 4158814.7, 2992393.7 ], [ 4158830.4, 2992416.2 ], [ 4158779.1, 2992510.5 ] ], [ [ 4159003.9, 2991687.1 ], [ 4158996.4, 2991672.3 ], [ 4158977.1, 2991662.0 ], [ 4158956.6, 2991666.2 ], [ 4158948.1, 2991683.8 ], [ 4158895.3, 2991642.8 ], [ 4158881.6, 2991642.3 ], [ 4158868.4, 2991653.0 ], [ 4158841.4, 2991645.0 ], [ 4158828.9, 2991601.6 ], [ 4158852.7, 2991588.7 ], [ 4158854.0, 2991567.0 ], [ 4158829.8, 2991548.9 ], [ 4158773.9, 2991530.6 ], [ 4158804.0, 2991488.5 ], [ 4158805.2, 2991464.4 ], [ 4158857.6, 2991466.4 ], [ 4158858.1, 2991496.0 ], [ 4158872.3, 2991521.7 ], [ 4158910.4, 2991546.2 ], [ 4158929.0, 2991573.1 ], [ 4158981.7, 2991589.4 ], [ 4158982.2, 2991610.3 ], [ 4159001.3, 2991627.3 ], [ 4159174.0, 2991718.6 ], [ 4159209.7, 2991716.5 ], [ 4159216.8, 2991764.5 ], [ 4159261.0, 2991777.8 ], [ 4159276.5, 2991803.7 ], [ 4159315.7, 2991807.7 ], [ 4159333.8, 2991797.4 ], [ 4159402.9, 2991826.5 ], [ 4159417.1, 2991824.2 ], [ 4159428.2, 2991810.4 ], [ 4159468.6, 2991820.5 ], [ 4159439.2, 2991852.9 ], [ 4159415.7, 2991855.6 ], [ 4159406.4, 2991841.3 ], [ 4159385.5, 2991837.3 ], [ 4159360.6, 2991863.1 ], [ 4159236.0, 2991810.2 ], [ 4159220.5, 2991818.3 ], [ 4159215.3, 2991838.3 ], [ 4159183.9, 2991828.8 ], [ 4159169.5, 2991832.6 ], [ 4159154.9, 2991868.2 ], [ 4159056.7, 2991817.2 ], [ 4159093.2, 2991751.8 ], [ 4159092.3, 2991734.6 ], [ 4159003.9, 2991687.1 ] ], [ [ 4159520.8, 2991713.6 ], [ 4159454.2, 2991704.2 ], [ 4159411.0, 2991689.4 ], [ 4159381.0, 2991666.4 ], [ 4159333.7, 2991646.2 ], [ 4159254.7, 2991616.6 ], [ 4159232.5, 2991619.6 ], [ 4159186.9, 2991590.9 ], [ 4159169.8, 2991590.7 ], [ 4159067.1, 2991435.9 ], [ 4159004.0, 2991386.6 ], [ 4158938.8, 2991361.7 ], [ 4158902.0, 2991337.3 ], [ 4158876.4, 2991336.5 ], [ 4158854.2, 2991350.4 ], [ 4158849.5, 2991346.0 ], [ 4158862.4, 2991301.8 ], [ 4158932.9, 2991317.9 ], [ 4158985.2, 2991354.7 ], [ 4159041.0, 2991377.7 ], [ 4159092.4, 2991431.2 ], [ 4159277.1, 2991566.1 ], [ 4159301.8, 2991593.8 ], [ 4159391.9, 2991624.7 ], [ 4159401.6, 2991630.3 ], [ 4159410.0, 2991658.8 ], [ 4159506.7, 2991700.2 ], [ 4159520.8, 2991713.6 ] ], [ [ 4159687.8, 2991597.4 ], [ 4159662.2, 2991592.4 ], [ 4159629.1, 2991525.8 ], [ 4159583.2, 2991488.7 ], [ 4159639.1, 2991461.2 ], [ 4159703.1, 2991591.7 ], [ 4159687.8, 2991597.4 ] ], [ [ 4164941.6, 2990619.4 ], [ 4164996.1, 2990578.8 ], [ 4165062.3, 2990564.6 ], [ 4165098.6, 2990523.6 ], [ 4165114.6, 2990525.3 ], [ 4165105.3, 2990617.9 ], [ 4165123.3, 2990692.1 ], [ 4165101.8, 2990705.2 ], [ 4165093.5, 2990741.0 ], [ 4165071.4, 2990750.5 ], [ 4165037.7, 2990740.5 ], [ 4165014.4, 2990762.5 ], [ 4165004.6, 2990761.3 ], [ 4164950.9, 2990703.6 ], [ 4164951.5, 2990675.0 ], [ 4164937.8, 2990652.1 ], [ 4164941.6, 2990619.4 ] ], [ [ 4164903.8, 2990538.4 ], [ 4164912.3, 2990546.4 ], [ 4164896.8, 2990546.2 ], [ 4164833.8, 2990458.4 ], [ 4164838.1, 2990364.1 ], [ 4164843.9, 2990352.4 ], [ 4164876.6, 2990340.8 ], [ 4164903.8, 2990538.4 ] ], [ [ 4165052.9, 2990352.1 ], [ 4164980.6, 2990338.2 ], [ 4164953.6, 2990342.0 ], [ 4164977.4, 2990262.7 ], [ 4165009.7, 2990243.1 ], [ 4165058.1, 2990270.0 ], [ 4165054.0, 2990302.4 ], [ 4165069.6, 2990318.5 ], [ 4165170.7, 2990322.4 ], [ 4165197.7, 2990331.3 ], [ 4165184.8, 2990341.8 ], [ 4165052.9, 2990352.1 ] ], [ [ 4161428.9, 2990257.1 ], [ 4161419.9, 2990257.2 ], [ 4161467.3, 2990159.1 ], [ 4161492.2, 2990144.5 ], [ 4161495.8, 2990153.5 ], [ 4161479.1, 2990210.5 ], [ 4161428.9, 2990257.1 ] ], [ [ 4165968.4, 2990196.7 ], [ 4165958.4, 2990181.6 ], [ 4165821.0, 2990075.5 ], [ 4165820.1, 2989993.1 ], [ 4165826.7, 2989972.7 ], [ 4165815.0, 2989954.2 ], [ 4165794.2, 2989954.0 ], [ 4165709.8, 2990001.1 ], [ 4165675.6, 2990002.1 ], [ 4165554.3, 2989975.3 ], [ 4165595.6, 2989927.3 ], [ 4165598.2, 2989910.8 ], [ 4165512.7, 2989806.3 ], [ 4165576.8, 2989717.5 ], [ 4165621.3, 2989607.9 ], [ 4165774.2, 2989685.2 ], [ 4165821.0, 2989697.3 ], [ 4165924.3, 2989792.6 ], [ 4165843.9, 2989900.0 ], [ 4165839.3, 2989916.8 ], [ 4165854.3, 2989941.7 ], [ 4165875.2, 2989957.0 ], [ 4165906.6, 2990011.0 ], [ 4165863.6, 2990058.8 ], [ 4165861.1, 2990080.6 ], [ 4165983.2, 2990179.6 ], [ 4165994.5, 2990200.7 ], [ 4165968.4, 2990196.7 ] ], [ [ 4166525.5, 2989993.2 ], [ 4166540.2, 2989962.8 ], [ 4166662.6, 2989988.1 ], [ 4166666.4, 2990014.0 ], [ 4166685.8, 2990025.2 ], [ 4166711.4, 2990062.1 ], [ 4166700.4, 2990083.5 ], [ 4166662.5, 2990100.4 ], [ 4166643.6, 2990027.5 ], [ 4166557.5, 2990001.8 ], [ 4166530.5, 2990000.9 ], [ 4166525.5, 2989993.2 ] ], [ [ 4166743.2, 2990059.7 ], [ 4166780.0, 2989996.9 ], [ 4166801.5, 2990005.6 ], [ 4166774.5, 2990039.3 ], [ 4166781.0, 2990064.5 ], [ 4166770.4, 2990085.1 ], [ 4166759.2, 2990082.9 ], [ 4166743.2, 2990059.7 ] ], [ [ 4166024.7, 2989825.6 ], [ 4166018.4, 2989798.3 ], [ 4166043.8, 2989818.9 ], [ 4166042.1, 2989827.0 ], [ 4166024.7, 2989825.6 ] ], [ [ 4165981.4, 2989608.4 ], [ 4165999.0, 2989584.0 ], [ 4166094.2, 2989591.5 ], [ 4166047.0, 2989650.3 ], [ 4165981.4, 2989608.4 ] ], [ [ 4162612.1, 2989590.1 ], [ 4162567.3, 2989589.1 ], [ 4162539.2, 2989570.1 ], [ 4162523.4, 2989548.5 ], [ 4162530.0, 2989531.7 ], [ 4162526.2, 2989513.9 ], [ 4162579.4, 2989527.9 ], [ 4162615.9, 2989579.0 ], [ 4162612.1, 2989590.1 ] ], [ [ 4161517.3, 2989547.3 ], [ 4161459.7, 2989602.6 ], [ 4161460.9, 2989624.6 ], [ 4161421.8, 2989672.0 ], [ 4161404.8, 2989674.4 ], [ 4161380.6, 2989700.5 ], [ 4161348.8, 2989767.6 ], [ 4161263.4, 2989862.2 ], [ 4161223.8, 2989832.6 ], [ 4161268.4, 2989826.2 ], [ 4161361.6, 2989659.1 ], [ 4161421.2, 2989613.0 ], [ 4161454.9, 2989570.0 ], [ 4161475.6, 2989569.5 ], [ 4161501.5, 2989548.1 ], [ 4161499.2, 2989521.2 ], [ 4161454.4, 2989495.5 ], [ 4161439.3, 2989471.8 ], [ 4161443.7, 2989447.9 ], [ 4161506.2, 2989428.8 ], [ 4161551.0, 2989450.2 ], [ 4161570.8, 2989446.7 ], [ 4161697.9, 2989256.8 ], [ 4161698.7, 2989275.9 ], [ 4161559.8, 2989488.0 ], [ 4161517.3, 2989547.3 ] ], [ [ 4165870.8, 2989469.0 ], [ 4165830.6, 2989453.0 ], [ 4165820.4, 2989434.8 ], [ 4165783.5, 2989420.2 ], [ 4165766.6, 2989426.6 ], [ 4165759.9, 2989443.8 ], [ 4165740.5, 2989448.3 ], [ 4165688.8, 2989429.8 ], [ 4165604.9, 2989437.0 ], [ 4165584.4, 2989422.3 ], [ 4165570.3, 2989427.2 ], [ 4165562.0, 2989442.8 ], [ 4165454.0, 2989451.6 ], [ 4165438.8, 2989461.4 ], [ 4165397.5, 2989459.0 ], [ 4165470.2, 2989200.6 ], [ 4165521.8, 2989217.8 ], [ 4165541.5, 2989203.2 ], [ 4165537.8, 2989160.9 ], [ 4165495.3, 2989148.7 ], [ 4165502.0, 2989129.3 ], [ 4165526.9, 2989117.0 ], [ 4165538.9, 2989089.6 ], [ 4165574.4, 2989083.3 ], [ 4165645.3, 2989042.3 ], [ 4165657.2, 2989056.1 ], [ 4165675.3, 2989056.3 ], [ 4165746.0, 2989011.4 ], [ 4165746.4, 2989040.4 ], [ 4165756.6, 2989054.6 ], [ 4165770.3, 2989057.6 ], [ 4165808.1, 2989045.7 ], [ 4165835.1, 2989049.3 ], [ 4165991.2, 2989135.7 ], [ 4165992.3, 2989147.7 ], [ 4165974.0, 2989170.8 ], [ 4165965.1, 2989156.0 ], [ 4165941.6, 2989145.4 ], [ 4165927.9, 2989151.6 ], [ 4165913.0, 2989173.2 ], [ 4165912.8, 2989191.0 ], [ 4165925.8, 2989203.1 ], [ 4165949.6, 2989199.9 ], [ 4165969.5, 2989187.4 ], [ 4165971.7, 2989194.5 ], [ 4165953.4, 2989227.0 ], [ 4165870.8, 2989469.0 ] ], [ [ 4161749.2, 2989129.3 ], [ 4161729.0, 2989179.6 ], [ 4161657.9, 2989149.2 ], [ 4161676.2, 2989099.7 ], [ 4161749.2, 2989129.3 ] ], [ [ 4164979.5, 2989754.8 ], [ 4165007.3, 2989751.5 ], [ 4165032.7, 2989762.5 ], [ 4165035.0, 2989782.4 ], [ 4165001.8, 2989902.9 ], [ 4164958.2, 2989926.2 ], [ 4164916.8, 2989918.7 ], [ 4164979.5, 2989754.8 ] ], [ [ 4162224.9, 2990160.3 ], [ 4162148.5, 2990193.3 ], [ 4162142.8, 2990156.4 ], [ 4162208.9, 2990145.9 ], [ 4162224.9, 2990160.3 ] ], [ [ 4160763.0, 2990336.6 ], [ 4160758.9, 2990379.0 ], [ 4160737.1, 2990378.9 ], [ 4160725.7, 2990339.3 ], [ 4160731.1, 2990326.8 ], [ 4160747.2, 2990316.6 ], [ 4160763.0, 2990336.6 ] ], [ [ 4159974.3, 2990397.9 ], [ 4159968.3, 2990415.1 ], [ 4159951.5, 2990417.3 ], [ 4159941.3, 2990428.5 ], [ 4159926.2, 2990484.2 ], [ 4159921.2, 2990453.2 ], [ 4159947.6, 2990356.5 ], [ 4159958.1, 2990348.8 ], [ 4159968.6, 2990348.0 ], [ 4159964.4, 2990383.1 ], [ 4159974.3, 2990397.9 ] ], [ [ 4161140.1, 2990455.4 ], [ 4161148.4, 2990452.9 ], [ 4161179.4, 2990470.7 ], [ 4161182.3, 2990492.2 ], [ 4161169.0, 2990509.6 ], [ 4161130.7, 2990505.3 ], [ 4161140.1, 2990455.4 ] ], [ [ 4162303.7, 2990544.6 ], [ 4162286.7, 2990550.4 ], [ 4162266.4, 2990542.9 ], [ 4162257.0, 2990524.9 ], [ 4162263.2, 2990518.3 ], [ 4162290.3, 2990517.4 ], [ 4162303.7, 2990544.6 ] ], [ [ 4156588.8, 2988783.2 ], [ 4156629.6, 2988862.8 ], [ 4156656.9, 2988866.3 ], [ 4156679.9, 2988907.6 ], [ 4156741.6, 2988957.5 ], [ 4156760.9, 2989007.2 ], [ 4156713.1, 2989037.4 ], [ 4156669.5, 2989052.1 ], [ 4156625.9, 2989055.2 ], [ 4156613.5, 2988981.8 ], [ 4156624.9, 2988957.5 ], [ 4156613.8, 2988915.9 ], [ 4156566.9, 2988873.9 ], [ 4156561.9, 2988837.8 ], [ 4156544.7, 2988824.3 ], [ 4156519.6, 2988772.8 ], [ 4156554.6, 2988744.3 ], [ 4156569.2, 2988776.9 ], [ 4156588.8, 2988783.2 ] ], [ [ 4158156.5, 2989122.8 ], [ 4158246.6, 2989025.0 ], [ 4158248.9, 2989053.2 ], [ 4158263.6, 2989068.6 ], [ 4158221.4, 2989153.9 ], [ 4158156.5, 2989122.8 ] ], [ [ 4158336.2, 2989563.6 ], [ 4158318.4, 2989576.3 ], [ 4158314.3, 2989590.4 ], [ 4158320.0, 2989603.9 ], [ 4158337.5, 2989614.7 ], [ 4158335.2, 2989622.2 ], [ 4158298.9, 2989637.2 ], [ 4158150.1, 2989599.7 ], [ 4158119.2, 2989585.4 ], [ 4158075.4, 2989479.1 ], [ 4158081.3, 2989459.6 ], [ 4158069.4, 2989411.5 ], [ 4158072.7, 2989390.1 ], [ 4158042.6, 2989330.5 ], [ 4158045.7, 2989307.2 ], [ 4158037.7, 2989294.3 ], [ 4158068.6, 2989234.0 ], [ 4158341.4, 2989303.5 ], [ 4158336.2, 2989563.6 ] ], [ [ 4156143.5, 2989538.9 ], [ 4156176.0, 2989652.3 ], [ 4156160.1, 2989641.6 ], [ 4156084.4, 2989635.2 ], [ 4156035.9, 2989622.3 ], [ 4156056.7, 2989542.7 ], [ 4156071.2, 2989543.0 ], [ 4156086.9, 2989531.3 ], [ 4156143.5, 2989538.9 ] ], [ [ 4157937.0, 2990320.9 ], [ 4157899.1, 2990339.0 ], [ 4157920.0, 2990305.0 ], [ 4157937.0, 2990320.9 ] ], [ [ 4156974.0, 2990371.9 ], [ 4156974.0, 2990384.1 ], [ 4156947.6, 2990399.4 ], [ 4156927.9, 2990426.0 ], [ 4156910.2, 2990410.2 ], [ 4156974.0, 2990371.9 ] ], [ [ 4158125.1, 2990397.9 ], [ 4158249.6, 2990375.6 ], [ 4158322.3, 2990427.5 ], [ 4158337.9, 2990471.3 ], [ 4158340.1, 2990550.2 ], [ 4158333.5, 2990583.3 ], [ 4158308.4, 2990610.4 ], [ 4158183.4, 2990536.3 ], [ 4158135.6, 2990409.9 ], [ 4158125.1, 2990397.9 ] ], [ [ 4157663.5, 2990928.1 ], [ 4157657.8, 2990999.7 ], [ 4157603.2, 2991083.2 ], [ 4157646.3, 2991182.3 ], [ 4157452.6, 2991381.6 ], [ 4157303.5, 2991383.8 ], [ 4157150.1, 2991235.1 ], [ 4157303.6, 2991086.4 ], [ 4157319.2, 2991041.6 ], [ 4157359.7, 2990998.5 ], [ 4157423.4, 2991004.9 ], [ 4157440.3, 2990997.0 ], [ 4157459.7, 2990946.2 ], [ 4157455.6, 2990928.3 ], [ 4157499.4, 2990847.6 ], [ 4157530.0, 2990820.7 ], [ 4157557.4, 2990812.5 ], [ 4157635.3, 2990809.1 ], [ 4157724.0, 2990863.5 ], [ 4157684.8, 2990889.9 ], [ 4157663.5, 2990928.1 ] ], [ [ 4159967.3, 2988244.8 ], [ 4159968.3, 2988219.3 ], [ 4160049.6, 2988221.5 ], [ 4160045.2, 2988280.7 ], [ 4160030.1, 2988288.2 ], [ 4160011.5, 2988253.2 ], [ 4159967.3, 2988244.8 ] ], [ [ 4158663.6, 2987975.5 ], [ 4158528.3, 2987919.0 ], [ 4158548.5, 2987876.6 ], [ 4158578.7, 2987899.7 ], [ 4158678.7, 2987941.4 ], [ 4158663.6, 2987975.5 ] ], [ [ 4159593.9, 2987704.8 ], [ 4159594.1, 2987682.1 ], [ 4159610.2, 2987697.4 ], [ 4159593.9, 2987704.8 ] ], [ [ 4158409.3, 2987556.2 ], [ 4158438.5, 2987493.9 ], [ 4158516.6, 2987546.3 ], [ 4158533.5, 2987567.6 ], [ 4158503.3, 2987605.8 ], [ 4158409.3, 2987556.2 ] ], [ [ 4167203.9, 2988578.1 ], [ 4167128.3, 2988595.8 ], [ 4167166.4, 2988534.7 ], [ 4167187.4, 2988479.3 ], [ 4167215.5, 2988467.2 ], [ 4167257.8, 2988463.4 ], [ 4167306.8, 2988493.0 ], [ 4167324.0, 2988492.8 ], [ 4167338.3, 2988481.4 ], [ 4167350.4, 2988497.1 ], [ 4167350.7, 2988517.2 ], [ 4167329.4, 2988536.4 ], [ 4167326.5, 2988560.4 ], [ 4167287.7, 2988579.2 ], [ 4167259.1, 2988639.3 ], [ 4167214.1, 2988626.7 ], [ 4167230.7, 2988595.9 ], [ 4167221.2, 2988581.2 ], [ 4167203.9, 2988578.1 ] ], [ [ 4165579.8, 2988475.8 ], [ 4165592.1, 2988516.9 ], [ 4165289.1, 2988360.2 ], [ 4165286.8, 2988343.9 ], [ 4165272.8, 2988331.7 ], [ 4165269.2, 2988190.9 ], [ 4165235.6, 2988143.3 ], [ 4165206.8, 2988067.1 ], [ 4165196.2, 2988057.6 ], [ 4165178.6, 2988057.8 ], [ 4165135.8, 2988096.3 ], [ 4165097.6, 2988058.3 ], [ 4165111.0, 2988046.4 ], [ 4165142.0, 2988037.7 ], [ 4165153.5, 2988008.2 ], [ 4165173.0, 2988014.3 ], [ 4165186.7, 2988009.2 ], [ 4165196.4, 2987985.5 ], [ 4165194.2, 2987970.0 ], [ 4165166.2, 2987956.5 ], [ 4165140.5, 2987980.2 ], [ 4165086.9, 2987935.7 ], [ 4165145.4, 2987930.7 ], [ 4165177.7, 2987919.1 ], [ 4165208.5, 2987889.7 ], [ 4165223.3, 2987893.8 ], [ 4165231.4, 2987908.4 ], [ 4165213.8, 2987927.1 ], [ 4165219.3, 2987978.3 ], [ 4165249.2, 2988000.8 ], [ 4165272.1, 2988004.1 ], [ 4165297.6, 2988052.2 ], [ 4165293.3, 2988091.2 ], [ 4165311.2, 2988103.9 ], [ 4165365.8, 2988177.5 ], [ 4165382.1, 2988184.5 ], [ 4165502.3, 2988182.2 ], [ 4165524.2, 2988218.3 ], [ 4165517.4, 2988243.2 ], [ 4165523.3, 2988264.9 ], [ 4165509.4, 2988315.1 ], [ 4165525.6, 2988337.7 ], [ 4165510.2, 2988356.1 ], [ 4165508.9, 2988370.1 ], [ 4165579.8, 2988475.8 ] ], [ [ 4167411.5, 2988297.1 ], [ 4167363.2, 2988291.1 ], [ 4167350.7, 2988269.3 ], [ 4167374.6, 2988266.7 ], [ 4167399.5, 2988280.8 ], [ 4167452.0, 2988272.0 ], [ 4167469.1, 2988282.5 ], [ 4167468.3, 2988305.7 ], [ 4167438.0, 2988311.9 ], [ 4167411.5, 2988297.1 ] ], [ [ 4166100.4, 2987252.0 ], [ 4166075.0, 2987220.6 ], [ 4166000.8, 2987249.1 ], [ 4165977.3, 2987220.6 ], [ 4165912.1, 2987201.5 ], [ 4165903.6, 2987095.8 ], [ 4165895.7, 2987081.2 ], [ 4165903.2, 2987072.3 ], [ 4165931.6, 2987055.9 ], [ 4166039.2, 2987133.0 ], [ 4166125.4, 2987212.0 ], [ 4166177.4, 2987265.0 ], [ 4166166.7, 2987285.0 ], [ 4166167.5, 2987338.0 ], [ 4166146.4, 2987335.3 ], [ 4166114.7, 2987301.3 ], [ 4166100.4, 2987252.0 ] ], [ [ 4166840.2, 2986740.5 ], [ 4166917.2, 2986584.0 ], [ 4166996.6, 2986638.2 ], [ 4166922.8, 2986757.3 ], [ 4166840.2, 2986740.5 ] ], [ [ 4167004.4, 2986526.8 ], [ 4167068.9, 2986539.0 ], [ 4167064.8, 2986558.8 ], [ 4167008.1, 2986550.1 ], [ 4167004.4, 2986526.8 ] ], [ [ 4167256.0, 2986523.3 ], [ 4167187.7, 2986493.2 ], [ 4167122.0, 2986510.6 ], [ 4167087.7, 2986504.3 ], [ 4167080.9, 2986486.5 ], [ 4167259.0, 2986442.0 ], [ 4167256.0, 2986523.3 ] ], [ [ 4168431.3, 2985776.7 ], [ 4168390.5, 2985692.3 ], [ 4168436.4, 2985651.4 ], [ 4168466.7, 2985747.0 ], [ 4168431.3, 2985776.7 ] ], [ [ 4166334.8, 2990896.4 ], [ 4166371.2, 2990910.1 ], [ 4166380.4, 2990926.1 ], [ 4166366.2, 2990959.3 ], [ 4166351.5, 2990956.1 ], [ 4166335.8, 2990965.6 ], [ 4166298.7, 2990948.6 ], [ 4166275.4, 2990975.1 ], [ 4166225.3, 2990971.5 ], [ 4166203.1, 2990953.6 ], [ 4166241.8, 2990943.2 ], [ 4166269.2, 2990887.3 ], [ 4166297.6, 2990876.6 ], [ 4166307.8, 2990899.8 ], [ 4166334.8, 2990896.4 ] ], [ [ 4166047.7, 2990934.4 ], [ 4166053.7, 2991057.8 ], [ 4166024.1, 2991092.7 ], [ 4165947.2, 2991028.6 ], [ 4166047.7, 2990934.4 ] ], [ [ 4163066.3, 2991072.2 ], [ 4163116.0, 2991095.6 ], [ 4163118.0, 2991129.9 ], [ 4163137.5, 2991148.6 ], [ 4163096.7, 2991177.7 ], [ 4163090.7, 2991208.0 ], [ 4163113.3, 2991223.8 ], [ 4163146.9, 2991203.6 ], [ 4163163.7, 2991213.5 ], [ 4163157.5, 2991230.9 ], [ 4163168.9, 2991278.8 ], [ 4163128.7, 2991299.6 ], [ 4163102.0, 2991293.2 ], [ 4163106.8, 2991255.5 ], [ 4163070.4, 2991217.7 ], [ 4163037.7, 2991198.9 ], [ 4163016.0, 2991200.8 ], [ 4163021.2, 2991155.4 ], [ 4163063.7, 2991128.7 ], [ 4163066.3, 2991072.2 ] ], [ [ 4162070.5, 2991183.9 ], [ 4162077.2, 2991238.6 ], [ 4162057.5, 2991314.8 ], [ 4162071.8, 2991393.2 ], [ 4162106.9, 2991436.9 ], [ 4162108.2, 2991460.9 ], [ 4162123.8, 2991483.2 ], [ 4162134.7, 2991571.4 ], [ 4162177.5, 2991633.5 ], [ 4162187.7, 2991744.5 ], [ 4162212.1, 2991757.3 ], [ 4162236.9, 2991802.5 ], [ 4162239.9, 2991814.8 ], [ 4162224.0, 2991831.6 ], [ 4162222.3, 2991855.9 ], [ 4162234.9, 2991869.0 ], [ 4162255.8, 2991871.1 ], [ 4162267.4, 2991911.2 ], [ 4162255.2, 2991950.7 ], [ 4162203.3, 2991959.8 ], [ 4162189.3, 2991942.4 ], [ 4162168.0, 2991941.6 ], [ 4162156.4, 2991951.0 ], [ 4162151.5, 2991969.2 ], [ 4162113.0, 2991977.8 ], [ 4162099.0, 2991995.8 ], [ 4162071.4, 2991996.3 ], [ 4162057.1, 2992007.5 ], [ 4162039.7, 2991995.7 ], [ 4161982.4, 2991997.0 ], [ 4161938.1, 2991981.6 ], [ 4161940.1, 2991926.7 ], [ 4161864.7, 2991897.5 ], [ 4161859.7, 2991863.1 ], [ 4161871.1, 2991840.1 ], [ 4161905.8, 2991829.6 ], [ 4161915.8, 2991814.0 ], [ 4161910.4, 2991796.3 ], [ 4161888.2, 2991788.0 ], [ 4161888.3, 2991774.2 ], [ 4161877.2, 2991761.3 ], [ 4161919.3, 2991741.5 ], [ 4161928.3, 2991673.4 ], [ 4161956.7, 2991661.6 ], [ 4161976.2, 2991631.4 ], [ 4161959.2, 2991490.3 ], [ 4161971.7, 2991410.7 ], [ 4161972.4, 2991236.1 ], [ 4161979.9, 2991183.1 ], [ 4162049.1, 2991164.8 ], [ 4162070.5, 2991183.9 ] ], [ [ 4165012.0, 2991315.9 ], [ 4165032.5, 2991289.7 ], [ 4165057.5, 2991275.8 ], [ 4165096.0, 2991275.8 ], [ 4165174.4, 2991244.8 ], [ 4165211.4, 2991244.9 ], [ 4165223.1, 2991261.0 ], [ 4165310.8, 2991312.9 ], [ 4165332.5, 2991341.4 ], [ 4165410.9, 2991400.9 ], [ 4165430.4, 2991432.8 ], [ 4165439.9, 2991478.0 ], [ 4165459.6, 2991513.4 ], [ 4165506.7, 2991540.4 ], [ 4165569.8, 2991551.7 ], [ 4165568.7, 2991586.6 ], [ 4165585.3, 2991605.9 ], [ 4165602.5, 2991610.8 ], [ 4165530.0, 2991691.3 ], [ 4165530.1, 2991707.9 ], [ 4165550.4, 2991748.7 ], [ 4165588.7, 2991763.9 ], [ 4165726.1, 2991701.2 ], [ 4165629.5, 2991802.1 ], [ 4165572.5, 2991795.8 ], [ 4165522.6, 2991840.1 ], [ 4165384.2, 2991926.3 ], [ 4165366.4, 2991930.3 ], [ 4165364.4, 2991899.2 ], [ 4165348.6, 2991886.3 ], [ 4165313.6, 2991893.7 ], [ 4165212.5, 2991882.4 ], [ 4165195.3, 2991850.5 ], [ 4165137.8, 2991804.2 ], [ 4165077.4, 2991658.8 ], [ 4165074.5, 2991627.0 ], [ 4165041.8, 2991564.6 ], [ 4165031.4, 2991526.5 ], [ 4165041.6, 2991484.0 ], [ 4165055.7, 2991467.0 ], [ 4165054.2, 2991449.3 ], [ 4165004.0, 2991408.9 ], [ 4164970.7, 2991397.1 ], [ 4164972.7, 2991377.3 ], [ 4165012.4, 2991355.8 ], [ 4165012.0, 2991315.9 ] ], [ [ 4165690.8, 2991608.8 ], [ 4165633.1, 2991535.2 ], [ 4165686.6, 2991465.4 ], [ 4165744.4, 2991450.4 ], [ 4165764.8, 2991436.0 ], [ 4165774.4, 2991389.8 ], [ 4165757.0, 2991361.5 ], [ 4165797.9, 2991320.4 ], [ 4165835.9, 2991367.4 ], [ 4165790.3, 2991415.0 ], [ 4165809.5, 2991464.2 ], [ 4165802.0, 2991522.1 ], [ 4165690.8, 2991608.8 ] ], [ [ 4165527.1, 2991352.5 ], [ 4165677.8, 2991387.9 ], [ 4165676.2, 2991416.5 ], [ 4165657.6, 2991422.3 ], [ 4165646.7, 2991438.7 ], [ 4165617.5, 2991447.7 ], [ 4165578.1, 2991436.5 ], [ 4165583.8, 2991414.8 ], [ 4165577.1, 2991399.2 ], [ 4165533.7, 2991383.8 ], [ 4165505.0, 2991354.6 ], [ 4165527.1, 2991352.5 ] ], [ [ 4165160.3, 2992001.3 ], [ 4165141.1, 2992003.3 ], [ 4165096.1, 2992027.4 ], [ 4165086.2, 2992016.7 ], [ 4165102.7, 2991998.3 ], [ 4165094.7, 2991974.6 ], [ 4165134.8, 2991959.3 ], [ 4165150.1, 2991973.9 ], [ 4165160.3, 2992001.3 ] ], [ [ 4164200.9, 2992235.9 ], [ 4164203.2, 2992290.9 ], [ 4164216.3, 2992306.8 ], [ 4164286.9, 2992314.5 ], [ 4164300.0, 2992308.1 ], [ 4164306.4, 2992291.3 ], [ 4164364.7, 2992313.3 ], [ 4164432.0, 2992313.7 ], [ 4164432.6, 2992322.1 ], [ 4164424.0, 2992332.6 ], [ 4164393.3, 2992334.8 ], [ 4164366.2, 2992362.6 ], [ 4164340.6, 2992368.1 ], [ 4164306.0, 2992356.2 ], [ 4164287.5, 2992332.5 ], [ 4164230.1, 2992336.9 ], [ 4164211.5, 2992323.2 ], [ 4164140.7, 2992360.1 ], [ 4164080.7, 2992350.5 ], [ 4164068.5, 2992299.0 ], [ 4164107.1, 2992260.9 ], [ 4164213.3, 2992201.6 ], [ 4164216.7, 2992207.2 ], [ 4164200.9, 2992235.9 ] ], [ [ 4162918.3, 2994076.8 ], [ 4162943.1, 2994018.8 ], [ 4162965.4, 2994087.0 ], [ 4162918.3, 2994076.8 ] ] ] } },
{ "type": "Feature", "properties": { "id": "forest_69782", "state": "Rheinland-Pfalz", "area_ha": 7184.0, "unfragmented": true, "image": "forest_69782.webp", "real_width_m": 18547.8, "real_height_m": 9200.5, "pixel_width": 1854, "pixel_height": 920, "centroid_x": 4177354.4, "centroid_y": 2930516.9 }, "geometry": { "type": "Polygon", "coordinates": [ [ [ 4179515.8, 2936124.8 ], [ 4179589.6, 2936120.2 ], [ 4179601.4, 2936113.2 ], [ 4179607.2, 2936097.0 ], [ 4179658.4, 2936087.2 ], [ 4179737.2, 2936103.0 ], [ 4179812.3, 2936010.2 ], [ 4179828.4, 2936019.4 ], [ 4179847.7, 2936011.0 ], [ 4179852.0, 2935993.8 ], [ 4179841.9, 2935963.7 ], [ 4179873.1, 2935971.5 ], [ 4179886.8, 2935947.3 ], [ 4179812.1, 2935741.2 ], [ 4179548.4, 2935677.5 ], [ 4179549.9, 2935658.0 ], [ 4179533.8, 2935644.0 ], [ 4179478.9, 2935633.9 ], [ 4179443.2, 2935636.1 ], [ 4179345.5, 2935688.0 ], [ 4179335.3, 2935761.8 ], [ 4179295.8, 2935860.7 ], [ 4179307.7, 2935937.8 ], [ 4179286.0, 2935950.8 ], [ 4179257.7, 2935857.4 ], [ 4179244.2, 2935845.1 ], [ 4179277.4, 2935746.5 ], [ 4179278.0, 2935712.7 ], [ 4179263.4, 2935698.0 ], [ 4179226.5, 2935692.6 ], [ 4179228.4, 2935674.8 ], [ 4179245.8, 2935669.9 ], [ 4179257.4, 2935646.9 ], [ 4179267.5, 2935609.4 ], [ 4179259.8, 2935593.4 ], [ 4179082.0, 2935550.5 ], [ 4179062.6, 2935565.5 ], [ 4179060.1, 2935609.6 ], [ 4179007.7, 2935614.0 ], [ 4178951.8, 2935635.3 ], [ 4178948.5, 2935625.6 ], [ 4178964.7, 2935605.2 ], [ 4179040.3, 2935566.3 ], [ 4179045.5, 2935548.9 ], [ 4179038.8, 2935535.8 ], [ 4178854.1, 2935412.9 ], [ 4178749.9, 2935308.5 ], [ 4178560.6, 2935205.7 ], [ 4178308.9, 2935035.5 ], [ 4178136.1, 2934867.6 ], [ 4178108.4, 2934870.0 ], [ 4178087.9, 2934908.8 ], [ 4178064.6, 2934893.9 ], [ 4178089.2, 2934822.8 ], [ 4178149.1, 2934373.1 ], [ 4178137.5, 2934355.4 ], [ 4178066.1, 2934335.1 ], [ 4178088.2, 2934230.6 ], [ 4178075.9, 2934211.1 ], [ 4178081.4, 2934183.5 ], [ 4178063.0, 2934161.0 ], [ 4177955.1, 2934112.5 ], [ 4177796.7, 2934023.5 ], [ 4177821.0, 2933980.5 ], [ 4177810.3, 2933958.1 ], [ 4177722.1, 2933925.8 ], [ 4177641.6, 2933925.3 ], [ 4177658.7, 2933892.0 ], [ 4177654.2, 2933873.3 ], [ 4177639.1, 2933862.1 ], [ 4177618.0, 2933865.1 ], [ 4177571.2, 2933914.3 ], [ 4177548.1, 2933904.3 ], [ 4177512.7, 2933929.2 ], [ 4177490.8, 2933907.1 ], [ 4177466.0, 2933913.3 ], [ 4177481.7, 2933787.2 ], [ 4177468.4, 2933767.8 ], [ 4177395.1, 2933773.0 ], [ 4177376.7, 2933761.9 ], [ 4177357.6, 2933771.7 ], [ 4177342.5, 2933951.4 ], [ 4177263.0, 2933868.9 ], [ 4177285.7, 2933867.4 ], [ 4177297.3, 2933853.4 ], [ 4177306.7, 2933761.8 ], [ 4177303.4, 2933719.8 ], [ 4177326.0, 2933697.8 ], [ 4177330.6, 2933670.6 ], [ 4177364.9, 2933676.0 ], [ 4177380.8, 2933698.8 ], [ 4177422.2, 2933691.3 ], [ 4177437.1, 2933677.0 ], [ 4177438.0, 2933653.7 ], [ 4177453.3, 2933646.4 ], [ 4177459.0, 2933633.0 ], [ 4177453.1, 2933593.7 ], [ 4177442.4, 2933579.4 ], [ 4177415.5, 2933583.6 ], [ 4177408.4, 2933612.4 ], [ 4177372.9, 2933607.5 ], [ 4177364.5, 2933578.0 ], [ 4177284.6, 2933565.9 ], [ 4177277.4, 2933541.2 ], [ 4177358.3, 2933551.2 ], [ 4177375.6, 2933533.3 ], [ 4177436.7, 2933520.6 ], [ 4177443.0, 2933499.7 ], [ 4177414.5, 2933415.4 ], [ 4177427.8, 2933397.3 ], [ 4177426.5, 2933379.2 ], [ 4177458.3, 2933363.1 ], [ 4177467.3, 2933346.2 ], [ 4177507.3, 2933338.5 ], [ 4177519.7, 2933350.9 ], [ 4177557.6, 2933361.9 ], [ 4177561.3, 2933385.7 ], [ 4177581.7, 2933396.6 ], [ 4177597.1, 2933428.6 ], [ 4177634.4, 2933440.2 ], [ 4177653.2, 2933436.6 ], [ 4177677.5, 2933482.3 ], [ 4177702.2, 2933485.9 ], [ 4177716.9, 2933542.2 ], [ 4177749.4, 2933554.2 ], [ 4177768.0, 2933543.2 ], [ 4177790.3, 2933481.7 ], [ 4177773.8, 2933463.6 ], [ 4177733.7, 2933466.2 ], [ 4177728.3, 2933400.8 ], [ 4177773.9, 2933379.3 ], [ 4177787.0, 2933394.5 ], [ 4177835.4, 2933403.9 ], [ 4177848.8, 2933386.0 ], [ 4177848.0, 2933369.2 ], [ 4177836.4, 2933356.5 ], [ 4177853.0, 2933311.3 ], [ 4177902.2, 2933327.0 ], [ 4177913.1, 2933346.8 ], [ 4177951.1, 2933364.3 ], [ 4177936.8, 2933438.4 ], [ 4177958.4, 2933458.5 ], [ 4177936.5, 2933496.7 ], [ 4177940.5, 2933564.8 ], [ 4177950.4, 2933579.5 ], [ 4177973.2, 2933584.9 ], [ 4177992.8, 2933565.4 ], [ 4177989.3, 2933502.5 ], [ 4178014.5, 2933505.3 ], [ 4178028.3, 2933493.0 ], [ 4178034.5, 2933414.4 ], [ 4178069.5, 2933406.3 ], [ 4178113.3, 2933445.9 ], [ 4178122.1, 2933467.5 ], [ 4178115.8, 2933520.0 ], [ 4178157.9, 2933538.2 ], [ 4178172.7, 2933536.9 ], [ 4178183.3, 2933526.5 ], [ 4178191.0, 2933466.6 ], [ 4178222.4, 2933476.9 ], [ 4178239.7, 2933465.3 ], [ 4178241.1, 2933447.7 ], [ 4178227.9, 2933429.1 ], [ 4178235.9, 2933404.3 ], [ 4178216.4, 2933381.4 ], [ 4178214.6, 2933360.0 ], [ 4178193.3, 2933337.6 ], [ 4178172.4, 2933334.6 ], [ 4178160.2, 2933322.1 ], [ 4178177.1, 2933283.6 ], [ 4178150.4, 2933258.0 ], [ 4178156.5, 2933238.5 ], [ 4178148.8, 2933221.6 ], [ 4178076.9, 2933190.0 ], [ 4177923.2, 2933156.2 ], [ 4177882.8, 2933172.9 ], [ 4177872.6, 2933197.8 ], [ 4177847.8, 2933191.5 ], [ 4177847.3, 2933150.7 ], [ 4177822.1, 2933136.9 ], [ 4177802.2, 2933151.5 ], [ 4177805.7, 2933189.0 ], [ 4177756.0, 2933190.0 ], [ 4177715.5, 2933213.2 ], [ 4177702.8, 2933265.7 ], [ 4177640.4, 2933282.5 ], [ 4177636.4, 2933236.6 ], [ 4177624.8, 2933219.7 ], [ 4177610.5, 2933216.0 ], [ 4177538.2, 2933238.9 ], [ 4177533.4, 2933255.3 ], [ 4177545.1, 2933304.5 ], [ 4177512.6, 2933314.6 ], [ 4177503.6, 2933287.7 ], [ 4177484.0, 2933278.2 ], [ 4177396.2, 2933308.2 ], [ 4177369.8, 2933302.8 ], [ 4177318.6, 2933364.6 ], [ 4177319.6, 2933379.1 ], [ 4177339.6, 2933410.5 ], [ 4177322.2, 2933426.5 ], [ 4177303.8, 2933418.3 ], [ 4177272.9, 2933427.2 ], [ 4177250.5, 2933455.0 ], [ 4177214.5, 2933476.7 ], [ 4177204.0, 2933519.3 ], [ 4177186.7, 2933530.5 ], [ 4177167.8, 2933579.2 ], [ 4177166.6, 2933592.6 ], [ 4177176.2, 2933606.3 ], [ 4177146.9, 2933674.8 ], [ 4177124.8, 2933682.2 ], [ 4177114.7, 2933669.2 ], [ 4177093.3, 2933635.4 ], [ 4177112.1, 2933604.9 ], [ 4177112.6, 2933587.5 ], [ 4177096.9, 2933574.2 ], [ 4177068.3, 2933575.0 ], [ 4177054.7, 2933537.3 ], [ 4177075.5, 2933475.1 ], [ 4177074.0, 2933453.9 ], [ 4177137.5, 2933362.8 ], [ 4177136.6, 2933345.7 ], [ 4177118.1, 2933328.9 ], [ 4177130.9, 2933317.4 ], [ 4177131.7, 2933300.2 ], [ 4177168.4, 2933306.2 ], [ 4177183.6, 2933297.0 ], [ 4177187.6, 2933283.1 ], [ 4177177.8, 2933256.5 ], [ 4177218.7, 2933257.4 ], [ 4177252.2, 2933229.2 ], [ 4177273.7, 2933246.9 ], [ 4177294.2, 2933245.3 ], [ 4177309.3, 2933217.5 ], [ 4177287.0, 2933189.4 ], [ 4177337.8, 2933152.0 ], [ 4177398.7, 2933136.0 ], [ 4177406.5, 2933109.1 ], [ 4177422.9, 2933098.9 ], [ 4177431.7, 2933098.5 ], [ 4177445.6, 2933130.3 ], [ 4177492.0, 2933131.4 ], [ 4177501.7, 2933154.6 ], [ 4177521.4, 2933160.8 ], [ 4177600.0, 2933133.9 ], [ 4177650.0, 2933125.5 ], [ 4177801.2, 2933056.0 ], [ 4177862.2, 2933059.8 ], [ 4177875.4, 2933046.8 ], [ 4177879.5, 2933008.8 ], [ 4177898.9, 2932987.7 ], [ 4177944.5, 2933002.6 ], [ 4178002.3, 2933007.2 ], [ 4178021.5, 2932990.8 ], [ 4178024.5, 2932970.2 ], [ 4178013.6, 2932956.8 ], [ 4177989.5, 2932948.4 ], [ 4177972.1, 2932919.0 ], [ 4177974.3, 2932878.6 ], [ 4177994.8, 2932878.5 ], [ 4178013.1, 2932904.1 ], [ 4178043.3, 2932900.7 ], [ 4178052.7, 2932886.3 ], [ 4178053.9, 2932841.9 ], [ 4178066.9, 2932830.9 ], [ 4178069.1, 2932812.6 ], [ 4178054.8, 2932792.4 ], [ 4177983.2, 2932782.6 ], [ 4177968.5, 2932785.7 ], [ 4177959.3, 2932797.4 ], [ 4177865.0, 2932793.5 ], [ 4177765.9, 2932749.6 ], [ 4177700.3, 2932754.9 ], [ 4177687.6, 2932777.9 ], [ 4177572.9, 2932827.0 ], [ 4177562.1, 2932811.4 ], [ 4177536.4, 2932811.5 ], [ 4177517.4, 2932792.4 ], [ 4177453.9, 2932803.4 ], [ 4177449.4, 2932779.9 ], [ 4177421.2, 2932764.8 ], [ 4177403.4, 2932767.5 ], [ 4177390.6, 2932785.8 ], [ 4177383.6, 2932766.1 ], [ 4177284.9, 2932673.9 ], [ 4177221.1, 2932653.7 ], [ 4177220.9, 2932623.7 ], [ 4177329.9, 2932627.6 ], [ 4177415.3, 2932659.2 ], [ 4177459.7, 2932703.8 ], [ 4177476.2, 2932703.8 ], [ 4177525.1, 2932726.9 ], [ 4177600.8, 2932742.4 ], [ 4177719.6, 2932720.5 ], [ 4177733.1, 2932696.9 ], [ 4177753.9, 2932686.5 ], [ 4177756.5, 2932665.0 ], [ 4177673.5, 2932596.6 ], [ 4177651.9, 2932594.9 ], [ 4177508.2, 2932518.5 ], [ 4177222.6, 2932432.0 ], [ 4177074.0, 2932382.6 ], [ 4177077.2, 2932376.2 ], [ 4177138.2, 2932353.4 ], [ 4177201.7, 2932364.2 ], [ 4177258.2, 2932390.3 ], [ 4177329.1, 2932405.1 ], [ 4177402.3, 2932442.1 ], [ 4177476.5, 2932467.6 ], [ 4177571.0, 2932451.8 ], [ 4177591.7, 2932460.3 ], [ 4177689.6, 2932560.5 ], [ 4177842.2, 2932676.3 ], [ 4177895.0, 2932674.1 ], [ 4178036.6, 2932701.8 ], [ 4178084.7, 2932683.3 ], [ 4178089.4, 2932654.0 ], [ 4178131.1, 2932637.3 ], [ 4178141.8, 2932620.4 ], [ 4178173.9, 2932631.0 ], [ 4178189.1, 2932650.0 ], [ 4178227.9, 2932653.2 ], [ 4178244.0, 2932674.5 ], [ 4178353.2, 2932708.6 ], [ 4178426.2, 2932716.9 ], [ 4178437.1, 2932730.3 ], [ 4178454.1, 2932733.0 ], [ 4178469.3, 2932724.0 ], [ 4178476.3, 2932707.8 ], [ 4178502.3, 2932698.3 ], [ 4178503.9, 2932665.7 ], [ 4178576.1, 2932684.0 ], [ 4178597.5, 2932672.8 ], [ 4178607.4, 2932596.1 ], [ 4178524.5, 2932555.8 ], [ 4178591.1, 2932409.0 ], [ 4178590.5, 2932393.9 ], [ 4178699.8, 2932210.8 ], [ 4178798.2, 2932271.8 ], [ 4178776.2, 2932309.1 ], [ 4178777.0, 2932326.7 ], [ 4178847.8, 2932381.1 ], [ 4178864.6, 2932385.0 ], [ 4178889.3, 2932360.5 ], [ 4178952.7, 2932234.1 ], [ 4178969.3, 2932220.4 ], [ 4178960.9, 2932194.1 ], [ 4178964.4, 2932168.3 ], [ 4179000.9, 2932192.6 ], [ 4178991.0, 2932216.9 ], [ 4178998.3, 2932235.8 ], [ 4179064.9, 2932260.9 ], [ 4179049.2, 2932341.8 ], [ 4179091.2, 2932447.8 ], [ 4179137.3, 2932464.6 ], [ 4179192.4, 2932473.0 ], [ 4179195.5, 2932514.4 ], [ 4179216.4, 2932525.8 ], [ 4179228.0, 2932546.7 ], [ 4179327.3, 2932548.5 ], [ 4179343.1, 2932571.2 ], [ 4179449.6, 2932594.8 ], [ 4179532.4, 2932625.6 ], [ 4179552.9, 2932617.1 ], [ 4179617.4, 2932667.0 ], [ 4179620.2, 2932702.1 ], [ 4179699.4, 2932760.9 ], [ 4179773.5, 2932756.9 ], [ 4179820.5, 2932730.5 ], [ 4179896.3, 2932712.2 ], [ 4179996.4, 2932767.0 ], [ 4180099.1, 2932871.2 ], [ 4180138.8, 2932891.8 ], [ 4180208.8, 2932899.0 ], [ 4180220.6, 2932924.0 ], [ 4180203.7, 2932941.9 ], [ 4180079.8, 2932907.5 ], [ 4179947.2, 2932772.8 ], [ 4179949.5, 2932752.2 ], [ 4179937.4, 2932739.7 ], [ 4179878.6, 2932731.5 ], [ 4179865.3, 2932747.3 ], [ 4179829.0, 2932756.7 ], [ 4179813.6, 2932782.1 ], [ 4179797.3, 2932787.7 ], [ 4179707.5, 2932781.5 ], [ 4179666.3, 2932758.8 ], [ 4179587.6, 2932697.4 ], [ 4179506.9, 2932654.3 ], [ 4179409.2, 2932623.1 ], [ 4179291.4, 2932603.0 ], [ 4179166.9, 2932611.5 ], [ 4179081.2, 2932676.8 ], [ 4178960.9, 2932716.9 ], [ 4178898.1, 2932748.2 ], [ 4178877.4, 2932766.7 ], [ 4178864.3, 2932756.6 ], [ 4178846.4, 2932759.2 ], [ 4178798.1, 2932822.5 ], [ 4178764.0, 2932843.3 ], [ 4178759.2, 2932860.9 ], [ 4178775.2, 2932888.2 ], [ 4178805.0, 2932890.6 ], [ 4178832.1, 2932862.3 ], [ 4178861.2, 2932883.9 ], [ 4178904.3, 2933023.3 ], [ 4179047.2, 2933238.4 ], [ 4179010.4, 2933310.8 ], [ 4179012.1, 2933331.8 ], [ 4179136.3, 2933446.7 ], [ 4179122.0, 2933468.5 ], [ 4179129.6, 2933487.1 ], [ 4179150.0, 2933493.0 ], [ 4179169.0, 2933479.8 ], [ 4179197.2, 2933506.8 ], [ 4179151.3, 2933542.0 ], [ 4179133.1, 2933572.9 ], [ 4179135.5, 2933590.2 ], [ 4179299.1, 2933706.0 ], [ 4179298.9, 2933730.6 ], [ 4179352.7, 2933778.6 ], [ 4179366.7, 2933809.0 ], [ 4179425.2, 2933820.5 ], [ 4179459.3, 2933813.3 ], [ 4179574.6, 2933737.3 ], [ 4179607.5, 2933689.2 ], [ 4179712.0, 2933727.4 ], [ 4179865.0, 2933735.4 ], [ 4179882.7, 2933725.1 ], [ 4179885.4, 2933708.0 ], [ 4179858.3, 2933645.3 ], [ 4179843.7, 2933567.9 ], [ 4179815.9, 2933277.7 ], [ 4179774.2, 2933135.8 ], [ 4179787.4, 2933124.3 ], [ 4179790.2, 2933101.6 ], [ 4179736.2, 2932988.1 ], [ 4179812.4, 2932944.7 ], [ 4179912.7, 2932971.1 ], [ 4179923.8, 2932961.2 ], [ 4179939.5, 2932920.9 ], [ 4180257.0, 2933058.5 ], [ 4180277.7, 2933052.5 ], [ 4180283.4, 2933031.7 ], [ 4180302.0, 2933012.7 ], [ 4180356.0, 2933068.5 ], [ 4180370.4, 2933073.0 ], [ 4180384.3, 2933067.3 ], [ 4180399.4, 2933076.8 ], [ 4180443.6, 2933146.9 ], [ 4180464.3, 2933144.2 ], [ 4180475.0, 2933116.0 ], [ 4180516.3, 2933094.0 ], [ 4180566.4, 2933244.8 ], [ 4180591.7, 2933268.9 ], [ 4180654.1, 2933393.4 ], [ 4180698.9, 2933448.0 ], [ 4180747.8, 2933535.2 ], [ 4180750.8, 2933552.8 ], [ 4180782.9, 2933566.8 ], [ 4180868.7, 2933672.8 ], [ 4180991.3, 2933764.3 ], [ 4181114.6, 2933887.0 ], [ 4181154.4, 2933915.0 ], [ 4181172.2, 2933916.6 ], [ 4181196.0, 2933893.1 ], [ 4181227.5, 2933776.2 ], [ 4181218.5, 2933748.3 ], [ 4181175.5, 2933679.6 ], [ 4181252.6, 2933608.1 ], [ 4181358.7, 2933727.1 ], [ 4181469.2, 2933720.4 ], [ 4181525.6, 2933708.9 ], [ 4181538.1, 2933701.4 ], [ 4181544.1, 2933684.0 ], [ 4181670.4, 2933699.7 ], [ 4181684.1, 2933682.6 ], [ 4181701.0, 2933571.7 ], [ 4181748.3, 2933451.9 ], [ 4181741.7, 2933418.7 ], [ 4181682.7, 2933358.3 ], [ 4181448.7, 2933190.6 ], [ 4181422.0, 2933164.2 ], [ 4181432.7, 2933135.1 ], [ 4181556.5, 2933026.6 ], [ 4181569.2, 2932983.3 ], [ 4181556.7, 2932965.4 ], [ 4181533.0, 2932968.2 ], [ 4181504.2, 2932926.8 ], [ 4181518.4, 2932911.9 ], [ 4181516.2, 2932893.5 ], [ 4181454.5, 2932799.8 ], [ 4181437.3, 2932793.0 ], [ 4181419.8, 2932800.8 ], [ 4181356.4, 2932676.1 ], [ 4181383.0, 2932661.5 ], [ 4181391.5, 2932646.5 ], [ 4181369.3, 2932595.8 ], [ 4181413.4, 2932572.4 ], [ 4181433.7, 2932579.8 ], [ 4181476.9, 2932566.4 ], [ 4181571.8, 2932566.0 ], [ 4181637.3, 2932496.1 ], [ 4181617.5, 2932368.9 ], [ 4181630.8, 2932302.8 ], [ 4181673.3, 2932215.9 ], [ 4181671.8, 2932167.5 ], [ 4181612.4, 2932029.2 ], [ 4181578.7, 2931882.5 ], [ 4181443.5, 2931626.0 ], [ 4181434.7, 2931557.3 ], [ 4181490.9, 2931343.9 ], [ 4181639.9, 2930968.9 ], [ 4181768.8, 2930799.3 ], [ 4181836.4, 2930753.2 ], [ 4181844.3, 2930737.6 ], [ 4181835.7, 2930718.8 ], [ 4181785.4, 2930691.8 ], [ 4181738.5, 2930652.1 ], [ 4181614.4, 2930482.4 ], [ 4181610.2, 2930451.3 ], [ 4181621.8, 2930405.5 ], [ 4181585.4, 2930347.3 ], [ 4181584.5, 2930291.8 ], [ 4181559.8, 2930237.5 ], [ 4181542.3, 2930117.5 ], [ 4181537.6, 2930020.2 ], [ 4181550.5, 2929994.2 ], [ 4181601.7, 2929974.6 ], [ 4181644.8, 2929975.4 ], [ 4181761.0, 2929989.1 ], [ 4181796.2, 2930008.7 ], [ 4181797.8, 2930036.5 ], [ 4181747.0, 2930143.0 ], [ 4181748.4, 2930218.1 ], [ 4181757.4, 2930264.9 ], [ 4181786.4, 2930328.7 ], [ 4181849.7, 2930399.3 ], [ 4181866.8, 2930399.3 ], [ 4181907.1, 2930369.5 ], [ 4181952.6, 2930350.1 ], [ 4182176.1, 2930294.2 ], [ 4182237.9, 2930291.6 ], [ 4182255.2, 2930300.3 ], [ 4182280.7, 2930333.3 ], [ 4182283.8, 2930382.5 ], [ 4182259.2, 2930484.1 ], [ 4182234.6, 2930534.8 ], [ 4182173.7, 2930619.5 ], [ 4182158.8, 2930664.0 ], [ 4182161.6, 2930793.5 ], [ 4182102.7, 2930883.3 ], [ 4182098.8, 2930902.3 ], [ 4182110.3, 2930918.1 ], [ 4182136.2, 2930923.5 ], [ 4182209.0, 2930897.0 ], [ 4182407.2, 2930910.9 ], [ 4182517.4, 2930897.4 ], [ 4182550.7, 2930914.3 ], [ 4182556.6, 2930928.2 ], [ 4182560.1, 2930947.0 ], [ 4182517.6, 2931065.8 ], [ 4182524.8, 2931134.8 ], [ 4182380.2, 2931221.1 ], [ 4182349.6, 2931250.0 ], [ 4182311.6, 2931309.4 ], [ 4182300.1, 2931380.6 ], [ 4182312.1, 2931459.9 ], [ 4182394.3, 2931678.6 ], [ 4182394.5, 2931696.9 ], [ 4182360.4, 2931755.3 ], [ 4182361.6, 2931781.7 ], [ 4182432.6, 2931863.3 ], [ 4182445.7, 2931915.6 ], [ 4182482.1, 2931952.9 ], [ 4182503.1, 2931949.5 ], [ 4182537.6, 2931907.8 ], [ 4182561.3, 2931894.5 ], [ 4182635.6, 2931891.1 ], [ 4182709.2, 2931909.0 ], [ 4182857.8, 2931967.5 ], [ 4182994.7, 2931991.0 ], [ 4183178.3, 2932047.8 ], [ 4183222.7, 2932071.1 ], [ 4183291.0, 2932057.5 ], [ 4183357.3, 2932022.7 ], [ 4183447.6, 2931953.6 ], [ 4183479.1, 2931913.1 ], [ 4183514.8, 2931883.0 ], [ 4183576.8, 2931851.7 ], [ 4183634.9, 2931806.8 ], [ 4183704.8, 2931766.1 ], [ 4183727.0, 2931714.6 ], [ 4183853.6, 2931614.2 ], [ 4183919.0, 2931542.9 ], [ 4183936.4, 2931538.6 ], [ 4183969.8, 2931548.4 ], [ 4184013.8, 2931543.3 ], [ 4184066.9, 2931571.4 ], [ 4184093.5, 2931568.2 ], [ 4184137.3, 2931545.6 ], [ 4184229.1, 2931476.8 ], [ 4184323.1, 2931433.6 ], [ 4184414.2, 2931374.8 ], [ 4184593.2, 2931330.5 ], [ 4184719.2, 2931314.9 ], [ 4184733.4, 2931303.3 ], [ 4184741.2, 2931267.9 ], [ 4184761.0, 2931271.2 ], [ 4184775.7, 2931256.1 ], [ 4184816.8, 2931262.0 ], [ 4184838.3, 2931274.5 ], [ 4184837.3, 2931301.9 ], [ 4184873.5, 2931325.2 ], [ 4184971.0, 2931346.5 ], [ 4185071.9, 2931348.7 ], [ 4185163.0, 2931381.7 ], [ 4185509.9, 2931590.9 ], [ 4185650.6, 2931634.2 ], [ 4185722.5, 2931646.9 ], [ 4185898.6, 2931634.0 ], [ 4186032.8, 2931671.0 ], [ 4186562.3, 2931689.1 ], [ 4186579.3, 2931675.1 ], [ 4186621.7, 2931487.8 ], [ 4186892.8, 2931517.4 ], [ 4186915.9, 2931503.5 ], [ 4186915.1, 2931485.9 ], [ 4186772.3, 2931183.3 ], [ 4186753.5, 2931176.1 ], [ 4186719.8, 2931185.0 ], [ 4186678.2, 2931114.7 ], [ 4186668.2, 2931080.1 ], [ 4186656.2, 2931071.3 ], [ 4186547.8, 2931076.5 ], [ 4186390.6, 2931071.6 ], [ 4186351.3, 2931081.9 ], [ 4186342.9, 2931115.5 ], [ 4186328.4, 2931126.5 ], [ 4186294.7, 2931128.1 ], [ 4186277.4, 2931119.9 ], [ 4186255.5, 2931094.3 ], [ 4186196.2, 2931101.4 ], [ 4186129.9, 2931094.9 ], [ 4186112.4, 2931105.8 ], [ 4185914.2, 2931048.8 ], [ 4185900.9, 2931032.5 ], [ 4185913.1, 2930998.2 ], [ 4186016.0, 2931034.1 ], [ 4186138.8, 2931064.1 ], [ 4186236.7, 2931065.3 ], [ 4186251.2, 2931055.7 ], [ 4186255.1, 2931041.2 ], [ 4186398.2, 2931047.7 ], [ 4186493.5, 2931039.3 ], [ 4186706.3, 2931048.2 ], [ 4186719.3, 2931064.3 ], [ 4186733.7, 2931068.2 ], [ 4186800.1, 2931052.4 ], [ 4187036.0, 2930923.1 ], [ 4187110.1, 2930902.0 ], [ 4187177.9, 2930903.2 ], [ 4187238.6, 2930943.8 ], [ 4187306.2, 2930947.2 ], [ 4187333.3, 2930956.8 ], [ 4187368.6, 2931001.2 ], [ 4187383.3, 2931000.6 ], [ 4187400.5, 2930987.3 ], [ 4187531.0, 2931201.2 ], [ 4187474.9, 2931241.2 ], [ 4187472.0, 2931265.7 ], [ 4187567.0, 2931381.2 ], [ 4187591.9, 2931383.7 ], [ 4187628.8, 2931343.4 ], [ 4187645.8, 2931359.3 ], [ 4187663.6, 2931358.4 ], [ 4187675.2, 2931333.7 ], [ 4187712.2, 2931318.5 ], [ 4187721.3, 2931307.6 ], [ 4187686.7, 2931101.2 ], [ 4187713.4, 2931019.4 ], [ 4187710.2, 2931002.3 ], [ 4187692.0, 2930992.5 ], [ 4187642.3, 2931002.9 ], [ 4187504.2, 2930855.2 ], [ 4187462.8, 2930751.5 ], [ 4187355.8, 2930680.0 ], [ 4187386.4, 2930641.2 ], [ 4187409.8, 2930645.9 ], [ 4187427.3, 2930634.6 ], [ 4187430.5, 2930610.9 ], [ 4187459.4, 2930549.2 ], [ 4187454.7, 2930528.8 ], [ 4187425.2, 2930516.4 ], [ 4187411.8, 2930520.5 ], [ 4187401.3, 2930535.5 ], [ 4187376.3, 2930540.2 ], [ 4187344.1, 2930530.8 ], [ 4187329.6, 2930546.1 ], [ 4187330.5, 2930576.8 ], [ 4187317.0, 2930610.1 ], [ 4187261.1, 2930575.6 ], [ 4187194.6, 2930630.2 ], [ 4187169.4, 2930609.2 ], [ 4187178.1, 2930592.6 ], [ 4187167.2, 2930543.2 ], [ 4187141.5, 2930518.8 ], [ 4187118.2, 2930523.4 ], [ 4187091.1, 2930488.0 ], [ 4187089.1, 2930428.9 ], [ 4187114.4, 2930418.5 ], [ 4187134.5, 2930421.6 ], [ 4187152.2, 2930434.6 ], [ 4187174.0, 2930427.1 ], [ 4187199.3, 2930442.7 ], [ 4187189.8, 2930461.4 ], [ 4187192.1, 2930475.9 ], [ 4187233.2, 2930502.4 ], [ 4187247.8, 2930502.9 ], [ 4187295.8, 2930477.6 ], [ 4187305.9, 2930455.7 ], [ 4187327.6, 2930441.7 ], [ 4187356.4, 2930397.9 ], [ 4187374.8, 2930383.9 ], [ 4187406.1, 2930324.6 ], [ 4187399.5, 2930302.0 ], [ 4187365.8, 2930286.4 ], [ 4187381.5, 2930244.8 ], [ 4187420.9, 2930240.7 ], [ 4187437.5, 2930208.0 ], [ 4187471.3, 2930232.8 ], [ 4187516.5, 2930251.6 ], [ 4187530.6, 2930247.7 ], [ 4187553.1, 2930225.1 ], [ 4187593.3, 2930162.9 ], [ 4187586.1, 2930147.1 ], [ 4187540.6, 2930125.6 ], [ 4187529.9, 2930108.9 ], [ 4187559.6, 2930057.1 ], [ 4187550.8, 2930027.5 ], [ 4187536.1, 2930015.8 ], [ 4187547.7, 2929991.8 ], [ 4187544.9, 2929949.7 ], [ 4187567.0, 2929953.4 ], [ 4187585.9, 2929935.3 ], [ 4187646.9, 2929966.2 ], [ 4187625.0, 2929991.0 ], [ 4187622.8, 2930005.6 ], [ 4187600.8, 2930010.6 ], [ 4187591.4, 2930026.2 ], [ 4187599.9, 2930046.1 ], [ 4187643.8, 2930071.9 ], [ 4187664.4, 2930065.9 ], [ 4187684.3, 2930035.0 ], [ 4187728.2, 2930056.3 ], [ 4187771.4, 2930063.5 ], [ 4187787.8, 2930050.1 ], [ 4187788.3, 2930024.9 ], [ 4187838.0, 2930016.1 ], [ 4187887.4, 2930021.5 ], [ 4187906.3, 2930002.9 ], [ 4187898.1, 2929967.9 ], [ 4187875.1, 2929952.1 ], [ 4187854.2, 2929955.2 ], [ 4187839.5, 2929974.9 ], [ 4187809.9, 2929957.9 ], [ 4187791.1, 2929959.0 ], [ 4187799.0, 2929930.2 ], [ 4187820.1, 2929903.2 ], [ 4187823.4, 2929877.0 ], [ 4187810.1, 2929864.3 ], [ 4187791.4, 2929866.3 ], [ 4187780.7, 2929838.6 ], [ 4187794.0, 2929814.7 ], [ 4187782.8, 2929794.0 ], [ 4187766.6, 2929788.2 ], [ 4187733.1, 2929794.3 ], [ 4187719.0, 2929734.8 ], [ 4187729.2, 2929714.8 ], [ 4187728.6, 2929676.5 ], [ 4187697.1, 2929642.2 ], [ 4187679.9, 2929609.6 ], [ 4187693.2, 2929596.4 ], [ 4187695.5, 2929565.8 ], [ 4187677.2, 2929533.4 ], [ 4187652.5, 2929528.7 ], [ 4187637.3, 2929506.5 ], [ 4187626.8, 2929473.6 ], [ 4187609.8, 2929454.2 ], [ 4187617.7, 2929436.7 ], [ 4187615.8, 2929405.1 ], [ 4187580.6, 2929352.2 ], [ 4187564.9, 2929342.6 ], [ 4187547.4, 2929348.4 ], [ 4187518.0, 2929334.2 ], [ 4187495.9, 2929305.7 ], [ 4187454.0, 2929215.2 ], [ 4187371.7, 2929197.9 ], [ 4187340.7, 2929183.2 ], [ 4187204.3, 2929026.6 ], [ 4187137.4, 2929009.3 ], [ 4187124.3, 2928970.0 ], [ 4187104.0, 2928942.8 ], [ 4187117.5, 2928926.7 ], [ 4187116.5, 2928906.2 ], [ 4187126.4, 2928896.0 ], [ 4187162.2, 2928906.7 ], [ 4187232.7, 2928895.8 ], [ 4187284.6, 2928900.4 ], [ 4187295.7, 2928913.8 ], [ 4187341.2, 2928931.1 ], [ 4187372.2, 2928920.0 ], [ 4187425.4, 2929017.3 ], [ 4187442.4, 2929037.9 ], [ 4187463.0, 2929040.1 ], [ 4187484.5, 2929015.9 ], [ 4187483.3, 2928989.0 ], [ 4187403.8, 2928872.4 ], [ 4187378.5, 2928851.2 ], [ 4187348.2, 2928856.2 ], [ 4187313.3, 2928824.4 ], [ 4187265.3, 2928831.3 ], [ 4187249.2, 2928845.2 ], [ 4187232.8, 2928845.7 ], [ 4187220.0, 2928832.4 ], [ 4187185.0, 2928833.2 ], [ 4187164.7, 2928820.2 ], [ 4187145.9, 2928827.8 ], [ 4187117.6, 2928867.5 ], [ 4187093.0, 2928867.5 ], [ 4187077.4, 2928858.9 ], [ 4187041.3, 2928864.3 ], [ 4187006.3, 2928893.4 ], [ 4186994.5, 2928908.8 ], [ 4186994.1, 2928923.5 ], [ 4187027.8, 2928953.5 ], [ 4186977.6, 2929032.3 ], [ 4186982.8, 2929049.3 ], [ 4186996.3, 2929058.0 ], [ 4186993.9, 2929083.1 ], [ 4186977.3, 2929088.7 ], [ 4186970.5, 2929101.1 ], [ 4186973.5, 2929120.3 ], [ 4186994.2, 2929151.9 ], [ 4186989.6, 2929168.3 ], [ 4186967.6, 2929185.2 ], [ 4186977.5, 2929223.7 ], [ 4186974.7, 2929242.5 ], [ 4186941.2, 2929283.2 ], [ 4186937.4, 2929306.5 ], [ 4186923.3, 2929310.7 ], [ 4186893.6, 2929340.7 ], [ 4186853.1, 2929351.7 ], [ 4186795.3, 2929383.8 ], [ 4186789.4, 2929396.6 ], [ 4186794.5, 2929416.0 ], [ 4186743.0, 2929475.7 ], [ 4186717.5, 2929484.5 ], [ 4186699.7, 2929517.5 ], [ 4186695.9, 2929566.6 ], [ 4186651.5, 2929605.3 ], [ 4186625.1, 2929574.3 ], [ 4186691.5, 2929517.6 ], [ 4186686.8, 2929481.1 ], [ 4186668.9, 2929471.8 ], [ 4186635.5, 2929428.8 ], [ 4186462.9, 2929329.3 ], [ 4186456.8, 2929311.9 ], [ 4186439.7, 2929302.1 ], [ 4186449.6, 2929282.8 ], [ 4186441.7, 2929266.5 ], [ 4186368.7, 2929245.5 ], [ 4186355.0, 2929257.4 ], [ 4186347.5, 2929285.0 ], [ 4186355.7, 2929315.8 ], [ 4186307.7, 2929299.2 ], [ 4186263.2, 2929303.9 ], [ 4186234.0, 2929362.1 ], [ 4186215.5, 2929358.4 ], [ 4186200.0, 2929368.3 ], [ 4186196.5, 2929385.2 ], [ 4186206.3, 2929399.4 ], [ 4186163.1, 2929445.5 ], [ 4186132.4, 2929457.9 ], [ 4186054.1, 2929616.9 ], [ 4186089.3, 2929737.2 ], [ 4186109.3, 2929759.8 ], [ 4186191.9, 2929923.1 ], [ 4186236.8, 2929995.4 ], [ 4186220.5, 2930014.5 ], [ 4186214.2, 2930015.5 ], [ 4186140.9, 2929892.2 ], [ 4186123.4, 2929892.8 ], [ 4186018.3, 2929942.1 ], [ 4185946.6, 2929807.3 ], [ 4185927.1, 2929713.5 ], [ 4185925.6, 2929605.5 ], [ 4185952.1, 2929477.2 ], [ 4185931.9, 2929427.0 ], [ 4185970.6, 2929407.3 ], [ 4185977.3, 2929391.3 ], [ 4185971.7, 2929371.7 ], [ 4185988.8, 2929365.7 ], [ 4185997.0, 2929384.1 ], [ 4186041.8, 2929409.2 ], [ 4186053.7, 2929427.3 ], [ 4186068.4, 2929429.2 ], [ 4186081.4, 2929421.0 ], [ 4186102.0, 2929430.9 ], [ 4186118.7, 2929427.0 ], [ 4186148.3, 2929373.0 ], [ 4186127.3, 2929343.3 ], [ 4186147.3, 2929323.5 ], [ 4186149.5, 2929306.9 ], [ 4186141.9, 2929283.8 ], [ 4186125.8, 2929274.5 ], [ 4186066.5, 2929287.6 ], [ 4186057.6, 2929303.3 ], [ 4186065.6, 2929328.4 ], [ 4186050.7, 2929331.7 ], [ 4186032.4, 2929292.7 ], [ 4186020.8, 2929284.1 ], [ 4185963.1, 2929275.7 ], [ 4185944.0, 2929284.1 ], [ 4185908.4, 2929274.3 ], [ 4185881.7, 2929297.6 ], [ 4185883.8, 2929322.6 ], [ 4185858.2, 2929367.2 ], [ 4185809.0, 2929329.9 ], [ 4185722.1, 2929294.8 ], [ 4185440.0, 2929297.9 ], [ 4185417.3, 2929310.1 ], [ 4185412.5, 2929334.0 ], [ 4185358.6, 2929343.6 ], [ 4185342.9, 2929303.1 ], [ 4185286.6, 2929297.3 ], [ 4185269.4, 2929310.9 ], [ 4185270.6, 2929331.3 ], [ 4185246.3, 2929340.5 ], [ 4185238.3, 2929352.8 ], [ 4185247.0, 2929376.0 ], [ 4185246.7, 2929417.2 ], [ 4185198.1, 2929422.9 ], [ 4185179.5, 2929399.9 ], [ 4185146.1, 2929405.7 ], [ 4185112.2, 2929385.9 ], [ 4185093.6, 2929391.6 ], [ 4185073.1, 2929383.1 ], [ 4185060.1, 2929389.7 ], [ 4185054.2, 2929406.7 ], [ 4185069.5, 2929491.5 ], [ 4185055.2, 2929506.6 ], [ 4185034.5, 2929596.1 ], [ 4185012.3, 2929614.0 ], [ 4184997.5, 2929608.6 ], [ 4184978.5, 2929613.7 ], [ 4184950.9, 2929594.3 ], [ 4184907.8, 2929591.3 ], [ 4184770.4, 2929610.6 ], [ 4184700.0, 2929648.0 ], [ 4184577.6, 2929767.6 ], [ 4184526.0, 2929793.7 ], [ 4184475.1, 2929807.0 ], [ 4184403.9, 2929809.5 ], [ 4184352.6, 2929800.0 ], [ 4184228.5, 2929747.8 ], [ 4184185.9, 2929741.2 ], [ 4184123.5, 2929746.4 ], [ 4184021.2, 2929783.3 ], [ 4183985.2, 2929786.3 ], [ 4183928.2, 2929759.7 ], [ 4183848.7, 2929683.4 ], [ 4183762.0, 2929569.8 ], [ 4183715.9, 2929526.2 ], [ 4183664.4, 2929504.3 ], [ 4183522.4, 2929498.6 ], [ 4183451.2, 2929474.9 ], [ 4183320.5, 2929368.9 ], [ 4183191.4, 2929290.0 ], [ 4183004.7, 2929098.4 ], [ 4182582.7, 2928889.1 ], [ 4182380.6, 2928840.1 ], [ 4182218.3, 2928834.0 ], [ 4182038.9, 2928761.5 ], [ 4181997.6, 2928756.2 ], [ 4181856.0, 2928762.7 ], [ 4181746.2, 2928744.0 ], [ 4181684.9, 2928713.8 ], [ 4181589.3, 2928642.9 ], [ 4181384.0, 2928533.3 ], [ 4181192.5, 2928453.0 ], [ 4181066.6, 2928411.9 ], [ 4180925.9, 2928327.3 ], [ 4180876.6, 2928303.2 ], [ 4180838.9, 2928294.4 ], [ 4180757.6, 2928301.9 ], [ 4180571.8, 2928398.2 ], [ 4180506.1, 2928416.0 ], [ 4180452.2, 2928410.9 ], [ 4180337.5, 2928371.9 ], [ 4180285.1, 2928362.6 ], [ 4180202.2, 2928365.7 ], [ 4180155.0, 2928378.4 ], [ 4180067.4, 2928426.7 ], [ 4179899.0, 2928601.0 ], [ 4179894.7, 2928622.2 ], [ 4179912.3, 2928642.9 ], [ 4179867.4, 2928678.8 ], [ 4179849.2, 2928671.4 ], [ 4179798.2, 2928686.2 ], [ 4179768.5, 2928669.4 ], [ 4179738.3, 2928665.9 ], [ 4179680.5, 2928693.9 ], [ 4179603.1, 2928672.3 ], [ 4179564.6, 2928646.9 ], [ 4179520.4, 2928611.1 ], [ 4179478.5, 2928562.0 ], [ 4179454.1, 2928494.1 ], [ 4179399.3, 2928413.8 ], [ 4179395.2, 2928388.5 ], [ 4179309.7, 2928359.6 ], [ 4179222.9, 2928371.1 ], [ 4179073.3, 2928448.7 ], [ 4178834.4, 2928603.9 ], [ 4178762.0, 2928627.8 ], [ 4178660.9, 2928632.1 ], [ 4178645.8, 2928640.4 ], [ 4178618.9, 2928635.0 ], [ 4178595.9, 2928618.3 ], [ 4178240.0, 2928453.5 ], [ 4178153.3, 2928392.2 ], [ 4178107.4, 2928374.2 ], [ 4177965.2, 2928373.5 ], [ 4177787.7, 2928351.7 ], [ 4177721.4, 2928359.8 ], [ 4177602.6, 2928407.8 ], [ 4177496.4, 2928523.2 ], [ 4177438.5, 2928560.7 ], [ 4177251.4, 2928575.7 ], [ 4177116.0, 2928610.4 ], [ 4177074.4, 2928609.3 ], [ 4177011.6, 2928589.8 ], [ 4176916.0, 2928504.4 ], [ 4176821.8, 2928448.1 ], [ 4176642.6, 2928371.8 ], [ 4176582.6, 2928338.7 ], [ 4176405.2, 2928204.0 ], [ 4176312.1, 2928174.6 ], [ 4176227.1, 2928124.4 ], [ 4176190.5, 2928087.8 ], [ 4176121.6, 2927971.6 ], [ 4176054.0, 2927901.3 ], [ 4176025.8, 2927881.4 ], [ 4175914.0, 2927838.0 ], [ 4175870.6, 2927808.8 ], [ 4175855.9, 2927776.7 ], [ 4175869.2, 2927722.1 ], [ 4175862.1, 2927709.1 ], [ 4175845.9, 2927703.4 ], [ 4175811.3, 2927721.6 ], [ 4175728.1, 2927790.3 ], [ 4175723.8, 2927807.0 ], [ 4175744.0, 2927869.8 ], [ 4175708.8, 2927881.5 ], [ 4175418.3, 2927943.7 ], [ 4175394.7, 2927932.6 ], [ 4175390.9, 2927914.8 ], [ 4175378.6, 2927906.5 ], [ 4175293.8, 2927881.9 ], [ 4175271.9, 2927893.7 ], [ 4175272.8, 2927915.4 ], [ 4175345.4, 2928012.4 ], [ 4175381.9, 2928039.9 ], [ 4175415.2, 2928047.7 ], [ 4175432.1, 2928044.3 ], [ 4175440.5, 2928033.3 ], [ 4175617.1, 2928250.4 ], [ 4175610.2, 2928274.7 ], [ 4175626.3, 2928293.9 ], [ 4175623.9, 2928344.1 ], [ 4175631.7, 2928395.8 ], [ 4175548.8, 2928405.2 ], [ 4175562.6, 2928301.2 ], [ 4175528.8, 2928248.2 ], [ 4175509.2, 2928239.0 ], [ 4175489.5, 2928250.9 ], [ 4175346.4, 2928090.9 ], [ 4175265.7, 2928034.5 ], [ 4175147.1, 2927906.6 ], [ 4175100.8, 2927877.9 ], [ 4175052.2, 2927876.4 ], [ 4174898.2, 2927963.8 ], [ 4174831.0, 2928093.2 ], [ 4174799.8, 2928085.5 ], [ 4174816.8, 2927999.7 ], [ 4174849.6, 2927947.5 ], [ 4174862.9, 2927932.9 ], [ 4174890.5, 2927935.0 ], [ 4174902.1, 2927918.2 ], [ 4175002.8, 2927837.8 ], [ 4175027.9, 2927754.4 ], [ 4175014.6, 2927711.2 ], [ 4175002.0, 2927697.3 ], [ 4174981.1, 2927698.0 ], [ 4174890.9, 2927621.6 ], [ 4174898.0, 2927600.8 ], [ 4174881.8, 2927561.9 ], [ 4174868.2, 2927548.9 ], [ 4174853.3, 2927548.1 ], [ 4174775.7, 2927419.0 ], [ 4174754.4, 2927370.9 ], [ 4174770.6, 2927357.2 ], [ 4174771.6, 2927340.5 ], [ 4174712.9, 2927278.0 ], [ 4174722.1, 2927259.9 ], [ 4174714.8, 2927243.7 ], [ 4174689.2, 2927224.4 ], [ 4174628.8, 2927208.4 ], [ 4174608.8, 2927213.6 ], [ 4174600.5, 2927233.5 ], [ 4174519.6, 2927233.5 ], [ 4174465.8, 2927184.8 ], [ 4174462.5, 2927157.7 ], [ 4174400.3, 2927114.2 ], [ 4174382.2, 2927119.2 ], [ 4174374.5, 2927139.5 ], [ 4174343.9, 2927141.9 ], [ 4174320.3, 2927190.0 ], [ 4174294.2, 2927195.0 ], [ 4174233.0, 2927278.2 ], [ 4174230.4, 2927299.4 ], [ 4174142.8, 2927327.1 ], [ 4174126.1, 2927309.9 ], [ 4174076.7, 2927319.1 ], [ 4174026.7, 2927307.3 ], [ 4174014.2, 2927315.5 ], [ 4174009.4, 2927330.5 ], [ 4173963.2, 2927344.9 ], [ 4173944.1, 2927376.7 ], [ 4173952.7, 2927392.6 ], [ 4173969.4, 2927399.4 ], [ 4173968.7, 2927448.7 ], [ 4173925.4, 2927456.0 ], [ 4173919.4, 2927402.7 ], [ 4173899.3, 2927389.2 ], [ 4173900.0, 2927334.0 ], [ 4173916.9, 2927326.6 ], [ 4173925.8, 2927298.1 ], [ 4173943.7, 2927282.0 ], [ 4173947.3, 2927252.6 ], [ 4173919.8, 2927209.3 ], [ 4173894.8, 2927191.9 ], [ 4173865.9, 2927187.1 ], [ 4173806.9, 2927194.5 ], [ 4173770.4, 2927208.7 ], [ 4173762.2, 2927231.1 ], [ 4173728.6, 2927244.4 ], [ 4173712.5, 2927230.1 ], [ 4173673.2, 2927235.1 ], [ 4173595.9, 2927284.1 ], [ 4173490.4, 2927310.1 ], [ 4173420.4, 2927381.1 ], [ 4173400.4, 2927412.2 ], [ 4173393.9, 2927452.5 ], [ 4173416.8, 2927516.7 ], [ 4173411.6, 2927556.4 ], [ 4173400.9, 2927568.3 ], [ 4173321.9, 2927600.1 ], [ 4173239.9, 2927686.2 ], [ 4173231.8, 2927720.1 ], [ 4173249.8, 2927776.2 ], [ 4173238.3, 2927779.9 ], [ 4173217.2, 2927768.2 ], [ 4173157.0, 2927789.7 ], [ 4173142.4, 2927782.0 ], [ 4173127.6, 2927785.2 ], [ 4173113.9, 2927772.8 ], [ 4173095.7, 2927775.2 ], [ 4173069.7, 2927799.6 ], [ 4173070.5, 2927822.9 ], [ 4173024.8, 2927839.6 ], [ 4173017.0, 2927865.4 ], [ 4172997.4, 2927873.4 ], [ 4172985.5, 2927856.1 ], [ 4172972.1, 2927851.1 ], [ 4172931.4, 2927869.7 ], [ 4172891.3, 2927907.4 ], [ 4172875.9, 2927937.6 ], [ 4172807.4, 2927984.9 ], [ 4172803.4, 2927998.9 ], [ 4172810.2, 2928014.9 ], [ 4172752.7, 2928052.5 ], [ 4172711.1, 2928026.1 ], [ 4172740.0, 2927978.8 ], [ 4172732.7, 2927937.0 ], [ 4172821.9, 2927918.4 ], [ 4172858.8, 2927890.0 ], [ 4172863.0, 2927868.8 ], [ 4172897.8, 2927829.2 ], [ 4172934.6, 2927808.7 ], [ 4172959.2, 2927819.1 ], [ 4173022.5, 2927794.8 ], [ 4173101.1, 2927733.8 ], [ 4173162.8, 2927707.3 ], [ 4173197.7, 2927677.5 ], [ 4173211.5, 2927652.6 ], [ 4173266.8, 2927596.4 ], [ 4173328.3, 2927546.7 ], [ 4173335.2, 2927466.0 ], [ 4173356.0, 2927408.2 ], [ 4173413.4, 2927363.6 ], [ 4173438.4, 2927324.6 ], [ 4173433.7, 2927304.1 ], [ 4173476.8, 2927261.1 ], [ 4173481.0, 2927247.7 ], [ 4173467.7, 2927228.0 ], [ 4173229.9, 2927160.5 ], [ 4172980.6, 2927045.8 ], [ 4172822.7, 2927009.9 ], [ 4172741.4, 2927001.8 ], [ 4172622.8, 2927015.1 ], [ 4172497.5, 2927057.7 ], [ 4172378.8, 2927084.2 ], [ 4172139.1, 2927179.7 ], [ 4171966.2, 2927228.9 ], [ 4171893.9, 2927227.4 ], [ 4171839.9, 2927211.5 ], [ 4171688.0, 2927122.0 ], [ 4171628.3, 2927095.7 ], [ 4171557.6, 2927083.0 ], [ 4171517.3, 2927085.2 ], [ 4171403.6, 2927114.6 ], [ 4170991.8, 2927329.1 ], [ 4170866.5, 2927459.4 ], [ 4170790.5, 2927514.1 ], [ 4170502.4, 2927642.6 ], [ 4170362.6, 2927736.2 ], [ 4170305.1, 2927761.5 ], [ 4170193.8, 2927798.9 ], [ 4170024.0, 2927840.8 ], [ 4169987.9, 2927898.4 ], [ 4169958.7, 2927911.2 ], [ 4169957.2, 2927935.3 ], [ 4170005.0, 2927999.8 ], [ 4170033.9, 2928026.1 ], [ 4170117.6, 2928144.1 ], [ 4170220.2, 2928222.6 ], [ 4170221.4, 2928252.4 ], [ 4170165.3, 2928294.9 ], [ 4170152.1, 2928327.7 ], [ 4170174.6, 2928358.3 ], [ 4170251.7, 2928425.3 ], [ 4170287.6, 2928629.4 ], [ 4170275.9, 2928652.9 ], [ 4170301.7, 2928690.4 ], [ 4170196.9, 2928772.2 ], [ 4170179.0, 2928775.8 ], [ 4169892.6, 2928388.6 ], [ 4169876.5, 2928382.5 ], [ 4169841.6, 2928389.3 ], [ 4169799.9, 2928356.6 ], [ 4169807.4, 2928341.3 ], [ 4169801.5, 2928324.7 ], [ 4169754.5, 2928288.4 ], [ 4169738.6, 2928227.1 ], [ 4169751.8, 2928202.1 ], [ 4169816.4, 2928144.3 ], [ 4169840.8, 2928138.6 ], [ 4169846.4, 2928121.1 ], [ 4169913.5, 2928046.6 ], [ 4169942.5, 2927978.5 ], [ 4169936.9, 2927958.4 ], [ 4169924.2, 2927951.9 ], [ 4169907.2, 2927956.5 ], [ 4169787.8, 2928067.2 ], [ 4169734.8, 2928090.0 ], [ 4169697.7, 2928089.3 ], [ 4169611.0, 2928137.6 ], [ 4169605.5, 2928154.8 ], [ 4169613.8, 2928245.1 ], [ 4169636.1, 2928334.9 ], [ 4169717.7, 2928513.1 ], [ 4169811.7, 2928672.7 ], [ 4169800.6, 2928687.7 ], [ 4169798.7, 2928712.5 ], [ 4169868.9, 2928799.5 ], [ 4169881.1, 2928805.4 ], [ 4169906.8, 2928802.0 ], [ 4170048.5, 2928946.0 ], [ 4170100.7, 2929020.7 ], [ 4170125.9, 2929085.5 ], [ 4170147.4, 2929184.0 ], [ 4170196.9, 2929312.6 ], [ 4170200.1, 2929387.2 ], [ 4170097.9, 2929902.2 ], [ 4170000.5, 2930145.1 ], [ 4169989.1, 2930228.4 ], [ 4169991.5, 2930302.4 ], [ 4169981.2, 2930335.3 ], [ 4169976.8, 2930515.8 ], [ 4169983.4, 2930531.5 ], [ 4170005.3, 2930540.3 ], [ 4169977.1, 2930565.4 ], [ 4169965.3, 2930628.8 ], [ 4169904.2, 2930745.3 ], [ 4169895.0, 2930786.9 ], [ 4169890.4, 2930887.3 ], [ 4169933.1, 2930914.0 ], [ 4169944.0, 2930945.1 ], [ 4169976.0, 2930953.1 ], [ 4169984.4, 2930994.8 ], [ 4169875.7, 2930992.9 ], [ 4169859.5, 2930999.4 ], [ 4169853.5, 2931019.1 ], [ 4169882.3, 2931094.7 ], [ 4169824.2, 2931136.1 ], [ 4169792.6, 2931105.7 ], [ 4169774.4, 2931105.2 ], [ 4169761.9, 2931116.7 ], [ 4169666.0, 2931058.4 ], [ 4169490.7, 2931024.0 ], [ 4169433.4, 2931022.2 ], [ 4169399.4, 2931029.5 ], [ 4169365.8, 2931044.7 ], [ 4169358.5, 2931064.0 ], [ 4169367.4, 2931079.0 ], [ 4169466.4, 2931136.7 ], [ 4169571.5, 2931218.1 ], [ 4169881.4, 2931553.5 ], [ 4169960.9, 2931625.6 ], [ 4170028.0, 2931672.5 ], [ 4170123.2, 2931723.4 ], [ 4170230.9, 2931763.2 ], [ 4170324.6, 2931784.6 ], [ 4170491.5, 2931797.9 ], [ 4170903.4, 2931776.8 ], [ 4171070.2, 2931782.7 ], [ 4171179.7, 2931799.0 ], [ 4171318.9, 2931832.8 ], [ 4171415.5, 2931869.1 ], [ 4171548.4, 2931933.6 ], [ 4171568.8, 2931921.1 ], [ 4171564.7, 2931889.0 ], [ 4171614.7, 2931794.7 ], [ 4171748.8, 2931859.6 ], [ 4171701.2, 2931978.9 ], [ 4171682.6, 2931975.4 ], [ 4171668.4, 2931986.2 ], [ 4171672.8, 2932013.1 ], [ 4172121.3, 2932307.7 ], [ 4172135.8, 2932309.5 ], [ 4172149.7, 2932299.9 ], [ 4172456.1, 2932624.7 ], [ 4172560.7, 2932710.4 ], [ 4172623.9, 2932741.4 ], [ 4172724.8, 2932760.2 ], [ 4172696.8, 2932772.3 ], [ 4172695.1, 2932789.8 ], [ 4172703.7, 2932801.2 ], [ 4172807.1, 2932844.9 ], [ 4172908.5, 2932873.8 ], [ 4173033.5, 2932892.2 ], [ 4173180.0, 2932902.2 ], [ 4174284.7, 2932940.8 ], [ 4174447.1, 2932924.5 ], [ 4174949.0, 2932838.0 ], [ 4175377.8, 2932837.5 ], [ 4175567.0, 2932852.8 ], [ 4175731.2, 2932898.1 ], [ 4175817.5, 2932932.1 ], [ 4175891.9, 2932969.7 ], [ 4176024.5, 2933055.9 ], [ 4176171.2, 2933200.1 ], [ 4176661.5, 2933889.2 ], [ 4176768.4, 2934004.4 ], [ 4177084.1, 2934268.6 ], [ 4177195.0, 2934378.8 ], [ 4177783.2, 2935135.3 ], [ 4177897.1, 2935270.4 ], [ 4177917.3, 2935273.7 ], [ 4178045.3, 2935386.9 ], [ 4178081.9, 2935404.7 ], [ 4178104.2, 2935401.5 ], [ 4178162.9, 2935436.7 ], [ 4178306.8, 2935545.4 ], [ 4178331.5, 2935542.3 ], [ 4178338.0, 2935509.8 ], [ 4178348.9, 2935503.7 ], [ 4178464.9, 2935563.5 ], [ 4178613.2, 2935601.9 ], [ 4178595.7, 2935680.1 ], [ 4178524.5, 2935639.8 ], [ 4178461.9, 2935589.9 ], [ 4178407.3, 2935581.0 ], [ 4178396.4, 2935591.3 ], [ 4178394.6, 2935606.2 ], [ 4178432.5, 2935689.0 ], [ 4178571.2, 2935756.7 ], [ 4179073.3, 2935950.5 ], [ 4179205.8, 2936018.3 ], [ 4179486.9, 2936202.3 ], [ 4179504.9, 2936202.2 ], [ 4179516.8, 2936188.7 ], [ 4179515.8, 2936124.8 ] ], [ [ 4177451.2, 2933029.5 ], [ 4177449.0, 2932980.6 ], [ 4177507.3, 2932985.2 ], [ 4177476.4, 2933027.3 ], [ 4177451.2, 2933029.5 ] ], [ [ 4178341.0, 2932342.4 ], [ 4178288.6, 2932318.6 ], [ 4178308.2, 2932288.9 ], [ 4178379.1, 2932314.7 ], [ 4178387.3, 2932330.0 ], [ 4178449.7, 2932368.1 ], [ 4178425.6, 2932402.8 ], [ 4178370.2, 2932373.5 ], [ 4178341.0, 2932342.4 ] ], [ [ 4173185.7, 2932295.8 ], [ 4173184.9, 2932332.8 ], [ 4173108.6, 2932270.6 ], [ 4172789.6, 2932173.1 ], [ 4172757.8, 2932156.0 ], [ 4172750.0, 2932097.3 ], [ 4173140.0, 2932217.9 ], [ 4173153.2, 2932205.7 ], [ 4173172.9, 2932125.1 ], [ 4173158.8, 2932051.7 ], [ 4173175.7, 2931972.1 ], [ 4173187.4, 2931953.9 ], [ 4173240.3, 2931976.4 ], [ 4173216.6, 2932015.0 ], [ 4173216.3, 2932059.5 ], [ 4173266.5, 2932111.9 ], [ 4173332.3, 2932141.2 ], [ 4173387.5, 2932155.9 ], [ 4173418.7, 2932149.4 ], [ 4173473.1, 2932153.3 ], [ 4173692.7, 2932181.9 ], [ 4173652.1, 2932198.9 ], [ 4173534.6, 2932208.2 ], [ 4173476.6, 2932227.1 ], [ 4173332.8, 2932205.8 ], [ 4173200.9, 2932206.9 ], [ 4173168.1, 2932219.8 ], [ 4173157.3, 2932237.4 ], [ 4173185.7, 2932295.8 ] ], [ [ 4179919.4, 2932163.9 ], [ 4179899.5, 2932102.3 ], [ 4179912.4, 2932000.8 ], [ 4179930.4, 2931929.9 ], [ 4179953.2, 2931928.1 ], [ 4180000.0, 2931862.2 ], [ 4180029.9, 2931850.6 ], [ 4179959.8, 2931960.1 ], [ 4179934.4, 2932077.4 ], [ 4179957.3, 2932265.2 ], [ 4179953.6, 2932432.5 ], [ 4180017.2, 2932635.4 ], [ 4180002.3, 2932632.1 ], [ 4179931.3, 2932459.1 ], [ 4179918.9, 2932394.3 ], [ 4179933.5, 2932289.4 ], [ 4179919.4, 2932163.9 ] ], [ [ 4181276.0, 2931541.8 ], [ 4181286.7, 2931541.5 ], [ 4181358.6, 2931599.4 ], [ 4181349.3, 2931607.5 ], [ 4181279.1, 2931552.5 ], [ 4181276.0, 2931541.8 ] ], [ [ 4174268.7, 2930050.9 ], [ 4174319.3, 2929991.4 ], [ 4174333.9, 2930096.1 ], [ 4174293.8, 2930100.6 ], [ 4174268.7, 2930050.9 ] ], [ [ 4183687.5, 2929961.3 ], [ 4183755.4, 2929885.9 ], [ 4183764.4, 2929892.0 ], [ 4183766.4, 2929905.4 ], [ 4183735.4, 2929984.8 ], [ 4183687.5, 2929961.3 ] ], [ [ 4179897.8, 2929462.6 ], [ 4179931.6, 2929445.7 ], [ 4179929.6, 2929470.5 ], [ 4179900.2, 2929510.0 ], [ 4179878.8, 2929587.7 ], [ 4179840.6, 2929675.8 ], [ 4179832.7, 2929818.0 ], [ 4179807.9, 2929834.5 ], [ 4179804.5, 2929805.3 ], [ 4179815.0, 2929744.9 ], [ 4179811.2, 2929662.2 ], [ 4179850.9, 2929591.6 ], [ 4179879.9, 2929497.5 ], [ 4179897.8, 2929462.6 ] ], [ [ 4178574.2, 2928918.7 ], [ 4178571.6, 2928838.4 ], [ 4178608.5, 2928844.6 ], [ 4178626.5, 2928831.3 ], [ 4178665.2, 2928926.9 ], [ 4178669.2, 2928996.3 ], [ 4178643.6, 2929021.3 ], [ 4178525.3, 2929020.3 ], [ 4178464.7, 2929041.1 ], [ 4178430.5, 2929070.2 ], [ 4178407.9, 2929104.1 ], [ 4178387.5, 2929178.9 ], [ 4178379.2, 2929176.9 ], [ 4178388.0, 2929098.5 ], [ 4178424.2, 2929038.8 ], [ 4178482.0, 2928998.0 ], [ 4178576.9, 2928972.4 ], [ 4178590.3, 2928961.7 ], [ 4178589.9, 2928932.7 ], [ 4178574.2, 2928918.7 ] ], [ [ 4178656.8, 2928679.1 ], [ 4178667.4, 2928677.7 ], [ 4178674.4, 2928693.4 ], [ 4178621.7, 2928757.6 ], [ 4178607.4, 2928754.8 ], [ 4178622.9, 2928721.8 ], [ 4178656.8, 2928679.1 ] ], [ [ 4171515.3, 2928474.6 ], [ 4171789.3, 2928418.9 ], [ 4171666.7, 2928489.8 ], [ 4171478.0, 2928521.0 ], [ 4171421.4, 2928551.0 ], [ 4171320.3, 2928579.0 ], [ 4171297.2, 2928575.2 ], [ 4171290.7, 2928560.8 ], [ 4171515.3, 2928474.6 ] ], [ [ 4173719.1, 2928529.4 ], [ 4173746.5, 2928528.7 ], [ 4173750.7, 2928544.2 ], [ 4173739.6, 2928560.8 ], [ 4173720.2, 2928557.7 ], [ 4173708.4, 2928540.1 ], [ 4173719.1, 2928529.4 ] ], [ [ 4173104.2, 2928273.8 ], [ 4173124.4, 2928273.3 ], [ 4173164.2, 2928368.7 ], [ 4173164.5, 2928387.1 ], [ 4173107.1, 2928289.0 ], [ 4173104.2, 2928273.8 ] ], [ [ 4170550.0, 2928195.0 ], [ 4170488.1, 2928191.0 ], [ 4170504.3, 2928148.2 ], [ 4170499.9, 2928126.3 ], [ 4170462.6, 2928096.8 ], [ 4170338.6, 2928117.1 ], [ 4170284.4, 2928017.3 ], [ 4170289.9, 2928007.6 ], [ 4170430.6, 2927965.2 ], [ 4170443.9, 2928006.6 ], [ 4170453.8, 2928016.5 ], [ 4170467.8, 2928018.3 ], [ 4170513.3, 2928001.2 ], [ 4170546.6, 2928060.7 ], [ 4170582.2, 2928095.1 ], [ 4170567.2, 2928119.1 ], [ 4170591.9, 2928159.4 ], [ 4170598.8, 2928215.5 ], [ 4170550.0, 2928195.0 ] ], [ [ 4173120.9, 2928129.4 ], [ 4173176.3, 2928037.5 ], [ 4173179.2, 2927960.0 ], [ 4173187.1, 2927981.1 ], [ 4173184.7, 2928040.6 ], [ 4173167.9, 2928080.1 ], [ 4173141.4, 2928115.8 ], [ 4173111.9, 2928208.0 ], [ 4173106.6, 2928188.0 ], [ 4173120.9, 2928129.4 ] ], [ [ 4173154.7, 2927898.8 ], [ 4173175.5, 2927897.8 ], [ 4173177.2, 2927919.4 ], [ 4173167.3, 2927934.3 ], [ 4173155.2, 2927931.8 ], [ 4173154.7, 2927898.8 ] ], [ [ 4173810.2, 2927300.0 ], [ 4173824.6, 2927295.8 ], [ 4173841.5, 2927308.5 ], [ 4173846.7, 2927333.4 ], [ 4173836.3, 2927350.5 ], [ 4173841.7, 2927418.4 ], [ 4173826.0, 2927440.9 ], [ 4173734.1, 2927442.0 ], [ 4173637.2, 2927466.2 ], [ 4173590.1, 2927487.1 ], [ 4173572.1, 2927479.6 ], [ 4173555.0, 2927422.3 ], [ 4173772.7, 2927336.4 ], [ 4173810.2, 2927300.0 ] ], [ [ 4187627.3, 2929894.0 ], [ 4187654.0, 2929873.6 ], [ 4187738.3, 2929916.7 ], [ 4187735.3, 2929924.4 ], [ 4187711.1, 2929919.8 ], [ 4187689.3, 2929933.7 ], [ 4187627.3, 2929894.0 ] ], [ [ 4186429.6, 2929656.6 ], [ 4186508.4, 2929590.7 ], [ 4186539.6, 2929618.2 ], [ 4186549.5, 2929640.8 ], [ 4186473.4, 2929701.7 ], [ 4186429.6, 2929656.6 ] ], [ [ 4184604.3, 2930144.1 ], [ 4184571.5, 2930214.3 ], [ 4184557.2, 2930312.0 ], [ 4184562.5, 2930452.1 ], [ 4184547.8, 2930509.2 ], [ 4184522.2, 2930513.8 ], [ 4184492.3, 2930504.3 ], [ 4184450.2, 2930315.2 ], [ 4184499.2, 2930080.2 ], [ 4184562.0, 2930093.3 ], [ 4184572.9, 2930083.4 ], [ 4184585.0, 2930043.1 ], [ 4184595.7, 2930047.8 ], [ 4184589.2, 2930075.1 ], [ 4184608.7, 2930098.1 ], [ 4184604.3, 2930144.1 ] ], [ [ 4182512.5, 2930478.5 ], [ 4182606.3, 2930538.8 ], [ 4182543.8, 2930633.6 ], [ 4182501.4, 2930594.1 ], [ 4182494.6, 2930570.2 ], [ 4182447.1, 2930563.8 ], [ 4182512.5, 2930478.5 ] ], [ [ 4187250.9, 2930881.6 ], [ 4187235.1, 2930888.1 ], [ 4187213.0, 2930868.3 ], [ 4187112.5, 2930844.4 ], [ 4187089.9, 2930805.1 ], [ 4187131.5, 2930717.0 ], [ 4187156.9, 2930714.8 ], [ 4187254.5, 2930804.2 ], [ 4187261.9, 2930863.0 ], [ 4187250.9, 2930881.6 ] ], [ [ 4185128.8, 2930935.4 ], [ 4185164.4, 2931001.6 ], [ 4185079.8, 2931044.0 ], [ 4185039.8, 2930996.0 ], [ 4185035.8, 2930980.8 ], [ 4185128.8, 2930935.4 ] ], [ [ 4180339.4, 2932955.1 ], [ 4180326.5, 2932974.8 ], [ 4180235.1, 2932925.7 ], [ 4180251.2, 2932911.5 ], [ 4180266.5, 2932915.4 ], [ 4180339.4, 2932955.1 ] ], [ [ 4181595.8, 2933516.2 ], [ 4181565.9, 2933591.2 ], [ 4181462.1, 2933543.4 ], [ 4181478.3, 2933506.5 ], [ 4181514.3, 2933508.1 ], [ 4181529.6, 2933499.4 ], [ 4181559.6, 2933513.9 ], [ 4181595.8, 2933516.2 ] ], [ [ 4181206.7, 2933556.4 ], [ 4181181.8, 2933565.2 ], [ 4181171.3, 2933550.3 ], [ 4181201.3, 2933524.1 ], [ 4181206.7, 2933556.4 ] ], [ [ 4177753.9, 2933345.7 ], [ 4177759.8, 2933306.4 ], [ 4177796.1, 2933321.5 ], [ 4177775.9, 2933363.5 ], [ 4177753.9, 2933345.7 ] ], [ [ 4178032.3, 2933334.3 ], [ 4178039.1, 2933306.0 ], [ 4178072.8, 2933309.2 ], [ 4178069.7, 2933366.4 ], [ 4178032.3, 2933334.3 ] ], [ [ 4177941.0, 2933304.5 ], [ 4177917.2, 2933290.2 ], [ 4177926.4, 2933276.7 ], [ 4177950.5, 2933288.3 ], [ 4177941.0, 2933304.5 ] ] ] } },
{ "type": "Feature", "properties": { "id": "forest_70254", "state": "Rheinland-Pfalz", "area_ha": 8892.96, "unfragmented": true, "image": "forest_70254.webp", "real_width_m": 15647.8, "real_height_m": 14837.0, "pixel_width": 1564, "pixel_height": 1483, "centroid_x": 4134242.1, "centroid_y": 2952886.1 }, "geometry": { "type": "Polygon", "coordinates": [ [ [ 4133543.9, 2961126.8 ], [ 4133480.3, 2961083.3 ], [ 4133461.0, 2961085.9 ], [ 4133446.6, 2960982.0 ], [ 4133489.4, 2960979.9 ], [ 4133566.2, 2961036.8 ], [ 4133583.9, 2961034.8 ], [ 4133594.7, 2961016.8 ], [ 4133589.9, 2960996.6 ], [ 4133499.5, 2960899.9 ], [ 4133465.8, 2960792.4 ], [ 4133444.1, 2960780.4 ], [ 4133434.8, 2960728.2 ], [ 4133437.9, 2960687.0 ], [ 4133470.4, 2960578.5 ], [ 4133495.5, 2960578.1 ], [ 4133504.7, 2960552.6 ], [ 4133494.5, 2960538.7 ], [ 4133456.9, 2960519.8 ], [ 4133407.8, 2960558.2 ], [ 4133371.3, 2960543.8 ], [ 4133353.4, 2960549.2 ], [ 4133347.0, 2960538.5 ], [ 4133433.3, 2960513.8 ], [ 4133444.4, 2960438.2 ], [ 4133465.9, 2960395.3 ], [ 4133499.3, 2960366.6 ], [ 4133513.8, 2960297.3 ], [ 4133572.5, 2960304.3 ], [ 4133593.7, 2960267.9 ], [ 4133626.0, 2960130.7 ], [ 4133606.8, 2960104.8 ], [ 4133633.9, 2960087.2 ], [ 4133659.0, 2959976.3 ], [ 4133648.9, 2959956.8 ], [ 4133591.8, 2959932.6 ], [ 4133599.0, 2959911.6 ], [ 4133644.7, 2959927.4 ], [ 4133658.3, 2959923.0 ], [ 4133667.0, 2959907.5 ], [ 4133686.8, 2959623.6 ], [ 4133680.4, 2959473.1 ], [ 4133701.3, 2959216.0 ], [ 4133705.4, 2959203.7 ], [ 4133740.3, 2959184.5 ], [ 4133758.2, 2959183.2 ], [ 4133850.2, 2959121.5 ], [ 4133851.0, 2959106.4 ], [ 4133841.9, 2959094.5 ], [ 4133775.4, 2959077.9 ], [ 4133814.8, 2959016.4 ], [ 4133816.5, 2958891.9 ], [ 4133851.0, 2958767.5 ], [ 4133887.2, 2958742.5 ], [ 4133956.9, 2958657.8 ], [ 4134026.5, 2958607.9 ], [ 4134061.9, 2958639.8 ], [ 4134085.3, 2958634.5 ], [ 4134120.5, 2958510.6 ], [ 4134163.0, 2958530.0 ], [ 4134204.6, 2958523.0 ], [ 4134277.3, 2958291.1 ], [ 4134357.6, 2958376.5 ], [ 4134387.8, 2958371.4 ], [ 4134431.4, 2958340.4 ], [ 4134461.0, 2958347.4 ], [ 4134487.3, 2958382.8 ], [ 4134482.1, 2958404.2 ], [ 4134510.1, 2958462.4 ], [ 4134560.3, 2958625.5 ], [ 4134618.9, 2958742.8 ], [ 4134643.8, 2958755.5 ], [ 4134673.3, 2958786.0 ], [ 4134740.3, 2958805.9 ], [ 4134761.5, 2958857.2 ], [ 4134773.3, 2958865.1 ], [ 4134790.7, 2958862.5 ], [ 4134799.6, 2958851.4 ], [ 4134835.9, 2958715.7 ], [ 4134817.6, 2958695.9 ], [ 4134783.7, 2958697.0 ], [ 4134752.7, 2958715.0 ], [ 4134724.1, 2958696.1 ], [ 4134722.7, 2958648.4 ], [ 4134702.1, 2958601.0 ], [ 4134701.5, 2958572.7 ], [ 4134730.2, 2958422.4 ], [ 4134713.3, 2958384.4 ], [ 4134704.3, 2958335.1 ], [ 4134734.7, 2958326.5 ], [ 4134813.7, 2958322.6 ], [ 4134828.0, 2958312.4 ], [ 4134832.0, 2958285.3 ], [ 4134913.2, 2958171.9 ], [ 4134930.3, 2958018.9 ], [ 4135050.5, 2958039.4 ], [ 4135112.0, 2958068.9 ], [ 4135114.7, 2958167.0 ], [ 4135103.2, 2958184.5 ], [ 4135094.8, 2958281.0 ], [ 4135021.0, 2958274.1 ], [ 4134977.9, 2958262.0 ], [ 4134981.8, 2958184.5 ], [ 4134967.5, 2958173.2 ], [ 4134942.1, 2958173.6 ], [ 4134929.2, 2958196.9 ], [ 4134959.4, 2958333.4 ], [ 4135019.9, 2958388.4 ], [ 4135103.1, 2958522.4 ], [ 4135058.7, 2958545.5 ], [ 4135058.6, 2958572.2 ], [ 4135105.4, 2958614.6 ], [ 4135157.9, 2958623.0 ], [ 4135177.0, 2958690.1 ], [ 4135187.7, 2958700.7 ], [ 4135209.6, 2958698.7 ], [ 4135218.9, 2958682.6 ], [ 4135248.5, 2958675.4 ], [ 4135252.4, 2958681.3 ], [ 4135280.3, 2958752.1 ], [ 4135296.7, 2958823.7 ], [ 4135298.8, 2958860.5 ], [ 4135278.5, 2958873.8 ], [ 4135272.1, 2958890.5 ], [ 4135295.6, 2958974.9 ], [ 4135314.8, 2958990.0 ], [ 4135350.8, 2958975.2 ], [ 4135364.2, 2958990.8 ], [ 4135358.0, 2959033.8 ], [ 4135372.8, 2959074.4 ], [ 4135364.6, 2959109.2 ], [ 4135376.9, 2959140.0 ], [ 4135385.9, 2959209.6 ], [ 4135400.2, 2959228.9 ], [ 4135499.2, 2959288.7 ], [ 4135515.6, 2959290.5 ], [ 4135563.3, 2959274.4 ], [ 4135662.5, 2959547.0 ], [ 4135687.8, 2959591.6 ], [ 4135842.7, 2959717.9 ], [ 4135867.8, 2959706.6 ], [ 4135888.0, 2959644.2 ], [ 4135972.1, 2959689.9 ], [ 4135997.7, 2959681.2 ], [ 4136029.3, 2959610.9 ], [ 4136047.5, 2959595.0 ], [ 4136026.8, 2959533.7 ], [ 4136011.4, 2959525.3 ], [ 4135969.6, 2959531.5 ], [ 4135900.3, 2959476.7 ], [ 4135864.0, 2959485.4 ], [ 4135812.0, 2959394.5 ], [ 4135786.9, 2959385.4 ], [ 4135783.0, 2959370.4 ], [ 4135782.9, 2959338.7 ], [ 4135809.7, 2959312.0 ], [ 4135889.5, 2959287.2 ], [ 4135946.1, 2959256.0 ], [ 4136005.6, 2959332.6 ], [ 4136179.9, 2959451.8 ], [ 4136316.4, 2959476.8 ], [ 4136377.0, 2959439.9 ], [ 4136393.5, 2959449.0 ], [ 4136407.5, 2959446.5 ], [ 4136419.4, 2959429.8 ], [ 4136416.7, 2959411.1 ], [ 4136279.7, 2959239.1 ], [ 4136133.9, 2959141.2 ], [ 4136003.3, 2959084.8 ], [ 4135943.9, 2959035.3 ], [ 4135901.0, 2958971.7 ], [ 4135885.2, 2958839.2 ], [ 4135925.7, 2958836.3 ], [ 4135919.7, 2958986.2 ], [ 4135982.5, 2959053.3 ], [ 4136152.9, 2959117.9 ], [ 4136251.3, 2959186.2 ], [ 4136323.1, 2959200.4 ], [ 4136372.3, 2959231.2 ], [ 4136440.3, 2959319.1 ], [ 4136457.5, 2959370.5 ], [ 4136487.7, 2959417.4 ], [ 4136500.2, 2959425.0 ], [ 4136517.9, 2959421.1 ], [ 4136529.8, 2959385.0 ], [ 4136489.8, 2959286.1 ], [ 4136412.0, 2959186.4 ], [ 4136663.3, 2958891.3 ], [ 4136650.3, 2958851.1 ], [ 4136597.2, 2958801.8 ], [ 4136545.8, 2958729.6 ], [ 4136573.3, 2958710.2 ], [ 4136606.6, 2958748.0 ], [ 4136624.3, 2958745.5 ], [ 4136634.3, 2958730.7 ], [ 4136602.6, 2958621.8 ], [ 4136609.9, 2958493.1 ], [ 4136624.9, 2958470.5 ], [ 4136662.5, 2958445.6 ], [ 4136668.7, 2958428.2 ], [ 4136622.9, 2958264.2 ], [ 4136629.6, 2958227.0 ], [ 4136696.0, 2958054.2 ], [ 4136679.6, 2958015.5 ], [ 4136686.0, 2957965.0 ], [ 4136593.3, 2957766.5 ], [ 4136540.0, 2957711.7 ], [ 4136547.8, 2957686.5 ], [ 4136455.9, 2957524.9 ], [ 4136474.3, 2957498.0 ], [ 4136472.5, 2957477.8 ], [ 4136520.6, 2957458.2 ], [ 4136532.1, 2957421.8 ], [ 4136485.6, 2957272.8 ], [ 4136478.7, 2957227.0 ], [ 4136483.6, 2957148.1 ], [ 4136488.9, 2957145.5 ], [ 4136494.6, 2957198.1 ], [ 4136531.4, 2957313.6 ], [ 4136541.3, 2957332.6 ], [ 4136593.8, 2957381.2 ], [ 4136599.9, 2957408.4 ], [ 4136774.0, 2957453.9 ], [ 4136805.9, 2957476.2 ], [ 4136868.8, 2957452.3 ], [ 4136878.8, 2957439.5 ], [ 4136893.0, 2957282.5 ], [ 4136887.2, 2957259.7 ], [ 4136862.1, 2957225.3 ], [ 4136876.3, 2957202.6 ], [ 4136911.4, 2957164.9 ], [ 4136933.0, 2957197.7 ], [ 4136948.5, 2957243.3 ], [ 4136967.2, 2957254.9 ], [ 4136984.2, 2957247.6 ], [ 4136995.8, 2957226.1 ], [ 4137028.1, 2957214.0 ], [ 4137035.5, 2957201.1 ], [ 4136992.8, 2957085.7 ], [ 4136975.4, 2957082.9 ], [ 4136878.5, 2957105.6 ], [ 4136804.9, 2957162.5 ], [ 4136760.6, 2957283.7 ], [ 4136740.8, 2957283.5 ], [ 4136707.0, 2957306.5 ], [ 4136708.5, 2957288.2 ], [ 4136747.7, 2957211.7 ], [ 4136686.1, 2957140.1 ], [ 4136745.1, 2957055.4 ], [ 4136851.7, 2956987.4 ], [ 4136914.1, 2957043.6 ], [ 4136968.2, 2957075.7 ], [ 4136984.0, 2957067.2 ], [ 4136988.6, 2957053.4 ], [ 4136962.4, 2956956.2 ], [ 4136996.7, 2956972.8 ], [ 4137017.6, 2956961.9 ], [ 4137071.1, 2957014.0 ], [ 4137076.5, 2957029.3 ], [ 4137075.0, 2957044.6 ], [ 4137051.3, 2957073.8 ], [ 4137051.5, 2957092.0 ], [ 4137126.0, 2957181.0 ], [ 4137139.3, 2957187.8 ], [ 4137177.2, 2957169.4 ], [ 4137184.5, 2957152.8 ], [ 4137176.8, 2957136.4 ], [ 4137107.6, 2957076.6 ], [ 4137139.6, 2957046.1 ], [ 4137246.4, 2957114.8 ], [ 4137280.0, 2957103.1 ], [ 4137327.5, 2957058.9 ], [ 4137325.5, 2957044.2 ], [ 4137314.5, 2957034.1 ], [ 4137230.3, 2957024.5 ], [ 4137179.0, 2957002.9 ], [ 4137239.3, 2956983.7 ], [ 4137326.0, 2956918.6 ], [ 4137441.8, 2956899.6 ], [ 4137539.0, 2956959.7 ], [ 4137560.7, 2956959.4 ], [ 4137587.8, 2956974.3 ], [ 4137599.3, 2956996.1 ], [ 4137842.4, 2957130.4 ], [ 4137885.1, 2957130.3 ], [ 4137943.0, 2957096.3 ], [ 4137948.7, 2957075.8 ], [ 4137934.3, 2957060.0 ], [ 4137877.8, 2957063.0 ], [ 4137798.0, 2957038.2 ], [ 4137657.4, 2956917.6 ], [ 4137498.4, 2956798.6 ], [ 4137482.5, 2956766.0 ], [ 4137480.3, 2956720.1 ], [ 4137492.4, 2956683.3 ], [ 4137484.4, 2956664.4 ], [ 4137467.8, 2956659.5 ], [ 4137344.1, 2956673.2 ], [ 4137345.4, 2956646.1 ], [ 4137539.2, 2956612.5 ], [ 4137625.2, 2956617.4 ], [ 4137640.6, 2956603.7 ], [ 4137639.9, 2956572.1 ], [ 4137668.8, 2956583.2 ], [ 4137686.5, 2956571.1 ], [ 4137683.3, 2956546.7 ], [ 4137649.5, 2956525.6 ], [ 4137588.5, 2956534.4 ], [ 4137542.6, 2956560.1 ], [ 4137514.9, 2956558.3 ], [ 4137440.2, 2956580.5 ], [ 4137577.6, 2956499.8 ], [ 4137588.2, 2956485.3 ], [ 4137584.6, 2956467.8 ], [ 4137561.9, 2956450.3 ], [ 4137448.6, 2956395.0 ], [ 4137469.0, 2956374.0 ], [ 4137537.4, 2956410.5 ], [ 4137554.7, 2956412.6 ], [ 4137610.7, 2956474.3 ], [ 4137709.1, 2956458.9 ], [ 4137837.7, 2956482.2 ], [ 4137864.7, 2956490.8 ], [ 4137913.0, 2956542.9 ], [ 4137954.4, 2956566.9 ], [ 4137971.7, 2956569.0 ], [ 4137983.2, 2956560.8 ], [ 4138040.5, 2956444.0 ], [ 4138032.7, 2956425.0 ], [ 4137976.7, 2956391.6 ], [ 4137994.5, 2956361.8 ], [ 4137992.3, 2956341.9 ], [ 4137797.1, 2956214.1 ], [ 4137713.8, 2956186.0 ], [ 4137655.1, 2956152.0 ], [ 4137648.3, 2956129.3 ], [ 4137707.7, 2956084.0 ], [ 4137725.9, 2956094.0 ], [ 4137799.4, 2956088.6 ], [ 4137817.2, 2956054.8 ], [ 4137861.2, 2956020.7 ], [ 4137888.5, 2956010.3 ], [ 4137911.8, 2956010.3 ], [ 4138008.6, 2956067.3 ], [ 4138025.0, 2956062.4 ], [ 4138054.9, 2956028.7 ], [ 4138152.5, 2956043.2 ], [ 4138170.8, 2956032.9 ], [ 4138167.9, 2956005.9 ], [ 4138130.3, 2955991.3 ], [ 4138110.6, 2955879.2 ], [ 4138080.3, 2955854.3 ], [ 4138059.8, 2955852.6 ], [ 4138046.9, 2955868.6 ], [ 4138060.1, 2955977.3 ], [ 4137963.7, 2955909.5 ], [ 4137968.2, 2955844.2 ], [ 4138000.8, 2955821.2 ], [ 4138011.9, 2955781.7 ], [ 4138060.5, 2955792.9 ], [ 4138073.2, 2955785.2 ], [ 4138077.8, 2955767.3 ], [ 4138070.3, 2955754.4 ], [ 4138027.2, 2955730.2 ], [ 4137932.7, 2955689.1 ], [ 4137902.5, 2955685.8 ], [ 4137897.9, 2955656.4 ], [ 4137988.0, 2955674.5 ], [ 4138042.1, 2955712.1 ], [ 4138121.2, 2955736.9 ], [ 4138180.3, 2955732.8 ], [ 4138190.6, 2955717.7 ], [ 4138188.7, 2955699.6 ], [ 4138282.8, 2955686.0 ], [ 4138312.5, 2955699.5 ], [ 4138400.6, 2955717.9 ], [ 4138417.8, 2955705.9 ], [ 4138462.5, 2955571.5 ], [ 4138455.3, 2955555.9 ], [ 4138398.8, 2955515.6 ], [ 4138399.3, 2955496.9 ], [ 4138597.5, 2955544.0 ], [ 4138627.2, 2955537.0 ], [ 4138630.8, 2955516.1 ], [ 4138605.1, 2955479.9 ], [ 4138620.1, 2955445.4 ], [ 4138614.8, 2955428.5 ], [ 4138539.8, 2955394.3 ], [ 4138444.7, 2955289.9 ], [ 4138464.1, 2955258.0 ], [ 4138483.5, 2955260.8 ], [ 4138495.8, 2955253.2 ], [ 4138522.0, 2955206.2 ], [ 4138521.2, 2955183.8 ], [ 4138510.2, 2955164.5 ], [ 4138549.3, 2955144.7 ], [ 4138562.5, 2955165.0 ], [ 4138571.0, 2955193.1 ], [ 4138562.7, 2955246.0 ], [ 4138574.0, 2955325.5 ], [ 4138629.1, 2955374.1 ], [ 4138682.3, 2955410.9 ], [ 4138742.6, 2955426.8 ], [ 4138765.9, 2955442.4 ], [ 4138840.2, 2955460.3 ], [ 4138836.9, 2955477.2 ], [ 4138844.0, 2955489.4 ], [ 4138891.7, 2955507.3 ], [ 4138915.7, 2955496.3 ], [ 4138926.9, 2955448.5 ], [ 4138959.3, 2955458.9 ], [ 4139016.8, 2955495.9 ], [ 4139027.4, 2955562.9 ], [ 4139075.1, 2955580.0 ], [ 4139093.3, 2955567.8 ], [ 4139126.8, 2955488.5 ], [ 4139269.9, 2955510.8 ], [ 4139300.3, 2955495.9 ], [ 4139333.2, 2955451.4 ], [ 4139333.7, 2955431.6 ], [ 4139314.5, 2955405.4 ], [ 4139257.8, 2955356.4 ], [ 4139218.8, 2955289.1 ], [ 4139311.7, 2955201.8 ], [ 4139364.5, 2955135.1 ], [ 4139467.3, 2955147.0 ], [ 4139494.5, 2955138.8 ], [ 4139538.4, 2955098.0 ], [ 4139562.2, 2955120.4 ], [ 4139586.3, 2955117.3 ], [ 4139596.0, 2955084.4 ], [ 4139552.2, 2955028.4 ], [ 4139547.8, 2955012.0 ], [ 4139573.8, 2954975.5 ], [ 4139581.9, 2954975.2 ], [ 4139619.6, 2955017.5 ], [ 4139640.7, 2955051.9 ], [ 4139705.6, 2955086.4 ], [ 4139819.2, 2955107.6 ], [ 4139880.9, 2955131.4 ], [ 4140008.1, 2955142.5 ], [ 4140031.4, 2955182.7 ], [ 4140090.7, 2955203.5 ], [ 4140140.7, 2955282.4 ], [ 4140192.7, 2955340.9 ], [ 4140298.4, 2955380.1 ], [ 4140317.7, 2955361.8 ], [ 4140313.3, 2955341.1 ], [ 4140226.9, 2955303.8 ], [ 4140183.0, 2955229.4 ], [ 4140240.1, 2955088.7 ], [ 4140239.9, 2955059.4 ], [ 4140223.2, 2955039.5 ], [ 4140234.2, 2954948.5 ], [ 4140415.5, 2954976.9 ], [ 4140396.9, 2955063.5 ], [ 4140399.2, 2955090.0 ], [ 4140416.4, 2955103.5 ], [ 4140574.3, 2955126.5 ], [ 4140812.8, 2955081.7 ], [ 4140825.4, 2955074.4 ], [ 4140830.6, 2955057.2 ], [ 4140796.7, 2954989.5 ], [ 4140793.9, 2954901.7 ], [ 4140805.0, 2954871.7 ], [ 4140839.5, 2954826.4 ], [ 4140920.0, 2954849.8 ], [ 4140940.5, 2954864.7 ], [ 4140945.3, 2954888.9 ], [ 4140933.0, 2954960.6 ], [ 4140985.8, 2955004.2 ], [ 4141087.9, 2955020.2 ], [ 4141247.1, 2954949.3 ], [ 4141408.1, 2954982.1 ], [ 4141425.4, 2954978.0 ], [ 4141438.0, 2954961.3 ], [ 4141457.1, 2954974.5 ], [ 4141455.1, 2954995.5 ], [ 4141486.6, 2955031.9 ], [ 4141393.1, 2955123.9 ], [ 4141343.0, 2955140.8 ], [ 4141263.1, 2955262.4 ], [ 4141191.9, 2955324.1 ], [ 4141155.8, 2955406.5 ], [ 4141168.2, 2955423.3 ], [ 4141350.7, 2955504.7 ], [ 4141424.9, 2955529.9 ], [ 4141544.6, 2955537.5 ], [ 4141578.2, 2955552.3 ], [ 4141626.9, 2955502.9 ], [ 4141638.1, 2955470.8 ], [ 4141607.7, 2955380.6 ], [ 4141592.0, 2955209.9 ], [ 4141570.3, 2955167.8 ], [ 4141622.6, 2955152.7 ], [ 4141729.1, 2955177.3 ], [ 4141743.4, 2955173.6 ], [ 4141778.2, 2955083.1 ], [ 4141814.8, 2955030.6 ], [ 4141815.1, 2955005.6 ], [ 4141802.9, 2954993.7 ], [ 4141706.5, 2954955.3 ], [ 4141595.6, 2954879.7 ], [ 4141526.2, 2954843.3 ], [ 4141410.1, 2954822.8 ], [ 4141218.3, 2954825.8 ], [ 4141206.1, 2954791.0 ], [ 4141263.6, 2954777.6 ], [ 4141341.2, 2954786.0 ], [ 4141460.2, 2954777.0 ], [ 4141478.0, 2954802.4 ], [ 4141600.0, 2954830.9 ], [ 4141713.6, 2954917.0 ], [ 4141831.6, 2954961.4 ], [ 4141889.9, 2954946.1 ], [ 4141946.6, 2954909.0 ], [ 4142014.1, 2954887.9 ], [ 4142026.3, 2954876.8 ], [ 4142039.0, 2954818.8 ], [ 4142034.4, 2954780.4 ], [ 4142021.6, 2954773.1 ], [ 4141936.5, 2954768.5 ], [ 4141916.4, 2954718.3 ], [ 4141832.5, 2954673.9 ], [ 4141846.2, 2954640.1 ], [ 4141838.7, 2954621.3 ], [ 4141760.7, 2954570.6 ], [ 4141723.6, 2954564.6 ], [ 4141709.6, 2954552.5 ], [ 4141691.4, 2954555.3 ], [ 4141674.8, 2954577.5 ], [ 4141616.7, 2954736.0 ], [ 4141462.2, 2954704.5 ], [ 4141498.8, 2954513.0 ], [ 4141486.2, 2954499.4 ], [ 4141443.8, 2954500.4 ], [ 4141409.4, 2954483.9 ], [ 4141384.7, 2954428.0 ], [ 4141446.4, 2954425.1 ], [ 4141461.5, 2954417.1 ], [ 4141471.1, 2954388.9 ], [ 4141461.0, 2954346.5 ], [ 4141494.5, 2954326.5 ], [ 4141486.4, 2954293.6 ], [ 4141509.2, 2954290.6 ], [ 4141530.5, 2954373.4 ], [ 4141543.0, 2954394.8 ], [ 4141566.8, 2954415.7 ], [ 4141592.6, 2954408.7 ], [ 4141656.4, 2954494.2 ], [ 4141705.6, 2954537.1 ], [ 4141722.5, 2954542.8 ], [ 4141738.1, 2954534.1 ], [ 4141867.2, 2954607.7 ], [ 4141885.5, 2954606.6 ], [ 4141895.5, 2954595.7 ], [ 4141890.4, 2954571.3 ], [ 4141739.2, 2954470.0 ], [ 4141679.6, 2954412.7 ], [ 4141646.6, 2954360.1 ], [ 4141616.7, 2954266.2 ], [ 4141615.1, 2954204.4 ], [ 4141627.7, 2954139.5 ], [ 4141648.3, 2954087.8 ], [ 4141694.4, 2954009.9 ], [ 4141691.1, 2953992.3 ], [ 4141672.3, 2953979.9 ], [ 4141734.7, 2953885.8 ], [ 4141786.7, 2953738.4 ], [ 4141785.2, 2953722.3 ], [ 4141766.1, 2953695.5 ], [ 4141734.7, 2953666.7 ], [ 4141692.3, 2953642.4 ], [ 4141525.6, 2953609.2 ], [ 4141478.0, 2953602.8 ], [ 4141413.4, 2953608.0 ], [ 4141395.7, 2953616.4 ], [ 4141389.7, 2953630.1 ], [ 4141366.5, 2953635.7 ], [ 4141341.8, 2953656.2 ], [ 4141315.0, 2953631.7 ], [ 4141302.4, 2953607.4 ], [ 4141212.1, 2953583.6 ], [ 4141171.7, 2953583.6 ], [ 4141155.7, 2953597.5 ], [ 4141159.4, 2953624.3 ], [ 4141250.6, 2953664.0 ], [ 4141243.9, 2953695.6 ], [ 4141269.3, 2953731.8 ], [ 4141270.0, 2953748.0 ], [ 4141228.3, 2953783.0 ], [ 4141213.5, 2953785.2 ], [ 4141112.2, 2953747.5 ], [ 4141055.0, 2953708.1 ], [ 4141032.1, 2953675.3 ], [ 4141040.7, 2953628.9 ], [ 4141028.7, 2953610.9 ], [ 4141050.5, 2953570.8 ], [ 4141051.0, 2953514.4 ], [ 4141039.5, 2953498.2 ], [ 4140893.8, 2953462.8 ], [ 4140824.0, 2953435.4 ], [ 4140620.9, 2953419.0 ], [ 4140541.2, 2953379.6 ], [ 4140371.7, 2953267.1 ], [ 4140335.5, 2953261.6 ], [ 4140299.6, 2953263.0 ], [ 4140242.3, 2953283.4 ], [ 4140150.0, 2953271.4 ], [ 4140109.2, 2953285.3 ], [ 4140036.2, 2953459.6 ], [ 4140009.8, 2953474.3 ], [ 4139968.0, 2953521.6 ], [ 4139946.5, 2953523.1 ], [ 4139907.9, 2953563.8 ], [ 4139875.7, 2953574.6 ], [ 4139859.1, 2953593.5 ], [ 4139844.8, 2953656.7 ], [ 4139853.0, 2953672.4 ], [ 4139870.5, 2953680.0 ], [ 4139852.8, 2953729.7 ], [ 4139834.9, 2953748.9 ], [ 4139814.2, 2953729.3 ], [ 4139791.8, 2953727.5 ], [ 4139727.2, 2953763.5 ], [ 4139733.2, 2953810.1 ], [ 4139750.0, 2953816.7 ], [ 4139768.2, 2953805.8 ], [ 4139782.4, 2953817.6 ], [ 4139757.9, 2953892.1 ], [ 4139728.2, 2953930.8 ], [ 4139700.8, 2953936.1 ], [ 4139629.8, 2954020.6 ], [ 4139625.9, 2954039.4 ], [ 4139515.8, 2954146.0 ], [ 4139481.2, 2954229.9 ], [ 4139492.5, 2954257.6 ], [ 4139491.8, 2954290.4 ], [ 4139398.3, 2954343.3 ], [ 4139391.7, 2954356.6 ], [ 4139395.1, 2954371.1 ], [ 4139451.1, 2954421.6 ], [ 4139474.3, 2954421.9 ], [ 4139525.0, 2954386.7 ], [ 4139540.5, 2954356.2 ], [ 4139571.5, 2954340.3 ], [ 4139588.0, 2954291.3 ], [ 4139615.1, 2954243.4 ], [ 4139667.2, 2954249.6 ], [ 4139750.6, 2954289.6 ], [ 4139795.3, 2954271.0 ], [ 4139811.1, 2954280.3 ], [ 4139810.9, 2954294.1 ], [ 4139821.1, 2954306.9 ], [ 4139846.9, 2954304.7 ], [ 4139854.8, 2954287.9 ], [ 4139838.3, 2954266.5 ], [ 4139838.6, 2954172.5 ], [ 4139849.2, 2954126.2 ], [ 4139870.5, 2954114.1 ], [ 4139900.6, 2954041.6 ], [ 4139868.6, 2953996.5 ], [ 4139869.1, 2953959.4 ], [ 4139881.7, 2953924.6 ], [ 4139854.2, 2953867.1 ], [ 4139847.1, 2953821.5 ], [ 4139874.6, 2953818.8 ], [ 4139905.7, 2953863.2 ], [ 4139919.8, 2953868.3 ], [ 4139934.2, 2953863.0 ], [ 4139941.7, 2953850.0 ], [ 4139941.1, 2953807.0 ], [ 4139919.6, 2953779.8 ], [ 4139921.6, 2953752.1 ], [ 4139945.0, 2953743.6 ], [ 4139950.2, 2953717.2 ], [ 4139969.6, 2953695.6 ], [ 4139980.1, 2953695.9 ], [ 4139975.2, 2953737.6 ], [ 4139982.0, 2953753.6 ], [ 4140001.2, 2953759.5 ], [ 4140024.0, 2953747.8 ], [ 4140052.6, 2953682.1 ], [ 4140044.9, 2953662.6 ], [ 4140015.2, 2953651.4 ], [ 4140037.4, 2953633.1 ], [ 4140040.9, 2953589.4 ], [ 4140123.2, 2953553.9 ], [ 4140142.5, 2953529.2 ], [ 4140158.3, 2953522.5 ], [ 4140178.3, 2953534.6 ], [ 4140183.0, 2953568.0 ], [ 4140209.6, 2953591.7 ], [ 4140223.8, 2953594.5 ], [ 4140254.5, 2953577.6 ], [ 4140253.9, 2953514.6 ], [ 4140276.9, 2953505.6 ], [ 4140291.2, 2953577.8 ], [ 4140316.7, 2953612.8 ], [ 4140330.3, 2953622.9 ], [ 4140386.3, 2953633.2 ], [ 4140406.5, 2953620.8 ], [ 4140446.2, 2953516.8 ], [ 4140464.7, 2953538.4 ], [ 4140529.4, 2953533.3 ], [ 4140559.9, 2953593.3 ], [ 4140571.0, 2953601.6 ], [ 4140628.5, 2953598.1 ], [ 4140659.6, 2953604.8 ], [ 4140626.5, 2953661.8 ], [ 4140633.6, 2953687.2 ], [ 4140730.4, 2953705.9 ], [ 4140851.6, 2953766.6 ], [ 4140937.7, 2953856.0 ], [ 4140885.7, 2953883.6 ], [ 4140807.3, 2953891.3 ], [ 4140691.0, 2953930.8 ], [ 4140668.7, 2953879.7 ], [ 4140651.7, 2953876.1 ], [ 4140628.8, 2953884.9 ], [ 4140601.5, 2953902.7 ], [ 4140598.7, 2953926.7 ], [ 4140609.0, 2953936.7 ], [ 4140660.7, 2953951.6 ], [ 4140622.9, 2953975.4 ], [ 4140539.3, 2954006.5 ], [ 4140426.6, 2954101.5 ], [ 4140402.6, 2954093.4 ], [ 4140370.7, 2954110.5 ], [ 4140348.4, 2954101.5 ], [ 4140325.0, 2954111.0 ], [ 4140313.6, 2954132.0 ], [ 4140322.6, 2954154.6 ], [ 4140286.8, 2954204.6 ], [ 4140294.7, 2954227.5 ], [ 4140321.8, 2954227.4 ], [ 4140391.8, 2954151.7 ], [ 4140430.1, 2954124.1 ], [ 4140445.2, 2954131.8 ], [ 4140469.8, 2954126.6 ], [ 4140574.0, 2954058.4 ], [ 4140753.3, 2954015.1 ], [ 4140960.6, 2953983.8 ], [ 4140981.1, 2953962.9 ], [ 4140972.8, 2953929.2 ], [ 4141009.6, 2953903.6 ], [ 4141052.2, 2953929.3 ], [ 4141166.1, 2953912.1 ], [ 4141203.0, 2954024.4 ], [ 4141215.4, 2954032.1 ], [ 4141264.6, 2954034.0 ], [ 4141311.4, 2954058.8 ], [ 4141360.6, 2954123.4 ], [ 4141366.8, 2954182.8 ], [ 4141399.9, 2954245.6 ], [ 4141421.6, 2954256.1 ], [ 4141445.4, 2954241.9 ], [ 4141452.3, 2954268.4 ], [ 4141395.9, 2954308.4 ], [ 4141353.1, 2954355.9 ], [ 4141316.6, 2954370.7 ], [ 4141277.4, 2954398.6 ], [ 4141272.1, 2954435.5 ], [ 4141243.2, 2954408.4 ], [ 4141028.4, 2954397.2 ], [ 4141004.7, 2954337.9 ], [ 4141146.1, 2954344.9 ], [ 4141159.3, 2954338.5 ], [ 4141165.5, 2954321.5 ], [ 4141061.9, 2954201.8 ], [ 4141025.7, 2954131.9 ], [ 4141046.8, 2954125.2 ], [ 4141075.4, 2954172.3 ], [ 4141096.1, 2954179.7 ], [ 4141161.5, 2954145.0 ], [ 4141253.1, 2954132.8 ], [ 4141264.4, 2954118.6 ], [ 4141263.0, 2954104.0 ], [ 4141232.4, 2954078.3 ], [ 4141218.8, 2954040.8 ], [ 4141202.6, 2954032.6 ], [ 4141083.1, 2954064.6 ], [ 4141007.7, 2954067.3 ], [ 4140952.9, 2954081.3 ], [ 4140841.0, 2954061.3 ], [ 4140773.1, 2954074.3 ], [ 4140701.4, 2954108.0 ], [ 4140532.1, 2954204.3 ], [ 4140491.6, 2954243.5 ], [ 4140387.3, 2954298.0 ], [ 4140355.6, 2954332.1 ], [ 4140357.4, 2954408.2 ], [ 4140384.0, 2954415.5 ], [ 4140398.8, 2954395.9 ], [ 4140469.6, 2954355.8 ], [ 4140506.1, 2954361.3 ], [ 4140539.6, 2954333.4 ], [ 4140596.6, 2954323.8 ], [ 4140605.8, 2954297.4 ], [ 4140567.4, 2954256.9 ], [ 4140648.7, 2954241.4 ], [ 4140687.2, 2954266.9 ], [ 4140652.9, 2954360.5 ], [ 4140660.5, 2954380.8 ], [ 4140913.9, 2954526.3 ], [ 4140938.2, 2954589.9 ], [ 4140959.8, 2954599.1 ], [ 4141037.4, 2954597.3 ], [ 4141096.7, 2954608.3 ], [ 4141168.7, 2954632.2 ], [ 4141157.5, 2954659.5 ], [ 4141040.6, 2954622.9 ], [ 4141027.4, 2954634.7 ], [ 4141012.3, 2954686.9 ], [ 4140979.9, 2954684.9 ], [ 4140926.5, 2954748.2 ], [ 4140892.2, 2954756.4 ], [ 4140874.9, 2954749.2 ], [ 4140867.5, 2954733.3 ], [ 4140882.2, 2954647.9 ], [ 4140863.7, 2954627.6 ], [ 4140738.1, 2954666.1 ], [ 4140665.0, 2954674.5 ], [ 4140485.7, 2954663.0 ], [ 4140386.6, 2954634.5 ], [ 4140324.3, 2954601.9 ], [ 4140310.7, 2954521.3 ], [ 4140250.3, 2954432.4 ], [ 4140272.9, 2954365.3 ], [ 4140279.6, 2954301.3 ], [ 4140275.0, 2954287.9 ], [ 4140259.8, 2954279.4 ], [ 4140196.3, 2954285.2 ], [ 4140180.8, 2954303.7 ], [ 4140171.5, 2954410.3 ], [ 4140179.9, 2954437.4 ], [ 4140199.1, 2954462.9 ], [ 4140211.4, 2954539.4 ], [ 4140044.8, 2954518.6 ], [ 4139945.2, 2954527.3 ], [ 4139846.3, 2954556.2 ], [ 4139735.5, 2954607.3 ], [ 4139643.4, 2954636.0 ], [ 4139163.9, 2954723.3 ], [ 4139053.8, 2954725.4 ], [ 4138896.0, 2954712.0 ], [ 4138683.0, 2954664.7 ], [ 4138672.7, 2954589.3 ], [ 4138584.1, 2954554.8 ], [ 4138567.0, 2954557.5 ], [ 4138557.1, 2954571.7 ], [ 4138567.7, 2954617.8 ], [ 4138472.0, 2954580.8 ], [ 4138496.5, 2954553.9 ], [ 4138492.4, 2954536.4 ], [ 4138474.3, 2954526.9 ], [ 4138489.3, 2954506.8 ], [ 4138529.6, 2954514.0 ], [ 4138546.3, 2954494.5 ], [ 4138579.2, 2954501.3 ], [ 4138584.9, 2954527.7 ], [ 4138679.7, 2954581.6 ], [ 4138696.2, 2954603.5 ], [ 4138909.8, 2954584.9 ], [ 4138918.6, 2954573.3 ], [ 4138934.5, 2954487.6 ], [ 4138928.8, 2954467.1 ], [ 4138912.0, 2954460.6 ], [ 4138690.5, 2954472.2 ], [ 4138696.9, 2954409.0 ], [ 4138668.6, 2954366.5 ], [ 4138739.4, 2954349.1 ], [ 4138847.8, 2954308.4 ], [ 4138886.4, 2954271.4 ], [ 4138903.6, 2954266.0 ], [ 4138917.0, 2954227.2 ], [ 4138892.2, 2954178.8 ], [ 4138897.7, 2954155.0 ], [ 4138934.9, 2954185.5 ], [ 4138965.7, 2954224.9 ], [ 4139002.9, 2954243.9 ], [ 4139022.9, 2954235.6 ], [ 4139024.5, 2954210.8 ], [ 4138984.6, 2954168.5 ], [ 4138981.4, 2954117.9 ], [ 4139026.3, 2954101.2 ], [ 4139054.2, 2954051.6 ], [ 4139085.5, 2954037.1 ], [ 4139127.5, 2953998.3 ], [ 4139133.3, 2953802.6 ], [ 4139153.7, 2953791.9 ], [ 4139192.9, 2953834.6 ], [ 4139210.9, 2953830.9 ], [ 4139225.4, 2953813.6 ], [ 4139248.9, 2953836.1 ], [ 4139287.7, 2953832.7 ], [ 4139299.4, 2953814.7 ], [ 4139289.2, 2953790.3 ], [ 4139296.2, 2953764.7 ], [ 4139275.3, 2953736.8 ], [ 4139302.7, 2953723.4 ], [ 4139303.3, 2953677.7 ], [ 4139403.1, 2953680.1 ], [ 4139437.8, 2953665.8 ], [ 4139493.3, 2953572.1 ], [ 4139496.1, 2953544.5 ], [ 4139521.9, 2953518.5 ], [ 4139551.9, 2953523.6 ], [ 4139597.1, 2953547.3 ], [ 4139645.4, 2953500.3 ], [ 4139669.2, 2953496.4 ], [ 4139676.6, 2953483.4 ], [ 4139674.1, 2953468.7 ], [ 4139596.9, 2953379.9 ], [ 4139605.9, 2953366.4 ], [ 4139697.1, 2953427.5 ], [ 4139747.7, 2953500.3 ], [ 4139778.9, 2953508.3 ], [ 4139789.7, 2953523.2 ], [ 4139802.8, 2953527.0 ], [ 4139814.2, 2953549.0 ], [ 4139838.9, 2953546.4 ], [ 4139875.7, 2953498.2 ], [ 4139868.9, 2953472.7 ], [ 4139803.0, 2953452.0 ], [ 4139758.9, 2953417.7 ], [ 4139760.4, 2953393.7 ], [ 4139791.4, 2953379.4 ], [ 4139796.1, 2953355.8 ], [ 4139768.9, 2953328.8 ], [ 4139768.2, 2953308.1 ], [ 4139726.6, 2953258.2 ], [ 4139668.2, 2953210.3 ], [ 4139646.6, 2953197.4 ], [ 4139601.3, 2953189.7 ], [ 4139493.9, 2953197.7 ], [ 4139434.4, 2953289.9 ], [ 4139425.6, 2953360.1 ], [ 4139455.9, 2953397.2 ], [ 4139409.7, 2953425.6 ], [ 4139404.9, 2953451.7 ], [ 4139372.4, 2953510.4 ], [ 4139379.4, 2953563.8 ], [ 4139355.3, 2953578.3 ], [ 4139272.0, 2953601.0 ], [ 4139215.4, 2953602.3 ], [ 4139151.2, 2953587.8 ], [ 4139061.6, 2953600.4 ], [ 4139007.5, 2953623.4 ], [ 4138978.9, 2953659.2 ], [ 4138963.7, 2953686.5 ], [ 4138960.1, 2953743.3 ], [ 4138985.3, 2953854.0 ], [ 4138968.3, 2953877.7 ], [ 4138970.9, 2953929.8 ], [ 4138905.4, 2954071.9 ], [ 4138889.7, 2954062.9 ], [ 4138938.4, 2953961.5 ], [ 4138945.5, 2953921.4 ], [ 4138940.5, 2953877.6 ], [ 4138909.2, 2953782.8 ], [ 4138912.1, 2953729.3 ], [ 4138945.3, 2953648.1 ], [ 4138972.5, 2953605.2 ], [ 4139005.4, 2953574.5 ], [ 4139052.6, 2953554.4 ], [ 4139177.7, 2953531.1 ], [ 4139288.7, 2953542.2 ], [ 4139326.4, 2953529.2 ], [ 4139346.2, 2953512.3 ], [ 4139383.7, 2953455.6 ], [ 4139388.4, 2953416.2 ], [ 4139378.7, 2953380.8 ], [ 4139397.6, 2953345.4 ], [ 4139415.8, 2953246.2 ], [ 4139462.5, 2953175.5 ], [ 4139510.1, 2953161.9 ], [ 4139521.9, 2953148.1 ], [ 4139514.4, 2953124.6 ], [ 4139460.8, 2953103.7 ], [ 4139438.4, 2953079.4 ], [ 4139672.9, 2953140.2 ], [ 4139686.7, 2953138.2 ], [ 4139697.9, 2953125.1 ], [ 4139695.8, 2953092.7 ], [ 4139655.3, 2953077.9 ], [ 4139641.1, 2953061.8 ], [ 4139512.8, 2953046.7 ], [ 4139436.6, 2953015.4 ], [ 4139433.8, 2952991.6 ], [ 4139409.3, 2952978.8 ], [ 4139376.8, 2952946.8 ], [ 4139398.3, 2952916.1 ], [ 4139437.5, 2952898.1 ], [ 4139445.8, 2952849.4 ], [ 4139545.8, 2952889.4 ], [ 4139564.3, 2952888.4 ], [ 4139575.7, 2952866.0 ], [ 4139561.7, 2952843.1 ], [ 4139577.3, 2952821.4 ], [ 4139546.6, 2952738.5 ], [ 4139525.9, 2952732.9 ], [ 4139509.5, 2952751.2 ], [ 4139466.5, 2952755.4 ], [ 4139439.4, 2952703.4 ], [ 4139440.2, 2952675.8 ], [ 4139372.0, 2952622.8 ], [ 4139371.9, 2952607.1 ], [ 4139396.4, 2952608.1 ], [ 4139500.4, 2952578.7 ], [ 4139558.8, 2952593.7 ], [ 4139651.7, 2952649.2 ], [ 4139891.3, 2952759.1 ], [ 4139897.5, 2952796.6 ], [ 4139917.9, 2952823.3 ], [ 4139931.6, 2952828.8 ], [ 4139952.7, 2952815.6 ], [ 4139956.4, 2952777.3 ], [ 4139982.5, 2952714.3 ], [ 4140033.2, 2952668.7 ], [ 4140032.4, 2952526.4 ], [ 4140040.4, 2952475.6 ], [ 4140031.8, 2952427.4 ], [ 4140009.9, 2952367.6 ], [ 4139947.0, 2952284.1 ], [ 4139929.3, 2952282.0 ], [ 4139907.1, 2952296.9 ], [ 4139888.0, 2952298.3 ], [ 4139860.6, 2952328.9 ], [ 4139853.5, 2952348.7 ], [ 4139860.5, 2952372.4 ], [ 4139917.1, 2952405.1 ], [ 4139896.3, 2952442.1 ], [ 4139863.6, 2952437.1 ], [ 4139847.6, 2952451.8 ], [ 4139852.0, 2952473.1 ], [ 4139886.4, 2952503.1 ], [ 4139869.1, 2952526.7 ], [ 4139876.0, 2952576.5 ], [ 4139856.3, 2952585.6 ], [ 4139735.3, 2952533.1 ], [ 4139685.3, 2952465.1 ], [ 4139647.7, 2952432.7 ], [ 4139590.1, 2952390.3 ], [ 4139566.0, 2952387.4 ], [ 4139532.9, 2952364.8 ], [ 4139440.3, 2952285.2 ], [ 4139492.9, 2952220.8 ], [ 4139507.7, 2952212.3 ], [ 4139545.9, 2952142.7 ], [ 4139648.0, 2952048.0 ], [ 4139646.0, 2951963.3 ], [ 4139706.9, 2951947.5 ], [ 4139748.9, 2951913.1 ], [ 4139772.2, 2951940.2 ], [ 4139795.6, 2951938.9 ], [ 4139909.5, 2952065.9 ], [ 4139894.7, 2952089.9 ], [ 4139894.4, 2952106.6 ], [ 4139958.3, 2952167.2 ], [ 4139936.5, 2952191.4 ], [ 4139935.0, 2952209.6 ], [ 4139985.4, 2952264.0 ], [ 4140007.9, 2952278.2 ], [ 4140083.0, 2952458.7 ], [ 4140075.6, 2952564.3 ], [ 4140101.4, 2952655.3 ], [ 4140120.5, 2952688.5 ], [ 4140086.5, 2952735.1 ], [ 4140068.1, 2952737.9 ], [ 4140044.7, 2952728.2 ], [ 4140026.3, 2952746.9 ], [ 4140037.3, 2952815.6 ], [ 4140053.4, 2952836.1 ], [ 4140055.9, 2952893.8 ], [ 4140042.2, 2952952.0 ], [ 4140052.4, 2953041.9 ], [ 4140031.4, 2953035.1 ], [ 4140021.6, 2952995.3 ], [ 4140029.0, 2952976.8 ], [ 4140019.0, 2952942.1 ], [ 4140006.8, 2952933.3 ], [ 4139989.3, 2952935.6 ], [ 4139976.7, 2952951.9 ], [ 4139975.9, 2953015.3 ], [ 4139952.2, 2953016.3 ], [ 4139940.3, 2953029.5 ], [ 4139948.8, 2953087.5 ], [ 4139896.7, 2953110.2 ], [ 4139886.5, 2953127.0 ], [ 4139894.8, 2953155.0 ], [ 4139988.6, 2953216.6 ], [ 4139998.0, 2953236.4 ], [ 4140020.8, 2953241.1 ], [ 4140058.1, 2953233.7 ], [ 4140068.0, 2953248.7 ], [ 4140084.2, 2953253.0 ], [ 4140288.4, 2953203.4 ], [ 4140317.3, 2953222.9 ], [ 4140346.2, 2953226.2 ], [ 4140444.6, 2953262.6 ], [ 4140494.3, 2953308.3 ], [ 4140595.8, 2953363.9 ], [ 4140636.6, 2953376.4 ], [ 4140724.4, 2953393.4 ], [ 4140772.8, 2953388.2 ], [ 4140847.1, 2953392.8 ], [ 4140922.6, 2953425.8 ], [ 4141007.7, 2953441.9 ], [ 4141047.1, 2953461.5 ], [ 4141067.3, 2953461.0 ], [ 4141132.2, 2953427.3 ], [ 4141136.8, 2953459.5 ], [ 4141198.9, 2953496.2 ], [ 4141197.9, 2953513.4 ], [ 4141206.4, 2953524.3 ], [ 4141243.9, 2953541.0 ], [ 4141285.8, 2953547.2 ], [ 4141314.2, 2953538.2 ], [ 4141329.3, 2953523.2 ], [ 4141347.6, 2953522.7 ], [ 4141396.7, 2953535.8 ], [ 4141427.1, 2953557.1 ], [ 4141482.4, 2953555.6 ], [ 4141560.1, 2953571.6 ], [ 4141666.4, 2953573.5 ], [ 4141704.5, 2953584.4 ], [ 4141778.6, 2953635.0 ], [ 4141810.3, 2953626.7 ], [ 4141820.9, 2953612.1 ], [ 4141815.4, 2953575.2 ], [ 4141822.2, 2953479.6 ], [ 4141945.5, 2953415.4 ], [ 4141944.6, 2953394.3 ], [ 4141896.4, 2953346.1 ], [ 4141954.3, 2953251.5 ], [ 4141959.4, 2953225.1 ], [ 4141939.5, 2953211.1 ], [ 4141884.6, 2953218.8 ], [ 4141874.3, 2953181.9 ], [ 4141857.3, 2953169.3 ], [ 4141818.1, 2953189.9 ], [ 4141815.9, 2953207.6 ], [ 4141825.4, 2953220.0 ], [ 4141770.2, 2953243.6 ], [ 4141676.9, 2953304.3 ], [ 4141633.7, 2953315.4 ], [ 4141611.8, 2953332.5 ], [ 4141599.9, 2953364.6 ], [ 4141571.9, 2953364.8 ], [ 4141544.1, 2953354.7 ], [ 4141551.4, 2953218.7 ], [ 4141539.1, 2953201.0 ], [ 4141517.6, 2953201.0 ], [ 4141509.6, 2953159.5 ], [ 4141517.3, 2953129.0 ], [ 4141565.6, 2953065.3 ], [ 4141572.1, 2953030.7 ], [ 4141601.1, 2953031.0 ], [ 4141614.5, 2953020.1 ], [ 4141615.5, 2952910.9 ], [ 4141563.3, 2952796.3 ], [ 4141563.9, 2952779.4 ], [ 4141530.9, 2952736.4 ], [ 4141525.0, 2952711.7 ], [ 4141445.0, 2952657.7 ], [ 4141427.0, 2952657.0 ], [ 4141348.3, 2952612.4 ], [ 4141350.6, 2952591.1 ], [ 4141340.0, 2952575.9 ], [ 4141262.8, 2952560.7 ], [ 4141300.9, 2952496.3 ], [ 4141330.3, 2952476.1 ], [ 4141492.2, 2952532.6 ], [ 4141559.3, 2952571.5 ], [ 4141573.9, 2952572.6 ], [ 4141587.8, 2952561.2 ], [ 4141619.5, 2952497.0 ], [ 4141613.5, 2952473.0 ], [ 4141491.5, 2952398.5 ], [ 4141372.6, 2952355.1 ], [ 4141314.7, 2952364.9 ], [ 4141281.3, 2952348.2 ], [ 4141213.4, 2952341.9 ], [ 4141193.4, 2952360.9 ], [ 4141184.5, 2952490.5 ], [ 4141167.5, 2952504.4 ], [ 4141143.2, 2952510.7 ], [ 4141135.5, 2952539.9 ], [ 4141099.4, 2952543.1 ], [ 4141073.5, 2952509.7 ], [ 4141029.4, 2952419.4 ], [ 4141036.6, 2952398.4 ], [ 4141028.1, 2952383.4 ], [ 4140856.4, 2952342.2 ], [ 4140870.5, 2952314.7 ], [ 4140904.8, 2952332.8 ], [ 4141003.5, 2952356.6 ], [ 4141108.1, 2952350.9 ], [ 4141125.4, 2952356.6 ], [ 4141192.2, 2952346.5 ], [ 4141218.2, 2952318.5 ], [ 4141202.4, 2952183.1 ], [ 4141239.5, 2952168.5 ], [ 4141282.3, 2952138.9 ], [ 4141285.6, 2952105.0 ], [ 4141301.0, 2952070.2 ], [ 4141299.4, 2952042.5 ], [ 4141274.9, 2952002.0 ], [ 4141167.9, 2951911.9 ], [ 4141148.3, 2951904.1 ], [ 4141131.9, 2951909.6 ], [ 4141107.7, 2951888.6 ], [ 4141081.5, 2951860.7 ], [ 4141059.5, 2951816.4 ], [ 4141034.6, 2951809.4 ], [ 4140997.7, 2951767.0 ], [ 4140994.9, 2951734.0 ], [ 4140981.1, 2951707.6 ], [ 4140925.3, 2951661.9 ], [ 4140919.0, 2951647.8 ], [ 4140971.0, 2951627.8 ], [ 4140999.9, 2951605.7 ], [ 4141005.9, 2951589.2 ], [ 4140998.0, 2951573.6 ], [ 4140941.0, 2951540.7 ], [ 4140887.4, 2951535.1 ], [ 4140855.1, 2951509.8 ], [ 4140796.3, 2951523.5 ], [ 4140791.2, 2951550.0 ], [ 4140886.8, 2951682.8 ], [ 4140865.8, 2951689.5 ], [ 4140842.4, 2951659.7 ], [ 4140770.4, 2951625.5 ], [ 4140752.7, 2951626.7 ], [ 4140739.8, 2951641.1 ], [ 4140697.5, 2951620.5 ], [ 4140677.3, 2951626.8 ], [ 4140612.0, 2951591.8 ], [ 4140619.5, 2951558.4 ], [ 4140596.9, 2951531.6 ], [ 4140429.7, 2951461.2 ], [ 4140404.3, 2951469.0 ], [ 4140400.4, 2951498.3 ], [ 4140439.4, 2951570.8 ], [ 4140483.1, 2951694.6 ], [ 4140471.7, 2951759.9 ], [ 4140458.2, 2951776.4 ], [ 4140441.8, 2951875.0 ], [ 4140442.3, 2951961.0 ], [ 4140456.5, 2952034.6 ], [ 4140497.6, 2952122.5 ], [ 4140553.4, 2952170.6 ], [ 4140510.4, 2952157.9 ], [ 4140454.4, 2952117.7 ], [ 4140401.3, 2952111.6 ], [ 4140325.4, 2952079.0 ], [ 4140290.9, 2952055.0 ], [ 4140254.1, 2952009.2 ], [ 4140273.5, 2952009.5 ], [ 4140403.9, 2952078.2 ], [ 4140418.4, 2952077.6 ], [ 4140431.0, 2952064.7 ], [ 4140419.3, 2952019.2 ], [ 4140363.2, 2951962.9 ], [ 4140317.9, 2951932.6 ], [ 4140271.4, 2951863.0 ], [ 4140277.5, 2951851.1 ], [ 4140287.8, 2951849.4 ], [ 4140339.0, 2951881.6 ], [ 4140363.7, 2951877.0 ], [ 4140391.7, 2951820.4 ], [ 4140396.9, 2951723.4 ], [ 4140404.0, 2951713.2 ], [ 4140444.5, 2951700.7 ], [ 4140454.9, 2951685.4 ], [ 4140429.5, 2951578.2 ], [ 4140393.8, 2951555.1 ], [ 4140361.0, 2951499.5 ], [ 4140336.7, 2951498.6 ], [ 4140321.2, 2951512.1 ], [ 4140320.6, 2951526.1 ], [ 4140348.8, 2951589.1 ], [ 4140297.1, 2951710.9 ], [ 4140273.7, 2951688.8 ], [ 4140233.0, 2951686.1 ], [ 4140159.2, 2951689.7 ], [ 4140147.4, 2951702.0 ], [ 4140147.4, 2951724.6 ], [ 4140074.4, 2951705.5 ], [ 4140051.4, 2951698.8 ], [ 4140055.2, 2951673.5 ], [ 4140045.3, 2951658.1 ], [ 4139925.7, 2951610.2 ], [ 4139838.1, 2951694.0 ], [ 4139825.5, 2951722.0 ], [ 4139825.7, 2951752.6 ], [ 4139792.9, 2951783.5 ], [ 4139741.4, 2951767.9 ], [ 4139666.8, 2951712.4 ], [ 4139625.0, 2951720.6 ], [ 4139611.7, 2951700.9 ], [ 4139554.8, 2951677.4 ], [ 4139522.0, 2951625.1 ], [ 4139473.6, 2951624.4 ], [ 4139412.9, 2951596.0 ], [ 4139368.5, 2951592.8 ], [ 4139330.4, 2951575.6 ], [ 4139410.1, 2951344.6 ], [ 4139457.9, 2951371.3 ], [ 4139479.4, 2951368.2 ], [ 4139515.8, 2951346.7 ], [ 4139542.5, 2951305.4 ], [ 4139558.2, 2951259.9 ], [ 4139646.4, 2951188.0 ], [ 4139644.8, 2951156.3 ], [ 4139685.0, 2951132.7 ], [ 4139693.1, 2951194.2 ], [ 4139673.7, 2951216.0 ], [ 4139645.8, 2951225.7 ], [ 4139617.0, 2951275.4 ], [ 4139618.1, 2951293.3 ], [ 4139639.9, 2951314.4 ], [ 4139666.0, 2951309.1 ], [ 4139679.2, 2951269.5 ], [ 4139717.3, 2951304.9 ], [ 4139752.7, 2951315.7 ], [ 4139766.2, 2951304.0 ], [ 4139767.7, 2951289.1 ], [ 4139836.5, 2951240.3 ], [ 4139841.4, 2951226.2 ], [ 4139833.4, 2951209.6 ], [ 4139856.6, 2951154.5 ], [ 4139855.5, 2951140.8 ], [ 4139760.4, 2951077.7 ], [ 4139736.2, 2951006.9 ], [ 4139774.3, 2951000.9 ], [ 4139830.2, 2951052.4 ], [ 4139859.9, 2951057.0 ], [ 4139882.3, 2951044.9 ], [ 4139887.8, 2951024.8 ], [ 4139877.4, 2951010.6 ], [ 4139849.4, 2950999.8 ], [ 4139855.3, 2950987.3 ], [ 4139905.0, 2950956.3 ], [ 4139911.5, 2950940.0 ], [ 4139887.7, 2950897.8 ], [ 4139826.0, 2950845.6 ], [ 4139805.9, 2950816.0 ], [ 4139794.1, 2950783.0 ], [ 4139781.7, 2950695.6 ], [ 4139769.7, 2950688.4 ], [ 4139735.3, 2950687.3 ], [ 4139712.1, 2950717.1 ], [ 4139684.6, 2950690.4 ], [ 4139631.0, 2950689.8 ], [ 4139613.5, 2950628.2 ], [ 4139618.1, 2950485.2 ], [ 4139632.6, 2950477.8 ], [ 4139693.7, 2950494.1 ], [ 4139726.3, 2950490.1 ], [ 4139737.1, 2950464.2 ], [ 4139737.7, 2950422.6 ], [ 4139792.3, 2950363.4 ], [ 4139792.6, 2950318.1 ], [ 4139732.0, 2950299.8 ], [ 4139687.0, 2950300.0 ], [ 4139635.9, 2950271.9 ], [ 4139677.4, 2950181.9 ], [ 4139629.3, 2950134.7 ], [ 4139596.3, 2950072.3 ], [ 4139583.9, 2950065.0 ], [ 4139565.6, 2950067.8 ], [ 4139579.1, 2950019.8 ], [ 4139568.4, 2950001.1 ], [ 4139535.6, 2950003.7 ], [ 4139524.3, 2950029.0 ], [ 4139449.1, 2950098.5 ], [ 4139233.2, 2949943.0 ], [ 4139228.1, 2949923.6 ], [ 4139274.6, 2949869.9 ], [ 4139319.1, 2949749.7 ], [ 4139370.6, 2949769.2 ], [ 4139434.4, 2949772.6 ], [ 4139481.5, 2949766.5 ], [ 4139567.9, 2949786.3 ], [ 4139580.9, 2949779.6 ], [ 4139638.3, 2949703.3 ], [ 4139703.0, 2949768.0 ], [ 4139724.2, 2949765.0 ], [ 4139744.2, 2949737.0 ], [ 4139849.6, 2949829.9 ], [ 4139886.8, 2949832.2 ], [ 4139931.5, 2949809.6 ], [ 4139959.0, 2949824.3 ], [ 4139938.5, 2949914.9 ], [ 4139909.0, 2949909.9 ], [ 4139889.6, 2949935.5 ], [ 4139890.9, 2949953.3 ], [ 4139901.4, 2949963.0 ], [ 4139932.6, 2949957.1 ], [ 4139988.8, 2949984.2 ], [ 4140085.6, 2950014.0 ], [ 4140101.8, 2950006.4 ], [ 4140107.1, 2949989.3 ], [ 4140138.0, 2949986.5 ], [ 4140150.9, 2949970.0 ], [ 4140148.7, 2949956.0 ], [ 4140089.6, 2949873.2 ], [ 4140059.3, 2949802.1 ], [ 4140056.2, 2949765.8 ], [ 4140026.4, 2949703.7 ], [ 4140034.9, 2949684.8 ], [ 4140031.9, 2949670.4 ], [ 4139952.3, 2949614.2 ], [ 4139957.5, 2949597.5 ], [ 4139949.0, 2949582.3 ], [ 4139948.9, 2949558.4 ], [ 4140016.1, 2949464.1 ], [ 4140009.7, 2949430.6 ], [ 4139983.5, 2949418.5 ], [ 4139934.0, 2949432.4 ], [ 4139923.8, 2949447.7 ], [ 4139923.7, 2949485.0 ], [ 4139898.6, 2949471.9 ], [ 4139848.8, 2949399.2 ], [ 4139766.7, 2949324.0 ], [ 4139681.8, 2949287.4 ], [ 4139679.8, 2949261.9 ], [ 4139704.2, 2949246.4 ], [ 4139733.3, 2949211.0 ], [ 4139721.1, 2949175.4 ], [ 4139736.6, 2949158.8 ], [ 4139765.7, 2949154.3 ], [ 4139774.6, 2949134.5 ], [ 4139762.2, 2949116.7 ], [ 4139695.5, 2949091.4 ], [ 4139679.5, 2949061.2 ], [ 4139632.0, 2949046.5 ], [ 4139632.6, 2949009.8 ], [ 4139714.9, 2949024.2 ], [ 4139814.5, 2949056.7 ], [ 4139834.3, 2949049.9 ], [ 4139889.0, 2948943.0 ], [ 4139881.0, 2948927.8 ], [ 4139824.4, 2948894.8 ], [ 4139823.1, 2948872.7 ], [ 4139791.6, 2948845.5 ], [ 4139799.0, 2948826.6 ], [ 4139857.5, 2948852.6 ], [ 4139953.5, 2948911.6 ], [ 4139967.8, 2948907.2 ], [ 4140052.4, 2948825.7 ], [ 4140124.8, 2948895.3 ], [ 4140142.4, 2948954.3 ], [ 4140117.1, 2948978.7 ], [ 4140113.7, 2948999.1 ], [ 4140175.9, 2949057.5 ], [ 4140189.7, 2949056.6 ], [ 4140227.1, 2949029.8 ], [ 4140295.4, 2949001.0 ], [ 4140330.6, 2948971.6 ], [ 4140330.7, 2948950.3 ], [ 4140306.3, 2948936.6 ], [ 4140260.0, 2948854.5 ], [ 4140155.9, 2948755.5 ], [ 4140167.0, 2948736.5 ], [ 4140160.7, 2948717.2 ], [ 4140066.4, 2948625.4 ], [ 4139975.9, 2948592.4 ], [ 4139976.9, 2948548.2 ], [ 4139991.4, 2948535.0 ], [ 4139993.5, 2948520.3 ], [ 4140012.6, 2948510.7 ], [ 4140034.6, 2948523.6 ], [ 4140048.9, 2948522.4 ], [ 4140106.4, 2948464.9 ], [ 4140138.4, 2948477.0 ], [ 4140164.5, 2948447.3 ], [ 4140166.0, 2948431.0 ], [ 4140149.7, 2948394.8 ], [ 4140106.9, 2948323.2 ], [ 4140174.9, 2948300.1 ], [ 4140181.9, 2948283.4 ], [ 4140176.8, 2948231.3 ], [ 4140195.1, 2948220.9 ], [ 4140201.5, 2948207.3 ], [ 4140244.9, 2948197.3 ], [ 4140255.9, 2948187.1 ], [ 4140257.8, 2948164.6 ], [ 4140233.4, 2948111.8 ], [ 4140281.1, 2948147.5 ], [ 4140376.3, 2948184.2 ], [ 4140461.4, 2948249.8 ], [ 4140526.6, 2948317.7 ], [ 4140516.4, 2948344.8 ], [ 4140519.8, 2948385.4 ], [ 4140513.0, 2948423.0 ], [ 4140483.1, 2948470.5 ], [ 4140446.8, 2948569.2 ], [ 4140424.4, 2948595.5 ], [ 4140369.4, 2948627.5 ], [ 4140364.3, 2948656.6 ], [ 4140345.4, 2948675.2 ], [ 4140369.3, 2948736.9 ], [ 4140352.3, 2948759.2 ], [ 4140352.1, 2948774.0 ], [ 4140397.4, 2948869.2 ], [ 4140417.3, 2948877.8 ], [ 4140480.7, 2948850.4 ], [ 4140761.1, 2948832.6 ], [ 4140773.1, 2948814.7 ], [ 4140771.3, 2948792.7 ], [ 4140736.3, 2948745.0 ], [ 4140695.3, 2948658.5 ], [ 4140674.6, 2948652.9 ], [ 4140658.9, 2948667.5 ], [ 4140632.7, 2948668.7 ], [ 4140614.3, 2948687.3 ], [ 4140602.5, 2948680.7 ], [ 4140615.3, 2948580.7 ], [ 4140614.6, 2948522.5 ], [ 4140663.7, 2948425.0 ], [ 4140691.9, 2948434.4 ], [ 4140694.3, 2948471.6 ], [ 4140641.7, 2948573.3 ], [ 4140649.4, 2948589.8 ], [ 4140683.2, 2948607.2 ], [ 4140707.1, 2948602.0 ], [ 4140769.1, 2948475.4 ], [ 4140764.3, 2948457.4 ], [ 4140721.5, 2948426.3 ], [ 4140738.0, 2948398.2 ], [ 4140745.6, 2948388.6 ], [ 4140769.3, 2948410.0 ], [ 4140789.4, 2948407.0 ], [ 4140886.2, 2948304.2 ], [ 4140898.6, 2948276.4 ], [ 4140960.7, 2948197.2 ], [ 4140978.7, 2948188.0 ], [ 4141002.6, 2948192.4 ], [ 4141057.8, 2948158.0 ], [ 4141119.5, 2948034.7 ], [ 4141111.6, 2948008.4 ], [ 4141097.5, 2948004.6 ], [ 4140993.9, 2948019.2 ], [ 4140908.6, 2948007.0 ], [ 4140818.7, 2947947.4 ], [ 4140727.4, 2947911.0 ], [ 4140641.0, 2947844.9 ], [ 4140564.6, 2947825.6 ], [ 4140511.7, 2947841.3 ], [ 4140513.1, 2947887.8 ], [ 4140496.9, 2947918.7 ], [ 4140439.5, 2947935.4 ], [ 4140406.9, 2947934.8 ], [ 4140398.4, 2947895.5 ], [ 4140373.9, 2947884.9 ], [ 4140234.7, 2947959.2 ], [ 4140101.5, 2947989.4 ], [ 4140052.6, 2948008.9 ], [ 4140017.3, 2948035.6 ], [ 4140011.7, 2948048.3 ], [ 4140018.5, 2948125.2 ], [ 4140033.9, 2948150.3 ], [ 4140000.3, 2948180.8 ], [ 4139972.7, 2948228.2 ], [ 4139958.2, 2948230.6 ], [ 4139884.2, 2948283.0 ], [ 4139849.6, 2948283.9 ], [ 4139744.9, 2948380.7 ], [ 4139734.7, 2948430.2 ], [ 4139671.9, 2948492.5 ], [ 4139636.7, 2948557.4 ], [ 4139588.0, 2948723.8 ], [ 4139548.0, 2948780.6 ], [ 4139543.0, 2948828.0 ], [ 4139555.2, 2948870.5 ], [ 4139573.2, 2948883.7 ], [ 4139674.5, 2948915.8 ], [ 4139694.1, 2948941.2 ], [ 4139585.7, 2948924.6 ], [ 4139531.0, 2948905.4 ], [ 4139504.1, 2948909.0 ], [ 4139447.7, 2948941.0 ], [ 4139280.1, 2948930.5 ], [ 4139279.9, 2948903.3 ], [ 4139365.0, 2948877.6 ], [ 4139390.5, 2948886.0 ], [ 4139442.5, 2948884.7 ], [ 4139475.6, 2948860.8 ], [ 4139475.1, 2948834.5 ], [ 4139494.7, 2948807.8 ], [ 4139544.3, 2948659.8 ], [ 4139567.0, 2948662.9 ], [ 4139582.6, 2948645.2 ], [ 4139588.9, 2948551.6 ], [ 4139580.5, 2948536.4 ], [ 4139563.4, 2948530.8 ], [ 4139579.7, 2948470.6 ], [ 4139576.1, 2948453.2 ], [ 4139610.5, 2948417.6 ], [ 4139610.0, 2948396.4 ], [ 4139586.5, 2948378.8 ], [ 4139564.1, 2948346.1 ], [ 4139542.0, 2948332.7 ], [ 4139523.2, 2948341.0 ], [ 4139512.7, 2948364.8 ], [ 4139479.3, 2948375.4 ], [ 4139442.7, 2948373.7 ], [ 4139266.5, 2948218.7 ], [ 4139187.0, 2948172.8 ], [ 4139169.4, 2948185.8 ], [ 4139139.8, 2948259.0 ], [ 4139148.6, 2948274.6 ], [ 4139172.1, 2948283.2 ], [ 4139204.3, 2948314.3 ], [ 4139215.7, 2948338.8 ], [ 4139241.4, 2948353.4 ], [ 4139231.4, 2948371.5 ], [ 4139207.5, 2948374.8 ], [ 4139158.2, 2948294.6 ], [ 4139116.8, 2948257.6 ], [ 4138985.8, 2948168.1 ], [ 4138868.5, 2948115.3 ], [ 4138864.8, 2948070.9 ], [ 4138854.2, 2948056.5 ], [ 4138809.0, 2948042.9 ], [ 4138794.1, 2948052.2 ], [ 4138790.5, 2948070.4 ], [ 4138730.2, 2948064.0 ], [ 4138721.7, 2948049.5 ], [ 4138698.9, 2948043.7 ], [ 4138680.8, 2948058.6 ], [ 4138682.6, 2948088.8 ], [ 4138710.3, 2948147.5 ], [ 4138744.4, 2948173.9 ], [ 4138750.6, 2948189.2 ], [ 4138750.6, 2948262.1 ], [ 4138646.4, 2948205.6 ], [ 4138625.4, 2948205.9 ], [ 4138610.6, 2948220.3 ], [ 4138610.6, 2948240.5 ], [ 4138671.0, 2948299.2 ], [ 4138724.9, 2948332.1 ], [ 4138774.3, 2948339.1 ], [ 4138830.0, 2948273.2 ], [ 4138893.1, 2948255.4 ], [ 4138964.6, 2948278.0 ], [ 4139058.3, 2948334.7 ], [ 4139021.4, 2948352.4 ], [ 4138956.5, 2948352.2 ], [ 4138929.2, 2948397.8 ], [ 4138890.8, 2948386.5 ], [ 4138874.3, 2948394.5 ], [ 4138870.6, 2948416.0 ], [ 4138856.3, 2948428.5 ], [ 4138856.4, 2948446.0 ], [ 4138865.9, 2948456.5 ], [ 4138913.0, 2948472.9 ], [ 4138913.7, 2948503.2 ], [ 4138898.2, 2948535.5 ], [ 4138861.2, 2948578.2 ], [ 4138847.1, 2948579.2 ], [ 4138765.4, 2948519.0 ], [ 4138764.3, 2948507.8 ], [ 4138799.1, 2948479.3 ], [ 4138793.7, 2948455.4 ], [ 4138802.2, 2948442.4 ], [ 4138798.3, 2948424.5 ], [ 4138782.3, 2948415.7 ], [ 4138701.9, 2948411.6 ], [ 4138574.7, 2948342.8 ], [ 4138563.6, 2948334.0 ], [ 4138575.2, 2948311.6 ], [ 4138572.6, 2948296.8 ], [ 4138502.3, 2948215.8 ], [ 4138511.2, 2948176.7 ], [ 4138535.0, 2948158.7 ], [ 4138555.9, 2948125.2 ], [ 4138616.5, 2947970.9 ], [ 4138610.6, 2947955.3 ], [ 4138544.8, 2947903.1 ], [ 4138566.7, 2947867.7 ], [ 4138564.0, 2947850.0 ], [ 4138489.9, 2947784.2 ], [ 4138510.6, 2947769.7 ], [ 4138538.1, 2947792.7 ], [ 4138561.5, 2947789.0 ], [ 4138603.5, 2947725.8 ], [ 4138626.1, 2947650.0 ], [ 4138721.4, 2947727.6 ], [ 4138745.6, 2947721.4 ], [ 4138757.1, 2947689.8 ], [ 4138751.0, 2947664.9 ], [ 4138659.9, 2947605.9 ], [ 4138663.0, 2947591.5 ], [ 4138653.4, 2947576.1 ], [ 4138623.1, 2947564.9 ], [ 4138651.7, 2947314.8 ], [ 4138634.1, 2947303.8 ], [ 4138443.3, 2947290.7 ], [ 4138328.6, 2947291.7 ], [ 4138273.0, 2947303.0 ], [ 4138182.5, 2947248.6 ], [ 4138128.3, 2947226.3 ], [ 4138084.7, 2947235.6 ], [ 4138024.7, 2947222.6 ], [ 4137999.7, 2947214.9 ], [ 4138000.9, 2947195.6 ], [ 4137987.2, 2947182.4 ], [ 4137917.1, 2947177.0 ], [ 4137917.5, 2947139.4 ], [ 4137955.0, 2947104.7 ], [ 4137956.6, 2947068.5 ], [ 4137968.2, 2947061.6 ], [ 4137996.8, 2947013.0 ], [ 4137989.0, 2946989.2 ], [ 4137967.8, 2946981.0 ], [ 4137947.4, 2946998.7 ], [ 4137920.4, 2947004.3 ], [ 4137911.2, 2947033.1 ], [ 4137930.3, 2947052.9 ], [ 4137873.6, 2947077.8 ], [ 4137846.7, 2947134.0 ], [ 4137846.1, 2947149.7 ], [ 4137874.5, 2947246.0 ], [ 4137885.4, 2947255.6 ], [ 4137909.7, 2947258.0 ], [ 4137907.0, 2947295.7 ], [ 4137932.8, 2947327.4 ], [ 4137940.1, 2947379.3 ], [ 4137958.0, 2947389.0 ], [ 4137996.8, 2947383.7 ], [ 4138022.7, 2947429.8 ], [ 4138080.3, 2947485.3 ], [ 4138049.9, 2947522.2 ], [ 4138055.8, 2947548.1 ], [ 4138049.8, 2947558.7 ], [ 4137988.0, 2947521.8 ], [ 4137973.4, 2947521.8 ], [ 4137940.5, 2947540.0 ], [ 4137882.3, 2947513.4 ], [ 4137897.8, 2947465.9 ], [ 4137878.6, 2947424.0 ], [ 4137848.7, 2947401.9 ], [ 4137837.7, 2947358.5 ], [ 4137821.6, 2947350.8 ], [ 4137787.2, 2947360.8 ], [ 4137766.1, 2947321.9 ], [ 4137730.6, 2947308.7 ], [ 4137724.2, 2947286.6 ], [ 4137685.8, 2947270.7 ], [ 4137668.3, 2947281.2 ], [ 4137666.2, 2947306.5 ], [ 4137688.4, 2947318.8 ], [ 4137697.8, 2947357.2 ], [ 4137731.1, 2947365.1 ], [ 4137747.3, 2947407.8 ], [ 4137754.7, 2947460.0 ], [ 4137766.4, 2947467.5 ], [ 4137789.8, 2947467.1 ], [ 4137797.0, 2947482.2 ], [ 4137768.4, 2947491.1 ], [ 4137752.2, 2947525.4 ], [ 4137706.4, 2947515.9 ], [ 4137727.5, 2947424.6 ], [ 4137719.5, 2947412.7 ], [ 4137699.5, 2947405.4 ], [ 4137682.1, 2947410.5 ], [ 4137671.6, 2947430.9 ], [ 4137636.5, 2947418.7 ], [ 4137650.4, 2947380.3 ], [ 4137646.6, 2947366.5 ], [ 4137656.2, 2947328.1 ], [ 4137649.9, 2947311.5 ], [ 4137586.4, 2947299.1 ], [ 4137579.6, 2947276.4 ], [ 4137564.7, 2947267.6 ], [ 4137548.3, 2947269.3 ], [ 4137540.9, 2947241.9 ], [ 4137526.9, 2947230.1 ], [ 4137445.0, 2947244.1 ], [ 4137433.0, 2947269.4 ], [ 4137433.7, 2947325.7 ], [ 4137461.8, 2947359.0 ], [ 4137459.3, 2947429.2 ], [ 4137506.5, 2947472.7 ], [ 4137523.5, 2947538.5 ], [ 4137510.7, 2947606.5 ], [ 4137557.2, 2947663.1 ], [ 4137501.8, 2947663.5 ], [ 4137476.9, 2947655.0 ], [ 4137456.1, 2947683.5 ], [ 4137400.4, 2947702.3 ], [ 4137318.3, 2947753.1 ], [ 4137227.7, 2947792.4 ], [ 4137218.0, 2947811.1 ], [ 4137225.6, 2947858.5 ], [ 4137119.5, 2947846.5 ], [ 4137098.6, 2947827.6 ], [ 4137082.2, 2947824.9 ], [ 4136870.9, 2947918.2 ], [ 4136742.9, 2948011.7 ], [ 4136696.1, 2948059.1 ], [ 4136682.1, 2948120.9 ], [ 4136628.3, 2948169.1 ], [ 4136604.7, 2948163.4 ], [ 4136511.2, 2948204.3 ], [ 4136460.8, 2948199.2 ], [ 4136450.3, 2948208.0 ], [ 4136446.2, 2948225.8 ], [ 4136360.7, 2948210.5 ], [ 4136267.8, 2948251.7 ], [ 4136237.1, 2948287.4 ], [ 4136269.8, 2948341.6 ], [ 4136263.3, 2948379.6 ], [ 4136242.4, 2948390.3 ], [ 4136228.9, 2948375.7 ], [ 4136211.1, 2948375.5 ], [ 4136176.9, 2948413.5 ], [ 4136124.9, 2948445.3 ], [ 4136016.0, 2948486.0 ], [ 4135942.3, 2948537.2 ], [ 4135918.1, 2948535.0 ], [ 4135852.2, 2948586.2 ], [ 4135827.6, 2948620.8 ], [ 4135824.6, 2948671.0 ], [ 4135811.3, 2948687.4 ], [ 4135796.5, 2948868.4 ], [ 4135802.2, 2948996.5 ], [ 4135776.7, 2948989.6 ], [ 4135763.2, 2948887.3 ], [ 4135768.3, 2948824.1 ], [ 4135780.3, 2948805.3 ], [ 4135780.9, 2948765.0 ], [ 4135798.7, 2948731.3 ], [ 4135798.5, 2948597.6 ], [ 4135820.0, 2948553.7 ], [ 4135930.8, 2948477.9 ], [ 4135969.9, 2948427.0 ], [ 4136001.1, 2948405.6 ], [ 4136027.7, 2948392.2 ], [ 4136064.2, 2948393.0 ], [ 4136122.3, 2948358.3 ], [ 4136153.5, 2948325.9 ], [ 4136174.1, 2948284.0 ], [ 4136221.4, 2948250.8 ], [ 4136237.2, 2948214.6 ], [ 4136271.2, 2948180.3 ], [ 4136352.2, 2948156.1 ], [ 4136495.9, 2948145.6 ], [ 4136534.2, 2948150.1 ], [ 4136598.3, 2948111.8 ], [ 4136616.9, 2948064.0 ], [ 4136612.0, 2948050.0 ], [ 4136599.3, 2948042.3 ], [ 4136502.2, 2948047.5 ], [ 4136449.6, 2948035.4 ], [ 4136356.1, 2947980.2 ], [ 4136254.7, 2947907.3 ], [ 4136227.8, 2947856.5 ], [ 4136224.3, 2947736.4 ], [ 4136210.3, 2947704.5 ], [ 4136190.0, 2947679.9 ], [ 4136086.9, 2947598.7 ], [ 4136052.7, 2947552.8 ], [ 4136032.3, 2947427.3 ], [ 4135971.7, 2947318.6 ], [ 4135948.5, 2947175.0 ], [ 4135917.6, 2947131.5 ], [ 4135875.7, 2947112.1 ], [ 4135827.8, 2947115.4 ], [ 4135653.6, 2947237.1 ], [ 4135566.0, 2947275.4 ], [ 4135273.3, 2947329.3 ], [ 4135065.7, 2947315.1 ], [ 4134958.8, 2947332.2 ], [ 4134827.9, 2947403.3 ], [ 4134776.5, 2947421.2 ], [ 4134733.1, 2947469.8 ], [ 4134732.4, 2947505.5 ], [ 4134721.5, 2947503.4 ], [ 4134718.6, 2947439.3 ], [ 4134744.2, 2947379.0 ], [ 4134774.3, 2947357.2 ], [ 4134771.8, 2947333.1 ], [ 4134704.1, 2947295.9 ], [ 4134687.4, 2947273.6 ], [ 4134678.6, 2947244.4 ], [ 4134609.8, 2947190.9 ], [ 4134580.7, 2947149.5 ], [ 4134592.1, 2947134.4 ], [ 4134589.6, 2947117.6 ], [ 4134521.9, 2947053.2 ], [ 4134482.4, 2947000.9 ], [ 4134442.2, 2946992.8 ], [ 4134412.8, 2946934.5 ], [ 4134370.7, 2946874.6 ], [ 4134352.0, 2946818.8 ], [ 4134262.1, 2946744.4 ], [ 4134059.1, 2946599.8 ], [ 4134001.3, 2946570.9 ], [ 4133940.5, 2946555.1 ], [ 4133788.4, 2946549.7 ], [ 4133722.0, 2946560.9 ], [ 4133571.3, 2946631.4 ], [ 4133512.3, 2946636.7 ], [ 4133453.3, 2946630.9 ], [ 4133404.4, 2946615.7 ], [ 4133349.4, 2946585.1 ], [ 4133318.5, 2946559.0 ], [ 4133204.0, 2946424.0 ], [ 4133114.1, 2946364.0 ], [ 4133010.7, 2946324.8 ], [ 4132989.0, 2946335.2 ], [ 4132960.1, 2946322.8 ], [ 4132897.2, 2946325.8 ], [ 4132872.3, 2946334.6 ], [ 4132824.7, 2946326.3 ], [ 4132768.3, 2946365.0 ], [ 4132700.7, 2946390.2 ], [ 4132661.2, 2946431.1 ], [ 4132648.5, 2946470.3 ], [ 4132658.7, 2946569.1 ], [ 4132654.0, 2946583.6 ], [ 4132630.8, 2946577.0 ], [ 4132613.4, 2946589.1 ], [ 4132606.6, 2946659.6 ], [ 4132581.0, 2946724.9 ], [ 4132532.5, 2946780.8 ], [ 4132367.0, 2946886.2 ], [ 4132328.2, 2946926.3 ], [ 4132302.3, 2946970.8 ], [ 4132290.7, 2947013.2 ], [ 4132282.9, 2947151.7 ], [ 4132263.5, 2947206.5 ], [ 4132218.1, 2947261.1 ], [ 4132077.7, 2947330.0 ], [ 4132023.4, 2947381.4 ], [ 4132006.3, 2947420.9 ], [ 4131985.0, 2947547.8 ], [ 4131957.3, 2947601.8 ], [ 4131934.0, 2947625.5 ], [ 4131830.0, 2947696.5 ], [ 4131656.5, 2947843.8 ], [ 4131533.2, 2947908.2 ], [ 4131501.3, 2947933.4 ], [ 4131471.8, 2947971.5 ], [ 4131432.0, 2948075.0 ], [ 4131400.1, 2948126.0 ], [ 4131347.4, 2948168.7 ], [ 4131234.9, 2948234.9 ], [ 4131200.7, 2948263.0 ], [ 4131174.5, 2948305.8 ], [ 4131137.1, 2948409.0 ], [ 4131090.4, 2948458.6 ], [ 4131045.1, 2948478.4 ], [ 4130818.9, 2948537.0 ], [ 4130711.5, 2948591.4 ], [ 4130620.6, 2948646.8 ], [ 4130481.4, 2948749.2 ], [ 4130198.7, 2948885.8 ], [ 4130189.9, 2948900.4 ], [ 4130194.7, 2948923.7 ], [ 4130080.1, 2949000.6 ], [ 4130072.0, 2949016.2 ], [ 4130029.4, 2949038.6 ], [ 4130000.2, 2949008.3 ], [ 4129701.9, 2949009.4 ], [ 4129611.5, 2948951.9 ], [ 4129513.8, 2948949.9 ], [ 4129503.7, 2948926.8 ], [ 4129509.7, 2948902.5 ], [ 4129564.3, 2948880.9 ], [ 4129575.2, 2948863.7 ], [ 4129555.1, 2948816.1 ], [ 4129572.5, 2948808.1 ], [ 4129577.8, 2948790.8 ], [ 4129552.4, 2948709.6 ], [ 4129501.9, 2948643.8 ], [ 4129321.9, 2948557.0 ], [ 4129304.1, 2948556.5 ], [ 4129268.4, 2948595.2 ], [ 4129259.4, 2948636.9 ], [ 4129173.6, 2948624.3 ], [ 4129159.5, 2948629.1 ], [ 4129141.7, 2948665.6 ], [ 4129151.3, 2948680.6 ], [ 4129179.0, 2948693.3 ], [ 4129168.1, 2948723.0 ], [ 4129100.8, 2948726.2 ], [ 4129065.0, 2948769.7 ], [ 4129063.2, 2948787.5 ], [ 4129071.9, 2948798.9 ], [ 4129149.7, 2948834.8 ], [ 4129091.0, 2948930.4 ], [ 4129054.5, 2948950.8 ], [ 4129046.7, 2948947.1 ], [ 4129056.0, 2948882.3 ], [ 4129012.6, 2948817.8 ], [ 4128964.1, 2948831.6 ], [ 4128937.9, 2948865.8 ], [ 4128938.9, 2948887.4 ], [ 4128981.8, 2948939.3 ], [ 4128973.5, 2948962.8 ], [ 4128993.9, 2949002.4 ], [ 4129002.0, 2949039.2 ], [ 4128995.8, 2949088.2 ], [ 4128969.5, 2949130.0 ], [ 4128974.3, 2949149.5 ], [ 4128890.3, 2949169.1 ], [ 4128740.3, 2949159.9 ], [ 4128604.7, 2949163.0 ], [ 4128590.3, 2949170.2 ], [ 4128572.6, 2949196.7 ], [ 4128575.6, 2949214.4 ], [ 4128590.7, 2949224.0 ], [ 4128661.3, 2949211.1 ], [ 4128752.0, 2949214.8 ], [ 4128669.6, 2949227.7 ], [ 4128634.7, 2949256.4 ], [ 4128634.0, 2949280.0 ], [ 4128675.8, 2949326.1 ], [ 4128704.0, 2949333.9 ], [ 4128715.6, 2949354.9 ], [ 4128791.7, 2949411.7 ], [ 4128868.3, 2949447.2 ], [ 4128884.6, 2949442.9 ], [ 4128900.1, 2949422.4 ], [ 4128945.0, 2949460.3 ], [ 4128965.0, 2949465.2 ], [ 4128959.2, 2949537.0 ], [ 4128964.3, 2949644.1 ], [ 4128921.4, 2949640.9 ], [ 4128866.0, 2949661.1 ], [ 4128850.1, 2949728.8 ], [ 4128863.7, 2949740.6 ], [ 4128899.0, 2949742.2 ], [ 4128908.4, 2949755.0 ], [ 4128894.7, 2949780.3 ], [ 4128866.8, 2949795.3 ], [ 4128862.8, 2949768.7 ], [ 4128848.4, 2949757.9 ], [ 4128830.7, 2949761.4 ], [ 4128817.4, 2949783.8 ], [ 4128827.8, 2949808.9 ], [ 4128858.5, 2949809.5 ], [ 4128860.6, 2949835.7 ], [ 4128882.7, 2949857.0 ], [ 4128879.5, 2949864.4 ], [ 4128804.5, 2949824.3 ], [ 4128782.8, 2949786.5 ], [ 4128636.7, 2949740.9 ], [ 4128574.0, 2949728.5 ], [ 4128544.1, 2949755.8 ], [ 4128508.6, 2949774.0 ], [ 4128489.2, 2949760.1 ], [ 4128461.3, 2949696.3 ], [ 4128442.7, 2949686.6 ], [ 4128390.9, 2949724.3 ], [ 4128380.9, 2949711.4 ], [ 4128366.4, 2949708.1 ], [ 4128274.3, 2949747.1 ], [ 4128261.6, 2949739.6 ], [ 4128243.8, 2949743.9 ], [ 4128235.9, 2949756.5 ], [ 4128232.5, 2949827.2 ], [ 4128140.7, 2949822.7 ], [ 4128133.5, 2949791.2 ], [ 4128113.6, 2949783.9 ], [ 4128097.2, 2949790.9 ], [ 4128091.3, 2949807.8 ], [ 4128100.8, 2949834.7 ], [ 4128192.1, 2949945.6 ], [ 4128078.7, 2949920.3 ], [ 4128049.0, 2949940.6 ], [ 4128045.0, 2949967.0 ], [ 4128029.9, 2949980.4 ], [ 4127945.4, 2949993.6 ], [ 4127921.4, 2949982.9 ], [ 4127864.6, 2949878.5 ], [ 4127767.4, 2949853.5 ], [ 4127676.7, 2949855.3 ], [ 4127626.2, 2949900.2 ], [ 4127613.1, 2949938.1 ], [ 4127631.1, 2949958.5 ], [ 4127566.9, 2950048.1 ], [ 4127541.0, 2950094.7 ], [ 4127540.6, 2950109.1 ], [ 4127552.4, 2950122.5 ], [ 4127566.7, 2950123.9 ], [ 4127610.4, 2950090.4 ], [ 4127626.0, 2950090.8 ], [ 4127645.0, 2950124.9 ], [ 4127666.8, 2950131.7 ], [ 4127684.2, 2950117.6 ], [ 4127677.4, 2950085.5 ], [ 4127700.2, 2950067.6 ], [ 4127711.9, 2950046.8 ], [ 4127711.6, 2950031.0 ], [ 4127740.2, 2950028.3 ], [ 4127753.5, 2950043.3 ], [ 4127782.7, 2950042.3 ], [ 4127775.1, 2950059.0 ], [ 4127778.8, 2950078.2 ], [ 4127803.7, 2950105.1 ], [ 4127904.0, 2950145.0 ], [ 4127845.3, 2950188.8 ], [ 4127851.8, 2950227.5 ], [ 4127842.9, 2950353.7 ], [ 4127817.9, 2950342.9 ], [ 4127764.2, 2950300.2 ], [ 4127769.8, 2950278.7 ], [ 4127764.6, 2950263.1 ], [ 4127742.3, 2950243.8 ], [ 4127718.7, 2950243.3 ], [ 4127649.1, 2950157.5 ], [ 4127599.4, 2950159.1 ], [ 4127565.3, 2950198.1 ], [ 4127538.9, 2950163.0 ], [ 4127536.8, 2950140.8 ], [ 4127521.6, 2950131.7 ], [ 4127504.6, 2950136.8 ], [ 4127431.7, 2950220.9 ], [ 4127406.8, 2950213.4 ], [ 4127378.9, 2950182.3 ], [ 4127358.2, 2950181.1 ], [ 4127298.0, 2950255.9 ], [ 4127272.2, 2950271.2 ], [ 4127274.4, 2950296.1 ], [ 4127321.9, 2950324.6 ], [ 4127339.2, 2950322.0 ], [ 4127349.2, 2950307.6 ], [ 4127397.7, 2950292.6 ], [ 4127416.7, 2950316.0 ], [ 4127456.9, 2950304.4 ], [ 4127483.5, 2950361.7 ], [ 4127494.1, 2950370.1 ], [ 4127524.1, 2950365.9 ], [ 4127545.1, 2950345.4 ], [ 4127561.0, 2950356.9 ], [ 4127562.8, 2950375.2 ], [ 4127593.5, 2950405.7 ], [ 4127601.3, 2950432.8 ], [ 4127614.2, 2950444.4 ], [ 4127637.2, 2950438.7 ], [ 4127671.0, 2950389.2 ], [ 4127709.5, 2950404.3 ], [ 4127690.1, 2950435.1 ], [ 4127689.9, 2950452.1 ], [ 4127738.5, 2950487.3 ], [ 4127729.2, 2950561.8 ], [ 4127697.5, 2950674.9 ], [ 4127705.0, 2950693.2 ], [ 4127708.1, 2950786.2 ], [ 4127691.2, 2950795.7 ], [ 4127680.7, 2950824.4 ], [ 4127693.2, 2950840.7 ], [ 4127783.0, 2950867.5 ], [ 4127801.2, 2950865.8 ], [ 4127811.8, 2950850.9 ], [ 4127798.3, 2950812.3 ], [ 4127827.2, 2950828.8 ], [ 4127855.9, 2950827.1 ], [ 4127876.8, 2950850.4 ], [ 4127929.2, 2950844.5 ], [ 4127959.1, 2950855.1 ], [ 4128054.8, 2950830.9 ], [ 4128076.0, 2950804.4 ], [ 4128069.2, 2950736.6 ], [ 4128018.3, 2950697.3 ], [ 4128001.1, 2950697.9 ], [ 4127979.9, 2950714.5 ], [ 4127932.1, 2950701.8 ], [ 4127911.4, 2950725.9 ], [ 4127895.3, 2950703.5 ], [ 4127875.8, 2950693.9 ], [ 4127814.9, 2950695.3 ], [ 4127789.6, 2950686.4 ], [ 4127776.9, 2950658.0 ], [ 4127781.2, 2950637.9 ], [ 4127770.4, 2950624.3 ], [ 4127804.2, 2950550.5 ], [ 4127836.9, 2950584.0 ], [ 4127861.5, 2950587.2 ], [ 4127876.4, 2950571.1 ], [ 4127872.5, 2950553.0 ], [ 4127909.8, 2950514.0 ], [ 4127946.1, 2950538.3 ], [ 4127960.3, 2950539.8 ], [ 4127972.4, 2950532.2 ], [ 4127996.7, 2950490.0 ], [ 4128008.6, 2950511.0 ], [ 4128035.3, 2950513.2 ], [ 4128056.5, 2950572.1 ], [ 4128079.1, 2950588.5 ], [ 4128127.8, 2950585.1 ], [ 4128184.0, 2950569.1 ], [ 4128203.1, 2950548.8 ], [ 4128231.3, 2950542.8 ], [ 4128232.2, 2950624.1 ], [ 4128269.0, 2950656.3 ], [ 4128272.1, 2950678.7 ], [ 4128287.5, 2950691.6 ], [ 4128307.9, 2950748.0 ], [ 4128331.5, 2950759.2 ], [ 4128315.0, 2950778.4 ], [ 4128296.9, 2950770.7 ], [ 4128210.2, 2950776.5 ], [ 4128166.6, 2950787.8 ], [ 4128155.7, 2950800.9 ], [ 4128156.7, 2950820.3 ], [ 4128091.6, 2950838.2 ], [ 4128077.7, 2950853.9 ], [ 4128076.3, 2950868.0 ], [ 4128090.1, 2950883.6 ], [ 4128126.2, 2950885.7 ], [ 4128152.4, 2950910.4 ], [ 4128241.8, 2950917.3 ], [ 4128314.6, 2950935.0 ], [ 4128308.0, 2950964.1 ], [ 4128286.3, 2950959.7 ], [ 4128262.5, 2950981.7 ], [ 4128253.8, 2951061.3 ], [ 4128263.3, 2951072.3 ], [ 4128296.4, 2951084.6 ], [ 4128383.7, 2951084.6 ], [ 4128410.1, 2951068.5 ], [ 4128406.9, 2951032.9 ], [ 4128425.3, 2951013.7 ], [ 4128416.2, 2950984.9 ], [ 4128396.4, 2950973.1 ], [ 4128451.4, 2950916.5 ], [ 4128454.4, 2950892.4 ], [ 4128473.2, 2950869.5 ], [ 4128481.5, 2950871.4 ], [ 4128491.7, 2950908.6 ], [ 4128487.5, 2950937.2 ], [ 4128494.8, 2950954.2 ], [ 4128528.3, 2950979.8 ], [ 4128555.1, 2950960.2 ], [ 4128563.6, 2950933.0 ], [ 4128550.8, 2950910.1 ], [ 4128591.2, 2950890.1 ], [ 4128597.8, 2950873.7 ], [ 4128592.4, 2950859.5 ], [ 4128632.1, 2950823.0 ], [ 4128629.8, 2950805.6 ], [ 4128619.0, 2950796.4 ], [ 4128633.9, 2950771.4 ], [ 4128623.9, 2950738.1 ], [ 4128630.4, 2950719.5 ], [ 4128643.6, 2950710.1 ], [ 4128681.4, 2950715.9 ], [ 4128725.6, 2950688.5 ], [ 4128733.4, 2950607.6 ], [ 4128759.7, 2950607.3 ], [ 4128790.4, 2950579.4 ], [ 4128811.5, 2950501.0 ], [ 4128841.6, 2950447.4 ], [ 4128973.6, 2950401.6 ], [ 4128982.8, 2950414.8 ], [ 4129077.0, 2950470.9 ], [ 4129145.3, 2950553.5 ], [ 4129191.0, 2950557.5 ], [ 4129216.5, 2950539.4 ], [ 4129227.6, 2950514.5 ], [ 4129223.9, 2950496.5 ], [ 4129190.1, 2950475.7 ], [ 4129190.3, 2950450.9 ], [ 4129165.5, 2950436.3 ], [ 4129162.3, 2950382.8 ], [ 4129154.4, 2950370.4 ], [ 4128995.4, 2950372.8 ], [ 4128998.8, 2950331.7 ], [ 4128971.2, 2950272.9 ], [ 4128976.3, 2950237.3 ], [ 4128997.0, 2950212.5 ], [ 4129157.7, 2950134.8 ], [ 4129225.8, 2950113.5 ], [ 4129278.5, 2950119.8 ], [ 4129336.8, 2950092.0 ], [ 4129467.8, 2949966.8 ], [ 4129505.2, 2949944.9 ], [ 4129523.8, 2949910.1 ], [ 4129545.8, 2949781.5 ], [ 4129593.8, 2949630.6 ], [ 4129593.8, 2949587.1 ], [ 4129609.3, 2949599.6 ], [ 4129629.6, 2949593.5 ], [ 4129639.2, 2949570.0 ], [ 4129621.4, 2949548.1 ], [ 4129623.2, 2949529.1 ], [ 4129647.6, 2949534.2 ], [ 4129661.7, 2949519.2 ], [ 4129654.3, 2949374.8 ], [ 4129697.5, 2949401.3 ], [ 4129722.5, 2949389.2 ], [ 4129733.3, 2949392.6 ], [ 4129723.8, 2949467.2 ], [ 4129745.5, 2949477.9 ], [ 4129767.9, 2949462.1 ], [ 4129789.2, 2949462.5 ], [ 4129790.6, 2949493.9 ], [ 4129814.2, 2949537.3 ], [ 4129830.3, 2949557.3 ], [ 4129848.2, 2949560.4 ], [ 4129870.0, 2949548.0 ], [ 4129874.4, 2949531.4 ], [ 4129835.5, 2949454.7 ], [ 4129830.5, 2949384.7 ], [ 4129865.9, 2949351.7 ], [ 4129878.2, 2949368.6 ], [ 4129899.3, 2949368.7 ], [ 4129913.2, 2949351.5 ], [ 4129914.3, 2949337.0 ], [ 4129894.3, 2949318.6 ], [ 4129792.0, 2949277.1 ], [ 4129850.1, 2949269.4 ], [ 4129879.1, 2949234.7 ], [ 4129922.1, 2949202.1 ], [ 4129933.3, 2949227.0 ], [ 4129959.0, 2949240.9 ], [ 4129964.0, 2949260.7 ], [ 4129983.7, 2949281.3 ], [ 4130022.8, 2949292.0 ], [ 4130015.2, 2949322.5 ], [ 4130023.0, 2949351.7 ], [ 4130068.4, 2949367.4 ], [ 4130099.7, 2949358.5 ], [ 4130107.2, 2949378.5 ], [ 4130126.2, 2949393.9 ], [ 4130100.4, 2949422.3 ], [ 4130097.7, 2949439.8 ], [ 4130108.7, 2949453.5 ], [ 4130122.8, 2949455.7 ], [ 4130177.3, 2949420.2 ], [ 4130177.9, 2949406.4 ], [ 4130158.0, 2949379.6 ], [ 4130146.3, 2949336.0 ], [ 4130199.0, 2949301.2 ], [ 4130202.0, 2949286.9 ], [ 4130191.3, 2949255.9 ], [ 4130213.8, 2949234.5 ], [ 4130232.4, 2949243.6 ], [ 4130258.8, 2949285.2 ], [ 4130283.5, 2949289.3 ], [ 4130344.0, 2949220.9 ], [ 4130344.9, 2949202.9 ], [ 4130335.4, 2949191.9 ], [ 4130301.7, 2949183.6 ], [ 4130285.4, 2949195.1 ], [ 4130250.2, 2949178.5 ], [ 4130211.6, 2949145.4 ], [ 4130203.9, 2949128.6 ], [ 4130214.7, 2949105.1 ], [ 4130331.1, 2949032.9 ], [ 4130414.4, 2949009.1 ], [ 4130464.4, 2949006.4 ], [ 4130532.4, 2949034.1 ], [ 4130536.3, 2949069.7 ], [ 4130548.0, 2949082.8 ], [ 4130623.5, 2949088.6 ], [ 4130636.9, 2949081.0 ], [ 4130642.0, 2949064.1 ], [ 4130598.8, 2949019.3 ], [ 4130610.0, 2949008.0 ], [ 4130658.1, 2948983.0 ], [ 4130667.4, 2948971.0 ], [ 4130741.4, 2948948.8 ], [ 4130803.9, 2948939.9 ], [ 4130834.4, 2948942.7 ], [ 4130867.7, 2948957.6 ], [ 4130890.5, 2948941.2 ], [ 4130995.0, 2949000.7 ], [ 4131077.8, 2949010.1 ], [ 4131060.7, 2949108.8 ], [ 4131070.1, 2949124.6 ], [ 4131091.5, 2949131.5 ], [ 4131081.2, 2949156.0 ], [ 4131059.0, 2949165.8 ], [ 4131047.2, 2949189.9 ], [ 4131006.2, 2949212.4 ], [ 4130977.4, 2949216.5 ], [ 4130895.6, 2949178.7 ], [ 4130870.2, 2949196.6 ], [ 4130842.4, 2949189.4 ], [ 4130779.0, 2949191.6 ], [ 4130766.2, 2949199.2 ], [ 4130761.1, 2949213.2 ], [ 4130772.0, 2949242.2 ], [ 4130813.2, 2949254.7 ], [ 4130827.2, 2949267.4 ], [ 4130805.0, 2949303.1 ], [ 4130822.1, 2949327.8 ], [ 4130901.3, 2949354.6 ], [ 4130948.0, 2949356.5 ], [ 4130975.9, 2949341.8 ], [ 4131001.5, 2949350.7 ], [ 4131000.5, 2949388.9 ], [ 4130946.4, 2949386.2 ], [ 4130928.4, 2949409.5 ], [ 4130863.6, 2949428.5 ], [ 4130842.0, 2949476.5 ], [ 4130789.1, 2949472.3 ], [ 4130771.6, 2949483.3 ], [ 4130768.6, 2949517.1 ], [ 4130811.4, 2949631.3 ], [ 4130863.2, 2949651.3 ], [ 4130901.6, 2949643.6 ], [ 4130970.6, 2949644.4 ], [ 4131026.3, 2949631.0 ], [ 4131059.6, 2949642.8 ], [ 4130921.6, 2949690.6 ], [ 4130900.5, 2949707.3 ], [ 4130921.0, 2949874.0 ], [ 4130919.1, 2949909.6 ], [ 4130871.0, 2949983.8 ], [ 4130863.2, 2950033.5 ], [ 4130881.3, 2950123.6 ], [ 4130872.6, 2950218.9 ], [ 4130846.6, 2950318.2 ], [ 4130855.4, 2950383.1 ], [ 4130883.9, 2950485.2 ], [ 4130953.9, 2950586.6 ], [ 4130960.8, 2950601.0 ], [ 4130956.1, 2950615.0 ], [ 4130936.6, 2950625.2 ], [ 4130901.0, 2950590.5 ], [ 4130872.3, 2950531.4 ], [ 4130841.0, 2950497.0 ], [ 4130804.8, 2950429.0 ], [ 4130795.4, 2950293.8 ], [ 4130830.7, 2950245.8 ], [ 4130850.7, 2950200.4 ], [ 4130821.7, 2950071.3 ], [ 4130842.3, 2949994.0 ], [ 4130801.0, 2949963.8 ], [ 4130736.0, 2949960.5 ], [ 4130734.7, 2949952.6 ], [ 4130762.2, 2949941.3 ], [ 4130802.4, 2949945.8 ], [ 4130847.6, 2949974.8 ], [ 4130875.0, 2949961.4 ], [ 4130884.4, 2949935.7 ], [ 4130869.8, 2949851.2 ], [ 4130868.8, 2949791.6 ], [ 4130857.8, 2949769.1 ], [ 4130823.1, 2949763.9 ], [ 4130813.3, 2949754.9 ], [ 4130801.3, 2949707.1 ], [ 4130809.2, 2949660.0 ], [ 4130799.1, 2949625.7 ], [ 4130776.1, 2949609.3 ], [ 4130714.0, 2949605.5 ], [ 4130714.7, 2949578.0 ], [ 4130682.0, 2949568.3 ], [ 4130632.3, 2949594.5 ], [ 4130622.6, 2949607.9 ], [ 4130626.8, 2949637.2 ], [ 4130662.4, 2949658.2 ], [ 4130667.4, 2949669.8 ], [ 4130663.2, 2949685.5 ], [ 4130674.0, 2949734.9 ], [ 4130627.9, 2949767.4 ], [ 4130624.9, 2949800.2 ], [ 4130639.6, 2949816.3 ], [ 4130661.0, 2949811.9 ], [ 4130682.6, 2949820.9 ], [ 4130686.1, 2949845.6 ], [ 4130707.5, 2949861.5 ], [ 4130750.0, 2949856.8 ], [ 4130769.1, 2949866.6 ], [ 4130773.6, 2949882.1 ], [ 4130766.3, 2949895.0 ], [ 4130730.9, 2949882.8 ], [ 4130711.0, 2949889.8 ], [ 4130647.6, 2949977.6 ], [ 4130635.2, 2950012.2 ], [ 4130578.3, 2950060.4 ], [ 4130567.7, 2950083.3 ], [ 4130567.2, 2950118.0 ], [ 4130546.6, 2950130.3 ], [ 4130502.3, 2950114.9 ], [ 4130466.4, 2950054.3 ], [ 4130432.0, 2950051.0 ], [ 4130389.8, 2950028.3 ], [ 4130378.5, 2949989.0 ], [ 4130318.6, 2949943.9 ], [ 4130304.9, 2949939.5 ], [ 4130286.8, 2949947.3 ], [ 4130279.3, 2949968.5 ], [ 4130250.2, 2949992.2 ], [ 4130241.3, 2950045.5 ], [ 4130218.9, 2950076.8 ], [ 4130200.8, 2950156.8 ], [ 4130179.0, 2950182.0 ], [ 4130184.0, 2950212.2 ], [ 4130163.0, 2950230.0 ], [ 4130159.6, 2950262.0 ], [ 4130091.8, 2950295.8 ], [ 4130057.7, 2950280.4 ], [ 4130040.9, 2950284.9 ], [ 4129984.5, 2950338.4 ], [ 4129969.3, 2950383.9 ], [ 4129972.6, 2950405.6 ], [ 4129897.1, 2950439.5 ], [ 4129846.2, 2950548.3 ], [ 4129800.9, 2950695.7 ], [ 4129823.0, 2950750.0 ], [ 4129851.7, 2950777.4 ], [ 4129865.2, 2950783.1 ], [ 4129906.8, 2950778.6 ], [ 4129956.1, 2950733.8 ], [ 4129955.9, 2950716.0 ], [ 4129933.3, 2950680.0 ], [ 4129939.8, 2950673.7 ], [ 4129952.7, 2950678.4 ], [ 4129971.0, 2950672.6 ], [ 4130013.0, 2950714.6 ], [ 4130032.5, 2950718.7 ], [ 4130173.8, 2950624.5 ], [ 4130180.1, 2950604.2 ], [ 4130169.7, 2950589.6 ], [ 4130049.6, 2950544.0 ], [ 4130000.3, 2950553.6 ], [ 4129988.2, 2950542.5 ], [ 4129994.7, 2950519.6 ], [ 4130022.8, 2950521.2 ], [ 4130053.8, 2950494.1 ], [ 4130065.6, 2950514.8 ], [ 4130086.6, 2950517.6 ], [ 4130129.7, 2950476.0 ], [ 4130174.0, 2950453.1 ], [ 4130189.1, 2950453.5 ], [ 4130212.8, 2950471.3 ], [ 4130237.7, 2950464.6 ], [ 4130251.5, 2950448.2 ], [ 4130270.9, 2950472.5 ], [ 4130299.5, 2950464.3 ], [ 4130307.8, 2950434.4 ], [ 4130274.8, 2950387.5 ], [ 4130233.6, 2950392.4 ], [ 4130220.6, 2950374.9 ], [ 4130204.2, 2950370.3 ], [ 4130138.3, 2950404.8 ], [ 4130138.9, 2950386.3 ], [ 4130127.5, 2950371.9 ], [ 4130112.8, 2950370.0 ], [ 4130092.8, 2950381.6 ], [ 4130081.1, 2950370.0 ], [ 4130086.0, 2950351.7 ], [ 4130197.9, 2950299.3 ], [ 4130321.6, 2950153.2 ], [ 4130334.1, 2950166.3 ], [ 4130212.0, 2950313.7 ], [ 4130210.2, 2950331.6 ], [ 4130226.7, 2950351.1 ], [ 4130275.3, 2950346.2 ], [ 4130308.8, 2950334.1 ], [ 4130340.0, 2950286.6 ], [ 4130409.7, 2950239.3 ], [ 4130475.4, 2950217.2 ], [ 4130537.3, 2950222.9 ], [ 4130590.5, 2950253.0 ], [ 4130622.0, 2950236.5 ], [ 4130666.2, 2950196.5 ], [ 4130714.2, 2950199.4 ], [ 4130744.8, 2950212.8 ], [ 4130782.7, 2950210.9 ], [ 4130731.3, 2950280.2 ], [ 4130719.3, 2950310.7 ], [ 4130724.5, 2950351.2 ], [ 4130706.4, 2950359.1 ], [ 4130698.0, 2950374.8 ], [ 4130720.2, 2950445.1 ], [ 4130725.7, 2950508.3 ], [ 4130751.2, 2950530.7 ], [ 4130788.9, 2950529.8 ], [ 4130797.0, 2950545.8 ], [ 4130787.0, 2950596.3 ], [ 4130774.2, 2950604.8 ], [ 4130742.8, 2950607.4 ], [ 4130730.5, 2950644.7 ], [ 4130751.5, 2950674.3 ], [ 4130767.3, 2950681.2 ], [ 4130766.5, 2950697.8 ], [ 4130788.2, 2950750.7 ], [ 4130809.1, 2950764.3 ], [ 4130844.8, 2950735.2 ], [ 4130847.3, 2950702.2 ], [ 4130832.9, 2950679.0 ], [ 4130787.4, 2950668.5 ], [ 4130789.2, 2950655.2 ], [ 4130809.1, 2950648.6 ], [ 4130817.4, 2950631.5 ], [ 4130852.2, 2950636.6 ], [ 4130865.4, 2950646.8 ], [ 4130855.7, 2950681.8 ], [ 4130876.1, 2950704.7 ], [ 4130888.0, 2950779.9 ], [ 4130885.1, 2950796.8 ], [ 4130859.2, 2950816.8 ], [ 4130870.7, 2950851.0 ], [ 4130849.1, 2950869.2 ], [ 4130825.0, 2950865.5 ], [ 4130812.1, 2950886.2 ], [ 4130783.2, 2950898.2 ], [ 4130763.7, 2950840.5 ], [ 4130752.1, 2950832.4 ], [ 4130734.9, 2950834.5 ], [ 4130722.9, 2950849.4 ], [ 4130709.2, 2950911.0 ], [ 4130629.2, 2950964.4 ], [ 4130583.0, 2950981.9 ], [ 4130572.4, 2950997.1 ], [ 4130557.5, 2950982.1 ], [ 4130511.5, 2950980.0 ], [ 4130462.3, 2951014.7 ], [ 4130404.2, 2951078.0 ], [ 4130353.6, 2951102.9 ], [ 4130268.7, 2951122.4 ], [ 4130170.6, 2951133.1 ], [ 4130085.2, 2951040.5 ], [ 4130067.7, 2951038.9 ], [ 4130040.6, 2951058.1 ], [ 4129998.8, 2951119.9 ], [ 4129996.8, 2951139.9 ], [ 4130014.6, 2951156.5 ], [ 4130055.0, 2951141.0 ], [ 4130085.2, 2951159.0 ], [ 4130068.5, 2951194.6 ], [ 4130050.0, 2951199.7 ], [ 4130039.6, 2951221.2 ], [ 4130050.9, 2951246.5 ], [ 4130046.9, 2951261.5 ], [ 4130055.4, 2951295.3 ], [ 4130084.7, 2951344.3 ], [ 4130123.9, 2951381.4 ], [ 4130099.7, 2951405.1 ], [ 4130111.9, 2951436.3 ], [ 4130040.2, 2951429.4 ], [ 4130024.1, 2951437.8 ], [ 4130011.6, 2951460.9 ], [ 4130008.6, 2951498.5 ], [ 4129994.0, 2951540.4 ], [ 4129971.7, 2951566.0 ], [ 4129975.3, 2951583.0 ], [ 4129992.8, 2951593.2 ], [ 4129995.3, 2951631.5 ], [ 4129937.8, 2951701.1 ], [ 4129881.0, 2951708.7 ], [ 4129858.5, 2951751.8 ], [ 4129865.9, 2951764.7 ], [ 4129879.8, 2951770.0 ], [ 4129930.4, 2951754.3 ], [ 4129956.0, 2951761.1 ], [ 4130127.8, 2951693.6 ], [ 4130133.1, 2951679.8 ], [ 4130128.6, 2951646.4 ], [ 4130141.0, 2951625.7 ], [ 4130143.6, 2951553.8 ], [ 4130168.4, 2951550.4 ], [ 4130178.2, 2951517.8 ], [ 4130137.8, 2951438.5 ], [ 4130169.0, 2951413.8 ], [ 4130180.0, 2951392.9 ], [ 4130263.8, 2951440.9 ], [ 4130267.8, 2951456.5 ], [ 4130290.0, 2951479.2 ], [ 4130396.3, 2951497.0 ], [ 4130415.5, 2951562.4 ], [ 4130441.2, 2951585.6 ], [ 4130461.3, 2951585.4 ], [ 4130481.4, 2951564.7 ], [ 4130476.2, 2951534.3 ], [ 4130455.1, 2951506.8 ], [ 4130481.4, 2951514.9 ], [ 4130580.5, 2951619.1 ], [ 4130777.7, 2951668.3 ], [ 4130794.0, 2951665.3 ], [ 4130807.8, 2951650.3 ], [ 4130859.0, 2951692.5 ], [ 4130918.9, 2951756.9 ], [ 4130937.1, 2951753.9 ], [ 4130995.6, 2951695.6 ], [ 4130992.7, 2951671.8 ], [ 4130976.4, 2951655.9 ], [ 4130945.6, 2951642.1 ], [ 4130922.0, 2951641.6 ], [ 4130917.4, 2951605.8 ], [ 4130924.5, 2951596.5 ], [ 4130945.2, 2951592.8 ], [ 4130954.3, 2951577.9 ], [ 4131075.4, 2951609.9 ], [ 4131105.4, 2951632.6 ], [ 4131109.5, 2951668.6 ], [ 4131135.6, 2951698.3 ], [ 4131179.1, 2951711.4 ], [ 4131193.8, 2951691.5 ], [ 4131181.2, 2951639.4 ], [ 4131210.7, 2951619.7 ], [ 4131216.9, 2951584.9 ], [ 4131230.9, 2951582.7 ], [ 4131241.9, 2951569.0 ], [ 4131235.7, 2951489.4 ], [ 4131189.6, 2951471.6 ], [ 4131081.7, 2951467.5 ], [ 4131027.7, 2951444.5 ], [ 4131055.2, 2951389.8 ], [ 4131089.0, 2951375.9 ], [ 4131122.2, 2951401.6 ], [ 4131148.9, 2951400.5 ], [ 4131163.8, 2951391.5 ], [ 4131178.0, 2951363.3 ], [ 4131227.7, 2951407.8 ], [ 4131248.4, 2951408.7 ], [ 4131268.3, 2951369.7 ], [ 4131309.9, 2951332.3 ], [ 4131309.7, 2951313.9 ], [ 4131281.8, 2951265.3 ], [ 4131285.6, 2951199.5 ], [ 4131207.8, 2951118.0 ], [ 4131202.6, 2951097.5 ], [ 4131207.4, 2951010.9 ], [ 4131217.6, 2951006.5 ], [ 4131278.7, 2951078.6 ], [ 4131322.3, 2951145.1 ], [ 4131341.9, 2951198.2 ], [ 4131366.0, 2951212.7 ], [ 4131419.1, 2951325.6 ], [ 4131438.9, 2951332.1 ], [ 4131507.9, 2951307.9 ], [ 4131519.6, 2951325.0 ], [ 4131537.3, 2951327.2 ], [ 4131582.6, 2951272.6 ], [ 4131643.0, 2951256.7 ], [ 4131656.2, 2951231.9 ], [ 4131651.0, 2951214.6 ], [ 4131610.0, 2951195.2 ], [ 4131586.5, 2951173.4 ], [ 4131575.6, 2951150.3 ], [ 4131559.3, 2951064.9 ], [ 4131562.3, 2951028.9 ], [ 4131574.3, 2951012.3 ], [ 4131630.8, 2950975.3 ], [ 4131666.1, 2950974.5 ], [ 4131722.2, 2950986.6 ], [ 4131737.5, 2950980.0 ], [ 4131770.0, 2950899.3 ], [ 4131756.2, 2950860.4 ], [ 4131793.7, 2950806.0 ], [ 4131786.6, 2950784.0 ], [ 4131767.7, 2950768.9 ], [ 4131739.5, 2950764.8 ], [ 4131658.8, 2950774.2 ], [ 4131606.7, 2950769.1 ], [ 4131532.7, 2950798.2 ], [ 4131489.3, 2950840.9 ], [ 4131455.5, 2950898.5 ], [ 4131414.8, 2950920.2 ], [ 4131397.7, 2950854.0 ], [ 4131400.5, 2950792.6 ], [ 4131495.8, 2950770.6 ], [ 4131587.4, 2950705.6 ], [ 4131631.5, 2950710.2 ], [ 4131688.0, 2950693.5 ], [ 4131709.9, 2950703.2 ], [ 4131759.3, 2950691.0 ], [ 4131788.9, 2950676.5 ], [ 4131790.4, 2950649.9 ], [ 4131758.7, 2950617.4 ], [ 4131681.5, 2950596.1 ], [ 4131616.7, 2950550.3 ], [ 4131542.0, 2950606.5 ], [ 4131485.3, 2950672.8 ], [ 4131443.0, 2950682.3 ], [ 4131422.1, 2950674.7 ], [ 4131420.6, 2950660.1 ], [ 4131437.8, 2950644.5 ], [ 4131512.3, 2950606.9 ], [ 4131594.7, 2950536.8 ], [ 4131592.9, 2950522.1 ], [ 4131565.8, 2950483.8 ], [ 4131561.5, 2950440.6 ], [ 4131502.7, 2950416.2 ], [ 4131521.9, 2950392.5 ], [ 4131506.1, 2950369.7 ], [ 4131475.8, 2950379.4 ], [ 4131459.3, 2950401.2 ], [ 4131382.6, 2950386.3 ], [ 4131320.0, 2950344.8 ], [ 4131288.1, 2950340.3 ], [ 4131273.0, 2950355.1 ], [ 4131276.3, 2950385.9 ], [ 4131164.9, 2950450.6 ], [ 4131122.6, 2950429.7 ], [ 4131086.8, 2950399.7 ], [ 4131107.3, 2950331.5 ], [ 4131110.9, 2950266.2 ], [ 4131098.1, 2950206.3 ], [ 4131073.9, 2950181.6 ], [ 4131107.5, 2950119.7 ], [ 4131145.3, 2950006.0 ], [ 4131162.1, 2949998.3 ], [ 4131221.3, 2949926.1 ], [ 4131205.2, 2949854.0 ], [ 4131275.7, 2949785.4 ], [ 4131330.1, 2949714.4 ], [ 4131342.8, 2949685.5 ], [ 4131401.9, 2949690.4 ], [ 4131418.1, 2949684.5 ], [ 4131432.1, 2949614.9 ], [ 4131450.0, 2949603.5 ], [ 4131524.4, 2949665.0 ], [ 4131558.6, 2949672.4 ], [ 4131556.8, 2949695.6 ], [ 4131577.2, 2949738.8 ], [ 4131575.7, 2949750.2 ], [ 4131536.6, 2949775.7 ], [ 4131440.1, 2949787.1 ], [ 4131415.4, 2949805.7 ], [ 4131417.3, 2949829.9 ], [ 4131433.1, 2949838.3 ], [ 4131526.6, 2949845.5 ], [ 4131562.5, 2949858.8 ], [ 4131564.6, 2949878.3 ], [ 4131601.1, 2949951.6 ], [ 4131611.0, 2950000.9 ], [ 4131674.9, 2950051.0 ], [ 4131692.4, 2950047.9 ], [ 4131701.9, 2950033.1 ], [ 4131700.3, 2949891.5 ], [ 4131705.8, 2949880.2 ], [ 4131724.1, 2949896.2 ], [ 4131722.4, 2949962.1 ], [ 4131750.5, 2950068.1 ], [ 4131766.8, 2950087.5 ], [ 4131783.6, 2950092.4 ], [ 4131836.7, 2950055.6 ], [ 4131891.0, 2949995.2 ], [ 4131910.0, 2949936.7 ], [ 4132032.7, 2949834.4 ], [ 4132093.6, 2949750.9 ], [ 4132166.6, 2949627.0 ], [ 4132272.4, 2949525.7 ], [ 4132273.6, 2949507.7 ], [ 4132261.5, 2949495.1 ], [ 4132193.7, 2949490.0 ], [ 4132162.8, 2949493.9 ], [ 4132132.7, 2949520.2 ], [ 4132148.2, 2949484.5 ], [ 4132191.5, 2949463.7 ], [ 4132199.7, 2949398.4 ], [ 4132207.8, 2949394.3 ], [ 4132238.3, 2949406.0 ], [ 4132264.5, 2949423.2 ], [ 4132272.9, 2949439.4 ], [ 4132290.6, 2949443.7 ], [ 4132310.3, 2949433.3 ], [ 4132354.0, 2949370.2 ], [ 4132318.6, 2949311.2 ], [ 4132279.1, 2949288.6 ], [ 4132191.1, 2949313.2 ], [ 4132215.1, 2949247.7 ], [ 4132180.3, 2949194.9 ], [ 4132165.4, 2949185.6 ], [ 4132134.1, 2949195.3 ], [ 4132079.7, 2949178.9 ], [ 4132058.4, 2949189.5 ], [ 4132046.2, 2949169.7 ], [ 4132031.8, 2949162.1 ], [ 4131914.2, 2949162.7 ], [ 4131889.9, 2949178.5 ], [ 4131890.5, 2949201.0 ], [ 4131904.1, 2949211.6 ], [ 4131960.4, 2949219.7 ], [ 4131958.3, 2949234.3 ], [ 4131912.6, 2949267.4 ], [ 4131890.1, 2949274.8 ], [ 4131848.3, 2949253.3 ], [ 4131807.5, 2949264.0 ], [ 4131778.3, 2949238.3 ], [ 4131772.8, 2949219.1 ], [ 4131772.9, 2949180.3 ], [ 4131793.9, 2949113.7 ], [ 4131783.8, 2949094.9 ], [ 4131782.8, 2948960.7 ], [ 4131772.1, 2948946.6 ], [ 4131723.6, 2948938.1 ], [ 4131707.3, 2948925.8 ], [ 4131724.7, 2948909.9 ], [ 4131750.0, 2948921.7 ], [ 4131769.6, 2948906.1 ], [ 4131766.3, 2948884.8 ], [ 4131728.2, 2948854.6 ], [ 4131776.1, 2948844.8 ], [ 4131819.5, 2948817.4 ], [ 4131836.4, 2948796.8 ], [ 4131854.7, 2948740.2 ], [ 4131890.3, 2948697.1 ], [ 4131907.0, 2948690.1 ], [ 4131916.7, 2948691.3 ], [ 4131926.7, 2948706.9 ], [ 4131962.0, 2948720.5 ], [ 4132012.9, 2948728.2 ], [ 4132055.0, 2948766.2 ], [ 4132092.8, 2948780.4 ], [ 4132133.9, 2948816.4 ], [ 4132198.3, 2948830.6 ], [ 4132229.2, 2948830.2 ], [ 4132271.7, 2948816.6 ], [ 4132295.3, 2948828.6 ], [ 4132325.7, 2948815.9 ], [ 4132454.5, 2948807.7 ], [ 4132461.3, 2948848.2 ], [ 4132482.3, 2948863.2 ], [ 4132496.9, 2948862.7 ], [ 4132512.5, 2948835.0 ], [ 4132548.7, 2948808.7 ], [ 4132558.5, 2948752.0 ], [ 4132591.8, 2948709.7 ], [ 4132593.1, 2948668.6 ], [ 4132620.0, 2948657.6 ], [ 4132624.9, 2948624.6 ], [ 4132656.0, 2948585.5 ], [ 4132665.9, 2948538.2 ], [ 4132687.8, 2948515.4 ], [ 4132672.6, 2948488.3 ], [ 4132634.7, 2948488.3 ], [ 4132619.1, 2948416.3 ], [ 4132527.7, 2948372.0 ], [ 4132496.6, 2948364.7 ], [ 4132431.2, 2948325.0 ], [ 4132416.5, 2948302.5 ], [ 4132393.3, 2948308.2 ], [ 4132348.4, 2948368.9 ], [ 4132315.1, 2948365.5 ], [ 4132288.0, 2948337.2 ], [ 4132241.2, 2948237.5 ], [ 4132203.3, 2948053.3 ], [ 4132170.3, 2948034.2 ], [ 4132153.4, 2948033.4 ], [ 4132090.2, 2948113.2 ], [ 4132101.2, 2948151.6 ], [ 4132089.6, 2948165.0 ], [ 4132088.7, 2948182.5 ], [ 4132139.2, 2948252.7 ], [ 4132139.3, 2948280.5 ], [ 4132157.9, 2948289.6 ], [ 4132182.2, 2948280.0 ], [ 4132192.8, 2948288.4 ], [ 4132229.0, 2948353.0 ], [ 4132257.7, 2948363.2 ], [ 4132270.8, 2948405.9 ], [ 4132302.4, 2948456.4 ], [ 4132342.3, 2948483.2 ], [ 4132327.6, 2948517.6 ], [ 4132344.2, 2948553.5 ], [ 4132323.3, 2948631.0 ], [ 4132301.3, 2948656.2 ], [ 4132260.0, 2948660.0 ], [ 4132215.4, 2948641.5 ], [ 4132178.9, 2948646.6 ], [ 4132164.4, 2948665.4 ], [ 4132088.5, 2948597.0 ], [ 4132054.4, 2948533.2 ], [ 4131998.3, 2948502.1 ], [ 4131969.7, 2948514.2 ], [ 4131958.3, 2948508.4 ], [ 4131943.9, 2948490.6 ], [ 4131958.4, 2948463.8 ], [ 4131936.7, 2948416.6 ], [ 4131919.1, 2948410.6 ], [ 4131905.6, 2948417.3 ], [ 4131877.5, 2948397.7 ], [ 4131837.4, 2948383.6 ], [ 4131871.7, 2948308.3 ], [ 4131892.1, 2948304.6 ], [ 4131911.7, 2948275.9 ], [ 4131912.0, 2948258.8 ], [ 4131893.8, 2948237.6 ], [ 4131941.7, 2948180.1 ], [ 4132000.8, 2948143.5 ], [ 4132005.7, 2948125.7 ], [ 4131991.9, 2948107.0 ], [ 4132033.9, 2948069.9 ], [ 4132076.2, 2948008.8 ], [ 4132101.6, 2948008.6 ], [ 4132137.5, 2948027.2 ], [ 4132154.8, 2948026.4 ], [ 4132250.2, 2947934.7 ], [ 4132298.7, 2947825.1 ], [ 4132292.2, 2947805.5 ], [ 4132273.7, 2947797.6 ], [ 4132269.4, 2947777.8 ], [ 4132287.1, 2947745.1 ], [ 4132303.3, 2947737.9 ], [ 4132364.9, 2947655.6 ], [ 4132375.9, 2947662.9 ], [ 4132366.8, 2947688.7 ], [ 4132374.5, 2947760.8 ], [ 4132414.9, 2947780.8 ], [ 4132478.6, 2947793.4 ], [ 4132469.3, 2947876.4 ], [ 4132449.0, 2947870.0 ], [ 4132428.4, 2947881.0 ], [ 4132410.1, 2947917.8 ], [ 4132354.6, 2947974.9 ], [ 4132347.5, 2948023.5 ], [ 4132354.0, 2948035.9 ], [ 4132370.2, 2948042.0 ], [ 4132506.0, 2947964.9 ], [ 4132656.4, 2947913.7 ], [ 4132686.8, 2947916.7 ], [ 4132706.4, 2947944.9 ], [ 4132755.3, 2947960.4 ], [ 4132820.4, 2947971.2 ], [ 4132848.5, 2947967.7 ], [ 4132862.5, 2947939.9 ], [ 4132885.4, 2947936.5 ], [ 4132914.3, 2947893.6 ], [ 4132917.5, 2947853.8 ], [ 4132905.6, 2947836.0 ], [ 4132928.1, 2947765.6 ], [ 4132996.4, 2947776.3 ], [ 4133021.0, 2947772.0 ], [ 4133044.3, 2947749.3 ], [ 4133042.9, 2947698.9 ], [ 4133078.8, 2947687.6 ], [ 4133091.4, 2947671.2 ], [ 4133159.5, 2947662.0 ], [ 4133147.7, 2947692.7 ], [ 4133155.6, 2947711.4 ], [ 4133135.0, 2947732.3 ], [ 4133111.3, 2947739.4 ], [ 4133108.5, 2947767.7 ], [ 4133073.1, 2947780.7 ], [ 4133026.1, 2947893.3 ], [ 4133036.2, 2947914.7 ], [ 4133073.7, 2947918.4 ], [ 4133140.1, 2947970.2 ], [ 4133146.1, 2947980.3 ], [ 4133137.0, 2947992.8 ], [ 4133138.9, 2948010.5 ], [ 4133160.5, 2948021.4 ], [ 4133167.0, 2948039.6 ], [ 4133197.9, 2948065.5 ], [ 4133205.3, 2948115.1 ], [ 4133122.9, 2948129.8 ], [ 4133107.6, 2948150.5 ], [ 4133110.2, 2948171.2 ], [ 4133125.4, 2948180.2 ], [ 4133198.0, 2948182.2 ], [ 4133227.2, 2948232.5 ], [ 4133229.8, 2948255.0 ], [ 4133241.0, 2948264.8 ], [ 4133261.1, 2948265.7 ], [ 4133289.1, 2948279.9 ], [ 4133353.9, 2948279.7 ], [ 4133414.6, 2948295.5 ], [ 4133464.4, 2948290.2 ], [ 4133475.0, 2948279.7 ], [ 4133476.4, 2948264.5 ], [ 4133456.8, 2948242.0 ], [ 4133453.8, 2948220.9 ], [ 4133433.2, 2948184.4 ], [ 4133428.7, 2948166.1 ], [ 4133438.5, 2948153.2 ], [ 4133438.0, 2948138.2 ], [ 4133414.3, 2948115.1 ], [ 4133390.9, 2948055.0 ], [ 4133402.9, 2948038.0 ], [ 4133414.0, 2948042.5 ], [ 4133446.7, 2948100.7 ], [ 4133470.8, 2948170.4 ], [ 4133486.3, 2948175.9 ], [ 4133513.1, 2948166.0 ], [ 4133540.2, 2948139.0 ], [ 4133587.9, 2948244.5 ], [ 4133634.7, 2948276.9 ], [ 4133662.3, 2948272.4 ], [ 4133674.3, 2948349.9 ], [ 4133653.2, 2948368.5 ], [ 4133630.3, 2948375.6 ], [ 4133550.9, 2948503.1 ], [ 4133486.4, 2948559.2 ], [ 4133462.8, 2948529.5 ], [ 4133403.3, 2948510.1 ], [ 4133365.2, 2948516.7 ], [ 4133359.8, 2948534.3 ], [ 4133376.0, 2948573.2 ], [ 4133390.5, 2948582.4 ], [ 4133407.2, 2948578.3 ], [ 4133426.9, 2948603.3 ], [ 4133395.0, 2948638.6 ], [ 4133400.8, 2948662.1 ], [ 4133335.0, 2948731.0 ], [ 4133208.4, 2948808.7 ], [ 4133144.5, 2948906.5 ], [ 4133143.5, 2948923.5 ], [ 4133177.2, 2948976.2 ], [ 4133187.1, 2949022.8 ], [ 4133173.8, 2949117.1 ], [ 4133092.3, 2949330.0 ], [ 4133011.3, 2949445.0 ], [ 4132909.6, 2949613.5 ], [ 4132898.9, 2949596.7 ], [ 4132882.3, 2949591.2 ], [ 4132866.9, 2949599.6 ], [ 4132858.0, 2949622.2 ], [ 4132838.4, 2949617.9 ], [ 4132824.3, 2949603.2 ], [ 4132818.7, 2949577.6 ], [ 4132804.3, 2949566.9 ], [ 4132762.1, 2949571.9 ], [ 4132747.0, 2949585.9 ], [ 4132763.1, 2949641.3 ], [ 4132831.1, 2949661.8 ], [ 4132855.0, 2949696.5 ], [ 4132879.0, 2949708.2 ], [ 4132874.5, 2949794.7 ], [ 4132828.1, 2949797.3 ], [ 4132814.8, 2949809.3 ], [ 4132811.2, 2949825.8 ], [ 4132821.2, 2949847.2 ], [ 4132873.8, 2949868.9 ], [ 4132863.4, 2949974.6 ], [ 4132843.4, 2950008.2 ], [ 4132844.2, 2950025.9 ], [ 4132857.8, 2950037.3 ], [ 4132886.1, 2950040.8 ], [ 4132894.5, 2950056.4 ], [ 4132888.4, 2950079.4 ], [ 4132899.4, 2950093.1 ], [ 4132995.8, 2950094.6 ], [ 4132999.9, 2950122.4 ], [ 4132944.2, 2950171.0 ], [ 4132862.8, 2950158.1 ], [ 4132830.9, 2950139.7 ], [ 4132799.6, 2950159.1 ], [ 4132758.0, 2950146.0 ], [ 4132713.2, 2950148.0 ], [ 4132694.3, 2950133.4 ], [ 4132571.8, 2950155.3 ], [ 4132511.8, 2950210.2 ], [ 4132459.2, 2950223.9 ], [ 4132422.7, 2950257.2 ], [ 4132426.1, 2950275.1 ], [ 4132500.5, 2950350.1 ], [ 4132498.6, 2950369.9 ], [ 4132517.7, 2950383.9 ], [ 4132521.4, 2950409.7 ], [ 4132477.5, 2950453.7 ], [ 4132445.1, 2950469.0 ], [ 4132412.9, 2950384.0 ], [ 4132421.9, 2950359.4 ], [ 4132416.8, 2950343.5 ], [ 4132374.8, 2950317.7 ], [ 4132332.0, 2950331.6 ], [ 4132306.8, 2950356.4 ], [ 4132265.0, 2950377.4 ], [ 4132212.0, 2950483.0 ], [ 4132214.0, 2950497.1 ], [ 4132244.3, 2950542.0 ], [ 4132234.0, 2950564.6 ], [ 4132180.0, 2950585.6 ], [ 4132166.8, 2950615.0 ], [ 4132179.9, 2950632.4 ], [ 4132216.3, 2950637.3 ], [ 4132271.5, 2950601.2 ], [ 4132346.1, 2950577.0 ], [ 4132366.2, 2950620.0 ], [ 4132351.4, 2950641.4 ], [ 4132361.0, 2950664.1 ], [ 4132523.6, 2950663.8 ], [ 4132559.1, 2950704.2 ], [ 4132572.5, 2950709.3 ], [ 4132589.0, 2950702.5 ], [ 4132600.3, 2950680.9 ], [ 4132658.0, 2950679.0 ], [ 4132667.0, 2950659.5 ], [ 4132647.7, 2950612.5 ], [ 4132666.5, 2950595.5 ], [ 4132714.4, 2950589.4 ], [ 4132754.9, 2950600.6 ], [ 4132787.8, 2950632.3 ], [ 4132759.6, 2950681.9 ], [ 4132788.2, 2950712.8 ], [ 4132852.5, 2950701.9 ], [ 4132885.2, 2950666.2 ], [ 4132905.7, 2950627.6 ], [ 4132943.8, 2950614.0 ], [ 4132947.3, 2950627.4 ], [ 4132923.5, 2950641.6 ], [ 4132919.9, 2950659.4 ], [ 4132937.8, 2950687.1 ], [ 4132958.6, 2950691.9 ], [ 4133059.9, 2950622.0 ], [ 4133107.2, 2950576.9 ], [ 4133159.1, 2950471.6 ], [ 4133160.6, 2950448.8 ], [ 4133181.5, 2950428.8 ], [ 4133197.4, 2950423.8 ], [ 4133204.6, 2950412.4 ], [ 4133266.6, 2950396.6 ], [ 4133315.5, 2950455.8 ], [ 4133321.2, 2950506.9 ], [ 4133311.0, 2950530.6 ], [ 4133308.9, 2950573.3 ], [ 4133284.2, 2950569.5 ], [ 4133256.6, 2950580.5 ], [ 4133236.9, 2950609.2 ], [ 4133236.5, 2950626.3 ], [ 4133251.8, 2950639.6 ], [ 4133317.2, 2950648.1 ], [ 4133344.5, 2950686.4 ], [ 4133355.5, 2950717.8 ], [ 4133370.2, 2950728.8 ], [ 4133384.9, 2950726.8 ], [ 4133395.0, 2950715.9 ], [ 4133392.8, 2950660.1 ], [ 4133384.9, 2950637.9 ], [ 4133422.7, 2950618.6 ], [ 4133419.9, 2950579.9 ], [ 4133513.0, 2950551.7 ], [ 4133593.8, 2950552.6 ], [ 4133844.4, 2950517.1 ], [ 4133954.3, 2950554.6 ], [ 4134021.0, 2950553.8 ], [ 4134028.4, 2950564.4 ], [ 4134029.0, 2950632.1 ], [ 4134020.8, 2950707.8 ], [ 4134056.6, 2951085.3 ], [ 4134076.6, 2951163.8 ], [ 4134070.5, 2951215.9 ], [ 4134105.0, 2951282.8 ], [ 4134111.0, 2951323.6 ], [ 4134003.9, 2951386.2 ], [ 4133950.2, 2951363.6 ], [ 4133880.6, 2951375.2 ], [ 4133814.3, 2951415.6 ], [ 4133750.5, 2951491.6 ], [ 4133693.9, 2951475.9 ], [ 4133680.4, 2951478.5 ], [ 4133629.6, 2951450.8 ], [ 4133574.2, 2951483.5 ], [ 4133518.0, 2951470.1 ], [ 4133500.0, 2951472.8 ], [ 4133374.3, 2951377.0 ], [ 4133344.3, 2951344.1 ], [ 4133362.7, 2951277.4 ], [ 4133308.7, 2951146.9 ], [ 4133250.2, 2951036.7 ], [ 4133089.4, 2950963.5 ], [ 4132957.4, 2950977.6 ], [ 4132849.7, 2950930.4 ], [ 4132828.8, 2950932.1 ], [ 4132819.2, 2950947.0 ], [ 4132818.9, 2951013.7 ], [ 4132811.2, 2951043.7 ], [ 4132787.8, 2951076.7 ], [ 4132708.1, 2951122.6 ], [ 4132683.9, 2951210.1 ], [ 4132629.5, 2951354.7 ], [ 4132570.0, 2951325.9 ], [ 4132546.4, 2951334.3 ], [ 4132544.1, 2951356.0 ], [ 4132569.4, 2951381.7 ], [ 4132569.2, 2951397.6 ], [ 4132472.0, 2951490.4 ], [ 4132434.6, 2951547.3 ], [ 4132418.3, 2951594.9 ], [ 4132394.1, 2951624.3 ], [ 4132354.8, 2951649.2 ], [ 4132320.4, 2951698.2 ], [ 4132318.4, 2951783.8 ], [ 4132299.0, 2951819.8 ], [ 4132282.5, 2951837.7 ], [ 4132265.0, 2951832.6 ], [ 4132251.9, 2951837.9 ], [ 4132226.5, 2951879.6 ], [ 4132225.8, 2951898.0 ], [ 4132188.4, 2951922.1 ], [ 4132125.7, 2951894.2 ], [ 4132099.0, 2951909.2 ], [ 4132100.3, 2951930.7 ], [ 4132144.8, 2951964.3 ], [ 4132153.5, 2951984.1 ], [ 4132181.2, 2952007.1 ], [ 4132183.2, 2952021.4 ], [ 4132149.1, 2952035.5 ], [ 4132140.6, 2952047.1 ], [ 4132090.1, 2952055.5 ], [ 4132071.2, 2952074.8 ], [ 4132044.2, 2952080.6 ], [ 4132035.1, 2952096.7 ], [ 4132037.5, 2952134.4 ], [ 4132013.1, 2952134.6 ], [ 4131981.3, 2952179.2 ], [ 4131954.6, 2952159.3 ], [ 4131948.8, 2952133.7 ], [ 4131936.8, 2952121.5 ], [ 4131772.1, 2952095.0 ], [ 4131752.4, 2952103.0 ], [ 4131747.9, 2952133.1 ], [ 4131757.1, 2952147.4 ], [ 4131780.2, 2952157.3 ], [ 4131841.4, 2952159.8 ], [ 4131883.2, 2952172.3 ], [ 4131922.0, 2952213.6 ], [ 4131946.4, 2952216.5 ], [ 4131955.1, 2952233.2 ], [ 4131941.8, 2952248.3 ], [ 4131935.7, 2952296.7 ], [ 4131919.0, 2952303.6 ], [ 4131910.4, 2952319.1 ], [ 4131828.1, 2952356.1 ], [ 4131790.0, 2952349.9 ], [ 4131767.6, 2952371.4 ], [ 4131753.3, 2952369.4 ], [ 4131738.6, 2952379.7 ], [ 4131742.8, 2952440.4 ], [ 4131759.5, 2952451.8 ], [ 4131794.8, 2952450.7 ], [ 4131801.5, 2952513.7 ], [ 4131721.9, 2952519.7 ], [ 4131706.1, 2952534.2 ], [ 4131613.6, 2952522.0 ], [ 4131542.2, 2952567.4 ], [ 4131516.4, 2952707.1 ], [ 4131498.9, 2952761.2 ], [ 4131452.8, 2952756.4 ], [ 4131370.9, 2952711.0 ], [ 4131337.2, 2952683.9 ], [ 4131333.1, 2952548.2 ], [ 4131341.9, 2952484.3 ], [ 4131335.0, 2952468.8 ], [ 4131288.5, 2952434.5 ], [ 4131270.9, 2952433.7 ], [ 4131258.3, 2952446.1 ], [ 4131249.2, 2952486.5 ], [ 4131221.2, 2952503.4 ], [ 4131208.5, 2952466.9 ], [ 4131230.9, 2952429.5 ], [ 4131211.1, 2952402.4 ], [ 4131190.6, 2952331.3 ], [ 4131224.6, 2952307.8 ], [ 4131227.6, 2952286.5 ], [ 4131205.6, 2952266.4 ], [ 4131167.5, 2952259.0 ], [ 4131165.7, 2952210.3 ], [ 4131105.4, 2952134.4 ], [ 4131060.2, 2952113.1 ], [ 4131046.0, 2952114.0 ], [ 4131035.4, 2952123.4 ], [ 4131017.0, 2952172.1 ], [ 4131004.9, 2952188.0 ], [ 4130985.8, 2952194.2 ], [ 4130933.6, 2952180.1 ], [ 4130909.3, 2952161.6 ], [ 4130847.2, 2952098.5 ], [ 4130837.9, 2952031.1 ], [ 4130828.0, 2952014.1 ], [ 4130805.4, 2952003.1 ], [ 4130790.0, 2951975.1 ], [ 4130746.6, 2951969.8 ], [ 4130736.0, 2951961.5 ], [ 4130768.9, 2951939.3 ], [ 4130778.7, 2951911.6 ], [ 4130773.0, 2951894.4 ], [ 4130742.4, 2951878.9 ], [ 4130607.0, 2951712.2 ], [ 4130550.0, 2951700.5 ], [ 4130540.5, 2951682.9 ], [ 4130518.0, 2951676.7 ], [ 4130510.3, 2951649.8 ], [ 4130492.1, 2951635.0 ], [ 4130462.6, 2951630.8 ], [ 4130444.7, 2951605.6 ], [ 4130401.2, 2951606.7 ], [ 4130379.2, 2951633.0 ], [ 4130357.3, 2951698.4 ], [ 4130360.2, 2951747.2 ], [ 4130368.6, 2951759.1 ], [ 4130386.3, 2951762.5 ], [ 4130412.7, 2951755.9 ], [ 4130434.2, 2951732.4 ], [ 4130516.4, 2951838.2 ], [ 4130563.1, 2951969.5 ], [ 4130552.1, 2951973.3 ], [ 4130480.1, 2951939.0 ], [ 4130463.8, 2951923.8 ], [ 4130435.9, 2951861.5 ], [ 4130410.8, 2951848.0 ], [ 4130412.5, 2951807.7 ], [ 4130374.8, 2951792.2 ], [ 4130355.2, 2951770.5 ], [ 4130341.0, 2951771.9 ], [ 4130329.1, 2951785.0 ], [ 4130297.6, 2951789.7 ], [ 4130251.4, 2951853.3 ], [ 4130241.5, 2951878.5 ], [ 4130206.3, 2951875.7 ], [ 4130178.9, 2951887.3 ], [ 4130113.6, 2951861.4 ], [ 4130078.5, 2951859.2 ], [ 4130062.8, 2951866.4 ], [ 4130054.2, 2951889.4 ], [ 4130035.6, 2951890.2 ], [ 4129988.5, 2951854.0 ], [ 4129965.0, 2951855.1 ], [ 4129927.2, 2951891.8 ], [ 4129936.8, 2951936.6 ], [ 4129909.3, 2952051.8 ], [ 4129897.3, 2952079.8 ], [ 4129855.9, 2952100.4 ], [ 4129837.5, 2952169.9 ], [ 4129847.4, 2952223.6 ], [ 4129867.4, 2952265.4 ], [ 4129971.4, 2952397.4 ], [ 4129991.1, 2952403.4 ], [ 4130015.4, 2952390.6 ], [ 4130078.9, 2952398.0 ], [ 4130166.9, 2952374.8 ], [ 4130168.6, 2952347.5 ], [ 4130151.5, 2952322.0 ], [ 4130122.3, 2952306.3 ], [ 4130028.3, 2952283.9 ], [ 4130020.7, 2952273.5 ], [ 4130023.8, 2952266.3 ], [ 4130073.0, 2952261.4 ], [ 4130146.5, 2952224.6 ], [ 4130236.4, 2952146.8 ], [ 4130234.1, 2952106.9 ], [ 4130221.0, 2952091.9 ], [ 4130110.0, 2952103.2 ], [ 4130131.6, 2952068.9 ], [ 4130206.3, 2952020.6 ], [ 4130227.6, 2952015.3 ], [ 4130232.2, 2951977.6 ], [ 4130240.2, 2951969.1 ], [ 4130259.3, 2951970.3 ], [ 4130270.0, 2951989.3 ], [ 4130265.2, 2952015.8 ], [ 4130239.0, 2952020.2 ], [ 4130229.1, 2952035.1 ], [ 4130246.9, 2952128.2 ], [ 4130316.9, 2952194.2 ], [ 4130377.6, 2952300.9 ], [ 4130297.8, 2952353.7 ], [ 4130277.0, 2952308.3 ], [ 4130280.7, 2952239.9 ], [ 4130270.7, 2952186.8 ], [ 4130256.4, 2952168.6 ], [ 4130232.7, 2952171.9 ], [ 4130210.6, 2952197.2 ], [ 4130198.5, 2952235.8 ], [ 4130183.8, 2952313.2 ], [ 4130184.4, 2952381.1 ], [ 4130155.0, 2952424.9 ], [ 4130167.4, 2952474.9 ], [ 4130160.6, 2952511.7 ], [ 4130189.8, 2952603.1 ], [ 4130058.2, 2952618.8 ], [ 4130040.5, 2952631.6 ], [ 4130026.6, 2952624.3 ], [ 4130009.7, 2952628.7 ], [ 4130001.2, 2952644.0 ], [ 4130007.7, 2952738.1 ], [ 4129915.0, 2952699.8 ], [ 4129894.9, 2952705.2 ], [ 4129876.2, 2952730.7 ], [ 4129868.5, 2952795.0 ], [ 4129852.9, 2952843.7 ], [ 4129837.0, 2952861.4 ], [ 4129807.3, 2952875.1 ], [ 4129749.4, 2952881.4 ], [ 4129735.6, 2952892.6 ], [ 4129734.5, 2952910.3 ], [ 4129763.9, 2952969.3 ], [ 4129694.3, 2953017.4 ], [ 4129637.4, 2953040.8 ], [ 4129628.9, 2953065.4 ], [ 4129585.1, 2953090.9 ], [ 4129577.2, 2953110.5 ], [ 4129593.0, 2953129.0 ], [ 4129652.6, 2953124.1 ], [ 4129756.3, 2953139.1 ], [ 4129894.6, 2953171.5 ], [ 4130008.4, 2953209.6 ], [ 4130030.8, 2953193.3 ], [ 4130032.5, 2953167.5 ], [ 4130023.4, 2953154.0 ], [ 4130062.9, 2953154.0 ], [ 4130081.5, 2953170.7 ], [ 4130152.6, 2953168.4 ], [ 4130163.8, 2953183.8 ], [ 4130186.2, 2953192.0 ], [ 4130218.0, 2953185.7 ], [ 4130199.9, 2953216.1 ], [ 4130205.6, 2953247.1 ], [ 4130216.1, 2953257.9 ], [ 4130203.2, 2953275.4 ], [ 4130113.0, 2953257.8 ], [ 4130025.6, 2953222.6 ], [ 4130002.4, 2953245.8 ], [ 4130002.5, 2953282.1 ], [ 4129898.9, 2953243.0 ], [ 4129878.3, 2953219.5 ], [ 4129857.4, 2953223.1 ], [ 4129824.4, 2953264.7 ], [ 4129774.6, 2953305.9 ], [ 4129691.8, 2953343.9 ], [ 4129665.3, 2953367.0 ], [ 4129618.3, 2953437.4 ], [ 4129590.8, 2953449.0 ], [ 4129575.7, 2953481.2 ], [ 4129589.6, 2953563.2 ], [ 4129558.7, 2953593.0 ], [ 4129524.5, 2953611.5 ], [ 4129517.7, 2953623.9 ], [ 4129524.3, 2953643.7 ], [ 4129555.3, 2953664.4 ], [ 4129493.2, 2953685.5 ], [ 4129436.1, 2953770.4 ], [ 4129418.3, 2953781.5 ], [ 4129398.6, 2953834.8 ], [ 4129369.0, 2953832.4 ], [ 4129349.3, 2953808.7 ], [ 4129344.6, 2953774.4 ], [ 4129361.1, 2953716.8 ], [ 4129383.6, 2953709.7 ], [ 4129400.0, 2953674.6 ], [ 4129398.8, 2953657.6 ], [ 4129387.2, 2953644.5 ], [ 4129387.9, 2953618.0 ], [ 4129427.9, 2953624.9 ], [ 4129452.3, 2953618.4 ], [ 4129462.8, 2953604.4 ], [ 4129439.5, 2953536.8 ], [ 4129447.8, 2953521.1 ], [ 4129445.0, 2953487.2 ], [ 4129465.5, 2953442.8 ], [ 4129460.5, 2953421.2 ], [ 4129440.8, 2953413.2 ], [ 4129443.0, 2953354.7 ], [ 4129467.6, 2953344.2 ], [ 4129478.8, 2953291.9 ], [ 4129474.1, 2953270.1 ], [ 4129459.3, 2953260.7 ], [ 4129431.0, 2953266.5 ], [ 4129422.9, 2953296.1 ], [ 4129349.1, 2953243.7 ], [ 4129322.2, 2953249.9 ], [ 4129290.1, 2953304.6 ], [ 4129302.9, 2953333.4 ], [ 4129341.9, 2953347.0 ], [ 4129336.1, 2953378.6 ], [ 4129349.1, 2953395.0 ], [ 4129341.1, 2953430.8 ], [ 4129303.2, 2953467.7 ], [ 4129279.4, 2953509.8 ], [ 4129246.9, 2953498.4 ], [ 4129227.3, 2953506.6 ], [ 4129197.6, 2953577.0 ], [ 4129230.1, 2953613.4 ], [ 4129174.6, 2953647.8 ], [ 4129134.3, 2953705.0 ], [ 4129098.1, 2953683.5 ], [ 4129027.8, 2953687.0 ], [ 4129009.0, 2953703.2 ], [ 4129004.1, 2953726.8 ], [ 4128987.0, 2953724.2 ], [ 4128975.3, 2953731.8 ], [ 4128969.4, 2953767.9 ], [ 4128920.4, 2953758.9 ], [ 4128822.5, 2953783.6 ], [ 4128719.5, 2953736.1 ], [ 4128677.4, 2953727.2 ], [ 4128617.1, 2953730.7 ], [ 4128528.7, 2953755.1 ], [ 4128492.2, 2953656.2 ], [ 4128475.8, 2953650.4 ], [ 4128440.6, 2953662.7 ], [ 4128406.4, 2953751.6 ], [ 4128423.3, 2953792.5 ], [ 4128396.2, 2953829.0 ], [ 4128404.3, 2953866.6 ], [ 4128430.6, 2953875.8 ], [ 4128430.1, 2953889.0 ], [ 4128418.0, 2953901.8 ], [ 4128384.7, 2954000.6 ], [ 4128394.1, 2954019.2 ], [ 4128422.7, 2954018.5 ], [ 4128428.9, 2954027.6 ], [ 4128403.6, 2954054.0 ], [ 4128338.6, 2954085.3 ], [ 4128334.0, 2954110.7 ], [ 4128324.4, 2954115.7 ], [ 4128299.9, 2954110.3 ], [ 4128284.2, 2954116.8 ], [ 4128250.8, 2954106.5 ], [ 4128226.3, 2954112.6 ], [ 4128217.8, 2954128.5 ], [ 4128233.9, 2954166.2 ], [ 4128298.4, 2954226.6 ], [ 4128388.5, 2954223.6 ], [ 4128439.9, 2954246.5 ], [ 4128400.3, 2954353.8 ], [ 4128380.6, 2954345.2 ], [ 4128364.9, 2954350.5 ], [ 4128340.6, 2954334.2 ], [ 4128277.9, 2954243.0 ], [ 4128225.8, 2954228.2 ], [ 4128200.1, 2954240.0 ], [ 4128195.2, 2954257.6 ], [ 4128208.0, 2954279.4 ], [ 4128206.5, 2954309.2 ], [ 4128190.3, 2954341.2 ], [ 4128157.4, 2954538.3 ], [ 4128174.6, 2954558.6 ], [ 4128213.9, 2954566.9 ], [ 4128232.4, 2954556.8 ], [ 4128250.6, 2954509.9 ], [ 4128249.4, 2954438.9 ], [ 4128267.4, 2954382.4 ], [ 4128276.3, 2954410.9 ], [ 4128278.3, 2954511.2 ], [ 4128298.1, 2954557.6 ], [ 4128311.6, 2954568.9 ], [ 4128329.4, 2954567.0 ], [ 4128339.9, 2954552.5 ], [ 4128339.8, 2954528.0 ], [ 4128324.0, 2954513.0 ], [ 4128323.9, 2954479.3 ], [ 4128346.8, 2954458.3 ], [ 4128347.6, 2954437.5 ], [ 4128358.7, 2954429.2 ], [ 4128373.0, 2954438.8 ], [ 4128443.4, 2954441.4 ], [ 4128457.4, 2954468.0 ], [ 4128399.7, 2954519.7 ], [ 4128386.9, 2954565.2 ], [ 4128387.4, 2954611.8 ], [ 4128404.1, 2954656.7 ], [ 4128412.6, 2954715.9 ], [ 4128454.9, 2954756.7 ], [ 4128450.4, 2954815.4 ], [ 4128423.2, 2954863.6 ], [ 4128428.6, 2954895.8 ], [ 4128456.6, 2954909.1 ], [ 4128464.1, 2954957.4 ], [ 4128429.1, 2954933.5 ], [ 4128375.5, 2954917.7 ], [ 4128374.5, 2954888.7 ], [ 4128346.5, 2954872.1 ], [ 4128355.9, 2954857.0 ], [ 4128353.0, 2954839.3 ], [ 4128339.8, 2954829.2 ], [ 4128320.9, 2954829.1 ], [ 4128307.5, 2954786.1 ], [ 4128233.6, 2954756.2 ], [ 4128113.8, 2954745.6 ], [ 4128102.6, 2954759.5 ], [ 4128096.1, 2954810.8 ], [ 4128064.7, 2954845.6 ], [ 4128009.4, 2954850.2 ], [ 4127987.9, 2954835.1 ], [ 4127984.3, 2954806.3 ], [ 4127971.3, 2954791.3 ], [ 4127929.8, 2954794.8 ], [ 4127867.9, 2954782.5 ], [ 4127856.7, 2954762.8 ], [ 4127833.9, 2954757.0 ], [ 4127843.9, 2954734.3 ], [ 4127835.1, 2954673.7 ], [ 4127880.9, 2954709.2 ], [ 4127940.3, 2954698.3 ], [ 4127980.7, 2954705.6 ], [ 4128013.1, 2954676.2 ], [ 4128028.4, 2954635.6 ], [ 4128056.6, 2954603.3 ], [ 4128106.3, 2954577.4 ], [ 4128148.3, 2954524.2 ], [ 4128152.4, 2954502.5 ], [ 4128139.9, 2954485.4 ], [ 4128106.8, 2954493.4 ], [ 4128037.0, 2954468.7 ], [ 4128035.2, 2954461.3 ], [ 4128034.5, 2954445.4 ], [ 4128050.9, 2954408.1 ], [ 4128104.8, 2954313.8 ], [ 4128091.8, 2954277.2 ], [ 4128093.2, 2954239.1 ], [ 4128071.4, 2954228.3 ], [ 4127990.9, 2954260.3 ], [ 4127981.5, 2954273.4 ], [ 4127978.3, 2954301.7 ], [ 4127958.9, 2954310.8 ], [ 4127943.0, 2954345.9 ], [ 4127931.7, 2954343.9 ], [ 4127915.9, 2954307.4 ], [ 4127890.4, 2954301.5 ], [ 4127876.3, 2954239.0 ], [ 4127858.8, 2954233.3 ], [ 4127845.5, 2954239.9 ], [ 4127819.1, 2954214.9 ], [ 4127776.7, 2954221.0 ], [ 4127752.0, 2954249.5 ], [ 4127714.8, 2954237.7 ], [ 4127650.0, 2954260.7 ], [ 4127644.9, 2954244.3 ], [ 4127626.0, 2954236.7 ], [ 4127450.3, 2954253.8 ], [ 4127433.8, 2954272.4 ], [ 4127390.0, 2954220.4 ], [ 4127389.4, 2954202.4 ], [ 4127418.3, 2954155.2 ], [ 4127420.6, 2954123.9 ], [ 4127439.1, 2954099.8 ], [ 4127446.1, 2954027.1 ], [ 4127475.1, 2953999.0 ], [ 4127510.1, 2953998.2 ], [ 4127524.3, 2953988.9 ], [ 4127546.4, 2953949.8 ], [ 4127545.8, 2953901.8 ], [ 4127518.0, 2953865.9 ], [ 4127501.6, 2953864.8 ], [ 4127484.4, 2953875.7 ], [ 4127480.6, 2953870.6 ], [ 4127486.6, 2953813.5 ], [ 4127469.3, 2953793.0 ], [ 4127393.6, 2953785.0 ], [ 4127335.2, 2953763.0 ], [ 4127297.4, 2953734.4 ], [ 4127246.7, 2953667.2 ], [ 4127200.1, 2953678.0 ], [ 4127185.2, 2953712.7 ], [ 4127313.4, 2953902.3 ], [ 4127333.2, 2953959.3 ], [ 4127348.5, 2954061.3 ], [ 4127316.5, 2954054.0 ], [ 4127300.7, 2954058.9 ], [ 4127255.4, 2954025.1 ], [ 4127266.6, 2953992.5 ], [ 4127235.1, 2953887.5 ], [ 4127210.2, 2953861.7 ], [ 4127185.1, 2953866.0 ], [ 4127177.5, 2953892.2 ], [ 4127216.0, 2954019.7 ], [ 4127230.5, 2954034.0 ], [ 4127217.5, 2954114.6 ], [ 4127219.2, 2954212.2 ], [ 4127223.0, 2954253.9 ], [ 4127244.1, 2954274.2 ], [ 4127248.7, 2954318.8 ], [ 4127225.9, 2954358.2 ], [ 4127180.5, 2954334.8 ], [ 4127032.2, 2954296.0 ], [ 4127098.0, 2954182.8 ], [ 4127140.3, 2954031.6 ], [ 4127115.0, 2953990.2 ], [ 4127103.5, 2953948.4 ], [ 4127073.4, 2953699.1 ], [ 4127039.5, 2953674.1 ], [ 4127025.9, 2953678.9 ], [ 4127017.6, 2953694.8 ], [ 4127031.9, 2953723.6 ], [ 4127029.7, 2953769.8 ], [ 4127011.2, 2953751.8 ], [ 4126961.5, 2953726.4 ], [ 4126905.2, 2953762.4 ], [ 4126896.4, 2953777.3 ], [ 4126888.0, 2953973.5 ], [ 4126906.0, 2953984.1 ], [ 4127047.2, 2953988.9 ], [ 4127047.8, 2954026.7 ], [ 4127021.4, 2954084.0 ], [ 4127011.3, 2954156.9 ], [ 4126986.3, 2954190.3 ], [ 4126934.5, 2954231.7 ], [ 4126931.1, 2954198.6 ], [ 4126901.2, 2954123.9 ], [ 4126868.4, 2954104.5 ], [ 4126826.4, 2954063.1 ], [ 4126751.0, 2954023.7 ], [ 4126656.8, 2953960.0 ], [ 4126624.4, 2953953.5 ], [ 4126604.5, 2953975.8 ], [ 4126580.9, 2953958.9 ], [ 4126565.9, 2953957.6 ], [ 4126551.7, 2953969.5 ], [ 4126544.9, 2954037.6 ], [ 4126508.3, 2954112.0 ], [ 4126508.7, 2954156.0 ], [ 4126531.3, 2954198.0 ], [ 4126495.3, 2954225.6 ], [ 4126475.3, 2954214.1 ], [ 4126468.4, 2954183.5 ], [ 4126458.5, 2954173.7 ], [ 4126402.8, 2954175.7 ], [ 4126393.0, 2954194.3 ], [ 4126405.2, 2954250.7 ], [ 4126391.2, 2954303.4 ], [ 4126410.6, 2954338.5 ], [ 4126450.7, 2954337.6 ], [ 4126466.5, 2954372.8 ], [ 4126458.5, 2954396.2 ], [ 4126470.2, 2954411.7 ], [ 4126522.0, 2954417.0 ], [ 4126533.6, 2954409.1 ], [ 4126538.9, 2954392.5 ], [ 4126548.0, 2954424.3 ], [ 4126570.7, 2954432.1 ], [ 4126591.5, 2954414.8 ], [ 4126593.4, 2954386.0 ], [ 4126612.2, 2954359.9 ], [ 4126610.9, 2954342.3 ], [ 4126583.1, 2954330.0 ], [ 4126554.3, 2954343.6 ], [ 4126532.2, 2954331.6 ], [ 4126511.4, 2954332.1 ], [ 4126504.8, 2954320.5 ], [ 4126534.6, 2954294.2 ], [ 4126596.5, 2954306.9 ], [ 4126618.5, 2954289.8 ], [ 4126691.8, 2954296.6 ], [ 4126719.6, 2954277.0 ], [ 4126725.3, 2954242.6 ], [ 4126802.1, 2954276.0 ], [ 4126873.3, 2954330.5 ], [ 4126873.0, 2954356.5 ], [ 4126913.8, 2954392.1 ], [ 4126902.1, 2954418.3 ], [ 4126876.7, 2954445.6 ], [ 4126874.0, 2954464.0 ], [ 4126892.4, 2954482.3 ], [ 4126909.9, 2954486.8 ], [ 4126921.3, 2954505.8 ], [ 4126935.9, 2954508.1 ], [ 4126948.8, 2954500.6 ], [ 4126971.7, 2954452.8 ], [ 4126987.7, 2954472.8 ], [ 4127047.5, 2954484.0 ], [ 4127103.5, 2954512.7 ], [ 4127136.0, 2954512.1 ], [ 4127151.5, 2954501.4 ], [ 4127164.4, 2954467.4 ], [ 4127189.6, 2954452.8 ], [ 4127169.9, 2954549.8 ], [ 4127194.3, 2954607.6 ], [ 4127179.9, 2954697.9 ], [ 4127189.7, 2954712.8 ], [ 4127207.9, 2954718.5 ], [ 4127211.6, 2954730.2 ], [ 4127210.3, 2954859.0 ], [ 4127190.2, 2954877.1 ], [ 4127178.1, 2954923.3 ], [ 4127161.7, 2954930.8 ], [ 4127129.3, 2954968.9 ], [ 4127126.3, 2954987.1 ], [ 4127138.1, 2955001.2 ], [ 4127153.0, 2955002.6 ], [ 4127213.5, 2954976.7 ], [ 4127232.3, 2954977.1 ], [ 4127262.6, 2954951.6 ], [ 4127276.5, 2954951.4 ], [ 4127255.7, 2955014.5 ], [ 4127228.6, 2955016.6 ], [ 4127199.1, 2955037.9 ], [ 4127136.1, 2955063.9 ], [ 4127110.4, 2955082.6 ], [ 4127097.8, 2955108.3 ], [ 4127068.1, 2955113.8 ], [ 4127056.4, 2955148.2 ], [ 4127065.5, 2955180.7 ], [ 4127047.9, 2955188.8 ], [ 4127036.7, 2955219.6 ], [ 4127007.2, 2955236.0 ], [ 4126995.0, 2955257.1 ], [ 4127003.1, 2955283.2 ], [ 4127026.5, 2955292.1 ], [ 4127051.6, 2955285.1 ], [ 4127069.6, 2955254.8 ], [ 4127079.5, 2955253.1 ], [ 4127083.8, 2955283.3 ], [ 4127129.5, 2955314.8 ], [ 4127134.5, 2955330.4 ], [ 4127139.9, 2955431.5 ], [ 4127120.4, 2955467.9 ], [ 4127109.6, 2955569.3 ], [ 4127080.9, 2955582.0 ], [ 4127069.4, 2955601.5 ], [ 4127046.2, 2955606.6 ], [ 4127031.9, 2955646.2 ], [ 4127043.4, 2955660.6 ], [ 4127058.1, 2955662.3 ], [ 4127082.1, 2955633.4 ], [ 4127109.1, 2955635.3 ], [ 4127113.4, 2955656.3 ], [ 4127146.7, 2955699.6 ], [ 4127170.6, 2955699.3 ], [ 4127200.1, 2955715.0 ], [ 4127228.5, 2955702.3 ], [ 4127248.6, 2955741.2 ], [ 4127229.0, 2955781.3 ], [ 4127239.5, 2955796.1 ], [ 4127264.4, 2955801.9 ], [ 4127267.2, 2955827.5 ], [ 4127259.8, 2955850.9 ], [ 4127290.3, 2955916.8 ], [ 4127281.6, 2955944.4 ], [ 4127346.3, 2956065.3 ], [ 4127337.9, 2956080.7 ], [ 4127341.3, 2956094.5 ], [ 4127367.3, 2956104.1 ], [ 4127383.3, 2956126.0 ], [ 4127405.6, 2956127.2 ], [ 4127421.5, 2956150.3 ], [ 4127529.6, 2956168.1 ], [ 4127567.1, 2956215.1 ], [ 4127574.6, 2956244.8 ], [ 4127543.4, 2956271.1 ], [ 4127509.3, 2956213.7 ], [ 4127403.3, 2956159.2 ], [ 4127301.6, 2956127.2 ], [ 4127192.6, 2956117.1 ], [ 4127178.9, 2956126.3 ], [ 4127168.8, 2956157.7 ], [ 4127184.5, 2956200.2 ], [ 4127217.1, 2956230.3 ], [ 4127235.8, 2956231.8 ], [ 4127252.1, 2956243.2 ], [ 4127264.8, 2956266.9 ], [ 4127287.7, 2956274.6 ], [ 4127313.9, 2956258.5 ], [ 4127346.7, 2956275.6 ], [ 4127386.3, 2956314.1 ], [ 4127392.4, 2956342.1 ], [ 4127417.0, 2956374.8 ], [ 4127437.0, 2956377.0 ], [ 4127475.1, 2956347.4 ], [ 4127488.0, 2956381.8 ], [ 4127471.3, 2956401.0 ], [ 4127469.6, 2956414.5 ], [ 4127479.9, 2956445.9 ], [ 4127492.6, 2956456.8 ], [ 4127479.5, 2956476.2 ], [ 4127479.0, 2956493.9 ], [ 4127539.6, 2956558.3 ], [ 4127583.7, 2956585.9 ], [ 4127620.8, 2956585.4 ], [ 4127679.1, 2956608.3 ], [ 4127700.6, 2956634.1 ], [ 4127755.3, 2956667.5 ], [ 4127764.2, 2956701.8 ], [ 4127751.6, 2956738.5 ], [ 4127759.9, 2956763.5 ], [ 4127747.0, 2956854.4 ], [ 4127701.6, 2956952.3 ], [ 4127702.0, 2957030.4 ], [ 4127736.5, 2957238.9 ], [ 4127733.6, 2957279.6 ], [ 4127751.9, 2957337.5 ], [ 4127764.7, 2957344.6 ], [ 4127782.2, 2957340.2 ], [ 4127795.2, 2957350.7 ], [ 4127825.2, 2957431.0 ], [ 4127840.5, 2957440.5 ], [ 4127857.7, 2957435.4 ], [ 4127867.3, 2957383.4 ], [ 4127850.0, 2957313.3 ], [ 4127851.0, 2957275.3 ], [ 4127837.1, 2957246.6 ], [ 4127820.9, 2957238.1 ], [ 4127814.4, 2957169.0 ], [ 4127839.3, 2957159.0 ], [ 4127841.0, 2957126.0 ], [ 4127822.7, 2957109.0 ], [ 4127781.1, 2957116.1 ], [ 4127776.4, 2957079.4 ], [ 4127800.9, 2957078.1 ], [ 4127813.7, 2957066.7 ], [ 4127816.1, 2956984.4 ], [ 4127846.1, 2956991.1 ], [ 4127845.8, 2957025.3 ], [ 4127869.2, 2957037.2 ], [ 4127867.3, 2957101.0 ], [ 4127903.4, 2957185.6 ], [ 4127888.1, 2957209.9 ], [ 4127893.1, 2957257.2 ], [ 4127904.6, 2957282.1 ], [ 4127900.8, 2957334.5 ], [ 4127887.5, 2957350.5 ], [ 4127890.1, 2957393.7 ], [ 4127900.7, 2957408.5 ], [ 4127927.4, 2957518.9 ], [ 4127941.7, 2957536.4 ], [ 4127936.7, 2957559.5 ], [ 4127964.8, 2957625.2 ], [ 4128000.9, 2957653.6 ], [ 4128021.6, 2957654.2 ], [ 4128036.6, 2957664.6 ], [ 4128054.0, 2957660.3 ], [ 4128062.2, 2957647.3 ], [ 4128060.9, 2957633.0 ], [ 4128027.2, 2957582.9 ], [ 4128034.0, 2957557.2 ], [ 4128017.1, 2957543.7 ], [ 4128000.2, 2957505.8 ], [ 4128005.0, 2957427.8 ], [ 4127972.8, 2957326.2 ], [ 4127976.7, 2957257.1 ], [ 4128008.3, 2957266.0 ], [ 4128023.4, 2957245.2 ], [ 4128027.4, 2957133.4 ], [ 4128013.0, 2957081.3 ], [ 4128035.0, 2957036.0 ], [ 4128031.1, 2956977.9 ], [ 4128019.5, 2956962.6 ], [ 4128016.5, 2956849.3 ], [ 4128002.1, 2956796.1 ], [ 4128026.4, 2956746.2 ], [ 4128008.0, 2956697.1 ], [ 4128030.5, 2956689.9 ], [ 4128040.0, 2956674.3 ], [ 4128018.8, 2956631.8 ], [ 4128017.3, 2956621.5 ], [ 4128026.1, 2956613.9 ], [ 4128048.2, 2956621.5 ], [ 4128087.3, 2956595.6 ], [ 4128098.0, 2956635.1 ], [ 4128130.8, 2956662.0 ], [ 4128141.6, 2956689.1 ], [ 4128154.6, 2956699.0 ], [ 4128153.4, 2956723.5 ], [ 4128169.0, 2956761.2 ], [ 4128167.9, 2956778.5 ], [ 4128147.9, 2956791.7 ], [ 4128147.8, 2956809.3 ], [ 4128169.7, 2956834.8 ], [ 4128188.8, 2956839.1 ], [ 4128201.0, 2956851.9 ], [ 4128244.6, 2956943.3 ], [ 4128283.4, 2956973.5 ], [ 4128301.3, 2957001.3 ], [ 4128358.7, 2957021.0 ], [ 4128402.2, 2957071.5 ], [ 4128449.6, 2957105.9 ], [ 4128471.1, 2957105.7 ], [ 4128566.5, 2957174.9 ], [ 4128645.2, 2957260.5 ], [ 4128682.3, 2957325.1 ], [ 4128732.9, 2957363.8 ], [ 4128705.7, 2957438.0 ], [ 4128709.0, 2957493.6 ], [ 4128691.8, 2957534.4 ], [ 4128695.6, 2957548.8 ], [ 4128719.9, 2957570.0 ], [ 4128709.9, 2957592.7 ], [ 4128717.0, 2957645.0 ], [ 4128679.9, 2957652.6 ], [ 4128668.7, 2957672.8 ], [ 4128632.4, 2957680.8 ], [ 4128621.0, 2957692.9 ], [ 4128601.8, 2957686.7 ], [ 4128587.8, 2957691.3 ], [ 4128581.4, 2957718.4 ], [ 4128612.3, 2957739.2 ], [ 4128723.9, 2957728.4 ], [ 4128802.3, 2957687.9 ], [ 4128806.2, 2957650.2 ], [ 4128792.3, 2957634.8 ], [ 4128799.1, 2957610.0 ], [ 4128798.4, 2957461.6 ], [ 4128814.3, 2957448.3 ], [ 4128836.6, 2957382.1 ], [ 4128830.8, 2957353.0 ], [ 4128859.3, 2957342.5 ], [ 4128865.2, 2957321.4 ], [ 4128838.0, 2957280.2 ], [ 4128721.0, 2957167.6 ], [ 4128654.0, 2957117.0 ], [ 4128626.7, 2957122.7 ], [ 4128590.6, 2957096.4 ], [ 4128590.8, 2957070.4 ], [ 4128505.1, 2957003.7 ], [ 4128400.1, 2956878.3 ], [ 4128355.3, 2956799.2 ], [ 4128340.4, 2956789.8 ], [ 4128322.4, 2956793.0 ], [ 4128310.9, 2956807.6 ], [ 4128333.7, 2956895.5 ], [ 4128319.9, 2956899.1 ], [ 4128294.1, 2956804.9 ], [ 4128319.0, 2956793.5 ], [ 4128323.0, 2956771.9 ], [ 4128314.4, 2956760.2 ], [ 4128294.8, 2956755.3 ], [ 4128282.4, 2956722.0 ], [ 4128261.6, 2956716.7 ], [ 4128258.0, 2956695.7 ], [ 4128270.3, 2956663.3 ], [ 4128276.4, 2956573.0 ], [ 4128275.8, 2956511.2 ], [ 4128265.5, 2956492.5 ], [ 4128354.1, 2956518.9 ], [ 4128326.5, 2956565.2 ], [ 4128322.3, 2956587.1 ], [ 4128334.1, 2956601.1 ], [ 4128360.6, 2956605.0 ], [ 4128383.7, 2956748.7 ], [ 4128413.7, 2956832.8 ], [ 4128549.4, 2956988.5 ], [ 4128652.1, 2957054.7 ], [ 4128707.9, 2957117.4 ], [ 4128734.4, 2957116.9 ], [ 4128800.4, 2957165.6 ], [ 4128824.6, 2957219.8 ], [ 4128885.4, 2957315.4 ], [ 4128892.0, 2957350.4 ], [ 4128877.9, 2957387.7 ], [ 4128871.4, 2957440.5 ], [ 4128888.2, 2957458.2 ], [ 4128909.7, 2957568.2 ], [ 4128907.9, 2957593.1 ], [ 4128892.2, 2957597.4 ], [ 4128882.9, 2957611.7 ], [ 4128881.0, 2957699.8 ], [ 4128885.0, 2957724.9 ], [ 4128902.0, 2957737.2 ], [ 4128923.7, 2957726.7 ], [ 4128942.9, 2957679.0 ], [ 4128939.7, 2957623.4 ], [ 4128955.7, 2957616.7 ], [ 4128980.1, 2957585.9 ], [ 4128988.9, 2957506.9 ], [ 4128981.8, 2957482.8 ], [ 4128994.2, 2957430.2 ], [ 4129043.3, 2957360.4 ], [ 4129067.1, 2957294.8 ], [ 4129056.6, 2957268.3 ], [ 4129071.7, 2957249.1 ], [ 4129071.6, 2957234.2 ], [ 4129021.5, 2957172.5 ], [ 4129025.4, 2957154.5 ], [ 4129005.2, 2957119.4 ], [ 4128989.8, 2957110.9 ], [ 4128972.8, 2957059.0 ], [ 4128969.3, 2957017.5 ], [ 4128959.5, 2957004.0 ], [ 4128951.3, 2956943.4 ], [ 4128974.9, 2956874.7 ], [ 4128995.8, 2956857.1 ], [ 4128979.8, 2956823.2 ], [ 4129006.3, 2956806.8 ], [ 4128999.2, 2956757.2 ], [ 4129046.8, 2956754.4 ], [ 4129049.7, 2956829.1 ], [ 4129061.9, 2956851.9 ], [ 4129028.3, 2956874.4 ], [ 4129025.9, 2956896.1 ], [ 4129036.5, 2956910.7 ], [ 4129127.3, 2956899.8 ], [ 4129137.0, 2956889.0 ], [ 4129148.3, 2956842.5 ], [ 4129171.6, 2956827.6 ], [ 4129200.4, 2956826.6 ], [ 4129221.1, 2956841.6 ], [ 4129223.4, 2956876.3 ], [ 4129148.8, 2956898.9 ], [ 4129136.0, 2956912.0 ], [ 4129146.6, 2957006.9 ], [ 4129137.7, 2957033.1 ], [ 4129210.5, 2957098.7 ], [ 4129287.4, 2957132.0 ], [ 4129339.3, 2957168.9 ], [ 4129408.1, 2957266.6 ], [ 4129423.1, 2957309.6 ], [ 4129515.9, 2957470.4 ], [ 4129507.6, 2957492.9 ], [ 4129518.5, 2957511.1 ], [ 4129565.5, 2957526.4 ], [ 4129606.8, 2957485.8 ], [ 4129561.7, 2957361.0 ], [ 4129605.1, 2957339.6 ], [ 4129620.9, 2957310.1 ], [ 4129632.4, 2957190.8 ], [ 4129608.7, 2957107.5 ], [ 4129605.9, 2957081.1 ], [ 4129614.5, 2957078.8 ], [ 4129642.0, 2957079.5 ], [ 4129662.3, 2957172.5 ], [ 4129646.1, 2957194.9 ], [ 4129657.5, 2957213.1 ], [ 4129652.2, 2957266.8 ], [ 4129666.6, 2957283.5 ], [ 4129657.8, 2957335.0 ], [ 4129626.0, 2957389.9 ], [ 4129612.0, 2957440.7 ], [ 4129639.2, 2957499.5 ], [ 4129656.1, 2957504.6 ], [ 4129671.3, 2957495.7 ], [ 4129687.8, 2957440.0 ], [ 4129720.5, 2957398.8 ], [ 4129788.7, 2957354.1 ], [ 4129844.7, 2957328.4 ], [ 4129912.6, 2957365.2 ], [ 4130043.2, 2957401.9 ], [ 4130093.7, 2957433.4 ], [ 4130135.9, 2957509.7 ], [ 4130169.6, 2957609.8 ], [ 4130174.0, 2957659.8 ], [ 4130167.0, 2957702.6 ], [ 4130144.0, 2957749.2 ], [ 4130119.5, 2957776.2 ], [ 4130047.0, 2957894.6 ], [ 4130060.9, 2957944.4 ], [ 4130034.3, 2958015.8 ], [ 4130036.2, 2958032.2 ], [ 4130020.3, 2958037.5 ], [ 4129964.3, 2958100.6 ], [ 4129960.2, 2958124.1 ], [ 4130038.5, 2958176.0 ], [ 4130056.3, 2958176.0 ], [ 4130069.4, 2958155.6 ], [ 4130054.1, 2958043.6 ], [ 4130100.9, 2958048.5 ], [ 4130111.6, 2958074.8 ], [ 4130135.2, 2958081.1 ], [ 4130176.0, 2958154.9 ], [ 4130218.2, 2958189.7 ], [ 4130265.4, 2958226.1 ], [ 4130474.8, 2958328.5 ], [ 4130466.7, 2958350.8 ], [ 4130472.6, 2958367.2 ], [ 4130578.8, 2958425.3 ], [ 4130666.4, 2958441.0 ], [ 4130689.2, 2958430.8 ], [ 4130704.5, 2958408.3 ], [ 4130705.1, 2958387.4 ], [ 4130676.6, 2958358.7 ], [ 4130729.1, 2958289.0 ], [ 4130730.5, 2958271.2 ], [ 4130778.5, 2958185.4 ], [ 4130787.4, 2958153.8 ], [ 4130761.9, 2958048.5 ], [ 4130776.1, 2958010.9 ], [ 4130764.9, 2957996.9 ], [ 4130750.5, 2957995.0 ], [ 4130730.1, 2958016.4 ], [ 4130731.3, 2958043.5 ], [ 4130721.1, 2958067.5 ], [ 4130726.9, 2958120.3 ], [ 4130720.8, 2958179.0 ], [ 4130620.5, 2958182.6 ], [ 4130667.0, 2958002.3 ], [ 4130653.4, 2957989.8 ], [ 4130524.0, 2957969.5 ], [ 4130473.8, 2957945.4 ], [ 4130496.7, 2957900.7 ], [ 4130480.0, 2957878.7 ], [ 4130505.5, 2957854.7 ], [ 4130531.8, 2957868.2 ], [ 4130549.5, 2957866.4 ], [ 4130601.5, 2957813.8 ], [ 4130658.7, 2957781.9 ], [ 4130691.5, 2957777.6 ], [ 4130738.5, 2957739.6 ], [ 4130782.6, 2957716.5 ], [ 4130800.1, 2957674.7 ], [ 4130850.2, 2957658.3 ], [ 4130852.5, 2957633.6 ], [ 4130833.7, 2957621.8 ], [ 4130856.5, 2957541.9 ], [ 4130829.0, 2957470.9 ], [ 4131039.4, 2957521.0 ], [ 4131056.6, 2957536.3 ], [ 4131084.4, 2957545.6 ], [ 4131075.2, 2957580.6 ], [ 4131050.7, 2957623.4 ], [ 4130951.0, 2957642.7 ], [ 4130938.2, 2957655.2 ], [ 4130938.9, 2957673.0 ], [ 4130951.5, 2957688.5 ], [ 4130946.3, 2957764.8 ], [ 4130910.6, 2957839.8 ], [ 4130937.2, 2957877.6 ], [ 4130868.0, 2957901.5 ], [ 4130854.7, 2957914.6 ], [ 4130865.6, 2957950.3 ], [ 4130853.0, 2957967.0 ], [ 4130832.4, 2958055.1 ], [ 4130843.6, 2958199.4 ], [ 4130824.8, 2958211.8 ], [ 4130786.0, 2958278.9 ], [ 4130785.3, 2958293.0 ], [ 4130796.8, 2958311.5 ], [ 4130760.9, 2958379.9 ], [ 4130754.2, 2958434.7 ], [ 4130768.1, 2958455.0 ], [ 4130820.8, 2958451.0 ], [ 4130919.0, 2958490.2 ], [ 4131021.2, 2958547.5 ], [ 4131001.6, 2958579.8 ], [ 4131005.1, 2958597.8 ], [ 4131090.8, 2958673.7 ], [ 4131108.3, 2958674.5 ], [ 4131136.6, 2958652.7 ], [ 4131154.8, 2958673.9 ], [ 4131130.9, 2958694.4 ], [ 4131125.9, 2958712.0 ], [ 4131147.2, 2958735.8 ], [ 4131164.8, 2958732.4 ], [ 4131184.1, 2958713.8 ], [ 4131210.4, 2958727.0 ], [ 4131230.1, 2958721.9 ], [ 4131286.1, 2958624.2 ], [ 4131310.3, 2958639.0 ], [ 4131335.8, 2958618.9 ], [ 4131378.3, 2958649.1 ], [ 4131400.0, 2958647.2 ], [ 4131448.5, 2958583.5 ], [ 4131449.2, 2958565.0 ], [ 4131437.1, 2958552.0 ], [ 4131465.6, 2958506.6 ], [ 4131529.4, 2958452.8 ], [ 4131550.9, 2958448.2 ], [ 4131612.2, 2958391.9 ], [ 4131613.3, 2958373.1 ], [ 4131595.7, 2958353.1 ], [ 4131597.1, 2958341.7 ], [ 4131619.7, 2958320.6 ], [ 4131622.2, 2958304.1 ], [ 4131657.7, 2958256.1 ], [ 4131651.4, 2958239.7 ], [ 4131630.1, 2958227.6 ], [ 4131624.8, 2958206.9 ], [ 4131608.1, 2958200.1 ], [ 4131594.5, 2958205.3 ], [ 4131517.6, 2958298.5 ], [ 4131499.7, 2958308.2 ], [ 4131494.5, 2958352.2 ], [ 4131377.0, 2958495.2 ], [ 4131340.1, 2958489.9 ], [ 4131283.0, 2958547.9 ], [ 4131257.1, 2958560.2 ], [ 4131230.2, 2958569.2 ], [ 4131140.3, 2958575.0 ], [ 4131143.9, 2958487.7 ], [ 4131169.1, 2958471.0 ], [ 4131171.3, 2958450.9 ], [ 4131236.4, 2958429.0 ], [ 4131280.9, 2958396.4 ], [ 4131310.6, 2958406.6 ], [ 4131341.5, 2958390.0 ], [ 4131423.5, 2958265.5 ], [ 4131423.0, 2958244.5 ], [ 4131546.7, 2958025.7 ], [ 4131565.7, 2958042.4 ], [ 4131653.6, 2958074.4 ], [ 4131632.2, 2958119.4 ], [ 4131631.7, 2958138.0 ], [ 4131645.0, 2958154.7 ], [ 4131663.0, 2958154.2 ], [ 4131697.6, 2958102.6 ], [ 4131697.4, 2958079.3 ], [ 4131801.1, 2957886.6 ], [ 4131829.0, 2957857.6 ], [ 4131850.6, 2957851.3 ], [ 4131887.1, 2957864.3 ], [ 4131904.6, 2957860.4 ], [ 4131912.7, 2957837.4 ], [ 4131894.0, 2957813.2 ], [ 4131923.6, 2957783.9 ], [ 4131968.3, 2957778.6 ], [ 4131996.7, 2957790.3 ], [ 4131986.5, 2957822.3 ], [ 4132012.0, 2957847.7 ], [ 4132029.0, 2957842.8 ], [ 4132055.2, 2957808.2 ], [ 4132078.1, 2957820.7 ], [ 4132117.6, 2957802.1 ], [ 4132121.4, 2957781.3 ], [ 4132102.9, 2957766.2 ], [ 4132063.3, 2957779.7 ], [ 4132053.2, 2957794.4 ], [ 4132037.1, 2957771.0 ], [ 4132014.5, 2957697.5 ], [ 4132167.1, 2957646.9 ], [ 4132254.1, 2957607.1 ], [ 4132295.8, 2957615.7 ], [ 4132360.7, 2957593.5 ], [ 4132365.7, 2957570.2 ], [ 4132338.6, 2957528.9 ], [ 4132324.2, 2957526.1 ], [ 4132273.8, 2957542.5 ], [ 4132251.0, 2957511.4 ], [ 4132208.6, 2957503.3 ], [ 4132208.4, 2957459.7 ], [ 4132288.9, 2957437.7 ], [ 4132293.8, 2957423.8 ], [ 4132286.4, 2957377.9 ], [ 4132316.5, 2957346.3 ], [ 4132331.2, 2957402.4 ], [ 4132347.7, 2957415.3 ], [ 4132369.7, 2957405.6 ], [ 4132373.6, 2957371.1 ], [ 4132401.0, 2957348.9 ], [ 4132411.3, 2957358.8 ], [ 4132407.6, 2957382.6 ], [ 4132416.4, 2957426.1 ], [ 4132410.9, 2957450.5 ], [ 4132424.7, 2957486.4 ], [ 4132471.3, 2957483.6 ], [ 4132489.6, 2957470.9 ], [ 4132492.0, 2957454.2 ], [ 4132444.0, 2957298.5 ], [ 4132365.8, 2957165.3 ], [ 4132341.2, 2957159.8 ], [ 4132327.6, 2957181.1 ], [ 4132337.9, 2957215.4 ], [ 4132380.4, 2957270.7 ], [ 4132384.1, 2957291.1 ], [ 4132369.0, 2957314.5 ], [ 4132335.2, 2957282.1 ], [ 4132324.2, 2957252.0 ], [ 4132282.9, 2957187.8 ], [ 4132251.1, 2957181.1 ], [ 4132233.4, 2957152.2 ], [ 4132235.7, 2957108.2 ], [ 4132251.1, 2957043.6 ], [ 4132258.9, 2957037.7 ], [ 4132280.2, 2957097.6 ], [ 4132302.7, 2957123.0 ], [ 4132326.9, 2957121.5 ], [ 4132348.9, 2957090.5 ], [ 4132347.2, 2957069.4 ], [ 4132326.1, 2957055.0 ], [ 4132334.9, 2957016.7 ], [ 4132298.1, 2956977.4 ], [ 4132385.4, 2956852.0 ], [ 4132365.3, 2956786.1 ], [ 4132350.5, 2956773.1 ], [ 4132305.9, 2956771.1 ], [ 4132267.4, 2956751.1 ], [ 4132234.2, 2956722.2 ], [ 4132173.3, 2956697.7 ], [ 4132242.7, 2956696.7 ], [ 4132271.2, 2956681.1 ], [ 4132317.6, 2956625.3 ], [ 4132330.8, 2956635.4 ], [ 4132380.1, 2956642.0 ], [ 4132414.2, 2956666.4 ], [ 4132439.9, 2956656.7 ], [ 4132442.0, 2956638.9 ], [ 4132422.8, 2956600.6 ], [ 4132398.4, 2956578.7 ], [ 4132423.8, 2956517.3 ], [ 4132389.5, 2956491.8 ], [ 4132429.8, 2956387.4 ], [ 4132421.4, 2956363.9 ], [ 4132493.7, 2956230.9 ], [ 4132511.0, 2956250.6 ], [ 4132514.9, 2956267.9 ], [ 4132530.4, 2956279.7 ], [ 4132551.0, 2956275.0 ], [ 4132560.4, 2956249.0 ], [ 4132642.3, 2956275.2 ], [ 4132640.6, 2956306.4 ], [ 4132688.5, 2956397.0 ], [ 4132682.7, 2956518.1 ], [ 4132694.3, 2956531.9 ], [ 4132723.3, 2956538.8 ], [ 4132718.8, 2956559.1 ], [ 4132730.8, 2956575.7 ], [ 4132760.3, 2956577.8 ], [ 4132774.8, 2956562.1 ], [ 4132765.0, 2956526.3 ], [ 4132776.5, 2956451.0 ], [ 4132766.2, 2956412.8 ], [ 4132813.8, 2956410.4 ], [ 4132828.5, 2956476.9 ], [ 4132833.0, 2956565.1 ], [ 4132823.9, 2956580.5 ], [ 4132826.7, 2956597.4 ], [ 4132875.9, 2956665.0 ], [ 4132923.6, 2956672.1 ], [ 4132996.4, 2956746.8 ], [ 4133020.3, 2956811.1 ], [ 4133027.1, 2956891.9 ], [ 4133037.3, 2956926.9 ], [ 4133025.9, 2956936.5 ], [ 4133023.1, 2956951.1 ], [ 4133040.2, 2956993.5 ], [ 4133108.0, 2957077.4 ], [ 4133183.2, 2957128.2 ], [ 4133203.0, 2957118.7 ], [ 4133207.2, 2957097.7 ], [ 4133188.7, 2957044.8 ], [ 4133133.6, 2956974.0 ], [ 4133138.0, 2956951.3 ], [ 4133088.9, 2956870.2 ], [ 4133052.4, 2956728.6 ], [ 4133050.1, 2956687.8 ], [ 4133029.8, 2956660.7 ], [ 4132944.6, 2956598.1 ], [ 4132923.8, 2956573.7 ], [ 4132922.4, 2956544.4 ], [ 4132883.5, 2956501.5 ], [ 4132907.9, 2956490.4 ], [ 4132915.3, 2956478.7 ], [ 4132912.3, 2956428.6 ], [ 4132902.8, 2956408.9 ], [ 4132924.4, 2956368.4 ], [ 4132967.2, 2956376.5 ], [ 4133023.7, 2956372.2 ], [ 4133037.8, 2956393.5 ], [ 4133058.1, 2956395.9 ], [ 4133072.6, 2956383.6 ], [ 4133101.2, 2956333.1 ], [ 4133113.0, 2956293.9 ], [ 4133135.1, 2956305.3 ], [ 4133260.1, 2956452.5 ], [ 4133291.0, 2956460.4 ], [ 4133323.2, 2956439.0 ], [ 4133327.9, 2956418.0 ], [ 4133233.4, 2956304.3 ], [ 4133251.7, 2956281.7 ], [ 4133366.9, 2956392.9 ], [ 4133478.5, 2956517.1 ], [ 4133505.3, 2956534.2 ], [ 4133541.2, 2956532.3 ], [ 4133564.9, 2956550.0 ], [ 4133584.9, 2956582.9 ], [ 4133581.6, 2956602.5 ], [ 4133592.7, 2956616.5 ], [ 4133615.3, 2956616.0 ], [ 4133626.6, 2956584.0 ], [ 4133659.4, 2956575.1 ], [ 4133658.2, 2956601.8 ], [ 4133666.5, 2956614.1 ], [ 4133704.7, 2956632.3 ], [ 4133750.8, 2956635.4 ], [ 4133818.1, 2956605.7 ], [ 4133829.1, 2956615.9 ], [ 4133847.7, 2956615.3 ], [ 4133868.0, 2956603.8 ], [ 4133878.4, 2956581.4 ], [ 4133872.9, 2956563.9 ], [ 4133855.9, 2956556.7 ], [ 4133837.1, 2956562.7 ], [ 4133819.5, 2956557.8 ], [ 4133744.4, 2956582.9 ], [ 4133744.3, 2956556.2 ], [ 4133779.9, 2956530.7 ], [ 4133767.7, 2956489.4 ], [ 4133730.5, 2956487.2 ], [ 4133657.8, 2956463.9 ], [ 4133609.6, 2956473.8 ], [ 4133595.4, 2956485.0 ], [ 4133542.2, 2956450.8 ], [ 4133545.3, 2956443.4 ], [ 4133577.8, 2956459.1 ], [ 4133656.1, 2956442.1 ], [ 4133692.3, 2956445.7 ], [ 4133706.8, 2956435.5 ], [ 4133709.1, 2956417.9 ], [ 4133750.5, 2956410.6 ], [ 4133757.5, 2956390.5 ], [ 4133723.7, 2956354.4 ], [ 4133707.6, 2956349.0 ], [ 4133617.9, 2956375.5 ], [ 4133604.3, 2956394.3 ], [ 4133585.9, 2956400.4 ], [ 4133571.6, 2956390.6 ], [ 4133553.0, 2956393.4 ], [ 4133531.2, 2956367.0 ], [ 4133527.9, 2956338.3 ], [ 4133505.3, 2956327.2 ], [ 4133503.6, 2956290.0 ], [ 4133482.8, 2956246.2 ], [ 4133452.1, 2956211.4 ], [ 4133457.0, 2956187.2 ], [ 4133487.3, 2956150.7 ], [ 4133490.6, 2956133.8 ], [ 4133464.6, 2956106.5 ], [ 4133434.2, 2956015.9 ], [ 4133390.2, 2955970.7 ], [ 4133406.9, 2955954.4 ], [ 4133437.2, 2955980.1 ], [ 4133454.3, 2955982.5 ], [ 4133470.5, 2955968.9 ], [ 4133507.2, 2955959.0 ], [ 4133518.4, 2955941.3 ], [ 4133514.8, 2955927.5 ], [ 4133472.1, 2955882.9 ], [ 4133502.0, 2955848.4 ], [ 4133503.0, 2955826.7 ], [ 4133448.2, 2955773.3 ], [ 4133455.3, 2955757.9 ], [ 4133450.6, 2955741.1 ], [ 4133376.1, 2955683.8 ], [ 4133386.9, 2955665.7 ], [ 4133435.7, 2955706.8 ], [ 4133462.2, 2955703.7 ], [ 4133472.1, 2955689.2 ], [ 4133471.0, 2955672.3 ], [ 4133421.5, 2955632.7 ], [ 4133444.7, 2955613.6 ], [ 4133457.9, 2955620.2 ], [ 4133501.2, 2955675.0 ], [ 4133584.2, 2955726.7 ], [ 4133598.8, 2955727.4 ], [ 4133612.5, 2955715.6 ], [ 4133606.7, 2955672.0 ], [ 4133692.5, 2955713.0 ], [ 4133744.1, 2955712.2 ], [ 4133789.7, 2955721.2 ], [ 4133822.5, 2955738.8 ], [ 4133876.0, 2955785.9 ], [ 4133923.0, 2955850.0 ], [ 4133953.7, 2955918.4 ], [ 4134020.9, 2956019.0 ], [ 4134050.4, 2956089.8 ], [ 4134070.4, 2956115.6 ], [ 4134060.9, 2956163.2 ], [ 4134068.8, 2956196.9 ], [ 4134062.8, 2956240.6 ], [ 4134080.1, 2956251.6 ], [ 4134092.0, 2956281.8 ], [ 4134117.9, 2956285.0 ], [ 4134166.8, 2956394.2 ], [ 4134182.4, 2956406.6 ], [ 4134200.0, 2956459.2 ], [ 4134223.4, 2956464.6 ], [ 4134237.9, 2956444.9 ], [ 4134280.1, 2956441.1 ], [ 4134292.5, 2956446.7 ], [ 4134282.8, 2956463.5 ], [ 4134289.2, 2956490.4 ], [ 4134285.6, 2956517.3 ], [ 4134298.7, 2956537.1 ], [ 4134337.5, 2956531.2 ], [ 4134348.2, 2956512.2 ], [ 4134324.1, 2956454.4 ], [ 4134307.7, 2956443.1 ], [ 4134317.1, 2956428.7 ], [ 4134313.9, 2956408.4 ], [ 4134291.5, 2956396.7 ], [ 4134284.0, 2956320.3 ], [ 4134304.4, 2956296.0 ], [ 4134304.8, 2956260.0 ], [ 4134330.5, 2956232.2 ], [ 4134342.4, 2956205.4 ], [ 4134366.4, 2956206.3 ], [ 4134377.9, 2956185.0 ], [ 4134251.8, 2955986.4 ], [ 4134203.5, 2955861.9 ], [ 4134201.0, 2955817.5 ], [ 4134234.1, 2955579.7 ], [ 4134256.9, 2955572.9 ], [ 4134242.8, 2955629.2 ], [ 4134264.3, 2955655.5 ], [ 4134257.4, 2955687.1 ], [ 4134239.2, 2955699.8 ], [ 4134215.7, 2955767.1 ], [ 4134237.2, 2955857.1 ], [ 4134254.3, 2955883.8 ], [ 4134262.4, 2955936.6 ], [ 4134313.8, 2956028.5 ], [ 4134378.1, 2956046.6 ], [ 4134427.6, 2956109.0 ], [ 4134451.8, 2956159.2 ], [ 4134489.1, 2956178.0 ], [ 4134410.1, 2956339.5 ], [ 4134399.3, 2956392.0 ], [ 4134405.7, 2956418.1 ], [ 4134428.4, 2956426.8 ], [ 4134446.6, 2956502.9 ], [ 4134548.9, 2956523.4 ], [ 4134558.6, 2956545.4 ], [ 4134594.8, 2956561.4 ], [ 4134644.0, 2956552.2 ], [ 4134673.0, 2956535.3 ], [ 4134669.2, 2956508.4 ], [ 4134689.5, 2956438.9 ], [ 4134675.2, 2956418.8 ], [ 4134676.9, 2956398.5 ], [ 4134728.5, 2956299.2 ], [ 4134700.1, 2956245.2 ], [ 4134676.2, 2956241.9 ], [ 4134662.5, 2956268.6 ], [ 4134641.9, 2956264.6 ], [ 4134628.0, 2956275.3 ], [ 4134633.3, 2956310.1 ], [ 4134623.6, 2956388.4 ], [ 4134533.2, 2956396.1 ], [ 4134514.5, 2956386.8 ], [ 4134504.8, 2956366.1 ], [ 4134504.2, 2956350.9 ], [ 4134517.0, 2956333.6 ], [ 4134546.0, 2956318.9 ], [ 4134548.9, 2956295.3 ], [ 4134593.3, 2956274.8 ], [ 4134619.8, 2956183.7 ], [ 4134661.9, 2956197.1 ], [ 4134664.1, 2956213.2 ], [ 4134674.8, 2956222.8 ], [ 4134768.0, 2956247.8 ], [ 4134783.6, 2956241.9 ], [ 4134791.6, 2956223.3 ], [ 4134818.4, 2956211.6 ], [ 4134946.2, 2956192.3 ], [ 4134971.6, 2956169.6 ], [ 4134993.5, 2956180.3 ], [ 4135047.8, 2956288.7 ], [ 4135031.8, 2956315.8 ], [ 4135049.0, 2956337.4 ], [ 4135048.0, 2956348.3 ], [ 4135009.0, 2956346.9 ], [ 4134990.2, 2956335.7 ], [ 4134856.3, 2956347.0 ], [ 4134837.7, 2956386.0 ], [ 4134840.2, 2956404.0 ], [ 4134826.6, 2956412.0 ], [ 4134797.6, 2956417.3 ], [ 4134751.6, 2956408.9 ], [ 4134734.9, 2956416.3 ], [ 4134723.9, 2956504.0 ], [ 4134749.0, 2956515.2 ], [ 4134804.7, 2956465.9 ], [ 4134820.9, 2956462.4 ], [ 4134843.6, 2956474.4 ], [ 4134919.8, 2956445.0 ], [ 4134925.3, 2956450.8 ], [ 4134898.3, 2956463.7 ], [ 4134890.0, 2956481.1 ], [ 4134860.0, 2956504.2 ], [ 4134861.7, 2956521.5 ], [ 4134880.7, 2956544.5 ], [ 4134898.2, 2956547.5 ], [ 4134929.5, 2956532.1 ], [ 4134949.4, 2956539.8 ], [ 4134991.6, 2956521.7 ], [ 4135010.9, 2956522.8 ], [ 4135028.5, 2956538.6 ], [ 4135087.3, 2956536.3 ], [ 4135100.3, 2956529.6 ], [ 4135114.9, 2956502.4 ], [ 4135104.5, 2956477.6 ], [ 4134960.3, 2956473.0 ], [ 4134957.1, 2956456.4 ], [ 4134982.1, 2956446.9 ], [ 4134990.0, 2956426.8 ], [ 4135107.8, 2956435.9 ], [ 4135123.9, 2956456.0 ], [ 4135117.7, 2956495.4 ], [ 4135135.9, 2956507.0 ], [ 4135154.6, 2956537.9 ], [ 4135202.1, 2956560.8 ], [ 4135207.9, 2956591.5 ], [ 4135231.1, 2956616.8 ], [ 4135219.9, 2956625.4 ], [ 4135210.7, 2956627.3 ], [ 4135203.5, 2956603.5 ], [ 4135165.2, 2956567.5 ], [ 4135144.1, 2956563.7 ], [ 4135110.9, 2956542.5 ], [ 4135091.7, 2956550.4 ], [ 4135072.7, 2956588.2 ], [ 4134990.8, 2956623.2 ], [ 4134970.4, 2956584.5 ], [ 4134954.5, 2956575.8 ], [ 4134891.6, 2956602.1 ], [ 4134780.6, 2956600.2 ], [ 4134761.8, 2956628.0 ], [ 4134753.3, 2956664.5 ], [ 4134758.7, 2956681.4 ], [ 4134751.4, 2956684.5 ], [ 4134725.3, 2956655.2 ], [ 4134709.5, 2956612.9 ], [ 4134682.5, 2956604.6 ], [ 4134666.0, 2956618.6 ], [ 4134667.2, 2956644.0 ], [ 4134649.5, 2956649.3 ], [ 4134641.4, 2956661.1 ], [ 4134643.3, 2956709.0 ], [ 4134654.1, 2956728.2 ], [ 4134635.8, 2956743.3 ], [ 4134600.2, 2956720.1 ], [ 4134581.2, 2956679.7 ], [ 4134564.6, 2956671.7 ], [ 4134568.8, 2956623.0 ], [ 4134558.1, 2956605.7 ], [ 4134510.8, 2956601.0 ], [ 4134494.4, 2956614.4 ], [ 4134454.8, 2956616.4 ], [ 4134426.8, 2956603.8 ], [ 4134405.7, 2956615.3 ], [ 4134375.6, 2956661.5 ], [ 4134330.1, 2956653.6 ], [ 4134308.0, 2956666.0 ], [ 4134285.4, 2956664.8 ], [ 4134266.6, 2956690.8 ], [ 4134129.8, 2956724.0 ], [ 4134079.5, 2956764.5 ], [ 4134027.0, 2956773.3 ], [ 4134014.9, 2956793.9 ], [ 4134030.4, 2956837.1 ], [ 4134016.8, 2956847.3 ], [ 4134006.8, 2956876.3 ], [ 4134037.1, 2956930.4 ], [ 4134013.8, 2956932.7 ], [ 4133963.8, 2956919.4 ], [ 4133969.9, 2956895.9 ], [ 4133964.6, 2956882.3 ], [ 4133922.0, 2956849.9 ], [ 4133904.4, 2956847.7 ], [ 4133858.4, 2956879.0 ], [ 4133851.9, 2956891.5 ], [ 4133856.2, 2956908.5 ], [ 4133884.5, 2956935.0 ], [ 4133822.9, 2956945.0 ], [ 4133806.9, 2956932.3 ], [ 4133786.4, 2956935.3 ], [ 4133640.3, 2957035.9 ], [ 4133592.9, 2957091.9 ], [ 4133594.5, 2957116.5 ], [ 4133585.2, 2957144.1 ], [ 4133594.5, 2957163.3 ], [ 4133590.7, 2957190.9 ], [ 4133553.4, 2957193.6 ], [ 4133539.0, 2957204.8 ], [ 4133530.5, 2957254.3 ], [ 4133530.5, 2957331.6 ], [ 4133505.0, 2957342.8 ], [ 4133494.6, 2957380.2 ], [ 4133496.1, 2957420.1 ], [ 4133461.9, 2957466.6 ], [ 4133469.3, 2957486.1 ], [ 4133494.9, 2957492.1 ], [ 4133504.7, 2957524.1 ], [ 4133527.5, 2957557.5 ], [ 4133493.8, 2957616.3 ], [ 4133468.1, 2957614.5 ], [ 4133441.5, 2957637.9 ], [ 4133383.8, 2957614.7 ], [ 4133386.7, 2957592.9 ], [ 4133379.8, 2957580.0 ], [ 4133359.4, 2957570.2 ], [ 4133334.2, 2957570.3 ], [ 4133346.6, 2957540.1 ], [ 4133342.6, 2957519.8 ], [ 4133327.1, 2957495.5 ], [ 4133307.2, 2957490.9 ], [ 4133206.8, 2957522.7 ], [ 4133129.8, 2957562.8 ], [ 4133105.1, 2957561.5 ], [ 4133036.4, 2957600.0 ], [ 4132803.2, 2957826.3 ], [ 4132748.3, 2957835.4 ], [ 4132741.0, 2957821.8 ], [ 4132724.6, 2957815.9 ], [ 4132704.0, 2957829.3 ], [ 4132655.4, 2957825.3 ], [ 4132614.7, 2957834.2 ], [ 4132591.3, 2957850.3 ], [ 4132567.2, 2957849.5 ], [ 4132536.1, 2957870.8 ], [ 4132498.9, 2957872.1 ], [ 4132486.0, 2957888.1 ], [ 4132431.7, 2957914.2 ], [ 4132393.6, 2957914.3 ], [ 4132320.9, 2957951.8 ], [ 4132282.3, 2957984.3 ], [ 4132277.6, 2958007.3 ], [ 4132269.9, 2958010.5 ], [ 4132259.5, 2958010.4 ], [ 4132233.6, 2957976.5 ], [ 4132209.1, 2957976.5 ], [ 4132160.1, 2958051.6 ], [ 4132149.8, 2958094.0 ], [ 4132101.4, 2958138.2 ], [ 4132093.1, 2958140.8 ], [ 4132045.0, 2958112.3 ], [ 4132009.8, 2958132.2 ], [ 4132006.6, 2958156.6 ], [ 4132039.6, 2958190.3 ], [ 4131992.7, 2958232.0 ], [ 4131934.9, 2958257.0 ], [ 4131910.3, 2958286.1 ], [ 4131914.3, 2958310.8 ], [ 4131826.5, 2958372.7 ], [ 4131776.6, 2958452.5 ], [ 4131732.5, 2958483.0 ], [ 4131711.5, 2958511.2 ], [ 4131708.5, 2958531.8 ], [ 4131649.5, 2958600.9 ], [ 4131652.2, 2958624.4 ], [ 4131632.2, 2958650.5 ], [ 4131611.5, 2958654.5 ], [ 4131578.4, 2958700.1 ], [ 4131501.7, 2958773.1 ], [ 4131432.3, 2958888.9 ], [ 4131429.8, 2958925.1 ], [ 4131446.6, 2958942.2 ], [ 4131402.5, 2959019.9 ], [ 4131408.7, 2959037.0 ], [ 4131421.9, 2959043.5 ], [ 4131455.8, 2959034.2 ], [ 4131462.3, 2958999.0 ], [ 4131533.6, 2958944.2 ], [ 4131591.4, 2958886.6 ], [ 4131596.7, 2958870.2 ], [ 4131587.6, 2958854.2 ], [ 4131665.0, 2958755.6 ], [ 4131685.4, 2958750.3 ], [ 4131716.9, 2958709.1 ], [ 4131745.4, 2958734.2 ], [ 4131770.1, 2958729.2 ], [ 4131897.6, 2958565.3 ], [ 4131895.9, 2958536.7 ], [ 4131906.6, 2958519.8 ], [ 4131976.9, 2958478.9 ], [ 4132098.8, 2958446.2 ], [ 4132106.0, 2958430.4 ], [ 4132097.9, 2958371.5 ], [ 4132101.9, 2958344.6 ], [ 4132135.9, 2958349.1 ], [ 4132157.3, 2958321.2 ], [ 4132254.0, 2958300.9 ], [ 4132379.4, 2958211.7 ], [ 4132427.6, 2958210.7 ], [ 4132475.6, 2958249.3 ], [ 4132493.2, 2958253.3 ], [ 4132556.3, 2958205.1 ], [ 4132585.0, 2958192.7 ], [ 4132692.0, 2958184.1 ], [ 4132841.9, 2958146.4 ], [ 4132925.4, 2958136.3 ], [ 4132966.5, 2958139.0 ], [ 4132981.8, 2958116.0 ], [ 4132961.7, 2958069.6 ], [ 4132997.3, 2958033.3 ], [ 4133089.4, 2957978.0 ], [ 4133180.4, 2957973.1 ], [ 4133192.4, 2957964.6 ], [ 4133195.8, 2957946.7 ], [ 4133270.2, 2957941.8 ], [ 4133280.7, 2957928.6 ], [ 4133280.9, 2957903.2 ], [ 4133378.6, 2957891.1 ], [ 4133387.7, 2957929.3 ], [ 4133407.9, 2957945.8 ], [ 4133509.6, 2957942.9 ], [ 4133561.4, 2957974.3 ], [ 4133578.1, 2958007.5 ], [ 4133593.9, 2958016.5 ], [ 4133770.9, 2957962.5 ], [ 4133782.3, 2957988.0 ], [ 4133802.4, 2957993.3 ], [ 4133933.3, 2957945.4 ], [ 4133954.7, 2958008.7 ], [ 4133956.2, 2958057.5 ], [ 4133938.9, 2958090.9 ], [ 4133913.0, 2958182.7 ], [ 4133926.8, 2958262.4 ], [ 4133888.4, 2958298.6 ], [ 4133885.0, 2958321.4 ], [ 4133808.9, 2958353.8 ], [ 4133605.6, 2958323.6 ], [ 4133579.0, 2958344.3 ], [ 4133563.1, 2958369.0 ], [ 4133545.5, 2958439.5 ], [ 4133551.6, 2958459.1 ], [ 4133574.7, 2958464.1 ], [ 4133644.3, 2958433.0 ], [ 4133697.6, 2958519.5 ], [ 4133703.8, 2958556.4 ], [ 4133759.7, 2958575.5 ], [ 4133773.7, 2958598.2 ], [ 4133744.6, 2958652.9 ], [ 4133695.9, 2958688.0 ], [ 4133690.0, 2958726.1 ], [ 4133663.2, 2958760.8 ], [ 4133667.9, 2958780.3 ], [ 4133644.4, 2958793.8 ], [ 4133604.5, 2958854.1 ], [ 4133574.5, 2958871.3 ], [ 4133542.9, 2958951.1 ], [ 4133525.3, 2958951.7 ], [ 4133515.2, 2958961.7 ], [ 4133506.4, 2958998.8 ], [ 4133525.4, 2959029.4 ], [ 4133503.3, 2959050.3 ], [ 4133503.4, 2959068.6 ], [ 4133458.0, 2959162.0 ], [ 4133465.0, 2959187.9 ], [ 4133445.8, 2959226.6 ], [ 4133416.0, 2959215.5 ], [ 4133391.9, 2959241.3 ], [ 4133399.7, 2959261.0 ], [ 4133423.9, 2959271.3 ], [ 4133448.2, 2959343.4 ], [ 4133434.2, 2959382.7 ], [ 4133401.4, 2959415.5 ], [ 4133413.8, 2959490.1 ], [ 4133402.2, 2959561.3 ], [ 4133368.3, 2959629.2 ], [ 4133366.8, 2959669.3 ], [ 4133374.5, 2959698.4 ], [ 4133369.6, 2959741.1 ], [ 4133351.5, 2959769.3 ], [ 4133347.0, 2959809.1 ], [ 4133359.9, 2959826.6 ], [ 4133394.0, 2959828.1 ], [ 4133403.0, 2959838.3 ], [ 4133399.6, 2959908.4 ], [ 4133472.8, 2959963.8 ], [ 4133428.3, 2960049.9 ], [ 4133416.3, 2960185.1 ], [ 4133428.7, 2960206.0 ], [ 4133467.4, 2960212.4 ], [ 4133462.2, 2960228.8 ], [ 4133417.3, 2960242.8 ], [ 4133406.0, 2960256.4 ], [ 4133403.4, 2960283.9 ], [ 4133413.8, 2960294.8 ], [ 4133436.2, 2960298.6 ], [ 4133439.6, 2960324.2 ], [ 4133437.8, 2960355.2 ], [ 4133413.2, 2960352.1 ], [ 4133398.2, 2960365.6 ], [ 4133398.9, 2960424.7 ], [ 4133377.3, 2960428.5 ], [ 4133368.7, 2960445.4 ], [ 4133345.0, 2960449.0 ], [ 4133328.5, 2960477.9 ], [ 4133302.5, 2960482.3 ], [ 4133293.4, 2960497.3 ], [ 4133289.6, 2960532.4 ], [ 4133269.5, 2960541.3 ], [ 4133264.5, 2960569.6 ], [ 4133289.9, 2960619.5 ], [ 4133309.7, 2960629.4 ], [ 4133350.2, 2960633.4 ], [ 4133363.6, 2960655.0 ], [ 4133365.2, 2960742.0 ], [ 4133350.2, 2960764.6 ], [ 4133371.6, 2960809.3 ], [ 4133354.6, 2960818.6 ], [ 4133349.4, 2960832.6 ], [ 4133386.1, 2960957.5 ], [ 4133377.1, 2960973.4 ], [ 4133380.1, 2961009.8 ], [ 4133359.1, 2961064.3 ], [ 4133363.2, 2961084.3 ], [ 4133385.7, 2961121.4 ], [ 4133401.4, 2961129.8 ], [ 4133418.1, 2961123.8 ], [ 4133437.1, 2961100.5 ], [ 4133452.4, 2961096.9 ], [ 4133458.5, 2961120.5 ], [ 4133503.9, 2961158.3 ], [ 4133522.2, 2961159.8 ], [ 4133540.9, 2961148.0 ], [ 4133543.9, 2961126.8 ] ], [ [ 4134193.4, 2958001.2 ], [ 4134078.0, 2957911.2 ], [ 4134059.4, 2957885.9 ], [ 4133989.7, 2957830.3 ], [ 4134183.0, 2957684.4 ], [ 4134319.0, 2957647.3 ], [ 4134517.4, 2957613.8 ], [ 4134636.5, 2957654.7 ], [ 4134651.7, 2957635.7 ], [ 4134642.0, 2957612.1 ], [ 4134695.5, 2957579.8 ], [ 4134709.7, 2957590.8 ], [ 4134728.1, 2957588.3 ], [ 4134811.4, 2957512.1 ], [ 4134860.7, 2957561.1 ], [ 4134887.7, 2957561.6 ], [ 4134899.5, 2957553.3 ], [ 4134903.1, 2957535.8 ], [ 4134888.0, 2957508.9 ], [ 4134893.4, 2957490.7 ], [ 4134872.9, 2957435.7 ], [ 4134849.6, 2957431.4 ], [ 4134771.6, 2957475.6 ], [ 4134700.5, 2957356.7 ], [ 4134875.0, 2957194.0 ], [ 4134926.5, 2957231.0 ], [ 4134950.5, 2957228.2 ], [ 4135015.4, 2957152.7 ], [ 4135056.9, 2957087.9 ], [ 4135122.8, 2957043.4 ], [ 4135127.4, 2957029.2 ], [ 4135119.3, 2957012.8 ], [ 4135111.9, 2956842.2 ], [ 4135120.4, 2956807.4 ], [ 4135138.6, 2956797.4 ], [ 4135150.7, 2956804.9 ], [ 4135163.3, 2956833.4 ], [ 4135235.6, 2956845.9 ], [ 4135352.1, 2956818.0 ], [ 4135395.2, 2956781.5 ], [ 4135477.7, 2956804.4 ], [ 4135509.3, 2956832.7 ], [ 4135506.9, 2956906.6 ], [ 4135528.4, 2956923.6 ], [ 4135676.4, 2956842.4 ], [ 4135692.6, 2956821.5 ], [ 4135822.0, 2956787.3 ], [ 4135846.4, 2956801.0 ], [ 4135905.5, 2956760.4 ], [ 4135928.5, 2956751.0 ], [ 4135969.2, 2956750.4 ], [ 4136074.8, 2956928.2 ], [ 4136053.1, 2956939.8 ], [ 4136050.3, 2956961.3 ], [ 4136089.7, 2956998.2 ], [ 4136113.5, 2957033.7 ], [ 4136107.4, 2957052.3 ], [ 4136094.1, 2957050.7 ], [ 4136085.8, 2957032.9 ], [ 4136060.9, 2957019.9 ], [ 4136036.6, 2957030.3 ], [ 4135969.7, 2957148.0 ], [ 4135991.1, 2957256.3 ], [ 4135985.0, 2957263.3 ], [ 4135933.7, 2957270.9 ], [ 4135927.8, 2957284.5 ], [ 4135933.1, 2957302.1 ], [ 4135899.3, 2957330.1 ], [ 4135898.4, 2957352.1 ], [ 4135968.5, 2957431.6 ], [ 4135992.8, 2957425.7 ], [ 4135996.7, 2957397.6 ], [ 4136007.1, 2957386.7 ], [ 4136027.8, 2957406.7 ], [ 4136022.7, 2957433.7 ], [ 4136062.0, 2957543.5 ], [ 4136075.5, 2957634.5 ], [ 4136125.2, 2957709.2 ], [ 4136138.9, 2957712.8 ], [ 4136157.4, 2957705.3 ], [ 4136216.4, 2957745.4 ], [ 4136231.2, 2957747.1 ], [ 4136245.8, 2957735.8 ], [ 4136275.1, 2957665.8 ], [ 4136389.7, 2957658.3 ], [ 4136363.4, 2957709.6 ], [ 4136308.1, 2957771.1 ], [ 4136246.4, 2957758.5 ], [ 4136221.3, 2957779.0 ], [ 4136215.3, 2957796.1 ], [ 4136164.1, 2957819.2 ], [ 4136160.2, 2957855.4 ], [ 4136130.2, 2957860.3 ], [ 4136116.3, 2957873.8 ], [ 4136111.9, 2957914.2 ], [ 4136073.8, 2957894.8 ], [ 4136070.4, 2957878.5 ], [ 4136056.1, 2957868.3 ], [ 4136037.3, 2957872.6 ], [ 4136015.8, 2957894.9 ], [ 4135990.9, 2957869.0 ], [ 4135949.8, 2957884.1 ], [ 4135923.3, 2957854.3 ], [ 4135885.3, 2957838.6 ], [ 4135839.0, 2957865.4 ], [ 4135837.5, 2957885.8 ], [ 4135899.9, 2957983.4 ], [ 4135886.1, 2958003.0 ], [ 4135899.2, 2958035.8 ], [ 4135894.1, 2958053.0 ], [ 4135904.0, 2958174.1 ], [ 4135858.1, 2958173.0 ], [ 4135811.4, 2958185.3 ], [ 4135796.0, 2958208.5 ], [ 4135805.1, 2958239.6 ], [ 4135845.7, 2958287.2 ], [ 4135840.1, 2958308.1 ], [ 4135868.2, 2958418.9 ], [ 4135870.6, 2958475.6 ], [ 4135889.5, 2958560.2 ], [ 4135913.4, 2958573.7 ], [ 4135928.3, 2958679.7 ], [ 4135925.9, 2958686.5 ], [ 4135911.3, 2958675.7 ], [ 4135884.0, 2958676.0 ], [ 4135800.5, 2958730.1 ], [ 4135545.5, 2958815.5 ], [ 4135530.1, 2958774.5 ], [ 4135492.0, 2958775.2 ], [ 4135458.1, 2958659.2 ], [ 4135442.0, 2958652.2 ], [ 4135415.4, 2958656.4 ], [ 4135403.4, 2958589.4 ], [ 4135398.0, 2958516.1 ], [ 4135418.5, 2958421.0 ], [ 4135411.5, 2958345.7 ], [ 4135396.7, 2958286.1 ], [ 4135428.2, 2958221.8 ], [ 4135475.8, 2958171.6 ], [ 4135480.0, 2958153.9 ], [ 4135434.2, 2958098.6 ], [ 4135326.4, 2958080.6 ], [ 4135293.0, 2957857.7 ], [ 4135293.4, 2957809.0 ], [ 4135266.9, 2957748.6 ], [ 4135281.5, 2957739.2 ], [ 4135285.6, 2957715.3 ], [ 4135258.4, 2957637.3 ], [ 4135289.9, 2957631.4 ], [ 4135318.1, 2957677.4 ], [ 4135352.4, 2957692.8 ], [ 4135404.7, 2957689.6 ], [ 4135450.3, 2957670.2 ], [ 4135471.8, 2957698.6 ], [ 4135488.7, 2957703.2 ], [ 4135509.0, 2957689.5 ], [ 4135511.8, 2957672.4 ], [ 4135478.3, 2957646.9 ], [ 4135456.7, 2957652.5 ], [ 4135448.8, 2957637.7 ], [ 4135423.4, 2957622.5 ], [ 4135412.7, 2957577.6 ], [ 4135381.2, 2957534.2 ], [ 4135380.4, 2957517.7 ], [ 4135348.5, 2957486.3 ], [ 4135330.9, 2957485.1 ], [ 4135319.8, 2957494.0 ], [ 4135300.0, 2957555.1 ], [ 4135263.4, 2957514.5 ], [ 4135181.2, 2957369.6 ], [ 4135192.2, 2957355.9 ], [ 4135189.5, 2957338.5 ], [ 4135166.9, 2957327.1 ], [ 4135142.1, 2957292.2 ], [ 4135127.4, 2957290.4 ], [ 4135101.1, 2957301.5 ], [ 4135089.6, 2957315.6 ], [ 4135101.5, 2957354.2 ], [ 4135083.9, 2957363.7 ], [ 4135078.7, 2957380.7 ], [ 4135099.2, 2957426.4 ], [ 4135079.5, 2957447.9 ], [ 4135010.5, 2957463.6 ], [ 4134999.5, 2957481.9 ], [ 4135015.2, 2957585.1 ], [ 4135100.3, 2957685.7 ], [ 4135082.4, 2957730.1 ], [ 4135097.4, 2957761.9 ], [ 4135090.3, 2957783.9 ], [ 4135105.5, 2957857.2 ], [ 4135071.0, 2957857.7 ], [ 4135044.8, 2957809.8 ], [ 4135032.1, 2957801.9 ], [ 4135011.2, 2957808.7 ], [ 4134895.3, 2957813.1 ], [ 4134801.6, 2957726.3 ], [ 4134732.7, 2957644.4 ], [ 4134713.3, 2957639.6 ], [ 4134689.4, 2957654.2 ], [ 4134685.2, 2957674.6 ], [ 4134734.8, 2957754.0 ], [ 4134789.7, 2957978.6 ], [ 4134616.9, 2957944.3 ], [ 4134598.6, 2957960.4 ], [ 4134588.2, 2958068.8 ], [ 4134512.7, 2958026.6 ], [ 4134412.6, 2958053.1 ], [ 4134399.1, 2958064.0 ], [ 4134397.0, 2958141.5 ], [ 4134419.5, 2958151.4 ], [ 4134453.5, 2958133.5 ], [ 4134462.8, 2958161.6 ], [ 4134452.5, 2958189.2 ], [ 4134456.1, 2958206.4 ], [ 4134563.1, 2958243.8 ], [ 4134556.4, 2958296.7 ], [ 4134455.5, 2958287.2 ], [ 4134426.1, 2958272.2 ], [ 4134395.1, 2958239.7 ], [ 4134381.5, 2958235.2 ], [ 4134262.9, 2958109.5 ], [ 4134193.4, 2958001.2 ] ], [ [ 4136495.9, 2958264.8 ], [ 4136465.0, 2958146.4 ], [ 4136452.0, 2958133.9 ], [ 4136411.6, 2957937.8 ], [ 4136360.6, 2957881.9 ], [ 4136305.2, 2957840.0 ], [ 4136332.9, 2957839.3 ], [ 4136365.2, 2957797.2 ], [ 4136443.1, 2957867.3 ], [ 4136464.6, 2957871.8 ], [ 4136535.7, 2957935.9 ], [ 4136552.1, 2957936.8 ], [ 4136591.6, 2957915.0 ], [ 4136619.2, 2958083.3 ], [ 4136593.3, 2958197.9 ], [ 4136579.0, 2958238.2 ], [ 4136495.9, 2958264.8 ] ], [ [ 4136773.9, 2956897.1 ], [ 4136779.0, 2956908.3 ], [ 4136745.2, 2956930.7 ], [ 4136740.9, 2956950.6 ], [ 4136690.5, 2957011.8 ], [ 4136679.9, 2957005.8 ], [ 4136687.7, 2956958.0 ], [ 4136720.0, 2956924.8 ], [ 4136773.9, 2956897.1 ] ], [ [ 4134663.8, 2957030.8 ], [ 4134615.8, 2957030.2 ], [ 4134611.1, 2957021.1 ], [ 4134622.7, 2956967.4 ], [ 4134688.3, 2956987.7 ], [ 4134663.8, 2957030.8 ] ], [ [ 4134238.0, 2956996.1 ], [ 4134226.1, 2957160.1 ], [ 4134202.0, 2957154.4 ], [ 4134209.4, 2957140.5 ], [ 4134208.3, 2957101.6 ], [ 4134191.8, 2957083.2 ], [ 4134200.3, 2957017.3 ], [ 4134214.5, 2957005.3 ], [ 4134217.8, 2956983.6 ], [ 4134238.0, 2956996.1 ] ], [ [ 4136108.9, 2956607.7 ], [ 4136034.0, 2956601.7 ], [ 4136037.1, 2956580.6 ], [ 4136026.5, 2956554.8 ], [ 4136045.3, 2956544.0 ], [ 4136051.4, 2956530.7 ], [ 4136033.6, 2956500.6 ], [ 4136042.1, 2956494.9 ], [ 4136116.4, 2956524.7 ], [ 4136141.2, 2956510.6 ], [ 4136174.7, 2956467.3 ], [ 4136220.2, 2956496.9 ], [ 4136277.8, 2956504.0 ], [ 4136180.2, 2956577.4 ], [ 4136154.6, 2956583.6 ], [ 4136125.0, 2956576.0 ], [ 4136114.0, 2956585.7 ], [ 4136108.9, 2956607.7 ] ], [ [ 4137213.7, 2956465.4 ], [ 4137156.3, 2956349.7 ], [ 4137167.7, 2956340.4 ], [ 4137216.2, 2956386.5 ], [ 4137287.4, 2956481.7 ], [ 4137265.3, 2956498.5 ], [ 4137228.1, 2956468.1 ], [ 4137213.7, 2956465.4 ] ], [ [ 4136860.8, 2956380.9 ], [ 4136870.5, 2956426.0 ], [ 4136792.1, 2956403.1 ], [ 4136752.0, 2956377.5 ], [ 4136736.6, 2956345.2 ], [ 4136715.0, 2956338.2 ], [ 4136746.8, 2956234.9 ], [ 4136742.5, 2956152.8 ], [ 4136730.8, 2956140.3 ], [ 4136704.3, 2956133.3 ], [ 4136694.3, 2956081.5 ], [ 4136673.5, 2956038.0 ], [ 4136656.8, 2956024.1 ], [ 4136593.2, 2955999.3 ], [ 4136536.3, 2955855.0 ], [ 4136484.4, 2955764.7 ], [ 4136499.1, 2955677.3 ], [ 4136469.1, 2955578.7 ], [ 4136461.9, 2955518.9 ], [ 4136479.6, 2955471.7 ], [ 4136431.2, 2955314.0 ], [ 4136406.4, 2955284.6 ], [ 4136382.8, 2955270.2 ], [ 4136259.1, 2955231.7 ], [ 4136146.0, 2955186.3 ], [ 4136031.8, 2955208.3 ], [ 4135986.2, 2955307.8 ], [ 4135987.0, 2955322.7 ], [ 4135997.2, 2955333.7 ], [ 4136067.6, 2955358.9 ], [ 4136098.2, 2955384.4 ], [ 4136147.5, 2955401.7 ], [ 4136177.3, 2955421.5 ], [ 4136193.4, 2955416.3 ], [ 4136254.4, 2955363.3 ], [ 4136268.0, 2955356.4 ], [ 4136274.5, 2955361.5 ], [ 4136263.1, 2955417.4 ], [ 4136270.4, 2955523.5 ], [ 4136314.7, 2955660.1 ], [ 4136309.0, 2955705.1 ], [ 4136293.1, 2955719.5 ], [ 4136289.3, 2955736.7 ], [ 4136302.3, 2955818.2 ], [ 4136347.7, 2955892.0 ], [ 4136342.2, 2955909.6 ], [ 4136359.6, 2955986.5 ], [ 4136425.9, 2956083.1 ], [ 4136450.4, 2956085.1 ], [ 4136466.5, 2956105.1 ], [ 4136510.9, 2956117.1 ], [ 4136514.9, 2956137.1 ], [ 4136539.6, 2956156.1 ], [ 4136582.7, 2956176.3 ], [ 4136606.2, 2956171.1 ], [ 4136620.0, 2956184.7 ], [ 4136617.3, 2956245.5 ], [ 4136556.6, 2956333.9 ], [ 4136508.8, 2956372.9 ], [ 4136477.1, 2956418.6 ], [ 4136440.5, 2956431.3 ], [ 4136467.3, 2956345.5 ], [ 4136517.3, 2956321.3 ], [ 4136535.5, 2956270.5 ], [ 4136571.7, 2956261.1 ], [ 4136581.4, 2956240.2 ], [ 4136572.4, 2956218.6 ], [ 4136531.2, 2956187.9 ], [ 4136418.7, 2956203.1 ], [ 4136333.0, 2956245.6 ], [ 4136328.7, 2956262.7 ], [ 4136336.4, 2956279.6 ], [ 4136322.7, 2956313.7 ], [ 4136328.5, 2956347.9 ], [ 4136323.8, 2956370.8 ], [ 4136280.1, 2956380.6 ], [ 4136277.8, 2956363.4 ], [ 4136264.0, 2956346.9 ], [ 4136267.2, 2956299.2 ], [ 4136261.2, 2956286.4 ], [ 4136169.7, 2956249.0 ], [ 4136162.4, 2956191.5 ], [ 4136174.8, 2956148.6 ], [ 4136169.2, 2956129.7 ], [ 4136134.4, 2956117.6 ], [ 4136120.7, 2956129.2 ], [ 4136116.2, 2956158.5 ], [ 4136093.4, 2956155.4 ], [ 4136109.3, 2956073.9 ], [ 4136099.4, 2956058.6 ], [ 4136084.9, 2956055.3 ], [ 4136045.2, 2956088.9 ], [ 4136045.4, 2956144.5 ], [ 4136036.8, 2956163.1 ], [ 4136042.6, 2956178.2 ], [ 4135992.2, 2956226.0 ], [ 4136013.0, 2956305.2 ], [ 4135978.9, 2956266.8 ], [ 4135961.5, 2956262.8 ], [ 4135944.2, 2956279.7 ], [ 4135949.5, 2956319.7 ], [ 4135652.1, 2956375.6 ], [ 4135363.0, 2956339.6 ], [ 4135431.2, 2956285.4 ], [ 4135442.1, 2956240.5 ], [ 4135437.2, 2956213.9 ], [ 4135442.5, 2956173.3 ], [ 4135430.6, 2956156.8 ], [ 4135411.2, 2956155.8 ], [ 4135393.4, 2956164.7 ], [ 4135377.4, 2956187.3 ], [ 4135366.8, 2956167.5 ], [ 4135377.9, 2956108.1 ], [ 4135364.3, 2956096.2 ], [ 4135329.5, 2956096.4 ], [ 4135318.7, 2956076.5 ], [ 4135336.9, 2956035.4 ], [ 4135329.4, 2956001.4 ], [ 4135342.1, 2955981.1 ], [ 4135315.0, 2955838.4 ], [ 4135310.3, 2955759.0 ], [ 4135336.7, 2955714.6 ], [ 4135325.6, 2955687.7 ], [ 4135302.4, 2955674.0 ], [ 4135342.4, 2955586.6 ], [ 4135344.7, 2955556.1 ], [ 4135359.4, 2955567.0 ], [ 4135378.9, 2955561.6 ], [ 4135394.3, 2955545.7 ], [ 4135395.5, 2955521.2 ], [ 4135411.9, 2955511.3 ], [ 4135417.5, 2955493.6 ], [ 4135335.4, 2955373.1 ], [ 4135313.1, 2955315.9 ], [ 4135290.4, 2955222.1 ], [ 4135332.3, 2955195.7 ], [ 4135329.8, 2955149.4 ], [ 4135307.0, 2955131.9 ], [ 4135270.7, 2955127.7 ], [ 4135229.9, 2955026.1 ], [ 4135228.9, 2955005.1 ], [ 4135196.9, 2954992.2 ], [ 4135181.4, 2954964.1 ], [ 4135201.9, 2954941.6 ], [ 4135208.2, 2954892.3 ], [ 4135226.5, 2954855.8 ], [ 4135259.3, 2954826.6 ], [ 4135298.9, 2954820.8 ], [ 4135312.3, 2954807.8 ], [ 4135317.7, 2954784.7 ], [ 4135308.8, 2954761.4 ], [ 4135310.8, 2954727.9 ], [ 4135344.6, 2954682.9 ], [ 4135320.7, 2954622.6 ], [ 4135361.7, 2954594.8 ], [ 4135403.7, 2954602.3 ], [ 4135435.7, 2954578.5 ], [ 4135429.3, 2954552.8 ], [ 4135434.4, 2954528.4 ], [ 4135414.7, 2954513.7 ], [ 4135460.9, 2954462.8 ], [ 4135445.1, 2954415.7 ], [ 4135487.6, 2954340.9 ], [ 4135508.1, 2954272.0 ], [ 4135583.4, 2954186.1 ], [ 4135604.6, 2954177.1 ], [ 4135672.6, 2954227.0 ], [ 4135690.1, 2954251.6 ], [ 4135683.6, 2954268.2 ], [ 4135694.4, 2954286.2 ], [ 4135726.5, 2954282.3 ], [ 4135733.5, 2954288.6 ], [ 4135723.6, 2954313.5 ], [ 4135686.3, 2954317.5 ], [ 4135535.9, 2954432.3 ], [ 4135491.6, 2954501.0 ], [ 4135481.9, 2954563.3 ], [ 4135447.9, 2954572.5 ], [ 4135444.8, 2954595.9 ], [ 4135411.6, 2954642.4 ], [ 4135404.6, 2954682.0 ], [ 4135411.2, 2954699.2 ], [ 4135387.6, 2954783.3 ], [ 4135393.7, 2954799.6 ], [ 4135413.2, 2954806.1 ], [ 4135427.0, 2954822.8 ], [ 4135471.1, 2954830.1 ], [ 4135505.9, 2954782.3 ], [ 4135525.6, 2954778.9 ], [ 4135546.4, 2954759.8 ], [ 4135563.8, 2954755.3 ], [ 4135605.7, 2954804.8 ], [ 4135620.6, 2954842.6 ], [ 4135652.7, 2954848.8 ], [ 4135683.0, 2954815.6 ], [ 4135700.6, 2954744.1 ], [ 4135698.9, 2954715.2 ], [ 4135671.1, 2954681.1 ], [ 4135682.9, 2954676.9 ], [ 4135706.0, 2954683.3 ], [ 4135780.3, 2954735.9 ], [ 4135863.1, 2954751.9 ], [ 4135880.7, 2954764.6 ], [ 4135912.0, 2954756.2 ], [ 4135959.3, 2954762.7 ], [ 4135980.4, 2954781.7 ], [ 4136018.1, 2954865.2 ], [ 4136055.8, 2954886.6 ], [ 4136055.1, 2954934.8 ], [ 4136071.0, 2954952.2 ], [ 4136128.1, 2954938.1 ], [ 4136132.3, 2954920.9 ], [ 4136120.8, 2954897.4 ], [ 4136169.8, 2954832.2 ], [ 4136126.3, 2954676.3 ], [ 4136112.0, 2954648.4 ], [ 4136059.2, 2954623.0 ], [ 4136073.0, 2954603.8 ], [ 4136065.4, 2954563.7 ], [ 4136028.6, 2954518.9 ], [ 4135990.1, 2954527.7 ], [ 4135970.5, 2954518.9 ], [ 4136048.8, 2954439.8 ], [ 4136071.7, 2954427.1 ], [ 4136094.9, 2954367.3 ], [ 4136086.4, 2954333.1 ], [ 4136090.1, 2954305.4 ], [ 4136075.4, 2954250.1 ], [ 4136013.1, 2954097.0 ], [ 4135952.7, 2954050.4 ], [ 4135942.4, 2954026.6 ], [ 4135915.1, 2954027.2 ], [ 4135888.3, 2954005.5 ], [ 4135854.7, 2953942.8 ], [ 4135792.6, 2953892.9 ], [ 4135778.3, 2953865.8 ], [ 4135768.2, 2953804.1 ], [ 4135759.3, 2953792.2 ], [ 4135734.4, 2953792.7 ], [ 4135714.8, 2953834.3 ], [ 4135671.4, 2953865.6 ], [ 4135655.4, 2953853.6 ], [ 4135689.6, 2953823.9 ], [ 4135692.7, 2953806.2 ], [ 4135682.7, 2953783.8 ], [ 4135662.5, 2953772.9 ], [ 4135631.1, 2953721.8 ], [ 4135671.0, 2953715.8 ], [ 4135702.9, 2953701.2 ], [ 4135720.3, 2953704.6 ], [ 4135735.2, 2953730.8 ], [ 4135758.6, 2953727.0 ], [ 4135775.6, 2953738.3 ], [ 4135900.2, 2953842.2 ], [ 4135921.2, 2953843.1 ], [ 4135932.7, 2953829.5 ], [ 4135915.5, 2953738.8 ], [ 4135890.8, 2953665.7 ], [ 4135891.7, 2953582.3 ], [ 4135899.5, 2953543.8 ], [ 4135895.7, 2953503.1 ], [ 4135884.8, 2953489.6 ], [ 4135847.4, 2953480.1 ], [ 4135831.1, 2953459.6 ], [ 4135831.9, 2953436.8 ], [ 4135864.7, 2953387.5 ], [ 4135874.4, 2953358.9 ], [ 4135858.3, 2953298.2 ], [ 4135931.8, 2953279.3 ], [ 4135977.8, 2953278.0 ], [ 4136011.3, 2953289.9 ], [ 4136050.8, 2953324.9 ], [ 4136140.0, 2953421.5 ], [ 4136186.7, 2953485.9 ], [ 4136192.9, 2953529.9 ], [ 4136220.0, 2953594.2 ], [ 4136209.6, 2953617.3 ], [ 4136212.1, 2953638.1 ], [ 4136228.6, 2953660.0 ], [ 4136254.0, 2953669.8 ], [ 4136266.5, 2953693.5 ], [ 4136286.8, 2953693.7 ], [ 4136298.7, 2953676.1 ], [ 4136282.8, 2953595.5 ], [ 4136422.8, 2953559.0 ], [ 4136424.2, 2953574.9 ], [ 4136405.8, 2953593.5 ], [ 4136377.1, 2953600.9 ], [ 4136370.1, 2953613.8 ], [ 4136373.7, 2953631.5 ], [ 4136333.0, 2953652.2 ], [ 4136313.1, 2953673.9 ], [ 4136309.9, 2953690.7 ], [ 4136323.0, 2953708.8 ], [ 4136356.3, 2953720.0 ], [ 4136388.2, 2953719.2 ], [ 4136435.5, 2953703.4 ], [ 4136434.2, 2953730.4 ], [ 4136463.6, 2953748.9 ], [ 4136478.4, 2953746.4 ], [ 4136506.2, 2953724.0 ], [ 4136518.0, 2953770.1 ], [ 4136504.5, 2953865.6 ], [ 4136474.5, 2953867.0 ], [ 4136444.0, 2953905.1 ], [ 4136440.9, 2953952.8 ], [ 4136453.3, 2953973.2 ], [ 4136474.6, 2953982.9 ], [ 4136487.9, 2954018.0 ], [ 4136578.9, 2954129.6 ], [ 4136609.0, 2954137.6 ], [ 4136642.7, 2954132.5 ], [ 4136672.2, 2954146.2 ], [ 4136686.3, 2954141.2 ], [ 4136693.9, 2954128.2 ], [ 4136718.2, 2954129.4 ], [ 4136755.2, 2954163.3 ], [ 4136777.7, 2954160.4 ], [ 4136793.7, 2954145.4 ], [ 4136809.7, 2954154.9 ], [ 4136847.5, 2954185.5 ], [ 4136871.6, 2954217.3 ], [ 4136881.8, 2954311.6 ], [ 4136913.2, 2954376.7 ], [ 4136936.8, 2954379.9 ], [ 4136963.8, 2954362.5 ], [ 4136959.4, 2954331.9 ], [ 4136932.8, 2954315.8 ], [ 4136941.1, 2954292.5 ], [ 4137045.5, 2954349.6 ], [ 4137051.3, 2954354.4 ], [ 4137048.5, 2954379.5 ], [ 4137076.0, 2954406.1 ], [ 4137162.9, 2954449.2 ], [ 4137183.0, 2954486.4 ], [ 4137154.0, 2954497.9 ], [ 4137151.1, 2954522.0 ], [ 4137163.3, 2954534.8 ], [ 4137180.9, 2954534.6 ], [ 4137197.6, 2954575.7 ], [ 4137233.9, 2954581.6 ], [ 4137257.2, 2954618.9 ], [ 4137316.2, 2954622.2 ], [ 4137407.0, 2954679.4 ], [ 4137505.1, 2954723.0 ], [ 4137490.2, 2954770.5 ], [ 4137502.5, 2954790.4 ], [ 4137542.6, 2954796.9 ], [ 4137555.8, 2954792.1 ], [ 4137573.0, 2954743.1 ], [ 4137622.8, 2954751.6 ], [ 4137649.4, 2954812.9 ], [ 4137576.1, 2954823.1 ], [ 4137552.4, 2954900.9 ], [ 4137550.6, 2954971.3 ], [ 4137501.3, 2955062.8 ], [ 4137468.9, 2955052.8 ], [ 4137453.1, 2955067.8 ], [ 4137435.2, 2955072.1 ], [ 4137426.8, 2955088.5 ], [ 4137436.7, 2955114.4 ], [ 4137617.1, 2955249.7 ], [ 4137613.8, 2955305.2 ], [ 4137599.3, 2955266.1 ], [ 4137583.0, 2955247.4 ], [ 4137516.3, 2955213.9 ], [ 4137470.7, 2955248.6 ], [ 4137457.2, 2955244.8 ], [ 4137441.9, 2955251.4 ], [ 4137410.8, 2955292.1 ], [ 4137396.8, 2955325.5 ], [ 4137388.2, 2955327.5 ], [ 4137326.4, 2955254.2 ], [ 4137155.9, 2955170.9 ], [ 4137149.6, 2955144.2 ], [ 4137084.5, 2955118.9 ], [ 4137041.1, 2955065.6 ], [ 4137020.6, 2955068.6 ], [ 4136988.7, 2955100.7 ], [ 4136898.5, 2955089.8 ], [ 4136838.9, 2955021.1 ], [ 4136773.7, 2955050.6 ], [ 4136719.5, 2954941.1 ], [ 4136675.1, 2954903.0 ], [ 4136596.3, 2954859.2 ], [ 4136508.6, 2954859.5 ], [ 4136483.0, 2954889.2 ], [ 4136491.8, 2954913.6 ], [ 4136488.0, 2954925.2 ], [ 4136459.1, 2954904.0 ], [ 4136413.8, 2954891.3 ], [ 4136396.1, 2954895.6 ], [ 4136388.2, 2954908.0 ], [ 4136385.9, 2954945.0 ], [ 4136398.2, 2954996.2 ], [ 4136339.8, 2954999.3 ], [ 4136294.9, 2955086.7 ], [ 4136220.3, 2955157.1 ], [ 4136220.8, 2955178.9 ], [ 4136236.1, 2955189.1 ], [ 4136352.5, 2955170.6 ], [ 4136415.4, 2955178.1 ], [ 4136488.4, 2955241.6 ], [ 4136514.0, 2955272.8 ], [ 4136547.0, 2955340.2 ], [ 4136558.7, 2955348.7 ], [ 4136720.9, 2955323.3 ], [ 4136719.1, 2955355.4 ], [ 4136730.5, 2955396.9 ], [ 4136580.3, 2955461.9 ], [ 4136585.9, 2955577.5 ], [ 4136613.9, 2955748.0 ], [ 4136645.3, 2955806.1 ], [ 4136716.1, 2955877.5 ], [ 4136746.5, 2955879.8 ], [ 4136812.6, 2955920.6 ], [ 4136852.0, 2955953.8 ], [ 4136866.0, 2955978.5 ], [ 4136868.5, 2956033.0 ], [ 4136835.1, 2956048.1 ], [ 4136827.6, 2956063.8 ], [ 4136851.8, 2956101.1 ], [ 4136813.7, 2956117.4 ], [ 4136799.3, 2956153.2 ], [ 4136807.2, 2956172.7 ], [ 4136825.6, 2956179.3 ], [ 4136838.8, 2956223.2 ], [ 4136837.5, 2956238.7 ], [ 4136813.9, 2956276.7 ], [ 4136813.8, 2956313.0 ], [ 4136860.8, 2956380.9 ] ], [ [ 4137283.6, 2956053.1 ], [ 4137266.1, 2955985.6 ], [ 4137210.5, 2955940.1 ], [ 4137189.3, 2955906.3 ], [ 4137176.2, 2955900.1 ], [ 4137153.4, 2955909.3 ], [ 4137135.4, 2955942.6 ], [ 4137154.9, 2955979.7 ], [ 4137182.2, 2955990.4 ], [ 4137198.5, 2956023.6 ], [ 4137194.2, 2956033.1 ], [ 4137159.9, 2956032.8 ], [ 4137150.4, 2955989.9 ], [ 4137134.5, 2955976.2 ], [ 4137103.2, 2955969.7 ], [ 4137038.6, 2955888.7 ], [ 4137013.6, 2955874.9 ], [ 4136948.5, 2955787.7 ], [ 4136929.6, 2955742.3 ], [ 4136979.3, 2955720.3 ], [ 4137032.9, 2955723.8 ], [ 4137101.4, 2955762.3 ], [ 4137159.5, 2955738.3 ], [ 4137172.7, 2955721.2 ], [ 4137186.0, 2955738.2 ], [ 4137207.4, 2955737.1 ], [ 4137220.6, 2955720.6 ], [ 4137217.9, 2955700.4 ], [ 4137224.9, 2955689.9 ], [ 4137269.8, 2955702.9 ], [ 4137351.4, 2955698.5 ], [ 4137347.5, 2955737.9 ], [ 4137356.3, 2955754.1 ], [ 4137493.6, 2955764.0 ], [ 4137532.1, 2955792.4 ], [ 4137569.7, 2955836.4 ], [ 4137548.0, 2955848.5 ], [ 4137488.6, 2955786.6 ], [ 4137464.4, 2955785.8 ], [ 4137402.5, 2955884.2 ], [ 4137406.2, 2955902.1 ], [ 4137426.0, 2955911.0 ], [ 4137437.7, 2955936.2 ], [ 4137443.0, 2955991.1 ], [ 4137431.1, 2956023.3 ], [ 4137397.7, 2956045.3 ], [ 4137297.8, 2956056.8 ], [ 4137283.6, 2956053.1 ] ], [ [ 4136909.1, 2955373.5 ], [ 4136919.8, 2955297.8 ], [ 4136939.5, 2955321.2 ], [ 4136964.2, 2955319.4 ], [ 4136976.2, 2955296.4 ], [ 4136971.3, 2955258.2 ], [ 4136998.6, 2955254.3 ], [ 4137011.7, 2955237.3 ], [ 4137022.4, 2955236.5 ], [ 4137050.5, 2955335.6 ], [ 4137088.3, 2955360.7 ], [ 4137106.3, 2955355.9 ], [ 4137131.8, 2955326.2 ], [ 4137160.2, 2955348.7 ], [ 4137112.7, 2955412.7 ], [ 4137139.7, 2955473.3 ], [ 4137120.1, 2955495.1 ], [ 4137132.7, 2955533.5 ], [ 4137111.0, 2955539.9 ], [ 4137063.8, 2955512.5 ], [ 4137042.1, 2955524.9 ], [ 4137035.4, 2955543.6 ], [ 4136993.7, 2955561.1 ], [ 4136979.8, 2955546.9 ], [ 4136987.3, 2955515.7 ], [ 4136973.0, 2955473.8 ], [ 4136909.1, 2955373.5 ] ], [ [ 4136613.2, 2955057.0 ], [ 4136550.2, 2954959.3 ], [ 4136525.8, 2954942.2 ], [ 4136547.9, 2954924.6 ], [ 4136589.3, 2954930.2 ], [ 4136608.7, 2954943.1 ], [ 4136635.8, 2954978.4 ], [ 4136648.8, 2955020.9 ], [ 4136645.3, 2955034.7 ], [ 4136613.2, 2955057.0 ] ], [ [ 4138313.1, 2955197.8 ], [ 4138327.7, 2955163.4 ], [ 4138359.0, 2955168.4 ], [ 4138369.4, 2955179.0 ], [ 4138345.4, 2955212.1 ], [ 4138313.1, 2955197.8 ] ], [ [ 4137734.5, 2954947.6 ], [ 4137706.3, 2954949.4 ], [ 4137728.7, 2954772.1 ], [ 4137737.7, 2954746.1 ], [ 4137780.7, 2954742.9 ], [ 4137787.2, 2954717.7 ], [ 4137826.6, 2954717.8 ], [ 4137821.2, 2954753.3 ], [ 4137832.9, 2954771.5 ], [ 4137935.6, 2954786.4 ], [ 4138005.9, 2954814.6 ], [ 4137985.7, 2954860.6 ], [ 4138013.3, 2954891.2 ], [ 4137978.3, 2954927.7 ], [ 4137949.5, 2954934.1 ], [ 4137940.9, 2954951.4 ], [ 4137900.4, 2954989.7 ], [ 4137826.0, 2955043.1 ], [ 4137812.2, 2955043.4 ], [ 4137788.8, 2955029.0 ], [ 4137783.9, 2954985.2 ], [ 4137757.9, 2954972.2 ], [ 4137752.7, 2954955.5 ], [ 4137734.5, 2954947.6 ] ], [ [ 4138183.7, 2954946.5 ], [ 4138198.6, 2954948.6 ], [ 4138253.3, 2955022.3 ], [ 4138240.0, 2955027.4 ], [ 4138211.5, 2955019.2 ], [ 4138177.3, 2955039.2 ], [ 4138160.5, 2955026.6 ], [ 4138188.0, 2954977.1 ], [ 4138183.7, 2954946.5 ] ], [ [ 4138000.4, 2954727.8 ], [ 4137960.6, 2954700.6 ], [ 4137908.7, 2954685.3 ], [ 4137857.3, 2954638.8 ], [ 4137845.6, 2954617.7 ], [ 4137862.4, 2954617.0 ], [ 4137941.3, 2954575.0 ], [ 4137972.6, 2954569.5 ], [ 4137991.8, 2954580.7 ], [ 4137999.9, 2954615.0 ], [ 4137989.8, 2954692.0 ], [ 4138003.0, 2954721.5 ], [ 4138000.4, 2954727.8 ] ], [ [ 4137838.9, 2954613.9 ], [ 4137822.2, 2954615.4 ], [ 4137803.9, 2954629.9 ], [ 4137797.9, 2954661.1 ], [ 4137776.8, 2954685.8 ], [ 4137774.9, 2954705.0 ], [ 4137760.8, 2954704.0 ], [ 4137697.0, 2954632.0 ], [ 4137698.3, 2954616.2 ], [ 4137721.3, 2954604.5 ], [ 4137723.6, 2954583.1 ], [ 4137748.1, 2954571.1 ], [ 4137762.0, 2954530.0 ], [ 4137775.4, 2954521.6 ], [ 4137811.0, 2954520.9 ], [ 4137816.9, 2954545.8 ], [ 4137809.2, 2954571.5 ], [ 4137838.9, 2954613.9 ] ], [ [ 4138321.8, 2954426.7 ], [ 4138331.4, 2954397.1 ], [ 4138370.0, 2954348.1 ], [ 4138421.0, 2954342.1 ], [ 4138530.9, 2954297.3 ], [ 4138578.4, 2954273.8 ], [ 4138588.4, 2954260.7 ], [ 4138599.3, 2954263.6 ], [ 4138644.8, 2954336.0 ], [ 4138521.5, 2954323.3 ], [ 4138449.3, 2954342.1 ], [ 4138436.2, 2954352.8 ], [ 4138424.3, 2954382.2 ], [ 4138434.4, 2954434.8 ], [ 4138343.5, 2954456.5 ], [ 4138329.0, 2954467.1 ], [ 4138325.2, 2954482.5 ], [ 4138311.8, 2954486.1 ], [ 4138288.3, 2954455.9 ], [ 4138321.8, 2954426.7 ] ], [ [ 4138228.5, 2954304.0 ], [ 4138218.3, 2954304.3 ], [ 4138093.1, 2954137.6 ], [ 4137984.4, 2954026.4 ], [ 4137926.3, 2953980.7 ], [ 4137910.1, 2953987.9 ], [ 4137898.0, 2954013.2 ], [ 4137875.2, 2953991.9 ], [ 4137854.2, 2953992.7 ], [ 4137777.0, 2954065.2 ], [ 4137728.2, 2954088.1 ], [ 4137722.9, 2954105.2 ], [ 4137737.6, 2954158.6 ], [ 4137684.9, 2954183.2 ], [ 4137685.8, 2954305.1 ], [ 4137651.7, 2954309.2 ], [ 4137635.1, 2954230.6 ], [ 4137637.6, 2954178.1 ], [ 4137651.7, 2954143.5 ], [ 4137668.5, 2954129.9 ], [ 4137669.4, 2954115.2 ], [ 4137603.2, 2954052.9 ], [ 4137611.0, 2954025.0 ], [ 4137602.0, 2953998.2 ], [ 4137569.7, 2953979.9 ], [ 4137556.5, 2953945.4 ], [ 4137439.3, 2953879.2 ], [ 4137425.1, 2953881.2 ], [ 4137414.5, 2953893.0 ], [ 4137355.6, 2953871.5 ], [ 4137331.3, 2953900.4 ], [ 4137283.2, 2953883.8 ], [ 4137213.5, 2953874.0 ], [ 4137152.2, 2953875.6 ], [ 4137147.1, 2953869.2 ], [ 4137322.6, 2953718.1 ], [ 4137324.6, 2953691.9 ], [ 4137223.1, 2953595.9 ], [ 4137089.5, 2953554.5 ], [ 4137069.7, 2953561.0 ], [ 4137046.7, 2953598.8 ], [ 4136974.8, 2953619.8 ], [ 4136937.8, 2953556.8 ], [ 4136939.0, 2953526.0 ], [ 4136964.8, 2953533.6 ], [ 4136978.4, 2953528.7 ], [ 4136986.1, 2953516.4 ], [ 4136992.1, 2953446.5 ], [ 4137090.1, 2953413.5 ], [ 4137106.2, 2953394.9 ], [ 4137104.8, 2953377.9 ], [ 4137069.9, 2953347.0 ], [ 4137051.5, 2953347.5 ], [ 4137039.5, 2953359.5 ], [ 4136985.9, 2953349.7 ], [ 4136847.6, 2953300.3 ], [ 4136807.0, 2953297.9 ], [ 4136803.4, 2953286.0 ], [ 4136805.8, 2953265.1 ], [ 4136921.1, 2953260.7 ], [ 4137002.9, 2953307.1 ], [ 4137091.9, 2953339.8 ], [ 4137112.0, 2953333.0 ], [ 4137115.7, 2953308.8 ], [ 4137084.3, 2953273.1 ], [ 4137087.9, 2953198.8 ], [ 4137071.4, 2953150.3 ], [ 4137081.6, 2953104.4 ], [ 4137020.5, 2953053.0 ], [ 4136964.2, 2953033.2 ], [ 4136930.5, 2953058.0 ], [ 4136885.4, 2953065.2 ], [ 4136858.3, 2953052.0 ], [ 4136835.8, 2953020.6 ], [ 4136689.7, 2952994.7 ], [ 4136555.7, 2952951.9 ], [ 4136501.1, 2952921.5 ], [ 4136484.0, 2952927.8 ], [ 4136374.5, 2953045.2 ], [ 4136341.9, 2953036.8 ], [ 4136430.8, 2952912.8 ], [ 4136423.7, 2952870.2 ], [ 4136357.7, 2952827.3 ], [ 4136397.6, 2952807.0 ], [ 4136420.7, 2952785.7 ], [ 4136426.5, 2952761.6 ], [ 4136309.1, 2952621.0 ], [ 4136372.4, 2952543.8 ], [ 4136393.5, 2952485.4 ], [ 4136393.6, 2952460.9 ], [ 4136373.1, 2952436.4 ], [ 4136291.6, 2952389.6 ], [ 4136250.1, 2952374.2 ], [ 4136213.5, 2952378.9 ], [ 4136196.6, 2952417.1 ], [ 4136161.5, 2952376.1 ], [ 4136165.0, 2952327.6 ], [ 4136189.1, 2952305.0 ], [ 4136229.8, 2952293.5 ], [ 4136315.6, 2952301.1 ], [ 4136367.5, 2952318.9 ], [ 4136405.8, 2952312.8 ], [ 4136433.2, 2952320.9 ], [ 4136490.1, 2952351.8 ], [ 4136513.2, 2952375.1 ], [ 4136538.7, 2952441.4 ], [ 4136569.7, 2952489.7 ], [ 4136582.2, 2952496.6 ], [ 4136598.2, 2952493.5 ], [ 4136609.2, 2952480.0 ], [ 4136586.8, 2952397.5 ], [ 4136609.6, 2952367.9 ], [ 4136651.7, 2952374.5 ], [ 4136707.3, 2952446.8 ], [ 4136730.9, 2952451.0 ], [ 4136765.4, 2952422.5 ], [ 4136768.6, 2952401.4 ], [ 4136683.6, 2952306.9 ], [ 4136639.1, 2952279.6 ], [ 4136639.8, 2952229.3 ], [ 4136626.8, 2952213.4 ], [ 4136641.8, 2952169.9 ], [ 4136663.3, 2952155.3 ], [ 4136702.0, 2952228.9 ], [ 4136717.1, 2952241.3 ], [ 4136734.4, 2952238.6 ], [ 4136744.3, 2952224.0 ], [ 4136793.4, 2952221.8 ], [ 4136809.2, 2952204.3 ], [ 4136881.3, 2952228.5 ], [ 4136898.9, 2952226.9 ], [ 4136910.2, 2952205.7 ], [ 4136889.1, 2952169.0 ], [ 4136898.6, 2952152.8 ], [ 4136893.7, 2952131.9 ], [ 4136867.6, 2952117.2 ], [ 4136845.9, 2952124.7 ], [ 4136869.4, 2952081.8 ], [ 4136954.4, 2952037.5 ], [ 4137021.8, 2952016.5 ], [ 4137035.3, 2951979.5 ], [ 4137016.8, 2951946.9 ], [ 4136970.7, 2951925.6 ], [ 4136937.6, 2951960.7 ], [ 4136893.8, 2951954.5 ], [ 4136867.0, 2951972.8 ], [ 4136812.4, 2951963.8 ], [ 4136788.9, 2951984.1 ], [ 4136734.3, 2951977.3 ], [ 4136713.3, 2951996.1 ], [ 4136685.4, 2951974.5 ], [ 4136624.5, 2951981.8 ], [ 4136601.8, 2951976.0 ], [ 4136564.7, 2951990.5 ], [ 4136544.5, 2952023.9 ], [ 4136500.7, 2951913.7 ], [ 4136455.8, 2951872.0 ], [ 4136437.6, 2951870.0 ], [ 4136408.3, 2951900.2 ], [ 4136425.6, 2951930.2 ], [ 4136417.2, 2951983.5 ], [ 4136429.0, 2952002.7 ], [ 4136427.3, 2952018.5 ], [ 4136386.5, 2952025.8 ], [ 4136372.6, 2952046.2 ], [ 4136334.5, 2952059.1 ], [ 4136318.8, 2952038.4 ], [ 4136304.9, 2952034.1 ], [ 4136264.3, 2952039.6 ], [ 4136209.7, 2952061.9 ], [ 4136201.0, 2952035.6 ], [ 4136174.0, 2952033.1 ], [ 4136145.0, 2952105.3 ], [ 4136096.6, 2952116.0 ], [ 4136085.3, 2952125.0 ], [ 4136082.7, 2952142.7 ], [ 4136096.9, 2952180.1 ], [ 4136057.6, 2952222.2 ], [ 4136025.0, 2952152.9 ], [ 4136129.8, 2952019.4 ], [ 4136158.6, 2951956.4 ], [ 4136148.3, 2951934.1 ], [ 4136123.9, 2951935.2 ], [ 4136071.9, 2951996.8 ], [ 4135976.7, 2952082.6 ], [ 4135930.4, 2952165.0 ], [ 4135848.8, 2952173.6 ], [ 4135760.0, 2952139.3 ], [ 4135658.1, 2952164.8 ], [ 4135606.1, 2952110.3 ], [ 4135551.3, 2952073.7 ], [ 4135580.2, 2951936.1 ], [ 4135578.3, 2951851.2 ], [ 4135565.6, 2951840.3 ], [ 4135469.8, 2951805.7 ], [ 4135448.7, 2951787.0 ], [ 4135471.7, 2951732.9 ], [ 4135488.0, 2951712.7 ], [ 4135539.3, 2951712.4 ], [ 4135569.3, 2951681.8 ], [ 4135621.8, 2951711.7 ], [ 4135638.1, 2951707.8 ], [ 4135655.8, 2951690.0 ], [ 4135657.7, 2951675.3 ], [ 4135649.3, 2951662.3 ], [ 4135615.2, 2951654.0 ], [ 4135585.5, 2951626.7 ], [ 4135567.5, 2951621.2 ], [ 4135601.0, 2951592.9 ], [ 4135626.0, 2951549.6 ], [ 4135601.6, 2951450.4 ], [ 4135645.9, 2951383.3 ], [ 4135683.5, 2951366.1 ], [ 4135763.5, 2951376.6 ], [ 4135848.5, 2951414.7 ], [ 4135863.1, 2951404.5 ], [ 4135949.9, 2951381.2 ], [ 4136003.9, 2951320.6 ], [ 4136070.4, 2951331.4 ], [ 4136156.8, 2951312.8 ], [ 4136200.0, 2951324.9 ], [ 4136269.8, 2951358.9 ], [ 4136324.7, 2951430.2 ], [ 4136399.4, 2951491.7 ], [ 4136423.9, 2951497.0 ], [ 4136498.8, 2951491.4 ], [ 4136529.2, 2951498.4 ], [ 4136598.1, 2951530.6 ], [ 4136675.6, 2951580.5 ], [ 4136710.0, 2951592.5 ], [ 4136732.8, 2951579.6 ], [ 4136801.5, 2951617.6 ], [ 4136825.7, 2951609.8 ], [ 4136843.6, 2951583.3 ], [ 4136859.4, 2951581.8 ], [ 4136930.0, 2951606.3 ], [ 4136992.2, 2951617.6 ], [ 4137026.0, 2951600.8 ], [ 4137039.8, 2951633.5 ], [ 4137069.7, 2951640.7 ], [ 4137092.6, 2951620.3 ], [ 4137097.0, 2951574.3 ], [ 4137138.6, 2951560.4 ], [ 4137242.9, 2951556.1 ], [ 4137372.1, 2951528.2 ], [ 4137378.7, 2951511.0 ], [ 4137367.5, 2951472.5 ], [ 4137364.5, 2951418.3 ], [ 4137345.6, 2951394.9 ], [ 4137311.0, 2951377.9 ], [ 4137155.4, 2951363.7 ], [ 4137170.7, 2951343.2 ], [ 4137167.7, 2951322.3 ], [ 4137077.2, 2951260.1 ], [ 4137093.9, 2951196.7 ], [ 4137071.7, 2951154.8 ], [ 4137094.1, 2951144.8 ], [ 4137121.9, 2951077.4 ], [ 4137108.2, 2951041.9 ], [ 4137136.0, 2950985.3 ], [ 4137131.5, 2950964.4 ], [ 4137095.1, 2950947.2 ], [ 4137079.0, 2950948.2 ], [ 4137038.2, 2950968.5 ], [ 4136992.7, 2951028.6 ], [ 4136951.9, 2951019.3 ], [ 4136865.3, 2950970.6 ], [ 4136862.3, 2950900.4 ], [ 4136875.6, 2950835.9 ], [ 4136853.1, 2950777.2 ], [ 4136867.6, 2950755.0 ], [ 4136888.1, 2950752.6 ], [ 4136931.6, 2950764.6 ], [ 4136987.4, 2950814.6 ], [ 4136979.1, 2950856.8 ], [ 4136990.1, 2950875.8 ], [ 4137063.0, 2950917.6 ], [ 4137081.0, 2950916.4 ], [ 4137092.0, 2950902.0 ], [ 4137107.5, 2950913.9 ], [ 4137134.4, 2950915.9 ], [ 4137141.0, 2950935.1 ], [ 4137163.9, 2950944.9 ], [ 4137182.3, 2950933.8 ], [ 4137191.4, 2950896.8 ], [ 4137207.5, 2950875.1 ], [ 4137339.7, 2950794.9 ], [ 4137385.2, 2950788.0 ], [ 4137391.0, 2950774.9 ], [ 4137385.2, 2950758.2 ], [ 4137444.9, 2950706.2 ], [ 4137469.2, 2950657.5 ], [ 4137491.3, 2950669.5 ], [ 4137512.1, 2950669.1 ], [ 4137522.1, 2950690.7 ], [ 4137537.8, 2950702.0 ], [ 4137556.3, 2950700.3 ], [ 4137566.0, 2950688.8 ], [ 4137566.0, 2950673.8 ], [ 4137541.9, 2950631.5 ], [ 4137518.4, 2950614.4 ], [ 4137500.2, 2950615.7 ], [ 4137439.8, 2950479.4 ], [ 4137366.1, 2950459.5 ], [ 4137309.2, 2950364.6 ], [ 4137216.4, 2950282.2 ], [ 4137184.5, 2950284.3 ], [ 4137176.4, 2950277.2 ], [ 4137169.6, 2950250.3 ], [ 4137129.3, 2950227.6 ], [ 4137126.3, 2950195.9 ], [ 4137154.3, 2950201.9 ], [ 4137204.8, 2950228.3 ], [ 4137225.4, 2950253.0 ], [ 4137238.9, 2950257.9 ], [ 4137255.2, 2950251.2 ], [ 4137323.8, 2950174.0 ], [ 4137336.1, 2950189.3 ], [ 4137336.1, 2950212.7 ], [ 4137321.8, 2950241.1 ], [ 4137325.8, 2950255.6 ], [ 4137427.0, 2950354.8 ], [ 4137438.5, 2950411.2 ], [ 4137451.7, 2950435.5 ], [ 4137531.4, 2950504.7 ], [ 4137532.6, 2950548.5 ], [ 4137593.5, 2950599.7 ], [ 4137599.9, 2950633.2 ], [ 4137631.8, 2950682.9 ], [ 4137632.8, 2950701.1 ], [ 4137678.8, 2950771.5 ], [ 4137683.3, 2950824.5 ], [ 4137655.0, 2950826.7 ], [ 4137644.9, 2950847.8 ], [ 4137671.0, 2950952.8 ], [ 4137668.7, 2950973.4 ], [ 4137702.4, 2951014.3 ], [ 4137691.6, 2951029.4 ], [ 4137694.3, 2951047.1 ], [ 4137723.4, 2951078.1 ], [ 4137757.0, 2951080.1 ], [ 4137757.4, 2951097.3 ], [ 4137770.5, 2951110.1 ], [ 4137872.6, 2951101.3 ], [ 4137879.9, 2951119.4 ], [ 4137853.1, 2951140.2 ], [ 4137856.6, 2951164.1 ], [ 4137899.3, 2951186.7 ], [ 4137925.3, 2951177.4 ], [ 4137969.4, 2951247.6 ], [ 4138044.0, 2951325.0 ], [ 4138103.3, 2951410.0 ], [ 4138085.1, 2951421.3 ], [ 4138066.0, 2951406.8 ], [ 4138046.3, 2951367.6 ], [ 4138015.6, 2951332.1 ], [ 4137998.2, 2951327.7 ], [ 4137985.5, 2951334.8 ], [ 4137982.5, 2951360.9 ], [ 4138038.2, 2951483.0 ], [ 4138056.4, 2951493.0 ], [ 4138072.6, 2951486.3 ], [ 4138083.6, 2951439.5 ], [ 4138147.0, 2951527.4 ], [ 4138164.1, 2951532.2 ], [ 4138183.0, 2951523.8 ], [ 4138224.2, 2951576.1 ], [ 4138250.8, 2951634.7 ], [ 4138209.2, 2951658.3 ], [ 4138186.4, 2951656.7 ], [ 4138129.3, 2951676.0 ], [ 4138103.5, 2951715.6 ], [ 4138082.1, 2951727.8 ], [ 4138077.1, 2951759.0 ], [ 4138115.1, 2951837.0 ], [ 4138161.2, 2951849.7 ], [ 4138196.4, 2951871.9 ], [ 4138210.3, 2951866.9 ], [ 4138228.1, 2951843.7 ], [ 4138247.6, 2951837.2 ], [ 4138288.2, 2951847.4 ], [ 4138308.0, 2951860.4 ], [ 4138324.6, 2951895.9 ], [ 4138340.0, 2951908.9 ], [ 4138384.1, 2951935.7 ], [ 4138404.8, 2951933.6 ], [ 4138438.9, 2951953.6 ], [ 4138472.4, 2951958.7 ], [ 4138507.0, 2951975.2 ], [ 4138523.7, 2951997.9 ], [ 4138529.9, 2952009.5 ], [ 4138526.6, 2952034.2 ], [ 4138510.6, 2952072.9 ], [ 4138498.3, 2952077.9 ], [ 4138483.5, 2952052.5 ], [ 4138452.5, 2952028.5 ], [ 4138274.9, 2951924.9 ], [ 4138256.7, 2951897.4 ], [ 4138222.4, 2951878.3 ], [ 4138201.7, 2951881.4 ], [ 4138174.5, 2951923.7 ], [ 4138210.2, 2952007.6 ], [ 4138234.7, 2952022.8 ], [ 4138287.5, 2952008.7 ], [ 4138349.4, 2952034.3 ], [ 4138371.1, 2952059.0 ], [ 4138367.8, 2952101.3 ], [ 4138439.8, 2952196.2 ], [ 4138458.0, 2952232.3 ], [ 4138430.8, 2952234.2 ], [ 4138365.2, 2952139.0 ], [ 4138333.5, 2952116.1 ], [ 4138296.7, 2952134.2 ], [ 4138298.0, 2952169.0 ], [ 4138289.5, 2952189.3 ], [ 4138259.9, 2952170.7 ], [ 4138245.4, 2952169.8 ], [ 4138222.5, 2952187.5 ], [ 4138225.2, 2952211.4 ], [ 4138340.4, 2952324.6 ], [ 4138465.3, 2952408.6 ], [ 4138494.4, 2952419.6 ], [ 4138513.2, 2952399.4 ], [ 4138514.2, 2952373.0 ], [ 4138502.5, 2952338.1 ], [ 4138554.9, 2952306.6 ], [ 4138579.1, 2952241.7 ], [ 4138565.0, 2952221.9 ], [ 4138526.7, 2952233.1 ], [ 4138514.2, 2952222.6 ], [ 4138522.4, 2952196.5 ], [ 4138491.8, 2952162.2 ], [ 4138518.0, 2952144.2 ], [ 4138532.4, 2952153.8 ], [ 4138553.2, 2952148.3 ], [ 4138565.3, 2952159.6 ], [ 4138586.2, 2952159.6 ], [ 4138628.3, 2952182.2 ], [ 4138646.9, 2952241.7 ], [ 4138641.8, 2952321.8 ], [ 4138613.2, 2952358.9 ], [ 4138573.1, 2952466.2 ], [ 4138579.4, 2952482.5 ], [ 4138599.9, 2952494.3 ], [ 4138588.2, 2952539.4 ], [ 4138595.7, 2952583.6 ], [ 4138653.4, 2952613.7 ], [ 4138662.2, 2952628.0 ], [ 4138764.3, 2952690.1 ], [ 4138864.8, 2952779.3 ], [ 4138886.0, 2952780.5 ], [ 4138898.9, 2952762.4 ], [ 4138988.3, 2952880.5 ], [ 4139144.7, 2952915.1 ], [ 4139209.9, 2952904.8 ], [ 4139228.6, 2952917.4 ], [ 4139222.0, 2952936.8 ], [ 4139228.8, 2952952.2 ], [ 4139256.9, 2952972.0 ], [ 4139309.6, 2952991.0 ], [ 4139297.8, 2953000.9 ], [ 4139265.2, 2953004.2 ], [ 4139188.6, 2952990.1 ], [ 4139142.3, 2952976.2 ], [ 4139121.3, 2952945.7 ], [ 4139056.6, 2952919.2 ], [ 4138925.0, 2952889.8 ], [ 4138904.0, 2952860.8 ], [ 4138906.1, 2952842.2 ], [ 4138893.9, 2952807.3 ], [ 4138873.7, 2952802.8 ], [ 4138852.9, 2952819.1 ], [ 4138821.9, 2952779.4 ], [ 4138753.2, 2952771.0 ], [ 4138730.6, 2952749.0 ], [ 4138729.6, 2952721.5 ], [ 4138704.5, 2952709.1 ], [ 4138688.1, 2952716.0 ], [ 4138682.8, 2952736.5 ], [ 4138666.5, 2952741.8 ], [ 4138659.0, 2952757.2 ], [ 4138664.5, 2952804.0 ], [ 4138690.5, 2952839.1 ], [ 4138516.6, 2952833.7 ], [ 4138502.3, 2952848.7 ], [ 4138504.7, 2952866.0 ], [ 4138357.9, 2952890.3 ], [ 4138293.5, 2952930.6 ], [ 4138280.3, 2952947.3 ], [ 4138268.3, 2952930.4 ], [ 4138286.3, 2952887.6 ], [ 4138320.8, 2952872.4 ], [ 4138329.6, 2952839.9 ], [ 4138317.2, 2952826.9 ], [ 4138199.9, 2952796.6 ], [ 4138211.6, 2952777.8 ], [ 4138250.7, 2952774.7 ], [ 4138300.0, 2952793.4 ], [ 4138341.6, 2952798.5 ], [ 4138365.8, 2952779.2 ], [ 4138441.3, 2952762.0 ], [ 4138535.7, 2952754.1 ], [ 4138643.8, 2952758.3 ], [ 4138657.8, 2952746.1 ], [ 4138657.4, 2952727.5 ], [ 4138577.0, 2952669.6 ], [ 4138580.1, 2952632.8 ], [ 4138559.0, 2952605.8 ], [ 4138489.6, 2952602.7 ], [ 4138447.0, 2952588.7 ], [ 4138430.7, 2952592.5 ], [ 4138411.8, 2952553.0 ], [ 4138453.7, 2952534.0 ], [ 4138469.8, 2952545.3 ], [ 4138492.9, 2952541.5 ], [ 4138503.5, 2952524.3 ], [ 4138498.4, 2952503.3 ], [ 4138486.0, 2952488.2 ], [ 4138405.8, 2952443.6 ], [ 4138410.5, 2952423.9 ], [ 4138404.0, 2952408.7 ], [ 4138261.1, 2952295.5 ], [ 4138237.7, 2952302.6 ], [ 4138233.9, 2952323.5 ], [ 4138260.9, 2952374.2 ], [ 4138317.0, 2952431.4 ], [ 4138276.5, 2952440.1 ], [ 4138265.1, 2952457.3 ], [ 4138266.3, 2952471.7 ], [ 4138293.3, 2952498.7 ], [ 4138356.7, 2952590.1 ], [ 4138400.7, 2952614.1 ], [ 4138421.5, 2952611.5 ], [ 4138426.2, 2952624.1 ], [ 4138409.7, 2952644.5 ], [ 4138369.0, 2952662.2 ], [ 4138351.5, 2952658.4 ], [ 4138278.7, 2952609.2 ], [ 4138249.3, 2952574.2 ], [ 4138214.5, 2952560.2 ], [ 4138172.8, 2952524.7 ], [ 4138092.9, 2952512.6 ], [ 4138070.8, 2952491.0 ], [ 4138031.6, 2952484.0 ], [ 4138014.6, 2952469.8 ], [ 4137977.9, 2952399.9 ], [ 4137971.8, 2952377.4 ], [ 4137974.4, 2952321.5 ], [ 4137962.6, 2952263.3 ], [ 4137963.4, 2952195.6 ], [ 4137954.7, 2952166.9 ], [ 4137940.3, 2952155.4 ], [ 4137919.3, 2952161.4 ], [ 4137910.6, 2952175.3 ], [ 4137911.8, 2952191.6 ], [ 4137892.8, 2952198.5 ], [ 4137867.1, 2952153.6 ], [ 4137817.6, 2952145.0 ], [ 4137798.6, 2952174.1 ], [ 4137816.9, 2952227.3 ], [ 4137799.4, 2952258.4 ], [ 4137811.6, 2952307.2 ], [ 4137805.0, 2952326.0 ], [ 4137783.9, 2952324.8 ], [ 4137771.0, 2952306.3 ], [ 4137752.9, 2952301.9 ], [ 4137704.2, 2952331.2 ], [ 4137651.8, 2952322.6 ], [ 4137628.8, 2952357.8 ], [ 4137635.5, 2952377.4 ], [ 4137708.9, 2952429.8 ], [ 4137750.0, 2952474.3 ], [ 4137810.2, 2952567.5 ], [ 4137822.9, 2952622.0 ], [ 4137848.8, 2952638.8 ], [ 4137858.2, 2952659.8 ], [ 4137836.1, 2952647.7 ], [ 4137817.6, 2952659.1 ], [ 4137584.5, 2952561.2 ], [ 4137519.7, 2952557.3 ], [ 4137472.9, 2952539.7 ], [ 4137453.9, 2952548.6 ], [ 4137450.0, 2952565.9 ], [ 4137460.2, 2952580.5 ], [ 4137492.9, 2952592.7 ], [ 4137512.8, 2952586.5 ], [ 4137560.1, 2952613.1 ], [ 4137516.1, 2952644.1 ], [ 4137520.1, 2952682.8 ], [ 4137532.1, 2952697.8 ], [ 4137562.6, 2952712.7 ], [ 4137643.2, 2952694.6 ], [ 4137566.8, 2952737.8 ], [ 4137527.9, 2952736.5 ], [ 4137472.2, 2952710.5 ], [ 4137455.1, 2952715.7 ], [ 4137447.8, 2952728.2 ], [ 4137442.6, 2952812.7 ], [ 4137434.1, 2952831.2 ], [ 4137385.8, 2952873.8 ], [ 4137383.8, 2952923.1 ], [ 4137406.5, 2952932.2 ], [ 4137453.2, 2952911.2 ], [ 4137482.5, 2952937.7 ], [ 4137588.8, 2952954.7 ], [ 4137606.3, 2952942.0 ], [ 4137632.1, 2952849.4 ], [ 4137652.5, 2952839.1 ], [ 4137671.6, 2952842.8 ], [ 4137669.7, 2952865.6 ], [ 4137689.4, 2952880.4 ], [ 4137654.0, 2952952.6 ], [ 4137591.8, 2953043.3 ], [ 4137572.9, 2953123.0 ], [ 4137520.4, 2953079.3 ], [ 4137521.8, 2953022.4 ], [ 4137496.6, 2952987.6 ], [ 4137401.7, 2952938.7 ], [ 4137384.4, 2952942.7 ], [ 4137375.7, 2952958.3 ], [ 4137384.0, 2952999.7 ], [ 4137405.9, 2953031.9 ], [ 4137433.1, 2953162.0 ], [ 4137495.0, 2953257.2 ], [ 4137520.6, 2953266.3 ], [ 4137548.1, 2953234.9 ], [ 4137562.1, 2953237.6 ], [ 4137535.6, 2953317.0 ], [ 4137534.6, 2953356.1 ], [ 4137549.4, 2953385.7 ], [ 4137600.0, 2953437.2 ], [ 4137623.4, 2953437.8 ], [ 4137661.4, 2953402.9 ], [ 4137662.1, 2953388.6 ], [ 4137642.8, 2953354.7 ], [ 4137637.9, 2953313.1 ], [ 4137640.2, 2953299.5 ], [ 4137680.6, 2953243.5 ], [ 4137711.6, 2953218.4 ], [ 4137782.5, 2953208.4 ], [ 4137818.7, 2953161.0 ], [ 4137842.2, 2953142.8 ], [ 4137851.7, 2953156.1 ], [ 4137969.4, 2953227.8 ], [ 4138017.4, 2953236.1 ], [ 4138120.8, 2953291.3 ], [ 4138164.5, 2953273.1 ], [ 4138167.2, 2953252.7 ], [ 4138148.2, 2953219.2 ], [ 4138177.5, 2953203.4 ], [ 4138189.8, 2953178.9 ], [ 4138215.2, 2953188.3 ], [ 4138239.2, 2953167.1 ], [ 4138290.5, 2953153.1 ], [ 4138300.2, 2953137.9 ], [ 4138296.5, 2953120.3 ], [ 4138344.7, 2953081.9 ], [ 4138394.3, 2953216.2 ], [ 4138419.6, 2953218.9 ], [ 4138436.2, 2953181.4 ], [ 4138464.6, 2953172.3 ], [ 4138484.7, 2953180.9 ], [ 4138521.9, 2953221.2 ], [ 4138526.7, 2953233.9 ], [ 4138417.1, 2953261.6 ], [ 4138324.4, 2953270.0 ], [ 4138312.8, 2953278.7 ], [ 4138309.7, 2953296.4 ], [ 4138467.2, 2953471.2 ], [ 4138436.3, 2953527.3 ], [ 4138492.7, 2953611.3 ], [ 4138492.2, 2953671.8 ], [ 4138509.9, 2953683.1 ], [ 4138527.0, 2953679.9 ], [ 4138536.4, 2953665.2 ], [ 4138540.8, 2953612.2 ], [ 4138566.7, 2953614.3 ], [ 4138576.3, 2953710.4 ], [ 4138633.1, 2953758.2 ], [ 4138652.7, 2953790.4 ], [ 4138654.1, 2953807.3 ], [ 4138678.9, 2953832.4 ], [ 4138741.9, 2953947.6 ], [ 4138670.8, 2953899.6 ], [ 4138602.6, 2953907.5 ], [ 4138590.4, 2953915.5 ], [ 4138562.6, 2953902.4 ], [ 4138566.5, 2953856.7 ], [ 4138550.0, 2953840.5 ], [ 4138525.4, 2953848.6 ], [ 4138510.6, 2953889.2 ], [ 4138433.3, 2953851.3 ], [ 4138405.9, 2953855.5 ], [ 4138296.6, 2954018.7 ], [ 4138227.9, 2954015.2 ], [ 4138191.5, 2954062.5 ], [ 4138197.2, 2954085.1 ], [ 4138262.4, 2954129.3 ], [ 4138254.6, 2954146.5 ], [ 4138266.0, 2954172.6 ], [ 4138287.8, 2954175.0 ], [ 4138302.4, 2954160.1 ], [ 4138334.6, 2954185.1 ], [ 4138228.5, 2954304.0 ] ], [ [ 4138578.3, 2954235.6 ], [ 4138424.7, 2954092.9 ], [ 4138506.9, 2954033.1 ], [ 4138517.5, 2954015.5 ], [ 4138516.5, 2953997.7 ], [ 4138610.0, 2954020.9 ], [ 4138647.0, 2954080.4 ], [ 4138687.3, 2954110.1 ], [ 4138659.2, 2954133.6 ], [ 4138661.9, 2954160.0 ], [ 4138578.3, 2954235.6 ] ], [ [ 4138729.5, 2953717.4 ], [ 4138748.7, 2953691.8 ], [ 4138796.5, 2953703.1 ], [ 4138810.8, 2953729.0 ], [ 4138809.5, 2953739.2 ], [ 4138775.1, 2953771.8 ], [ 4138773.4, 2953812.0 ], [ 4138765.6, 2953820.0 ], [ 4138738.6, 2953816.0 ], [ 4138742.9, 2953781.1 ], [ 4138729.5, 2953717.4 ] ], [ [ 4138729.9, 2953570.7 ], [ 4138720.0, 2953535.5 ], [ 4138742.6, 2953530.2 ], [ 4138769.0, 2953507.0 ], [ 4138778.9, 2953467.2 ], [ 4138829.1, 2953489.0 ], [ 4138830.3, 2953510.2 ], [ 4138855.7, 2953538.5 ], [ 4138851.8, 2953557.2 ], [ 4138807.1, 2953540.6 ], [ 4138790.9, 2953543.6 ], [ 4138774.9, 2953563.2 ], [ 4138773.4, 2953589.3 ], [ 4138729.9, 2953570.7 ] ], [ [ 4138698.8, 2953517.4 ], [ 4138641.7, 2953561.8 ], [ 4138620.9, 2953490.3 ], [ 4138655.9, 2953468.1 ], [ 4138663.2, 2953448.8 ], [ 4138597.5, 2953225.5 ], [ 4138587.7, 2953215.5 ], [ 4138570.3, 2953214.4 ], [ 4138612.4, 2953164.3 ], [ 4138618.3, 2953126.2 ], [ 4138642.5, 2953084.4 ], [ 4138663.2, 2953089.6 ], [ 4138702.9, 2953134.3 ], [ 4138710.4, 2953159.8 ], [ 4138741.5, 2953208.4 ], [ 4138869.6, 2953220.2 ], [ 4138889.7, 2953225.9 ], [ 4138911.6, 2953262.1 ], [ 4138966.7, 2953253.7 ], [ 4138997.5, 2953273.8 ], [ 4138994.0, 2953305.8 ], [ 4138963.2, 2953310.0 ], [ 4138861.2, 2953367.8 ], [ 4138816.3, 2953377.4 ], [ 4138764.6, 2953433.5 ], [ 4138761.8, 2953451.2 ], [ 4138744.3, 2953455.3 ], [ 4138709.7, 2953492.0 ], [ 4138698.8, 2953517.4 ] ], [ [ 4139057.6, 2953106.2 ], [ 4139067.8, 2953093.7 ], [ 4139089.6, 2953099.3 ], [ 4139105.1, 2953130.9 ], [ 4139138.5, 2953145.8 ], [ 4139137.1, 2953187.1 ], [ 4139115.0, 2953183.9 ], [ 4139092.1, 2953199.9 ], [ 4139063.5, 2953199.8 ], [ 4139050.8, 2953185.8 ], [ 4139057.6, 2953106.2 ] ], [ [ 4138084.9, 2953128.9 ], [ 4138053.3, 2953121.6 ], [ 4138021.2, 2953151.3 ], [ 4137900.6, 2953044.0 ], [ 4137936.6, 2952979.7 ], [ 4137958.1, 2952968.5 ], [ 4137958.1, 2952947.3 ], [ 4138061.8, 2952910.0 ], [ 4138091.2, 2952908.5 ], [ 4138127.1, 2952931.0 ], [ 4138126.8, 2952965.4 ], [ 4138086.4, 2953036.4 ], [ 4138086.7, 2953058.2 ], [ 4138107.7, 2953111.9 ], [ 4138099.8, 2953124.4 ], [ 4138084.9, 2953128.9 ] ], [ [ 4137927.5, 2952511.2 ], [ 4137941.0, 2952523.2 ], [ 4137945.5, 2952550.6 ], [ 4137943.5, 2952557.4 ], [ 4137914.2, 2952560.1 ], [ 4137918.5, 2952516.9 ], [ 4137927.5, 2952511.2 ] ], [ [ 4139125.8, 2952500.3 ], [ 4139125.6, 2952469.2 ], [ 4139171.5, 2952504.2 ], [ 4139191.7, 2952506.2 ], [ 4139238.1, 2952439.7 ], [ 4139270.9, 2952506.9 ], [ 4139276.0, 2952531.5 ], [ 4139268.9, 2952571.4 ], [ 4139250.0, 2952592.3 ], [ 4139229.1, 2952589.6 ], [ 4139225.1, 2952569.2 ], [ 4139193.4, 2952540.8 ], [ 4139162.5, 2952531.4 ], [ 4139073.2, 2952589.5 ], [ 4139025.2, 2952583.9 ], [ 4139053.4, 2952573.5 ], [ 4139100.2, 2952539.2 ], [ 4139125.8, 2952500.3 ] ], [ [ 4139371.3, 2952177.1 ], [ 4139368.4, 2952151.0 ], [ 4139345.1, 2952097.6 ], [ 4139393.1, 2952064.7 ], [ 4139401.1, 2952110.3 ], [ 4139432.3, 2952136.6 ], [ 4139405.4, 2952175.7 ], [ 4139371.3, 2952177.1 ] ], [ [ 4137920.3, 2951096.2 ], [ 4137839.8, 2950996.9 ], [ 4137879.1, 2950979.5 ], [ 4137927.1, 2951009.1 ], [ 4137951.9, 2951012.7 ], [ 4137964.8, 2951005.5 ], [ 4137985.4, 2950980.3 ], [ 4137999.6, 2950928.0 ], [ 4138074.5, 2950823.0 ], [ 4138101.7, 2950834.3 ], [ 4138119.4, 2950822.9 ], [ 4138155.8, 2950718.7 ], [ 4138167.5, 2950657.8 ], [ 4138180.0, 2950658.5 ], [ 4138184.6, 2950690.1 ], [ 4138175.8, 2950735.3 ], [ 4138150.1, 2950790.8 ], [ 4138155.3, 2950810.9 ], [ 4138208.2, 2950825.4 ], [ 4138224.6, 2950838.3 ], [ 4138265.3, 2950831.6 ], [ 4138289.9, 2950843.2 ], [ 4138298.9, 2950863.1 ], [ 4138356.9, 2950897.4 ], [ 4138382.4, 2950893.6 ], [ 4138510.8, 2950973.8 ], [ 4138531.2, 2950992.4 ], [ 4138546.0, 2951037.8 ], [ 4138561.6, 2951050.6 ], [ 4138567.8, 2951078.3 ], [ 4138469.5, 2951070.3 ], [ 4138271.1, 2951023.2 ], [ 4138245.3, 2951005.7 ], [ 4138258.8, 2950958.5 ], [ 4138254.5, 2950942.3 ], [ 4138180.6, 2950879.8 ], [ 4138156.9, 2950868.6 ], [ 4138137.2, 2950883.4 ], [ 4138117.2, 2951008.7 ], [ 4138089.0, 2951006.5 ], [ 4138103.0, 2950932.2 ], [ 4138093.0, 2950917.4 ], [ 4138075.3, 2950914.9 ], [ 4137994.1, 2951022.5 ], [ 4137981.7, 2951061.6 ], [ 4137920.3, 2951096.2 ] ], [ [ 4139632.4, 2950987.1 ], [ 4139632.8, 2950910.9 ], [ 4139611.1, 2950877.5 ], [ 4139527.9, 2950811.2 ], [ 4139518.1, 2950797.0 ], [ 4139526.0, 2950771.2 ], [ 4139588.7, 2950792.5 ], [ 4139605.2, 2950786.2 ], [ 4139624.0, 2950763.8 ], [ 4139649.5, 2950766.3 ], [ 4139695.5, 2950886.2 ], [ 4139723.2, 2950911.9 ], [ 4139754.2, 2950921.3 ], [ 4139738.5, 2950938.5 ], [ 4139673.8, 2950949.4 ], [ 4139647.9, 2950981.2 ], [ 4139632.4, 2950987.1 ] ], [ [ 4138772.8, 2950944.1 ], [ 4138755.6, 2950945.2 ], [ 4138602.6, 2950903.7 ], [ 4138574.1, 2950877.9 ], [ 4138593.3, 2950872.4 ], [ 4138661.1, 2950879.8 ], [ 4138774.7, 2950923.3 ], [ 4138772.8, 2950944.1 ] ], [ [ 4135587.3, 2950111.6 ], [ 4135569.1, 2950276.0 ], [ 4135560.7, 2950284.3 ], [ 4135533.5, 2950283.2 ], [ 4135527.0, 2950243.4 ], [ 4135552.8, 2950183.2 ], [ 4135547.1, 2950150.1 ], [ 4135558.4, 2950124.9 ], [ 4135596.5, 2950090.5 ], [ 4135620.0, 2950032.9 ], [ 4135660.7, 2949999.2 ], [ 4135721.3, 2949965.5 ], [ 4135754.1, 2949953.7 ], [ 4135782.4, 2949956.4 ], [ 4135784.8, 2949981.3 ], [ 4135796.0, 2949998.9 ], [ 4135692.6, 2950044.6 ], [ 4135668.7, 2950065.4 ], [ 4135615.4, 2950083.8 ], [ 4135587.3, 2950111.6 ] ], [ [ 4136822.6, 2949954.0 ], [ 4136827.8, 2949938.4 ], [ 4136850.3, 2949947.2 ], [ 4136904.6, 2949929.6 ], [ 4136954.9, 2949935.2 ], [ 4136998.6, 2949898.3 ], [ 4137056.7, 2949942.5 ], [ 4137095.2, 2949995.9 ], [ 4137101.6, 2950017.3 ], [ 4137038.6, 2949987.1 ], [ 4137028.5, 2949968.4 ], [ 4137014.5, 2949963.3 ], [ 4136993.8, 2949977.5 ], [ 4136944.7, 2949988.6 ], [ 4136935.3, 2950014.3 ], [ 4136947.9, 2950028.1 ], [ 4136989.6, 2950043.1 ], [ 4137036.4, 2950103.6 ], [ 4137060.2, 2950109.5 ], [ 4137082.4, 2950128.1 ], [ 4137058.2, 2950149.2 ], [ 4136973.4, 2950105.5 ], [ 4136949.4, 2950057.7 ], [ 4136822.6, 2949954.0 ] ], [ [ 4134286.2, 2949924.2 ], [ 4134213.2, 2950042.9 ], [ 4134200.4, 2950111.3 ], [ 4134112.5, 2950010.4 ], [ 4134174.6, 2949915.1 ], [ 4134279.5, 2949798.0 ], [ 4134290.9, 2949841.3 ], [ 4134314.3, 2949852.2 ], [ 4134300.2, 2949871.0 ], [ 4134286.2, 2949924.2 ] ], [ [ 4138341.6, 2949894.8 ], [ 4138282.1, 2949861.1 ], [ 4138256.3, 2949870.7 ], [ 4138241.0, 2949772.0 ], [ 4138215.3, 2949728.7 ], [ 4138186.6, 2949705.4 ], [ 4138150.6, 2949655.0 ], [ 4138107.4, 2949644.5 ], [ 4138071.5, 2949611.9 ], [ 4138062.2, 2949587.3 ], [ 4138009.1, 2949559.8 ], [ 4138008.8, 2949538.9 ], [ 4137982.4, 2949503.5 ], [ 4137956.1, 2949495.2 ], [ 4137959.2, 2949409.9 ], [ 4137949.7, 2949360.3 ], [ 4137967.5, 2949336.5 ], [ 4137969.1, 2949318.3 ], [ 4137993.6, 2949307.6 ], [ 4137998.8, 2949278.9 ], [ 4137973.3, 2949247.0 ], [ 4137967.9, 2949214.2 ], [ 4137911.4, 2949163.7 ], [ 4137906.6, 2949151.5 ], [ 4137928.5, 2949129.3 ], [ 4137968.6, 2949124.6 ], [ 4137982.7, 2949108.4 ], [ 4137981.3, 2949085.5 ], [ 4137964.5, 2949066.1 ], [ 4137975.4, 2949006.1 ], [ 4137969.7, 2948945.3 ], [ 4137980.7, 2948873.1 ], [ 4137971.0, 2948858.3 ], [ 4137904.3, 2948827.4 ], [ 4137856.4, 2948788.9 ], [ 4137830.0, 2948764.7 ], [ 4137821.8, 2948729.4 ], [ 4137854.5, 2948700.7 ], [ 4137917.8, 2948730.7 ], [ 4137989.6, 2948777.9 ], [ 4138132.0, 2948839.0 ], [ 4138149.8, 2948836.7 ], [ 4138179.1, 2948816.9 ], [ 4138226.8, 2948762.2 ], [ 4138260.5, 2948708.9 ], [ 4138318.0, 2948461.6 ], [ 4138331.8, 2948443.2 ], [ 4138365.3, 2948430.4 ], [ 4138394.1, 2948441.7 ], [ 4138496.2, 2948526.3 ], [ 4138522.0, 2948516.8 ], [ 4138530.3, 2948474.9 ], [ 4138621.9, 2948557.6 ], [ 4138664.8, 2948620.7 ], [ 4138786.0, 2948606.2 ], [ 4138806.6, 2948631.0 ], [ 4138803.2, 2948642.4 ], [ 4138741.7, 2948660.3 ], [ 4138738.5, 2948685.9 ], [ 4138716.2, 2948719.8 ], [ 4138713.1, 2948763.0 ], [ 4138776.4, 2948833.1 ], [ 4138783.8, 2948859.6 ], [ 4138804.7, 2948872.6 ], [ 4138801.9, 2948893.8 ], [ 4138688.4, 2948944.2 ], [ 4138661.8, 2948995.1 ], [ 4138632.1, 2949028.7 ], [ 4138629.9, 2949048.8 ], [ 4138641.4, 2949082.5 ], [ 4138682.6, 2949112.7 ], [ 4138697.4, 2949150.3 ], [ 4138612.1, 2949102.2 ], [ 4138536.0, 2949047.3 ], [ 4138383.6, 2948899.7 ], [ 4138334.1, 2948905.4 ], [ 4138313.1, 2948920.5 ], [ 4138313.8, 2948943.0 ], [ 4138331.7, 2948965.1 ], [ 4138337.6, 2949021.2 ], [ 4138246.4, 2949065.2 ], [ 4138234.6, 2949078.4 ], [ 4138231.8, 2949094.1 ], [ 4138241.1, 2949109.4 ], [ 4138303.7, 2949127.9 ], [ 4138348.9, 2949158.7 ], [ 4138362.7, 2949172.4 ], [ 4138371.1, 2949209.0 ], [ 4138367.1, 2949224.8 ], [ 4138353.8, 2949233.1 ], [ 4138337.5, 2949233.1 ], [ 4138303.4, 2949214.5 ], [ 4138284.1, 2949223.8 ], [ 4138282.7, 2949254.8 ], [ 4138243.0, 2949302.9 ], [ 4138223.3, 2949456.4 ], [ 4138192.6, 2949471.5 ], [ 4138189.2, 2949497.3 ], [ 4138225.6, 2949539.0 ], [ 4138277.5, 2949557.3 ], [ 4138313.2, 2949556.1 ], [ 4138355.2, 2949536.0 ], [ 4138371.4, 2949537.0 ], [ 4138444.2, 2949616.9 ], [ 4138425.9, 2949676.8 ], [ 4138400.1, 2949701.7 ], [ 4138396.7, 2949765.1 ], [ 4138346.1, 2949854.3 ], [ 4138341.6, 2949894.8 ] ], [ [ 4138936.1, 2949376.3 ], [ 4138981.6, 2949329.1 ], [ 4138999.8, 2949337.1 ], [ 4139007.4, 2949359.7 ], [ 4139000.7, 2949383.0 ], [ 4138983.5, 2949393.4 ], [ 4138936.1, 2949376.3 ] ], [ [ 4139554.2, 2949167.7 ], [ 4139621.0, 2949122.2 ], [ 4139651.4, 2949140.8 ], [ 4139570.0, 2949178.1 ], [ 4139554.2, 2949167.7 ] ], [ [ 4134706.7, 2948929.8 ], [ 4134720.6, 2948997.9 ], [ 4134661.2, 2948949.3 ], [ 4134622.9, 2948847.8 ], [ 4134581.5, 2948771.1 ], [ 4134529.2, 2948694.4 ], [ 4134485.0, 2948646.4 ], [ 4134541.3, 2948646.3 ], [ 4134571.0, 2948621.3 ], [ 4134663.8, 2948629.7 ], [ 4134723.0, 2948603.1 ], [ 4134736.6, 2948562.7 ], [ 4134757.8, 2948552.0 ], [ 4134858.0, 2948458.3 ], [ 4134865.0, 2948443.1 ], [ 4134862.2, 2948416.5 ], [ 4134899.6, 2948389.9 ], [ 4134965.5, 2948319.8 ], [ 4134968.5, 2948302.2 ], [ 4134941.6, 2948258.1 ], [ 4134945.9, 2948246.3 ], [ 4135022.7, 2948255.8 ], [ 4135042.2, 2948248.8 ], [ 4135053.1, 2948234.2 ], [ 4135074.9, 2948154.1 ], [ 4135014.7, 2947956.1 ], [ 4135050.9, 2947918.1 ], [ 4135074.4, 2947840.2 ], [ 4135048.0, 2947790.6 ], [ 4135050.3, 2947767.4 ], [ 4135013.9, 2947733.1 ], [ 4135013.5, 2947690.2 ], [ 4134994.8, 2947681.7 ], [ 4134969.3, 2947690.7 ], [ 4134956.8, 2947658.6 ], [ 4134934.9, 2947643.8 ], [ 4134925.4, 2947626.0 ], [ 4134944.5, 2947613.8 ], [ 4134978.4, 2947609.5 ], [ 4135041.6, 2947664.8 ], [ 4135107.3, 2947691.1 ], [ 4135218.3, 2947683.8 ], [ 4135265.6, 2947709.5 ], [ 4135309.6, 2947689.8 ], [ 4135321.6, 2947691.2 ], [ 4135329.9, 2947696.8 ], [ 4135336.1, 2947724.1 ], [ 4135352.5, 2947732.1 ], [ 4135439.1, 2947684.2 ], [ 4135491.9, 2947691.6 ], [ 4135578.3, 2947624.7 ], [ 4135607.3, 2947624.5 ], [ 4135633.0, 2947638.4 ], [ 4135683.8, 2947696.6 ], [ 4135696.6, 2947757.6 ], [ 4135681.7, 2947749.3 ], [ 4135645.6, 2947746.7 ], [ 4135625.3, 2947760.5 ], [ 4135576.4, 2947728.4 ], [ 4135554.8, 2947731.7 ], [ 4135531.5, 2947756.1 ], [ 4135505.8, 2947806.1 ], [ 4135488.0, 2947812.0 ], [ 4135420.2, 2947876.3 ], [ 4135343.8, 2947933.1 ], [ 4135320.5, 2947928.6 ], [ 4135280.2, 2947947.7 ], [ 4135225.7, 2947993.8 ], [ 4135166.2, 2948071.3 ], [ 4135165.5, 2948100.0 ], [ 4135138.5, 2948118.0 ], [ 4135138.2, 2948145.9 ], [ 4135156.8, 2948202.3 ], [ 4135120.4, 2948247.2 ], [ 4135101.2, 2948250.7 ], [ 4135065.9, 2948286.1 ], [ 4135048.9, 2948310.0 ], [ 4135045.6, 2948336.7 ], [ 4135021.8, 2948378.6 ], [ 4135052.0, 2948457.0 ], [ 4135046.2, 2948535.3 ], [ 4135058.9, 2948547.2 ], [ 4135088.8, 2948549.2 ], [ 4135094.3, 2948567.6 ], [ 4135134.8, 2948600.1 ], [ 4135112.0, 2948623.7 ], [ 4135082.6, 2948605.8 ], [ 4135061.0, 2948616.0 ], [ 4135051.5, 2948729.0 ], [ 4135018.0, 2948719.5 ], [ 4135030.1, 2948697.6 ], [ 4135027.4, 2948665.9 ], [ 4135040.6, 2948572.7 ], [ 4135035.6, 2948556.3 ], [ 4135023.9, 2948549.0 ], [ 4134941.3, 2948561.3 ], [ 4134751.4, 2948675.1 ], [ 4134733.1, 2948732.6 ], [ 4134737.7, 2948749.4 ], [ 4134750.0, 2948757.1 ], [ 4134752.7, 2948786.3 ], [ 4134753.8, 2948822.8 ], [ 4134739.0, 2948880.1 ], [ 4134749.0, 2948895.5 ], [ 4134795.9, 2948916.5 ], [ 4134799.6, 2948940.6 ], [ 4134797.4, 2948953.8 ], [ 4134738.2, 2948910.1 ], [ 4134720.3, 2948909.6 ], [ 4134706.7, 2948929.8 ] ], [ [ 4133249.1, 2947861.0 ], [ 4133224.5, 2947931.8 ], [ 4133220.3, 2947898.8 ], [ 4133182.3, 2947828.3 ], [ 4133191.0, 2947768.3 ], [ 4133230.6, 2947779.2 ], [ 4133229.0, 2947812.5 ], [ 4133249.1, 2947861.0 ] ], [ [ 4134417.2, 2948393.4 ], [ 4134539.1, 2948407.6 ], [ 4134548.4, 2948445.9 ], [ 4134547.4, 2948514.5 ], [ 4134570.9, 2948566.3 ], [ 4134550.5, 2948571.6 ], [ 4134529.5, 2948594.5 ], [ 4134309.8, 2948585.5 ], [ 4134263.7, 2948595.0 ], [ 4134249.8, 2948619.7 ], [ 4134235.0, 2948623.0 ], [ 4134258.4, 2948398.2 ], [ 4134285.7, 2948376.3 ], [ 4134352.5, 2948366.6 ], [ 4134364.0, 2948378.7 ], [ 4134417.2, 2948393.4 ] ], [ [ 4134134.0, 2948608.0 ], [ 4134166.7, 2948608.1 ], [ 4134168.5, 2948628.9 ], [ 4134179.8, 2948637.6 ], [ 4134195.5, 2948637.1 ], [ 4134199.8, 2948667.6 ], [ 4134223.6, 2948686.5 ], [ 4134146.4, 2948721.3 ], [ 4134139.1, 2948737.6 ], [ 4134145.0, 2948758.6 ], [ 4134121.2, 2948770.1 ], [ 4134092.7, 2948753.2 ], [ 4134077.9, 2948754.2 ], [ 4134033.0, 2948807.6 ], [ 4134010.5, 2948821.8 ], [ 4133950.6, 2948835.5 ], [ 4133936.0, 2948847.1 ], [ 4133933.2, 2948868.8 ], [ 4133946.7, 2948881.4 ], [ 4134002.3, 2948872.8 ], [ 4134038.7, 2948880.4 ], [ 4134037.8, 2948928.0 ], [ 4133927.4, 2948996.4 ], [ 4133920.0, 2949013.4 ], [ 4133926.7, 2949034.3 ], [ 4133848.2, 2949102.5 ], [ 4133840.2, 2949135.0 ], [ 4133765.1, 2949122.7 ], [ 4133757.5, 2949108.0 ], [ 4133742.6, 2949100.9 ], [ 4133657.3, 2949090.8 ], [ 4133630.9, 2949038.9 ], [ 4133636.5, 2949025.7 ], [ 4133705.3, 2949040.2 ], [ 4133726.9, 2949022.6 ], [ 4133718.4, 2948972.6 ], [ 4133696.6, 2948951.8 ], [ 4133664.3, 2948949.7 ], [ 4133629.5, 2948934.5 ], [ 4133615.5, 2948944.9 ], [ 4133612.1, 2948968.6 ], [ 4133579.9, 2948950.0 ], [ 4133565.2, 2948904.8 ], [ 4133525.3, 2948888.8 ], [ 4133493.1, 2948902.1 ], [ 4133444.1, 2948967.7 ], [ 4133415.5, 2948959.6 ], [ 4133433.0, 2948932.5 ], [ 4133427.5, 2948909.9 ], [ 4133461.0, 2948872.1 ], [ 4133455.2, 2948835.2 ], [ 4133521.0, 2948752.7 ], [ 4133566.1, 2948771.6 ], [ 4133584.1, 2948801.6 ], [ 4133606.5, 2948817.2 ], [ 4133647.7, 2948808.5 ], [ 4133708.2, 2948828.9 ], [ 4133739.6, 2948822.0 ], [ 4133741.3, 2948848.6 ], [ 4133752.8, 2948865.2 ], [ 4133792.9, 2948878.2 ], [ 4133816.5, 2948901.9 ], [ 4133852.9, 2948899.9 ], [ 4133874.9, 2948884.2 ], [ 4133877.3, 2948869.8 ], [ 4133869.1, 2948853.5 ], [ 4133897.3, 2948808.2 ], [ 4133895.1, 2948789.2 ], [ 4133885.3, 2948778.1 ], [ 4133944.9, 2948705.7 ], [ 4133953.9, 2948684.6 ], [ 4134014.7, 2948657.4 ], [ 4134036.5, 2948691.9 ], [ 4134070.0, 2948683.0 ], [ 4134084.1, 2948638.8 ], [ 4134041.7, 2948599.3 ], [ 4134063.7, 2948577.5 ], [ 4134134.0, 2948608.0 ] ], [ [ 4135710.6, 2949297.7 ], [ 4135691.9, 2949349.0 ], [ 4135706.1, 2949436.5 ], [ 4135692.2, 2949548.2 ], [ 4135674.4, 2949564.9 ], [ 4135664.2, 2949596.6 ], [ 4135655.1, 2949602.7 ], [ 4135635.7, 2949589.7 ], [ 4135636.0, 2949528.5 ], [ 4135653.2, 2949514.2 ], [ 4135666.7, 2949487.9 ], [ 4135661.6, 2949474.5 ], [ 4135642.5, 2949461.4 ], [ 4135641.5, 2949341.6 ], [ 4135652.0, 2949260.9 ], [ 4135667.9, 2949215.0 ], [ 4135694.6, 2949219.4 ], [ 4135692.0, 2949254.7 ], [ 4135699.2, 2949285.4 ], [ 4135710.6, 2949297.7 ] ], [ [ 4133065.6, 2949619.9 ], [ 4133142.9, 2949706.9 ], [ 4133138.2, 2949720.2 ], [ 4133122.0, 2949721.4 ], [ 4133080.1, 2949686.0 ], [ 4133052.8, 2949678.2 ], [ 4133047.1, 2949640.6 ], [ 4133020.8, 2949617.1 ], [ 4133003.0, 2949618.3 ], [ 4132992.0, 2949632.3 ], [ 4132996.0, 2949690.9 ], [ 4132937.8, 2949681.7 ], [ 4132907.7, 2949646.2 ], [ 4132911.8, 2949626.3 ], [ 4132932.3, 2949641.0 ], [ 4132950.1, 2949638.2 ], [ 4132976.9, 2949601.1 ], [ 4133018.5, 2949573.7 ], [ 4133028.1, 2949555.6 ], [ 4133029.8, 2949527.9 ], [ 4133113.7, 2949535.7 ], [ 4133061.8, 2949593.0 ], [ 4133065.6, 2949619.9 ] ], [ [ 4135529.6, 2950419.8 ], [ 4135498.4, 2950547.5 ], [ 4135508.3, 2950582.8 ], [ 4135501.3, 2950610.6 ], [ 4135479.3, 2950578.6 ], [ 4135475.1, 2950552.4 ], [ 4135497.4, 2950379.7 ], [ 4135503.7, 2950360.0 ], [ 4135512.5, 2950355.4 ], [ 4135574.1, 2950347.5 ], [ 4135529.6, 2950419.8 ] ], [ [ 4137151.7, 2950494.2 ], [ 4137235.4, 2950473.0 ], [ 4137393.6, 2950593.7 ], [ 4137389.8, 2950603.4 ], [ 4137380.9, 2950608.4 ], [ 4137356.5, 2950601.8 ], [ 4137266.0, 2950546.0 ], [ 4137143.5, 2950505.1 ], [ 4137151.7, 2950494.2 ] ], [ [ 4134260.9, 2950904.0 ], [ 4134351.6, 2951073.1 ], [ 4134239.2, 2950987.2 ], [ 4134186.9, 2950972.1 ], [ 4134147.7, 2950972.6 ], [ 4134129.2, 2951014.2 ], [ 4134129.2, 2950984.4 ], [ 4134178.4, 2950860.4 ], [ 4134208.1, 2950826.5 ], [ 4134260.9, 2950904.0 ] ], [ [ 4137013.3, 2951131.0 ], [ 4136959.3, 2951207.3 ], [ 4136944.9, 2951262.0 ], [ 4136886.9, 2951354.6 ], [ 4136842.0, 2951330.9 ], [ 4136862.7, 2951287.3 ], [ 4136862.0, 2951273.0 ], [ 4136810.5, 2951237.7 ], [ 4136837.9, 2951186.2 ], [ 4136867.4, 2951203.6 ], [ 4136898.5, 2951187.0 ], [ 4136933.7, 2951187.8 ], [ 4136946.7, 2951177.5 ], [ 4136980.9, 2951116.6 ], [ 4137013.3, 2951131.0 ] ], [ [ 4132672.0, 2951459.7 ], [ 4132836.7, 2951579.6 ], [ 4132858.8, 2951579.2 ], [ 4132883.0, 2951560.5 ], [ 4132900.6, 2951562.9 ], [ 4132915.0, 2951553.0 ], [ 4132959.6, 2951575.4 ], [ 4132986.0, 2951570.2 ], [ 4133003.8, 2951575.1 ], [ 4133010.4, 2951594.2 ], [ 4132995.2, 2951608.3 ], [ 4132994.3, 2951625.7 ], [ 4133030.0, 2951647.2 ], [ 4132984.1, 2951696.1 ], [ 4132992.6, 2951721.9 ], [ 4132980.5, 2951744.9 ], [ 4132983.7, 2951768.7 ], [ 4132928.0, 2951801.4 ], [ 4132895.5, 2951805.3 ], [ 4132755.2, 2951794.1 ], [ 4132711.1, 2951756.5 ], [ 4132687.4, 2951746.3 ], [ 4132673.6, 2951750.7 ], [ 4132664.9, 2951766.5 ], [ 4132644.9, 2951764.8 ], [ 4132632.9, 2951773.4 ], [ 4132632.8, 2951798.2 ], [ 4132683.3, 2951862.7 ], [ 4132669.8, 2951882.9 ], [ 4132684.6, 2951911.7 ], [ 4132635.9, 2951973.2 ], [ 4132625.0, 2952055.9 ], [ 4132610.8, 2952077.9 ], [ 4132610.5, 2952137.7 ], [ 4132589.1, 2952184.5 ], [ 4132572.9, 2952174.7 ], [ 4132567.7, 2952132.0 ], [ 4132559.2, 2952120.8 ], [ 4132477.4, 2952111.9 ], [ 4132471.5, 2952103.9 ], [ 4132566.1, 2952092.0 ], [ 4132581.7, 2952082.7 ], [ 4132609.4, 2952010.9 ], [ 4132599.4, 2951946.4 ], [ 4132621.0, 2951933.8 ], [ 4132621.0, 2951905.5 ], [ 4132646.0, 2951880.3 ], [ 4132641.1, 2951862.6 ], [ 4132608.3, 2951842.2 ], [ 4132598.8, 2951811.7 ], [ 4132561.3, 2951765.2 ], [ 4132514.1, 2951738.0 ], [ 4132497.9, 2951716.4 ], [ 4132493.6, 2951689.5 ], [ 4132517.0, 2951652.3 ], [ 4132509.6, 2951630.4 ], [ 4132546.8, 2951619.5 ], [ 4132608.7, 2951723.9 ], [ 4132629.9, 2951728.0 ], [ 4132644.4, 2951712.0 ], [ 4132616.0, 2951623.8 ], [ 4132592.8, 2951583.5 ], [ 4132564.4, 2951563.0 ], [ 4132520.1, 2951556.2 ], [ 4132589.3, 2951493.4 ], [ 4132620.8, 2951443.5 ], [ 4132631.0, 2951405.0 ], [ 4132672.0, 2951459.7 ] ], [ [ 4134569.6, 2952057.4 ], [ 4134673.3, 2952017.2 ], [ 4134678.6, 2952032.8 ], [ 4134694.4, 2952043.3 ], [ 4134772.1, 2952043.0 ], [ 4134777.4, 2952096.2 ], [ 4134797.5, 2952110.0 ], [ 4134835.5, 2952097.7 ], [ 4134854.2, 2952075.1 ], [ 4134904.4, 2952062.1 ], [ 4134927.0, 2952033.7 ], [ 4134957.2, 2952037.6 ], [ 4134956.3, 2952066.5 ], [ 4134993.1, 2952087.6 ], [ 4134975.2, 2952126.3 ], [ 4134976.4, 2952157.8 ], [ 4134968.1, 2952175.9 ], [ 4134910.7, 2952238.1 ], [ 4134881.5, 2952325.7 ], [ 4134878.1, 2952373.7 ], [ 4134893.8, 2952457.6 ], [ 4134920.8, 2952490.9 ], [ 4134937.7, 2952493.6 ], [ 4134966.8, 2952480.5 ], [ 4134976.1, 2952446.7 ], [ 4135029.0, 2952447.6 ], [ 4135047.2, 2952474.0 ], [ 4135041.0, 2952494.5 ], [ 4135026.3, 2952493.5 ], [ 4134943.5, 2952526.6 ], [ 4134931.4, 2952540.0 ], [ 4134933.3, 2952558.0 ], [ 4134969.9, 2952619.0 ], [ 4134944.1, 2952628.6 ], [ 4134935.4, 2952647.9 ], [ 4134978.0, 2952721.2 ], [ 4134974.4, 2952740.6 ], [ 4134949.2, 2952774.2 ], [ 4134890.2, 2952820.8 ], [ 4134802.7, 2952845.6 ], [ 4134789.9, 2952879.5 ], [ 4134794.7, 2952900.5 ], [ 4134821.0, 2952910.8 ], [ 4134903.3, 2952999.8 ], [ 4134884.1, 2953034.0 ], [ 4134859.4, 2953008.7 ], [ 4134831.0, 2953013.4 ], [ 4134821.3, 2952994.5 ], [ 4134783.3, 2952972.2 ], [ 4134771.2, 2952956.6 ], [ 4134737.7, 2952950.8 ], [ 4134721.8, 2952959.1 ], [ 4134718.3, 2952980.2 ], [ 4134743.8, 2953013.0 ], [ 4134770.2, 2953022.4 ], [ 4134782.9, 2953040.9 ], [ 4134781.1, 2953057.6 ], [ 4134758.2, 2953078.2 ], [ 4134632.1, 2953064.7 ], [ 4134626.6, 2953032.5 ], [ 4134632.4, 2952968.9 ], [ 4134647.1, 2952986.1 ], [ 4134664.0, 2952990.7 ], [ 4134697.6, 2952978.2 ], [ 4134707.4, 2952959.2 ], [ 4134699.4, 2952943.0 ], [ 4134670.5, 2952932.8 ], [ 4134631.6, 2952881.6 ], [ 4134610.9, 2952878.8 ], [ 4134597.1, 2952894.5 ], [ 4134600.3, 2952935.0 ], [ 4134569.1, 2952926.3 ], [ 4134541.5, 2952946.9 ], [ 4134518.6, 2953038.5 ], [ 4134484.9, 2953088.3 ], [ 4134464.7, 2953102.1 ], [ 4134465.3, 2953120.1 ], [ 4134449.9, 2953151.3 ], [ 4134468.7, 2953183.8 ], [ 4134438.4, 2953220.7 ], [ 4134386.6, 2953230.3 ], [ 4134358.1, 2953225.2 ], [ 4134326.2, 2953239.3 ], [ 4134300.9, 2953278.0 ], [ 4134246.2, 2953267.7 ], [ 4134214.8, 2953293.0 ], [ 4134195.0, 2953291.4 ], [ 4134213.3, 2953199.1 ], [ 4134197.9, 2953177.2 ], [ 4134173.4, 2953185.3 ], [ 4134020.6, 2953167.5 ], [ 4133827.6, 2953123.1 ], [ 4133648.5, 2953104.6 ], [ 4133511.3, 2953109.6 ], [ 4133490.4, 2953131.6 ], [ 4133410.3, 2953138.8 ], [ 4133397.4, 2953151.0 ], [ 4133320.6, 2953177.9 ], [ 4133301.1, 2953254.3 ], [ 4133338.1, 2953301.2 ], [ 4133317.2, 2953313.9 ], [ 4133312.0, 2953338.7 ], [ 4133288.6, 2953356.3 ], [ 4133209.4, 2953376.8 ], [ 4133183.1, 2953401.0 ], [ 4133181.6, 2953422.5 ], [ 4133166.4, 2953439.2 ], [ 4133097.9, 2953404.5 ], [ 4133016.3, 2953409.7 ], [ 4132989.0, 2953421.6 ], [ 4132867.6, 2953517.4 ], [ 4132732.6, 2953563.7 ], [ 4132713.3, 2953555.8 ], [ 4132696.1, 2953567.5 ], [ 4132668.9, 2953552.7 ], [ 4132657.7, 2953520.2 ], [ 4132668.4, 2953506.7 ], [ 4132666.1, 2953489.6 ], [ 4132567.3, 2953399.9 ], [ 4132678.0, 2953326.8 ], [ 4132785.3, 2953175.6 ], [ 4132786.7, 2953160.7 ], [ 4132778.2, 2953148.3 ], [ 4132745.3, 2953142.2 ], [ 4132785.9, 2953014.8 ], [ 4132781.7, 2952997.9 ], [ 4132759.2, 2952981.2 ], [ 4132768.5, 2952935.6 ], [ 4132795.1, 2952939.3 ], [ 4132810.3, 2952929.0 ], [ 4132817.6, 2952891.7 ], [ 4132789.2, 2952867.4 ], [ 4132801.3, 2952848.1 ], [ 4132828.5, 2952843.5 ], [ 4132849.5, 2952788.2 ], [ 4132881.4, 2952752.7 ], [ 4132867.0, 2952683.0 ], [ 4132869.3, 2952605.0 ], [ 4132907.4, 2952562.2 ], [ 4132943.9, 2952377.1 ], [ 4132957.5, 2952356.2 ], [ 4132978.1, 2952356.7 ], [ 4132996.3, 2952338.9 ], [ 4133012.4, 2952348.3 ], [ 4133068.0, 2952348.3 ], [ 4133094.3, 2952319.7 ], [ 4133094.2, 2952305.3 ], [ 4133076.7, 2952279.2 ], [ 4133008.5, 2952274.0 ], [ 4133035.9, 2952241.0 ], [ 4133046.2, 2952258.9 ], [ 4133062.0, 2952264.0 ], [ 4133109.6, 2952256.3 ], [ 4133124.1, 2952237.9 ], [ 4133147.6, 2952238.9 ], [ 4133210.2, 2952332.7 ], [ 4133262.7, 2952371.7 ], [ 4133297.8, 2952418.6 ], [ 4133234.8, 2952469.7 ], [ 4133222.7, 2952495.9 ], [ 4133226.1, 2952516.8 ], [ 4133261.8, 2952546.2 ], [ 4133317.8, 2952560.9 ], [ 4133360.6, 2952615.0 ], [ 4133396.0, 2952621.3 ], [ 4133409.6, 2952615.6 ], [ 4133416.8, 2952599.0 ], [ 4133400.2, 2952551.6 ], [ 4133408.8, 2952521.5 ], [ 4133390.5, 2952500.2 ], [ 4133397.9, 2952489.6 ], [ 4133457.8, 2952480.3 ], [ 4133470.2, 2952470.7 ], [ 4133551.6, 2952240.9 ], [ 4133581.5, 2952228.4 ], [ 4133558.3, 2952280.0 ], [ 4133537.7, 2952388.7 ], [ 4133502.2, 2952451.3 ], [ 4133464.3, 2952496.7 ], [ 4133462.1, 2952555.7 ], [ 4133434.3, 2952601.6 ], [ 4133442.8, 2952624.5 ], [ 4133477.7, 2952631.5 ], [ 4133499.6, 2952650.3 ], [ 4133485.0, 2952676.0 ], [ 4133506.0, 2952698.6 ], [ 4133582.2, 2952703.6 ], [ 4133604.9, 2952697.3 ], [ 4133651.8, 2952615.6 ], [ 4133659.4, 2952523.5 ], [ 4133651.9, 2952486.4 ], [ 4133625.6, 2952440.1 ], [ 4133596.9, 2952429.2 ], [ 4133592.6, 2952420.8 ], [ 4133695.0, 2952378.1 ], [ 4133742.2, 2952406.6 ], [ 4133742.4, 2952451.8 ], [ 4133749.1, 2952465.4 ], [ 4133799.2, 2952509.4 ], [ 4133859.7, 2952546.6 ], [ 4133833.0, 2952629.8 ], [ 4133788.1, 2952695.9 ], [ 4133757.2, 2952676.8 ], [ 4133728.4, 2952678.8 ], [ 4133716.9, 2952687.1 ], [ 4133714.0, 2952732.0 ], [ 4133727.8, 2952761.8 ], [ 4133721.5, 2952777.8 ], [ 4133728.6, 2952793.4 ], [ 4133725.1, 2952815.0 ], [ 4133710.0, 2952838.8 ], [ 4133687.0, 2952846.9 ], [ 4133662.3, 2952874.7 ], [ 4133641.3, 2952879.0 ], [ 4133584.3, 2952859.0 ], [ 4133515.3, 2952854.0 ], [ 4133503.2, 2952842.8 ], [ 4133495.0, 2952790.7 ], [ 4133459.7, 2952769.7 ], [ 4133477.4, 2952747.7 ], [ 4133462.3, 2952714.1 ], [ 4133442.5, 2952701.9 ], [ 4133423.6, 2952712.0 ], [ 4133406.0, 2952761.2 ], [ 4133402.3, 2952818.3 ], [ 4133391.4, 2952836.2 ], [ 4133418.6, 2952907.7 ], [ 4133402.8, 2952939.1 ], [ 4133404.9, 2952956.4 ], [ 4133420.3, 2952968.2 ], [ 4133447.4, 2952969.4 ], [ 4133500.6, 2952921.6 ], [ 4133523.4, 2952927.8 ], [ 4133523.5, 2952950.5 ], [ 4133549.8, 2952983.7 ], [ 4133574.1, 2952988.0 ], [ 4133588.3, 2952979.0 ], [ 4133601.4, 2952953.3 ], [ 4133633.6, 2952954.5 ], [ 4133648.7, 2952935.1 ], [ 4133749.5, 2952964.3 ], [ 4133826.2, 2952933.3 ], [ 4133922.3, 2952915.4 ], [ 4133929.0, 2952898.5 ], [ 4133920.8, 2952878.3 ], [ 4133858.9, 2952847.6 ], [ 4133852.9, 2952832.6 ], [ 4133866.1, 2952795.7 ], [ 4133893.8, 2952784.5 ], [ 4133900.7, 2952800.7 ], [ 4133917.0, 2952807.7 ], [ 4133948.6, 2952793.2 ], [ 4133991.4, 2952738.7 ], [ 4133992.9, 2952691.6 ], [ 4134012.9, 2952684.0 ], [ 4134056.5, 2952696.6 ], [ 4134081.5, 2952726.3 ], [ 4134105.1, 2952720.8 ], [ 4134111.0, 2952707.6 ], [ 4134106.4, 2952683.7 ], [ 4134121.9, 2952673.9 ], [ 4134129.8, 2952648.6 ], [ 4134114.1, 2952565.2 ], [ 4134144.5, 2952504.9 ], [ 4134166.3, 2952504.9 ], [ 4134274.9, 2952558.9 ], [ 4134347.0, 2952560.4 ], [ 4134460.2, 2952579.0 ], [ 4134506.8, 2952552.6 ], [ 4134548.7, 2952512.2 ], [ 4134563.3, 2952482.4 ], [ 4134553.8, 2952463.2 ], [ 4134522.8, 2952457.4 ], [ 4134519.2, 2952421.5 ], [ 4134540.0, 2952276.4 ], [ 4134530.0, 2952194.3 ], [ 4134587.5, 2952179.6 ], [ 4134599.1, 2952161.4 ], [ 4134592.5, 2952144.4 ], [ 4134552.0, 2952112.4 ], [ 4134569.6, 2952057.4 ] ], [ [ 4132585.7, 2952263.0 ], [ 4132617.5, 2952342.4 ], [ 4132688.9, 2952392.8 ], [ 4132679.0, 2952403.6 ], [ 4132648.1, 2952401.4 ], [ 4132596.9, 2952363.6 ], [ 4132559.3, 2952364.1 ], [ 4132547.4, 2952330.3 ], [ 4132567.9, 2952263.3 ], [ 4132585.7, 2952263.0 ] ], [ [ 4131094.7, 2953511.1 ], [ 4131061.4, 2953481.1 ], [ 4131047.6, 2953477.5 ], [ 4131020.7, 2953500.1 ], [ 4130974.0, 2953512.7 ], [ 4130938.9, 2953510.4 ], [ 4130944.4, 2953482.4 ], [ 4130960.8, 2953467.0 ], [ 4131016.4, 2953435.2 ], [ 4131029.5, 2953416.2 ], [ 4131057.8, 2953406.8 ], [ 4131110.2, 2953460.9 ], [ 4131127.9, 2953468.7 ], [ 4131094.7, 2953511.1 ] ], [ [ 4132569.2, 2953567.1 ], [ 4132583.4, 2953618.2 ], [ 4132603.7, 2953634.7 ], [ 4132628.0, 2953631.2 ], [ 4132701.2, 2953698.0 ], [ 4132686.3, 2953716.9 ], [ 4132667.5, 2953726.8 ], [ 4132622.3, 2953730.5 ], [ 4132607.9, 2953740.9 ], [ 4132559.3, 2953710.4 ], [ 4132532.4, 2953719.1 ], [ 4132471.1, 2953697.4 ], [ 4132470.8, 2953681.6 ], [ 4132459.1, 2953668.2 ], [ 4132499.0, 2953597.3 ], [ 4132500.7, 2953531.4 ], [ 4132512.6, 2953518.0 ], [ 4132573.3, 2953557.4 ], [ 4132569.2, 2953567.1 ] ], [ [ 4133123.7, 2953884.7 ], [ 4133263.3, 2953716.7 ], [ 4133346.1, 2953645.4 ], [ 4133354.3, 2953686.6 ], [ 4133347.7, 2953755.6 ], [ 4133360.3, 2953771.5 ], [ 4133430.5, 2953791.7 ], [ 4133445.8, 2953783.5 ], [ 4133462.1, 2953751.0 ], [ 4133494.0, 2953761.0 ], [ 4133550.0, 2953752.4 ], [ 4133563.3, 2953735.2 ], [ 4133560.9, 2953697.0 ], [ 4133534.2, 2953663.2 ], [ 4133475.3, 2953674.8 ], [ 4133454.3, 2953690.5 ], [ 4133437.9, 2953722.7 ], [ 4133422.2, 2953717.8 ], [ 4133421.6, 2953706.4 ], [ 4133438.7, 2953681.4 ], [ 4133441.2, 2953612.7 ], [ 4133489.0, 2953598.3 ], [ 4133531.0, 2953523.1 ], [ 4133607.6, 2953527.4 ], [ 4133685.2, 2953481.8 ], [ 4133716.0, 2953498.9 ], [ 4133676.1, 2953544.8 ], [ 4133685.3, 2953568.9 ], [ 4133704.7, 2953575.0 ], [ 4133772.1, 2953538.7 ], [ 4133775.8, 2953514.6 ], [ 4133757.2, 2953499.8 ], [ 4133783.8, 2953465.8 ], [ 4133803.1, 2953455.7 ], [ 4133822.4, 2953469.8 ], [ 4133862.0, 2953479.0 ], [ 4133905.7, 2953423.5 ], [ 4133954.5, 2953425.6 ], [ 4133979.5, 2953412.9 ], [ 4134032.3, 2953406.3 ], [ 4134035.6, 2953413.8 ], [ 4133983.0, 2953479.5 ], [ 4133927.2, 2953514.3 ], [ 4133910.5, 2953560.1 ], [ 4133922.8, 2953582.0 ], [ 4133897.3, 2953607.4 ], [ 4133899.8, 2953621.4 ], [ 4133917.1, 2953632.9 ], [ 4133926.4, 2953653.9 ], [ 4133959.1, 2953656.3 ], [ 4133973.4, 2953642.5 ], [ 4133992.8, 2953544.0 ], [ 4134016.7, 2953553.2 ], [ 4134030.5, 2953569.9 ], [ 4134017.4, 2953670.8 ], [ 4133989.2, 2953690.7 ], [ 4133893.1, 2953833.4 ], [ 4133902.8, 2953871.7 ], [ 4133923.0, 2953878.5 ], [ 4133938.7, 2953911.5 ], [ 4133959.3, 2953916.1 ], [ 4133990.5, 2953899.5 ], [ 4134002.5, 2953845.8 ], [ 4134020.5, 2953827.3 ], [ 4134131.1, 2953753.8 ], [ 4134145.7, 2953687.0 ], [ 4134140.8, 2953665.8 ], [ 4134155.0, 2953636.5 ], [ 4134166.1, 2953576.6 ], [ 4134208.4, 2953567.3 ], [ 4134213.5, 2953553.2 ], [ 4134206.0, 2953528.2 ], [ 4134246.7, 2953478.9 ], [ 4134266.1, 2953468.1 ], [ 4134270.2, 2953450.1 ], [ 4134292.2, 2953422.3 ], [ 4134379.0, 2953421.5 ], [ 4134470.7, 2953404.2 ], [ 4134490.3, 2953407.4 ], [ 4134518.5, 2953370.2 ], [ 4134553.5, 2953370.7 ], [ 4134569.5, 2953380.0 ], [ 4134582.2, 2953412.6 ], [ 4134579.5, 2953439.5 ], [ 4134524.7, 2953506.5 ], [ 4134495.8, 2953567.4 ], [ 4134414.0, 2953652.7 ], [ 4134404.6, 2953615.1 ], [ 4134377.0, 2953582.0 ], [ 4134375.4, 2953546.3 ], [ 4134354.2, 2953533.5 ], [ 4134333.8, 2953547.1 ], [ 4134329.9, 2953612.9 ], [ 4134369.2, 2953673.6 ], [ 4134371.3, 2953711.7 ], [ 4134323.3, 2953780.3 ], [ 4134302.9, 2953828.8 ], [ 4134304.5, 2953865.6 ], [ 4134347.7, 2953879.4 ], [ 4134350.4, 2953892.2 ], [ 4134339.6, 2953918.0 ], [ 4134281.3, 2953990.8 ], [ 4134281.6, 2954104.2 ], [ 4134296.0, 2954124.5 ], [ 4134320.2, 2954118.4 ], [ 4134355.2, 2954032.6 ], [ 4134366.9, 2954033.4 ], [ 4134384.6, 2954050.8 ], [ 4134406.6, 2954042.7 ], [ 4134510.4, 2953870.4 ], [ 4134510.3, 2953850.4 ], [ 4134494.8, 2953833.5 ], [ 4134500.2, 2953816.6 ], [ 4134521.4, 2953812.3 ], [ 4134543.2, 2953825.2 ], [ 4134556.8, 2953824.5 ], [ 4134615.4, 2953790.8 ], [ 4134626.4, 2953769.4 ], [ 4134675.8, 2953805.1 ], [ 4134750.0, 2953842.3 ], [ 4134676.9, 2953938.2 ], [ 4134622.1, 2953960.3 ], [ 4134593.7, 2954017.7 ], [ 4134596.1, 2954039.1 ], [ 4134621.2, 2954060.6 ], [ 4134643.9, 2954055.5 ], [ 4134700.2, 2954017.5 ], [ 4134707.5, 2954030.9 ], [ 4134655.5, 2954078.3 ], [ 4134654.5, 2954099.9 ], [ 4134629.3, 2954143.1 ], [ 4134630.1, 2954159.3 ], [ 4134615.9, 2954165.5 ], [ 4134580.2, 2954124.5 ], [ 4134553.8, 2954066.9 ], [ 4134536.2, 2954061.7 ], [ 4134520.7, 2954071.6 ], [ 4134506.4, 2954142.3 ], [ 4134532.2, 2954179.6 ], [ 4134515.4, 2954197.5 ], [ 4134498.9, 2954259.6 ], [ 4134503.1, 2954274.0 ], [ 4134515.6, 2954282.3 ], [ 4134599.8, 2954299.5 ], [ 4134692.0, 2954305.8 ], [ 4134704.9, 2954316.1 ], [ 4134678.5, 2954402.0 ], [ 4134669.2, 2954501.0 ], [ 4134642.9, 2954573.2 ], [ 4134647.3, 2954597.0 ], [ 4134621.7, 2954637.8 ], [ 4134663.2, 2954702.0 ], [ 4134700.3, 2954743.5 ], [ 4134658.6, 2954733.1 ], [ 4134618.3, 2954767.1 ], [ 4134601.9, 2954755.7 ], [ 4134564.6, 2954751.7 ], [ 4134419.0, 2954833.5 ], [ 4134413.3, 2954740.9 ], [ 4134448.4, 2954697.3 ], [ 4134451.4, 2954676.6 ], [ 4134419.4, 2954631.8 ], [ 4134405.2, 2954516.1 ], [ 4134358.3, 2954344.5 ], [ 4134339.5, 2954322.4 ], [ 4134242.3, 2954287.5 ], [ 4134236.5, 2954273.7 ], [ 4134219.4, 2954266.6 ], [ 4134165.9, 2954283.5 ], [ 4134111.0, 2954342.0 ], [ 4134090.5, 2954419.8 ], [ 4134108.7, 2954455.0 ], [ 4134101.1, 2954475.4 ], [ 4134105.9, 2954510.5 ], [ 4134089.9, 2954583.8 ], [ 4134096.0, 2954679.1 ], [ 4134071.9, 2954752.3 ], [ 4134058.6, 2954757.9 ], [ 4134018.0, 2954737.6 ], [ 4133982.1, 2954700.0 ], [ 4133937.7, 2954633.8 ], [ 4133928.9, 2954603.1 ], [ 4133932.2, 2954565.3 ], [ 4133980.3, 2954487.6 ], [ 4133964.6, 2954469.1 ], [ 4133931.4, 2954473.6 ], [ 4133934.3, 2954450.3 ], [ 4133964.8, 2954428.4 ], [ 4134007.6, 2954426.0 ], [ 4134027.0, 2954442.6 ], [ 4134048.0, 2954438.3 ], [ 4134061.0, 2954371.0 ], [ 4134047.3, 2954359.9 ], [ 4133955.5, 2954343.7 ], [ 4133899.9, 2954300.4 ], [ 4133773.2, 2954134.5 ], [ 4133732.5, 2954097.3 ], [ 4133725.1, 2954075.0 ], [ 4133695.4, 2954072.0 ], [ 4133674.2, 2954085.3 ], [ 4133667.7, 2954115.7 ], [ 4133673.9, 2954131.0 ], [ 4133662.7, 2954139.0 ], [ 4133658.7, 2954155.4 ], [ 4133636.6, 2954155.9 ], [ 4133622.4, 2954142.2 ], [ 4133580.2, 2954134.8 ], [ 4133422.8, 2954115.5 ], [ 4133199.2, 2954116.3 ], [ 4133199.6, 2954092.4 ], [ 4133218.3, 2954071.8 ], [ 4133219.6, 2954048.5 ], [ 4133229.5, 2954034.1 ], [ 4133351.4, 2954013.6 ], [ 4133449.6, 2954013.7 ], [ 4133535.2, 2954028.8 ], [ 4133551.1, 2954021.7 ], [ 4133561.8, 2954000.6 ], [ 4133594.9, 2954000.0 ], [ 4133825.5, 2954065.8 ], [ 4133849.7, 2954052.0 ], [ 4133928.5, 2954073.7 ], [ 4133958.3, 2954062.4 ], [ 4133960.0, 2954035.3 ], [ 4133883.1, 2953996.1 ], [ 4133808.2, 2953973.0 ], [ 4133600.3, 2953966.3 ], [ 4133532.8, 2953922.2 ], [ 4133477.6, 2953936.2 ], [ 4133501.9, 2953911.7 ], [ 4133509.2, 2953878.8 ], [ 4133498.0, 2953859.0 ], [ 4133477.4, 2953845.7 ], [ 4133455.8, 2953856.7 ], [ 4133449.5, 2953883.9 ], [ 4133455.3, 2953903.9 ], [ 4133434.4, 2953912.1 ], [ 4133428.1, 2953938.8 ], [ 4133259.6, 2953948.9 ], [ 4133246.6, 2953959.4 ], [ 4133238.0, 2953982.1 ], [ 4133227.3, 2953981.5 ], [ 4133123.7, 2953884.7 ] ], [ [ 4130714.2, 2953861.1 ], [ 4130689.6, 2953891.0 ], [ 4130638.8, 2953897.7 ], [ 4130631.9, 2953825.3 ], [ 4130648.8, 2953796.6 ], [ 4130649.6, 2953772.0 ], [ 4130672.9, 2953790.3 ], [ 4130675.5, 2953807.9 ], [ 4130707.2, 2953842.8 ], [ 4130714.2, 2953861.1 ] ], [ [ 4129103.1, 2953925.9 ], [ 4129118.1, 2953934.7 ], [ 4129126.6, 2953953.2 ], [ 4129107.5, 2954005.7 ], [ 4129091.9, 2954002.9 ], [ 4129084.2, 2953971.1 ], [ 4129039.0, 2953924.8 ], [ 4129008.6, 2953913.5 ], [ 4128984.7, 2953915.3 ], [ 4128978.1, 2953885.9 ], [ 4129016.4, 2953862.6 ], [ 4129055.6, 2953813.5 ], [ 4129072.0, 2953816.2 ], [ 4129093.3, 2953823.6 ], [ 4129111.1, 2953854.9 ], [ 4129111.7, 2953877.7 ], [ 4129092.5, 2953903.1 ], [ 4129103.1, 2953925.9 ] ], [ [ 4128832.4, 2953901.7 ], [ 4128876.8, 2953925.8 ], [ 4128910.8, 2953911.1 ], [ 4128959.7, 2953937.8 ], [ 4128970.2, 2953973.6 ], [ 4128897.9, 2953963.1 ], [ 4128849.2, 2953942.2 ], [ 4128833.0, 2953949.9 ], [ 4128826.5, 2953967.8 ], [ 4128804.6, 2953965.7 ], [ 4128803.0, 2953940.6 ], [ 4128786.3, 2953920.5 ], [ 4128726.2, 2953905.4 ], [ 4128706.5, 2953912.9 ], [ 4128694.6, 2953934.2 ], [ 4128650.4, 2953922.0 ], [ 4128633.8, 2953903.7 ], [ 4128608.6, 2953899.8 ], [ 4128585.3, 2953883.5 ], [ 4128565.5, 2953893.5 ], [ 4128545.6, 2953928.1 ], [ 4128520.7, 2953940.9 ], [ 4128505.3, 2953931.9 ], [ 4128578.7, 2953859.0 ], [ 4128669.0, 2953838.2 ], [ 4128683.2, 2953821.6 ], [ 4128722.6, 2953825.6 ], [ 4128754.1, 2953875.5 ], [ 4128805.9, 2953905.7 ], [ 4128832.4, 2953901.7 ] ], [ [ 4131498.8, 2953995.7 ], [ 4131519.0, 2953940.7 ], [ 4131627.7, 2954011.7 ], [ 4131611.8, 2954040.4 ], [ 4131584.6, 2954058.8 ], [ 4131578.0, 2954075.1 ], [ 4131538.2, 2954095.4 ], [ 4131528.4, 2954111.8 ], [ 4131462.1, 2954110.6 ], [ 4131476.0, 2954075.1 ], [ 4131471.1, 2954033.3 ], [ 4131478.7, 2954010.2 ], [ 4131498.8, 2953995.7 ] ], [ [ 4129179.2, 2954116.2 ], [ 4129220.8, 2954153.4 ], [ 4129218.9, 2954167.2 ], [ 4129208.1, 2954173.0 ], [ 4129152.3, 2954109.9 ], [ 4129179.2, 2954116.2 ] ], [ [ 4131795.8, 2953930.4 ], [ 4131736.0, 2953918.1 ], [ 4131741.0, 2953887.6 ], [ 4131822.6, 2953924.7 ], [ 4131848.0, 2953913.1 ], [ 4131892.5, 2953929.1 ], [ 4131919.9, 2953955.2 ], [ 4131906.7, 2954023.2 ], [ 4131885.5, 2954038.7 ], [ 4131830.3, 2953999.5 ], [ 4131837.2, 2953972.4 ], [ 4131827.7, 2953961.5 ], [ 4131811.2, 2953958.4 ], [ 4131809.5, 2953941.0 ], [ 4131795.8, 2953930.4 ] ], [ [ 4132794.0, 2954520.7 ], [ 4132757.9, 2954493.3 ], [ 4132753.4, 2954479.6 ], [ 4132765.9, 2954475.5 ], [ 4132801.0, 2954485.1 ], [ 4132805.1, 2954500.8 ], [ 4132794.0, 2954520.7 ] ], [ [ 4128548.9, 2954606.8 ], [ 4128641.9, 2954670.5 ], [ 4128636.6, 2954691.2 ], [ 4128568.7, 2954693.7 ], [ 4128523.5, 2954645.4 ], [ 4128486.3, 2954642.1 ], [ 4128470.9, 2954618.0 ], [ 4128471.5, 2954604.6 ], [ 4128502.6, 2954556.1 ], [ 4128522.1, 2954560.6 ], [ 4128548.9, 2954606.8 ] ], [ [ 4131872.0, 2954732.3 ], [ 4131941.9, 2954651.8 ], [ 4131922.2, 2954714.8 ], [ 4131896.3, 2954748.0 ], [ 4131894.9, 2954826.8 ], [ 4131905.8, 2954866.5 ], [ 4132170.7, 2954983.8 ], [ 4132231.5, 2955021.7 ], [ 4132114.2, 2955215.7 ], [ 4132089.4, 2955209.6 ], [ 4132141.3, 2955078.1 ], [ 4132133.5, 2955056.1 ], [ 4132137.4, 2955030.1 ], [ 4132129.5, 2955017.6 ], [ 4132115.5, 2955012.9 ], [ 4132096.9, 2955023.9 ], [ 4132008.1, 2955024.8 ], [ 4132001.9, 2954946.4 ], [ 4131990.8, 2954932.2 ], [ 4131976.3, 2954930.1 ], [ 4131959.0, 2954947.5 ], [ 4131947.6, 2955006.6 ], [ 4131947.4, 2955059.1 ], [ 4131915.4, 2955057.8 ], [ 4131918.5, 2954978.4 ], [ 4131910.5, 2954965.7 ], [ 4131893.3, 2954960.2 ], [ 4131879.8, 2954897.3 ], [ 4131878.4, 2954748.7 ], [ 4131872.0, 2954732.3 ] ], [ [ 4128118.4, 2954962.7 ], [ 4128035.3, 2955113.4 ], [ 4128035.5, 2955184.6 ], [ 4128024.9, 2955195.5 ], [ 4128014.1, 2955232.1 ], [ 4128025.7, 2955265.0 ], [ 4127893.3, 2955274.8 ], [ 4127884.0, 2955259.8 ], [ 4127863.1, 2955257.5 ], [ 4127831.1, 2955305.0 ], [ 4127836.6, 2955328.5 ], [ 4127830.6, 2955341.2 ], [ 4127780.8, 2955346.5 ], [ 4127767.6, 2955311.4 ], [ 4127843.0, 2955237.5 ], [ 4127848.2, 2955211.8 ], [ 4127841.8, 2955174.8 ], [ 4127891.4, 2955124.9 ], [ 4127915.0, 2955073.3 ], [ 4127909.5, 2955044.1 ], [ 4127929.2, 2955031.6 ], [ 4127940.2, 2954995.9 ], [ 4127971.4, 2954989.8 ], [ 4127982.3, 2954975.9 ], [ 4127981.3, 2954961.8 ], [ 4128046.3, 2954930.2 ], [ 4128065.4, 2954948.4 ], [ 4128118.4, 2954962.7 ] ], [ [ 4127705.1, 2955069.5 ], [ 4127630.6, 2955148.3 ], [ 4127614.0, 2955128.7 ], [ 4127584.2, 2955038.5 ], [ 4127649.4, 2955000.1 ], [ 4127705.1, 2955069.5 ] ], [ [ 4128289.9, 2955364.2 ], [ 4128311.9, 2955280.3 ], [ 4128346.5, 2955293.9 ], [ 4128438.8, 2955306.3 ], [ 4128453.3, 2955314.8 ], [ 4128429.7, 2955345.1 ], [ 4128430.2, 2955408.6 ], [ 4128386.5, 2955429.4 ], [ 4128348.9, 2955463.7 ], [ 4128335.5, 2955503.4 ], [ 4128303.2, 2955533.7 ], [ 4128296.3, 2955564.6 ], [ 4128250.2, 2955586.0 ], [ 4128207.2, 2955634.1 ], [ 4128186.6, 2955723.3 ], [ 4128164.2, 2955723.0 ], [ 4128127.0, 2955758.0 ], [ 4128081.1, 2955744.4 ], [ 4128050.5, 2955724.4 ], [ 4128064.3, 2955694.6 ], [ 4128098.6, 2955686.0 ], [ 4128128.1, 2955639.8 ], [ 4128170.2, 2955617.8 ], [ 4128181.5, 2955604.0 ], [ 4128180.1, 2955586.4 ], [ 4128149.5, 2955556.8 ], [ 4128140.9, 2955525.7 ], [ 4128156.9, 2955487.7 ], [ 4128165.1, 2955423.0 ], [ 4128183.4, 2955401.1 ], [ 4128234.8, 2955373.3 ], [ 4128250.1, 2955369.0 ], [ 4128272.7, 2955377.1 ], [ 4128289.9, 2955364.2 ] ], [ [ 4127955.8, 2955692.3 ], [ 4127949.5, 2955750.9 ], [ 4127939.8, 2955755.6 ], [ 4127914.5, 2955737.3 ], [ 4127888.4, 2955745.0 ], [ 4127881.8, 2955729.3 ], [ 4127908.7, 2955719.6 ], [ 4127934.7, 2955692.6 ], [ 4127931.1, 2955671.7 ], [ 4127912.4, 2955662.5 ], [ 4127915.4, 2955646.8 ], [ 4127955.8, 2955583.9 ], [ 4127921.8, 2955499.9 ], [ 4127920.6, 2955479.9 ], [ 4127923.4, 2955460.4 ], [ 4127947.8, 2955416.0 ], [ 4128007.5, 2955448.8 ], [ 4127981.2, 2955489.6 ], [ 4128002.0, 2955592.8 ], [ 4127978.3, 2955661.6 ], [ 4127955.8, 2955692.3 ] ], [ [ 4134870.1, 2955283.9 ], [ 4134933.6, 2955178.5 ], [ 4134928.4, 2955133.0 ], [ 4134901.7, 2955061.7 ], [ 4134927.0, 2955022.0 ], [ 4134921.5, 2955000.0 ], [ 4134878.2, 2954974.5 ], [ 4134844.0, 2954966.6 ], [ 4134731.7, 2955011.7 ], [ 4134693.5, 2955043.8 ], [ 4134682.8, 2955090.4 ], [ 4134626.5, 2955147.4 ], [ 4134618.9, 2955145.6 ], [ 4134617.9, 2955129.2 ], [ 4134599.1, 2955099.8 ], [ 4134617.8, 2955045.1 ], [ 4134581.0, 2954942.9 ], [ 4134595.7, 2954930.6 ], [ 4134600.0, 2954909.5 ], [ 4134659.5, 2954897.2 ], [ 4134676.8, 2954822.2 ], [ 4134708.7, 2954858.1 ], [ 4134737.7, 2954866.7 ], [ 4134770.6, 2954843.9 ], [ 4134781.4, 2954803.3 ], [ 4134808.6, 2954783.5 ], [ 4134829.2, 2954782.1 ], [ 4134846.3, 2954761.4 ], [ 4134854.0, 2954712.2 ], [ 4134840.7, 2954679.6 ], [ 4134840.1, 2954651.5 ], [ 4134821.3, 2954632.0 ], [ 4134797.5, 2954626.6 ], [ 4134799.3, 2954601.6 ], [ 4134828.6, 2954613.0 ], [ 4134848.9, 2954602.1 ], [ 4134852.2, 2954553.4 ], [ 4134880.4, 2954511.7 ], [ 4134886.7, 2954457.7 ], [ 4134875.5, 2954425.4 ], [ 4134889.3, 2954420.0 ], [ 4134896.8, 2954403.4 ], [ 4134886.2, 2954384.6 ], [ 4134857.6, 2954377.8 ], [ 4134830.1, 2954393.5 ], [ 4134811.1, 2954394.2 ], [ 4134822.8, 2954356.2 ], [ 4134864.6, 2954293.2 ], [ 4134841.5, 2954220.3 ], [ 4134848.4, 2954138.8 ], [ 4134882.7, 2954199.0 ], [ 4134924.6, 2954216.6 ], [ 4134955.9, 2954212.0 ], [ 4134966.0, 2954170.5 ], [ 4134947.1, 2954136.6 ], [ 4134932.1, 2954129.3 ], [ 4134898.1, 2954069.5 ], [ 4134851.4, 2954060.8 ], [ 4134853.7, 2954039.4 ], [ 4134903.3, 2953955.9 ], [ 4134898.9, 2953934.0 ], [ 4134875.3, 2953925.2 ], [ 4134879.8, 2953904.3 ], [ 4134900.1, 2953874.0 ], [ 4134897.2, 2953826.6 ], [ 4134951.7, 2953837.6 ], [ 4135005.2, 2953823.6 ], [ 4135015.8, 2953814.0 ], [ 4135009.0, 2953746.0 ], [ 4135027.0, 2953685.3 ], [ 4135034.8, 2953683.1 ], [ 4135042.0, 2953746.3 ], [ 4135061.5, 2953798.2 ], [ 4135083.5, 2953808.0 ], [ 4135101.8, 2953792.5 ], [ 4135102.4, 2953596.6 ], [ 4135115.3, 2953561.6 ], [ 4135125.6, 2953489.5 ], [ 4135140.5, 2953459.8 ], [ 4135137.3, 2953438.6 ], [ 4135104.2, 2953396.5 ], [ 4135103.4, 2953363.1 ], [ 4135114.5, 2953351.1 ], [ 4135115.6, 2953335.9 ], [ 4135100.6, 2953280.0 ], [ 4135083.6, 2953261.5 ], [ 4135085.9, 2953254.4 ], [ 4135099.8, 2953255.4 ], [ 4135113.5, 2953245.1 ], [ 4135152.8, 2953242.8 ], [ 4135177.5, 2953218.6 ], [ 4135219.1, 2953247.9 ], [ 4135223.3, 2953269.1 ], [ 4135247.5, 2953305.1 ], [ 4135314.0, 2953363.8 ], [ 4135276.3, 2953383.6 ], [ 4135221.8, 2953448.3 ], [ 4135217.8, 2953471.1 ], [ 4135186.1, 2953481.4 ], [ 4135156.3, 2953509.3 ], [ 4135165.9, 2953551.6 ], [ 4135203.9, 2953568.2 ], [ 4135210.2, 2953597.6 ], [ 4135228.5, 2953618.6 ], [ 4135217.8, 2953708.2 ], [ 4135240.5, 2953770.2 ], [ 4135263.8, 2953793.3 ], [ 4135264.9, 2953813.5 ], [ 4135252.3, 2953862.6 ], [ 4135251.8, 2953898.7 ], [ 4135238.4, 2953919.7 ], [ 4135244.0, 2953939.4 ], [ 4135213.9, 2953963.0 ], [ 4135197.1, 2953955.0 ], [ 4135180.0, 2953960.9 ], [ 4135169.3, 2953984.6 ], [ 4135182.0, 2954004.4 ], [ 4135119.3, 2954043.3 ], [ 4135111.2, 2954058.5 ], [ 4135136.9, 2954103.4 ], [ 4135201.7, 2954135.5 ], [ 4135229.1, 2954194.5 ], [ 4135284.8, 2954223.0 ], [ 4135224.0, 2954342.2 ], [ 4135174.8, 2954547.1 ], [ 4135180.8, 2954603.9 ], [ 4135198.9, 2954659.2 ], [ 4135228.1, 2954699.7 ], [ 4135232.0, 2954733.3 ], [ 4135205.2, 2954773.1 ], [ 4135116.1, 2954839.2 ], [ 4135083.0, 2954835.1 ], [ 4135051.1, 2954842.3 ], [ 4134859.7, 2954923.3 ], [ 4134857.3, 2954940.6 ], [ 4134865.2, 2954952.2 ], [ 4134938.1, 2954992.0 ], [ 4134985.6, 2955029.4 ], [ 4135004.1, 2955029.9 ], [ 4135017.1, 2955014.1 ], [ 4135048.6, 2955024.9 ], [ 4135009.7, 2955126.3 ], [ 4134949.1, 2955341.9 ], [ 4134926.2, 2955397.1 ], [ 4134839.4, 2955473.9 ], [ 4134718.2, 2955609.4 ], [ 4134708.5, 2955544.1 ], [ 4134722.3, 2955504.1 ], [ 4134790.5, 2955400.5 ], [ 4134863.6, 2955324.8 ], [ 4134870.1, 2955283.9 ] ], [ [ 4135257.2, 2954420.4 ], [ 4135314.7, 2954410.5 ], [ 4135334.4, 2954385.3 ], [ 4135347.8, 2954402.9 ], [ 4135321.6, 2954469.0 ], [ 4135318.1, 2954535.2 ], [ 4135293.3, 2954569.2 ], [ 4135292.5, 2954587.9 ], [ 4135248.9, 2954576.2 ], [ 4135237.6, 2954562.0 ], [ 4135235.4, 2954513.4 ], [ 4135254.6, 2954472.8 ], [ 4135257.2, 2954420.4 ] ], [ [ 4135370.6, 2954071.1 ], [ 4135353.7, 2954073.1 ], [ 4135340.2, 2954032.9 ], [ 4135348.8, 2954007.4 ], [ 4135339.2, 2953978.6 ], [ 4135340.3, 2953948.1 ], [ 4135352.6, 2953890.8 ], [ 4135341.9, 2953876.6 ], [ 4135327.8, 2953874.1 ], [ 4135315.4, 2953852.5 ], [ 4135357.2, 2953763.5 ], [ 4135290.9, 2953682.0 ], [ 4135312.2, 2953642.8 ], [ 4135308.7, 2953570.7 ], [ 4135352.7, 2953548.9 ], [ 4135377.9, 2953426.0 ], [ 4135391.7, 2953418.5 ], [ 4135418.9, 2953423.0 ], [ 4135468.6, 2953395.1 ], [ 4135483.0, 2953395.2 ], [ 4135494.6, 2953450.6 ], [ 4135465.4, 2953461.9 ], [ 4135454.7, 2953493.5 ], [ 4135473.0, 2953528.9 ], [ 4135467.5, 2953569.2 ], [ 4135454.5, 2953580.7 ], [ 4135449.3, 2953615.3 ], [ 4135420.7, 2953664.2 ], [ 4135425.1, 2953687.4 ], [ 4135389.3, 2953700.4 ], [ 4135377.4, 2953718.2 ], [ 4135388.4, 2953740.0 ], [ 4135422.9, 2953742.2 ], [ 4135420.1, 2953769.1 ], [ 4135432.3, 2953787.8 ], [ 4135430.6, 2953810.8 ], [ 4135456.9, 2953847.3 ], [ 4135377.4, 2953917.7 ], [ 4135367.3, 2953936.2 ], [ 4135387.9, 2953985.2 ], [ 4135404.9, 2954001.6 ], [ 4135426.5, 2954005.1 ], [ 4135436.3, 2954099.6 ], [ 4135430.2, 2954147.5 ], [ 4135402.5, 2954241.1 ], [ 4135377.3, 2954304.2 ], [ 4135360.3, 2954324.5 ], [ 4135370.6, 2954231.7 ], [ 4135395.4, 2954128.9 ], [ 4135393.6, 2954084.4 ], [ 4135370.6, 2954071.1 ] ], [ [ 4135617.7, 2953221.1 ], [ 4135624.9, 2953184.5 ], [ 4135643.9, 2953167.1 ], [ 4135658.9, 2953133.1 ], [ 4135656.8, 2953111.9 ], [ 4135641.5, 2953102.5 ], [ 4135624.3, 2953107.7 ], [ 4135580.1, 2953186.9 ], [ 4135572.8, 2953192.8 ], [ 4135559.5, 2953188.7 ], [ 4135461.7, 2953043.4 ], [ 4135399.3, 2952894.0 ], [ 4135397.4, 2952829.2 ], [ 4135414.4, 2952753.5 ], [ 4135410.9, 2952730.5 ], [ 4135423.6, 2952718.0 ], [ 4135431.8, 2952680.3 ], [ 4135449.4, 2952676.5 ], [ 4135471.3, 2952688.3 ], [ 4135486.1, 2952686.2 ], [ 4135547.7, 2952751.5 ], [ 4135669.1, 2952815.9 ], [ 4135669.8, 2952874.8 ], [ 4135694.2, 2952902.9 ], [ 4135725.4, 2952902.8 ], [ 4135747.9, 2952885.6 ], [ 4135779.6, 2952895.3 ], [ 4135812.1, 2952933.9 ], [ 4135834.2, 2952942.0 ], [ 4135885.5, 2952987.4 ], [ 4135978.6, 2953103.1 ], [ 4135979.1, 2953113.2 ], [ 4135965.8, 2953119.9 ], [ 4135939.7, 2953120.9 ], [ 4135825.7, 2953060.1 ], [ 4135821.5, 2953040.7 ], [ 4135800.4, 2953021.7 ], [ 4135761.0, 2953003.6 ], [ 4135730.1, 2953008.6 ], [ 4135717.2, 2953021.6 ], [ 4135718.6, 2953039.8 ], [ 4135729.7, 2953049.6 ], [ 4135759.1, 2953055.9 ], [ 4135764.0, 2953064.3 ], [ 4135726.3, 2953113.5 ], [ 4135720.9, 2953160.2 ], [ 4135669.9, 2953247.8 ], [ 4135630.2, 2953285.4 ], [ 4135615.5, 2953330.3 ], [ 4135598.0, 2953340.4 ], [ 4135583.0, 2953338.5 ], [ 4135556.8, 2953318.6 ], [ 4135565.9, 2953292.3 ], [ 4135601.8, 2953262.4 ], [ 4135605.8, 2953231.7 ], [ 4135617.7, 2953221.1 ] ], [ [ 4136222.8, 2953177.2 ], [ 4136080.8, 2953074.4 ], [ 4136032.9, 2953028.7 ], [ 4136029.8, 2953001.2 ], [ 4136038.8, 2952999.6 ], [ 4136056.1, 2953022.5 ], [ 4136089.0, 2953041.8 ], [ 4136174.6, 2953122.8 ], [ 4136213.6, 2953123.5 ], [ 4136257.5, 2953175.8 ], [ 4136243.9, 2953182.1 ], [ 4136222.8, 2953177.2 ] ], [ [ 4135864.1, 2952853.6 ], [ 4135853.9, 2952833.3 ], [ 4135840.1, 2952826.9 ], [ 4135809.2, 2952828.8 ], [ 4135777.3, 2952846.6 ], [ 4135771.1, 2952836.6 ], [ 4135783.5, 2952806.8 ], [ 4135837.8, 2952791.9 ], [ 4135879.0, 2952740.1 ], [ 4135911.0, 2952723.9 ], [ 4135912.1, 2952639.7 ], [ 4135895.2, 2952605.1 ], [ 4135892.9, 2952580.1 ], [ 4135960.6, 2952643.4 ], [ 4135952.3, 2952682.1 ], [ 4135932.1, 2952722.4 ], [ 4135950.9, 2952804.7 ], [ 4135936.0, 2952813.8 ], [ 4135928.0, 2952835.7 ], [ 4135891.8, 2952833.5 ], [ 4135864.1, 2952853.6 ] ], [ [ 4135413.4, 2953149.8 ], [ 4135367.0, 2953110.0 ], [ 4135319.5, 2953085.8 ], [ 4135259.2, 2953028.6 ], [ 4135264.0, 2953007.2 ], [ 4135237.9, 2952969.0 ], [ 4135229.3, 2952926.0 ], [ 4135233.1, 2952885.4 ], [ 4135264.4, 2952956.7 ], [ 4135349.7, 2953079.2 ], [ 4135385.2, 2953101.7 ], [ 4135422.8, 2953146.5 ], [ 4135413.4, 2953149.8 ] ], [ [ 4134656.0, 2953507.9 ], [ 4134673.8, 2953442.2 ], [ 4134691.5, 2953416.8 ], [ 4134728.7, 2953323.9 ], [ 4134762.9, 2953289.6 ], [ 4134776.8, 2953318.7 ], [ 4134747.2, 2953342.9 ], [ 4134716.8, 2953400.4 ], [ 4134685.1, 2953495.8 ], [ 4134656.0, 2953507.9 ] ], [ [ 4133790.4, 2955035.5 ], [ 4133800.9, 2955071.1 ], [ 4133857.3, 2955096.8 ], [ 4133869.2, 2955133.4 ], [ 4133826.1, 2955119.7 ], [ 4133802.8, 2955138.2 ], [ 4133781.1, 2955138.6 ], [ 4133767.2, 2955126.3 ], [ 4133765.9, 2955090.6 ], [ 4133736.2, 2955077.3 ], [ 4133714.9, 2955087.1 ], [ 4133713.0, 2955124.9 ], [ 4133700.2, 2955133.7 ], [ 4133663.6, 2955122.8 ], [ 4133655.5, 2955031.9 ], [ 4133713.0, 2955039.5 ], [ 4133753.5, 2955021.1 ], [ 4133790.4, 2955035.5 ] ], [ [ 4134080.9, 2952055.4 ], [ 4133988.8, 2952011.1 ], [ 4133763.2, 2951858.8 ], [ 4133674.5, 2951840.5 ], [ 4133688.9, 2951750.9 ], [ 4133792.6, 2951707.0 ], [ 4133877.6, 2951724.6 ], [ 4134071.7, 2951726.0 ], [ 4134072.9, 2951744.1 ], [ 4134084.8, 2951758.8 ], [ 4134175.5, 2951796.7 ], [ 4134209.6, 2951830.4 ], [ 4134177.4, 2951955.6 ], [ 4134099.5, 2952049.3 ], [ 4134080.9, 2952055.4 ] ], [ [ 4136524.7, 2953340.4 ], [ 4136550.1, 2953362.8 ], [ 4136541.0, 2953389.0 ], [ 4136563.1, 2953421.0 ], [ 4136624.3, 2953450.5 ], [ 4136620.4, 2953476.7 ], [ 4136631.3, 2953530.4 ], [ 4136587.7, 2953545.3 ], [ 4136561.9, 2953483.7 ], [ 4136544.4, 2953472.2 ], [ 4136522.2, 2953484.4 ], [ 4136472.5, 2953485.3 ], [ 4136387.5, 2953505.6 ], [ 4136426.3, 2953473.5 ], [ 4136441.6, 2953416.8 ], [ 4136481.3, 2953396.6 ], [ 4136485.6, 2953379.9 ], [ 4136478.0, 2953365.1 ], [ 4136497.4, 2953337.4 ], [ 4136524.7, 2953340.4 ] ], [ [ 4136611.0, 2953806.1 ], [ 4136610.3, 2953913.8 ], [ 4136591.0, 2953970.4 ], [ 4136607.4, 2954015.4 ], [ 4136650.8, 2954060.6 ], [ 4136626.1, 2954065.8 ], [ 4136603.8, 2954056.1 ], [ 4136566.8, 2954010.0 ], [ 4136558.1, 2953956.9 ], [ 4136573.4, 2953921.5 ], [ 4136561.9, 2953825.3 ], [ 4136577.6, 2953774.4 ], [ 4136591.1, 2953757.4 ], [ 4136652.0, 2953729.4 ], [ 4136664.9, 2953753.0 ], [ 4136631.7, 2953775.2 ], [ 4136611.0, 2953806.1 ] ], [ [ 4136817.8, 2954066.1 ], [ 4136927.0, 2954057.0 ], [ 4136972.1, 2954076.5 ], [ 4137044.6, 2954030.5 ], [ 4137100.7, 2954018.4 ], [ 4137126.0, 2954025.5 ], [ 4137213.9, 2954002.4 ], [ 4137279.8, 2954020.7 ], [ 4137312.8, 2954013.0 ], [ 4137303.2, 2954055.3 ], [ 4137256.2, 2954053.0 ], [ 4137192.6, 2954073.3 ], [ 4137101.8, 2954110.5 ], [ 4137063.8, 2954136.0 ], [ 4136966.9, 2954163.9 ], [ 4136956.6, 2954177.7 ], [ 4136951.1, 2954245.3 ], [ 4136932.9, 2954173.7 ], [ 4136869.1, 2954109.9 ], [ 4136827.2, 2954086.3 ], [ 4136817.8, 2954066.1 ] ], [ [ 4137143.8, 2953905.0 ], [ 4137204.8, 2953930.0 ], [ 4137230.2, 2953919.1 ], [ 4137285.3, 2953926.6 ], [ 4137305.6, 2953940.0 ], [ 4137307.8, 2953955.5 ], [ 4137297.2, 2953960.3 ], [ 4137262.6, 2953951.3 ], [ 4137237.5, 2953957.3 ], [ 4137214.8, 2953935.5 ], [ 4137141.8, 2953932.8 ], [ 4137109.8, 2953961.1 ], [ 4137059.9, 2953972.7 ], [ 4137078.8, 2953935.6 ], [ 4137117.2, 2953910.1 ], [ 4137143.8, 2953905.0 ] ], [ [ 4135756.8, 2954498.8 ], [ 4135829.0, 2954572.1 ], [ 4135922.1, 2954633.8 ], [ 4135945.7, 2954629.1 ], [ 4135957.0, 2954600.0 ], [ 4135985.2, 2954604.2 ], [ 4136004.3, 2954644.0 ], [ 4136053.8, 2954709.7 ], [ 4136055.8, 2954730.7 ], [ 4136084.0, 2954757.0 ], [ 4136085.8, 2954779.2 ], [ 4136103.0, 2954809.7 ], [ 4136083.6, 2954822.1 ], [ 4136071.7, 2954848.2 ], [ 4136030.3, 2954738.8 ], [ 4135944.0, 2954669.0 ], [ 4135780.4, 2954574.4 ], [ 4135736.9, 2954504.2 ], [ 4135756.8, 2954498.8 ] ], [ [ 4135925.9, 2956411.4 ], [ 4135824.6, 2956444.4 ], [ 4135816.5, 2956419.1 ], [ 4135913.4, 2956387.2 ], [ 4135922.0, 2956392.4 ], [ 4135925.9, 2956411.4 ] ], [ [ 4134075.9, 2955700.7 ], [ 4134119.6, 2955712.2 ], [ 4134109.1, 2955832.6 ], [ 4134080.6, 2955839.6 ], [ 4134077.3, 2955880.3 ], [ 4134023.3, 2955790.6 ], [ 4134029.9, 2955772.7 ], [ 4134026.4, 2955715.3 ], [ 4134039.7, 2955701.6 ], [ 4134075.9, 2955700.7 ] ], [ [ 4134268.6, 2956131.4 ], [ 4134260.5, 2956213.2 ], [ 4134244.1, 2956243.9 ], [ 4134233.8, 2956305.4 ], [ 4134235.1, 2956358.6 ], [ 4134225.0, 2956353.4 ], [ 4134223.1, 2956325.6 ], [ 4134193.6, 2956249.1 ], [ 4134197.4, 2956220.3 ], [ 4134215.7, 2956220.3 ], [ 4134227.7, 2956206.5 ], [ 4134236.7, 2956134.2 ], [ 4134268.6, 2956131.4 ] ], [ [ 4132859.8, 2955799.2 ], [ 4132897.0, 2955814.7 ], [ 4132908.5, 2955825.7 ], [ 4132862.7, 2955837.2 ], [ 4132790.8, 2955875.4 ], [ 4132781.1, 2955846.7 ], [ 4132859.8, 2955799.2 ] ], [ [ 4127793.0, 2956036.6 ], [ 4127821.6, 2956141.9 ], [ 4127786.6, 2956148.4 ], [ 4127778.8, 2956126.8 ], [ 4127776.3, 2956031.2 ], [ 4127793.0, 2956036.6 ] ], [ [ 4132011.4, 2956172.3 ], [ 4132166.6, 2956052.1 ], [ 4132174.1, 2956112.8 ], [ 4132098.5, 2956144.6 ], [ 4132088.8, 2956208.6 ], [ 4132054.4, 2956217.1 ], [ 4132011.4, 2956172.3 ] ], [ [ 4128005.7, 2956256.3 ], [ 4128050.8, 2956247.0 ], [ 4128057.0, 2956255.1 ], [ 4128044.3, 2956299.5 ], [ 4128027.0, 2956321.1 ], [ 4128056.1, 2956441.0 ], [ 4128043.9, 2956454.2 ], [ 4128044.0, 2956469.1 ], [ 4128057.2, 2956496.9 ], [ 4128083.9, 2956499.5 ], [ 4128106.5, 2956529.4 ], [ 4128041.3, 2956555.5 ], [ 4128009.4, 2956473.9 ], [ 4127899.9, 2956274.9 ], [ 4127980.2, 2956232.7 ], [ 4127992.3, 2956234.5 ], [ 4128005.7, 2956256.3 ] ], [ [ 4130862.1, 2956430.4 ], [ 4130871.2, 2956438.5 ], [ 4130857.7, 2956489.6 ], [ 4130851.8, 2956497.5 ], [ 4130838.8, 2956495.3 ], [ 4130845.4, 2956452.0 ], [ 4130862.1, 2956430.4 ] ], [ [ 4132277.0, 2956443.7 ], [ 4132255.4, 2956427.6 ], [ 4132222.5, 2956440.9 ], [ 4132212.0, 2956438.3 ], [ 4132222.5, 2956395.5 ], [ 4132200.0, 2956370.1 ], [ 4132214.4, 2956352.3 ], [ 4132232.3, 2956355.0 ], [ 4132251.4, 2956345.6 ], [ 4132289.9, 2956302.2 ], [ 4132317.6, 2956341.3 ], [ 4132334.0, 2956383.5 ], [ 4132277.0, 2956443.7 ] ], [ [ 4128925.8, 2956681.7 ], [ 4128993.3, 2956711.3 ], [ 4128983.0, 2956731.5 ], [ 4128986.4, 2956748.2 ], [ 4128905.9, 2956761.9 ], [ 4128887.7, 2956778.4 ], [ 4128865.9, 2956768.7 ], [ 4128925.8, 2956681.7 ] ], [ [ 4129342.3, 2956947.9 ], [ 4129321.3, 2956893.9 ], [ 4129346.4, 2956872.8 ], [ 4129388.3, 2956856.3 ], [ 4129402.0, 2956863.0 ], [ 4129415.8, 2956895.0 ], [ 4129376.8, 2956931.8 ], [ 4129342.3, 2956947.9 ] ], [ [ 4131316.8, 2957459.8 ], [ 4131277.4, 2957868.9 ], [ 4131292.2, 2957887.1 ], [ 4131402.9, 2957916.2 ], [ 4131408.8, 2957936.9 ], [ 4131425.3, 2957943.6 ], [ 4131419.7, 2958059.6 ], [ 4131416.0, 2958070.8 ], [ 4131388.9, 2958077.7 ], [ 4131264.3, 2958069.4 ], [ 4131263.7, 2958023.1 ], [ 4131309.0, 2958018.2 ], [ 4131320.9, 2957984.1 ], [ 4131315.6, 2957968.1 ], [ 4131279.0, 2957950.9 ], [ 4131150.6, 2957941.6 ], [ 4131123.1, 2957908.2 ], [ 4131132.9, 2957757.4 ], [ 4131145.6, 2957701.4 ], [ 4131159.8, 2957680.1 ], [ 4131196.3, 2957443.0 ], [ 4131283.4, 2957443.5 ], [ 4131316.8, 2957459.8 ] ], [ [ 4131019.1, 2957951.5 ], [ 4131073.7, 2957984.3 ], [ 4131012.4, 2958110.4 ], [ 4130959.5, 2958078.3 ], [ 4130939.8, 2958026.5 ], [ 4130946.9, 2958004.1 ], [ 4130978.4, 2957973.6 ], [ 4130994.8, 2957942.5 ], [ 4131005.6, 2957933.6 ], [ 4131019.1, 2957951.5 ] ], [ [ 4131485.3, 2957833.9 ], [ 4131534.1, 2957747.6 ], [ 4131565.6, 2957747.1 ], [ 4131586.7, 2957726.1 ], [ 4131619.8, 2957742.3 ], [ 4131569.8, 2957789.0 ], [ 4131535.2, 2957855.8 ], [ 4131485.3, 2957833.9 ] ], [ [ 4131343.6, 2958187.2 ], [ 4131259.7, 2958244.6 ], [ 4131224.3, 2958169.9 ], [ 4131280.7, 2958137.9 ], [ 4131343.6, 2958187.2 ] ], [ [ 4130844.9, 2952399.9 ], [ 4130834.4, 2952267.6 ], [ 4130811.7, 2952245.3 ], [ 4130723.9, 2952118.0 ], [ 4130636.0, 2952021.9 ], [ 4130649.6, 2952019.0 ], [ 4130675.6, 2952029.1 ], [ 4130742.4, 2952064.5 ], [ 4130791.8, 2952115.1 ], [ 4130843.9, 2952194.6 ], [ 4130853.5, 2952257.7 ], [ 4130869.0, 2952280.3 ], [ 4130873.0, 2952384.9 ], [ 4130866.3, 2952427.5 ], [ 4130853.9, 2952425.7 ], [ 4130844.9, 2952399.9 ] ], [ [ 4132864.4, 2951152.0 ], [ 4132891.9, 2951138.0 ], [ 4132913.5, 2951146.9 ], [ 4132939.5, 2951180.1 ], [ 4132952.5, 2951213.2 ], [ 4132953.6, 2951269.8 ], [ 4132921.3, 2951290.8 ], [ 4132898.3, 2951333.7 ], [ 4132884.7, 2951336.8 ], [ 4132865.9, 2951280.4 ], [ 4132840.6, 2951250.3 ], [ 4132832.7, 2951211.2 ], [ 4132863.5, 2951178.4 ], [ 4132864.4, 2951152.0 ] ], [ [ 4131799.7, 2948160.8 ], [ 4131763.2, 2948134.1 ], [ 4131779.1, 2948114.9 ], [ 4131932.2, 2948040.6 ], [ 4132000.1, 2948022.3 ], [ 4131939.6, 2948062.1 ], [ 4131934.4, 2948077.9 ], [ 4131942.1, 2948100.3 ], [ 4131883.4, 2948144.4 ], [ 4131799.7, 2948160.8 ] ], [ [ 4131870.9, 2948238.3 ], [ 4131795.1, 2948303.3 ], [ 4131779.3, 2948289.6 ], [ 4131740.1, 2948278.2 ], [ 4131706.1, 2948310.1 ], [ 4131688.5, 2948298.7 ], [ 4131695.2, 2948285.9 ], [ 4131740.4, 2948255.5 ], [ 4131812.1, 2948224.8 ], [ 4131842.6, 2948222.8 ], [ 4131870.9, 2948238.3 ] ], [ [ 4131690.7, 2948489.1 ], [ 4131729.5, 2948522.4 ], [ 4131718.7, 2948544.8 ], [ 4131730.2, 2948585.7 ], [ 4131768.3, 2948614.2 ], [ 4131803.3, 2948653.6 ], [ 4131805.2, 2948681.9 ], [ 4131795.3, 2948694.1 ], [ 4131772.1, 2948697.5 ], [ 4131751.1, 2948723.1 ], [ 4131697.3, 2948683.9 ], [ 4131671.6, 2948690.3 ], [ 4131539.9, 2948621.6 ], [ 4131513.9, 2948630.0 ], [ 4131497.7, 2948614.8 ], [ 4131480.3, 2948613.5 ], [ 4131416.6, 2948656.0 ], [ 4131349.2, 2948674.2 ], [ 4131281.8, 2948608.1 ], [ 4131346.2, 2948588.8 ], [ 4131418.0, 2948600.4 ], [ 4131458.8, 2948581.9 ], [ 4131470.8, 2948603.2 ], [ 4131491.1, 2948607.1 ], [ 4131590.0, 2948528.3 ], [ 4131655.9, 2948495.9 ], [ 4131690.7, 2948489.1 ] ], [ [ 4131577.6, 2948879.0 ], [ 4131549.3, 2948873.9 ], [ 4131550.6, 2948844.9 ], [ 4131529.4, 2948833.4 ], [ 4131543.0, 2948807.6 ], [ 4131592.4, 2948767.6 ], [ 4131629.0, 2948792.4 ], [ 4131615.0, 2948837.3 ], [ 4131583.3, 2948858.0 ], [ 4131577.6, 2948879.0 ] ], [ [ 4131241.1, 2948860.3 ], [ 4131234.1, 2948809.7 ], [ 4131244.0, 2948782.7 ], [ 4131266.8, 2948783.8 ], [ 4131279.3, 2948807.3 ], [ 4131268.9, 2948832.3 ], [ 4131272.0, 2948857.3 ], [ 4131241.1, 2948860.3 ] ], [ [ 4131492.2, 2949151.1 ], [ 4131525.3, 2949156.0 ], [ 4131554.3, 2949191.0 ], [ 4131583.8, 2949281.9 ], [ 4131566.4, 2949295.4 ], [ 4131464.3, 2949216.2 ], [ 4131446.4, 2949217.3 ], [ 4131414.1, 2949242.2 ], [ 4131404.5, 2949239.5 ], [ 4131395.7, 2949202.7 ], [ 4131414.6, 2949166.0 ], [ 4131464.0, 2949172.0 ], [ 4131475.2, 2949158.5 ], [ 4131478.3, 2949130.1 ], [ 4131492.2, 2949151.1 ] ], [ [ 4130892.3, 2950912.2 ], [ 4130975.8, 2950964.6 ], [ 4131008.1, 2951002.4 ], [ 4131047.0, 2951074.9 ], [ 4131051.0, 2951125.9 ], [ 4131044.8, 2951130.6 ], [ 4131035.6, 2951136.5 ], [ 4131003.9, 2951055.0 ], [ 4130920.7, 2951000.9 ], [ 4130918.1, 2950957.4 ], [ 4130909.3, 2950944.7 ], [ 4130893.0, 2950938.5 ], [ 4130839.6, 2950943.5 ], [ 4130844.2, 2950933.3 ], [ 4130892.3, 2950912.2 ] ], [ [ 4130595.2, 2951022.9 ], [ 4130676.6, 2951015.9 ], [ 4130725.7, 2951024.6 ], [ 4130729.1, 2951032.9 ], [ 4130724.8, 2951046.8 ], [ 4130673.9, 2951066.8 ], [ 4130603.8, 2951074.3 ], [ 4130553.8, 2951089.1 ], [ 4130404.6, 2951180.3 ], [ 4130392.6, 2951200.0 ], [ 4130385.5, 2951187.3 ], [ 4130398.6, 2951168.5 ], [ 4130442.9, 2951140.6 ], [ 4130487.2, 2951075.9 ], [ 4130564.3, 2951021.0 ], [ 4130573.0, 2951007.0 ], [ 4130595.2, 2951022.9 ] ], [ [ 4130376.3, 2951268.8 ], [ 4130400.9, 2951316.9 ], [ 4130388.3, 2951330.2 ], [ 4130387.7, 2951355.2 ], [ 4130353.3, 2951382.6 ], [ 4130365.7, 2951305.2 ], [ 4130360.7, 2951260.7 ], [ 4130376.3, 2951268.8 ] ], [ [ 4130524.1, 2951394.1 ], [ 4130514.0, 2951340.7 ], [ 4130543.0, 2951327.2 ], [ 4130550.2, 2951295.7 ], [ 4130603.5, 2951302.1 ], [ 4130623.1, 2951288.3 ], [ 4130642.9, 2951290.4 ], [ 4130645.3, 2951312.8 ], [ 4130662.8, 2951337.1 ], [ 4130678.7, 2951345.7 ], [ 4130696.9, 2951474.6 ], [ 4130743.6, 2951582.9 ], [ 4130729.4, 2951579.0 ], [ 4130694.3, 2951514.3 ], [ 4130621.1, 2951514.4 ], [ 4130608.8, 2951475.9 ], [ 4130565.6, 2951458.5 ], [ 4130524.1, 2951394.1 ] ], [ [ 4130731.8, 2951311.0 ], [ 4130764.7, 2951290.5 ], [ 4130760.4, 2951315.2 ], [ 4130779.9, 2951378.3 ], [ 4130803.1, 2951391.6 ], [ 4130801.4, 2951433.8 ], [ 4130792.6, 2951451.2 ], [ 4130796.9, 2951465.7 ], [ 4130815.6, 2951482.2 ], [ 4130829.5, 2951517.5 ], [ 4130849.1, 2951540.5 ], [ 4130886.7, 2951565.6 ], [ 4130857.8, 2951589.2 ], [ 4130812.2, 2951537.0 ], [ 4130785.0, 2951525.0 ], [ 4130773.9, 2951504.4 ], [ 4130740.5, 2951400.0 ], [ 4130729.7, 2951330.0 ], [ 4130731.8, 2951311.0 ] ], [ [ 4129542.1, 2949074.7 ], [ 4129577.5, 2949070.3 ], [ 4129593.2, 2949095.8 ], [ 4129667.7, 2949121.8 ], [ 4129644.5, 2949133.3 ], [ 4129623.5, 2949180.6 ], [ 4129582.1, 2949221.9 ], [ 4129562.6, 2949213.6 ], [ 4129565.6, 2949192.6 ], [ 4129530.1, 2949155.8 ], [ 4129524.6, 2949127.8 ], [ 4129542.1, 2949074.7 ] ], [ [ 4128477.5, 2950000.0 ], [ 4128513.1, 2950015.7 ], [ 4128522.1, 2950040.7 ], [ 4128603.2, 2950079.4 ], [ 4128611.1, 2950105.1 ], [ 4128590.6, 2950166.5 ], [ 4128544.7, 2950212.7 ], [ 4128521.8, 2950216.5 ], [ 4128429.2, 2950178.2 ], [ 4128319.0, 2950109.3 ], [ 4128247.2, 2950003.4 ], [ 4128284.6, 2950022.8 ], [ 4128304.0, 2950018.6 ], [ 4128432.5, 2949872.5 ], [ 4128477.5, 2950000.0 ] ], [ [ 4127835.0, 2949975.5 ], [ 4127884.5, 2950034.4 ], [ 4127862.9, 2950053.0 ], [ 4127832.0, 2950038.2 ], [ 4127822.1, 2950004.8 ], [ 4127835.0, 2949975.5 ] ], [ [ 4128881.4, 2950290.6 ], [ 4128883.6, 2950308.5 ], [ 4128863.2, 2950299.8 ], [ 4128824.0, 2950306.8 ], [ 4128694.8, 2950369.0 ], [ 4128683.9, 2950400.0 ], [ 4128667.7, 2950402.4 ], [ 4128657.7, 2950413.1 ], [ 4128663.1, 2950448.6 ], [ 4128629.5, 2950520.0 ], [ 4128534.0, 2950578.6 ], [ 4128504.5, 2950614.6 ], [ 4128445.7, 2950573.0 ], [ 4128416.5, 2950574.1 ], [ 4128388.5, 2950585.4 ], [ 4128374.3, 2950549.4 ], [ 4128380.1, 2950526.1 ], [ 4128346.9, 2950455.7 ], [ 4128400.9, 2950441.6 ], [ 4128421.6, 2950426.9 ], [ 4128434.6, 2950403.8 ], [ 4128409.6, 2950366.2 ], [ 4128390.6, 2950314.5 ], [ 4128367.7, 2950286.8 ], [ 4128376.5, 2950264.8 ], [ 4128397.6, 2950266.8 ], [ 4128439.2, 2950306.1 ], [ 4128445.6, 2950335.6 ], [ 4128473.2, 2950349.6 ], [ 4128486.9, 2950345.0 ], [ 4128499.4, 2950328.2 ], [ 4128532.9, 2950346.3 ], [ 4128583.5, 2950352.0 ], [ 4128596.1, 2950340.0 ], [ 4128619.4, 2950336.9 ], [ 4128639.6, 2950304.9 ], [ 4128674.0, 2950289.5 ], [ 4128690.1, 2950293.1 ], [ 4128757.6, 2950278.3 ], [ 4128783.5, 2950283.5 ], [ 4128825.5, 2950241.6 ], [ 4128856.4, 2950227.4 ], [ 4128869.8, 2950277.7 ], [ 4128881.4, 2950290.6 ] ], [ [ 4128452.2, 2950810.3 ], [ 4128422.5, 2950801.2 ], [ 4128392.8, 2950809.0 ], [ 4128369.1, 2950794.0 ], [ 4128365.3, 2950778.0 ], [ 4128409.9, 2950765.1 ], [ 4128417.8, 2950739.3 ], [ 4128436.3, 2950725.0 ], [ 4128476.1, 2950779.2 ], [ 4128462.2, 2950788.1 ], [ 4128452.2, 2950810.3 ] ], [ [ 4129241.8, 2948763.1 ], [ 4129247.0, 2948752.2 ], [ 4129291.7, 2948788.6 ], [ 4129275.5, 2948809.1 ], [ 4129280.3, 2948836.4 ], [ 4129235.4, 2948870.1 ], [ 4129176.0, 2948839.4 ], [ 4129208.2, 2948784.1 ], [ 4129241.8, 2948763.1 ] ], [ [ 4132917.9, 2947536.9 ], [ 4132893.2, 2947519.6 ], [ 4132914.4, 2947497.0 ], [ 4132908.2, 2947470.7 ], [ 4132916.8, 2947441.9 ], [ 4132949.2, 2947420.2 ], [ 4132956.2, 2947402.8 ], [ 4132911.7, 2947296.8 ], [ 4132913.3, 2947285.4 ], [ 4132974.1, 2947352.5 ], [ 4133003.9, 2947404.5 ], [ 4133003.9, 2947452.8 ], [ 4133018.0, 2947484.3 ], [ 4133038.2, 2947491.7 ], [ 4133059.0, 2947476.6 ], [ 4133061.3, 2947510.1 ], [ 4133088.7, 2947570.4 ], [ 4133020.1, 2947578.8 ], [ 4133002.6, 2947605.8 ], [ 4132966.5, 2947601.7 ], [ 4132970.5, 2947574.3 ], [ 4132952.2, 2947536.6 ], [ 4132936.8, 2947528.6 ], [ 4132917.9, 2947536.9 ] ], [ [ 4133742.2, 2947480.7 ], [ 4133686.4, 2947410.8 ], [ 4133678.4, 2947382.4 ], [ 4133689.9, 2947361.8 ], [ 4133801.2, 2947341.5 ], [ 4133858.0, 2947371.7 ], [ 4133874.4, 2947371.5 ], [ 4133984.1, 2947317.2 ], [ 4134061.8, 2947238.1 ], [ 4134122.0, 2947286.1 ], [ 4134121.9, 2947296.7 ], [ 4134096.5, 2947320.3 ], [ 4134094.2, 2947337.9 ], [ 4133952.7, 2947445.3 ], [ 4133908.4, 2947455.5 ], [ 4133872.2, 2947492.7 ], [ 4133867.8, 2947516.2 ], [ 4133827.2, 2947544.2 ], [ 4133771.6, 2947547.8 ], [ 4133741.5, 2947569.5 ], [ 4133718.6, 2947562.7 ], [ 4133746.1, 2947501.5 ], [ 4133742.2, 2947480.7 ] ], [ [ 4132907.6, 2947239.9 ], [ 4132873.5, 2947248.1 ], [ 4132816.3, 2947297.3 ], [ 4132810.4, 2947311.1 ], [ 4132814.7, 2947326.3 ], [ 4132757.5, 2947383.8 ], [ 4132750.7, 2947388.6 ], [ 4132721.9, 2947380.6 ], [ 4132740.5, 2947330.4 ], [ 4132779.2, 2947280.3 ], [ 4132829.5, 2947253.8 ], [ 4132852.0, 2947232.8 ], [ 4132890.9, 2947221.5 ], [ 4132925.1, 2947201.3 ], [ 4132907.6, 2947239.9 ] ], [ [ 4134139.5, 2947068.2 ], [ 4134138.8, 2946977.8 ], [ 4134126.4, 2946908.6 ], [ 4134140.7, 2946907.5 ], [ 4134177.8, 2946928.6 ], [ 4134202.0, 2946966.1 ], [ 4134234.7, 2946985.2 ], [ 4134231.7, 2947034.3 ], [ 4134250.8, 2947069.7 ], [ 4134181.2, 2947131.3 ], [ 4134150.0, 2947125.8 ], [ 4134114.3, 2947157.3 ], [ 4134104.0, 2947151.1 ], [ 4134139.5, 2947068.2 ] ], [ [ 4133632.8, 2946895.8 ], [ 4133588.8, 2946923.7 ], [ 4133556.1, 2946922.4 ], [ 4133534.5, 2946906.2 ], [ 4133516.5, 2946904.8 ], [ 4133503.6, 2946917.4 ], [ 4133503.0, 2946944.6 ], [ 4133485.8, 2946974.5 ], [ 4133446.8, 2946960.6 ], [ 4133434.7, 2946969.0 ], [ 4133422.4, 2946997.7 ], [ 4133391.1, 2947008.8 ], [ 4133333.4, 2947013.1 ], [ 4133310.1, 2947034.8 ], [ 4133278.1, 2947048.6 ], [ 4133251.3, 2947043.9 ], [ 4133249.7, 2947018.1 ], [ 4133335.0, 2946977.7 ], [ 4133378.7, 2946939.5 ], [ 4133392.0, 2946913.6 ], [ 4133383.5, 2946889.7 ], [ 4133395.1, 2946886.6 ], [ 4133408.8, 2946898.5 ], [ 4133446.2, 2946907.8 ], [ 4133462.3, 2946904.9 ], [ 4133537.8, 2946852.6 ], [ 4133546.9, 2946834.0 ], [ 4133571.9, 2946822.6 ], [ 4133583.8, 2946780.4 ], [ 4133605.9, 2946763.2 ], [ 4133693.0, 2946780.6 ], [ 4133710.6, 2946776.2 ], [ 4133718.8, 2946756.3 ], [ 4133704.8, 2946694.2 ], [ 4133738.1, 2946673.8 ], [ 4133749.3, 2946657.3 ], [ 4133858.8, 2946677.4 ], [ 4133925.8, 2946724.4 ], [ 4133904.6, 2946749.3 ], [ 4133868.1, 2946753.2 ], [ 4133834.6, 2946783.9 ], [ 4133780.2, 2946795.0 ], [ 4133772.0, 2946806.3 ], [ 4133770.6, 2946832.6 ], [ 4133747.2, 2946837.9 ], [ 4133723.9, 2946821.4 ], [ 4133690.0, 2946823.3 ], [ 4133632.8, 2946895.8 ] ], [ [ 4133088.7, 2946773.3 ], [ 4133084.7, 2946804.0 ], [ 4133096.7, 2946820.8 ], [ 4133087.8, 2946846.2 ], [ 4133058.1, 2946833.6 ], [ 4133038.8, 2946841.3 ], [ 4133030.1, 2946876.0 ], [ 4133046.9, 2946900.0 ], [ 4133036.0, 2946921.2 ], [ 4133013.7, 2946921.0 ], [ 4132999.2, 2946930.7 ], [ 4133001.9, 2946961.3 ], [ 4132974.0, 2946956.8 ], [ 4132904.3, 2946972.7 ], [ 4132897.0, 2946925.1 ], [ 4132915.8, 2946876.1 ], [ 4132910.4, 2946845.5 ], [ 4132930.1, 2946840.3 ], [ 4132937.7, 2946820.3 ], [ 4132928.0, 2946789.0 ], [ 4132880.7, 2946759.5 ], [ 4132880.6, 2946744.0 ], [ 4132896.7, 2946701.9 ], [ 4132947.7, 2946659.5 ], [ 4132944.0, 2946638.7 ], [ 4132922.1, 2946626.7 ], [ 4132952.4, 2946624.6 ], [ 4133066.3, 2946676.0 ], [ 4133092.4, 2946733.6 ], [ 4133106.1, 2946744.6 ], [ 4133105.0, 2946758.1 ], [ 4133088.7, 2946773.3 ] ], [ [ 4138193.2, 2948399.5 ], [ 4138181.8, 2948382.4 ], [ 4138198.1, 2948335.0 ], [ 4138185.9, 2948317.5 ], [ 4138183.9, 2948289.7 ], [ 4138135.3, 2948271.8 ], [ 4138123.6, 2948249.7 ], [ 4137990.2, 2948161.1 ], [ 4137979.3, 2948124.3 ], [ 4138008.0, 2948103.2 ], [ 4138007.3, 2948068.7 ], [ 4138068.3, 2948108.7 ], [ 4138078.9, 2948123.4 ], [ 4138104.0, 2948132.9 ], [ 4138137.8, 2948125.0 ], [ 4138238.5, 2948148.9 ], [ 4138274.8, 2948186.7 ], [ 4138286.5, 2948249.1 ], [ 4138318.4, 2948305.4 ], [ 4138358.9, 2948324.7 ], [ 4138381.3, 2948352.2 ], [ 4138382.0, 2948374.2 ], [ 4138250.6, 2948349.5 ], [ 4138237.5, 2948360.9 ], [ 4138232.4, 2948388.7 ], [ 4138193.2, 2948399.5 ] ], [ [ 4137205.5, 2948233.7 ], [ 4137211.8, 2948272.4 ], [ 4137229.1, 2948286.0 ], [ 4137327.2, 2948250.2 ], [ 4137357.3, 2948251.9 ], [ 4137376.2, 2948261.4 ], [ 4137392.7, 2948288.4 ], [ 4137393.2, 2948356.3 ], [ 4137366.9, 2948332.6 ], [ 4137336.5, 2948331.2 ], [ 4137272.3, 2948302.6 ], [ 4137243.2, 2948313.7 ], [ 4137214.3, 2948310.4 ], [ 4137187.3, 2948317.3 ], [ 4137128.9, 2948345.2 ], [ 4137119.0, 2948312.1 ], [ 4137068.8, 2948276.1 ], [ 4137029.7, 2948268.9 ], [ 4136984.1, 2948275.0 ], [ 4136976.7, 2948264.9 ], [ 4136975.8, 2948236.4 ], [ 4136953.9, 2948215.4 ], [ 4136983.2, 2948212.3 ], [ 4137016.6, 2948238.7 ], [ 4137048.8, 2948246.2 ], [ 4137067.7, 2948237.5 ], [ 4137093.8, 2948240.7 ], [ 4137118.4, 2948233.1 ], [ 4137127.9, 2948218.4 ], [ 4137125.4, 2948196.2 ], [ 4137182.9, 2948192.8 ], [ 4137205.5, 2948233.7 ] ], [ [ 4138123.4, 2947753.2 ], [ 4138138.2, 2947693.5 ], [ 4138178.5, 2947686.5 ], [ 4138193.7, 2947671.8 ], [ 4138229.5, 2947687.6 ], [ 4138249.1, 2947678.4 ], [ 4138341.1, 2947719.4 ], [ 4138311.8, 2947757.1 ], [ 4138246.6, 2947746.6 ], [ 4138234.9, 2947760.5 ], [ 4138234.8, 2947790.0 ], [ 4138202.7, 2947786.9 ], [ 4138188.3, 2947802.7 ], [ 4138138.9, 2947791.3 ], [ 4138140.2, 2947765.8 ], [ 4138123.4, 2947753.2 ] ], [ [ 4137969.7, 2947687.0 ], [ 4137953.7, 2947721.2 ], [ 4137914.1, 2947696.4 ], [ 4137934.3, 2947666.1 ], [ 4137969.7, 2947687.0 ] ], [ [ 4137651.9, 2947537.2 ], [ 4137664.2, 2947536.1 ], [ 4137692.7, 2947581.2 ], [ 4137725.4, 2947608.3 ], [ 4137724.0, 2947648.3 ], [ 4137665.6, 2947652.5 ], [ 4137653.6, 2947595.0 ], [ 4137651.9, 2947537.2 ] ], [ [ 4137798.8, 2947623.2 ], [ 4137810.5, 2947591.2 ], [ 4137832.4, 2947605.6 ], [ 4137814.1, 2947647.6 ], [ 4137798.8, 2947623.2 ] ], [ [ 4138186.7, 2947593.4 ], [ 4138194.3, 2947557.7 ], [ 4138255.1, 2947590.3 ], [ 4138240.5, 2947612.1 ], [ 4138186.7, 2947593.4 ] ], [ [ 4138455.5, 2947542.3 ], [ 4138201.4, 2947364.3 ], [ 4138253.4, 2947355.7 ], [ 4138347.9, 2947431.4 ], [ 4138464.8, 2947510.7 ], [ 4138455.5, 2947542.3 ] ], [ [ 4139350.8, 2948446.6 ], [ 4139283.4, 2948379.1 ], [ 4139269.8, 2948356.3 ], [ 4139252.7, 2948349.6 ], [ 4139258.3, 2948344.3 ], [ 4139367.1, 2948427.8 ], [ 4139350.8, 2948446.6 ] ], [ [ 4140833.7, 2948162.9 ], [ 4140793.0, 2948221.9 ], [ 4140643.6, 2948357.5 ], [ 4140605.2, 2948322.3 ], [ 4140711.4, 2948218.8 ], [ 4140728.8, 2948229.1 ], [ 4140742.9, 2948227.4 ], [ 4140810.3, 2948153.5 ], [ 4140833.7, 2948162.9 ] ], [ [ 4140620.6, 2951701.7 ], [ 4140651.2, 2951671.2 ], [ 4140703.0, 2951731.5 ], [ 4140743.4, 2951743.0 ], [ 4140762.1, 2951734.9 ], [ 4140792.0, 2951746.7 ], [ 4140814.5, 2951723.5 ], [ 4140843.0, 2951746.2 ], [ 4140903.8, 2951833.3 ], [ 4140931.0, 2951837.0 ], [ 4140961.6, 2951875.4 ], [ 4141011.0, 2951908.1 ], [ 4141045.7, 2951943.2 ], [ 4140961.7, 2951971.1 ], [ 4140904.2, 2952008.0 ], [ 4140805.4, 2952009.4 ], [ 4140759.3, 2952000.6 ], [ 4140722.9, 2952044.9 ], [ 4140682.7, 2952072.5 ], [ 4140574.7, 2951970.3 ], [ 4140579.1, 2951944.5 ], [ 4140569.9, 2951914.8 ], [ 4140585.6, 2951901.3 ], [ 4140584.1, 2951867.3 ], [ 4140639.8, 2951850.2 ], [ 4140671.2, 2951823.2 ], [ 4140667.8, 2951806.1 ], [ 4140613.6, 2951749.4 ], [ 4140620.6, 2951701.7 ] ], [ [ 4141505.5, 2953926.6 ], [ 4141519.7, 2953906.8 ], [ 4141531.1, 2953905.8 ], [ 4141586.3, 2953937.5 ], [ 4141549.2, 2953967.8 ], [ 4141450.0, 2953949.7 ], [ 4141451.6, 2953937.9 ], [ 4141505.5, 2953926.6 ] ], [ [ 4141357.5, 2953906.1 ], [ 4141282.2, 2953908.0 ], [ 4141179.7, 2953872.3 ], [ 4141280.7, 2953856.9 ], [ 4141380.7, 2953853.2 ], [ 4141357.5, 2953906.1 ] ], [ [ 4141511.5, 2953832.7 ], [ 4141478.7, 2953778.1 ], [ 4141478.1, 2953758.4 ], [ 4141492.3, 2953740.2 ], [ 4141516.9, 2953738.3 ], [ 4141553.0, 2953770.0 ], [ 4141553.1, 2953780.2 ], [ 4141526.3, 2953800.6 ], [ 4141511.5, 2953832.7 ] ], [ [ 4135783.9, 2959090.0 ], [ 4135767.2, 2959144.9 ], [ 4135703.9, 2959106.0 ], [ 4135690.5, 2959084.7 ], [ 4135713.0, 2959024.5 ], [ 4135783.9, 2959090.0 ] ] ] } },
{ "type": "Feature", "properties": { "id": "forest_70527", "state": "Rheinland-Pfalz", "area_ha": 6277.71, "unfragmented": true, "image": "forest_70527.webp", "real_width_m": 9943.8, "real_height_m": 10913.6, "pixel_width": 994, "pixel_height": 1091, "centroid_x": 4155692.0, "centroid_y": 2892385.4 }, "geometry": { "type": "Polygon", "coordinates": [ [ [ 4156734.2, 2898560.4 ], [ 4156744.8, 2898473.7 ], [ 4156760.1, 2898425.1 ], [ 4156871.9, 2898259.9 ], [ 4156903.3, 2898184.9 ], [ 4156911.6, 2898145.0 ], [ 4156904.4, 2898128.9 ], [ 4156887.5, 2898123.3 ], [ 4156823.7, 2898158.3 ], [ 4156808.5, 2898188.0 ], [ 4156809.3, 2898239.1 ], [ 4156791.8, 2898253.8 ], [ 4156752.0, 2898232.5 ], [ 4156719.0, 2898233.5 ], [ 4156776.1, 2897994.7 ], [ 4156777.7, 2897933.2 ], [ 4156720.1, 2897693.7 ], [ 4156740.5, 2897616.4 ], [ 4156780.5, 2897529.6 ], [ 4156824.6, 2897485.4 ], [ 4157098.9, 2897321.4 ], [ 4157211.6, 2897281.0 ], [ 4157229.5, 2897258.4 ], [ 4157202.8, 2897207.8 ], [ 4157182.4, 2897200.3 ], [ 4157152.0, 2897138.3 ], [ 4157123.9, 2897037.9 ], [ 4157118.3, 2896961.9 ], [ 4157062.3, 2896930.6 ], [ 4156961.8, 2896893.3 ], [ 4156926.2, 2896864.4 ], [ 4156869.5, 2896800.0 ], [ 4156873.9, 2896776.7 ], [ 4156837.1, 2896729.8 ], [ 4156879.0, 2896688.6 ], [ 4157054.2, 2896847.6 ], [ 4157131.9, 2896889.0 ], [ 4157147.5, 2896880.6 ], [ 4157174.5, 2896835.0 ], [ 4157230.8, 2896770.3 ], [ 4157296.3, 2896727.9 ], [ 4157322.4, 2896729.2 ], [ 4157383.1, 2896689.1 ], [ 4157427.4, 2896646.4 ], [ 4157449.3, 2896586.3 ], [ 4157446.3, 2896521.9 ], [ 4157368.0, 2896402.7 ], [ 4157359.4, 2896347.0 ], [ 4157365.8, 2896287.3 ], [ 4157407.1, 2896182.6 ], [ 4157512.4, 2896047.8 ], [ 4157521.4, 2896010.1 ], [ 4157509.1, 2895976.8 ], [ 4157485.0, 2895948.0 ], [ 4157352.6, 2895849.2 ], [ 4157236.8, 2895734.5 ], [ 4157112.3, 2895690.8 ], [ 4157088.2, 2895660.3 ], [ 4157085.6, 2895648.5 ], [ 4157102.7, 2895645.4 ], [ 4157186.0, 2895671.5 ], [ 4157209.4, 2895668.1 ], [ 4157220.7, 2895680.9 ], [ 4157318.0, 2895714.4 ], [ 4157311.8, 2895761.8 ], [ 4157352.6, 2895791.8 ], [ 4157370.6, 2895794.6 ], [ 4157384.6, 2895782.9 ], [ 4157376.9, 2895745.1 ], [ 4157354.1, 2895707.9 ], [ 4157339.4, 2895701.2 ], [ 4157339.9, 2895684.9 ], [ 4157308.0, 2895601.7 ], [ 4157314.2, 2895540.3 ], [ 4157330.7, 2895509.8 ], [ 4157339.8, 2895440.5 ], [ 4157323.7, 2895407.6 ], [ 4157339.0, 2895320.3 ], [ 4157298.9, 2895228.5 ], [ 4157276.1, 2895122.0 ], [ 4157239.1, 2895073.4 ], [ 4157191.0, 2895032.8 ], [ 4157151.9, 2895018.7 ], [ 4157134.3, 2894951.4 ], [ 4157133.1, 2894825.0 ], [ 4157121.7, 2894812.2 ], [ 4157102.0, 2894811.7 ], [ 4157091.0, 2894765.5 ], [ 4157069.8, 2894722.4 ], [ 4157054.2, 2894703.8 ], [ 4156958.3, 2894638.1 ], [ 4156662.9, 2894524.2 ], [ 4156581.0, 2894503.1 ], [ 4156416.0, 2894375.2 ], [ 4156337.7, 2894335.1 ], [ 4156345.0, 2894301.9 ], [ 4156419.1, 2894277.6 ], [ 4156455.3, 2894290.3 ], [ 4156492.4, 2894328.7 ], [ 4156506.3, 2894328.9 ], [ 4156519.6, 2894317.9 ], [ 4156526.9, 2894343.4 ], [ 4156564.2, 2894395.7 ], [ 4156644.6, 2894462.5 ], [ 4156865.0, 2894550.4 ], [ 4156930.6, 2894566.2 ], [ 4156960.6, 2894588.6 ], [ 4157091.7, 2894647.2 ], [ 4157188.4, 2894767.8 ], [ 4157187.1, 2894865.6 ], [ 4157173.9, 2894949.8 ], [ 4157219.3, 2894997.0 ], [ 4157292.5, 2895020.5 ], [ 4157320.5, 2895086.6 ], [ 4157359.3, 2895257.0 ], [ 4157405.9, 2895314.2 ], [ 4157416.7, 2895347.7 ], [ 4157410.6, 2895372.1 ], [ 4157392.8, 2895405.7 ], [ 4157360.3, 2895442.2 ], [ 4157358.4, 2895556.6 ], [ 4157342.8, 2895599.1 ], [ 4157349.2, 2895653.6 ], [ 4157418.0, 2895761.8 ], [ 4157451.4, 2895798.0 ], [ 4157488.3, 2895864.8 ], [ 4157546.6, 2895921.2 ], [ 4157591.3, 2895991.4 ], [ 4157597.3, 2896015.7 ], [ 4157582.4, 2896065.7 ], [ 4157482.8, 2896204.9 ], [ 4157420.1, 2896325.1 ], [ 4157420.3, 2896378.4 ], [ 4157480.2, 2896471.3 ], [ 4157487.5, 2896494.0 ], [ 4157480.2, 2896582.4 ], [ 4157464.4, 2896643.1 ], [ 4157427.2, 2896664.2 ], [ 4157396.7, 2896718.6 ], [ 4157257.8, 2896860.4 ], [ 4157240.5, 2896899.0 ], [ 4157245.5, 2896971.5 ], [ 4157292.9, 2897164.0 ], [ 4157314.8, 2897179.2 ], [ 4157357.7, 2897183.2 ], [ 4157409.2, 2897148.4 ], [ 4157770.6, 2896797.2 ], [ 4157935.6, 2896617.0 ], [ 4157966.4, 2896565.0 ], [ 4157984.7, 2896499.7 ], [ 4157955.3, 2896407.2 ], [ 4157966.2, 2896357.6 ], [ 4158086.5, 2896220.0 ], [ 4158173.0, 2896041.4 ], [ 4158174.2, 2896023.1 ], [ 4158184.9, 2896012.6 ], [ 4158208.3, 2896008.0 ], [ 4158255.4, 2895955.9 ], [ 4158277.5, 2895956.4 ], [ 4158318.4, 2895925.4 ], [ 4158346.3, 2895873.5 ], [ 4158353.1, 2895842.5 ], [ 4158340.6, 2895812.9 ], [ 4158308.6, 2895809.5 ], [ 4158294.5, 2895837.5 ], [ 4158260.9, 2895822.4 ], [ 4158215.7, 2895822.5 ], [ 4158213.3, 2895804.0 ], [ 4158235.3, 2895765.4 ], [ 4158289.8, 2895764.3 ], [ 4158304.4, 2895754.6 ], [ 4158317.3, 2895670.1 ], [ 4158337.9, 2895605.5 ], [ 4158334.5, 2895587.6 ], [ 4158289.5, 2895563.4 ], [ 4158119.9, 2895515.6 ], [ 4158155.8, 2895439.2 ], [ 4158291.7, 2895481.9 ], [ 4158360.1, 2895517.9 ], [ 4158384.8, 2895518.0 ], [ 4158467.2, 2895448.4 ], [ 4158470.4, 2895427.2 ], [ 4158501.7, 2895385.2 ], [ 4158520.5, 2895375.1 ], [ 4158539.9, 2895316.8 ], [ 4158527.5, 2895303.0 ], [ 4158449.5, 2895273.1 ], [ 4158448.1, 2895253.1 ], [ 4158437.3, 2895240.5 ], [ 4158276.9, 2895173.2 ], [ 4158206.4, 2895152.9 ], [ 4158151.2, 2895156.3 ], [ 4158139.6, 2895140.2 ], [ 4158107.8, 2895130.7 ], [ 4158104.7, 2895111.7 ], [ 4158211.1, 2895077.5 ], [ 4158265.1, 2895085.0 ], [ 4158464.2, 2895165.4 ], [ 4158487.8, 2895159.0 ], [ 4158505.2, 2895164.0 ], [ 4158510.2, 2895177.9 ], [ 4158530.6, 2895193.6 ], [ 4158617.7, 2895230.4 ], [ 4158634.1, 2895217.8 ], [ 4158634.3, 2895199.6 ], [ 4158594.4, 2895173.5 ], [ 4158591.0, 2895156.4 ], [ 4158561.8, 2895130.4 ], [ 4158567.6, 2895102.8 ], [ 4158525.5, 2895071.8 ], [ 4158516.5, 2895054.4 ], [ 4158522.4, 2895048.7 ], [ 4158567.6, 2895065.9 ], [ 4158602.3, 2895043.3 ], [ 4158653.8, 2895082.9 ], [ 4158670.3, 2895086.4 ], [ 4158692.7, 2895109.4 ], [ 4158721.1, 2895116.4 ], [ 4158741.8, 2895134.0 ], [ 4158780.6, 2895130.5 ], [ 4158793.7, 2895119.0 ], [ 4158861.8, 2895099.9 ], [ 4158879.4, 2895087.8 ], [ 4158899.8, 2895046.2 ], [ 4158892.2, 2895030.6 ], [ 4158813.0, 2894970.1 ], [ 4158626.0, 2894930.2 ], [ 4158567.2, 2894937.0 ], [ 4158537.7, 2894970.9 ], [ 4158480.5, 2894990.5 ], [ 4158459.8, 2895023.8 ], [ 4158344.8, 2894945.2 ], [ 4158220.0, 2894913.8 ], [ 4158122.3, 2894903.9 ], [ 4158073.9, 2894907.7 ], [ 4158057.1, 2894938.3 ], [ 4158060.8, 2894976.8 ], [ 4157866.1, 2894903.1 ], [ 4157875.1, 2894874.2 ], [ 4157993.4, 2894909.1 ], [ 4158013.4, 2894902.9 ], [ 4158019.8, 2894885.9 ], [ 4157970.7, 2894810.6 ], [ 4157892.1, 2894789.6 ], [ 4157677.4, 2894708.2 ], [ 4157665.4, 2894690.9 ], [ 4157538.0, 2894635.0 ], [ 4157511.5, 2894603.5 ], [ 4157517.7, 2894574.0 ], [ 4157603.3, 2894589.6 ], [ 4157641.6, 2894566.8 ], [ 4157676.4, 2894596.8 ], [ 4157693.7, 2894602.3 ], [ 4157705.1, 2894621.0 ], [ 4157708.2, 2894649.9 ], [ 4157741.5, 2894667.9 ], [ 4157753.6, 2894683.4 ], [ 4157824.8, 2894713.6 ], [ 4158058.4, 2894780.9 ], [ 4158076.3, 2894778.5 ], [ 4158085.4, 2894767.1 ], [ 4158081.6, 2894723.0 ], [ 4157963.3, 2894654.5 ], [ 4157830.1, 2894598.0 ], [ 4157670.9, 2894510.8 ], [ 4157565.0, 2894377.9 ], [ 4157563.2, 2894349.5 ], [ 4157497.6, 2894276.6 ], [ 4157430.7, 2894224.1 ], [ 4157307.9, 2894162.8 ], [ 4157281.2, 2894171.9 ], [ 4157210.5, 2894176.1 ], [ 4157193.5, 2894168.6 ], [ 4157191.2, 2894152.3 ], [ 4157176.1, 2894133.6 ], [ 4157180.0, 2894120.0 ], [ 4157242.6, 2894133.7 ], [ 4157283.5, 2894075.9 ], [ 4157328.2, 2894097.7 ], [ 4157411.2, 2894146.1 ], [ 4157532.4, 2894264.9 ], [ 4157594.4, 2894337.3 ], [ 4157614.3, 2894339.7 ], [ 4157650.4, 2894317.7 ], [ 4157667.0, 2894352.9 ], [ 4157688.2, 2894374.5 ], [ 4157766.2, 2894413.0 ], [ 4157784.2, 2894409.7 ], [ 4157792.7, 2894397.7 ], [ 4157808.3, 2894299.5 ], [ 4157881.8, 2894325.2 ], [ 4157882.4, 2894345.0 ], [ 4157894.9, 2894358.7 ], [ 4157913.3, 2894358.0 ], [ 4157924.8, 2894343.5 ], [ 4158034.7, 2894402.6 ], [ 4158055.0, 2894401.7 ], [ 4158075.6, 2894365.6 ], [ 4158063.0, 2894316.7 ], [ 4158024.7, 2894277.1 ], [ 4158033.3, 2894260.6 ], [ 4158145.8, 2894343.1 ], [ 4158205.9, 2894406.1 ], [ 4158297.0, 2894455.6 ], [ 4158316.9, 2894452.5 ], [ 4158331.3, 2894429.4 ], [ 4158355.1, 2894445.9 ], [ 4158348.7, 2894479.0 ], [ 4158383.3, 2894503.8 ], [ 4158322.8, 2894595.3 ], [ 4158323.4, 2894616.8 ], [ 4158376.1, 2894660.2 ], [ 4158518.7, 2894744.7 ], [ 4158528.3, 2894759.3 ], [ 4158583.6, 2894766.5 ], [ 4158601.3, 2894754.8 ], [ 4158629.4, 2894687.8 ], [ 4158653.6, 2894580.4 ], [ 4158680.1, 2894597.6 ], [ 4158720.7, 2894604.5 ], [ 4158758.2, 2894599.4 ], [ 4158752.5, 2894681.5 ], [ 4158759.4, 2894701.5 ], [ 4158775.0, 2894714.3 ], [ 4158805.1, 2894708.2 ], [ 4158812.3, 2894695.4 ], [ 4158814.7, 2894636.1 ], [ 4158888.0, 2894489.3 ], [ 4158907.1, 2894461.5 ], [ 4158968.1, 2894418.5 ], [ 4159011.2, 2894408.3 ], [ 4159025.6, 2894419.4 ], [ 4159209.4, 2894444.9 ], [ 4159264.6, 2894457.0 ], [ 4159333.6, 2894487.5 ], [ 4159383.7, 2894476.1 ], [ 4159424.8, 2894476.7 ], [ 4159436.8, 2894464.4 ], [ 4159436.8, 2894447.9 ], [ 4159474.1, 2894441.0 ], [ 4159488.3, 2894424.6 ], [ 4159481.5, 2894404.0 ], [ 4159402.3, 2894355.9 ], [ 4159447.5, 2894308.6 ], [ 4159471.8, 2894301.0 ], [ 4159512.4, 2894315.0 ], [ 4159497.5, 2894333.2 ], [ 4159502.9, 2894353.2 ], [ 4159561.1, 2894386.7 ], [ 4159578.5, 2894385.3 ], [ 4159592.2, 2894372.0 ], [ 4159590.9, 2894351.3 ], [ 4159544.5, 2894323.3 ], [ 4159574.6, 2894271.1 ], [ 4159628.1, 2894315.1 ], [ 4159653.0, 2894313.9 ], [ 4159718.6, 2894199.2 ], [ 4159760.2, 2894155.5 ], [ 4159815.0, 2894114.0 ], [ 4159834.5, 2894120.4 ], [ 4159845.8, 2894135.4 ], [ 4159845.7, 2894181.8 ], [ 4159804.3, 2894266.4 ], [ 4159810.9, 2894289.6 ], [ 4159831.5, 2894294.1 ], [ 4159968.5, 2894229.9 ], [ 4159981.0, 2894210.1 ], [ 4159964.9, 2894143.6 ], [ 4159952.9, 2894131.0 ], [ 4159928.8, 2894130.4 ], [ 4159926.4, 2894124.6 ], [ 4159933.1, 2894072.1 ], [ 4159946.0, 2894053.5 ], [ 4159942.2, 2893978.4 ], [ 4159984.6, 2893975.5 ], [ 4159986.6, 2894017.9 ], [ 4160006.7, 2894032.2 ], [ 4160080.7, 2894021.5 ], [ 4160225.9, 2893976.9 ], [ 4160255.7, 2893961.8 ], [ 4160346.4, 2893884.1 ], [ 4160406.3, 2893820.8 ], [ 4160418.9, 2893796.3 ], [ 4160405.5, 2893772.3 ], [ 4160214.6, 2893699.0 ], [ 4160193.2, 2893702.9 ], [ 4160177.3, 2893726.8 ], [ 4160097.4, 2893682.0 ], [ 4160081.3, 2893656.0 ], [ 4160083.1, 2893609.6 ], [ 4160055.6, 2893580.2 ], [ 4160072.6, 2893553.6 ], [ 4160071.4, 2893536.8 ], [ 4160042.5, 2893512.6 ], [ 4159992.9, 2893489.2 ], [ 4159992.7, 2893449.3 ], [ 4160126.7, 2893540.5 ], [ 4160156.6, 2893598.3 ], [ 4160222.6, 2893633.9 ], [ 4160239.5, 2893627.9 ], [ 4160250.6, 2893606.4 ], [ 4160245.8, 2893589.2 ], [ 4160233.4, 2893581.7 ], [ 4160244.5, 2893540.5 ], [ 4160244.6, 2893464.4 ], [ 4160406.1, 2893514.3 ], [ 4160411.4, 2893534.6 ], [ 4160431.4, 2893546.1 ], [ 4160448.7, 2893543.4 ], [ 4160458.6, 2893528.9 ], [ 4160426.8, 2893327.4 ], [ 4160474.3, 2893055.9 ], [ 4160441.8, 2892916.8 ], [ 4160458.8, 2892816.2 ], [ 4160447.6, 2892640.3 ], [ 4160454.1, 2892495.2 ], [ 4160468.8, 2892433.7 ], [ 4160460.7, 2892334.8 ], [ 4160445.0, 2892283.4 ], [ 4160371.1, 2892099.1 ], [ 4160355.2, 2892089.8 ], [ 4160323.8, 2892096.4 ], [ 4160315.6, 2892079.1 ], [ 4160297.4, 2892065.6 ], [ 4160236.1, 2892065.3 ], [ 4160155.7, 2892090.4 ], [ 4160038.7, 2892108.5 ], [ 4160004.3, 2892124.1 ], [ 4159988.6, 2892114.0 ], [ 4159971.6, 2892118.5 ], [ 4159961.7, 2892104.6 ], [ 4160060.5, 2892027.9 ], [ 4160190.4, 2891991.1 ], [ 4160206.8, 2891967.7 ], [ 4160207.0, 2891950.5 ], [ 4160170.0, 2891927.1 ], [ 4160072.1, 2891928.0 ], [ 4160066.7, 2891913.5 ], [ 4160051.5, 2891905.9 ], [ 4159894.5, 2891905.4 ], [ 4159614.7, 2891881.4 ], [ 4159477.6, 2891888.0 ], [ 4159407.3, 2891915.2 ], [ 4159345.8, 2891954.9 ], [ 4159286.5, 2892014.1 ], [ 4159249.3, 2892064.2 ], [ 4159236.7, 2892102.8 ], [ 4159246.7, 2892143.3 ], [ 4159241.7, 2892189.7 ], [ 4159184.8, 2892316.8 ], [ 4159139.7, 2892382.4 ], [ 4159026.8, 2892442.3 ], [ 4158977.5, 2892480.4 ], [ 4158916.6, 2892575.8 ], [ 4158877.7, 2892607.2 ], [ 4158856.2, 2892700.8 ], [ 4158848.7, 2892779.5 ], [ 4158717.0, 2892807.2 ], [ 4158661.3, 2892872.9 ], [ 4158622.3, 2892898.2 ], [ 4158557.0, 2892914.4 ], [ 4158510.6, 2892941.3 ], [ 4158502.3, 2892964.5 ], [ 4158510.1, 2893031.7 ], [ 4158522.0, 2893057.3 ], [ 4158559.4, 2893097.1 ], [ 4158579.6, 2893143.5 ], [ 4158594.0, 2893227.8 ], [ 4158593.4, 2893246.7 ], [ 4158585.0, 2893256.8 ], [ 4158576.3, 2893250.4 ], [ 4158577.6, 2893233.4 ], [ 4158565.6, 2893207.1 ], [ 4158544.5, 2893177.2 ], [ 4158532.4, 2893120.6 ], [ 4158491.4, 2893050.4 ], [ 4158406.4, 2893049.8 ], [ 4158352.7, 2893093.6 ], [ 4158244.0, 2893055.2 ], [ 4158232.5, 2892955.4 ], [ 4158259.5, 2892944.7 ], [ 4158267.5, 2892924.9 ], [ 4158258.1, 2892909.4 ], [ 4158241.5, 2892905.3 ], [ 4158230.2, 2892885.9 ], [ 4158272.6, 2892862.7 ], [ 4158289.3, 2892897.8 ], [ 4158316.2, 2892925.5 ], [ 4158393.8, 2892952.1 ], [ 4158411.3, 2892946.0 ], [ 4158449.4, 2892892.3 ], [ 4158440.2, 2892856.4 ], [ 4158311.4, 2892754.4 ], [ 4158313.2, 2892707.4 ], [ 4158356.2, 2892631.5 ], [ 4158423.5, 2892650.3 ], [ 4158474.0, 2892587.1 ], [ 4158529.1, 2892577.5 ], [ 4158606.7, 2892598.4 ], [ 4158733.7, 2892680.7 ], [ 4158772.1, 2892681.9 ], [ 4158796.5, 2892669.3 ], [ 4158932.4, 2892457.8 ], [ 4158990.4, 2892408.3 ], [ 4159070.4, 2892370.8 ], [ 4159122.3, 2892333.7 ], [ 4159149.4, 2892300.0 ], [ 4159202.4, 2892140.9 ], [ 4159201.1, 2892056.9 ], [ 4159247.3, 2891964.4 ], [ 4159229.8, 2891946.9 ], [ 4159183.6, 2891945.6 ], [ 4159123.6, 2891957.7 ], [ 4159087.3, 2891949.4 ], [ 4159079.1, 2891937.9 ], [ 4159165.2, 2891912.5 ], [ 4159200.8, 2891925.8 ], [ 4159289.9, 2891913.5 ], [ 4159348.6, 2891893.3 ], [ 4159360.1, 2891880.4 ], [ 4159360.1, 2891866.5 ], [ 4159347.6, 2891847.9 ], [ 4159299.7, 2891840.8 ], [ 4159232.0, 2891785.0 ], [ 4159279.4, 2891770.0 ], [ 4159289.8, 2891750.9 ], [ 4159235.6, 2891639.5 ], [ 4159223.3, 2891633.1 ], [ 4159206.6, 2891637.1 ], [ 4159193.0, 2891650.3 ], [ 4159190.3, 2891671.6 ], [ 4159172.7, 2891686.3 ], [ 4159099.5, 2891667.7 ], [ 4159057.9, 2891611.3 ], [ 4159048.0, 2891591.9 ], [ 4159167.6, 2891510.7 ], [ 4159167.1, 2891473.9 ], [ 4159148.6, 2891457.0 ], [ 4159118.7, 2891469.6 ], [ 4159099.7, 2891433.8 ], [ 4159098.2, 2891400.6 ], [ 4159084.0, 2891380.1 ], [ 4159060.3, 2891375.5 ], [ 4158977.8, 2891335.2 ], [ 4158916.2, 2891338.6 ], [ 4158925.8, 2891211.0 ], [ 4158915.3, 2891196.8 ], [ 4158891.3, 2891198.1 ], [ 4158870.4, 2891177.9 ], [ 4158841.5, 2891090.7 ], [ 4158863.6, 2891070.1 ], [ 4158870.9, 2891005.3 ], [ 4158893.0, 2891005.1 ], [ 4158894.2, 2891020.9 ], [ 4158906.4, 2891032.9 ], [ 4158930.4, 2891028.7 ], [ 4158969.3, 2890930.7 ], [ 4158985.9, 2890925.8 ], [ 4158993.3, 2890903.5 ], [ 4159101.7, 2890823.6 ], [ 4159147.5, 2890810.3 ], [ 4159286.0, 2890818.3 ], [ 4159294.3, 2890843.6 ], [ 4159326.6, 2890851.9 ], [ 4159343.3, 2890845.5 ], [ 4159350.3, 2890827.6 ], [ 4159392.4, 2890833.6 ], [ 4159397.9, 2890876.5 ], [ 4159380.5, 2891022.0 ], [ 4159261.6, 2891013.3 ], [ 4159246.1, 2891031.2 ], [ 4159252.3, 2891054.8 ], [ 4159340.7, 2891080.6 ], [ 4159392.2, 2891083.9 ], [ 4159443.0, 2891097.4 ], [ 4159426.2, 2891136.8 ], [ 4159422.4, 2891170.7 ], [ 4159429.5, 2891187.5 ], [ 4159446.1, 2891193.9 ], [ 4159464.0, 2891183.0 ], [ 4159474.6, 2891127.5 ], [ 4159490.1, 2891108.6 ], [ 4159525.5, 2891123.4 ], [ 4159544.8, 2891114.0 ], [ 4159548.7, 2891099.8 ], [ 4159535.7, 2891037.9 ], [ 4159551.9, 2891029.5 ], [ 4159562.4, 2891062.2 ], [ 4159600.0, 2891070.7 ], [ 4159623.7, 2891071.5 ], [ 4159637.6, 2891060.2 ], [ 4159806.2, 2891067.2 ], [ 4159824.1, 2891165.0 ], [ 4159817.9, 2891257.6 ], [ 4159803.0, 2891280.9 ], [ 4159779.0, 2891277.3 ], [ 4159766.1, 2891284.6 ], [ 4159762.8, 2891314.4 ], [ 4159782.9, 2891326.7 ], [ 4159827.5, 2891317.0 ], [ 4159856.7, 2891301.3 ], [ 4159889.9, 2891266.7 ], [ 4159883.2, 2891236.7 ], [ 4159890.5, 2891157.1 ], [ 4159881.5, 2891090.8 ], [ 4159859.6, 2891012.0 ], [ 4159819.3, 2890948.1 ], [ 4159814.0, 2890887.3 ], [ 4159791.2, 2890871.7 ], [ 4159752.8, 2890865.1 ], [ 4159696.3, 2890870.9 ], [ 4159629.6, 2890914.4 ], [ 4159613.3, 2890918.9 ], [ 4159587.5, 2890909.8 ], [ 4159529.2, 2890947.1 ], [ 4159516.1, 2890899.7 ], [ 4159568.8, 2890859.6 ], [ 4159575.7, 2890846.7 ], [ 4159570.8, 2890829.2 ], [ 4159554.4, 2890821.4 ], [ 4159560.8, 2890752.1 ], [ 4159548.9, 2890734.1 ], [ 4159528.7, 2890734.1 ], [ 4159507.8, 2890720.9 ], [ 4159414.5, 2890743.5 ], [ 4159400.5, 2890763.2 ], [ 4159330.3, 2890759.7 ], [ 4159305.4, 2890750.9 ], [ 4159307.3, 2890733.7 ], [ 4159297.4, 2890719.8 ], [ 4159268.7, 2890719.8 ], [ 4159210.2, 2890696.5 ], [ 4159190.3, 2890715.7 ], [ 4159158.3, 2890712.1 ], [ 4159119.2, 2890723.2 ], [ 4159032.7, 2890791.7 ], [ 4158960.7, 2890818.5 ], [ 4158926.7, 2890864.1 ], [ 4158904.1, 2890858.8 ], [ 4158911.9, 2890805.5 ], [ 4158901.1, 2890792.4 ], [ 4158876.2, 2890782.7 ], [ 4158880.4, 2890769.5 ], [ 4158962.2, 2890783.9 ], [ 4159001.3, 2890772.9 ], [ 4159056.7, 2890745.6 ], [ 4159095.4, 2890705.7 ], [ 4159167.0, 2890673.4 ], [ 4159183.7, 2890644.8 ], [ 4159160.9, 2890613.2 ], [ 4159070.4, 2890542.0 ], [ 4159028.4, 2890438.9 ], [ 4159007.5, 2890412.8 ], [ 4158971.8, 2890391.5 ], [ 4158919.7, 2890380.3 ], [ 4158949.0, 2890280.4 ], [ 4158981.9, 2890361.9 ], [ 4159058.4, 2890418.0 ], [ 4159097.8, 2890500.2 ], [ 4159135.6, 2890549.8 ], [ 4159194.8, 2890583.0 ], [ 4159253.8, 2890596.1 ], [ 4159383.5, 2890701.4 ], [ 4159536.3, 2890659.1 ], [ 4159599.1, 2890656.7 ], [ 4159651.6, 2890594.2 ], [ 4159677.7, 2890602.1 ], [ 4159693.7, 2890579.9 ], [ 4159717.5, 2890592.6 ], [ 4159755.4, 2890593.3 ], [ 4159768.4, 2890581.2 ], [ 4159771.6, 2890555.6 ], [ 4159874.4, 2890595.2 ], [ 4159955.0, 2890591.7 ], [ 4159962.2, 2890688.5 ], [ 4159931.5, 2890688.8 ], [ 4159905.7, 2890704.0 ], [ 4159899.1, 2890719.8 ], [ 4159872.7, 2890726.2 ], [ 4159849.1, 2890773.9 ], [ 4159861.5, 2890798.1 ], [ 4159910.4, 2890796.6 ], [ 4159923.2, 2890789.4 ], [ 4159937.0, 2890762.4 ], [ 4159955.6, 2890751.2 ], [ 4159974.4, 2890710.8 ], [ 4160020.9, 2890700.6 ], [ 4160052.8, 2890680.0 ], [ 4160033.6, 2890587.3 ], [ 4160096.1, 2890581.3 ], [ 4160103.2, 2890602.6 ], [ 4160119.9, 2890610.3 ], [ 4160211.2, 2890594.7 ], [ 4160290.6, 2890569.3 ], [ 4160303.5, 2890589.5 ], [ 4160328.1, 2890585.4 ], [ 4160402.5, 2890450.2 ], [ 4160430.4, 2890444.9 ], [ 4160448.0, 2890420.1 ], [ 4160448.3, 2890360.2 ], [ 4160432.7, 2890330.4 ], [ 4160447.2, 2890281.0 ], [ 4160495.6, 2890258.6 ], [ 4160514.8, 2890265.1 ], [ 4160531.1, 2890256.6 ], [ 4160538.7, 2890186.1 ], [ 4160585.5, 2890134.8 ], [ 4160657.0, 2890087.8 ], [ 4160657.6, 2890056.1 ], [ 4160705.4, 2890010.8 ], [ 4160707.6, 2889987.5 ], [ 4160674.1, 2889941.0 ], [ 4160607.8, 2889919.1 ], [ 4160460.4, 2889964.2 ], [ 4160420.5, 2889985.9 ], [ 4160388.3, 2890021.6 ], [ 4160362.7, 2890037.4 ], [ 4160286.3, 2890026.4 ], [ 4160133.7, 2890038.4 ], [ 4159920.6, 2889957.0 ], [ 4159844.9, 2889908.0 ], [ 4159784.3, 2889853.2 ], [ 4159695.4, 2889855.5 ], [ 4159649.6, 2889873.4 ], [ 4159603.0, 2889909.3 ], [ 4159526.9, 2890004.9 ], [ 4159471.0, 2890047.3 ], [ 4159465.9, 2890060.7 ], [ 4159472.4, 2890077.1 ], [ 4159492.5, 2890082.9 ], [ 4159724.8, 2890003.5 ], [ 4159802.4, 2889985.8 ], [ 4159864.0, 2890107.8 ], [ 4159874.9, 2890116.9 ], [ 4159947.1, 2890116.9 ], [ 4159965.9, 2890105.9 ], [ 4159967.7, 2890084.3 ], [ 4159931.5, 2890045.7 ], [ 4159946.7, 2890044.2 ], [ 4159984.9, 2890073.5 ], [ 4160012.3, 2890064.2 ], [ 4160061.2, 2890102.8 ], [ 4160079.6, 2890101.1 ], [ 4160089.2, 2890089.7 ], [ 4160115.0, 2890110.7 ], [ 4160125.4, 2890141.9 ], [ 4160094.3, 2890202.8 ], [ 4160102.5, 2890224.5 ], [ 4160330.7, 2890249.2 ], [ 4160337.0, 2890389.4 ], [ 4160330.8, 2890401.2 ], [ 4160305.7, 2890410.5 ], [ 4160283.5, 2890480.6 ], [ 4160253.3, 2890500.6 ], [ 4160218.0, 2890508.5 ], [ 4160084.6, 2890495.6 ], [ 4160062.8, 2890379.0 ], [ 4159982.7, 2890353.0 ], [ 4159938.8, 2890314.7 ], [ 4159910.6, 2890315.2 ], [ 4159907.5, 2890268.7 ], [ 4159888.0, 2890254.0 ], [ 4159846.7, 2890268.4 ], [ 4159832.2, 2890289.2 ], [ 4159832.0, 2890308.2 ], [ 4159848.3, 2890323.7 ], [ 4159897.5, 2890331.3 ], [ 4159906.2, 2890359.3 ], [ 4159895.5, 2890371.9 ], [ 4159889.1, 2890405.3 ], [ 4159898.2, 2890424.3 ], [ 4159912.1, 2890428.4 ], [ 4159964.0, 2890417.5 ], [ 4159950.4, 2890462.1 ], [ 4159898.8, 2890471.3 ], [ 4159881.4, 2890456.4 ], [ 4159852.0, 2890457.2 ], [ 4159849.9, 2890438.2 ], [ 4159840.1, 2890427.2 ], [ 4159783.6, 2890425.5 ], [ 4159761.1, 2890388.1 ], [ 4159676.3, 2890366.2 ], [ 4159668.5, 2890330.9 ], [ 4159657.6, 2890320.7 ], [ 4159597.4, 2890317.9 ], [ 4159555.4, 2890305.2 ], [ 4159539.1, 2890311.3 ], [ 4159532.3, 2890327.3 ], [ 4159533.5, 2890437.0 ], [ 4159545.7, 2890562.4 ], [ 4159426.3, 2890540.8 ], [ 4159277.6, 2890496.1 ], [ 4159160.4, 2890470.8 ], [ 4159110.2, 2890406.8 ], [ 4159083.5, 2890387.2 ], [ 4159084.1, 2890282.5 ], [ 4158996.6, 2890247.3 ], [ 4159007.6, 2890092.9 ], [ 4159082.5, 2890113.8 ], [ 4159099.8, 2890108.0 ], [ 4159105.2, 2890083.8 ], [ 4159088.3, 2890069.2 ], [ 4159079.6, 2890048.9 ], [ 4159136.6, 2890057.6 ], [ 4159168.2, 2890018.2 ], [ 4159153.1, 2889981.1 ], [ 4159145.2, 2889912.7 ], [ 4159326.9, 2889855.8 ], [ 4159337.4, 2889841.2 ], [ 4159332.2, 2889818.0 ], [ 4159295.3, 2889791.6 ], [ 4159222.6, 2889821.2 ], [ 4159177.1, 2889792.5 ], [ 4159179.4, 2889760.9 ], [ 4159139.9, 2889741.8 ], [ 4159129.0, 2889703.6 ], [ 4159111.7, 2889699.5 ], [ 4159071.1, 2889714.1 ], [ 4159074.1, 2889687.0 ], [ 4159063.4, 2889667.2 ], [ 4159092.7, 2889645.3 ], [ 4159099.1, 2889630.0 ], [ 4159094.2, 2889614.7 ], [ 4159076.8, 2889602.4 ], [ 4159083.7, 2889570.0 ], [ 4159064.5, 2889555.6 ], [ 4159039.4, 2889562.4 ], [ 4158981.8, 2889645.3 ], [ 4158956.8, 2889697.5 ], [ 4158880.3, 2889614.7 ], [ 4158874.9, 2889595.4 ], [ 4158795.3, 2889532.2 ], [ 4158717.6, 2889416.4 ], [ 4158647.0, 2889336.4 ], [ 4158613.6, 2889331.6 ], [ 4158580.9, 2889305.3 ], [ 4158566.8, 2889309.0 ], [ 4158555.7, 2889323.6 ], [ 4158449.9, 2889262.0 ], [ 4158481.9, 2889240.5 ], [ 4158515.7, 2889184.0 ], [ 4158510.5, 2889167.7 ], [ 4158476.8, 2889136.7 ], [ 4158495.3, 2889083.8 ], [ 4158488.0, 2889067.1 ], [ 4158463.6, 2889053.5 ], [ 4158468.1, 2888994.4 ], [ 4158387.5, 2888953.3 ], [ 4158370.1, 2888956.3 ], [ 4158349.4, 2888981.1 ], [ 4158309.4, 2888963.7 ], [ 4158277.1, 2888928.2 ], [ 4158263.4, 2888888.4 ], [ 4158276.6, 2888862.8 ], [ 4158261.1, 2888838.6 ], [ 4158269.0, 2888831.9 ], [ 4158300.4, 2888867.6 ], [ 4158321.4, 2888871.4 ], [ 4158428.8, 2888757.7 ], [ 4158452.3, 2888792.0 ], [ 4158484.6, 2888782.3 ], [ 4158512.3, 2888793.9 ], [ 4158529.6, 2888781.7 ], [ 4158523.5, 2888752.2 ], [ 4158532.8, 2888745.0 ], [ 4158566.3, 2888785.3 ], [ 4158614.4, 2888806.6 ], [ 4158630.8, 2888802.5 ], [ 4158646.9, 2888781.5 ], [ 4158665.8, 2888784.5 ], [ 4158681.2, 2888770.8 ], [ 4158779.6, 2888813.1 ], [ 4158796.8, 2888806.7 ], [ 4158804.2, 2888790.8 ], [ 4158852.2, 2888810.8 ], [ 4158869.2, 2888804.8 ], [ 4158880.9, 2888784.4 ], [ 4158910.5, 2888797.7 ], [ 4158928.6, 2888794.6 ], [ 4159003.0, 2888845.5 ], [ 4159061.0, 2888909.9 ], [ 4159078.9, 2888911.6 ], [ 4159093.0, 2888897.3 ], [ 4159113.1, 2888891.5 ], [ 4159206.0, 2888940.5 ], [ 4159225.0, 2888935.1 ], [ 4159307.3, 2888853.6 ], [ 4159320.1, 2888863.9 ], [ 4159316.8, 2888880.3 ], [ 4159324.0, 2888893.5 ], [ 4159379.5, 2888917.0 ], [ 4159355.4, 2889010.1 ], [ 4159322.9, 2889025.1 ], [ 4159315.3, 2889037.9 ], [ 4159334.6, 2889084.2 ], [ 4159336.9, 2889115.9 ], [ 4159363.6, 2889134.8 ], [ 4159384.1, 2889126.7 ], [ 4159393.4, 2889054.4 ], [ 4159440.3, 2889090.8 ], [ 4159467.1, 2889096.5 ], [ 4159536.7, 2888995.0 ], [ 4159576.5, 2888869.2 ], [ 4159557.4, 2888597.6 ], [ 4159596.3, 2888521.1 ], [ 4159642.3, 2888493.1 ], [ 4159649.8, 2888478.6 ], [ 4159648.5, 2888433.0 ], [ 4159619.6, 2888300.3 ], [ 4159595.6, 2888263.0 ], [ 4159542.3, 2888239.5 ], [ 4159409.9, 2888239.1 ], [ 4159391.7, 2888259.7 ], [ 4159410.1, 2888291.9 ], [ 4159327.3, 2888330.1 ], [ 4159303.0, 2888306.6 ], [ 4159369.1, 2888276.7 ], [ 4159376.1, 2888259.9 ], [ 4159365.0, 2888241.5 ], [ 4159217.2, 2888230.1 ], [ 4159039.0, 2888142.5 ], [ 4158965.4, 2888116.4 ], [ 4158871.3, 2888107.6 ], [ 4158735.7, 2888120.9 ], [ 4158645.6, 2888118.8 ], [ 4158574.2, 2888093.8 ], [ 4158500.5, 2888043.6 ], [ 4158447.1, 2888038.2 ], [ 4158381.8, 2888009.0 ], [ 4158352.0, 2888012.1 ], [ 4158236.7, 2887986.6 ], [ 4158203.5, 2887961.2 ], [ 4158149.7, 2887962.2 ], [ 4158132.6, 2887973.2 ], [ 4158115.5, 2887972.8 ], [ 4157999.0, 2887963.9 ], [ 4157936.4, 2887946.9 ], [ 4157915.7, 2887956.2 ], [ 4157885.9, 2887951.3 ], [ 4157872.9, 2887940.2 ], [ 4157811.9, 2887931.1 ], [ 4157738.9, 2887930.8 ], [ 4157765.0, 2887895.5 ], [ 4157799.0, 2887914.9 ], [ 4157908.5, 2887909.7 ], [ 4158024.4, 2887930.2 ], [ 4158097.3, 2887934.5 ], [ 4158112.6, 2887919.4 ], [ 4158119.6, 2887858.4 ], [ 4158113.8, 2887844.7 ], [ 4158100.6, 2887837.9 ], [ 4157729.7, 2887791.5 ], [ 4157707.4, 2887803.2 ], [ 4157701.7, 2887835.5 ], [ 4157636.8, 2887824.2 ], [ 4157622.9, 2887829.0 ], [ 4157612.3, 2887854.6 ], [ 4157594.6, 2887855.8 ], [ 4157581.6, 2887867.7 ], [ 4157583.1, 2887905.3 ], [ 4157556.4, 2887900.9 ], [ 4157510.0, 2887910.6 ], [ 4157387.0, 2887985.9 ], [ 4157352.3, 2887999.7 ], [ 4157264.3, 2888010.3 ], [ 4157246.7, 2887996.0 ], [ 4157175.8, 2887996.2 ], [ 4157166.0, 2887988.4 ], [ 4157172.4, 2887943.7 ], [ 4157202.9, 2887936.1 ], [ 4157342.0, 2887953.7 ], [ 4157356.9, 2887940.3 ], [ 4157410.1, 2887931.7 ], [ 4157420.0, 2887909.0 ], [ 4157453.2, 2887882.2 ], [ 4157560.7, 2887865.6 ], [ 4157572.7, 2887851.5 ], [ 4157569.7, 2887833.2 ], [ 4157528.8, 2887791.5 ], [ 4157514.3, 2887787.4 ], [ 4157331.8, 2887869.5 ], [ 4157302.6, 2887875.4 ], [ 4157142.6, 2887887.2 ], [ 4156920.4, 2887870.6 ], [ 4156908.9, 2887880.2 ], [ 4156907.1, 2887898.7 ], [ 4156948.1, 2887940.3 ], [ 4157069.3, 2887957.1 ], [ 4157112.3, 2887972.1 ], [ 4157113.9, 2887997.6 ], [ 4157096.6, 2888013.6 ], [ 4157052.4, 2888020.3 ], [ 4156924.0, 2888020.3 ], [ 4156912.6, 2888038.0 ], [ 4156922.2, 2888096.8 ], [ 4156888.7, 2888122.5 ], [ 4156856.8, 2888133.4 ], [ 4156798.1, 2888011.8 ], [ 4156607.0, 2887944.6 ], [ 4156580.9, 2887941.9 ], [ 4156438.5, 2887840.6 ], [ 4156442.8, 2887822.8 ], [ 4156435.2, 2887810.1 ], [ 4156268.7, 2887697.5 ], [ 4156269.4, 2887680.0 ], [ 4156257.1, 2887667.6 ], [ 4156129.8, 2887684.9 ], [ 4155852.2, 2887677.9 ], [ 4155775.9, 2887691.2 ], [ 4155706.4, 2887719.3 ], [ 4155649.4, 2887773.3 ], [ 4155586.8, 2887864.2 ], [ 4155573.5, 2887936.9 ], [ 4155586.1, 2888063.7 ], [ 4155556.3, 2888117.3 ], [ 4155581.2, 2888147.3 ], [ 4155605.9, 2888152.1 ], [ 4155580.0, 2888171.4 ], [ 4155567.6, 2888195.0 ], [ 4155551.0, 2888192.6 ], [ 4155539.1, 2888171.1 ], [ 4155507.1, 2888162.2 ], [ 4155447.6, 2888183.4 ], [ 4155313.2, 2888170.2 ], [ 4155236.2, 2888175.5 ], [ 4155183.9, 2888195.9 ], [ 4155153.4, 2888220.9 ], [ 4155080.4, 2888313.5 ], [ 4155061.8, 2888356.7 ], [ 4155046.0, 2888449.7 ], [ 4155068.0, 2888537.1 ], [ 4155053.4, 2888553.5 ], [ 4155063.3, 2888576.7 ], [ 4155062.7, 2888615.9 ], [ 4155054.2, 2888636.5 ], [ 4155064.0, 2888691.3 ], [ 4155092.8, 2888742.2 ], [ 4155099.3, 2888818.2 ], [ 4155092.5, 2888831.9 ], [ 4155095.4, 2888885.1 ], [ 4155075.9, 2888883.2 ], [ 4155061.0, 2888893.4 ], [ 4155054.4, 2888942.9 ], [ 4155111.0, 2889022.2 ], [ 4155130.6, 2889092.1 ], [ 4155157.4, 2889114.5 ], [ 4155173.2, 2889201.1 ], [ 4155209.8, 2889293.6 ], [ 4155196.4, 2889310.2 ], [ 4155187.9, 2889382.3 ], [ 4155214.9, 2889453.5 ], [ 4155234.9, 2889464.3 ], [ 4155380.1, 2889598.5 ], [ 4155430.4, 2889655.0 ], [ 4155437.7, 2889676.9 ], [ 4155407.6, 2889691.0 ], [ 4155381.0, 2889678.1 ], [ 4155363.8, 2889691.2 ], [ 4155367.7, 2889729.1 ], [ 4155387.5, 2889749.7 ], [ 4155381.7, 2889779.8 ], [ 4155329.9, 2889818.6 ], [ 4155177.0, 2889669.9 ], [ 4155185.0, 2889641.3 ], [ 4155134.5, 2889563.3 ], [ 4155063.1, 2889574.2 ], [ 4155039.3, 2889624.1 ], [ 4155009.1, 2889603.7 ], [ 4155006.3, 2889572.0 ], [ 4155025.6, 2889530.4 ], [ 4155064.6, 2889486.1 ], [ 4155055.3, 2889461.0 ], [ 4155068.1, 2889446.5 ], [ 4155097.1, 2889446.6 ], [ 4155107.1, 2889428.2 ], [ 4155083.3, 2889376.8 ], [ 4155011.9, 2889360.1 ], [ 4155002.9, 2889320.2 ], [ 4154980.9, 2889294.6 ], [ 4154976.0, 2889260.9 ], [ 4154942.5, 2889236.0 ], [ 4154940.8, 2889165.9 ], [ 4154952.3, 2889151.5 ], [ 4154956.9, 2889103.5 ], [ 4154979.7, 2889073.7 ], [ 4154990.8, 2889034.3 ], [ 4154982.5, 2889015.3 ], [ 4154962.3, 2889008.9 ], [ 4154993.0, 2888869.1 ], [ 4155005.9, 2888851.8 ], [ 4155013.8, 2888792.5 ], [ 4155010.7, 2888745.0 ], [ 4154986.3, 2888731.5 ], [ 4154948.0, 2888759.5 ], [ 4154933.6, 2888733.6 ], [ 4154926.4, 2888673.7 ], [ 4154862.4, 2888629.3 ], [ 4154836.4, 2888635.7 ], [ 4154801.8, 2888618.8 ], [ 4154745.8, 2888611.5 ], [ 4154731.1, 2888598.0 ], [ 4154701.6, 2888598.7 ], [ 4154679.7, 2888616.8 ], [ 4154676.5, 2888634.3 ], [ 4154694.0, 2888650.9 ], [ 4154726.0, 2888647.0 ], [ 4154727.9, 2888665.4 ], [ 4154716.0, 2888687.2 ], [ 4154519.4, 2888727.6 ], [ 4154504.8, 2888738.5 ], [ 4154505.0, 2888760.0 ], [ 4154530.9, 2888790.7 ], [ 4154580.4, 2888769.5 ], [ 4154656.6, 2888759.4 ], [ 4154682.5, 2888779.0 ], [ 4154617.4, 2888788.7 ], [ 4154606.7, 2888815.5 ], [ 4154629.4, 2888844.2 ], [ 4154568.4, 2888851.9 ], [ 4154556.8, 2888866.4 ], [ 4154554.2, 2888898.6 ], [ 4154528.0, 2888898.4 ], [ 4154516.3, 2888906.5 ], [ 4154512.4, 2888923.7 ], [ 4154526.7, 2888963.5 ], [ 4154510.2, 2888962.2 ], [ 4154481.3, 2888942.9 ], [ 4154485.9, 2888923.9 ], [ 4154477.2, 2888904.6 ], [ 4154410.9, 2888848.5 ], [ 4154386.6, 2888815.9 ], [ 4154368.9, 2888812.3 ], [ 4154354.5, 2888823.1 ], [ 4154361.1, 2888891.0 ], [ 4154336.4, 2888970.8 ], [ 4154352.6, 2888993.6 ], [ 4154310.0, 2889064.3 ], [ 4154326.4, 2889085.5 ], [ 4154351.2, 2889152.3 ], [ 4154383.1, 2889190.1 ], [ 4154370.0, 2889214.4 ], [ 4154256.9, 2889268.3 ], [ 4154223.1, 2889273.1 ], [ 4154135.9, 2889246.2 ], [ 4154086.7, 2889244.0 ], [ 4154046.5, 2889272.7 ], [ 4153993.6, 2889290.9 ], [ 4153984.2, 2889304.3 ], [ 4153968.2, 2889393.2 ], [ 4153956.8, 2889410.0 ], [ 4153932.0, 2889411.6 ], [ 4153918.0, 2889427.6 ], [ 4153931.0, 2889523.8 ], [ 4153915.1, 2889523.8 ], [ 4153914.1, 2889483.9 ], [ 4153904.8, 2889468.7 ], [ 4153887.2, 2889465.4 ], [ 4153871.0, 2889474.3 ], [ 4153829.0, 2889431.4 ], [ 4153786.9, 2889406.2 ], [ 4153772.0, 2889414.9 ], [ 4153746.9, 2889460.9 ], [ 4153751.6, 2889477.5 ], [ 4153782.6, 2889498.8 ], [ 4153765.6, 2889531.2 ], [ 4153713.4, 2889499.8 ], [ 4153671.4, 2889463.3 ], [ 4153651.8, 2889460.7 ], [ 4153624.7, 2889480.6 ], [ 4153601.6, 2889531.0 ], [ 4153477.0, 2889614.9 ], [ 4153464.0, 2889654.3 ], [ 4153472.7, 2889693.7 ], [ 4153565.6, 2889885.5 ], [ 4153554.6, 2889916.6 ], [ 4153537.1, 2889916.1 ], [ 4153521.0, 2889930.2 ], [ 4153513.2, 2889962.9 ], [ 4153480.8, 2890019.9 ], [ 4153483.5, 2890047.5 ], [ 4153459.4, 2890045.2 ], [ 4153410.4, 2890061.3 ], [ 4153399.0, 2890077.2 ], [ 4153399.1, 2890093.5 ], [ 4153340.0, 2890126.0 ], [ 4153296.3, 2890162.9 ], [ 4153257.8, 2890232.9 ], [ 4153244.0, 2890239.3 ], [ 4153222.8, 2890231.0 ], [ 4153178.4, 2890251.0 ], [ 4153158.7, 2890280.7 ], [ 4153157.8, 2890320.7 ], [ 4153139.1, 2890317.2 ], [ 4153124.2, 2890327.2 ], [ 4153120.4, 2890345.4 ], [ 4153133.7, 2890391.7 ], [ 4153143.7, 2890402.6 ], [ 4153162.0, 2890403.6 ], [ 4153187.4, 2890463.7 ], [ 4153206.0, 2890556.4 ], [ 4153160.1, 2890528.8 ], [ 4153141.5, 2890475.3 ], [ 4153123.4, 2890472.2 ], [ 4153104.8, 2890452.5 ], [ 4153068.2, 2890442.8 ], [ 4153077.1, 2890411.2 ], [ 4153072.8, 2890373.0 ], [ 4153084.4, 2890295.2 ], [ 4153100.8, 2890290.0 ], [ 4153120.2, 2890260.4 ], [ 4153154.8, 2890232.4 ], [ 4153150.8, 2890208.7 ], [ 4153127.4, 2890199.8 ], [ 4153138.6, 2890180.5 ], [ 4153250.3, 2890104.9 ], [ 4153373.7, 2889983.0 ], [ 4153398.0, 2889948.7 ], [ 4153405.4, 2889914.2 ], [ 4153401.2, 2889900.4 ], [ 4153315.3, 2889871.6 ], [ 4153319.3, 2889837.3 ], [ 4153375.9, 2889863.0 ], [ 4153417.3, 2889895.8 ], [ 4153436.9, 2889889.5 ], [ 4153458.1, 2889853.2 ], [ 4153458.7, 2889812.6 ], [ 4153429.7, 2889733.1 ], [ 4153434.9, 2889664.7 ], [ 4153423.9, 2889615.3 ], [ 4153407.4, 2889601.0 ], [ 4153370.5, 2889599.9 ], [ 4153375.6, 2889548.0 ], [ 4153388.1, 2889519.7 ], [ 4153431.5, 2889465.9 ], [ 4153533.2, 2889394.6 ], [ 4153550.8, 2889371.1 ], [ 4153532.4, 2889329.3 ], [ 4153447.4, 2889273.0 ], [ 4153482.7, 2889206.8 ], [ 4153472.8, 2889180.3 ], [ 4153497.3, 2889120.6 ], [ 4153494.6, 2889103.9 ], [ 4153317.2, 2889030.0 ], [ 4153336.5, 2888967.4 ], [ 4153334.0, 2888950.4 ], [ 4153323.4, 2888941.4 ], [ 4153242.4, 2888920.1 ], [ 4153247.6, 2888895.4 ], [ 4153310.9, 2888913.8 ], [ 4153412.0, 2888925.0 ], [ 4153425.3, 2888910.1 ], [ 4153436.1, 2888867.0 ], [ 4153432.8, 2888853.6 ], [ 4153398.4, 2888830.3 ], [ 4153170.1, 2888781.2 ], [ 4153153.1, 2888784.5 ], [ 4153144.6, 2888795.8 ], [ 4153091.9, 2888773.1 ], [ 4153089.2, 2888747.7 ], [ 4153075.0, 2888736.9 ], [ 4153047.3, 2888741.7 ], [ 4153032.4, 2888777.2 ], [ 4153011.5, 2888774.4 ], [ 4152998.1, 2888785.6 ], [ 4152951.5, 2888763.0 ], [ 4152959.8, 2888744.7 ], [ 4152946.7, 2888725.4 ], [ 4152962.4, 2888695.6 ], [ 4152950.0, 2888674.4 ], [ 4152183.8, 2888459.9 ], [ 4152085.5, 2888453.2 ], [ 4151995.9, 2888465.7 ], [ 4151888.3, 2888489.0 ], [ 4151739.8, 2888544.5 ], [ 4151688.3, 2888581.0 ], [ 4151656.0, 2888627.3 ], [ 4151636.7, 2888690.7 ], [ 4151645.9, 2888754.4 ], [ 4151625.7, 2888801.7 ], [ 4151610.7, 2888813.4 ], [ 4151419.0, 2889082.4 ], [ 4151319.8, 2889136.2 ], [ 4151314.5, 2889153.1 ], [ 4151320.4, 2889195.1 ], [ 4151311.6, 2889226.3 ], [ 4151128.9, 2889401.2 ], [ 4151085.5, 2889505.6 ], [ 4151031.7, 2889559.6 ], [ 4151019.1, 2889582.8 ], [ 4151016.6, 2889611.9 ], [ 4151023.7, 2889634.0 ], [ 4151069.5, 2889708.0 ], [ 4151160.8, 2889790.7 ], [ 4151168.4, 2889862.4 ], [ 4151163.4, 2889967.3 ], [ 4151147.3, 2890007.6 ], [ 4151148.2, 2890027.3 ], [ 4151129.0, 2890032.1 ], [ 4151085.2, 2890089.4 ], [ 4151058.4, 2890137.4 ], [ 4151044.8, 2890192.2 ], [ 4150996.7, 2890244.2 ], [ 4150983.2, 2890272.1 ], [ 4150972.7, 2890327.7 ], [ 4150977.4, 2890406.8 ], [ 4150957.1, 2890472.7 ], [ 4150933.7, 2890502.7 ], [ 4150848.9, 2890534.5 ], [ 4150808.4, 2890596.1 ], [ 4150798.7, 2890630.2 ], [ 4150806.4, 2890681.8 ], [ 4150877.0, 2890839.7 ], [ 4150891.8, 2890903.8 ], [ 4150945.7, 2890975.8 ], [ 4150903.8, 2891086.0 ], [ 4150908.1, 2891156.5 ], [ 4150942.1, 2891265.0 ], [ 4150950.8, 2891324.8 ], [ 4150999.7, 2891455.6 ], [ 4150997.5, 2891482.9 ], [ 4150965.5, 2891516.3 ], [ 4150962.5, 2891534.1 ], [ 4150984.3, 2891641.4 ], [ 4150984.2, 2891698.6 ], [ 4151024.2, 2891750.3 ], [ 4151026.4, 2891764.0 ], [ 4151021.3, 2891776.1 ], [ 4151001.6, 2891778.4 ], [ 4150893.9, 2891700.9 ], [ 4150855.3, 2891682.2 ], [ 4150782.1, 2891681.4 ], [ 4150763.8, 2891694.1 ], [ 4150763.8, 2891715.3 ], [ 4150778.0, 2891726.2 ], [ 4150843.5, 2891740.3 ], [ 4150941.9, 2891812.3 ], [ 4151056.5, 2891931.8 ], [ 4151077.6, 2891970.4 ], [ 4151076.5, 2891990.9 ], [ 4151051.7, 2892044.4 ], [ 4151058.5, 2892071.0 ], [ 4151114.9, 2892147.9 ], [ 4151230.6, 2892267.5 ], [ 4151369.4, 2892360.3 ], [ 4151390.3, 2892456.6 ], [ 4151465.8, 2892564.5 ], [ 4151623.7, 2892638.8 ], [ 4151660.4, 2892675.6 ], [ 4151666.5, 2892814.3 ], [ 4151703.1, 2892948.0 ], [ 4151756.2, 2893027.6 ], [ 4151938.0, 2893185.4 ], [ 4151964.6, 2893223.4 ], [ 4152037.0, 2893359.1 ], [ 4152082.2, 2893492.5 ], [ 4152118.8, 2893531.8 ], [ 4152152.4, 2893589.6 ], [ 4152140.0, 2893648.6 ], [ 4152141.0, 2893681.8 ], [ 4152176.8, 2893731.5 ], [ 4152307.5, 2893865.1 ], [ 4152351.3, 2893900.3 ], [ 4152420.5, 2893931.4 ], [ 4152433.7, 2893948.1 ], [ 4152443.0, 2893988.6 ], [ 4152409.9, 2894101.4 ], [ 4152386.6, 2894273.1 ], [ 4152385.7, 2894501.7 ], [ 4152394.9, 2894551.5 ], [ 4152463.9, 2894602.3 ], [ 4152574.6, 2894743.9 ], [ 4152629.7, 2894795.9 ], [ 4152707.1, 2894853.3 ], [ 4152799.2, 2894946.9 ], [ 4153059.0, 2895139.0 ], [ 4153091.2, 2895175.2 ], [ 4153175.3, 2895323.9 ], [ 4153215.7, 2895367.1 ], [ 4153351.1, 2895425.9 ], [ 4153611.5, 2895561.0 ], [ 4153650.8, 2895594.9 ], [ 4153711.5, 2895678.9 ], [ 4153800.9, 2895737.7 ], [ 4153878.8, 2895803.6 ], [ 4153966.5, 2895994.5 ], [ 4154060.7, 2896122.9 ], [ 4154097.4, 2896186.9 ], [ 4154135.2, 2896280.0 ], [ 4154190.5, 2896476.6 ], [ 4154224.3, 2896564.0 ], [ 4154222.3, 2896641.9 ], [ 4154179.9, 2896788.0 ], [ 4154174.8, 2896842.5 ], [ 4154180.9, 2896883.5 ], [ 4154203.5, 2896920.1 ], [ 4154232.9, 2896948.9 ], [ 4154348.5, 2897029.1 ], [ 4154471.5, 2897081.7 ], [ 4154517.6, 2897112.6 ], [ 4154689.1, 2897309.7 ], [ 4154756.6, 2897303.2 ], [ 4154863.2, 2897362.5 ], [ 4154919.0, 2897331.6 ], [ 4154968.4, 2897321.3 ], [ 4154988.8, 2897355.3 ], [ 4155024.2, 2897455.4 ], [ 4155015.0, 2897465.0 ], [ 4154942.6, 2897473.2 ], [ 4154856.1, 2897521.4 ], [ 4154860.8, 2897598.9 ], [ 4154852.0, 2897629.8 ], [ 4154864.5, 2897642.9 ], [ 4154915.7, 2897661.7 ], [ 4154891.8, 2897726.6 ], [ 4154895.0, 2897750.6 ], [ 4154793.5, 2897715.8 ], [ 4154762.6, 2897719.5 ], [ 4154747.6, 2897729.5 ], [ 4154735.6, 2897745.8 ], [ 4154708.4, 2897832.0 ], [ 4154720.9, 2897862.1 ], [ 4154748.8, 2897877.6 ], [ 4154760.0, 2897908.9 ], [ 4154930.9, 2897962.7 ], [ 4155125.5, 2897965.5 ], [ 4155144.1, 2897949.7 ], [ 4155152.9, 2897876.1 ], [ 4155214.8, 2897903.9 ], [ 4155191.8, 2898004.8 ], [ 4155198.2, 2898021.6 ], [ 4155464.7, 2898209.6 ], [ 4155479.5, 2898211.4 ], [ 4155548.2, 2898184.3 ], [ 4155601.7, 2898172.8 ], [ 4155676.7, 2898165.8 ], [ 4155687.5, 2898151.6 ], [ 4155681.8, 2898131.2 ], [ 4155536.1, 2898025.2 ], [ 4155521.0, 2897821.6 ], [ 4155534.9, 2897799.4 ], [ 4155509.3, 2897668.4 ], [ 4155497.0, 2897652.7 ], [ 4155459.4, 2897641.6 ], [ 4155446.0, 2897617.6 ], [ 4155457.7, 2897594.3 ], [ 4155561.0, 2897567.2 ], [ 4155566.0, 2897550.2 ], [ 4155543.1, 2897473.0 ], [ 4155607.4, 2897442.7 ], [ 4155628.9, 2897492.9 ], [ 4155653.0, 2897508.2 ], [ 4155663.0, 2897527.2 ], [ 4155679.8, 2897532.4 ], [ 4155712.3, 2897524.2 ], [ 4155738.4, 2897561.7 ], [ 4155732.6, 2897604.8 ], [ 4155799.3, 2897662.4 ], [ 4155804.3, 2897782.6 ], [ 4155769.4, 2897799.8 ], [ 4155772.2, 2897826.9 ], [ 4156007.8, 2897996.6 ], [ 4156029.2, 2897993.3 ], [ 4156040.5, 2897973.8 ], [ 4156145.0, 2898007.1 ], [ 4156219.7, 2898040.5 ], [ 4156390.9, 2898218.6 ], [ 4156374.2, 2898287.2 ], [ 4156379.6, 2898311.3 ], [ 4156430.0, 2898352.6 ], [ 4156434.9, 2898376.5 ], [ 4156503.6, 2898464.9 ], [ 4156661.3, 2898523.8 ], [ 4156662.4, 2898552.5 ], [ 4156677.2, 2898571.6 ], [ 4156716.2, 2898581.2 ], [ 4156734.2, 2898560.4 ] ], [ [ 4156498.9, 2897123.8 ], [ 4156490.1, 2897099.7 ], [ 4156509.6, 2897104.4 ], [ 4156498.9, 2897123.8 ] ], [ [ 4155695.6, 2895738.6 ], [ 4155674.4, 2895693.6 ], [ 4155658.7, 2895677.1 ], [ 4155667.3, 2895640.4 ], [ 4155699.0, 2895654.9 ], [ 4155756.6, 2895666.1 ], [ 4155796.1, 2895652.4 ], [ 4155874.5, 2895692.2 ], [ 4155973.1, 2895725.4 ], [ 4156104.3, 2895701.3 ], [ 4156395.0, 2895670.7 ], [ 4156405.9, 2895731.9 ], [ 4156301.7, 2895734.7 ], [ 4156236.6, 2895745.0 ], [ 4156054.9, 2895801.1 ], [ 4156001.8, 2895805.7 ], [ 4155930.6, 2895780.2 ], [ 4155720.3, 2895770.4 ], [ 4155712.3, 2895748.8 ], [ 4155695.6, 2895738.6 ] ], [ [ 4156791.0, 2895657.2 ], [ 4156817.2, 2895637.5 ], [ 4156822.8, 2895624.6 ], [ 4156804.1, 2895590.6 ], [ 4156764.1, 2895569.9 ], [ 4156794.9, 2895548.9 ], [ 4156886.2, 2895576.2 ], [ 4156983.3, 2895573.9 ], [ 4156988.0, 2895610.8 ], [ 4157019.0, 2895620.7 ], [ 4157003.5, 2895635.2 ], [ 4156981.3, 2895637.9 ], [ 4156969.3, 2895658.9 ], [ 4156940.4, 2895640.8 ], [ 4156908.0, 2895633.1 ], [ 4156876.8, 2895650.8 ], [ 4156817.5, 2895653.5 ], [ 4156800.0, 2895663.8 ], [ 4156791.0, 2895657.2 ] ], [ [ 4155453.5, 2895625.1 ], [ 4155394.9, 2895625.8 ], [ 4155328.9, 2895580.9 ], [ 4155324.5, 2895571.3 ], [ 4155352.8, 2895529.6 ], [ 4155355.1, 2895494.8 ], [ 4155375.6, 2895473.2 ], [ 4155420.5, 2895490.7 ], [ 4155441.4, 2895485.7 ], [ 4155486.6, 2895523.5 ], [ 4155496.0, 2895562.2 ], [ 4155474.2, 2895617.2 ], [ 4155453.5, 2895625.1 ] ], [ [ 4155627.3, 2895693.8 ], [ 4155623.5, 2895722.0 ], [ 4155558.8, 2895718.6 ], [ 4155562.1, 2895675.1 ], [ 4155627.3, 2895693.8 ] ], [ [ 4157186.0, 2895209.8 ], [ 4157206.9, 2895197.2 ], [ 4157236.0, 2895246.7 ], [ 4157218.5, 2895256.0 ], [ 4157186.0, 2895209.8 ] ], [ [ 4154602.9, 2894653.2 ], [ 4154663.9, 2894618.0 ], [ 4154699.0, 2894708.7 ], [ 4154638.7, 2894756.3 ], [ 4154607.5, 2894688.1 ], [ 4154602.9, 2894653.2 ] ], [ [ 4154500.1, 2894534.6 ], [ 4154510.6, 2894534.0 ], [ 4154541.0, 2894559.9 ], [ 4154527.4, 2894571.3 ], [ 4154511.0, 2894567.4 ], [ 4154497.5, 2894543.9 ], [ 4154500.1, 2894534.6 ] ], [ [ 4159738.3, 2894078.3 ], [ 4159685.1, 2894045.0 ], [ 4159682.9, 2894026.5 ], [ 4159671.1, 2894017.2 ], [ 4159652.7, 2894019.3 ], [ 4159625.0, 2894051.2 ], [ 4159585.2, 2894043.8 ], [ 4159553.9, 2894021.1 ], [ 4159499.1, 2894012.3 ], [ 4159488.7, 2893987.0 ], [ 4159470.4, 2893978.0 ], [ 4159447.9, 2893987.6 ], [ 4159444.4, 2894025.5 ], [ 4159411.8, 2894017.3 ], [ 4159346.7, 2893969.1 ], [ 4159330.6, 2893974.9 ], [ 4159305.5, 2894001.8 ], [ 4159279.5, 2894008.1 ], [ 4159267.7, 2894019.8 ], [ 4159252.9, 2894012.5 ], [ 4159299.5, 2893923.6 ], [ 4159331.9, 2893946.1 ], [ 4159349.0, 2893945.0 ], [ 4159477.0, 2893819.0 ], [ 4159554.5, 2893865.2 ], [ 4159578.9, 2893858.9 ], [ 4159657.6, 2893665.7 ], [ 4159656.4, 2893651.6 ], [ 4159635.2, 2893631.5 ], [ 4159632.0, 2893614.0 ], [ 4159653.7, 2893588.2 ], [ 4159702.8, 2893601.1 ], [ 4159722.1, 2893587.7 ], [ 4159758.5, 2893581.8 ], [ 4159814.7, 2893600.7 ], [ 4159842.7, 2893574.7 ], [ 4159970.2, 2893643.2 ], [ 4159988.0, 2893641.5 ], [ 4160001.0, 2893625.7 ], [ 4160046.4, 2893701.3 ], [ 4160083.7, 2893726.2 ], [ 4159947.2, 2893894.8 ], [ 4159908.2, 2893872.4 ], [ 4159877.8, 2893837.0 ], [ 4159897.7, 2893811.5 ], [ 4159900.2, 2893792.3 ], [ 4159888.8, 2893767.7 ], [ 4159869.4, 2893760.8 ], [ 4159828.0, 2893800.1 ], [ 4159802.8, 2893858.3 ], [ 4159800.0, 2893895.6 ], [ 4159808.5, 2893911.7 ], [ 4159787.4, 2893962.7 ], [ 4159686.0, 2893904.7 ], [ 4159672.2, 2893905.4 ], [ 4159659.4, 2893916.9 ], [ 4159661.5, 2893945.6 ], [ 4159690.7, 2893970.2 ], [ 4159676.2, 2893999.4 ], [ 4159682.5, 2894016.9 ], [ 4159703.6, 2894022.7 ], [ 4159726.7, 2894004.2 ], [ 4159790.9, 2894040.3 ], [ 4159738.3, 2894078.3 ] ], [ [ 4155711.4, 2893496.7 ], [ 4155748.7, 2893631.1 ], [ 4155789.8, 2893698.2 ], [ 4155949.9, 2893863.1 ], [ 4156033.6, 2893937.9 ], [ 4155936.8, 2893993.6 ], [ 4155851.8, 2893861.1 ], [ 4155734.6, 2893707.5 ], [ 4155654.2, 2893561.4 ], [ 4155670.6, 2893385.8 ], [ 4155709.3, 2893392.5 ], [ 4155711.4, 2893496.7 ] ], [ [ 4152426.3, 2893528.5 ], [ 4152421.9, 2893563.0 ], [ 4152388.8, 2893535.8 ], [ 4152315.2, 2893386.5 ], [ 4152295.5, 2893310.8 ], [ 4152240.5, 2893228.3 ], [ 4152161.3, 2893155.9 ], [ 4152162.2, 2893117.0 ], [ 4152236.6, 2893058.7 ], [ 4152346.9, 2893097.3 ], [ 4152336.8, 2893114.4 ], [ 4152253.5, 2893093.6 ], [ 4152205.3, 2893129.4 ], [ 4152198.5, 2893151.8 ], [ 4152300.4, 2893277.4 ], [ 4152340.8, 2893393.7 ], [ 4152426.3, 2893528.5 ] ], [ [ 4155699.9, 2893127.4 ], [ 4155717.5, 2893113.2 ], [ 4155757.1, 2893148.6 ], [ 4155783.6, 2893146.4 ], [ 4155788.8, 2893160.6 ], [ 4155748.7, 2893209.6 ], [ 4155711.1, 2893291.2 ], [ 4155700.1, 2893264.4 ], [ 4155732.9, 2893187.4 ], [ 4155727.9, 2893161.6 ], [ 4155699.9, 2893127.4 ] ], [ [ 4153792.5, 2892690.7 ], [ 4153789.7, 2892660.3 ], [ 4153811.3, 2892655.7 ], [ 4153819.8, 2892636.7 ], [ 4153792.7, 2892599.3 ], [ 4153791.9, 2892579.1 ], [ 4153797.3, 2892560.2 ], [ 4153821.6, 2892543.5 ], [ 4153850.5, 2892566.1 ], [ 4153868.2, 2892567.9 ], [ 4153883.0, 2892591.0 ], [ 4153884.4, 2892648.0 ], [ 4153906.3, 2892691.7 ], [ 4153866.3, 2892734.2 ], [ 4153792.5, 2892690.7 ] ], [ [ 4152720.7, 2892582.7 ], [ 4152695.1, 2892578.7 ], [ 4152691.3, 2892563.9 ], [ 4152763.8, 2892533.5 ], [ 4152769.4, 2892545.7 ], [ 4152763.1, 2892552.9 ], [ 4152720.7, 2892582.7 ] ], [ [ 4152388.7, 2891807.1 ], [ 4152527.9, 2891658.5 ], [ 4152616.8, 2891509.1 ], [ 4152659.7, 2891451.8 ], [ 4152814.1, 2891335.4 ], [ 4152959.5, 2891242.0 ], [ 4152966.9, 2891195.2 ], [ 4152949.6, 2891142.9 ], [ 4152904.5, 2891060.0 ], [ 4152904.8, 2891021.6 ], [ 4152965.1, 2890895.6 ], [ 4153067.1, 2890778.0 ], [ 4153071.0, 2890661.7 ], [ 4153133.7, 2890666.6 ], [ 4153123.7, 2890719.8 ], [ 4153130.7, 2890778.3 ], [ 4153084.1, 2890845.3 ], [ 4153040.1, 2890889.8 ], [ 4153018.5, 2890932.2 ], [ 4152956.0, 2890972.6 ], [ 4152926.5, 2891037.1 ], [ 4152933.8, 2891073.1 ], [ 4152976.0, 2891166.9 ], [ 4153056.7, 2891318.8 ], [ 4152957.1, 2891324.7 ], [ 4152873.6, 2891403.9 ], [ 4152802.3, 2891423.0 ], [ 4152718.0, 2891480.1 ], [ 4152584.0, 2891689.5 ], [ 4152532.2, 2891723.3 ], [ 4152514.7, 2891712.7 ], [ 4152493.1, 2891722.3 ], [ 4152400.1, 2891831.1 ], [ 4152375.3, 2891897.1 ], [ 4152349.8, 2891915.7 ], [ 4152354.4, 2891962.1 ], [ 4152373.2, 2892002.2 ], [ 4152394.2, 2892142.8 ], [ 4152461.9, 2892240.9 ], [ 4152475.0, 2892358.1 ], [ 4152467.4, 2892400.6 ], [ 4152481.1, 2892434.0 ], [ 4152473.3, 2892435.2 ], [ 4152454.4, 2892435.7 ], [ 4152415.8, 2892399.7 ], [ 4152412.7, 2892390.7 ], [ 4152435.6, 2892372.2 ], [ 4152434.3, 2892344.7 ], [ 4152350.6, 2892109.8 ], [ 4152341.6, 2891940.2 ], [ 4152324.9, 2891897.1 ], [ 4152388.7, 2891807.1 ] ], [ [ 4158353.8, 2891879.1 ], [ 4158410.3, 2891866.7 ], [ 4158441.9, 2891879.8 ], [ 4158513.5, 2891939.3 ], [ 4158523.9, 2891987.6 ], [ 4158554.8, 2891999.3 ], [ 4158515.6, 2892022.7 ], [ 4158491.3, 2892001.6 ], [ 4158449.1, 2891996.8 ], [ 4158433.0, 2892009.9 ], [ 4158433.2, 2892039.1 ], [ 4158376.5, 2892036.6 ], [ 4158332.5, 2891971.0 ], [ 4158289.4, 2891946.4 ], [ 4158353.8, 2891879.1 ] ], [ [ 4158622.8, 2891965.4 ], [ 4158767.2, 2891926.7 ], [ 4158772.4, 2891935.4 ], [ 4158746.1, 2891954.6 ], [ 4158662.1, 2891977.0 ], [ 4158626.3, 2891975.6 ], [ 4158622.8, 2891965.4 ] ], [ [ 4154653.0, 2890933.9 ], [ 4154606.0, 2890932.0 ], [ 4154602.4, 2890924.3 ], [ 4154625.1, 2890887.8 ], [ 4154621.1, 2890846.9 ], [ 4154656.3, 2890834.7 ], [ 4154707.5, 2890945.1 ], [ 4154706.3, 2890961.3 ], [ 4154653.0, 2890933.9 ] ], [ [ 4156127.1, 2890851.3 ], [ 4156090.4, 2890831.8 ], [ 4156024.7, 2890705.9 ], [ 4155993.5, 2890622.7 ], [ 4155990.9, 2890591.0 ], [ 4155912.2, 2890519.1 ], [ 4155877.2, 2890467.4 ], [ 4155857.4, 2890463.9 ], [ 4155822.0, 2890429.6 ], [ 4155748.9, 2890383.1 ], [ 4155758.5, 2890363.1 ], [ 4155810.3, 2890382.5 ], [ 4155839.7, 2890361.9 ], [ 4155881.5, 2890406.8 ], [ 4155900.5, 2890443.8 ], [ 4155916.2, 2890453.4 ], [ 4155988.9, 2890545.7 ], [ 4155995.3, 2890593.0 ], [ 4156020.7, 2890624.8 ], [ 4156053.7, 2890699.9 ], [ 4156085.6, 2890727.3 ], [ 4156102.6, 2890786.0 ], [ 4156151.3, 2890816.6 ], [ 4156177.2, 2890851.3 ], [ 4156199.8, 2890867.5 ], [ 4156192.1, 2890891.8 ], [ 4156139.0, 2890897.3 ], [ 4156123.0, 2890875.1 ], [ 4156127.1, 2890851.3 ] ], [ [ 4158625.0, 2890370.7 ], [ 4158639.7, 2890347.6 ], [ 4158726.8, 2890378.7 ], [ 4158820.8, 2890279.5 ], [ 4158869.3, 2890302.4 ], [ 4158799.3, 2890381.8 ], [ 4158794.1, 2890399.6 ], [ 4158710.6, 2890404.6 ], [ 4158625.0, 2890370.7 ] ], [ [ 4155648.2, 2890307.6 ], [ 4155567.7, 2890233.0 ], [ 4155563.4, 2890184.4 ], [ 4155531.4, 2890130.9 ], [ 4155592.1, 2890109.2 ], [ 4155613.5, 2890175.0 ], [ 4155611.3, 2890205.6 ], [ 4155660.3, 2890290.9 ], [ 4155648.2, 2890307.6 ] ], [ [ 4158612.0, 2890152.9 ], [ 4158600.8, 2890053.1 ], [ 4158553.2, 2890016.8 ], [ 4158554.0, 2889998.1 ], [ 4158701.2, 2890053.2 ], [ 4158696.4, 2890069.0 ], [ 4158704.2, 2890084.2 ], [ 4158787.4, 2890118.3 ], [ 4158778.0, 2890137.1 ], [ 4158741.9, 2890124.0 ], [ 4158723.1, 2890132.9 ], [ 4158720.4, 2890207.7 ], [ 4158612.0, 2890152.9 ] ], [ [ 4155542.1, 2890009.1 ], [ 4155513.0, 2890009.1 ], [ 4155498.3, 2890032.0 ], [ 4155476.7, 2890029.9 ], [ 4155411.9, 2889911.5 ], [ 4155413.2, 2889856.5 ], [ 4155452.5, 2889834.6 ], [ 4155469.8, 2889898.9 ], [ 4155483.7, 2889910.0 ], [ 4155501.0, 2889910.0 ], [ 4155513.9, 2889963.5 ], [ 4155543.3, 2889987.0 ], [ 4155542.1, 2890009.1 ] ], [ [ 4154720.7, 2889833.0 ], [ 4154622.5, 2889950.0 ], [ 4154588.9, 2890065.1 ], [ 4154570.3, 2890075.6 ], [ 4154585.9, 2889962.4 ], [ 4154600.8, 2889921.3 ], [ 4154697.9, 2889816.4 ], [ 4154708.3, 2889817.8 ], [ 4154720.7, 2889833.0 ] ], [ [ 4155121.1, 2889942.1 ], [ 4155154.0, 2889943.6 ], [ 4155169.4, 2889969.6 ], [ 4155172.0, 2889996.2 ], [ 4155129.0, 2890005.0 ], [ 4155115.3, 2890015.0 ], [ 4155124.9, 2889983.0 ], [ 4155121.1, 2889942.1 ] ], [ [ 4154513.9, 2890107.3 ], [ 4154529.0, 2890138.7 ], [ 4154468.6, 2890189.6 ], [ 4154448.3, 2890221.7 ], [ 4154425.9, 2890287.1 ], [ 4154434.0, 2890359.2 ], [ 4154484.4, 2890459.3 ], [ 4154486.3, 2890481.4 ], [ 4154419.8, 2890410.4 ], [ 4154416.6, 2890361.6 ], [ 4154400.3, 2890303.6 ], [ 4154420.5, 2890287.2 ], [ 4154414.7, 2890247.4 ], [ 4154429.3, 2890199.8 ], [ 4154446.1, 2890171.3 ], [ 4154513.9, 2890107.3 ] ], [ [ 4155321.9, 2890317.3 ], [ 4155411.9, 2890284.5 ], [ 4155416.8, 2890296.1 ], [ 4155389.1, 2890316.1 ], [ 4155317.3, 2890345.9 ], [ 4155305.9, 2890342.3 ], [ 4155321.9, 2890317.3 ] ], [ [ 4152878.6, 2890612.8 ], [ 4152861.5, 2890604.7 ], [ 4152860.6, 2890588.9 ], [ 4152873.4, 2890571.4 ], [ 4152890.1, 2890578.4 ], [ 4152896.6, 2890592.7 ], [ 4152894.9, 2890607.6 ], [ 4152878.6, 2890612.8 ] ], [ [ 4154616.9, 2890790.6 ], [ 4154607.6, 2890786.3 ], [ 4154585.1, 2890723.9 ], [ 4154605.4, 2890712.8 ], [ 4154614.8, 2890713.1 ], [ 4154633.3, 2890768.8 ], [ 4154635.2, 2890782.0 ], [ 4154616.9, 2890790.6 ] ], [ [ 4152594.4, 2890264.9 ], [ 4152622.8, 2890261.3 ], [ 4152632.0, 2890270.3 ], [ 4152642.1, 2890335.0 ], [ 4152655.7, 2890353.8 ], [ 4152643.4, 2890363.9 ], [ 4152598.3, 2890296.2 ], [ 4152594.4, 2890264.9 ] ], [ [ 4151944.2, 2890173.1 ], [ 4151969.6, 2890148.1 ], [ 4152041.9, 2890229.9 ], [ 4152023.5, 2890250.8 ], [ 4151944.2, 2890173.1 ] ], [ [ 4152544.7, 2889913.6 ], [ 4152451.9, 2889904.0 ], [ 4152390.9, 2889909.3 ], [ 4152390.7, 2889901.9 ], [ 4152400.0, 2889887.3 ], [ 4152494.2, 2889866.1 ], [ 4152506.9, 2889884.1 ], [ 4152553.9, 2889897.1 ], [ 4152544.7, 2889913.6 ] ], [ [ 4152266.0, 2889018.3 ], [ 4152293.8, 2889011.8 ], [ 4152478.2, 2889283.2 ], [ 4152480.1, 2889313.8 ], [ 4152501.4, 2889346.7 ], [ 4152540.0, 2889372.7 ], [ 4152586.2, 2889454.3 ], [ 4152574.0, 2889476.8 ], [ 4152266.0, 2889018.3 ] ], [ [ 4154778.8, 2889642.7 ], [ 4154822.4, 2889597.2 ], [ 4154842.0, 2889611.1 ], [ 4154854.3, 2889637.7 ], [ 4154848.3, 2889671.1 ], [ 4154805.3, 2889690.4 ], [ 4154771.8, 2889674.2 ], [ 4154778.8, 2889642.7 ] ], [ [ 4158257.3, 2888697.9 ], [ 4158273.3, 2888686.2 ], [ 4158294.1, 2888684.1 ], [ 4158291.5, 2888702.9 ], [ 4158222.5, 2888792.3 ], [ 4158187.6, 2888787.6 ], [ 4158100.5, 2888807.2 ], [ 4158082.4, 2888763.9 ], [ 4158110.1, 2888744.2 ], [ 4158257.3, 2888697.9 ] ], [ [ 4158692.0, 2894406.2 ], [ 4158819.4, 2894424.5 ], [ 4158835.0, 2894469.0 ], [ 4158771.1, 2894491.4 ], [ 4158703.7, 2894478.9 ], [ 4158649.5, 2894398.9 ], [ 4158649.7, 2894385.2 ], [ 4158661.0, 2894378.9 ], [ 4158692.0, 2894406.2 ] ], [ [ 4157958.4, 2895375.4 ], [ 4157991.3, 2895376.0 ], [ 4158005.6, 2895388.6 ], [ 4158017.3, 2895408.2 ], [ 4158004.2, 2895430.5 ], [ 4157944.8, 2895399.6 ], [ 4157958.4, 2895375.4 ] ], [ [ 4157439.2, 2896908.5 ], [ 4157455.1, 2896902.9 ], [ 4157462.4, 2896911.2 ], [ 4157448.8, 2896946.5 ], [ 4157419.0, 2896962.4 ], [ 4157390.6, 2896943.8 ], [ 4157387.6, 2896923.5 ], [ 4157409.0, 2896901.4 ], [ 4157439.2, 2896908.5 ] ] ] } },
{ "type": "Feature", "properties": { "id": "forest_70682", "state": "Rheinland-Pfalz", "area_ha": 13142.55, "unfragmented": true, "image": "forest_70682.webp", "real_width_m": 17729.3, "real_height_m": 15401.8, "pixel_width": 1772, "pixel_height": 1540, "centroid_x": 4172434.4, "centroid_y": 2910077.7 }, "geometry": { "type": "Polygon", "coordinates": [ [ [ 4175624.4, 2916434.9 ], [ 4175644.2, 2916425.2 ], [ 4175652.4, 2916464.8 ], [ 4175663.4, 2916477.7 ], [ 4175694.2, 2916477.0 ], [ 4175706.7, 2916466.6 ], [ 4175702.0, 2916359.5 ], [ 4175738.3, 2916357.6 ], [ 4175752.1, 2916340.7 ], [ 4175741.6, 2916203.6 ], [ 4175815.1, 2916075.3 ], [ 4175845.9, 2916040.3 ], [ 4175922.6, 2916014.8 ], [ 4175945.2, 2915999.0 ], [ 4176050.5, 2915979.2 ], [ 4176090.9, 2915953.2 ], [ 4176146.9, 2915859.1 ], [ 4176189.3, 2915820.5 ], [ 4176389.8, 2915758.1 ], [ 4176582.9, 2915654.2 ], [ 4176677.9, 2915580.8 ], [ 4176730.2, 2915562.0 ], [ 4176839.3, 2915543.8 ], [ 4177101.7, 2915392.6 ], [ 4177125.3, 2915366.9 ], [ 4177194.1, 2915213.7 ], [ 4177397.2, 2915045.8 ], [ 4177419.7, 2915010.5 ], [ 4177425.3, 2914983.4 ], [ 4177420.7, 2914764.3 ], [ 4177382.6, 2914633.1 ], [ 4177325.6, 2914540.4 ], [ 4177303.5, 2914488.4 ], [ 4177341.0, 2914071.4 ], [ 4177337.1, 2913975.9 ], [ 4177348.2, 2913927.9 ], [ 4177446.9, 2913823.7 ], [ 4177499.1, 2913780.3 ], [ 4177556.5, 2913758.2 ], [ 4177753.2, 2913720.1 ], [ 4177884.0, 2913602.8 ], [ 4178026.0, 2913535.2 ], [ 4178118.1, 2913464.5 ], [ 4178158.8, 2913401.0 ], [ 4178224.7, 2913321.1 ], [ 4178243.4, 2913330.2 ], [ 4178237.4, 2913392.1 ], [ 4178243.3, 2913425.0 ], [ 4178267.2, 2913453.6 ], [ 4178304.1, 2913477.1 ], [ 4178386.2, 2913494.9 ], [ 4178605.4, 2913518.3 ], [ 4178669.4, 2913538.1 ], [ 4178660.8, 2913558.7 ], [ 4178577.0, 2913582.3 ], [ 4178346.9, 2913683.7 ], [ 4178189.4, 2913697.8 ], [ 4178117.2, 2913752.8 ], [ 4178124.1, 2913776.3 ], [ 4178364.6, 2913970.7 ], [ 4178426.2, 2914006.9 ], [ 4178477.0, 2914023.2 ], [ 4178532.4, 2914030.6 ], [ 4178601.9, 2914025.2 ], [ 4178776.3, 2913976.7 ], [ 4178936.9, 2913964.1 ], [ 4179086.8, 2913936.2 ], [ 4179161.4, 2913956.4 ], [ 4179192.4, 2913955.2 ], [ 4179356.3, 2913905.1 ], [ 4179508.8, 2913944.6 ], [ 4179599.5, 2913950.2 ], [ 4179682.3, 2913939.6 ], [ 4179728.9, 2913928.7 ], [ 4179869.8, 2913855.5 ], [ 4179893.9, 2913826.0 ], [ 4179924.7, 2913741.0 ], [ 4179935.9, 2913735.0 ], [ 4180015.0, 2913746.6 ], [ 4180074.6, 2913746.5 ], [ 4180246.8, 2913812.6 ], [ 4180271.5, 2913812.3 ], [ 4180290.6, 2913798.7 ], [ 4180330.7, 2913613.9 ], [ 4180333.2, 2913517.2 ], [ 4180275.6, 2913399.0 ], [ 4180257.5, 2913294.0 ], [ 4180173.2, 2913145.6 ], [ 4180155.7, 2913100.0 ], [ 4180147.4, 2913040.5 ], [ 4180150.8, 2912960.7 ], [ 4180136.7, 2912855.5 ], [ 4180138.3, 2912739.1 ], [ 4180122.1, 2912725.9 ], [ 4180074.7, 2912726.1 ], [ 4180060.8, 2912694.7 ], [ 4180033.9, 2912691.2 ], [ 4180021.4, 2912589.9 ], [ 4180032.3, 2912527.3 ], [ 4180002.0, 2912492.2 ], [ 4180001.3, 2912475.2 ], [ 4180053.3, 2912314.9 ], [ 4180111.5, 2912277.6 ], [ 4180369.2, 2912173.3 ], [ 4180551.6, 2912138.8 ], [ 4180568.2, 2912150.1 ], [ 4180602.3, 2912148.7 ], [ 4180617.2, 2912168.9 ], [ 4180630.7, 2912173.8 ], [ 4180713.0, 2912149.6 ], [ 4180723.4, 2912135.7 ], [ 4180721.3, 2912119.8 ], [ 4180785.5, 2912110.1 ], [ 4180815.2, 2912114.1 ], [ 4180895.0, 2912097.7 ], [ 4180951.1, 2912097.0 ], [ 4181082.3, 2912136.0 ], [ 4181150.2, 2912143.1 ], [ 4181239.6, 2912128.4 ], [ 4181285.5, 2912111.2 ], [ 4181439.4, 2912037.9 ], [ 4181535.0, 2911944.6 ], [ 4181591.2, 2911901.3 ], [ 4181666.6, 2911868.0 ], [ 4181742.3, 2911845.6 ], [ 4181855.6, 2911737.0 ], [ 4181968.4, 2911691.4 ], [ 4181972.9, 2911673.7 ], [ 4181955.6, 2911626.0 ], [ 4182026.2, 2911592.4 ], [ 4182070.3, 2911560.9 ], [ 4182077.2, 2911540.7 ], [ 4182067.0, 2911525.9 ], [ 4182049.2, 2911523.6 ], [ 4181986.1, 2911562.9 ], [ 4181884.7, 2911610.8 ], [ 4181860.4, 2911606.9 ], [ 4181865.6, 2911535.9 ], [ 4181893.4, 2911513.4 ], [ 4181899.1, 2911494.9 ], [ 4181941.4, 2911488.6 ], [ 4181953.4, 2911471.8 ], [ 4181915.4, 2911315.0 ], [ 4181931.2, 2911312.5 ], [ 4181963.4, 2911410.4 ], [ 4181980.4, 2911414.5 ], [ 4182011.9, 2911404.6 ], [ 4182022.4, 2911390.7 ], [ 4182018.5, 2911370.6 ], [ 4182040.0, 2911362.6 ], [ 4182075.9, 2911445.0 ], [ 4182098.1, 2911454.8 ], [ 4182168.0, 2911398.1 ], [ 4182170.5, 2911381.4 ], [ 4182158.1, 2911363.4 ], [ 4182172.4, 2911344.3 ], [ 4182238.4, 2911384.2 ], [ 4182255.5, 2911383.6 ], [ 4182267.1, 2911373.0 ], [ 4182269.2, 2911358.7 ], [ 4182260.0, 2911344.4 ], [ 4182276.4, 2911320.0 ], [ 4182275.1, 2911303.2 ], [ 4182291.3, 2911260.1 ], [ 4182231.8, 2911200.2 ], [ 4182259.9, 2911174.6 ], [ 4182280.6, 2911209.9 ], [ 4182332.1, 2911236.7 ], [ 4182345.4, 2911229.8 ], [ 4182357.0, 2911207.5 ], [ 4182353.1, 2911193.6 ], [ 4182335.4, 2911179.4 ], [ 4182370.4, 2911152.1 ], [ 4182389.6, 2911185.8 ], [ 4182413.0, 2911182.2 ], [ 4182454.0, 2911193.4 ], [ 4182453.0, 2911220.5 ], [ 4182475.4, 2911230.1 ], [ 4182492.2, 2911215.9 ], [ 4182503.7, 2911168.2 ], [ 4182532.4, 2911170.4 ], [ 4182576.9, 2911145.0 ], [ 4182589.0, 2911159.6 ], [ 4182607.3, 2911160.1 ], [ 4182637.3, 2911203.4 ], [ 4182574.4, 2911228.7 ], [ 4182572.8, 2911257.2 ], [ 4182591.8, 2911272.0 ], [ 4182659.1, 2911253.8 ], [ 4182689.3, 2911230.4 ], [ 4182723.6, 2911230.4 ], [ 4182734.9, 2911204.4 ], [ 4182756.0, 2911191.4 ], [ 4182760.5, 2911162.4 ], [ 4182748.0, 2911144.4 ], [ 4182714.5, 2911151.9 ], [ 4182699.2, 2911136.3 ], [ 4182618.3, 2911117.0 ], [ 4182574.1, 2911088.8 ], [ 4182532.7, 2911107.7 ], [ 4182502.1, 2911109.1 ], [ 4182480.6, 2911095.4 ], [ 4182430.0, 2911035.5 ], [ 4182363.6, 2911030.6 ], [ 4182247.0, 2910955.0 ], [ 4182140.1, 2910913.6 ], [ 4182119.4, 2910894.6 ], [ 4182116.9, 2910870.0 ], [ 4182138.1, 2910831.4 ], [ 4182187.7, 2910777.1 ], [ 4182189.7, 2910755.3 ], [ 4182173.4, 2910740.7 ], [ 4182085.6, 2910702.6 ], [ 4182047.3, 2910667.8 ], [ 4182041.9, 2910650.2 ], [ 4182052.3, 2910632.3 ], [ 4182125.6, 2910624.9 ], [ 4182154.3, 2910608.8 ], [ 4182194.7, 2910531.3 ], [ 4182210.0, 2910519.6 ], [ 4182303.0, 2910504.2 ], [ 4182393.4, 2910469.9 ], [ 4182503.2, 2910463.9 ], [ 4182546.6, 2910445.2 ], [ 4182593.6, 2910407.0 ], [ 4182648.7, 2910339.2 ], [ 4182651.8, 2910308.1 ], [ 4182603.6, 2910238.5 ], [ 4182598.2, 2910146.7 ], [ 4182622.9, 2909999.1 ], [ 4182597.1, 2909896.3 ], [ 4182583.7, 2909773.4 ], [ 4182567.5, 2909758.6 ], [ 4182548.3, 2909763.4 ], [ 4182527.7, 2909740.0 ], [ 4182500.3, 2909751.5 ], [ 4182460.0, 2909706.9 ], [ 4182539.8, 2909585.5 ], [ 4182550.1, 2909553.2 ], [ 4182533.0, 2909536.7 ], [ 4182417.4, 2909516.6 ], [ 4182240.5, 2909552.4 ], [ 4182228.7, 2909564.5 ], [ 4182228.5, 2909590.0 ], [ 4182203.0, 2909595.1 ], [ 4182193.0, 2909605.8 ], [ 4182194.3, 2909649.0 ], [ 4182142.9, 2909661.5 ], [ 4182077.2, 2909713.4 ], [ 4182054.6, 2909706.4 ], [ 4182057.7, 2909612.6 ], [ 4182045.4, 2909595.2 ], [ 4181853.0, 2909602.4 ], [ 4181838.3, 2909613.6 ], [ 4181833.7, 2909636.8 ], [ 4181809.8, 2909633.2 ], [ 4181794.5, 2909618.3 ], [ 4181779.9, 2909619.3 ], [ 4181623.0, 2909707.6 ], [ 4181489.4, 2909746.7 ], [ 4181388.6, 2909765.9 ], [ 4181196.4, 2909853.7 ], [ 4181089.0, 2909908.7 ], [ 4180887.2, 2910031.5 ], [ 4180749.9, 2910168.3 ], [ 4180614.7, 2910357.3 ], [ 4180333.6, 2910608.3 ], [ 4180276.2, 2910646.9 ], [ 4180213.7, 2910716.4 ], [ 4180164.9, 2910796.5 ], [ 4180135.6, 2910823.0 ], [ 4180097.9, 2910836.5 ], [ 4179940.2, 2910850.2 ], [ 4179758.2, 2910952.2 ], [ 4179709.1, 2910962.0 ], [ 4179628.6, 2910962.7 ], [ 4179616.5, 2910974.2 ], [ 4179580.3, 2911065.5 ], [ 4179535.7, 2911050.8 ], [ 4179542.8, 2911022.9 ], [ 4179570.0, 2910998.6 ], [ 4179568.9, 2910968.5 ], [ 4179552.5, 2910959.8 ], [ 4179511.2, 2910964.7 ], [ 4179219.9, 2911051.1 ], [ 4178826.1, 2911195.3 ], [ 4178785.7, 2911216.1 ], [ 4178761.6, 2911239.4 ], [ 4178735.0, 2911285.3 ], [ 4178709.4, 2911361.5 ], [ 4178668.0, 2911428.4 ], [ 4178628.8, 2911479.9 ], [ 4178551.4, 2911550.3 ], [ 4178538.6, 2911543.5 ], [ 4178530.8, 2911520.8 ], [ 4178518.8, 2911321.0 ], [ 4178499.2, 2911302.3 ], [ 4178431.3, 2911328.0 ], [ 4178320.8, 2911386.6 ], [ 4178182.1, 2911478.1 ], [ 4178104.7, 2911485.7 ], [ 4178057.7, 2911459.4 ], [ 4178039.8, 2911458.6 ], [ 4178025.8, 2911478.4 ], [ 4178036.9, 2911511.5 ], [ 4178059.4, 2911541.5 ], [ 4178127.0, 2911592.3 ], [ 4178137.7, 2911618.2 ], [ 4178122.6, 2911653.1 ], [ 4178037.0, 2911747.5 ], [ 4178007.7, 2911739.0 ], [ 4177974.0, 2911680.9 ], [ 4177942.7, 2911659.6 ], [ 4177843.7, 2911646.9 ], [ 4177676.5, 2911573.5 ], [ 4177550.2, 2911541.0 ], [ 4177474.0, 2911533.1 ], [ 4177425.4, 2911541.5 ], [ 4177300.9, 2911591.1 ], [ 4177245.7, 2911646.6 ], [ 4177215.2, 2911651.7 ], [ 4177185.8, 2911641.8 ], [ 4177073.5, 2911569.3 ], [ 4176978.7, 2911565.6 ], [ 4176770.6, 2911581.3 ], [ 4176746.9, 2911571.0 ], [ 4176688.3, 2911513.9 ], [ 4176611.6, 2911478.6 ], [ 4176499.6, 2911449.3 ], [ 4176464.3, 2911461.7 ], [ 4176466.5, 2911431.7 ], [ 4176444.3, 2911391.2 ], [ 4176459.0, 2911379.2 ], [ 4176525.1, 2911435.0 ], [ 4176565.8, 2911426.1 ], [ 4176583.8, 2911405.5 ], [ 4176583.4, 2911367.9 ], [ 4176545.3, 2911231.8 ], [ 4176543.1, 2911196.2 ], [ 4176555.7, 2911164.8 ], [ 4176572.6, 2911154.4 ], [ 4176591.1, 2911154.9 ], [ 4176648.6, 2911175.1 ], [ 4176668.5, 2911156.2 ], [ 4176665.6, 2911142.0 ], [ 4176640.3, 2911112.5 ], [ 4176537.7, 2911054.0 ], [ 4176514.5, 2911020.7 ], [ 4176506.5, 2910984.4 ], [ 4176505.8, 2910926.1 ], [ 4176551.2, 2910728.3 ], [ 4176618.9, 2910602.4 ], [ 4176608.9, 2910540.1 ], [ 4176528.2, 2910243.8 ], [ 4176540.8, 2910188.5 ], [ 4176580.2, 2910091.8 ], [ 4176640.0, 2909992.1 ], [ 4176840.9, 2909779.8 ], [ 4176883.7, 2909687.2 ], [ 4176914.2, 2909642.8 ], [ 4177078.2, 2909575.8 ], [ 4177131.5, 2909545.9 ], [ 4177217.5, 2909454.6 ], [ 4177258.2, 2909394.7 ], [ 4177303.7, 2909219.0 ], [ 4177343.4, 2908979.2 ], [ 4177374.0, 2908921.9 ], [ 4177453.5, 2908824.8 ], [ 4177503.8, 2908746.6 ], [ 4177573.2, 2908668.1 ], [ 4177606.8, 2908602.2 ], [ 4177623.7, 2908534.7 ], [ 4177621.5, 2908519.9 ], [ 4177573.7, 2908453.2 ], [ 4177464.5, 2908413.1 ], [ 4177420.3, 2908410.3 ], [ 4177413.7, 2908370.8 ], [ 4177418.3, 2908357.2 ], [ 4177436.9, 2908334.6 ], [ 4177552.1, 2908279.1 ], [ 4177629.5, 2908194.3 ], [ 4177649.3, 2908200.8 ], [ 4177675.6, 2908238.2 ], [ 4177692.1, 2908245.4 ], [ 4177789.7, 2908227.1 ], [ 4177803.4, 2908218.4 ], [ 4177899.0, 2908236.9 ], [ 4177959.9, 2908238.7 ], [ 4178118.4, 2908213.1 ], [ 4178129.7, 2908204.3 ], [ 4178132.5, 2908186.8 ], [ 4178121.5, 2908172.9 ], [ 4178013.0, 2908126.3 ], [ 4177767.9, 2908119.7 ], [ 4177697.0, 2908094.9 ], [ 4177596.3, 2908011.5 ], [ 4177566.6, 2908004.7 ], [ 4177536.1, 2908026.6 ], [ 4177522.3, 2908057.1 ], [ 4177505.3, 2908186.0 ], [ 4177487.7, 2908199.0 ], [ 4177265.3, 2908286.4 ], [ 4177137.8, 2908364.0 ], [ 4177124.0, 2908383.4 ], [ 4177104.0, 2908485.7 ], [ 4177016.4, 2908576.8 ], [ 4176977.3, 2908655.4 ], [ 4176961.9, 2908670.3 ], [ 4176935.7, 2908672.7 ], [ 4176888.8, 2908658.1 ], [ 4176789.5, 2908584.5 ], [ 4176619.9, 2908493.8 ], [ 4176544.3, 2908472.1 ], [ 4176451.2, 2908470.2 ], [ 4176428.8, 2908479.4 ], [ 4176414.7, 2908502.8 ], [ 4176362.1, 2908748.6 ], [ 4176346.5, 2908774.9 ], [ 4176332.1, 2908776.7 ], [ 4176282.0, 2908701.3 ], [ 4176232.0, 2908570.3 ], [ 4176148.9, 2908417.6 ], [ 4176126.1, 2908402.0 ], [ 4176090.6, 2908399.8 ], [ 4175922.7, 2908428.9 ], [ 4175801.3, 2908503.5 ], [ 4175620.2, 2908684.8 ], [ 4175608.0, 2908724.7 ], [ 4175622.7, 2908771.4 ], [ 4175611.2, 2908837.4 ], [ 4175570.4, 2908798.6 ], [ 4175516.2, 2908710.0 ], [ 4175491.5, 2908705.4 ], [ 4175475.8, 2908713.6 ], [ 4175471.3, 2908686.1 ], [ 4175501.3, 2908679.8 ], [ 4175566.3, 2908683.5 ], [ 4175580.9, 2908675.9 ], [ 4175629.6, 2908594.5 ], [ 4175637.4, 2908556.8 ], [ 4175668.1, 2908511.1 ], [ 4175684.7, 2908455.2 ], [ 4175788.2, 2908386.2 ], [ 4175865.6, 2908320.9 ], [ 4175873.1, 2908305.9 ], [ 4175871.4, 2908272.4 ], [ 4175916.5, 2908245.3 ], [ 4175924.9, 2908271.2 ], [ 4175936.1, 2908279.7 ], [ 4176003.3, 2908271.3 ], [ 4176041.6, 2908255.7 ], [ 4176052.6, 2908282.4 ], [ 4176076.3, 2908287.0 ], [ 4176091.7, 2908268.6 ], [ 4176084.4, 2908238.9 ], [ 4176185.3, 2908197.9 ], [ 4176202.4, 2908179.6 ], [ 4176230.0, 2908121.0 ], [ 4176222.4, 2908104.4 ], [ 4176170.1, 2908072.5 ], [ 4176213.6, 2908009.6 ], [ 4176217.6, 2907980.3 ], [ 4176209.7, 2907920.0 ], [ 4176148.2, 2907804.7 ], [ 4176131.9, 2907750.3 ], [ 4176130.8, 2907716.9 ], [ 4176073.4, 2907617.7 ], [ 4176072.7, 2907596.9 ], [ 4176046.7, 2907567.2 ], [ 4176018.4, 2907553.9 ], [ 4175960.3, 2907550.0 ], [ 4175942.8, 2907562.8 ], [ 4175928.5, 2907563.0 ], [ 4175891.0, 2907546.6 ], [ 4175813.8, 2907562.4 ], [ 4175801.0, 2907574.0 ], [ 4175799.4, 2907592.6 ], [ 4175698.8, 2907611.3 ], [ 4175593.6, 2907649.9 ], [ 4175556.2, 2907699.6 ], [ 4175534.0, 2907700.2 ], [ 4175475.2, 2907665.8 ], [ 4175456.3, 2907649.1 ], [ 4175456.5, 2907625.5 ], [ 4175441.1, 2907611.8 ], [ 4175339.7, 2907634.0 ], [ 4175177.0, 2907692.0 ], [ 4175167.2, 2907711.3 ], [ 4175181.9, 2907750.6 ], [ 4175165.6, 2907765.8 ], [ 4175168.6, 2907787.3 ], [ 4174995.4, 2907866.1 ], [ 4174988.7, 2907858.1 ], [ 4174994.6, 2907839.9 ], [ 4174988.5, 2907786.5 ], [ 4175022.9, 2907713.4 ], [ 4175021.6, 2907693.9 ], [ 4174988.2, 2907664.2 ], [ 4174935.9, 2907638.0 ], [ 4174918.4, 2907639.2 ], [ 4174906.9, 2907654.2 ], [ 4174862.1, 2907618.7 ], [ 4174843.4, 2907575.2 ], [ 4174849.8, 2907554.5 ], [ 4174870.2, 2907537.4 ], [ 4174917.0, 2907556.2 ], [ 4174920.8, 2907584.9 ], [ 4174957.6, 2907601.6 ], [ 4174975.1, 2907597.5 ], [ 4174986.6, 2907578.1 ], [ 4175050.4, 2907589.1 ], [ 4175070.7, 2907603.7 ], [ 4175147.7, 2907586.0 ], [ 4175165.9, 2907588.4 ], [ 4175188.0, 2907575.3 ], [ 4175192.7, 2907555.0 ], [ 4175213.9, 2907581.6 ], [ 4175231.4, 2907584.8 ], [ 4175255.4, 2907567.9 ], [ 4175255.7, 2907546.5 ], [ 4175280.6, 2907531.8 ], [ 4175304.2, 2907534.7 ], [ 4175386.7, 2907485.6 ], [ 4175387.9, 2907464.5 ], [ 4175361.8, 2907426.5 ], [ 4175388.4, 2907399.7 ], [ 4175395.1, 2907356.8 ], [ 4175459.3, 2907359.9 ], [ 4175474.6, 2907344.6 ], [ 4175588.6, 2907319.2 ], [ 4175595.9, 2907339.3 ], [ 4175611.1, 2907348.3 ], [ 4175661.6, 2907331.2 ], [ 4175678.7, 2907375.2 ], [ 4175690.1, 2907384.7 ], [ 4175704.8, 2907384.8 ], [ 4175740.3, 2907365.6 ], [ 4175753.2, 2907381.8 ], [ 4175767.2, 2907384.7 ], [ 4175782.4, 2907375.4 ], [ 4175824.0, 2907302.3 ], [ 4175812.8, 2907138.4 ], [ 4175786.8, 2907053.1 ], [ 4175757.8, 2907029.1 ], [ 4175750.4, 2907002.7 ], [ 4175696.7, 2906977.1 ], [ 4175694.8, 2906962.8 ], [ 4175681.9, 2906951.7 ], [ 4175507.7, 2906927.0 ], [ 4175453.8, 2906910.6 ], [ 4175411.9, 2906887.3 ], [ 4175420.1, 2906861.5 ], [ 4175408.1, 2906844.0 ], [ 4175354.7, 2906828.8 ], [ 4175320.9, 2906831.9 ], [ 4175294.8, 2906819.4 ], [ 4175274.3, 2906831.2 ], [ 4175262.4, 2906822.2 ], [ 4175263.6, 2906798.5 ], [ 4175249.6, 2906787.0 ], [ 4175231.8, 2906789.9 ], [ 4175223.0, 2906801.6 ], [ 4175223.2, 2906816.4 ], [ 4175236.4, 2906831.6 ], [ 4175204.3, 2906841.0 ], [ 4175169.5, 2906870.1 ], [ 4175159.2, 2906854.9 ], [ 4175177.1, 2906826.2 ], [ 4175177.8, 2906808.5 ], [ 4175154.8, 2906794.4 ], [ 4175149.5, 2906771.3 ], [ 4175114.2, 2906725.4 ], [ 4175141.3, 2906694.6 ], [ 4175201.8, 2906715.7 ], [ 4175243.2, 2906717.6 ], [ 4175255.5, 2906705.0 ], [ 4175257.7, 2906673.4 ], [ 4175277.3, 2906677.3 ], [ 4175278.8, 2906711.3 ], [ 4175296.1, 2906723.3 ], [ 4175317.7, 2906712.3 ], [ 4175324.6, 2906675.0 ], [ 4175342.0, 2906689.5 ], [ 4175371.1, 2906688.1 ], [ 4175434.2, 2906708.3 ], [ 4175501.6, 2906711.0 ], [ 4175571.2, 2906728.9 ], [ 4175623.1, 2906697.2 ], [ 4175626.1, 2906683.0 ], [ 4175616.6, 2906661.0 ], [ 4175622.1, 2906649.8 ], [ 4175671.0, 2906684.7 ], [ 4175708.8, 2906777.6 ], [ 4175754.6, 2906777.1 ], [ 4175769.0, 2906768.6 ], [ 4175774.4, 2906754.9 ], [ 4175756.3, 2906694.2 ], [ 4175740.0, 2906545.0 ], [ 4175661.9, 2906318.1 ], [ 4175678.3, 2906295.9 ], [ 4175668.0, 2906227.7 ], [ 4175648.7, 2906204.2 ], [ 4175621.2, 2906212.8 ], [ 4175619.9, 2906174.5 ], [ 4175589.8, 2906142.2 ], [ 4175511.1, 2906141.6 ], [ 4175487.0, 2906122.9 ], [ 4175466.2, 2906080.6 ], [ 4175472.2, 2906060.9 ], [ 4175450.5, 2906005.1 ], [ 4175485.3, 2905977.1 ], [ 4175499.6, 2905942.8 ], [ 4175485.6, 2905868.1 ], [ 4175504.7, 2905854.2 ], [ 4175508.5, 2905814.1 ], [ 4175495.7, 2905791.3 ], [ 4175442.3, 2905782.1 ], [ 4175552.9, 2905733.6 ], [ 4175564.0, 2905714.8 ], [ 4175553.3, 2905695.7 ], [ 4175484.8, 2905673.1 ], [ 4175509.0, 2905604.9 ], [ 4175506.6, 2905590.4 ], [ 4175446.2, 2905559.5 ], [ 4175428.8, 2905559.2 ], [ 4175416.7, 2905571.6 ], [ 4175387.7, 2905646.3 ], [ 4175223.9, 2905616.2 ], [ 4175298.5, 2905525.2 ], [ 4175264.9, 2905443.7 ], [ 4175329.0, 2905420.6 ], [ 4175412.6, 2905417.7 ], [ 4175499.7, 2905310.3 ], [ 4175500.4, 2905295.5 ], [ 4175488.2, 2905281.8 ], [ 4175424.9, 2905276.2 ], [ 4175408.4, 2905265.7 ], [ 4175390.9, 2905219.5 ], [ 4175398.6, 2905204.3 ], [ 4175406.3, 2905198.8 ], [ 4175438.1, 2905232.2 ], [ 4175455.4, 2905236.4 ], [ 4175475.4, 2905225.7 ], [ 4175485.9, 2905190.3 ], [ 4175535.5, 2905180.4 ], [ 4175550.2, 2905188.0 ], [ 4175543.4, 2905212.1 ], [ 4175550.1, 2905227.9 ], [ 4175580.5, 2905243.4 ], [ 4175600.8, 2905239.2 ], [ 4175610.4, 2905215.5 ], [ 4175604.3, 2905202.6 ], [ 4175597.5, 2905059.0 ], [ 4175586.4, 2905040.8 ], [ 4175585.4, 2905020.6 ], [ 4175684.9, 2905012.1 ], [ 4175702.7, 2904995.6 ], [ 4175704.8, 2904978.3 ], [ 4175657.8, 2904909.5 ], [ 4175656.9, 2904885.8 ], [ 4175591.3, 2904747.5 ], [ 4175604.8, 2904662.7 ], [ 4175598.4, 2904650.6 ], [ 4175582.7, 2904644.5 ], [ 4175584.9, 2904542.3 ], [ 4175559.9, 2904488.6 ], [ 4175512.2, 2904442.0 ], [ 4175488.5, 2904382.5 ], [ 4175444.2, 2904338.9 ], [ 4175419.8, 2904327.9 ], [ 4175398.2, 2904343.0 ], [ 4175255.0, 2904239.4 ], [ 4175231.6, 2904241.8 ], [ 4175239.4, 2904193.1 ], [ 4175189.3, 2904155.9 ], [ 4175185.5, 2904131.9 ], [ 4175166.5, 2904120.7 ], [ 4175152.3, 2904125.9 ], [ 4175112.0, 2904170.0 ], [ 4175090.8, 2904203.8 ], [ 4175089.4, 2904221.1 ], [ 4175101.1, 2904234.1 ], [ 4175176.2, 2904263.0 ], [ 4175229.3, 2904243.9 ], [ 4175223.1, 2904260.2 ], [ 4175230.6, 2904303.0 ], [ 4175134.6, 2904345.9 ], [ 4175108.8, 2904293.8 ], [ 4175060.3, 2904266.8 ], [ 4175046.1, 2904266.5 ], [ 4174847.6, 2904409.8 ], [ 4174692.2, 2904486.4 ], [ 4174621.4, 2904512.9 ], [ 4174594.0, 2904537.8 ], [ 4174572.7, 2904574.4 ], [ 4174441.6, 2904861.4 ], [ 4174412.9, 2904906.0 ], [ 4174370.7, 2904947.5 ], [ 4174239.4, 2904988.4 ], [ 4174219.9, 2905035.8 ], [ 4174196.0, 2905043.8 ], [ 4174182.3, 2905073.1 ], [ 4174145.9, 2905097.2 ], [ 4174125.6, 2905130.8 ], [ 4174093.1, 2905115.7 ], [ 4174076.8, 2905122.7 ], [ 4174070.9, 2905135.8 ], [ 4173980.7, 2905118.2 ], [ 4173937.2, 2905135.6 ], [ 4173887.0, 2905144.1 ], [ 4173875.9, 2905172.1 ], [ 4173792.6, 2905176.3 ], [ 4173762.7, 2905197.9 ], [ 4173757.2, 2905239.0 ], [ 4173775.2, 2905303.4 ], [ 4173765.8, 2905384.2 ], [ 4173813.8, 2905446.3 ], [ 4173868.2, 2905540.4 ], [ 4173889.7, 2905651.1 ], [ 4173885.2, 2905675.0 ], [ 4173871.2, 2905671.3 ], [ 4173849.8, 2905632.5 ], [ 4173731.5, 2905484.5 ], [ 4173666.2, 2905425.7 ], [ 4173625.6, 2905354.4 ], [ 4173576.6, 2905346.9 ], [ 4173488.7, 2905360.7 ], [ 4173433.0, 2905353.1 ], [ 4173379.0, 2905330.3 ], [ 4173351.3, 2905328.4 ], [ 4173332.4, 2905343.6 ], [ 4173327.3, 2905359.9 ], [ 4173334.5, 2905374.5 ], [ 4173349.4, 2905382.0 ], [ 4173355.2, 2905401.0 ], [ 4173188.6, 2905552.1 ], [ 4173152.8, 2905567.8 ], [ 4173110.4, 2905602.3 ], [ 4173110.4, 2905620.9 ], [ 4173137.1, 2905651.3 ], [ 4173132.2, 2905679.0 ], [ 4173145.0, 2905690.6 ], [ 4173121.1, 2905703.6 ], [ 4173050.5, 2905706.9 ], [ 4173032.2, 2905719.2 ], [ 4173018.1, 2905708.4 ], [ 4173003.2, 2905709.9 ], [ 4172942.0, 2905754.3 ], [ 4172945.2, 2905783.2 ], [ 4172921.8, 2905807.0 ], [ 4172928.8, 2905830.3 ], [ 4172903.2, 2905850.2 ], [ 4172883.2, 2905830.5 ], [ 4172859.1, 2905836.4 ], [ 4172845.3, 2905869.7 ], [ 4172858.1, 2905893.8 ], [ 4172813.9, 2905943.8 ], [ 4172748.7, 2906060.6 ], [ 4172738.4, 2906115.3 ], [ 4172761.0, 2906128.9 ], [ 4172765.8, 2906148.0 ], [ 4172780.2, 2906158.9 ], [ 4172832.7, 2906151.8 ], [ 4172879.0, 2906171.1 ], [ 4172900.4, 2906155.0 ], [ 4172916.2, 2906160.1 ], [ 4172909.5, 2906177.1 ], [ 4172916.7, 2906196.1 ], [ 4172927.4, 2906205.8 ], [ 4172948.4, 2906203.7 ], [ 4172975.2, 2906218.7 ], [ 4172969.2, 2906236.1 ], [ 4172977.1, 2906252.4 ], [ 4172998.2, 2906256.4 ], [ 4173014.2, 2906240.6 ], [ 4173048.9, 2906263.2 ], [ 4173034.3, 2906290.3 ], [ 4173015.9, 2906291.2 ], [ 4173004.6, 2906305.8 ], [ 4172983.6, 2906303.4 ], [ 4172983.6, 2906271.9 ], [ 4172966.7, 2906259.0 ], [ 4172926.1, 2906261.2 ], [ 4172904.3, 2906301.8 ], [ 4172860.0, 2906294.0 ], [ 4172861.6, 2906276.0 ], [ 4172852.5, 2906259.8 ], [ 4172830.2, 2906248.0 ], [ 4172728.5, 2906258.4 ], [ 4172696.6, 2906287.1 ], [ 4172670.0, 2906286.2 ], [ 4172656.2, 2906296.8 ], [ 4172660.2, 2906407.9 ], [ 4172642.1, 2906582.6 ], [ 4172657.3, 2906642.2 ], [ 4172648.0, 2906747.1 ], [ 4172672.3, 2906826.6 ], [ 4172673.2, 2906863.1 ], [ 4172636.6, 2906902.1 ], [ 4172618.1, 2906900.4 ], [ 4172605.2, 2906908.1 ], [ 4172526.6, 2907052.5 ], [ 4172468.5, 2907114.6 ], [ 4172455.4, 2907163.9 ], [ 4172428.6, 2907163.1 ], [ 4172420.8, 2907114.0 ], [ 4172439.9, 2907082.6 ], [ 4172499.7, 2907030.1 ], [ 4172563.9, 2906875.4 ], [ 4172572.7, 2906840.8 ], [ 4172566.9, 2906807.8 ], [ 4172584.6, 2906735.5 ], [ 4172581.4, 2906655.4 ], [ 4172593.8, 2906623.0 ], [ 4172587.6, 2906518.4 ], [ 4172594.0, 2906482.3 ], [ 4172578.4, 2906441.2 ], [ 4172553.3, 2906244.8 ], [ 4172551.8, 2906171.2 ], [ 4172536.5, 2906126.7 ], [ 4172500.7, 2906089.8 ], [ 4172259.5, 2906131.0 ], [ 4171980.9, 2906243.0 ], [ 4171951.1, 2906280.1 ], [ 4171909.9, 2906384.6 ], [ 4171907.3, 2906408.6 ], [ 4171924.8, 2906464.2 ], [ 4171919.4, 2906485.0 ], [ 4171902.7, 2906489.4 ], [ 4171816.8, 2906456.4 ], [ 4171742.7, 2906474.5 ], [ 4171678.7, 2906501.4 ], [ 4171537.6, 2906595.3 ], [ 4171493.8, 2906649.8 ], [ 4171458.1, 2906724.6 ], [ 4171359.5, 2906741.9 ], [ 4171217.2, 2906814.2 ], [ 4171125.5, 2906848.6 ], [ 4171025.1, 2906910.2 ], [ 4171003.7, 2906936.2 ], [ 4170976.6, 2906993.9 ], [ 4170973.3, 2907075.3 ], [ 4171006.9, 2907245.1 ], [ 4171078.9, 2907365.2 ], [ 4171075.5, 2907394.4 ], [ 4171056.4, 2907405.3 ], [ 4170921.9, 2907421.5 ], [ 4170896.1, 2907431.4 ], [ 4170886.3, 2907460.0 ], [ 4170933.3, 2907605.4 ], [ 4170934.3, 2907630.9 ], [ 4170907.4, 2907649.9 ], [ 4170808.4, 2907664.0 ], [ 4170773.6, 2907691.0 ], [ 4170763.4, 2907714.3 ], [ 4170767.6, 2907748.3 ], [ 4170831.1, 2907914.5 ], [ 4170901.3, 2908019.3 ], [ 4170892.8, 2908043.0 ], [ 4170865.2, 2908069.3 ], [ 4170860.9, 2908091.3 ], [ 4170912.9, 2908301.7 ], [ 4170909.5, 2908329.6 ], [ 4170869.5, 2908385.2 ], [ 4170845.6, 2908398.5 ], [ 4170813.7, 2908401.9 ], [ 4170752.8, 2908391.2 ], [ 4170687.1, 2908360.8 ], [ 4170581.7, 2908296.4 ], [ 4170556.8, 2908295.7 ], [ 4170470.4, 2908346.7 ], [ 4170349.5, 2908471.5 ], [ 4170332.4, 2908520.0 ], [ 4170338.4, 2908594.7 ], [ 4170330.9, 2908620.4 ], [ 4170290.7, 2908646.4 ], [ 4170165.4, 2908662.0 ], [ 4170145.7, 2908675.3 ], [ 4170109.9, 2908792.4 ], [ 4170089.8, 2908834.7 ], [ 4170003.8, 2908904.5 ], [ 4169952.0, 2908969.7 ], [ 4169926.0, 2909016.8 ], [ 4169910.1, 2909109.0 ], [ 4169917.4, 2909186.8 ], [ 4169968.5, 2909335.3 ], [ 4169990.4, 2909372.3 ], [ 4170072.7, 2909468.8 ], [ 4170079.3, 2909489.1 ], [ 4170076.0, 2909506.5 ], [ 4170001.1, 2909546.3 ], [ 4169878.1, 2909643.4 ], [ 4169692.0, 2909684.5 ], [ 4169627.1, 2909718.9 ], [ 4169444.3, 2909922.1 ], [ 4169443.8, 2909945.4 ], [ 4169480.3, 2909989.1 ], [ 4169458.5, 2910005.7 ], [ 4169431.1, 2909971.0 ], [ 4169410.0, 2909969.0 ], [ 4169333.8, 2910044.6 ], [ 4169327.1, 2910091.9 ], [ 4169317.6, 2910109.1 ], [ 4169274.6, 2910126.3 ], [ 4169260.1, 2910104.5 ], [ 4169242.3, 2910099.9 ], [ 4169172.3, 2910143.1 ], [ 4169161.8, 2910162.5 ], [ 4169175.6, 2910187.9 ], [ 4169159.9, 2910214.8 ], [ 4169148.0, 2910230.7 ], [ 4169119.3, 2910226.5 ], [ 4169103.5, 2910252.2 ], [ 4169113.5, 2910271.4 ], [ 4169152.3, 2910287.7 ], [ 4169153.5, 2910351.4 ], [ 4169075.3, 2910364.1 ], [ 4169027.1, 2910391.4 ], [ 4168977.8, 2910332.4 ], [ 4168987.2, 2910315.2 ], [ 4168986.1, 2910191.9 ], [ 4169041.8, 2910222.0 ], [ 4169066.0, 2910215.3 ], [ 4169098.5, 2910151.9 ], [ 4169094.9, 2910138.7 ], [ 4169067.2, 2910110.8 ], [ 4169064.8, 2910072.3 ], [ 4169130.8, 2910042.2 ], [ 4169144.8, 2909995.2 ], [ 4169197.8, 2910010.1 ], [ 4169215.1, 2910027.2 ], [ 4169341.9, 2910031.2 ], [ 4169625.1, 2909714.6 ], [ 4169688.6, 2909680.8 ], [ 4169878.1, 2909638.3 ], [ 4169996.9, 2909543.6 ], [ 4170071.8, 2909502.9 ], [ 4170069.1, 2909472.1 ], [ 4169986.2, 2909374.2 ], [ 4169964.9, 2909338.5 ], [ 4169912.4, 2909185.7 ], [ 4169905.5, 2909109.8 ], [ 4169921.4, 2909016.0 ], [ 4169947.5, 2908968.3 ], [ 4170002.2, 2908899.6 ], [ 4170087.5, 2908829.9 ], [ 4170141.8, 2908672.6 ], [ 4170157.1, 2908658.7 ], [ 4170285.9, 2908643.0 ], [ 4170327.0, 2908617.3 ], [ 4170333.8, 2908594.7 ], [ 4170327.6, 2908521.5 ], [ 4170347.1, 2908466.8 ], [ 4170468.1, 2908342.8 ], [ 4170558.5, 2908290.0 ], [ 4170580.9, 2908290.9 ], [ 4170752.8, 2908386.3 ], [ 4170811.8, 2908397.2 ], [ 4170842.0, 2908394.6 ], [ 4170863.9, 2908383.6 ], [ 4170904.0, 2908329.9 ], [ 4170908.4, 2908302.5 ], [ 4170856.1, 2908091.4 ], [ 4170858.3, 2908072.6 ], [ 4170890.7, 2908037.8 ], [ 4170895.2, 2908016.2 ], [ 4170853.1, 2907964.4 ], [ 4170827.3, 2907917.0 ], [ 4170762.9, 2907748.9 ], [ 4170758.8, 2907714.1 ], [ 4170778.0, 2907679.4 ], [ 4170808.7, 2907658.8 ], [ 4170905.5, 2907645.6 ], [ 4170928.9, 2907629.9 ], [ 4170928.3, 2907604.7 ], [ 4170880.5, 2907454.5 ], [ 4170893.5, 2907427.1 ], [ 4170921.5, 2907417.0 ], [ 4171052.8, 2907401.5 ], [ 4171073.2, 2907384.2 ], [ 4171068.5, 2907355.0 ], [ 4171002.0, 2907246.7 ], [ 4170968.1, 2907074.6 ], [ 4170971.2, 2906994.1 ], [ 4171008.1, 2906920.6 ], [ 4171082.1, 2906865.6 ], [ 4171216.0, 2906809.3 ], [ 4171358.7, 2906736.7 ], [ 4171452.2, 2906722.4 ], [ 4171465.3, 2906708.1 ], [ 4171490.0, 2906646.4 ], [ 4171534.6, 2906591.1 ], [ 4171675.2, 2906497.4 ], [ 4171740.2, 2906470.1 ], [ 4171822.7, 2906450.5 ], [ 4171888.0, 2906479.3 ], [ 4171908.9, 2906476.0 ], [ 4171917.4, 2906456.7 ], [ 4171902.2, 2906396.2 ], [ 4171929.4, 2906318.9 ], [ 4171924.8, 2906304.6 ], [ 4171912.1, 2906296.6 ], [ 4171894.0, 2906300.6 ], [ 4171824.4, 2906370.4 ], [ 4171721.2, 2906401.4 ], [ 4171669.6, 2906405.9 ], [ 4171710.9, 2906376.8 ], [ 4171813.4, 2906332.6 ], [ 4171863.0, 2906201.5 ], [ 4171911.9, 2906131.4 ], [ 4171928.9, 2906136.6 ], [ 4172022.6, 2906124.1 ], [ 4172108.6, 2906096.6 ], [ 4172229.6, 2906080.9 ], [ 4172245.3, 2906067.0 ], [ 4172313.9, 2906050.4 ], [ 4172357.2, 2906045.9 ], [ 4172462.6, 2906070.6 ], [ 4172478.4, 2906067.5 ], [ 4172523.0, 2906023.9 ], [ 4172554.2, 2905974.3 ], [ 4172553.3, 2905959.8 ], [ 4172540.4, 2905946.1 ], [ 4172544.7, 2905878.4 ], [ 4172652.2, 2905790.4 ], [ 4172731.6, 2905704.6 ], [ 4172736.1, 2905667.5 ], [ 4172812.0, 2905608.3 ], [ 4172847.7, 2905557.3 ], [ 4172854.1, 2905518.1 ], [ 4172839.5, 2905499.4 ], [ 4172851.0, 2905479.0 ], [ 4172846.1, 2905459.1 ], [ 4172819.9, 2905446.2 ], [ 4172800.0, 2905458.0 ], [ 4172748.8, 2905438.0 ], [ 4172740.1, 2905418.4 ], [ 4172691.4, 2905398.6 ], [ 4172678.8, 2905377.5 ], [ 4172645.5, 2905375.5 ], [ 4172622.4, 2905406.0 ], [ 4172520.1, 2905385.7 ], [ 4172511.1, 2905370.7 ], [ 4172478.9, 2905355.7 ], [ 4172387.1, 2905360.6 ], [ 4172375.1, 2905303.5 ], [ 4172411.8, 2905247.7 ], [ 4172411.5, 2905230.3 ], [ 4172368.1, 2905159.1 ], [ 4172290.2, 2905078.9 ], [ 4172133.6, 2904894.0 ], [ 4172152.9, 2904892.6 ], [ 4172180.2, 2904908.4 ], [ 4172182.3, 2904933.6 ], [ 4172236.7, 2904989.3 ], [ 4172326.3, 2905105.8 ], [ 4172376.3, 2905154.1 ], [ 4172423.0, 2905226.3 ], [ 4172439.6, 2905228.9 ], [ 4172461.5, 2905215.1 ], [ 4172487.6, 2905224.7 ], [ 4172502.8, 2905215.1 ], [ 4172622.8, 2905286.4 ], [ 4172672.6, 2905326.8 ], [ 4172850.6, 2905355.3 ], [ 4172920.9, 2905344.6 ], [ 4172936.5, 2905330.0 ], [ 4173008.1, 2905204.9 ], [ 4173054.2, 2905248.8 ], [ 4173078.2, 2905245.6 ], [ 4173098.1, 2905211.0 ], [ 4173115.7, 2905151.3 ], [ 4173108.3, 2905139.3 ], [ 4173083.0, 2905128.1 ], [ 4173057.7, 2905064.8 ], [ 4172963.8, 2905003.4 ], [ 4172953.7, 2904984.1 ], [ 4172928.7, 2904984.9 ], [ 4172896.1, 2904967.6 ], [ 4172819.1, 2904911.7 ], [ 4172786.0, 2904846.7 ], [ 4172806.5, 2904830.2 ], [ 4172831.5, 2904827.2 ], [ 4173118.4, 2904852.9 ], [ 4173211.2, 2904845.0 ], [ 4173236.4, 2904830.2 ], [ 4173246.2, 2904812.6 ], [ 4173276.0, 2904809.5 ], [ 4173299.0, 2904789.5 ], [ 4173313.1, 2904764.6 ], [ 4173423.1, 2904728.1 ], [ 4173430.6, 2904711.7 ], [ 4173419.9, 2904676.5 ], [ 4173491.7, 2904645.3 ], [ 4173542.0, 2904611.9 ], [ 4173548.2, 2904582.4 ], [ 4173541.5, 2904565.4 ], [ 4173507.4, 2904529.4 ], [ 4173487.2, 2904484.5 ], [ 4173393.7, 2904432.0 ], [ 4173416.2, 2904388.4 ], [ 4173408.7, 2904371.6 ], [ 4173390.6, 2904363.2 ], [ 4173269.9, 2904335.4 ], [ 4173046.0, 2904313.6 ], [ 4172975.2, 2904299.9 ], [ 4172845.8, 2904298.4 ], [ 4172783.4, 2904313.8 ], [ 4172714.0, 2904309.2 ], [ 4172701.8, 2904253.3 ], [ 4172749.1, 2904263.2 ], [ 4172878.7, 2904253.4 ], [ 4172889.9, 2904239.8 ], [ 4172905.6, 2904163.1 ], [ 4172920.7, 2904142.8 ], [ 4172930.6, 2904215.8 ], [ 4172958.9, 2904250.1 ], [ 4173102.7, 2904278.6 ], [ 4173189.3, 2904275.9 ], [ 4173207.5, 2904259.9 ], [ 4173239.0, 2904249.8 ], [ 4173243.5, 2904211.7 ], [ 4173290.3, 2904203.4 ], [ 4173321.1, 2904153.8 ], [ 4173334.5, 2904156.6 ], [ 4173352.9, 2904180.6 ], [ 4173370.2, 2904184.3 ], [ 4173414.7, 2904139.2 ], [ 4173494.8, 2904179.5 ], [ 4173587.1, 2904201.5 ], [ 4173633.9, 2904183.1 ], [ 4173671.3, 2904123.2 ], [ 4173801.3, 2904219.2 ], [ 4173874.9, 2904256.8 ], [ 4173893.3, 2904254.4 ], [ 4173902.5, 2904242.6 ], [ 4173903.1, 2904181.8 ], [ 4174017.7, 2904230.0 ], [ 4174085.2, 2904232.0 ], [ 4174103.7, 2904247.5 ], [ 4174133.9, 2904252.5 ], [ 4174174.2, 2904255.8 ], [ 4174257.6, 2904240.6 ], [ 4174360.9, 2904236.3 ], [ 4174371.6, 2904265.7 ], [ 4174430.9, 2904308.9 ], [ 4174444.8, 2904310.9 ], [ 4174486.0, 2904296.2 ], [ 4174521.0, 2904313.8 ], [ 4174520.0, 2904328.7 ], [ 4174528.6, 2904340.9 ], [ 4174560.0, 2904356.9 ], [ 4174576.2, 2904355.3 ], [ 4174589.1, 2904333.7 ], [ 4174573.9, 2904281.7 ], [ 4174544.2, 2904268.5 ], [ 4174402.3, 2904142.2 ], [ 4174238.4, 2904028.6 ], [ 4174103.0, 2903972.4 ], [ 4174085.4, 2903947.3 ], [ 4174081.9, 2903921.5 ], [ 4174097.3, 2903891.2 ], [ 4174115.1, 2903865.3 ], [ 4174177.8, 2903916.2 ], [ 4174174.3, 2903942.6 ], [ 4174217.8, 2903993.9 ], [ 4174236.2, 2903998.4 ], [ 4174444.9, 2904131.8 ], [ 4174513.2, 2904191.6 ], [ 4174569.1, 2904226.1 ], [ 4174581.9, 2904243.4 ], [ 4174602.7, 2904244.8 ], [ 4174644.6, 2904281.2 ], [ 4174684.5, 2904285.8 ], [ 4174764.4, 2904234.4 ], [ 4174786.4, 2904237.3 ], [ 4174823.5, 2904212.9 ], [ 4174879.6, 2904156.5 ], [ 4174962.0, 2904106.0 ], [ 4175012.3, 2904051.8 ], [ 4175024.7, 2904010.2 ], [ 4175067.0, 2903970.4 ], [ 4175098.4, 2903920.7 ], [ 4175099.4, 2903905.7 ], [ 4175088.1, 2903892.0 ], [ 4175021.8, 2903876.6 ], [ 4175014.4, 2903853.0 ], [ 4174971.6, 2903836.9 ], [ 4174994.8, 2903784.5 ], [ 4175052.6, 2903797.6 ], [ 4175066.2, 2903780.8 ], [ 4175062.9, 2903755.7 ], [ 4175077.9, 2903754.4 ], [ 4175089.9, 2903740.2 ], [ 4175105.4, 2903613.9 ], [ 4175139.6, 2903532.2 ], [ 4175153.5, 2903520.2 ], [ 4175185.5, 2903414.6 ], [ 4175189.2, 2903268.8 ], [ 4175197.6, 2903208.5 ], [ 4175207.9, 2903188.5 ], [ 4175324.5, 2903051.2 ], [ 4175371.0, 2903024.8 ], [ 4175449.1, 2902997.2 ], [ 4175471.5, 2902964.8 ], [ 4175467.2, 2902947.3 ], [ 4175447.6, 2902938.9 ], [ 4175433.3, 2902915.9 ], [ 4175395.9, 2902925.6 ], [ 4175346.6, 2902913.7 ], [ 4175215.4, 2902964.9 ], [ 4174900.7, 2903065.2 ], [ 4174804.9, 2903107.6 ], [ 4174791.3, 2903124.2 ], [ 4174756.6, 2903127.8 ], [ 4174689.1, 2903118.7 ], [ 4174391.1, 2903011.6 ], [ 4174375.3, 2903021.2 ], [ 4174373.8, 2903043.0 ], [ 4174420.6, 2903075.5 ], [ 4174415.7, 2903096.6 ], [ 4174394.9, 2903124.0 ], [ 4174383.8, 2903172.4 ], [ 4174388.7, 2903191.9 ], [ 4174409.0, 2903202.6 ], [ 4174369.7, 2903351.5 ], [ 4174283.2, 2903341.3 ], [ 4174283.5, 2903261.2 ], [ 4174271.4, 2903244.8 ], [ 4174245.4, 2903241.6 ], [ 4174209.6, 2903271.4 ], [ 4174173.9, 2903233.6 ], [ 4174170.1, 2903213.1 ], [ 4174137.9, 2903189.9 ], [ 4174075.9, 2903222.2 ], [ 4174021.3, 2903137.5 ], [ 4174004.4, 2903132.8 ], [ 4173974.3, 2903141.8 ], [ 4173954.1, 2903110.7 ], [ 4173934.5, 2903103.6 ], [ 4173916.5, 2903119.5 ], [ 4173894.1, 2903283.7 ], [ 4173957.7, 2903356.5 ], [ 4173943.2, 2903375.9 ], [ 4173898.1, 2903355.1 ], [ 4173852.5, 2903363.5 ], [ 4173830.6, 2903354.9 ], [ 4173814.6, 2903367.6 ], [ 4173777.6, 2903370.4 ], [ 4173773.8, 2903282.6 ], [ 4173751.8, 2903265.9 ], [ 4173591.3, 2903287.0 ], [ 4173462.4, 2903322.6 ], [ 4173328.4, 2903377.0 ], [ 4173260.3, 2903380.8 ], [ 4173247.1, 2903393.8 ], [ 4173248.1, 2903418.1 ], [ 4173228.5, 2903432.5 ], [ 4173230.9, 2903473.2 ], [ 4173208.7, 2903474.5 ], [ 4173203.1, 2903433.2 ], [ 4173175.3, 2903406.9 ], [ 4173157.9, 2903412.5 ], [ 4173150.7, 2903429.2 ], [ 4173075.5, 2903438.5 ], [ 4173057.0, 2903454.6 ], [ 4173054.7, 2903479.9 ], [ 4173000.3, 2903465.3 ], [ 4172998.8, 2903440.0 ], [ 4172960.7, 2903420.0 ], [ 4172958.3, 2903404.4 ], [ 4172945.0, 2903393.9 ], [ 4172918.1, 2903393.4 ], [ 4172900.3, 2903413.5 ], [ 4172859.9, 2903409.8 ], [ 4172843.6, 2903388.6 ], [ 4172757.8, 2903379.9 ], [ 4172741.1, 2903384.4 ], [ 4172717.2, 2903370.9 ], [ 4172690.2, 2903385.4 ], [ 4172678.9, 2903427.3 ], [ 4172650.7, 2903458.6 ], [ 4172641.1, 2903480.5 ], [ 4172643.3, 2903497.2 ], [ 4172613.3, 2903565.0 ], [ 4172601.2, 2903577.0 ], [ 4172533.8, 2903542.5 ], [ 4172444.4, 2903553.0 ], [ 4172379.6, 2903579.9 ], [ 4172383.6, 2903555.0 ], [ 4172486.0, 2903505.6 ], [ 4172490.0, 2903487.8 ], [ 4172470.6, 2903453.4 ], [ 4172494.9, 2903446.4 ], [ 4172535.6, 2903415.2 ], [ 4172577.1, 2903349.6 ], [ 4172596.4, 2903286.2 ], [ 4172582.3, 2903223.3 ], [ 4172567.9, 2903202.1 ], [ 4172465.9, 2903152.0 ], [ 4172312.9, 2903062.6 ], [ 4172341.9, 2903011.7 ], [ 4172336.1, 2902995.4 ], [ 4172313.6, 2902984.9 ], [ 4172316.6, 2902965.7 ], [ 4172528.6, 2903010.3 ], [ 4172565.9, 2902989.7 ], [ 4172717.6, 2902966.4 ], [ 4172747.9, 2902955.5 ], [ 4172878.4, 2902876.9 ], [ 4172890.5, 2902894.8 ], [ 4172972.4, 2902922.1 ], [ 4172996.4, 2902915.1 ], [ 4173071.1, 2902932.9 ], [ 4173086.9, 2902911.3 ], [ 4173076.2, 2902878.1 ], [ 4173076.1, 2902838.7 ], [ 4172995.3, 2902770.2 ], [ 4172953.6, 2902699.9 ], [ 4172939.9, 2902660.3 ], [ 4172978.3, 2902705.6 ], [ 4172992.3, 2902708.1 ], [ 4173006.9, 2902699.6 ], [ 4173048.8, 2902730.0 ], [ 4173122.9, 2902764.5 ], [ 4173143.6, 2902746.9 ], [ 4173139.0, 2902665.5 ], [ 4173185.7, 2902674.0 ], [ 4173223.5, 2902667.9 ], [ 4173233.6, 2902703.1 ], [ 4173259.4, 2902710.7 ], [ 4173320.3, 2902694.6 ], [ 4173329.7, 2902679.4 ], [ 4173323.5, 2902645.9 ], [ 4173357.5, 2902635.1 ], [ 4173384.3, 2902642.2 ], [ 4173412.6, 2902609.6 ], [ 4173411.8, 2902566.2 ], [ 4173388.0, 2902519.8 ], [ 4173389.7, 2902494.8 ], [ 4173372.7, 2902416.6 ], [ 4173361.0, 2902400.3 ], [ 4173349.1, 2902323.5 ], [ 4173354.4, 2902273.2 ], [ 4173305.8, 2902233.1 ], [ 4173284.5, 2902231.0 ], [ 4173271.2, 2902238.0 ], [ 4173265.7, 2902255.7 ], [ 4173275.5, 2902303.4 ], [ 4173182.6, 2902394.4 ], [ 4173112.0, 2902378.1 ], [ 4173064.4, 2902346.6 ], [ 4173048.4, 2902353.8 ], [ 4173033.4, 2902385.8 ], [ 4173021.4, 2902392.7 ], [ 4172966.1, 2902374.2 ], [ 4172925.6, 2902373.1 ], [ 4172900.0, 2902360.5 ], [ 4172893.6, 2902343.3 ], [ 4172878.5, 2902334.3 ], [ 4172890.7, 2902300.7 ], [ 4172885.9, 2902283.8 ], [ 4172903.8, 2902203.6 ], [ 4172905.8, 2902121.8 ], [ 4172897.2, 2902093.6 ], [ 4172885.9, 2902080.5 ], [ 4172851.6, 2902067.4 ], [ 4172793.1, 2902076.3 ], [ 4172801.8, 2902044.0 ], [ 4172859.0, 2902032.1 ], [ 4172879.1, 2902043.0 ], [ 4172896.6, 2902038.9 ], [ 4172940.4, 2901962.3 ], [ 4172937.7, 2901944.0 ], [ 4172902.9, 2901911.0 ], [ 4172926.7, 2901876.3 ], [ 4172924.2, 2901852.5 ], [ 4172902.8, 2901842.6 ], [ 4172868.2, 2901857.4 ], [ 4172860.6, 2901838.1 ], [ 4172851.6, 2901797.4 ], [ 4172866.6, 2901769.5 ], [ 4172853.4, 2901747.5 ], [ 4172863.3, 2901723.3 ], [ 4172883.8, 2901705.3 ], [ 4172994.1, 2901646.4 ], [ 4173018.2, 2901647.7 ], [ 4173051.9, 2901611.1 ], [ 4173064.6, 2901607.5 ], [ 4173100.3, 2901637.9 ], [ 4173163.6, 2901662.2 ], [ 4173172.4, 2901677.6 ], [ 4173255.4, 2901720.4 ], [ 4173276.6, 2901719.7 ], [ 4173294.9, 2901694.0 ], [ 4173324.4, 2901714.0 ], [ 4173334.4, 2901739.1 ], [ 4173337.8, 2901790.6 ], [ 4173302.8, 2901815.1 ], [ 4173320.4, 2901878.1 ], [ 4173308.2, 2901891.3 ], [ 4173306.5, 2901908.1 ], [ 4173422.0, 2902031.9 ], [ 4173416.4, 2902056.0 ], [ 4173462.5, 2902123.2 ], [ 4173448.5, 2902142.9 ], [ 4173451.5, 2902163.4 ], [ 4173529.4, 2902222.7 ], [ 4173524.8, 2902253.4 ], [ 4173532.0, 2902269.6 ], [ 4173570.7, 2902281.7 ], [ 4173558.7, 2902351.6 ], [ 4173540.5, 2902362.5 ], [ 4173529.6, 2902399.9 ], [ 4173536.4, 2902413.3 ], [ 4173571.6, 2902436.7 ], [ 4173581.8, 2902458.0 ], [ 4173626.2, 2902461.5 ], [ 4173708.3, 2902488.4 ], [ 4173772.9, 2902500.0 ], [ 4173787.9, 2902485.9 ], [ 4173801.6, 2902402.2 ], [ 4173852.9, 2902398.4 ], [ 4173891.3, 2902419.4 ], [ 4173869.0, 2902511.3 ], [ 4173871.6, 2902527.9 ], [ 4173908.8, 2902557.0 ], [ 4173940.1, 2902570.4 ], [ 4173957.3, 2902557.8 ], [ 4173985.6, 2902454.3 ], [ 4174129.4, 2902480.4 ], [ 4174142.2, 2902473.4 ], [ 4174164.0, 2902437.7 ], [ 4174165.5, 2902415.9 ], [ 4174022.1, 2902327.1 ], [ 4173983.9, 2902288.6 ], [ 4173875.9, 2902224.2 ], [ 4173838.8, 2902176.0 ], [ 4173817.8, 2902171.3 ], [ 4173789.4, 2902135.9 ], [ 4173720.9, 2902086.8 ], [ 4173678.4, 2902043.5 ], [ 4173570.7, 2901851.2 ], [ 4173549.8, 2901846.3 ], [ 4173506.4, 2901875.4 ], [ 4173458.9, 2901799.2 ], [ 4173516.8, 2901780.4 ], [ 4173520.0, 2901762.3 ], [ 4173502.4, 2901735.7 ], [ 4173510.0, 2901729.3 ], [ 4173538.4, 2901769.3 ], [ 4173650.8, 2901978.2 ], [ 4173670.0, 2901986.8 ], [ 4173687.6, 2901975.3 ], [ 4173689.9, 2901961.1 ], [ 4173677.0, 2901923.2 ], [ 4173582.8, 2901686.8 ], [ 4173563.0, 2901674.3 ], [ 4173530.6, 2901688.2 ], [ 4173505.4, 2901625.5 ], [ 4173520.7, 2901612.1 ], [ 4173521.9, 2901594.2 ], [ 4173478.0, 2901542.8 ], [ 4173460.8, 2901538.8 ], [ 4173444.1, 2901552.0 ], [ 4173419.6, 2901553.0 ], [ 4173396.9, 2901585.4 ], [ 4173401.1, 2901605.7 ], [ 4173350.8, 2901643.3 ], [ 4173339.6, 2901636.0 ], [ 4173373.0, 2901593.3 ], [ 4173374.5, 2901575.5 ], [ 4173310.6, 2901514.7 ], [ 4173266.8, 2901537.2 ], [ 4173233.0, 2901524.6 ], [ 4173222.2, 2901500.6 ], [ 4173200.6, 2901497.7 ], [ 4173187.4, 2901510.0 ], [ 4173173.1, 2901568.4 ], [ 4173151.7, 2901563.7 ], [ 4173136.4, 2901545.0 ], [ 4173055.6, 2901540.1 ], [ 4173050.1, 2901507.9 ], [ 4173028.2, 2901498.2 ], [ 4173010.4, 2901506.4 ], [ 4173005.4, 2901524.3 ], [ 4172959.4, 2901532.4 ], [ 4172928.0, 2901552.0 ], [ 4172903.4, 2901542.7 ], [ 4172883.0, 2901556.7 ], [ 4172864.0, 2901533.9 ], [ 4172860.4, 2901507.2 ], [ 4172793.0, 2901465.4 ], [ 4172803.1, 2901448.2 ], [ 4172835.9, 2901468.3 ], [ 4172856.1, 2901466.7 ], [ 4172936.8, 2901395.7 ], [ 4172941.4, 2901378.2 ], [ 4172931.4, 2901363.1 ], [ 4172896.4, 2901349.4 ], [ 4172880.1, 2901326.1 ], [ 4172856.1, 2901327.8 ], [ 4172837.2, 2901311.8 ], [ 4172842.3, 2901291.2 ], [ 4172825.6, 2901274.0 ], [ 4172834.9, 2901242.7 ], [ 4172813.6, 2901225.0 ], [ 4172761.4, 2901210.1 ], [ 4172738.2, 2901243.0 ], [ 4172657.4, 2901203.8 ], [ 4172651.6, 2901191.4 ], [ 4172636.2, 2901184.4 ], [ 4172553.8, 2901178.9 ], [ 4172372.5, 2901190.0 ], [ 4172359.2, 2901201.5 ], [ 4172356.5, 2901230.5 ], [ 4172264.0, 2901243.3 ], [ 4172239.2, 2901259.1 ], [ 4172237.9, 2901308.9 ], [ 4172249.1, 2901371.0 ], [ 4172178.6, 2901329.4 ], [ 4172126.4, 2901315.1 ], [ 4172138.6, 2901229.1 ], [ 4172129.4, 2901209.8 ], [ 4171953.3, 2901169.3 ], [ 4171936.9, 2901174.5 ], [ 4171926.7, 2901193.3 ], [ 4171897.4, 2901186.1 ], [ 4171871.6, 2901176.0 ], [ 4171876.5, 2901159.8 ], [ 4171868.1, 2901133.2 ], [ 4171822.4, 2901114.5 ], [ 4171806.3, 2901092.7 ], [ 4171771.2, 2901103.5 ], [ 4171764.5, 2901129.8 ], [ 4171854.3, 2901184.0 ], [ 4171846.9, 2901194.9 ], [ 4171741.1, 2901135.3 ], [ 4171636.5, 2901099.7 ], [ 4171586.8, 2901120.3 ], [ 4171500.0, 2901109.5 ], [ 4171403.5, 2901121.9 ], [ 4171333.3, 2901157.8 ], [ 4171234.1, 2901227.8 ], [ 4171142.9, 2901335.7 ], [ 4171115.2, 2901306.4 ], [ 4171093.7, 2901306.6 ], [ 4170901.5, 2901464.6 ], [ 4170899.2, 2901489.6 ], [ 4170880.1, 2901521.6 ], [ 4170901.8, 2901548.0 ], [ 4170853.0, 2901602.7 ], [ 4170857.4, 2901623.1 ], [ 4170841.7, 2901675.5 ], [ 4170846.1, 2901733.5 ], [ 4170862.1, 2901790.5 ], [ 4170885.5, 2901806.5 ], [ 4170909.8, 2901797.0 ], [ 4171043.8, 2901816.9 ], [ 4171058.0, 2901807.0 ], [ 4171073.7, 2901770.1 ], [ 4171117.3, 2901783.4 ], [ 4171108.8, 2901812.2 ], [ 4171123.7, 2901830.6 ], [ 4171189.4, 2901819.9 ], [ 4171205.4, 2901825.3 ], [ 4171224.0, 2901858.1 ], [ 4171142.7, 2901904.7 ], [ 4171109.7, 2901940.3 ], [ 4171108.5, 2901972.1 ], [ 4171124.2, 2902014.7 ], [ 4171159.6, 2902042.0 ], [ 4171233.0, 2902154.9 ], [ 4171251.7, 2902161.6 ], [ 4171286.1, 2902149.5 ], [ 4171332.9, 2902200.9 ], [ 4171407.3, 2902259.3 ], [ 4171509.1, 2902322.1 ], [ 4171511.2, 2902340.4 ], [ 4171463.9, 2902335.8 ], [ 4171409.9, 2902318.4 ], [ 4171358.7, 2902289.2 ], [ 4171348.6, 2902274.5 ], [ 4171311.6, 2902261.5 ], [ 4171277.0, 2902217.6 ], [ 4171254.1, 2902212.0 ], [ 4171179.5, 2902142.8 ], [ 4171127.9, 2902072.2 ], [ 4171062.5, 2901956.5 ], [ 4171030.2, 2901927.7 ], [ 4170996.5, 2901921.9 ], [ 4170878.8, 2901943.7 ], [ 4170851.2, 2901972.8 ], [ 4170868.6, 2902000.6 ], [ 4170869.4, 2902022.1 ], [ 4170898.2, 2902040.7 ], [ 4170909.4, 2902054.4 ], [ 4170912.8, 2902077.6 ], [ 4170963.9, 2902130.4 ], [ 4170985.7, 2902136.3 ], [ 4171002.6, 2902160.1 ], [ 4171021.6, 2902159.9 ], [ 4171047.0, 2902208.2 ], [ 4170976.4, 2902205.8 ], [ 4170914.4, 2902225.2 ], [ 4170888.4, 2902181.3 ], [ 4170869.7, 2902173.4 ], [ 4170842.4, 2902131.5 ], [ 4170826.9, 2902124.2 ], [ 4170713.1, 2902148.2 ], [ 4170641.0, 2902179.5 ], [ 4170604.4, 2902203.8 ], [ 4170544.0, 2902264.1 ], [ 4170481.0, 2902371.2 ], [ 4170483.6, 2902402.5 ], [ 4170463.7, 2902436.5 ], [ 4170291.2, 2902592.6 ], [ 4170178.3, 2902757.9 ], [ 4170448.0, 2903198.1 ], [ 4170525.2, 2903278.3 ], [ 4170656.5, 2903387.8 ], [ 4170663.5, 2903410.7 ], [ 4170736.3, 2903442.6 ], [ 4170759.9, 2903430.2 ], [ 4170822.9, 2903438.6 ], [ 4170843.0, 2903417.7 ], [ 4170868.4, 2903409.6 ], [ 4170879.4, 2903350.6 ], [ 4170990.6, 2903378.5 ], [ 4170983.9, 2903406.3 ], [ 4170992.2, 2903446.3 ], [ 4171027.2, 2903457.1 ], [ 4171044.4, 2903439.1 ], [ 4171057.5, 2903455.6 ], [ 4171099.7, 2903460.0 ], [ 4171101.5, 2903507.4 ], [ 4171144.4, 2903539.0 ], [ 4171186.4, 2903602.8 ], [ 4171229.3, 2903643.2 ], [ 4171263.8, 2903697.4 ], [ 4171287.8, 2903716.0 ], [ 4171275.8, 2903762.9 ], [ 4171250.6, 2903761.2 ], [ 4171249.3, 2903710.0 ], [ 4171233.6, 2903681.9 ], [ 4171177.7, 2903630.7 ], [ 4171153.0, 2903620.8 ], [ 4171104.6, 2903582.6 ], [ 4171105.6, 2903564.2 ], [ 4171093.5, 2903550.3 ], [ 4171013.6, 2903520.3 ], [ 4170987.9, 2903526.4 ], [ 4170976.1, 2903555.1 ], [ 4170900.2, 2903536.1 ], [ 4170905.2, 2903510.1 ], [ 4170892.5, 2903494.3 ], [ 4170686.6, 2903451.3 ], [ 4170593.0, 2903398.7 ], [ 4170483.8, 2903325.0 ], [ 4170457.4, 2903298.8 ], [ 4170442.6, 2903296.7 ], [ 4170427.3, 2903306.2 ], [ 4170383.2, 2903259.8 ], [ 4170302.3, 2903106.5 ], [ 4170242.1, 2903014.1 ], [ 4170181.4, 2902957.5 ], [ 4170186.5, 2902926.2 ], [ 4170167.9, 2902900.4 ], [ 4170168.7, 2902883.6 ], [ 4170126.1, 2902829.6 ], [ 4170101.3, 2902832.7 ], [ 4170080.0, 2902864.3 ], [ 4170022.2, 2902917.5 ], [ 4169970.9, 2902923.9 ], [ 4169927.4, 2902959.8 ], [ 4169901.5, 2902957.9 ], [ 4169887.3, 2902973.1 ], [ 4169874.3, 2902939.0 ], [ 4169858.0, 2902933.8 ], [ 4169842.7, 2902940.6 ], [ 4169837.1, 2902932.4 ], [ 4169865.9, 2902914.2 ], [ 4169877.5, 2902891.5 ], [ 4169909.0, 2902865.4 ], [ 4169965.5, 2902841.2 ], [ 4169967.6, 2902817.4 ], [ 4169943.5, 2902793.7 ], [ 4169891.6, 2902801.3 ], [ 4169866.7, 2902820.4 ], [ 4169850.2, 2902823.6 ], [ 4169719.0, 2902802.9 ], [ 4169619.3, 2902800.9 ], [ 4169571.6, 2902814.6 ], [ 4169522.5, 2902843.4 ], [ 4169501.9, 2902842.8 ], [ 4169489.2, 2902861.2 ], [ 4169490.3, 2902935.1 ], [ 4169535.7, 2903045.5 ], [ 4169541.7, 2903094.4 ], [ 4169557.1, 2903108.7 ], [ 4169586.9, 2903097.9 ], [ 4169592.2, 2903106.4 ], [ 4169507.0, 2903162.3 ], [ 4169500.8, 2903184.6 ], [ 4169480.1, 2903182.9 ], [ 4169434.0, 2903209.7 ], [ 4169094.5, 2903428.1 ], [ 4169093.0, 2903445.2 ], [ 4169125.9, 2903534.4 ], [ 4169140.3, 2903547.4 ], [ 4169132.0, 2903565.1 ], [ 4169166.5, 2903863.5 ], [ 4169159.6, 2903933.1 ], [ 4169117.3, 2904037.3 ], [ 4169023.5, 2904148.0 ], [ 4168995.1, 2904197.6 ], [ 4168971.0, 2904273.1 ], [ 4168963.7, 2904355.5 ], [ 4168952.9, 2904391.8 ], [ 4168919.9, 2904441.4 ], [ 4168840.8, 2904521.0 ], [ 4168808.4, 2904582.1 ], [ 4168789.0, 2904745.1 ], [ 4168777.8, 2904771.8 ], [ 4168748.4, 2904799.1 ], [ 4168672.7, 2904813.0 ], [ 4168619.6, 2904835.6 ], [ 4168612.9, 2904853.6 ], [ 4168613.1, 2905008.5 ], [ 4168597.1, 2905046.9 ], [ 4168572.1, 2905070.6 ], [ 4168458.1, 2905091.4 ], [ 4168393.0, 2905083.9 ], [ 4168346.5, 2905054.6 ], [ 4168266.5, 2904946.6 ], [ 4168229.0, 2904934.3 ], [ 4168197.7, 2904936.9 ], [ 4168168.6, 2904954.2 ], [ 4168103.0, 2905069.4 ], [ 4168048.6, 2905141.9 ], [ 4167979.1, 2905199.1 ], [ 4167949.2, 2905235.3 ], [ 4167933.0, 2905289.7 ], [ 4167970.2, 2905363.4 ], [ 4167966.0, 2905402.8 ], [ 4168051.8, 2905536.6 ], [ 4168075.9, 2905599.0 ], [ 4168078.2, 2905657.4 ], [ 4168049.5, 2905741.1 ], [ 4168046.0, 2905784.5 ], [ 4168130.3, 2905890.2 ], [ 4168142.3, 2905942.1 ], [ 4168125.6, 2905962.6 ], [ 4168132.9, 2906011.8 ], [ 4168128.1, 2906051.4 ], [ 4168138.4, 2906066.7 ], [ 4168171.2, 2906079.6 ], [ 4168086.3, 2906234.4 ], [ 4168051.0, 2906329.1 ], [ 4167990.1, 2906412.8 ], [ 4167984.2, 2906433.5 ], [ 4167989.8, 2906452.8 ], [ 4168062.5, 2906519.1 ], [ 4168072.0, 2906535.4 ], [ 4168071.5, 2906553.9 ], [ 4168102.0, 2906604.6 ], [ 4168105.8, 2906640.3 ], [ 4168082.5, 2906704.8 ], [ 4168009.0, 2906803.3 ], [ 4167959.7, 2906898.5 ], [ 4167954.6, 2906947.2 ], [ 4167984.9, 2907017.1 ], [ 4167976.7, 2907049.6 ], [ 4167758.5, 2907224.9 ], [ 4167713.5, 2907270.6 ], [ 4167672.5, 2907341.3 ], [ 4167647.9, 2907435.2 ], [ 4167697.8, 2907615.2 ], [ 4167713.3, 2907701.7 ], [ 4167711.5, 2907759.7 ], [ 4167696.5, 2907813.6 ], [ 4167643.4, 2907898.9 ], [ 4167599.0, 2907957.5 ], [ 4167524.0, 2908019.1 ], [ 4167504.5, 2908055.4 ], [ 4167499.3, 2908103.5 ], [ 4167545.9, 2908216.7 ], [ 4167549.7, 2908253.5 ], [ 4167527.9, 2908281.6 ], [ 4167379.2, 2908347.0 ], [ 4167360.7, 2908361.6 ], [ 4167331.4, 2908413.2 ], [ 4167327.2, 2908501.5 ], [ 4167299.9, 2908552.5 ], [ 4167196.5, 2908611.4 ], [ 4167120.6, 2908680.3 ], [ 4167067.5, 2908769.1 ], [ 4166995.1, 2908813.6 ], [ 4166991.2, 2908827.1 ], [ 4166998.7, 2908842.8 ], [ 4167078.3, 2908879.5 ], [ 4167096.3, 2908897.0 ], [ 4167105.1, 2908920.3 ], [ 4167099.0, 2908961.4 ], [ 4167004.5, 2909096.5 ], [ 4166976.2, 2909123.9 ], [ 4166917.8, 2909141.4 ], [ 4166839.4, 2909137.3 ], [ 4166810.7, 2909151.2 ], [ 4166800.2, 2909174.9 ], [ 4166795.4, 2909222.5 ], [ 4166813.8, 2909301.7 ], [ 4166803.0, 2909329.8 ], [ 4166779.6, 2909338.3 ], [ 4166656.5, 2909314.4 ], [ 4166564.1, 2909339.5 ], [ 4166522.0, 2909371.0 ], [ 4166491.9, 2909415.3 ], [ 4166409.6, 2909496.1 ], [ 4166375.7, 2909540.6 ], [ 4166341.3, 2909636.6 ], [ 4166336.4, 2909694.8 ], [ 4166351.6, 2909760.7 ], [ 4166398.7, 2909838.5 ], [ 4166409.7, 2909878.0 ], [ 4166398.9, 2909939.1 ], [ 4166402.4, 2909981.0 ], [ 4166380.8, 2910057.6 ], [ 4166431.6, 2910161.5 ], [ 4166421.0, 2910160.1 ], [ 4166381.8, 2910096.0 ], [ 4166357.5, 2910025.3 ], [ 4166333.7, 2910017.3 ], [ 4166314.7, 2910033.4 ], [ 4166250.5, 2910128.5 ], [ 4166077.7, 2910234.8 ], [ 4166038.2, 2910278.0 ], [ 4166043.2, 2910456.6 ], [ 4166036.0, 2910493.9 ], [ 4165977.0, 2910604.5 ], [ 4165969.9, 2910639.5 ], [ 4165969.4, 2910672.4 ], [ 4166006.0, 2910832.9 ], [ 4166010.7, 2910936.3 ], [ 4165977.9, 2911158.9 ], [ 4165982.6, 2911223.2 ], [ 4166045.6, 2911381.4 ], [ 4166142.4, 2911520.1 ], [ 4166155.1, 2911555.2 ], [ 4166150.8, 2911623.7 ], [ 4166170.9, 2911707.9 ], [ 4166241.6, 2911862.2 ], [ 4166240.1, 2911894.2 ], [ 4166202.3, 2911957.9 ], [ 4166183.0, 2912015.9 ], [ 4166184.0, 2912070.3 ], [ 4166236.6, 2912163.5 ], [ 4166361.3, 2912247.4 ], [ 4166376.4, 2912280.8 ], [ 4166379.2, 2912310.0 ], [ 4166361.0, 2912345.1 ], [ 4166276.6, 2912409.3 ], [ 4166232.1, 2912491.6 ], [ 4166153.9, 2912587.0 ], [ 4166122.0, 2912650.5 ], [ 4166036.7, 2912708.2 ], [ 4165948.3, 2912812.9 ], [ 4165929.5, 2912870.2 ], [ 4165921.5, 2912928.9 ], [ 4165881.9, 2913007.6 ], [ 4165859.2, 2913072.9 ], [ 4165842.6, 2913092.5 ], [ 4165817.2, 2913106.1 ], [ 4165707.7, 2913144.1 ], [ 4165670.2, 2913177.1 ], [ 4165515.4, 2913370.7 ], [ 4165445.3, 2913431.3 ], [ 4165356.2, 2913600.0 ], [ 4165312.0, 2913627.2 ], [ 4165262.2, 2913631.7 ], [ 4165065.1, 2913572.1 ], [ 4165051.9, 2913583.6 ], [ 4165031.3, 2913638.0 ], [ 4165034.9, 2913702.2 ], [ 4165048.9, 2913729.0 ], [ 4165109.7, 2913776.0 ], [ 4165183.6, 2913847.6 ], [ 4165210.0, 2913884.1 ], [ 4165220.5, 2913919.6 ], [ 4165209.1, 2913967.1 ], [ 4165216.0, 2914019.1 ], [ 4165266.1, 2914201.5 ], [ 4165290.6, 2914248.4 ], [ 4165349.1, 2914289.3 ], [ 4165381.1, 2914301.6 ], [ 4165495.4, 2914308.3 ], [ 4165731.8, 2914359.1 ], [ 4165986.0, 2914492.9 ], [ 4166037.7, 2914531.6 ], [ 4166055.9, 2914577.9 ], [ 4166071.6, 2914698.5 ], [ 4166118.0, 2914780.5 ], [ 4166143.5, 2914868.6 ], [ 4166248.3, 2914960.0 ], [ 4166287.5, 2915025.3 ], [ 4166289.9, 2915057.9 ], [ 4166268.8, 2915180.1 ], [ 4166277.9, 2915215.8 ], [ 4166300.3, 2915244.9 ], [ 4166325.6, 2915261.6 ], [ 4166355.9, 2915269.3 ], [ 4166570.5, 2915251.2 ], [ 4166631.7, 2915266.8 ], [ 4166652.0, 2915292.5 ], [ 4166687.7, 2915425.0 ], [ 4166747.2, 2915497.0 ], [ 4166808.5, 2915531.1 ], [ 4167069.5, 2915588.4 ], [ 4167167.4, 2915655.7 ], [ 4167171.1, 2915709.6 ], [ 4167122.6, 2915864.7 ], [ 4167117.3, 2915964.0 ], [ 4167136.8, 2915996.6 ], [ 4167170.7, 2916015.7 ], [ 4167206.5, 2916019.7 ], [ 4167249.2, 2916006.3 ], [ 4167333.7, 2915963.1 ], [ 4167434.1, 2915957.2 ], [ 4167486.2, 2915967.3 ], [ 4167558.6, 2916006.3 ], [ 4167743.7, 2916132.2 ], [ 4167817.7, 2916155.2 ], [ 4167873.9, 2916150.6 ], [ 4168160.4, 2916045.6 ], [ 4168405.1, 2915973.6 ], [ 4168849.0, 2915732.6 ], [ 4168879.6, 2915712.8 ], [ 4168921.3, 2915663.2 ], [ 4168943.2, 2915656.2 ], [ 4168978.4, 2915660.8 ], [ 4169106.1, 2915707.6 ], [ 4169225.5, 2915723.8 ], [ 4169385.4, 2915780.7 ], [ 4169417.6, 2915774.9 ], [ 4169435.4, 2915737.6 ], [ 4169441.0, 2915654.6 ], [ 4169452.3, 2915631.9 ], [ 4169441.9, 2915610.8 ], [ 4169417.4, 2915605.9 ], [ 4169356.3, 2915637.7 ], [ 4169326.5, 2915674.9 ], [ 4169306.4, 2915668.7 ], [ 4169299.0, 2915653.1 ], [ 4169316.5, 2915654.0 ], [ 4169332.4, 2915639.9 ], [ 4169323.0, 2915601.6 ], [ 4169309.0, 2915589.7 ], [ 4169288.1, 2915590.3 ], [ 4169276.1, 2915598.0 ], [ 4169271.7, 2915615.2 ], [ 4169294.0, 2915649.8 ], [ 4169259.2, 2915654.2 ], [ 4169053.4, 2915554.2 ], [ 4169043.6, 2915546.8 ], [ 4169050.9, 2915509.5 ], [ 4169045.5, 2915493.5 ], [ 4168963.0, 2915460.1 ], [ 4168908.8, 2915471.6 ], [ 4168841.4, 2915518.0 ], [ 4168805.1, 2915564.2 ], [ 4168794.2, 2915590.2 ], [ 4168765.3, 2915617.8 ], [ 4168749.0, 2915616.9 ], [ 4168667.6, 2915651.9 ], [ 4168524.7, 2915692.6 ], [ 4168476.8, 2915717.1 ], [ 4168467.6, 2915736.1 ], [ 4168428.6, 2915749.1 ], [ 4168415.7, 2915749.7 ], [ 4168408.6, 2915740.7 ], [ 4168426.7, 2915715.1 ], [ 4168458.9, 2915691.6 ], [ 4168634.1, 2915649.4 ], [ 4168745.6, 2915611.0 ], [ 4168778.5, 2915578.7 ], [ 4168816.1, 2915519.1 ], [ 4168852.7, 2915483.9 ], [ 4168911.2, 2915436.3 ], [ 4168951.2, 2915415.6 ], [ 4168958.0, 2915398.4 ], [ 4168951.9, 2915371.2 ], [ 4168962.9, 2915361.3 ], [ 4168989.6, 2915357.8 ], [ 4169005.5, 2915316.4 ], [ 4168997.6, 2915304.0 ], [ 4168928.5, 2915262.5 ], [ 4168912.5, 2915224.1 ], [ 4168914.7, 2915169.3 ], [ 4168969.9, 2915140.1 ], [ 4168965.8, 2915096.6 ], [ 4169023.9, 2915091.3 ], [ 4169044.4, 2915077.1 ], [ 4169051.5, 2915060.6 ], [ 4169043.6, 2915034.9 ], [ 4169057.8, 2915020.2 ], [ 4169084.8, 2915010.0 ], [ 4169155.6, 2915019.9 ], [ 4169206.2, 2915047.5 ], [ 4169272.1, 2915051.7 ], [ 4169333.4, 2915023.0 ], [ 4169360.4, 2915035.7 ], [ 4169378.7, 2915032.8 ], [ 4169398.1, 2914983.2 ], [ 4169413.7, 2914968.3 ], [ 4169455.1, 2914987.1 ], [ 4169469.9, 2914985.4 ], [ 4169481.4, 2914971.1 ], [ 4169475.4, 2914938.0 ], [ 4169484.8, 2914930.7 ], [ 4169551.7, 2914943.0 ], [ 4169599.8, 2914974.3 ], [ 4169631.3, 2914983.6 ], [ 4169679.3, 2914978.3 ], [ 4169707.0, 2914960.9 ], [ 4169788.5, 2915006.9 ], [ 4169890.8, 2915049.6 ], [ 4169915.3, 2915098.9 ], [ 4169945.8, 2915105.3 ], [ 4169948.9, 2915176.6 ], [ 4169916.6, 2915175.4 ], [ 4169901.8, 2915183.6 ], [ 4169894.2, 2915212.8 ], [ 4169904.6, 2915230.7 ], [ 4169942.0, 2915235.5 ], [ 4169955.7, 2915256.7 ], [ 4170067.5, 2915287.0 ], [ 4170362.3, 2915433.5 ], [ 4170375.3, 2915448.8 ], [ 4170464.2, 2915480.0 ], [ 4170500.1, 2915499.1 ], [ 4170584.3, 2915565.8 ], [ 4170605.3, 2915572.2 ], [ 4170623.5, 2915563.1 ], [ 4170667.4, 2915579.3 ], [ 4170686.1, 2915615.3 ], [ 4170755.8, 2915649.7 ], [ 4170737.8, 2915667.2 ], [ 4170748.1, 2915690.2 ], [ 4171103.4, 2915797.4 ], [ 4171203.8, 2915811.7 ], [ 4171371.3, 2915819.4 ], [ 4171547.0, 2915791.0 ], [ 4171689.6, 2915737.3 ], [ 4171824.2, 2915673.9 ], [ 4171941.5, 2915663.5 ], [ 4171994.1, 2915638.1 ], [ 4172090.6, 2915565.0 ], [ 4172191.3, 2915527.6 ], [ 4172285.8, 2915439.2 ], [ 4172372.4, 2915404.5 ], [ 4172464.2, 2915274.9 ], [ 4172490.4, 2915252.8 ], [ 4172591.2, 2915210.4 ], [ 4172768.6, 2915157.6 ], [ 4172902.2, 2915060.6 ], [ 4172960.5, 2915046.3 ], [ 4173013.8, 2915052.6 ], [ 4173028.6, 2915043.4 ], [ 4173029.1, 2914958.7 ], [ 4173010.1, 2914896.1 ], [ 4172887.3, 2914726.4 ], [ 4172847.1, 2914689.6 ], [ 4172570.0, 2914518.9 ], [ 4172527.0, 2914530.5 ], [ 4172461.8, 2914582.5 ], [ 4172428.6, 2914588.1 ], [ 4172266.8, 2914550.0 ], [ 4172003.2, 2914428.9 ], [ 4171938.0, 2914417.5 ], [ 4171890.9, 2914434.0 ], [ 4171827.4, 2914501.1 ], [ 4171792.4, 2914527.2 ], [ 4171744.9, 2914537.8 ], [ 4171713.6, 2914536.0 ], [ 4171691.7, 2914524.5 ], [ 4171669.5, 2914496.5 ], [ 4171639.8, 2914391.6 ], [ 4171612.6, 2914349.2 ], [ 4171567.2, 2914331.4 ], [ 4171458.0, 2914337.3 ], [ 4171428.8, 2914327.5 ], [ 4171400.4, 2914310.0 ], [ 4171355.4, 2914239.7 ], [ 4171311.2, 2914193.4 ], [ 4171272.6, 2914175.9 ], [ 4171198.9, 2914163.7 ], [ 4170847.7, 2914172.2 ], [ 4170777.9, 2914210.5 ], [ 4170678.7, 2914285.5 ], [ 4170601.2, 2914308.2 ], [ 4170552.5, 2914288.3 ], [ 4170536.2, 2914265.8 ], [ 4170526.1, 2914215.5 ], [ 4170488.1, 2914162.2 ], [ 4170348.4, 2914063.8 ], [ 4170315.2, 2914014.3 ], [ 4170267.2, 2913841.2 ], [ 4170268.4, 2913808.0 ], [ 4170314.2, 2913883.5 ], [ 4170331.9, 2913962.4 ], [ 4170337.0, 2914032.2 ], [ 4170492.8, 2914137.4 ], [ 4170541.1, 2914196.9 ], [ 4170557.7, 2914230.4 ], [ 4170604.9, 2914264.4 ], [ 4170638.4, 2914270.0 ], [ 4170666.8, 2914259.8 ], [ 4170708.6, 2914234.5 ], [ 4170769.6, 2914166.5 ], [ 4170827.2, 2914140.4 ], [ 4170974.4, 2914122.2 ], [ 4171014.7, 2914134.0 ], [ 4171060.6, 2914096.1 ], [ 4171025.5, 2913978.9 ], [ 4171029.8, 2913954.5 ], [ 4171073.4, 2913863.5 ], [ 4171077.0, 2913790.8 ], [ 4171030.0, 2913734.5 ], [ 4170993.2, 2913720.7 ], [ 4170976.0, 2913725.6 ], [ 4170896.5, 2913631.7 ], [ 4170976.5, 2913606.9 ], [ 4171056.5, 2913524.2 ], [ 4171060.1, 2913490.1 ], [ 4171080.2, 2913483.6 ], [ 4171091.5, 2913505.3 ], [ 4171092.8, 2913530.9 ], [ 4171077.5, 2913559.3 ], [ 4171033.5, 2913600.0 ], [ 4171023.6, 2913629.5 ], [ 4171039.5, 2913709.8 ], [ 4171077.9, 2913747.2 ], [ 4171089.7, 2913771.0 ], [ 4171080.8, 2913786.7 ], [ 4171078.0, 2913860.0 ], [ 4171054.9, 2913924.5 ], [ 4171066.2, 2913963.0 ], [ 4171071.4, 2914061.4 ], [ 4171063.4, 2914080.8 ], [ 4171097.8, 2914148.8 ], [ 4171112.5, 2914158.3 ], [ 4171198.7, 2914160.1 ], [ 4171275.6, 2914172.9 ], [ 4171301.2, 2914183.1 ], [ 4171357.9, 2914237.1 ], [ 4171403.0, 2914307.4 ], [ 4171431.6, 2914324.8 ], [ 4171460.2, 2914333.8 ], [ 4171566.9, 2914327.7 ], [ 4171605.7, 2914340.3 ], [ 4171623.0, 2914353.5 ], [ 4171642.7, 2914389.3 ], [ 4171673.6, 2914496.7 ], [ 4171706.4, 2914529.4 ], [ 4171743.1, 2914534.4 ], [ 4171791.9, 2914523.5 ], [ 4171889.2, 2914430.7 ], [ 4171938.2, 2914413.6 ], [ 4172004.9, 2914425.7 ], [ 4172267.8, 2914546.6 ], [ 4172426.1, 2914584.0 ], [ 4172462.9, 2914578.0 ], [ 4172524.9, 2914527.2 ], [ 4172571.3, 2914515.4 ], [ 4172850.1, 2914687.3 ], [ 4172890.2, 2914724.3 ], [ 4173011.2, 2914890.2 ], [ 4173032.4, 2914956.2 ], [ 4173044.0, 2915061.1 ], [ 4173079.4, 2915095.7 ], [ 4173097.4, 2915096.9 ], [ 4173108.6, 2915087.6 ], [ 4173107.5, 2915043.0 ], [ 4173139.2, 2915042.5 ], [ 4173178.2, 2915030.2 ], [ 4173165.9, 2915066.1 ], [ 4173174.6, 2915084.6 ], [ 4173194.1, 2915090.5 ], [ 4173237.3, 2915072.3 ], [ 4173345.0, 2915004.9 ], [ 4173386.8, 2914990.2 ], [ 4173433.6, 2915000.7 ], [ 4173479.5, 2915034.2 ], [ 4173497.5, 2915035.6 ], [ 4173511.9, 2915012.2 ], [ 4173489.0, 2914946.4 ], [ 4173516.5, 2914976.6 ], [ 4173570.5, 2915075.3 ], [ 4173620.1, 2915128.1 ], [ 4173684.3, 2915178.4 ], [ 4173696.6, 2915201.7 ], [ 4173730.2, 2915225.2 ], [ 4173819.6, 2915332.8 ], [ 4173787.7, 2915356.2 ], [ 4173781.7, 2915376.1 ], [ 4173845.8, 2915460.9 ], [ 4173915.9, 2915470.0 ], [ 4173928.9, 2915458.5 ], [ 4173957.7, 2915378.8 ], [ 4174020.4, 2915392.7 ], [ 4174057.7, 2915388.0 ], [ 4174069.1, 2915379.8 ], [ 4174072.9, 2915362.8 ], [ 4174115.8, 2915355.7 ], [ 4174152.1, 2915335.2 ], [ 4174159.7, 2915349.0 ], [ 4174173.5, 2915354.1 ], [ 4174195.4, 2915336.9 ], [ 4174219.3, 2915334.3 ], [ 4174222.1, 2915354.5 ], [ 4174240.1, 2915365.9 ], [ 4174308.6, 2915360.0 ], [ 4174352.2, 2915370.0 ], [ 4174376.3, 2915350.8 ], [ 4174413.8, 2915370.0 ], [ 4174409.6, 2915415.3 ], [ 4174418.9, 2915454.8 ], [ 4174349.2, 2915485.8 ], [ 4174246.1, 2915565.0 ], [ 4174217.6, 2915624.4 ], [ 4174221.4, 2915674.8 ], [ 4174301.0, 2915772.6 ], [ 4174323.4, 2915884.4 ], [ 4174314.1, 2915978.3 ], [ 4174294.5, 2916008.5 ], [ 4174240.6, 2916053.8 ], [ 4174232.3, 2916090.2 ], [ 4174251.1, 2916121.2 ], [ 4174349.7, 2916171.0 ], [ 4174498.6, 2916276.1 ], [ 4174534.1, 2916313.2 ], [ 4174591.4, 2916420.7 ], [ 4174653.7, 2916474.5 ], [ 4174683.6, 2916480.8 ], [ 4174710.1, 2916473.1 ], [ 4174772.7, 2916429.1 ], [ 4174809.2, 2916387.2 ], [ 4174819.2, 2916340.7 ], [ 4174801.2, 2916271.3 ], [ 4174752.9, 2916185.0 ], [ 4174803.9, 2916168.3 ], [ 4174826.7, 2916105.0 ], [ 4174855.7, 2916066.5 ], [ 4174908.5, 2916052.1 ], [ 4174981.0, 2916057.6 ], [ 4174993.7, 2916049.7 ], [ 4175001.7, 2916027.4 ], [ 4175049.7, 2916041.5 ], [ 4175040.4, 2916064.4 ], [ 4175047.1, 2916080.3 ], [ 4175083.7, 2916113.3 ], [ 4175111.7, 2916103.5 ], [ 4175142.3, 2916138.7 ], [ 4175156.3, 2916166.3 ], [ 4175147.3, 2916193.0 ], [ 4175141.2, 2916273.2 ], [ 4175158.8, 2916285.4 ], [ 4175191.5, 2916274.3 ], [ 4175184.4, 2916297.0 ], [ 4175188.3, 2916310.4 ], [ 4175261.3, 2916377.6 ], [ 4175360.5, 2916433.5 ], [ 4175378.0, 2916432.8 ], [ 4175469.6, 2916470.8 ], [ 4175595.5, 2916494.6 ], [ 4175615.2, 2916492.8 ], [ 4175626.9, 2916479.4 ], [ 4175624.4, 2916434.9 ] ], [ [ 4174394.9, 2914967.9 ], [ 4174406.0, 2914942.2 ], [ 4174426.3, 2914940.1 ], [ 4174433.4, 2915008.0 ], [ 4174412.6, 2915029.6 ], [ 4174399.8, 2915029.0 ], [ 4174369.5, 2915005.3 ], [ 4174367.6, 2914998.2 ], [ 4174394.9, 2914967.9 ] ], [ [ 4173432.9, 2914939.6 ], [ 4173360.8, 2914940.8 ], [ 4173389.9, 2914913.8 ], [ 4173434.7, 2914932.9 ], [ 4173432.9, 2914939.6 ] ], [ [ 4174139.5, 2913643.5 ], [ 4174186.4, 2913611.1 ], [ 4174209.7, 2913613.3 ], [ 4174216.6, 2913690.4 ], [ 4174165.6, 2913650.6 ], [ 4174139.5, 2913643.5 ] ], [ [ 4167701.5, 2913707.9 ], [ 4167779.0, 2913729.6 ], [ 4167848.1, 2913725.7 ], [ 4167890.3, 2913742.3 ], [ 4167947.2, 2913745.1 ], [ 4167955.0, 2913764.1 ], [ 4167992.0, 2913798.0 ], [ 4168093.5, 2913943.1 ], [ 4168121.1, 2913970.3 ], [ 4168220.4, 2914045.3 ], [ 4168306.8, 2914079.4 ], [ 4168344.4, 2914110.7 ], [ 4168386.4, 2914124.1 ], [ 4168414.8, 2914146.5 ], [ 4168522.3, 2914191.1 ], [ 4168803.8, 2914232.2 ], [ 4168843.4, 2914224.4 ], [ 4168964.0, 2914279.5 ], [ 4169109.6, 2914216.9 ], [ 4169325.9, 2914154.8 ], [ 4169388.4, 2914126.9 ], [ 4169444.9, 2914081.2 ], [ 4169500.4, 2913961.0 ], [ 4169527.3, 2913939.1 ], [ 4169612.8, 2913909.7 ], [ 4169729.4, 2913889.3 ], [ 4169736.7, 2913877.2 ], [ 4169733.4, 2913860.1 ], [ 4169664.7, 2913807.0 ], [ 4169659.6, 2913760.5 ], [ 4169691.4, 2913792.8 ], [ 4169756.7, 2913804.0 ], [ 4169804.9, 2913797.5 ], [ 4169828.3, 2913775.4 ], [ 4169882.3, 2913771.6 ], [ 4169957.0, 2913780.4 ], [ 4169982.6, 2913787.5 ], [ 4170039.0, 2913828.0 ], [ 4169999.2, 2913860.0 ], [ 4169943.7, 2913888.1 ], [ 4169689.8, 2913935.6 ], [ 4169534.8, 2913985.9 ], [ 4169508.4, 2914018.9 ], [ 4169496.6, 2914053.6 ], [ 4169436.1, 2914129.5 ], [ 4169344.1, 2914167.3 ], [ 4169074.6, 2914242.9 ], [ 4168974.3, 2914294.2 ], [ 4168784.4, 2914468.9 ], [ 4168755.0, 2914507.1 ], [ 4168725.3, 2914568.6 ], [ 4168683.2, 2914593.8 ], [ 4168668.7, 2914591.7 ], [ 4168670.0, 2914570.7 ], [ 4168705.9, 2914546.9 ], [ 4168744.1, 2914457.9 ], [ 4168770.9, 2914418.1 ], [ 4168880.7, 2914342.2 ], [ 4168917.2, 2914329.6 ], [ 4168926.0, 2914313.7 ], [ 4168919.7, 2914296.6 ], [ 4168819.1, 2914264.9 ], [ 4168536.2, 2914219.4 ], [ 4168386.9, 2914158.3 ], [ 4168283.1, 2914082.2 ], [ 4168122.8, 2914034.0 ], [ 4168068.3, 2913984.9 ], [ 4167983.3, 2913840.5 ], [ 4167931.5, 2913792.4 ], [ 4167882.0, 2913785.8 ], [ 4167723.6, 2913725.2 ], [ 4167631.5, 2913726.0 ], [ 4167430.1, 2913791.8 ], [ 4167368.3, 2913820.9 ], [ 4167340.3, 2913846.2 ], [ 4167275.3, 2913961.3 ], [ 4167236.9, 2914003.4 ], [ 4167194.7, 2914008.8 ], [ 4167199.4, 2914001.0 ], [ 4167241.3, 2913991.2 ], [ 4167284.9, 2913934.5 ], [ 4167306.1, 2913886.4 ], [ 4167342.5, 2913832.9 ], [ 4167414.3, 2913788.0 ], [ 4167618.2, 2913717.8 ], [ 4167701.5, 2913707.9 ] ], [ [ 4165643.2, 2913839.3 ], [ 4165600.1, 2913874.0 ], [ 4165566.7, 2913861.3 ], [ 4165499.6, 2913893.3 ], [ 4165503.6, 2913874.4 ], [ 4165535.7, 2913860.4 ], [ 4165562.4, 2913816.5 ], [ 4165628.6, 2913775.9 ], [ 4165617.5, 2913804.6 ], [ 4165643.2, 2913839.3 ] ], [ [ 4165539.7, 2914112.8 ], [ 4165524.0, 2914111.3 ], [ 4165521.7, 2914087.1 ], [ 4165505.9, 2914066.3 ], [ 4165511.4, 2914045.5 ], [ 4165529.3, 2914032.5 ], [ 4165553.6, 2914049.5 ], [ 4165539.7, 2914112.8 ] ], [ [ 4170885.5, 2914669.2 ], [ 4170864.1, 2914709.7 ], [ 4170815.2, 2914682.7 ], [ 4170797.3, 2914684.1 ], [ 4170772.7, 2914738.9 ], [ 4170698.3, 2914707.7 ], [ 4170707.5, 2914676.8 ], [ 4170746.2, 2914684.6 ], [ 4170763.2, 2914677.3 ], [ 4170789.0, 2914614.5 ], [ 4170885.5, 2914669.2 ] ], [ [ 4170595.3, 2913249.1 ], [ 4170636.5, 2913222.4 ], [ 4170654.2, 2913262.3 ], [ 4170648.4, 2913276.8 ], [ 4170622.9, 2913285.9 ], [ 4170595.3, 2913249.1 ] ], [ [ 4171700.6, 2912890.8 ], [ 4171728.1, 2912870.6 ], [ 4171781.3, 2912934.3 ], [ 4171732.8, 2912936.2 ], [ 4171700.6, 2912890.8 ] ], [ [ 4167300.3, 2912645.6 ], [ 4167358.6, 2912662.7 ], [ 4167348.6, 2912682.0 ], [ 4167297.6, 2912707.1 ], [ 4167149.9, 2912760.0 ], [ 4167114.0, 2912747.5 ], [ 4167200.3, 2912688.4 ], [ 4167300.3, 2912645.6 ] ], [ [ 4180181.3, 2912109.2 ], [ 4180208.5, 2912095.0 ], [ 4180254.6, 2912146.2 ], [ 4180216.7, 2912168.1 ], [ 4180181.3, 2912109.2 ] ], [ [ 4176485.1, 2912034.4 ], [ 4176487.6, 2912063.2 ], [ 4176497.4, 2912088.4 ], [ 4176453.6, 2912078.3 ], [ 4176485.1, 2912034.4 ] ], [ [ 4167322.4, 2911884.4 ], [ 4167475.2, 2911910.9 ], [ 4167489.4, 2911933.6 ], [ 4167482.2, 2911953.2 ], [ 4167316.3, 2911913.8 ], [ 4167324.9, 2911899.4 ], [ 4167322.4, 2911884.4 ] ], [ [ 4167528.9, 2911517.3 ], [ 4167583.4, 2911522.3 ], [ 4167616.2, 2911538.5 ], [ 4167796.6, 2911559.0 ], [ 4167878.9, 2911561.6 ], [ 4167928.2, 2911551.6 ], [ 4167928.8, 2911557.5 ], [ 4167889.0, 2911574.0 ], [ 4167838.7, 2911575.0 ], [ 4167573.0, 2911544.1 ], [ 4167511.0, 2911557.7 ], [ 4167465.5, 2911556.8 ], [ 4167408.8, 2911580.9 ], [ 4167428.7, 2911560.6 ], [ 4167484.1, 2911548.3 ], [ 4167528.9, 2911517.3 ] ], [ [ 4168895.6, 2911396.5 ], [ 4168902.9, 2911360.0 ], [ 4168925.1, 2911396.0 ], [ 4168895.6, 2911396.5 ] ], [ [ 4170624.7, 2911245.8 ], [ 4170654.9, 2911233.0 ], [ 4170684.6, 2911284.7 ], [ 4170658.6, 2911312.7 ], [ 4170634.6, 2911282.0 ], [ 4170624.7, 2911245.8 ] ], [ [ 4168233.6, 2911116.7 ], [ 4168254.2, 2911213.6 ], [ 4168230.5, 2911219.2 ], [ 4168224.7, 2911216.7 ], [ 4168217.8, 2911117.3 ], [ 4168233.6, 2911116.7 ] ], [ [ 4173458.8, 2911164.4 ], [ 4173491.6, 2911126.6 ], [ 4173480.4, 2911180.2 ], [ 4173458.8, 2911164.4 ] ], [ [ 4168523.1, 2910880.7 ], [ 4168532.7, 2910879.1 ], [ 4168596.0, 2910911.3 ], [ 4168626.2, 2910903.1 ], [ 4168675.0, 2910947.6 ], [ 4168637.5, 2910961.3 ], [ 4168588.8, 2910947.1 ], [ 4168535.2, 2910905.0 ], [ 4168523.1, 2910880.7 ] ], [ [ 4167557.6, 2910769.8 ], [ 4167488.3, 2910760.8 ], [ 4167478.1, 2910748.6 ], [ 4167483.0, 2910727.2 ], [ 4167613.0, 2910756.0 ], [ 4167595.1, 2910783.2 ], [ 4167557.6, 2910769.8 ] ], [ [ 4167003.7, 2910282.0 ], [ 4166853.5, 2910077.7 ], [ 4166675.3, 2909720.1 ], [ 4166655.9, 2909707.4 ], [ 4166577.7, 2909700.5 ], [ 4166588.2, 2909684.1 ], [ 4166647.5, 2909686.3 ], [ 4166680.0, 2909703.4 ], [ 4166873.2, 2910072.2 ], [ 4167028.1, 2910290.4 ], [ 4167016.8, 2910292.8 ], [ 4167003.7, 2910282.0 ] ], [ [ 4168541.0, 2909347.4 ], [ 4168549.8, 2909342.2 ], [ 4168589.0, 2909391.6 ], [ 4168573.1, 2909401.7 ], [ 4168549.0, 2909374.0 ], [ 4168541.0, 2909347.4 ] ], [ [ 4169119.7, 2908708.0 ], [ 4169212.2, 2908659.5 ], [ 4169210.4, 2908693.3 ], [ 4169229.9, 2908713.8 ], [ 4169229.1, 2908741.1 ], [ 4169241.0, 2908753.6 ], [ 4169256.6, 2908754.9 ], [ 4169255.1, 2908775.2 ], [ 4169213.1, 2908848.0 ], [ 4169188.3, 2908849.9 ], [ 4169135.6, 2908832.0 ], [ 4169094.9, 2908803.2 ], [ 4169081.7, 2908749.2 ], [ 4169082.4, 2908708.5 ], [ 4169119.7, 2908708.0 ] ], [ [ 4170665.3, 2908047.1 ], [ 4170688.9, 2908037.2 ], [ 4170694.3, 2908080.9 ], [ 4170673.8, 2908083.9 ], [ 4170665.3, 2908047.1 ] ], [ [ 4168697.1, 2907115.9 ], [ 4168785.8, 2907085.2 ], [ 4168798.8, 2907088.0 ], [ 4168812.1, 2907111.3 ], [ 4168744.4, 2907132.6 ], [ 4168708.0, 2907170.1 ], [ 4168663.7, 2907151.1 ], [ 4168697.1, 2907115.9 ] ], [ [ 4168208.4, 2906957.9 ], [ 4168216.5, 2906945.7 ], [ 4168308.1, 2906997.7 ], [ 4168290.6, 2907012.0 ], [ 4168286.1, 2907034.7 ], [ 4168275.1, 2907035.7 ], [ 4168208.4, 2906957.9 ] ], [ [ 4170812.4, 2906951.1 ], [ 4170821.0, 2906898.2 ], [ 4170889.7, 2906807.6 ], [ 4170905.2, 2906770.7 ], [ 4170913.5, 2906759.4 ], [ 4170926.0, 2906769.5 ], [ 4170942.0, 2906769.0 ], [ 4170955.5, 2906755.2 ], [ 4170961.2, 2906762.2 ], [ 4170868.9, 2906875.1 ], [ 4170825.2, 2906943.4 ], [ 4170812.4, 2906951.1 ] ], [ [ 4170945.1, 2906728.8 ], [ 4170964.5, 2906723.8 ], [ 4170954.2, 2906738.2 ], [ 4170945.1, 2906728.8 ] ], [ [ 4169745.8, 2905761.6 ], [ 4169773.3, 2905756.8 ], [ 4169755.3, 2905784.3 ], [ 4169745.8, 2905761.6 ] ], [ [ 4170107.5, 2905472.8 ], [ 4170125.4, 2905471.3 ], [ 4170166.4, 2905508.5 ], [ 4170190.8, 2905532.9 ], [ 4170189.8, 2905554.0 ], [ 4170173.1, 2905565.0 ], [ 4170099.3, 2905535.7 ], [ 4170097.4, 2905510.6 ], [ 4170107.5, 2905472.8 ] ], [ [ 4171178.0, 2905373.4 ], [ 4171185.4, 2905363.6 ], [ 4171293.2, 2905375.0 ], [ 4171271.8, 2905417.1 ], [ 4171222.8, 2905417.2 ], [ 4171182.1, 2905401.2 ], [ 4171178.0, 2905373.4 ] ], [ [ 4171164.2, 2904686.7 ], [ 4171080.1, 2904679.2 ], [ 4171079.6, 2904633.1 ], [ 4171107.0, 2904632.7 ], [ 4171168.2, 2904664.4 ], [ 4171164.2, 2904686.7 ] ], [ [ 4169956.9, 2904657.9 ], [ 4169922.5, 2904654.3 ], [ 4169917.1, 2904630.5 ], [ 4169933.5, 2904612.3 ], [ 4169936.5, 2904593.4 ], [ 4169918.3, 2904453.1 ], [ 4169853.6, 2904356.7 ], [ 4169823.1, 2904232.0 ], [ 4169766.1, 2904097.5 ], [ 4169729.1, 2904053.0 ], [ 4169578.0, 2903910.4 ], [ 4169459.2, 2903812.0 ], [ 4169368.8, 2903753.3 ], [ 4169335.0, 2903722.4 ], [ 4169249.8, 2903619.7 ], [ 4169160.0, 2903543.5 ], [ 4169167.8, 2903531.3 ], [ 4169193.3, 2903529.7 ], [ 4169280.1, 2903612.3 ], [ 4169327.7, 2903676.8 ], [ 4169393.4, 2903738.4 ], [ 4169402.5, 2903757.9 ], [ 4169514.2, 2903851.7 ], [ 4169580.0, 2903884.4 ], [ 4169577.8, 2903902.8 ], [ 4169591.0, 2903918.6 ], [ 4169625.5, 2903935.7 ], [ 4169644.3, 2903930.6 ], [ 4169718.0, 2904008.4 ], [ 4169714.5, 2904031.6 ], [ 4169750.2, 2904074.0 ], [ 4169762.8, 2904080.5 ], [ 4169779.8, 2904075.9 ], [ 4169797.5, 2904095.0 ], [ 4169821.4, 2904148.6 ], [ 4169831.5, 2904228.9 ], [ 4169854.4, 2904244.6 ], [ 4169897.7, 2904392.5 ], [ 4169924.6, 2904455.0 ], [ 4169938.3, 2904543.6 ], [ 4169959.4, 2904581.7 ], [ 4169956.9, 2904657.9 ] ], [ [ 4172897.4, 2904594.8 ], [ 4172914.7, 2904499.7 ], [ 4172953.1, 2904502.1 ], [ 4172971.6, 2904510.9 ], [ 4172964.7, 2904567.1 ], [ 4172937.5, 2904597.1 ], [ 4172897.4, 2904594.8 ] ], [ [ 4171361.2, 2904553.5 ], [ 4171334.3, 2904581.5 ], [ 4171261.2, 2904551.5 ], [ 4171267.8, 2904533.6 ], [ 4171312.7, 2904525.3 ], [ 4171330.6, 2904513.2 ], [ 4171338.2, 2904530.7 ], [ 4171358.0, 2904540.3 ], [ 4171361.2, 2904553.5 ] ], [ [ 4172421.5, 2904321.9 ], [ 4172426.5, 2904300.4 ], [ 4172499.2, 2904304.3 ], [ 4172500.5, 2904342.5 ], [ 4172432.1, 2904345.3 ], [ 4172421.5, 2904321.9 ] ], [ [ 4170678.8, 2904270.5 ], [ 4170650.3, 2904314.2 ], [ 4170601.8, 2904319.5 ], [ 4170568.5, 2904301.1 ], [ 4170603.9, 2904271.1 ], [ 4170612.8, 2904251.2 ], [ 4170678.8, 2904270.5 ] ], [ [ 4169510.7, 2903199.3 ], [ 4169573.1, 2903226.9 ], [ 4169579.3, 2903242.7 ], [ 4169611.6, 2903267.4 ], [ 4169603.8, 2903283.0 ], [ 4169578.2, 2903277.7 ], [ 4169510.3, 2903295.8 ], [ 4169499.7, 2903264.9 ], [ 4169519.2, 2903257.2 ], [ 4169527.4, 2903241.6 ], [ 4169510.7, 2903199.3 ] ], [ [ 4169650.4, 2902854.2 ], [ 4169746.3, 2902855.7 ], [ 4169749.7, 2902933.5 ], [ 4169724.8, 2902932.9 ], [ 4169634.6, 2902955.3 ], [ 4169584.8, 2902897.9 ], [ 4169641.1, 2902870.2 ], [ 4169650.4, 2902854.2 ] ], [ [ 4171369.8, 2902862.0 ], [ 4171379.1, 2902860.7 ], [ 4171390.0, 2902906.8 ], [ 4171362.8, 2902922.8 ], [ 4171354.4, 2902891.1 ], [ 4171369.8, 2902862.0 ] ], [ [ 4172546.5, 2901914.5 ], [ 4172617.5, 2901902.7 ], [ 4172635.7, 2901912.5 ], [ 4172636.9, 2901927.3 ], [ 4172612.8, 2901949.6 ], [ 4172598.3, 2901985.2 ], [ 4172532.1, 2901953.9 ], [ 4172546.5, 2901914.5 ] ], [ [ 4172728.3, 2901955.5 ], [ 4172735.2, 2901843.2 ], [ 4172751.9, 2901839.6 ], [ 4172764.1, 2901871.0 ], [ 4172764.6, 2901927.9 ], [ 4172728.3, 2901955.5 ] ], [ [ 4172284.2, 2901845.0 ], [ 4172275.6, 2901839.9 ], [ 4172297.6, 2901785.1 ], [ 4172519.5, 2901681.0 ], [ 4172528.6, 2901662.4 ], [ 4172517.0, 2901637.9 ], [ 4172554.1, 2901604.7 ], [ 4172557.2, 2901635.7 ], [ 4172583.5, 2901662.1 ], [ 4172653.0, 2901664.7 ], [ 4172675.2, 2901650.2 ], [ 4172731.1, 2901639.3 ], [ 4172749.4, 2901647.7 ], [ 4172776.7, 2901638.4 ], [ 4172780.5, 2901647.6 ], [ 4172740.5, 2901663.0 ], [ 4172642.2, 2901676.5 ], [ 4172595.9, 2901702.1 ], [ 4172555.3, 2901707.4 ], [ 4172443.9, 2901781.8 ], [ 4172331.5, 2901815.2 ], [ 4172284.2, 2901845.0 ] ], [ [ 4172391.0, 2901430.8 ], [ 4172432.3, 2901348.4 ], [ 4172448.7, 2901335.6 ], [ 4172465.8, 2901333.4 ], [ 4172491.0, 2901355.7 ], [ 4172541.8, 2901347.2 ], [ 4172627.6, 2901363.1 ], [ 4172647.1, 2901356.5 ], [ 4172685.5, 2901371.5 ], [ 4172696.4, 2901392.4 ], [ 4172685.5, 2901437.9 ], [ 4172732.2, 2901465.0 ], [ 4172713.1, 2901496.6 ], [ 4172661.2, 2901473.0 ], [ 4172646.4, 2901474.7 ], [ 4172629.4, 2901500.3 ], [ 4172433.7, 2901598.5 ], [ 4172357.0, 2901544.3 ], [ 4172357.9, 2901523.1 ], [ 4172375.3, 2901507.2 ], [ 4172391.0, 2901430.8 ] ], [ [ 4173962.4, 2908573.7 ], [ 4173989.1, 2908521.0 ], [ 4174022.6, 2908529.9 ], [ 4174023.2, 2908545.2 ], [ 4174035.8, 2908557.9 ], [ 4174029.8, 2908577.8 ], [ 4173979.6, 2908598.5 ], [ 4173962.4, 2908573.7 ] ], [ [ 4175736.8, 2907952.9 ], [ 4175765.2, 2907953.9 ], [ 4175769.6, 2907974.8 ], [ 4175726.9, 2908004.1 ], [ 4175736.8, 2907952.9 ] ], [ [ 4175847.3, 2907872.2 ], [ 4175874.4, 2907863.5 ], [ 4175893.2, 2907901.6 ], [ 4175867.1, 2907925.0 ], [ 4175839.1, 2907936.0 ], [ 4175824.2, 2907911.5 ], [ 4175847.3, 2907872.2 ] ], [ [ 4174989.4, 2907473.3 ], [ 4174993.0, 2907449.2 ], [ 4175045.4, 2907456.8 ], [ 4175048.3, 2907486.0 ], [ 4174989.4, 2907473.3 ] ], [ [ 4173116.7, 2907000.4 ], [ 4173132.1, 2906972.9 ], [ 4173229.5, 2907017.6 ], [ 4173276.6, 2907023.7 ], [ 4173350.0, 2907015.5 ], [ 4173350.4, 2907062.9 ], [ 4173303.1, 2907080.4 ], [ 4173131.0, 2907043.2 ], [ 4173116.7, 2907000.4 ] ], [ [ 4175516.7, 2906577.7 ], [ 4175539.9, 2906576.6 ], [ 4175550.3, 2906586.6 ], [ 4175547.8, 2906606.9 ], [ 4175512.3, 2906608.2 ], [ 4175516.7, 2906577.7 ] ], [ [ 4174776.9, 2906466.3 ], [ 4174756.1, 2906450.7 ], [ 4174694.7, 2906466.1 ], [ 4174686.9, 2906451.8 ], [ 4174701.0, 2906438.6 ], [ 4174702.9, 2906424.5 ], [ 4174677.1, 2906377.2 ], [ 4174730.4, 2906296.2 ], [ 4174751.4, 2906285.9 ], [ 4174826.3, 2906296.8 ], [ 4174847.7, 2906333.6 ], [ 4174898.8, 2906327.4 ], [ 4174905.4, 2906342.5 ], [ 4174920.7, 2906349.6 ], [ 4174942.3, 2906342.0 ], [ 4174948.6, 2906321.8 ], [ 4174998.0, 2906305.6 ], [ 4175020.0, 2906368.2 ], [ 4174903.0, 2906397.9 ], [ 4174875.4, 2906396.9 ], [ 4174862.6, 2906408.7 ], [ 4174862.9, 2906429.4 ], [ 4174840.3, 2906441.7 ], [ 4174831.7, 2906456.4 ], [ 4174776.9, 2906466.3 ] ], [ [ 4174898.5, 2906253.9 ], [ 4174925.7, 2906219.3 ], [ 4174931.0, 2906193.4 ], [ 4174935.7, 2906258.1 ], [ 4174918.9, 2906275.2 ], [ 4174898.5, 2906253.9 ] ], [ [ 4174480.1, 2905241.2 ], [ 4174512.0, 2905233.8 ], [ 4174515.9, 2905259.7 ], [ 4174510.3, 2905270.9 ], [ 4174493.7, 2905273.2 ], [ 4174486.9, 2905266.3 ], [ 4174480.1, 2905241.2 ] ], [ [ 4174599.6, 2904784.4 ], [ 4174633.1, 2904789.7 ], [ 4174642.1, 2904808.3 ], [ 4174644.7, 2904825.4 ], [ 4174626.0, 2904858.6 ], [ 4174607.2, 2904849.7 ], [ 4174599.6, 2904784.4 ] ], [ [ 4177152.4, 2908723.2 ], [ 4177160.6, 2908668.0 ], [ 4177179.6, 2908635.2 ], [ 4177228.8, 2908614.3 ], [ 4177240.6, 2908621.3 ], [ 4177168.4, 2908731.3 ], [ 4177152.4, 2908723.2 ] ], [ [ 4182238.9, 2910215.6 ], [ 4182265.6, 2910165.0 ], [ 4182353.2, 2910226.9 ], [ 4182328.4, 2910276.7 ], [ 4182238.9, 2910215.6 ] ], [ [ 4182391.9, 2910060.4 ], [ 4182337.0, 2910058.0 ], [ 4182321.9, 2910034.0 ], [ 4182357.6, 2910008.1 ], [ 4182413.7, 2910020.7 ], [ 4182418.8, 2910033.9 ], [ 4182410.1, 2910051.1 ], [ 4182391.9, 2910060.4 ] ] ] } },
{ "type": "Feature", "properties": { "id": "forest_70734", "state": "Rheinland-Pfalz", "area_ha": 11028.39, "unfragmented": true, "image": "forest_70734.webp", "real_width_m": 16028.3, "real_height_m": 12902.6, "pixel_width": 1602, "pixel_height": 1290, "centroid_x": 4161698.7, "centroid_y": 2905637.2 }, "geometry": { "type": "Polygon", "coordinates": [ [ [ 4165704.3, 2913138.3 ], [ 4165815.3, 2913099.9 ], [ 4165851.6, 2913071.8 ], [ 4165875.4, 2913006.2 ], [ 4165906.7, 2912951.8 ], [ 4165942.1, 2912810.4 ], [ 4166034.2, 2912701.6 ], [ 4166117.2, 2912645.9 ], [ 4166149.0, 2912582.6 ], [ 4166227.4, 2912486.8 ], [ 4166270.3, 2912406.9 ], [ 4166354.8, 2912342.0 ], [ 4166372.8, 2912306.3 ], [ 4166354.3, 2912249.3 ], [ 4166233.5, 2912169.9 ], [ 4166176.7, 2912069.6 ], [ 4166176.3, 2912015.8 ], [ 4166196.9, 2911954.0 ], [ 4166234.9, 2911889.3 ], [ 4166235.3, 2911864.6 ], [ 4166164.9, 2911710.7 ], [ 4166146.0, 2911635.8 ], [ 4166148.8, 2911558.5 ], [ 4166136.6, 2911523.2 ], [ 4166039.5, 2911383.9 ], [ 4165976.1, 2911223.8 ], [ 4165971.0, 2911160.7 ], [ 4166004.2, 2910935.4 ], [ 4165999.4, 2910832.8 ], [ 4165962.6, 2910671.1 ], [ 4165963.4, 2910638.2 ], [ 4165970.2, 2910603.8 ], [ 4166029.1, 2910493.2 ], [ 4166036.6, 2910456.7 ], [ 4166039.3, 2910386.5 ], [ 4166026.6, 2910363.6 ], [ 4166023.1, 2910261.2 ], [ 4166010.1, 2910244.1 ], [ 4165903.1, 2910203.5 ], [ 4165806.9, 2910191.6 ], [ 4165643.0, 2910160.0 ], [ 4165579.7, 2910161.8 ], [ 4165458.2, 2910195.1 ], [ 4165379.7, 2910209.5 ], [ 4165181.0, 2910205.9 ], [ 4165097.8, 2910221.8 ], [ 4165093.9, 2910207.6 ], [ 4165130.7, 2910192.0 ], [ 4165205.1, 2910194.6 ], [ 4165233.7, 2910182.5 ], [ 4165336.2, 2910173.0 ], [ 4165366.0, 2910147.0 ], [ 4165380.3, 2910118.4 ], [ 4165425.6, 2910111.1 ], [ 4165536.9, 2910052.5 ], [ 4165615.2, 2910041.1 ], [ 4165796.2, 2910051.2 ], [ 4165808.8, 2910042.7 ], [ 4165826.1, 2910008.4 ], [ 4165824.5, 2909965.5 ], [ 4165743.1, 2909736.1 ], [ 4165735.0, 2909720.0 ], [ 4165719.3, 2909712.6 ], [ 4165703.1, 2909718.9 ], [ 4165685.2, 2909745.8 ], [ 4165714.3, 2909783.2 ], [ 4165717.0, 2909857.7 ], [ 4165683.0, 2909868.3 ], [ 4165673.7, 2909929.6 ], [ 4165595.9, 2909902.2 ], [ 4165575.0, 2909910.8 ], [ 4165545.2, 2909904.9 ], [ 4165529.7, 2909913.5 ], [ 4165522.6, 2909931.4 ], [ 4165484.9, 2909924.5 ], [ 4165464.2, 2909934.3 ], [ 4165446.4, 2909932.2 ], [ 4165430.5, 2909955.2 ], [ 4165400.7, 2909943.8 ], [ 4165385.8, 2909923.9 ], [ 4165362.5, 2909929.5 ], [ 4165343.8, 2909921.0 ], [ 4165329.0, 2909927.9 ], [ 4165287.8, 2909896.7 ], [ 4165271.6, 2909904.0 ], [ 4165253.0, 2909930.2 ], [ 4165186.0, 2909937.8 ], [ 4165174.7, 2909958.2 ], [ 4165156.5, 2909970.7 ], [ 4165141.0, 2909969.6 ], [ 4165104.4, 2909938.0 ], [ 4165087.4, 2909943.0 ], [ 4165079.6, 2909958.9 ], [ 4165024.0, 2909950.7 ], [ 4164999.5, 2909956.7 ], [ 4164990.6, 2909942.9 ], [ 4164991.0, 2909908.1 ], [ 4164975.7, 2909893.2 ], [ 4164957.9, 2909896.0 ], [ 4164908.1, 2909930.3 ], [ 4164888.1, 2909891.8 ], [ 4164833.7, 2909902.0 ], [ 4164820.6, 2909886.3 ], [ 4164779.0, 2909865.7 ], [ 4164764.5, 2909866.0 ], [ 4164733.3, 2909789.0 ], [ 4164751.3, 2909780.3 ], [ 4164754.7, 2909755.5 ], [ 4164775.6, 2909731.5 ], [ 4164779.0, 2909684.5 ], [ 4164814.7, 2909664.8 ], [ 4164855.9, 2909678.1 ], [ 4164874.0, 2909668.5 ], [ 4164892.7, 2909620.2 ], [ 4164884.0, 2909596.9 ], [ 4164891.3, 2909565.9 ], [ 4164875.1, 2909548.4 ], [ 4164851.5, 2909555.1 ], [ 4164802.5, 2909520.1 ], [ 4164787.3, 2909527.4 ], [ 4164743.2, 2909579.1 ], [ 4164722.2, 2909530.1 ], [ 4164729.4, 2909509.3 ], [ 4164752.3, 2909490.6 ], [ 4164765.2, 2909502.3 ], [ 4164783.1, 2909503.3 ], [ 4164806.7, 2909479.2 ], [ 4164810.0, 2909461.7 ], [ 4164840.5, 2909421.5 ], [ 4164834.9, 2909405.0 ], [ 4164810.1, 2909384.7 ], [ 4164861.1, 2909316.3 ], [ 4164881.7, 2909308.4 ], [ 4164895.2, 2909320.7 ], [ 4164939.3, 2909325.9 ], [ 4164956.9, 2909304.5 ], [ 4164926.8, 2909257.2 ], [ 4164906.0, 2909258.5 ], [ 4164884.8, 2909285.9 ], [ 4164873.6, 2909274.4 ], [ 4164875.6, 2909218.4 ], [ 4164823.2, 2909173.9 ], [ 4164831.9, 2909129.5 ], [ 4164877.4, 2909169.0 ], [ 4164912.5, 2909187.0 ], [ 4164931.8, 2909170.9 ], [ 4164925.6, 2909124.1 ], [ 4164933.8, 2909128.6 ], [ 4164963.2, 2909153.6 ], [ 4164957.8, 2909209.7 ], [ 4164971.8, 2909265.8 ], [ 4164999.0, 2909266.4 ], [ 4165031.3, 2909220.4 ], [ 4165076.2, 2909248.0 ], [ 4165089.8, 2909279.8 ], [ 4165107.3, 2909282.3 ], [ 4165119.0, 2909274.2 ], [ 4165129.1, 2909301.5 ], [ 4165158.1, 2909323.2 ], [ 4165178.2, 2909352.2 ], [ 4165244.4, 2909391.3 ], [ 4165264.7, 2909388.2 ], [ 4165317.1, 2909411.5 ], [ 4165369.2, 2909409.1 ], [ 4165433.8, 2909429.4 ], [ 4165455.3, 2909416.7 ], [ 4165479.0, 2909423.0 ], [ 4165474.7, 2909449.7 ], [ 4165492.4, 2909466.1 ], [ 4165571.5, 2909442.7 ], [ 4165613.3, 2909453.7 ], [ 4165633.2, 2909471.5 ], [ 4165659.7, 2909477.5 ], [ 4165664.0, 2909511.9 ], [ 4165616.7, 2909511.4 ], [ 4165606.6, 2909522.4 ], [ 4165607.2, 2909540.9 ], [ 4165624.0, 2909555.4 ], [ 4165645.2, 2909557.4 ], [ 4165657.3, 2909571.4 ], [ 4165697.4, 2909575.9 ], [ 4165708.1, 2909605.5 ], [ 4165730.7, 2909612.8 ], [ 4165755.6, 2909641.4 ], [ 4165731.4, 2909675.9 ], [ 4165729.8, 2909690.6 ], [ 4165771.8, 2909739.0 ], [ 4165819.0, 2909850.0 ], [ 4165802.1, 2909854.9 ], [ 4165794.2, 2909870.5 ], [ 4165830.2, 2909973.6 ], [ 4165830.8, 2910007.8 ], [ 4165811.2, 2910046.9 ], [ 4165785.7, 2910056.9 ], [ 4165616.2, 2910045.2 ], [ 4165536.6, 2910056.9 ], [ 4165427.2, 2910114.9 ], [ 4165385.5, 2910122.3 ], [ 4165344.4, 2910177.7 ], [ 4165353.5, 2910203.5 ], [ 4165378.1, 2910205.6 ], [ 4165456.7, 2910191.3 ], [ 4165578.6, 2910157.8 ], [ 4165609.0, 2910155.4 ], [ 4165663.8, 2910158.4 ], [ 4165806.5, 2910187.5 ], [ 4165908.3, 2910197.4 ], [ 4165922.8, 2910180.9 ], [ 4165906.7, 2910130.5 ], [ 4165927.5, 2910057.1 ], [ 4165904.6, 2910021.6 ], [ 4165940.3, 2910008.6 ], [ 4165960.9, 2910071.2 ], [ 4165975.5, 2910090.0 ], [ 4165993.3, 2910095.0 ], [ 4166008.7, 2910084.6 ], [ 4166046.9, 2910104.2 ], [ 4166065.5, 2910095.5 ], [ 4166100.4, 2910093.7 ], [ 4166090.7, 2910123.8 ], [ 4166117.6, 2910151.4 ], [ 4166155.5, 2910149.9 ], [ 4166165.4, 2910161.2 ], [ 4166180.1, 2910163.6 ], [ 4166245.6, 2910123.8 ], [ 4166310.8, 2910027.5 ], [ 4166380.8, 2909957.8 ], [ 4166401.6, 2909903.7 ], [ 4166393.0, 2909842.0 ], [ 4166345.7, 2909763.5 ], [ 4166330.0, 2909696.6 ], [ 4166335.3, 2909633.8 ], [ 4166381.3, 2909520.3 ], [ 4166486.8, 2909411.1 ], [ 4166516.7, 2909366.9 ], [ 4166585.4, 2909322.3 ], [ 4166657.3, 2909307.8 ], [ 4166777.0, 2909331.4 ], [ 4166798.8, 2909324.3 ], [ 4166806.6, 2909298.4 ], [ 4166788.9, 2909221.2 ], [ 4166793.4, 2909175.3 ], [ 4166807.2, 2909145.1 ], [ 4166839.0, 2909130.7 ], [ 4166918.7, 2909134.7 ], [ 4166971.1, 2909119.4 ], [ 4167000.3, 2909091.4 ], [ 4167092.3, 2908960.6 ], [ 4167098.5, 2908922.2 ], [ 4167089.8, 2908899.2 ], [ 4167073.3, 2908884.2 ], [ 4166993.1, 2908848.6 ], [ 4166981.5, 2908826.0 ], [ 4166985.9, 2908811.3 ], [ 4167064.8, 2908762.4 ], [ 4167115.5, 2908676.1 ], [ 4167193.6, 2908605.3 ], [ 4167295.8, 2908547.1 ], [ 4167320.4, 2908500.5 ], [ 4167324.3, 2908413.8 ], [ 4167357.1, 2908356.0 ], [ 4167373.3, 2908342.6 ], [ 4167515.9, 2908280.9 ], [ 4167540.0, 2908259.5 ], [ 4167539.9, 2908219.4 ], [ 4167492.5, 2908103.1 ], [ 4167498.3, 2908052.9 ], [ 4167516.7, 2908017.4 ], [ 4167593.1, 2907954.0 ], [ 4167637.3, 2907896.2 ], [ 4167690.1, 2907811.6 ], [ 4167704.9, 2907759.8 ], [ 4167706.9, 2907703.7 ], [ 4167691.5, 2907617.0 ], [ 4167641.6, 2907438.6 ], [ 4167645.9, 2907399.5 ], [ 4167666.5, 2907338.7 ], [ 4167707.9, 2907266.9 ], [ 4167753.6, 2907220.6 ], [ 4167970.8, 2907046.7 ], [ 4167977.4, 2907011.0 ], [ 4167948.2, 2906948.3 ], [ 4167953.1, 2906897.5 ], [ 4168003.0, 2906800.6 ], [ 4168076.1, 2906702.9 ], [ 4168099.9, 2906632.3 ], [ 4168091.2, 2906594.3 ], [ 4168072.8, 2906566.7 ], [ 4167994.8, 2906493.8 ], [ 4167940.4, 2906461.9 ], [ 4167929.3, 2906439.8 ], [ 4167936.5, 2906406.3 ], [ 4167998.9, 2906350.6 ], [ 4168021.9, 2906315.0 ], [ 4168057.6, 2906191.6 ], [ 4168119.3, 2906053.8 ], [ 4168126.3, 2906011.1 ], [ 4168114.5, 2905956.7 ], [ 4168054.0, 2905847.1 ], [ 4168039.6, 2905793.9 ], [ 4168043.5, 2905738.4 ], [ 4168071.9, 2905655.7 ], [ 4168069.9, 2905602.7 ], [ 4168046.3, 2905540.2 ], [ 4167973.2, 2905429.6 ], [ 4167957.0, 2905424.8 ], [ 4167923.1, 2905438.5 ], [ 4167716.3, 2905454.8 ], [ 4167602.2, 2905473.9 ], [ 4167569.0, 2905492.4 ], [ 4167539.0, 2905522.8 ], [ 4167494.7, 2905607.8 ], [ 4167462.2, 2905634.5 ], [ 4167297.9, 2905667.7 ], [ 4167156.0, 2905708.4 ], [ 4167039.7, 2905689.8 ], [ 4167024.0, 2905697.2 ], [ 4167018.6, 2905713.7 ], [ 4166963.8, 2905717.2 ], [ 4166962.7, 2905692.4 ], [ 4166989.4, 2905685.4 ], [ 4167087.1, 2905686.0 ], [ 4167144.8, 2905701.8 ], [ 4167292.5, 2905660.0 ], [ 4167458.5, 2905629.3 ], [ 4167478.9, 2905616.4 ], [ 4167533.2, 2905512.0 ], [ 4167583.7, 2905473.5 ], [ 4167789.8, 2905425.4 ], [ 4167871.1, 2905423.5 ], [ 4167901.7, 2905410.2 ], [ 4167920.3, 2905382.9 ], [ 4167928.4, 2905339.5 ], [ 4167922.9, 2905321.2 ], [ 4167901.7, 2905311.8 ], [ 4167885.1, 2905287.9 ], [ 4167874.3, 2905257.9 ], [ 4167877.0, 2905235.3 ], [ 4167899.7, 2905198.2 ], [ 4167949.2, 2905149.8 ], [ 4168061.4, 2905076.9 ], [ 4168078.2, 2905041.2 ], [ 4168083.9, 2904981.4 ], [ 4168070.0, 2904970.0 ], [ 4167993.8, 2904961.7 ], [ 4167920.9, 2904938.6 ], [ 4167809.0, 2904847.1 ], [ 4167728.5, 2904717.7 ], [ 4167668.1, 2904546.8 ], [ 4167570.0, 2904469.7 ], [ 4167513.3, 2904412.0 ], [ 4167480.3, 2904357.7 ], [ 4167433.8, 2904316.0 ], [ 4167372.0, 2904225.0 ], [ 4167249.4, 2903994.4 ], [ 4167200.3, 2903924.1 ], [ 4167130.6, 2903858.8 ], [ 4167053.5, 2903770.1 ], [ 4166973.0, 2903698.2 ], [ 4166914.6, 2903628.7 ], [ 4166818.2, 2903538.1 ], [ 4166718.7, 2903422.9 ], [ 4166654.7, 2903364.4 ], [ 4166620.7, 2903341.9 ], [ 4166574.1, 2903329.6 ], [ 4166527.6, 2903335.5 ], [ 4166469.1, 2903354.8 ], [ 4166360.9, 2903473.4 ], [ 4166335.1, 2903535.7 ], [ 4166299.0, 2903527.6 ], [ 4166317.4, 2903426.6 ], [ 4166334.5, 2903411.1 ], [ 4166423.0, 2903381.6 ], [ 4166489.1, 2903319.6 ], [ 4166581.4, 2903324.0 ], [ 4166599.2, 2903315.0 ], [ 4166652.7, 2903336.2 ], [ 4166685.0, 2903359.8 ], [ 4167001.0, 2903646.0 ], [ 4167147.8, 2903801.6 ], [ 4167150.4, 2903827.1 ], [ 4167213.7, 2903906.7 ], [ 4167386.6, 2904214.1 ], [ 4167473.6, 2904318.8 ], [ 4167495.5, 2904324.1 ], [ 4167599.6, 2904442.1 ], [ 4167720.9, 2904508.3 ], [ 4167738.6, 2904533.4 ], [ 4167745.6, 2904627.8 ], [ 4167760.5, 2904665.8 ], [ 4167877.5, 2904824.3 ], [ 4167995.0, 2904906.8 ], [ 4168029.8, 2904918.4 ], [ 4168056.9, 2904915.6 ], [ 4168171.6, 2904867.0 ], [ 4168206.6, 2904863.9 ], [ 4168261.4, 2904875.4 ], [ 4168295.2, 2904887.7 ], [ 4168336.3, 2904915.0 ], [ 4168376.6, 2904953.2 ], [ 4168415.5, 2905009.9 ], [ 4168436.3, 2905023.9 ], [ 4168458.4, 2905026.3 ], [ 4168495.4, 2905016.2 ], [ 4168521.3, 2904979.8 ], [ 4168526.1, 2904954.4 ], [ 4168516.1, 2904936.6 ], [ 4168496.8, 2904934.3 ], [ 4168466.0, 2904893.3 ], [ 4168455.8, 2904855.6 ], [ 4168458.9, 2904830.0 ], [ 4168466.2, 2904821.1 ], [ 4168504.3, 2904925.9 ], [ 4168530.8, 2904932.8 ], [ 4168588.5, 2904871.6 ], [ 4168625.6, 2904818.0 ], [ 4168624.1, 2904799.9 ], [ 4168599.5, 2904769.0 ], [ 4168603.3, 2904756.3 ], [ 4168670.5, 2904734.2 ], [ 4168703.4, 2904712.4 ], [ 4168704.5, 2904688.8 ], [ 4168721.2, 2904656.3 ], [ 4168708.6, 2904594.9 ], [ 4168712.7, 2904560.5 ], [ 4168727.5, 2904530.0 ], [ 4168756.7, 2904496.6 ], [ 4168831.5, 2904427.6 ], [ 4168860.0, 2904356.8 ], [ 4168859.3, 2904271.5 ], [ 4168869.9, 2904224.8 ], [ 4168951.4, 2904109.4 ], [ 4168982.9, 2904026.9 ], [ 4168994.6, 2903950.3 ], [ 4168982.9, 2903901.7 ], [ 4168984.2, 2903860.6 ], [ 4169045.2, 2903582.7 ], [ 4169021.0, 2903511.4 ], [ 4169043.0, 2903493.1 ], [ 4169032.5, 2903455.0 ], [ 4169016.5, 2903448.3 ], [ 4168944.5, 2903456.0 ], [ 4168870.8, 2903452.2 ], [ 4168575.2, 2903395.7 ], [ 4168553.6, 2903409.9 ], [ 4168542.4, 2903389.8 ], [ 4168488.3, 2903377.0 ], [ 4168469.1, 2903390.5 ], [ 4168463.1, 2903415.8 ], [ 4168468.8, 2903432.2 ], [ 4168484.5, 2903439.4 ], [ 4168523.5, 2903434.2 ], [ 4168552.2, 2903416.9 ], [ 4168563.9, 2903437.2 ], [ 4168567.6, 2903466.0 ], [ 4168451.9, 2903502.8 ], [ 4168287.8, 2903445.8 ], [ 4168187.9, 2903457.1 ], [ 4168116.4, 2903412.9 ], [ 4168045.5, 2903401.2 ], [ 4168047.4, 2903353.3 ], [ 4168029.9, 2903296.4 ], [ 4167931.3, 2903140.9 ], [ 4167885.3, 2903053.4 ], [ 4167776.3, 2902922.1 ], [ 4167735.7, 2902861.5 ], [ 4167644.0, 2902782.1 ], [ 4167530.3, 2902732.1 ], [ 4167428.4, 2902718.4 ], [ 4167415.6, 2902725.9 ], [ 4167350.9, 2902828.2 ], [ 4167266.3, 2902868.4 ], [ 4167242.9, 2902867.6 ], [ 4167220.5, 2902892.7 ], [ 4167156.1, 2902872.3 ], [ 4167169.3, 2902843.0 ], [ 4167167.5, 2902826.5 ], [ 4167106.8, 2902786.4 ], [ 4167154.9, 2902763.7 ], [ 4167195.7, 2902771.2 ], [ 4167209.5, 2902750.4 ], [ 4167198.8, 2902727.6 ], [ 4167140.4, 2902696.6 ], [ 4167193.3, 2902618.7 ], [ 4167239.5, 2902640.6 ], [ 4167235.9, 2902664.5 ], [ 4167253.5, 2902677.4 ], [ 4167304.9, 2902660.0 ], [ 4167311.6, 2902633.5 ], [ 4167127.8, 2902507.1 ], [ 4166956.7, 2902335.0 ], [ 4166936.5, 2902332.1 ], [ 4166886.6, 2902359.2 ], [ 4166840.1, 2902339.1 ], [ 4166833.3, 2902306.4 ], [ 4166885.6, 2902304.4 ], [ 4166896.8, 2902296.1 ], [ 4166900.3, 2902279.1 ], [ 4166874.8, 2902241.5 ], [ 4166826.5, 2902105.1 ], [ 4166791.1, 2902068.5 ], [ 4166772.7, 2902070.0 ], [ 4166762.0, 2902085.1 ], [ 4166652.7, 2902111.4 ], [ 4166611.9, 2902082.3 ], [ 4166553.6, 2902070.0 ], [ 4166520.8, 2902080.6 ], [ 4166473.7, 2902112.9 ], [ 4166373.6, 2902228.5 ], [ 4166334.7, 2902293.0 ], [ 4166304.4, 2902369.8 ], [ 4166275.4, 2902412.2 ], [ 4166182.0, 2902488.0 ], [ 4166142.9, 2902452.8 ], [ 4166144.3, 2902445.6 ], [ 4166210.5, 2902377.6 ], [ 4166274.4, 2902267.4 ], [ 4166284.9, 2902200.5 ], [ 4166315.6, 2902165.1 ], [ 4166338.0, 2902118.4 ], [ 4166328.0, 2902093.1 ], [ 4166344.1, 2902018.7 ], [ 4166310.4, 2901986.5 ], [ 4166290.8, 2901993.5 ], [ 4166282.5, 2902016.5 ], [ 4166257.2, 2902012.9 ], [ 4166259.5, 2901994.6 ], [ 4166247.5, 2901980.9 ], [ 4166213.1, 2901988.8 ], [ 4166226.5, 2901913.8 ], [ 4166120.8, 2901806.1 ], [ 4166040.7, 2901766.0 ], [ 4165871.4, 2901707.2 ], [ 4165791.5, 2901711.5 ], [ 4165730.1, 2901727.6 ], [ 4165708.8, 2901740.4 ], [ 4165698.9, 2901762.7 ], [ 4165714.9, 2901795.7 ], [ 4165688.2, 2901815.9 ], [ 4165653.9, 2901866.8 ], [ 4165629.1, 2901879.9 ], [ 4165608.1, 2901874.2 ], [ 4165594.5, 2901754.4 ], [ 4165556.7, 2901691.3 ], [ 4165508.9, 2901667.2 ], [ 4165442.3, 2901661.2 ], [ 4165362.0, 2901679.8 ], [ 4165239.6, 2901743.4 ], [ 4165212.5, 2901694.4 ], [ 4165189.2, 2901688.1 ], [ 4165122.6, 2901723.3 ], [ 4165140.8, 2901820.0 ], [ 4165086.2, 2901820.2 ], [ 4165066.6, 2901809.0 ], [ 4164937.0, 2901841.1 ], [ 4164916.3, 2901838.1 ], [ 4164856.8, 2901916.8 ], [ 4164826.7, 2901926.0 ], [ 4164828.7, 2901904.2 ], [ 4164811.5, 2901891.5 ], [ 4164766.8, 2901900.0 ], [ 4164731.7, 2901961.0 ], [ 4164685.0, 2901968.1 ], [ 4164687.8, 2901947.9 ], [ 4164706.7, 2901937.3 ], [ 4164714.5, 2901916.4 ], [ 4164724.1, 2901848.2 ], [ 4164714.1, 2901830.2 ], [ 4164634.1, 2901830.1 ], [ 4164579.9, 2901952.0 ], [ 4164543.3, 2901952.1 ], [ 4164512.5, 2901849.3 ], [ 4164467.0, 2901816.8 ], [ 4164441.5, 2901831.1 ], [ 4164447.3, 2901866.2 ], [ 4164418.0, 2901865.8 ], [ 4164391.5, 2901890.0 ], [ 4164356.9, 2901898.1 ], [ 4164344.6, 2901909.2 ], [ 4164308.8, 2901912.4 ], [ 4164275.9, 2901945.7 ], [ 4164261.4, 2901899.9 ], [ 4164303.3, 2901857.0 ], [ 4164336.5, 2901732.1 ], [ 4164364.1, 2901690.9 ], [ 4164508.2, 2901708.5 ], [ 4164514.6, 2901720.2 ], [ 4164512.3, 2901745.3 ], [ 4164522.1, 2901759.7 ], [ 4164601.2, 2901772.5 ], [ 4164617.6, 2901765.8 ], [ 4164813.8, 2901770.6 ], [ 4164950.7, 2901748.0 ], [ 4165076.9, 2901697.2 ], [ 4165092.9, 2901676.9 ], [ 4165130.9, 2901656.5 ], [ 4165136.4, 2901632.8 ], [ 4165233.2, 2901556.6 ], [ 4165235.5, 2901532.5 ], [ 4165293.5, 2901465.4 ], [ 4165289.2, 2901441.7 ], [ 4165362.5, 2901382.3 ], [ 4165369.8, 2901361.6 ], [ 4165301.2, 2901268.8 ], [ 4165302.1, 2901244.2 ], [ 4165287.1, 2901234.1 ], [ 4164964.7, 2901191.1 ], [ 4164951.9, 2901198.8 ], [ 4164947.0, 2901212.9 ], [ 4164952.2, 2901226.9 ], [ 4164968.7, 2901236.1 ], [ 4164963.6, 2901251.9 ], [ 4164937.0, 2901258.7 ], [ 4164926.3, 2901293.8 ], [ 4164894.6, 2901329.4 ], [ 4164652.0, 2901196.2 ], [ 4164592.3, 2901240.7 ], [ 4164590.4, 2901267.6 ], [ 4164774.0, 2901409.0 ], [ 4164734.3, 2901429.0 ], [ 4164724.5, 2901445.4 ], [ 4164652.2, 2901474.2 ], [ 4164611.7, 2901445.1 ], [ 4164490.2, 2901300.9 ], [ 4164345.2, 2901237.8 ], [ 4164276.6, 2901232.6 ], [ 4164171.1, 2901194.1 ], [ 4164153.4, 2901195.0 ], [ 4164142.2, 2901208.7 ], [ 4164144.6, 2901226.2 ], [ 4164207.9, 2901268.7 ], [ 4164237.7, 2901298.7 ], [ 4164249.0, 2901321.8 ], [ 4164244.0, 2901342.5 ], [ 4164131.5, 2901433.9 ], [ 4163878.8, 2901662.6 ], [ 4163779.1, 2901720.7 ], [ 4163657.5, 2901778.7 ], [ 4163638.0, 2901806.2 ], [ 4163631.3, 2901840.6 ], [ 4163639.6, 2901885.0 ], [ 4163671.4, 2901947.0 ], [ 4163696.4, 2902020.5 ], [ 4163701.8, 2902086.8 ], [ 4163690.8, 2902138.4 ], [ 4163668.9, 2902174.3 ], [ 4163606.9, 2902242.0 ], [ 4163505.8, 2902334.0 ], [ 4163327.8, 2902447.0 ], [ 4163262.5, 2902500.5 ], [ 4163230.4, 2902551.6 ], [ 4163215.1, 2902604.3 ], [ 4163216.6, 2902691.3 ], [ 4163238.6, 2902771.9 ], [ 4163266.3, 2902819.6 ], [ 4163401.6, 2903000.2 ], [ 4163424.7, 2903073.5 ], [ 4163416.9, 2903152.9 ], [ 4163385.0, 2903233.4 ], [ 4163386.2, 2903329.1 ], [ 4163343.3, 2903435.7 ], [ 4163341.7, 2903483.9 ], [ 4163350.8, 2903511.2 ], [ 4163370.9, 2903537.4 ], [ 4163468.1, 2903619.4 ], [ 4163533.0, 2903693.4 ], [ 4163576.7, 2903769.3 ], [ 4163657.4, 2903942.3 ], [ 4163678.0, 2903970.1 ], [ 4163836.7, 2904103.8 ], [ 4163884.0, 2904197.3 ], [ 4163954.6, 2904236.9 ], [ 4163997.9, 2904279.2 ], [ 4163990.9, 2904304.3 ], [ 4163958.1, 2904339.1 ], [ 4163857.1, 2904418.4 ], [ 4163793.7, 2904449.1 ], [ 4163676.2, 2904481.3 ], [ 4163592.2, 2904535.1 ], [ 4163321.1, 2904872.4 ], [ 4163284.5, 2904959.1 ], [ 4163256.3, 2905058.1 ], [ 4163255.4, 2905117.6 ], [ 4163274.2, 2905184.8 ], [ 4163360.4, 2905334.2 ], [ 4163377.2, 2905401.4 ], [ 4163414.3, 2905441.2 ], [ 4163468.9, 2905454.8 ], [ 4163489.4, 2905447.6 ], [ 4163524.0, 2905411.0 ], [ 4163550.0, 2905422.4 ], [ 4163574.3, 2905418.0 ], [ 4163588.4, 2905431.7 ], [ 4163612.0, 2905433.4 ], [ 4163631.5, 2905428.8 ], [ 4163641.2, 2905410.3 ], [ 4163718.2, 2905404.4 ], [ 4163692.0, 2905614.9 ], [ 4163696.5, 2905631.6 ], [ 4163711.6, 2905639.9 ], [ 4163810.4, 2905634.3 ], [ 4163825.0, 2905623.0 ], [ 4163831.9, 2905598.6 ], [ 4163858.5, 2905601.0 ], [ 4163855.7, 2905631.9 ], [ 4163835.1, 2905636.2 ], [ 4163825.7, 2905647.0 ], [ 4163792.1, 2905781.2 ], [ 4163808.0, 2905825.8 ], [ 4163811.0, 2905964.2 ], [ 4163700.2, 2905986.7 ], [ 4163678.9, 2905939.5 ], [ 4163681.0, 2905905.7 ], [ 4163666.4, 2905891.9 ], [ 4163640.7, 2905898.1 ], [ 4163629.4, 2905934.4 ], [ 4163587.2, 2905902.7 ], [ 4163541.4, 2905905.5 ], [ 4163482.5, 2905889.4 ], [ 4163468.3, 2905874.5 ], [ 4163401.3, 2905848.9 ], [ 4163383.9, 2905830.9 ], [ 4163356.8, 2905823.8 ], [ 4163338.3, 2905834.9 ], [ 4163295.3, 2905814.2 ], [ 4163296.5, 2905788.1 ], [ 4163238.7, 2905734.1 ], [ 4163219.8, 2905742.1 ], [ 4163189.0, 2905794.7 ], [ 4163122.4, 2905775.2 ], [ 4163101.6, 2905786.0 ], [ 4163073.7, 2905777.8 ], [ 4163041.5, 2905801.2 ], [ 4163023.2, 2905786.4 ], [ 4163003.9, 2905792.7 ], [ 4162982.0, 2905787.3 ], [ 4162967.0, 2905732.5 ], [ 4162873.8, 2905677.2 ], [ 4162885.0, 2905621.5 ], [ 4162945.0, 2905649.1 ], [ 4162970.1, 2905638.7 ], [ 4162963.6, 2905596.1 ], [ 4162975.9, 2905588.9 ], [ 4162981.6, 2905572.9 ], [ 4162950.5, 2905490.7 ], [ 4162969.0, 2905469.2 ], [ 4162954.5, 2905447.1 ], [ 4162988.1, 2905434.9 ], [ 4163041.3, 2905356.7 ], [ 4163181.4, 2905406.6 ], [ 4163198.6, 2905400.7 ], [ 4163223.2, 2905362.1 ], [ 4163293.9, 2905377.5 ], [ 4163313.0, 2905366.9 ], [ 4163315.9, 2905352.3 ], [ 4163308.9, 2905339.1 ], [ 4163200.6, 2905273.2 ], [ 4163275.4, 2905211.3 ], [ 4163253.2, 2905139.6 ], [ 4163250.8, 2905057.7 ], [ 4163298.2, 2904905.3 ], [ 4163330.6, 2904847.8 ], [ 4163589.5, 2904529.9 ], [ 4163672.9, 2904476.5 ], [ 4163792.1, 2904443.8 ], [ 4163854.7, 2904413.4 ], [ 4163952.4, 2904337.0 ], [ 4163975.1, 2904286.8 ], [ 4163967.3, 2904259.5 ], [ 4163952.9, 2904242.8 ], [ 4163889.9, 2904209.5 ], [ 4163871.3, 2904191.5 ], [ 4163830.8, 2904105.7 ], [ 4163724.9, 2904023.4 ], [ 4163673.7, 2903973.7 ], [ 4163653.6, 2903946.9 ], [ 4163572.3, 2903772.8 ], [ 4163528.0, 2903695.8 ], [ 4163464.5, 2903623.6 ], [ 4163366.2, 2903540.6 ], [ 4163345.3, 2903512.5 ], [ 4163335.9, 2903483.4 ], [ 4163337.8, 2903434.5 ], [ 4163380.7, 2903327.4 ], [ 4163379.5, 2903232.6 ], [ 4163411.8, 2903150.2 ], [ 4163419.2, 2903074.2 ], [ 4163395.9, 2903001.3 ], [ 4163261.3, 2902822.1 ], [ 4163232.5, 2902772.1 ], [ 4163211.0, 2902690.7 ], [ 4163209.7, 2902602.2 ], [ 4163224.7, 2902550.7 ], [ 4163256.9, 2902498.3 ], [ 4163325.5, 2902442.0 ], [ 4163500.6, 2902331.1 ], [ 4163603.4, 2902237.7 ], [ 4163664.0, 2902171.6 ], [ 4163685.4, 2902137.0 ], [ 4163696.3, 2902087.1 ], [ 4163691.1, 2902022.1 ], [ 4163666.8, 2901950.2 ], [ 4163634.4, 2901887.4 ], [ 4163625.6, 2901839.4 ], [ 4163634.1, 2901801.1 ], [ 4163654.1, 2901774.0 ], [ 4163775.8, 2901716.2 ], [ 4163876.8, 2901657.2 ], [ 4164128.4, 2901429.3 ], [ 4164239.4, 2901338.9 ], [ 4164238.7, 2901310.0 ], [ 4164204.0, 2901272.7 ], [ 4164069.5, 2901186.3 ], [ 4164048.1, 2901144.7 ], [ 4164050.1, 2901112.1 ], [ 4164072.8, 2901105.4 ], [ 4164095.0, 2901150.0 ], [ 4164125.9, 2901170.9 ], [ 4164274.7, 2901226.2 ], [ 4164346.0, 2901232.1 ], [ 4164438.1, 2901276.3 ], [ 4164492.2, 2901292.9 ], [ 4164512.6, 2901280.7 ], [ 4164513.3, 2901259.5 ], [ 4164617.5, 2901173.5 ], [ 4164633.9, 2901144.3 ], [ 4164605.1, 2901094.9 ], [ 4164516.9, 2901045.2 ], [ 4164232.2, 2900920.3 ], [ 4164156.9, 2900897.3 ], [ 4164103.8, 2900890.5 ], [ 4163892.1, 2900894.5 ], [ 4163720.2, 2900920.5 ], [ 4163709.4, 2900933.2 ], [ 4163709.2, 2900948.0 ], [ 4163736.1, 2900977.5 ], [ 4163761.0, 2900973.4 ], [ 4163788.6, 2900948.1 ], [ 4163847.9, 2900966.7 ], [ 4163851.3, 2901015.1 ], [ 4163827.0, 2901080.5 ], [ 4163808.0, 2901084.0 ], [ 4163781.3, 2901076.4 ], [ 4163688.4, 2901090.1 ], [ 4163568.0, 2901081.3 ], [ 4163555.3, 2901072.2 ], [ 4163554.9, 2901056.9 ], [ 4163567.5, 2901039.5 ], [ 4163599.0, 2901066.1 ], [ 4163617.0, 2901064.9 ], [ 4163629.1, 2901052.3 ], [ 4163617.0, 2900989.4 ], [ 4163629.6, 2900965.3 ], [ 4163614.7, 2900945.6 ], [ 4163475.2, 2900966.8 ], [ 4163449.1, 2900950.1 ], [ 4163309.8, 2900941.2 ], [ 4163192.8, 2900966.3 ], [ 4163029.9, 2901018.2 ], [ 4162639.6, 2901121.6 ], [ 4162471.3, 2901142.8 ], [ 4162342.8, 2901141.5 ], [ 4162327.9, 2901156.5 ], [ 4162335.3, 2901190.8 ], [ 4162316.1, 2901229.2 ], [ 4162268.4, 2901212.6 ], [ 4162248.4, 2901219.2 ], [ 4162217.8, 2901213.6 ], [ 4162241.2, 2901160.5 ], [ 4162242.0, 2901139.2 ], [ 4162227.9, 2901124.3 ], [ 4161891.2, 2901058.0 ], [ 4161814.2, 2901048.4 ], [ 4161764.0, 2901053.0 ], [ 4161685.7, 2901081.9 ], [ 4161593.1, 2901139.2 ], [ 4161521.9, 2901196.8 ], [ 4161415.6, 2901293.8 ], [ 4161341.5, 2901400.8 ], [ 4161257.2, 2901493.2 ], [ 4160992.4, 2901646.8 ], [ 4160817.8, 2901683.5 ], [ 4160670.2, 2901756.5 ], [ 4160579.5, 2901780.3 ], [ 4160090.2, 2901767.6 ], [ 4160026.7, 2901775.3 ], [ 4159855.3, 2901824.5 ], [ 4159717.2, 2901836.9 ], [ 4159700.6, 2901877.9 ], [ 4159705.4, 2901941.6 ], [ 4159730.3, 2901992.4 ], [ 4159764.7, 2902125.2 ], [ 4159786.0, 2902178.2 ], [ 4159954.0, 2902464.8 ], [ 4159971.3, 2902554.2 ], [ 4159960.2, 2902662.5 ], [ 4160023.8, 2902797.6 ], [ 4160138.0, 2902860.4 ], [ 4160187.8, 2902927.4 ], [ 4160205.2, 2902931.3 ], [ 4160219.7, 2902921.0 ], [ 4160490.2, 2903209.2 ], [ 4160514.1, 2903221.2 ], [ 4160641.3, 2903248.1 ], [ 4160683.2, 2903274.3 ], [ 4160710.0, 2903304.0 ], [ 4160551.2, 2903273.9 ], [ 4160506.0, 2903287.3 ], [ 4160485.6, 2903310.9 ], [ 4160480.1, 2903331.4 ], [ 4160625.1, 2903550.0 ], [ 4160646.5, 2903569.6 ], [ 4160667.7, 2903566.9 ], [ 4160727.2, 2903724.7 ], [ 4160710.1, 2903731.1 ], [ 4160614.4, 2903599.9 ], [ 4160592.2, 2903585.3 ], [ 4160587.0, 2903561.6 ], [ 4160539.2, 2903485.5 ], [ 4160475.0, 2903399.5 ], [ 4160428.2, 2903264.9 ], [ 4160357.7, 2903196.1 ], [ 4160260.7, 2903204.4 ], [ 4160242.0, 2903187.3 ], [ 4160348.8, 2903164.0 ], [ 4160361.7, 2903131.9 ], [ 4160349.6, 2903098.9 ], [ 4160234.9, 2903013.4 ], [ 4160171.3, 2902950.7 ], [ 4160001.4, 2902816.8 ], [ 4160009.1, 2902786.8 ], [ 4159954.0, 2902677.1 ], [ 4159932.7, 2902665.0 ], [ 4159940.5, 2902649.1 ], [ 4159943.4, 2902561.3 ], [ 4159922.3, 2902475.7 ], [ 4159884.6, 2902411.5 ], [ 4159866.6, 2902407.3 ], [ 4159838.7, 2902422.8 ], [ 4159823.6, 2902399.0 ], [ 4159837.8, 2902378.4 ], [ 4159824.9, 2902332.9 ], [ 4159803.9, 2902293.2 ], [ 4159725.7, 2902194.0 ], [ 4159699.8, 2902122.5 ], [ 4159695.4, 2901982.7 ], [ 4159641.7, 2901860.6 ], [ 4159652.4, 2901846.6 ], [ 4159647.2, 2901826.4 ], [ 4159458.0, 2901774.9 ], [ 4159279.1, 2901703.9 ], [ 4159262.0, 2901706.0 ], [ 4159248.0, 2901722.6 ], [ 4159139.6, 2901669.4 ], [ 4158980.6, 2901583.7 ], [ 4158859.0, 2901498.9 ], [ 4158830.0, 2901497.1 ], [ 4158741.1, 2901433.2 ], [ 4158644.5, 2901389.3 ], [ 4158629.1, 2901362.4 ], [ 4158588.8, 2901329.1 ], [ 4158432.3, 2901267.7 ], [ 4158438.7, 2901235.4 ], [ 4158425.9, 2901218.8 ], [ 4158274.1, 2901180.1 ], [ 4158155.6, 2901167.4 ], [ 4157817.7, 2901199.2 ], [ 4157799.8, 2901210.6 ], [ 4157679.1, 2901218.0 ], [ 4157548.2, 2901196.2 ], [ 4157381.0, 2901137.3 ], [ 4157226.3, 2901121.1 ], [ 4157195.9, 2901137.6 ], [ 4157133.4, 2901143.9 ], [ 4156936.1, 2901194.1 ], [ 4156922.4, 2901204.4 ], [ 4156919.8, 2901220.2 ], [ 4156705.7, 2901261.8 ], [ 4156696.4, 2901228.4 ], [ 4156680.6, 2901215.9 ], [ 4156601.2, 2901226.7 ], [ 4156542.6, 2901222.2 ], [ 4156517.3, 2901231.7 ], [ 4156471.2, 2901225.0 ], [ 4156457.0, 2901243.8 ], [ 4156459.8, 2901325.2 ], [ 4156434.5, 2901346.3 ], [ 4156413.4, 2901301.8 ], [ 4156405.2, 2901254.2 ], [ 4156387.8, 2901224.9 ], [ 4156388.8, 2901167.7 ], [ 4156339.1, 2901140.8 ], [ 4156297.5, 2901103.4 ], [ 4156320.5, 2901084.9 ], [ 4156324.8, 2901067.3 ], [ 4156237.2, 2900872.4 ], [ 4156201.1, 2900820.9 ], [ 4156150.5, 2900775.1 ], [ 4156108.6, 2900754.5 ], [ 4156070.7, 2900747.9 ], [ 4156018.1, 2900777.1 ], [ 4155961.0, 2900787.1 ], [ 4155802.8, 2900905.1 ], [ 4155720.6, 2900934.8 ], [ 4155621.3, 2900945.2 ], [ 4155618.4, 2900931.0 ], [ 4155603.6, 2900920.7 ], [ 4155519.6, 2900928.5 ], [ 4155442.1, 2900925.4 ], [ 4155031.6, 2900854.5 ], [ 4154980.6, 2900862.6 ], [ 4154963.2, 2900891.9 ], [ 4154952.7, 2900895.6 ], [ 4154915.8, 2900849.2 ], [ 4154816.8, 2900833.6 ], [ 4154763.1, 2900802.8 ], [ 4154639.5, 2900790.0 ], [ 4154515.3, 2900753.7 ], [ 4154338.9, 2900723.2 ], [ 4154266.4, 2900727.5 ], [ 4154253.1, 2900733.5 ], [ 4154230.3, 2900763.7 ], [ 4154172.5, 2900755.7 ], [ 4154092.7, 2900760.8 ], [ 4153925.8, 2900784.6 ], [ 4153794.2, 2900811.9 ], [ 4153769.5, 2900827.7 ], [ 4153735.6, 2900829.4 ], [ 4153662.1, 2900868.8 ], [ 4153572.7, 2900896.9 ], [ 4153455.2, 2900953.6 ], [ 4153345.9, 2901021.7 ], [ 4153305.7, 2901058.0 ], [ 4153141.3, 2901261.7 ], [ 4153121.8, 2901295.2 ], [ 4153133.2, 2901338.4 ], [ 4153153.5, 2901373.0 ], [ 4153184.4, 2901501.0 ], [ 4153204.6, 2901515.6 ], [ 4153188.3, 2901573.9 ], [ 4153193.6, 2901594.9 ], [ 4153163.7, 2901734.6 ], [ 4153161.9, 2901875.7 ], [ 4153174.1, 2901907.5 ], [ 4153234.1, 2901967.9 ], [ 4153203.8, 2902105.7 ], [ 4153204.5, 2902143.0 ], [ 4153183.7, 2902209.9 ], [ 4153187.0, 2902284.4 ], [ 4153125.4, 2902337.8 ], [ 4153104.0, 2902377.1 ], [ 4153101.9, 2902401.8 ], [ 4153121.4, 2902444.6 ], [ 4153138.4, 2902450.8 ], [ 4153175.5, 2902444.1 ], [ 4153187.6, 2902432.3 ], [ 4153189.1, 2902419.0 ], [ 4153289.5, 2902404.3 ], [ 4153312.2, 2902413.1 ], [ 4153356.7, 2902395.5 ], [ 4153376.9, 2902430.8 ], [ 4153458.1, 2902522.9 ], [ 4153464.8, 2902551.9 ], [ 4153488.1, 2902592.1 ], [ 4153538.7, 2902631.7 ], [ 4153567.9, 2902644.7 ], [ 4153584.3, 2902637.4 ], [ 4153589.7, 2902620.2 ], [ 4153551.4, 2902575.2 ], [ 4153560.0, 2902568.0 ], [ 4153605.7, 2902612.5 ], [ 4153639.0, 2902617.2 ], [ 4153655.0, 2902632.1 ], [ 4153669.7, 2902634.0 ], [ 4153811.9, 2902550.7 ], [ 4153866.6, 2902539.0 ], [ 4153928.7, 2902540.0 ], [ 4153938.0, 2902517.8 ], [ 4153917.9, 2902469.5 ], [ 4154020.9, 2902447.9 ], [ 4154034.6, 2902435.6 ], [ 4154035.5, 2902420.8 ], [ 4154157.7, 2902387.4 ], [ 4154189.4, 2902467.3 ], [ 4154203.5, 2902478.3 ], [ 4154221.2, 2902475.2 ], [ 4154313.1, 2902412.9 ], [ 4154366.9, 2902455.5 ], [ 4154334.4, 2902471.6 ], [ 4154330.8, 2902496.2 ], [ 4154287.1, 2902512.9 ], [ 4154285.7, 2902534.7 ], [ 4154299.9, 2902546.3 ], [ 4154429.0, 2902545.7 ], [ 4154439.5, 2902532.3 ], [ 4154440.4, 2902511.5 ], [ 4154496.9, 2902440.4 ], [ 4154855.2, 2902660.9 ], [ 4154876.1, 2902658.5 ], [ 4154931.3, 2902604.3 ], [ 4154991.2, 2902646.7 ], [ 4154818.3, 2902778.6 ], [ 4154681.6, 2902867.5 ], [ 4154673.6, 2902883.1 ], [ 4154676.8, 2902939.2 ], [ 4154613.4, 2902933.7 ], [ 4154573.8, 2902962.5 ], [ 4154567.0, 2902979.1 ], [ 4154576.7, 2903014.7 ], [ 4154593.2, 2903022.4 ], [ 4154616.1, 2903015.8 ], [ 4154617.5, 2903022.4 ], [ 4154583.9, 2903042.0 ], [ 4154577.9, 2903057.8 ], [ 4154583.3, 2903075.7 ], [ 4154468.2, 2903190.5 ], [ 4154424.3, 2903212.2 ], [ 4154411.9, 2903209.6 ], [ 4154470.6, 2903042.4 ], [ 4154462.6, 2903023.0 ], [ 4154438.9, 2903017.1 ], [ 4154425.8, 2903024.5 ], [ 4154407.8, 2903054.7 ], [ 4154385.0, 2903152.2 ], [ 4154365.2, 2903174.2 ], [ 4154372.4, 2903206.2 ], [ 4154384.0, 2903218.5 ], [ 4154380.4, 2903233.6 ], [ 4154300.3, 2903304.0 ], [ 4154246.0, 2903334.8 ], [ 4154151.1, 2903363.4 ], [ 4153992.6, 2903352.0 ], [ 4153978.8, 2903357.5 ], [ 4153971.7, 2903370.5 ], [ 4153974.5, 2903385.1 ], [ 4153986.0, 2903394.6 ], [ 4154102.0, 2903415.1 ], [ 4154300.8, 2903388.8 ], [ 4154323.3, 2903361.3 ], [ 4154410.2, 2903310.2 ], [ 4154513.4, 2903205.6 ], [ 4154569.7, 2903161.2 ], [ 4154590.7, 2903167.4 ], [ 4154673.3, 2903133.9 ], [ 4154775.5, 2903056.2 ], [ 4154819.2, 2903043.1 ], [ 4154846.2, 2903045.4 ], [ 4154820.0, 2903080.2 ], [ 4154836.1, 2903266.7 ], [ 4154583.3, 2903314.9 ], [ 4154572.1, 2903335.0 ], [ 4154582.1, 2903395.2 ], [ 4154572.7, 2903420.7 ], [ 4154552.4, 2903416.7 ], [ 4154536.9, 2903426.9 ], [ 4154532.6, 2903468.7 ], [ 4154496.6, 2903451.2 ], [ 4154124.1, 2903489.6 ], [ 4154108.9, 2903503.9 ], [ 4154111.1, 2903522.8 ], [ 4154015.7, 2903598.8 ], [ 4153959.2, 2903614.1 ], [ 4153933.5, 2903611.5 ], [ 4153892.5, 2903649.1 ], [ 4153874.9, 2903634.1 ], [ 4153890.4, 2903615.3 ], [ 4153887.9, 2903597.1 ], [ 4153814.5, 2903546.7 ], [ 4153790.7, 2903546.6 ], [ 4153771.3, 2903571.8 ], [ 4153708.2, 2903530.1 ], [ 4153691.3, 2903527.7 ], [ 4153627.4, 2903575.4 ], [ 4153598.2, 2903658.2 ], [ 4153545.8, 2903655.4 ], [ 4153444.0, 2903705.7 ], [ 4153419.0, 2903694.8 ], [ 4153306.5, 2903747.9 ], [ 4153282.9, 2903742.7 ], [ 4153189.0, 2903796.7 ], [ 4153151.5, 2903827.3 ], [ 4153108.0, 2903890.9 ], [ 4153074.2, 2903970.2 ], [ 4153037.5, 2904112.6 ], [ 4153016.9, 2904260.2 ], [ 4153036.2, 2904318.6 ], [ 4153081.0, 2904320.4 ], [ 4153079.8, 2904338.6 ], [ 4153107.7, 2904409.2 ], [ 4153147.0, 2904441.9 ], [ 4153152.5, 2904478.8 ], [ 4153186.4, 2904486.6 ], [ 4153187.5, 2904624.4 ], [ 4153241.9, 2904642.6 ], [ 4153371.8, 2904731.1 ], [ 4153501.9, 2904787.3 ], [ 4153518.4, 2904774.0 ], [ 4153534.6, 2904713.1 ], [ 4153520.9, 2904697.7 ], [ 4153470.5, 2904687.9 ], [ 4153496.9, 2904557.3 ], [ 4153539.7, 2904563.9 ], [ 4153518.0, 2904675.6 ], [ 4153522.2, 2904693.0 ], [ 4153568.5, 2904709.5 ], [ 4153638.0, 2904773.9 ], [ 4153699.4, 2904812.6 ], [ 4153707.8, 2904836.2 ], [ 4153837.3, 2904929.4 ], [ 4153764.9, 2904977.3 ], [ 4153728.1, 2905018.8 ], [ 4153716.7, 2905097.8 ], [ 4153703.3, 2905108.7 ], [ 4153701.0, 2905122.4 ], [ 4153742.3, 2905207.4 ], [ 4153670.3, 2905176.0 ], [ 4153608.3, 2905100.5 ], [ 4153590.7, 2905098.5 ], [ 4153570.6, 2905111.8 ], [ 4153519.5, 2905047.2 ], [ 4153532.6, 2905027.1 ], [ 4153523.7, 2905004.1 ], [ 4153459.4, 2904960.5 ], [ 4153433.1, 2904915.7 ], [ 4153403.5, 2904898.2 ], [ 4153403.1, 2904871.1 ], [ 4153346.4, 2904831.2 ], [ 4153325.2, 2904832.7 ], [ 4153271.2, 2904799.3 ], [ 4153248.0, 2904801.9 ], [ 4153227.3, 2904838.0 ], [ 4153208.4, 2904837.1 ], [ 4153193.8, 2904848.4 ], [ 4153181.9, 2904910.0 ], [ 4153187.5, 2904926.8 ], [ 4153291.8, 2904956.5 ], [ 4153398.1, 2905021.2 ], [ 4153448.4, 2905074.5 ], [ 4153515.0, 2905228.6 ], [ 4153567.1, 2905294.6 ], [ 4153726.3, 2905319.4 ], [ 4153740.9, 2905316.4 ], [ 4153750.2, 2905304.7 ], [ 4153779.6, 2905311.4 ], [ 4153828.3, 2905325.7 ], [ 4153886.5, 2905363.1 ], [ 4153913.7, 2905365.2 ], [ 4153959.8, 2905401.4 ], [ 4153988.7, 2905408.2 ], [ 4154010.0, 2905404.3 ], [ 4154120.3, 2905446.1 ], [ 4154198.0, 2905451.9 ], [ 4154231.7, 2905439.9 ], [ 4154310.9, 2905438.5 ], [ 4154337.8, 2905426.5 ], [ 4154489.9, 2905407.4 ], [ 4154540.7, 2905394.0 ], [ 4154560.2, 2905376.3 ], [ 4154567.3, 2905351.9 ], [ 4154592.8, 2905340.2 ], [ 4154776.0, 2905329.2 ], [ 4154829.4, 2905343.7 ], [ 4154957.4, 2905427.8 ], [ 4155140.1, 2905595.5 ], [ 4155166.3, 2905635.8 ], [ 4155171.1, 2905660.8 ], [ 4155135.4, 2905716.9 ], [ 4155097.1, 2905700.8 ], [ 4155073.8, 2905710.1 ], [ 4155068.0, 2905732.5 ], [ 4155095.4, 2905799.3 ], [ 4155124.3, 2905841.5 ], [ 4155169.8, 2905883.7 ], [ 4155210.3, 2905905.8 ], [ 4155228.8, 2905897.3 ], [ 4155235.1, 2905877.4 ], [ 4155308.6, 2905885.0 ], [ 4155320.0, 2905871.3 ], [ 4155323.3, 2905845.0 ], [ 4155394.7, 2905877.4 ], [ 4155450.6, 2905891.9 ], [ 4155497.3, 2905878.4 ], [ 4155504.2, 2905865.7 ], [ 4155501.7, 2905845.1 ], [ 4155468.4, 2905828.9 ], [ 4155471.2, 2905793.3 ], [ 4155491.4, 2905790.0 ], [ 4155501.8, 2905774.8 ], [ 4155507.6, 2905720.1 ], [ 4155501.2, 2905637.8 ], [ 4155555.0, 2905623.6 ], [ 4155543.0, 2905696.1 ], [ 4155554.0, 2905809.1 ], [ 4155626.7, 2905837.9 ], [ 4155634.1, 2905857.5 ], [ 4155663.6, 2905866.9 ], [ 4155664.1, 2905884.4 ], [ 4155677.1, 2905897.1 ], [ 4155798.6, 2905929.6 ], [ 4155819.1, 2905923.0 ], [ 4155837.0, 2905870.1 ], [ 4155850.0, 2905853.9 ], [ 4155838.8, 2905818.5 ], [ 4155678.6, 2905802.6 ], [ 4155677.6, 2905782.1 ], [ 4155668.6, 2905770.7 ], [ 4155634.0, 2905773.1 ], [ 4155628.3, 2905609.8 ], [ 4155619.8, 2905595.8 ], [ 4155594.1, 2905585.3 ], [ 4155595.5, 2905473.5 ], [ 4155616.7, 2905472.7 ], [ 4155627.5, 2905462.2 ], [ 4155620.8, 2905414.4 ], [ 4155716.4, 2905393.8 ], [ 4155712.6, 2905458.7 ], [ 4155727.0, 2905469.8 ], [ 4155737.6, 2905494.8 ], [ 4155762.3, 2905494.8 ], [ 4155772.4, 2905477.3 ], [ 4155767.5, 2905431.6 ], [ 4155826.6, 2905419.8 ], [ 4155831.0, 2905375.5 ], [ 4155858.9, 2905313.9 ], [ 4155901.9, 2905328.8 ], [ 4155882.9, 2905366.4 ], [ 4155883.8, 2905405.6 ], [ 4155908.9, 2905526.7 ], [ 4155949.6, 2905625.5 ], [ 4155962.5, 2905684.7 ], [ 4155964.1, 2905695.2 ], [ 4155930.7, 2905702.9 ], [ 4155920.3, 2905717.6 ], [ 4155927.9, 2905786.8 ], [ 4155935.5, 2905799.6 ], [ 4155949.4, 2905804.7 ], [ 4155969.4, 2905797.0 ], [ 4155984.2, 2905757.9 ], [ 4155982.5, 2905741.1 ], [ 4155995.0, 2905738.6 ], [ 4156004.1, 2905761.1 ], [ 4156033.9, 2905769.3 ], [ 4156063.3, 2905751.9 ], [ 4156061.6, 2905722.6 ], [ 4156101.5, 2905702.0 ], [ 4156102.2, 2905677.7 ], [ 4156065.6, 2905636.2 ], [ 4156072.0, 2905599.4 ], [ 4156105.1, 2905573.5 ], [ 4156161.4, 2905629.3 ], [ 4156115.6, 2905668.8 ], [ 4156110.5, 2905685.2 ], [ 4156165.5, 2905774.1 ], [ 4156189.3, 2905772.8 ], [ 4156245.7, 2905716.7 ], [ 4156297.9, 2905699.4 ], [ 4156318.3, 2905701.4 ], [ 4156474.3, 2905868.0 ], [ 4156474.2, 2905882.6 ], [ 4156492.9, 2905911.7 ], [ 4156657.3, 2905928.6 ], [ 4156680.2, 2905912.2 ], [ 4156687.5, 2905919.5 ], [ 4156681.8, 2905967.9 ], [ 4156694.5, 2905980.4 ], [ 4156708.9, 2905980.8 ], [ 4156753.8, 2905940.8 ], [ 4156763.8, 2905893.2 ], [ 4156868.0, 2905741.0 ], [ 4156854.8, 2905595.1 ], [ 4156807.1, 2905511.2 ], [ 4156841.9, 2905499.5 ], [ 4156876.1, 2905568.0 ], [ 4156900.4, 2905574.3 ], [ 4156913.4, 2905561.1 ], [ 4156920.2, 2905524.2 ], [ 4156992.6, 2905398.4 ], [ 4157025.8, 2905355.7 ], [ 4157046.2, 2905345.1 ], [ 4157059.4, 2905377.3 ], [ 4157077.7, 2905386.2 ], [ 4157149.4, 2905353.2 ], [ 4157164.7, 2905442.4 ], [ 4157185.3, 2905473.7 ], [ 4157189.4, 2905504.9 ], [ 4157203.2, 2905516.6 ], [ 4157230.5, 2905516.2 ], [ 4157210.8, 2905605.8 ], [ 4157087.8, 2905598.9 ], [ 4157071.0, 2905605.3 ], [ 4157056.9, 2905632.7 ], [ 4157057.9, 2905647.4 ], [ 4157075.0, 2905660.4 ], [ 4157122.6, 2905659.3 ], [ 4157129.1, 2905683.9 ], [ 4157108.8, 2905699.4 ], [ 4157036.0, 2905692.7 ], [ 4156935.4, 2905656.4 ], [ 4156917.5, 2905659.3 ], [ 4156907.8, 2905674.7 ], [ 4156913.5, 2905707.9 ], [ 4156895.6, 2905755.9 ], [ 4156904.5, 2905775.1 ], [ 4156921.9, 2905778.9 ], [ 4156962.0, 2905761.6 ], [ 4157042.5, 2905773.4 ], [ 4157203.6, 2905747.6 ], [ 4157367.8, 2905797.5 ], [ 4157466.8, 2905791.0 ], [ 4157691.1, 2905830.5 ], [ 4157761.6, 2905827.9 ], [ 4157692.7, 2905834.8 ], [ 4157455.8, 2905794.3 ], [ 4157389.4, 2905802.6 ], [ 4157352.0, 2905799.3 ], [ 4157324.0, 2905824.1 ], [ 4157250.9, 2905853.7 ], [ 4157244.7, 2905867.2 ], [ 4157251.0, 2905884.5 ], [ 4157279.7, 2905892.4 ], [ 4157318.5, 2905885.8 ], [ 4157330.9, 2905893.9 ], [ 4157330.8, 2905921.5 ], [ 4157347.2, 2905937.3 ], [ 4157322.4, 2906008.4 ], [ 4157263.2, 2905998.5 ], [ 4157237.0, 2906006.0 ], [ 4157227.2, 2906021.1 ], [ 4157253.4, 2906182.0 ], [ 4157269.6, 2906191.0 ], [ 4157284.1, 2906186.9 ], [ 4157309.9, 2906156.1 ], [ 4157311.9, 2906132.2 ], [ 4157328.9, 2906124.2 ], [ 4157335.2, 2906148.8 ], [ 4157335.4, 2906231.1 ], [ 4157352.1, 2906297.1 ], [ 4157309.2, 2906311.2 ], [ 4157276.8, 2906380.5 ], [ 4157160.6, 2906330.9 ], [ 4157152.7, 2906316.1 ], [ 4157157.3, 2906273.7 ], [ 4157140.7, 2906257.1 ], [ 4157042.3, 2906240.6 ], [ 4157033.2, 2906217.7 ], [ 4157000.6, 2906210.8 ], [ 4156982.0, 2906186.5 ], [ 4156950.6, 2906169.8 ], [ 4156935.9, 2906172.1 ], [ 4156920.3, 2906188.3 ], [ 4156920.1, 2906211.5 ], [ 4156986.1, 2906272.7 ], [ 4157077.3, 2906330.8 ], [ 4157128.1, 2906376.1 ], [ 4157174.8, 2906447.4 ], [ 4157205.6, 2906466.7 ], [ 4157225.3, 2906514.2 ], [ 4157224.8, 2906552.0 ], [ 4157260.6, 2906594.1 ], [ 4157416.2, 2906692.7 ], [ 4157608.6, 2906883.8 ], [ 4157648.6, 2906914.8 ], [ 4157685.8, 2906934.5 ], [ 4157815.7, 2906979.1 ], [ 4157861.1, 2907004.7 ], [ 4157915.2, 2907051.2 ], [ 4158039.5, 2907183.2 ], [ 4158098.6, 2907230.8 ], [ 4158086.8, 2907260.9 ], [ 4158090.1, 2907280.5 ], [ 4158042.2, 2907301.0 ], [ 4158021.2, 2907321.9 ], [ 4157962.3, 2907348.1 ], [ 4157950.5, 2907348.4 ], [ 4157931.2, 2907328.7 ], [ 4157913.9, 2907328.2 ], [ 4157850.1, 2907356.4 ], [ 4157801.6, 2907401.3 ], [ 4157778.4, 2907442.0 ], [ 4157770.3, 2907478.6 ], [ 4157769.9, 2907556.5 ], [ 4157755.4, 2907651.1 ], [ 4157764.4, 2907669.2 ], [ 4157786.7, 2907675.0 ], [ 4157783.1, 2907763.6 ], [ 4157755.4, 2907758.5 ], [ 4157739.0, 2907766.3 ], [ 4157716.5, 2907832.7 ], [ 4157683.5, 2907868.8 ], [ 4157635.8, 2907898.3 ], [ 4157547.0, 2907930.7 ], [ 4157523.9, 2907952.7 ], [ 4157527.3, 2907973.7 ], [ 4157546.5, 2907983.5 ], [ 4157636.8, 2907971.4 ], [ 4157691.2, 2907974.8 ], [ 4157721.8, 2907992.5 ], [ 4157747.9, 2908022.3 ], [ 4157772.2, 2908083.2 ], [ 4157786.8, 2908153.0 ], [ 4157788.7, 2908193.4 ], [ 4157773.5, 2908271.3 ], [ 4157781.9, 2908303.0 ], [ 4157875.4, 2908319.5 ], [ 4158152.9, 2908515.2 ], [ 4158315.1, 2908597.9 ], [ 4158433.9, 2908672.7 ], [ 4158452.3, 2908672.4 ], [ 4158462.8, 2908661.9 ], [ 4158506.1, 2908693.8 ], [ 4158515.7, 2908716.0 ], [ 4158550.2, 2908739.9 ], [ 4158759.8, 2908865.7 ], [ 4158785.2, 2908871.2 ], [ 4158829.2, 2908902.7 ], [ 4158852.9, 2908896.5 ], [ 4158854.3, 2908869.0 ], [ 4158727.9, 2908742.4 ], [ 4158650.8, 2908682.6 ], [ 4158649.8, 2908674.9 ], [ 4158695.4, 2908645.6 ], [ 4158693.8, 2908620.8 ], [ 4158665.7, 2908601.0 ], [ 4158599.9, 2908611.0 ], [ 4158581.0, 2908584.0 ], [ 4158601.0, 2908566.8 ], [ 4158661.2, 2908543.7 ], [ 4158682.7, 2908555.3 ], [ 4158829.0, 2908517.4 ], [ 4158866.0, 2908590.7 ], [ 4158807.7, 2908601.0 ], [ 4158736.5, 2908657.0 ], [ 4158735.3, 2908677.7 ], [ 4158772.2, 2908724.9 ], [ 4158968.8, 2908694.0 ], [ 4159041.0, 2908734.1 ], [ 4159096.7, 2908776.1 ], [ 4159145.3, 2908756.7 ], [ 4159166.1, 2908754.1 ], [ 4159194.3, 2908764.6 ], [ 4159219.8, 2908753.6 ], [ 4159268.7, 2908892.0 ], [ 4159285.0, 2908896.0 ], [ 4159384.0, 2908883.2 ], [ 4159421.2, 2908887.3 ], [ 4159441.3, 2908898.2 ], [ 4159447.5, 2908906.4 ], [ 4159442.5, 2908932.6 ], [ 4159459.2, 2908944.6 ], [ 4159498.9, 2909022.3 ], [ 4159504.3, 2909145.4 ], [ 4159528.8, 2909256.8 ], [ 4159479.2, 2909476.3 ], [ 4159416.8, 2909487.9 ], [ 4159394.0, 2909509.8 ], [ 4159390.3, 2909524.2 ], [ 4159399.5, 2909540.1 ], [ 4159413.8, 2909544.0 ], [ 4159431.2, 2909572.2 ], [ 4159509.7, 2909563.5 ], [ 4159510.5, 2909576.8 ], [ 4159453.5, 2909585.3 ], [ 4159435.4, 2909597.1 ], [ 4159430.2, 2909610.6 ], [ 4159432.5, 2909634.2 ], [ 4159445.3, 2909646.0 ], [ 4159513.8, 2909637.9 ], [ 4159520.5, 2909700.0 ], [ 4159544.9, 2909714.9 ], [ 4159541.3, 2909756.9 ], [ 4159499.7, 2909835.7 ], [ 4159512.0, 2909858.8 ], [ 4159572.5, 2909880.7 ], [ 4159603.9, 2909876.0 ], [ 4159641.8, 2909716.7 ], [ 4159710.4, 2909740.1 ], [ 4159725.1, 2909737.5 ], [ 4159734.7, 2909726.1 ], [ 4159761.7, 2909727.9 ], [ 4159773.7, 2909731.2 ], [ 4159750.5, 2909870.8 ], [ 4159758.0, 2909890.8 ], [ 4159941.7, 2909910.8 ], [ 4160178.1, 2910046.6 ], [ 4160197.8, 2910067.8 ], [ 4160243.3, 2910174.9 ], [ 4160282.6, 2910210.0 ], [ 4160514.5, 2910230.9 ], [ 4160624.7, 2910267.2 ], [ 4161238.3, 2910222.0 ], [ 4162539.1, 2910567.8 ], [ 4162587.1, 2910593.9 ], [ 4162930.2, 2910839.6 ], [ 4163477.2, 2911129.9 ], [ 4163517.9, 2911157.9 ], [ 4163795.4, 2911409.4 ], [ 4163811.5, 2911436.0 ], [ 4163809.1, 2911466.9 ], [ 4163745.7, 2911563.1 ], [ 4163634.0, 2911641.8 ], [ 4163582.4, 2911692.1 ], [ 4163576.9, 2911730.8 ], [ 4163585.6, 2911756.8 ], [ 4163620.2, 2911789.9 ], [ 4163904.2, 2911945.5 ], [ 4163961.2, 2911983.8 ], [ 4164068.9, 2912065.4 ], [ 4164087.6, 2912101.5 ], [ 4164082.0, 2912139.5 ], [ 4164061.6, 2912168.2 ], [ 4163911.2, 2912254.0 ], [ 4163850.5, 2912303.5 ], [ 4163796.0, 2912318.4 ], [ 4163648.5, 2912325.3 ], [ 4163616.0, 2912352.2 ], [ 4163612.2, 2912376.3 ], [ 4163620.9, 2912399.2 ], [ 4163718.4, 2912478.4 ], [ 4163748.6, 2912518.2 ], [ 4163785.4, 2912651.5 ], [ 4163800.6, 2912763.4 ], [ 4163786.8, 2912822.6 ], [ 4163634.4, 2913176.8 ], [ 4163627.4, 2913208.5 ], [ 4163638.8, 2913227.0 ], [ 4163657.1, 2913228.3 ], [ 4163692.2, 2913200.1 ], [ 4163714.3, 2913192.4 ], [ 4163839.5, 2913212.8 ], [ 4163968.0, 2913167.7 ], [ 4164001.7, 2913163.4 ], [ 4164153.9, 2913194.6 ], [ 4164200.6, 2913195.8 ], [ 4164238.9, 2913186.0 ], [ 4164353.2, 2913132.6 ], [ 4164387.6, 2913130.7 ], [ 4164414.1, 2913143.6 ], [ 4164526.5, 2913266.5 ], [ 4164579.7, 2913303.8 ], [ 4164689.7, 2913356.5 ], [ 4164992.0, 2913527.3 ], [ 4165103.5, 2913574.6 ], [ 4165273.0, 2913625.8 ], [ 4165310.8, 2913620.5 ], [ 4165352.9, 2913593.8 ], [ 4165442.1, 2913424.6 ], [ 4165513.0, 2913363.5 ], [ 4165664.3, 2913173.8 ], [ 4165704.3, 2913138.3 ] ], [ [ 4165006.8, 2912461.5 ], [ 4165131.2, 2912446.0 ], [ 4165140.7, 2912468.2 ], [ 4165123.5, 2912488.3 ], [ 4164903.7, 2912535.0 ], [ 4164877.4, 2912534.3 ], [ 4164876.4, 2912515.1 ], [ 4164884.5, 2912509.4 ], [ 4164926.9, 2912501.5 ], [ 4165006.8, 2912461.5 ] ], [ [ 4165849.3, 2912355.3 ], [ 4165873.6, 2912342.5 ], [ 4165928.5, 2912371.7 ], [ 4165882.1, 2912410.7 ], [ 4165848.0, 2912412.6 ], [ 4165849.3, 2912355.3 ] ], [ [ 4164061.0, 2911889.4 ], [ 4164113.4, 2911924.9 ], [ 4164203.2, 2911967.8 ], [ 4164261.6, 2911952.5 ], [ 4164344.7, 2911907.4 ], [ 4164404.0, 2911901.4 ], [ 4164391.3, 2911932.0 ], [ 4164394.2, 2911949.2 ], [ 4164445.7, 2911974.9 ], [ 4164435.7, 2911997.5 ], [ 4164385.1, 2911979.9 ], [ 4164289.1, 2912014.7 ], [ 4164210.9, 2912020.5 ], [ 4164145.5, 2911993.0 ], [ 4164052.4, 2911936.8 ], [ 4164046.6, 2911927.6 ], [ 4164061.0, 2911889.4 ] ], [ [ 4165626.4, 2911977.0 ], [ 4165593.3, 2911974.6 ], [ 4165566.6, 2911954.1 ], [ 4165550.6, 2911951.6 ], [ 4165540.9, 2911919.8 ], [ 4165542.8, 2911857.2 ], [ 4165558.3, 2911849.1 ], [ 4165581.0, 2911905.1 ], [ 4165646.8, 2911963.5 ], [ 4165626.4, 2911977.0 ] ], [ [ 4164948.3, 2911399.6 ], [ 4165129.4, 2911381.0 ], [ 4165117.2, 2911434.6 ], [ 4164957.7, 2911460.6 ], [ 4164948.3, 2911399.6 ] ], [ [ 4165189.7, 2911421.5 ], [ 4165166.9, 2911370.5 ], [ 4165212.9, 2911339.1 ], [ 4165316.2, 2911289.4 ], [ 4165372.6, 2911280.3 ], [ 4165431.6, 2911323.3 ], [ 4165512.4, 2911274.0 ], [ 4165517.1, 2911282.1 ], [ 4165462.1, 2911319.7 ], [ 4165457.8, 2911357.5 ], [ 4165445.5, 2911370.1 ], [ 4165329.1, 2911420.1 ], [ 4165215.7, 2911435.6 ], [ 4165189.7, 2911421.5 ] ], [ [ 4164557.3, 2911231.0 ], [ 4164574.0, 2911351.2 ], [ 4164475.5, 2911311.5 ], [ 4164567.9, 2911156.1 ], [ 4164580.2, 2911178.9 ], [ 4164557.3, 2911231.0 ] ], [ [ 4164871.9, 2910841.0 ], [ 4164860.8, 2910785.3 ], [ 4164839.8, 2910736.8 ], [ 4164850.6, 2910733.0 ], [ 4164887.2, 2910748.2 ], [ 4164903.7, 2910783.3 ], [ 4164898.6, 2910843.6 ], [ 4164871.9, 2910841.0 ] ], [ [ 4164014.2, 2910797.7 ], [ 4163969.5, 2910798.6 ], [ 4163931.1, 2910833.3 ], [ 4163907.8, 2910826.7 ], [ 4163881.3, 2910793.7 ], [ 4163943.9, 2910747.6 ], [ 4164009.6, 2910770.4 ], [ 4164014.2, 2910797.7 ] ], [ [ 4165511.1, 2910588.3 ], [ 4165579.8, 2910618.3 ], [ 4165576.8, 2910667.3 ], [ 4165553.3, 2910710.5 ], [ 4165541.1, 2910716.5 ], [ 4165512.9, 2910685.9 ], [ 4165511.1, 2910588.3 ] ], [ [ 4162767.7, 2910253.8 ], [ 4162778.4, 2910196.2 ], [ 4162857.8, 2910241.1 ], [ 4162823.6, 2910281.8 ], [ 4162767.7, 2910253.8 ] ], [ [ 4164269.0, 2910137.2 ], [ 4164314.9, 2910123.5 ], [ 4164325.8, 2910172.1 ], [ 4164273.3, 2910184.0 ], [ 4164259.3, 2910179.9 ], [ 4164269.0, 2910137.2 ] ], [ [ 4161990.3, 2910126.8 ], [ 4161944.9, 2910067.4 ], [ 4161926.3, 2910067.4 ], [ 4161897.8, 2910086.3 ], [ 4161858.8, 2910040.6 ], [ 4161844.0, 2910039.9 ], [ 4161828.2, 2910052.5 ], [ 4161818.5, 2910048.3 ], [ 4161811.3, 2910000.5 ], [ 4161821.7, 2909991.1 ], [ 4161838.2, 2909993.4 ], [ 4161842.0, 2910008.0 ], [ 4161854.2, 2910016.8 ], [ 4161881.8, 2910008.8 ], [ 4161948.6, 2910025.1 ], [ 4161970.1, 2910047.6 ], [ 4161998.1, 2910037.5 ], [ 4162039.6, 2910095.9 ], [ 4161990.3, 2910126.8 ] ], [ [ 4165370.8, 2910069.8 ], [ 4165349.6, 2910037.3 ], [ 4165379.2, 2910024.7 ], [ 4165400.8, 2910059.0 ], [ 4165370.8, 2910069.8 ] ], [ [ 4161195.0, 2909800.8 ], [ 4161262.8, 2909697.9 ], [ 4161305.6, 2909730.8 ], [ 4161277.6, 2909784.4 ], [ 4161201.1, 2909874.8 ], [ 4161187.0, 2909886.6 ], [ 4161157.7, 2909887.3 ], [ 4161128.4, 2909851.8 ], [ 4161162.9, 2909832.7 ], [ 4161195.0, 2909800.8 ] ], [ [ 4162419.0, 2909537.9 ], [ 4162414.0, 2909432.8 ], [ 4162439.5, 2909439.4 ], [ 4162445.8, 2909533.2 ], [ 4162419.0, 2909537.9 ] ], [ [ 4159999.9, 2909291.6 ], [ 4160015.4, 2909280.8 ], [ 4160056.6, 2909356.6 ], [ 4160052.9, 2909368.7 ], [ 4159999.9, 2909291.6 ] ], [ [ 4160221.5, 2909122.9 ], [ 4160402.7, 2909090.4 ], [ 4160403.5, 2909115.6 ], [ 4160355.2, 2909117.3 ], [ 4160248.4, 2909146.7 ], [ 4160198.9, 2909143.8 ], [ 4160199.0, 2909129.5 ], [ 4160221.5, 2909122.9 ] ], [ [ 4163406.1, 2909015.0 ], [ 4163451.8, 2909014.0 ], [ 4163454.0, 2909080.8 ], [ 4163408.8, 2909079.1 ], [ 4163406.1, 2909015.0 ] ], [ [ 4165479.0, 2909020.0 ], [ 4165543.4, 2908995.8 ], [ 4165556.5, 2909033.8 ], [ 4165582.7, 2909059.8 ], [ 4165550.7, 2909073.0 ], [ 4165479.0, 2909020.0 ] ], [ [ 4163244.0, 2908992.1 ], [ 4163231.5, 2908998.9 ], [ 4163194.1, 2908976.5 ], [ 4163188.0, 2908932.6 ], [ 4163198.8, 2908920.7 ], [ 4163238.3, 2908924.1 ], [ 4163250.8, 2908938.0 ], [ 4163244.0, 2908992.1 ] ], [ [ 4166467.4, 2908770.9 ], [ 4166437.8, 2908712.1 ], [ 4166493.4, 2908646.6 ], [ 4166535.5, 2908724.1 ], [ 4166467.4, 2908770.9 ] ], [ [ 4160261.4, 2908671.0 ], [ 4160240.7, 2908675.0 ], [ 4160174.8, 2908648.5 ], [ 4160171.9, 2908623.5 ], [ 4160196.8, 2908622.5 ], [ 4160209.8, 2908610.6 ], [ 4160208.2, 2908553.6 ], [ 4160330.1, 2908540.4 ], [ 4160333.7, 2908618.7 ], [ 4160306.2, 2908622.9 ], [ 4160261.4, 2908671.0 ] ], [ [ 4159014.0, 2908575.0 ], [ 4158950.3, 2908649.2 ], [ 4158928.9, 2908632.6 ], [ 4158993.0, 2908555.8 ], [ 4159014.0, 2908575.0 ] ], [ [ 4162876.9, 2908700.6 ], [ 4162866.5, 2908733.1 ], [ 4162819.9, 2908706.6 ], [ 4162826.8, 2908683.4 ], [ 4162876.9, 2908700.6 ] ], [ [ 4164235.2, 2908524.8 ], [ 4164191.8, 2908463.2 ], [ 4164153.6, 2908410.9 ], [ 4164174.8, 2908410.1 ], [ 4164190.1, 2908426.0 ], [ 4164237.9, 2908508.6 ], [ 4164235.2, 2908524.8 ] ], [ [ 4165505.2, 2908471.6 ], [ 4165647.6, 2908357.9 ], [ 4165732.6, 2908326.4 ], [ 4165743.2, 2908339.0 ], [ 4165750.2, 2908362.6 ], [ 4165689.8, 2908397.4 ], [ 4165680.1, 2908414.4 ], [ 4165611.1, 2908441.7 ], [ 4165509.2, 2908503.4 ], [ 4165438.1, 2908525.6 ], [ 4165391.8, 2908515.9 ], [ 4165390.2, 2908508.6 ], [ 4165505.2, 2908471.6 ] ], [ [ 4163899.0, 2908496.8 ], [ 4163865.8, 2908484.8 ], [ 4163905.7, 2908452.1 ], [ 4163935.3, 2908468.7 ], [ 4163927.9, 2908485.6 ], [ 4163899.0, 2908496.8 ] ], [ [ 4160038.8, 2908172.1 ], [ 4160023.8, 2908099.9 ], [ 4160065.2, 2908096.5 ], [ 4160085.4, 2908154.6 ], [ 4160038.8, 2908172.1 ] ], [ [ 4159396.9, 2908060.1 ], [ 4159395.3, 2908116.3 ], [ 4159385.5, 2908110.1 ], [ 4159341.0, 2908037.0 ], [ 4159346.0, 2908024.2 ], [ 4159365.9, 2908025.1 ], [ 4159396.9, 2908060.1 ] ], [ [ 4166079.5, 2908034.9 ], [ 4166073.9, 2908004.1 ], [ 4166118.5, 2907996.0 ], [ 4166125.3, 2908028.7 ], [ 4166079.5, 2908034.9 ] ], [ [ 4165057.1, 2907870.7 ], [ 4165117.9, 2907838.7 ], [ 4165154.0, 2907889.9 ], [ 4165115.5, 2907952.3 ], [ 4165057.1, 2907870.7 ] ], [ [ 4163428.6, 2907836.3 ], [ 4163372.5, 2907850.3 ], [ 4163339.3, 2907841.8 ], [ 4163335.6, 2907791.0 ], [ 4163345.1, 2907777.9 ], [ 4163434.0, 2907822.7 ], [ 4163428.6, 2907836.3 ] ], [ [ 4165840.9, 2907815.6 ], [ 4165847.3, 2907775.8 ], [ 4165870.3, 2907772.4 ], [ 4165878.4, 2907749.9 ], [ 4165864.1, 2907730.9 ], [ 4165834.5, 2907731.4 ], [ 4165825.2, 2907705.0 ], [ 4165843.7, 2907703.7 ], [ 4165868.3, 2907677.5 ], [ 4166041.9, 2907694.9 ], [ 4166057.5, 2907679.5 ], [ 4166089.4, 2907671.2 ], [ 4166141.9, 2907606.0 ], [ 4166110.0, 2907686.6 ], [ 4166067.7, 2907731.1 ], [ 4166067.3, 2907749.4 ], [ 4166077.3, 2907760.2 ], [ 4165960.4, 2907803.8 ], [ 4165862.2, 2907820.4 ], [ 4165840.9, 2907815.6 ] ], [ [ 4167435.4, 2907714.7 ], [ 4167390.7, 2907709.4 ], [ 4167347.5, 2907718.0 ], [ 4167364.1, 2907703.3 ], [ 4167451.0, 2907687.6 ], [ 4167488.9, 2907652.7 ], [ 4167517.4, 2907666.1 ], [ 4167519.4, 2907693.2 ], [ 4167482.9, 2907750.5 ], [ 4167470.2, 2907753.8 ], [ 4167456.0, 2907729.9 ], [ 4167435.4, 2907714.7 ] ], [ [ 4163582.7, 2907765.7 ], [ 4163588.6, 2907781.4 ], [ 4163567.4, 2907790.9 ], [ 4163563.2, 2907771.1 ], [ 4163582.7, 2907765.7 ] ], [ [ 4159988.5, 2907541.5 ], [ 4159906.0, 2907455.7 ], [ 4159920.3, 2907422.6 ], [ 4159958.5, 2907392.5 ], [ 4159984.0, 2907408.5 ], [ 4160008.9, 2907407.3 ], [ 4160045.5, 2907447.8 ], [ 4160034.0, 2907488.8 ], [ 4159988.5, 2907541.5 ] ], [ [ 4165938.7, 2907411.2 ], [ 4165917.4, 2907371.9 ], [ 4165933.3, 2907333.6 ], [ 4165949.7, 2907343.4 ], [ 4165971.8, 2907342.0 ], [ 4165964.0, 2907368.9 ], [ 4165980.6, 2907394.0 ], [ 4165958.4, 2907414.7 ], [ 4165938.7, 2907411.2 ] ], [ [ 4165711.6, 2907245.2 ], [ 4165702.2, 2907355.4 ], [ 4165661.5, 2907300.6 ], [ 4165611.0, 2907278.9 ], [ 4165592.8, 2907286.2 ], [ 4165535.8, 2907342.8 ], [ 4165534.7, 2907242.4 ], [ 4165711.6, 2907245.2 ] ], [ [ 4159039.0, 2907279.0 ], [ 4159009.4, 2907258.0 ], [ 4158996.3, 2907234.6 ], [ 4159028.0, 2907165.4 ], [ 4159095.4, 2907203.1 ], [ 4159048.8, 2907276.8 ], [ 4159039.0, 2907279.0 ] ], [ [ 4158632.5, 2907493.9 ], [ 4158626.0, 2907504.1 ], [ 4158472.7, 2907442.2 ], [ 4158481.5, 2907421.6 ], [ 4158632.5, 2907493.9 ] ], [ [ 4161733.6, 2907025.7 ], [ 4161754.6, 2907014.2 ], [ 4161872.6, 2907045.9 ], [ 4161898.5, 2907087.5 ], [ 4161891.4, 2907101.9 ], [ 4161855.8, 2907113.0 ], [ 4161735.8, 2907096.5 ], [ 4161719.9, 2907090.1 ], [ 4161719.2, 2907064.4 ], [ 4161733.6, 2907025.7 ] ], [ [ 4162188.3, 2907022.7 ], [ 4162171.3, 2906967.9 ], [ 4162208.0, 2906950.7 ], [ 4162225.6, 2907008.4 ], [ 4162188.3, 2907022.7 ] ], [ [ 4159677.7, 2906640.2 ], [ 4159669.4, 2906602.2 ], [ 4159748.0, 2906620.7 ], [ 4159781.6, 2906638.1 ], [ 4159777.7, 2906648.0 ], [ 4159729.2, 2906678.6 ], [ 4159677.7, 2906640.2 ] ], [ [ 4163239.0, 2906202.6 ], [ 4163202.2, 2906062.7 ], [ 4163218.8, 2906045.4 ], [ 4163226.7, 2906012.1 ], [ 4163246.9, 2906043.1 ], [ 4163274.5, 2906059.2 ], [ 4163287.0, 2906080.6 ], [ 4163302.4, 2906166.3 ], [ 4163305.1, 2906223.0 ], [ 4163296.7, 2906254.3 ], [ 4163322.8, 2906345.0 ], [ 4163285.1, 2906356.0 ], [ 4163269.4, 2906318.4 ], [ 4163271.6, 2906281.9 ], [ 4163233.1, 2906230.1 ], [ 4163239.0, 2906202.6 ] ], [ [ 4162065.8, 2905847.9 ], [ 4161998.0, 2905823.8 ], [ 4162022.7, 2905744.9 ], [ 4162093.4, 2905776.9 ], [ 4162065.8, 2905847.9 ] ], [ [ 4157611.1, 2905669.3 ], [ 4157593.2, 2905607.7 ], [ 4157595.7, 2905582.3 ], [ 4157616.2, 2905565.5 ], [ 4157634.6, 2905567.8 ], [ 4157664.0, 2905606.7 ], [ 4157663.6, 2905625.8 ], [ 4157639.4, 2905656.0 ], [ 4157611.1, 2905669.3 ] ], [ [ 4156143.8, 2905465.6 ], [ 4156121.2, 2905473.8 ], [ 4156094.4, 2905424.4 ], [ 4156124.6, 2905414.2 ], [ 4156143.8, 2905465.6 ] ], [ [ 4157785.4, 2905118.8 ], [ 4157665.2, 2905090.9 ], [ 4157657.5, 2905072.0 ], [ 4157660.2, 2905052.7 ], [ 4157674.6, 2905043.3 ], [ 4157788.6, 2905069.7 ], [ 4157785.4, 2905118.8 ] ], [ [ 4156201.7, 2904891.3 ], [ 4156251.1, 2904866.5 ], [ 4156268.0, 2904896.3 ], [ 4156284.5, 2904904.3 ], [ 4156321.2, 2904881.9 ], [ 4156331.7, 2904865.5 ], [ 4156361.7, 2904878.1 ], [ 4156340.4, 2904902.6 ], [ 4156241.3, 2904972.1 ], [ 4156196.8, 2904988.5 ], [ 4156191.2, 2904970.4 ], [ 4156217.1, 2904957.5 ], [ 4156224.2, 2904941.8 ], [ 4156201.7, 2904891.3 ] ], [ [ 4156233.6, 2904766.9 ], [ 4156209.8, 2904766.2 ], [ 4156140.5, 2904646.1 ], [ 4156180.0, 2904617.3 ], [ 4156232.3, 2904663.7 ], [ 4156257.4, 2904669.6 ], [ 4156271.9, 2904700.6 ], [ 4156312.3, 2904726.1 ], [ 4156268.6, 2904758.7 ], [ 4156251.1, 2904757.2 ], [ 4156233.6, 2904766.9 ] ], [ [ 4161902.5, 2904712.6 ], [ 4162006.1, 2904629.2 ], [ 4162070.5, 2904560.5 ], [ 4162096.9, 2904548.6 ], [ 4162184.4, 2904481.8 ], [ 4162196.5, 2904442.6 ], [ 4162189.6, 2904427.7 ], [ 4162189.0, 2904342.7 ], [ 4162172.3, 2904174.2 ], [ 4162180.5, 2904122.5 ], [ 4162208.4, 2904075.5 ], [ 4162197.7, 2904049.0 ], [ 4162291.8, 2903939.1 ], [ 4162303.5, 2903904.8 ], [ 4162355.6, 2903848.0 ], [ 4162436.9, 2903725.7 ], [ 4162441.8, 2903691.2 ], [ 4162489.3, 2903644.8 ], [ 4162610.5, 2903459.4 ], [ 4162752.5, 2903333.6 ], [ 4162931.1, 2902910.5 ], [ 4162948.4, 2902912.7 ], [ 4162902.5, 2903055.7 ], [ 4162885.6, 2903069.3 ], [ 4162876.4, 2903113.5 ], [ 4162827.5, 2903201.5 ], [ 4162773.0, 2903340.1 ], [ 4162624.3, 2903468.9 ], [ 4162503.0, 2903660.5 ], [ 4162473.2, 2903687.7 ], [ 4162463.9, 2903719.4 ], [ 4162389.3, 2903829.2 ], [ 4162219.7, 2904051.4 ], [ 4162219.9, 2904078.0 ], [ 4162210.2, 2904097.0 ], [ 4162224.9, 2904117.6 ], [ 4162200.4, 2904176.1 ], [ 4162202.2, 2904249.1 ], [ 4162215.3, 2904350.1 ], [ 4162236.9, 2904380.6 ], [ 4162237.0, 2904474.9 ], [ 4162208.4, 2904478.5 ], [ 4161913.3, 2904724.3 ], [ 4161902.5, 2904712.6 ] ], [ [ 4163317.5, 2904188.9 ], [ 4163382.9, 2904169.5 ], [ 4163401.7, 2904174.4 ], [ 4163440.7, 2904163.7 ], [ 4163487.5, 2904274.5 ], [ 4163380.5, 2904322.5 ], [ 4163352.7, 2904319.7 ], [ 4163355.2, 2904300.6 ], [ 4163326.7, 2904238.8 ], [ 4163327.9, 2904212.8 ], [ 4163317.5, 2904188.9 ] ], [ [ 4162835.4, 2903966.9 ], [ 4162901.0, 2903961.0 ], [ 4162906.7, 2903967.5 ], [ 4162888.3, 2903990.5 ], [ 4162840.7, 2903998.8 ], [ 4162826.9, 2903978.5 ], [ 4162835.4, 2903966.9 ] ], [ [ 4161975.9, 2903077.1 ], [ 4161954.3, 2903090.6 ], [ 4161868.8, 2903085.6 ], [ 4161885.0, 2903042.6 ], [ 4161927.5, 2903057.8 ], [ 4161972.6, 2903059.0 ], [ 4161975.9, 2903077.1 ] ], [ [ 4161691.9, 2903511.3 ], [ 4161677.9, 2903484.1 ], [ 4161647.6, 2903459.5 ], [ 4161519.9, 2903405.6 ], [ 4161602.9, 2903388.4 ], [ 4161659.7, 2903412.0 ], [ 4161711.2, 2903466.2 ], [ 4161722.3, 2903498.3 ], [ 4161720.5, 2903510.5 ], [ 4161691.9, 2903511.3 ] ], [ [ 4157650.7, 2903858.4 ], [ 4157629.9, 2903850.7 ], [ 4157642.3, 2903813.1 ], [ 4157672.4, 2903849.4 ], [ 4157650.7, 2903858.4 ] ], [ [ 4157243.8, 2903870.2 ], [ 4157320.0, 2903914.1 ], [ 4157307.1, 2903931.5 ], [ 4157305.4, 2903952.1 ], [ 4157322.1, 2903972.5 ], [ 4157324.3, 2903995.6 ], [ 4157274.0, 2904009.2 ], [ 4157262.0, 2904019.3 ], [ 4157240.9, 2904062.0 ], [ 4157225.2, 2904128.0 ], [ 4157214.1, 2904073.3 ], [ 4157219.2, 2904045.3 ], [ 4157251.1, 2903998.9 ], [ 4157278.5, 2903984.0 ], [ 4157285.3, 2903967.7 ], [ 4157277.9, 2903951.6 ], [ 4157223.1, 2903905.3 ], [ 4157243.8, 2903870.2 ] ], [ [ 4161811.7, 2904120.1 ], [ 4161716.2, 2904099.4 ], [ 4161716.3, 2904076.8 ], [ 4161746.3, 2904060.9 ], [ 4161782.9, 2904066.0 ], [ 4161817.2, 2904112.7 ], [ 4161811.7, 2904120.1 ] ], [ [ 4161049.3, 2904109.0 ], [ 4161031.0, 2904119.5 ], [ 4160955.0, 2904077.9 ], [ 4160987.7, 2904058.7 ], [ 4161049.3, 2904109.0 ] ], [ [ 4157208.2, 2904218.9 ], [ 4157193.1, 2904217.5 ], [ 4157196.0, 2904183.9 ], [ 4157201.2, 2904163.3 ], [ 4157214.3, 2904160.5 ], [ 4157218.8, 2904189.4 ], [ 4157208.2, 2904218.9 ] ], [ [ 4155967.2, 2904680.0 ], [ 4155957.1, 2904698.8 ], [ 4155911.7, 2904662.9 ], [ 4155911.2, 2904644.5 ], [ 4155891.0, 2904627.5 ], [ 4155896.0, 2904618.3 ], [ 4155917.5, 2904627.5 ], [ 4155967.2, 2904680.0 ] ], [ [ 4158356.9, 2903502.9 ], [ 4158366.7, 2903431.9 ], [ 4158447.3, 2903500.6 ], [ 4158438.7, 2903548.2 ], [ 4158399.3, 2903549.3 ], [ 4158356.9, 2903502.9 ] ], [ [ 4158507.1, 2903006.8 ], [ 4158559.7, 2902991.5 ], [ 4158740.4, 2902969.9 ], [ 4158734.4, 2902976.6 ], [ 4158563.5, 2903014.5 ], [ 4158507.1, 2903006.8 ] ], [ [ 4158276.3, 2902996.5 ], [ 4158221.4, 2902999.9 ], [ 4158217.4, 2902978.2 ], [ 4158243.6, 2902973.7 ], [ 4158274.9, 2902988.9 ], [ 4158276.3, 2902996.5 ] ], [ [ 4157670.0, 2902964.0 ], [ 4157628.1, 2902935.8 ], [ 4157628.8, 2902916.8 ], [ 4157640.2, 2902899.6 ], [ 4157660.4, 2902888.8 ], [ 4157674.8, 2902844.6 ], [ 4157661.1, 2902827.4 ], [ 4157616.5, 2902824.7 ], [ 4157616.5, 2902814.9 ], [ 4157641.8, 2902790.1 ], [ 4157646.6, 2902763.7 ], [ 4157634.0, 2902747.7 ], [ 4157608.4, 2902746.7 ], [ 4157588.0, 2902733.3 ], [ 4157587.6, 2902687.4 ], [ 4157609.8, 2902682.6 ], [ 4157617.9, 2902665.9 ], [ 4157602.0, 2902626.7 ], [ 4157590.0, 2902615.5 ], [ 4157635.9, 2902559.1 ], [ 4157725.7, 2902416.9 ], [ 4157738.8, 2902389.0 ], [ 4157745.7, 2902335.5 ], [ 4157720.0, 2902229.3 ], [ 4157662.7, 2902166.8 ], [ 4157679.1, 2902153.0 ], [ 4157707.6, 2902184.8 ], [ 4157738.9, 2902246.5 ], [ 4157754.3, 2902311.0 ], [ 4157755.8, 2902355.7 ], [ 4157711.2, 2902533.5 ], [ 4157670.5, 2902580.3 ], [ 4157664.7, 2902610.6 ], [ 4157642.1, 2902655.5 ], [ 4157659.7, 2902677.9 ], [ 4157675.1, 2902725.3 ], [ 4157662.6, 2902737.3 ], [ 4157662.0, 2902755.6 ], [ 4157672.0, 2902766.5 ], [ 4157691.9, 2902768.9 ], [ 4157714.9, 2902829.7 ], [ 4157718.5, 2902874.6 ], [ 4157705.0, 2902968.5 ], [ 4157670.0, 2902964.0 ] ], [ [ 4159912.4, 2902679.8 ], [ 4159795.2, 2902663.2 ], [ 4159760.2, 2902666.8 ], [ 4159759.7, 2902662.5 ], [ 4159778.7, 2902649.9 ], [ 4159844.9, 2902648.6 ], [ 4159919.8, 2902670.0 ], [ 4159912.4, 2902679.8 ] ], [ [ 4153613.3, 2902248.7 ], [ 4153528.3, 2902311.7 ], [ 4153521.9, 2902185.5 ], [ 4153500.3, 2902174.7 ], [ 4153470.8, 2902187.7 ], [ 4153466.0, 2902125.2 ], [ 4153485.8, 2902118.2 ], [ 4153524.7, 2902165.1 ], [ 4153596.7, 2902185.7 ], [ 4153613.3, 2902248.7 ] ], [ [ 4159329.6, 2902134.8 ], [ 4159346.6, 2902094.5 ], [ 4159396.3, 2902042.7 ], [ 4159396.7, 2902025.7 ], [ 4159380.8, 2901998.5 ], [ 4159389.1, 2901987.5 ], [ 4159416.4, 2902029.3 ], [ 4159412.3, 2902045.6 ], [ 4159345.4, 2902138.7 ], [ 4159329.6, 2902134.8 ] ], [ [ 4156508.5, 2902002.9 ], [ 4156485.1, 2901960.9 ], [ 4156502.8, 2901896.4 ], [ 4156553.0, 2901930.3 ], [ 4156542.0, 2901993.7 ], [ 4156508.5, 2902002.9 ] ], [ [ 4155612.3, 2902491.6 ], [ 4155571.4, 2902564.0 ], [ 4155558.8, 2902548.7 ], [ 4155599.3, 2902485.8 ], [ 4155612.3, 2902491.6 ] ], [ [ 4156615.0, 2902667.1 ], [ 4156556.6, 2902682.7 ], [ 4156542.1, 2902609.8 ], [ 4156584.7, 2902612.2 ], [ 4156592.2, 2902640.2 ], [ 4156608.9, 2902650.8 ], [ 4156615.0, 2902667.1 ] ], [ [ 4157213.2, 2901592.2 ], [ 4157192.0, 2901565.8 ], [ 4157175.0, 2901569.2 ], [ 4157161.0, 2901583.7 ], [ 4157139.2, 2901580.2 ], [ 4157108.2, 2901436.9 ], [ 4157029.2, 2901288.6 ], [ 4157044.6, 2901274.4 ], [ 4157081.9, 2901260.5 ], [ 4157108.0, 2901288.1 ], [ 4157159.5, 2901281.8 ], [ 4157200.3, 2901351.1 ], [ 4157236.1, 2901421.0 ], [ 4157254.2, 2901482.3 ], [ 4157213.2, 2901592.2 ] ], [ [ 4156407.5, 2901511.5 ], [ 4156253.6, 2901494.3 ], [ 4156251.5, 2901480.0 ], [ 4156277.9, 2901475.6 ], [ 4156386.2, 2901493.1 ], [ 4156436.0, 2901411.6 ], [ 4156474.9, 2901374.1 ], [ 4156496.4, 2901368.1 ], [ 4156488.3, 2901402.8 ], [ 4156407.5, 2901511.5 ] ], [ [ 4163323.3, 2901151.8 ], [ 4163263.3, 2901117.8 ], [ 4163269.2, 2901095.6 ], [ 4163323.1, 2901115.5 ], [ 4163323.3, 2901151.8 ] ], [ [ 4163090.8, 2901090.2 ], [ 4163049.5, 2901120.2 ], [ 4163031.4, 2901109.6 ], [ 4163010.2, 2901070.4 ], [ 4163040.2, 2901054.6 ], [ 4163078.7, 2901051.3 ], [ 4163090.8, 2901090.2 ] ], [ [ 4166508.0, 2904981.6 ], [ 4166543.0, 2904919.5 ], [ 4166608.8, 2904925.4 ], [ 4166716.4, 2905060.1 ], [ 4166753.2, 2905079.0 ], [ 4166759.3, 2905099.9 ], [ 4166735.7, 2905124.4 ], [ 4166642.8, 2905043.0 ], [ 4166559.7, 2905018.7 ], [ 4166508.0, 2904981.6 ] ], [ [ 4166103.6, 2903290.4 ], [ 4166110.2, 2903259.2 ], [ 4166184.1, 2903268.1 ], [ 4166260.8, 2903245.3 ], [ 4166314.1, 2903248.3 ], [ 4166316.5, 2903270.4 ], [ 4166257.2, 2903263.3 ], [ 4166202.9, 2903282.5 ], [ 4166103.6, 2903290.4 ] ], [ [ 4166064.8, 2903245.4 ], [ 4166035.1, 2903270.0 ], [ 4165997.9, 2903240.0 ], [ 4165919.9, 2903206.8 ], [ 4165706.1, 2903209.5 ], [ 4165670.4, 2903193.3 ], [ 4165673.0, 2903176.3 ], [ 4165662.9, 2903161.7 ], [ 4165509.9, 2903108.5 ], [ 4165557.3, 2903111.8 ], [ 4165725.3, 2903165.8 ], [ 4165779.8, 2903166.0 ], [ 4165831.6, 2903137.3 ], [ 4165858.6, 2903160.0 ], [ 4165990.5, 2903197.6 ], [ 4166062.4, 2903227.9 ], [ 4166064.8, 2903245.4 ] ], [ [ 4165270.5, 2903083.6 ], [ 4165184.0, 2903062.9 ], [ 4165083.3, 2903073.9 ], [ 4165112.6, 2903013.9 ], [ 4165169.7, 2903033.1 ], [ 4165214.3, 2903031.4 ], [ 4165273.8, 2903060.4 ], [ 4165270.5, 2903083.6 ] ], [ [ 4164944.6, 2901486.9 ], [ 4164957.2, 2901454.1 ], [ 4165006.2, 2901423.0 ], [ 4165062.5, 2901366.8 ], [ 4165110.8, 2901353.0 ], [ 4165152.4, 2901355.8 ], [ 4165147.8, 2901367.6 ], [ 4165094.8, 2901380.3 ], [ 4165042.0, 2901409.1 ], [ 4164970.1, 2901483.8 ], [ 4164951.4, 2901491.1 ], [ 4164944.6, 2901486.9 ] ] ] } },
{ "type": "Feature", "properties": { "id": "forest_70974", "state": "Rheinland-Pfalz", "area_ha": 6880.63, "unfragmented": true, "image": "forest_70974.webp", "real_width_m": 13968.6, "real_height_m": 10144.7, "pixel_width": 1396, "pixel_height": 1014, "centroid_x": 4180921.3, "centroid_y": 2925358.1 }, "geometry": { "type": "Polygon", "coordinates": [ [ [ 4184371.9, 2929771.9 ], [ 4184418.2, 2929771.1 ], [ 4184436.3, 2929754.9 ], [ 4184483.6, 2929756.1 ], [ 4184536.8, 2929728.1 ], [ 4184597.4, 2929685.3 ], [ 4184658.0, 2929594.1 ], [ 4184703.2, 2929560.1 ], [ 4184770.7, 2929545.1 ], [ 4184784.6, 2929534.3 ], [ 4184784.3, 2929480.8 ], [ 4184747.6, 2929441.9 ], [ 4184756.1, 2929419.8 ], [ 4184752.3, 2929405.6 ], [ 4184620.7, 2929343.3 ], [ 4184636.3, 2929312.7 ], [ 4184744.4, 2929370.0 ], [ 4184792.3, 2929377.4 ], [ 4184809.0, 2929359.5 ], [ 4184802.1, 2929307.6 ], [ 4184838.4, 2929290.0 ], [ 4184848.9, 2929275.4 ], [ 4184845.0, 2929257.9 ], [ 4184814.9, 2929231.3 ], [ 4184824.5, 2929219.6 ], [ 4184876.8, 2929253.8 ], [ 4184894.1, 2929254.3 ], [ 4184930.4, 2929194.9 ], [ 4184958.6, 2929165.1 ], [ 4184990.1, 2929152.2 ], [ 4185085.0, 2929123.9 ], [ 4185215.7, 2929128.6 ], [ 4185217.8, 2929166.7 ], [ 4185207.7, 2929185.0 ], [ 4185217.4, 2929203.5 ], [ 4185242.1, 2929213.9 ], [ 4185342.8, 2929201.5 ], [ 4185348.6, 2929240.7 ], [ 4185370.1, 2929250.6 ], [ 4185398.3, 2929244.2 ], [ 4185407.5, 2929225.9 ], [ 4185396.1, 2929174.5 ], [ 4185364.8, 2929165.4 ], [ 4185363.9, 2929131.1 ], [ 4185394.4, 2929137.1 ], [ 4185443.7, 2929129.8 ], [ 4185451.0, 2929151.5 ], [ 4185471.2, 2929157.6 ], [ 4185603.2, 2929131.8 ], [ 4185690.7, 2929084.9 ], [ 4185693.5, 2929067.7 ], [ 4185680.1, 2929042.8 ], [ 4185693.1, 2929032.4 ], [ 4185703.8, 2929000.2 ], [ 4185653.0, 2928949.5 ], [ 4185669.3, 2928931.6 ], [ 4185707.7, 2928958.2 ], [ 4185745.2, 2928952.2 ], [ 4185756.0, 2928942.6 ], [ 4185769.2, 2928914.2 ], [ 4185760.1, 2928895.5 ], [ 4185787.2, 2928843.8 ], [ 4185780.5, 2928827.3 ], [ 4185746.7, 2928803.9 ], [ 4185764.9, 2928777.0 ], [ 4185766.1, 2928762.0 ], [ 4185705.0, 2928703.2 ], [ 4185700.2, 2928675.7 ], [ 4185684.6, 2928669.3 ], [ 4185665.7, 2928678.0 ], [ 4185637.9, 2928646.9 ], [ 4185634.5, 2928620.1 ], [ 4185611.0, 2928615.1 ], [ 4185498.6, 2928434.6 ], [ 4185487.0, 2928426.8 ], [ 4185469.8, 2928429.1 ], [ 4185404.1, 2928395.5 ], [ 4185303.6, 2928374.8 ], [ 4185170.0, 2928396.5 ], [ 4185160.9, 2928373.2 ], [ 4185143.7, 2928367.1 ], [ 4185077.6, 2928397.9 ], [ 4185085.6, 2928333.6 ], [ 4185149.3, 2928258.4 ], [ 4185147.5, 2928233.5 ], [ 4185171.9, 2928232.1 ], [ 4185237.2, 2928167.1 ], [ 4185251.8, 2928185.5 ], [ 4185279.4, 2928185.5 ], [ 4185292.9, 2928175.4 ], [ 4185297.6, 2928150.4 ], [ 4185318.4, 2928185.3 ], [ 4185352.5, 2928209.6 ], [ 4185370.8, 2928210.4 ], [ 4185371.7, 2928230.1 ], [ 4185391.2, 2928246.7 ], [ 4185407.4, 2928245.4 ], [ 4185450.9, 2928221.3 ], [ 4185454.2, 2928192.1 ], [ 4185439.4, 2928177.9 ], [ 4185382.7, 2928199.0 ], [ 4185381.9, 2928179.3 ], [ 4185316.8, 2928069.6 ], [ 4185375.9, 2928001.0 ], [ 4185403.1, 2927982.0 ], [ 4185439.5, 2927984.8 ], [ 4185444.6, 2927998.9 ], [ 4185419.5, 2928027.1 ], [ 4185411.9, 2928070.0 ], [ 4185423.8, 2928115.7 ], [ 4185462.2, 2928182.0 ], [ 4185484.6, 2928253.5 ], [ 4185507.6, 2928265.6 ], [ 4185512.1, 2928281.7 ], [ 4185480.4, 2928303.3 ], [ 4185477.7, 2928352.5 ], [ 4185491.5, 2928363.4 ], [ 4185508.9, 2928363.7 ], [ 4185587.1, 2928316.0 ], [ 4185608.2, 2928346.1 ], [ 4185540.3, 2928399.2 ], [ 4185536.9, 2928424.8 ], [ 4185573.3, 2928474.9 ], [ 4185593.2, 2928476.5 ], [ 4185611.0, 2928462.8 ], [ 4185623.6, 2928477.2 ], [ 4185604.1, 2928497.2 ], [ 4185602.0, 2928511.4 ], [ 4185652.9, 2928578.7 ], [ 4185648.4, 2928592.9 ], [ 4185653.9, 2928606.7 ], [ 4185666.9, 2928613.8 ], [ 4185681.5, 2928611.1 ], [ 4185703.6, 2928625.6 ], [ 4185717.0, 2928620.6 ], [ 4185730.3, 2928601.3 ], [ 4185737.1, 2928605.1 ], [ 4185723.5, 2928639.5 ], [ 4185730.5, 2928652.3 ], [ 4185749.1, 2928660.7 ], [ 4185765.5, 2928656.0 ], [ 4185778.2, 2928638.4 ], [ 4185799.2, 2928648.4 ], [ 4185816.7, 2928643.9 ], [ 4185846.3, 2928598.6 ], [ 4185847.2, 2928584.3 ], [ 4185826.7, 2928561.3 ], [ 4185835.7, 2928541.2 ], [ 4185826.7, 2928522.6 ], [ 4185771.4, 2928507.3 ], [ 4185710.7, 2928468.4 ], [ 4185743.9, 2928425.1 ], [ 4185765.2, 2928441.5 ], [ 4185824.1, 2928445.4 ], [ 4185845.2, 2928434.4 ], [ 4185848.3, 2928414.0 ], [ 4185828.0, 2928395.0 ], [ 4185776.7, 2928395.2 ], [ 4185764.0, 2928383.1 ], [ 4185730.1, 2928381.0 ], [ 4185718.1, 2928325.3 ], [ 4185772.3, 2928324.5 ], [ 4185789.7, 2928308.6 ], [ 4185778.9, 2928234.8 ], [ 4185762.1, 2928220.9 ], [ 4185718.1, 2928221.2 ], [ 4185680.6, 2928249.2 ], [ 4185660.1, 2928214.0 ], [ 4185676.8, 2928200.4 ], [ 4185676.7, 2928178.9 ], [ 4185644.8, 2928137.2 ], [ 4185623.8, 2928134.5 ], [ 4185572.5, 2928040.6 ], [ 4185591.4, 2928024.0 ], [ 4185638.3, 2928010.8 ], [ 4185707.6, 2928014.8 ], [ 4185716.5, 2928004.1 ], [ 4185729.1, 2927944.9 ], [ 4185767.1, 2927968.4 ], [ 4185802.1, 2927997.5 ], [ 4185828.7, 2928035.3 ], [ 4185855.1, 2928041.0 ], [ 4185855.4, 2928101.1 ], [ 4185884.1, 2928176.6 ], [ 4185943.1, 2928256.6 ], [ 4185992.8, 2928292.1 ], [ 4185977.9, 2928323.0 ], [ 4185995.3, 2928343.1 ], [ 4185988.3, 2928373.4 ], [ 4185992.5, 2928387.5 ], [ 4186019.3, 2928395.0 ], [ 4186051.0, 2928357.8 ], [ 4186074.3, 2928356.9 ], [ 4186076.8, 2928391.8 ], [ 4186093.9, 2928423.1 ], [ 4186112.0, 2928434.5 ], [ 4186168.2, 2928431.4 ], [ 4186192.6, 2928405.0 ], [ 4186198.0, 2928381.8 ], [ 4186218.6, 2928351.7 ], [ 4186219.0, 2928333.8 ], [ 4186206.0, 2928321.5 ], [ 4186148.9, 2928328.2 ], [ 4186147.7, 2928285.1 ], [ 4186172.6, 2928271.9 ], [ 4186173.3, 2928226.6 ], [ 4186211.9, 2928225.0 ], [ 4186216.9, 2928319.1 ], [ 4186228.3, 2928336.3 ], [ 4186245.6, 2928337.9 ], [ 4186354.4, 2928302.6 ], [ 4186428.9, 2928310.1 ], [ 4186506.9, 2928339.6 ], [ 4186601.6, 2928428.8 ], [ 4186620.0, 2928430.5 ], [ 4186645.2, 2928415.5 ], [ 4186653.9, 2928418.3 ], [ 4186669.8, 2928447.2 ], [ 4186715.1, 2928449.0 ], [ 4186731.5, 2928427.1 ], [ 4186717.6, 2928407.2 ], [ 4186708.7, 2928365.7 ], [ 4186691.5, 2928359.2 ], [ 4186653.7, 2928370.5 ], [ 4186554.3, 2928296.3 ], [ 4186461.9, 2928262.1 ], [ 4186438.3, 2928240.7 ], [ 4186444.0, 2928199.9 ], [ 4186413.3, 2928186.7 ], [ 4186454.1, 2928060.0 ], [ 4186442.0, 2927993.1 ], [ 4186459.7, 2927970.5 ], [ 4186462.1, 2927954.2 ], [ 4186490.2, 2927940.9 ], [ 4186498.9, 2927928.7 ], [ 4186490.5, 2927905.0 ], [ 4186454.5, 2927897.5 ], [ 4186454.0, 2927875.9 ], [ 4186478.2, 2927861.9 ], [ 4186480.5, 2927823.8 ], [ 4186523.8, 2927823.3 ], [ 4186548.1, 2927810.3 ], [ 4186576.3, 2927811.2 ], [ 4186606.2, 2927820.5 ], [ 4186652.9, 2927821.9 ], [ 4186673.7, 2927839.5 ], [ 4186690.4, 2927842.7 ], [ 4186760.2, 2927796.3 ], [ 4186800.4, 2927733.0 ], [ 4186900.8, 2927771.8 ], [ 4186951.0, 2927750.5 ], [ 4186975.2, 2927762.9 ], [ 4186985.0, 2927780.1 ], [ 4187024.2, 2927792.3 ], [ 4187043.6, 2927784.7 ], [ 4187050.9, 2927763.0 ], [ 4187201.5, 2927849.5 ], [ 4187270.2, 2927866.4 ], [ 4187261.0, 2927887.7 ], [ 4187262.2, 2927932.1 ], [ 4187308.2, 2927961.2 ], [ 4187307.1, 2927986.7 ], [ 4187289.4, 2928013.7 ], [ 4187291.1, 2928028.1 ], [ 4187301.5, 2928038.3 ], [ 4187354.5, 2928053.8 ], [ 4187438.7, 2928051.0 ], [ 4187493.2, 2928067.2 ], [ 4187516.5, 2928046.0 ], [ 4187523.3, 2927994.8 ], [ 4187550.7, 2927987.5 ], [ 4187586.6, 2927990.1 ], [ 4187590.7, 2928011.5 ], [ 4187610.7, 2928020.1 ], [ 4187635.9, 2927996.9 ], [ 4187686.1, 2927980.9 ], [ 4187649.6, 2928058.7 ], [ 4187650.2, 2928073.7 ], [ 4187663.9, 2928086.3 ], [ 4187682.4, 2928083.9 ], [ 4187709.6, 2928093.8 ], [ 4187724.9, 2928084.8 ], [ 4187736.7, 2928061.3 ], [ 4187754.6, 2928069.1 ], [ 4187745.7, 2928122.0 ], [ 4187760.5, 2928139.4 ], [ 4187751.1, 2928191.6 ], [ 4187781.9, 2928237.9 ], [ 4187797.5, 2928244.4 ], [ 4187813.5, 2928237.6 ], [ 4187836.7, 2928251.5 ], [ 4187861.9, 2928234.9 ], [ 4187883.3, 2928257.8 ], [ 4187950.2, 2928267.4 ], [ 4187963.5, 2928256.3 ], [ 4187966.2, 2928241.7 ], [ 4187958.0, 2928221.1 ], [ 4187945.5, 2928213.4 ], [ 4187935.0, 2928179.3 ], [ 4187922.5, 2928170.6 ], [ 4187917.5, 2928114.2 ], [ 4187899.9, 2928103.4 ], [ 4187847.5, 2928108.2 ], [ 4187855.9, 2928032.9 ], [ 4187873.7, 2928027.0 ], [ 4187881.9, 2928011.3 ], [ 4187867.0, 2927914.0 ], [ 4187874.8, 2927894.2 ], [ 4187864.6, 2927874.6 ], [ 4187850.3, 2927870.1 ], [ 4187787.9, 2927883.4 ], [ 4187772.5, 2927829.4 ], [ 4187711.5, 2927808.8 ], [ 4187698.6, 2927815.8 ], [ 4187687.8, 2927839.8 ], [ 4187690.9, 2927856.8 ], [ 4187704.9, 2927866.5 ], [ 4187701.3, 2927887.4 ], [ 4187680.0, 2927903.6 ], [ 4187677.1, 2927925.5 ], [ 4187635.5, 2927914.8 ], [ 4187618.0, 2927927.3 ], [ 4187572.9, 2927936.3 ], [ 4187513.1, 2927931.2 ], [ 4187477.1, 2927947.4 ], [ 4187457.6, 2927948.1 ], [ 4187452.0, 2927931.3 ], [ 4187434.2, 2927919.3 ], [ 4187400.9, 2927913.1 ], [ 4187402.0, 2927885.6 ], [ 4187370.9, 2927848.3 ], [ 4187325.0, 2927829.9 ], [ 4187309.2, 2927812.5 ], [ 4187277.5, 2927820.3 ], [ 4187217.9, 2927793.8 ], [ 4187223.6, 2927756.7 ], [ 4187325.7, 2927791.5 ], [ 4187357.9, 2927794.8 ], [ 4187372.8, 2927785.0 ], [ 4187375.4, 2927761.6 ], [ 4187400.8, 2927740.9 ], [ 4187420.9, 2927705.4 ], [ 4187440.2, 2927712.2 ], [ 4187456.8, 2927700.2 ], [ 4187457.7, 2927674.3 ], [ 4187429.9, 2927656.3 ], [ 4187442.0, 2927597.1 ], [ 4187450.6, 2927577.0 ], [ 4187493.3, 2927594.7 ], [ 4187514.1, 2927584.4 ], [ 4187528.5, 2927544.5 ], [ 4187501.4, 2927477.0 ], [ 4187556.2, 2927425.2 ], [ 4187566.0, 2927387.7 ], [ 4187566.2, 2927293.7 ], [ 4187552.5, 2927222.9 ], [ 4187644.0, 2927263.5 ], [ 4187661.8, 2927253.8 ], [ 4187683.1, 2927210.0 ], [ 4187668.6, 2927166.3 ], [ 4187656.5, 2927155.6 ], [ 4187633.9, 2927154.2 ], [ 4187605.7, 2927175.5 ], [ 4187573.3, 2927165.0 ], [ 4187583.4, 2927133.5 ], [ 4187626.4, 2927140.7 ], [ 4187644.5, 2927111.0 ], [ 4187738.7, 2927139.5 ], [ 4187721.8, 2927165.0 ], [ 4187715.0, 2927202.3 ], [ 4187731.3, 2927215.0 ], [ 4187779.3, 2927216.5 ], [ 4187779.3, 2927239.6 ], [ 4187794.9, 2927253.0 ], [ 4187887.1, 2927249.9 ], [ 4188008.1, 2927216.1 ], [ 4188055.1, 2927245.4 ], [ 4188072.4, 2927247.2 ], [ 4188083.8, 2927239.0 ], [ 4188090.7, 2927207.3 ], [ 4188107.3, 2927190.0 ], [ 4188146.7, 2927186.9 ], [ 4188159.8, 2927158.7 ], [ 4188139.8, 2927141.2 ], [ 4188139.7, 2927112.8 ], [ 4188130.7, 2927100.9 ], [ 4188044.5, 2927088.9 ], [ 4188045.5, 2927070.8 ], [ 4188116.7, 2927073.0 ], [ 4188127.0, 2927059.1 ], [ 4188126.8, 2927032.8 ], [ 4188143.4, 2927014.5 ], [ 4188243.7, 2927004.6 ], [ 4188281.8, 2927020.6 ], [ 4188317.1, 2927017.9 ], [ 4188328.4, 2926996.8 ], [ 4188308.6, 2926974.7 ], [ 4188316.2, 2926947.3 ], [ 4188339.0, 2926927.0 ], [ 4188361.2, 2926930.9 ], [ 4188377.5, 2926949.9 ], [ 4188407.7, 2926949.9 ], [ 4188418.6, 2926935.4 ], [ 4188417.6, 2926890.4 ], [ 4188404.7, 2926877.9 ], [ 4188365.1, 2926870.5 ], [ 4188318.8, 2926875.6 ], [ 4188301.3, 2926832.4 ], [ 4188314.6, 2926757.6 ], [ 4188300.5, 2926738.3 ], [ 4188279.5, 2926735.0 ], [ 4188264.3, 2926744.2 ], [ 4188167.5, 2926740.0 ], [ 4188154.5, 2926746.7 ], [ 4188147.1, 2926764.1 ], [ 4188044.4, 2926739.3 ], [ 4188040.5, 2926705.2 ], [ 4188062.0, 2926704.2 ], [ 4188072.9, 2926690.5 ], [ 4188069.5, 2926646.8 ], [ 4188077.1, 2926622.6 ], [ 4188107.4, 2926632.6 ], [ 4188124.3, 2926625.0 ], [ 4188148.7, 2926661.9 ], [ 4188168.8, 2926668.1 ], [ 4188197.9, 2926634.0 ], [ 4188215.8, 2926642.1 ], [ 4188231.9, 2926636.7 ], [ 4188249.9, 2926612.8 ], [ 4188246.7, 2926591.9 ], [ 4188209.7, 2926553.3 ], [ 4188191.3, 2926555.3 ], [ 4188175.0, 2926578.0 ], [ 4188157.4, 2926580.8 ], [ 4188126.3, 2926561.8 ], [ 4188136.3, 2926542.7 ], [ 4188134.5, 2926528.6 ], [ 4188103.9, 2926503.2 ], [ 4188049.5, 2926437.6 ], [ 4188045.7, 2926416.7 ], [ 4187917.7, 2926330.5 ], [ 4187742.2, 2926150.6 ], [ 4187648.1, 2926091.3 ], [ 4187477.3, 2926033.2 ], [ 4187410.4, 2926023.6 ], [ 4187255.9, 2926031.3 ], [ 4186973.4, 2926025.8 ], [ 4186821.2, 2925999.6 ], [ 4186713.4, 2925953.7 ], [ 4186502.4, 2925833.5 ], [ 4186370.1, 2925711.5 ], [ 4186188.1, 2925656.8 ], [ 4186075.5, 2925657.2 ], [ 4185776.7, 2925731.1 ], [ 4185647.6, 2925796.4 ], [ 4185598.2, 2925811.7 ], [ 4185285.8, 2925822.9 ], [ 4185172.6, 2925813.3 ], [ 4185069.7, 2925782.3 ], [ 4185006.1, 2925775.6 ], [ 4184916.0, 2925741.5 ], [ 4184774.4, 2925635.5 ], [ 4184651.8, 2925525.4 ], [ 4184511.2, 2925413.8 ], [ 4184338.1, 2925236.3 ], [ 4184222.7, 2925064.5 ], [ 4184205.1, 2925060.0 ], [ 4184181.5, 2925071.9 ], [ 4184126.8, 2924979.6 ], [ 4184162.8, 2924983.2 ], [ 4184179.9, 2924967.2 ], [ 4184168.6, 2924802.1 ], [ 4184139.9, 2924743.3 ], [ 4184053.1, 2924607.1 ], [ 4183998.5, 2924341.0 ], [ 4183879.7, 2924097.0 ], [ 4183871.4, 2923943.4 ], [ 4183777.7, 2923793.5 ], [ 4183641.4, 2923704.4 ], [ 4183578.5, 2923688.7 ], [ 4183541.0, 2923703.3 ], [ 4183548.1, 2923804.1 ], [ 4183560.9, 2923847.9 ], [ 4183550.2, 2923867.5 ], [ 4183596.4, 2923939.8 ], [ 4183669.6, 2924002.5 ], [ 4183706.9, 2924024.2 ], [ 4183693.9, 2924080.5 ], [ 4183626.7, 2924135.9 ], [ 4183619.0, 2924151.1 ], [ 4183686.4, 2924327.7 ], [ 4183708.4, 2924440.7 ], [ 4183703.3, 2924459.3 ], [ 4183676.8, 2924469.1 ], [ 4183583.4, 2924461.9 ], [ 4183537.5, 2924466.4 ], [ 4183519.8, 2924377.2 ], [ 4183478.4, 2924317.9 ], [ 4183300.8, 2924149.6 ], [ 4183134.5, 2923966.8 ], [ 4183049.5, 2923897.7 ], [ 4182997.7, 2923873.0 ], [ 4182981.4, 2923879.6 ], [ 4182975.3, 2923896.2 ], [ 4183000.7, 2924011.2 ], [ 4183015.2, 2924038.8 ], [ 4182969.8, 2924075.4 ], [ 4182951.6, 2924103.6 ], [ 4182922.8, 2924200.4 ], [ 4182919.8, 2924307.6 ], [ 4182909.0, 2924329.6 ], [ 4182875.9, 2924329.9 ], [ 4182812.8, 2924290.9 ], [ 4182733.8, 2924262.1 ], [ 4182667.8, 2924256.8 ], [ 4182587.2, 2924295.7 ], [ 4182532.9, 2924253.0 ], [ 4182499.5, 2924248.2 ], [ 4182390.4, 2924301.7 ], [ 4182336.4, 2924302.0 ], [ 4182242.1, 2924284.5 ], [ 4182212.2, 2924288.8 ], [ 4182179.8, 2924312.4 ], [ 4182137.5, 2924414.0 ], [ 4182106.5, 2924452.8 ], [ 4182060.1, 2924463.4 ], [ 4182007.4, 2924449.8 ], [ 4182013.7, 2924290.9 ], [ 4182052.9, 2924239.2 ], [ 4182104.4, 2924075.4 ], [ 4182119.7, 2924065.7 ], [ 4182123.0, 2924047.9 ], [ 4182101.2, 2924015.4 ], [ 4181995.0, 2923937.1 ], [ 4181881.2, 2923836.3 ], [ 4182077.6, 2923498.9 ], [ 4182266.0, 2923617.5 ], [ 4182514.2, 2923602.4 ], [ 4182705.2, 2923510.7 ], [ 4182797.8, 2923447.5 ], [ 4182802.1, 2923430.5 ], [ 4182783.5, 2923315.3 ], [ 4182853.6, 2923258.3 ], [ 4182939.9, 2923239.0 ], [ 4182950.8, 2923230.4 ], [ 4183023.9, 2922962.3 ], [ 4183120.1, 2922967.5 ], [ 4183213.8, 2922989.8 ], [ 4183260.1, 2922984.1 ], [ 4183274.4, 2922968.0 ], [ 4183156.1, 2922736.7 ], [ 4183139.5, 2922732.2 ], [ 4183121.0, 2922742.8 ], [ 4183114.8, 2922756.1 ], [ 4183119.0, 2922777.8 ], [ 4183104.7, 2922789.1 ], [ 4183097.7, 2922771.1 ], [ 4183085.3, 2922762.9 ], [ 4183040.6, 2922772.6 ], [ 4183026.0, 2922740.9 ], [ 4183066.4, 2922725.4 ], [ 4183095.6, 2922688.5 ], [ 4183110.0, 2922688.4 ], [ 4183122.9, 2922676.3 ], [ 4183100.0, 2922569.2 ], [ 4183101.0, 2922476.4 ], [ 4183244.7, 2922281.1 ], [ 4183259.3, 2922220.5 ], [ 4183248.6, 2921883.9 ], [ 4183175.9, 2921617.0 ], [ 4183084.9, 2921441.5 ], [ 4183067.3, 2921349.2 ], [ 4183075.2, 2921294.3 ], [ 4183125.3, 2921219.2 ], [ 4183140.5, 2921173.6 ], [ 4183134.8, 2920945.0 ], [ 4183141.2, 2920896.5 ], [ 4183127.8, 2920880.0 ], [ 4183092.9, 2920877.0 ], [ 4183104.6, 2920844.6 ], [ 4183137.3, 2920844.8 ], [ 4183151.7, 2920836.2 ], [ 4183161.5, 2920789.1 ], [ 4183159.3, 2920732.1 ], [ 4183127.6, 2920600.7 ], [ 4183139.0, 2920530.2 ], [ 4183164.5, 2920457.0 ], [ 4183155.2, 2920400.6 ], [ 4183138.2, 2920386.6 ], [ 4183117.7, 2920394.3 ], [ 4183102.7, 2920465.5 ], [ 4183106.1, 2920479.9 ], [ 4183089.9, 2920492.5 ], [ 4183056.2, 2920464.1 ], [ 4183039.3, 2920468.6 ], [ 4183027.8, 2920488.5 ], [ 4183010.2, 2920480.8 ], [ 4183006.8, 2920445.4 ], [ 4182990.4, 2920432.7 ], [ 4182936.2, 2920441.8 ], [ 4182889.2, 2920472.3 ], [ 4182882.6, 2920540.9 ], [ 4182892.0, 2920577.7 ], [ 4182914.3, 2920598.0 ], [ 4182920.5, 2920615.4 ], [ 4182892.9, 2920715.3 ], [ 4182902.6, 2920730.9 ], [ 4182922.8, 2920733.3 ], [ 4182920.5, 2920801.2 ], [ 4182930.6, 2920817.7 ], [ 4182925.0, 2920848.3 ], [ 4182946.1, 2920866.9 ], [ 4182934.6, 2920922.2 ], [ 4182921.2, 2920931.8 ], [ 4182912.5, 2920952.7 ], [ 4182907.7, 2920984.1 ], [ 4182922.4, 2921008.5 ], [ 4182917.4, 2921019.7 ], [ 4182904.0, 2921032.5 ], [ 4182901.7, 2921048.3 ], [ 4182871.6, 2921058.5 ], [ 4182855.0, 2921082.7 ], [ 4182846.8, 2921126.2 ], [ 4182825.6, 2921144.4 ], [ 4182832.4, 2921189.0 ], [ 4182799.9, 2921190.1 ], [ 4182785.4, 2921210.7 ], [ 4182793.1, 2921247.0 ], [ 4182816.6, 2921270.6 ], [ 4182836.3, 2921269.2 ], [ 4182913.2, 2921381.3 ], [ 4182982.7, 2921551.0 ], [ 4182971.5, 2921560.2 ], [ 4182968.8, 2921577.0 ], [ 4183007.7, 2921684.3 ], [ 4183069.4, 2921930.4 ], [ 4183066.9, 2921977.2 ], [ 4183040.0, 2922029.1 ], [ 4183020.9, 2922012.0 ], [ 4182974.9, 2922015.2 ], [ 4182926.6, 2922003.1 ], [ 4182938.6, 2921992.4 ], [ 4183000.8, 2921982.7 ], [ 4183019.9, 2921951.7 ], [ 4183020.2, 2921922.8 ], [ 4182997.7, 2921840.3 ], [ 4183004.6, 2921820.8 ], [ 4182982.7, 2921728.1 ], [ 4182978.8, 2921674.4 ], [ 4182958.0, 2921606.0 ], [ 4182938.6, 2921596.9 ], [ 4182848.0, 2921620.1 ], [ 4182823.3, 2921603.0 ], [ 4182805.7, 2921568.1 ], [ 4182789.7, 2921561.9 ], [ 4182790.7, 2921513.7 ], [ 4182768.4, 2921377.8 ], [ 4182757.5, 2921363.4 ], [ 4182729.9, 2921359.1 ], [ 4182676.0, 2921199.1 ], [ 4182663.4, 2921192.2 ], [ 4182611.8, 2921192.3 ], [ 4182544.3, 2921201.0 ], [ 4182544.1, 2921187.6 ], [ 4182561.9, 2921180.5 ], [ 4182570.6, 2921164.0 ], [ 4182566.1, 2921149.6 ], [ 4182550.9, 2921138.3 ], [ 4182632.0, 2921044.9 ], [ 4182651.0, 2921047.8 ], [ 4182666.3, 2921038.7 ], [ 4182679.8, 2920971.0 ], [ 4182691.9, 2920947.8 ], [ 4182678.2, 2920925.8 ], [ 4182672.2, 2920858.4 ], [ 4182654.6, 2920839.3 ], [ 4182648.9, 2920776.0 ], [ 4182631.8, 2920743.5 ], [ 4182609.3, 2920739.4 ], [ 4182589.6, 2920698.8 ], [ 4182592.3, 2920682.8 ], [ 4182617.4, 2920657.5 ], [ 4182615.9, 2920639.3 ], [ 4182590.3, 2920614.7 ], [ 4182572.9, 2920610.7 ], [ 4182536.3, 2920628.6 ], [ 4182507.5, 2920659.4 ], [ 4182471.3, 2920666.4 ], [ 4182447.0, 2920686.7 ], [ 4182390.4, 2920709.1 ], [ 4182377.4, 2920701.5 ], [ 4182402.1, 2920670.8 ], [ 4182411.0, 2920636.1 ], [ 4182457.7, 2920614.8 ], [ 4182456.5, 2920567.9 ], [ 4182485.0, 2920524.4 ], [ 4182520.2, 2920508.1 ], [ 4182519.3, 2920482.1 ], [ 4182558.1, 2920450.4 ], [ 4182612.3, 2920424.1 ], [ 4182615.5, 2920410.4 ], [ 4182607.2, 2920395.1 ], [ 4182612.6, 2920383.2 ], [ 4182631.0, 2920374.2 ], [ 4182636.6, 2920349.5 ], [ 4182659.5, 2920338.1 ], [ 4182661.6, 2920301.8 ], [ 4182677.0, 2920291.9 ], [ 4182687.7, 2920261.2 ], [ 4182681.3, 2920241.2 ], [ 4182662.8, 2920233.6 ], [ 4182652.9, 2920197.3 ], [ 4182664.5, 2920174.4 ], [ 4182625.7, 2920070.1 ], [ 4182602.8, 2920059.5 ], [ 4182567.6, 2920079.8 ], [ 4182536.9, 2920039.9 ], [ 4182584.3, 2920008.4 ], [ 4182590.5, 2919986.0 ], [ 4182536.5, 2919881.4 ], [ 4182522.3, 2919871.2 ], [ 4182543.2, 2919842.4 ], [ 4182541.2, 2919824.3 ], [ 4182509.8, 2919811.7 ], [ 4182504.6, 2919775.8 ], [ 4182465.5, 2919737.7 ], [ 4182468.1, 2919707.7 ], [ 4182444.8, 2919694.3 ], [ 4182440.1, 2919664.3 ], [ 4182421.0, 2919638.5 ], [ 4182397.3, 2919636.3 ], [ 4182321.8, 2919698.4 ], [ 4182212.7, 2919753.2 ], [ 4182198.9, 2919790.3 ], [ 4182171.2, 2919812.8 ], [ 4182142.2, 2919796.8 ], [ 4182109.1, 2919825.5 ], [ 4182108.4, 2919871.1 ], [ 4182088.7, 2919907.8 ], [ 4182101.0, 2919930.7 ], [ 4182075.6, 2919984.1 ], [ 4182101.8, 2920016.5 ], [ 4182085.6, 2920042.9 ], [ 4182069.7, 2920053.4 ], [ 4182065.7, 2920070.5 ], [ 4182052.5, 2920077.8 ], [ 4182019.7, 2920078.9 ], [ 4182011.4, 2920052.5 ], [ 4182018.4, 2920037.6 ], [ 4182010.5, 2919897.9 ], [ 4181994.2, 2919884.2 ], [ 4181966.7, 2919890.2 ], [ 4181944.5, 2919864.7 ], [ 4181958.6, 2919833.2 ], [ 4181935.3, 2919812.9 ], [ 4181943.5, 2919790.0 ], [ 4181929.6, 2919770.7 ], [ 4181712.4, 2919725.9 ], [ 4181693.1, 2919740.3 ], [ 4181682.2, 2919796.8 ], [ 4181648.0, 2919782.7 ], [ 4181627.2, 2919788.4 ], [ 4181551.8, 2919773.0 ], [ 4181467.4, 2919783.6 ], [ 4181460.0, 2919768.6 ], [ 4181446.6, 2919762.6 ], [ 4181324.6, 2919768.7 ], [ 4181318.9, 2919744.8 ], [ 4181293.8, 2919731.8 ], [ 4181289.9, 2919715.8 ], [ 4181273.6, 2919706.0 ], [ 4181253.7, 2919713.4 ], [ 4181244.1, 2919745.5 ], [ 4181195.4, 2919740.1 ], [ 4181179.7, 2919718.2 ], [ 4181123.1, 2919718.8 ], [ 4181120.3, 2919699.3 ], [ 4181105.8, 2919689.5 ], [ 4181018.6, 2919703.2 ], [ 4181002.0, 2919722.8 ], [ 4180999.8, 2919740.2 ], [ 4180966.0, 2919748.0 ], [ 4180934.9, 2919777.5 ], [ 4180935.4, 2919799.1 ], [ 4180955.5, 2919815.3 ], [ 4180950.3, 2919833.1 ], [ 4180933.6, 2919835.5 ], [ 4180910.5, 2919855.4 ], [ 4180901.8, 2919891.2 ], [ 4180893.7, 2919965.8 ], [ 4180898.5, 2920008.0 ], [ 4180925.8, 2920184.0 ], [ 4180955.5, 2920312.4 ], [ 4180932.9, 2920475.4 ], [ 4180916.2, 2920473.7 ], [ 4180898.5, 2920342.5 ], [ 4180875.3, 2920334.6 ], [ 4180841.0, 2920356.6 ], [ 4180826.0, 2920329.8 ], [ 4180799.4, 2920331.5 ], [ 4180783.1, 2920293.6 ], [ 4180796.7, 2920283.0 ], [ 4180803.4, 2920255.9 ], [ 4180791.3, 2920222.3 ], [ 4180796.9, 2920202.7 ], [ 4180781.4, 2920171.4 ], [ 4180787.2, 2920145.0 ], [ 4180816.5, 2920131.1 ], [ 4180823.8, 2920111.1 ], [ 4180799.6, 2920071.0 ], [ 4180784.0, 2920064.5 ], [ 4180775.7, 2920028.7 ], [ 4180790.7, 2919972.3 ], [ 4180764.9, 2919871.2 ], [ 4180743.1, 2919856.6 ], [ 4180691.1, 2919789.1 ], [ 4180669.5, 2919778.7 ], [ 4180627.1, 2919777.6 ], [ 4180604.3, 2919788.9 ], [ 4180597.1, 2919801.6 ], [ 4180518.2, 2919795.4 ], [ 4180400.0, 2919811.1 ], [ 4180391.7, 2919797.0 ], [ 4180373.6, 2919793.0 ], [ 4180277.6, 2919820.9 ], [ 4180209.4, 2919835.9 ], [ 4180190.7, 2919831.6 ], [ 4180113.4, 2919851.5 ], [ 4179977.3, 2919905.6 ], [ 4179791.4, 2920007.6 ], [ 4179747.1, 2920042.8 ], [ 4179674.1, 2920120.6 ], [ 4179398.5, 2920490.2 ], [ 4179394.7, 2920564.3 ], [ 4179400.5, 2920577.0 ], [ 4179412.8, 2920583.7 ], [ 4179471.9, 2920585.5 ], [ 4179515.2, 2920604.0 ], [ 4179536.4, 2920631.3 ], [ 4179534.2, 2920648.1 ], [ 4179504.7, 2920668.8 ], [ 4179457.5, 2920670.0 ], [ 4179430.6, 2920693.2 ], [ 4179420.7, 2920719.9 ], [ 4179386.0, 2920696.6 ], [ 4179364.8, 2920698.9 ], [ 4179218.2, 2920882.5 ], [ 4179191.7, 2920925.5 ], [ 4179199.1, 2920941.6 ], [ 4179228.7, 2920956.0 ], [ 4179213.2, 2921004.7 ], [ 4179216.1, 2921021.8 ], [ 4179239.3, 2921033.7 ], [ 4179257.8, 2921024.3 ], [ 4179281.6, 2921067.5 ], [ 4179406.1, 2921107.9 ], [ 4179499.9, 2921111.8 ], [ 4179560.8, 2921142.8 ], [ 4179617.3, 2921190.8 ], [ 4179738.8, 2921334.1 ], [ 4179720.1, 2921353.4 ], [ 4179720.9, 2921371.1 ], [ 4179804.9, 2921461.8 ], [ 4179826.5, 2921523.6 ], [ 4179886.4, 2921599.4 ], [ 4179953.7, 2921641.9 ], [ 4179962.7, 2921661.2 ], [ 4179953.9, 2921665.6 ], [ 4179917.3, 2921653.9 ], [ 4179832.5, 2921606.6 ], [ 4179676.3, 2921435.8 ], [ 4179673.6, 2921415.5 ], [ 4179622.6, 2921369.0 ], [ 4179544.7, 2921274.6 ], [ 4179495.4, 2921247.5 ], [ 4179491.7, 2921222.7 ], [ 4179478.4, 2921215.9 ], [ 4179419.3, 2921214.5 ], [ 4179405.3, 2921225.1 ], [ 4179386.9, 2921270.7 ], [ 4179349.1, 2921313.2 ], [ 4179353.9, 2921334.3 ], [ 4179342.4, 2921374.9 ], [ 4179282.5, 2921509.5 ], [ 4179294.0, 2921609.4 ], [ 4179275.3, 2921617.3 ], [ 4179267.0, 2921632.0 ], [ 4179303.9, 2921716.6 ], [ 4179334.5, 2921905.0 ], [ 4179358.0, 2921999.1 ], [ 4179277.7, 2921874.7 ], [ 4179266.1, 2921812.7 ], [ 4179195.6, 2921690.6 ], [ 4179207.7, 2921672.0 ], [ 4179202.0, 2921651.3 ], [ 4179165.2, 2921625.9 ], [ 4179139.4, 2921625.6 ], [ 4179124.0, 2921634.1 ], [ 4179119.7, 2921651.2 ], [ 4179165.0, 2921699.2 ], [ 4179160.4, 2921711.2 ], [ 4179125.0, 2921762.9 ], [ 4179096.2, 2921759.2 ], [ 4179082.0, 2921769.8 ], [ 4179063.0, 2921860.6 ], [ 4179036.0, 2921916.8 ], [ 4179016.8, 2921917.9 ], [ 4179006.0, 2921932.0 ], [ 4178995.0, 2921985.5 ], [ 4178994.2, 2922047.2 ], [ 4178974.7, 2922048.6 ], [ 4178969.4, 2921986.1 ], [ 4178951.7, 2921953.0 ], [ 4178956.7, 2921918.5 ], [ 4178979.7, 2921901.3 ], [ 4178990.9, 2921848.5 ], [ 4178981.8, 2921800.9 ], [ 4178959.2, 2921755.2 ], [ 4178959.6, 2921736.8 ], [ 4178820.1, 2921648.7 ], [ 4178805.6, 2921648.0 ], [ 4178790.5, 2921659.3 ], [ 4178774.8, 2921640.6 ], [ 4178757.8, 2921637.3 ], [ 4178706.7, 2921663.4 ], [ 4178697.4, 2921699.8 ], [ 4178722.9, 2921722.0 ], [ 4178670.2, 2921761.9 ], [ 4178653.0, 2921811.7 ], [ 4178627.8, 2921844.6 ], [ 4178586.0, 2921871.4 ], [ 4178467.9, 2921894.4 ], [ 4178368.3, 2921903.3 ], [ 4178246.3, 2921894.7 ], [ 4178171.8, 2921919.9 ], [ 4178105.2, 2921976.8 ], [ 4178065.4, 2922028.1 ], [ 4178036.8, 2922130.3 ], [ 4178017.5, 2922163.5 ], [ 4177985.9, 2922193.2 ], [ 4177879.5, 2922256.8 ], [ 4177769.7, 2922340.6 ], [ 4177740.6, 2922350.4 ], [ 4177700.8, 2922348.6 ], [ 4177670.3, 2922371.2 ], [ 4177663.9, 2922362.9 ], [ 4177674.8, 2922341.4 ], [ 4177665.9, 2922325.9 ], [ 4177575.5, 2922296.7 ], [ 4177526.7, 2922303.1 ], [ 4177484.4, 2922327.9 ], [ 4177457.2, 2922377.4 ], [ 4177441.8, 2922463.6 ], [ 4177449.6, 2922495.0 ], [ 4177462.7, 2922506.5 ], [ 4177479.9, 2922504.9 ], [ 4177506.4, 2922485.0 ], [ 4177512.8, 2922493.2 ], [ 4177473.8, 2922526.4 ], [ 4177478.5, 2922573.8 ], [ 4177468.4, 2922606.3 ], [ 4177441.3, 2922638.2 ], [ 4177407.8, 2922660.9 ], [ 4177319.8, 2922683.1 ], [ 4177243.3, 2922784.2 ], [ 4177249.3, 2922800.2 ], [ 4177395.9, 2922951.7 ], [ 4177447.3, 2923023.4 ], [ 4177458.9, 2923065.2 ], [ 4177458.7, 2923100.3 ], [ 4177441.6, 2923148.9 ], [ 4177415.2, 2923189.6 ], [ 4177366.3, 2923226.8 ], [ 4177304.5, 2923246.4 ], [ 4176925.1, 2923293.0 ], [ 4176873.9, 2923310.1 ], [ 4176836.3, 2923332.3 ], [ 4176795.6, 2923382.3 ], [ 4176769.1, 2923440.3 ], [ 4176749.7, 2923635.9 ], [ 4176730.0, 2923732.7 ], [ 4176705.7, 2923777.3 ], [ 4176652.1, 2923823.0 ], [ 4176617.7, 2923836.9 ], [ 4176565.7, 2923838.4 ], [ 4176542.6, 2923859.8 ], [ 4176534.9, 2923852.7 ], [ 4176544.6, 2923835.4 ], [ 4176539.2, 2923819.0 ], [ 4176461.5, 2923755.8 ], [ 4176421.5, 2923739.7 ], [ 4176340.2, 2923751.3 ], [ 4176306.9, 2923778.1 ], [ 4176300.9, 2923819.0 ], [ 4176330.9, 2923921.5 ], [ 4176366.7, 2923998.9 ], [ 4176397.6, 2924013.8 ], [ 4176388.0, 2924030.2 ], [ 4176388.2, 2924068.1 ], [ 4176350.8, 2924153.3 ], [ 4176350.8, 2924167.7 ], [ 4176374.9, 2924192.7 ], [ 4176425.0, 2924217.5 ], [ 4176437.5, 2924268.9 ], [ 4176454.0, 2924301.3 ], [ 4176454.8, 2924323.0 ], [ 4176490.2, 2924349.4 ], [ 4176493.8, 2924417.4 ], [ 4176343.0, 2924395.6 ], [ 4176310.8, 2924407.9 ], [ 4176282.6, 2924364.9 ], [ 4176242.5, 2924337.4 ], [ 4176228.6, 2924336.1 ], [ 4176161.2, 2924399.4 ], [ 4176009.1, 2924481.0 ], [ 4175980.1, 2924506.4 ], [ 4175903.3, 2924639.3 ], [ 4175923.4, 2924703.5 ], [ 4175904.4, 2924722.8 ], [ 4175902.1, 2924736.8 ], [ 4175977.1, 2924962.6 ], [ 4175978.7, 2924973.7 ], [ 4175956.7, 2924985.7 ], [ 4175893.2, 2924927.1 ], [ 4175895.0, 2924912.6 ], [ 4175873.6, 2924857.3 ], [ 4175845.3, 2924837.0 ], [ 4175844.4, 2924819.7 ], [ 4175832.8, 2924806.6 ], [ 4175738.6, 2924802.4 ], [ 4175722.8, 2924811.1 ], [ 4175605.5, 2924780.2 ], [ 4175550.2, 2924775.8 ], [ 4175497.9, 2924787.4 ], [ 4175491.6, 2924804.1 ], [ 4175499.3, 2924846.6 ], [ 4175512.5, 2924852.9 ], [ 4175535.6, 2924850.0 ], [ 4175552.1, 2924873.3 ], [ 4175592.4, 2924875.9 ], [ 4175604.9, 2924899.3 ], [ 4175623.3, 2924899.3 ], [ 4175634.6, 2924887.8 ], [ 4175682.2, 2924894.4 ], [ 4175836.5, 2924916.5 ], [ 4175859.6, 2924934.6 ], [ 4175850.0, 2925002.4 ], [ 4175791.8, 2924988.3 ], [ 4175782.0, 2924973.7 ], [ 4175764.7, 2924971.0 ], [ 4175708.4, 2925007.9 ], [ 4175652.1, 2925024.6 ], [ 4175623.7, 2925049.4 ], [ 4175622.0, 2925098.4 ], [ 4175645.4, 2925118.8 ], [ 4175605.3, 2925127.3 ], [ 4175594.4, 2925151.4 ], [ 4175665.7, 2925215.7 ], [ 4175660.7, 2925232.3 ], [ 4175584.2, 2925289.7 ], [ 4175547.1, 2925288.1 ], [ 4175526.0, 2925320.6 ], [ 4175458.9, 2925341.8 ], [ 4175456.6, 2925287.4 ], [ 4175447.1, 2925276.2 ], [ 4175431.5, 2925273.6 ], [ 4175399.2, 2925206.1 ], [ 4175399.3, 2925178.2 ], [ 4175391.5, 2925164.4 ], [ 4175398.2, 2925121.4 ], [ 4175386.5, 2925099.7 ], [ 4175386.8, 2925079.0 ], [ 4175415.9, 2924967.3 ], [ 4175407.4, 2924947.6 ], [ 4175389.7, 2924943.5 ], [ 4175377.1, 2924950.9 ], [ 4175312.0, 2925026.7 ], [ 4175303.9, 2925052.8 ], [ 4175271.0, 2925047.5 ], [ 4175245.8, 2925077.3 ], [ 4175244.4, 2925096.5 ], [ 4175252.1, 2925108.2 ], [ 4175305.9, 2925121.6 ], [ 4175296.7, 2925175.5 ], [ 4175331.3, 2925201.4 ], [ 4175324.7, 2925218.8 ], [ 4175333.3, 2925257.7 ], [ 4175353.4, 2925275.5 ], [ 4175376.1, 2925270.2 ], [ 4175425.2, 2925390.6 ], [ 4175410.1, 2925404.1 ], [ 4175409.4, 2925422.4 ], [ 4175515.0, 2925623.9 ], [ 4175538.3, 2925632.0 ], [ 4175566.2, 2925614.5 ], [ 4175575.6, 2925599.5 ], [ 4175569.0, 2925578.6 ], [ 4175614.2, 2925554.1 ], [ 4175660.4, 2925569.9 ], [ 4175666.6, 2925578.7 ], [ 4175643.1, 2925598.0 ], [ 4175639.9, 2925615.3 ], [ 4175663.3, 2925642.5 ], [ 4175657.6, 2925655.4 ], [ 4175665.8, 2925675.0 ], [ 4175662.4, 2925701.4 ], [ 4175708.9, 2925749.6 ], [ 4175691.9, 2925765.4 ], [ 4175689.2, 2925782.1 ], [ 4175724.2, 2925834.9 ], [ 4175746.9, 2925841.9 ], [ 4175789.9, 2925814.1 ], [ 4175811.1, 2925824.0 ], [ 4175833.8, 2925811.7 ], [ 4175871.1, 2925850.7 ], [ 4175896.3, 2925899.5 ], [ 4175949.7, 2925959.0 ], [ 4175980.0, 2925981.5 ], [ 4175918.0, 2926047.4 ], [ 4175893.9, 2926043.5 ], [ 4175873.1, 2926066.6 ], [ 4175785.4, 2926039.5 ], [ 4175705.0, 2925997.3 ], [ 4175686.7, 2925998.6 ], [ 4175633.2, 2925972.8 ], [ 4175640.3, 2925942.9 ], [ 4175614.6, 2925922.5 ], [ 4175582.5, 2925936.0 ], [ 4175558.6, 2925973.1 ], [ 4175501.4, 2925951.7 ], [ 4175482.6, 2925958.1 ], [ 4175460.7, 2925950.8 ], [ 4175445.4, 2925961.7 ], [ 4175411.2, 2925965.0 ], [ 4175399.7, 2925973.2 ], [ 4175379.9, 2926012.6 ], [ 4175359.2, 2925962.2 ], [ 4175311.3, 2925919.5 ], [ 4175314.8, 2925905.3 ], [ 4175305.7, 2925889.6 ], [ 4175278.1, 2925891.1 ], [ 4175216.0, 2925852.8 ], [ 4175192.6, 2925861.6 ], [ 4175154.4, 2925834.7 ], [ 4175166.4, 2925813.3 ], [ 4175164.7, 2925798.7 ], [ 4175135.8, 2925780.0 ], [ 4175135.8, 2925765.0 ], [ 4175126.3, 2925753.6 ], [ 4175080.5, 2925752.5 ], [ 4175088.3, 2925706.3 ], [ 4175076.5, 2925689.6 ], [ 4174999.5, 2925679.9 ], [ 4174989.1, 2925675.2 ], [ 4174979.7, 2925648.1 ], [ 4174951.6, 2925642.6 ], [ 4174920.8, 2925680.9 ], [ 4174917.8, 2925704.4 ], [ 4174894.0, 2925713.4 ], [ 4174878.0, 2925746.9 ], [ 4174846.4, 2925737.3 ], [ 4174827.1, 2925718.3 ], [ 4174793.8, 2925703.0 ], [ 4174766.3, 2925698.1 ], [ 4174753.3, 2925679.0 ], [ 4174669.1, 2925668.8 ], [ 4174668.1, 2925649.5 ], [ 4174698.0, 2925644.5 ], [ 4174710.8, 2925633.4 ], [ 4174728.7, 2925594.9 ], [ 4174717.8, 2925572.6 ], [ 4174687.2, 2925572.9 ], [ 4174681.0, 2925553.7 ], [ 4174655.3, 2925541.2 ], [ 4174607.5, 2925564.9 ], [ 4174571.5, 2925600.4 ], [ 4174547.3, 2925646.3 ], [ 4174536.8, 2925705.7 ], [ 4174541.7, 2925737.6 ], [ 4174580.7, 2925770.2 ], [ 4174592.6, 2925791.6 ], [ 4174711.9, 2925817.6 ], [ 4174820.6, 2925886.8 ], [ 4174867.9, 2925946.0 ], [ 4174878.1, 2926012.4 ], [ 4174866.3, 2926036.7 ], [ 4174841.2, 2926049.6 ], [ 4174836.9, 2926074.9 ], [ 4174808.3, 2926088.0 ], [ 4174691.1, 2926073.5 ], [ 4174707.8, 2926044.5 ], [ 4174729.4, 2926040.8 ], [ 4174740.7, 2926018.7 ], [ 4174770.3, 2926022.2 ], [ 4174785.1, 2926006.3 ], [ 4174781.6, 2925988.3 ], [ 4174759.3, 2925970.8 ], [ 4174775.8, 2925950.8 ], [ 4174774.3, 2925930.3 ], [ 4174730.5, 2925908.0 ], [ 4174704.7, 2925914.2 ], [ 4174694.6, 2925933.7 ], [ 4174609.5, 2925897.4 ], [ 4174595.6, 2925908.0 ], [ 4174586.8, 2925932.6 ], [ 4174561.4, 2925924.6 ], [ 4174512.8, 2925965.3 ], [ 4174488.7, 2925966.5 ], [ 4174470.8, 2925997.5 ], [ 4174450.1, 2926203.2 ], [ 4174457.7, 2926307.9 ], [ 4174481.9, 2926380.9 ], [ 4174567.2, 2926427.5 ], [ 4174597.6, 2926460.2 ], [ 4174622.3, 2926459.9 ], [ 4174665.3, 2926492.1 ], [ 4174647.3, 2926516.5 ], [ 4174656.3, 2926538.8 ], [ 4174647.5, 2926558.7 ], [ 4174653.5, 2926574.9 ], [ 4174763.5, 2926652.1 ], [ 4174778.2, 2926652.4 ], [ 4174792.8, 2926636.6 ], [ 4174814.7, 2926632.1 ], [ 4174820.0, 2926714.8 ], [ 4174799.0, 2926730.6 ], [ 4174777.1, 2926769.0 ], [ 4174748.8, 2926789.5 ], [ 4174613.0, 2926799.9 ], [ 4174573.6, 2926809.6 ], [ 4174538.9, 2926829.2 ], [ 4174516.7, 2926857.8 ], [ 4174503.0, 2926892.0 ], [ 4174497.6, 2926922.8 ], [ 4174512.7, 2926976.5 ], [ 4174500.7, 2927006.3 ], [ 4174480.9, 2927020.5 ], [ 4174479.9, 2927038.4 ], [ 4174514.7, 2927069.4 ], [ 4174533.0, 2927072.8 ], [ 4174549.0, 2927063.5 ], [ 4174607.4, 2927112.2 ], [ 4174713.1, 2927168.7 ], [ 4174736.4, 2927166.0 ], [ 4174763.6, 2927186.3 ], [ 4174822.8, 2927178.4 ], [ 4174886.2, 2927150.5 ], [ 4174901.4, 2927180.7 ], [ 4174863.9, 2927194.8 ], [ 4174825.8, 2927222.6 ], [ 4174799.4, 2927273.0 ], [ 4174800.0, 2927289.6 ], [ 4174882.2, 2927409.8 ], [ 4175088.4, 2927596.1 ], [ 4175106.6, 2927596.0 ], [ 4175127.3, 2927577.5 ], [ 4175243.1, 2927590.3 ], [ 4175267.8, 2927601.3 ], [ 4175386.7, 2927510.2 ], [ 4175405.1, 2927477.2 ], [ 4175481.6, 2927470.4 ], [ 4175557.0, 2927481.3 ], [ 4175553.8, 2927499.8 ], [ 4175470.8, 2927533.6 ], [ 4175386.2, 2927590.8 ], [ 4175343.6, 2927655.9 ], [ 4175323.7, 2927659.1 ], [ 4175253.1, 2927726.7 ], [ 4175253.8, 2927758.0 ], [ 4175230.1, 2927752.0 ], [ 4175215.1, 2927761.3 ], [ 4175211.8, 2927778.7 ], [ 4175227.2, 2927812.2 ], [ 4175264.2, 2927851.4 ], [ 4175303.8, 2927876.8 ], [ 4175363.5, 2927897.4 ], [ 4175422.2, 2927894.6 ], [ 4175717.0, 2927784.2 ], [ 4175828.4, 2927700.7 ], [ 4175863.3, 2927697.7 ], [ 4175877.4, 2927717.0 ], [ 4175863.6, 2927774.7 ], [ 4175871.4, 2927798.5 ], [ 4175916.4, 2927830.8 ], [ 4176031.1, 2927875.3 ], [ 4176059.9, 2927896.5 ], [ 4176126.5, 2927965.7 ], [ 4176195.9, 2928082.1 ], [ 4176230.3, 2928117.3 ], [ 4176433.6, 2928211.9 ], [ 4176562.9, 2928317.3 ], [ 4176644.1, 2928364.1 ], [ 4176786.5, 2928422.8 ], [ 4176897.9, 2928481.7 ], [ 4176998.2, 2928571.4 ], [ 4177042.2, 2928595.8 ], [ 4177112.9, 2928603.1 ], [ 4177251.4, 2928568.1 ], [ 4177436.3, 2928553.3 ], [ 4177490.3, 2928518.4 ], [ 4177597.5, 2928402.0 ], [ 4177721.1, 2928352.0 ], [ 4177786.6, 2928344.2 ], [ 4177966.2, 2928366.1 ], [ 4178107.9, 2928366.5 ], [ 4178156.9, 2928385.6 ], [ 4178245.4, 2928447.9 ], [ 4178579.2, 2928603.9 ], [ 4178655.3, 2928624.0 ], [ 4178759.4, 2928620.6 ], [ 4178829.2, 2928598.0 ], [ 4178873.5, 2928570.3 ], [ 4178880.5, 2928549.8 ], [ 4178866.4, 2928523.3 ], [ 4178893.5, 2928489.7 ], [ 4178935.6, 2928466.7 ], [ 4178932.0, 2928503.5 ], [ 4178946.3, 2928513.8 ], [ 4178960.5, 2928512.1 ], [ 4179140.5, 2928403.6 ], [ 4179157.4, 2928367.3 ], [ 4179198.6, 2928353.4 ], [ 4179248.5, 2928314.3 ], [ 4179293.1, 2928320.7 ], [ 4179294.5, 2928339.6 ], [ 4179304.7, 2928350.0 ], [ 4179392.4, 2928376.3 ], [ 4179432.5, 2928403.6 ], [ 4179537.7, 2928553.5 ], [ 4179601.8, 2928610.6 ], [ 4179698.2, 2928648.6 ], [ 4179762.5, 2928648.4 ], [ 4179801.7, 2928638.4 ], [ 4179826.0, 2928585.1 ], [ 4179842.7, 2928585.3 ], [ 4179853.3, 2928576.6 ], [ 4179915.2, 2928426.1 ], [ 4179947.3, 2928455.8 ], [ 4179967.5, 2928455.3 ], [ 4179988.5, 2928431.5 ], [ 4179978.8, 2928404.1 ], [ 4180030.9, 2928364.0 ], [ 4180063.0, 2928399.6 ], [ 4180083.8, 2928403.4 ], [ 4180152.0, 2928371.5 ], [ 4180221.7, 2928353.1 ], [ 4180230.1, 2928340.8 ], [ 4180234.2, 2928295.8 ], [ 4180269.6, 2928286.9 ], [ 4180390.3, 2928333.6 ], [ 4180409.5, 2928325.8 ], [ 4180416.4, 2928306.2 ], [ 4180460.0, 2928321.2 ], [ 4180552.4, 2928320.4 ], [ 4180594.7, 2928304.2 ], [ 4180604.8, 2928284.8 ], [ 4180564.3, 2928225.4 ], [ 4180549.1, 2928179.3 ], [ 4180617.9, 2928263.9 ], [ 4180691.5, 2928310.3 ], [ 4180766.9, 2928276.2 ], [ 4180802.0, 2928228.0 ], [ 4180868.7, 2928212.8 ], [ 4180903.8, 2928226.7 ], [ 4181041.9, 2928332.6 ], [ 4181109.5, 2928366.6 ], [ 4181136.2, 2928392.8 ], [ 4181262.1, 2928422.5 ], [ 4181564.5, 2928565.0 ], [ 4181612.9, 2928596.2 ], [ 4181627.6, 2928597.5 ], [ 4181641.7, 2928586.0 ], [ 4181689.2, 2928705.6 ], [ 4181748.2, 2928736.2 ], [ 4181768.0, 2928733.9 ], [ 4181779.0, 2928715.6 ], [ 4181819.5, 2928717.0 ], [ 4181831.8, 2928744.5 ], [ 4181848.7, 2928754.2 ], [ 4182037.5, 2928752.1 ], [ 4182056.0, 2928732.4 ], [ 4182082.3, 2928735.1 ], [ 4182218.4, 2928771.1 ], [ 4182254.6, 2928791.3 ], [ 4182300.4, 2928798.9 ], [ 4182328.9, 2928784.9 ], [ 4182505.0, 2928817.3 ], [ 4182590.8, 2928841.3 ], [ 4182706.3, 2928913.1 ], [ 4182978.9, 2929040.2 ], [ 4183109.5, 2929111.7 ], [ 4183205.3, 2929235.4 ], [ 4183304.2, 2929309.7 ], [ 4183351.2, 2929334.0 ], [ 4183464.7, 2929429.7 ], [ 4183518.1, 2929449.4 ], [ 4183577.0, 2929441.5 ], [ 4183609.4, 2929451.1 ], [ 4183668.6, 2929449.7 ], [ 4183733.0, 2929478.7 ], [ 4183724.4, 2929504.6 ], [ 4183729.4, 2929526.5 ], [ 4183765.9, 2929558.5 ], [ 4183793.7, 2929549.8 ], [ 4183888.9, 2929664.4 ], [ 4183913.0, 2929661.6 ], [ 4183938.9, 2929680.4 ], [ 4183969.0, 2929686.1 ], [ 4184073.8, 2929669.4 ], [ 4184087.7, 2929692.0 ], [ 4184154.5, 2929701.5 ], [ 4184188.6, 2929724.8 ], [ 4184263.6, 2929739.1 ], [ 4184344.7, 2929781.0 ], [ 4184361.6, 2929780.9 ], [ 4184371.9, 2929771.9 ] ], [ [ 4184947.0, 2928898.4 ], [ 4184959.0, 2928887.3 ], [ 4184967.2, 2928895.9 ], [ 4184947.0, 2928898.4 ] ], [ [ 4178145.6, 2928250.6 ], [ 4178167.8, 2928299.7 ], [ 4178125.8, 2928318.0 ], [ 4178080.9, 2928269.5 ], [ 4178100.3, 2928258.3 ], [ 4178103.4, 2928240.7 ], [ 4178083.0, 2928193.7 ], [ 4178063.4, 2928183.0 ], [ 4178041.4, 2928129.2 ], [ 4178040.3, 2928105.6 ], [ 4177964.8, 2928038.9 ], [ 4177887.2, 2927941.9 ], [ 4177859.1, 2927928.2 ], [ 4177793.3, 2927916.4 ], [ 4177893.2, 2927893.5 ], [ 4177982.2, 2928038.4 ], [ 4178105.4, 2928155.4 ], [ 4178101.8, 2928183.2 ], [ 4178111.5, 2928223.4 ], [ 4178145.6, 2928250.6 ] ], [ [ 4179523.6, 2927937.3 ], [ 4179432.0, 2927784.1 ], [ 4179427.0, 2927768.8 ], [ 4179433.9, 2927751.0 ], [ 4179549.2, 2927924.4 ], [ 4179573.8, 2928007.9 ], [ 4179653.5, 2928111.3 ], [ 4179675.6, 2928156.0 ], [ 4179640.1, 2928175.0 ], [ 4179611.6, 2928124.9 ], [ 4179557.8, 2928069.2 ], [ 4179526.4, 2927997.0 ], [ 4179523.6, 2927937.3 ] ], [ [ 4178623.5, 2927544.8 ], [ 4178643.4, 2927534.8 ], [ 4178659.0, 2927537.8 ], [ 4178649.8, 2927565.2 ], [ 4178623.1, 2927561.2 ], [ 4178623.5, 2927544.8 ] ], [ [ 4182289.0, 2927249.8 ], [ 4182320.5, 2927156.8 ], [ 4182345.7, 2927187.5 ], [ 4182363.0, 2927192.7 ], [ 4182378.4, 2927183.1 ], [ 4182396.1, 2927142.0 ], [ 4182401.5, 2927185.8 ], [ 4182433.7, 2927243.5 ], [ 4182414.1, 2927295.0 ], [ 4182289.0, 2927249.8 ] ], [ [ 4185073.3, 2927151.0 ], [ 4184959.3, 2927069.8 ], [ 4184950.8, 2927057.1 ], [ 4184957.7, 2927036.7 ], [ 4185024.7, 2927076.9 ], [ 4185046.6, 2927102.9 ], [ 4185085.3, 2927126.2 ], [ 4185073.3, 2927151.0 ] ], [ [ 4187882.7, 2927040.3 ], [ 4187888.4, 2927000.6 ], [ 4187979.8, 2927079.0 ], [ 4187895.0, 2927130.9 ], [ 4187835.9, 2927143.6 ], [ 4187845.8, 2927120.1 ], [ 4187847.9, 2927068.7 ], [ 4187882.7, 2927040.3 ] ], [ [ 4179739.5, 2926976.7 ], [ 4179668.2, 2927084.3 ], [ 4179644.2, 2927095.6 ], [ 4179548.9, 2927088.2 ], [ 4179477.2, 2927098.8 ], [ 4179449.0, 2927111.8 ], [ 4179460.7, 2927092.3 ], [ 4179478.4, 2927084.2 ], [ 4179643.1, 2927058.7 ], [ 4179676.7, 2927022.6 ], [ 4179681.5, 2926989.1 ], [ 4179753.9, 2926931.2 ], [ 4179777.3, 2926889.8 ], [ 4179817.5, 2926860.6 ], [ 4179844.6, 2926867.6 ], [ 4179862.1, 2926833.0 ], [ 4179883.0, 2926833.3 ], [ 4179884.9, 2926918.6 ], [ 4179773.1, 2926948.1 ], [ 4179739.5, 2926976.7 ] ], [ [ 4184432.0, 2926896.5 ], [ 4184014.7, 2926735.1 ], [ 4183780.5, 2926624.2 ], [ 4183747.9, 2926590.3 ], [ 4183757.2, 2926575.3 ], [ 4183787.6, 2926580.5 ], [ 4184044.8, 2926677.6 ], [ 4184072.5, 2926682.1 ], [ 4184097.3, 2926711.4 ], [ 4184316.2, 2926765.6 ], [ 4184444.6, 2926824.4 ], [ 4184574.6, 2926838.6 ], [ 4184635.0, 2926811.9 ], [ 4184723.4, 2926850.3 ], [ 4184740.3, 2926866.3 ], [ 4184728.6, 2926895.7 ], [ 4184705.0, 2926883.2 ], [ 4184685.3, 2926887.6 ], [ 4184608.5, 2926873.7 ], [ 4184432.0, 2926896.5 ] ], [ [ 4176044.2, 2926572.2 ], [ 4176049.9, 2926638.5 ], [ 4175877.4, 2926633.2 ], [ 4175787.6, 2926620.4 ], [ 4175717.1, 2926631.5 ], [ 4175702.4, 2926648.9 ], [ 4175636.3, 2926648.3 ], [ 4175624.1, 2926659.7 ], [ 4175577.3, 2926759.3 ], [ 4175583.2, 2926781.9 ], [ 4175643.3, 2926816.8 ], [ 4175658.6, 2926806.9 ], [ 4175690.7, 2926734.6 ], [ 4175700.0, 2926763.4 ], [ 4175784.9, 2926855.8 ], [ 4175914.3, 2926948.7 ], [ 4175981.4, 2926986.6 ], [ 4175919.8, 2927099.2 ], [ 4175889.5, 2927081.4 ], [ 4175823.3, 2927067.7 ], [ 4175678.2, 2926983.9 ], [ 4175477.9, 2926858.1 ], [ 4175376.4, 2926779.6 ], [ 4175308.6, 2926749.9 ], [ 4175188.8, 2926730.0 ], [ 4175175.3, 2926718.2 ], [ 4175046.6, 2926678.8 ], [ 4174922.3, 2926665.8 ], [ 4174921.9, 2926641.4 ], [ 4174913.0, 2926627.1 ], [ 4174859.2, 2926623.9 ], [ 4174858.2, 2926566.4 ], [ 4175105.6, 2926557.7 ], [ 4175223.6, 2926538.2 ], [ 4175302.1, 2926501.9 ], [ 4175337.7, 2926470.1 ], [ 4175377.4, 2926415.5 ], [ 4175498.7, 2926414.0 ], [ 4175559.0, 2926421.0 ], [ 4175682.5, 2926402.0 ], [ 4175814.3, 2926453.7 ], [ 4175799.1, 2926508.7 ], [ 4175813.1, 2926528.3 ], [ 4175957.0, 2926573.7 ], [ 4175975.0, 2926564.9 ], [ 4175991.1, 2926521.2 ], [ 4176051.1, 2926534.5 ], [ 4176044.2, 2926572.2 ] ], [ [ 4187758.8, 2926526.7 ], [ 4187769.0, 2926512.2 ], [ 4187781.1, 2926533.8 ], [ 4187778.3, 2926533.0 ], [ 4187758.8, 2926526.7 ] ], [ [ 4177269.9, 2926160.6 ], [ 4177359.9, 2926257.8 ], [ 4177368.6, 2926279.9 ], [ 4177283.5, 2926190.1 ], [ 4177255.1, 2926171.8 ], [ 4177257.4, 2926163.6 ], [ 4177269.9, 2926160.6 ] ], [ [ 4184546.7, 2925732.2 ], [ 4184508.0, 2925711.6 ], [ 4184536.5, 2925637.3 ], [ 4184570.0, 2925668.9 ], [ 4184565.8, 2925685.3 ], [ 4184572.1, 2925698.0 ], [ 4184608.8, 2925717.7 ], [ 4184607.7, 2925746.0 ], [ 4184546.7, 2925732.2 ] ], [ [ 4180765.0, 2923860.9 ], [ 4180714.1, 2923823.2 ], [ 4180695.1, 2923800.9 ], [ 4180747.8, 2923787.9 ], [ 4180784.7, 2923861.4 ], [ 4180765.0, 2923860.9 ] ], [ [ 4181170.4, 2922396.0 ], [ 4181195.1, 2922395.0 ], [ 4181195.9, 2922419.1 ], [ 4181172.0, 2922419.6 ], [ 4181170.4, 2922396.0 ] ], [ [ 4178792.3, 2921740.5 ], [ 4178801.9, 2921736.3 ], [ 4178819.2, 2921747.1 ], [ 4178814.2, 2921766.0 ], [ 4178806.4, 2921769.5 ], [ 4178791.4, 2921758.5 ], [ 4178792.3, 2921740.5 ] ], [ [ 4180898.2, 2920671.9 ], [ 4180891.1, 2920621.0 ], [ 4180910.1, 2920591.1 ], [ 4180912.7, 2920619.5 ], [ 4180924.3, 2920633.5 ], [ 4180924.9, 2920667.1 ], [ 4180914.6, 2920679.5 ], [ 4180898.2, 2920671.9 ] ], [ [ 4183005.8, 2920579.9 ], [ 4182974.8, 2920570.1 ], [ 4182969.4, 2920545.3 ], [ 4183008.5, 2920543.0 ], [ 4183020.5, 2920555.4 ], [ 4183040.9, 2920558.2 ], [ 4183044.1, 2920595.1 ], [ 4183007.4, 2920600.2 ], [ 4183005.8, 2920579.9 ] ], [ [ 4183616.6, 2923813.4 ], [ 4183628.7, 2923801.7 ], [ 4183660.3, 2923837.5 ], [ 4183648.1, 2923848.6 ], [ 4183616.6, 2923813.4 ] ] ] } },
{ "type": "Feature", "properties": { "id": "forest_71334", "state": "Rheinland-Pfalz", "area_ha": 8307.78, "unfragmented": true, "image": "forest_71334.webp", "real_width_m": 16452.0, "real_height_m": 11228.3, "pixel_width": 1645, "pixel_height": 1122, "centroid_x": 4175515.9, "centroid_y": 2996794.9 }, "geometry": { "type": "Polygon", "coordinates": [ [ [ 4175244.3, 3001688.1 ], [ 4175293.2, 3001654.5 ], [ 4175341.3, 3001638.9 ], [ 4175479.2, 3001571.3 ], [ 4175496.6, 3001551.1 ], [ 4175540.7, 3001549.9 ], [ 4175581.6, 3001564.4 ], [ 4175622.6, 3001525.2 ], [ 4175649.2, 3001513.9 ], [ 4175814.0, 3001530.3 ], [ 4176020.2, 3001610.0 ], [ 4176072.5, 3001612.7 ], [ 4176130.4, 3001569.8 ], [ 4176173.1, 3001550.9 ], [ 4176185.3, 3001496.0 ], [ 4176210.1, 3001478.9 ], [ 4176242.2, 3001471.5 ], [ 4176257.2, 3001455.6 ], [ 4176274.1, 3001453.4 ], [ 4176293.5, 3001438.0 ], [ 4176318.2, 3001438.3 ], [ 4176340.7, 3001427.4 ], [ 4176364.2, 3001430.6 ], [ 4176382.0, 3001419.4 ], [ 4176400.4, 3001374.1 ], [ 4176432.5, 3001347.1 ], [ 4176417.1, 3001304.2 ], [ 4176465.5, 3001281.3 ], [ 4176542.2, 3001260.1 ], [ 4176632.8, 3001261.3 ], [ 4176871.9, 3001325.4 ], [ 4176945.2, 3001365.4 ], [ 4176987.3, 3001363.5 ], [ 4176996.7, 3001348.9 ], [ 4176992.1, 3001315.8 ], [ 4176944.0, 3001300.5 ], [ 4176882.5, 3001266.5 ], [ 4176881.9, 3001251.5 ], [ 4176862.0, 3001219.4 ], [ 4176610.7, 3001132.0 ], [ 4176502.8, 3001129.0 ], [ 4176490.7, 3001122.7 ], [ 4176491.8, 3001097.4 ], [ 4176529.8, 3001068.8 ], [ 4176610.7, 3000965.4 ], [ 4176595.4, 3000811.9 ], [ 4176601.5, 3000742.7 ], [ 4176593.0, 3000723.5 ], [ 4176575.7, 3000709.9 ], [ 4176577.4, 3000698.7 ], [ 4176605.6, 3000690.2 ], [ 4176698.8, 3000713.5 ], [ 4176725.1, 3000702.2 ], [ 4176746.5, 3000666.5 ], [ 4176801.8, 3000687.2 ], [ 4176790.6, 3000721.6 ], [ 4176799.3, 3000739.8 ], [ 4176826.2, 3000758.7 ], [ 4176853.4, 3000756.0 ], [ 4176854.1, 3000794.2 ], [ 4176808.8, 3000843.1 ], [ 4176809.0, 3000867.7 ], [ 4176836.5, 3000896.0 ], [ 4176854.5, 3000899.6 ], [ 4176870.4, 3000884.9 ], [ 4176875.8, 3000847.4 ], [ 4176927.1, 3000937.8 ], [ 4176969.1, 3001041.4 ], [ 4177082.4, 3001154.2 ], [ 4177103.6, 3001153.9 ], [ 4177120.1, 3001130.5 ], [ 4177118.1, 3001112.3 ], [ 4177100.8, 3001090.6 ], [ 4177076.4, 3001086.1 ], [ 4177017.5, 3000835.1 ], [ 4177003.4, 3000820.4 ], [ 4176975.0, 3000822.2 ], [ 4176973.1, 3000774.5 ], [ 4176981.8, 3000721.9 ], [ 4177013.5, 3000657.6 ], [ 4177058.0, 3000620.7 ], [ 4177081.6, 3000611.2 ], [ 4177113.0, 3000560.4 ], [ 4177120.9, 3000525.0 ], [ 4177110.8, 3000483.9 ], [ 4177094.1, 3000471.0 ], [ 4177069.7, 3000474.9 ], [ 4176890.1, 3000450.5 ], [ 4176822.2, 3000388.2 ], [ 4176701.6, 3000299.7 ], [ 4176703.7, 3000271.3 ], [ 4176727.7, 3000262.7 ], [ 4176758.3, 3000274.8 ], [ 4176864.5, 3000361.5 ], [ 4176879.2, 3000387.5 ], [ 4176961.9, 3000412.0 ], [ 4177059.7, 3000427.9 ], [ 4177077.5, 3000410.4 ], [ 4177064.8, 3000346.0 ], [ 4177074.2, 3000297.9 ], [ 4177097.8, 3000272.5 ], [ 4177098.5, 3000250.0 ], [ 4177127.3, 3000227.9 ], [ 4177155.2, 3000229.7 ], [ 4177152.2, 3000281.0 ], [ 4177123.1, 3000331.2 ], [ 4177122.7, 3000405.2 ], [ 4177154.1, 3000459.4 ], [ 4177226.4, 3000525.5 ], [ 4177242.2, 3000548.7 ], [ 4177270.4, 3000628.7 ], [ 4177291.7, 3000638.8 ], [ 4177298.7, 3000660.6 ], [ 4177225.9, 3000879.6 ], [ 4177230.4, 3000893.6 ], [ 4177256.1, 3000917.9 ], [ 4177277.0, 3000922.9 ], [ 4177293.9, 3000901.9 ], [ 4177319.0, 3000908.3 ], [ 4177334.1, 3000898.4 ], [ 4177367.0, 3000827.4 ], [ 4177375.5, 3000787.2 ], [ 4177398.2, 3000751.9 ], [ 4177400.4, 3000729.2 ], [ 4177466.2, 3000682.7 ], [ 4177541.0, 3000596.4 ], [ 4177570.4, 3000585.9 ], [ 4177666.0, 3000474.9 ], [ 4177741.8, 3000426.0 ], [ 4177795.3, 3000402.0 ], [ 4177872.0, 3000382.1 ], [ 4177924.1, 3000353.5 ], [ 4177984.6, 3000285.6 ], [ 4178010.9, 3000205.6 ], [ 4178077.2, 3000146.3 ], [ 4178116.9, 3000055.3 ], [ 4178301.3, 2999919.9 ], [ 4178372.0, 2999899.5 ], [ 4178376.0, 2999878.9 ], [ 4178364.2, 2999865.5 ], [ 4178369.0, 2999835.3 ], [ 4178428.5, 2999811.1 ], [ 4178499.9, 2999688.3 ], [ 4178517.4, 2999690.2 ], [ 4178530.7, 2999679.4 ], [ 4178539.9, 2999630.2 ], [ 4178583.8, 2999605.8 ], [ 4178614.1, 2999536.0 ], [ 4178625.6, 2999480.3 ], [ 4178587.6, 2999390.5 ], [ 4178571.4, 2999380.2 ], [ 4178478.1, 2999369.5 ], [ 4178373.8, 2999397.6 ], [ 4178368.4, 2999411.2 ], [ 4178375.2, 2999427.9 ], [ 4178451.4, 2999463.9 ], [ 4178409.7, 2999538.9 ], [ 4178414.0, 2999556.5 ], [ 4178429.2, 2999567.6 ], [ 4178389.5, 2999632.7 ], [ 4178356.7, 2999716.0 ], [ 4178332.8, 2999727.4 ], [ 4178297.1, 2999719.1 ], [ 4178285.0, 2999731.2 ], [ 4178273.9, 2999777.1 ], [ 4178165.7, 2999808.9 ], [ 4178158.4, 2999782.0 ], [ 4178171.6, 2999764.2 ], [ 4178196.4, 2999765.4 ], [ 4178231.3, 2999750.8 ], [ 4178240.0, 2999739.9 ], [ 4178242.4, 2999715.1 ], [ 4178228.0, 2999699.7 ], [ 4178176.1, 2999697.7 ], [ 4178139.6, 2999738.3 ], [ 4178189.6, 2999612.2 ], [ 4178177.7, 2999594.8 ], [ 4178129.3, 2999586.8 ], [ 4178121.2, 2999535.4 ], [ 4178087.1, 2999513.9 ], [ 4178032.2, 2999442.0 ], [ 4178082.3, 2999397.1 ], [ 4178085.3, 2999374.1 ], [ 4178040.9, 2999335.9 ], [ 4178031.6, 2999312.3 ], [ 4177960.9, 2999304.9 ], [ 4177883.1, 2999225.4 ], [ 4177894.6, 2999180.6 ], [ 4177951.8, 2999110.0 ], [ 4177938.6, 2999082.0 ], [ 4177929.9, 2999031.4 ], [ 4177910.2, 2999018.1 ], [ 4177888.1, 2999025.6 ], [ 4177783.6, 2999140.7 ], [ 4177725.2, 2999224.8 ], [ 4177729.6, 2999242.5 ], [ 4177760.0, 2999272.8 ], [ 4177742.0, 2999291.4 ], [ 4177744.9, 2999312.5 ], [ 4177802.2, 2999367.6 ], [ 4177894.8, 2999438.1 ], [ 4177880.4, 2999454.2 ], [ 4177803.9, 2999487.4 ], [ 4177772.6, 2999514.8 ], [ 4177650.5, 2999727.4 ], [ 4177620.8, 2999754.2 ], [ 4177595.3, 2999763.1 ], [ 4177530.2, 2999747.5 ], [ 4177422.0, 2999669.0 ], [ 4177406.2, 2999675.1 ], [ 4177385.2, 2999702.4 ], [ 4177294.5, 2999751.2 ], [ 4177295.3, 2999769.7 ], [ 4177310.0, 2999781.0 ], [ 4177450.8, 2999789.0 ], [ 4177452.7, 2999815.1 ], [ 4177436.7, 2999840.4 ], [ 4177455.1, 2999890.6 ], [ 4177452.6, 2999914.8 ], [ 4177502.6, 2999951.4 ], [ 4177615.7, 3000069.2 ], [ 4177648.8, 3000125.3 ], [ 4177585.6, 3000153.4 ], [ 4177576.6, 3000164.7 ], [ 4177578.0, 3000182.4 ], [ 4177614.2, 3000240.5 ], [ 4177611.2, 3000260.2 ], [ 4177571.6, 3000285.6 ], [ 4177441.8, 3000446.6 ], [ 4177449.7, 3000416.7 ], [ 4177436.1, 3000399.9 ], [ 4177358.1, 3000397.2 ], [ 4177341.9, 3000405.2 ], [ 4177336.8, 3000460.9 ], [ 4177345.9, 3000489.9 ], [ 4177329.1, 3000523.7 ], [ 4177318.6, 3000528.8 ], [ 4177300.5, 3000520.0 ], [ 4177259.3, 3000459.9 ], [ 4177218.2, 3000421.1 ], [ 4177230.3, 3000382.2 ], [ 4177219.6, 3000329.1 ], [ 4177239.1, 3000270.0 ], [ 4177247.9, 3000206.2 ], [ 4177213.9, 3000051.2 ], [ 4177143.0, 2999992.0 ], [ 4177112.8, 2999980.2 ], [ 4177128.0, 2999927.8 ], [ 4177081.8, 2999895.8 ], [ 4177047.7, 2999857.4 ], [ 4177038.6, 2999809.0 ], [ 4177018.1, 2999803.1 ], [ 4177000.3, 2999820.4 ], [ 4176941.5, 2999766.3 ], [ 4176987.7, 2999707.9 ], [ 4177013.1, 2999722.4 ], [ 4177032.0, 2999715.6 ], [ 4177091.2, 2999628.6 ], [ 4177148.4, 2999640.1 ], [ 4177211.9, 2999618.8 ], [ 4177215.1, 2999598.1 ], [ 4177190.5, 2999565.2 ], [ 4177188.2, 2999535.6 ], [ 4177151.5, 2999465.1 ], [ 4177204.0, 2999404.9 ], [ 4177262.9, 2999439.8 ], [ 4177312.0, 2999419.4 ], [ 4177334.3, 2999379.6 ], [ 4177355.6, 2999375.0 ], [ 4177391.0, 2999389.1 ], [ 4177408.8, 2999405.1 ], [ 4177454.2, 2999392.3 ], [ 4177559.0, 2999299.9 ], [ 4177566.3, 2999282.4 ], [ 4177596.7, 2999261.5 ], [ 4177598.8, 2999234.1 ], [ 4177569.5, 2999220.3 ], [ 4177555.0, 2999231.1 ], [ 4177545.8, 2999261.6 ], [ 4177510.3, 2999275.2 ], [ 4177511.3, 2999244.9 ], [ 4177503.7, 2999232.2 ], [ 4177454.2, 2999221.2 ], [ 4177455.0, 2999201.2 ], [ 4177438.3, 2999178.2 ], [ 4177463.0, 2999111.3 ], [ 4178057.3, 2998447.7 ], [ 4178270.1, 2998490.5 ], [ 4178646.6, 2998350.7 ], [ 4178678.3, 2998375.8 ], [ 4178631.1, 2998416.8 ], [ 4178629.3, 2998438.2 ], [ 4178681.5, 2998513.2 ], [ 4178734.6, 2998535.2 ], [ 4178723.0, 2998572.0 ], [ 4178729.8, 2998588.1 ], [ 4178819.3, 2998615.9 ], [ 4178792.1, 2998710.9 ], [ 4178866.7, 2998825.3 ], [ 4178923.5, 2998859.4 ], [ 4178940.3, 2998858.7 ], [ 4178951.6, 2998848.2 ], [ 4179035.0, 2998899.6 ], [ 4179052.2, 2998899.0 ], [ 4179102.6, 2998920.1 ], [ 4179120.3, 2998954.7 ], [ 4179118.1, 2998997.7 ], [ 4179104.2, 2999024.9 ], [ 4179107.2, 2999041.2 ], [ 4179133.8, 2999079.7 ], [ 4179182.1, 2999115.0 ], [ 4179229.6, 2999133.0 ], [ 4179245.0, 2999125.5 ], [ 4179277.5, 2999084.0 ], [ 4179300.6, 2999039.8 ], [ 4179297.7, 2998933.2 ], [ 4179272.8, 2998846.0 ], [ 4179225.3, 2998787.5 ], [ 4179188.0, 2998758.3 ], [ 4179183.3, 2998738.8 ], [ 4179191.0, 2998721.3 ], [ 4179374.5, 2998564.2 ], [ 4179464.2, 2998481.4 ], [ 4179488.0, 2998448.7 ], [ 4179522.3, 2998423.6 ], [ 4179635.0, 2998411.2 ], [ 4179808.4, 2998340.1 ], [ 4179839.7, 2998334.2 ], [ 4180034.7, 2998370.3 ], [ 4180233.2, 2998491.9 ], [ 4180285.7, 2998500.4 ], [ 4180421.7, 2998471.9 ], [ 4180432.1, 2998457.9 ], [ 4180426.9, 2998437.9 ], [ 4180445.7, 2998404.0 ], [ 4180661.4, 2998385.2 ], [ 4180674.3, 2998361.6 ], [ 4180648.7, 2998284.8 ], [ 4180745.9, 2998275.8 ], [ 4180845.5, 2998247.1 ], [ 4180885.8, 2998256.1 ], [ 4180934.9, 2998280.5 ], [ 4181103.2, 2998416.2 ], [ 4181129.5, 2998412.1 ], [ 4181148.0, 2998360.8 ], [ 4181125.3, 2998214.8 ], [ 4181125.3, 2998161.5 ], [ 4181136.8, 2998125.8 ], [ 4181161.7, 2998088.3 ], [ 4181200.9, 2998063.3 ], [ 4181281.6, 2998044.7 ], [ 4181324.1, 2998025.2 ], [ 4181368.1, 2997990.8 ], [ 4181502.6, 2997831.6 ], [ 4181528.9, 2997812.5 ], [ 4181560.4, 2997803.3 ], [ 4181697.2, 2997708.3 ], [ 4181777.0, 2997695.7 ], [ 4181802.2, 2997677.7 ], [ 4181803.3, 2997637.8 ], [ 4181760.4, 2997595.8 ], [ 4181695.0, 2997579.1 ], [ 4181590.0, 2997617.0 ], [ 4181556.0, 2997603.6 ], [ 4181546.0, 2997576.3 ], [ 4181552.9, 2997556.1 ], [ 4181576.7, 2997523.5 ], [ 4181691.1, 2997412.2 ], [ 4181835.6, 2997317.4 ], [ 4181903.8, 2997231.7 ], [ 4181929.0, 2997181.3 ], [ 4182041.3, 2997026.8 ], [ 4182057.6, 2996994.1 ], [ 4182093.4, 2996897.1 ], [ 4182103.2, 2996820.3 ], [ 4182134.2, 2996713.1 ], [ 4182182.1, 2996626.8 ], [ 4182218.4, 2996587.0 ], [ 4182384.4, 2996457.9 ], [ 4182421.1, 2996394.9 ], [ 4182571.1, 2996323.4 ], [ 4182639.6, 2996279.8 ], [ 4182855.6, 2996097.3 ], [ 4182876.6, 2996069.4 ], [ 4182931.7, 2995915.6 ], [ 4182927.4, 2995877.1 ], [ 4182846.0, 2995767.3 ], [ 4182817.3, 2995707.7 ], [ 4182778.4, 2995573.6 ], [ 4182760.0, 2995563.7 ], [ 4182722.3, 2995571.6 ], [ 4182700.3, 2995551.6 ], [ 4182658.6, 2995561.9 ], [ 4182634.8, 2995578.8 ], [ 4182548.4, 2995587.1 ], [ 4182464.8, 2995617.6 ], [ 4182402.9, 2995628.6 ], [ 4182355.6, 2995667.7 ], [ 4182348.0, 2995633.1 ], [ 4182318.2, 2995629.3 ], [ 4182298.3, 2995657.9 ], [ 4182273.9, 2995664.6 ], [ 4182258.9, 2995695.1 ], [ 4182122.0, 2995770.7 ], [ 4182066.6, 2995811.3 ], [ 4182006.2, 2995821.6 ], [ 4181983.6, 2995807.5 ], [ 4182045.5, 2995755.7 ], [ 4182172.1, 2995686.0 ], [ 4182198.5, 2995651.0 ], [ 4182268.9, 2995624.4 ], [ 4182295.9, 2995585.3 ], [ 4182341.9, 2995552.8 ], [ 4182400.0, 2995538.1 ], [ 4182411.0, 2995559.2 ], [ 4182434.8, 2995560.8 ], [ 4182455.9, 2995544.9 ], [ 4182464.2, 2995528.2 ], [ 4182519.0, 2995534.2 ], [ 4182548.5, 2995522.6 ], [ 4182619.6, 2995554.6 ], [ 4182643.7, 2995529.7 ], [ 4182730.0, 2995505.6 ], [ 4182778.0, 2995468.3 ], [ 4182825.3, 2995373.9 ], [ 4182818.5, 2995338.6 ], [ 4182829.1, 2995323.8 ], [ 4182827.2, 2995307.0 ], [ 4182873.5, 2995250.0 ], [ 4182892.5, 2995256.8 ], [ 4182906.0, 2995251.6 ], [ 4182932.0, 2995209.5 ], [ 4182930.0, 2995189.6 ], [ 4182914.3, 2995177.8 ], [ 4182927.2, 2995150.8 ], [ 4182949.2, 2995141.7 ], [ 4182976.8, 2995142.6 ], [ 4183190.7, 2994931.8 ], [ 4183190.0, 2994911.2 ], [ 4183160.6, 2994883.3 ], [ 4183210.7, 2994819.2 ], [ 4183209.8, 2994799.2 ], [ 4183196.0, 2994788.4 ], [ 4183209.9, 2994758.0 ], [ 4183231.9, 2994756.8 ], [ 4183246.9, 2994729.5 ], [ 4183264.5, 2994718.5 ], [ 4183284.6, 2994620.1 ], [ 4183322.2, 2994628.0 ], [ 4183338.8, 2994611.2 ], [ 4183383.8, 2994336.7 ], [ 4183374.2, 2994314.2 ], [ 4183357.9, 2994307.7 ], [ 4183341.0, 2994280.7 ], [ 4183324.1, 2994273.2 ], [ 4183243.8, 2994310.5 ], [ 4183235.5, 2994292.6 ], [ 4183222.1, 2994286.5 ], [ 4183127.6, 2994309.7 ], [ 4183060.2, 2994271.7 ], [ 4183011.8, 2994312.6 ], [ 4182986.4, 2994290.4 ], [ 4182962.0, 2994297.0 ], [ 4182953.6, 2994324.3 ], [ 4182931.0, 2994340.4 ], [ 4182931.2, 2994362.6 ], [ 4182899.0, 2994440.1 ], [ 4182906.5, 2994462.3 ], [ 4182944.4, 2994474.7 ], [ 4182955.5, 2994492.4 ], [ 4182973.1, 2994494.4 ], [ 4182986.5, 2994482.9 ], [ 4183033.0, 2994385.6 ], [ 4183065.7, 2994423.8 ], [ 4183078.8, 2994429.0 ], [ 4183153.4, 2994383.3 ], [ 4183212.9, 2994454.8 ], [ 4183228.9, 2994493.7 ], [ 4183206.5, 2994531.2 ], [ 4183154.9, 2994555.3 ], [ 4183128.2, 2994519.8 ], [ 4183109.2, 2994475.5 ], [ 4183086.0, 2994466.8 ], [ 4183016.4, 2994528.7 ], [ 4183012.0, 2994545.1 ], [ 4183026.0, 2994574.2 ], [ 4183022.5, 2994588.8 ], [ 4182958.6, 2994653.9 ], [ 4182955.6, 2994667.7 ], [ 4182963.3, 2994682.1 ], [ 4182883.4, 2994739.1 ], [ 4182885.5, 2994756.7 ], [ 4182939.3, 2994834.6 ], [ 4182894.8, 2994856.0 ], [ 4182880.3, 2994834.3 ], [ 4182864.2, 2994829.1 ], [ 4182823.4, 2994851.5 ], [ 4182805.7, 2994832.6 ], [ 4182811.7, 2994809.4 ], [ 4182801.1, 2994791.2 ], [ 4182783.5, 2994788.9 ], [ 4182743.9, 2994807.7 ], [ 4182724.0, 2994781.2 ], [ 4182704.6, 2994777.6 ], [ 4182660.6, 2994790.5 ], [ 4182634.1, 2994807.4 ], [ 4182629.3, 2994833.9 ], [ 4182492.8, 2994953.5 ], [ 4182486.8, 2994781.4 ], [ 4182476.3, 2994766.8 ], [ 4182458.4, 2994764.9 ], [ 4182299.6, 2994885.9 ], [ 4182273.0, 2994918.7 ], [ 4181986.5, 2995137.9 ], [ 4181918.9, 2995073.7 ], [ 4181854.5, 2995108.6 ], [ 4181839.9, 2995130.1 ], [ 4181704.5, 2995004.1 ], [ 4181727.6, 2994975.6 ], [ 4181707.1, 2994943.1 ], [ 4181751.8, 2994901.0 ], [ 4181765.1, 2994877.7 ], [ 4181850.5, 2994810.4 ], [ 4181865.1, 2994762.3 ], [ 4181860.4, 2994746.7 ], [ 4181937.5, 2994689.3 ], [ 4181961.8, 2994630.4 ], [ 4182078.4, 2994521.5 ], [ 4182312.8, 2994425.3 ], [ 4182354.9, 2994475.2 ], [ 4182340.9, 2994493.7 ], [ 4182349.2, 2994579.3 ], [ 4182370.5, 2994589.5 ], [ 4182422.5, 2994565.9 ], [ 4182453.0, 2994574.1 ], [ 4182494.2, 2994672.5 ], [ 4182549.9, 2994681.9 ], [ 4182572.3, 2994678.0 ], [ 4182585.2, 2994688.5 ], [ 4182615.3, 2994693.0 ], [ 4182630.3, 2994683.3 ], [ 4182663.2, 2994630.3 ], [ 4182706.8, 2994636.5 ], [ 4182740.7, 2994653.9 ], [ 4182777.9, 2994649.0 ], [ 4182804.7, 2994590.3 ], [ 4182796.9, 2994567.8 ], [ 4182783.6, 2994563.2 ], [ 4182742.3, 2994575.4 ], [ 4182686.2, 2994574.6 ], [ 4182652.9, 2994558.9 ], [ 4182660.5, 2994377.8 ], [ 4182653.3, 2994362.1 ], [ 4182636.9, 2994356.4 ], [ 4182553.9, 2994377.1 ], [ 4182543.8, 2994395.9 ], [ 4182556.7, 2994434.4 ], [ 4182447.9, 2994502.9 ], [ 4182422.7, 2994424.9 ], [ 4182509.9, 2994382.5 ], [ 4182513.2, 2994368.2 ], [ 4182497.0, 2994312.8 ], [ 4182484.9, 2994299.0 ], [ 4182466.6, 2994299.1 ], [ 4182405.9, 2994352.2 ], [ 4182381.6, 2994353.1 ], [ 4182384.2, 2994321.3 ], [ 4182413.7, 2994299.7 ], [ 4182441.6, 2994261.5 ], [ 4182491.1, 2994298.2 ], [ 4182560.4, 2994283.4 ], [ 4182569.0, 2994264.7 ], [ 4182557.1, 2994239.9 ], [ 4182586.7, 2994210.1 ], [ 4182586.6, 2994183.8 ], [ 4182627.7, 2994132.5 ], [ 4182651.3, 2994121.8 ], [ 4182675.1, 2994097.0 ], [ 4182685.6, 2994110.3 ], [ 4182699.5, 2994113.5 ], [ 4182753.1, 2994091.1 ], [ 4182763.3, 2994073.9 ], [ 4182757.5, 2994047.0 ], [ 4182866.8, 2994014.0 ], [ 4182877.1, 2993999.6 ], [ 4182875.3, 2993985.4 ], [ 4182861.8, 2993974.0 ], [ 4182825.5, 2993971.7 ], [ 4182822.5, 2993947.2 ], [ 4182802.3, 2993939.9 ], [ 4182694.7, 2994010.8 ], [ 4182681.7, 2993987.4 ], [ 4182680.4, 2993959.5 ], [ 4182739.9, 2993955.8 ], [ 4182753.2, 2993932.1 ], [ 4182691.6, 2993811.9 ], [ 4182668.7, 2993792.8 ], [ 4182651.3, 2993796.1 ], [ 4182594.2, 2993850.9 ], [ 4182535.7, 2993869.8 ], [ 4182459.1, 2993775.9 ], [ 4182442.6, 2993772.7 ], [ 4182395.1, 2993790.8 ], [ 4182365.7, 2993742.1 ], [ 4182310.9, 2993727.9 ], [ 4182291.7, 2993743.7 ], [ 4182293.2, 2993790.6 ], [ 4182241.4, 2993804.3 ], [ 4182230.9, 2993814.2 ], [ 4182239.6, 2993883.5 ], [ 4182184.8, 2993868.9 ], [ 4182125.9, 2993873.3 ], [ 4182093.6, 2993884.4 ], [ 4181994.3, 2993883.4 ], [ 4181969.7, 2993893.3 ], [ 4181936.6, 2993882.0 ], [ 4181896.5, 2993844.6 ], [ 4181931.5, 2993811.5 ], [ 4181928.5, 2993794.0 ], [ 4181913.4, 2993784.4 ], [ 4181836.9, 2993800.1 ], [ 4181823.4, 2993816.8 ], [ 4181731.8, 2993841.8 ], [ 4181728.4, 2993750.5 ], [ 4181688.1, 2993694.8 ], [ 4181672.2, 2993688.5 ], [ 4181656.6, 2993695.6 ], [ 4181536.5, 2993836.5 ], [ 4181503.3, 2993865.0 ], [ 4181407.5, 2993920.3 ], [ 4181368.9, 2993915.7 ], [ 4181339.8, 2993892.5 ], [ 4181334.9, 2993863.3 ], [ 4181375.7, 2993763.3 ], [ 4181426.7, 2993564.8 ], [ 4181447.1, 2993515.9 ], [ 4181436.4, 2993494.9 ], [ 4181395.1, 2993487.9 ], [ 4181376.8, 2993494.1 ], [ 4181337.2, 2993543.7 ], [ 4181317.3, 2993540.4 ], [ 4181304.9, 2993547.7 ], [ 4181295.6, 2993601.5 ], [ 4181178.6, 2993765.1 ], [ 4181181.7, 2993789.0 ], [ 4181239.2, 2993831.6 ], [ 4181208.0, 2993865.9 ], [ 4181166.8, 2993827.1 ], [ 4181176.1, 2993806.8 ], [ 4181168.5, 2993790.8 ], [ 4180985.5, 2993688.2 ], [ 4180960.1, 2993695.6 ], [ 4180954.4, 2993718.4 ], [ 4180887.6, 2993751.1 ], [ 4180784.6, 2993756.5 ], [ 4180782.9, 2993740.0 ], [ 4180791.1, 2993728.9 ], [ 4180895.2, 2993691.7 ], [ 4180919.9, 2993660.5 ], [ 4180923.0, 2993642.6 ], [ 4180828.6, 2993507.8 ], [ 4180808.1, 2993506.0 ], [ 4180761.8, 2993534.9 ], [ 4180715.9, 2993504.5 ], [ 4180764.5, 2993446.9 ], [ 4180789.2, 2993459.4 ], [ 4180803.8, 2993478.5 ], [ 4180827.4, 2993475.8 ], [ 4180853.5, 2993433.9 ], [ 4180843.3, 2993405.4 ], [ 4180903.5, 2993362.1 ], [ 4180919.3, 2993358.2 ], [ 4180939.3, 2993377.9 ], [ 4180956.7, 2993380.5 ], [ 4181011.5, 2993366.2 ], [ 4181048.4, 2993330.3 ], [ 4181046.0, 2993300.2 ], [ 4181032.8, 2993288.1 ], [ 4181011.9, 2993291.9 ], [ 4180973.9, 2993328.6 ], [ 4180908.2, 2993280.1 ], [ 4180659.5, 2993413.7 ], [ 4180494.2, 2993618.2 ], [ 4180485.1, 2993642.9 ], [ 4180460.2, 2993665.0 ], [ 4180372.8, 2993680.2 ], [ 4180300.6, 2993705.7 ], [ 4180185.7, 2993776.5 ], [ 4180188.0, 2993802.7 ], [ 4180240.3, 2993861.2 ], [ 4180302.4, 2993913.8 ], [ 4180189.6, 2993980.9 ], [ 4180145.8, 2994028.5 ], [ 4180144.2, 2994042.4 ], [ 4180154.5, 2994062.0 ], [ 4180103.9, 2994080.8 ], [ 4180062.1, 2994048.3 ], [ 4180038.3, 2994050.0 ], [ 4179996.6, 2994081.0 ], [ 4179967.2, 2994147.2 ], [ 4179975.9, 2994168.7 ], [ 4179997.2, 2994171.3 ], [ 4180038.2, 2994123.5 ], [ 4180085.3, 2994220.0 ], [ 4180110.1, 2994228.2 ], [ 4180125.7, 2994269.6 ], [ 4180114.6, 2994450.7 ], [ 4180000.9, 2994245.1 ], [ 4179976.0, 2994234.7 ], [ 4179962.3, 2994245.8 ], [ 4179949.9, 2994282.9 ], [ 4179931.2, 2994295.8 ], [ 4179793.7, 2994595.6 ], [ 4179652.2, 2994549.8 ], [ 4179655.4, 2994529.2 ], [ 4179643.2, 2994515.4 ], [ 4179592.3, 2994493.0 ], [ 4179487.5, 2994463.2 ], [ 4179746.9, 2993930.1 ], [ 4179814.1, 2993827.4 ], [ 4179793.2, 2993765.3 ], [ 4179732.1, 2993718.4 ], [ 4179714.0, 2993714.5 ], [ 4179699.3, 2993725.9 ], [ 4179663.4, 2993714.6 ], [ 4179670.1, 2993686.5 ], [ 4179659.0, 2993668.6 ], [ 4179620.5, 2993665.4 ], [ 4179556.3, 2993642.4 ], [ 4179599.5, 2993575.5 ], [ 4179642.3, 2993614.4 ], [ 4179659.1, 2993610.4 ], [ 4179678.8, 2993590.3 ], [ 4179701.8, 2993613.8 ], [ 4179716.8, 2993614.0 ], [ 4179728.4, 2993604.5 ], [ 4179728.3, 2993499.8 ], [ 4179785.6, 2993348.7 ], [ 4179748.3, 2993291.0 ], [ 4179721.6, 2993288.2 ], [ 4179562.6, 2993387.2 ], [ 4179505.4, 2993441.0 ], [ 4179458.6, 2993306.8 ], [ 4179441.3, 2993303.0 ], [ 4179423.2, 2993312.3 ], [ 4179334.5, 2993390.6 ], [ 4179329.1, 2993341.9 ], [ 4179310.3, 2993295.1 ], [ 4179300.7, 2993284.2 ], [ 4179282.9, 2993282.5 ], [ 4179251.5, 2993313.2 ], [ 4179250.0, 2993334.3 ], [ 4179213.0, 2993365.0 ], [ 4179242.4, 2993449.4 ], [ 4179207.8, 2993481.5 ], [ 4179026.8, 2993582.5 ], [ 4178818.4, 2993726.2 ], [ 4178789.9, 2993705.0 ], [ 4178749.7, 2993689.3 ], [ 4178696.2, 2993716.7 ], [ 4178570.1, 2993690.9 ], [ 4178921.0, 2993234.9 ], [ 4178966.6, 2993274.4 ], [ 4178984.3, 2993276.6 ], [ 4179061.6, 2993201.8 ], [ 4179121.5, 2993249.1 ], [ 4179138.4, 2993248.6 ], [ 4179154.7, 2993235.4 ], [ 4179185.2, 2993297.1 ], [ 4179200.0, 2993299.1 ], [ 4179212.7, 2993291.2 ], [ 4179272.3, 2993212.0 ], [ 4179238.8, 2993119.6 ], [ 4179324.7, 2993052.3 ], [ 4179333.1, 2993035.8 ], [ 4179322.8, 2993016.4 ], [ 4179223.9, 2992975.5 ], [ 4179233.1, 2992945.8 ], [ 4179223.6, 2992913.1 ], [ 4179212.9, 2992903.5 ], [ 4179238.0, 2992874.0 ], [ 4179234.6, 2992850.8 ], [ 4179218.2, 2992842.1 ], [ 4179203.4, 2992844.7 ], [ 4179172.0, 2992889.0 ], [ 4179036.3, 2992849.8 ], [ 4178919.8, 2992852.5 ], [ 4178906.6, 2992808.4 ], [ 4178893.5, 2992796.9 ], [ 4178837.5, 2992811.9 ], [ 4178822.2, 2992803.0 ], [ 4178805.2, 2992808.3 ], [ 4178767.6, 2992699.0 ], [ 4178746.7, 2992686.1 ], [ 4178730.5, 2992694.1 ], [ 4178720.3, 2992718.5 ], [ 4178653.1, 2992692.9 ], [ 4178633.3, 2992698.8 ], [ 4178584.5, 2992852.0 ], [ 4178043.9, 2992499.7 ], [ 4178267.0, 2992277.6 ], [ 4178244.0, 2992210.4 ], [ 4178227.9, 2992201.9 ], [ 4178210.8, 2992208.0 ], [ 4178189.8, 2992170.2 ], [ 4178171.9, 2992156.4 ], [ 4178155.3, 2992159.6 ], [ 4178102.9, 2992200.9 ], [ 4178044.3, 2992182.8 ], [ 4177968.1, 2992212.6 ], [ 4177931.5, 2992200.2 ], [ 4177888.2, 2992199.5 ], [ 4177811.8, 2992286.7 ], [ 4177657.5, 2992390.8 ], [ 4177633.2, 2992400.2 ], [ 4177524.0, 2992329.9 ], [ 4177518.9, 2992301.9 ], [ 4177484.4, 2992246.3 ], [ 4177564.5, 2992244.4 ], [ 4177601.2, 2992204.8 ], [ 4177606.8, 2992153.8 ], [ 4177696.2, 2992190.1 ], [ 4177718.4, 2992182.2 ], [ 4177724.4, 2992100.7 ], [ 4177719.4, 2992086.6 ], [ 4177702.7, 2992078.5 ], [ 4177624.6, 2992089.7 ], [ 4177622.1, 2992072.9 ], [ 4177603.6, 2992054.5 ], [ 4177650.5, 2992023.2 ], [ 4177734.2, 2992003.1 ], [ 4177762.6, 2991964.7 ], [ 4177748.4, 2991940.9 ], [ 4177730.4, 2991942.2 ], [ 4177700.1, 2991965.6 ], [ 4177654.0, 2991975.5 ], [ 4177618.5, 2991975.1 ], [ 4177571.8, 2991947.9 ], [ 4177533.1, 2991950.2 ], [ 4177522.1, 2991959.6 ], [ 4177507.6, 2992000.0 ], [ 4177477.8, 2992021.9 ], [ 4177407.3, 2992010.7 ], [ 4177384.6, 2992017.4 ], [ 4177304.9, 2991992.1 ], [ 4177264.2, 2992027.0 ], [ 4177198.0, 2992127.9 ], [ 4177166.2, 2992096.6 ], [ 4177146.6, 2992093.5 ], [ 4177129.6, 2992106.4 ], [ 4177131.8, 2992130.8 ], [ 4177105.5, 2992160.7 ], [ 4176944.1, 2992100.0 ], [ 4176954.6, 2992064.7 ], [ 4176944.2, 2992046.3 ], [ 4176908.9, 2992045.5 ], [ 4176813.3, 2992013.0 ], [ 4176845.6, 2991902.6 ], [ 4176839.3, 2991884.0 ], [ 4176385.2, 2991559.4 ], [ 4176383.9, 2991542.9 ], [ 4176367.7, 2991527.9 ], [ 4176354.3, 2991498.5 ], [ 4176431.4, 2991351.1 ], [ 4176429.7, 2991332.6 ], [ 4176346.8, 2991218.8 ], [ 4176237.0, 2991184.4 ], [ 4176097.0, 2991174.2 ], [ 4176029.5, 2991068.3 ], [ 4176056.1, 2991040.2 ], [ 4176107.3, 2991006.7 ], [ 4176129.9, 2990962.9 ], [ 4176120.5, 2990948.2 ], [ 4176099.6, 2990944.8 ], [ 4176076.3, 2990913.4 ], [ 4176033.9, 2990898.0 ], [ 4176016.8, 2990908.9 ], [ 4175996.6, 2990952.7 ], [ 4175999.7, 2990970.1 ], [ 4176016.1, 2990980.4 ], [ 4175956.1, 2991046.4 ], [ 4175899.6, 2991041.8 ], [ 4175886.3, 2991047.7 ], [ 4175854.8, 2991134.6 ], [ 4175564.7, 2991089.1 ], [ 4175519.0, 2991110.5 ], [ 4175441.8, 2991164.3 ], [ 4175224.8, 2991476.9 ], [ 4175161.3, 2991595.9 ], [ 4175127.6, 2991680.7 ], [ 4175138.9, 2991704.6 ], [ 4175182.1, 2991709.0 ], [ 4175211.4, 2991724.5 ], [ 4175232.9, 2991706.8 ], [ 4175485.5, 2991873.8 ], [ 4175429.9, 2991975.3 ], [ 4175387.0, 2991951.8 ], [ 4175365.0, 2991964.1 ], [ 4175349.1, 2991997.7 ], [ 4175350.1, 2992012.6 ], [ 4175394.2, 2992040.5 ], [ 4175358.9, 2992105.0 ], [ 4175067.4, 2991886.6 ], [ 4175043.8, 2991893.7 ], [ 4175038.8, 2991907.5 ], [ 4175046.9, 2991934.8 ], [ 4174982.8, 2992007.5 ], [ 4174979.7, 2992045.0 ], [ 4174998.5, 2992065.7 ], [ 4174993.6, 2992098.6 ], [ 4175006.8, 2992113.7 ], [ 4175030.4, 2992116.6 ], [ 4175043.9, 2992105.9 ], [ 4175047.6, 2992039.3 ], [ 4175088.7, 2992072.0 ], [ 4175121.7, 2992059.8 ], [ 4175116.5, 2992148.9 ], [ 4175122.2, 2992161.6 ], [ 4175161.3, 2992192.5 ], [ 4175154.5, 2992266.7 ], [ 4175085.9, 2992238.3 ], [ 4175068.7, 2992238.4 ], [ 4175012.4, 2992312.9 ], [ 4175008.9, 2992330.7 ], [ 4175254.2, 2992527.9 ], [ 4175244.2, 2992643.0 ], [ 4174948.5, 2992428.2 ], [ 4174924.9, 2992434.7 ], [ 4174873.2, 2992502.5 ], [ 4174797.7, 2992442.0 ], [ 4174843.3, 2992376.3 ], [ 4174832.9, 2992350.9 ], [ 4174808.6, 2992352.9 ], [ 4174758.9, 2992407.4 ], [ 4174711.5, 2992371.7 ], [ 4174778.3, 2992296.6 ], [ 4174828.7, 2992335.4 ], [ 4174845.5, 2992339.3 ], [ 4174913.0, 2992267.5 ], [ 4174905.9, 2992248.6 ], [ 4174798.4, 2992161.6 ], [ 4174823.0, 2992133.0 ], [ 4174851.9, 2992127.4 ], [ 4174868.0, 2992113.1 ], [ 4174874.6, 2992099.8 ], [ 4174868.9, 2992082.3 ], [ 4174730.9, 2992053.9 ], [ 4174714.2, 2992065.3 ], [ 4174575.8, 2992304.5 ], [ 4174270.6, 2992769.8 ], [ 4174261.2, 2992802.5 ], [ 4174256.4, 2992931.0 ], [ 4174267.0, 2993026.4 ], [ 4174237.4, 2993115.8 ], [ 4174230.8, 2993177.7 ], [ 4174243.8, 2993198.4 ], [ 4174288.0, 2993203.4 ], [ 4174289.5, 2993237.2 ], [ 4174249.7, 2993264.8 ], [ 4174247.4, 2993288.4 ], [ 4174308.1, 2993405.0 ], [ 4174336.4, 2993414.3 ], [ 4174479.5, 2993509.6 ], [ 4174669.2, 2993488.3 ], [ 4174679.5, 2993518.7 ], [ 4174645.8, 2993545.9 ], [ 4174634.6, 2993591.3 ], [ 4174653.7, 2993640.6 ], [ 4174696.8, 2993663.7 ], [ 4174697.6, 2993791.3 ], [ 4174637.3, 2993736.8 ], [ 4174602.3, 2993725.3 ], [ 4174528.9, 2993766.4 ], [ 4174484.3, 2993704.9 ], [ 4174435.1, 2993677.8 ], [ 4174414.3, 2993681.2 ], [ 4174403.9, 2993704.2 ], [ 4174405.0, 2993746.9 ], [ 4174397.3, 2993761.8 ], [ 4174347.4, 2993802.0 ], [ 4174306.0, 2993817.6 ], [ 4174231.5, 2993889.9 ], [ 4174243.5, 2993914.9 ], [ 4174308.7, 2993932.3 ], [ 4174343.4, 2994056.5 ], [ 4174206.6, 2994088.5 ], [ 4174068.4, 2994292.2 ], [ 4174028.7, 2994330.9 ], [ 4174000.2, 2994390.9 ], [ 4173964.1, 2994413.6 ], [ 4173953.9, 2994307.6 ], [ 4174001.9, 2994235.1 ], [ 4174049.8, 2994195.9 ], [ 4174055.1, 2994178.9 ], [ 4174039.4, 2994160.4 ], [ 4173954.7, 2994135.9 ], [ 4173937.4, 2994141.4 ], [ 4173901.1, 2994199.9 ], [ 4173873.4, 2994218.0 ], [ 4173866.1, 2994235.4 ], [ 4173869.1, 2994279.1 ], [ 4173893.0, 2994306.9 ], [ 4173903.1, 2994379.8 ], [ 4173929.2, 2994431.4 ], [ 4173897.8, 2994413.1 ], [ 4173879.4, 2994372.5 ], [ 4173858.7, 2994367.0 ], [ 4173833.2, 2994379.1 ], [ 4173818.4, 2994406.4 ], [ 4173775.1, 2994448.8 ], [ 4173761.0, 2994479.9 ], [ 4173768.3, 2994498.8 ], [ 4173821.5, 2994530.0 ], [ 4173863.5, 2994517.8 ], [ 4173870.8, 2994489.0 ], [ 4173891.0, 2994519.2 ], [ 4173870.5, 2994614.4 ], [ 4173807.2, 2994619.4 ], [ 4173793.8, 2994651.0 ], [ 4173602.6, 2994856.6 ], [ 4172956.8, 2994545.9 ], [ 4172535.3, 2994823.9 ], [ 4172490.7, 2994876.4 ], [ 4172337.7, 2995102.0 ], [ 4171942.7, 2995552.8 ], [ 4171832.8, 2995794.7 ], [ 4171848.5, 2995817.1 ], [ 4171921.5, 2995818.6 ], [ 4171912.1, 2995830.9 ], [ 4171710.4, 2996028.6 ], [ 4171716.1, 2995984.6 ], [ 4171742.1, 2995915.0 ], [ 4171737.4, 2995900.8 ], [ 4171724.8, 2995892.9 ], [ 4171706.9, 2995896.7 ], [ 4171575.7, 2995997.2 ], [ 4171572.7, 2996014.7 ], [ 4171587.0, 2996030.2 ], [ 4171601.4, 2996030.1 ], [ 4171642.0, 2996007.9 ], [ 4171658.4, 2996028.5 ], [ 4171518.9, 2996115.2 ], [ 4171505.8, 2996150.9 ], [ 4171477.1, 2996185.1 ], [ 4171489.9, 2996234.1 ], [ 4171576.7, 2996384.6 ], [ 4171473.2, 2996667.1 ], [ 4171375.3, 2996617.1 ], [ 4171426.3, 2996448.8 ], [ 4171447.2, 2996326.6 ], [ 4171441.7, 2996311.5 ], [ 4171399.3, 2996271.1 ], [ 4171380.1, 2996277.0 ], [ 4171286.4, 2996367.3 ], [ 4171255.3, 2996425.6 ], [ 4171065.5, 2996652.2 ], [ 4171049.5, 2996652.9 ], [ 4170955.2, 2996601.2 ], [ 4170941.6, 2996605.5 ], [ 4170911.5, 2996637.0 ], [ 4170817.5, 2996628.7 ], [ 4170785.1, 2996658.6 ], [ 4170739.4, 2996666.8 ], [ 4170606.0, 2996583.6 ], [ 4170581.8, 2996484.6 ], [ 4170539.5, 2996419.6 ], [ 4170556.3, 2996358.2 ], [ 4170580.1, 2996366.9 ], [ 4170590.9, 2996395.5 ], [ 4170614.5, 2996398.0 ], [ 4170630.1, 2996384.6 ], [ 4170626.1, 2996353.8 ], [ 4170634.3, 2996337.1 ], [ 4170650.0, 2996328.1 ], [ 4170728.8, 2996331.8 ], [ 4170781.0, 2996325.8 ], [ 4170796.4, 2996319.2 ], [ 4170803.3, 2996302.0 ], [ 4170797.5, 2996288.2 ], [ 4170784.1, 2996281.3 ], [ 4170714.3, 2996272.5 ], [ 4170676.9, 2996281.0 ], [ 4170626.2, 2996252.8 ], [ 4170620.6, 2996217.3 ], [ 4170606.6, 2996205.8 ], [ 4170547.0, 2996209.2 ], [ 4170525.9, 2996218.7 ], [ 4170508.5, 2996243.9 ], [ 4170512.8, 2996263.2 ], [ 4170498.8, 2996294.0 ], [ 4170503.6, 2996320.9 ], [ 4170480.9, 2996350.3 ], [ 4170445.8, 2996334.1 ], [ 4170400.0, 2996353.5 ], [ 4170369.4, 2996340.9 ], [ 4170291.9, 2996356.9 ], [ 4170223.1, 2996356.3 ], [ 4170179.8, 2996368.1 ], [ 4170130.7, 2996395.9 ], [ 4170084.1, 2996382.0 ], [ 4169958.2, 2996422.2 ], [ 4169873.9, 2996405.9 ], [ 4169860.1, 2996382.8 ], [ 4169822.1, 2996379.3 ], [ 4169790.6, 2996360.0 ], [ 4169790.7, 2996345.7 ], [ 4169890.0, 2996281.7 ], [ 4169933.6, 2996234.6 ], [ 4169990.6, 2996145.2 ], [ 4170024.5, 2996110.8 ], [ 4170024.0, 2996092.4 ], [ 4170006.6, 2996072.4 ], [ 4170031.4, 2996050.3 ], [ 4170035.8, 2996031.0 ], [ 4170028.6, 2996010.2 ], [ 4170016.4, 2996002.2 ], [ 4169943.0, 2996008.1 ], [ 4169864.6, 2995988.3 ], [ 4169894.8, 2995960.7 ], [ 4169889.8, 2995942.9 ], [ 4169873.0, 2995935.3 ], [ 4169610.7, 2996017.9 ], [ 4169584.5, 2996016.7 ], [ 4169562.3, 2996039.2 ], [ 4169426.1, 2996114.9 ], [ 4169368.8, 2996118.1 ], [ 4169361.0, 2996141.5 ], [ 4169393.8, 2996190.4 ], [ 4169387.7, 2996210.4 ], [ 4169372.3, 2996214.6 ], [ 4169364.0, 2996226.7 ], [ 4169356.8, 2996303.1 ], [ 4169303.6, 2996297.7 ], [ 4169278.3, 2996323.3 ], [ 4169248.8, 2996335.4 ], [ 4169221.9, 2996324.1 ], [ 4169196.1, 2996328.0 ], [ 4169161.0, 2996320.5 ], [ 4169110.0, 2996333.2 ], [ 4169098.6, 2996355.0 ], [ 4169073.2, 2996370.4 ], [ 4169062.9, 2996396.9 ], [ 4169066.7, 2996426.2 ], [ 4169084.9, 2996439.2 ], [ 4169119.2, 2996603.2 ], [ 4169115.2, 2996692.5 ], [ 4169081.2, 2996724.6 ], [ 4169035.2, 2996740.0 ], [ 4168972.5, 2996744.2 ], [ 4168873.0, 2996777.9 ], [ 4168843.5, 2996754.8 ], [ 4168772.3, 2996650.8 ], [ 4168748.1, 2996656.9 ], [ 4168734.4, 2996688.4 ], [ 4168681.5, 2996668.4 ], [ 4168658.6, 2996678.6 ], [ 4168633.0, 2996668.6 ], [ 4168551.9, 2996768.3 ], [ 4168526.1, 2996826.1 ], [ 4168467.0, 2996885.8 ], [ 4168428.7, 2996857.7 ], [ 4168368.4, 2996748.7 ], [ 4168334.1, 2996716.6 ], [ 4168315.8, 2996682.9 ], [ 4168312.8, 2996655.3 ], [ 4168325.4, 2996611.7 ], [ 4168323.5, 2996585.4 ], [ 4168300.9, 2996540.8 ], [ 4168253.2, 2996483.9 ], [ 4168243.8, 2996462.2 ], [ 4168270.4, 2996330.9 ], [ 4168387.1, 2996183.9 ], [ 4168472.5, 2996136.4 ], [ 4168593.7, 2996351.2 ], [ 4168705.2, 2996372.2 ], [ 4168722.0, 2996367.9 ], [ 4168730.6, 2996349.3 ], [ 4168723.2, 2996236.5 ], [ 4168739.8, 2996170.2 ], [ 4168716.5, 2996080.8 ], [ 4168658.2, 2995963.5 ], [ 4168850.8, 2995945.7 ], [ 4168858.5, 2995930.4 ], [ 4168853.7, 2995830.0 ], [ 4168865.9, 2995800.8 ], [ 4168981.7, 2995792.9 ], [ 4169106.4, 2995809.6 ], [ 4169126.1, 2995804.8 ], [ 4169134.2, 2995792.8 ], [ 4169131.4, 2995775.1 ], [ 4169101.3, 2995760.1 ], [ 4169087.8, 2995732.9 ], [ 4169073.5, 2995725.7 ], [ 4169053.4, 2995678.4 ], [ 4169054.3, 2995632.3 ], [ 4169061.0, 2995626.2 ], [ 4169084.1, 2995687.7 ], [ 4169109.2, 2995712.8 ], [ 4169140.9, 2995712.4 ], [ 4169160.5, 2995727.0 ], [ 4169190.5, 2995714.2 ], [ 4169202.0, 2995731.2 ], [ 4169219.1, 2995735.4 ], [ 4169240.5, 2995728.8 ], [ 4169248.3, 2995708.7 ], [ 4169235.2, 2995691.6 ], [ 4169210.2, 2995686.2 ], [ 4169195.7, 2995693.1 ], [ 4169190.7, 2995684.1 ], [ 4169218.8, 2995657.9 ], [ 4169207.1, 2995618.1 ], [ 4169159.1, 2995596.9 ], [ 4169079.3, 2995602.8 ], [ 4169065.2, 2995611.4 ], [ 4169045.2, 2995589.3 ], [ 4169052.9, 2995564.4 ], [ 4169045.5, 2995547.9 ], [ 4168964.0, 2995526.5 ], [ 4168839.6, 2995542.3 ], [ 4168829.0, 2995504.8 ], [ 4168813.9, 2995495.1 ], [ 4168623.5, 2995531.1 ], [ 4168530.8, 2995539.7 ], [ 4168528.9, 2995390.1 ], [ 4168531.0, 2995384.2 ], [ 4168574.3, 2995385.5 ], [ 4168589.3, 2995377.2 ], [ 4168594.6, 2995346.0 ], [ 4168575.5, 2995331.8 ], [ 4168532.8, 2995347.5 ], [ 4168522.5, 2995362.0 ], [ 4168508.9, 2995357.6 ], [ 4168486.8, 2995364.8 ], [ 4168441.0, 2995392.4 ], [ 4168266.5, 2995417.5 ], [ 4168163.2, 2995470.8 ], [ 4168141.7, 2995471.6 ], [ 4167996.0, 2995432.9 ], [ 4167906.6, 2995482.0 ], [ 4167885.6, 2995479.5 ], [ 4167881.2, 2995467.7 ], [ 4167887.2, 2995455.6 ], [ 4167929.9, 2995437.8 ], [ 4167988.2, 2995376.8 ], [ 4168083.1, 2995348.1 ], [ 4168137.3, 2995315.3 ], [ 4168171.5, 2995265.7 ], [ 4168168.1, 2995248.4 ], [ 4168149.5, 2995238.9 ], [ 4168070.5, 2995273.8 ], [ 4167983.9, 2995271.2 ], [ 4167887.9, 2995300.8 ], [ 4167834.9, 2995297.3 ], [ 4167699.1, 2995268.5 ], [ 4167648.5, 2995271.6 ], [ 4167561.4, 2995305.9 ], [ 4167493.6, 2995287.4 ], [ 4167416.8, 2995289.7 ], [ 4167382.9, 2995308.1 ], [ 4167354.1, 2995342.2 ], [ 4167197.3, 2995379.5 ], [ 4167182.7, 2995390.0 ], [ 4167186.5, 2995417.1 ], [ 4167272.3, 2995488.6 ], [ 4167274.4, 2995503.4 ], [ 4167256.0, 2995523.1 ], [ 4167106.0, 2995486.4 ], [ 4167070.1, 2995494.5 ], [ 4166972.7, 2995542.1 ], [ 4166951.2, 2995619.9 ], [ 4166935.3, 2995629.0 ], [ 4166931.8, 2995647.0 ], [ 4167010.1, 2995722.6 ], [ 4167014.8, 2995871.0 ], [ 4167078.8, 2996046.2 ], [ 4167176.9, 2996161.2 ], [ 4167194.6, 2996227.2 ], [ 4167187.7, 2996303.3 ], [ 4167202.0, 2996331.9 ], [ 4167233.7, 2996333.6 ], [ 4167264.9, 2996447.0 ], [ 4167274.9, 2996456.3 ], [ 4167291.9, 2996456.9 ], [ 4167341.4, 2996501.5 ], [ 4167367.3, 2996512.4 ], [ 4167461.6, 2996645.7 ], [ 4167502.9, 2996686.0 ], [ 4167487.9, 2996704.3 ], [ 4167490.3, 2996722.3 ], [ 4167535.8, 2996768.3 ], [ 4167604.5, 2996815.8 ], [ 4167617.1, 2996864.9 ], [ 4167634.6, 2996870.3 ], [ 4167659.3, 2996863.1 ], [ 4167675.1, 2996901.5 ], [ 4167717.5, 2996956.1 ], [ 4167724.3, 2997067.5 ], [ 4167842.4, 2997277.9 ], [ 4167854.5, 2997331.9 ], [ 4167922.6, 2997371.3 ], [ 4167940.1, 2997389.0 ], [ 4167992.6, 2997461.3 ], [ 4167984.4, 2997498.9 ], [ 4167991.0, 2997515.5 ], [ 4168152.1, 2997671.6 ], [ 4168192.0, 2997697.4 ], [ 4168214.5, 2997693.4 ], [ 4168265.9, 2997630.7 ], [ 4168269.6, 2997585.2 ], [ 4168303.2, 2997619.1 ], [ 4168303.4, 2997633.4 ], [ 4168270.7, 2997702.2 ], [ 4168293.5, 2997748.9 ], [ 4168293.0, 2997804.1 ], [ 4168321.6, 2997843.4 ], [ 4168320.6, 2997864.6 ], [ 4168302.2, 2997905.5 ], [ 4168293.0, 2997987.4 ], [ 4168298.9, 2998004.7 ], [ 4168288.5, 2998045.7 ], [ 4168296.9, 2998065.4 ], [ 4168285.6, 2998141.6 ], [ 4168300.8, 2998187.2 ], [ 4168370.4, 2998291.8 ], [ 4168436.9, 2998369.7 ], [ 4168538.5, 2998451.0 ], [ 4168580.9, 2998466.8 ], [ 4168694.2, 2998538.0 ], [ 4168731.7, 2998589.9 ], [ 4168711.6, 2998626.9 ], [ 4168733.2, 2998650.7 ], [ 4168707.4, 2998685.1 ], [ 4168679.6, 2998675.0 ], [ 4168661.0, 2998683.2 ], [ 4168583.5, 2998834.8 ], [ 4168585.9, 2998896.6 ], [ 4168635.5, 2998970.3 ], [ 4168659.5, 2998971.8 ], [ 4168693.0, 2998933.3 ], [ 4168689.6, 2998915.5 ], [ 4168661.2, 2998891.8 ], [ 4168660.5, 2998875.6 ], [ 4168672.9, 2998863.0 ], [ 4168736.1, 2998840.9 ], [ 4168748.9, 2998870.4 ], [ 4168784.8, 2998874.8 ], [ 4168803.3, 2998900.8 ], [ 4168782.3, 2998945.1 ], [ 4168796.1, 2998962.0 ], [ 4168814.5, 2998960.8 ], [ 4168942.0, 2998858.8 ], [ 4168945.4, 2998845.1 ], [ 4168936.8, 2998826.8 ], [ 4168984.8, 2998747.4 ], [ 4168988.2, 2998725.4 ], [ 4169038.1, 2998682.0 ], [ 4169072.4, 2998673.6 ], [ 4169128.1, 2998681.3 ], [ 4169213.9, 2998706.0 ], [ 4169224.9, 2998748.9 ], [ 4169214.6, 2998786.6 ], [ 4169228.4, 2998838.5 ], [ 4169243.9, 2998852.5 ], [ 4169261.3, 2998849.5 ], [ 4169237.3, 2998933.7 ], [ 4169209.1, 2998962.3 ], [ 4169221.1, 2999032.8 ], [ 4169265.9, 2999047.2 ], [ 4169322.1, 2999024.5 ], [ 4169364.9, 2999029.9 ], [ 4169387.1, 2999057.6 ], [ 4169439.3, 2999158.8 ], [ 4169467.6, 2999195.7 ], [ 4169514.0, 2999230.6 ], [ 4169600.2, 2999242.9 ], [ 4169684.8, 2999219.3 ], [ 4169726.3, 2999234.5 ], [ 4169787.7, 2999296.8 ], [ 4169817.2, 2999360.0 ], [ 4169862.0, 2999397.2 ], [ 4169900.8, 2999414.7 ], [ 4170012.7, 2999428.4 ], [ 4170038.9, 2999445.1 ], [ 4170044.4, 2999470.0 ], [ 4170033.3, 2999540.6 ], [ 4170037.9, 2999561.6 ], [ 4170050.9, 2999574.8 ], [ 4170124.8, 2999591.5 ], [ 4170231.1, 2999579.5 ], [ 4170559.0, 2999595.8 ], [ 4170606.5, 2999586.9 ], [ 4170684.9, 2999549.1 ], [ 4170809.2, 2999519.6 ], [ 4170849.3, 2999529.3 ], [ 4170903.0, 2999563.9 ], [ 4170926.5, 2999599.0 ], [ 4170945.1, 2999666.4 ], [ 4170974.7, 2999690.7 ], [ 4171026.5, 2999696.9 ], [ 4171146.8, 2999671.2 ], [ 4171168.2, 2999693.4 ], [ 4171169.0, 2999709.6 ], [ 4171138.3, 2999757.1 ], [ 4171131.4, 2999797.9 ], [ 4171194.7, 3000054.8 ], [ 4171198.9, 3000111.9 ], [ 4171217.1, 3000146.4 ], [ 4171276.5, 3000202.6 ], [ 4171315.7, 3000216.5 ], [ 4171350.7, 3000207.1 ], [ 4171355.3, 3000193.0 ], [ 4171347.9, 3000170.8 ], [ 4171417.0, 3000135.6 ], [ 4171481.7, 3000127.5 ], [ 4171493.2, 3000144.3 ], [ 4171538.7, 3000157.7 ], [ 4171531.7, 3000192.5 ], [ 4171516.9, 3000212.3 ], [ 4171534.9, 3000296.9 ], [ 4171539.8, 3000417.8 ], [ 4171553.9, 3000434.0 ], [ 4171575.8, 3000430.5 ], [ 4171606.9, 3000487.2 ], [ 4171600.8, 3000547.4 ], [ 4171583.5, 3000593.8 ], [ 4171591.1, 3000634.3 ], [ 4171611.5, 3000640.1 ], [ 4171694.0, 3000615.3 ], [ 4171806.5, 3000640.6 ], [ 4171940.9, 3000740.0 ], [ 4172023.6, 3000778.3 ], [ 4172157.7, 3000718.3 ], [ 4172210.7, 3000712.5 ], [ 4172264.9, 3000721.0 ], [ 4172306.7, 3000737.3 ], [ 4172432.2, 3000837.6 ], [ 4172538.4, 3000860.9 ], [ 4172555.8, 3000877.7 ], [ 4172570.9, 3000942.2 ], [ 4172568.1, 3000963.9 ], [ 4172528.9, 3001038.7 ], [ 4172528.3, 3001065.3 ], [ 4172536.3, 3001080.3 ], [ 4172566.7, 3001105.1 ], [ 4172667.3, 3001073.5 ], [ 4172859.0, 3001086.5 ], [ 4172916.7, 3001156.5 ], [ 4172909.3, 3001169.6 ], [ 4172912.1, 3001184.3 ], [ 4172935.2, 3001205.3 ], [ 4172982.8, 3001281.7 ], [ 4173036.6, 3001347.2 ], [ 4173088.1, 3001569.4 ], [ 4173098.4, 3001592.9 ], [ 4173116.4, 3001608.3 ], [ 4173149.5, 3001605.6 ], [ 4173326.2, 3001512.3 ], [ 4173337.2, 3001486.8 ], [ 4173424.9, 3001442.2 ], [ 4173448.7, 3001445.6 ], [ 4173491.9, 3001412.4 ], [ 4173538.3, 3001403.1 ], [ 4173549.1, 3001386.0 ], [ 4173574.3, 3001396.5 ], [ 4173600.5, 3001421.4 ], [ 4173585.0, 3001483.3 ], [ 4173558.9, 3001529.4 ], [ 4173559.6, 3001546.5 ], [ 4173624.4, 3001606.5 ], [ 4173658.4, 3001623.4 ], [ 4173708.2, 3001626.5 ], [ 4173749.9, 3001700.0 ], [ 4173775.6, 3001795.5 ], [ 4173759.2, 3001813.8 ], [ 4173770.2, 3001855.7 ], [ 4173821.0, 3001958.7 ], [ 4173867.8, 3002003.6 ], [ 4173889.3, 3002004.7 ], [ 4173912.8, 3001994.1 ], [ 4173934.1, 3001974.5 ], [ 4173943.3, 3001953.0 ], [ 4173939.8, 3001906.9 ], [ 4173917.0, 3001817.5 ], [ 4173883.4, 3001745.0 ], [ 4173881.9, 3001720.9 ], [ 4173896.1, 3001703.2 ], [ 4173939.5, 3001691.8 ], [ 4173981.1, 3001699.0 ], [ 4174107.9, 3001776.5 ], [ 4174130.7, 3001782.9 ], [ 4174221.5, 3001746.3 ], [ 4174316.9, 3001689.4 ], [ 4174362.5, 3001684.2 ], [ 4174397.3, 3001702.6 ], [ 4174462.5, 3001756.3 ], [ 4174542.3, 3001798.4 ], [ 4174617.1, 3001868.8 ], [ 4174701.4, 3002074.4 ], [ 4174741.0, 3002106.5 ], [ 4174793.6, 3002126.3 ], [ 4174942.6, 3001989.6 ], [ 4175080.7, 3001922.5 ], [ 4175121.3, 3001910.3 ], [ 4175127.6, 3001886.6 ], [ 4175105.3, 3001862.9 ], [ 4175111.4, 3001842.8 ], [ 4175142.6, 3001807.7 ], [ 4175147.5, 3001777.5 ], [ 4175244.3, 3001688.1 ] ], [ [ 4173692.0, 3001425.3 ], [ 4173707.7, 3001410.4 ], [ 4173726.4, 3001431.6 ], [ 4173710.8, 3001445.0 ], [ 4173692.0, 3001425.3 ] ], [ [ 4176176.2, 3000629.8 ], [ 4176226.0, 3000601.0 ], [ 4176276.6, 3000597.5 ], [ 4176297.1, 3000608.3 ], [ 4176285.3, 3000642.6 ], [ 4176207.3, 3000671.4 ], [ 4176134.5, 3000667.6 ], [ 4176176.2, 3000629.8 ] ], [ [ 4176403.7, 3000496.2 ], [ 4176289.7, 3000430.4 ], [ 4176277.5, 3000377.3 ], [ 4176180.5, 3000332.3 ], [ 4176224.1, 3000278.4 ], [ 4176234.5, 3000212.8 ], [ 4176293.2, 3000236.3 ], [ 4176318.5, 3000237.4 ], [ 4176330.8, 3000229.7 ], [ 4176347.2, 3000122.4 ], [ 4176392.8, 3000122.2 ], [ 4176407.3, 3000107.3 ], [ 4176404.9, 3000089.9 ], [ 4176368.5, 3000050.4 ], [ 4176380.4, 3000036.6 ], [ 4176415.5, 3000021.0 ], [ 4176434.5, 2999984.5 ], [ 4176419.7, 2999956.7 ], [ 4176329.0, 2999880.0 ], [ 4176319.8, 2999846.0 ], [ 4176292.7, 2999811.2 ], [ 4176313.4, 2999776.2 ], [ 4176308.0, 2999755.3 ], [ 4176273.5, 2999736.9 ], [ 4176236.5, 2999695.6 ], [ 4176169.7, 2999656.6 ], [ 4176137.2, 2999627.5 ], [ 4176147.8, 2999616.1 ], [ 4176295.7, 2999724.8 ], [ 4176416.8, 2999761.2 ], [ 4176554.5, 2999844.1 ], [ 4176593.7, 2999885.5 ], [ 4176607.9, 2999883.9 ], [ 4176624.9, 2999868.2 ], [ 4176692.2, 2999750.5 ], [ 4176718.3, 2999778.0 ], [ 4176736.6, 2999785.2 ], [ 4176811.7, 2999741.3 ], [ 4176840.7, 2999740.9 ], [ 4176863.6, 2999794.7 ], [ 4176840.8, 2999796.0 ], [ 4176788.2, 2999822.7 ], [ 4176773.3, 2999817.2 ], [ 4176759.4, 2999821.8 ], [ 4176672.3, 2999959.7 ], [ 4176685.3, 2999981.1 ], [ 4176707.0, 2999978.9 ], [ 4176741.4, 3000083.1 ], [ 4176757.2, 3000091.8 ], [ 4176780.8, 3000084.0 ], [ 4176800.1, 3000132.2 ], [ 4176696.3, 3000103.4 ], [ 4176678.8, 3000058.8 ], [ 4176665.8, 3000051.3 ], [ 4176650.9, 3000053.9 ], [ 4176593.9, 3000092.7 ], [ 4176573.3, 3000130.4 ], [ 4176536.6, 3000265.3 ], [ 4176552.9, 3000350.7 ], [ 4176523.0, 3000361.9 ], [ 4176493.1, 3000305.1 ], [ 4176481.1, 3000297.1 ], [ 4176460.5, 3000302.3 ], [ 4176447.4, 3000333.0 ], [ 4176386.0, 3000302.4 ], [ 4176368.4, 3000301.6 ], [ 4176344.1, 3000327.6 ], [ 4176345.9, 3000347.7 ], [ 4176444.4, 3000407.9 ], [ 4176403.7, 3000475.1 ], [ 4176403.7, 3000496.2 ] ], [ [ 4176821.0, 3000154.2 ], [ 4176846.6, 3000129.6 ], [ 4176859.8, 3000067.0 ], [ 4176844.5, 3000016.7 ], [ 4176912.0, 3000100.1 ], [ 4176883.8, 3000121.3 ], [ 4176860.1, 3000169.8 ], [ 4176858.5, 3000184.8 ], [ 4176866.9, 3000197.3 ], [ 4176862.2, 3000224.2 ], [ 4176832.6, 3000204.8 ], [ 4176821.0, 3000154.2 ] ], [ [ 4176956.9, 3000040.9 ], [ 4176879.7, 2999971.4 ], [ 4176859.8, 2999871.1 ], [ 4176879.1, 2999860.4 ], [ 4176912.9, 2999886.3 ], [ 4176962.7, 2999958.0 ], [ 4177017.0, 3000017.0 ], [ 4176973.9, 3000008.6 ], [ 4176961.1, 3000020.2 ], [ 4176956.9, 3000040.9 ] ], [ [ 4173364.1, 2999707.6 ], [ 4173347.8, 2999711.6 ], [ 4173347.0, 2999706.3 ], [ 4173365.5, 2999676.8 ], [ 4173383.5, 2999663.6 ], [ 4173383.1, 2999689.1 ], [ 4173364.1, 2999707.6 ] ], [ [ 4175825.4, 2999852.5 ], [ 4175771.4, 2999851.5 ], [ 4175741.9, 2999841.6 ], [ 4175716.8, 2999819.0 ], [ 4175750.2, 2999780.5 ], [ 4175763.8, 2999734.8 ], [ 4175781.6, 2999740.8 ], [ 4175799.1, 2999798.6 ], [ 4175799.7, 2999832.6 ], [ 4175825.4, 2999852.5 ] ], [ [ 4175464.1, 3000015.9 ], [ 4175535.7, 3000122.5 ], [ 4175549.8, 3000193.2 ], [ 4175537.3, 3000222.2 ], [ 4175503.8, 3000122.0 ], [ 4175484.7, 3000087.4 ], [ 4175435.1, 3000024.6 ], [ 4175418.0, 3000017.9 ], [ 4175422.2, 2999931.9 ], [ 4175442.3, 2999921.5 ], [ 4175464.1, 3000015.9 ] ], [ [ 4176467.0, 2999566.9 ], [ 4176433.4, 2999493.9 ], [ 4176426.4, 2999379.9 ], [ 4176566.4, 2999440.2 ], [ 4176617.0, 2999537.7 ], [ 4176467.0, 2999566.9 ] ], [ [ 4170461.2, 2999231.4 ], [ 4170494.6, 2999207.8 ], [ 4170497.0, 2999184.6 ], [ 4170641.9, 2999170.1 ], [ 4170652.7, 2999182.1 ], [ 4170533.2, 2999257.6 ], [ 4170482.1, 2999256.2 ], [ 4170457.1, 2999247.1 ], [ 4170461.2, 2999231.4 ] ], [ [ 4176752.9, 2998959.1 ], [ 4176788.5, 2998939.5 ], [ 4176805.4, 2998949.0 ], [ 4176806.9, 2998963.2 ], [ 4176784.5, 2998976.2 ], [ 4176761.5, 2998968.6 ], [ 4176752.9, 2998959.1 ] ], [ [ 4175038.4, 2998867.5 ], [ 4174878.9, 2998820.8 ], [ 4174833.8, 2998791.9 ], [ 4174819.6, 2998772.1 ], [ 4174733.6, 2998744.1 ], [ 4174699.3, 2998720.8 ], [ 4174686.0, 2998696.8 ], [ 4174643.0, 2998662.2 ], [ 4174632.1, 2998636.7 ], [ 4174610.6, 2998628.4 ], [ 4174553.6, 2998572.2 ], [ 4174520.1, 2998551.3 ], [ 4174452.4, 2998406.9 ], [ 4174419.6, 2998378.2 ], [ 4174355.4, 2998282.4 ], [ 4174357.5, 2998266.2 ], [ 4174338.4, 2998228.2 ], [ 4174330.8, 2998171.9 ], [ 4174316.0, 2998158.2 ], [ 4174278.0, 2997983.2 ], [ 4174273.5, 2997955.8 ], [ 4174280.8, 2997930.8 ], [ 4174219.1, 2997828.5 ], [ 4174169.4, 2997786.5 ], [ 4174089.8, 2997510.7 ], [ 4174125.2, 2997525.2 ], [ 4174135.5, 2997538.5 ], [ 4174170.3, 2997685.8 ], [ 4174168.6, 2997709.7 ], [ 4174214.6, 2997751.7 ], [ 4174301.4, 2997883.1 ], [ 4174321.0, 2997982.6 ], [ 4174334.7, 2998007.7 ], [ 4174320.7, 2998026.4 ], [ 4174320.6, 2998049.3 ], [ 4174346.1, 2998077.6 ], [ 4174375.2, 2998087.2 ], [ 4174403.2, 2998144.6 ], [ 4174408.1, 2998232.6 ], [ 4174401.7, 2998257.7 ], [ 4174411.0, 2998272.6 ], [ 4174415.6, 2998320.0 ], [ 4174446.2, 2998338.7 ], [ 4174465.0, 2998335.7 ], [ 4174511.3, 2998380.7 ], [ 4174517.2, 2998403.4 ], [ 4174540.6, 2998430.6 ], [ 4174536.8, 2998456.2 ], [ 4174563.0, 2998491.7 ], [ 4174568.9, 2998524.9 ], [ 4174602.9, 2998553.2 ], [ 4174607.6, 2998570.3 ], [ 4174650.2, 2998620.7 ], [ 4174692.5, 2998638.2 ], [ 4174722.0, 2998672.9 ], [ 4174757.0, 2998682.6 ], [ 4174848.8, 2998736.0 ], [ 4174867.4, 2998754.4 ], [ 4174905.5, 2998767.0 ], [ 4174924.8, 2998789.2 ], [ 4175011.4, 2998804.5 ], [ 4175042.6, 2998823.8 ], [ 4175071.4, 2998816.8 ], [ 4175088.1, 2998803.5 ], [ 4175123.4, 2998686.6 ], [ 4175137.5, 2998560.4 ], [ 4175164.6, 2998497.0 ], [ 4175193.1, 2998436.4 ], [ 4175212.8, 2998414.0 ], [ 4175283.6, 2998362.1 ], [ 4175352.2, 2998335.2 ], [ 4175372.2, 2998320.2 ], [ 4175512.6, 2998294.9 ], [ 4175535.3, 2998299.8 ], [ 4175566.5, 2998272.4 ], [ 4175603.0, 2998266.7 ], [ 4175645.7, 2998291.4 ], [ 4175657.0, 2998318.0 ], [ 4175690.3, 2998347.0 ], [ 4175721.2, 2998392.0 ], [ 4175597.0, 2998351.1 ], [ 4175469.9, 2998336.7 ], [ 4175400.8, 2998379.0 ], [ 4175313.4, 2998388.2 ], [ 4175271.7, 2998433.2 ], [ 4175235.6, 2998447.0 ], [ 4175211.0, 2998478.1 ], [ 4175220.8, 2998524.8 ], [ 4175213.8, 2998575.0 ], [ 4175198.5, 2998589.7 ], [ 4175193.0, 2998645.3 ], [ 4175153.2, 2998738.1 ], [ 4175152.1, 2998759.6 ], [ 4175131.9, 2998789.8 ], [ 4175089.7, 2998818.4 ], [ 4175098.5, 2998861.4 ], [ 4175093.6, 2998868.1 ], [ 4175038.4, 2998867.5 ] ], [ [ 4178735.5, 2998299.5 ], [ 4179003.4, 2998043.8 ], [ 4179151.3, 2998083.4 ], [ 4179082.1, 2998179.5 ], [ 4178961.7, 2998298.1 ], [ 4178965.3, 2998322.7 ], [ 4179022.5, 2998354.4 ], [ 4178989.4, 2998440.9 ], [ 4178879.5, 2998385.2 ], [ 4178827.4, 2998426.8 ], [ 4178705.2, 2998340.8 ], [ 4178735.5, 2998299.5 ] ], [ [ 4178810.2, 2998015.6 ], [ 4178734.9, 2998081.7 ], [ 4178647.3, 2998033.6 ], [ 4178626.5, 2998029.4 ], [ 4178619.7, 2998000.5 ], [ 4178701.4, 2997921.2 ], [ 4178810.2, 2998015.6 ] ], [ [ 4175690.7, 2998066.6 ], [ 4175690.2, 2998082.8 ], [ 4175675.4, 2998093.4 ], [ 4175661.6, 2998136.1 ], [ 4175661.2, 2998172.3 ], [ 4175613.1, 2998200.3 ], [ 4175594.0, 2998185.4 ], [ 4175585.2, 2998149.4 ], [ 4175629.1, 2998115.2 ], [ 4175681.4, 2997975.2 ], [ 4175726.2, 2997909.6 ], [ 4175698.6, 2997697.8 ], [ 4175733.2, 2997612.0 ], [ 4175729.4, 2997529.9 ], [ 4175715.6, 2997512.4 ], [ 4175753.7, 2997453.2 ], [ 4175801.0, 2997412.4 ], [ 4175904.2, 2997369.2 ], [ 4175948.6, 2997334.5 ], [ 4176080.2, 2997308.6 ], [ 4176144.3, 2997319.9 ], [ 4176161.0, 2997344.7 ], [ 4176086.3, 2997349.8 ], [ 4175983.7, 2997383.2 ], [ 4175932.1, 2997379.2 ], [ 4175917.7, 2997392.2 ], [ 4175859.7, 2997413.9 ], [ 4175837.7, 2997444.9 ], [ 4175810.9, 2997454.0 ], [ 4175772.0, 2997488.7 ], [ 4175748.4, 2997530.2 ], [ 4175755.1, 2997589.7 ], [ 4175740.8, 2997625.4 ], [ 4175736.2, 2997668.0 ], [ 4175737.5, 2997687.6 ], [ 4175752.9, 2997708.6 ], [ 4175746.2, 2997789.4 ], [ 4175756.0, 2997804.6 ], [ 4175770.4, 2997808.3 ], [ 4175766.5, 2997903.0 ], [ 4175690.7, 2998066.6 ] ], [ [ 4179354.9, 2997878.0 ], [ 4179472.1, 2997861.3 ], [ 4179473.5, 2997877.6 ], [ 4179448.0, 2997924.2 ], [ 4179454.7, 2997980.8 ], [ 4179449.3, 2998003.9 ], [ 4179428.8, 2998019.8 ], [ 4179430.8, 2997995.6 ], [ 4179354.9, 2997878.0 ] ], [ [ 4179549.5, 2997863.5 ], [ 4179589.2, 2997878.1 ], [ 4179640.9, 2997918.1 ], [ 4179672.0, 2997956.2 ], [ 4179577.5, 2998002.7 ], [ 4179539.2, 2997995.9 ], [ 4179519.1, 2997979.7 ], [ 4179513.1, 2997944.7 ], [ 4179549.5, 2997863.5 ] ], [ [ 4178529.4, 2997781.1 ], [ 4178526.9, 2997716.3 ], [ 4178578.2, 2997692.1 ], [ 4178624.9, 2997658.4 ], [ 4178631.4, 2997642.5 ], [ 4178718.6, 2997595.1 ], [ 4178718.6, 2997662.4 ], [ 4178668.1, 2997752.0 ], [ 4178529.4, 2997781.1 ] ], [ [ 4177999.4, 2997721.0 ], [ 4177964.7, 2997701.0 ], [ 4177779.1, 2997455.2 ], [ 4177757.7, 2997453.3 ], [ 4177682.3, 2997491.0 ], [ 4177647.1, 2997487.4 ], [ 4177625.8, 2997475.4 ], [ 4177567.1, 2997499.5 ], [ 4177526.8, 2997412.7 ], [ 4177761.6, 2997311.1 ], [ 4177771.3, 2997296.1 ], [ 4177769.5, 2997255.3 ], [ 4177792.2, 2997247.2 ], [ 4177891.2, 2997164.4 ], [ 4177899.5, 2997143.0 ], [ 4177930.0, 2997117.1 ], [ 4177967.2, 2997165.6 ], [ 4177995.8, 2997162.2 ], [ 4178014.6, 2997173.7 ], [ 4178028.5, 2997169.3 ], [ 4178051.5, 2997195.3 ], [ 4178076.6, 2997190.0 ], [ 4178086.0, 2997219.2 ], [ 4178104.9, 2997228.5 ], [ 4178139.7, 2997215.9 ], [ 4178205.4, 2997172.1 ], [ 4178199.1, 2997147.8 ], [ 4178172.5, 2997138.4 ], [ 4178087.2, 2997176.5 ], [ 4178090.4, 2997134.0 ], [ 4178110.4, 2997118.8 ], [ 4178123.8, 2997082.5 ], [ 4178156.8, 2997062.4 ], [ 4178180.1, 2997096.9 ], [ 4178241.1, 2997110.8 ], [ 4178264.9, 2997136.2 ], [ 4178282.2, 2997133.0 ], [ 4178318.1, 2997104.0 ], [ 4178316.3, 2997076.4 ], [ 4178297.6, 2997067.5 ], [ 4178278.8, 2997077.5 ], [ 4178261.5, 2997033.4 ], [ 4178192.5, 2996953.6 ], [ 4178175.7, 2996946.3 ], [ 4178126.9, 2996964.8 ], [ 4178074.3, 2996945.0 ], [ 4178031.0, 2996945.9 ], [ 4177953.7, 2996975.5 ], [ 4177798.4, 2997058.0 ], [ 4177685.2, 2997081.5 ], [ 4177759.6, 2996910.6 ], [ 4177795.6, 2996921.1 ], [ 4177809.7, 2996918.1 ], [ 4177841.6, 2996868.3 ], [ 4178085.1, 2996919.5 ], [ 4178106.6, 2996911.8 ], [ 4178149.1, 2996838.7 ], [ 4178147.8, 2996820.5 ], [ 4178086.9, 2996738.7 ], [ 4178020.1, 2996730.2 ], [ 4178070.1, 2996620.7 ], [ 4178092.5, 2996657.2 ], [ 4178104.9, 2996664.5 ], [ 4178119.1, 2996662.6 ], [ 4178137.0, 2996645.8 ], [ 4178169.2, 2996644.3 ], [ 4178172.3, 2996686.6 ], [ 4178130.5, 2996736.9 ], [ 4178134.2, 2996761.2 ], [ 4178330.2, 2996862.0 ], [ 4178376.3, 2996909.0 ], [ 4178384.9, 2996947.7 ], [ 4178468.7, 2997046.6 ], [ 4178521.9, 2997186.1 ], [ 4178601.5, 2997241.0 ], [ 4178557.4, 2997278.1 ], [ 4178553.4, 2997322.6 ], [ 4178570.9, 2997354.4 ], [ 4178451.9, 2997403.2 ], [ 4178414.1, 2997393.0 ], [ 4178242.6, 2997491.0 ], [ 4178231.8, 2997513.2 ], [ 4178251.6, 2997538.3 ], [ 4178156.4, 2997599.8 ], [ 4178149.2, 2997615.8 ], [ 4178155.1, 2997633.0 ], [ 4177999.4, 2997721.0 ] ], [ [ 4181104.4, 2996841.7 ], [ 4181125.8, 2996808.8 ], [ 4181179.3, 2996815.2 ], [ 4181192.9, 2996846.4 ], [ 4181242.6, 2996870.7 ], [ 4181260.0, 2996894.8 ], [ 4181268.5, 2996979.5 ], [ 4181211.6, 2996992.5 ], [ 4181093.7, 2996981.1 ], [ 4181093.4, 2996933.0 ], [ 4181113.1, 2996878.3 ], [ 4181104.4, 2996841.7 ] ], [ [ 4172257.2, 2996659.8 ], [ 4172185.8, 2996658.2 ], [ 4172145.1, 2996634.9 ], [ 4172136.1, 2996586.9 ], [ 4172157.0, 2996557.4 ], [ 4172177.8, 2996570.9 ], [ 4172218.1, 2996563.4 ], [ 4172252.5, 2996585.9 ], [ 4172266.6, 2996624.2 ], [ 4172257.2, 2996659.8 ] ], [ [ 4176090.0, 2996717.0 ], [ 4176096.0, 2996758.2 ], [ 4176025.8, 2996773.8 ], [ 4175895.7, 2996862.2 ], [ 4175837.6, 2996877.4 ], [ 4175830.3, 2996864.8 ], [ 4175838.6, 2996847.9 ], [ 4175874.2, 2996834.4 ], [ 4175887.0, 2996811.2 ], [ 4175928.9, 2996806.4 ], [ 4175941.5, 2996782.2 ], [ 4175964.7, 2996769.1 ], [ 4175969.9, 2996753.0 ], [ 4175991.5, 2996749.3 ], [ 4176037.3, 2996719.6 ], [ 4176060.2, 2996724.0 ], [ 4176090.0, 2996717.0 ] ], [ [ 4174493.7, 2996961.9 ], [ 4174441.3, 2996975.6 ], [ 4174465.8, 2996922.3 ], [ 4174493.7, 2996961.9 ] ], [ [ 4173981.7, 2996926.7 ], [ 4174034.5, 2996995.3 ], [ 4173988.5, 2997032.9 ], [ 4173951.5, 2996947.8 ], [ 4173981.7, 2996926.7 ] ], [ [ 4173424.3, 2997067.8 ], [ 4173468.1, 2997080.5 ], [ 4173467.2, 2997087.8 ], [ 4173411.5, 2997112.3 ], [ 4173349.6, 2997124.1 ], [ 4173342.2, 2997119.4 ], [ 4173356.5, 2997104.2 ], [ 4173357.9, 2997078.9 ], [ 4173424.3, 2997067.8 ] ], [ [ 4173325.3, 2997118.6 ], [ 4173309.5, 2997149.2 ], [ 4173261.9, 2997174.3 ], [ 4173240.0, 2997197.2 ], [ 4173211.9, 2997210.8 ], [ 4173187.4, 2997212.4 ], [ 4173170.4, 2997195.7 ], [ 4173171.1, 2997178.8 ], [ 4173154.3, 2997156.1 ], [ 4173152.4, 2997125.7 ], [ 4173182.4, 2997133.3 ], [ 4173249.0, 2997111.6 ], [ 4173308.3, 2997075.7 ], [ 4173313.9, 2997106.4 ], [ 4173325.3, 2997118.6 ] ], [ [ 4173659.3, 2997313.8 ], [ 4173602.3, 2997168.1 ], [ 4173574.1, 2997125.9 ], [ 4173598.1, 2997096.9 ], [ 4173676.2, 2997155.9 ], [ 4173700.7, 2997162.8 ], [ 4173701.6, 2997216.2 ], [ 4173753.0, 2997278.5 ], [ 4173845.6, 2997335.5 ], [ 4173886.5, 2997411.8 ], [ 4173826.2, 2997419.2 ], [ 4173798.9, 2997386.8 ], [ 4173757.1, 2997360.4 ], [ 4173678.9, 2997336.0 ], [ 4173659.3, 2997313.8 ] ], [ [ 4177540.9, 2997137.4 ], [ 4177609.5, 2997073.4 ], [ 4177670.5, 2997136.4 ], [ 4177697.9, 2997181.9 ], [ 4177635.5, 2997232.2 ], [ 4177579.6, 2997231.7 ], [ 4177524.7, 2997217.9 ], [ 4177540.9, 2997137.4 ] ], [ [ 4175142.0, 2997687.5 ], [ 4175065.6, 2997778.5 ], [ 4175021.1, 2997719.6 ], [ 4175109.8, 2997648.1 ], [ 4175142.0, 2997687.5 ] ], [ [ 4169551.0, 2997843.3 ], [ 4169498.8, 2997938.7 ], [ 4169424.8, 2997868.0 ], [ 4169483.8, 2997805.9 ], [ 4169551.0, 2997843.3 ] ], [ [ 4169033.0, 2998137.7 ], [ 4169058.7, 2998152.8 ], [ 4169062.8, 2998183.8 ], [ 4169049.6, 2998219.6 ], [ 4169013.4, 2998234.3 ], [ 4168962.6, 2998185.9 ], [ 4168978.8, 2998159.3 ], [ 4169033.0, 2998137.7 ] ], [ [ 4173673.0, 2998170.1 ], [ 4173702.3, 2998137.8 ], [ 4173735.7, 2998177.1 ], [ 4173729.5, 2998246.6 ], [ 4173673.0, 2998170.1 ] ], [ [ 4181442.2, 2996432.4 ], [ 4181332.6, 2996387.1 ], [ 4181330.4, 2996359.6 ], [ 4181368.4, 2996357.9 ], [ 4181388.7, 2996312.1 ], [ 4181409.2, 2996323.9 ], [ 4181427.4, 2996320.5 ], [ 4181436.6, 2996304.5 ], [ 4181426.6, 2996261.9 ], [ 4181430.7, 2996250.4 ], [ 4181446.7, 2996242.1 ], [ 4181480.7, 2996243.3 ], [ 4181460.8, 2996383.3 ], [ 4181442.2, 2996432.4 ] ], [ [ 4182352.4, 2996343.3 ], [ 4182196.9, 2996179.7 ], [ 4182250.8, 2996143.2 ], [ 4182310.1, 2996165.2 ], [ 4182326.1, 2996163.8 ], [ 4182597.2, 2995975.1 ], [ 4182605.6, 2995950.3 ], [ 4182567.3, 2995896.1 ], [ 4182698.6, 2995788.4 ], [ 4182831.8, 2995949.5 ], [ 4182705.7, 2996028.6 ], [ 4182703.9, 2996046.6 ], [ 4182745.7, 2996124.2 ], [ 4182485.4, 2996287.2 ], [ 4182462.6, 2996282.5 ], [ 4182352.4, 2996343.3 ] ], [ [ 4181678.7, 2995911.5 ], [ 4181654.0, 2995942.3 ], [ 4181615.8, 2995937.7 ], [ 4181561.8, 2995970.7 ], [ 4181525.6, 2995980.5 ], [ 4181512.3, 2995961.1 ], [ 4181487.5, 2995963.7 ], [ 4181458.6, 2996039.5 ], [ 4181468.5, 2996082.9 ], [ 4181490.6, 2996097.1 ], [ 4181473.6, 2996148.3 ], [ 4181423.1, 2996193.2 ], [ 4181383.2, 2996192.8 ], [ 4181394.5, 2996125.6 ], [ 4181428.3, 2996104.3 ], [ 4181439.3, 2996085.2 ], [ 4181432.3, 2995942.2 ], [ 4181564.6, 2995886.7 ], [ 4181680.8, 2995805.8 ], [ 4181741.2, 2995898.4 ], [ 4181678.7, 2995911.5 ] ], [ [ 4179016.5, 2995813.9 ], [ 4178999.9, 2995855.6 ], [ 4178975.8, 2995854.5 ], [ 4178956.0, 2995829.5 ], [ 4178959.2, 2995811.0 ], [ 4178945.2, 2995788.7 ], [ 4178979.2, 2995792.0 ], [ 4179016.5, 2995813.9 ] ], [ [ 4171606.9, 2996126.0 ], [ 4171632.3, 2996135.4 ], [ 4171682.2, 2996132.5 ], [ 4171667.8, 2996167.4 ], [ 4171611.0, 2996196.4 ], [ 4171595.3, 2996232.8 ], [ 4171560.5, 2996219.7 ], [ 4171606.9, 2996126.0 ] ], [ [ 4173464.4, 2996316.6 ], [ 4173472.6, 2996162.5 ], [ 4173596.6, 2996167.1 ], [ 4173594.3, 2996253.0 ], [ 4173538.4, 2996303.8 ], [ 4173499.9, 2996301.6 ], [ 4173464.4, 2996316.6 ] ], [ [ 4174104.0, 2996377.7 ], [ 4174109.2, 2996275.9 ], [ 4174169.8, 2996261.4 ], [ 4174198.0, 2996378.7 ], [ 4174122.5, 2996412.8 ], [ 4174104.0, 2996377.7 ] ], [ [ 4176180.4, 2996391.8 ], [ 4176230.3, 2996369.8 ], [ 4176227.4, 2996403.3 ], [ 4176201.0, 2996426.1 ], [ 4176180.4, 2996391.8 ] ], [ [ 4176540.3, 2996308.3 ], [ 4176552.4, 2996303.5 ], [ 4176572.0, 2996321.9 ], [ 4176563.4, 2996343.7 ], [ 4176548.0, 2996333.9 ], [ 4176540.3, 2996308.3 ] ], [ [ 4180424.4, 2995333.3 ], [ 4180429.4, 2995275.2 ], [ 4180447.6, 2995292.6 ], [ 4180468.4, 2995287.8 ], [ 4180512.1, 2995208.6 ], [ 4180517.0, 2995136.5 ], [ 4180530.6, 2995085.6 ], [ 4180672.8, 2995027.6 ], [ 4180728.3, 2994988.2 ], [ 4180752.0, 2994981.0 ], [ 4180768.1, 2994990.2 ], [ 4180781.8, 2994988.1 ], [ 4180814.0, 2994943.8 ], [ 4180821.5, 2994876.3 ], [ 4180806.4, 2994827.3 ], [ 4180815.0, 2994807.7 ], [ 4180772.2, 2994728.6 ], [ 4180773.2, 2994676.9 ], [ 4180811.6, 2994681.7 ], [ 4180829.8, 2994670.9 ], [ 4180834.3, 2994609.2 ], [ 4180853.3, 2994543.1 ], [ 4180874.3, 2994525.2 ], [ 4180921.6, 2994408.4 ], [ 4180976.1, 2994433.5 ], [ 4180938.5, 2994472.7 ], [ 4180906.7, 2994524.8 ], [ 4180894.5, 2994624.0 ], [ 4180902.7, 2994699.6 ], [ 4180958.6, 2994756.1 ], [ 4180944.0, 2994793.5 ], [ 4180899.2, 2994858.6 ], [ 4180894.0, 2994886.9 ], [ 4180865.3, 2994909.7 ], [ 4180812.2, 2995003.6 ], [ 4180770.1, 2995051.8 ], [ 4180770.7, 2995093.0 ], [ 4180734.4, 2995132.0 ], [ 4180651.2, 2995186.2 ], [ 4180637.4, 2995220.0 ], [ 4180647.1, 2995263.3 ], [ 4180617.8, 2995283.2 ], [ 4180607.4, 2995300.2 ], [ 4180599.8, 2995394.8 ], [ 4180577.2, 2995439.7 ], [ 4180507.8, 2995490.3 ], [ 4180453.5, 2995500.8 ], [ 4180424.2, 2995480.5 ], [ 4180494.0, 2995387.5 ], [ 4180481.6, 2995342.9 ], [ 4180424.4, 2995333.3 ] ], [ [ 4181178.0, 2994420.8 ], [ 4181141.8, 2994388.3 ], [ 4181193.0, 2994319.0 ], [ 4181191.0, 2994301.1 ], [ 4181176.3, 2994290.7 ], [ 4181161.9, 2994292.7 ], [ 4181111.0, 2994331.2 ], [ 4181105.7, 2994352.2 ], [ 4181045.2, 2994408.9 ], [ 4180948.4, 2994371.8 ], [ 4180931.7, 2994371.7 ], [ 4180896.6, 2994346.9 ], [ 4180879.4, 2994248.6 ], [ 4180924.8, 2994121.4 ], [ 4180913.1, 2994107.3 ], [ 4180859.2, 2994086.3 ], [ 4180796.0, 2994139.2 ], [ 4180783.5, 2994123.4 ], [ 4180834.6, 2994057.2 ], [ 4180853.9, 2994075.7 ], [ 4180870.9, 2994079.3 ], [ 4180904.1, 2994048.4 ], [ 4180963.1, 2994021.0 ], [ 4180970.9, 2994058.5 ], [ 4180994.0, 2994066.6 ], [ 4181009.5, 2994055.7 ], [ 4181093.0, 2994034.9 ], [ 4181139.4, 2993987.6 ], [ 4181182.2, 2993996.6 ], [ 4181183.1, 2994024.4 ], [ 4181197.7, 2994048.2 ], [ 4181216.8, 2994066.3 ], [ 4181230.6, 2994069.1 ], [ 4181245.6, 2994060.1 ], [ 4181277.4, 2994003.3 ], [ 4181409.3, 2994154.9 ], [ 4181363.8, 2994169.8 ], [ 4181330.5, 2994206.0 ], [ 4181178.0, 2994420.8 ] ], [ [ 4180711.2, 2994009.3 ], [ 4180607.2, 2994125.8 ], [ 4180560.0, 2994071.5 ], [ 4180620.6, 2994036.6 ], [ 4180623.5, 2993964.2 ], [ 4180693.3, 2993922.6 ], [ 4180718.3, 2993960.0 ], [ 4180702.1, 2993986.0 ], [ 4180711.2, 2994009.3 ] ], [ [ 4181070.0, 2993927.7 ], [ 4181048.3, 2993891.4 ], [ 4181098.7, 2993862.9 ], [ 4181124.2, 2993905.4 ], [ 4181070.0, 2993927.7 ] ], [ [ 4178835.4, 2994851.1 ], [ 4178817.9, 2994922.4 ], [ 4178769.2, 2994910.8 ], [ 4178780.9, 2994844.3 ], [ 4178835.4, 2994851.1 ] ], [ [ 4174732.5, 2994907.3 ], [ 4174671.9, 2994931.8 ], [ 4174664.8, 2994958.2 ], [ 4174642.4, 2994988.9 ], [ 4174635.8, 2995058.0 ], [ 4174642.3, 2995130.4 ], [ 4174524.1, 2995128.6 ], [ 4174533.7, 2995033.8 ], [ 4174638.8, 2994849.3 ], [ 4174660.9, 2994846.6 ], [ 4174732.5, 2994907.3 ] ], [ [ 4174268.2, 2995264.5 ], [ 4174252.3, 2995271.0 ], [ 4174253.9, 2995251.8 ], [ 4174262.3, 2995245.8 ], [ 4174271.7, 2995254.2 ], [ 4174268.2, 2995264.5 ] ], [ [ 4174486.1, 2993260.2 ], [ 4174563.0, 2993255.0 ], [ 4174614.2, 2993360.0 ], [ 4174573.4, 2993374.6 ], [ 4174550.4, 2993370.2 ], [ 4174519.5, 2993295.3 ], [ 4174486.1, 2993260.2 ] ], [ [ 4178270.7, 2993308.4 ], [ 4178160.2, 2993261.4 ], [ 4178138.1, 2993268.5 ], [ 4178127.5, 2993302.8 ], [ 4178009.9, 2993255.4 ], [ 4178032.0, 2993126.1 ], [ 4178114.0, 2993158.8 ], [ 4178138.1, 2993147.9 ], [ 4178142.0, 2993118.0 ], [ 4178122.9, 2993101.5 ], [ 4178122.5, 2993068.1 ], [ 4178133.9, 2993027.5 ], [ 4178189.0, 2993039.6 ], [ 4178396.2, 2993137.0 ], [ 4178270.7, 2993308.4 ] ], [ [ 4174498.8, 2993126.0 ], [ 4174541.5, 2993211.8 ], [ 4174488.0, 2993214.3 ], [ 4174470.2, 2993205.4 ], [ 4174415.2, 2993199.5 ], [ 4174381.3, 2993146.7 ], [ 4174388.8, 2993088.0 ], [ 4174498.8, 2993126.0 ] ], [ [ 4177158.1, 2992783.0 ], [ 4177210.3, 2992742.9 ], [ 4177238.6, 2992775.1 ], [ 4177245.5, 2992799.3 ], [ 4177270.5, 2992801.2 ], [ 4177290.7, 2992761.2 ], [ 4177251.6, 2992711.1 ], [ 4177298.7, 2992697.0 ], [ 4177303.8, 2992682.9 ], [ 4177296.1, 2992663.7 ], [ 4177351.3, 2992617.4 ], [ 4177380.4, 2992564.6 ], [ 4177443.8, 2992506.0 ], [ 4177462.3, 2992534.0 ], [ 4177493.6, 2992559.1 ], [ 4177483.3, 2992580.0 ], [ 4177492.1, 2992598.4 ], [ 4177395.8, 2992672.5 ], [ 4177246.9, 2992900.1 ], [ 4177158.1, 2992783.0 ] ], [ [ 4177012.4, 2992440.7 ], [ 4176944.7, 2992515.9 ], [ 4176930.1, 2992510.2 ], [ 4176913.3, 2992517.7 ], [ 4176897.0, 2992572.9 ], [ 4176878.6, 2992554.1 ], [ 4176857.9, 2992558.1 ], [ 4176838.2, 2992599.1 ], [ 4176813.1, 2992615.0 ], [ 4176779.9, 2992664.4 ], [ 4176734.1, 2992642.3 ], [ 4176788.4, 2992534.6 ], [ 4176885.2, 2992462.9 ], [ 4176907.3, 2992493.7 ], [ 4176930.8, 2992492.9 ], [ 4176981.2, 2992413.8 ], [ 4177012.4, 2992440.7 ] ], [ [ 4175531.4, 2991303.5 ], [ 4175512.2, 2991305.1 ], [ 4175486.1, 2991270.9 ], [ 4175493.0, 2991240.2 ], [ 4175591.5, 2991241.1 ], [ 4175601.9, 2991303.3 ], [ 4175552.7, 2991313.8 ], [ 4175531.4, 2991303.5 ] ], [ [ 4177472.7, 2992145.2 ], [ 4177465.5, 2992125.0 ], [ 4177511.7, 2992101.5 ], [ 4177519.7, 2992130.5 ], [ 4177472.7, 2992145.2 ] ], [ [ 4179008.4, 2998789.4 ], [ 4178933.6, 2998809.9 ], [ 4178905.1, 2998768.7 ], [ 4178889.5, 2998715.8 ], [ 4178917.0, 2998613.6 ], [ 4178945.7, 2998649.5 ], [ 4178944.9, 2998720.7 ], [ 4179008.4, 2998789.4 ] ], [ [ 4177618.9, 3000343.6 ], [ 4177751.4, 3000285.9 ], [ 4177788.9, 3000301.5 ], [ 4177791.5, 3000316.3 ], [ 4177787.1, 3000327.7 ], [ 4177632.0, 3000407.5 ], [ 4177618.9, 3000343.6 ] ] ] } },
{ "type": "Feature", "properties": { "id": "forest_72836", "state": "Rheinland-Pfalz", "area_ha": 5364.28, "unfragmented": true, "image": "forest_72836.webp", "real_width_m": 7660.5, "real_height_m": 11646.9, "pixel_width": 766, "pixel_height": 1164, "centroid_x": 4106120.5, "centroid_y": 3039982.2 }, "geometry": { "type": "Polygon", "coordinates": [ [ [ 4106542.9, 3045887.4 ], [ 4106582.5, 3045877.9 ], [ 4106686.3, 3045717.4 ], [ 4106759.8, 3045702.6 ], [ 4106807.9, 3045709.9 ], [ 4106892.2, 3045691.1 ], [ 4106926.9, 3045678.4 ], [ 4106936.0, 3045661.0 ], [ 4107007.0, 3045611.8 ], [ 4107007.2, 3045593.8 ], [ 4106994.8, 3045581.8 ], [ 4107009.9, 3045482.6 ], [ 4107006.6, 3045423.0 ], [ 4106985.9, 3045353.8 ], [ 4106994.4, 3045317.2 ], [ 4106985.0, 3045230.6 ], [ 4106996.4, 3045162.4 ], [ 4107019.1, 3045148.4 ], [ 4107030.7, 3045091.4 ], [ 4107048.3, 3045078.7 ], [ 4107070.5, 3044998.1 ], [ 4107120.3, 3044905.0 ], [ 4107113.5, 3044862.0 ], [ 4107102.3, 3044848.6 ], [ 4107101.2, 3044806.9 ], [ 4107066.7, 3044779.2 ], [ 4107075.4, 3044762.7 ], [ 4107071.6, 3044744.9 ], [ 4107116.1, 3044703.5 ], [ 4107125.8, 3044655.9 ], [ 4107151.7, 3044623.0 ], [ 4107138.6, 3044524.2 ], [ 4107150.5, 3044483.7 ], [ 4107142.3, 3044467.2 ], [ 4107081.9, 3044430.6 ], [ 4107147.0, 3044421.8 ], [ 4107158.5, 3044413.5 ], [ 4107162.2, 3044396.4 ], [ 4107148.7, 3044352.0 ], [ 4107227.9, 3044345.5 ], [ 4107229.8, 3044384.6 ], [ 4107277.5, 3044589.2 ], [ 4107296.7, 3044716.9 ], [ 4107290.5, 3044790.0 ], [ 4107159.1, 3045020.4 ], [ 4107146.1, 3045065.2 ], [ 4107149.6, 3045098.4 ], [ 4107125.7, 3045223.7 ], [ 4107150.0, 3045285.5 ], [ 4107190.8, 3045286.2 ], [ 4107245.1, 3045424.8 ], [ 4107258.6, 3045437.2 ], [ 4107315.2, 3045428.7 ], [ 4107320.7, 3045456.0 ], [ 4107342.4, 3045465.4 ], [ 4107378.9, 3045458.3 ], [ 4107432.1, 3045420.1 ], [ 4107441.8, 3045401.9 ], [ 4107443.4, 3045373.8 ], [ 4107417.8, 3045344.1 ], [ 4107420.2, 3045270.4 ], [ 4107398.5, 3045239.0 ], [ 4107399.4, 3045208.1 ], [ 4107414.0, 3045194.2 ], [ 4107424.5, 3045235.3 ], [ 4107457.0, 3045294.2 ], [ 4107499.5, 3045290.5 ], [ 4107509.8, 3045318.0 ], [ 4107544.3, 3045319.4 ], [ 4107552.5, 3045338.2 ], [ 4107571.4, 3045344.9 ], [ 4107591.4, 3045339.2 ], [ 4107599.5, 3045315.2 ], [ 4107636.3, 3045345.9 ], [ 4107744.0, 3045380.8 ], [ 4107922.6, 3045485.9 ], [ 4107900.8, 3045529.8 ], [ 4107900.7, 3045547.2 ], [ 4107913.3, 3045559.1 ], [ 4107972.2, 3045567.0 ], [ 4107959.1, 3045612.0 ], [ 4107973.4, 3045625.5 ], [ 4107992.3, 3045629.8 ], [ 4108039.0, 3045616.9 ], [ 4108065.9, 3045590.4 ], [ 4108188.1, 3045579.7 ], [ 4108333.2, 3045586.4 ], [ 4108489.9, 3045552.9 ], [ 4108609.8, 3045558.6 ], [ 4108639.4, 3045574.3 ], [ 4108677.8, 3045615.0 ], [ 4108749.1, 3045647.4 ], [ 4108818.1, 3045644.2 ], [ 4108863.6, 3045657.8 ], [ 4108940.3, 3045612.7 ], [ 4109013.4, 3045619.0 ], [ 4109026.6, 3045599.5 ], [ 4109016.6, 3045569.0 ], [ 4109107.8, 3045554.4 ], [ 4109148.7, 3045571.2 ], [ 4109248.7, 3045586.9 ], [ 4109295.7, 3045571.2 ], [ 4109317.5, 3045603.3 ], [ 4109334.3, 3045608.4 ], [ 4109347.1, 3045602.3 ], [ 4109355.6, 3045584.4 ], [ 4109479.3, 3045562.1 ], [ 4109551.5, 3045508.6 ], [ 4109594.9, 3045487.9 ], [ 4109734.0, 3045463.1 ], [ 4109763.8, 3045433.3 ], [ 4109766.0, 3045412.6 ], [ 4109757.8, 3045397.6 ], [ 4109740.7, 3045391.8 ], [ 4109718.5, 3045400.6 ], [ 4109690.9, 3045363.0 ], [ 4109700.5, 3045345.5 ], [ 4109695.6, 3045324.4 ], [ 4109673.0, 3045308.9 ], [ 4109594.5, 3045176.1 ], [ 4109582.6, 3045080.3 ], [ 4109594.5, 3044989.4 ], [ 4109622.1, 3044905.5 ], [ 4109625.4, 3044847.5 ], [ 4109606.0, 3044770.0 ], [ 4109545.7, 3044708.7 ], [ 4109519.9, 3044659.1 ], [ 4109494.8, 3044642.1 ], [ 4109470.4, 3044592.2 ], [ 4109433.0, 3044572.9 ], [ 4109408.7, 3044549.9 ], [ 4109360.9, 3044484.3 ], [ 4109338.2, 3044260.1 ], [ 4109261.6, 3044072.0 ], [ 4109263.4, 3044045.8 ], [ 4109240.5, 3044005.7 ], [ 4109254.1, 3043968.9 ], [ 4109204.9, 3043916.3 ], [ 4109186.6, 3043908.1 ], [ 4109211.8, 3043882.8 ], [ 4109215.7, 3043751.1 ], [ 4109228.8, 3043729.3 ], [ 4109217.9, 3043710.4 ], [ 4109179.3, 3043701.9 ], [ 4109180.5, 3043675.6 ], [ 4109170.0, 3043662.5 ], [ 4109208.6, 3043597.8 ], [ 4109250.9, 3043621.7 ], [ 4109270.8, 3043615.9 ], [ 4109282.6, 3043598.7 ], [ 4109280.7, 3043563.7 ], [ 4109301.5, 3043505.8 ], [ 4109340.2, 3043491.0 ], [ 4109346.6, 3043478.5 ], [ 4109342.1, 3043461.8 ], [ 4109402.8, 3043449.8 ], [ 4109421.6, 3043405.8 ], [ 4109429.4, 3043318.8 ], [ 4109416.5, 3043285.2 ], [ 4109427.0, 3043209.9 ], [ 4109408.2, 3043101.9 ], [ 4109378.6, 3043052.3 ], [ 4109340.5, 3042898.9 ], [ 4109327.4, 3042884.1 ], [ 4109320.0, 3042829.1 ], [ 4109243.8, 3042651.8 ], [ 4109213.1, 3042630.7 ], [ 4109195.4, 3042633.2 ], [ 4109142.1, 3042615.6 ], [ 4109025.0, 3042489.0 ], [ 4108946.3, 3042382.1 ], [ 4108923.3, 3042330.8 ], [ 4108902.7, 3042329.1 ], [ 4108826.0, 3042367.0 ], [ 4108776.1, 3042371.4 ], [ 4108753.3, 3042365.6 ], [ 4108767.7, 3042351.6 ], [ 4108766.3, 3042325.8 ], [ 4108812.9, 3042325.1 ], [ 4108872.3, 3042289.9 ], [ 4108878.5, 3042273.5 ], [ 4108871.9, 3042229.7 ], [ 4108704.5, 3041864.5 ], [ 4108666.4, 3041727.7 ], [ 4108649.1, 3041713.1 ], [ 4108632.4, 3041669.9 ], [ 4108634.1, 3041644.4 ], [ 4108620.7, 3041610.1 ], [ 4108605.4, 3041601.8 ], [ 4108586.2, 3041526.1 ], [ 4108598.4, 3041503.8 ], [ 4108605.2, 3041503.5 ], [ 4108623.7, 3041531.1 ], [ 4108656.6, 3041543.6 ], [ 4108679.3, 3041605.6 ], [ 4108743.5, 3041672.3 ], [ 4108750.9, 3041724.1 ], [ 4108766.5, 3041737.6 ], [ 4108798.3, 3041837.9 ], [ 4108790.4, 3041854.9 ], [ 4108803.7, 3041895.3 ], [ 4108802.0, 3041916.1 ], [ 4108815.4, 3041937.1 ], [ 4108841.2, 3042025.9 ], [ 4108839.5, 3042054.8 ], [ 4108874.7, 3042180.5 ], [ 4108957.2, 3042261.8 ], [ 4109117.4, 3042473.0 ], [ 4109159.2, 3042509.1 ], [ 4109182.6, 3042508.4 ], [ 4109194.0, 3042493.7 ], [ 4109188.5, 3042459.0 ], [ 4109203.7, 3042391.5 ], [ 4109250.8, 3042292.8 ], [ 4109284.8, 3042238.4 ], [ 4109300.7, 3042225.6 ], [ 4109310.4, 3042147.8 ], [ 4109329.1, 3042130.6 ], [ 4109359.8, 3042078.5 ], [ 4109411.1, 3041959.5 ], [ 4109494.1, 3041860.6 ], [ 4109526.1, 3041762.6 ], [ 4109517.1, 3041734.3 ], [ 4109478.6, 3041686.0 ], [ 4109465.5, 3041642.5 ], [ 4109463.9, 3041608.9 ], [ 4109497.1, 3041439.2 ], [ 4109508.7, 3041320.6 ], [ 4109503.1, 3041294.8 ], [ 4109456.3, 3041254.6 ], [ 4109320.5, 3041223.1 ], [ 4109202.5, 3041211.7 ], [ 4109184.8, 3041200.9 ], [ 4109186.9, 3041185.6 ], [ 4109195.9, 3041170.6 ], [ 4109205.3, 3041169.4 ], [ 4109234.1, 3041188.6 ], [ 4109266.2, 3041196.1 ], [ 4109364.0, 3041191.2 ], [ 4109453.9, 3041205.5 ], [ 4109519.0, 3041231.4 ], [ 4109531.4, 3041223.3 ], [ 4109546.7, 3041194.3 ], [ 4109570.2, 3041203.5 ], [ 4109588.1, 3041194.3 ], [ 4109626.6, 3041095.4 ], [ 4109616.0, 3040997.0 ], [ 4109620.5, 3040976.3 ], [ 4109585.8, 3040901.6 ], [ 4109573.6, 3040835.8 ], [ 4109519.7, 3040695.7 ], [ 4109479.1, 3040632.2 ], [ 4109476.8, 3040609.4 ], [ 4109453.0, 3040565.2 ], [ 4109452.9, 3040543.4 ], [ 4109391.2, 3040452.6 ], [ 4109317.2, 3040308.8 ], [ 4109296.5, 3040282.6 ], [ 4109249.3, 3040120.5 ], [ 4109231.1, 3039921.7 ], [ 4109247.2, 3039884.1 ], [ 4109257.1, 3039787.7 ], [ 4109243.5, 3039769.3 ], [ 4109239.4, 3039718.9 ], [ 4109211.8, 3039695.3 ], [ 4109141.6, 3039683.2 ], [ 4108990.8, 3039734.1 ], [ 4108879.7, 3039793.6 ], [ 4108809.2, 3039810.0 ], [ 4108736.6, 3039918.0 ], [ 4108709.5, 3039942.4 ], [ 4108675.1, 3039952.0 ], [ 4108569.4, 3039951.7 ], [ 4108504.6, 3039921.6 ], [ 4108445.1, 3039905.5 ], [ 4108398.0, 3039911.5 ], [ 4108344.2, 3039933.7 ], [ 4108254.2, 3039948.7 ], [ 4108265.5, 3039920.4 ], [ 4108293.7, 3039910.6 ], [ 4108304.5, 3039897.8 ], [ 4108428.5, 3039881.1 ], [ 4108441.9, 3039869.5 ], [ 4108442.4, 3039851.8 ], [ 4108131.3, 3039642.2 ], [ 4108080.4, 3039640.7 ], [ 4107998.3, 3039618.3 ], [ 4107956.5, 3039616.8 ], [ 4107892.2, 3039592.6 ], [ 4107797.5, 3039584.3 ], [ 4107756.3, 3039591.1 ], [ 4107722.8, 3039616.1 ], [ 4107645.2, 3039629.8 ], [ 4107567.9, 3039679.0 ], [ 4107482.9, 3039693.6 ], [ 4107437.1, 3039680.7 ], [ 4107382.1, 3039632.1 ], [ 4107406.4, 3039623.6 ], [ 4107451.0, 3039649.8 ], [ 4107672.8, 3039574.8 ], [ 4107790.1, 3039545.3 ], [ 4107872.1, 3039535.3 ], [ 4107902.4, 3039565.0 ], [ 4107977.6, 3039565.6 ], [ 4108070.0, 3039587.1 ], [ 4108084.4, 3039582.9 ], [ 4108092.8, 3039570.5 ], [ 4108088.2, 3039550.8 ], [ 4107959.5, 3039423.0 ], [ 4107920.0, 3039321.2 ], [ 4107865.9, 3039229.1 ], [ 4107834.5, 3039202.7 ], [ 4107821.4, 3039177.8 ], [ 4107747.4, 3039101.1 ], [ 4107727.4, 3039095.2 ], [ 4107642.3, 3038979.7 ], [ 4107564.5, 3038891.7 ], [ 4107520.5, 3038866.9 ], [ 4107482.6, 3038859.2 ], [ 4107489.1, 3038847.3 ], [ 4107514.0, 3038841.4 ], [ 4107573.6, 3038858.5 ], [ 4107685.5, 3038975.5 ], [ 4107726.0, 3039088.6 ], [ 4107794.3, 3039100.1 ], [ 4107845.9, 3039154.4 ], [ 4107912.4, 3039246.6 ], [ 4107980.9, 3039385.5 ], [ 4108085.0, 3039524.2 ], [ 4108111.6, 3039576.6 ], [ 4108206.3, 3039636.2 ], [ 4108346.3, 3039748.9 ], [ 4108460.1, 3039814.2 ], [ 4108576.5, 3039908.5 ], [ 4108615.0, 3039927.1 ], [ 4108646.5, 3039928.3 ], [ 4108664.7, 3039920.1 ], [ 4108748.7, 3039810.2 ], [ 4108811.1, 3039755.1 ], [ 4108905.7, 3039746.0 ], [ 4108955.6, 3039713.6 ], [ 4108974.0, 3039685.8 ], [ 4108953.6, 3039629.8 ], [ 4109139.5, 3039553.6 ], [ 4109230.0, 3039563.7 ], [ 4109277.0, 3039553.2 ], [ 4109310.1, 3039516.7 ], [ 4109349.1, 3039455.1 ], [ 4109376.2, 3039445.5 ], [ 4109385.9, 3039434.2 ], [ 4109402.8, 3039366.7 ], [ 4109397.1, 3039244.6 ], [ 4109343.2, 3039122.2 ], [ 4109265.9, 3039008.6 ], [ 4109225.1, 3038979.4 ], [ 4109166.0, 3038909.5 ], [ 4109125.3, 3038837.3 ], [ 4109105.4, 3038829.4 ], [ 4109080.3, 3038840.6 ], [ 4109047.2, 3038776.4 ], [ 4109033.9, 3038765.4 ], [ 4109019.9, 3038765.9 ], [ 4108973.6, 3038792.2 ], [ 4108952.7, 3038694.6 ], [ 4108889.9, 3038588.2 ], [ 4108838.8, 3038531.0 ], [ 4108856.4, 3038505.1 ], [ 4108856.9, 3038487.1 ], [ 4108813.8, 3038448.2 ], [ 4108824.3, 3038433.2 ], [ 4108821.9, 3038418.5 ], [ 4108783.3, 3038378.1 ], [ 4108678.9, 3038157.1 ], [ 4108628.9, 3038081.9 ], [ 4108608.8, 3038075.3 ], [ 4108580.7, 3038094.8 ], [ 4108524.4, 3038055.0 ], [ 4108456.6, 3038080.7 ], [ 4108441.8, 3038040.2 ], [ 4108444.2, 3038013.2 ], [ 4108406.0, 3037923.4 ], [ 4108354.7, 3037869.4 ], [ 4108307.1, 3037779.3 ], [ 4108277.8, 3037753.1 ], [ 4108263.9, 3037756.2 ], [ 4108249.7, 3037773.5 ], [ 4108216.5, 3037767.7 ], [ 4108213.3, 3037752.6 ], [ 4108237.0, 3037729.3 ], [ 4108262.3, 3037733.4 ], [ 4108325.0, 3037696.1 ], [ 4108371.9, 3037684.0 ], [ 4108394.7, 3037604.9 ], [ 4108428.7, 3037592.6 ], [ 4108438.3, 3037581.7 ], [ 4108438.9, 3037566.2 ], [ 4108429.4, 3037553.2 ], [ 4108389.0, 3037525.2 ], [ 4108344.0, 3037508.2 ], [ 4108100.8, 3037477.2 ], [ 4107994.9, 3037480.2 ], [ 4107781.7, 3037520.7 ], [ 4107708.4, 3037527.1 ], [ 4107607.7, 3037514.9 ], [ 4107419.2, 3037473.4 ], [ 4107303.3, 3037506.6 ], [ 4107262.1, 3037543.3 ], [ 4107232.9, 3037548.4 ], [ 4107190.8, 3037531.9 ], [ 4107182.2, 3037512.4 ], [ 4107019.0, 3037419.0 ], [ 4107010.2, 3037394.4 ], [ 4106948.0, 3037384.8 ], [ 4106936.3, 3037367.7 ], [ 4107037.0, 3037392.8 ], [ 4107052.2, 3037383.5 ], [ 4107055.6, 3037366.1 ], [ 4107018.8, 3037331.7 ], [ 4106908.3, 3037274.7 ], [ 4106855.9, 3037218.8 ], [ 4106908.7, 3037156.3 ], [ 4106910.2, 3037141.8 ], [ 4106891.8, 3037104.4 ], [ 4106928.1, 3037062.4 ], [ 4106934.4, 3037007.0 ], [ 4106952.5, 3036963.6 ], [ 4106946.9, 3036926.9 ], [ 4106920.2, 3036889.9 ], [ 4106938.4, 3036871.2 ], [ 4106999.0, 3036838.0 ], [ 4107011.6, 3036858.1 ], [ 4107026.1, 3036977.1 ], [ 4107034.0, 3036989.4 ], [ 4106969.6, 3037104.0 ], [ 4106971.7, 3037124.5 ], [ 4106986.3, 3037133.9 ], [ 4107071.1, 3037145.9 ], [ 4107134.2, 3037120.2 ], [ 4107189.9, 3037065.8 ], [ 4107248.8, 3036949.4 ], [ 4107259.2, 3036977.2 ], [ 4107253.9, 3037053.8 ], [ 4107285.7, 3037170.0 ], [ 4107315.6, 3037245.8 ], [ 4107368.9, 3037345.2 ], [ 4107369.0, 3037355.2 ], [ 4107241.8, 3037410.0 ], [ 4107205.3, 3037413.3 ], [ 4107155.5, 3037404.6 ], [ 4107086.7, 3037382.5 ], [ 4107067.5, 3037397.3 ], [ 4107071.2, 3037418.2 ], [ 4107134.8, 3037455.7 ], [ 4107222.8, 3037475.8 ], [ 4107425.2, 3037418.2 ], [ 4107501.4, 3037414.5 ], [ 4107515.7, 3037402.7 ], [ 4107514.2, 3037380.9 ], [ 4107422.7, 3037278.2 ], [ 4107371.8, 3037166.6 ], [ 4107339.3, 3036954.5 ], [ 4107325.1, 3036907.9 ], [ 4107286.5, 3036844.6 ], [ 4107274.4, 3036836.8 ], [ 4107250.6, 3036837.8 ], [ 4107238.1, 3036791.5 ], [ 4107210.1, 3036769.4 ], [ 4107106.1, 3036641.3 ], [ 4107073.6, 3036630.2 ], [ 4107066.6, 3036615.3 ], [ 4107077.6, 3036509.4 ], [ 4107097.5, 3036473.3 ], [ 4107134.9, 3036497.8 ], [ 4107165.0, 3036474.1 ], [ 4107195.0, 3036510.1 ], [ 4107156.3, 3036543.3 ], [ 4107151.1, 3036563.9 ], [ 4107207.0, 3036682.7 ], [ 4107264.0, 3036758.9 ], [ 4107309.9, 3036786.1 ], [ 4107352.3, 3036860.9 ], [ 4107376.7, 3036951.5 ], [ 4107410.7, 3037145.5 ], [ 4107407.4, 3037163.8 ], [ 4107437.0, 3037242.6 ], [ 4107452.2, 3037269.9 ], [ 4107589.0, 3037382.6 ], [ 4107622.2, 3037421.2 ], [ 4107687.2, 3037453.3 ], [ 4107712.5, 3037443.6 ], [ 4107714.3, 3037419.3 ], [ 4107693.7, 3037345.4 ], [ 4107651.5, 3037292.5 ], [ 4107705.4, 3037283.0 ], [ 4107715.4, 3037271.8 ], [ 4107715.8, 3037256.8 ], [ 4107695.8, 3037241.7 ], [ 4107624.9, 3037251.0 ], [ 4107617.5, 3037244.6 ], [ 4107522.1, 3037025.0 ], [ 4107592.2, 3037023.0 ], [ 4107696.3, 3036995.6 ], [ 4107702.2, 3037039.0 ], [ 4107712.9, 3037051.4 ], [ 4107904.2, 3037109.6 ], [ 4108084.2, 3037101.3 ], [ 4108238.4, 3037162.7 ], [ 4108279.1, 3037153.9 ], [ 4108288.7, 3037144.0 ], [ 4108289.6, 3037127.1 ], [ 4108338.2, 3037109.0 ], [ 4108425.0, 3037227.7 ], [ 4108444.3, 3037347.9 ], [ 4108495.3, 3037362.5 ], [ 4108514.4, 3037348.1 ], [ 4108514.7, 3037333.9 ], [ 4108494.3, 3037293.4 ], [ 4108476.5, 3037136.3 ], [ 4108450.6, 3037104.3 ], [ 4108407.5, 3037075.9 ], [ 4108309.9, 3037056.4 ], [ 4108196.2, 3037052.7 ], [ 4108035.1, 3037020.1 ], [ 4107772.5, 3036919.2 ], [ 4107692.6, 3036876.1 ], [ 4107609.0, 3036785.1 ], [ 4107563.4, 3036751.0 ], [ 4107507.9, 3036657.7 ], [ 4107471.5, 3036630.9 ], [ 4107454.3, 3036598.0 ], [ 4107376.6, 3036531.1 ], [ 4107323.1, 3036446.5 ], [ 4107287.4, 3036299.0 ], [ 4107259.3, 3036232.6 ], [ 4107250.5, 3036155.4 ], [ 4107256.0, 3036106.4 ], [ 4107244.4, 3036060.2 ], [ 4107245.1, 3036027.1 ], [ 4107220.0, 3036014.0 ], [ 4107198.6, 3036025.0 ], [ 4107165.6, 3035993.3 ], [ 4107141.6, 3035996.0 ], [ 4107115.9, 3036025.4 ], [ 4107083.5, 3036045.6 ], [ 4107082.4, 3036060.1 ], [ 4107110.9, 3036122.8 ], [ 4107092.5, 3036146.8 ], [ 4107081.6, 3036142.9 ], [ 4107074.5, 3036127.2 ], [ 4107061.9, 3036121.5 ], [ 4107030.2, 3036036.8 ], [ 4106996.8, 3035994.4 ], [ 4107006.6, 3035976.7 ], [ 4106999.1, 3035948.8 ], [ 4106988.4, 3035938.6 ], [ 4106967.2, 3035936.5 ], [ 4106935.9, 3035896.8 ], [ 4107108.1, 3035690.0 ], [ 4107185.7, 3035557.0 ], [ 4107182.9, 3035536.4 ], [ 4107107.7, 3035474.5 ], [ 4107101.1, 3035458.2 ], [ 4107171.1, 3035402.6 ], [ 4107238.1, 3035246.8 ], [ 4107258.9, 3035240.8 ], [ 4107328.7, 3035253.1 ], [ 4107457.4, 3035241.9 ], [ 4107536.9, 3035215.2 ], [ 4107656.1, 3035231.2 ], [ 4107793.9, 3035212.7 ], [ 4107809.7, 3035196.4 ], [ 4107816.2, 3035158.4 ], [ 4107812.1, 3035131.0 ], [ 4107790.5, 3035092.9 ], [ 4107751.4, 3035064.5 ], [ 4107695.5, 3035039.5 ], [ 4107622.8, 3034986.2 ], [ 4107534.8, 3034976.6 ], [ 4107442.9, 3034952.1 ], [ 4107426.2, 3034960.0 ], [ 4107421.3, 3034977.8 ], [ 4107466.9, 3035068.7 ], [ 4107464.3, 3035086.1 ], [ 4107456.2, 3035090.9 ], [ 4107408.6, 3035077.4 ], [ 4107333.3, 3035079.7 ], [ 4107265.8, 3035062.6 ], [ 4106997.2, 3035030.7 ], [ 4106844.6, 3035037.8 ], [ 4106622.5, 3035090.0 ], [ 4106566.2, 3035092.9 ], [ 4106499.6, 3035073.3 ], [ 4106350.3, 3034970.1 ], [ 4106261.3, 3034921.1 ], [ 4106153.7, 3034868.4 ], [ 4106081.0, 3034847.5 ], [ 4105933.9, 3034840.8 ], [ 4105798.8, 3034884.8 ], [ 4105703.5, 3034895.5 ], [ 4105658.3, 3034891.0 ], [ 4105560.1, 3034861.6 ], [ 4105490.8, 3034855.8 ], [ 4105407.6, 3034802.1 ], [ 4105294.0, 3034703.7 ], [ 4105235.8, 3034688.9 ], [ 4105200.7, 3034669.0 ], [ 4105136.8, 3034588.0 ], [ 4105077.0, 3034552.9 ], [ 4104749.8, 3034444.0 ], [ 4104579.7, 3034377.0 ], [ 4104367.0, 3034340.1 ], [ 4104192.4, 3034285.3 ], [ 4103962.3, 3034240.5 ], [ 4103946.7, 3034259.0 ], [ 4103955.0, 3034333.7 ], [ 4103929.8, 3034376.9 ], [ 4103901.6, 3034363.6 ], [ 4103873.9, 3034372.4 ], [ 4103856.2, 3034423.3 ], [ 4103860.3, 3034450.2 ], [ 4103878.6, 3034464.9 ], [ 4103957.6, 3034485.0 ], [ 4104060.1, 3034544.0 ], [ 4104126.8, 3034603.0 ], [ 4104150.7, 3034601.8 ], [ 4104242.3, 3034687.1 ], [ 4104256.1, 3034689.2 ], [ 4104270.9, 3034680.0 ], [ 4104282.7, 3034696.9 ], [ 4104256.2, 3034719.6 ], [ 4104252.1, 3034733.3 ], [ 4104271.5, 3034768.9 ], [ 4104250.4, 3034801.5 ], [ 4104180.7, 3034809.4 ], [ 4104058.9, 3034774.2 ], [ 4104061.6, 3034738.4 ], [ 4104027.5, 3034716.3 ], [ 4104016.5, 3034699.2 ], [ 4103942.3, 3034657.0 ], [ 4103736.0, 3034585.4 ], [ 4103740.7, 3034560.1 ], [ 4103734.2, 3034546.7 ], [ 4103699.5, 3034543.5 ], [ 4103656.0, 3034569.9 ], [ 4103633.6, 3034603.8 ], [ 4103639.6, 3034623.5 ], [ 4103665.9, 3034634.5 ], [ 4103661.3, 3034689.9 ], [ 4103636.3, 3034698.4 ], [ 4103631.4, 3034720.4 ], [ 4103614.9, 3034740.3 ], [ 4103633.1, 3034775.7 ], [ 4103628.3, 3034800.1 ], [ 4103648.8, 3034825.0 ], [ 4103622.7, 3034847.7 ], [ 4103617.1, 3034862.9 ], [ 4103584.0, 3034858.8 ], [ 4103548.8, 3034897.8 ], [ 4103555.1, 3034915.3 ], [ 4103579.8, 3034929.1 ], [ 4103630.9, 3034889.9 ], [ 4103646.7, 3034889.4 ], [ 4103669.0, 3034917.6 ], [ 4103675.9, 3034959.7 ], [ 4103626.0, 3034971.5 ], [ 4103618.5, 3034984.4 ], [ 4103622.5, 3035004.4 ], [ 4103591.3, 3035016.3 ], [ 4103572.0, 3035017.8 ], [ 4103556.2, 3035009.8 ], [ 4103535.1, 3035015.9 ], [ 4103516.3, 3034987.4 ], [ 4103534.9, 3034973.2 ], [ 4103538.3, 3034953.3 ], [ 4103505.0, 3034913.7 ], [ 4103535.8, 3034892.5 ], [ 4103542.7, 3034879.3 ], [ 4103537.4, 3034861.8 ], [ 4103512.2, 3034841.2 ], [ 4103548.0, 3034798.3 ], [ 4103527.5, 3034747.5 ], [ 4103547.3, 3034726.4 ], [ 4103531.6, 3034585.3 ], [ 4103515.0, 3034567.1 ], [ 4103407.3, 3034562.1 ], [ 4103389.4, 3034569.0 ], [ 4103380.6, 3034584.9 ], [ 4103359.0, 3034593.6 ], [ 4103351.2, 3034606.4 ], [ 4103298.5, 3034623.4 ], [ 4103289.4, 3034638.0 ], [ 4103292.1, 3034653.8 ], [ 4103242.9, 3034675.1 ], [ 4103205.5, 3034678.8 ], [ 4103192.0, 3034694.0 ], [ 4103200.6, 3034728.4 ], [ 4103280.7, 3034778.2 ], [ 4103310.2, 3034766.9 ], [ 4103326.4, 3034727.4 ], [ 4103346.4, 3034723.5 ], [ 4103354.6, 3034704.9 ], [ 4103455.7, 3034666.0 ], [ 4103464.1, 3034778.6 ], [ 4103438.2, 3034777.5 ], [ 4103433.8, 3034747.7 ], [ 4103420.6, 3034736.1 ], [ 4103383.2, 3034743.5 ], [ 4103366.6, 3034733.1 ], [ 4103349.7, 3034738.5 ], [ 4103334.9, 3034771.1 ], [ 4103335.1, 3034789.7 ], [ 4103312.3, 3034816.7 ], [ 4103316.0, 3034833.5 ], [ 4103336.0, 3034849.5 ], [ 4103319.2, 3034887.5 ], [ 4103303.4, 3034900.1 ], [ 4103146.5, 3034965.0 ], [ 4103126.4, 3034944.1 ], [ 4103112.7, 3034940.7 ], [ 4103079.7, 3034956.5 ], [ 4103072.1, 3034976.2 ], [ 4103031.2, 3034977.2 ], [ 4103023.9, 3034945.2 ], [ 4102990.2, 3034923.9 ], [ 4102998.3, 3034865.4 ], [ 4103030.7, 3034857.7 ], [ 4103035.9, 3034830.8 ], [ 4103014.2, 3034798.8 ], [ 4102987.1, 3034797.8 ], [ 4102970.6, 3034808.3 ], [ 4102947.2, 3034792.5 ], [ 4102930.9, 3034799.2 ], [ 4102922.1, 3034815.3 ], [ 4102924.8, 3034988.8 ], [ 4102889.2, 3034992.9 ], [ 4102866.3, 3034930.3 ], [ 4102854.8, 3034920.7 ], [ 4102766.5, 3034910.2 ], [ 4102702.9, 3034939.9 ], [ 4102692.5, 3034954.5 ], [ 4102613.3, 3034896.5 ], [ 4102595.9, 3034894.2 ], [ 4102571.6, 3034926.5 ], [ 4102556.4, 3034974.0 ], [ 4102506.5, 3034981.1 ], [ 4102480.2, 3034973.6 ], [ 4102428.7, 3035024.9 ], [ 4102358.1, 3035043.8 ], [ 4102354.7, 3035072.9 ], [ 4102316.5, 3035164.4 ], [ 4102315.3, 3035238.0 ], [ 4102279.6, 3035341.1 ], [ 4102239.2, 3035333.9 ], [ 4102175.9, 3035308.8 ], [ 4102153.7, 3035318.3 ], [ 4102116.2, 3035409.6 ], [ 4102105.4, 3035457.1 ], [ 4102132.0, 3035586.1 ], [ 4102138.7, 3035659.1 ], [ 4102144.5, 3035899.3 ], [ 4102135.1, 3035925.8 ], [ 4102166.0, 3036001.7 ], [ 4102193.8, 3036023.0 ], [ 4102200.5, 3036054.6 ], [ 4102196.1, 3036065.6 ], [ 4102168.7, 3036078.6 ], [ 4102151.3, 3036117.5 ], [ 4102174.6, 3036151.5 ], [ 4102207.4, 3036162.9 ], [ 4102235.3, 3036219.9 ], [ 4102242.0, 3036272.6 ], [ 4102263.7, 3036326.1 ], [ 4102250.6, 3036395.5 ], [ 4102263.4, 3036459.6 ], [ 4102262.3, 3036494.2 ], [ 4102291.5, 3036589.8 ], [ 4102321.3, 3036640.5 ], [ 4102340.0, 3036653.5 ], [ 4102356.6, 3036649.7 ], [ 4102375.4, 3036627.1 ], [ 4102383.1, 3036595.3 ], [ 4102412.9, 3036600.7 ], [ 4102430.6, 3036617.0 ], [ 4102476.5, 3036676.0 ], [ 4102461.8, 3036731.5 ], [ 4102463.6, 3036762.1 ], [ 4102517.8, 3036852.6 ], [ 4102581.3, 3036904.6 ], [ 4102598.6, 3036908.1 ], [ 4102644.9, 3036867.1 ], [ 4102727.8, 3036816.4 ], [ 4102806.5, 3036790.7 ], [ 4102896.4, 3036784.4 ], [ 4102924.7, 3036763.8 ], [ 4102943.6, 3036762.6 ], [ 4102949.0, 3036781.0 ], [ 4102960.7, 3036789.1 ], [ 4103013.2, 3036795.6 ], [ 4103140.8, 3036836.5 ], [ 4103158.4, 3036832.3 ], [ 4103166.7, 3036819.0 ], [ 4103230.7, 3036825.1 ], [ 4103246.0, 3036817.6 ], [ 4103257.3, 3036769.6 ], [ 4103253.7, 3036755.9 ], [ 4103221.3, 3036740.8 ], [ 4103144.6, 3036646.3 ], [ 4103125.0, 3036587.8 ], [ 4103144.3, 3036571.7 ], [ 4103152.1, 3036534.7 ], [ 4103143.9, 3036518.1 ], [ 4103110.2, 3036510.2 ], [ 4103091.8, 3036525.8 ], [ 4103080.9, 3036571.9 ], [ 4103083.9, 3036676.8 ], [ 4103009.3, 3036580.9 ], [ 4102966.2, 3036503.4 ], [ 4102963.7, 3036485.0 ], [ 4102913.7, 3036409.3 ], [ 4102871.2, 3036406.9 ], [ 4102828.9, 3036423.6 ], [ 4102839.0, 3036391.8 ], [ 4102818.0, 3036373.8 ], [ 4102775.7, 3036399.6 ], [ 4102766.1, 3036414.0 ], [ 4102683.0, 3036352.3 ], [ 4102702.5, 3036328.4 ], [ 4102744.0, 3036327.3 ], [ 4102858.1, 3036248.4 ], [ 4102843.5, 3036201.9 ], [ 4102826.5, 3036189.6 ], [ 4102730.2, 3036218.5 ], [ 4102720.1, 3036169.2 ], [ 4102799.5, 3036139.3 ], [ 4102809.1, 3036128.4 ], [ 4102795.9, 3036063.9 ], [ 4102956.2, 3036055.9 ], [ 4103070.7, 3036075.8 ], [ 4103104.7, 3036125.1 ], [ 4103115.4, 3036171.4 ], [ 4103221.7, 3036210.9 ], [ 4103250.5, 3036189.5 ], [ 4103256.7, 3036162.3 ], [ 4103174.0, 3036118.9 ], [ 4103167.7, 3036102.6 ], [ 4103203.9, 3036047.1 ], [ 4103242.8, 3036043.1 ], [ 4103301.8, 3036067.8 ], [ 4103379.4, 3036058.5 ], [ 4103428.3, 3036071.5 ], [ 4103424.2, 3036084.5 ], [ 4103410.9, 3036089.6 ], [ 4103384.7, 3036085.3 ], [ 4103351.9, 3036093.5 ], [ 4103345.4, 3036110.6 ], [ 4103359.4, 3036132.8 ], [ 4103355.2, 3036144.3 ], [ 4103318.2, 3036170.4 ], [ 4103282.5, 3036234.6 ], [ 4103211.8, 3036241.7 ], [ 4103199.9, 3036249.4 ], [ 4103189.3, 3036324.5 ], [ 4103164.5, 3036351.3 ], [ 4103104.4, 3036344.5 ], [ 4103081.4, 3036321.0 ], [ 4103028.2, 3036308.6 ], [ 4103011.1, 3036315.4 ], [ 4103005.1, 3036332.8 ], [ 4103018.0, 3036359.7 ], [ 4103048.7, 3036370.1 ], [ 4103060.0, 3036382.8 ], [ 4103121.3, 3036403.2 ], [ 4103122.3, 3036439.6 ], [ 4103133.1, 3036454.6 ], [ 4103232.0, 3036441.9 ], [ 4103279.1, 3036497.4 ], [ 4103272.9, 3036537.3 ], [ 4103280.7, 3036553.9 ], [ 4103266.7, 3036561.7 ], [ 4103255.3, 3036585.8 ], [ 4103271.8, 3036612.9 ], [ 4103286.8, 3036613.8 ], [ 4103298.8, 3036604.9 ], [ 4103305.7, 3036574.6 ], [ 4103297.8, 3036558.8 ], [ 4103312.8, 3036549.9 ], [ 4103337.4, 3036503.0 ], [ 4103371.0, 3036509.3 ], [ 4103504.7, 3036477.4 ], [ 4103530.5, 3036486.6 ], [ 4103544.7, 3036503.2 ], [ 4103567.7, 3036499.9 ], [ 4103578.4, 3036485.5 ], [ 4103591.2, 3036417.1 ], [ 4103636.6, 3036341.8 ], [ 4103675.0, 3036294.6 ], [ 4103686.2, 3036254.5 ], [ 4103693.6, 3036255.6 ], [ 4103719.8, 3036296.7 ], [ 4103755.7, 3036288.1 ], [ 4103758.3, 3036300.6 ], [ 4103715.8, 3036376.6 ], [ 4103612.8, 3036507.3 ], [ 4103486.1, 3036584.6 ], [ 4103374.8, 3036631.0 ], [ 4103347.9, 3036653.3 ], [ 4103329.6, 3036655.1 ], [ 4103287.0, 3036710.4 ], [ 4103293.0, 3036771.6 ], [ 4103319.4, 3036812.8 ], [ 4103456.1, 3036839.1 ], [ 4103494.6, 3036855.0 ], [ 4103613.3, 3036951.5 ], [ 4103625.9, 3036990.3 ], [ 4103691.2, 3037024.5 ], [ 4103738.7, 3037038.2 ], [ 4103785.5, 3037038.6 ], [ 4103833.6, 3037058.7 ], [ 4103866.0, 3037054.8 ], [ 4104015.5, 3037072.9 ], [ 4104097.6, 3037009.8 ], [ 4104142.0, 3036955.2 ], [ 4104202.2, 3036898.7 ], [ 4104251.0, 3036865.2 ], [ 4104277.4, 3036853.4 ], [ 4104295.1, 3036859.7 ], [ 4104362.5, 3036852.2 ], [ 4104426.3, 3036817.3 ], [ 4104438.8, 3036766.8 ], [ 4104497.0, 3036759.3 ], [ 4104531.8, 3036739.8 ], [ 4104538.9, 3036726.4 ], [ 4104639.7, 3036703.0 ], [ 4104705.3, 3036669.6 ], [ 4104726.1, 3036648.1 ], [ 4104737.4, 3036588.2 ], [ 4104752.5, 3036590.6 ], [ 4104760.6, 3036626.2 ], [ 4104777.3, 3036638.5 ], [ 4104854.5, 3036633.6 ], [ 4104898.6, 3036644.9 ], [ 4104917.5, 3036630.1 ], [ 4104936.7, 3036629.7 ], [ 4104986.1, 3036639.7 ], [ 4105019.0, 3036629.1 ], [ 4105079.0, 3036580.7 ], [ 4105155.1, 3036551.7 ], [ 4105170.4, 3036523.0 ], [ 4105188.0, 3036522.4 ], [ 4105191.7, 3036539.8 ], [ 4105205.1, 3036550.8 ], [ 4105243.9, 3036552.1 ], [ 4105258.1, 3036540.3 ], [ 4105317.8, 3036558.6 ], [ 4105332.2, 3036555.5 ], [ 4105420.3, 3036591.5 ], [ 4105546.9, 3036548.9 ], [ 4105612.5, 3036512.3 ], [ 4105650.3, 3036508.8 ], [ 4105658.4, 3036496.4 ], [ 4105654.9, 3036478.4 ], [ 4105665.7, 3036428.0 ], [ 4105705.5, 3036441.0 ], [ 4105789.4, 3036510.5 ], [ 4105845.3, 3036513.9 ], [ 4105865.6, 3036539.8 ], [ 4105888.9, 3036534.1 ], [ 4105907.5, 3036546.2 ], [ 4105955.9, 3036554.5 ], [ 4106033.8, 3036554.1 ], [ 4106081.4, 3036575.0 ], [ 4106078.7, 3036597.3 ], [ 4106099.2, 3036616.5 ], [ 4106157.1, 3036615.0 ], [ 4106210.8, 3036628.1 ], [ 4106230.3, 3036653.0 ], [ 4106262.7, 3036661.2 ], [ 4106309.2, 3036690.7 ], [ 4106350.4, 3036681.5 ], [ 4106412.2, 3036700.9 ], [ 4106426.7, 3036727.5 ], [ 4106464.5, 3036749.4 ], [ 4106471.1, 3036766.2 ], [ 4106582.5, 3036852.7 ], [ 4106610.0, 3036903.4 ], [ 4106589.6, 3036906.6 ], [ 4106566.9, 3036886.5 ], [ 4106530.3, 3036883.7 ], [ 4106476.0, 3036818.5 ], [ 4106416.6, 3036778.4 ], [ 4106412.0, 3036759.5 ], [ 4106401.2, 3036750.9 ], [ 4106363.2, 3036751.0 ], [ 4106340.9, 3036739.7 ], [ 4106317.0, 3036739.3 ], [ 4106231.1, 3036702.0 ], [ 4106212.8, 3036704.8 ], [ 4106154.2, 3036678.7 ], [ 4105941.3, 3036642.5 ], [ 4105827.4, 3036596.9 ], [ 4105654.9, 3036564.3 ], [ 4105413.3, 3036645.3 ], [ 4105265.4, 3036635.2 ], [ 4105150.3, 3036654.0 ], [ 4105127.2, 3036677.6 ], [ 4104997.7, 3036753.9 ], [ 4104994.6, 3036773.7 ], [ 4105020.0, 3036816.6 ], [ 4105068.1, 3036858.0 ], [ 4105120.4, 3036886.2 ], [ 4105188.5, 3036939.7 ], [ 4105244.7, 3036913.5 ], [ 4105306.6, 3036899.1 ], [ 4105411.0, 3036900.5 ], [ 4105458.9, 3036888.3 ], [ 4105462.1, 3036897.7 ], [ 4105345.9, 3036916.3 ], [ 4105261.9, 3036950.2 ], [ 4105237.3, 3036996.5 ], [ 4105269.9, 3037074.6 ], [ 4105264.2, 3037082.7 ], [ 4105187.3, 3037023.9 ], [ 4105206.6, 3036984.8 ], [ 4105179.5, 3036946.0 ], [ 4105148.7, 3036938.5 ], [ 4104989.3, 3036855.3 ], [ 4104965.0, 3036800.5 ], [ 4104902.1, 3036770.6 ], [ 4104797.0, 3036773.3 ], [ 4104778.7, 3036763.3 ], [ 4104735.8, 3036782.2 ], [ 4104663.6, 3036782.5 ], [ 4104591.4, 3036833.5 ], [ 4104507.1, 3036845.6 ], [ 4104494.6, 3036866.9 ], [ 4104458.7, 3036888.6 ], [ 4104438.0, 3036856.2 ], [ 4104401.9, 3036859.2 ], [ 4104390.8, 3036877.7 ], [ 4104401.4, 3036913.3 ], [ 4104355.1, 3036961.8 ], [ 4104173.9, 3037113.4 ], [ 4104166.6, 3037133.2 ], [ 4104182.2, 3037194.0 ], [ 4104258.6, 3037305.1 ], [ 4104304.0, 3037355.9 ], [ 4104325.3, 3037358.0 ], [ 4104371.8, 3037382.9 ], [ 4104478.7, 3037362.9 ], [ 4104494.5, 3037382.8 ], [ 4104412.8, 3037438.1 ], [ 4104404.2, 3037452.4 ], [ 4104436.1, 3037596.3 ], [ 4104441.4, 3037754.0 ], [ 4104455.0, 3037797.8 ], [ 4104478.2, 3037810.8 ], [ 4104546.5, 3037787.6 ], [ 4104607.1, 3037784.6 ], [ 4104698.3, 3037825.4 ], [ 4104682.2, 3037857.4 ], [ 4104656.2, 3037842.0 ], [ 4104617.1, 3037834.5 ], [ 4104483.4, 3037843.4 ], [ 4104433.4, 3037832.9 ], [ 4104402.8, 3037791.0 ], [ 4104380.2, 3037708.7 ], [ 4104372.0, 3037611.6 ], [ 4104398.3, 3037548.4 ], [ 4104386.8, 3037498.5 ], [ 4104362.2, 3037492.6 ], [ 4104269.0, 3037422.8 ], [ 4104219.4, 3037409.2 ], [ 4104185.2, 3037380.9 ], [ 4104168.6, 3037378.5 ], [ 4104101.4, 3037321.7 ], [ 4104028.5, 3037243.7 ], [ 4103991.0, 3037227.3 ], [ 4103905.9, 3037211.7 ], [ 4103838.6, 3037179.9 ], [ 4103816.0, 3037150.9 ], [ 4103786.5, 3037152.5 ], [ 4103773.6, 3037162.6 ], [ 4103726.7, 3037173.0 ], [ 4103701.2, 3037156.6 ], [ 4103690.7, 3037121.7 ], [ 4103630.6, 3037096.2 ], [ 4103614.6, 3037080.1 ], [ 4103552.2, 3037070.4 ], [ 4103536.4, 3037051.4 ], [ 4103496.7, 3037043.6 ], [ 4103456.1, 3037022.7 ], [ 4103442.6, 3037002.6 ], [ 4103398.0, 3037003.0 ], [ 4103361.2, 3036991.0 ], [ 4103350.6, 3036974.5 ], [ 4103324.7, 3036967.6 ], [ 4103208.7, 3036972.7 ], [ 4103192.6, 3036965.7 ], [ 4103130.0, 3036978.7 ], [ 4103113.2, 3037003.6 ], [ 4103109.4, 3037046.1 ], [ 4103075.0, 3037041.1 ], [ 4103076.2, 3036990.0 ], [ 4103066.9, 3036974.8 ], [ 4102965.5, 3036956.3 ], [ 4102959.9, 3036935.8 ], [ 4102940.1, 3036929.2 ], [ 4102775.9, 3036982.5 ], [ 4102762.3, 3037001.4 ], [ 4102716.6, 3037026.4 ], [ 4102687.9, 3037092.5 ], [ 4102720.3, 3037154.4 ], [ 4102715.8, 3037178.4 ], [ 4102797.1, 3037251.5 ], [ 4102865.3, 3037365.3 ], [ 4102896.7, 3037443.2 ], [ 4102937.2, 3037610.4 ], [ 4102936.7, 3037720.7 ], [ 4102910.6, 3037876.4 ], [ 4102858.1, 3038026.7 ], [ 4102854.6, 3038064.1 ], [ 4102863.2, 3038079.0 ], [ 4102899.0, 3038079.2 ], [ 4102958.0, 3038053.5 ], [ 4103025.2, 3037988.2 ], [ 4103068.6, 3037970.1 ], [ 4103182.7, 3037901.3 ], [ 4103191.7, 3037882.3 ], [ 4103183.6, 3037866.6 ], [ 4103292.6, 3037845.0 ], [ 4103330.3, 3037867.6 ], [ 4103377.5, 3037876.7 ], [ 4103402.7, 3037877.0 ], [ 4103416.6, 3037865.2 ], [ 4103436.2, 3037872.5 ], [ 4103450.6, 3037867.9 ], [ 4103462.1, 3037853.6 ], [ 4103470.9, 3037765.7 ], [ 4103494.4, 3037719.6 ], [ 4103516.4, 3037724.8 ], [ 4103481.9, 3037830.7 ], [ 4103490.2, 3037857.2 ], [ 4103531.2, 3037872.9 ], [ 4103566.2, 3037872.2 ], [ 4103610.2, 3037846.0 ], [ 4103624.8, 3037855.0 ], [ 4103633.9, 3037897.5 ], [ 4103682.5, 3037934.9 ], [ 4103811.8, 3037991.6 ], [ 4103878.6, 3038038.1 ], [ 4103873.2, 3038049.2 ], [ 4103850.8, 3038048.7 ], [ 4103822.2, 3038027.6 ], [ 4103799.9, 3038027.4 ], [ 4103721.0, 3037994.8 ], [ 4103632.5, 3037973.9 ], [ 4103373.5, 3037951.2 ], [ 4103346.0, 3037944.3 ], [ 4103344.1, 3037927.2 ], [ 4103333.8, 3037917.9 ], [ 4103259.0, 3037903.4 ], [ 4103211.0, 3037920.0 ], [ 4103192.8, 3037950.9 ], [ 4103085.6, 3038021.9 ], [ 4103059.6, 3038058.4 ], [ 4102982.1, 3038112.9 ], [ 4102974.4, 3038134.4 ], [ 4102947.6, 3038153.9 ], [ 4102928.7, 3038148.9 ], [ 4102906.9, 3038109.4 ], [ 4102882.2, 3038108.9 ], [ 4102852.1, 3038146.8 ], [ 4102826.4, 3038228.3 ], [ 4102820.3, 3038262.6 ], [ 4102827.1, 3038309.5 ], [ 4102862.2, 3038417.1 ], [ 4102859.8, 3038551.8 ], [ 4102872.5, 3038567.5 ], [ 4102937.7, 3038776.5 ], [ 4102960.6, 3038790.2 ], [ 4103061.1, 3038752.7 ], [ 4103072.9, 3038784.2 ], [ 4102953.2, 3038842.0 ], [ 4102941.6, 3038857.8 ], [ 4102949.0, 3038923.9 ], [ 4102936.0, 3038991.7 ], [ 4102962.8, 3039167.5 ], [ 4102968.4, 3039288.7 ], [ 4102992.2, 3039404.6 ], [ 4102991.4, 3039477.6 ], [ 4103002.0, 3039519.9 ], [ 4103038.1, 3039584.9 ], [ 4103066.9, 3039580.4 ], [ 4103081.7, 3039588.8 ], [ 4103129.7, 3039589.4 ], [ 4103253.2, 3039423.8 ], [ 4103303.3, 3039374.9 ], [ 4103337.4, 3039417.8 ], [ 4103315.3, 3039450.7 ], [ 4103318.5, 3039487.1 ], [ 4103283.6, 3039492.6 ], [ 4103253.6, 3039528.3 ], [ 4103257.7, 3039562.6 ], [ 4103243.5, 3039589.4 ], [ 4103227.5, 3039601.9 ], [ 4103216.4, 3039662.8 ], [ 4103183.5, 3039650.7 ], [ 4103161.0, 3039667.0 ], [ 4103172.5, 3039730.2 ], [ 4103152.8, 3039768.7 ], [ 4103152.6, 3039811.4 ], [ 4103172.6, 3039883.0 ], [ 4103205.8, 3039907.6 ], [ 4103218.8, 3039944.8 ], [ 4103206.0, 3039966.2 ], [ 4103229.0, 3040133.4 ], [ 4103218.2, 3040296.8 ], [ 4103228.7, 3040380.2 ], [ 4103242.0, 3040392.9 ], [ 4103245.4, 3040410.9 ], [ 4103269.9, 3040431.2 ], [ 4103382.4, 3040404.9 ], [ 4103397.1, 3040408.2 ], [ 4103398.4, 3040421.7 ], [ 4103345.2, 3040440.1 ], [ 4103325.0, 3040432.6 ], [ 4103292.9, 3040452.6 ], [ 4103268.8, 3040453.3 ], [ 4103230.9, 3040501.9 ], [ 4103213.4, 3040508.1 ], [ 4103181.0, 3040504.3 ], [ 4103166.9, 3040516.1 ], [ 4103146.9, 3040637.0 ], [ 4103082.0, 3040842.9 ], [ 4103074.8, 3040914.5 ], [ 4103082.6, 3040999.3 ], [ 4103104.2, 3041059.3 ], [ 4103138.6, 3041088.5 ], [ 4103160.1, 3041085.2 ], [ 4103168.4, 3041068.8 ], [ 4103163.8, 3041049.9 ], [ 4103124.3, 3040983.7 ], [ 4103166.7, 3040888.7 ], [ 4103292.6, 3040909.1 ], [ 4103408.6, 3041030.1 ], [ 4103374.7, 3041061.9 ], [ 4103377.5, 3041076.1 ], [ 4103407.3, 3041111.5 ], [ 4103385.4, 3041125.0 ], [ 4103370.4, 3041151.3 ], [ 4103392.3, 3041190.4 ], [ 4103411.0, 3041294.2 ], [ 4103389.0, 3041344.5 ], [ 4103432.9, 3041458.2 ], [ 4103458.3, 3041503.3 ], [ 4103490.6, 3041543.8 ], [ 4103558.3, 3041595.6 ], [ 4103578.9, 3041592.6 ], [ 4103753.5, 3041435.8 ], [ 4103761.3, 3041358.5 ], [ 4103855.2, 3041324.4 ], [ 4103872.4, 3041326.8 ], [ 4103909.0, 3041352.8 ], [ 4103935.6, 3041345.9 ], [ 4103940.7, 3041359.2 ], [ 4103910.8, 3041374.9 ], [ 4103861.4, 3041429.2 ], [ 4103831.9, 3041426.5 ], [ 4103803.6, 3041443.6 ], [ 4103650.4, 3041567.6 ], [ 4103642.5, 3041583.2 ], [ 4103648.4, 3041608.9 ], [ 4103612.6, 3041641.1 ], [ 4103630.5, 3041698.5 ], [ 4103715.9, 3041825.1 ], [ 4103738.2, 3041950.9 ], [ 4103756.2, 3041997.3 ], [ 4103778.7, 3042023.8 ], [ 4103799.4, 3042022.0 ], [ 4103892.3, 3041943.8 ], [ 4103935.1, 3041917.3 ], [ 4104014.0, 3041878.4 ], [ 4104066.8, 3041862.9 ], [ 4104075.7, 3041846.7 ], [ 4104071.5, 3041832.3 ], [ 4104187.5, 3041789.8 ], [ 4104220.2, 3041787.9 ], [ 4104246.4, 3041827.0 ], [ 4104268.9, 3041834.5 ], [ 4104332.3, 3041808.5 ], [ 4104422.5, 3041801.5 ], [ 4104439.4, 3041828.7 ], [ 4104455.6, 3041836.2 ], [ 4104586.1, 3041816.1 ], [ 4104679.4, 3041820.5 ], [ 4104711.6, 3041815.2 ], [ 4104730.8, 3041837.2 ], [ 4104720.8, 3041851.6 ], [ 4104724.4, 3041868.6 ], [ 4104740.8, 3041883.8 ], [ 4104755.2, 3041885.5 ], [ 4104772.1, 3041867.8 ], [ 4104772.6, 3041818.2 ], [ 4104804.0, 3041785.5 ], [ 4104814.0, 3041714.9 ], [ 4104839.3, 3041713.1 ], [ 4104873.8, 3041793.6 ], [ 4104894.8, 3041799.2 ], [ 4104936.6, 3041779.9 ], [ 4104973.2, 3041860.1 ], [ 4105106.8, 3041863.9 ], [ 4105136.4, 3041893.3 ], [ 4105169.9, 3041891.0 ], [ 4105188.7, 3041913.9 ], [ 4105177.8, 3041930.8 ], [ 4105179.6, 3041945.0 ], [ 4105240.6, 3042052.7 ], [ 4105255.0, 3042063.6 ], [ 4105275.5, 3042057.7 ], [ 4105281.9, 3042040.8 ], [ 4105273.1, 3042004.7 ], [ 4105240.4, 3041950.2 ], [ 4105264.4, 3041941.1 ], [ 4105292.1, 3041916.5 ], [ 4105362.7, 3042051.4 ], [ 4105437.4, 3042109.2 ], [ 4105458.1, 3042136.4 ], [ 4105488.0, 3042144.6 ], [ 4105499.7, 3042203.7 ], [ 4105468.0, 3042184.4 ], [ 4105462.2, 3042165.4 ], [ 4105440.1, 3042152.9 ], [ 4105412.1, 3042161.8 ], [ 4105387.8, 3042154.8 ], [ 4105342.2, 3042189.9 ], [ 4105313.7, 3042174.1 ], [ 4105274.0, 3042129.4 ], [ 4105279.3, 3042097.6 ], [ 4105272.8, 3042081.2 ], [ 4105260.1, 3042074.9 ], [ 4105216.9, 3042078.2 ], [ 4105189.8, 3042039.3 ], [ 4105166.6, 3042034.5 ], [ 4105061.1, 3042094.4 ], [ 4105053.4, 3042114.7 ], [ 4105088.1, 3042180.5 ], [ 4105172.9, 3042237.0 ], [ 4105183.5, 3042255.7 ], [ 4105205.0, 3042256.6 ], [ 4105244.9, 3042226.8 ], [ 4105251.0, 3042214.1 ], [ 4105279.1, 3042206.5 ], [ 4105396.9, 3042266.3 ], [ 4105422.4, 3042256.2 ], [ 4105483.3, 3042280.0 ], [ 4105520.4, 3042261.2 ], [ 4105523.9, 3042218.7 ], [ 4105541.1, 3042205.6 ], [ 4105565.4, 3042212.0 ], [ 4105603.8, 3042254.3 ], [ 4105641.9, 3042262.1 ], [ 4105727.1, 3042252.1 ], [ 4105731.5, 3042303.0 ], [ 4105681.1, 3042308.4 ], [ 4105666.0, 3042322.4 ], [ 4105667.2, 3042339.7 ], [ 4105693.7, 3042378.8 ], [ 4105689.5, 3042391.4 ], [ 4105667.7, 3042392.4 ], [ 4105654.5, 3042405.3 ], [ 4105651.3, 3042474.0 ], [ 4105599.2, 3042462.0 ], [ 4105612.3, 3042394.9 ], [ 4105569.7, 3042368.3 ], [ 4105555.5, 3042345.4 ], [ 4105538.0, 3042343.4 ], [ 4105516.8, 3042358.9 ], [ 4105505.6, 3042402.6 ], [ 4105467.6, 3042420.5 ], [ 4105435.1, 3042463.5 ], [ 4105324.8, 3042510.7 ], [ 4105301.7, 3042478.3 ], [ 4105330.0, 3042461.6 ], [ 4105333.5, 3042440.8 ], [ 4105302.4, 3042416.7 ], [ 4105284.9, 3042417.5 ], [ 4105214.2, 3042504.8 ], [ 4105216.9, 3042526.2 ], [ 4105236.6, 3042534.9 ], [ 4105227.3, 3042576.1 ], [ 4105204.0, 3042584.3 ], [ 4105121.2, 3042590.0 ], [ 4105106.5, 3042548.8 ], [ 4105079.9, 3042543.2 ], [ 4105065.2, 3042526.7 ], [ 4105061.2, 3042352.9 ], [ 4104981.1, 3042336.4 ], [ 4104886.8, 3042284.1 ], [ 4104820.9, 3042299.5 ], [ 4104771.6, 3042301.1 ], [ 4104764.3, 3042210.4 ], [ 4104741.6, 3042109.8 ], [ 4104848.0, 3042156.2 ], [ 4104855.8, 3042174.1 ], [ 4104919.0, 3042220.3 ], [ 4104903.7, 3042251.0 ], [ 4104909.6, 3042271.0 ], [ 4104978.3, 3042318.1 ], [ 4105004.6, 3042328.2 ], [ 4105116.7, 3042332.8 ], [ 4105137.3, 3042302.9 ], [ 4105134.6, 3042282.8 ], [ 4105052.7, 3042256.9 ], [ 4104977.6, 3042208.6 ], [ 4104938.1, 3042171.9 ], [ 4104945.8, 3042157.1 ], [ 4104942.4, 3042143.0 ], [ 4104908.3, 3042092.0 ], [ 4104871.3, 3042053.6 ], [ 4104828.6, 3042027.4 ], [ 4104803.9, 3042037.1 ], [ 4104684.2, 3041966.7 ], [ 4104587.2, 3041877.4 ], [ 4104525.6, 3041847.2 ], [ 4104408.7, 3041844.5 ], [ 4104393.2, 3041852.3 ], [ 4104233.2, 3041872.8 ], [ 4104133.5, 3041898.7 ], [ 4103864.0, 3042008.3 ], [ 4103825.1, 3042033.6 ], [ 4103810.7, 3042055.1 ], [ 4103813.1, 3042069.5 ], [ 4103854.6, 3042127.1 ], [ 4103916.7, 3042176.4 ], [ 4103964.2, 3042241.1 ], [ 4104029.8, 3042458.6 ], [ 4104090.9, 3042573.8 ], [ 4104131.2, 3042611.6 ], [ 4104212.6, 3042645.1 ], [ 4104251.3, 3042671.3 ], [ 4104328.1, 3042752.2 ], [ 4104353.2, 3042803.4 ], [ 4104371.4, 3042887.4 ], [ 4104404.3, 3042978.5 ], [ 4104396.7, 3043134.6 ], [ 4104401.0, 3043266.0 ], [ 4104633.7, 3043653.9 ], [ 4104651.2, 3043692.7 ], [ 4104663.8, 3043755.0 ], [ 4104645.9, 3043960.1 ], [ 4104605.3, 3044097.4 ], [ 4104562.6, 3044203.6 ], [ 4104562.3, 3044283.5 ], [ 4104596.6, 3044298.6 ], [ 4104612.4, 3044334.7 ], [ 4104645.1, 3044338.0 ], [ 4104657.9, 3044351.9 ], [ 4104649.7, 3044374.0 ], [ 4104670.6, 3044413.9 ], [ 4104687.4, 3044431.1 ], [ 4104709.0, 3044428.6 ], [ 4104728.0, 3044404.1 ], [ 4104730.6, 3044370.5 ], [ 4104775.9, 3044320.4 ], [ 4104819.4, 3044251.5 ], [ 4104819.7, 3044229.3 ], [ 4104842.0, 3044223.5 ], [ 4104917.3, 3044149.0 ], [ 4104989.9, 3044117.3 ], [ 4104998.9, 3044018.7 ], [ 4105049.3, 3043988.9 ], [ 4105056.9, 3043968.8 ], [ 4105126.4, 3043917.6 ], [ 4105128.1, 3043941.6 ], [ 4105153.0, 3043962.1 ], [ 4105157.9, 3044091.1 ], [ 4105328.8, 3044213.7 ], [ 4105318.3, 3044237.0 ], [ 4105329.1, 3044258.5 ], [ 4105346.4, 3044263.7 ], [ 4105359.5, 3044257.1 ], [ 4105384.6, 3044204.6 ], [ 4105392.9, 3044232.8 ], [ 4105409.2, 3044252.3 ], [ 4105438.1, 3044268.7 ], [ 4105435.4, 3044285.8 ], [ 4105449.2, 3044301.0 ], [ 4105470.5, 3044306.2 ], [ 4105489.4, 3044296.5 ], [ 4105574.0, 3044332.2 ], [ 4105587.3, 3044327.7 ], [ 4105596.3, 3044312.5 ], [ 4105625.7, 3044301.0 ], [ 4105647.5, 3044301.8 ], [ 4105657.6, 3044309.9 ], [ 4105659.6, 3044374.1 ], [ 4105609.7, 3044407.5 ], [ 4105585.4, 3044473.5 ], [ 4105604.8, 3044511.6 ], [ 4105629.2, 3044516.4 ], [ 4105626.7, 3044556.8 ], [ 4105645.8, 3044600.7 ], [ 4105618.1, 3044616.4 ], [ 4105623.9, 3044653.9 ], [ 4105647.9, 3044661.5 ], [ 4105671.8, 3044641.4 ], [ 4105698.3, 3044641.3 ], [ 4105726.8, 3044627.0 ], [ 4105749.9, 3044660.7 ], [ 4105751.4, 3044671.3 ], [ 4105700.5, 3044704.0 ], [ 4105693.5, 3044717.0 ], [ 4105696.3, 3044731.5 ], [ 4105715.4, 3044751.7 ], [ 4105718.8, 3044800.5 ], [ 4105670.5, 3044830.4 ], [ 4105663.3, 3044842.8 ], [ 4105677.3, 3044873.9 ], [ 4105687.9, 3044957.2 ], [ 4105790.5, 3045092.9 ], [ 4105859.6, 3045200.8 ], [ 4105888.6, 3045252.4 ], [ 4105876.7, 3045281.3 ], [ 4105882.1, 3045297.7 ], [ 4106128.3, 3045496.6 ], [ 4106169.6, 3045558.4 ], [ 4106258.2, 3045777.5 ], [ 4106381.6, 3045828.0 ], [ 4106396.2, 3045824.7 ], [ 4106406.3, 3045809.9 ], [ 4106453.8, 3045808.9 ], [ 4106518.4, 3045861.9 ], [ 4106527.2, 3045881.9 ], [ 4106542.9, 3045887.4 ] ], [ [ 4106608.8, 3045269.8 ], [ 4106637.0, 3045228.8 ], [ 4106646.8, 3045242.9 ], [ 4106670.7, 3045253.8 ], [ 4106715.4, 3045258.4 ], [ 4106694.7, 3045337.5 ], [ 4106608.5, 3045297.5 ], [ 4106608.8, 3045269.8 ] ], [ [ 4106274.6, 3044875.8 ], [ 4106314.2, 3044849.6 ], [ 4106341.3, 3044913.1 ], [ 4106313.1, 3044937.3 ], [ 4106278.7, 3044946.4 ], [ 4106282.9, 3044913.2 ], [ 4106270.0, 3044889.4 ], [ 4106274.6, 3044875.8 ] ], [ [ 4106479.7, 3044637.3 ], [ 4106488.7, 3044623.0 ], [ 4106562.1, 3044572.0 ], [ 4106603.5, 3044554.2 ], [ 4106607.9, 3044560.9 ], [ 4106605.3, 3044595.5 ], [ 4106502.3, 3044654.8 ], [ 4106491.8, 3044655.3 ], [ 4106479.7, 3044637.3 ] ], [ [ 4106945.6, 3044398.0 ], [ 4106960.0, 3044373.9 ], [ 4106984.3, 3044365.6 ], [ 4106993.0, 3044343.5 ], [ 4107016.4, 3044375.5 ], [ 4107000.7, 3044412.3 ], [ 4106945.6, 3044398.0 ] ], [ [ 4108140.1, 3044359.9 ], [ 4108079.8, 3044337.1 ], [ 4108090.5, 3044313.3 ], [ 4108080.9, 3044294.5 ], [ 4107995.6, 3044263.6 ], [ 4108004.0, 3044241.2 ], [ 4107999.0, 3044225.2 ], [ 4107955.4, 3044204.4 ], [ 4107920.1, 3044160.1 ], [ 4107938.3, 3044134.5 ], [ 4107955.3, 3044138.6 ], [ 4108006.9, 3044176.7 ], [ 4108027.5, 3044171.9 ], [ 4108035.6, 3044153.2 ], [ 4108054.9, 3044162.4 ], [ 4108159.2, 3044238.5 ], [ 4108230.2, 3044307.8 ], [ 4108262.5, 3044361.3 ], [ 4108229.7, 3044382.2 ], [ 4108232.7, 3044412.9 ], [ 4108294.0, 3044498.3 ], [ 4108358.7, 3044536.0 ], [ 4108378.7, 3044606.0 ], [ 4108269.9, 3044573.2 ], [ 4108220.9, 3044520.9 ], [ 4108136.8, 3044483.1 ], [ 4108139.3, 3044464.1 ], [ 4108187.9, 3044441.1 ], [ 4108192.7, 3044415.8 ], [ 4108179.3, 3044399.4 ], [ 4108152.7, 3044402.3 ], [ 4108140.1, 3044359.9 ] ], [ [ 4107885.5, 3044435.0 ], [ 4107908.0, 3044445.3 ], [ 4107916.2, 3044462.6 ], [ 4107906.3, 3044474.3 ], [ 4107879.8, 3044473.8 ], [ 4107862.1, 3044489.0 ], [ 4107802.0, 3044488.0 ], [ 4107762.8, 3044440.6 ], [ 4107782.2, 3044417.9 ], [ 4107831.6, 3044432.4 ], [ 4107859.3, 3044409.4 ], [ 4107883.5, 3044413.0 ], [ 4107885.5, 3044435.0 ] ], [ [ 4108570.8, 3044707.4 ], [ 4108506.3, 3044599.6 ], [ 4108524.2, 3044600.0 ], [ 4108598.3, 3044727.6 ], [ 4108631.9, 3044750.5 ], [ 4108777.7, 3044792.3 ], [ 4108773.2, 3044821.9 ], [ 4108795.7, 3044850.2 ], [ 4108809.5, 3044853.8 ], [ 4108836.3, 3044845.9 ], [ 4108848.8, 3044877.3 ], [ 4108909.0, 3044894.1 ], [ 4108886.5, 3044899.1 ], [ 4108878.3, 3044918.3 ], [ 4108887.8, 3044934.8 ], [ 4108907.0, 3044939.2 ], [ 4108900.3, 3045009.0 ], [ 4108930.4, 3045083.2 ], [ 4108892.2, 3045084.9 ], [ 4108879.8, 3045127.0 ], [ 4108780.1, 3045114.3 ], [ 4108749.2, 3045100.7 ], [ 4108737.8, 3045004.7 ], [ 4108699.9, 3044970.6 ], [ 4108701.3, 3044925.4 ], [ 4108714.9, 3044911.9 ], [ 4108722.0, 3044872.2 ], [ 4108610.6, 3044794.7 ], [ 4108621.3, 3044778.4 ], [ 4108619.8, 3044761.1 ], [ 4108570.8, 3044707.4 ] ], [ [ 4108251.5, 3044891.7 ], [ 4108237.8, 3044907.8 ], [ 4108224.1, 3044883.4 ], [ 4108203.0, 3044878.6 ], [ 4108170.0, 3044912.0 ], [ 4108164.0, 3044894.6 ], [ 4108145.3, 3044881.1 ], [ 4108141.8, 3044863.0 ], [ 4108119.7, 3044848.1 ], [ 4108100.6, 3044817.7 ], [ 4108147.8, 3044823.4 ], [ 4108190.9, 3044843.7 ], [ 4108208.1, 3044839.9 ], [ 4108217.4, 3044821.2 ], [ 4108212.9, 3044759.6 ], [ 4108256.1, 3044693.2 ], [ 4108261.6, 3044696.2 ], [ 4108254.0, 3044733.2 ], [ 4108270.6, 3044781.8 ], [ 4108281.2, 3044791.0 ], [ 4108321.3, 3044799.7 ], [ 4108287.4, 3044807.1 ], [ 4108270.2, 3044826.0 ], [ 4108247.1, 3044864.2 ], [ 4108251.5, 3044891.7 ] ], [ [ 4107511.0, 3044789.6 ], [ 4107438.7, 3044853.4 ], [ 4107444.6, 3044920.7 ], [ 4107426.1, 3044974.4 ], [ 4107409.6, 3044977.2 ], [ 4107393.8, 3044991.1 ], [ 4107398.2, 3044973.2 ], [ 4107392.3, 3044960.4 ], [ 4107404.7, 3044933.6 ], [ 4107397.4, 3044914.4 ], [ 4107409.8, 3044888.1 ], [ 4107391.0, 3044855.4 ], [ 4107436.6, 3044815.0 ], [ 4107439.5, 3044793.9 ], [ 4107493.0, 3044785.3 ], [ 4107511.0, 3044789.6 ] ], [ [ 4107846.7, 3044978.9 ], [ 4107835.3, 3044955.3 ], [ 4107895.0, 3044947.3 ], [ 4107955.6, 3044960.7 ], [ 4107981.4, 3044976.9 ], [ 4107981.7, 3044989.3 ], [ 4107923.3, 3045012.4 ], [ 4107877.6, 3045001.9 ], [ 4107846.7, 3044978.9 ] ], [ [ 4107032.2, 3043940.5 ], [ 4106980.3, 3043771.9 ], [ 4106979.1, 3043688.1 ], [ 4106950.0, 3043616.1 ], [ 4106927.2, 3043606.2 ], [ 4106914.4, 3043488.4 ], [ 4106901.2, 3043451.8 ], [ 4106901.0, 3043441.7 ], [ 4106949.4, 3043429.4 ], [ 4106954.1, 3043468.6 ], [ 4106969.3, 3043479.0 ], [ 4106986.8, 3043474.9 ], [ 4107023.9, 3043544.7 ], [ 4107034.8, 3043591.9 ], [ 4107056.6, 3043617.4 ], [ 4107086.3, 3043724.9 ], [ 4107114.9, 3043785.7 ], [ 4107120.8, 3043846.4 ], [ 4107142.3, 3043896.3 ], [ 4107146.1, 3043953.5 ], [ 4107181.7, 3044086.6 ], [ 4107154.4, 3044096.2 ], [ 4107122.1, 3044073.0 ], [ 4107098.9, 3043993.4 ], [ 4107066.3, 3043948.1 ], [ 4107032.2, 3043940.5 ] ], [ [ 4108135.1, 3044081.7 ], [ 4108062.4, 3044070.3 ], [ 4108059.0, 3044053.0 ], [ 4108040.4, 3044043.4 ], [ 4107945.1, 3044074.0 ], [ 4107954.5, 3044012.3 ], [ 4108008.5, 3043991.0 ], [ 4108046.6, 3044009.0 ], [ 4108065.0, 3044007.9 ], [ 4108101.3, 3044036.7 ], [ 4108140.9, 3044039.7 ], [ 4108135.1, 3044081.7 ] ], [ [ 4108012.0, 3043800.3 ], [ 4108040.0, 3043749.6 ], [ 4108131.4, 3043760.1 ], [ 4108145.2, 3043750.1 ], [ 4108160.9, 3043712.5 ], [ 4108172.2, 3043672.3 ], [ 4108167.8, 3043655.0 ], [ 4108152.0, 3043646.7 ], [ 4108132.9, 3043650.1 ], [ 4108066.7, 3043585.6 ], [ 4108106.8, 3043529.1 ], [ 4108133.3, 3043512.5 ], [ 4108129.2, 3043466.4 ], [ 4108149.7, 3043469.3 ], [ 4108215.0, 3043552.4 ], [ 4108229.5, 3043581.3 ], [ 4108248.1, 3043594.2 ], [ 4108339.4, 3043610.5 ], [ 4108483.6, 3043594.8 ], [ 4108496.1, 3043610.7 ], [ 4108481.7, 3043625.7 ], [ 4108486.0, 3043646.2 ], [ 4108433.4, 3043698.5 ], [ 4108428.0, 3043712.5 ], [ 4108441.6, 3043739.5 ], [ 4108455.5, 3043743.3 ], [ 4108471.8, 3043735.1 ], [ 4108492.7, 3043755.0 ], [ 4108486.0, 3043781.4 ], [ 4108475.8, 3043794.1 ], [ 4108439.4, 3043809.1 ], [ 4108398.8, 3043813.1 ], [ 4108390.9, 3043825.5 ], [ 4108392.6, 3043841.8 ], [ 4108174.8, 3043827.7 ], [ 4108157.1, 3043838.7 ], [ 4108110.9, 3043846.0 ], [ 4108080.5, 3043876.5 ], [ 4108013.3, 3043872.8 ], [ 4108012.0, 3043800.3 ] ], [ [ 4107631.4, 3043606.3 ], [ 4107519.3, 3043583.1 ], [ 4107466.2, 3043545.2 ], [ 4107430.8, 3043508.4 ], [ 4107453.9, 3043491.6 ], [ 4107533.1, 3043562.3 ], [ 4107637.3, 3043584.0 ], [ 4107631.4, 3043606.3 ] ], [ [ 4106305.6, 3043458.5 ], [ 4106401.9, 3043468.3 ], [ 4106423.4, 3043521.8 ], [ 4106426.5, 3043564.0 ], [ 4106341.2, 3043541.9 ], [ 4106306.8, 3043512.8 ], [ 4106280.2, 3043513.3 ], [ 4106274.7, 3043470.6 ], [ 4106305.6, 3043458.5 ] ], [ [ 4106942.7, 3043306.3 ], [ 4106971.6, 3043282.8 ], [ 4107089.5, 3043142.4 ], [ 4107199.2, 3043062.3 ], [ 4107284.7, 3043027.1 ], [ 4107355.7, 3042949.2 ], [ 4107397.6, 3042924.5 ], [ 4107425.1, 3042868.2 ], [ 4107421.6, 3042794.0 ], [ 4107405.6, 3042728.6 ], [ 4107412.3, 3042704.1 ], [ 4107427.4, 3042715.6 ], [ 4107447.9, 3042709.2 ], [ 4107516.1, 3042611.8 ], [ 4107577.5, 3042561.0 ], [ 4107629.2, 3042537.8 ], [ 4107691.0, 3042542.5 ], [ 4107711.3, 3042563.6 ], [ 4107761.9, 3042582.0 ], [ 4107771.2, 3042594.7 ], [ 4107747.4, 3042593.2 ], [ 4107654.2, 3042560.7 ], [ 4107619.6, 3042571.1 ], [ 4107551.8, 3042636.9 ], [ 4107488.5, 3042722.0 ], [ 4107477.7, 3042752.3 ], [ 4107478.0, 3042798.3 ], [ 4107490.5, 3042827.3 ], [ 4107483.0, 3042860.6 ], [ 4107435.8, 3042939.9 ], [ 4107385.5, 3042948.7 ], [ 4107346.9, 3043014.0 ], [ 4107308.2, 3043043.0 ], [ 4107283.9, 3043039.0 ], [ 4107206.6, 3043081.3 ], [ 4107116.7, 3043152.7 ], [ 4107009.2, 3043282.3 ], [ 4106951.3, 3043366.0 ], [ 4106942.7, 3043306.3 ] ], [ [ 4108393.3, 3043195.4 ], [ 4108423.4, 3043112.8 ], [ 4108486.4, 3043062.2 ], [ 4108515.3, 3043025.7 ], [ 4108535.0, 3042955.7 ], [ 4108517.1, 3042938.1 ], [ 4108479.3, 3042945.3 ], [ 4108379.6, 3042888.5 ], [ 4108209.7, 3042750.8 ], [ 4108230.1, 3042712.2 ], [ 4108335.7, 3042660.2 ], [ 4108365.5, 3042712.4 ], [ 4108449.3, 3042764.2 ], [ 4108467.4, 3042761.4 ], [ 4108555.2, 3042704.3 ], [ 4108579.9, 3042744.8 ], [ 4108642.0, 3042782.3 ], [ 4108690.5, 3042824.7 ], [ 4108702.2, 3042875.0 ], [ 4108727.5, 3042890.9 ], [ 4108757.0, 3042897.3 ], [ 4108751.3, 3042922.9 ], [ 4108693.5, 3042923.8 ], [ 4108674.2, 3042935.1 ], [ 4108656.6, 3042977.3 ], [ 4108657.2, 3043012.4 ], [ 4108612.1, 3043105.7 ], [ 4108575.6, 3043156.8 ], [ 4108583.4, 3043225.8 ], [ 4108574.8, 3043259.1 ], [ 4108575.0, 3043352.6 ], [ 4108489.0, 3043312.6 ], [ 4108413.6, 3043258.5 ], [ 4108393.3, 3043195.4 ] ], [ [ 4109225.1, 3043140.9 ], [ 4109152.0, 3043138.9 ], [ 4109095.5, 3043127.5 ], [ 4108831.5, 3042967.1 ], [ 4108859.6, 3042952.5 ], [ 4108865.9, 3042923.1 ], [ 4108859.3, 3042898.3 ], [ 4108867.1, 3042884.2 ], [ 4108931.6, 3042828.7 ], [ 4108939.8, 3042802.1 ], [ 4108938.0, 3042763.9 ], [ 4108979.8, 3042803.2 ], [ 4109038.9, 3042889.9 ], [ 4109087.4, 3042898.2 ], [ 4109120.0, 3042892.4 ], [ 4109140.0, 3042926.6 ], [ 4109179.4, 3042930.0 ], [ 4109202.5, 3042972.5 ], [ 4109202.7, 3043064.3 ], [ 4109234.2, 3043147.1 ], [ 4109225.1, 3043140.9 ] ], [ [ 4107658.9, 3043176.0 ], [ 4107619.9, 3043156.8 ], [ 4107518.4, 3043170.3 ], [ 4107513.0, 3043162.5 ], [ 4107636.7, 3043127.4 ], [ 4107667.0, 3043076.0 ], [ 4107706.2, 3043095.0 ], [ 4107720.0, 3043155.0 ], [ 4107658.9, 3043176.0 ] ], [ [ 4105496.6, 3042894.2 ], [ 4105416.4, 3042889.7 ], [ 4105418.8, 3042857.2 ], [ 4105441.2, 3042812.3 ], [ 4105448.3, 3042753.5 ], [ 4105571.4, 3042738.6 ], [ 4105496.6, 3042894.2 ] ], [ [ 4105722.5, 3043298.0 ], [ 4105688.0, 3043277.8 ], [ 4105653.0, 3043222.4 ], [ 4105671.3, 3043200.3 ], [ 4105732.1, 3043285.3 ], [ 4105722.5, 3043298.0 ] ], [ [ 4104207.5, 3042287.6 ], [ 4104173.2, 3042284.4 ], [ 4104144.8, 3042257.5 ], [ 4104108.1, 3042234.1 ], [ 4104093.8, 3042232.9 ], [ 4104085.0, 3042199.0 ], [ 4104060.1, 3042185.0 ], [ 4104059.9, 3042145.2 ], [ 4104051.0, 3042126.0 ], [ 4104030.1, 3042113.3 ], [ 4103997.9, 3042114.3 ], [ 4103981.9, 3042085.3 ], [ 4103937.0, 3042085.6 ], [ 4103933.6, 3042063.8 ], [ 4103964.3, 3042039.0 ], [ 4103974.2, 3042060.2 ], [ 4103997.9, 3042062.5 ], [ 4104065.2, 3042000.2 ], [ 4104083.5, 3041988.1 ], [ 4104097.8, 3041989.1 ], [ 4104066.4, 3042049.1 ], [ 4104078.3, 3042069.8 ], [ 4104085.1, 3042140.0 ], [ 4104120.1, 3042192.8 ], [ 4104182.2, 3042257.7 ], [ 4104208.9, 3042260.5 ], [ 4104226.1, 3042228.8 ], [ 4104261.4, 3042257.4 ], [ 4104338.6, 3042354.3 ], [ 4104320.4, 3042384.3 ], [ 4104300.6, 3042378.6 ], [ 4104285.9, 3042389.0 ], [ 4104288.3, 3042425.4 ], [ 4104268.9, 3042407.3 ], [ 4104225.6, 3042309.1 ], [ 4104207.5, 3042287.6 ] ], [ [ 4106999.5, 3042416.3 ], [ 4106987.9, 3042356.6 ], [ 4106990.3, 3042200.6 ], [ 4107048.5, 3042204.7 ], [ 4107124.4, 3042341.6 ], [ 4107047.3, 3042411.5 ], [ 4106999.5, 3042416.3 ] ], [ [ 4106174.5, 3041983.8 ], [ 4106150.5, 3041893.4 ], [ 4106116.6, 3041865.7 ], [ 4106098.6, 3041837.8 ], [ 4106088.4, 3041785.5 ], [ 4106071.9, 3041766.0 ], [ 4106069.2, 3041738.1 ], [ 4106048.1, 3041708.5 ], [ 4106042.9, 3041687.7 ], [ 4105979.6, 3041607.7 ], [ 4105898.9, 3041482.8 ], [ 4105860.0, 3041394.0 ], [ 4105825.1, 3041339.1 ], [ 4105803.0, 3041309.1 ], [ 4105783.0, 3041303.1 ], [ 4105758.8, 3041223.9 ], [ 4105753.1, 3041154.6 ], [ 4105763.1, 3041052.9 ], [ 4105751.4, 3041024.5 ], [ 4105753.0, 3040949.4 ], [ 4105727.7, 3040781.6 ], [ 4105691.4, 3040639.0 ], [ 4105700.1, 3040541.1 ], [ 4105664.6, 3040469.8 ], [ 4105666.5, 3040406.4 ], [ 4105656.1, 3040362.1 ], [ 4105690.8, 3040219.5 ], [ 4105716.4, 3040046.6 ], [ 4105729.5, 3040023.2 ], [ 4105750.4, 3040031.4 ], [ 4105753.3, 3040121.8 ], [ 4105700.1, 3040365.2 ], [ 4105693.4, 3040449.9 ], [ 4105701.2, 3040487.1 ], [ 4105724.8, 3040531.9 ], [ 4105749.6, 3040607.0 ], [ 4105736.7, 3040613.7 ], [ 4105730.7, 3040630.6 ], [ 4105740.2, 3040650.5 ], [ 4105735.5, 3040666.7 ], [ 4105742.5, 3040721.0 ], [ 4105768.5, 3040859.8 ], [ 4105773.5, 3040973.0 ], [ 4105761.5, 3041006.4 ], [ 4105792.8, 3041081.7 ], [ 4105790.8, 3041139.7 ], [ 4105813.5, 3041210.6 ], [ 4105812.5, 3041247.5 ], [ 4105839.6, 3041278.6 ], [ 4105844.9, 3041301.0 ], [ 4105866.2, 3041332.4 ], [ 4105877.5, 3041384.4 ], [ 4105914.9, 3041406.2 ], [ 4105919.9, 3041434.8 ], [ 4105944.0, 3041483.0 ], [ 4106046.1, 3041628.9 ], [ 4106061.8, 3041636.4 ], [ 4106078.1, 3041630.1 ], [ 4106197.5, 3041470.5 ], [ 4106279.6, 3041412.6 ], [ 4106334.9, 3041395.9 ], [ 4106347.5, 3041366.2 ], [ 4106390.1, 3041336.5 ], [ 4106514.2, 3041291.5 ], [ 4106578.6, 3041288.6 ], [ 4106612.5, 3041258.9 ], [ 4106630.1, 3041190.3 ], [ 4106665.3, 3041165.2 ], [ 4106698.7, 3041110.3 ], [ 4106733.4, 3041094.6 ], [ 4106729.1, 3041109.3 ], [ 4106698.4, 3041128.6 ], [ 4106668.0, 3041175.5 ], [ 4106638.8, 3041278.9 ], [ 4106622.4, 3041306.9 ], [ 4106589.7, 3041312.9 ], [ 4106483.9, 3041358.6 ], [ 4106435.9, 3041386.9 ], [ 4106392.2, 3041401.3 ], [ 4106353.1, 3041428.6 ], [ 4106297.0, 3041448.7 ], [ 4106186.4, 3041561.9 ], [ 4106133.0, 3041666.7 ], [ 4106124.4, 3041713.5 ], [ 4106203.0, 3041890.4 ], [ 4106206.3, 3041920.7 ], [ 4106223.6, 3041959.1 ], [ 4106233.6, 3042037.7 ], [ 4106174.5, 3041983.8 ] ], [ [ 4108195.7, 3041331.2 ], [ 4108229.4, 3041321.8 ], [ 4108256.7, 3041424.7 ], [ 4108243.5, 3041443.0 ], [ 4108225.6, 3041438.6 ], [ 4108195.7, 3041331.2 ] ], [ [ 4107534.3, 3041095.9 ], [ 4107459.6, 3041071.5 ], [ 4107466.1, 3041028.8 ], [ 4107555.8, 3041046.5 ], [ 4107585.7, 3041039.1 ], [ 4107607.2, 3041014.3 ], [ 4107610.9, 3041083.6 ], [ 4107591.9, 3041100.8 ], [ 4107534.3, 3041095.9 ] ], [ [ 4108677.6, 3040262.1 ], [ 4108546.2, 3040108.6 ], [ 4108500.3, 3039997.0 ], [ 4108509.1, 3039979.8 ], [ 4108515.8, 3039977.7 ], [ 4108528.5, 3040017.0 ], [ 4108581.9, 3040106.3 ], [ 4108698.7, 3040231.1 ], [ 4108703.3, 3040277.0 ], [ 4108724.9, 3040341.2 ], [ 4108716.9, 3040341.5 ], [ 4108677.6, 3040262.1 ] ], [ [ 4105165.5, 3040002.9 ], [ 4105160.6, 3040062.3 ], [ 4105133.4, 3040057.5 ], [ 4105123.7, 3040045.0 ], [ 4105078.4, 3040022.5 ], [ 4105081.6, 3039996.4 ], [ 4105066.9, 3039981.3 ], [ 4104936.4, 3039984.1 ], [ 4104947.0, 3039928.4 ], [ 4104940.7, 3039912.5 ], [ 4104779.6, 3039856.3 ], [ 4104795.3, 3039818.0 ], [ 4104941.8, 3039869.2 ], [ 4104963.8, 3039856.8 ], [ 4105111.2, 3039856.9 ], [ 4105097.3, 3039948.6 ], [ 4105165.5, 3040002.9 ] ], [ [ 4106737.8, 3039828.3 ], [ 4106658.7, 3039754.1 ], [ 4106575.9, 3039726.7 ], [ 4106533.0, 3039721.6 ], [ 4106520.1, 3039705.8 ], [ 4106514.6, 3039680.6 ], [ 4106573.3, 3039606.8 ], [ 4106620.8, 3039597.8 ], [ 4106634.0, 3039567.9 ], [ 4106626.4, 3039496.9 ], [ 4106607.7, 3039486.3 ], [ 4106568.2, 3039498.7 ], [ 4106549.1, 3039434.4 ], [ 4106584.6, 3039415.8 ], [ 4106576.9, 3039375.3 ], [ 4106614.8, 3039357.2 ], [ 4106639.6, 3039368.8 ], [ 4106745.6, 3039331.3 ], [ 4106748.9, 3039343.7 ], [ 4106719.8, 3039355.4 ], [ 4106712.2, 3039375.4 ], [ 4106725.2, 3039392.3 ], [ 4106746.1, 3039393.2 ], [ 4106757.5, 3039437.0 ], [ 4106739.8, 3039442.2 ], [ 4106732.2, 3039422.7 ], [ 4106712.4, 3039415.8 ], [ 4106669.9, 3039429.1 ], [ 4106656.9, 3039452.5 ], [ 4106667.2, 3039470.1 ], [ 4106737.1, 3039501.3 ], [ 4106730.3, 3039522.8 ], [ 4106741.8, 3039549.1 ], [ 4106779.9, 3039546.9 ], [ 4106778.9, 3039597.2 ], [ 4106758.9, 3039627.3 ], [ 4106739.9, 3039623.5 ], [ 4106725.5, 3039600.8 ], [ 4106690.2, 3039595.1 ], [ 4106674.0, 3039603.2 ], [ 4106655.3, 3039684.7 ], [ 4106665.8, 3039705.1 ], [ 4106737.3, 3039736.4 ], [ 4106746.1, 3039769.5 ], [ 4106737.8, 3039828.3 ] ], [ [ 4106515.3, 3039300.1 ], [ 4106537.0, 3039386.5 ], [ 4106499.9, 3039401.2 ], [ 4106469.7, 3039428.1 ], [ 4106289.2, 3039359.4 ], [ 4106256.2, 3039337.8 ], [ 4106253.7, 3039325.4 ], [ 4106325.9, 3039294.8 ], [ 4106378.8, 3039284.4 ], [ 4106427.1, 3039211.4 ], [ 4106543.4, 3039226.1 ], [ 4106604.0, 3039259.3 ], [ 4106623.9, 3039257.5 ], [ 4106628.4, 3039276.0 ], [ 4106598.2, 3039291.0 ], [ 4106577.1, 3039286.2 ], [ 4106558.8, 3039268.7 ], [ 4106536.8, 3039274.9 ], [ 4106515.3, 3039300.1 ] ], [ [ 4104506.7, 3039411.7 ], [ 4104549.5, 3039473.3 ], [ 4104657.3, 3039596.1 ], [ 4104593.2, 3039626.9 ], [ 4104581.8, 3039641.0 ], [ 4104590.0, 3039664.2 ], [ 4104673.0, 3039706.6 ], [ 4104615.2, 3039809.6 ], [ 4104607.2, 3039845.3 ], [ 4104621.2, 3039857.3 ], [ 4104785.2, 3039903.8 ], [ 4104795.5, 3039985.3 ], [ 4104765.7, 3039978.5 ], [ 4104749.6, 3039987.7 ], [ 4104736.9, 3040064.8 ], [ 4104791.9, 3040155.8 ], [ 4104783.7, 3040157.2 ], [ 4104754.5, 3040135.5 ], [ 4104692.9, 3040051.0 ], [ 4104695.2, 3040024.0 ], [ 4104639.1, 3039968.8 ], [ 4104592.8, 3039893.2 ], [ 4104565.7, 3039892.2 ], [ 4104542.1, 3039925.5 ], [ 4104621.5, 3040063.5 ], [ 4104640.6, 3040071.3 ], [ 4104706.4, 3040167.2 ], [ 4104853.1, 3040309.4 ], [ 4104822.1, 3040317.3 ], [ 4104811.6, 3040336.2 ], [ 4104817.3, 3040489.7 ], [ 4104845.7, 3040515.2 ], [ 4104846.1, 3040553.9 ], [ 4104773.1, 3040516.8 ], [ 4104664.6, 3040490.6 ], [ 4104665.0, 3040452.3 ], [ 4104732.4, 3040467.5 ], [ 4104751.6, 3040458.3 ], [ 4104763.9, 3040416.8 ], [ 4104760.7, 3040336.8 ], [ 4104737.4, 3040324.2 ], [ 4104665.4, 3040257.0 ], [ 4104663.2, 3040228.0 ], [ 4104671.6, 3040194.9 ], [ 4104608.6, 3040089.9 ], [ 4104574.7, 3040070.6 ], [ 4104534.5, 3040084.8 ], [ 4104451.6, 3040010.0 ], [ 4104453.4, 3039965.8 ], [ 4104410.8, 3039944.4 ], [ 4104361.7, 3039872.5 ], [ 4104359.9, 3039852.9 ], [ 4104375.7, 3039829.2 ], [ 4104420.8, 3039806.9 ], [ 4104453.2, 3039739.1 ], [ 4104451.0, 3039715.2 ], [ 4104434.4, 3039702.2 ], [ 4104408.9, 3039706.0 ], [ 4104317.4, 3039647.0 ], [ 4104292.1, 3039613.0 ], [ 4104228.5, 3039593.6 ], [ 4104197.7, 3039521.4 ], [ 4104247.0, 3039507.1 ], [ 4104261.2, 3039574.0 ], [ 4104335.3, 3039580.3 ], [ 4104407.5, 3039540.5 ], [ 4104407.0, 3039522.2 ], [ 4104358.4, 3039454.4 ], [ 4104439.0, 3039341.9 ], [ 4104506.7, 3039411.7 ] ], [ [ 4104089.6, 3039691.3 ], [ 4104093.7, 3039714.9 ], [ 4104061.9, 3039736.0 ], [ 4104046.6, 3039728.3 ], [ 4104047.8, 3039702.4 ], [ 4104030.8, 3039681.9 ], [ 4104002.8, 3039666.9 ], [ 4104002.6, 3039650.6 ], [ 4104045.6, 3039662.2 ], [ 4104089.6, 3039691.3 ] ], [ [ 4103970.6, 3039720.1 ], [ 4104008.5, 3039772.6 ], [ 4104045.1, 3039850.6 ], [ 4104005.1, 3039916.6 ], [ 4103979.0, 3039918.2 ], [ 4103976.4, 3039895.1 ], [ 4103959.7, 3039874.9 ], [ 4103959.7, 3039850.5 ], [ 4103949.4, 3039834.8 ], [ 4103955.3, 3039736.7 ], [ 4103945.9, 3039699.4 ], [ 4103970.6, 3039720.1 ] ], [ [ 4104986.5, 3039563.5 ], [ 4105003.3, 3039558.7 ], [ 4105088.9, 3039771.9 ], [ 4105063.0, 3039772.7 ], [ 4105034.8, 3039717.0 ], [ 4104925.5, 3039696.5 ], [ 4104905.7, 3039638.5 ], [ 4104986.5, 3039563.5 ] ], [ [ 4106818.5, 3040037.0 ], [ 4106848.7, 3040018.7 ], [ 4106949.6, 3040091.7 ], [ 4106859.8, 3040143.5 ], [ 4106770.3, 3040058.3 ], [ 4106774.1, 3040035.0 ], [ 4106818.5, 3040037.0 ] ], [ [ 4103298.1, 3040701.4 ], [ 4103285.8, 3040655.5 ], [ 4103341.6, 3040629.5 ], [ 4103369.1, 3040587.1 ], [ 4103363.3, 3040657.6 ], [ 4103298.1, 3040701.4 ] ], [ [ 4105296.1, 3040872.7 ], [ 4105265.3, 3041018.0 ], [ 4105233.6, 3041002.7 ], [ 4105232.8, 3040954.3 ], [ 4105203.2, 3040932.7 ], [ 4105197.6, 3040885.4 ], [ 4105243.2, 3040831.3 ], [ 4105255.9, 3040826.0 ], [ 4105259.4, 3040849.1 ], [ 4105296.1, 3040872.7 ] ], [ [ 4105198.7, 3041097.5 ], [ 4105209.2, 3041120.4 ], [ 4105182.8, 3041103.9 ], [ 4105198.7, 3041097.5 ] ], [ [ 4106222.8, 3038760.2 ], [ 4106228.3, 3038734.0 ], [ 4106252.5, 3038720.8 ], [ 4106262.8, 3038723.3 ], [ 4106294.6, 3038794.3 ], [ 4106331.9, 3038821.3 ], [ 4106333.5, 3038851.6 ], [ 4106321.4, 3038875.0 ], [ 4106294.5, 3038874.9 ], [ 4106235.0, 3038855.6 ], [ 4106220.3, 3038831.7 ], [ 4106218.1, 3038810.8 ], [ 4106228.4, 3038782.7 ], [ 4106222.8, 3038760.2 ] ], [ [ 4107701.8, 3038542.9 ], [ 4107696.2, 3038529.6 ], [ 4107849.3, 3038430.9 ], [ 4107870.2, 3038449.3 ], [ 4107773.9, 3038527.8 ], [ 4107701.8, 3038542.9 ] ], [ [ 4106499.2, 3038514.4 ], [ 4106490.5, 3038533.7 ], [ 4106449.3, 3038491.5 ], [ 4106434.5, 3038489.6 ], [ 4106409.2, 3038504.1 ], [ 4106378.1, 3038483.3 ], [ 4106241.6, 3038335.8 ], [ 4106209.7, 3038257.0 ], [ 4106122.0, 3038195.9 ], [ 4106157.6, 3038168.4 ], [ 4106203.3, 3038198.8 ], [ 4106261.9, 3038268.4 ], [ 4106306.0, 3038303.2 ], [ 4106377.4, 3038341.9 ], [ 4106470.1, 3038372.8 ], [ 4106453.6, 3038413.6 ], [ 4106460.8, 3038426.3 ], [ 4106485.2, 3038437.5 ], [ 4106485.7, 3038451.9 ], [ 4106499.0, 3038466.8 ], [ 4106499.2, 3038514.4 ] ], [ [ 4104187.1, 3038438.1 ], [ 4104179.5, 3038444.1 ], [ 4104156.5, 3038425.3 ], [ 4104150.1, 3038402.7 ], [ 4104128.8, 3038382.1 ], [ 4104136.4, 3038265.1 ], [ 4104121.9, 3038229.3 ], [ 4104091.9, 3038209.6 ], [ 4104066.9, 3038158.7 ], [ 4104046.1, 3038139.1 ], [ 4104049.8, 3038132.8 ], [ 4104081.3, 3038155.6 ], [ 4104097.7, 3038190.8 ], [ 4104153.1, 3038248.2 ], [ 4104161.7, 3038385.7 ], [ 4104187.1, 3038438.1 ] ], [ [ 4107174.8, 3038051.0 ], [ 4107201.1, 3038049.0 ], [ 4107236.1, 3038031.2 ], [ 4107221.4, 3038057.5 ], [ 4107224.5, 3038073.9 ], [ 4107174.8, 3038051.0 ] ], [ [ 4106677.7, 3038004.1 ], [ 4106628.9, 3038038.7 ], [ 4106598.1, 3038011.4 ], [ 4106619.0, 3037992.8 ], [ 4106725.5, 3037952.2 ], [ 4106788.7, 3037953.1 ], [ 4106799.2, 3037975.8 ], [ 4106716.6, 3038019.9 ], [ 4106699.1, 3038001.8 ], [ 4106677.7, 3038004.1 ] ], [ [ 4104403.0, 3037942.2 ], [ 4104386.9, 3037970.2 ], [ 4104346.4, 3037947.4 ], [ 4104333.4, 3037918.0 ], [ 4104277.9, 3037876.3 ], [ 4104273.5, 3037825.3 ], [ 4104292.5, 3037855.6 ], [ 4104403.0, 3037942.2 ] ], [ [ 4103675.2, 3037758.4 ], [ 4103758.6, 3037636.5 ], [ 4103782.2, 3037628.2 ], [ 4103727.9, 3037731.1 ], [ 4103695.2, 3037759.1 ], [ 4103675.2, 3037758.4 ] ], [ [ 4104093.4, 3037631.1 ], [ 4104130.4, 3037581.1 ], [ 4104132.2, 3037566.3 ], [ 4104049.2, 3037496.3 ], [ 4104060.5, 3037472.3 ], [ 4104156.1, 3037546.2 ], [ 4104151.8, 3037560.4 ], [ 4104159.7, 3037576.2 ], [ 4104254.1, 3037630.6 ], [ 4104184.4, 3037678.6 ], [ 4104121.4, 3037658.4 ], [ 4104093.4, 3037631.1 ] ], [ [ 4103538.3, 3037585.3 ], [ 4103504.9, 3037615.6 ], [ 4103491.4, 3037608.2 ], [ 4103481.2, 3037582.5 ], [ 4103464.1, 3037576.1 ], [ 4103450.6, 3037582.0 ], [ 4103432.2, 3037608.5 ], [ 4103408.4, 3037580.9 ], [ 4103392.5, 3037576.4 ], [ 4103382.9, 3037526.9 ], [ 4103395.3, 3037499.4 ], [ 4103426.4, 3037484.6 ], [ 4103456.6, 3037487.4 ], [ 4103479.0, 3037538.9 ], [ 4103548.9, 3037566.6 ], [ 4103538.3, 3037585.3 ] ], [ [ 4103150.0, 3037453.4 ], [ 4103145.0, 3037395.9 ], [ 4103171.9, 3037413.9 ], [ 4103173.8, 3037444.6 ], [ 4103150.0, 3037453.4 ] ], [ [ 4104765.9, 3037784.3 ], [ 4104756.9, 3037760.7 ], [ 4104763.7, 3037746.4 ], [ 4104840.2, 3037682.3 ], [ 4104856.8, 3037625.7 ], [ 4104887.5, 3037605.3 ], [ 4104907.8, 3037601.8 ], [ 4104914.1, 3037608.2 ], [ 4104911.9, 3037637.8 ], [ 4104884.2, 3037684.2 ], [ 4104832.4, 3037735.2 ], [ 4104765.9, 3037784.3 ] ], [ [ 4107086.0, 3036744.2 ], [ 4107117.3, 3036741.4 ], [ 4107125.1, 3036747.3 ], [ 4107125.6, 3036784.8 ], [ 4107149.6, 3036831.6 ], [ 4107143.2, 3036866.5 ], [ 4107068.9, 3036866.6 ], [ 4107077.6, 3036812.2 ], [ 4107068.6, 3036794.3 ], [ 4107072.0, 3036757.6 ], [ 4107086.0, 3036744.2 ] ], [ [ 4107087.0, 3036442.0 ], [ 4106991.8, 3036413.9 ], [ 4107013.4, 3036358.7 ], [ 4107046.0, 3036365.3 ], [ 4107074.7, 3036350.9 ], [ 4107091.5, 3036306.9 ], [ 4107134.1, 3036316.9 ], [ 4107106.0, 3036446.3 ], [ 4107098.7, 3036453.9 ], [ 4107087.0, 3036442.0 ] ], [ [ 4102705.3, 3035819.2 ], [ 4102715.9, 3035845.9 ], [ 4102741.9, 3035860.4 ], [ 4102646.8, 3035876.8 ], [ 4102583.1, 3035913.0 ], [ 4102541.9, 3035921.5 ], [ 4102503.4, 3035917.8 ], [ 4102506.9, 3035895.4 ], [ 4102557.5, 3035858.3 ], [ 4102562.5, 3035839.3 ], [ 4102705.3, 3035819.2 ] ], [ [ 4104211.9, 3035171.2 ], [ 4104113.5, 3035095.4 ], [ 4104199.1, 3035103.3 ], [ 4104230.9, 3035113.5 ], [ 4104291.7, 3035115.1 ], [ 4104257.1, 3035185.1 ], [ 4104211.9, 3035171.2 ] ], [ [ 4102963.3, 3035089.1 ], [ 4102946.1, 3035108.0 ], [ 4102885.1, 3035058.4 ], [ 4102905.7, 3035038.8 ], [ 4102963.3, 3035089.1 ] ], [ [ 4103377.8, 3034797.4 ], [ 4103403.1, 3034796.1 ], [ 4103405.2, 3034829.7 ], [ 4103428.6, 3034838.6 ], [ 4103461.6, 3034870.1 ], [ 4103454.8, 3034891.2 ], [ 4103405.7, 3034849.6 ], [ 4103374.2, 3034839.4 ], [ 4103377.8, 3034797.4 ] ], [ [ 4109096.4, 3045249.7 ], [ 4109039.5, 3045271.8 ], [ 4109016.7, 3045226.4 ], [ 4109033.9, 3045214.8 ], [ 4109070.0, 3045164.4 ], [ 4109081.3, 3045173.0 ], [ 4109090.4, 3045202.3 ], [ 4109130.8, 3045220.5 ], [ 4109096.4, 3045249.7 ] ] ] } }
]
}
