{
"type": "FeatureCollection",
"name": "forest_patches",
"crs": { "type": "name", "properties": { "name": "urn:ogc:def:crs:EPSG::3035" } },
"xy_coordinate_resolution": 0.1,
"features": [
{ "type": "Feature", "properties": { "id": "forest_80500", "state": "Thüringen", "area_ha": 6685.31, "unfragmented": true, "image": "forest_80500.webp", "real_width_m": 12057.5, "real_height_m": 13309.4, "pixel_width": 1205, "pixel_height": 1330, "centroid_x": 4413769.2, "centroid_y": 3128026.8 }, "geometry": { "type": "Polygon", "coordinates": [ [ [ 4410128.1, 3134453.9 ], [ 4410139.9, 3134438.4 ], [ 4410169.6, 3134458.2 ], [ 4410162.7, 3134477.4 ], [ 4410166.9, 3134519.9 ], [ 4410175.4, 3134531.4 ], [ 4410192.8, 3134534.7 ], [ 4410299.0, 3134413.1 ], [ 4410320.0, 3134437.0 ], [ 4410333.9, 3134441.1 ], [ 4410347.4, 3134435.7 ], [ 4410360.6, 3134414.7 ], [ 4410371.1, 3134457.1 ], [ 4410389.3, 3134470.3 ], [ 4410393.3, 3134487.3 ], [ 4410410.7, 3134500.2 ], [ 4410428.7, 3134498.5 ], [ 4410439.9, 3134473.1 ], [ 4410422.5, 3134449.8 ], [ 4410423.2, 3134432.2 ], [ 4410451.3, 3134434.4 ], [ 4410464.4, 3134414.5 ], [ 4410459.5, 3134381.4 ], [ 4410435.1, 3134367.2 ], [ 4410444.9, 3134346.6 ], [ 4410487.9, 3134357.7 ], [ 4410507.6, 3134348.8 ], [ 4410529.6, 3134304.8 ], [ 4410561.4, 3134205.6 ], [ 4410561.1, 3134349.4 ], [ 4410510.7, 3134498.4 ], [ 4410501.9, 3134577.1 ], [ 4410514.8, 3134642.9 ], [ 4410543.8, 3134710.7 ], [ 4410559.4, 3134718.8 ], [ 4410597.3, 3134715.5 ], [ 4410623.2, 3134739.4 ], [ 4410644.1, 3134735.5 ], [ 4410652.1, 3134719.5 ], [ 4410648.7, 3134691.3 ], [ 4410678.9, 3134642.9 ], [ 4410671.9, 3134627.1 ], [ 4410630.5, 3134600.3 ], [ 4410634.4, 3134562.3 ], [ 4410687.0, 3134563.6 ], [ 4410701.7, 3134555.0 ], [ 4410723.8, 3134433.7 ], [ 4410772.7, 3134376.4 ], [ 4410783.1, 3134327.5 ], [ 4410795.5, 3134136.1 ], [ 4410834.0, 3134047.7 ], [ 4410888.0, 3133833.9 ], [ 4410886.0, 3133773.8 ], [ 4410993.4, 3133830.1 ], [ 4411012.4, 3133830.9 ], [ 4411017.6, 3133847.1 ], [ 4411040.6, 3133865.8 ], [ 4411094.3, 3133895.2 ], [ 4411106.3, 3133933.1 ], [ 4411136.3, 3133955.3 ], [ 4411199.8, 3133967.7 ], [ 4411230.0, 3133963.1 ], [ 4411269.9, 3133906.4 ], [ 4411287.3, 3133855.6 ], [ 4411394.6, 3133666.3 ], [ 4411393.5, 3133642.6 ], [ 4411417.4, 3133617.6 ], [ 4411411.5, 3133588.4 ], [ 4411377.0, 3133541.0 ], [ 4411537.0, 3133528.1 ], [ 4411555.3, 3133536.6 ], [ 4411606.8, 3133587.4 ], [ 4411685.5, 3133634.1 ], [ 4411702.4, 3133628.4 ], [ 4411760.9, 3133553.4 ], [ 4411761.6, 3133533.4 ], [ 4411719.0, 3133477.6 ], [ 4411696.2, 3133428.4 ], [ 4411694.0, 3133359.9 ], [ 4411720.8, 3133228.7 ], [ 4411697.2, 3133020.8 ], [ 4411704.1, 3133008.7 ], [ 4411793.1, 3132972.1 ], [ 4411822.2, 3132978.7 ], [ 4411883.7, 3132969.8 ], [ 4411901.5, 3132949.8 ], [ 4411902.9, 3132916.8 ], [ 4411961.7, 3132907.8 ], [ 4411965.3, 3132928.5 ], [ 4411978.9, 3132938.7 ], [ 4412048.9, 3132935.0 ], [ 4412154.3, 3132958.1 ], [ 4412167.7, 3132942.2 ], [ 4412168.6, 3132875.1 ], [ 4412191.1, 3132811.8 ], [ 4412219.2, 3132792.6 ], [ 4412253.0, 3132796.9 ], [ 4412372.5, 3132860.0 ], [ 4412392.4, 3132846.1 ], [ 4412395.8, 3132799.7 ], [ 4412415.0, 3132822.1 ], [ 4412459.9, 3132852.6 ], [ 4412520.5, 3132857.3 ], [ 4412514.5, 3132877.2 ], [ 4412525.1, 3132894.7 ], [ 4412541.2, 3132898.6 ], [ 4412554.0, 3132892.4 ], [ 4412571.7, 3132857.3 ], [ 4412565.3, 3132838.3 ], [ 4412472.0, 3132767.1 ], [ 4412290.0, 3132649.3 ], [ 4412299.0, 3132631.6 ], [ 4412475.0, 3132740.0 ], [ 4412563.8, 3132804.2 ], [ 4412581.0, 3132806.2 ], [ 4412592.5, 3132798.1 ], [ 4412589.5, 3132704.0 ], [ 4412545.9, 3132677.6 ], [ 4412534.8, 3132654.0 ], [ 4412535.6, 3132392.0 ], [ 4412546.0, 3132303.5 ], [ 4412561.0, 3132303.5 ], [ 4412572.5, 3132294.0 ], [ 4412617.4, 3132174.3 ], [ 4412702.9, 3132247.6 ], [ 4412940.4, 3132355.2 ], [ 4413016.5, 3132411.6 ], [ 4413195.4, 3132486.2 ], [ 4413292.8, 3132516.5 ], [ 4413386.7, 3132587.6 ], [ 4413484.3, 3132716.8 ], [ 4413830.8, 3132709.9 ], [ 4413850.0, 3132763.2 ], [ 4413851.8, 3132855.4 ], [ 4413876.3, 3132898.7 ], [ 4413894.1, 3132898.0 ], [ 4413973.0, 3132859.8 ], [ 4413991.4, 3132898.1 ], [ 4414015.1, 3132923.4 ], [ 4414039.1, 3132928.7 ], [ 4414106.5, 3132819.5 ], [ 4414228.6, 3132999.7 ], [ 4414241.0, 3133006.3 ], [ 4414257.9, 3133002.1 ], [ 4414311.5, 3132936.2 ], [ 4414243.9, 3132820.6 ], [ 4414278.2, 3132777.0 ], [ 4414279.5, 3132758.7 ], [ 4414149.2, 3132606.7 ], [ 4414125.0, 3132557.6 ], [ 4414053.6, 3132471.2 ], [ 4413936.2, 3132350.7 ], [ 4413770.0, 3132223.9 ], [ 4413600.4, 3132075.8 ], [ 4413615.7, 3132029.6 ], [ 4413571.7, 3131984.4 ], [ 4413550.7, 3131979.3 ], [ 4413515.9, 3132004.7 ], [ 4413414.5, 3131954.5 ], [ 4413408.6, 3131943.5 ], [ 4413437.5, 3131900.7 ], [ 4413438.8, 3131885.9 ], [ 4413377.0, 3131835.1 ], [ 4413447.7, 3131750.6 ], [ 4413539.2, 3131680.0 ], [ 4413614.6, 3131699.8 ], [ 4413708.7, 3131711.0 ], [ 4413786.7, 3131753.2 ], [ 4413825.0, 3131760.5 ], [ 4413909.9, 3131793.6 ], [ 4414075.2, 3131916.9 ], [ 4414116.5, 3131939.1 ], [ 4414131.4, 3131938.9 ], [ 4414204.1, 3131838.4 ], [ 4414230.6, 3131851.3 ], [ 4414251.1, 3131839.5 ], [ 4414270.5, 3131655.4 ], [ 4414293.5, 3131644.0 ], [ 4414380.3, 3131421.7 ], [ 4414454.5, 3131512.0 ], [ 4414488.3, 3131575.1 ], [ 4414504.1, 3131581.7 ], [ 4414521.1, 3131577.2 ], [ 4414524.7, 3131587.5 ], [ 4414534.8, 3131651.8 ], [ 4414512.3, 3131708.8 ], [ 4414512.6, 3131834.0 ], [ 4414530.2, 3131869.7 ], [ 4414546.9, 3131877.6 ], [ 4414561.0, 3131872.7 ], [ 4414622.8, 3131920.8 ], [ 4414726.5, 3131969.2 ], [ 4414809.1, 3132023.9 ], [ 4414813.0, 3132047.9 ], [ 4414900.2, 3132132.1 ], [ 4414950.3, 3132200.7 ], [ 4414954.0, 3132225.8 ], [ 4415131.8, 3132425.0 ], [ 4415144.6, 3132430.4 ], [ 4415164.3, 3132425.5 ], [ 4415198.5, 3132438.3 ], [ 4415308.1, 3132491.4 ], [ 4415325.9, 3132486.0 ], [ 4415338.4, 3132465.5 ], [ 4415517.6, 3132563.5 ], [ 4415534.5, 3132558.2 ], [ 4415542.6, 3132544.2 ], [ 4415582.4, 3132547.5 ], [ 4415662.1, 3132514.2 ], [ 4415665.1, 3132486.8 ], [ 4415543.9, 3132345.3 ], [ 4415545.7, 3132324.4 ], [ 4415607.5, 3132196.9 ], [ 4415638.4, 3132191.7 ], [ 4415673.2, 3132147.6 ], [ 4415664.7, 3132089.5 ], [ 4415613.5, 3132011.1 ], [ 4415585.1, 3131990.0 ], [ 4415565.7, 3131963.4 ], [ 4415511.5, 3131922.4 ], [ 4415486.9, 3131923.9 ], [ 4415348.2, 3132138.6 ], [ 4415321.6, 3132092.0 ], [ 4415279.3, 3132069.6 ], [ 4415013.5, 3131884.2 ], [ 4415086.7, 3131719.3 ], [ 4415160.7, 3131477.1 ], [ 4415200.9, 3131474.5 ], [ 4415221.2, 3131434.1 ], [ 4415217.6, 3131416.3 ], [ 4415190.6, 3131391.9 ], [ 4415176.1, 3131244.8 ], [ 4415159.6, 3131198.0 ], [ 4415155.4, 3131109.9 ], [ 4415168.8, 3131097.2 ], [ 4415169.3, 3131082.3 ], [ 4415145.3, 3131038.9 ], [ 4415113.6, 3131031.3 ], [ 4414997.4, 3130913.0 ], [ 4414908.4, 3130809.2 ], [ 4414822.2, 3130635.2 ], [ 4414798.5, 3130600.9 ], [ 4414712.1, 3130512.2 ], [ 4414712.0, 3130484.2 ], [ 4414690.5, 3130473.9 ], [ 4414630.2, 3130421.2 ], [ 4414561.9, 3130381.4 ], [ 4414664.9, 3130343.0 ], [ 4414832.0, 3130346.9 ], [ 4414850.8, 3130332.2 ], [ 4414875.5, 3130338.6 ], [ 4414931.9, 3130414.7 ], [ 4414951.6, 3130421.0 ], [ 4415059.3, 3130396.8 ], [ 4415143.4, 3130359.4 ], [ 4415173.7, 3130342.1 ], [ 4415180.1, 3130321.7 ], [ 4415213.7, 3130301.4 ], [ 4415237.5, 3130338.8 ], [ 4415263.9, 3130340.4 ], [ 4415322.5, 3130444.7 ], [ 4415335.7, 3130454.9 ], [ 4415412.7, 3130441.4 ], [ 4415545.8, 3130404.0 ], [ 4415558.6, 3130384.2 ], [ 4415547.3, 3130348.5 ], [ 4415486.0, 3130315.3 ], [ 4415481.1, 3130302.4 ], [ 4415504.9, 3130244.0 ], [ 4415454.1, 3130057.5 ], [ 4415441.6, 3130037.4 ], [ 4415445.5, 3130016.1 ], [ 4415422.1, 3129980.8 ], [ 4415502.3, 3130003.9 ], [ 4415521.5, 3129999.1 ], [ 4415526.1, 3130016.9 ], [ 4415605.3, 3130089.2 ], [ 4415630.7, 3130145.8 ], [ 4415653.2, 3130155.6 ], [ 4415677.1, 3130193.7 ], [ 4415703.3, 3130185.5 ], [ 4415710.2, 3130138.5 ], [ 4415776.7, 3130119.5 ], [ 4415808.6, 3130134.7 ], [ 4415867.3, 3130142.1 ], [ 4415880.5, 3130129.3 ], [ 4415895.6, 3130054.2 ], [ 4415994.8, 3130071.7 ], [ 4416009.5, 3130058.1 ], [ 4416023.1, 3129991.2 ], [ 4416110.8, 3130012.9 ], [ 4416132.4, 3130000.1 ], [ 4416136.6, 3129975.8 ], [ 4416126.6, 3129961.9 ], [ 4415964.0, 3129911.1 ], [ 4416057.7, 3129782.6 ], [ 4416081.7, 3129809.6 ], [ 4416282.2, 3129895.3 ], [ 4416352.9, 3129970.1 ], [ 4416461.8, 3130002.6 ], [ 4416438.2, 3130037.3 ], [ 4416439.1, 3130057.8 ], [ 4416550.1, 3130142.7 ], [ 4416620.6, 3130227.3 ], [ 4416666.1, 3130285.3 ], [ 4416705.9, 3130354.8 ], [ 4416739.3, 3130436.2 ], [ 4416763.1, 3130470.8 ], [ 4416870.0, 3130575.9 ], [ 4416921.7, 3130613.9 ], [ 4416912.1, 3130629.7 ], [ 4416919.2, 3130649.1 ], [ 4416984.9, 3130664.6 ], [ 4417026.7, 3130636.5 ], [ 4417106.0, 3130621.0 ], [ 4417428.7, 3130459.2 ], [ 4417495.5, 3130444.4 ], [ 4417506.4, 3130435.0 ], [ 4417502.1, 3130371.4 ], [ 4417667.2, 3129946.1 ], [ 4417629.9, 3129870.0 ], [ 4417598.1, 3129771.1 ], [ 4417555.4, 3129712.7 ], [ 4417514.2, 3129689.2 ], [ 4417507.1, 3129669.6 ], [ 4417741.0, 3129626.6 ], [ 4417764.8, 3129587.8 ], [ 4417763.9, 3129564.0 ], [ 4417823.0, 3129535.8 ], [ 4417858.9, 3129562.4 ], [ 4417919.7, 3129627.1 ], [ 4417956.6, 3129631.4 ], [ 4418035.3, 3129694.2 ], [ 4418090.2, 3129766.4 ], [ 4418102.7, 3129772.7 ], [ 4418124.3, 3129763.0 ], [ 4418194.3, 3129606.3 ], [ 4418382.8, 3129675.1 ], [ 4418397.0, 3129673.1 ], [ 4418408.1, 3129659.4 ], [ 4418408.0, 3129635.1 ], [ 4418397.2, 3129619.1 ], [ 4418417.0, 3129604.4 ], [ 4418410.8, 3129580.5 ], [ 4418385.2, 3129565.2 ], [ 4418307.6, 3129577.3 ], [ 4418217.2, 3129469.7 ], [ 4418212.5, 3129392.6 ], [ 4418177.2, 3129243.6 ], [ 4418161.6, 3129207.9 ], [ 4418167.1, 3129191.4 ], [ 4418160.2, 3129171.9 ], [ 4418174.5, 3129163.9 ], [ 4418202.4, 3129188.0 ], [ 4418226.6, 3129186.8 ], [ 4418240.7, 3129175.9 ], [ 4418228.1, 3129069.1 ], [ 4418294.6, 3129092.1 ], [ 4418322.3, 3129083.3 ], [ 4418325.1, 3129058.7 ], [ 4418302.6, 3129043.9 ], [ 4418116.4, 3128991.4 ], [ 4418069.6, 3128983.5 ], [ 4418052.7, 3128989.4 ], [ 4418044.3, 3129004.9 ], [ 4418045.7, 3129029.1 ], [ 4418000.7, 3129146.3 ], [ 4418008.0, 3129166.6 ], [ 4418042.1, 3129204.7 ], [ 4417984.3, 3129303.6 ], [ 4417839.6, 3129232.1 ], [ 4417819.7, 3129235.6 ], [ 4417779.0, 3129273.5 ], [ 4417716.9, 3129243.0 ], [ 4417665.8, 3129144.3 ], [ 4417631.1, 3129106.7 ], [ 4417688.2, 3129057.2 ], [ 4417690.3, 3129039.3 ], [ 4417678.3, 3129025.9 ], [ 4417542.2, 3129005.5 ], [ 4417287.9, 3128937.1 ], [ 4417059.5, 3128921.3 ], [ 4416863.1, 3128856.2 ], [ 4416842.9, 3128867.9 ], [ 4416626.7, 3128868.6 ], [ 4416444.7, 3128888.6 ], [ 4416350.9, 3128907.2 ], [ 4416214.2, 3128922.0 ], [ 4416172.7, 3128919.1 ], [ 4416214.8, 3128792.8 ], [ 4416206.5, 3128771.1 ], [ 4416253.5, 3128629.6 ], [ 4416353.8, 3128666.9 ], [ 4416373.3, 3128661.1 ], [ 4416454.6, 3128424.6 ], [ 4416607.4, 3128488.7 ], [ 4416624.5, 3128488.6 ], [ 4416636.4, 3128476.2 ], [ 4416705.4, 3128301.4 ], [ 4416727.4, 3128281.6 ], [ 4416764.4, 3128266.0 ], [ 4416797.5, 3128280.2 ], [ 4416980.8, 3128395.1 ], [ 4417033.7, 3128417.2 ], [ 4417164.7, 3128529.5 ], [ 4417053.2, 3128612.2 ], [ 4417009.5, 3128617.4 ], [ 4416997.5, 3128626.1 ], [ 4416997.5, 3128651.0 ], [ 4417019.4, 3128668.5 ], [ 4417053.3, 3128719.7 ], [ 4417087.9, 3128748.0 ], [ 4417180.4, 3128786.4 ], [ 4417232.6, 3128821.1 ], [ 4417286.1, 3128839.6 ], [ 4417307.1, 3128835.8 ], [ 4417314.2, 3128812.4 ], [ 4417376.9, 3128829.5 ], [ 4417393.1, 3128816.0 ], [ 4417401.7, 3128772.7 ], [ 4417453.7, 3128738.2 ], [ 4417467.0, 3128749.2 ], [ 4417518.8, 3128753.0 ], [ 4417529.6, 3128743.8 ], [ 4417534.1, 3128721.8 ], [ 4417514.3, 3128702.8 ], [ 4417468.4, 3128706.6 ], [ 4417453.6, 3128718.2 ], [ 4417426.0, 3128681.2 ], [ 4417412.6, 3128675.0 ], [ 4417390.9, 3128686.9 ], [ 4417388.5, 3128727.1 ], [ 4417340.1, 3128739.6 ], [ 4417298.0, 3128736.0 ], [ 4417240.9, 3128716.2 ], [ 4417248.0, 3128666.9 ], [ 4417308.5, 3128665.0 ], [ 4417374.4, 3128598.1 ], [ 4417373.2, 3128584.6 ], [ 4417342.8, 3128535.0 ], [ 4417369.2, 3128512.1 ], [ 4417372.1, 3128495.0 ], [ 4417322.8, 3128424.7 ], [ 4417339.5, 3128399.8 ], [ 4417317.7, 3128348.3 ], [ 4417367.1, 3128298.1 ], [ 4417371.2, 3128284.8 ], [ 4417345.4, 3128245.4 ], [ 4417225.9, 3128113.8 ], [ 4417225.2, 3128102.1 ], [ 4417279.1, 3128138.6 ], [ 4417371.1, 3128224.5 ], [ 4417404.3, 3128278.9 ], [ 4417474.6, 3128333.7 ], [ 4417543.9, 3128408.6 ], [ 4417558.9, 3128409.1 ], [ 4417570.8, 3128400.0 ], [ 4417618.4, 3128283.4 ], [ 4417689.3, 3128322.6 ], [ 4417677.4, 3128358.3 ], [ 4417687.6, 3128377.2 ], [ 4417709.0, 3128378.4 ], [ 4417730.8, 3128358.1 ], [ 4417754.0, 3128376.3 ], [ 4417823.2, 3128399.8 ], [ 4417848.7, 3128384.2 ], [ 4417855.3, 3128324.2 ], [ 4417881.6, 3128284.7 ], [ 4417903.8, 3128269.1 ], [ 4417914.9, 3128112.2 ], [ 4417941.4, 3128048.4 ], [ 4417946.8, 3128001.9 ], [ 4417983.0, 3127985.2 ], [ 4418013.2, 3127982.4 ], [ 4418066.0, 3127997.1 ], [ 4418054.2, 3128088.6 ], [ 4418062.9, 3128103.9 ], [ 4418084.4, 3128109.7 ], [ 4418081.0, 3128262.7 ], [ 4418114.9, 3128331.3 ], [ 4418138.0, 3128339.3 ], [ 4418165.2, 3128322.5 ], [ 4418307.9, 3128361.8 ], [ 4418304.8, 3128391.1 ], [ 4418358.1, 3128483.6 ], [ 4418319.5, 3128516.4 ], [ 4418290.0, 3128560.0 ], [ 4418290.4, 3128578.2 ], [ 4418391.1, 3128681.1 ], [ 4418467.4, 3128746.3 ], [ 4418487.6, 3128795.6 ], [ 4418542.0, 3128875.1 ], [ 4418552.8, 3128968.6 ], [ 4418571.8, 3129017.5 ], [ 4418592.4, 3129022.6 ], [ 4418612.9, 3129015.9 ], [ 4418621.5, 3129004.7 ], [ 4418621.6, 3128990.6 ], [ 4418595.8, 3128941.2 ], [ 4418597.1, 3128885.9 ], [ 4418608.0, 3128875.2 ], [ 4418641.1, 3128874.7 ], [ 4418772.5, 3128970.9 ], [ 4418786.7, 3128968.5 ], [ 4418830.2, 3128935.0 ], [ 4418924.7, 3128904.4 ], [ 4418926.7, 3128882.6 ], [ 4418867.8, 3128776.6 ], [ 4418850.6, 3128766.2 ], [ 4418764.5, 3128754.3 ], [ 4418700.9, 3128727.2 ], [ 4418676.2, 3128730.9 ], [ 4418655.0, 3128707.0 ], [ 4418626.1, 3128694.0 ], [ 4418585.8, 3128649.0 ], [ 4418589.8, 3128636.7 ], [ 4418665.1, 3128607.6 ], [ 4418673.7, 3128588.7 ], [ 4418624.0, 3128322.6 ], [ 4418520.9, 3128063.5 ], [ 4418484.9, 3127927.3 ], [ 4418493.4, 3127894.6 ], [ 4418567.1, 3127842.7 ], [ 4418590.0, 3127806.3 ], [ 4418544.5, 3127660.5 ], [ 4418528.6, 3127558.1 ], [ 4418528.9, 3127483.7 ], [ 4418545.6, 3127356.5 ], [ 4418557.3, 3127351.6 ], [ 4418703.2, 3127408.0 ], [ 4418791.2, 3127429.6 ], [ 4418808.1, 3127423.6 ], [ 4418814.9, 3127407.0 ], [ 4418811.9, 3127350.3 ], [ 4418827.9, 3127314.6 ], [ 4418856.6, 3127287.6 ], [ 4418927.8, 3127244.5 ], [ 4418959.0, 3127198.8 ], [ 4418977.7, 3126904.4 ], [ 4418976.1, 3126869.7 ], [ 4418861.3, 3126404.4 ], [ 4418728.9, 3126001.9 ], [ 4418719.8, 3125886.4 ], [ 4418704.8, 3125818.9 ], [ 4418636.6, 3125602.6 ], [ 4418569.2, 3125438.6 ], [ 4418563.7, 3125360.3 ], [ 4418542.5, 3125347.6 ], [ 4418475.0, 3125362.9 ], [ 4418448.8, 3125344.6 ], [ 4418439.6, 3125320.5 ], [ 4418425.8, 3125310.0 ], [ 4418341.8, 3125324.5 ], [ 4418297.2, 3125320.1 ], [ 4418230.9, 3125297.1 ], [ 4418212.2, 3125206.6 ], [ 4418203.2, 3125195.7 ], [ 4418180.0, 3125189.2 ], [ 4418156.2, 3125097.1 ], [ 4418125.5, 3125038.7 ], [ 4418113.9, 3125030.0 ], [ 4417455.4, 3125056.6 ], [ 4417441.4, 3125043.8 ], [ 4417418.3, 3125042.4 ], [ 4417399.2, 3125019.4 ], [ 4417357.9, 3125008.4 ], [ 4416978.4, 3125027.7 ], [ 4416861.3, 3125040.6 ], [ 4416737.0, 3124916.1 ], [ 4416629.3, 3124909.1 ], [ 4416617.2, 3124867.4 ], [ 4416960.8, 3124837.7 ], [ 4416977.4, 3124819.8 ], [ 4416972.7, 3124760.4 ], [ 4416982.7, 3124742.3 ], [ 4417064.1, 3124724.7 ], [ 4417098.5, 3124725.7 ], [ 4417114.4, 3124707.1 ], [ 4417109.0, 3124689.9 ], [ 4417014.6, 3124583.5 ], [ 4417050.5, 3124538.6 ], [ 4417021.7, 3124431.5 ], [ 4416965.9, 3124388.3 ], [ 4416811.6, 3124394.6 ], [ 4416730.0, 3124306.8 ], [ 4416720.7, 3124284.8 ], [ 4416707.1, 3124281.0 ], [ 4416657.4, 3124291.3 ], [ 4416727.1, 3124149.6 ], [ 4416869.8, 3124114.5 ], [ 4416917.8, 3124112.1 ], [ 4416932.7, 3124141.8 ], [ 4416977.6, 3124172.0 ], [ 4417027.1, 3124181.6 ], [ 4417040.9, 3124176.6 ], [ 4417049.0, 3124160.3 ], [ 4417091.9, 3124158.1 ], [ 4417145.9, 3124139.6 ], [ 4417147.1, 3124165.6 ], [ 4417155.3, 3124176.6 ], [ 4417185.1, 3124196.5 ], [ 4417229.7, 3124198.7 ], [ 4417253.0, 3124232.2 ], [ 4417274.4, 3124236.6 ], [ 4417290.3, 3124225.6 ], [ 4417291.4, 3124202.6 ], [ 4417241.7, 3124080.6 ], [ 4417306.9, 3124067.4 ], [ 4417460.1, 3124066.3 ], [ 4417678.0, 3124037.3 ], [ 4417710.9, 3124024.3 ], [ 4417729.0, 3124006.6 ], [ 4417947.8, 3123934.1 ], [ 4418224.6, 3123830.1 ], [ 4418263.1, 3123810.3 ], [ 4418303.0, 3123755.2 ], [ 4418346.8, 3123716.6 ], [ 4418353.0, 3123666.1 ], [ 4418313.0, 3123493.6 ], [ 4418293.0, 3123437.8 ], [ 4418276.6, 3123429.4 ], [ 4418093.4, 3123420.9 ], [ 4418076.1, 3123354.1 ], [ 4418090.7, 3123340.4 ], [ 4418107.3, 3123281.8 ], [ 4418345.4, 3123292.7 ], [ 4418380.2, 3123228.1 ], [ 4418381.0, 3123202.0 ], [ 4418191.3, 3123112.5 ], [ 4418189.2, 3123094.8 ], [ 4418172.7, 3123074.4 ], [ 4418064.7, 3123002.9 ], [ 4417979.0, 3122909.4 ], [ 4418108.6, 3122757.4 ], [ 4418130.6, 3122742.0 ], [ 4418178.9, 3122529.0 ], [ 4418213.6, 3122448.2 ], [ 4418209.1, 3122391.4 ], [ 4418225.9, 3122296.2 ], [ 4418099.6, 3122149.7 ], [ 4418013.3, 3122029.2 ], [ 4417990.1, 3121952.6 ], [ 4417985.0, 3121849.3 ], [ 4417822.9, 3121715.4 ], [ 4417894.0, 3121677.3 ], [ 4417928.2, 3121689.5 ], [ 4418033.9, 3121676.1 ], [ 4418039.9, 3121662.7 ], [ 4418036.4, 3121620.9 ], [ 4418018.8, 3121551.9 ], [ 4418120.8, 3121503.0 ], [ 4418122.5, 3121478.9 ], [ 4418096.5, 3121459.2 ], [ 4418073.2, 3121457.8 ], [ 4417905.9, 3121553.2 ], [ 4417880.5, 3121554.8 ], [ 4417847.1, 3121571.7 ], [ 4417835.9, 3121559.1 ], [ 4417821.9, 3121557.2 ], [ 4417745.7, 3121585.8 ], [ 4417671.5, 3121666.1 ], [ 4417614.6, 3121675.2 ], [ 4417576.8, 3121614.1 ], [ 4417549.7, 3121611.0 ], [ 4417523.1, 3121628.3 ], [ 4417503.3, 3121653.8 ], [ 4417501.8, 3121671.2 ], [ 4417515.1, 3121690.9 ], [ 4417506.0, 3121701.2 ], [ 4417490.7, 3121692.0 ], [ 4417472.8, 3121694.6 ], [ 4417429.6, 3121748.0 ], [ 4417413.8, 3121747.8 ], [ 4417400.3, 3121758.9 ], [ 4417398.0, 3121818.0 ], [ 4417412.1, 3121861.9 ], [ 4417347.4, 3121915.1 ], [ 4417326.3, 3121909.5 ], [ 4417310.3, 3121918.5 ], [ 4417306.7, 3121936.6 ], [ 4417321.3, 3121983.1 ], [ 4417301.8, 3121986.7 ], [ 4417251.9, 3121968.3 ], [ 4417236.1, 3121983.4 ], [ 4417240.1, 3122024.8 ], [ 4417051.4, 3122073.8 ], [ 4416926.6, 3122075.7 ], [ 4416863.2, 3122137.9 ], [ 4416841.8, 3122142.2 ], [ 4416811.5, 3122245.3 ], [ 4416814.9, 3122262.8 ], [ 4416871.1, 3122290.8 ], [ 4416998.5, 3122310.7 ], [ 4417023.7, 3122321.0 ], [ 4417037.8, 3122341.8 ], [ 4417007.4, 3122410.2 ], [ 4416999.5, 3122413.4 ], [ 4416926.5, 3122369.5 ], [ 4416910.3, 3122378.3 ], [ 4416880.0, 3122377.8 ], [ 4416843.3, 3122421.9 ], [ 4416811.2, 3122410.1 ], [ 4416805.9, 3122393.7 ], [ 4416786.7, 3122386.3 ], [ 4416685.5, 3122420.6 ], [ 4416569.4, 3122448.4 ], [ 4416558.5, 3122435.0 ], [ 4416543.9, 3122381.4 ], [ 4416522.6, 3122371.4 ], [ 4416219.0, 3122446.1 ], [ 4416042.5, 3122474.5 ], [ 4415927.2, 3122519.3 ], [ 4415916.6, 3122532.1 ], [ 4415891.2, 3122678.7 ], [ 4415872.1, 3122744.8 ], [ 4415839.9, 3122765.3 ], [ 4415838.9, 3122805.9 ], [ 4415817.4, 3122829.3 ], [ 4415638.6, 3122861.2 ], [ 4415613.5, 3122854.8 ], [ 4415546.1, 3122869.5 ], [ 4415514.1, 3122867.9 ], [ 4415459.2, 3122897.7 ], [ 4415307.2, 3122925.1 ], [ 4415242.3, 3122956.5 ], [ 4415239.3, 3122934.5 ], [ 4415217.5, 3122899.3 ], [ 4415195.1, 3122890.6 ], [ 4415170.3, 3122912.5 ], [ 4415060.0, 3122956.4 ], [ 4415007.0, 3122987.7 ], [ 4414980.7, 3122981.7 ], [ 4414913.1, 3123020.6 ], [ 4414862.0, 3123070.0 ], [ 4414850.4, 3123097.0 ], [ 4414769.2, 3123207.2 ], [ 4414702.3, 3123356.0 ], [ 4414673.0, 3123376.2 ], [ 4414568.6, 3123399.9 ], [ 4414562.6, 3123413.5 ], [ 4414567.1, 3123502.1 ], [ 4414481.2, 3123512.8 ], [ 4414353.0, 3123551.7 ], [ 4414266.6, 3123611.4 ], [ 4414178.8, 3123568.0 ], [ 4414076.2, 3123489.7 ], [ 4414051.6, 3123491.0 ], [ 4414043.0, 3123506.9 ], [ 4414049.7, 3123528.3 ], [ 4414044.4, 3123545.1 ], [ 4414085.7, 3123711.7 ], [ 4414038.8, 3123755.0 ], [ 4414010.5, 3123691.7 ], [ 4413991.9, 3123681.8 ], [ 4413866.7, 3123745.1 ], [ 4413801.5, 3123735.4 ], [ 4413694.0, 3123766.8 ], [ 4413681.5, 3123779.6 ], [ 4413684.5, 3123800.5 ], [ 4413771.1, 3123860.3 ], [ 4413681.6, 3123890.6 ], [ 4413597.6, 3123839.3 ], [ 4413547.9, 3123854.1 ], [ 4413403.4, 3123786.6 ], [ 4413368.3, 3123793.2 ], [ 4413074.2, 3123970.1 ], [ 4413069.5, 3123983.6 ], [ 4413076.4, 3123999.8 ], [ 4413179.6, 3124069.3 ], [ 4413081.3, 3124131.7 ], [ 4413037.3, 3124100.9 ], [ 4413023.2, 3124099.1 ], [ 4412940.2, 3124149.2 ], [ 4412936.1, 3124170.0 ], [ 4412959.1, 3124195.3 ], [ 4412928.4, 3124214.5 ], [ 4412923.5, 3124234.1 ], [ 4412972.9, 3124294.5 ], [ 4412806.9, 3124397.1 ], [ 4412771.0, 3124336.7 ], [ 4412758.2, 3124329.3 ], [ 4412662.5, 3124376.6 ], [ 4412651.5, 3124398.7 ], [ 4412670.1, 3124427.8 ], [ 4412617.5, 3124458.7 ], [ 4412612.7, 3124479.0 ], [ 4412628.4, 3124499.5 ], [ 4412588.7, 3124532.6 ], [ 4412544.5, 3124558.9 ], [ 4412527.3, 3124543.0 ], [ 4412507.3, 3124542.8 ], [ 4412336.1, 3124640.7 ], [ 4412312.7, 3124621.7 ], [ 4412294.2, 3124622.8 ], [ 4412282.6, 3124641.2 ], [ 4412290.5, 3124660.0 ], [ 4412134.1, 3124753.0 ], [ 4412126.3, 3124768.9 ], [ 4412132.2, 3124787.1 ], [ 4411983.1, 3124850.0 ], [ 4411977.9, 3124874.0 ], [ 4412009.5, 3124893.4 ], [ 4412073.1, 3125051.4 ], [ 4412108.1, 3125062.2 ], [ 4412151.2, 3125045.3 ], [ 4412187.0, 3125093.1 ], [ 4412203.7, 3125099.2 ], [ 4412306.8, 3125028.2 ], [ 4412373.5, 3125008.9 ], [ 4412434.5, 3125007.9 ], [ 4412520.2, 3124989.6 ], [ 4412612.8, 3124945.6 ], [ 4412637.9, 3124955.1 ], [ 4412768.4, 3124894.1 ], [ 4412807.4, 3124884.4 ], [ 4412817.9, 3124862.7 ], [ 4412793.9, 3124783.4 ], [ 4412909.6, 3124732.9 ], [ 4412935.8, 3124698.9 ], [ 4412942.9, 3124669.0 ], [ 4412973.5, 3124653.8 ], [ 4413008.9, 3124694.6 ], [ 4413059.5, 3124675.1 ], [ 4413097.8, 3124761.5 ], [ 4413063.1, 3124792.1 ], [ 4413058.1, 3124805.7 ], [ 4413091.0, 3124911.4 ], [ 4412987.6, 3124948.5 ], [ 4412973.6, 3124964.0 ], [ 4413037.1, 3125131.0 ], [ 4412909.1, 3125170.2 ], [ 4412889.4, 3125323.2 ], [ 4412792.2, 3125319.9 ], [ 4412765.3, 3125265.3 ], [ 4412721.8, 3125205.1 ], [ 4412677.9, 3125204.7 ], [ 4412648.5, 3125223.5 ], [ 4412650.1, 3125242.0 ], [ 4412677.7, 3125267.4 ], [ 4412702.0, 3125362.3 ], [ 4412689.8, 3125389.8 ], [ 4412663.1, 3125398.1 ], [ 4412653.7, 3125414.1 ], [ 4412689.8, 3125502.0 ], [ 4412702.3, 3125591.4 ], [ 4412686.2, 3125724.8 ], [ 4412663.8, 3125730.6 ], [ 4412656.7, 3125751.0 ], [ 4412690.8, 3125786.7 ], [ 4412721.1, 3125794.4 ], [ 4412688.8, 3125896.3 ], [ 4412673.5, 3125895.2 ], [ 4412676.1, 3125864.2 ], [ 4412647.4, 3125842.6 ], [ 4412648.8, 3125820.5 ], [ 4412632.6, 3125807.2 ], [ 4412607.4, 3125814.7 ], [ 4412598.1, 3125825.3 ], [ 4412604.4, 3125890.9 ], [ 4412562.8, 3125916.7 ], [ 4412532.8, 3125905.4 ], [ 4412356.8, 3125791.7 ], [ 4412286.4, 3125797.6 ], [ 4412271.5, 3125813.6 ], [ 4412277.8, 3125834.6 ], [ 4412460.8, 3125956.7 ], [ 4412266.1, 3125999.3 ], [ 4412090.4, 3125877.2 ], [ 4412105.0, 3125859.9 ], [ 4412097.3, 3125837.2 ], [ 4412055.7, 3125836.6 ], [ 4412033.9, 3125853.7 ], [ 4412033.3, 3125886.7 ], [ 4411893.0, 3126007.6 ], [ 4411857.8, 3126050.0 ], [ 4411831.5, 3126065.4 ], [ 4411813.0, 3126035.8 ], [ 4411792.2, 3126031.7 ], [ 4411688.3, 3126098.2 ], [ 4411684.6, 3126114.8 ], [ 4411698.5, 3126189.8 ], [ 4411724.3, 3126275.6 ], [ 4411740.1, 3126291.3 ], [ 4411838.0, 3126334.1 ], [ 4411983.4, 3126370.7 ], [ 4412004.5, 3126359.6 ], [ 4412007.6, 3126333.2 ], [ 4412019.0, 3126315.1 ], [ 4412173.9, 3126412.6 ], [ 4412179.7, 3126422.6 ], [ 4412174.0, 3126479.2 ], [ 4412052.6, 3126511.0 ], [ 4411978.0, 3126559.4 ], [ 4411965.5, 3126528.3 ], [ 4411970.4, 3126508.4 ], [ 4411963.7, 3126492.5 ], [ 4411922.3, 3126479.3 ], [ 4411904.9, 3126482.7 ], [ 4411895.5, 3126501.4 ], [ 4411911.3, 3126587.3 ], [ 4411833.1, 3126582.1 ], [ 4411817.8, 3126590.4 ], [ 4411811.3, 3126698.4 ], [ 4411756.5, 3126710.3 ], [ 4411518.4, 3126699.8 ], [ 4411477.2, 3126704.6 ], [ 4411503.8, 3126612.5 ], [ 4411491.9, 3126596.4 ], [ 4411454.6, 3126585.8 ], [ 4411434.7, 3126600.9 ], [ 4411422.4, 3126686.1 ], [ 4411346.1, 3126680.5 ], [ 4411363.0, 3126357.8 ], [ 4411407.2, 3126272.4 ], [ 4411408.5, 3126234.2 ], [ 4411435.9, 3126149.6 ], [ 4411446.6, 3126131.9 ], [ 4411504.3, 3126084.4 ], [ 4411527.9, 3126008.3 ], [ 4411588.8, 3125906.5 ], [ 4411642.5, 3125777.6 ], [ 4411705.2, 3125743.4 ], [ 4411715.8, 3125697.5 ], [ 4411707.9, 3125678.2 ], [ 4411629.1, 3125628.2 ], [ 4411604.6, 3125594.4 ], [ 4411557.3, 3125602.3 ], [ 4411545.8, 3125646.6 ], [ 4411529.3, 3125648.9 ], [ 4411527.7, 3125623.2 ], [ 4411511.6, 3125609.2 ], [ 4411470.5, 3125473.7 ], [ 4411464.9, 3125404.9 ], [ 4411475.1, 3125384.6 ], [ 4411470.7, 3125338.5 ], [ 4411513.1, 3125333.1 ], [ 4411525.4, 3125308.8 ], [ 4411517.7, 3125296.0 ], [ 4411447.8, 3125247.1 ], [ 4411422.9, 3125188.3 ], [ 4411434.9, 3125142.4 ], [ 4411533.2, 3125094.6 ], [ 4411542.2, 3125072.2 ], [ 4411562.6, 3125052.5 ], [ 4411553.8, 3125027.3 ], [ 4411498.8, 3125004.0 ], [ 4411485.4, 3125008.7 ], [ 4411471.0, 3125028.9 ], [ 4411422.0, 3125038.3 ], [ 4411137.6, 3125059.1 ], [ 4411091.5, 3125073.9 ], [ 4410946.7, 3125142.1 ], [ 4410874.7, 3125202.9 ], [ 4410766.9, 3125268.9 ], [ 4410739.8, 3125257.1 ], [ 4410721.7, 3125260.4 ], [ 4410713.1, 3125272.6 ], [ 4410714.0, 3125301.0 ], [ 4410586.6, 3125377.5 ], [ 4410489.0, 3125208.6 ], [ 4410388.2, 3125193.1 ], [ 4410371.6, 3125198.1 ], [ 4410238.8, 3125305.2 ], [ 4410236.0, 3125347.3 ], [ 4410218.6, 3125350.2 ], [ 4410168.5, 3125338.2 ], [ 4410120.9, 3125346.0 ], [ 4409993.1, 3125385.1 ], [ 4409954.8, 3125417.2 ], [ 4409919.1, 3125364.9 ], [ 4409856.4, 3125303.3 ], [ 4409744.9, 3125321.2 ], [ 4409689.8, 3125318.9 ], [ 4409629.7, 3125340.6 ], [ 4409558.0, 3125388.3 ], [ 4409548.6, 3125403.3 ], [ 4409553.3, 3125420.4 ], [ 4409603.6, 3125482.3 ], [ 4409493.5, 3125491.5 ], [ 4409469.4, 3125528.3 ], [ 4409476.2, 3125544.3 ], [ 4409492.9, 3125550.4 ], [ 4409498.2, 3125585.4 ], [ 4409488.3, 3125619.4 ], [ 4409428.6, 3125607.9 ], [ 4409393.7, 3125636.7 ], [ 4409394.7, 3125658.2 ], [ 4409464.7, 3125737.5 ], [ 4409407.4, 3125794.6 ], [ 4409311.1, 3125702.4 ], [ 4409310.4, 3125676.5 ], [ 4409275.4, 3125650.5 ], [ 4409257.6, 3125652.5 ], [ 4409247.3, 3125667.0 ], [ 4409255.6, 3125693.6 ], [ 4409271.4, 3125702.8 ], [ 4409251.3, 3125735.4 ], [ 4409214.6, 3125740.5 ], [ 4409169.4, 3125703.0 ], [ 4409146.1, 3125703.3 ], [ 4409108.4, 3125643.1 ], [ 4409127.5, 3125622.6 ], [ 4409126.2, 3125601.7 ], [ 4409173.2, 3125589.9 ], [ 4409233.0, 3125624.1 ], [ 4409254.6, 3125606.7 ], [ 4409250.6, 3125585.1 ], [ 4409230.6, 3125574.8 ], [ 4409226.3, 3125553.4 ], [ 4409194.2, 3125517.4 ], [ 4409051.1, 3125477.5 ], [ 4409039.7, 3125461.3 ], [ 4408980.9, 3125446.3 ], [ 4408983.9, 3125410.5 ], [ 4408969.4, 3125394.2 ], [ 4408874.4, 3125395.4 ], [ 4408862.1, 3125407.8 ], [ 4408857.1, 3125432.3 ], [ 4408868.3, 3125454.7 ], [ 4408960.1, 3125484.2 ], [ 4408963.1, 3125503.7 ], [ 4408974.9, 3125515.3 ], [ 4409027.1, 3125527.9 ], [ 4409046.3, 3125525.1 ], [ 4409119.3, 3125549.7 ], [ 4409114.4, 3125592.4 ], [ 4408949.5, 3125556.0 ], [ 4408927.8, 3125544.2 ], [ 4408900.2, 3125553.2 ], [ 4408892.2, 3125580.9 ], [ 4408907.2, 3125598.8 ], [ 4409004.1, 3125610.4 ], [ 4409063.3, 3125633.5 ], [ 4409075.0, 3125650.0 ], [ 4409067.4, 3125703.6 ], [ 4409080.4, 3125716.0 ], [ 4409099.2, 3125714.6 ], [ 4409107.2, 3125725.2 ], [ 4409112.8, 3125769.9 ], [ 4409104.2, 3125787.2 ], [ 4409106.8, 3125812.0 ], [ 4409127.3, 3125828.9 ], [ 4409167.5, 3125820.8 ], [ 4409174.7, 3125879.4 ], [ 4409017.8, 3125828.2 ], [ 4408882.3, 3125806.4 ], [ 4408852.4, 3125813.9 ], [ 4408798.1, 3125790.7 ], [ 4408777.5, 3125796.3 ], [ 4408770.8, 3125813.0 ], [ 4408780.3, 3125840.8 ], [ 4408806.0, 3125857.1 ], [ 4408788.9, 3125893.8 ], [ 4408811.5, 3125940.4 ], [ 4408881.7, 3125984.4 ], [ 4408966.3, 3126058.4 ], [ 4409009.3, 3126074.6 ], [ 4409030.0, 3126067.9 ], [ 4409037.4, 3126076.0 ], [ 4409069.3, 3126233.6 ], [ 4409110.9, 3126276.5 ], [ 4409123.0, 3126310.9 ], [ 4409114.6, 3126412.8 ], [ 4409050.3, 3126389.7 ], [ 4409032.6, 3126394.1 ], [ 4408993.0, 3126484.3 ], [ 4408961.3, 3126473.9 ], [ 4408942.4, 3126484.0 ], [ 4408909.3, 3126615.8 ], [ 4408819.1, 3126644.5 ], [ 4408727.0, 3126624.8 ], [ 4408611.6, 3126570.5 ], [ 4408472.7, 3126531.2 ], [ 4408428.7, 3126495.7 ], [ 4408407.6, 3126495.3 ], [ 4408350.6, 3126539.1 ], [ 4408338.6, 3126558.3 ], [ 4408336.6, 3126588.3 ], [ 4408355.6, 3126626.5 ], [ 4408405.3, 3126650.5 ], [ 4408435.3, 3126675.0 ], [ 4408435.2, 3126728.1 ], [ 4408393.8, 3126852.8 ], [ 4408358.3, 3126842.9 ], [ 4408305.7, 3126846.0 ], [ 4408176.5, 3126775.1 ], [ 4408086.6, 3126742.5 ], [ 4407961.7, 3126678.2 ], [ 4407921.8, 3126666.8 ], [ 4407903.1, 3126677.6 ], [ 4407906.0, 3126705.0 ], [ 4407993.8, 3126828.8 ], [ 4408073.0, 3126917.7 ], [ 4408116.2, 3126930.5 ], [ 4408349.6, 3127049.1 ], [ 4408479.0, 3127149.3 ], [ 4408485.7, 3127171.0 ], [ 4408476.3, 3127241.6 ], [ 4408485.0, 3127290.0 ], [ 4408511.2, 3127359.7 ], [ 4408566.1, 3127419.2 ], [ 4408616.3, 3127448.3 ], [ 4408639.7, 3127445.4 ], [ 4408539.5, 3127540.7 ], [ 4408544.5, 3127558.4 ], [ 4408616.5, 3127642.2 ], [ 4408612.8, 3127651.3 ], [ 4408226.5, 3127933.4 ], [ 4408205.4, 3127934.8 ], [ 4408138.0, 3127882.3 ], [ 4408097.5, 3127897.2 ], [ 4408091.0, 3127909.8 ], [ 4408095.6, 3127926.7 ], [ 4408152.0, 3127965.7 ], [ 4408133.3, 3127985.5 ], [ 4408134.4, 3128003.3 ], [ 4408159.3, 3128014.5 ], [ 4408174.3, 3128033.4 ], [ 4408128.9, 3128078.4 ], [ 4408087.1, 3128090.1 ], [ 4408065.3, 3128120.7 ], [ 4407963.1, 3128220.6 ], [ 4407683.4, 3128432.8 ], [ 4407631.9, 3128460.1 ], [ 4407560.2, 3128537.6 ], [ 4407485.9, 3128597.3 ], [ 4407459.5, 3128628.6 ], [ 4407379.4, 3128689.0 ], [ 4407238.9, 3128821.9 ], [ 4407137.6, 3128892.6 ], [ 4407029.7, 3128981.6 ], [ 4407028.2, 3129029.6 ], [ 4407046.7, 3129053.8 ], [ 4407078.2, 3129058.9 ], [ 4407134.0, 3129019.0 ], [ 4407165.3, 3129066.7 ], [ 4407194.2, 3129075.0 ], [ 4407102.6, 3129140.3 ], [ 4407066.5, 3129185.5 ], [ 4407000.0, 3129240.0 ], [ 4406925.4, 3129288.1 ], [ 4406920.3, 3129309.3 ], [ 4406932.4, 3129323.2 ], [ 4406962.2, 3129322.2 ], [ 4406976.9, 3129308.4 ], [ 4407061.0, 3129270.3 ], [ 4407247.5, 3129145.7 ], [ 4407428.6, 3128983.5 ], [ 4407573.1, 3128876.3 ], [ 4407583.3, 3128843.6 ], [ 4407706.6, 3128740.6 ], [ 4407803.2, 3128620.7 ], [ 4407905.6, 3128546.0 ], [ 4407946.2, 3128493.6 ], [ 4408078.6, 3128407.2 ], [ 4408146.3, 3128347.6 ], [ 4408247.0, 3128287.8 ], [ 4408496.6, 3128060.6 ], [ 4408522.5, 3128054.4 ], [ 4408584.6, 3128062.2 ], [ 4408624.8, 3128102.2 ], [ 4408582.6, 3128165.5 ], [ 4408569.3, 3128218.9 ], [ 4408531.6, 3128266.3 ], [ 4408470.7, 3128314.8 ], [ 4408406.8, 3128396.9 ], [ 4408384.9, 3128481.1 ], [ 4408401.0, 3128515.3 ], [ 4408467.4, 3128575.5 ], [ 4408479.7, 3128597.3 ], [ 4408581.5, 3128874.1 ], [ 4408601.6, 3128900.8 ], [ 4408764.6, 3129052.3 ], [ 4408790.4, 3129055.4 ], [ 4408888.5, 3128979.8 ], [ 4409121.3, 3128771.3 ], [ 4409316.0, 3128582.8 ], [ 4409502.9, 3128192.2 ], [ 4410310.9, 3127708.6 ], [ 4410321.0, 3127694.5 ], [ 4410321.3, 3127660.6 ], [ 4410352.2, 3127629.0 ], [ 4410433.7, 3127573.1 ], [ 4410446.6, 3127596.7 ], [ 4410475.3, 3127596.5 ], [ 4410568.6, 3127512.9 ], [ 4410617.9, 3127489.7 ], [ 4410625.7, 3127467.1 ], [ 4410604.8, 3127428.9 ], [ 4410645.3, 3127455.6 ], [ 4410701.2, 3127464.0 ], [ 4410730.2, 3127493.9 ], [ 4410748.5, 3127496.1 ], [ 4410774.1, 3127465.6 ], [ 4410783.2, 3127440.0 ], [ 4410777.0, 3127412.4 ], [ 4410750.2, 3127390.5 ], [ 4410756.1, 3127372.6 ], [ 4410781.5, 3127368.2 ], [ 4410794.0, 3127396.1 ], [ 4410813.8, 3127404.0 ], [ 4410909.7, 3127536.6 ], [ 4410923.1, 3127542.8 ], [ 4410937.4, 3127539.1 ], [ 4411096.0, 3127425.2 ], [ 4411093.1, 3127406.9 ], [ 4411018.4, 3127296.6 ], [ 4410993.7, 3127247.3 ], [ 4411039.6, 3127186.3 ], [ 4411066.0, 3127226.7 ], [ 4411087.1, 3127238.2 ], [ 4411111.7, 3127233.2 ], [ 4411191.6, 3127346.3 ], [ 4411215.8, 3127351.0 ], [ 4411334.2, 3127266.3 ], [ 4411331.9, 3127248.3 ], [ 4411252.8, 3127119.7 ], [ 4411323.4, 3127079.3 ], [ 4411396.9, 3127204.3 ], [ 4411419.8, 3127211.4 ], [ 4411737.3, 3126994.3 ], [ 4411846.6, 3127236.7 ], [ 4411602.7, 3127398.2 ], [ 4411593.2, 3127416.2 ], [ 4411706.5, 3127644.4 ], [ 4411726.4, 3127650.1 ], [ 4411772.6, 3127622.9 ], [ 4411781.2, 3127628.9 ], [ 4411822.9, 3127664.4 ], [ 4411883.0, 3127762.4 ], [ 4411967.1, 3127805.2 ], [ 4411985.7, 3127843.7 ], [ 4411999.7, 3127853.6 ], [ 4412184.1, 3127776.4 ], [ 4412212.2, 3127773.7 ], [ 4412237.4, 3127745.0 ], [ 4412231.0, 3127720.9 ], [ 4412285.4, 3127674.9 ], [ 4412294.8, 3127701.9 ], [ 4412273.3, 3127727.2 ], [ 4412279.6, 3127743.2 ], [ 4412300.1, 3127756.1 ], [ 4412282.5, 3127785.8 ], [ 4412291.5, 3127808.7 ], [ 4412318.7, 3127809.4 ], [ 4412348.1, 3127788.9 ], [ 4412349.7, 3127764.9 ], [ 4412326.3, 3127747.3 ], [ 4412337.0, 3127725.3 ], [ 4412362.1, 3127714.5 ], [ 4412382.0, 3127747.0 ], [ 4412406.0, 3127751.2 ], [ 4412449.4, 3127799.9 ], [ 4412420.9, 3127818.7 ], [ 4412420.4, 3127841.9 ], [ 4412399.5, 3127844.2 ], [ 4412350.0, 3127875.9 ], [ 4412331.6, 3127869.7 ], [ 4412317.7, 3127876.6 ], [ 4412261.2, 3127835.0 ], [ 4412232.7, 3127825.8 ], [ 4412173.4, 3127822.8 ], [ 4412146.4, 3127832.0 ], [ 4412137.3, 3127846.9 ], [ 4412158.3, 3127892.1 ], [ 4412330.3, 3128067.6 ], [ 4412286.8, 3128111.9 ], [ 4412289.7, 3128136.0 ], [ 4412487.6, 3128312.1 ], [ 4412532.6, 3128335.2 ], [ 4412398.5, 3128454.7 ], [ 4412351.7, 3128421.7 ], [ 4412315.4, 3128429.5 ], [ 4412302.1, 3128416.7 ], [ 4412279.2, 3128411.2 ], [ 4412265.7, 3128417.4 ], [ 4412259.3, 3128430.8 ], [ 4412270.7, 3128467.7 ], [ 4412231.4, 3128469.7 ], [ 4412210.7, 3128458.0 ], [ 4412187.3, 3128472.0 ], [ 4412133.8, 3128450.8 ], [ 4412085.7, 3128486.9 ], [ 4412086.1, 3128504.9 ], [ 4412110.2, 3128531.2 ], [ 4412105.9, 3128560.4 ], [ 4412123.4, 3128582.7 ], [ 4412104.8, 3128618.6 ], [ 4412108.5, 3128635.9 ], [ 4412194.2, 3128697.6 ], [ 4412206.2, 3128716.2 ], [ 4412316.1, 3128754.9 ], [ 4412294.5, 3128783.5 ], [ 4412301.6, 3128800.0 ], [ 4412318.8, 3128806.0 ], [ 4412249.0, 3128879.3 ], [ 4412066.4, 3128848.2 ], [ 4412055.9, 3128859.0 ], [ 4412050.9, 3128881.9 ], [ 4412058.6, 3128911.8 ], [ 4412073.5, 3128929.6 ], [ 4412104.7, 3128931.3 ], [ 4412118.4, 3128949.4 ], [ 4412079.6, 3128979.4 ], [ 4412053.4, 3128977.6 ], [ 4412042.1, 3128968.5 ], [ 4412007.2, 3128920.7 ], [ 4411974.4, 3128915.9 ], [ 4411887.6, 3128972.6 ], [ 4411826.7, 3129024.7 ], [ 4411829.6, 3129042.4 ], [ 4411906.8, 3129134.0 ], [ 4411930.0, 3129137.5 ], [ 4411959.2, 3129113.0 ], [ 4412091.7, 3129270.7 ], [ 4412063.4, 3129299.7 ], [ 4412055.2, 3129319.3 ], [ 4412004.8, 3129342.6 ], [ 4411994.5, 3129378.0 ], [ 4412012.0, 3129399.7 ], [ 4412059.7, 3129387.6 ], [ 4412073.4, 3129441.4 ], [ 4412074.2, 3129505.7 ], [ 4412105.4, 3129528.8 ], [ 4412141.1, 3129578.4 ], [ 4412100.1, 3129724.4 ], [ 4412092.3, 3129733.0 ], [ 4411685.4, 3129652.8 ], [ 4411668.7, 3129660.3 ], [ 4411663.5, 3129677.8 ], [ 4411691.2, 3129704.7 ], [ 4411682.3, 3129764.9 ], [ 4411710.3, 3129833.6 ], [ 4411644.6, 3129825.7 ], [ 4411629.5, 3129778.3 ], [ 4411599.1, 3129757.0 ], [ 4411552.2, 3129744.3 ], [ 4411533.1, 3129752.2 ], [ 4411527.6, 3129781.9 ], [ 4411540.0, 3129901.3 ], [ 4411527.6, 3129920.8 ], [ 4411542.5, 3130307.2 ], [ 4411314.6, 3130252.5 ], [ 4411297.1, 3130223.2 ], [ 4411288.2, 3130169.2 ], [ 4411201.1, 3130145.5 ], [ 4411207.7, 3130086.3 ], [ 4411218.3, 3130073.7 ], [ 4411304.1, 3130078.1 ], [ 4411373.2, 3130073.0 ], [ 4411385.5, 3130064.9 ], [ 4411400.7, 3129974.2 ], [ 4411391.4, 3129921.0 ], [ 4411376.0, 3129913.7 ], [ 4411267.1, 3129907.3 ], [ 4411212.5, 3129832.5 ], [ 4411126.2, 3129806.2 ], [ 4411010.4, 3129731.0 ], [ 4410984.2, 3129738.6 ], [ 4410952.3, 3129795.8 ], [ 4410953.8, 3129817.2 ], [ 4411063.2, 3129894.0 ], [ 4411104.5, 3129910.2 ], [ 4411116.0, 3129934.0 ], [ 4411169.6, 3129953.6 ], [ 4411160.8, 3129973.5 ], [ 4411136.8, 3129986.5 ], [ 4411139.7, 3130031.9 ], [ 4411115.1, 3130032.1 ], [ 4411103.0, 3130044.3 ], [ 4411091.1, 3130120.2 ], [ 4411070.2, 3130157.9 ], [ 4411049.0, 3130172.3 ], [ 4410937.5, 3130149.3 ], [ 4410840.1, 3130090.3 ], [ 4410856.1, 3130059.4 ], [ 4410889.3, 3130079.1 ], [ 4410928.9, 3130090.2 ], [ 4410953.2, 3130088.7 ], [ 4410963.6, 3130074.7 ], [ 4410984.7, 3129984.1 ], [ 4411014.7, 3129988.1 ], [ 4411029.6, 3129974.2 ], [ 4411038.4, 3129936.8 ], [ 4411033.7, 3129920.2 ], [ 4411007.6, 3129906.5 ], [ 4410978.6, 3129907.6 ], [ 4410923.9, 3129860.2 ], [ 4410905.7, 3129860.9 ], [ 4410895.5, 3129871.6 ], [ 4410878.8, 3129945.0 ], [ 4410810.0, 3130001.1 ], [ 4410775.8, 3130013.1 ], [ 4410765.8, 3130048.4 ], [ 4410709.9, 3130011.4 ], [ 4410698.7, 3129978.4 ], [ 4410671.3, 3129980.0 ], [ 4410664.2, 3129991.9 ], [ 4410665.7, 3130015.9 ], [ 4410701.5, 3130106.6 ], [ 4410803.4, 3130226.6 ], [ 4410796.9, 3130264.8 ], [ 4410808.9, 3130309.1 ], [ 4410778.8, 3130273.0 ], [ 4410746.8, 3130267.4 ], [ 4410688.1, 3130234.2 ], [ 4410598.0, 3130135.7 ], [ 4410509.1, 3130166.9 ], [ 4410504.0, 3130184.5 ], [ 4410517.1, 3130239.1 ], [ 4410615.6, 3130252.9 ], [ 4410697.9, 3130305.7 ], [ 4410760.9, 3130369.2 ], [ 4410754.4, 3130421.1 ], [ 4410767.7, 3130440.7 ], [ 4410937.8, 3130455.7 ], [ 4410993.0, 3130472.5 ], [ 4411127.4, 3130543.7 ], [ 4411194.7, 3130563.3 ], [ 4411334.6, 3130666.4 ], [ 4411127.1, 3130620.8 ], [ 4411102.6, 3130623.2 ], [ 4410732.8, 3130535.8 ], [ 4410539.9, 3130469.6 ], [ 4410435.7, 3130453.2 ], [ 4410333.8, 3130461.2 ], [ 4410248.2, 3130675.3 ], [ 4410241.3, 3130712.0 ], [ 4410250.6, 3130727.4 ], [ 4410287.9, 3130738.9 ], [ 4410260.6, 3130865.2 ], [ 4410267.1, 3130886.0 ], [ 4410319.7, 3130895.5 ], [ 4410451.2, 3130901.2 ], [ 4410477.4, 3130917.7 ], [ 4410450.7, 3131097.5 ], [ 4410425.0, 3131176.1 ], [ 4410404.7, 3131293.4 ], [ 4410335.0, 3131295.2 ], [ 4410288.1, 3131306.1 ], [ 4410270.5, 3131321.8 ], [ 4410245.8, 3131370.4 ], [ 4410198.8, 3131382.1 ], [ 4410072.6, 3131311.4 ], [ 4409984.7, 3131287.9 ], [ 4409956.7, 3131292.8 ], [ 4409938.4, 3131309.2 ], [ 4409905.0, 3131461.9 ], [ 4409803.6, 3131435.2 ], [ 4409729.7, 3131444.2 ], [ 4409653.0, 3131475.0 ], [ 4409640.3, 3131494.0 ], [ 4409546.7, 3131515.4 ], [ 4409512.7, 3131548.1 ], [ 4409420.8, 3131571.0 ], [ 4409384.3, 3131587.7 ], [ 4409379.2, 3131604.7 ], [ 4409388.3, 3131619.9 ], [ 4409552.9, 3131700.5 ], [ 4409556.3, 3131727.3 ], [ 4409491.5, 3131830.5 ], [ 4409356.5, 3131821.3 ], [ 4409280.4, 3131802.9 ], [ 4409188.1, 3131799.5 ], [ 4409174.1, 3131808.2 ], [ 4409126.6, 3131879.9 ], [ 4409126.7, 3131893.6 ], [ 4409137.8, 3131906.5 ], [ 4409590.9, 3132130.2 ], [ 4409579.8, 3132155.1 ], [ 4409589.1, 3132173.7 ], [ 4409763.6, 3132254.0 ], [ 4409705.7, 3132417.4 ], [ 4409231.6, 3132129.1 ], [ 4409157.4, 3132066.5 ], [ 4409090.7, 3132032.9 ], [ 4409073.2, 3132034.9 ], [ 4408649.3, 3132725.3 ], [ 4408619.9, 3132869.5 ], [ 4408592.6, 3132905.5 ], [ 4408552.5, 3132993.7 ], [ 4408559.5, 3133017.4 ], [ 4408594.0, 3133031.0 ], [ 4408562.6, 3133103.9 ], [ 4408563.0, 3133122.3 ], [ 4408573.8, 3133132.7 ], [ 4408599.4, 3133138.5 ], [ 4408609.9, 3133163.3 ], [ 4408663.5, 3133183.7 ], [ 4408616.9, 3133202.7 ], [ 4408539.4, 3133294.9 ], [ 4408534.1, 3133333.7 ], [ 4408603.1, 3133382.7 ], [ 4408595.5, 3133406.5 ], [ 4408608.1, 3133426.8 ], [ 4408683.6, 3133466.2 ], [ 4408805.0, 3133509.6 ], [ 4408930.4, 3133598.5 ], [ 4408886.0, 3133660.4 ], [ 4408866.5, 3133748.3 ], [ 4408873.3, 3133795.3 ], [ 4408936.4, 3133997.1 ], [ 4408833.5, 3133996.0 ], [ 4408823.0, 3134009.8 ], [ 4408819.3, 3134040.0 ], [ 4408781.7, 3134057.6 ], [ 4408760.8, 3134081.5 ], [ 4408756.6, 3134098.5 ], [ 4408779.4, 3134198.8 ], [ 4408799.7, 3134204.3 ], [ 4408840.6, 3134187.6 ], [ 4408827.4, 3134111.3 ], [ 4408842.8, 3134074.4 ], [ 4408957.0, 3134041.1 ], [ 4408968.0, 3134043.3 ], [ 4409001.4, 3134079.6 ], [ 4409158.1, 3134126.9 ], [ 4409230.7, 3134133.5 ], [ 4409276.1, 3134148.6 ], [ 4409316.1, 3134174.9 ], [ 4409360.2, 3134226.5 ], [ 4409376.1, 3134253.2 ], [ 4409380.6, 3134287.5 ], [ 4409392.8, 3134299.4 ], [ 4409628.1, 3134390.2 ], [ 4409776.1, 3134426.3 ], [ 4409876.6, 3134435.9 ], [ 4409836.3, 3134516.7 ], [ 4409782.0, 3134577.9 ], [ 4409772.5, 3134621.4 ], [ 4409846.4, 3134673.3 ], [ 4409922.2, 3134694.0 ], [ 4409933.0, 3134702.6 ], [ 4409932.6, 3134719.5 ], [ 4409941.8, 3134731.2 ], [ 4410020.1, 3134767.2 ], [ 4410039.5, 3134760.8 ], [ 4410053.5, 3134727.6 ], [ 4410044.6, 3134711.5 ], [ 4410022.0, 3134705.8 ], [ 4410023.7, 3134651.9 ], [ 4410034.6, 3134625.4 ], [ 4410026.0, 3134596.6 ], [ 4410005.1, 3134586.0 ], [ 4410000.3, 3134562.4 ], [ 4410014.7, 3134555.5 ], [ 4410095.8, 3134469.7 ], [ 4410128.1, 3134453.9 ] ], [ [ 4411541.1, 3132439.8 ], [ 4411585.2, 3132435.1 ], [ 4411587.3, 3132482.6 ], [ 4411543.9, 3132479.2 ], [ 4411541.1, 3132439.8 ] ], [ [ 4414301.5, 3131232.6 ], [ 4414330.3, 3131245.9 ], [ 4414347.6, 3131274.9 ], [ 4414345.3, 3131284.0 ], [ 4414329.0, 3131281.0 ], [ 4414301.0, 3131242.7 ], [ 4414301.5, 3131232.6 ] ], [ [ 4414222.4, 3131188.0 ], [ 4414236.3, 3131186.5 ], [ 4414266.9, 3131201.7 ], [ 4414271.7, 3131218.6 ], [ 4414247.1, 3131215.7 ], [ 4414222.7, 3131199.7 ], [ 4414222.4, 3131188.0 ] ], [ [ 4411295.3, 3130471.1 ], [ 4411142.4, 3130411.7 ], [ 4411120.4, 3130423.6 ], [ 4411120.9, 3130458.1 ], [ 4411100.9, 3130458.0 ], [ 4411101.1, 3130445.0 ], [ 4411117.4, 3130426.0 ], [ 4411108.6, 3130406.0 ], [ 4410978.9, 3130327.5 ], [ 4410870.6, 3130279.7 ], [ 4410901.6, 3130284.5 ], [ 4410917.0, 3130278.5 ], [ 4411003.5, 3130317.4 ], [ 4411070.2, 3130363.6 ], [ 4411089.5, 3130358.3 ], [ 4411241.3, 3130395.9 ], [ 4411298.2, 3130399.1 ], [ 4411295.3, 3130471.1 ] ], [ [ 4415528.9, 3129986.2 ], [ 4415456.1, 3129639.8 ], [ 4415398.6, 3129518.3 ], [ 4415438.6, 3129497.4 ], [ 4415467.1, 3129543.8 ], [ 4415500.4, 3129641.3 ], [ 4415571.8, 3129967.5 ], [ 4415528.9, 3129986.2 ] ], [ [ 4414393.7, 3129278.5 ], [ 4414414.5, 3129278.1 ], [ 4414445.5, 3129307.6 ], [ 4414481.0, 3129313.3 ], [ 4414485.1, 3129334.2 ], [ 4414437.7, 3129323.0 ], [ 4414420.0, 3129296.0 ], [ 4414393.7, 3129278.5 ] ], [ [ 4412941.8, 3128062.0 ], [ 4412946.5, 3128047.9 ], [ 4412980.5, 3128088.6 ], [ 4413039.6, 3128136.4 ], [ 4413130.1, 3128189.0 ], [ 4413147.6, 3128206.4 ], [ 4413112.4, 3128230.7 ], [ 4413044.5, 3128205.5 ], [ 4412997.9, 3128161.5 ], [ 4412941.8, 3128062.0 ] ], [ [ 4416813.5, 3127627.7 ], [ 4416808.9, 3127585.9 ], [ 4416847.6, 3127570.1 ], [ 4416876.2, 3127646.4 ], [ 4416839.6, 3127659.6 ], [ 4416813.5, 3127627.7 ] ], [ [ 4409880.5, 3127424.3 ], [ 4409882.3, 3127479.0 ], [ 4409834.7, 3127476.0 ], [ 4409830.0, 3127446.1 ], [ 4409836.0, 3127420.3 ], [ 4409880.5, 3127424.3 ] ], [ [ 4415119.5, 3126901.1 ], [ 4414936.0, 3126834.6 ], [ 4414968.0, 3126731.9 ], [ 4414956.1, 3126709.0 ], [ 4415045.7, 3126544.3 ], [ 4415038.1, 3126522.3 ], [ 4414990.5, 3126502.9 ], [ 4415215.6, 3126171.6 ], [ 4415206.5, 3126150.4 ], [ 4415163.3, 3126130.2 ], [ 4415145.9, 3126135.8 ], [ 4415116.8, 3126172.8 ], [ 4415088.9, 3126161.2 ], [ 4415097.1, 3126146.1 ], [ 4415099.8, 3126097.8 ], [ 4415181.7, 3126076.1 ], [ 4415192.8, 3126066.1 ], [ 4415208.1, 3126036.6 ], [ 4415206.4, 3126018.9 ], [ 4415158.3, 3125994.0 ], [ 4415288.7, 3125819.6 ], [ 4415294.4, 3125779.9 ], [ 4415279.9, 3125769.3 ], [ 4415262.6, 3125771.6 ], [ 4415281.5, 3125749.4 ], [ 4415392.0, 3125676.1 ], [ 4415390.4, 3125654.7 ], [ 4415365.4, 3125643.8 ], [ 4415360.5, 3125619.8 ], [ 4415422.5, 3125582.2 ], [ 4415499.5, 3125657.3 ], [ 4415358.8, 3125737.6 ], [ 4415359.3, 3125755.8 ], [ 4415369.8, 3125766.2 ], [ 4415274.1, 3125925.8 ], [ 4415278.7, 3125955.1 ], [ 4415295.5, 3125978.8 ], [ 4415328.5, 3125997.1 ], [ 4415348.8, 3125985.2 ], [ 4415440.3, 3125789.9 ], [ 4415490.7, 3125805.8 ], [ 4415510.5, 3125793.8 ], [ 4415512.4, 3125773.2 ], [ 4415491.5, 3125755.9 ], [ 4415561.0, 3125659.4 ], [ 4415566.2, 3125610.3 ], [ 4415606.3, 3125597.0 ], [ 4415663.7, 3125591.2 ], [ 4415576.1, 3125740.7 ], [ 4415564.6, 3125818.0 ], [ 4415578.8, 3125837.3 ], [ 4415569.1, 3125851.2 ], [ 4415529.3, 3125866.6 ], [ 4415521.1, 3125881.3 ], [ 4415526.8, 3125901.3 ], [ 4415574.9, 3125956.1 ], [ 4415520.1, 3126056.6 ], [ 4415518.3, 3126073.1 ], [ 4415612.2, 3126153.3 ], [ 4415337.9, 3126569.7 ], [ 4415334.3, 3126596.5 ], [ 4415348.4, 3126614.9 ], [ 4415341.9, 3126632.5 ], [ 4415227.0, 3126784.8 ], [ 4415222.1, 3126826.9 ], [ 4415175.7, 3126846.1 ], [ 4415141.0, 3126872.9 ], [ 4415119.5, 3126901.1 ] ], [ [ 4418647.0, 3126533.5 ], [ 4418800.2, 3126513.9 ], [ 4418809.7, 3126544.2 ], [ 4418802.5, 3126561.8 ], [ 4418805.4, 3126604.3 ], [ 4418762.2, 3126636.6 ], [ 4418641.1, 3126659.4 ], [ 4418630.7, 3126614.0 ], [ 4418650.0, 3126607.8 ], [ 4418658.3, 3126593.0 ], [ 4418647.0, 3126533.5 ] ], [ [ 4415646.4, 3126271.8 ], [ 4415714.7, 3126239.0 ], [ 4415741.7, 3126244.0 ], [ 4415736.9, 3126260.6 ], [ 4415693.7, 3126301.6 ], [ 4415646.4, 3126271.8 ] ], [ [ 4418448.1, 3125757.9 ], [ 4418403.2, 3125770.3 ], [ 4418386.0, 3125715.6 ], [ 4418531.6, 3125673.2 ], [ 4418575.9, 3125808.4 ], [ 4418534.5, 3125821.2 ], [ 4418526.8, 3125847.8 ], [ 4418493.0, 3125827.4 ], [ 4418471.1, 3125765.3 ], [ 4418448.1, 3125757.9 ] ], [ [ 4414585.9, 3125592.8 ], [ 4414574.4, 3125583.4 ], [ 4414579.6, 3125566.2 ], [ 4414640.9, 3125538.5 ], [ 4414659.1, 3125541.3 ], [ 4414651.4, 3125565.1 ], [ 4414585.9, 3125592.8 ] ], [ [ 4413270.4, 3125864.7 ], [ 4413267.7, 3125884.1 ], [ 4413249.6, 3125886.1 ], [ 4413230.5, 3125913.6 ], [ 4413211.2, 3125923.5 ], [ 4413212.3, 3125899.8 ], [ 4413199.3, 3125886.7 ], [ 4413178.3, 3125883.5 ], [ 4413152.9, 3125897.4 ], [ 4413129.5, 3125896.6 ], [ 4413051.4, 3125865.7 ], [ 4413039.4, 3125851.9 ], [ 4413016.9, 3125854.4 ], [ 4412985.1, 3125841.8 ], [ 4413002.4, 3125781.8 ], [ 4413037.6, 3125784.2 ], [ 4413092.2, 3125797.0 ], [ 4413270.4, 3125864.7 ] ], [ [ 4412461.6, 3126127.1 ], [ 4412462.9, 3126184.2 ], [ 4412476.8, 3126200.6 ], [ 4412526.0, 3126196.0 ], [ 4412603.1, 3126172.3 ], [ 4412617.0, 3126211.0 ], [ 4412611.2, 3126475.9 ], [ 4412522.0, 3126464.7 ], [ 4412220.4, 3126501.8 ], [ 4412239.5, 3126154.7 ], [ 4412321.7, 3126198.7 ], [ 4412342.7, 3126194.9 ], [ 4412350.7, 3126178.7 ], [ 4412355.4, 3126064.4 ], [ 4412461.6, 3126127.1 ] ], [ [ 4412829.5, 3126383.8 ], [ 4412891.8, 3126383.6 ], [ 4412890.4, 3126416.6 ], [ 4412825.9, 3126415.9 ], [ 4412829.5, 3126383.8 ] ], [ [ 4409522.1, 3125896.6 ], [ 4409486.6, 3125859.2 ], [ 4409498.4, 3125838.9 ], [ 4409535.5, 3125822.9 ], [ 4409564.0, 3125839.3 ], [ 4409522.1, 3125896.6 ] ], [ [ 4416319.6, 3125295.5 ], [ 4416362.5, 3125247.3 ], [ 4416457.1, 3125180.6 ], [ 4416463.6, 3125164.2 ], [ 4416456.1, 3125148.3 ], [ 4416435.7, 3125143.7 ], [ 4416386.9, 3125166.5 ], [ 4416241.0, 3125262.2 ], [ 4416157.6, 3125231.8 ], [ 4416284.7, 3125160.9 ], [ 4416381.9, 3125089.7 ], [ 4416462.3, 3125073.5 ], [ 4416495.3, 3125059.5 ], [ 4416524.3, 3125032.9 ], [ 4416534.1, 3125066.2 ], [ 4416614.1, 3125152.2 ], [ 4416621.7, 3125175.0 ], [ 4416506.1, 3125213.6 ], [ 4416363.9, 3125315.5 ], [ 4416319.6, 3125295.5 ] ], [ [ 4414839.2, 3125063.0 ], [ 4414859.4, 3124940.2 ], [ 4414878.9, 3124934.2 ], [ 4414947.8, 3124966.8 ], [ 4414970.7, 3124986.6 ], [ 4414947.3, 3125052.8 ], [ 4414839.2, 3125063.0 ] ], [ [ 4413181.8, 3124707.3 ], [ 4413155.9, 3124643.8 ], [ 4413757.1, 3124340.3 ], [ 4413797.0, 3124436.8 ], [ 4413815.1, 3124447.4 ], [ 4413815.1, 3124471.7 ], [ 4413805.9, 3124483.7 ], [ 4413773.0, 3124502.2 ], [ 4413710.8, 3124525.3 ], [ 4413687.4, 3124522.3 ], [ 4413663.6, 3124499.0 ], [ 4413645.9, 3124497.9 ], [ 4413565.9, 3124540.6 ], [ 4413547.4, 3124541.8 ], [ 4413456.5, 3124594.4 ], [ 4413442.1, 3124621.0 ], [ 4413327.2, 3124696.1 ], [ 4413147.1, 3124877.4 ], [ 4413113.5, 3124806.4 ], [ 4413165.9, 3124774.3 ], [ 4413182.5, 3124755.6 ], [ 4413181.8, 3124707.3 ] ], [ [ 4416474.6, 3124668.9 ], [ 4416491.2, 3124669.9 ], [ 4416512.9, 3124690.4 ], [ 4416455.8, 3124720.0 ], [ 4416455.3, 3124703.7 ], [ 4416474.6, 3124668.9 ] ], [ [ 4416440.0, 3124504.1 ], [ 4416413.4, 3124492.0 ], [ 4416356.8, 3124502.4 ], [ 4416347.0, 3124490.7 ], [ 4416349.5, 3124440.5 ], [ 4416337.3, 3124418.8 ], [ 4416351.9, 3124417.2 ], [ 4416379.7, 3124436.5 ], [ 4416409.5, 3124431.6 ], [ 4416424.6, 3124474.3 ], [ 4416441.1, 3124481.5 ], [ 4416457.5, 3124473.9 ], [ 4416470.6, 3124509.8 ], [ 4416453.7, 3124521.6 ], [ 4416440.0, 3124504.1 ] ], [ [ 4414748.2, 3123758.1 ], [ 4414737.2, 3123730.2 ], [ 4414762.3, 3123706.9 ], [ 4414785.4, 3123711.6 ], [ 4414804.8, 3123687.2 ], [ 4414816.4, 3123684.4 ], [ 4414851.2, 3123700.2 ], [ 4414850.6, 3123721.4 ], [ 4414837.3, 3123747.6 ], [ 4414819.0, 3123747.5 ], [ 4414806.1, 3123758.9 ], [ 4414808.4, 3123792.1 ], [ 4414780.0, 3123849.0 ], [ 4414755.8, 3123855.9 ], [ 4414748.2, 3123758.1 ] ], [ [ 4415769.4, 3122998.6 ], [ 4415808.7, 3122930.9 ], [ 4415848.8, 3122961.9 ], [ 4415860.7, 3122985.9 ], [ 4415823.8, 3123023.1 ], [ 4415780.2, 3123032.0 ], [ 4415770.5, 3123022.3 ], [ 4415769.4, 3122998.6 ] ] ] } },
{ "type": "Feature", "properties": { "id": "forest_81911", "state": "Thüringen", "area_ha": 9482.45, "unfragmented": true, "image": "forest_81911.webp", "real_width_m": 12314.7, "real_height_m": 14092.4, "pixel_width": 1231, "pixel_height": 1409, "centroid_x": 4381785.4, "centroid_y": 3165564.2 }, "geometry": { "type": "Polygon", "coordinates": [ [ [ 4380147.4, 3171953.6 ], [ 4380172.9, 3171926.6 ], [ 4380220.0, 3171962.5 ], [ 4380220.6, 3171979.5 ], [ 4380234.5, 3171999.7 ], [ 4380434.4, 3172071.5 ], [ 4380458.6, 3172070.9 ], [ 4380477.8, 3172108.8 ], [ 4380474.3, 3172129.1 ], [ 4380485.8, 3172142.2 ], [ 4380626.7, 3172146.1 ], [ 4380656.7, 3172142.5 ], [ 4380702.2, 3172123.5 ], [ 4380915.6, 3171987.2 ], [ 4380956.3, 3171969.8 ], [ 4381142.9, 3171923.5 ], [ 4381188.3, 3171933.2 ], [ 4381231.7, 3171961.0 ], [ 4381251.6, 3171955.6 ], [ 4381258.5, 3171926.7 ], [ 4381244.5, 3171824.4 ], [ 4381260.3, 3171755.0 ], [ 4381337.9, 3171732.6 ], [ 4381348.4, 3171722.0 ], [ 4381348.3, 3171703.5 ], [ 4381334.2, 3171691.6 ], [ 4381288.9, 3171682.2 ], [ 4381273.6, 3171666.5 ], [ 4381211.7, 3171669.1 ], [ 4381192.2, 3171697.6 ], [ 4381191.1, 3171756.4 ], [ 4381180.4, 3171774.7 ], [ 4381204.3, 3171854.5 ], [ 4381177.8, 3171866.7 ], [ 4381114.3, 3171747.9 ], [ 4381117.4, 3171719.7 ], [ 4381162.4, 3171617.1 ], [ 4381137.7, 3171583.1 ], [ 4381136.0, 3171535.7 ], [ 4381116.3, 3171486.5 ], [ 4381115.0, 3171386.7 ], [ 4381107.2, 3171354.4 ], [ 4381082.6, 3171334.8 ], [ 4381050.7, 3171335.0 ], [ 4381009.0, 3171350.5 ], [ 4380961.4, 3171315.7 ], [ 4380993.4, 3171278.5 ], [ 4381019.2, 3171276.5 ], [ 4381073.6, 3171315.1 ], [ 4381104.7, 3171325.2 ], [ 4381123.9, 3171353.7 ], [ 4381142.1, 3171476.1 ], [ 4381167.1, 3171554.6 ], [ 4381177.5, 3171564.1 ], [ 4381201.2, 3171567.3 ], [ 4381231.6, 3171556.8 ], [ 4381247.0, 3171523.6 ], [ 4381249.2, 3171457.5 ], [ 4381242.3, 3171441.7 ], [ 4381234.9, 3171316.7 ], [ 4381249.5, 3171228.9 ], [ 4381263.5, 3171198.0 ], [ 4381268.6, 3171161.0 ], [ 4381281.2, 3171146.9 ], [ 4381296.6, 3171073.3 ], [ 4381363.0, 3170925.6 ], [ 4381383.7, 3170919.0 ], [ 4381420.9, 3170944.5 ], [ 4381442.3, 3170985.6 ], [ 4381540.7, 3171052.2 ], [ 4381674.6, 3171105.0 ], [ 4381788.6, 3171120.1 ], [ 4381806.4, 3171141.7 ], [ 4381896.7, 3171145.1 ], [ 4381925.1, 3171161.1 ], [ 4381944.6, 3171220.7 ], [ 4382012.9, 3171227.0 ], [ 4382045.4, 3171258.5 ], [ 4381984.3, 3171292.9 ], [ 4381978.4, 3171308.9 ], [ 4381985.8, 3171324.4 ], [ 4382013.6, 3171339.9 ], [ 4382056.9, 3171322.6 ], [ 4382071.5, 3171324.1 ], [ 4382088.1, 3171397.7 ], [ 4382101.4, 3171412.8 ], [ 4382232.1, 3171420.8 ], [ 4382229.3, 3171578.8 ], [ 4382260.1, 3171601.0 ], [ 4382276.6, 3171644.6 ], [ 4382293.8, 3171659.1 ], [ 4382310.9, 3171659.8 ], [ 4382339.0, 3171642.7 ], [ 4382399.7, 3171639.6 ], [ 4382569.3, 3171540.3 ], [ 4382600.5, 3171529.4 ], [ 4382606.3, 3171506.2 ], [ 4382572.6, 3171464.4 ], [ 4382455.4, 3171388.9 ], [ 4382361.5, 3171351.6 ], [ 4382235.6, 3171327.3 ], [ 4382236.2, 3171300.7 ], [ 4382249.6, 3171289.2 ], [ 4382253.8, 3171266.9 ], [ 4382278.4, 3171267.3 ], [ 4382292.5, 3171255.3 ], [ 4382302.9, 3171148.6 ], [ 4382397.9, 3171057.6 ], [ 4382390.6, 3171013.3 ], [ 4382424.7, 3170914.4 ], [ 4382481.5, 3170871.0 ], [ 4382446.9, 3170720.4 ], [ 4382429.2, 3170695.6 ], [ 4382391.8, 3170667.5 ], [ 4382419.9, 3170622.2 ], [ 4382458.2, 3170633.2 ], [ 4382469.5, 3170623.3 ], [ 4382475.4, 3170600.9 ], [ 4382540.6, 3170577.9 ], [ 4382560.5, 3170528.7 ], [ 4382555.6, 3170514.6 ], [ 4382527.5, 3170490.1 ], [ 4382499.9, 3170491.2 ], [ 4382467.3, 3170467.2 ], [ 4382392.0, 3170481.8 ], [ 4382334.8, 3170438.7 ], [ 4382274.1, 3170365.9 ], [ 4382217.6, 3170319.3 ], [ 4382204.0, 3170293.7 ], [ 4382182.3, 3170278.9 ], [ 4382234.8, 3170236.8 ], [ 4382262.8, 3170194.9 ], [ 4382328.9, 3170280.3 ], [ 4382368.8, 3170283.5 ], [ 4382430.6, 3170250.9 ], [ 4382456.8, 3170141.0 ], [ 4382537.0, 3170122.7 ], [ 4382653.8, 3170154.7 ], [ 4382762.9, 3170145.8 ], [ 4382836.7, 3170198.9 ], [ 4382815.5, 3170276.8 ], [ 4382810.8, 3170468.2 ], [ 4382814.9, 3170481.6 ], [ 4382829.7, 3170490.5 ], [ 4382922.5, 3170488.5 ], [ 4382954.0, 3170478.2 ], [ 4382967.1, 3170460.6 ], [ 4383063.7, 3170481.0 ], [ 4383207.0, 3170460.4 ], [ 4383252.5, 3170469.4 ], [ 4383287.3, 3170485.6 ], [ 4383268.1, 3170531.9 ], [ 4383294.0, 3170561.0 ], [ 4383324.1, 3170567.8 ], [ 4383372.0, 3170550.0 ], [ 4383397.8, 3170556.2 ], [ 4383427.2, 3170548.1 ], [ 4383440.2, 3170530.4 ], [ 4383461.1, 3170531.4 ], [ 4383467.7, 3170558.3 ], [ 4383492.9, 3170576.7 ], [ 4383538.1, 3170563.9 ], [ 4383555.0, 3170500.0 ], [ 4383586.3, 3170511.4 ], [ 4383602.8, 3170504.4 ], [ 4383618.4, 3170449.7 ], [ 4383630.3, 3170435.5 ], [ 4383638.5, 3170445.2 ], [ 4383634.6, 3170473.8 ], [ 4383649.3, 3170489.7 ], [ 4383678.2, 3170496.2 ], [ 4383733.7, 3170480.0 ], [ 4383754.0, 3170688.0 ], [ 4383703.1, 3170709.7 ], [ 4383649.2, 3170757.7 ], [ 4383618.4, 3170707.7 ], [ 4383574.2, 3170656.7 ], [ 4383575.0, 3170639.3 ], [ 4383564.8, 3170625.0 ], [ 4383522.8, 3170612.2 ], [ 4383442.5, 3170640.1 ], [ 4383427.1, 3170616.6 ], [ 4383412.9, 3170611.6 ], [ 4383338.9, 3170638.4 ], [ 4383233.2, 3170636.4 ], [ 4383165.1, 3170659.8 ], [ 4383155.2, 3170674.3 ], [ 4383160.4, 3170700.2 ], [ 4383121.0, 3170745.2 ], [ 4383121.4, 3170773.6 ], [ 4383207.3, 3170836.9 ], [ 4383293.5, 3170770.8 ], [ 4383296.1, 3170756.5 ], [ 4383282.4, 3170737.4 ], [ 4383280.6, 3170704.8 ], [ 4383293.4, 3170702.8 ], [ 4383331.3, 3170739.6 ], [ 4383415.4, 3170744.7 ], [ 4383443.9, 3170821.7 ], [ 4383390.4, 3170848.0 ], [ 4383381.1, 3170870.1 ], [ 4383434.3, 3170933.5 ], [ 4383427.5, 3170954.4 ], [ 4383482.8, 3171096.0 ], [ 4383506.8, 3171106.2 ], [ 4383573.1, 3171079.3 ], [ 4383686.1, 3171250.4 ], [ 4383707.0, 3171246.9 ], [ 4383716.4, 3171228.4 ], [ 4383731.9, 3171222.1 ], [ 4383758.8, 3171187.0 ], [ 4383937.9, 3171301.6 ], [ 4383954.7, 3171304.5 ], [ 4383994.1, 3171263.0 ], [ 4384042.9, 3171236.4 ], [ 4384046.0, 3171215.9 ], [ 4384033.4, 3171200.7 ], [ 4384057.5, 3171169.1 ], [ 4384096.1, 3171138.8 ], [ 4384101.8, 3171098.2 ], [ 4384159.9, 3171087.7 ], [ 4384200.5, 3171102.7 ], [ 4384195.6, 3171222.7 ], [ 4384177.9, 3171231.2 ], [ 4384164.8, 3171259.2 ], [ 4384130.7, 3171258.9 ], [ 4384118.4, 3171266.5 ], [ 4384073.9, 3171386.8 ], [ 4384074.3, 3171432.9 ], [ 4384103.6, 3171486.3 ], [ 4384100.8, 3171531.8 ], [ 4384169.2, 3171605.1 ], [ 4384186.0, 3171612.0 ], [ 4384206.0, 3171597.5 ], [ 4384213.3, 3171566.5 ], [ 4384209.9, 3171530.7 ], [ 4384222.5, 3171514.0 ], [ 4384241.5, 3171533.2 ], [ 4384351.7, 3171539.9 ], [ 4384483.7, 3171528.2 ], [ 4384488.2, 3171585.8 ], [ 4384499.2, 3171599.6 ], [ 4384513.3, 3171601.7 ], [ 4384544.6, 3171589.2 ], [ 4384558.4, 3171568.5 ], [ 4384577.4, 3171589.6 ], [ 4384602.0, 3171601.0 ], [ 4384592.9, 3171638.3 ], [ 4384569.4, 3171645.4 ], [ 4384540.9, 3171704.6 ], [ 4384573.1, 3171775.1 ], [ 4384592.4, 3171786.4 ], [ 4384610.3, 3171777.1 ], [ 4384701.1, 3171641.9 ], [ 4384711.3, 3171611.7 ], [ 4384702.2, 3171592.4 ], [ 4384700.4, 3171544.9 ], [ 4384718.5, 3171525.5 ], [ 4384748.4, 3171520.0 ], [ 4384816.3, 3171551.1 ], [ 4384831.2, 3171548.4 ], [ 4384840.8, 3171536.9 ], [ 4384793.3, 3171389.2 ], [ 4384751.8, 3171347.2 ], [ 4384745.7, 3171328.9 ], [ 4384801.5, 3171211.6 ], [ 4384804.9, 3171090.8 ], [ 4384825.5, 3171048.7 ], [ 4384876.6, 3171011.0 ], [ 4384970.4, 3170996.4 ], [ 4385061.2, 3170952.1 ], [ 4385123.6, 3170868.8 ], [ 4385197.7, 3170807.6 ], [ 4385259.5, 3170776.7 ], [ 4385322.4, 3170716.6 ], [ 4385371.5, 3170617.0 ], [ 4385392.8, 3170545.6 ], [ 4385380.4, 3170525.3 ], [ 4385340.6, 3170524.0 ], [ 4385341.0, 3170492.6 ], [ 4385379.0, 3170492.7 ], [ 4385390.7, 3170506.0 ], [ 4385404.9, 3170507.5 ], [ 4385446.4, 3170480.6 ], [ 4385583.9, 3170439.1 ], [ 4385594.7, 3170429.4 ], [ 4385596.3, 3170411.6 ], [ 4385583.0, 3170394.4 ], [ 4385569.1, 3170390.8 ], [ 4385513.5, 3170403.3 ], [ 4385502.9, 3170373.6 ], [ 4385420.5, 3170323.3 ], [ 4385397.9, 3170330.0 ], [ 4385391.7, 3170355.1 ], [ 4385360.0, 3170356.1 ], [ 4385055.9, 3170262.0 ], [ 4385181.9, 3170124.7 ], [ 4385217.5, 3170101.2 ], [ 4385229.4, 3170079.7 ], [ 4385291.5, 3170168.7 ], [ 4385380.6, 3170210.6 ], [ 4385381.7, 3170238.1 ], [ 4385414.2, 3170262.0 ], [ 4385432.0, 3170264.8 ], [ 4385445.9, 3170253.3 ], [ 4385439.6, 3170191.7 ], [ 4385512.2, 3170036.3 ], [ 4385475.1, 3169983.1 ], [ 4385478.2, 3169953.1 ], [ 4385467.2, 3169930.6 ], [ 4385473.0, 3169891.1 ], [ 4385464.5, 3169849.2 ], [ 4385388.5, 3169749.8 ], [ 4385390.0, 3169737.8 ], [ 4385407.6, 3169739.5 ], [ 4385498.5, 3169692.0 ], [ 4385506.6, 3169669.4 ], [ 4385484.4, 3169645.9 ], [ 4385459.9, 3169642.8 ], [ 4385385.9, 3169702.4 ], [ 4385379.1, 3169722.1 ], [ 4385361.4, 3169720.4 ], [ 4385330.3, 3169739.9 ], [ 4385302.3, 3169744.1 ], [ 4385288.7, 3169692.9 ], [ 4385276.8, 3169685.5 ], [ 4385253.1, 3169686.6 ], [ 4385240.9, 3169605.2 ], [ 4385265.7, 3169576.6 ], [ 4385289.6, 3169574.6 ], [ 4385298.0, 3169559.2 ], [ 4385294.2, 3169518.1 ], [ 4385263.8, 3169467.6 ], [ 4385284.8, 3169409.5 ], [ 4385354.9, 3169466.9 ], [ 4385373.3, 3169468.4 ], [ 4385384.7, 3169458.9 ], [ 4385409.1, 3169394.6 ], [ 4385407.9, 3169376.7 ], [ 4385303.4, 3169325.9 ], [ 4385410.5, 3169205.0 ], [ 4385617.0, 3169241.2 ], [ 4385636.0, 3169231.6 ], [ 4385716.5, 3169006.7 ], [ 4385805.9, 3168886.5 ], [ 4385821.5, 3168842.6 ], [ 4385831.7, 3168769.8 ], [ 4385825.1, 3168756.3 ], [ 4385811.4, 3168750.2 ], [ 4385752.8, 3168768.2 ], [ 4385636.0, 3168895.5 ], [ 4385599.5, 3168862.4 ], [ 4385618.9, 3168828.7 ], [ 4385605.7, 3168772.0 ], [ 4385697.9, 3168681.2 ], [ 4385717.1, 3168689.2 ], [ 4385734.3, 3168683.7 ], [ 4385781.8, 3168641.0 ], [ 4385816.3, 3168594.0 ], [ 4385851.5, 3168616.5 ], [ 4385874.1, 3168609.2 ], [ 4385879.6, 3168580.9 ], [ 4385873.2, 3168557.8 ], [ 4385873.8, 3168471.1 ], [ 4385858.9, 3168462.5 ], [ 4385824.0, 3168468.3 ], [ 4385775.7, 3168558.9 ], [ 4385730.0, 3168604.4 ], [ 4385440.2, 3168662.6 ], [ 4385506.8, 3168496.0 ], [ 4385498.2, 3168473.5 ], [ 4385418.6, 3168458.7 ], [ 4385331.8, 3168465.0 ], [ 4385253.3, 3168483.0 ], [ 4385240.0, 3168499.1 ], [ 4385084.3, 3168554.5 ], [ 4385062.9, 3168531.8 ], [ 4385124.3, 3168507.4 ], [ 4385131.1, 3168490.7 ], [ 4385125.7, 3168477.1 ], [ 4385063.8, 3168456.6 ], [ 4385019.0, 3168420.1 ], [ 4384913.3, 3168384.0 ], [ 4384857.7, 3168355.5 ], [ 4384851.7, 3168324.7 ], [ 4384803.3, 3168218.8 ], [ 4384754.8, 3168202.7 ], [ 4384674.0, 3168147.5 ], [ 4384617.5, 3168063.8 ], [ 4384625.5, 3168021.0 ], [ 4384619.9, 3167944.2 ], [ 4384610.8, 3167933.1 ], [ 4384575.1, 3167918.2 ], [ 4384425.9, 3167897.9 ], [ 4384409.3, 3167905.5 ], [ 4384403.6, 3167929.5 ], [ 4384404.0, 3168028.6 ], [ 4384413.7, 3168095.5 ], [ 4384410.1, 3168155.0 ], [ 4384371.7, 3168211.3 ], [ 4384263.8, 3168260.5 ], [ 4384218.7, 3168273.1 ], [ 4384178.8, 3168272.9 ], [ 4384165.5, 3168265.1 ], [ 4384102.3, 3168171.3 ], [ 4384080.5, 3168151.0 ], [ 4384063.0, 3168148.8 ], [ 4384023.2, 3168110.5 ], [ 4383951.3, 3168082.4 ], [ 4383925.2, 3168063.0 ], [ 4383881.8, 3168054.4 ], [ 4383834.0, 3168021.1 ], [ 4383868.9, 3167987.2 ], [ 4383919.1, 3167988.8 ], [ 4384005.2, 3167948.9 ], [ 4384058.6, 3167982.7 ], [ 4384082.9, 3167977.9 ], [ 4384089.2, 3167960.8 ], [ 4384076.9, 3167927.2 ], [ 4384077.1, 3167886.8 ], [ 4384062.3, 3167814.6 ], [ 4384051.5, 3167797.5 ], [ 4384005.3, 3167767.6 ], [ 4384066.3, 3167736.0 ], [ 4384094.8, 3167704.3 ], [ 4384152.8, 3167666.4 ], [ 4384222.5, 3167642.3 ], [ 4384457.3, 3167753.9 ], [ 4384632.2, 3167803.3 ], [ 4384759.6, 3167787.9 ], [ 4384831.8, 3167760.7 ], [ 4384918.7, 3167653.5 ], [ 4384963.0, 3167526.8 ], [ 4384980.3, 3167505.3 ], [ 4384990.1, 3167464.4 ], [ 4385020.3, 3167449.9 ], [ 4385054.5, 3167450.1 ], [ 4385121.9, 3167376.7 ], [ 4385155.5, 3167354.9 ], [ 4385164.1, 3167329.2 ], [ 4385164.9, 3167232.9 ], [ 4385225.2, 3167222.7 ], [ 4385231.7, 3167255.2 ], [ 4385255.0, 3167284.9 ], [ 4385284.4, 3167312.3 ], [ 4385318.3, 3167324.2 ], [ 4385323.7, 3167359.9 ], [ 4385311.8, 3167386.5 ], [ 4385328.5, 3167404.3 ], [ 4385350.3, 3167403.2 ], [ 4385429.2, 3167348.7 ], [ 4385498.1, 3167328.9 ], [ 4385506.5, 3167312.6 ], [ 4385510.1, 3167239.8 ], [ 4385542.7, 3167228.5 ], [ 4385558.4, 3167170.8 ], [ 4385538.7, 3167142.3 ], [ 4385442.8, 3167051.1 ], [ 4385483.3, 3167015.6 ], [ 4385500.4, 3166985.1 ], [ 4385498.2, 3166967.3 ], [ 4385458.4, 3166941.1 ], [ 4385380.5, 3166909.6 ], [ 4385402.9, 3166870.6 ], [ 4385410.4, 3166819.3 ], [ 4385385.6, 3166686.2 ], [ 4385411.4, 3166634.0 ], [ 4385556.6, 3166628.4 ], [ 4385670.9, 3166590.8 ], [ 4385661.7, 3166621.6 ], [ 4385658.1, 3166771.3 ], [ 4385645.3, 3166797.5 ], [ 4385594.5, 3166819.9 ], [ 4385603.7, 3166780.2 ], [ 4385584.2, 3166743.7 ], [ 4385571.6, 3166735.8 ], [ 4385513.4, 3166733.0 ], [ 4385483.4, 3166756.1 ], [ 4385488.3, 3166818.2 ], [ 4385529.9, 3166843.9 ], [ 4385519.0, 3166885.3 ], [ 4385533.9, 3166916.8 ], [ 4385567.1, 3166924.8 ], [ 4385681.2, 3166890.4 ], [ 4385748.0, 3166940.3 ], [ 4385801.1, 3166993.2 ], [ 4385875.2, 3167012.3 ], [ 4385938.5, 3167047.7 ], [ 4385982.1, 3167027.3 ], [ 4386027.7, 3167083.9 ], [ 4386066.0, 3167156.3 ], [ 4386167.7, 3167284.2 ], [ 4386464.8, 3167265.8 ], [ 4386494.6, 3167243.0 ], [ 4386675.2, 3167027.2 ], [ 4387076.4, 3167168.6 ], [ 4387097.0, 3167165.0 ], [ 4387105.2, 3167149.4 ], [ 4387126.6, 3166968.0 ], [ 4387038.0, 3166589.2 ], [ 4387119.1, 3166557.5 ], [ 4387139.4, 3166577.9 ], [ 4387166.4, 3166580.7 ], [ 4387197.3, 3166608.7 ], [ 4387236.8, 3166626.6 ], [ 4387239.0, 3166678.2 ], [ 4387248.3, 3166704.4 ], [ 4387280.6, 3166722.9 ], [ 4387297.7, 3166709.7 ], [ 4387313.7, 3166667.7 ], [ 4387304.4, 3166648.2 ], [ 4387297.4, 3166578.7 ], [ 4387342.7, 3166539.0 ], [ 4387432.0, 3166539.1 ], [ 4387495.7, 3166476.9 ], [ 4387492.5, 3166459.1 ], [ 4387477.0, 3166449.6 ], [ 4387242.4, 3166463.8 ], [ 4387193.7, 3166452.6 ], [ 4387138.1, 3166458.9 ], [ 4387021.7, 3166544.7 ], [ 4387000.5, 3166537.6 ], [ 4386965.7, 3166547.2 ], [ 4386885.7, 3166586.3 ], [ 4386879.8, 3166605.3 ], [ 4386896.7, 3166655.7 ], [ 4386901.6, 3166706.2 ], [ 4386884.1, 3166753.8 ], [ 4386872.2, 3166705.8 ], [ 4386847.2, 3166696.2 ], [ 4386842.2, 3166631.6 ], [ 4386813.0, 3166561.3 ], [ 4386775.3, 3166520.2 ], [ 4386734.0, 3166418.9 ], [ 4386710.3, 3166405.6 ], [ 4386669.4, 3166420.7 ], [ 4386658.6, 3166434.4 ], [ 4386621.2, 3166581.8 ], [ 4386608.2, 3166722.0 ], [ 4386583.2, 3166722.7 ], [ 4386570.3, 3166739.1 ], [ 4386568.4, 3166879.9 ], [ 4386548.0, 3166970.0 ], [ 4386513.6, 3166952.5 ], [ 4386510.9, 3166941.6 ], [ 4386528.9, 3166834.5 ], [ 4386518.4, 3166777.9 ], [ 4386500.1, 3166767.2 ], [ 4386483.6, 3166774.1 ], [ 4386469.1, 3166819.8 ], [ 4386470.6, 3166849.6 ], [ 4386457.1, 3166852.4 ], [ 4386438.6, 3166826.7 ], [ 4386427.0, 3166792.4 ], [ 4386406.3, 3166781.5 ], [ 4386400.1, 3166756.0 ], [ 4386380.1, 3166732.0 ], [ 4386383.9, 3166685.4 ], [ 4386369.4, 3166668.2 ], [ 4386359.1, 3166634.9 ], [ 4386359.2, 3166554.3 ], [ 4386348.0, 3166545.4 ], [ 4386255.0, 3166526.5 ], [ 4386266.6, 3166467.2 ], [ 4386262.9, 3166453.0 ], [ 4386156.7, 3166372.5 ], [ 4386121.6, 3166328.9 ], [ 4386101.3, 3166297.9 ], [ 4386119.3, 3166287.2 ], [ 4386122.4, 3166269.7 ], [ 4386092.2, 3166220.5 ], [ 4386029.9, 3166203.5 ], [ 4386024.8, 3166111.9 ], [ 4386078.0, 3166028.8 ], [ 4386116.6, 3165933.0 ], [ 4386182.4, 3165930.2 ], [ 4386267.6, 3166000.0 ], [ 4386301.3, 3166042.2 ], [ 4386355.2, 3166026.0 ], [ 4386372.2, 3166050.3 ], [ 4386388.3, 3166057.1 ], [ 4386458.3, 3166044.6 ], [ 4386488.9, 3166029.1 ], [ 4386493.3, 3166011.3 ], [ 4386480.5, 3165983.4 ], [ 4386345.3, 3165933.2 ], [ 4386337.4, 3165905.2 ], [ 4386310.8, 3165872.8 ], [ 4386308.1, 3165851.1 ], [ 4386257.8, 3165816.3 ], [ 4386283.3, 3165768.7 ], [ 4386278.4, 3165746.3 ], [ 4386291.8, 3165732.8 ], [ 4386328.6, 3165739.4 ], [ 4386353.5, 3165726.7 ], [ 4386369.7, 3165741.7 ], [ 4386391.5, 3165737.0 ], [ 4386435.8, 3165782.4 ], [ 4386536.6, 3165838.0 ], [ 4386625.1, 3165942.1 ], [ 4386644.3, 3165948.0 ], [ 4386703.8, 3166068.4 ], [ 4386690.9, 3166124.7 ], [ 4386705.5, 3166145.2 ], [ 4386732.7, 3166142.1 ], [ 4386798.2, 3166115.5 ], [ 4386812.5, 3166096.7 ], [ 4386740.4, 3165919.8 ], [ 4386908.0, 3165875.4 ], [ 4386976.5, 3165869.8 ], [ 4387014.4, 3165907.8 ], [ 4387065.5, 3165932.5 ], [ 4387052.9, 3165970.9 ], [ 4387056.3, 3165989.1 ], [ 4387074.8, 3166009.1 ], [ 4387022.2, 3166002.5 ], [ 4386994.6, 3165972.0 ], [ 4386977.0, 3165967.2 ], [ 4386960.2, 3165980.8 ], [ 4386955.4, 3166027.1 ], [ 4387000.4, 3166092.5 ], [ 4387074.2, 3166148.9 ], [ 4387027.1, 3166197.4 ], [ 4387024.6, 3166218.0 ], [ 4387100.7, 3166281.7 ], [ 4387158.9, 3166401.7 ], [ 4387173.0, 3166413.6 ], [ 4387188.0, 3166412.3 ], [ 4387204.1, 3166398.2 ], [ 4387255.7, 3166408.9 ], [ 4387297.5, 3166376.3 ], [ 4387300.5, 3166355.1 ], [ 4387277.3, 3166325.8 ], [ 4387341.0, 3166263.6 ], [ 4387347.7, 3166236.4 ], [ 4387346.6, 3166162.5 ], [ 4387407.9, 3166168.4 ], [ 4387450.6, 3166153.7 ], [ 4387457.6, 3166134.0 ], [ 4387442.0, 3166101.5 ], [ 4387454.4, 3166075.1 ], [ 4387527.9, 3166060.5 ], [ 4387580.3, 3166082.9 ], [ 4387599.6, 3166068.7 ], [ 4387582.0, 3166014.9 ], [ 4387577.8, 3165964.4 ], [ 4387560.2, 3165953.9 ], [ 4387508.9, 3165955.6 ], [ 4387489.6, 3165919.5 ], [ 4387486.1, 3165900.7 ], [ 4387495.3, 3165872.1 ], [ 4387483.7, 3165843.5 ], [ 4387458.8, 3165835.1 ], [ 4387376.6, 3165848.7 ], [ 4387353.0, 3165822.1 ], [ 4387258.0, 3165825.7 ], [ 4387246.5, 3165779.0 ], [ 4387334.0, 3165739.5 ], [ 4387419.1, 3165602.8 ], [ 4387421.2, 3165502.9 ], [ 4387347.6, 3165439.2 ], [ 4387324.6, 3165400.5 ], [ 4387296.6, 3165402.6 ], [ 4387286.0, 3165385.1 ], [ 4387268.5, 3165380.9 ], [ 4387228.7, 3165395.8 ], [ 4387202.2, 3165421.4 ], [ 4387169.2, 3165584.0 ], [ 4387158.0, 3165606.6 ], [ 4387169.3, 3165675.6 ], [ 4387142.7, 3165654.8 ], [ 4387108.4, 3165655.1 ], [ 4387113.4, 3165625.8 ], [ 4387106.0, 3165609.3 ], [ 4387046.0, 3165583.5 ], [ 4386922.9, 3165485.8 ], [ 4386989.5, 3165426.9 ], [ 4386992.0, 3165412.3 ], [ 4386981.7, 3165397.2 ], [ 4386963.4, 3165395.2 ], [ 4386928.8, 3165410.7 ], [ 4386914.4, 3165388.3 ], [ 4386877.1, 3165378.5 ], [ 4386851.2, 3165336.5 ], [ 4386788.1, 3165328.6 ], [ 4386754.3, 3165297.3 ], [ 4386662.7, 3165268.2 ], [ 4386642.4, 3165274.9 ], [ 4386626.8, 3165308.3 ], [ 4386601.2, 3165292.7 ], [ 4386570.3, 3165295.8 ], [ 4386489.3, 3165336.6 ], [ 4386458.1, 3165292.3 ], [ 4386516.1, 3165241.0 ], [ 4386607.7, 3165119.7 ], [ 4386654.8, 3165102.4 ], [ 4386670.6, 3165081.4 ], [ 4386691.3, 3165076.1 ], [ 4386709.5, 3165116.8 ], [ 4386736.4, 3165144.9 ], [ 4386777.7, 3165161.2 ], [ 4386795.2, 3165150.3 ], [ 4386829.6, 3165090.1 ], [ 4386832.0, 3165073.4 ], [ 4386880.3, 3165071.3 ], [ 4386953.5, 3165054.1 ], [ 4386981.3, 3165070.4 ], [ 4387007.4, 3165073.8 ], [ 4387032.2, 3165055.3 ], [ 4387027.3, 3165022.9 ], [ 4387124.3, 3165073.6 ], [ 4387181.7, 3165056.9 ], [ 4387189.8, 3165041.2 ], [ 4387196.7, 3164934.7 ], [ 4387325.3, 3164847.6 ], [ 4387347.8, 3164821.3 ], [ 4387381.6, 3164724.3 ], [ 4387398.2, 3164599.4 ], [ 4387377.8, 3164584.9 ], [ 4387342.8, 3164602.9 ], [ 4387275.8, 3164607.8 ], [ 4387207.8, 3164706.7 ], [ 4387170.8, 3164745.7 ], [ 4387142.0, 3164701.4 ], [ 4387237.2, 3164576.1 ], [ 4387370.1, 3164532.8 ], [ 4387419.5, 3164539.9 ], [ 4387476.2, 3164532.5 ], [ 4387510.7, 3164490.8 ], [ 4387515.8, 3164463.2 ], [ 4387504.6, 3164425.2 ], [ 4387401.3, 3164289.8 ], [ 4387340.6, 3164260.3 ], [ 4387273.9, 3164308.6 ], [ 4387233.7, 3164277.3 ], [ 4387251.5, 3164270.0 ], [ 4387278.9, 3164239.3 ], [ 4387258.3, 3164144.0 ], [ 4387201.3, 3164074.8 ], [ 4387201.6, 3164023.8 ], [ 4387039.8, 3163809.2 ], [ 4387024.2, 3163800.6 ], [ 4387009.6, 3163804.5 ], [ 4386988.8, 3163736.2 ], [ 4387000.0, 3163717.4 ], [ 4386980.8, 3163610.7 ], [ 4386979.4, 3163469.8 ], [ 4387005.6, 3163423.6 ], [ 4387165.0, 3163276.6 ], [ 4387169.7, 3163260.3 ], [ 4387161.8, 3163245.4 ], [ 4387191.4, 3163214.3 ], [ 4387189.8, 3163187.9 ], [ 4387177.9, 3163179.5 ], [ 4387160.0, 3163182.2 ], [ 4387094.5, 3163242.1 ], [ 4387086.8, 3163267.2 ], [ 4387064.7, 3163273.7 ], [ 4387035.3, 3163302.2 ], [ 4387014.8, 3163303.7 ], [ 4386981.3, 3163342.5 ], [ 4386971.7, 3163331.1 ], [ 4387042.7, 3163246.0 ], [ 4387042.3, 3163227.5 ], [ 4387031.6, 3163217.1 ], [ 4387013.1, 3163217.3 ], [ 4386968.5, 3163242.3 ], [ 4386957.3, 3163232.4 ], [ 4386942.5, 3163231.9 ], [ 4386921.8, 3163254.1 ], [ 4386897.6, 3163264.9 ], [ 4386873.9, 3163258.1 ], [ 4386826.3, 3163273.9 ], [ 4386815.2, 3163287.6 ], [ 4386594.2, 3163314.3 ], [ 4386571.5, 3163307.1 ], [ 4386492.4, 3163354.2 ], [ 4386446.2, 3163398.9 ], [ 4386457.8, 3163423.3 ], [ 4386454.0, 3163450.5 ], [ 4386465.0, 3163464.3 ], [ 4386456.7, 3163518.0 ], [ 4386433.6, 3163519.3 ], [ 4386413.2, 3163538.9 ], [ 4386395.7, 3163542.3 ], [ 4386331.7, 3163597.7 ], [ 4386330.2, 3163623.7 ], [ 4386225.5, 3163765.1 ], [ 4386228.3, 3163810.1 ], [ 4386206.8, 3163860.5 ], [ 4386148.3, 3163929.7 ], [ 4386106.2, 3163929.7 ], [ 4386098.5, 3163884.8 ], [ 4386082.6, 3163870.9 ], [ 4386017.4, 3163887.5 ], [ 4386005.2, 3163904.1 ], [ 4385965.2, 3163904.8 ], [ 4385967.0, 3163882.4 ], [ 4385984.9, 3163863.4 ], [ 4385974.9, 3163831.6 ], [ 4385988.4, 3163823.1 ], [ 4385993.3, 3163809.0 ], [ 4385982.2, 3163790.2 ], [ 4385954.2, 3163785.2 ], [ 4385936.4, 3163801.3 ], [ 4385943.4, 3163825.4 ], [ 4385905.0, 3163867.2 ], [ 4385903.5, 3163907.1 ], [ 4385866.8, 3163902.3 ], [ 4385848.3, 3163913.6 ], [ 4385857.3, 3163988.9 ], [ 4385837.0, 3163993.6 ], [ 4385823.2, 3163915.5 ], [ 4385784.8, 3163891.1 ], [ 4385705.9, 3163874.6 ], [ 4385710.8, 3163844.8 ], [ 4385685.0, 3163824.8 ], [ 4385714.5, 3163816.8 ], [ 4385767.2, 3163819.6 ], [ 4385787.8, 3163780.6 ], [ 4385813.7, 3163783.5 ], [ 4385855.8, 3163742.9 ], [ 4385854.4, 3163713.6 ], [ 4385917.7, 3163694.5 ], [ 4385938.1, 3163720.7 ], [ 4385994.1, 3163762.0 ], [ 4386013.7, 3163805.9 ], [ 4386030.7, 3163809.5 ], [ 4386068.1, 3163795.4 ], [ 4386090.2, 3163835.6 ], [ 4386117.5, 3163834.5 ], [ 4386160.8, 3163759.4 ], [ 4386179.7, 3163757.4 ], [ 4386196.0, 3163745.3 ], [ 4386240.6, 3163675.1 ], [ 4386232.4, 3163658.6 ], [ 4386175.5, 3163629.1 ], [ 4386136.1, 3163648.7 ], [ 4386128.8, 3163671.0 ], [ 4386113.2, 3163677.0 ], [ 4386078.5, 3163633.2 ], [ 4386101.7, 3163608.5 ], [ 4386113.1, 3163561.1 ], [ 4386179.9, 3163566.9 ], [ 4386204.2, 3163556.3 ], [ 4386292.2, 3163583.7 ], [ 4386309.7, 3163579.3 ], [ 4386387.4, 3163488.0 ], [ 4386401.5, 3163489.1 ], [ 4386415.3, 3163478.5 ], [ 4386424.0, 3163436.9 ], [ 4386400.4, 3163408.9 ], [ 4386401.2, 3163389.9 ], [ 4386423.7, 3163344.4 ], [ 4386494.5, 3163281.7 ], [ 4386527.0, 3163240.5 ], [ 4386578.3, 3163244.7 ], [ 4386605.9, 3163218.3 ], [ 4386670.0, 3163215.2 ], [ 4386680.9, 3163237.3 ], [ 4386706.9, 3163239.6 ], [ 4386871.4, 3163193.3 ], [ 4386917.7, 3163128.3 ], [ 4386883.0, 3163089.7 ], [ 4386826.0, 3163064.2 ], [ 4386860.6, 3163007.9 ], [ 4386852.9, 3162963.7 ], [ 4386868.1, 3162938.0 ], [ 4386899.6, 3162948.1 ], [ 4386918.6, 3162937.6 ], [ 4387035.7, 3162971.4 ], [ 4387146.1, 3162889.7 ], [ 4387154.0, 3162868.4 ], [ 4387205.9, 3162830.4 ], [ 4387226.3, 3162825.7 ], [ 4387238.9, 3162804.1 ], [ 4387233.6, 3162784.6 ], [ 4387157.1, 3162754.1 ], [ 4387184.9, 3162717.7 ], [ 4387216.3, 3162727.0 ], [ 4387250.7, 3162701.5 ], [ 4387262.2, 3162627.4 ], [ 4387277.9, 3162618.3 ], [ 4387282.0, 3162604.0 ], [ 4387270.0, 3162585.7 ], [ 4387205.4, 3162565.6 ], [ 4387226.8, 3162545.0 ], [ 4387251.0, 3162489.6 ], [ 4387271.2, 3162481.3 ], [ 4387310.5, 3162497.9 ], [ 4387343.3, 3162456.8 ], [ 4387338.7, 3162379.3 ], [ 4387316.3, 3162266.9 ], [ 4387320.1, 3162131.9 ], [ 4387305.1, 3162116.8 ], [ 4387251.5, 3162117.0 ], [ 4387143.4, 3162214.6 ], [ 4387113.8, 3162369.1 ], [ 4387091.5, 3162408.4 ], [ 4387044.6, 3162450.7 ], [ 4387035.1, 3162478.8 ], [ 4386782.0, 3162638.0 ], [ 4386662.7, 3162659.4 ], [ 4386630.0, 3162651.7 ], [ 4386570.1, 3162677.9 ], [ 4386540.9, 3162666.5 ], [ 4386534.1, 3162649.2 ], [ 4386621.4, 3162597.6 ], [ 4386700.0, 3162532.7 ], [ 4386849.8, 3162462.3 ], [ 4386998.8, 3162359.9 ], [ 4387025.8, 3162327.1 ], [ 4387053.4, 3162269.8 ], [ 4387057.9, 3162247.5 ], [ 4387047.3, 3162186.3 ], [ 4387064.7, 3162151.7 ], [ 4387052.7, 3162120.8 ], [ 4387055.6, 3162097.0 ], [ 4387072.0, 3162070.3 ], [ 4387128.8, 3162033.8 ], [ 4387160.7, 3162030.3 ], [ 4387172.6, 3162013.5 ], [ 4387226.7, 3162005.6 ], [ 4387244.1, 3162040.8 ], [ 4387317.9, 3162044.4 ], [ 4387329.7, 3162026.8 ], [ 4387333.2, 3161940.7 ], [ 4387356.4, 3161932.8 ], [ 4387367.9, 3161904.5 ], [ 4387383.9, 3161899.1 ], [ 4387391.7, 3161886.7 ], [ 4387388.0, 3161868.9 ], [ 4387325.2, 3161807.1 ], [ 4387298.7, 3161803.7 ], [ 4387251.2, 3161763.0 ], [ 4387257.5, 3161747.2 ], [ 4387251.1, 3161722.6 ], [ 4387214.9, 3161653.0 ], [ 4387260.7, 3161521.7 ], [ 4387300.6, 3161490.6 ], [ 4387340.5, 3161438.6 ], [ 4387358.4, 3161442.9 ], [ 4387373.6, 3161432.2 ], [ 4387390.9, 3161371.0 ], [ 4387387.7, 3161305.9 ], [ 4387368.2, 3161270.8 ], [ 4387316.7, 3161232.2 ], [ 4387256.6, 3161088.7 ], [ 4387164.2, 3160980.6 ], [ 4387137.6, 3160936.2 ], [ 4387121.8, 3160930.4 ], [ 4387075.9, 3160942.0 ], [ 4386995.2, 3160926.5 ], [ 4386933.1, 3160924.4 ], [ 4386912.0, 3160930.8 ], [ 4386870.3, 3160927.5 ], [ 4386800.9, 3160950.2 ], [ 4386781.9, 3160965.7 ], [ 4386767.2, 3160996.0 ], [ 4386736.5, 3161031.5 ], [ 4386656.6, 3161083.5 ], [ 4386629.0, 3161139.7 ], [ 4386610.7, 3161203.4 ], [ 4386594.0, 3161187.4 ], [ 4386607.2, 3161146.6 ], [ 4386605.5, 3161119.9 ], [ 4386560.9, 3161075.2 ], [ 4386559.9, 3161058.8 ], [ 4386590.7, 3161023.1 ], [ 4386641.6, 3161009.7 ], [ 4386706.4, 3160975.1 ], [ 4386837.9, 3160874.1 ], [ 4386862.4, 3160865.9 ], [ 4386923.3, 3160865.9 ], [ 4387027.8, 3160890.9 ], [ 4387079.8, 3160891.7 ], [ 4387101.5, 3160905.0 ], [ 4387119.6, 3160901.7 ], [ 4387193.9, 3160656.5 ], [ 4387190.3, 3160607.7 ], [ 4387105.2, 3160523.7 ], [ 4387053.1, 3160446.2 ], [ 4387041.0, 3160405.1 ], [ 4387029.8, 3160303.3 ], [ 4387008.7, 3160228.6 ], [ 4386934.5, 3160060.4 ], [ 4386924.2, 3160006.0 ], [ 4386901.2, 3159993.1 ], [ 4386879.0, 3159944.9 ], [ 4386881.3, 3159937.3 ], [ 4386906.8, 3159928.3 ], [ 4386913.6, 3159911.1 ], [ 4386880.3, 3159793.0 ], [ 4386887.3, 3159732.2 ], [ 4386860.4, 3159653.4 ], [ 4386884.2, 3159621.7 ], [ 4386880.3, 3159590.4 ], [ 4386865.1, 3159575.7 ], [ 4386867.4, 3159560.0 ], [ 4386895.9, 3159543.2 ], [ 4386909.8, 3159511.1 ], [ 4386932.6, 3159490.8 ], [ 4386948.6, 3159493.7 ], [ 4386960.9, 3159486.6 ], [ 4386996.8, 3159407.0 ], [ 4387047.9, 3159341.2 ], [ 4387067.9, 3159292.0 ], [ 4387084.8, 3159284.6 ], [ 4387132.8, 3159215.0 ], [ 4387196.0, 3159146.9 ], [ 4387238.3, 3159073.5 ], [ 4387271.0, 3158965.4 ], [ 4387323.9, 3158866.8 ], [ 4387314.4, 3158775.8 ], [ 4387319.6, 3158684.5 ], [ 4387392.9, 3158491.7 ], [ 4387395.1, 3158331.0 ], [ 4387370.3, 3158285.7 ], [ 4387196.5, 3158144.7 ], [ 4387182.1, 3158142.2 ], [ 4387167.1, 3158152.1 ], [ 4387142.2, 3158242.5 ], [ 4387119.6, 3158255.4 ], [ 4387112.2, 3158315.0 ], [ 4387059.9, 3158445.7 ], [ 4386980.8, 3158583.2 ], [ 4386951.9, 3158609.0 ], [ 4386920.9, 3158623.4 ], [ 4386870.3, 3158587.0 ], [ 4386818.0, 3158614.9 ], [ 4386781.1, 3158595.6 ], [ 4386771.4, 3158533.3 ], [ 4386760.8, 3158519.3 ], [ 4386701.1, 3158526.1 ], [ 4386686.3, 3158536.5 ], [ 4386684.3, 3158554.4 ], [ 4386699.8, 3158569.0 ], [ 4386705.2, 3158606.3 ], [ 4386721.7, 3158613.4 ], [ 4386750.3, 3158604.3 ], [ 4386739.3, 3158617.9 ], [ 4386728.5, 3158682.0 ], [ 4386700.7, 3158732.8 ], [ 4386716.9, 3158832.5 ], [ 4386738.3, 3158879.5 ], [ 4386724.7, 3158907.3 ], [ 4386758.7, 3158960.9 ], [ 4386723.8, 3158984.7 ], [ 4386667.7, 3159010.4 ], [ 4386646.8, 3159013.0 ], [ 4386626.2, 3159005.5 ], [ 4386539.8, 3159033.1 ], [ 4386518.6, 3159010.1 ], [ 4386478.7, 3159002.4 ], [ 4386462.0, 3159006.6 ], [ 4386452.5, 3159024.4 ], [ 4386354.5, 3158810.7 ], [ 4386358.3, 3158788.2 ], [ 4386333.9, 3158742.6 ], [ 4386318.3, 3158733.4 ], [ 4386201.3, 3158758.7 ], [ 4386180.4, 3158781.0 ], [ 4386103.0, 3158811.5 ], [ 4386048.9, 3158820.1 ], [ 4386008.5, 3158813.2 ], [ 4385877.0, 3158835.0 ], [ 4385768.4, 3158882.8 ], [ 4385720.8, 3158884.3 ], [ 4385665.7, 3158857.7 ], [ 4385642.5, 3158870.1 ], [ 4385594.0, 3158865.0 ], [ 4385559.2, 3158872.0 ], [ 4385546.8, 3158884.6 ], [ 4385533.1, 3158951.0 ], [ 4385508.8, 3158992.0 ], [ 4385460.0, 3158996.7 ], [ 4385362.5, 3159106.0 ], [ 4385327.6, 3159130.6 ], [ 4385316.6, 3159151.6 ], [ 4385273.1, 3159175.6 ], [ 4385265.3, 3159188.2 ], [ 4385259.6, 3159257.2 ], [ 4385236.0, 3159297.5 ], [ 4385234.3, 3159319.7 ], [ 4385242.4, 3159357.9 ], [ 4385260.1, 3159369.1 ], [ 4385270.1, 3159459.2 ], [ 4385319.9, 3159538.4 ], [ 4385321.9, 3159582.1 ], [ 4385340.4, 3159625.2 ], [ 4385325.7, 3159677.7 ], [ 4385334.6, 3159692.7 ], [ 4385348.5, 3159696.9 ], [ 4385342.1, 3159716.5 ], [ 4385296.7, 3159761.0 ], [ 4385301.2, 3159788.5 ], [ 4385294.2, 3159794.9 ], [ 4385189.1, 3159853.0 ], [ 4385161.4, 3159833.1 ], [ 4385104.5, 3159829.9 ], [ 4385075.3, 3159842.8 ], [ 4385100.8, 3159811.1 ], [ 4385157.3, 3159788.1 ], [ 4385173.8, 3159793.7 ], [ 4385200.6, 3159783.3 ], [ 4385246.9, 3159742.7 ], [ 4385292.2, 3159744.3 ], [ 4385312.6, 3159697.4 ], [ 4385294.4, 3159677.1 ], [ 4385300.2, 3159644.4 ], [ 4385295.5, 3159607.2 ], [ 4385228.0, 3159497.0 ], [ 4385194.1, 3159362.9 ], [ 4385189.7, 3159289.7 ], [ 4385204.7, 3159259.6 ], [ 4385222.5, 3159183.9 ], [ 4385195.5, 3159164.9 ], [ 4385178.1, 3159163.0 ], [ 4385158.0, 3159175.8 ], [ 4385123.6, 3159220.4 ], [ 4385077.1, 3159150.3 ], [ 4385056.0, 3159144.9 ], [ 4385035.8, 3159158.7 ], [ 4385031.0, 3159172.9 ], [ 4385007.2, 3159176.8 ], [ 4384980.9, 3159215.2 ], [ 4384905.4, 3159259.2 ], [ 4384892.8, 3159377.8 ], [ 4384854.6, 3159486.6 ], [ 4384842.6, 3159512.3 ], [ 4384824.7, 3159527.3 ], [ 4384798.0, 3159698.2 ], [ 4384777.4, 3159687.3 ], [ 4384762.9, 3159689.5 ], [ 4384737.6, 3159725.7 ], [ 4384740.5, 3159743.0 ], [ 4384758.8, 3159756.7 ], [ 4384746.7, 3159773.4 ], [ 4384732.2, 3159825.8 ], [ 4384805.8, 3159897.5 ], [ 4384778.7, 3159930.6 ], [ 4384784.7, 3159948.2 ], [ 4384798.2, 3159954.8 ], [ 4384794.7, 3159970.9 ], [ 4384756.0, 3159983.5 ], [ 4384737.1, 3160003.3 ], [ 4384662.1, 3160047.2 ], [ 4384685.2, 3159985.1 ], [ 4384676.0, 3159964.1 ], [ 4384686.5, 3159923.2 ], [ 4384678.1, 3159903.7 ], [ 4384653.7, 3159902.0 ], [ 4384568.7, 3159968.2 ], [ 4384505.6, 3159894.3 ], [ 4384484.7, 3159890.2 ], [ 4384449.7, 3159923.9 ], [ 4384413.1, 3159941.2 ], [ 4384402.7, 3159959.8 ], [ 4384291.3, 3160060.1 ], [ 4384262.8, 3160064.3 ], [ 4384214.6, 3160114.6 ], [ 4384152.5, 3160146.4 ], [ 4384118.9, 3160179.2 ], [ 4384045.5, 3160205.3 ], [ 4384032.2, 3160219.7 ], [ 4383933.8, 3160229.7 ], [ 4383904.7, 3160258.5 ], [ 4383857.5, 3160263.4 ], [ 4383803.7, 3160257.8 ], [ 4383781.6, 3160219.1 ], [ 4383787.4, 3160206.3 ], [ 4383782.0, 3160189.6 ], [ 4383764.5, 3160181.5 ], [ 4383731.9, 3160185.1 ], [ 4383712.7, 3160156.5 ], [ 4383685.7, 3160140.6 ], [ 4383781.0, 3160012.4 ], [ 4383762.4, 3159959.6 ], [ 4383739.6, 3159946.0 ], [ 4383726.3, 3159951.2 ], [ 4383713.8, 3159971.1 ], [ 4383686.6, 3159969.9 ], [ 4383611.3, 3160022.8 ], [ 4383601.7, 3160004.6 ], [ 4383584.4, 3159999.4 ], [ 4383525.8, 3160035.6 ], [ 4383519.5, 3160049.2 ], [ 4383524.5, 3160067.3 ], [ 4383486.8, 3160107.5 ], [ 4383493.4, 3160129.5 ], [ 4383520.5, 3160143.8 ], [ 4383395.3, 3160219.6 ], [ 4383388.3, 3160235.6 ], [ 4383393.9, 3160250.5 ], [ 4383381.5, 3160266.0 ], [ 4383368.6, 3160252.2 ], [ 4383350.4, 3160250.2 ], [ 4383260.0, 3160296.2 ], [ 4383251.3, 3160276.8 ], [ 4383251.6, 3160210.9 ], [ 4383230.1, 3160051.4 ], [ 4383236.1, 3160016.4 ], [ 4383314.1, 3159895.8 ], [ 4383344.6, 3159877.2 ], [ 4383450.0, 3159855.2 ], [ 4383455.1, 3159838.0 ], [ 4383443.5, 3159774.3 ], [ 4383479.8, 3159718.0 ], [ 4383476.2, 3159680.5 ], [ 4383466.2, 3159666.7 ], [ 4383410.7, 3159655.5 ], [ 4383394.4, 3159637.2 ], [ 4383301.2, 3159606.1 ], [ 4383305.7, 3159569.8 ], [ 4383458.7, 3159172.5 ], [ 4383529.2, 3159183.0 ], [ 4383547.5, 3159162.8 ], [ 4383539.4, 3159127.7 ], [ 4383423.4, 3159082.6 ], [ 4383416.1, 3159067.2 ], [ 4383418.3, 3159052.6 ], [ 4383473.7, 3159068.6 ], [ 4383492.6, 3159060.9 ], [ 4383514.7, 3158951.2 ], [ 4383439.2, 3158912.3 ], [ 4383407.7, 3158917.7 ], [ 4383363.1, 3158984.3 ], [ 4383359.7, 3159059.6 ], [ 4383311.3, 3159167.3 ], [ 4383294.9, 3159243.7 ], [ 4383254.1, 3159332.5 ], [ 4383170.1, 3159437.3 ], [ 4383087.9, 3159558.0 ], [ 4383084.0, 3159595.1 ], [ 4383103.3, 3159646.3 ], [ 4383096.0, 3159670.3 ], [ 4382973.3, 3159802.8 ], [ 4382953.9, 3159796.2 ], [ 4382938.0, 3159803.6 ], [ 4382892.8, 3159871.8 ], [ 4382803.4, 3159963.3 ], [ 4382799.0, 3159977.7 ], [ 4382804.9, 3159991.5 ], [ 4382842.5, 3160006.1 ], [ 4382793.3, 3160080.3 ], [ 4382664.5, 3160131.5 ], [ 4382676.5, 3160085.0 ], [ 4382705.4, 3160058.3 ], [ 4382851.0, 3159859.2 ], [ 4382861.1, 3159813.0 ], [ 4382839.6, 3159767.0 ], [ 4382731.8, 3159762.8 ], [ 4382485.6, 3159805.3 ], [ 4382468.5, 3159818.3 ], [ 4382470.7, 3159839.7 ], [ 4382526.5, 3159874.5 ], [ 4382533.4, 3159897.7 ], [ 4382599.5, 3159925.0 ], [ 4382608.3, 3159945.4 ], [ 4382597.1, 3159994.7 ], [ 4382579.8, 3160012.3 ], [ 4382512.0, 3160013.1 ], [ 4382462.4, 3160028.1 ], [ 4382379.6, 3160068.0 ], [ 4382371.7, 3160094.0 ], [ 4382384.3, 3160110.1 ], [ 4382413.7, 3160124.0 ], [ 4382450.1, 3160100.3 ], [ 4382471.8, 3160106.0 ], [ 4382526.1, 3160096.9 ], [ 4382604.4, 3160100.6 ], [ 4382623.7, 3160135.9 ], [ 4382639.6, 3160145.1 ], [ 4382628.9, 3160261.4 ], [ 4382637.3, 3160307.5 ], [ 4382665.5, 3160364.7 ], [ 4382640.1, 3160358.5 ], [ 4382543.5, 3160380.7 ], [ 4382519.2, 3160357.3 ], [ 4382498.2, 3160282.4 ], [ 4382480.4, 3160270.4 ], [ 4382464.1, 3160273.7 ], [ 4382455.3, 3160285.2 ], [ 4382462.3, 3160319.2 ], [ 4382387.8, 3160325.7 ], [ 4382372.5, 3160334.0 ], [ 4382370.2, 3160357.6 ], [ 4382410.8, 3160420.9 ], [ 4382477.6, 3160579.9 ], [ 4382235.7, 3160478.5 ], [ 4382210.7, 3160478.8 ], [ 4382150.4, 3160512.6 ], [ 4382120.3, 3160519.2 ], [ 4382071.0, 3160506.5 ], [ 4382015.6, 3160463.1 ], [ 4381992.3, 3160466.9 ], [ 4381962.9, 3160528.1 ], [ 4381891.8, 3160579.3 ], [ 4381842.4, 3160602.1 ], [ 4381734.0, 3160673.4 ], [ 4381724.5, 3160691.0 ], [ 4381625.3, 3160769.3 ], [ 4381637.6, 3160877.0 ], [ 4381610.7, 3161011.7 ], [ 4381627.5, 3161070.3 ], [ 4381541.4, 3161149.6 ], [ 4381541.3, 3161171.5 ], [ 4381568.1, 3161191.8 ], [ 4381546.8, 3161215.6 ], [ 4381542.4, 3161237.4 ], [ 4381494.0, 3161254.6 ], [ 4381418.3, 3161262.9 ], [ 4381407.3, 3161245.9 ], [ 4381394.0, 3161240.5 ], [ 4381287.9, 3161258.0 ], [ 4381266.1, 3161258.2 ], [ 4381245.4, 3161240.0 ], [ 4381179.4, 3161248.1 ], [ 4381163.1, 3161259.1 ], [ 4381096.7, 3161252.9 ], [ 4381017.6, 3161277.2 ], [ 4380987.6, 3161304.5 ], [ 4381000.3, 3161268.6 ], [ 4380992.0, 3161224.9 ], [ 4381009.4, 3161214.4 ], [ 4381132.2, 3161167.3 ], [ 4381155.5, 3161170.1 ], [ 4381277.4, 3161137.5 ], [ 4381311.8, 3161110.4 ], [ 4381354.0, 3161143.7 ], [ 4381371.5, 3161145.5 ], [ 4381532.7, 3161079.0 ], [ 4381581.2, 3161035.1 ], [ 4381599.0, 3161004.0 ], [ 4381582.2, 3160922.7 ], [ 4381591.9, 3160829.4 ], [ 4381584.3, 3160754.9 ], [ 4381624.1, 3160703.5 ], [ 4381710.9, 3160655.6 ], [ 4381734.8, 3160619.8 ], [ 4381784.6, 3160581.0 ], [ 4381832.5, 3160515.2 ], [ 4381835.3, 3160497.5 ], [ 4381808.0, 3160460.3 ], [ 4381792.4, 3160453.7 ], [ 4381640.0, 3160506.8 ], [ 4381593.2, 3160533.5 ], [ 4381486.5, 3160542.8 ], [ 4381471.3, 3160500.1 ], [ 4381594.3, 3160498.6 ], [ 4381687.8, 3160448.9 ], [ 4381757.6, 3160317.0 ], [ 4381817.1, 3160301.1 ], [ 4381847.8, 3160303.4 ], [ 4381859.9, 3160294.9 ], [ 4381875.2, 3160258.5 ], [ 4381869.5, 3160232.8 ], [ 4381858.6, 3160223.3 ], [ 4381754.0, 3160255.7 ], [ 4381721.1, 3160286.4 ], [ 4381653.8, 3160309.0 ], [ 4381642.8, 3160322.3 ], [ 4381646.8, 3160342.4 ], [ 4381633.9, 3160360.0 ], [ 4381598.3, 3160380.5 ], [ 4381557.4, 3160363.3 ], [ 4381481.2, 3160394.0 ], [ 4381272.1, 3160526.1 ], [ 4381220.4, 3160584.1 ], [ 4381190.1, 3160600.1 ], [ 4381162.6, 3160603.7 ], [ 4381151.2, 3160586.3 ], [ 4381131.8, 3160576.1 ], [ 4381109.1, 3160583.5 ], [ 4381104.3, 3160600.4 ], [ 4381111.3, 3160624.0 ], [ 4381073.8, 3160642.3 ], [ 4381058.2, 3160679.9 ], [ 4381073.8, 3160721.5 ], [ 4381090.7, 3160734.5 ], [ 4381121.1, 3160734.4 ], [ 4381174.0, 3160717.4 ], [ 4381302.1, 3160615.4 ], [ 4381318.0, 3160590.7 ], [ 4381330.6, 3160622.6 ], [ 4381248.1, 3160686.7 ], [ 4381224.1, 3160714.3 ], [ 4381215.4, 3160738.1 ], [ 4381222.2, 3160755.1 ], [ 4381240.0, 3160764.0 ], [ 4381343.4, 3160755.7 ], [ 4381314.3, 3160776.0 ], [ 4381195.8, 3160799.5 ], [ 4381175.6, 3160793.0 ], [ 4381094.7, 3160796.3 ], [ 4381087.4, 3160773.9 ], [ 4381072.7, 3160765.9 ], [ 4380973.6, 3160779.9 ], [ 4380925.2, 3160805.6 ], [ 4380897.9, 3160838.7 ], [ 4380913.5, 3160886.5 ], [ 4380939.9, 3160910.1 ], [ 4380931.5, 3160922.5 ], [ 4380845.6, 3160892.1 ], [ 4380768.5, 3160957.0 ], [ 4380746.6, 3160988.3 ], [ 4380749.8, 3161008.3 ], [ 4380870.5, 3161127.4 ], [ 4380943.2, 3161230.1 ], [ 4380786.0, 3161284.3 ], [ 4380613.3, 3161246.2 ], [ 4380540.1, 3161240.4 ], [ 4380133.9, 3161299.4 ], [ 4379988.9, 3161382.4 ], [ 4379978.5, 3161396.6 ], [ 4379981.9, 3161413.9 ], [ 4380028.7, 3161481.9 ], [ 4380015.9, 3161505.4 ], [ 4380053.5, 3161607.9 ], [ 4379966.1, 3161646.8 ], [ 4379764.1, 3161694.7 ], [ 4379724.9, 3161724.3 ], [ 4379656.1, 3161728.3 ], [ 4379566.6, 3161694.6 ], [ 4379479.4, 3161744.8 ], [ 4379394.0, 3161726.9 ], [ 4379346.1, 3161725.7 ], [ 4379324.9, 3161733.5 ], [ 4379318.8, 3161677.4 ], [ 4379278.9, 3161638.5 ], [ 4379253.8, 3161591.0 ], [ 4379231.9, 3161469.3 ], [ 4379206.2, 3161459.2 ], [ 4379188.7, 3161441.3 ], [ 4379109.8, 3161465.3 ], [ 4379108.4, 3161493.1 ], [ 4379095.5, 3161512.0 ], [ 4379102.1, 3161531.4 ], [ 4379089.7, 3161562.7 ], [ 4379075.7, 3161552.8 ], [ 4379030.2, 3161550.3 ], [ 4379006.1, 3161564.7 ], [ 4379000.2, 3161600.4 ], [ 4379022.6, 3161629.0 ], [ 4379046.5, 3161628.4 ], [ 4379088.3, 3161588.0 ], [ 4379092.9, 3161572.0 ], [ 4379108.4, 3161603.6 ], [ 4379113.1, 3161635.6 ], [ 4379105.0, 3161657.7 ], [ 4379087.8, 3161646.7 ], [ 4379070.1, 3161648.9 ], [ 4379059.8, 3161663.5 ], [ 4379063.7, 3161680.9 ], [ 4378957.2, 3161746.1 ], [ 4378940.5, 3161733.2 ], [ 4378918.4, 3161743.2 ], [ 4378912.2, 3161800.8 ], [ 4378926.2, 3161819.3 ], [ 4378897.9, 3161925.0 ], [ 4378912.9, 3161944.4 ], [ 4378909.8, 3161974.3 ], [ 4378934.3, 3162044.5 ], [ 4378955.4, 3162066.5 ], [ 4378959.0, 3162102.6 ], [ 4379054.5, 3162254.2 ], [ 4379033.1, 3162296.2 ], [ 4379042.8, 3162310.9 ], [ 4379060.2, 3162313.7 ], [ 4379073.8, 3162350.5 ], [ 4379037.5, 3162353.2 ], [ 4379032.8, 3162316.5 ], [ 4379015.1, 3162304.0 ], [ 4378882.3, 3162357.9 ], [ 4378829.6, 3162335.9 ], [ 4378771.0, 3162333.2 ], [ 4378749.7, 3162307.1 ], [ 4378708.6, 3162304.2 ], [ 4378686.4, 3162324.4 ], [ 4378621.3, 3162345.4 ], [ 4378470.2, 3162453.8 ], [ 4378452.3, 3162459.6 ], [ 4378432.7, 3162483.7 ], [ 4378436.3, 3162538.3 ], [ 4378448.9, 3162551.1 ], [ 4378479.5, 3162558.7 ], [ 4378591.1, 3162561.4 ], [ 4378604.0, 3162555.9 ], [ 4378611.4, 3162540.1 ], [ 4378635.8, 3162535.2 ], [ 4378647.2, 3162517.3 ], [ 4378686.9, 3162508.2 ], [ 4378746.5, 3162510.5 ], [ 4378762.2, 3162536.7 ], [ 4378775.6, 3162542.7 ], [ 4378792.6, 3162536.6 ], [ 4378804.0, 3162517.0 ], [ 4378856.8, 3162570.6 ], [ 4378945.0, 3162623.4 ], [ 4379000.8, 3162638.2 ], [ 4379054.2, 3162640.4 ], [ 4379228.4, 3162623.1 ], [ 4379268.8, 3162589.2 ], [ 4379307.9, 3162535.6 ], [ 4379324.3, 3162525.2 ], [ 4379392.5, 3162512.8 ], [ 4379309.6, 3162623.2 ], [ 4379314.2, 3162649.4 ], [ 4379426.7, 3162719.9 ], [ 4379470.9, 3162735.7 ], [ 4379473.9, 3162762.9 ], [ 4379502.7, 3162774.3 ], [ 4379558.3, 3162816.5 ], [ 4379768.9, 3162846.4 ], [ 4379824.1, 3162916.5 ], [ 4379785.4, 3162888.9 ], [ 4379754.8, 3162886.7 ], [ 4379721.9, 3162896.1 ], [ 4379696.9, 3162921.3 ], [ 4379697.9, 3162938.8 ], [ 4379732.4, 3162997.5 ], [ 4379748.7, 3163043.2 ], [ 4379735.6, 3163071.1 ], [ 4379747.4, 3163142.2 ], [ 4379621.9, 3162919.6 ], [ 4379516.6, 3162890.3 ], [ 4379500.9, 3162899.0 ], [ 4379496.5, 3162912.8 ], [ 4379504.4, 3163015.8 ], [ 4379531.8, 3163095.0 ], [ 4379523.7, 3163165.1 ], [ 4379496.8, 3163173.5 ], [ 4379432.8, 3163102.5 ], [ 4379356.7, 3163099.0 ], [ 4379337.9, 3163083.1 ], [ 4379318.1, 3163091.6 ], [ 4379300.3, 3163124.5 ], [ 4379268.3, 3163136.5 ], [ 4379243.2, 3163158.2 ], [ 4379163.0, 3163149.7 ], [ 4379137.8, 3163124.6 ], [ 4379196.4, 3163036.8 ], [ 4379240.1, 3162991.7 ], [ 4379343.8, 3162927.0 ], [ 4379345.0, 3162892.0 ], [ 4379368.0, 3162849.0 ], [ 4379368.2, 3162821.6 ], [ 4379249.0, 3162777.8 ], [ 4379122.1, 3162754.8 ], [ 4379115.3, 3162738.6 ], [ 4379086.8, 3162724.1 ], [ 4379062.4, 3162690.7 ], [ 4379000.1, 3162683.5 ], [ 4378811.1, 3162626.7 ], [ 4378781.9, 3162590.8 ], [ 4378777.8, 3162559.8 ], [ 4378763.8, 3162547.6 ], [ 4378664.1, 3162564.7 ], [ 4378651.6, 3162572.9 ], [ 4378652.6, 3162647.4 ], [ 4378644.8, 3162663.2 ], [ 4378656.3, 3162767.6 ], [ 4378606.3, 3162783.4 ], [ 4378562.3, 3162711.0 ], [ 4378500.7, 3162662.3 ], [ 4378477.0, 3162663.9 ], [ 4378466.5, 3162684.0 ], [ 4378366.0, 3162649.2 ], [ 4378344.5, 3162631.6 ], [ 4378340.1, 3162587.4 ], [ 4378330.8, 3162572.5 ], [ 4378189.4, 3162534.3 ], [ 4378171.1, 3162515.3 ], [ 4378118.0, 3162522.4 ], [ 4378094.1, 3162572.2 ], [ 4378025.9, 3162630.9 ], [ 4377992.8, 3162682.2 ], [ 4377872.8, 3162730.1 ], [ 4377848.7, 3162730.3 ], [ 4377856.9, 3162669.8 ], [ 4377847.3, 3162650.2 ], [ 4377819.0, 3162647.8 ], [ 4377787.2, 3162661.7 ], [ 4377745.6, 3162667.0 ], [ 4377702.4, 3162637.5 ], [ 4377676.4, 3162599.7 ], [ 4377623.7, 3162598.1 ], [ 4377598.8, 3162586.7 ], [ 4377594.7, 3162533.4 ], [ 4377570.0, 3162521.0 ], [ 4377549.6, 3162532.5 ], [ 4377536.0, 3162551.8 ], [ 4377513.3, 3162561.1 ], [ 4377501.4, 3162629.6 ], [ 4377515.1, 3162662.3 ], [ 4377598.2, 3162784.4 ], [ 4377675.9, 3162782.6 ], [ 4377691.5, 3162773.1 ], [ 4377694.6, 3162755.1 ], [ 4377683.8, 3162737.1 ], [ 4377638.5, 3162729.8 ], [ 4377645.0, 3162696.6 ], [ 4377652.3, 3162696.7 ], [ 4377772.7, 3162780.4 ], [ 4377886.4, 3162805.4 ], [ 4377997.1, 3162819.3 ], [ 4378030.3, 3162838.6 ], [ 4377982.3, 3162912.9 ], [ 4378008.0, 3162966.7 ], [ 4377849.1, 3162973.6 ], [ 4377831.3, 3162985.6 ], [ 4377852.9, 3163130.4 ], [ 4377673.2, 3163140.9 ], [ 4377660.3, 3163112.6 ], [ 4377589.6, 3163104.8 ], [ 4377545.6, 3163083.4 ], [ 4377525.9, 3163099.7 ], [ 4377457.0, 3163211.5 ], [ 4377431.2, 3163148.1 ], [ 4377393.2, 3163121.3 ], [ 4377198.0, 3163146.5 ], [ 4377126.2, 3163144.0 ], [ 4377046.8, 3163156.0 ], [ 4376941.1, 3163157.1 ], [ 4376923.0, 3163144.6 ], [ 4376884.1, 3163145.8 ], [ 4376850.8, 3163126.9 ], [ 4376836.3, 3163126.6 ], [ 4376821.8, 3163142.1 ], [ 4376805.3, 3163234.5 ], [ 4376753.9, 3163227.5 ], [ 4376696.8, 3163231.6 ], [ 4376668.8, 3163241.6 ], [ 4376547.8, 3163254.6 ], [ 4376530.7, 3163269.9 ], [ 4376465.1, 3163269.2 ], [ 4376451.5, 3163281.2 ], [ 4376429.2, 3163365.6 ], [ 4376449.6, 3163431.8 ], [ 4376470.4, 3163461.7 ], [ 4376505.1, 3163489.3 ], [ 4376559.9, 3163499.8 ], [ 4376646.9, 3163482.1 ], [ 4376749.3, 3163518.1 ], [ 4376740.1, 3163591.5 ], [ 4376595.5, 3163581.1 ], [ 4376578.2, 3163594.6 ], [ 4376575.5, 3163628.9 ], [ 4376476.8, 3163631.1 ], [ 4376476.3, 3163600.2 ], [ 4376513.0, 3163598.9 ], [ 4376527.6, 3163588.8 ], [ 4376527.5, 3163555.2 ], [ 4376376.9, 3163450.1 ], [ 4376360.1, 3163446.5 ], [ 4376333.0, 3163463.4 ], [ 4376288.1, 3163469.1 ], [ 4376276.6, 3163486.8 ], [ 4376289.9, 3163540.5 ], [ 4376304.4, 3163553.0 ], [ 4376315.1, 3163588.8 ], [ 4376330.3, 3163596.6 ], [ 4376333.4, 3163633.9 ], [ 4376299.3, 3163641.5 ], [ 4376159.6, 3163707.3 ], [ 4375995.7, 3163681.8 ], [ 4375973.1, 3163666.8 ], [ 4375970.9, 3163648.8 ], [ 4375990.0, 3163614.6 ], [ 4376117.4, 3163498.3 ], [ 4376147.0, 3163500.7 ], [ 4376199.1, 3163472.2 ], [ 4376206.8, 3163459.6 ], [ 4376202.7, 3163441.8 ], [ 4376122.6, 3163420.5 ], [ 4376101.8, 3163396.3 ], [ 4376058.9, 3163374.4 ], [ 4375935.3, 3163364.0 ], [ 4375870.1, 3163428.5 ], [ 4375864.8, 3163467.2 ], [ 4375834.0, 3163505.4 ], [ 4375816.0, 3163562.8 ], [ 4375835.2, 3163653.3 ], [ 4375927.5, 3163696.1 ], [ 4375893.1, 3163758.0 ], [ 4375837.2, 3163800.0 ], [ 4375816.5, 3163805.5 ], [ 4375749.2, 3163900.5 ], [ 4375719.8, 3163903.0 ], [ 4375672.6, 3163923.2 ], [ 4375561.3, 3164203.6 ], [ 4375520.5, 3164242.9 ], [ 4375450.5, 3164283.2 ], [ 4375433.0, 3164325.2 ], [ 4375407.7, 3164360.1 ], [ 4375313.4, 3164437.9 ], [ 4375289.9, 3164469.8 ], [ 4375284.8, 3164508.6 ], [ 4375303.6, 3164550.6 ], [ 4375460.7, 3164647.1 ], [ 4375488.8, 3164681.3 ], [ 4375549.1, 3164804.9 ], [ 4375553.8, 3164844.5 ], [ 4375546.6, 3164970.4 ], [ 4375566.8, 3165174.6 ], [ 4375559.7, 3165203.2 ], [ 4375536.9, 3165242.1 ], [ 4375542.7, 3165255.5 ], [ 4375563.5, 3165268.1 ], [ 4375558.3, 3165291.8 ], [ 4375537.2, 3165308.6 ], [ 4375533.1, 3165339.0 ], [ 4375493.4, 3165324.1 ], [ 4375479.9, 3165330.3 ], [ 4375473.3, 3165347.5 ], [ 4375506.0, 3165430.8 ], [ 4375511.0, 3165520.9 ], [ 4375528.2, 3165546.3 ], [ 4375519.8, 3165621.7 ], [ 4375542.6, 3165735.4 ], [ 4375564.4, 3165780.7 ], [ 4375578.1, 3165842.4 ], [ 4375607.8, 3165858.0 ], [ 4375623.9, 3165879.9 ], [ 4375655.1, 3165890.5 ], [ 4375671.2, 3165927.3 ], [ 4375669.2, 3165962.3 ], [ 4375751.4, 3166023.2 ], [ 4375753.4, 3166045.7 ], [ 4375849.5, 3166146.2 ], [ 4375862.0, 3166170.2 ], [ 4375960.6, 3166194.6 ], [ 4376147.8, 3166178.9 ], [ 4376159.5, 3166204.5 ], [ 4376024.8, 3166237.6 ], [ 4375877.2, 3166260.1 ], [ 4375859.9, 3166285.6 ], [ 4375784.1, 3166484.0 ], [ 4375744.0, 3166679.8 ], [ 4375734.0, 3166678.2 ], [ 4375718.2, 3166628.1 ], [ 4375745.8, 3166538.5 ], [ 4375751.2, 3166416.5 ], [ 4375733.8, 3166399.0 ], [ 4375711.1, 3166408.8 ], [ 4375682.3, 3166608.4 ], [ 4375687.7, 3166625.8 ], [ 4375679.8, 3166642.1 ], [ 4375677.4, 3166742.9 ], [ 4375680.9, 3166847.7 ], [ 4375698.9, 3166907.4 ], [ 4375773.6, 3167015.1 ], [ 4375804.9, 3167038.3 ], [ 4375838.8, 3167053.7 ], [ 4375913.9, 3167060.0 ], [ 4376018.0, 3167118.1 ], [ 4376089.1, 3167144.0 ], [ 4376119.8, 3167148.7 ], [ 4376159.4, 3167142.8 ], [ 4376233.7, 3167088.7 ], [ 4376291.3, 3167060.5 ], [ 4376341.6, 3167052.7 ], [ 4376379.0, 3167062.0 ], [ 4376393.8, 3167088.4 ], [ 4376378.1, 3167171.7 ], [ 4376412.6, 3167345.8 ], [ 4376427.7, 3167638.7 ], [ 4376512.6, 3167772.9 ], [ 4376528.2, 3167780.0 ], [ 4376544.1, 3167773.8 ], [ 4376593.3, 3167794.0 ], [ 4376992.3, 3167880.2 ], [ 4377010.2, 3167898.1 ], [ 4377146.2, 3167925.1 ], [ 4377167.0, 3167911.2 ], [ 4377235.5, 3167957.4 ], [ 4377261.7, 3167951.7 ], [ 4377301.2, 3168020.1 ], [ 4377320.2, 3168027.6 ], [ 4377334.1, 3168059.8 ], [ 4377363.7, 3168273.7 ], [ 4377383.7, 3168304.7 ], [ 4377364.1, 3168323.6 ], [ 4377367.5, 3168343.9 ], [ 4377411.3, 3168362.3 ], [ 4377584.5, 3168396.4 ], [ 4377631.4, 3168431.4 ], [ 4377662.2, 3168479.7 ], [ 4377672.0, 3168524.3 ], [ 4377670.8, 3168652.9 ], [ 4377634.6, 3168832.8 ], [ 4377578.2, 3168959.8 ], [ 4377586.6, 3168998.2 ], [ 4377661.4, 3169051.7 ], [ 4377672.6, 3169077.4 ], [ 4377664.0, 3169118.4 ], [ 4377605.9, 3169190.0 ], [ 4377583.1, 3169248.3 ], [ 4377595.6, 3169278.8 ], [ 4377655.2, 3169317.1 ], [ 4377663.3, 3169349.3 ], [ 4377599.2, 3169557.2 ], [ 4377579.0, 3169597.4 ], [ 4377591.8, 3169628.6 ], [ 4377454.8, 3169759.5 ], [ 4377410.1, 3169825.8 ], [ 4377391.3, 3169886.3 ], [ 4377384.0, 3169957.7 ], [ 4377400.5, 3170013.0 ], [ 4377429.2, 3170044.9 ], [ 4377463.1, 3170057.7 ], [ 4377487.4, 3170112.1 ], [ 4377435.6, 3170117.1 ], [ 4377420.1, 3170156.5 ], [ 4377367.0, 3170209.3 ], [ 4377351.5, 3170285.6 ], [ 4377295.8, 3170359.4 ], [ 4377285.7, 3170399.4 ], [ 4377296.8, 3170442.0 ], [ 4377401.3, 3170596.2 ], [ 4377478.1, 3170658.3 ], [ 4377590.8, 3170712.8 ], [ 4377602.5, 3170731.4 ], [ 4377627.5, 3170831.9 ], [ 4377654.3, 3170859.3 ], [ 4377715.2, 3170899.3 ], [ 4377729.7, 3170919.2 ], [ 4377800.8, 3171131.9 ], [ 4377805.7, 3171197.8 ], [ 4377783.7, 3171330.2 ], [ 4377791.9, 3171365.8 ], [ 4377829.9, 3171445.6 ], [ 4377937.0, 3171531.6 ], [ 4377976.4, 3171542.2 ], [ 4378037.7, 3171495.3 ], [ 4378235.1, 3171441.8 ], [ 4378330.5, 3171410.1 ], [ 4378362.3, 3171392.0 ], [ 4378368.1, 3171375.5 ], [ 4378360.1, 3171359.9 ], [ 4378266.6, 3171324.1 ], [ 4378233.9, 3171224.1 ], [ 4378228.6, 3171166.2 ], [ 4378183.8, 3171024.0 ], [ 4378185.0, 3170998.1 ], [ 4378229.7, 3171002.2 ], [ 4378261.0, 3170973.5 ], [ 4378280.2, 3170978.0 ], [ 4378306.7, 3170968.1 ], [ 4378322.6, 3170992.0 ], [ 4378342.3, 3170996.6 ], [ 4378461.3, 3170921.3 ], [ 4378473.3, 3170894.3 ], [ 4378467.0, 3170873.7 ], [ 4378442.2, 3170843.8 ], [ 4378516.6, 3170776.7 ], [ 4378507.0, 3170719.1 ], [ 4378513.6, 3170713.5 ], [ 4378576.5, 3170744.7 ], [ 4378823.2, 3170822.5 ], [ 4379030.3, 3170797.9 ], [ 4379023.0, 3170829.2 ], [ 4379033.2, 3170864.2 ], [ 4379049.5, 3170883.8 ], [ 4379202.7, 3170868.2 ], [ 4379188.2, 3170883.6 ], [ 4379098.1, 3170914.4 ], [ 4379070.2, 3170954.7 ], [ 4378920.3, 3171034.0 ], [ 4378920.3, 3170931.2 ], [ 4378907.9, 3170914.1 ], [ 4378806.1, 3170901.6 ], [ 4378728.8, 3170908.8 ], [ 4378634.3, 3170847.9 ], [ 4378600.4, 3170852.7 ], [ 4378588.1, 3170872.6 ], [ 4378743.5, 3171162.8 ], [ 4378766.4, 3171196.3 ], [ 4378781.0, 3171204.6 ], [ 4378909.6, 3171215.6 ], [ 4378989.0, 3171176.4 ], [ 4379006.7, 3171149.9 ], [ 4378991.1, 3171109.8 ], [ 4379064.1, 3171070.4 ], [ 4379083.7, 3171040.9 ], [ 4379159.4, 3171003.7 ], [ 4379175.0, 3170947.5 ], [ 4379207.1, 3170952.7 ], [ 4379215.4, 3170977.0 ], [ 4379213.2, 3171008.3 ], [ 4379175.6, 3171065.6 ], [ 4379133.1, 3171103.2 ], [ 4379123.7, 3171137.5 ], [ 4379094.3, 3171185.3 ], [ 4379100.7, 3171208.5 ], [ 4379086.8, 3171269.5 ], [ 4379058.1, 3171297.4 ], [ 4379055.8, 3171313.6 ], [ 4378997.4, 3171420.4 ], [ 4378928.6, 3171455.8 ], [ 4378919.5, 3171470.9 ], [ 4378945.1, 3171519.1 ], [ 4378994.5, 3171560.5 ], [ 4379064.7, 3171684.5 ], [ 4379331.4, 3171867.4 ], [ 4379349.2, 3171856.0 ], [ 4379357.4, 3171801.6 ], [ 4379379.2, 3171792.8 ], [ 4379396.2, 3171749.0 ], [ 4379415.0, 3171756.9 ], [ 4379432.7, 3171745.6 ], [ 4379435.6, 3171698.1 ], [ 4379464.4, 3171640.2 ], [ 4379443.2, 3171572.0 ], [ 4379420.1, 3171541.6 ], [ 4379386.0, 3171524.7 ], [ 4379353.2, 3171531.9 ], [ 4379290.3, 3171505.4 ], [ 4379262.0, 3171461.6 ], [ 4379161.8, 3171403.9 ], [ 4379165.1, 3171363.5 ], [ 4379149.0, 3171328.8 ], [ 4379120.9, 3171304.0 ], [ 4379146.5, 3171297.4 ], [ 4379159.9, 3171262.8 ], [ 4379178.3, 3171240.1 ], [ 4379171.4, 3171196.9 ], [ 4379206.4, 3171195.7 ], [ 4379203.8, 3171225.8 ], [ 4379268.8, 3171297.8 ], [ 4379303.1, 3171352.6 ], [ 4379458.3, 3171502.6 ], [ 4379529.4, 3171549.5 ], [ 4379587.8, 3171630.9 ], [ 4379604.8, 3171663.0 ], [ 4379612.5, 3171699.3 ], [ 4379679.6, 3171777.1 ], [ 4379706.1, 3171792.5 ], [ 4379742.6, 3171830.2 ], [ 4379759.7, 3171835.4 ], [ 4379797.2, 3171818.5 ], [ 4379799.1, 3171800.9 ], [ 4379785.6, 3171769.9 ], [ 4379798.6, 3171762.4 ], [ 4379876.9, 3171868.8 ], [ 4379854.2, 3171878.6 ], [ 4379841.2, 3171894.1 ], [ 4379843.3, 3171929.2 ], [ 4379832.8, 3171951.6 ], [ 4379841.2, 3171967.9 ], [ 4379882.4, 3171980.2 ], [ 4379932.4, 3171945.2 ], [ 4379975.0, 3171954.9 ], [ 4380009.8, 3171999.2 ], [ 4380064.1, 3172021.1 ], [ 4380066.2, 3172042.2 ], [ 4380087.9, 3172063.9 ], [ 4380221.4, 3172163.7 ], [ 4380208.1, 3172198.5 ], [ 4380239.7, 3172234.6 ], [ 4380276.3, 3172224.4 ], [ 4380315.8, 3172187.0 ], [ 4380396.0, 3172147.0 ], [ 4380400.7, 3172129.1 ], [ 4380390.1, 3172113.9 ], [ 4380347.7, 3172110.8 ], [ 4380236.5, 3172070.5 ], [ 4380149.2, 3172011.1 ], [ 4380147.4, 3171953.6 ] ], [ [ 4379887.4, 3171795.3 ], [ 4380034.5, 3171673.9 ], [ 4380032.3, 3171618.9 ], [ 4380044.7, 3171596.4 ], [ 4380072.2, 3171587.9 ], [ 4380102.0, 3171630.9 ], [ 4380172.2, 3171671.8 ], [ 4379930.8, 3171850.3 ], [ 4379887.4, 3171795.3 ] ], [ [ 4380600.7, 3171662.6 ], [ 4380654.2, 3171628.8 ], [ 4380678.1, 3171629.0 ], [ 4380747.1, 3171584.2 ], [ 4380773.1, 3171595.4 ], [ 4380780.7, 3171618.6 ], [ 4380744.6, 3171700.6 ], [ 4380714.6, 3171714.7 ], [ 4380693.7, 3171737.9 ], [ 4380632.3, 3171713.2 ], [ 4380600.7, 3171662.6 ] ], [ [ 4379960.6, 3171474.8 ], [ 4379763.6, 3171678.5 ], [ 4379707.4, 3171614.1 ], [ 4379811.9, 3171498.2 ], [ 4379834.7, 3171514.0 ], [ 4379853.0, 3171514.3 ], [ 4379923.7, 3171449.4 ], [ 4379960.6, 3171474.8 ] ], [ [ 4380493.9, 3171439.3 ], [ 4380431.4, 3171347.9 ], [ 4380529.4, 3171270.1 ], [ 4380563.3, 3171268.5 ], [ 4380589.5, 3171256.9 ], [ 4380607.9, 3171267.5 ], [ 4380705.0, 3171255.9 ], [ 4380714.3, 3171296.0 ], [ 4380664.0, 3171312.1 ], [ 4380493.9, 3171439.3 ] ], [ [ 4380273.8, 3171207.2 ], [ 4380268.9, 3171280.5 ], [ 4380208.8, 3171306.1 ], [ 4380163.8, 3171314.9 ], [ 4380139.2, 3171332.5 ], [ 4380119.8, 3171334.8 ], [ 4380095.9, 3171356.3 ], [ 4380044.7, 3171308.9 ], [ 4379999.3, 3171295.0 ], [ 4379974.7, 3171278.2 ], [ 4379930.1, 3171187.1 ], [ 4380060.4, 3171150.6 ], [ 4380269.8, 3171173.1 ], [ 4380303.5, 3171108.2 ], [ 4380383.0, 3171015.8 ], [ 4380547.4, 3171111.6 ], [ 4380327.0, 3171222.9 ], [ 4380289.7, 3171200.1 ], [ 4380273.8, 3171207.2 ] ], [ [ 4380859.1, 3171159.3 ], [ 4380795.5, 3171096.2 ], [ 4380773.7, 3171089.7 ], [ 4380696.7, 3171109.2 ], [ 4380667.7, 3171053.4 ], [ 4380688.2, 3171014.2 ], [ 4380728.8, 3170997.6 ], [ 4380739.4, 3170979.8 ], [ 4380733.2, 3170963.4 ], [ 4380680.7, 3170909.2 ], [ 4380690.3, 3170839.4 ], [ 4380769.9, 3170921.2 ], [ 4380864.8, 3170935.4 ], [ 4380906.0, 3170951.3 ], [ 4381095.4, 3171088.4 ], [ 4381052.3, 3171119.8 ], [ 4381040.4, 3171148.2 ], [ 4380910.3, 3171105.0 ], [ 4380859.1, 3171159.3 ] ], [ [ 4380473.6, 3170844.4 ], [ 4380433.8, 3170935.7 ], [ 4380426.0, 3170897.7 ], [ 4380374.5, 3170785.3 ], [ 4380387.2, 3170727.4 ], [ 4380386.3, 3170695.3 ], [ 4380419.4, 3170698.6 ], [ 4380460.0, 3170723.7 ], [ 4380457.1, 3170746.9 ], [ 4380431.0, 3170746.6 ], [ 4380419.2, 3170763.9 ], [ 4380434.3, 3170805.7 ], [ 4380473.6, 3170844.4 ] ], [ [ 4379469.4, 3170844.1 ], [ 4379535.8, 3170939.0 ], [ 4379499.3, 3170932.9 ], [ 4379414.7, 3170883.2 ], [ 4379370.6, 3170888.7 ], [ 4379340.3, 3170913.9 ], [ 4379321.1, 3170890.4 ], [ 4379315.7, 3170858.4 ], [ 4379339.7, 3170838.8 ], [ 4379344.3, 3170814.1 ], [ 4379409.8, 3170794.4 ], [ 4379469.4, 3170844.1 ] ], [ [ 4381193.1, 3170671.8 ], [ 4381172.5, 3170612.0 ], [ 4381174.2, 3170594.3 ], [ 4381162.5, 3170579.7 ], [ 4381177.4, 3170554.5 ], [ 4381178.1, 3170530.8 ], [ 4381086.9, 3170281.2 ], [ 4381071.5, 3170267.5 ], [ 4381049.1, 3170275.2 ], [ 4381036.7, 3170265.9 ], [ 4381005.3, 3170188.0 ], [ 4381076.0, 3170199.5 ], [ 4381240.0, 3170654.6 ], [ 4381193.1, 3170671.8 ] ], [ [ 4381753.6, 3170243.8 ], [ 4381751.2, 3170166.2 ], [ 4381765.9, 3170181.9 ], [ 4381819.5, 3170199.7 ], [ 4381838.8, 3170232.3 ], [ 4381834.5, 3170241.2 ], [ 4381753.6, 3170243.8 ] ], [ [ 4382083.4, 3170173.0 ], [ 4382057.6, 3170136.6 ], [ 4382023.6, 3170117.1 ], [ 4382027.0, 3170083.3 ], [ 4382011.9, 3170066.1 ], [ 4382014.0, 3170049.4 ], [ 4382050.7, 3170053.6 ], [ 4382061.2, 3170043.1 ], [ 4382063.8, 3170025.9 ], [ 4382029.8, 3169985.4 ], [ 4382029.7, 3169942.8 ], [ 4381995.6, 3169921.6 ], [ 4382007.9, 3169891.4 ], [ 4382046.2, 3169884.1 ], [ 4382171.1, 3169823.5 ], [ 4382213.2, 3169889.6 ], [ 4382242.3, 3169893.6 ], [ 4382242.9, 3169913.5 ], [ 4382209.9, 3169944.1 ], [ 4382183.8, 3169955.1 ], [ 4382172.4, 3170032.0 ], [ 4382211.2, 3170050.9 ], [ 4382281.6, 3170038.8 ], [ 4382239.7, 3170123.8 ], [ 4382218.7, 3170127.6 ], [ 4382206.5, 3170107.9 ], [ 4382178.6, 3170097.5 ], [ 4382158.3, 3170105.1 ], [ 4382117.2, 3170159.5 ], [ 4382115.1, 3170226.4 ], [ 4382101.7, 3170243.0 ], [ 4382088.8, 3170234.3 ], [ 4382083.4, 3170173.0 ] ], [ [ 4384829.5, 3170123.9 ], [ 4384814.3, 3170069.6 ], [ 4384790.5, 3170026.5 ], [ 4384783.5, 3169983.9 ], [ 4384795.0, 3169943.5 ], [ 4384820.0, 3169937.5 ], [ 4384864.1, 3169908.2 ], [ 4384903.1, 3169950.0 ], [ 4384832.0, 3169976.1 ], [ 4384836.3, 3170067.7 ], [ 4384858.1, 3170080.3 ], [ 4384955.8, 3170070.5 ], [ 4384857.4, 3170176.5 ], [ 4384829.5, 3170123.9 ] ], [ [ 4385008.9, 3169970.4 ], [ 4384970.7, 3169863.4 ], [ 4384946.7, 3169836.0 ], [ 4385010.1, 3169806.5 ], [ 4385028.5, 3169742.1 ], [ 4385078.7, 3169774.9 ], [ 4385094.5, 3169942.0 ], [ 4385160.8, 3170018.8 ], [ 4385061.5, 3170013.3 ], [ 4385042.9, 3170031.7 ], [ 4385008.9, 3169970.4 ] ], [ [ 4380875.5, 3169558.1 ], [ 4380969.1, 3169833.8 ], [ 4380880.9, 3169836.8 ], [ 4380853.2, 3169819.1 ], [ 4380828.3, 3169784.3 ], [ 4380824.0, 3169733.9 ], [ 4380859.2, 3169684.6 ], [ 4380860.7, 3169669.9 ], [ 4380758.8, 3169436.1 ], [ 4380808.0, 3169414.6 ], [ 4380841.0, 3169470.5 ], [ 4380857.7, 3169477.8 ], [ 4380874.2, 3169470.0 ], [ 4380879.4, 3169449.8 ], [ 4380946.7, 3169396.2 ], [ 4381022.8, 3169416.5 ], [ 4381023.3, 3169464.1 ], [ 4380984.7, 3169473.7 ], [ 4380974.9, 3169498.0 ], [ 4380886.0, 3169530.5 ], [ 4380876.2, 3169540.7 ], [ 4380875.5, 3169558.1 ] ], [ [ 4383774.0, 3169562.6 ], [ 4383787.6, 3169567.7 ], [ 4383785.1, 3169587.3 ], [ 4383770.9, 3169573.6 ], [ 4383774.0, 3169562.6 ] ], [ [ 4382300.7, 3169578.4 ], [ 4382341.7, 3169604.7 ], [ 4382457.2, 3169594.6 ], [ 4382464.9, 3169637.6 ], [ 4382262.4, 3169734.2 ], [ 4382211.3, 3169633.3 ], [ 4382300.7, 3169578.4 ] ], [ [ 4384534.8, 3169696.1 ], [ 4384462.6, 3169588.5 ], [ 4384458.8, 3169553.6 ], [ 4384446.5, 3169541.6 ], [ 4384444.4, 3169491.2 ], [ 4384508.2, 3169496.9 ], [ 4384522.7, 3169485.6 ], [ 4384524.6, 3169470.8 ], [ 4384569.3, 3169482.0 ], [ 4384581.9, 3169474.4 ], [ 4384591.8, 3169450.4 ], [ 4384619.2, 3169469.3 ], [ 4384637.2, 3169469.7 ], [ 4384652.8, 3169452.2 ], [ 4384643.8, 3169422.5 ], [ 4384717.6, 3169468.5 ], [ 4384750.8, 3169521.7 ], [ 4384883.7, 3169561.1 ], [ 4384862.9, 3169584.8 ], [ 4384856.9, 3169610.2 ], [ 4384837.6, 3169624.6 ], [ 4384752.8, 3169582.5 ], [ 4384622.3, 3169595.0 ], [ 4384592.9, 3169644.2 ], [ 4384579.4, 3169724.9 ], [ 4384534.8, 3169696.1 ] ], [ [ 4385072.1, 3169635.3 ], [ 4385085.5, 3169635.3 ], [ 4385124.0, 3169664.5 ], [ 4385131.9, 3169679.9 ], [ 4385129.7, 3169701.3 ], [ 4385072.2, 3169704.1 ], [ 4385055.7, 3169662.3 ], [ 4385072.1, 3169635.3 ] ], [ [ 4383732.0, 3169383.3 ], [ 4383714.6, 3169439.7 ], [ 4383653.4, 3169436.2 ], [ 4383558.8, 3169478.8 ], [ 4383513.9, 3169407.3 ], [ 4383488.4, 3169393.5 ], [ 4383426.4, 3169382.5 ], [ 4383422.2, 3169337.4 ], [ 4383440.8, 3169301.6 ], [ 4383551.8, 3169219.4 ], [ 4383599.6, 3169154.4 ], [ 4383691.0, 3169084.7 ], [ 4383684.6, 3169142.6 ], [ 4383700.5, 3169221.5 ], [ 4383702.2, 3169277.6 ], [ 4383732.0, 3169383.3 ] ], [ [ 4384984.8, 3169348.3 ], [ 4385045.6, 3169275.1 ], [ 4385071.9, 3169278.3 ], [ 4385089.2, 3169271.3 ], [ 4385111.7, 3169216.5 ], [ 4385156.2, 3169232.4 ], [ 4385199.9, 3169275.0 ], [ 4385215.2, 3169306.6 ], [ 4385182.0, 3169318.4 ], [ 4385164.7, 3169291.6 ], [ 4385143.9, 3169289.7 ], [ 4385090.1, 3169350.7 ], [ 4385013.3, 3169402.1 ], [ 4384984.8, 3169348.3 ] ], [ [ 4384875.5, 3169363.8 ], [ 4384863.5, 3169412.0 ], [ 4384821.6, 3169406.7 ], [ 4384826.8, 3169387.8 ], [ 4384859.4, 3169353.0 ], [ 4384875.5, 3169363.8 ] ], [ [ 4384126.8, 3169110.5 ], [ 4384124.8, 3169079.8 ], [ 4384147.1, 3169075.7 ], [ 4384157.0, 3169056.2 ], [ 4384148.4, 3169039.8 ], [ 4384130.5, 3169033.6 ], [ 4384056.8, 3169069.2 ], [ 4384016.7, 3169075.2 ], [ 4383950.6, 3169068.4 ], [ 4383897.2, 3169095.5 ], [ 4383854.1, 3169105.4 ], [ 4383849.6, 3169063.8 ], [ 4383859.8, 3169005.8 ], [ 4383930.7, 3168938.2 ], [ 4383922.7, 3168888.9 ], [ 4383944.1, 3168829.0 ], [ 4383943.2, 3168785.6 ], [ 4383848.7, 3168689.7 ], [ 4383862.6, 3168661.9 ], [ 4383852.7, 3168642.6 ], [ 4383744.4, 3168630.0 ], [ 4383683.3, 3168587.0 ], [ 4383619.8, 3168578.0 ], [ 4383597.7, 3168560.8 ], [ 4383542.8, 3168491.1 ], [ 4383492.5, 3168457.8 ], [ 4383617.4, 3168456.4 ], [ 4383666.0, 3168463.0 ], [ 4383842.8, 3168434.6 ], [ 4383904.1, 3168432.5 ], [ 4384139.5, 3168368.9 ], [ 4384222.7, 3168369.8 ], [ 4384298.8, 3168392.6 ], [ 4384378.6, 3168427.8 ], [ 4384438.3, 3168464.8 ], [ 4384520.4, 3168501.9 ], [ 4384635.5, 3168585.9 ], [ 4384702.0, 3168595.3 ], [ 4384802.8, 3168582.5 ], [ 4384878.8, 3168593.4 ], [ 4384878.5, 3168629.3 ], [ 4384798.5, 3168670.2 ], [ 4384784.1, 3168693.9 ], [ 4384731.5, 3168734.7 ], [ 4384741.6, 3168832.3 ], [ 4384723.5, 3168903.5 ], [ 4384710.3, 3168902.1 ], [ 4384701.6, 3168849.1 ], [ 4384676.1, 3168842.2 ], [ 4384603.5, 3168884.7 ], [ 4384563.0, 3168925.9 ], [ 4384535.6, 3168941.9 ], [ 4384487.2, 3168952.9 ], [ 4384374.1, 3168948.8 ], [ 4384247.2, 3169010.4 ], [ 4384234.2, 3169031.0 ], [ 4384235.5, 3169048.6 ], [ 4384330.9, 3169172.8 ], [ 4384193.8, 3169215.5 ], [ 4384097.8, 3169207.0 ], [ 4384065.6, 3169122.7 ], [ 4384115.6, 3169120.1 ], [ 4384126.8, 3169110.5 ] ], [ [ 4384572.5, 3169120.1 ], [ 4384519.9, 3169082.1 ], [ 4384488.8, 3169094.0 ], [ 4384473.6, 3169067.6 ], [ 4384695.2, 3168913.8 ], [ 4384692.9, 3168960.8 ], [ 4384725.0, 3168990.9 ], [ 4384687.4, 3169011.3 ], [ 4384688.5, 3169041.7 ], [ 4384603.3, 3169081.7 ], [ 4384593.7, 3169102.5 ], [ 4384572.5, 3169120.1 ] ], [ [ 4383510.5, 3168383.5 ], [ 4383394.5, 3168385.1 ], [ 4383383.2, 3168353.3 ], [ 4383417.0, 3168332.1 ], [ 4383462.9, 3168261.0 ], [ 4383497.4, 3168255.0 ], [ 4383525.4, 3168297.7 ], [ 4383573.7, 3168309.8 ], [ 4383510.5, 3168383.5 ] ], [ [ 4380400.3, 3168273.2 ], [ 4380454.0, 3168368.7 ], [ 4380446.6, 3168387.5 ], [ 4380462.5, 3168416.8 ], [ 4380469.8, 3168471.3 ], [ 4380565.4, 3168743.1 ], [ 4380592.7, 3168806.9 ], [ 4380672.7, 3168932.2 ], [ 4380663.3, 3168951.3 ], [ 4380677.1, 3169012.9 ], [ 4380713.7, 3169097.8 ], [ 4380725.3, 3169154.5 ], [ 4380718.3, 3169174.3 ], [ 4380755.3, 3169285.5 ], [ 4380742.2, 3169315.4 ], [ 4380716.0, 3169336.2 ], [ 4380658.9, 3169192.7 ], [ 4380644.8, 3169182.5 ], [ 4380624.7, 3169185.4 ], [ 4380619.2, 3169142.7 ], [ 4380593.9, 3169110.9 ], [ 4380489.2, 3168796.5 ], [ 4380373.7, 3168480.8 ], [ 4380352.5, 3168440.3 ], [ 4380305.9, 3168223.6 ], [ 4380314.1, 3168126.0 ], [ 4380330.1, 3168119.9 ], [ 4380336.9, 3168104.1 ], [ 4380333.5, 3167938.5 ], [ 4380326.5, 3167917.8 ], [ 4380312.9, 3167911.4 ], [ 4380298.5, 3167915.1 ], [ 4380287.3, 3167891.7 ], [ 4380267.2, 3167888.6 ], [ 4380089.2, 3168017.5 ], [ 4380048.3, 3167931.9 ], [ 4380033.0, 3167922.6 ], [ 4379938.6, 3167953.3 ], [ 4379862.0, 3167964.3 ], [ 4379771.6, 3167969.3 ], [ 4379657.5, 3167952.9 ], [ 4379540.4, 3167972.5 ], [ 4379557.4, 3167948.6 ], [ 4379628.8, 3167910.2 ], [ 4379660.3, 3167919.1 ], [ 4379727.8, 3167906.2 ], [ 4379915.1, 3167905.9 ], [ 4380002.4, 3167884.0 ], [ 4380014.9, 3167863.0 ], [ 4380002.6, 3167843.1 ], [ 4380018.7, 3167832.8 ], [ 4380032.3, 3167800.5 ], [ 4380047.7, 3167793.7 ], [ 4380053.8, 3167781.1 ], [ 4380030.6, 3167658.7 ], [ 4380144.9, 3167641.9 ], [ 4380208.1, 3167686.8 ], [ 4380225.4, 3167688.7 ], [ 4380240.8, 3167670.7 ], [ 4380232.6, 3167566.5 ], [ 4380298.0, 3167561.5 ], [ 4380312.1, 3167550.9 ], [ 4380314.3, 3167461.5 ], [ 4380268.6, 3167426.8 ], [ 4380276.3, 3167399.8 ], [ 4380282.2, 3167191.1 ], [ 4380273.6, 3167158.3 ], [ 4380300.8, 3167115.2 ], [ 4380296.3, 3167047.9 ], [ 4380282.8, 3167016.0 ], [ 4380290.4, 3166986.6 ], [ 4380260.4, 3166885.6 ], [ 4380282.0, 3166872.9 ], [ 4380290.1, 3166858.3 ], [ 4380285.3, 3166615.6 ], [ 4380309.5, 3166614.0 ], [ 4380313.0, 3166808.7 ], [ 4380341.1, 3166854.8 ], [ 4380334.8, 3167027.2 ], [ 4380325.0, 3167038.4 ], [ 4380323.3, 3167061.6 ], [ 4380334.6, 3167081.7 ], [ 4380338.7, 3167114.7 ], [ 4380357.7, 3167125.9 ], [ 4380349.9, 3167168.7 ], [ 4380334.7, 3167193.7 ], [ 4380331.5, 3167268.2 ], [ 4380341.6, 3167287.2 ], [ 4380359.7, 3167289.9 ], [ 4380359.1, 3167313.3 ], [ 4380369.6, 3167332.4 ], [ 4380366.3, 3167435.7 ], [ 4380344.6, 3167472.6 ], [ 4380349.3, 3167497.6 ], [ 4380379.9, 3167547.0 ], [ 4380408.3, 3167553.9 ], [ 4380404.6, 3167768.0 ], [ 4380391.9, 3167783.8 ], [ 4380393.4, 3167824.9 ], [ 4380361.5, 3167840.4 ], [ 4380354.6, 3167857.1 ], [ 4380364.7, 3167875.3 ], [ 4380358.0, 3167962.3 ], [ 4380381.5, 3167983.8 ], [ 4380409.0, 3167988.0 ], [ 4380409.5, 3168060.7 ], [ 4380417.2, 3168085.4 ], [ 4380402.4, 3168109.8 ], [ 4380400.9, 3168137.8 ], [ 4380412.9, 3168179.4 ], [ 4380375.0, 3168187.7 ], [ 4380364.6, 3168206.6 ], [ 4380368.9, 3168266.0 ], [ 4380383.0, 3168276.5 ], [ 4380400.3, 3168273.2 ] ], [ [ 4381906.2, 3167902.4 ], [ 4381934.4, 3167852.4 ], [ 4381988.1, 3167878.1 ], [ 4381963.1, 3167896.7 ], [ 4381941.0, 3167901.6 ], [ 4381928.7, 3167917.2 ], [ 4381909.0, 3167915.8 ], [ 4381906.2, 3167902.4 ] ], [ [ 4381593.1, 3167884.1 ], [ 4381542.7, 3167838.6 ], [ 4381534.8, 3167822.1 ], [ 4381540.2, 3167806.5 ], [ 4381583.6, 3167811.1 ], [ 4381620.5, 3167837.8 ], [ 4381632.0, 3167864.6 ], [ 4381593.1, 3167884.1 ] ], [ [ 4380904.3, 3167837.7 ], [ 4380889.3, 3167829.9 ], [ 4380880.6, 3167807.1 ], [ 4380884.7, 3167787.1 ], [ 4380900.0, 3167768.4 ], [ 4380967.2, 3167769.6 ], [ 4380982.5, 3167781.1 ], [ 4380986.8, 3167789.0 ], [ 4380979.4, 3167800.5 ], [ 4380904.3, 3167837.7 ] ], [ [ 4384794.1, 3167560.3 ], [ 4384773.8, 3167551.2 ], [ 4384779.3, 3167539.1 ], [ 4384797.0, 3167545.9 ], [ 4384794.1, 3167560.3 ] ], [ [ 4382164.9, 3167307.9 ], [ 4382189.1, 3167303.4 ], [ 4382220.5, 3167372.4 ], [ 4382254.7, 3167403.0 ], [ 4382261.2, 3167494.1 ], [ 4382230.6, 3167522.0 ], [ 4382184.4, 3167408.8 ], [ 4382190.3, 3167366.0 ], [ 4382164.9, 3167307.9 ] ], [ [ 4384480.1, 3167311.6 ], [ 4384594.7, 3167124.4 ], [ 4384655.1, 3167066.0 ], [ 4384626.0, 3166983.3 ], [ 4384596.0, 3166953.5 ], [ 4384813.4, 3166842.8 ], [ 4384866.8, 3166835.7 ], [ 4384896.6, 3166811.2 ], [ 4384935.8, 3166830.5 ], [ 4384978.2, 3166813.0 ], [ 4385002.2, 3166815.4 ], [ 4385026.2, 3166792.0 ], [ 4385035.9, 3166800.6 ], [ 4385040.4, 3166823.8 ], [ 4385016.4, 3166868.0 ], [ 4385025.3, 3166889.9 ], [ 4385034.3, 3166991.8 ], [ 4385047.6, 3167022.0 ], [ 4385041.8, 3167056.4 ], [ 4385058.1, 3167071.1 ], [ 4385110.3, 3167073.3 ], [ 4385112.9, 3167096.5 ], [ 4385095.5, 3167108.6 ], [ 4385067.4, 3167160.2 ], [ 4385048.7, 3167227.5 ], [ 4385018.8, 3167221.9 ], [ 4385003.3, 3167230.9 ], [ 4384971.9, 3167327.5 ], [ 4384862.5, 3167395.8 ], [ 4384758.9, 3167373.3 ], [ 4384661.3, 3167428.8 ], [ 4384538.2, 3167446.0 ], [ 4384519.0, 3167424.3 ], [ 4384494.7, 3167419.6 ], [ 4384452.2, 3167387.0 ], [ 4384442.6, 3167358.0 ], [ 4384480.1, 3167311.6 ] ], [ [ 4383408.9, 3167173.6 ], [ 4383399.0, 3167214.5 ], [ 4383158.3, 3167202.4 ], [ 4383167.0, 3167195.1 ], [ 4383408.9, 3167173.6 ] ], [ [ 4378997.0, 3166642.4 ], [ 4379029.1, 3166653.1 ], [ 4379002.0, 3166699.1 ], [ 4378962.8, 3166685.3 ], [ 4378922.9, 3166530.2 ], [ 4378939.4, 3166531.7 ], [ 4378964.5, 3166562.9 ], [ 4378997.0, 3166642.4 ] ], [ [ 4377790.6, 3166639.7 ], [ 4377797.8, 3166730.2 ], [ 4377775.4, 3166737.0 ], [ 4377768.8, 3166765.5 ], [ 4377776.9, 3166784.2 ], [ 4377794.3, 3166789.3 ], [ 4377782.1, 3166943.0 ], [ 4377683.1, 3166932.7 ], [ 4377670.0, 3166938.0 ], [ 4377655.1, 3166960.5 ], [ 4377616.6, 3166939.6 ], [ 4377603.8, 3166923.0 ], [ 4377611.3, 3166618.1 ], [ 4377790.6, 3166639.7 ] ], [ [ 4378145.8, 3167803.1 ], [ 4378323.6, 3167802.8 ], [ 4378326.3, 3167832.3 ], [ 4378192.6, 3167839.3 ], [ 4378150.2, 3167826.2 ], [ 4378145.8, 3167803.1 ] ], [ [ 4379764.6, 3168714.2 ], [ 4379748.6, 3168698.2 ], [ 4379721.1, 3168575.2 ], [ 4379704.5, 3168568.3 ], [ 4379630.1, 3168570.4 ], [ 4379611.9, 3168548.0 ], [ 4379738.2, 3168540.0 ], [ 4379767.5, 3168650.2 ], [ 4379774.6, 3168705.0 ], [ 4379764.6, 3168714.2 ] ], [ [ 4378170.3, 3168709.4 ], [ 4378155.7, 3168722.0 ], [ 4378082.7, 3168648.8 ], [ 4378074.9, 3168608.2 ], [ 4378094.6, 3168598.8 ], [ 4378118.5, 3168646.4 ], [ 4378170.3, 3168709.4 ] ], [ [ 4378549.6, 3169192.0 ], [ 4378555.0, 3169246.6 ], [ 4378523.4, 3169300.1 ], [ 4378524.2, 3169318.1 ], [ 4378534.6, 3169328.2 ], [ 4378605.3, 3169353.1 ], [ 4378630.3, 3169387.7 ], [ 4378766.8, 3169413.3 ], [ 4378832.9, 3169387.9 ], [ 4378890.6, 3169383.2 ], [ 4378926.9, 3169387.6 ], [ 4378942.1, 3169405.6 ], [ 4378921.8, 3169504.9 ], [ 4378924.6, 3169559.4 ], [ 4378893.5, 3169554.3 ], [ 4378891.6, 3169523.6 ], [ 4378879.4, 3169510.8 ], [ 4378826.3, 3169502.4 ], [ 4378809.3, 3169513.6 ], [ 4378804.0, 3169583.9 ], [ 4378764.5, 3169636.7 ], [ 4378754.9, 3169662.5 ], [ 4378744.5, 3169756.4 ], [ 4378677.5, 3169768.8 ], [ 4378645.1, 3169769.9 ], [ 4378627.0, 3169760.7 ], [ 4378614.5, 3169542.5 ], [ 4378607.1, 3169527.4 ], [ 4378594.7, 3169521.9 ], [ 4378472.5, 3169521.4 ], [ 4378413.1, 3169543.7 ], [ 4378394.3, 3169568.3 ], [ 4378392.2, 3169594.6 ], [ 4378411.4, 3169649.6 ], [ 4378207.4, 3169665.0 ], [ 4378174.4, 3169677.2 ], [ 4378119.9, 3169556.1 ], [ 4378098.6, 3169541.6 ], [ 4378066.1, 3169535.9 ], [ 4377933.1, 3169390.0 ], [ 4377917.1, 3169379.5 ], [ 4377898.8, 3169383.5 ], [ 4377891.6, 3169358.3 ], [ 4377845.5, 3169295.1 ], [ 4377832.6, 3169259.3 ], [ 4377873.7, 3169169.1 ], [ 4377892.3, 3169105.5 ], [ 4377865.8, 3168979.4 ], [ 4377878.1, 3168955.3 ], [ 4377899.6, 3168955.5 ], [ 4377949.9, 3168984.1 ], [ 4377970.5, 3168975.7 ], [ 4378027.3, 3168977.4 ], [ 4378146.8, 3168936.6 ], [ 4378188.5, 3168932.6 ], [ 4378214.9, 3168950.9 ], [ 4378278.4, 3168973.8 ], [ 4378359.4, 3168951.8 ], [ 4378364.6, 3168938.8 ], [ 4378357.0, 3168867.7 ], [ 4378417.9, 3168875.8 ], [ 4378444.1, 3168859.9 ], [ 4378509.0, 3168852.1 ], [ 4378548.6, 3168866.8 ], [ 4378553.8, 3168890.8 ], [ 4378556.3, 3168988.6 ], [ 4378544.3, 3169080.3 ], [ 4378571.1, 3169159.5 ], [ 4378549.6, 3169192.0 ] ], [ [ 4378818.0, 3169708.4 ], [ 4378871.6, 3169693.5 ], [ 4378876.6, 3169726.3 ], [ 4378891.3, 3169747.0 ], [ 4378964.4, 3169784.3 ], [ 4379021.3, 3169794.0 ], [ 4379033.3, 3169806.1 ], [ 4378972.0, 3169860.5 ], [ 4378913.3, 3169896.7 ], [ 4378823.5, 3169906.0 ], [ 4378759.1, 3169938.1 ], [ 4378753.1, 3169954.6 ], [ 4378761.1, 3169970.3 ], [ 4378797.9, 3169982.0 ], [ 4378839.3, 3170012.9 ], [ 4378802.8, 3170047.1 ], [ 4378738.9, 3170064.5 ], [ 4378738.3, 3170047.2 ], [ 4378725.3, 3170035.7 ], [ 4378680.7, 3170035.1 ], [ 4378662.9, 3170013.7 ], [ 4378630.5, 3170020.5 ], [ 4378679.2, 3169979.6 ], [ 4378709.8, 3169922.0 ], [ 4378800.3, 3169846.1 ], [ 4378801.8, 3169818.3 ], [ 4378790.5, 3169787.1 ], [ 4378818.0, 3169708.4 ] ], [ [ 4378536.9, 3169914.0 ], [ 4378520.2, 3169932.1 ], [ 4378498.8, 3169905.5 ], [ 4378478.3, 3169903.1 ], [ 4378418.1, 3169951.6 ], [ 4378378.4, 3169902.9 ], [ 4378404.9, 3169826.3 ], [ 4378456.2, 3169851.1 ], [ 4378495.7, 3169847.2 ], [ 4378509.7, 3169775.3 ], [ 4378596.6, 3169829.3 ], [ 4378631.8, 3169899.2 ], [ 4378536.9, 3169914.0 ] ], [ [ 4377687.0, 3169949.3 ], [ 4377656.0, 3170009.2 ], [ 4377547.1, 3169923.0 ], [ 4377527.8, 3169918.6 ], [ 4377576.6, 3169868.1 ], [ 4377596.8, 3169864.1 ], [ 4377714.0, 3169919.0 ], [ 4377707.5, 3169938.8 ], [ 4377687.0, 3169949.3 ] ], [ [ 4379141.7, 3169770.1 ], [ 4379212.9, 3169702.2 ], [ 4379294.3, 3169799.9 ], [ 4379360.5, 3169858.7 ], [ 4379279.5, 3169897.0 ], [ 4379264.4, 3169859.5 ], [ 4379201.3, 3169832.4 ], [ 4379141.7, 3169770.1 ] ], [ [ 4379437.3, 3169728.4 ], [ 4379357.4, 3169608.0 ], [ 4379366.2, 3169584.1 ], [ 4379362.8, 3169570.2 ], [ 4379284.1, 3169524.8 ], [ 4379247.9, 3169483.1 ], [ 4379247.4, 3169462.9 ], [ 4379233.0, 3169452.0 ], [ 4379240.0, 3169418.3 ], [ 4379227.8, 3169405.2 ], [ 4379200.0, 3169403.0 ], [ 4379187.4, 3169420.2 ], [ 4379179.4, 3169493.4 ], [ 4379217.1, 3169609.9 ], [ 4379201.5, 3169626.9 ], [ 4379196.2, 3169656.2 ], [ 4379139.5, 3169607.9 ], [ 4379115.1, 3169609.2 ], [ 4379067.2, 3169585.6 ], [ 4379068.9, 3169557.2 ], [ 4379016.1, 3169515.2 ], [ 4379028.3, 3169483.5 ], [ 4379084.0, 3169406.5 ], [ 4379148.7, 3169351.5 ], [ 4379190.9, 3169379.6 ], [ 4379227.9, 3169390.5 ], [ 4379290.3, 3169390.6 ], [ 4379374.8, 3169328.4 ], [ 4379431.5, 3169314.0 ], [ 4379569.6, 3169348.0 ], [ 4379652.7, 3169329.1 ], [ 4379663.3, 3169342.2 ], [ 4379677.5, 3169344.8 ], [ 4379709.4, 3169323.3 ], [ 4379848.5, 3169315.3 ], [ 4379935.3, 3169371.9 ], [ 4379965.5, 3169431.9 ], [ 4379932.5, 3169440.5 ], [ 4379862.4, 3169429.8 ], [ 4379842.2, 3169441.0 ], [ 4379779.7, 3169388.4 ], [ 4379688.5, 3169359.6 ], [ 4379671.7, 3169364.0 ], [ 4379663.3, 3169382.7 ], [ 4379674.1, 3169426.4 ], [ 4379675.1, 3169488.4 ], [ 4379664.2, 3169515.8 ], [ 4379632.2, 3169544.5 ], [ 4379617.7, 3169571.0 ], [ 4379579.6, 3169556.4 ], [ 4379536.9, 3169589.1 ], [ 4379531.3, 3169606.6 ], [ 4379541.4, 3169641.9 ], [ 4379484.6, 3169732.1 ], [ 4379460.6, 3169744.7 ], [ 4379437.3, 3169728.4 ] ], [ [ 4382476.6, 3169389.1 ], [ 4382442.3, 3169311.9 ], [ 4382532.5, 3169271.5 ], [ 4382622.7, 3169380.9 ], [ 4382660.4, 3169396.3 ], [ 4382533.7, 3169425.8 ], [ 4382473.6, 3169417.8 ], [ 4382476.6, 3169389.1 ] ], [ [ 4383098.2, 3168602.9 ], [ 4383052.8, 3168559.8 ], [ 4383021.0, 3168544.8 ], [ 4383038.6, 3168506.9 ], [ 4383031.4, 3168487.5 ], [ 4382933.1, 3168461.1 ], [ 4383008.0, 3168444.6 ], [ 4383020.2, 3168458.7 ], [ 4383049.0, 3168464.1 ], [ 4383103.4, 3168442.7 ], [ 4383110.9, 3168429.9 ], [ 4383109.2, 3168411.4 ], [ 4383250.8, 3168398.7 ], [ 4383299.3, 3168424.7 ], [ 4383254.1, 3168559.8 ], [ 4383160.5, 3168574.1 ], [ 4383098.2, 3168602.9 ] ], [ [ 4381747.6, 3168331.4 ], [ 4381563.0, 3168424.2 ], [ 4381550.2, 3168413.0 ], [ 4381605.8, 3168367.8 ], [ 4381708.6, 3168331.7 ], [ 4381738.6, 3168301.8 ], [ 4381744.6, 3168267.4 ], [ 4381777.2, 3168267.6 ], [ 4381775.0, 3168294.1 ], [ 4381747.6, 3168331.4 ] ], [ [ 4382130.7, 3168509.4 ], [ 4382141.0, 3168598.7 ], [ 4381904.7, 3168549.0 ], [ 4381983.2, 3168491.1 ], [ 4381991.3, 3168459.5 ], [ 4382065.6, 3168457.0 ], [ 4382072.7, 3168480.2 ], [ 4382105.3, 3168485.7 ], [ 4382130.7, 3168509.4 ] ], [ [ 4384374.4, 3169866.8 ], [ 4384403.6, 3169976.3 ], [ 4384490.1, 3170030.9 ], [ 4384480.1, 3170082.9 ], [ 4384363.7, 3170052.5 ], [ 4384347.8, 3170067.7 ], [ 4384342.7, 3170110.2 ], [ 4384323.9, 3170111.4 ], [ 4384280.8, 3170032.4 ], [ 4384260.6, 3170024.2 ], [ 4384245.1, 3170034.0 ], [ 4384245.4, 3170059.1 ], [ 4384201.9, 3170112.6 ], [ 4384150.9, 3170070.6 ], [ 4384146.6, 3170019.2 ], [ 4384134.6, 3170005.1 ], [ 4383963.3, 3169995.5 ], [ 4383932.7, 3169985.2 ], [ 4383945.5, 3169971.1 ], [ 4383981.1, 3169957.9 ], [ 4384119.2, 3169952.5 ], [ 4384131.1, 3169944.1 ], [ 4384151.3, 3169903.4 ], [ 4384241.3, 3169906.8 ], [ 4384310.0, 3169873.2 ], [ 4384374.4, 3169866.8 ] ], [ [ 4380111.2, 3170127.4 ], [ 4380170.0, 3170143.3 ], [ 4380194.1, 3170139.5 ], [ 4380205.8, 3170152.1 ], [ 4380235.1, 3170158.6 ], [ 4380287.5, 3170160.3 ], [ 4380300.2, 3170190.3 ], [ 4380208.1, 3170187.9 ], [ 4380179.8, 3170198.9 ], [ 4380162.1, 3170197.4 ], [ 4380147.6, 3170213.3 ], [ 4380126.4, 3170213.0 ], [ 4380104.7, 3170184.7 ], [ 4380113.6, 3170160.2 ], [ 4380108.0, 3170140.6 ], [ 4380111.2, 3170127.4 ] ], [ [ 4379382.2, 3170198.9 ], [ 4379384.9, 3170239.2 ], [ 4379324.3, 3170304.8 ], [ 4379282.6, 3170303.1 ], [ 4379271.6, 3170272.8 ], [ 4379234.9, 3170237.4 ], [ 4379223.2, 3170211.6 ], [ 4379298.2, 3170230.3 ], [ 4379314.5, 3170222.3 ], [ 4379322.7, 3170203.4 ], [ 4379382.2, 3170198.9 ] ], [ [ 4378853.6, 3170265.7 ], [ 4378904.8, 3170271.1 ], [ 4378976.4, 3170266.0 ], [ 4378995.7, 3170329.6 ], [ 4378951.7, 3170340.2 ], [ 4378941.5, 3170364.6 ], [ 4378879.3, 3170369.8 ], [ 4378835.3, 3170313.6 ], [ 4378808.7, 3170301.5 ], [ 4378818.1, 3170249.1 ], [ 4378853.6, 3170265.7 ] ], [ [ 4379468.0, 3170310.4 ], [ 4379500.4, 3170309.2 ], [ 4379511.3, 3170338.7 ], [ 4379592.9, 3170416.3 ], [ 4379582.3, 3170447.8 ], [ 4379483.4, 3170445.5 ], [ 4379445.8, 3170517.6 ], [ 4379336.4, 3170420.1 ], [ 4379378.8, 3170376.2 ], [ 4379430.2, 3170350.9 ], [ 4379438.2, 3170324.5 ], [ 4379468.0, 3170310.4 ] ], [ [ 4379953.6, 3170438.3 ], [ 4380005.6, 3170401.3 ], [ 4380021.7, 3170415.5 ], [ 4380068.9, 3170422.9 ], [ 4380088.4, 3170435.9 ], [ 4380028.5, 3170515.7 ], [ 4379995.3, 3170543.3 ], [ 4379954.2, 3170508.1 ], [ 4379932.6, 3170504.6 ], [ 4379920.8, 3170475.2 ], [ 4379950.1, 3170460.3 ], [ 4379953.6, 3170438.3 ] ], [ [ 4378394.9, 3170624.6 ], [ 4378384.4, 3170629.6 ], [ 4378349.8, 3170620.0 ], [ 4378295.6, 3170645.9 ], [ 4378292.9, 3170559.6 ], [ 4378335.4, 3170576.3 ], [ 4378400.5, 3170584.0 ], [ 4378394.9, 3170624.6 ] ], [ [ 4380241.4, 3166202.0 ], [ 4380241.5, 3166181.5 ], [ 4380264.5, 3166120.1 ], [ 4380286.3, 3166119.2 ], [ 4380303.9, 3166132.9 ], [ 4380324.0, 3166176.4 ], [ 4380323.4, 3166194.3 ], [ 4380300.5, 3166202.9 ], [ 4380291.7, 3166217.8 ], [ 4380290.8, 3166304.6 ], [ 4380311.4, 3166324.8 ], [ 4380302.0, 3166363.8 ], [ 4380284.1, 3166375.1 ], [ 4380259.0, 3166366.8 ], [ 4380257.0, 3166341.1 ], [ 4380272.1, 3166317.1 ], [ 4380264.7, 3166256.3 ], [ 4380271.8, 3166215.9 ], [ 4380258.5, 3166201.4 ], [ 4380241.4, 3166202.0 ] ], [ [ 4385957.7, 3166216.8 ], [ 4386015.2, 3166219.4 ], [ 4386015.0, 3166238.0 ], [ 4385998.6, 3166258.7 ], [ 4385968.8, 3166262.8 ], [ 4385946.4, 3166243.4 ], [ 4385957.7, 3166216.8 ] ], [ [ 4384001.5, 3166172.4 ], [ 4383995.5, 3166132.1 ], [ 4384025.4, 3166131.7 ], [ 4384054.2, 3166153.8 ], [ 4384106.7, 3166141.5 ], [ 4384153.1, 3166147.1 ], [ 4384208.5, 3166138.4 ], [ 4384235.3, 3166146.5 ], [ 4384276.0, 3166137.5 ], [ 4384305.3, 3166145.4 ], [ 4384304.0, 3166160.8 ], [ 4384175.1, 3166184.4 ], [ 4384117.4, 3166206.4 ], [ 4384049.2, 3166178.4 ], [ 4384001.5, 3166172.4 ] ], [ [ 4380102.9, 3165974.1 ], [ 4380084.1, 3165870.8 ], [ 4380211.6, 3165868.7 ], [ 4380220.5, 3165854.2 ], [ 4380219.6, 3165767.0 ], [ 4380239.3, 3165748.8 ], [ 4380237.5, 3165717.0 ], [ 4380220.5, 3165703.0 ], [ 4380218.1, 3165666.8 ], [ 4380217.5, 3165648.7 ], [ 4380229.9, 3165628.8 ], [ 4380227.7, 3165524.1 ], [ 4380234.2, 3165509.0 ], [ 4380236.2, 3165395.6 ], [ 4380231.0, 3165326.1 ], [ 4380212.1, 3165309.5 ], [ 4380205.5, 3165287.6 ], [ 4380196.2, 3164964.9 ], [ 4380214.9, 3164956.4 ], [ 4380222.4, 3164934.0 ], [ 4380241.9, 3164931.0 ], [ 4380246.2, 3164953.3 ], [ 4380258.0, 3164964.3 ], [ 4380260.0, 3165021.1 ], [ 4380288.7, 3165036.1 ], [ 4380286.7, 3165046.9 ], [ 4380268.8, 3165050.5 ], [ 4380259.8, 3165066.4 ], [ 4380266.0, 3165193.8 ], [ 4380275.4, 3165208.5 ], [ 4380266.4, 3165255.5 ], [ 4380273.9, 3165293.8 ], [ 4380268.7, 3165393.1 ], [ 4380275.6, 3165500.9 ], [ 4380286.7, 3165531.8 ], [ 4380275.6, 3165584.9 ], [ 4380283.2, 3165702.5 ], [ 4380281.1, 3165850.6 ], [ 4380300.5, 3165868.8 ], [ 4380391.3, 3165876.0 ], [ 4380434.6, 3165870.2 ], [ 4380411.0, 3165892.6 ], [ 4380421.6, 3165922.2 ], [ 4380382.9, 3165916.2 ], [ 4380362.7, 3165921.0 ], [ 4380309.5, 3165950.9 ], [ 4380292.8, 3165945.2 ], [ 4380225.1, 3165963.1 ], [ 4380204.4, 3165984.7 ], [ 4380184.5, 3165986.7 ], [ 4380164.6, 3165977.4 ], [ 4380116.6, 3165994.5 ], [ 4380102.9, 3165974.1 ] ], [ [ 4381920.8, 3165531.5 ], [ 4381923.5, 3165510.4 ], [ 4381948.1, 3165498.6 ], [ 4382022.1, 3165561.7 ], [ 4382083.9, 3165673.8 ], [ 4382075.4, 3165694.7 ], [ 4382039.1, 3165662.2 ], [ 4382001.3, 3165588.6 ], [ 4381960.7, 3165571.4 ], [ 4381920.8, 3165531.5 ] ], [ [ 4381014.4, 3165407.2 ], [ 4381041.7, 3165526.5 ], [ 4380822.2, 3165368.2 ], [ 4380769.6, 3165313.3 ], [ 4380782.2, 3165283.9 ], [ 4380904.9, 3165361.1 ], [ 4381014.4, 3165407.2 ] ], [ [ 4385873.9, 3164987.8 ], [ 4385806.2, 3164909.9 ], [ 4385784.6, 3164866.0 ], [ 4385779.0, 3164835.1 ], [ 4385779.2, 3164781.0 ], [ 4385848.0, 3164691.2 ], [ 4385846.5, 3164672.4 ], [ 4385823.5, 3164630.2 ], [ 4385828.1, 3164603.7 ], [ 4385877.4, 3164628.9 ], [ 4386019.7, 3164642.8 ], [ 4386093.1, 3164669.5 ], [ 4386134.3, 3164697.2 ], [ 4386129.6, 3164736.1 ], [ 4386084.0, 3164727.2 ], [ 4386027.5, 3164734.1 ], [ 4385967.6, 3164749.2 ], [ 4385957.1, 3164758.7 ], [ 4385962.6, 3164795.2 ], [ 4386009.2, 3164848.0 ], [ 4386075.7, 3164884.3 ], [ 4386006.5, 3164875.3 ], [ 4385963.1, 3164909.3 ], [ 4385943.2, 3164969.3 ], [ 4385977.9, 3165042.8 ], [ 4385924.9, 3165021.2 ], [ 4385873.9, 3164987.8 ] ], [ [ 4386539.7, 3164954.0 ], [ 4386476.4, 3164951.8 ], [ 4386454.9, 3164963.0 ], [ 4386436.2, 3164952.5 ], [ 4386374.1, 3164946.0 ], [ 4386371.8, 3164920.1 ], [ 4386333.2, 3164888.8 ], [ 4386314.1, 3164884.4 ], [ 4386303.2, 3164780.9 ], [ 4386321.0, 3164767.7 ], [ 4386376.0, 3164817.6 ], [ 4386422.2, 3164814.4 ], [ 4386491.7, 3164846.2 ], [ 4386589.2, 3164854.9 ], [ 4386621.2, 3164827.6 ], [ 4386656.2, 3164818.4 ], [ 4386692.0, 3164841.9 ], [ 4386749.2, 3164831.2 ], [ 4386774.4, 3164836.5 ], [ 4386804.4, 3164844.7 ], [ 4386827.7, 3164861.9 ], [ 4386859.4, 3164907.0 ], [ 4386760.8, 3164906.9 ], [ 4386715.7, 3164942.2 ], [ 4386691.6, 3164951.6 ], [ 4386611.2, 3164950.2 ], [ 4386571.5, 3164967.9 ], [ 4386549.9, 3164968.8 ], [ 4386539.7, 3164954.0 ] ], [ [ 4385657.1, 3164665.9 ], [ 4385598.7, 3164691.9 ], [ 4385564.2, 3164806.2 ], [ 4385575.0, 3164824.0 ], [ 4385626.5, 3164844.3 ], [ 4385607.4, 3164860.8 ], [ 4385607.3, 3164877.6 ], [ 4385592.5, 3164896.2 ], [ 4385564.2, 3164967.0 ], [ 4385533.0, 3164987.0 ], [ 4385517.6, 3164983.1 ], [ 4385504.3, 3164965.0 ], [ 4385513.0, 3164922.5 ], [ 4385510.0, 3164889.1 ], [ 4385484.5, 3164859.6 ], [ 4385523.4, 3164722.0 ], [ 4385519.3, 3164627.0 ], [ 4385497.8, 3164611.2 ], [ 4385478.3, 3164619.5 ], [ 4385358.7, 3164599.7 ], [ 4385338.4, 3164569.8 ], [ 4385326.3, 3164532.0 ], [ 4385336.2, 3164509.5 ], [ 4385325.4, 3164486.1 ], [ 4385329.7, 3164433.1 ], [ 4385335.6, 3164423.0 ], [ 4385393.4, 3164426.5 ], [ 4385472.5, 3164349.1 ], [ 4385477.2, 3164328.1 ], [ 4385447.9, 3164272.5 ], [ 4385461.5, 3164261.0 ], [ 4385531.1, 3164229.4 ], [ 4385549.4, 3164227.4 ], [ 4385596.2, 3164245.4 ], [ 4385645.1, 3164217.5 ], [ 4385744.4, 3164195.2 ], [ 4385781.9, 3164198.7 ], [ 4385848.5, 3164110.3 ], [ 4385899.8, 3164147.8 ], [ 4385896.0, 3164167.0 ], [ 4385886.4, 3164184.2 ], [ 4385864.0, 3164186.4 ], [ 4385814.0, 3164234.4 ], [ 4385815.3, 3164319.5 ], [ 4385801.6, 3164373.9 ], [ 4385806.3, 3164444.2 ], [ 4385762.1, 3164501.2 ], [ 4385756.5, 3164572.5 ], [ 4385657.1, 3164665.9 ] ], [ [ 4383505.8, 3164225.9 ], [ 4383555.3, 3164228.2 ], [ 4383505.7, 3164372.0 ], [ 4383465.7, 3164434.7 ], [ 4383383.6, 3164420.2 ], [ 4383397.6, 3164368.7 ], [ 4383370.3, 3164313.5 ], [ 4383338.8, 3164292.9 ], [ 4383261.8, 3164207.7 ], [ 4383245.0, 3164204.2 ], [ 4383229.5, 3164213.4 ], [ 4383194.4, 3164204.0 ], [ 4383168.9, 3164187.2 ], [ 4383187.1, 3164162.5 ], [ 4383177.0, 3164141.0 ], [ 4383148.0, 3164130.7 ], [ 4383087.7, 3164143.3 ], [ 4383076.6, 3164161.3 ], [ 4383084.4, 3164179.2 ], [ 4383043.9, 3164224.1 ], [ 4382988.9, 3164195.9 ], [ 4382965.9, 3164202.0 ], [ 4382904.9, 3164168.2 ], [ 4382950.8, 3164120.6 ], [ 4382952.2, 3164103.1 ], [ 4382943.6, 3164091.9 ], [ 4382963.2, 3164054.3 ], [ 4382949.7, 3163997.6 ], [ 4382929.7, 3163971.4 ], [ 4382959.3, 3163935.5 ], [ 4382988.4, 3163966.8 ], [ 4383032.4, 3163973.3 ], [ 4383141.7, 3163926.9 ], [ 4383186.7, 3163935.7 ], [ 4383208.9, 3163956.1 ], [ 4383221.1, 3163991.9 ], [ 4383234.0, 3164003.4 ], [ 4383354.1, 3163991.5 ], [ 4383410.7, 3164056.4 ], [ 4383383.3, 3164074.9 ], [ 4383381.6, 3164099.9 ], [ 4383408.5, 3164116.8 ], [ 4383440.5, 3164101.6 ], [ 4383487.6, 3164193.2 ], [ 4383487.7, 3164214.6 ], [ 4383505.8, 3164225.9 ] ], [ [ 4384982.4, 3163919.5 ], [ 4384930.7, 3163885.0 ], [ 4384919.1, 3163868.4 ], [ 4384868.4, 3163857.2 ], [ 4384881.4, 3163829.7 ], [ 4384863.8, 3163809.5 ], [ 4384839.1, 3163818.9 ], [ 4384828.6, 3163852.9 ], [ 4384790.9, 3163829.9 ], [ 4384721.6, 3163804.0 ], [ 4384569.1, 3163877.3 ], [ 4384310.1, 3163828.0 ], [ 4384291.7, 3163830.1 ], [ 4384272.5, 3163782.6 ], [ 4384259.5, 3163773.3 ], [ 4384303.2, 3163750.4 ], [ 4384311.7, 3163730.3 ], [ 4384279.8, 3163624.3 ], [ 4384262.4, 3163612.2 ], [ 4384245.3, 3163617.8 ], [ 4384093.2, 3163764.7 ], [ 4384010.5, 3163815.1 ], [ 4383837.1, 3163766.1 ], [ 4383835.3, 3163734.7 ], [ 4383820.1, 3163720.8 ], [ 4383776.4, 3163711.9 ], [ 4383664.7, 3163720.9 ], [ 4383557.2, 3163690.3 ], [ 4383539.0, 3163628.7 ], [ 4383605.4, 3163613.3 ], [ 4383644.2, 3163626.6 ], [ 4383679.0, 3163588.0 ], [ 4383718.8, 3163598.0 ], [ 4383737.7, 3163590.2 ], [ 4383744.7, 3163497.6 ], [ 4383728.7, 3163485.1 ], [ 4383664.7, 3163483.2 ], [ 4383527.4, 3163457.8 ], [ 4383511.0, 3163464.6 ], [ 4383504.8, 3163356.5 ], [ 4383492.1, 3163289.2 ], [ 4383557.1, 3163261.6 ], [ 4383566.7, 3163242.8 ], [ 4383541.5, 3163201.1 ], [ 4383556.1, 3163175.0 ], [ 4383538.1, 3163120.5 ], [ 4383517.2, 3163086.5 ], [ 4383525.8, 3163066.4 ], [ 4383514.0, 3163031.8 ], [ 4383500.1, 3163020.4 ], [ 4383474.6, 3163020.8 ], [ 4383472.8, 3162992.7 ], [ 4383461.6, 3162978.1 ], [ 4383436.7, 3162981.2 ], [ 4383173.9, 3163227.5 ], [ 4383170.5, 3163152.7 ], [ 4383187.0, 3163096.5 ], [ 4383184.3, 3163068.1 ], [ 4383141.6, 3162987.7 ], [ 4383127.0, 3162986.2 ], [ 4383061.5, 3163014.2 ], [ 4383051.1, 3163001.0 ], [ 4383062.1, 3162971.0 ], [ 4383041.6, 3162951.0 ], [ 4383051.4, 3162914.4 ], [ 4383032.9, 3162892.5 ], [ 4383043.2, 3162768.9 ], [ 4383082.3, 3162655.4 ], [ 4383120.7, 3162593.8 ], [ 4383102.3, 3162555.0 ], [ 4383105.4, 3162539.6 ], [ 4383141.9, 3162515.1 ], [ 4383171.7, 3162523.1 ], [ 4383199.9, 3162577.8 ], [ 4383191.2, 3162595.2 ], [ 4383193.3, 3162609.7 ], [ 4383220.5, 3162630.6 ], [ 4383197.0, 3162653.1 ], [ 4383195.2, 3162670.5 ], [ 4383206.8, 3162683.7 ], [ 4383257.1, 3162695.9 ], [ 4383249.4, 3162724.9 ], [ 4383257.9, 3162741.3 ], [ 4383309.2, 3162748.9 ], [ 4383334.4, 3162718.5 ], [ 4383404.1, 3162752.6 ], [ 4383422.4, 3162753.1 ], [ 4383474.3, 3162690.7 ], [ 4383523.2, 3162676.0 ], [ 4383554.4, 3162624.5 ], [ 4383584.9, 3162604.7 ], [ 4383604.5, 3162550.5 ], [ 4383601.2, 3162488.6 ], [ 4383683.5, 3162493.7 ], [ 4383718.5, 3162592.9 ], [ 4383738.7, 3162619.9 ], [ 4383788.1, 3162609.4 ], [ 4383804.4, 3162596.9 ], [ 4383825.2, 3162554.4 ], [ 4383816.3, 3162503.1 ], [ 4383803.5, 3162491.1 ], [ 4383751.7, 3162476.9 ], [ 4383749.1, 3162459.8 ], [ 4383727.8, 3162444.4 ], [ 4383758.4, 3162403.0 ], [ 4383720.7, 3162324.9 ], [ 4383732.4, 3162301.5 ], [ 4383753.2, 3162299.1 ], [ 4383777.7, 3162311.7 ], [ 4383793.0, 3162330.5 ], [ 4383822.9, 3162461.5 ], [ 4383851.1, 3162475.7 ], [ 4383877.6, 3162548.0 ], [ 4383922.3, 3162562.7 ], [ 4383946.9, 3162619.9 ], [ 4383968.1, 3162620.4 ], [ 4383983.9, 3162603.9 ], [ 4384030.2, 3162437.4 ], [ 4384041.9, 3162407.2 ], [ 4384069.1, 3162383.9 ], [ 4384092.2, 3162412.2 ], [ 4384088.9, 3162462.7 ], [ 4384094.3, 3162475.9 ], [ 4384116.2, 3162500.3 ], [ 4384182.1, 3162540.9 ], [ 4384204.8, 3162541.0 ], [ 4384309.0, 3162454.9 ], [ 4384315.3, 3162414.8 ], [ 4384344.2, 3162397.2 ], [ 4384351.9, 3162381.0 ], [ 4384337.9, 3162335.6 ], [ 4384327.3, 3162323.9 ], [ 4384309.8, 3162319.7 ], [ 4384285.5, 3162326.0 ], [ 4384230.2, 3162372.0 ], [ 4384178.0, 3162306.0 ], [ 4384225.5, 3162251.2 ], [ 4384220.9, 3162231.2 ], [ 4384197.3, 3162221.6 ], [ 4384218.1, 3162182.7 ], [ 4384236.2, 3162181.7 ], [ 4384247.6, 3162169.6 ], [ 4384289.5, 3162195.6 ], [ 4384305.5, 3162196.7 ], [ 4384346.8, 3162238.7 ], [ 4384317.3, 3162266.5 ], [ 4384318.9, 3162290.6 ], [ 4384414.3, 3162353.8 ], [ 4384439.6, 3162343.1 ], [ 4384442.6, 3162329.4 ], [ 4384434.7, 3162313.3 ], [ 4384536.8, 3162297.2 ], [ 4384590.9, 3162303.5 ], [ 4384608.1, 3162287.3 ], [ 4384592.1, 3162236.1 ], [ 4384544.5, 3162221.7 ], [ 4384542.6, 3162205.8 ], [ 4384554.1, 3162196.2 ], [ 4384556.8, 3162181.5 ], [ 4384534.5, 3162149.6 ], [ 4384472.3, 3162099.4 ], [ 4384366.6, 3162055.1 ], [ 4384350.7, 3162027.5 ], [ 4384333.5, 3162015.0 ], [ 4384331.1, 3161990.4 ], [ 4384290.3, 3161971.3 ], [ 4384254.2, 3161917.5 ], [ 4384229.7, 3161916.5 ], [ 4384208.9, 3161938.2 ], [ 4384207.2, 3162006.2 ], [ 4384196.7, 3162018.7 ], [ 4384166.9, 3162035.5 ], [ 4384150.0, 3162030.6 ], [ 4384158.0, 3161996.9 ], [ 4384146.6, 3161937.7 ], [ 4384126.8, 3161904.5 ], [ 4384198.1, 3161920.7 ], [ 4384210.4, 3161912.1 ], [ 4384218.9, 3161887.8 ], [ 4384212.2, 3161867.8 ], [ 4384172.1, 3161840.9 ], [ 4384250.3, 3161823.8 ], [ 4384290.3, 3161864.6 ], [ 4384303.8, 3161868.9 ], [ 4384418.3, 3161831.1 ], [ 4384447.8, 3161905.5 ], [ 4384461.1, 3161916.8 ], [ 4384559.0, 3161943.3 ], [ 4384663.6, 3161916.8 ], [ 4384625.4, 3162050.4 ], [ 4384606.1, 3162064.4 ], [ 4384555.5, 3162051.5 ], [ 4384505.6, 3162018.5 ], [ 4384426.0, 3161987.6 ], [ 4384405.6, 3161991.7 ], [ 4384397.8, 3162011.0 ], [ 4384417.2, 3162044.8 ], [ 4384445.5, 3162052.4 ], [ 4384453.6, 3162071.2 ], [ 4384517.1, 3162122.3 ], [ 4384559.7, 3162126.5 ], [ 4384665.7, 3162268.5 ], [ 4384650.2, 3162327.8 ], [ 4384656.2, 3162347.4 ], [ 4384626.6, 3162357.0 ], [ 4384619.6, 3162376.9 ], [ 4384651.0, 3162421.7 ], [ 4384658.8, 3162445.7 ], [ 4384693.6, 3162614.5 ], [ 4384693.1, 3162687.2 ], [ 4384707.2, 3162728.5 ], [ 4384722.6, 3162749.9 ], [ 4384766.7, 3162778.7 ], [ 4384784.5, 3162780.6 ], [ 4384801.7, 3162766.5 ], [ 4384831.0, 3162768.6 ], [ 4384842.8, 3162754.4 ], [ 4384934.3, 3162711.4 ], [ 4384998.9, 3162648.6 ], [ 4385053.0, 3162632.2 ], [ 4385276.0, 3162487.6 ], [ 4385261.8, 3162448.4 ], [ 4385241.6, 3162440.7 ], [ 4385143.0, 3162499.1 ], [ 4385102.6, 3162508.3 ], [ 4385032.6, 3162541.8 ], [ 4385008.5, 3162384.8 ], [ 4385005.7, 3162310.6 ], [ 4384857.3, 3162234.7 ], [ 4384870.1, 3162202.3 ], [ 4384889.3, 3162191.2 ], [ 4384907.9, 3162142.7 ], [ 4384957.0, 3162135.1 ], [ 4384971.2, 3162124.9 ], [ 4384973.9, 3162099.8 ], [ 4384940.8, 3162066.4 ], [ 4384950.9, 3162066.7 ], [ 4385020.8, 3162087.4 ], [ 4385043.0, 3162104.0 ], [ 4385056.2, 3162125.7 ], [ 4385038.9, 3162126.5 ], [ 4385028.9, 3162136.3 ], [ 4385017.3, 3162162.2 ], [ 4385025.7, 3162181.9 ], [ 4385092.9, 3162184.0 ], [ 4385184.4, 3162257.0 ], [ 4385176.5, 3162282.0 ], [ 4385181.1, 3162298.9 ], [ 4385214.1, 3162311.7 ], [ 4385257.5, 3162401.7 ], [ 4385288.5, 3162421.7 ], [ 4385303.1, 3162422.0 ], [ 4385295.4, 3162447.9 ], [ 4385304.9, 3162474.4 ], [ 4385337.8, 3162500.3 ], [ 4385392.3, 3162561.9 ], [ 4385416.7, 3162564.1 ], [ 4385434.2, 3162542.2 ], [ 4385475.5, 3162564.0 ], [ 4385594.4, 3162599.3 ], [ 4385786.4, 3162710.8 ], [ 4385954.6, 3162774.5 ], [ 4385905.8, 3162807.0 ], [ 4385912.7, 3162857.5 ], [ 4385877.0, 3162902.0 ], [ 4385830.1, 3162907.4 ], [ 4385806.0, 3162934.9 ], [ 4385806.5, 3162955.3 ], [ 4385838.5, 3163005.5 ], [ 4385856.4, 3163007.6 ], [ 4385926.1, 3162977.0 ], [ 4385999.8, 3162958.0 ], [ 4386074.1, 3162915.1 ], [ 4386227.8, 3162865.2 ], [ 4386270.6, 3162952.5 ], [ 4386240.3, 3162969.0 ], [ 4386209.7, 3162974.9 ], [ 4386167.1, 3162930.3 ], [ 4386131.5, 3162927.2 ], [ 4386101.0, 3162934.1 ], [ 4386075.0, 3162945.8 ], [ 4386028.4, 3162989.5 ], [ 4385983.5, 3163001.5 ], [ 4385978.0, 3163021.1 ], [ 4385995.2, 3163055.0 ], [ 4385974.0, 3163072.9 ], [ 4385873.8, 3163077.6 ], [ 4385813.3, 3163033.6 ], [ 4385736.8, 3162991.6 ], [ 4385718.8, 3162991.0 ], [ 4385706.4, 3163004.0 ], [ 4385705.3, 3163032.4 ], [ 4385805.8, 3163176.9 ], [ 4385821.3, 3163221.0 ], [ 4385867.7, 3163295.3 ], [ 4385772.9, 3163328.5 ], [ 4385762.9, 3163338.5 ], [ 4385762.1, 3163356.0 ], [ 4385785.1, 3163378.9 ], [ 4385852.9, 3163405.7 ], [ 4385953.6, 3163427.6 ], [ 4385964.4, 3163439.4 ], [ 4385974.0, 3163473.0 ], [ 4385973.4, 3163500.9 ], [ 4386015.4, 3163533.4 ], [ 4385982.2, 3163582.5 ], [ 4385809.1, 3163526.2 ], [ 4385792.5, 3163530.3 ], [ 4385770.4, 3163552.8 ], [ 4385675.1, 3163496.3 ], [ 4385613.0, 3163436.1 ], [ 4385591.7, 3163427.0 ], [ 4385405.8, 3163420.3 ], [ 4385251.5, 3163444.4 ], [ 4385235.7, 3163466.7 ], [ 4385255.8, 3163533.2 ], [ 4385200.9, 3163571.2 ], [ 4385182.1, 3163637.4 ], [ 4385144.0, 3163623.6 ], [ 4385130.7, 3163634.8 ], [ 4385125.6, 3163659.6 ], [ 4385142.7, 3163676.7 ], [ 4385236.9, 3163680.6 ], [ 4385286.4, 3163735.0 ], [ 4385276.3, 3163763.9 ], [ 4385286.2, 3163792.0 ], [ 4385297.4, 3163801.4 ], [ 4385323.8, 3163803.1 ], [ 4385326.2, 3163832.8 ], [ 4385319.1, 3163855.8 ], [ 4385299.4, 3163869.1 ], [ 4385272.0, 3163870.9 ], [ 4385258.5, 3163844.2 ], [ 4385236.7, 3163835.6 ], [ 4385221.2, 3163841.7 ], [ 4385210.0, 3163860.0 ], [ 4385089.2, 3163863.1 ], [ 4385009.8, 3163947.8 ], [ 4384992.1, 3163937.3 ], [ 4384982.4, 3163919.5 ] ], [ [ 4386279.6, 3162185.6 ], [ 4386314.7, 3162152.4 ], [ 4386334.6, 3162082.7 ], [ 4386409.8, 3162008.4 ], [ 4386426.1, 3161978.9 ], [ 4386432.8, 3161880.6 ], [ 4386460.4, 3161822.4 ], [ 4386459.7, 3161801.9 ], [ 4386443.0, 3161788.8 ], [ 4386422.1, 3161793.4 ], [ 4386354.5, 3161830.7 ], [ 4386334.8, 3161853.7 ], [ 4386214.6, 3161908.9 ], [ 4386126.0, 3161942.8 ], [ 4386107.2, 3161936.7 ], [ 4386077.8, 3161944.1 ], [ 4386066.7, 3161926.7 ], [ 4386152.7, 3161875.3 ], [ 4386204.2, 3161861.2 ], [ 4386215.4, 3161843.8 ], [ 4386199.6, 3161819.8 ], [ 4386114.8, 3161794.3 ], [ 4386092.3, 3161765.3 ], [ 4386107.5, 3161744.0 ], [ 4386132.7, 3161763.9 ], [ 4386230.1, 3161805.4 ], [ 4386259.1, 3161810.4 ], [ 4386274.9, 3161801.5 ], [ 4386280.5, 3161780.1 ], [ 4386345.5, 3161764.6 ], [ 4386414.9, 3161736.0 ], [ 4386473.0, 3161733.0 ], [ 4386503.8, 3161783.4 ], [ 4386523.8, 3161791.6 ], [ 4386498.1, 3161837.5 ], [ 4386470.8, 3161944.4 ], [ 4386422.0, 3162033.6 ], [ 4386396.8, 3162059.5 ], [ 4386373.4, 3162100.9 ], [ 4386362.5, 3162197.6 ], [ 4386336.1, 3162253.4 ], [ 4386316.9, 3162211.4 ], [ 4386279.6, 3162185.6 ] ], [ [ 4381197.0, 3161736.6 ], [ 4381164.7, 3161793.1 ], [ 4381193.7, 3161892.7 ], [ 4381171.2, 3161952.1 ], [ 4381167.6, 3161997.1 ], [ 4381158.1, 3161979.4 ], [ 4381134.7, 3161801.6 ], [ 4381113.2, 3161784.5 ], [ 4381110.4, 3161761.2 ], [ 4381041.2, 3161702.2 ], [ 4381016.1, 3161705.0 ], [ 4380980.4, 3161772.0 ], [ 4380907.2, 3161825.2 ], [ 4380873.3, 3161862.7 ], [ 4380865.8, 3161834.2 ], [ 4380936.1, 3161783.8 ], [ 4380947.4, 3161762.9 ], [ 4380938.9, 3161746.4 ], [ 4380840.7, 3161665.2 ], [ 4380865.4, 3161597.3 ], [ 4380826.2, 3161487.2 ], [ 4380850.0, 3161489.9 ], [ 4380897.6, 3161548.5 ], [ 4380931.2, 3161555.7 ], [ 4381037.9, 3161547.5 ], [ 4381082.6, 3161568.0 ], [ 4381153.4, 3161627.0 ], [ 4381186.2, 3161637.6 ], [ 4381213.6, 3161662.0 ], [ 4381197.0, 3161736.6 ] ], [ [ 4382546.5, 3161671.2 ], [ 4382511.5, 3161648.3 ], [ 4382556.6, 3161595.8 ], [ 4382748.6, 3161478.6 ], [ 4382765.1, 3161496.8 ], [ 4382767.1, 3161559.2 ], [ 4382798.0, 3161592.4 ], [ 4382822.5, 3161596.1 ], [ 4382790.2, 3161613.1 ], [ 4382645.8, 3161634.4 ], [ 4382546.5, 3161671.2 ] ], [ [ 4386520.3, 3161567.2 ], [ 4386568.2, 3161397.9 ], [ 4386600.7, 3161405.6 ], [ 4386615.6, 3161462.3 ], [ 4386603.4, 3161488.4 ], [ 4386593.5, 3161572.3 ], [ 4386557.2, 3161586.0 ], [ 4386519.6, 3161617.0 ], [ 4386520.3, 3161567.2 ] ], [ [ 4385505.5, 3161432.4 ], [ 4385451.1, 3161557.2 ], [ 4385409.6, 3161542.3 ], [ 4385383.8, 3161518.3 ], [ 4385374.5, 3161483.7 ], [ 4385422.4, 3161494.6 ], [ 4385438.2, 3161489.5 ], [ 4385446.3, 3161469.9 ], [ 4385427.5, 3161425.8 ], [ 4385428.1, 3161394.2 ], [ 4385444.0, 3161378.2 ], [ 4385512.3, 3161376.0 ], [ 4385505.5, 3161432.4 ] ], [ [ 4382476.4, 3161656.6 ], [ 4382436.8, 3161665.4 ], [ 4382436.6, 3161645.3 ], [ 4382443.2, 3161635.9 ], [ 4382474.4, 3161630.6 ], [ 4382486.9, 3161645.2 ], [ 4382476.4, 3161656.6 ] ], [ [ 4380192.2, 3161905.5 ], [ 4380293.3, 3161939.4 ], [ 4380322.8, 3161934.3 ], [ 4380446.3, 3162008.7 ], [ 4380371.6, 3161997.4 ], [ 4380318.9, 3161967.3 ], [ 4380179.9, 3161923.7 ], [ 4380192.2, 3161905.5 ] ], [ [ 4381169.8, 3162011.3 ], [ 4381189.0, 3162063.4 ], [ 4381208.5, 3162075.0 ], [ 4381224.6, 3162234.7 ], [ 4381190.1, 3162312.8 ], [ 4381054.2, 3162409.8 ], [ 4381049.4, 3162400.9 ], [ 4381070.5, 3162378.5 ], [ 4381104.9, 3162367.8 ], [ 4381132.4, 3162345.5 ], [ 4381140.6, 3162324.7 ], [ 4381190.3, 3162278.3 ], [ 4381208.6, 3162241.3 ], [ 4381210.4, 3162189.5 ], [ 4381166.9, 3162042.0 ], [ 4381169.8, 3162011.3 ] ], [ [ 4379542.0, 3162396.1 ], [ 4379547.7, 3162381.1 ], [ 4379636.7, 3162298.4 ], [ 4379667.2, 3162384.7 ], [ 4379542.0, 3162396.1 ] ], [ [ 4383158.2, 3162051.8 ], [ 4383212.7, 3162032.7 ], [ 4383225.5, 3162050.6 ], [ 4383249.9, 3162049.9 ], [ 4383264.2, 3162081.5 ], [ 4383244.8, 3162092.9 ], [ 4383236.7, 3162126.2 ], [ 4383154.6, 3162193.2 ], [ 4383101.5, 3162252.0 ], [ 4383118.2, 3162216.7 ], [ 4383105.8, 3162179.7 ], [ 4383084.2, 3162171.3 ], [ 4383014.3, 3162222.7 ], [ 4382909.8, 3162262.5 ], [ 4382828.9, 3162304.9 ], [ 4382735.1, 3162379.1 ], [ 4382695.5, 3162394.9 ], [ 4382663.2, 3162388.2 ], [ 4382598.4, 3162397.4 ], [ 4382560.8, 3162421.8 ], [ 4382587.8, 3162377.5 ], [ 4382716.6, 3162281.5 ], [ 4382881.8, 3162208.5 ], [ 4382972.1, 3162184.4 ], [ 4383026.0, 3162160.1 ], [ 4383081.4, 3162102.8 ], [ 4383158.2, 3162051.8 ] ], [ [ 4382082.6, 3162018.6 ], [ 4382076.6, 3161977.2 ], [ 4382128.0, 3161871.0 ], [ 4382144.4, 3161859.7 ], [ 4382132.9, 3161927.4 ], [ 4382142.4, 3161962.1 ], [ 4382106.2, 3161999.9 ], [ 4382093.1, 3162028.0 ], [ 4382082.6, 3162018.6 ] ], [ [ 4382518.8, 3161939.6 ], [ 4382528.3, 3161883.3 ], [ 4382564.1, 3161891.4 ], [ 4382600.9, 3161887.1 ], [ 4382638.2, 3161865.6 ], [ 4382627.8, 3161812.5 ], [ 4382589.1, 3161754.8 ], [ 4382681.5, 3161740.2 ], [ 4382698.9, 3161785.9 ], [ 4382734.8, 3161785.1 ], [ 4382751.8, 3161850.6 ], [ 4382647.4, 3161880.6 ], [ 4382614.5, 3161928.5 ], [ 4382595.7, 3161939.5 ], [ 4382518.8, 3161939.6 ] ], [ [ 4379150.6, 3162484.9 ], [ 4379143.6, 3162506.3 ], [ 4379123.2, 3162506.7 ], [ 4379086.8, 3162522.3 ], [ 4379021.1, 3162512.9 ], [ 4379005.3, 3162520.7 ], [ 4378998.9, 3162507.0 ], [ 4379009.0, 3162484.6 ], [ 4379052.4, 3162458.8 ], [ 4379106.5, 3162456.1 ], [ 4379121.5, 3162446.3 ], [ 4379130.6, 3162450.2 ], [ 4379133.3, 3162475.0 ], [ 4379150.6, 3162484.9 ] ], [ [ 4382410.5, 3162540.8 ], [ 4382428.9, 3162548.0 ], [ 4382458.8, 3162543.2 ], [ 4382422.1, 3162589.5 ], [ 4382407.7, 3162635.0 ], [ 4382375.2, 3162686.0 ], [ 4382366.9, 3162746.9 ], [ 4382339.3, 3162763.2 ], [ 4382315.0, 3162803.3 ], [ 4382270.6, 3162842.5 ], [ 4382243.3, 3162849.6 ], [ 4382173.7, 3162890.3 ], [ 4382087.8, 3162871.9 ], [ 4382023.4, 3162872.3 ], [ 4381948.0, 3162859.3 ], [ 4381829.7, 3162862.5 ], [ 4381695.8, 3162935.7 ], [ 4381678.5, 3162938.2 ], [ 4381653.9, 3162913.8 ], [ 4381646.7, 3162884.5 ], [ 4381623.8, 3162845.2 ], [ 4381499.0, 3162840.2 ], [ 4381483.3, 3162798.1 ], [ 4381582.4, 3162617.2 ], [ 4381608.3, 3162590.1 ], [ 4381674.4, 3162557.6 ], [ 4381707.2, 3162600.6 ], [ 4381807.2, 3162683.3 ], [ 4381845.8, 3162764.2 ], [ 4381821.9, 3162804.2 ], [ 4381833.1, 3162826.2 ], [ 4381874.6, 3162828.3 ], [ 4382019.3, 3162860.0 ], [ 4382169.9, 3162855.4 ], [ 4382206.9, 3162836.6 ], [ 4382264.5, 3162784.3 ], [ 4382310.3, 3162721.1 ], [ 4382316.4, 3162694.6 ], [ 4382294.5, 3162664.5 ], [ 4382313.1, 3162659.4 ], [ 4382343.6, 3162633.8 ], [ 4382353.8, 3162565.6 ], [ 4382365.8, 3162542.9 ], [ 4382399.7, 3162524.2 ], [ 4382410.5, 3162540.8 ] ], [ [ 4380063.9, 3162747.5 ], [ 4379968.3, 3162743.5 ], [ 4379922.2, 3162752.0 ], [ 4379902.9, 3162764.3 ], [ 4379922.4, 3162736.3 ], [ 4379938.1, 3162728.6 ], [ 4379950.8, 3162704.6 ], [ 4379993.0, 3162704.8 ], [ 4380104.2, 3162677.8 ], [ 4380133.2, 3162655.7 ], [ 4380177.9, 3162651.0 ], [ 4380197.4, 3162633.8 ], [ 4380251.4, 3162656.2 ], [ 4380417.9, 3162593.8 ], [ 4380440.2, 3162594.1 ], [ 4380435.7, 3162606.4 ], [ 4380386.8, 3162629.8 ], [ 4380183.7, 3162691.0 ], [ 4380063.9, 3162747.5 ] ], [ [ 4378169.1, 3163221.4 ], [ 4378142.2, 3163242.1 ], [ 4378125.8, 3163235.1 ], [ 4378109.3, 3163239.3 ], [ 4378094.2, 3163219.7 ], [ 4378056.9, 3163208.4 ], [ 4378057.1, 3163188.3 ], [ 4378093.0, 3163155.7 ], [ 4378133.4, 3163194.8 ], [ 4378150.5, 3163198.9 ], [ 4378165.1, 3163189.0 ], [ 4378175.9, 3163164.5 ], [ 4378194.3, 3163175.5 ], [ 4378169.1, 3163221.4 ] ], [ [ 4379743.7, 3163314.3 ], [ 4379772.3, 3163326.5 ], [ 4379741.2, 3163346.4 ], [ 4379728.2, 3163381.6 ], [ 4379731.0, 3163465.3 ], [ 4379750.1, 3163501.1 ], [ 4379750.6, 3163534.4 ], [ 4379734.9, 3163585.9 ], [ 4379678.4, 3163702.2 ], [ 4379659.5, 3163710.7 ], [ 4379656.7, 3163702.9 ], [ 4379694.6, 3163630.9 ], [ 4379710.3, 3163582.4 ], [ 4379715.5, 3163326.8 ], [ 4379743.7, 3163314.3 ] ], [ [ 4378116.9, 3163423.2 ], [ 4378053.3, 3163518.0 ], [ 4377980.9, 3163465.1 ], [ 4378086.5, 3163370.2 ], [ 4378116.8, 3163315.5 ], [ 4378164.1, 3163326.5 ], [ 4378137.7, 3163357.1 ], [ 4378116.9, 3163423.2 ] ], [ [ 4380170.9, 3163758.8 ], [ 4380192.3, 3163705.7 ], [ 4380216.4, 3163737.7 ], [ 4380233.1, 3163746.4 ], [ 4380251.2, 3163751.0 ], [ 4380279.8, 3163742.9 ], [ 4380275.4, 3163760.7 ], [ 4380238.7, 3163774.7 ], [ 4380228.5, 3163789.2 ], [ 4380238.7, 3163820.4 ], [ 4380254.8, 3163834.2 ], [ 4380256.1, 3163923.1 ], [ 4380247.6, 3163885.8 ], [ 4380237.9, 3163874.9 ], [ 4380216.4, 3163874.9 ], [ 4380205.7, 3163889.5 ], [ 4380215.9, 3163977.9 ], [ 4380227.6, 3163991.5 ], [ 4380246.2, 3163994.7 ], [ 4380236.2, 3164117.3 ], [ 4380246.6, 3164139.5 ], [ 4380235.2, 3164161.5 ], [ 4380252.9, 3164189.3 ], [ 4380258.1, 3164216.4 ], [ 4380252.7, 3164252.2 ], [ 4380200.0, 3164251.7 ], [ 4380175.3, 3164274.5 ], [ 4380184.8, 3164345.5 ], [ 4380196.5, 3164366.7 ], [ 4380272.9, 3164394.9 ], [ 4380310.9, 3164355.1 ], [ 4380347.2, 3164332.6 ], [ 4380378.0, 3164329.7 ], [ 4380423.7, 3164306.8 ], [ 4380477.1, 3164306.7 ], [ 4380572.7, 3164263.3 ], [ 4380587.7, 3164245.7 ], [ 4380620.1, 3164228.2 ], [ 4380667.3, 3164150.9 ], [ 4380687.0, 3164133.6 ], [ 4380705.1, 3164160.9 ], [ 4380705.2, 3164183.4 ], [ 4380688.2, 3164229.8 ], [ 4380656.7, 3164269.1 ], [ 4380624.1, 3164286.5 ], [ 4380581.3, 3164296.3 ], [ 4380543.5, 3164324.8 ], [ 4380371.5, 3164416.7 ], [ 4380327.8, 3164451.5 ], [ 4380203.5, 3164595.4 ], [ 4380140.1, 3164645.1 ], [ 4380136.7, 3164663.8 ], [ 4380148.6, 3164685.7 ], [ 4380103.5, 3164672.9 ], [ 4380116.7, 3164571.2 ], [ 4380148.5, 3164545.3 ], [ 4380202.4, 3164474.9 ], [ 4380195.6, 3164458.3 ], [ 4380182.5, 3164452.2 ], [ 4380163.8, 3164262.1 ], [ 4380168.5, 3164120.5 ], [ 4380180.0, 3164091.6 ], [ 4380162.2, 3163989.1 ], [ 4380170.7, 3163952.4 ], [ 4380125.4, 3163886.5 ], [ 4380160.5, 3163849.0 ], [ 4380158.8, 3163804.7 ], [ 4380149.7, 3163787.0 ], [ 4380170.9, 3163758.8 ] ], [ [ 4379881.3, 3164325.4 ], [ 4379880.9, 3164355.4 ], [ 4379851.7, 3164351.6 ], [ 4379855.9, 3164316.2 ], [ 4379846.0, 3164301.6 ], [ 4379828.5, 3164298.9 ], [ 4379756.9, 3164318.1 ], [ 4379755.9, 3164298.8 ], [ 4379895.3, 3164253.2 ], [ 4379946.6, 3164221.6 ], [ 4379995.8, 3164143.2 ], [ 4380008.0, 3164138.2 ], [ 4380015.0, 3164143.1 ], [ 4379957.8, 3164242.6 ], [ 4379946.1, 3164259.9 ], [ 4379902.6, 3164281.4 ], [ 4379881.3, 3164325.4 ] ], [ [ 4384610.0, 3164686.6 ], [ 4384607.2, 3164650.8 ], [ 4384592.9, 3164635.2 ], [ 4384541.9, 3164648.0 ], [ 4384488.5, 3164625.5 ], [ 4384426.0, 3164629.3 ], [ 4384415.1, 3164622.2 ], [ 4384467.8, 3164585.4 ], [ 4384494.5, 3164520.8 ], [ 4384571.8, 3164460.3 ], [ 4384580.6, 3164430.1 ], [ 4384610.3, 3164412.9 ], [ 4384679.9, 3164414.5 ], [ 4384702.6, 3164459.5 ], [ 4384640.2, 3164486.9 ], [ 4384630.4, 3164508.4 ], [ 4384723.0, 3164644.5 ], [ 4384714.0, 3164673.8 ], [ 4384655.6, 3164714.0 ], [ 4384621.7, 3164709.2 ], [ 4384610.0, 3164686.6 ] ], [ [ 4384242.2, 3164491.7 ], [ 4384138.3, 3164626.4 ], [ 4384122.4, 3164624.7 ], [ 4384140.1, 3164563.0 ], [ 4384134.5, 3164540.2 ], [ 4384140.0, 3164510.1 ], [ 4384188.1, 3164457.5 ], [ 4384262.4, 3164435.9 ], [ 4384242.2, 3164491.7 ] ], [ [ 4381588.4, 3164472.2 ], [ 4381598.1, 3164604.4 ], [ 4381561.4, 3164609.3 ], [ 4381556.2, 3164562.9 ], [ 4381514.5, 3164498.3 ], [ 4381503.6, 3164467.3 ], [ 4381444.1, 3164400.2 ], [ 4381403.7, 3164320.6 ], [ 4381269.8, 3164200.0 ], [ 4381239.0, 3164140.1 ], [ 4381224.9, 3164079.5 ], [ 4381177.2, 3164038.3 ], [ 4381182.6, 3163976.5 ], [ 4381140.1, 3163886.9 ], [ 4381121.0, 3163803.2 ], [ 4381092.2, 3163733.9 ], [ 4380867.0, 3163506.7 ], [ 4380863.2, 3163494.3 ], [ 4380902.6, 3163480.3 ], [ 4380909.8, 3163448.4 ], [ 4380939.4, 3163463.8 ], [ 4380964.0, 3163448.2 ], [ 4380990.6, 3163503.4 ], [ 4381053.7, 3163589.0 ], [ 4381141.7, 3163643.5 ], [ 4381184.4, 3163684.4 ], [ 4381215.0, 3163734.5 ], [ 4381247.0, 3163829.3 ], [ 4381302.7, 3163846.5 ], [ 4381375.9, 3163827.2 ], [ 4381347.6, 3163879.9 ], [ 4381305.6, 3163917.6 ], [ 4381298.4, 3163936.5 ], [ 4381301.9, 3163971.6 ], [ 4381362.3, 3164118.7 ], [ 4381383.2, 3164151.0 ], [ 4381421.7, 3164181.5 ], [ 4381439.0, 3164240.3 ], [ 4381529.4, 3164352.7 ], [ 4381588.4, 3164472.2 ] ], [ [ 4382557.3, 3163973.2 ], [ 4382506.9, 3163928.1 ], [ 4382401.8, 3163958.6 ], [ 4382332.0, 3163930.9 ], [ 4382225.6, 3163593.4 ], [ 4382192.5, 3163542.1 ], [ 4382214.5, 3163539.6 ], [ 4382273.6, 3163497.3 ], [ 4382375.2, 3163490.9 ], [ 4382532.8, 3163450.0 ], [ 4382709.9, 3163416.0 ], [ 4382732.3, 3163419.5 ], [ 4382746.2, 3163427.1 ], [ 4382757.5, 3163447.5 ], [ 4382729.6, 3163453.1 ], [ 4382698.4, 3163493.6 ], [ 4382711.7, 3163578.6 ], [ 4382690.5, 3163566.3 ], [ 4382664.6, 3163564.0 ], [ 4382558.0, 3163625.6 ], [ 4382517.3, 3163549.3 ], [ 4382499.6, 3163540.4 ], [ 4382432.0, 3163555.4 ], [ 4382363.9, 3163587.8 ], [ 4382356.1, 3163607.5 ], [ 4382388.0, 3163714.0 ], [ 4382383.3, 3163735.3 ], [ 4382395.6, 3163749.1 ], [ 4382434.2, 3163755.5 ], [ 4382515.7, 3163747.2 ], [ 4382624.1, 3163690.9 ], [ 4382646.5, 3163686.4 ], [ 4382689.9, 3163696.1 ], [ 4382739.4, 3163685.2 ], [ 4382783.7, 3163660.8 ], [ 4382834.2, 3163611.2 ], [ 4382903.5, 3163677.9 ], [ 4382866.9, 3163735.4 ], [ 4382857.1, 3163743.2 ], [ 4382847.3, 3163723.2 ], [ 4382832.0, 3163715.8 ], [ 4382800.3, 3163727.3 ], [ 4382752.2, 3163727.5 ], [ 4382700.2, 3163755.7 ], [ 4382681.3, 3163790.9 ], [ 4382625.7, 3163812.5 ], [ 4382617.9, 3163834.4 ], [ 4382641.3, 3163874.9 ], [ 4382703.3, 3163862.4 ], [ 4382765.3, 3163820.8 ], [ 4382813.6, 3163775.9 ], [ 4382835.7, 3163779.8 ], [ 4382862.9, 3163798.4 ], [ 4382859.6, 3163824.8 ], [ 4382908.2, 3163883.0 ], [ 4382838.9, 3163871.7 ], [ 4382773.3, 3163884.2 ], [ 4382697.6, 3163951.6 ], [ 4382696.0, 3164021.4 ], [ 4382652.5, 3164037.2 ], [ 4382557.3, 3163973.2 ] ], [ [ 4382987.8, 3163595.3 ], [ 4382845.5, 3163577.7 ], [ 4382811.3, 3163548.0 ], [ 4382800.8, 3163523.1 ], [ 4382811.9, 3163466.7 ], [ 4382831.1, 3163425.7 ], [ 4382859.1, 3163398.0 ], [ 4382876.2, 3163388.5 ], [ 4382924.4, 3163415.6 ], [ 4382995.5, 3163374.1 ], [ 4383011.0, 3163384.3 ], [ 4383028.3, 3163382.9 ], [ 4383042.3, 3163363.5 ], [ 4383101.4, 3163404.1 ], [ 4383184.8, 3163374.1 ], [ 4383243.7, 3163404.1 ], [ 4383280.7, 3163393.0 ], [ 4383294.0, 3163443.9 ], [ 4383220.7, 3163481.9 ], [ 4383217.5, 3163500.1 ], [ 4383227.4, 3163513.4 ], [ 4383200.7, 3163543.2 ], [ 4383201.1, 3163561.8 ], [ 4383223.1, 3163573.9 ], [ 4383313.3, 3163551.0 ], [ 4383362.6, 3163548.7 ], [ 4383304.9, 3163621.8 ], [ 4383268.9, 3163654.2 ], [ 4383159.4, 3163717.3 ], [ 4383064.3, 3163653.8 ], [ 4383008.1, 3163625.9 ], [ 4383005.4, 3163604.2 ], [ 4382987.8, 3163595.3 ] ], [ [ 4381005.1, 3163379.7 ], [ 4380993.0, 3163418.7 ], [ 4380968.4, 3163430.3 ], [ 4380961.5, 3163400.6 ], [ 4380948.2, 3163387.7 ], [ 4380951.7, 3163376.8 ], [ 4380999.9, 3163342.7 ], [ 4381005.1, 3163379.7 ] ], [ [ 4379965.8, 3163336.4 ], [ 4380047.2, 3163503.2 ], [ 4380149.0, 3163641.7 ], [ 4380142.7, 3163672.9 ], [ 4380114.8, 3163644.3 ], [ 4380074.8, 3163627.6 ], [ 4380029.8, 3163582.1 ], [ 4379905.0, 3163373.7 ], [ 4379901.3, 3163350.2 ], [ 4379912.5, 3163325.7 ], [ 4379943.1, 3163321.9 ], [ 4379965.8, 3163336.4 ] ], [ [ 4383450.2, 3164474.2 ], [ 4383555.5, 3164504.3 ], [ 4383529.7, 3164530.5 ], [ 4383492.9, 3164551.2 ], [ 4383448.3, 3164599.8 ], [ 4383420.2, 3164666.8 ], [ 4383288.9, 3164608.8 ], [ 4383314.7, 3164565.4 ], [ 4383358.5, 3164532.1 ], [ 4383418.3, 3164505.2 ], [ 4383450.2, 3164474.2 ] ], [ [ 4385054.8, 3164273.0 ], [ 4385070.4, 3164249.5 ], [ 4385116.5, 3164257.4 ], [ 4385104.3, 3164298.7 ], [ 4385054.8, 3164273.0 ] ], [ [ 4377453.7, 3165490.2 ], [ 4377458.5, 3165549.6 ], [ 4377484.5, 3165555.9 ], [ 4377546.2, 3165536.8 ], [ 4377532.4, 3165573.8 ], [ 4377565.1, 3165606.7 ], [ 4377539.7, 3165643.1 ], [ 4377515.3, 3165648.2 ], [ 4377487.4, 3165672.0 ], [ 4377408.3, 3165685.1 ], [ 4377374.9, 3165681.2 ], [ 4377313.0, 3165703.4 ], [ 4377266.1, 3165705.6 ], [ 4377231.2, 3165735.6 ], [ 4377196.1, 3165740.9 ], [ 4377137.1, 3165734.4 ], [ 4377085.7, 3165758.5 ], [ 4377071.0, 3165750.0 ], [ 4377069.0, 3165727.8 ], [ 4377045.9, 3165685.5 ], [ 4377027.7, 3165667.2 ], [ 4377010.5, 3165662.1 ], [ 4377094.8, 3165647.6 ], [ 4377104.4, 3165662.9 ], [ 4377121.7, 3165668.6 ], [ 4377186.1, 3165650.3 ], [ 4377199.9, 3165638.7 ], [ 4377201.4, 3165618.5 ], [ 4377228.3, 3165589.3 ], [ 4377248.9, 3165592.8 ], [ 4377288.4, 3165570.6 ], [ 4377296.4, 3165551.8 ], [ 4377278.1, 3165505.9 ], [ 4377291.8, 3165474.5 ], [ 4377279.5, 3165423.7 ], [ 4377409.1, 3165436.4 ], [ 4377459.8, 3165452.1 ], [ 4377453.7, 3165490.2 ] ], [ [ 4376620.1, 3165565.6 ], [ 4376547.8, 3165554.7 ], [ 4376452.9, 3165582.2 ], [ 4376407.4, 3165535.1 ], [ 4376467.6, 3165507.8 ], [ 4376592.8, 3165487.5 ], [ 4376646.7, 3165515.1 ], [ 4376620.1, 3165565.6 ] ], [ [ 4378185.8, 3165747.2 ], [ 4378145.2, 3165701.9 ], [ 4378132.5, 3165670.8 ], [ 4378148.2, 3165651.8 ], [ 4378149.1, 3165637.1 ], [ 4378122.8, 3165598.1 ], [ 4378143.5, 3165603.8 ], [ 4378158.5, 3165593.2 ], [ 4378170.1, 3165554.0 ], [ 4378163.4, 3165537.6 ], [ 4378263.2, 3165498.6 ], [ 4378270.5, 3165514.2 ], [ 4378256.6, 3165526.0 ], [ 4378255.9, 3165543.8 ], [ 4378206.1, 3165590.2 ], [ 4378192.4, 3165621.1 ], [ 4378176.7, 3165632.3 ], [ 4378174.4, 3165646.8 ], [ 4378303.1, 3165799.4 ], [ 4378298.3, 3165810.6 ], [ 4378185.8, 3165747.2 ] ], [ [ 4379875.3, 3165803.4 ], [ 4379803.4, 3165771.1 ], [ 4379776.1, 3165739.4 ], [ 4379773.7, 3165695.8 ], [ 4379760.2, 3165679.9 ], [ 4379750.8, 3165566.4 ], [ 4379832.6, 3165572.3 ], [ 4379848.2, 3165557.5 ], [ 4379845.8, 3165538.3 ], [ 4380026.0, 3165501.1 ], [ 4380062.6, 3165502.7 ], [ 4380041.2, 3165728.6 ], [ 4380030.5, 3165765.7 ], [ 4379956.1, 3165812.5 ], [ 4379936.6, 3165815.6 ], [ 4379916.3, 3165802.8 ], [ 4379888.7, 3165816.1 ], [ 4379875.3, 3165803.4 ] ], [ [ 4377777.3, 3165566.1 ], [ 4377851.3, 3165573.1 ], [ 4377848.7, 3165601.7 ], [ 4377810.3, 3165609.5 ], [ 4377722.9, 3165606.1 ], [ 4377654.1, 3165613.5 ], [ 4377628.6, 3165609.0 ], [ 4377616.4, 3165596.1 ], [ 4377618.7, 3165583.3 ], [ 4377641.7, 3165573.6 ], [ 4377706.1, 3165575.9 ], [ 4377777.3, 3165566.1 ] ], [ [ 4378770.0, 3162978.4 ], [ 4378753.5, 3162959.6 ], [ 4378765.7, 3162943.4 ], [ 4378779.6, 3162945.1 ], [ 4378813.5, 3162984.7 ], [ 4378791.3, 3162987.6 ], [ 4378770.0, 3162978.4 ] ], [ [ 4381780.9, 3161321.8 ], [ 4381780.4, 3161274.9 ], [ 4381805.2, 3161271.4 ], [ 4381810.1, 3161284.3 ], [ 4381791.6, 3161324.1 ], [ 4381780.9, 3161321.8 ] ], [ [ 4382721.4, 3161299.5 ], [ 4382737.8, 3161253.0 ], [ 4382737.6, 3161221.7 ], [ 4382750.8, 3161185.1 ], [ 4382765.7, 3161192.2 ], [ 4382777.7, 3161226.9 ], [ 4382794.3, 3161241.0 ], [ 4382746.1, 3161322.8 ], [ 4382726.4, 3161323.9 ], [ 4382721.4, 3161299.5 ] ], [ [ 4380987.9, 3161116.3 ], [ 4380970.1, 3161108.5 ], [ 4380945.8, 3161116.2 ], [ 4380933.5, 3161083.6 ], [ 4380962.9, 3161073.4 ], [ 4381022.0, 3161078.9 ], [ 4381028.4, 3161110.4 ], [ 4381044.5, 3161116.9 ], [ 4381077.0, 3161110.9 ], [ 4381083.3, 3161135.6 ], [ 4380998.5, 3161159.7 ], [ 4380987.9, 3161116.3 ] ], [ [ 4383085.4, 3160937.3 ], [ 4383115.3, 3160913.8 ], [ 4383125.7, 3160948.8 ], [ 4383143.1, 3160961.4 ], [ 4383142.4, 3160977.4 ], [ 4383117.5, 3161009.8 ], [ 4383110.4, 3161039.5 ], [ 4383089.2, 3161058.9 ], [ 4383060.9, 3161051.2 ], [ 4383084.6, 3160986.1 ], [ 4383085.4, 3160937.3 ] ], [ [ 4384111.1, 3161033.0 ], [ 4384059.0, 3160979.9 ], [ 4384039.4, 3160976.8 ], [ 4383998.5, 3160989.0 ], [ 4384010.1, 3160929.7 ], [ 4383997.2, 3160894.8 ], [ 4384098.6, 3160891.4 ], [ 4384099.1, 3160933.8 ], [ 4384112.1, 3160945.3 ], [ 4384127.3, 3160944.9 ], [ 4384151.1, 3160991.8 ], [ 4384142.3, 3161047.3 ], [ 4384111.1, 3161033.0 ] ], [ [ 4382689.1, 3160826.6 ], [ 4382645.3, 3160927.5 ], [ 4382612.5, 3160892.2 ], [ 4382615.5, 3160838.7 ], [ 4382627.1, 3160816.2 ], [ 4382689.1, 3160826.6 ] ], [ [ 4385002.3, 3160818.2 ], [ 4385012.9, 3160797.0 ], [ 4385038.9, 3160809.2 ], [ 4385055.7, 3160807.5 ], [ 4385031.4, 3160830.1 ], [ 4385002.3, 3160818.2 ] ], [ [ 4385085.8, 3160803.6 ], [ 4385062.1, 3160802.4 ], [ 4385082.4, 3160766.5 ], [ 4385101.6, 3160774.8 ], [ 4385085.8, 3160803.6 ] ], [ [ 4382090.5, 3160778.9 ], [ 4382051.3, 3160804.3 ], [ 4382038.1, 3160802.7 ], [ 4382025.0, 3160770.9 ], [ 4382009.1, 3160760.4 ], [ 4382009.7, 3160731.5 ], [ 4382022.3, 3160712.3 ], [ 4382055.4, 3160706.2 ], [ 4382069.4, 3160722.2 ], [ 4382090.5, 3160778.9 ] ], [ [ 4385362.0, 3160564.1 ], [ 4385343.3, 3160469.9 ], [ 4385315.8, 3160424.3 ], [ 4385336.9, 3160384.6 ], [ 4385336.7, 3160356.7 ], [ 4385364.9, 3160368.2 ], [ 4385396.9, 3160417.2 ], [ 4385412.7, 3160423.9 ], [ 4385447.0, 3160404.2 ], [ 4385464.6, 3160359.6 ], [ 4385479.3, 3160360.1 ], [ 4385488.7, 3160392.9 ], [ 4385470.5, 3160493.9 ], [ 4385411.1, 3160500.1 ], [ 4385396.9, 3160532.5 ], [ 4385395.2, 3160564.0 ], [ 4385362.0, 3160564.1 ] ], [ [ 4384276.9, 3160401.4 ], [ 4384234.2, 3160480.2 ], [ 4384228.7, 3160461.7 ], [ 4384244.4, 3160377.1 ], [ 4384238.9, 3160310.5 ], [ 4384256.3, 3160268.3 ], [ 4384329.6, 3160198.5 ], [ 4384367.2, 3160177.1 ], [ 4384476.3, 3160069.5 ], [ 4384528.9, 3160136.7 ], [ 4384456.6, 3160183.1 ], [ 4384424.4, 3160187.7 ], [ 4384408.2, 3160223.6 ], [ 4384378.2, 3160253.6 ], [ 4384356.1, 3160263.0 ], [ 4384303.1, 3160321.1 ], [ 4384276.9, 3160401.4 ] ], [ [ 4386194.7, 3159671.4 ], [ 4386132.5, 3159662.4 ], [ 4386142.2, 3159649.1 ], [ 4386142.1, 3159632.4 ], [ 4386091.2, 3159572.3 ], [ 4386151.2, 3159523.5 ], [ 4386173.2, 3159541.2 ], [ 4386213.9, 3159547.8 ], [ 4386204.2, 3159578.7 ], [ 4386221.1, 3159602.4 ], [ 4386210.5, 3159626.1 ], [ 4386224.5, 3159651.8 ], [ 4386225.4, 3159675.4 ], [ 4386204.4, 3159683.0 ], [ 4386194.7, 3159671.4 ] ], [ [ 4386148.2, 3159270.5 ], [ 4386104.6, 3159253.8 ], [ 4386097.3, 3159244.8 ], [ 4386109.2, 3159231.3 ], [ 4386113.3, 3159205.0 ], [ 4386132.0, 3159199.4 ], [ 4386154.8, 3159178.9 ], [ 4386218.9, 3159206.4 ], [ 4386234.5, 3159223.8 ], [ 4386351.5, 3159254.9 ], [ 4386359.1, 3159264.4 ], [ 4386196.3, 3159408.7 ], [ 4386188.2, 3159352.4 ], [ 4386148.2, 3159270.5 ] ], [ [ 4387222.1, 3162282.6 ], [ 4387251.3, 3162273.5 ], [ 4387263.1, 3162359.2 ], [ 4387250.6, 3162334.2 ], [ 4387234.3, 3162327.2 ], [ 4387222.1, 3162282.6 ] ], [ [ 4386386.7, 3166963.9 ], [ 4386418.9, 3166980.6 ], [ 4386422.9, 3167001.1 ], [ 4386441.6, 3167018.2 ], [ 4386483.7, 3167023.9 ], [ 4386505.7, 3167007.6 ], [ 4386527.4, 3167016.8 ], [ 4386519.8, 3167089.3 ], [ 4386472.3, 3167106.6 ], [ 4386441.1, 3167105.2 ], [ 4386405.5, 3167085.6 ], [ 4386382.8, 3167103.8 ], [ 4386259.4, 3167048.4 ], [ 4386280.4, 3166986.6 ], [ 4386283.8, 3166949.6 ], [ 4386296.2, 3166932.4 ], [ 4386330.6, 3166950.6 ], [ 4386386.7, 3166963.9 ] ], [ [ 4385129.9, 3170484.1 ], [ 4385130.3, 3170501.0 ], [ 4385112.4, 3170498.0 ], [ 4385113.2, 3170482.6 ], [ 4385129.9, 3170484.1 ] ], [ [ 4385004.0, 3170528.9 ], [ 4385094.6, 3170565.0 ], [ 4385109.0, 3170562.7 ], [ 4385119.2, 3170550.6 ], [ 4385137.0, 3170557.3 ], [ 4385129.2, 3170592.6 ], [ 4385135.2, 3170626.0 ], [ 4385097.1, 3170623.3 ], [ 4385062.5, 3170647.7 ], [ 4384954.6, 3170621.6 ], [ 4384862.2, 3170628.2 ], [ 4384828.0, 3170608.5 ], [ 4384791.8, 3170564.1 ], [ 4384767.3, 3170555.7 ], [ 4384770.4, 3170534.1 ], [ 4384815.3, 3170543.3 ], [ 4384818.4, 3170556.6 ], [ 4384832.2, 3170566.5 ], [ 4384935.5, 3170574.3 ], [ 4384986.8, 3170560.0 ], [ 4385004.0, 3170528.9 ] ], [ [ 4384720.7, 3170606.2 ], [ 4384712.6, 3170628.7 ], [ 4384690.7, 3170627.7 ], [ 4384701.4, 3170599.1 ], [ 4384720.7, 3170606.2 ] ], [ [ 4384555.4, 3171466.8 ], [ 4384531.7, 3171383.6 ], [ 4384568.4, 3171326.3 ], [ 4384591.1, 3171326.0 ], [ 4384586.2, 3171419.4 ], [ 4384555.4, 3171466.8 ] ] ] } },
{ "type": "Feature", "properties": { "id": "forest_86403", "state": "Thüringen", "area_ha": 6604.93, "unfragmented": true, "image": "forest_86403.webp", "real_width_m": 14485.0, "real_height_m": 11090.9, "pixel_width": 1448, "pixel_height": 1109, "centroid_x": 4426545.3, "centroid_y": 3067662.6 }, "geometry": { "type": "Polygon", "coordinates": [ [ [ 4429556.8, 3073294.2 ], [ 4429671.6, 3073154.9 ], [ 4429797.1, 3073211.2 ], [ 4429819.2, 3073213.9 ], [ 4429831.4, 3073206.8 ], [ 4429839.4, 3072924.5 ], [ 4429890.1, 3072787.6 ], [ 4429910.2, 3072755.8 ], [ 4429961.0, 3072721.5 ], [ 4430002.6, 3072673.6 ], [ 4430053.9, 3072632.4 ], [ 4430143.8, 3072589.2 ], [ 4430148.4, 3072566.6 ], [ 4430133.2, 3072525.7 ], [ 4430114.5, 3072503.7 ], [ 4430158.2, 3072479.8 ], [ 4430322.1, 3072427.8 ], [ 4430341.4, 3072436.8 ], [ 4430357.1, 3072429.1 ], [ 4430362.3, 3072412.4 ], [ 4430350.8, 3072370.2 ], [ 4430363.3, 3072318.4 ], [ 4430419.2, 3072231.0 ], [ 4430503.5, 3072173.4 ], [ 4430621.5, 3072020.7 ], [ 4430628.7, 3071966.9 ], [ 4430651.5, 3071915.3 ], [ 4430709.9, 3071840.6 ], [ 4430709.4, 3071823.8 ], [ 4430699.0, 3071810.7 ], [ 4430746.3, 3071800.9 ], [ 4430763.7, 3071756.6 ], [ 4430828.6, 3071730.2 ], [ 4430912.8, 3071678.6 ], [ 4430935.5, 3071647.9 ], [ 4430927.0, 3071625.6 ], [ 4430944.0, 3071559.5 ], [ 4430961.4, 3071548.9 ], [ 4430977.5, 3071549.3 ], [ 4431005.9, 3071560.7 ], [ 4431015.5, 3071582.7 ], [ 4431007.8, 3071655.1 ], [ 4431015.3, 3071695.5 ], [ 4431003.8, 3071743.0 ], [ 4431009.2, 3071774.3 ], [ 4431031.2, 3071784.6 ], [ 4431110.9, 3071718.2 ], [ 4431243.7, 3071631.7 ], [ 4431386.3, 3071495.7 ], [ 4431432.4, 3071428.1 ], [ 4431452.5, 3071365.1 ], [ 4431482.1, 3071338.3 ], [ 4431486.2, 3071318.4 ], [ 4431470.0, 3071280.0 ], [ 4431444.1, 3071262.1 ], [ 4431428.8, 3071208.3 ], [ 4431353.2, 3071121.6 ], [ 4431265.1, 3071043.3 ], [ 4431364.8, 3071019.9 ], [ 4431450.0, 3071071.2 ], [ 4431484.0, 3071068.9 ], [ 4431507.7, 3071095.2 ], [ 4431505.0, 3071124.2 ], [ 4431535.6, 3071163.6 ], [ 4431556.0, 3071166.5 ], [ 4431592.1, 3071136.3 ], [ 4431604.8, 3071089.4 ], [ 4431604.8, 3071055.7 ], [ 4431554.9, 3070986.1 ], [ 4431522.5, 3070959.5 ], [ 4431459.8, 3070933.3 ], [ 4431457.8, 3070907.5 ], [ 4431490.3, 3070906.2 ], [ 4431561.6, 3070939.9 ], [ 4431591.5, 3070959.9 ], [ 4431632.3, 3071014.0 ], [ 4431652.2, 3071018.5 ], [ 4431703.3, 3070994.5 ], [ 4431716.8, 3070959.1 ], [ 4431807.8, 3070974.1 ], [ 4431853.6, 3070971.4 ], [ 4431889.1, 3070959.2 ], [ 4431903.0, 3070913.0 ], [ 4431919.2, 3070888.4 ], [ 4431929.5, 3070796.1 ], [ 4431967.4, 3070767.5 ], [ 4432026.5, 3070834.3 ], [ 4432043.6, 3070839.0 ], [ 4432133.6, 3070820.0 ], [ 4432200.5, 3070764.4 ], [ 4432249.9, 3070789.6 ], [ 4432329.9, 3070739.9 ], [ 4432412.4, 3070718.0 ], [ 4432418.0, 3070704.2 ], [ 4432410.8, 3070687.2 ], [ 4432272.1, 3070568.5 ], [ 4432226.4, 3070543.9 ], [ 4432145.7, 3070469.3 ], [ 4432093.0, 3070438.6 ], [ 4431990.9, 3070338.2 ], [ 4431965.8, 3070326.6 ], [ 4431926.1, 3070274.5 ], [ 4431948.3, 3070261.3 ], [ 4432028.7, 3070338.4 ], [ 4432069.4, 3070364.1 ], [ 4432172.9, 3070390.9 ], [ 4432335.2, 3070475.2 ], [ 4432477.4, 3070595.8 ], [ 4432532.3, 3070635.3 ], [ 4432553.7, 3070641.1 ], [ 4432599.8, 3070634.8 ], [ 4432648.1, 3070588.3 ], [ 4432687.0, 3070563.8 ], [ 4432812.9, 3070513.8 ], [ 4432853.0, 3070514.1 ], [ 4432868.0, 3070529.2 ], [ 4432958.7, 3070548.0 ], [ 4433021.3, 3070551.2 ], [ 4433070.6, 3070537.8 ], [ 4433073.8, 3070513.5 ], [ 4433050.1, 3070465.8 ], [ 4433034.8, 3070452.3 ], [ 4432996.9, 3070449.3 ], [ 4432891.7, 3070461.8 ], [ 4432746.4, 3070409.1 ], [ 4432739.3, 3070384.0 ], [ 4432681.5, 3070358.0 ], [ 4432622.4, 3070312.6 ], [ 4432581.9, 3070274.0 ], [ 4432538.6, 3070216.6 ], [ 4432566.7, 3070197.0 ], [ 4432603.7, 3070206.8 ], [ 4432698.2, 3070311.0 ], [ 4432776.6, 3070345.3 ], [ 4432789.6, 3070358.2 ], [ 4432807.9, 3070356.8 ], [ 4432832.4, 3070329.7 ], [ 4432831.4, 3070307.8 ], [ 4432801.2, 3070283.1 ], [ 4432776.4, 3070290.3 ], [ 4432695.2, 3070220.7 ], [ 4432703.5, 3070189.7 ], [ 4432662.2, 3070154.9 ], [ 4432748.7, 3070051.6 ], [ 4432792.4, 3070027.8 ], [ 4432844.3, 3069933.7 ], [ 4432910.0, 3069837.5 ], [ 4432981.8, 3069858.4 ], [ 4433015.6, 3069830.8 ], [ 4433040.1, 3069840.2 ], [ 4433090.6, 3069807.6 ], [ 4433120.8, 3069757.8 ], [ 4433117.7, 3069741.6 ], [ 4433077.4, 3069685.3 ], [ 4433081.9, 3069671.1 ], [ 4433164.3, 3069746.8 ], [ 4433185.1, 3069750.2 ], [ 4433227.1, 3069703.4 ], [ 4433270.1, 3069673.3 ], [ 4433345.8, 3069651.5 ], [ 4433354.2, 3069605.8 ], [ 4433346.8, 3069579.3 ], [ 4433477.3, 3069544.7 ], [ 4433483.8, 3069524.1 ], [ 4433463.1, 3069471.5 ], [ 4433507.2, 3069466.4 ], [ 4433646.1, 3069510.6 ], [ 4433675.6, 3069500.8 ], [ 4433730.8, 3069503.5 ], [ 4433754.1, 3069495.5 ], [ 4433766.6, 3069482.8 ], [ 4433765.6, 3069465.1 ], [ 4433723.1, 3069431.2 ], [ 4433759.1, 3069426.1 ], [ 4433799.2, 3069440.4 ], [ 4433836.1, 3069429.8 ], [ 4433874.0, 3069430.3 ], [ 4433888.7, 3069419.6 ], [ 4433899.0, 3069370.4 ], [ 4433887.0, 3069346.2 ], [ 4433900.8, 3069227.3 ], [ 4433929.9, 3069229.1 ], [ 4433950.9, 3069246.4 ], [ 4434033.1, 3069248.2 ], [ 4434050.1, 3069236.2 ], [ 4434062.7, 3069166.1 ], [ 4434097.4, 3069099.7 ], [ 4434145.9, 3068949.0 ], [ 4434151.8, 3068910.0 ], [ 4434139.5, 3068893.5 ], [ 4434002.0, 3068849.9 ], [ 4433989.6, 3068811.0 ], [ 4433999.0, 3068786.8 ], [ 4434017.0, 3068773.4 ], [ 4434049.2, 3068770.8 ], [ 4434090.1, 3068783.7 ], [ 4434114.2, 3068812.1 ], [ 4434120.0, 3068849.3 ], [ 4434142.2, 3068888.2 ], [ 4434159.1, 3068895.0 ], [ 4434175.3, 3068886.8 ], [ 4434199.4, 3068751.3 ], [ 4434226.9, 3068676.5 ], [ 4434216.6, 3068663.1 ], [ 4434084.5, 3068586.9 ], [ 4434123.2, 3068578.8 ], [ 4434185.2, 3068606.2 ], [ 4434200.0, 3068604.5 ], [ 4434249.6, 3068536.4 ], [ 4434276.9, 3068480.3 ], [ 4434264.2, 3068449.5 ], [ 4434205.2, 3068408.8 ], [ 4434072.1, 3068378.7 ], [ 4434016.3, 3068356.7 ], [ 4433992.2, 3068336.4 ], [ 4433963.4, 3068288.4 ], [ 4433875.6, 3068200.2 ], [ 4433929.0, 3068134.3 ], [ 4433927.4, 3068115.8 ], [ 4433907.5, 3068100.9 ], [ 4433960.2, 3068024.0 ], [ 4433958.3, 3068002.3 ], [ 4433911.2, 3067980.8 ], [ 4433788.2, 3067985.0 ], [ 4433755.8, 3067934.1 ], [ 4433666.5, 3067892.5 ], [ 4433663.8, 3067834.0 ], [ 4433650.6, 3067821.2 ], [ 4433632.0, 3067820.0 ], [ 4433576.4, 3067702.8 ], [ 4433466.6, 3067674.6 ], [ 4433442.3, 3067686.1 ], [ 4433401.0, 3067804.5 ], [ 4433343.9, 3067785.9 ], [ 4433302.1, 3067759.0 ], [ 4433284.4, 3067761.8 ], [ 4433271.9, 3067775.9 ], [ 4433207.1, 3067744.3 ], [ 4433244.6, 3067673.7 ], [ 4433243.2, 3067656.0 ], [ 4433232.7, 3067646.4 ], [ 4433193.9, 3067646.8 ], [ 4433124.1, 3067631.2 ], [ 4433086.7, 3067635.3 ], [ 4433048.4, 3067697.1 ], [ 4433048.0, 3067715.3 ], [ 4433061.4, 3067727.7 ], [ 4433133.1, 3067743.3 ], [ 4433096.5, 3067841.2 ], [ 4433050.2, 3067835.0 ], [ 4433023.2, 3067806.6 ], [ 4432999.9, 3067814.2 ], [ 4432996.9, 3067854.7 ], [ 4433033.7, 3067870.5 ], [ 4433025.1, 3067903.5 ], [ 4433003.7, 3067907.6 ], [ 4432989.8, 3067936.6 ], [ 4432996.4, 3067976.9 ], [ 4432974.4, 3067985.0 ], [ 4432962.7, 3067941.5 ], [ 4432963.6, 3067902.9 ], [ 4432952.9, 3067889.8 ], [ 4432834.3, 3067819.8 ], [ 4432814.7, 3067823.9 ], [ 4432778.1, 3067864.2 ], [ 4432760.7, 3067848.5 ], [ 4432735.9, 3067807.1 ], [ 4432761.8, 3067781.7 ], [ 4432752.3, 3067757.1 ], [ 4432617.9, 3067672.2 ], [ 4432568.1, 3067649.4 ], [ 4432434.8, 3067628.1 ], [ 4432412.7, 3067637.3 ], [ 4432380.4, 3067629.4 ], [ 4432339.9, 3067574.3 ], [ 4432211.8, 3067629.1 ], [ 4432094.1, 3067663.3 ], [ 4432082.7, 3067677.1 ], [ 4432076.5, 3067731.5 ], [ 4432051.8, 3067733.5 ], [ 4432041.6, 3067760.3 ], [ 4432003.6, 3067760.6 ], [ 4432003.3, 3067718.2 ], [ 4431938.0, 3067692.7 ], [ 4431901.4, 3067600.8 ], [ 4431828.3, 3067567.5 ], [ 4431828.8, 3067538.4 ], [ 4431814.3, 3067523.3 ], [ 4431705.6, 3067520.6 ], [ 4431303.7, 3067421.4 ], [ 4431103.9, 3067429.0 ], [ 4431054.1, 3067422.6 ], [ 4431086.3, 3067270.1 ], [ 4431085.6, 3067241.2 ], [ 4431069.3, 3067227.3 ], [ 4430928.1, 3067276.3 ], [ 4430894.3, 3067265.2 ], [ 4430858.1, 3067278.5 ], [ 4430751.9, 3067242.5 ], [ 4430705.0, 3067283.2 ], [ 4430649.0, 3067276.2 ], [ 4430604.2, 3067249.6 ], [ 4430589.2, 3067226.4 ], [ 4430574.9, 3067223.3 ], [ 4430534.9, 3067235.8 ], [ 4430485.3, 3067285.4 ], [ 4430467.9, 3067290.5 ], [ 4430437.6, 3067280.4 ], [ 4430394.5, 3067311.0 ], [ 4430385.7, 3067326.4 ], [ 4430390.3, 3067355.4 ], [ 4430364.8, 3067393.6 ], [ 4430353.3, 3067501.5 ], [ 4430438.1, 3067556.5 ], [ 4430471.5, 3067565.0 ], [ 4430469.8, 3067619.1 ], [ 4430505.2, 3067654.9 ], [ 4430528.3, 3067659.0 ], [ 4430552.6, 3067639.4 ], [ 4430589.5, 3067642.5 ], [ 4430608.0, 3067661.0 ], [ 4430756.0, 3067698.1 ], [ 4430756.8, 3067713.0 ], [ 4430770.5, 3067725.4 ], [ 4430863.1, 3067734.3 ], [ 4430902.4, 3067745.5 ], [ 4430936.3, 3067762.8 ], [ 4431003.7, 3067819.1 ], [ 4430945.6, 3067983.3 ], [ 4430926.2, 3068010.2 ], [ 4430896.6, 3068025.6 ], [ 4430856.4, 3068102.9 ], [ 4430764.0, 3068198.4 ], [ 4430751.6, 3068199.4 ], [ 4430703.2, 3068176.7 ], [ 4430688.4, 3068186.5 ], [ 4430675.8, 3068214.9 ], [ 4430659.6, 3068211.9 ], [ 4430644.5, 3068221.4 ], [ 4430615.4, 3068286.2 ], [ 4430611.9, 3068326.2 ], [ 4430596.4, 3068341.4 ], [ 4430599.1, 3068359.6 ], [ 4430612.3, 3068369.5 ], [ 4430615.1, 3068400.7 ], [ 4430582.9, 3068471.5 ], [ 4430489.1, 3068435.7 ], [ 4430471.9, 3068447.2 ], [ 4430460.0, 3068481.3 ], [ 4430426.1, 3068502.8 ], [ 4430406.1, 3068501.5 ], [ 4430373.7, 3068516.6 ], [ 4430318.9, 3068497.1 ], [ 4430301.9, 3068499.7 ], [ 4430263.1, 3068549.3 ], [ 4430270.7, 3068569.8 ], [ 4430308.0, 3068584.9 ], [ 4430307.7, 3068606.8 ], [ 4430282.5, 3068645.0 ], [ 4430262.4, 3068659.4 ], [ 4430134.7, 3068609.3 ], [ 4430113.2, 3068610.1 ], [ 4430101.6, 3068623.6 ], [ 4430102.5, 3068641.3 ], [ 4430075.8, 3068675.9 ], [ 4430053.2, 3068681.9 ], [ 4430037.9, 3068702.5 ], [ 4430007.4, 3068789.2 ], [ 4429994.6, 3068805.1 ], [ 4429971.6, 3068799.3 ], [ 4429955.8, 3068812.5 ], [ 4429906.6, 3068924.8 ], [ 4429906.2, 3068942.3 ], [ 4429922.2, 3068955.6 ], [ 4430024.2, 3068976.3 ], [ 4430025.3, 3069015.3 ], [ 4429980.4, 3069108.7 ], [ 4429975.4, 3069164.5 ], [ 4429989.2, 3069175.3 ], [ 4430174.0, 3069222.3 ], [ 4430149.1, 3069313.1 ], [ 4429885.1, 3069246.6 ], [ 4429863.5, 3069259.3 ], [ 4429860.8, 3069298.7 ], [ 4429877.4, 3069320.5 ], [ 4429915.1, 3069339.2 ], [ 4429986.0, 3069355.7 ], [ 4429986.8, 3069377.1 ], [ 4429998.9, 3069390.0 ], [ 4430137.8, 3069424.4 ], [ 4430158.7, 3069443.4 ], [ 4430160.5, 3069498.0 ], [ 4430176.9, 3069553.8 ], [ 4430174.6, 3069603.5 ], [ 4430154.6, 3069602.8 ], [ 4430037.3, 3069559.1 ], [ 4429967.1, 3069523.9 ], [ 4429896.6, 3069503.8 ], [ 4429888.8, 3069492.1 ], [ 4429888.5, 3069455.2 ], [ 4429873.7, 3069435.2 ], [ 4429824.4, 3069411.1 ], [ 4429793.0, 3069357.2 ], [ 4429735.6, 3069337.8 ], [ 4429721.9, 3069349.7 ], [ 4429687.0, 3069459.5 ], [ 4429611.7, 3069576.7 ], [ 4429537.9, 3069763.0 ], [ 4429523.4, 3069936.0 ], [ 4429545.8, 3070050.8 ], [ 4429581.7, 3070097.2 ], [ 4429614.8, 3070110.6 ], [ 4429646.4, 3070136.3 ], [ 4429649.1, 3070174.1 ], [ 4429707.4, 3070255.2 ], [ 4429721.4, 3070296.2 ], [ 4429710.5, 3070328.3 ], [ 4429691.4, 3070343.2 ], [ 4429630.1, 3070362.8 ], [ 4429618.3, 3070375.4 ], [ 4429578.8, 3070498.9 ], [ 4429565.0, 3070673.8 ], [ 4429600.4, 3070750.4 ], [ 4429723.0, 3070885.0 ], [ 4429795.6, 3070999.4 ], [ 4429881.9, 3071074.7 ], [ 4429959.4, 3071110.7 ], [ 4429970.0, 3071131.0 ], [ 4429968.0, 3071186.9 ], [ 4429935.1, 3071177.3 ], [ 4429895.8, 3071148.9 ], [ 4429850.9, 3071130.7 ], [ 4429797.6, 3071088.1 ], [ 4429766.9, 3071056.5 ], [ 4429663.4, 3070910.1 ], [ 4429588.9, 3070838.8 ], [ 4429531.8, 3070771.3 ], [ 4429496.0, 3070638.1 ], [ 4429508.1, 3070471.9 ], [ 4429521.3, 3070424.3 ], [ 4429516.2, 3070407.5 ], [ 4429393.9, 3070372.5 ], [ 4429232.9, 3070313.4 ], [ 4429244.6, 3070253.0 ], [ 4429260.4, 3070234.8 ], [ 4429270.7, 3070124.2 ], [ 4429224.8, 3070100.5 ], [ 4429107.7, 3070009.8 ], [ 4428966.4, 3069859.1 ], [ 4428897.7, 3069809.5 ], [ 4428962.8, 3069717.4 ], [ 4429073.2, 3069819.5 ], [ 4429094.1, 3069823.2 ], [ 4429201.3, 3069678.1 ], [ 4429195.5, 3069660.5 ], [ 4429123.4, 3069595.0 ], [ 4429060.2, 3069550.7 ], [ 4429058.7, 3069537.9 ], [ 4429088.4, 3069497.2 ], [ 4429136.6, 3069531.4 ], [ 4429150.5, 3069533.3 ], [ 4429172.1, 3069512.1 ], [ 4429176.9, 3069487.2 ], [ 4429069.9, 3069393.6 ], [ 4429064.3, 3069383.8 ], [ 4429086.1, 3069345.1 ], [ 4429070.2, 3069318.9 ], [ 4429046.5, 3069239.7 ], [ 4428945.6, 3069190.6 ], [ 4428929.9, 3069161.4 ], [ 4428934.0, 3069137.4 ], [ 4428923.6, 3069121.0 ], [ 4428845.8, 3069098.3 ], [ 4428734.7, 3069041.9 ], [ 4428703.1, 3069041.0 ], [ 4428605.2, 3069087.1 ], [ 4428544.2, 3069197.2 ], [ 4428476.4, 3069237.6 ], [ 4428465.2, 3069272.0 ], [ 4428479.1, 3069327.4 ], [ 4428472.4, 3069354.4 ], [ 4428395.7, 3069444.9 ], [ 4428380.6, 3069507.6 ], [ 4428329.4, 3069544.9 ], [ 4428287.4, 3069600.2 ], [ 4428272.2, 3069636.8 ], [ 4428274.8, 3069672.3 ], [ 4428232.0, 3069703.9 ], [ 4428217.7, 3069736.1 ], [ 4428218.4, 3069752.0 ], [ 4428245.4, 3069790.0 ], [ 4428214.5, 3069809.0 ], [ 4428208.1, 3069829.9 ], [ 4428272.8, 3069917.5 ], [ 4428276.5, 3069968.4 ], [ 4428293.2, 3069994.4 ], [ 4428275.8, 3070027.4 ], [ 4428257.5, 3070030.0 ], [ 4428253.3, 3069986.1 ], [ 4428231.5, 3069944.7 ], [ 4428188.1, 3069903.4 ], [ 4428112.1, 3069882.3 ], [ 4428079.5, 3069901.7 ], [ 4427987.7, 3069902.5 ], [ 4427942.5, 3069914.6 ], [ 4427925.3, 3069938.6 ], [ 4427932.9, 3069961.2 ], [ 4427920.1, 3069982.1 ], [ 4427900.2, 3069982.9 ], [ 4427795.4, 3070058.4 ], [ 4427772.2, 3070063.6 ], [ 4427732.4, 3070054.0 ], [ 4427801.3, 3069992.2 ], [ 4427803.1, 3069971.0 ], [ 4427781.3, 3069951.1 ], [ 4427810.4, 3069930.8 ], [ 4427817.0, 3069913.4 ], [ 4427746.3, 3069803.3 ], [ 4427788.6, 3069753.0 ], [ 4427806.2, 3069718.4 ], [ 4427801.5, 3069692.5 ], [ 4427719.4, 3069667.9 ], [ 4427657.0, 3069688.7 ], [ 4427648.2, 3069653.9 ], [ 4427626.2, 3069643.5 ], [ 4427438.1, 3069729.8 ], [ 4427348.3, 3069756.7 ], [ 4427283.1, 3069663.0 ], [ 4427317.3, 3069647.0 ], [ 4427318.8, 3069620.2 ], [ 4427288.9, 3069596.8 ], [ 4427187.4, 3069553.8 ], [ 4427453.5, 3069442.4 ], [ 4427572.5, 3069379.2 ], [ 4427584.0, 3069361.0 ], [ 4427574.5, 3069341.7 ], [ 4427530.7, 3069332.8 ], [ 4427416.7, 3069394.8 ], [ 4427358.3, 3069401.2 ], [ 4427269.9, 3069435.4 ], [ 4427247.1, 3069405.2 ], [ 4427189.3, 3069404.1 ], [ 4427079.6, 3069465.1 ], [ 4427065.2, 3069453.9 ], [ 4427113.4, 3069416.1 ], [ 4427124.0, 3069386.3 ], [ 4427152.7, 3069348.2 ], [ 4427226.0, 3069321.8 ], [ 4427267.5, 3069327.7 ], [ 4427311.4, 3069324.8 ], [ 4427329.2, 3069315.7 ], [ 4427296.5, 3069364.7 ], [ 4427303.7, 3069384.2 ], [ 4427323.9, 3069389.0 ], [ 4427402.6, 3069348.1 ], [ 4427404.9, 3069324.0 ], [ 4427371.2, 3069298.3 ], [ 4427415.3, 3069281.4 ], [ 4427425.9, 3069267.0 ], [ 4427417.1, 3069244.3 ], [ 4427313.8, 3069185.6 ], [ 4427287.4, 3069180.2 ], [ 4427262.0, 3069195.3 ], [ 4427243.4, 3069191.6 ], [ 4427218.1, 3069108.9 ], [ 4427206.5, 3069096.4 ], [ 4427169.0, 3069085.5 ], [ 4427095.4, 3069146.4 ], [ 4427098.7, 3069163.9 ], [ 4427115.4, 3069177.7 ], [ 4427133.9, 3069235.4 ], [ 4427062.2, 3069266.2 ], [ 4427022.1, 3069301.3 ], [ 4427018.5, 3069322.8 ], [ 4427042.4, 3069364.6 ], [ 4426998.2, 3069400.2 ], [ 4426951.7, 3069425.8 ], [ 4426923.0, 3069394.5 ], [ 4426901.4, 3069391.4 ], [ 4426807.9, 3069464.9 ], [ 4426717.0, 3069340.1 ], [ 4426770.0, 3069297.8 ], [ 4426774.6, 3069276.4 ], [ 4426661.1, 3069132.4 ], [ 4426750.9, 3069076.5 ], [ 4426757.0, 3069053.7 ], [ 4426698.2, 3068992.2 ], [ 4426587.4, 3068935.9 ], [ 4426615.3, 3068918.5 ], [ 4426612.7, 3068884.0 ], [ 4426715.9, 3068828.4 ], [ 4426949.5, 3068740.6 ], [ 4426959.9, 3068719.1 ], [ 4426945.8, 3068689.2 ], [ 4426922.6, 3068682.8 ], [ 4426837.6, 3068719.8 ], [ 4426562.4, 3068812.1 ], [ 4426551.4, 3068777.4 ], [ 4426549.9, 3068733.1 ], [ 4426526.6, 3068718.9 ], [ 4426486.7, 3068731.7 ], [ 4426478.4, 3068743.1 ], [ 4426480.3, 3068760.5 ], [ 4426417.9, 3068791.3 ], [ 4426310.0, 3068738.2 ], [ 4426322.7, 3068715.2 ], [ 4426308.5, 3068691.4 ], [ 4426318.0, 3068614.5 ], [ 4426304.4, 3068598.9 ], [ 4426267.7, 3068591.1 ], [ 4426287.3, 3068542.6 ], [ 4426337.8, 3068501.7 ], [ 4426368.6, 3068444.1 ], [ 4426329.6, 3068362.4 ], [ 4426309.8, 3068353.5 ], [ 4426279.5, 3068366.2 ], [ 4426245.2, 3068295.0 ], [ 4426644.2, 3068064.5 ], [ 4426654.9, 3068046.8 ], [ 4426643.1, 3068026.1 ], [ 4426584.6, 3067995.7 ], [ 4426550.6, 3067988.3 ], [ 4426552.9, 3067940.0 ], [ 4426539.7, 3067924.9 ], [ 4426505.5, 3067921.9 ], [ 4426476.1, 3067934.2 ], [ 4426459.1, 3067917.9 ], [ 4426415.4, 3067905.8 ], [ 4426396.9, 3067913.5 ], [ 4426377.7, 3067905.5 ], [ 4426326.9, 3067871.9 ], [ 4426270.7, 3067885.8 ], [ 4426259.0, 3067878.8 ], [ 4426215.9, 3067764.8 ], [ 4426224.1, 3067737.1 ], [ 4426294.6, 3067741.8 ], [ 4426313.2, 3067732.2 ], [ 4426317.0, 3067656.3 ], [ 4426332.0, 3067592.4 ], [ 4426373.7, 3067530.0 ], [ 4426397.9, 3067541.8 ], [ 4426392.7, 3067561.0 ], [ 4426402.1, 3067575.8 ], [ 4426386.5, 3067704.9 ], [ 4426396.0, 3067740.1 ], [ 4426410.5, 3067760.8 ], [ 4426418.0, 3067801.7 ], [ 4426438.4, 3067835.4 ], [ 4426491.2, 3067862.8 ], [ 4426538.0, 3067846.3 ], [ 4426627.5, 3067861.5 ], [ 4426675.6, 3067860.9 ], [ 4426725.3, 3067879.8 ], [ 4426837.3, 3067958.5 ], [ 4426881.8, 3068031.2 ], [ 4426915.9, 3068032.9 ], [ 4426938.5, 3068044.1 ], [ 4426974.3, 3068031.4 ], [ 4427001.9, 3068049.1 ], [ 4426993.5, 3068085.1 ], [ 4427026.6, 3068138.5 ], [ 4427031.9, 3068196.1 ], [ 4426966.9, 3068196.9 ], [ 4426935.7, 3068225.7 ], [ 4426919.7, 3068257.4 ], [ 4426905.4, 3068353.8 ], [ 4426892.1, 3068365.2 ], [ 4426891.2, 3068382.7 ], [ 4426910.9, 3068432.0 ], [ 4426968.9, 3068518.6 ], [ 4427010.8, 3068562.5 ], [ 4427106.6, 3068591.9 ], [ 4427137.7, 3068574.3 ], [ 4427163.6, 3068587.5 ], [ 4427182.4, 3068617.9 ], [ 4427162.9, 3068641.8 ], [ 4427160.6, 3068658.7 ], [ 4427195.8, 3068714.6 ], [ 4427210.1, 3068724.2 ], [ 4427258.7, 3068725.8 ], [ 4427269.3, 3068745.4 ], [ 4427249.5, 3068788.6 ], [ 4427267.8, 3068865.4 ], [ 4427282.4, 3068875.4 ], [ 4427303.3, 3068871.6 ], [ 4427327.3, 3068999.5 ], [ 4427310.3, 3069008.4 ], [ 4427304.7, 3069025.1 ], [ 4427329.2, 3069058.3 ], [ 4427446.8, 3069112.6 ], [ 4427471.9, 3069111.8 ], [ 4427489.2, 3069095.5 ], [ 4427482.1, 3069027.1 ], [ 4427494.8, 3069015.2 ], [ 4427525.2, 3069021.8 ], [ 4427548.8, 3069064.0 ], [ 4427552.0, 3069115.7 ], [ 4427565.6, 3069131.5 ], [ 4427644.7, 3069136.6 ], [ 4427729.2, 3069181.7 ], [ 4427745.5, 3069175.0 ], [ 4427776.8, 3069130.3 ], [ 4427790.2, 3069125.1 ], [ 4427805.4, 3069143.7 ], [ 4427757.4, 3069202.7 ], [ 4427762.7, 3069219.2 ], [ 4427786.7, 3069239.0 ], [ 4427844.6, 3069239.3 ], [ 4427880.5, 3069197.2 ], [ 4427901.0, 3069211.9 ], [ 4427922.6, 3069212.5 ], [ 4427957.0, 3069259.2 ], [ 4427956.2, 3069274.0 ], [ 4427896.8, 3069317.6 ], [ 4427890.0, 3069333.5 ], [ 4427960.8, 3069434.2 ], [ 4428045.5, 3069403.2 ], [ 4428068.6, 3069410.5 ], [ 4428107.5, 3069385.6 ], [ 4428126.7, 3069396.4 ], [ 4428145.8, 3069388.4 ], [ 4428154.3, 3069367.3 ], [ 4428149.0, 3069315.3 ], [ 4428136.8, 3069290.2 ], [ 4428161.1, 3069281.1 ], [ 4428204.0, 3069412.2 ], [ 4428170.4, 3069483.8 ], [ 4428163.1, 3069545.4 ], [ 4428108.2, 3069580.4 ], [ 4428101.0, 3069599.5 ], [ 4428121.5, 3069634.1 ], [ 4428126.2, 3069683.6 ], [ 4428156.7, 3069701.2 ], [ 4428160.6, 3069735.1 ], [ 4428183.3, 3069760.2 ], [ 4428207.0, 3069754.4 ], [ 4428225.9, 3069704.3 ], [ 4428269.0, 3069671.8 ], [ 4428267.5, 3069637.8 ], [ 4428283.0, 3069599.5 ], [ 4428327.8, 3069540.8 ], [ 4428378.0, 3069504.2 ], [ 4428390.8, 3069444.2 ], [ 4428468.3, 3069353.1 ], [ 4428475.1, 3069328.8 ], [ 4428461.2, 3069272.6 ], [ 4428472.1, 3069236.2 ], [ 4428543.5, 3069191.5 ], [ 4428600.5, 3069085.8 ], [ 4428694.1, 3069033.7 ], [ 4428693.5, 3069012.1 ], [ 4428655.0, 3068982.5 ], [ 4428648.2, 3068968.8 ], [ 4428656.5, 3068944.0 ], [ 4428722.5, 3068948.7 ], [ 4428799.6, 3068932.2 ], [ 4428930.9, 3068778.7 ], [ 4428945.2, 3068723.3 ], [ 4428943.5, 3068663.2 ], [ 4428964.8, 3068669.7 ], [ 4428981.2, 3068662.7 ], [ 4428998.5, 3068617.1 ], [ 4429053.4, 3068562.2 ], [ 4429078.2, 3068492.9 ], [ 4429068.1, 3068443.8 ], [ 4429075.7, 3068398.2 ], [ 4429094.1, 3068373.1 ], [ 4429088.7, 3068346.9 ], [ 4429123.9, 3068274.2 ], [ 4429116.8, 3068230.4 ], [ 4429139.4, 3068083.2 ], [ 4429130.4, 3068068.7 ], [ 4429041.5, 3068006.5 ], [ 4429005.3, 3067995.7 ], [ 4429060.1, 3067835.4 ], [ 4429079.3, 3067823.0 ], [ 4429135.4, 3067821.4 ], [ 4429150.0, 3067798.8 ], [ 4429113.1, 3067751.7 ], [ 4429098.1, 3067744.6 ], [ 4429021.4, 3067742.7 ], [ 4429009.8, 3067755.0 ], [ 4429013.4, 3067784.0 ], [ 4429006.0, 3067792.9 ], [ 4428970.7, 3067775.4 ], [ 4429014.0, 3067744.5 ], [ 4429018.8, 3067685.3 ], [ 4429111.6, 3067365.4 ], [ 4429138.7, 3067382.0 ], [ 4429166.0, 3067376.0 ], [ 4429210.5, 3067296.9 ], [ 4429228.0, 3067299.8 ], [ 4429242.0, 3067288.9 ], [ 4429244.5, 3067271.1 ], [ 4429307.6, 3067152.1 ], [ 4429304.4, 3067131.9 ], [ 4429282.3, 3067122.4 ], [ 4429295.1, 3067038.2 ], [ 4429275.0, 3067001.1 ], [ 4429274.9, 3066986.6 ], [ 4429344.5, 3067017.0 ], [ 4429343.7, 3067054.6 ], [ 4429353.9, 3067069.2 ], [ 4429408.5, 3067064.0 ], [ 4429426.5, 3067073.0 ], [ 4429442.3, 3067105.4 ], [ 4429479.3, 3067130.6 ], [ 4429487.3, 3067146.5 ], [ 4429487.6, 3067180.5 ], [ 4429529.5, 3067212.3 ], [ 4429542.8, 3067216.2 ], [ 4429558.4, 3067208.9 ], [ 4429569.9, 3067173.2 ], [ 4429595.9, 3066844.5 ], [ 4429635.4, 3066557.2 ], [ 4429625.1, 3066463.1 ], [ 4429628.5, 3066413.8 ], [ 4429602.4, 3066395.2 ], [ 4429599.1, 3066365.1 ], [ 4429545.9, 3066323.4 ], [ 4429574.7, 3066271.7 ], [ 4429574.7, 3066256.8 ], [ 4429561.1, 3066240.1 ], [ 4429533.9, 3066235.1 ], [ 4429518.5, 3066214.4 ], [ 4429501.0, 3066209.8 ], [ 4429463.6, 3066248.7 ], [ 4429420.5, 3066239.7 ], [ 4429405.3, 3066258.7 ], [ 4429369.6, 3066278.1 ], [ 4429337.5, 3066240.8 ], [ 4429312.7, 3066242.4 ], [ 4429255.3, 3066173.5 ], [ 4429205.0, 3066129.4 ], [ 4429147.2, 3066168.4 ], [ 4429096.3, 3066166.6 ], [ 4429047.1, 3066182.3 ], [ 4429064.4, 3066127.6 ], [ 4429107.7, 3066127.5 ], [ 4429136.1, 3066110.8 ], [ 4429162.5, 3066057.9 ], [ 4429160.4, 3066040.6 ], [ 4429139.3, 3066015.3 ], [ 4429015.6, 3065922.0 ], [ 4429019.3, 3065896.2 ], [ 4428992.5, 3065879.2 ], [ 4428994.0, 3065862.5 ], [ 4428986.3, 3065850.5 ], [ 4428841.6, 3065796.0 ], [ 4428861.1, 3065733.3 ], [ 4428971.6, 3065552.3 ], [ 4428967.3, 3065526.0 ], [ 4428835.4, 3065437.3 ], [ 4428819.1, 3065445.2 ], [ 4428769.2, 3065505.3 ], [ 4428715.0, 3065451.0 ], [ 4428691.1, 3065449.8 ], [ 4428679.1, 3065468.0 ], [ 4428685.5, 3065489.1 ], [ 4428654.5, 3065514.9 ], [ 4428665.0, 3065542.7 ], [ 4428614.0, 3065589.3 ], [ 4428561.0, 3065531.7 ], [ 4428494.2, 3065532.1 ], [ 4428466.6, 3065314.1 ], [ 4428499.7, 3065237.4 ], [ 4428499.5, 3065220.4 ], [ 4428442.5, 3065181.3 ], [ 4428427.9, 3065184.1 ], [ 4428403.6, 3065206.1 ], [ 4428390.9, 3065205.8 ], [ 4428276.9, 3065123.1 ], [ 4428271.6, 3065113.8 ], [ 4428339.2, 3065038.7 ], [ 4428344.2, 3065021.5 ], [ 4428264.6, 3064941.2 ], [ 4428223.7, 3064939.5 ], [ 4428180.4, 3064960.2 ], [ 4428172.6, 3064976.4 ], [ 4428106.1, 3065035.7 ], [ 4428106.1, 3065057.4 ], [ 4428124.6, 3065071.8 ], [ 4428113.0, 3065095.2 ], [ 4428095.7, 3065097.6 ], [ 4428078.8, 3065115.8 ], [ 4428060.8, 3065070.2 ], [ 4428038.2, 3065061.1 ], [ 4427983.2, 3065119.5 ], [ 4427940.3, 3065113.4 ], [ 4427910.0, 3065139.7 ], [ 4427893.1, 3065113.7 ], [ 4427896.3, 3065100.8 ], [ 4427997.5, 3064922.5 ], [ 4427991.7, 3064890.8 ], [ 4427968.1, 3064839.8 ], [ 4427998.7, 3064714.5 ], [ 4427995.7, 3064697.2 ], [ 4427973.7, 3064687.6 ], [ 4427919.9, 3064713.6 ], [ 4427877.8, 3064693.0 ], [ 4427851.9, 3064712.2 ], [ 4427797.6, 3064697.1 ], [ 4427736.2, 3064664.0 ], [ 4427722.7, 3064668.0 ], [ 4427707.9, 3064686.1 ], [ 4427661.1, 3064703.5 ], [ 4427598.3, 3064688.6 ], [ 4427472.3, 3064569.2 ], [ 4427406.4, 3064479.9 ], [ 4427418.5, 3064464.1 ], [ 4427415.4, 3064446.9 ], [ 4427345.3, 3064390.4 ], [ 4427363.2, 3064370.1 ], [ 4427359.9, 3064349.6 ], [ 4427212.1, 3064176.2 ], [ 4427279.8, 3064093.1 ], [ 4427275.8, 3064065.7 ], [ 4427251.4, 3064062.1 ], [ 4427191.9, 3064103.3 ], [ 4427045.0, 3064113.6 ], [ 4427027.8, 3064097.5 ], [ 4427033.9, 3064071.5 ], [ 4427023.1, 3064055.1 ], [ 4427021.3, 3064030.3 ], [ 4427074.2, 3063907.5 ], [ 4427064.9, 3063891.6 ], [ 4427026.0, 3063873.1 ], [ 4426935.0, 3063840.2 ], [ 4426900.9, 3063852.0 ], [ 4426833.6, 3063827.1 ], [ 4426816.5, 3063830.9 ], [ 4426803.2, 3063859.6 ], [ 4426806.1, 3063907.6 ], [ 4426788.1, 3063915.9 ], [ 4426773.8, 3063951.5 ], [ 4426778.7, 3063982.6 ], [ 4426767.3, 3064018.2 ], [ 4426745.3, 3064034.8 ], [ 4426713.0, 3064040.0 ], [ 4426639.9, 3063995.4 ], [ 4426618.5, 3063998.7 ], [ 4426574.1, 3064160.5 ], [ 4426562.4, 3064169.0 ], [ 4426521.1, 3064156.6 ], [ 4425880.0, 3064054.8 ], [ 4425680.5, 3063998.5 ], [ 4425572.5, 3063949.4 ], [ 4425553.4, 3063956.8 ], [ 4425541.8, 3063982.1 ], [ 4425491.2, 3063960.6 ], [ 4425433.8, 3063901.4 ], [ 4425403.1, 3063894.1 ], [ 4425367.8, 3063900.0 ], [ 4425346.2, 3063888.5 ], [ 4425334.7, 3063873.3 ], [ 4425334.6, 3063851.2 ], [ 4425375.0, 3063840.9 ], [ 4425389.0, 3063814.4 ], [ 4425387.5, 3063797.7 ], [ 4425227.4, 3063635.8 ], [ 4425192.7, 3063614.3 ], [ 4425056.4, 3063566.9 ], [ 4425039.0, 3063568.1 ], [ 4425010.4, 3063618.0 ], [ 4424964.8, 3063746.2 ], [ 4424934.6, 3063740.4 ], [ 4424926.1, 3063705.1 ], [ 4424867.0, 3063645.7 ], [ 4424790.5, 3063616.8 ], [ 4424773.5, 3063617.9 ], [ 4424791.0, 3063514.9 ], [ 4424786.3, 3063497.3 ], [ 4424723.7, 3063473.4 ], [ 4424586.7, 3063391.0 ], [ 4424372.1, 3063157.3 ], [ 4424353.8, 3063157.3 ], [ 4424341.8, 3063171.2 ], [ 4424349.7, 3063210.0 ], [ 4424344.4, 3063260.5 ], [ 4424290.2, 3063218.9 ], [ 4424273.2, 3063216.5 ], [ 4424259.6, 3063227.0 ], [ 4424226.6, 3063314.9 ], [ 4424177.1, 3063289.5 ], [ 4424146.8, 3063286.2 ], [ 4424131.5, 3063296.2 ], [ 4424117.1, 3063330.5 ], [ 4424108.1, 3063331.0 ], [ 4424069.3, 3063307.6 ], [ 4424062.1, 3063279.7 ], [ 4424064.7, 3063213.4 ], [ 4424082.3, 3063155.9 ], [ 4424084.2, 3063104.9 ], [ 4424072.8, 3063087.6 ], [ 4424055.4, 3063086.0 ], [ 4424026.4, 3063106.9 ], [ 4424020.3, 3063122.9 ], [ 4424028.5, 3063140.2 ], [ 4424010.8, 3063155.1 ], [ 4423988.9, 3063146.1 ], [ 4423970.1, 3063155.2 ], [ 4423807.3, 3063093.6 ], [ 4423808.3, 3063066.4 ], [ 4423785.6, 3063028.0 ], [ 4423753.0, 3063008.1 ], [ 4423668.8, 3062984.1 ], [ 4423610.5, 3062949.3 ], [ 4423531.1, 3062938.7 ], [ 4423512.9, 3062924.5 ], [ 4423438.9, 3062922.0 ], [ 4423429.2, 3062870.3 ], [ 4423455.1, 3062865.4 ], [ 4423477.8, 3062867.9 ], [ 4423601.1, 3062923.4 ], [ 4423615.2, 3062935.9 ], [ 4423646.2, 3062922.9 ], [ 4423662.6, 3062898.8 ], [ 4423665.8, 3062832.2 ], [ 4423611.2, 3062781.5 ], [ 4423621.8, 3062759.4 ], [ 4423721.6, 3062811.8 ], [ 4423746.2, 3062802.2 ], [ 4423760.4, 3062761.0 ], [ 4423729.5, 3062708.8 ], [ 4423686.4, 3062666.3 ], [ 4423625.6, 3062640.9 ], [ 4423601.5, 3062644.7 ], [ 4423573.6, 3062695.5 ], [ 4423543.8, 3062699.4 ], [ 4423526.2, 3062729.8 ], [ 4423501.6, 3062739.5 ], [ 4423463.0, 3062783.2 ], [ 4423422.2, 3062780.2 ], [ 4423395.4, 3062801.4 ], [ 4423375.2, 3062795.0 ], [ 4423304.1, 3062707.1 ], [ 4423189.9, 3062661.8 ], [ 4423165.7, 3062640.2 ], [ 4423151.1, 3062637.9 ], [ 4423062.3, 3062684.3 ], [ 4422997.2, 3062732.4 ], [ 4422934.6, 3062803.5 ], [ 4422922.5, 3062808.3 ], [ 4422876.4, 3062768.5 ], [ 4422854.9, 3062713.8 ], [ 4422837.1, 3062696.2 ], [ 4422852.2, 3062604.3 ], [ 4422871.7, 3062590.3 ], [ 4422898.2, 3062605.3 ], [ 4422916.6, 3062602.6 ], [ 4422938.3, 3062547.6 ], [ 4422924.6, 3062524.3 ], [ 4422890.3, 3062524.3 ], [ 4422889.1, 3062495.4 ], [ 4422876.3, 3062482.3 ], [ 4422850.1, 3062480.1 ], [ 4422835.0, 3062488.8 ], [ 4422829.7, 3062545.0 ], [ 4422787.0, 3062539.7 ], [ 4422770.8, 3062547.6 ], [ 4422751.3, 3062654.6 ], [ 4422669.0, 3062659.7 ], [ 4422651.6, 3062699.2 ], [ 4422566.2, 3062665.3 ], [ 4422577.2, 3062571.5 ], [ 4422565.9, 3062556.8 ], [ 4422528.2, 3062542.9 ], [ 4422534.9, 3062436.7 ], [ 4422522.4, 3062424.2 ], [ 4422487.6, 3062420.5 ], [ 4422486.7, 3062394.8 ], [ 4422466.0, 3062380.0 ], [ 4422434.0, 3062373.5 ], [ 4422415.0, 3062389.2 ], [ 4422420.2, 3062412.6 ], [ 4422436.4, 3062421.3 ], [ 4422434.1, 3062450.6 ], [ 4422443.7, 3062466.9 ], [ 4422446.5, 3062499.1 ], [ 4422425.8, 3062543.0 ], [ 4422410.0, 3062555.7 ], [ 4422394.3, 3062612.7 ], [ 4422343.0, 3062582.9 ], [ 4422329.0, 3062547.0 ], [ 4422338.5, 3062533.4 ], [ 4422353.3, 3062535.7 ], [ 4422366.1, 3062528.0 ], [ 4422368.0, 3062503.0 ], [ 4422303.3, 3062455.3 ], [ 4422286.7, 3062463.1 ], [ 4422264.6, 3062497.8 ], [ 4422233.8, 3062503.1 ], [ 4422206.7, 3062532.7 ], [ 4422072.2, 3062594.5 ], [ 4422054.6, 3062594.4 ], [ 4422059.4, 3062517.4 ], [ 4422043.3, 3062460.1 ], [ 4422030.7, 3062449.1 ], [ 4421996.2, 3062379.4 ], [ 4421923.0, 3062353.6 ], [ 4421900.1, 3062360.2 ], [ 4421885.4, 3062393.8 ], [ 4421795.3, 3062432.9 ], [ 4421759.7, 3062456.7 ], [ 4421730.3, 3062483.0 ], [ 4421711.0, 3062516.7 ], [ 4421707.9, 3062573.0 ], [ 4421729.9, 3062639.3 ], [ 4421719.3, 3062654.9 ], [ 4421647.1, 3062707.1 ], [ 4421618.1, 3062747.6 ], [ 4421561.9, 3062794.1 ], [ 4421535.6, 3062846.8 ], [ 4421536.1, 3062903.1 ], [ 4421523.6, 3062928.2 ], [ 4421569.4, 3062982.1 ], [ 4421586.4, 3062983.5 ], [ 4421606.1, 3062970.4 ], [ 4421698.9, 3063027.3 ], [ 4421733.9, 3063062.8 ], [ 4421720.0, 3063078.7 ], [ 4421728.7, 3063101.3 ], [ 4421771.3, 3063113.1 ], [ 4421834.6, 3063112.6 ], [ 4421915.2, 3063171.8 ], [ 4421916.1, 3063194.8 ], [ 4421887.8, 3063257.8 ], [ 4421896.4, 3063286.1 ], [ 4421928.8, 3063339.1 ], [ 4421932.7, 3063364.7 ], [ 4421883.4, 3063516.0 ], [ 4421889.3, 3063614.7 ], [ 4421884.2, 3063654.8 ], [ 4421865.0, 3063669.6 ], [ 4421814.6, 3063685.2 ], [ 4421744.5, 3063691.3 ], [ 4421706.9, 3063704.8 ], [ 4421691.8, 3063719.0 ], [ 4421672.4, 3063758.8 ], [ 4421562.1, 3063808.0 ], [ 4421496.6, 3063884.3 ], [ 4421424.2, 3063944.8 ], [ 4421381.0, 3063993.5 ], [ 4421367.8, 3064042.7 ], [ 4421305.7, 3064045.7 ], [ 4421296.8, 3064020.9 ], [ 4421280.4, 3064013.7 ], [ 4421179.2, 3064033.2 ], [ 4421146.4, 3064047.5 ], [ 4421099.5, 3064106.5 ], [ 4421012.6, 3064275.9 ], [ 4420958.6, 3064346.3 ], [ 4420881.9, 3064412.5 ], [ 4420729.6, 3064517.7 ], [ 4420607.7, 3064618.7 ], [ 4420578.2, 3064675.3 ], [ 4420539.4, 3064720.0 ], [ 4420480.3, 3064741.4 ], [ 4420470.8, 3064712.9 ], [ 4420451.8, 3064705.5 ], [ 4420369.5, 3064729.4 ], [ 4420340.3, 3064746.7 ], [ 4420273.2, 3064835.4 ], [ 4420258.1, 3064871.5 ], [ 4420361.6, 3065094.6 ], [ 4420376.9, 3065106.8 ], [ 4420446.1, 3065110.9 ], [ 4420497.9, 3065098.7 ], [ 4420511.9, 3065086.5 ], [ 4420511.5, 3065067.9 ], [ 4420476.7, 3064997.1 ], [ 4420474.3, 3064929.4 ], [ 4420460.3, 3064868.3 ], [ 4420473.9, 3064858.7 ], [ 4420590.4, 3064813.9 ], [ 4420602.4, 3064790.3 ], [ 4420728.2, 3064696.5 ], [ 4420766.4, 3064695.9 ], [ 4420837.9, 3064653.5 ], [ 4420877.9, 3064651.6 ], [ 4420956.1, 3064610.1 ], [ 4421073.8, 3064567.7 ], [ 4421184.7, 3064557.8 ], [ 4421197.6, 3064541.0 ], [ 4421190.3, 3064497.2 ], [ 4421318.4, 3064451.8 ], [ 4421336.9, 3064405.0 ], [ 4421354.5, 3064410.7 ], [ 4421383.0, 3064454.0 ], [ 4421408.5, 3064523.7 ], [ 4421422.5, 3064527.7 ], [ 4421463.6, 3064518.5 ], [ 4421473.0, 3064538.0 ], [ 4421490.8, 3064548.6 ], [ 4421536.6, 3064555.3 ], [ 4421551.2, 3064545.1 ], [ 4421553.7, 3064526.4 ], [ 4421584.1, 3064534.8 ], [ 4421600.3, 3064526.9 ], [ 4421605.2, 3064509.5 ], [ 4421597.1, 3064483.9 ], [ 4421690.5, 3064466.7 ], [ 4421732.1, 3064465.6 ], [ 4421748.7, 3064479.5 ], [ 4421770.5, 3064475.0 ], [ 4421903.2, 3064422.7 ], [ 4421913.1, 3064407.3 ], [ 4422004.4, 3064341.0 ], [ 4422044.2, 3064322.0 ], [ 4422279.7, 3064288.0 ], [ 4422463.1, 3064291.9 ], [ 4422477.6, 3064322.0 ], [ 4422514.0, 3064326.0 ], [ 4422529.6, 3064307.9 ], [ 4422517.6, 3064248.5 ], [ 4422524.0, 3064208.2 ], [ 4422582.1, 3064190.9 ], [ 4422640.3, 3064402.2 ], [ 4422740.3, 3064492.6 ], [ 4422701.9, 3064617.5 ], [ 4422729.0, 3064683.1 ], [ 4422884.7, 3064729.8 ], [ 4423027.9, 3064819.0 ], [ 4423147.0, 3064867.8 ], [ 4423183.0, 3064907.1 ], [ 4423247.7, 3064927.3 ], [ 4423248.4, 3064946.0 ], [ 4423232.2, 3064944.3 ], [ 4423217.7, 3064955.7 ], [ 4423212.4, 3065004.4 ], [ 4423150.3, 3065002.3 ], [ 4423135.7, 3065012.7 ], [ 4423132.9, 3065026.9 ], [ 4423232.4, 3065177.1 ], [ 4423230.6, 3065193.9 ], [ 4423243.0, 3065222.2 ], [ 4423313.2, 3065312.2 ], [ 4423284.2, 3065414.4 ], [ 4423254.7, 3065432.1 ], [ 4423133.7, 3065294.5 ], [ 4423117.8, 3065289.5 ], [ 4423089.0, 3065296.2 ], [ 4423034.3, 3065229.0 ], [ 4422959.8, 3065196.8 ], [ 4422914.2, 3065156.7 ], [ 4422846.6, 3065150.9 ], [ 4422805.1, 3065132.6 ], [ 4422766.5, 3065134.2 ], [ 4422746.7, 3065148.1 ], [ 4422751.5, 3065172.0 ], [ 4422673.5, 3065142.1 ], [ 4422653.1, 3065123.6 ], [ 4422626.6, 3065122.4 ], [ 4422602.9, 3065081.3 ], [ 4422529.0, 3065070.1 ], [ 4422508.6, 3065049.6 ], [ 4422423.4, 3065050.3 ], [ 4422388.1, 3065060.5 ], [ 4422381.9, 3065084.2 ], [ 4422414.6, 3065144.1 ], [ 4422354.7, 3065133.0 ], [ 4422293.8, 3065145.6 ], [ 4422286.5, 3065158.6 ], [ 4422289.1, 3065173.3 ], [ 4422334.5, 3065229.6 ], [ 4422315.2, 3065232.7 ], [ 4422232.2, 3065143.2 ], [ 4422198.5, 3065133.2 ], [ 4422178.5, 3065102.0 ], [ 4422143.0, 3065078.7 ], [ 4422112.9, 3064999.5 ], [ 4422088.1, 3064987.8 ], [ 4422069.4, 3065005.1 ], [ 4422072.6, 3065033.1 ], [ 4422140.7, 3065193.9 ], [ 4422182.7, 3065252.2 ], [ 4422162.8, 3065261.2 ], [ 4422157.7, 3065277.9 ], [ 4422222.0, 3065376.6 ], [ 4422205.7, 3065387.4 ], [ 4422157.3, 3065313.6 ], [ 4422129.0, 3065287.9 ], [ 4422071.1, 3065191.5 ], [ 4422053.1, 3065183.3 ], [ 4422033.1, 3065142.2 ], [ 4422008.1, 3065125.7 ], [ 4421979.1, 3065088.6 ], [ 4421854.9, 3065057.4 ], [ 4421806.7, 3065087.8 ], [ 4421793.9, 3065056.3 ], [ 4421770.8, 3065049.1 ], [ 4421754.7, 3065064.4 ], [ 4421754.3, 3065097.2 ], [ 4421736.5, 3065103.7 ], [ 4421719.5, 3065094.0 ], [ 4421687.6, 3065090.8 ], [ 4421645.7, 3065104.0 ], [ 4421613.1, 3065158.0 ], [ 4421607.4, 3065206.5 ], [ 4421628.0, 3065274.1 ], [ 4421677.6, 3065371.9 ], [ 4421788.9, 3065491.5 ], [ 4421816.8, 3065533.0 ], [ 4421829.0, 3065555.4 ], [ 4421815.9, 3065574.1 ], [ 4421820.5, 3065594.3 ], [ 4421906.4, 3065676.8 ], [ 4421880.9, 3065710.8 ], [ 4421788.5, 3065634.5 ], [ 4421754.8, 3065622.7 ], [ 4421727.4, 3065592.9 ], [ 4421616.6, 3065441.2 ], [ 4421600.0, 3065392.3 ], [ 4421527.8, 3065276.4 ], [ 4421503.6, 3065275.0 ], [ 4421477.1, 3065304.0 ], [ 4421455.2, 3065313.4 ], [ 4421434.3, 3065309.7 ], [ 4421394.5, 3065331.2 ], [ 4421372.7, 3065329.3 ], [ 4421360.7, 3065309.0 ], [ 4421335.9, 3065203.1 ], [ 4421329.1, 3065087.8 ], [ 4421295.1, 3065041.4 ], [ 4421278.9, 3065035.1 ], [ 4421265.7, 3065040.0 ], [ 4421253.0, 3065073.8 ], [ 4421213.8, 3065067.5 ], [ 4421171.1, 3065045.7 ], [ 4421105.9, 3065053.3 ], [ 4421092.6, 3065013.8 ], [ 4421090.3, 3064973.0 ], [ 4421069.7, 3064958.8 ], [ 4420988.9, 3064982.2 ], [ 4420940.9, 3065017.8 ], [ 4420943.6, 3065038.7 ], [ 4420966.3, 3065047.3 ], [ 4420928.8, 3065121.8 ], [ 4420889.3, 3065178.0 ], [ 4420886.0, 3065204.9 ], [ 4420935.8, 3065284.0 ], [ 4420921.0, 3065285.7 ], [ 4420845.5, 3065230.0 ], [ 4420827.3, 3065228.7 ], [ 4420814.4, 3065241.4 ], [ 4420815.0, 3065265.2 ], [ 4420805.3, 3065284.1 ], [ 4420786.3, 3065281.0 ], [ 4420766.9, 3065297.3 ], [ 4420748.2, 3065355.6 ], [ 4420729.6, 3065352.5 ], [ 4420714.2, 3065366.6 ], [ 4420672.9, 3065379.8 ], [ 4420658.7, 3065401.2 ], [ 4420693.0, 3065464.3 ], [ 4420722.1, 3065494.2 ], [ 4420786.2, 3065525.3 ], [ 4420773.3, 3065543.9 ], [ 4420779.1, 3065564.3 ], [ 4420805.1, 3065573.8 ], [ 4420825.5, 3065550.5 ], [ 4420883.8, 3065599.1 ], [ 4420910.5, 3065590.6 ], [ 4421031.6, 3065676.2 ], [ 4421011.6, 3065703.1 ], [ 4420912.4, 3065635.8 ], [ 4420873.9, 3065646.4 ], [ 4420789.5, 3065632.8 ], [ 4420732.4, 3065575.0 ], [ 4420669.0, 3065529.4 ], [ 4420608.6, 3065466.0 ], [ 4420587.6, 3065409.6 ], [ 4420575.1, 3065397.9 ], [ 4420561.7, 3065349.0 ], [ 4420530.1, 3065337.3 ], [ 4420506.6, 3065317.5 ], [ 4420485.5, 3065314.6 ], [ 4420463.6, 3065295.4 ], [ 4420446.4, 3065296.3 ], [ 4420398.2, 3065325.6 ], [ 4420384.5, 3065348.1 ], [ 4420365.3, 3065358.3 ], [ 4420364.4, 3065380.5 ], [ 4420346.0, 3065395.8 ], [ 4420259.2, 3065434.9 ], [ 4420255.2, 3065451.8 ], [ 4420272.1, 3065551.1 ], [ 4420184.5, 3065455.5 ], [ 4420147.1, 3065436.7 ], [ 4420126.8, 3065438.3 ], [ 4420085.7, 3065468.5 ], [ 4420063.9, 3065505.1 ], [ 4420031.3, 3065509.6 ], [ 4420024.2, 3065595.7 ], [ 4419971.8, 3065665.6 ], [ 4419944.5, 3065658.2 ], [ 4419928.0, 3065663.5 ], [ 4419886.1, 3065732.3 ], [ 4419877.8, 3065755.2 ], [ 4419881.2, 3065768.6 ], [ 4419946.8, 3065806.2 ], [ 4419946.6, 3065828.3 ], [ 4419910.9, 3065845.0 ], [ 4419834.0, 3065820.9 ], [ 4419810.8, 3065831.9 ], [ 4419792.0, 3065892.7 ], [ 4419801.6, 3065952.6 ], [ 4419812.3, 3065969.5 ], [ 4419841.1, 3065984.3 ], [ 4419868.4, 3066014.2 ], [ 4419900.7, 3066020.6 ], [ 4419958.0, 3066057.3 ], [ 4419999.1, 3066059.4 ], [ 4420009.0, 3066076.8 ], [ 4420027.2, 3066119.7 ], [ 4420036.7, 3066168.5 ], [ 4420062.2, 3066208.7 ], [ 4420049.0, 3066221.7 ], [ 4420048.8, 3066236.7 ], [ 4420069.0, 3066263.5 ], [ 4420035.8, 3066319.4 ], [ 4420032.1, 3066349.5 ], [ 4420116.5, 3066413.0 ], [ 4420130.9, 3066437.3 ], [ 4420179.1, 3066549.0 ], [ 4420172.9, 3066621.6 ], [ 4420201.1, 3066648.8 ], [ 4420214.7, 3066690.1 ], [ 4420227.6, 3066695.8 ], [ 4420258.5, 3066691.0 ], [ 4420281.2, 3066664.1 ], [ 4420328.8, 3066653.0 ], [ 4420352.5, 3066634.6 ], [ 4420364.9, 3066605.5 ], [ 4420365.8, 3066555.0 ], [ 4420562.6, 3066688.5 ], [ 4420598.5, 3066735.0 ], [ 4420593.6, 3066769.6 ], [ 4420555.8, 3066762.2 ], [ 4420539.8, 3066770.0 ], [ 4420503.4, 3066862.9 ], [ 4420516.7, 3066996.4 ], [ 4420432.6, 3067082.1 ], [ 4420433.4, 3067120.4 ], [ 4420450.5, 3067161.8 ], [ 4420522.7, 3067185.5 ], [ 4420550.6, 3067185.7 ], [ 4420628.3, 3067148.7 ], [ 4420683.4, 3067107.7 ], [ 4420805.6, 3067049.3 ], [ 4420818.6, 3067065.0 ], [ 4420836.1, 3067068.4 ], [ 4420882.9, 3067030.6 ], [ 4420931.4, 3067100.0 ], [ 4420909.3, 3067163.1 ], [ 4420892.2, 3067184.0 ], [ 4420822.7, 3067233.9 ], [ 4420822.2, 3067248.4 ], [ 4420833.8, 3067263.4 ], [ 4420825.1, 3067291.4 ], [ 4420843.2, 3067311.9 ], [ 4420831.5, 3067346.7 ], [ 4420831.9, 3067405.9 ], [ 4420844.0, 3067418.4 ], [ 4420866.8, 3067417.0 ], [ 4420893.3, 3067432.3 ], [ 4420965.5, 3067508.8 ], [ 4420973.0, 3067523.3 ], [ 4420936.8, 3067571.6 ], [ 4420961.8, 3067647.4 ], [ 4421159.0, 3067846.2 ], [ 4421181.2, 3067862.7 ], [ 4421200.1, 3067861.8 ], [ 4421321.6, 3067985.3 ], [ 4421322.7, 3067996.0 ], [ 4421288.2, 3068008.2 ], [ 4421233.1, 3068072.3 ], [ 4421214.1, 3068119.6 ], [ 4421225.6, 3068141.8 ], [ 4421303.7, 3068159.2 ], [ 4421464.2, 3068257.5 ], [ 4421493.0, 3068256.9 ], [ 4421501.4, 3068241.9 ], [ 4421498.7, 3068185.2 ], [ 4421509.0, 3068171.6 ], [ 4421507.6, 3068136.3 ], [ 4421528.5, 3068073.2 ], [ 4421561.6, 3067894.9 ], [ 4421633.5, 3067764.0 ], [ 4421685.5, 3067790.7 ], [ 4421675.2, 3067818.3 ], [ 4421682.7, 3067836.6 ], [ 4421660.2, 3067903.9 ], [ 4421636.6, 3067943.5 ], [ 4421637.8, 3067970.2 ], [ 4421584.8, 3068043.4 ], [ 4421575.7, 3068083.8 ], [ 4421546.0, 3068115.5 ], [ 4421526.5, 3068155.2 ], [ 4421526.6, 3068204.8 ], [ 4421500.4, 3068256.2 ], [ 4421509.1, 3068286.6 ], [ 4421532.9, 3068294.8 ], [ 4421551.6, 3068276.4 ], [ 4421606.1, 3068348.4 ], [ 4421616.2, 3068388.1 ], [ 4421638.8, 3068396.6 ], [ 4421640.9, 3068455.5 ], [ 4421650.7, 3068470.2 ], [ 4421680.3, 3068477.4 ], [ 4421695.6, 3068469.1 ], [ 4421744.9, 3068331.6 ], [ 4421770.3, 3068340.9 ], [ 4421729.9, 3068491.3 ], [ 4421736.4, 3068511.1 ], [ 4421763.1, 3068519.1 ], [ 4421779.3, 3068512.1 ], [ 4421800.2, 3068480.5 ], [ 4421815.1, 3068435.9 ], [ 4421837.2, 3068443.3 ], [ 4421893.6, 3068489.4 ], [ 4421905.4, 3068600.2 ], [ 4421899.7, 3068610.3 ], [ 4421850.5, 3068617.3 ], [ 4421838.0, 3068629.3 ], [ 4421824.3, 3068726.6 ], [ 4421833.4, 3068745.8 ], [ 4421854.5, 3068748.4 ], [ 4421902.6, 3068723.8 ], [ 4421986.0, 3068780.2 ], [ 4422016.1, 3068776.9 ], [ 4422029.2, 3068782.8 ], [ 4422028.2, 3068824.2 ], [ 4422040.4, 3068841.1 ], [ 4422194.6, 3068880.8 ], [ 4422186.0, 3068919.8 ], [ 4422199.1, 3068939.9 ], [ 4422239.5, 3068945.3 ], [ 4422264.2, 3068904.2 ], [ 4422313.7, 3068944.4 ], [ 4422355.4, 3068916.9 ], [ 4422423.7, 3068977.5 ], [ 4422395.6, 3069011.7 ], [ 4422360.7, 3068994.8 ], [ 4422325.1, 3069013.4 ], [ 4422274.0, 3069128.2 ], [ 4422280.5, 3069152.6 ], [ 4422373.5, 3069161.2 ], [ 4422568.2, 3069252.9 ], [ 4422585.6, 3069268.0 ], [ 4422660.0, 3069385.2 ], [ 4422685.3, 3069405.1 ], [ 4422779.0, 3069448.8 ], [ 4422803.2, 3069469.9 ], [ 4422819.6, 3069471.9 ], [ 4422831.6, 3069463.7 ], [ 4422835.5, 3069446.2 ], [ 4422826.1, 3069430.9 ], [ 4422861.5, 3069391.1 ], [ 4422879.5, 3069415.5 ], [ 4422919.0, 3069445.4 ], [ 4422965.4, 3069534.9 ], [ 4422930.1, 3069553.0 ], [ 4422922.7, 3069568.9 ], [ 4422951.1, 3069680.9 ], [ 4423016.5, 3069779.9 ], [ 4423078.4, 3069846.0 ], [ 4423104.6, 3069836.4 ], [ 4423109.7, 3069814.7 ], [ 4423102.0, 3069791.5 ], [ 4423134.1, 3069761.0 ], [ 4423144.5, 3069730.8 ], [ 4423127.9, 3069712.9 ], [ 4423107.8, 3069712.7 ], [ 4423074.0, 3069697.2 ], [ 4423050.4, 3069699.3 ], [ 4423019.7, 3069720.9 ], [ 4423009.4, 3069601.3 ], [ 4423033.6, 3069586.5 ], [ 4423052.5, 3069561.1 ], [ 4423077.5, 3069578.6 ], [ 4423138.0, 3069599.3 ], [ 4423184.0, 3069649.6 ], [ 4423213.4, 3069650.8 ], [ 4423225.2, 3069638.7 ], [ 4423228.7, 3069602.1 ], [ 4423238.9, 3069598.2 ], [ 4423260.5, 3069610.5 ], [ 4423279.8, 3069596.3 ], [ 4423279.0, 3069578.8 ], [ 4423250.4, 3069532.3 ], [ 4423272.5, 3069522.6 ], [ 4423274.6, 3069501.8 ], [ 4423245.2, 3069480.0 ], [ 4423190.3, 3069412.9 ], [ 4423141.1, 3069387.9 ], [ 4423112.7, 3069361.0 ], [ 4423060.8, 3069269.2 ], [ 4422935.3, 3069106.1 ], [ 4422843.3, 3068928.8 ], [ 4422804.1, 3068900.6 ], [ 4422743.9, 3068876.7 ], [ 4422670.5, 3068875.0 ], [ 4422657.6, 3068814.7 ], [ 4422631.6, 3068780.6 ], [ 4422782.5, 3068677.2 ], [ 4422876.1, 3068726.0 ], [ 4422917.5, 3068706.6 ], [ 4422943.6, 3068716.5 ], [ 4422958.6, 3068712.8 ], [ 4422982.9, 3068668.1 ], [ 4423064.7, 3068693.7 ], [ 4423144.3, 3068696.7 ], [ 4423216.8, 3068735.6 ], [ 4423258.2, 3068732.9 ], [ 4423266.3, 3068720.9 ], [ 4423270.6, 3068680.0 ], [ 4423280.7, 3068669.9 ], [ 4423327.3, 3068677.5 ], [ 4423346.0, 3068667.1 ], [ 4423356.5, 3068634.6 ], [ 4423340.0, 3068615.8 ], [ 4423341.7, 3068601.6 ], [ 4423357.9, 3068595.6 ], [ 4423365.9, 3068574.8 ], [ 4423427.2, 3068582.4 ], [ 4423439.3, 3068556.8 ], [ 4423461.2, 3068536.0 ], [ 4423472.3, 3068487.2 ], [ 4423434.6, 3068456.4 ], [ 4423419.1, 3068420.2 ], [ 4423402.0, 3068411.7 ], [ 4423405.6, 3068391.4 ], [ 4423426.1, 3068389.9 ], [ 4423436.4, 3068379.6 ], [ 4423436.1, 3068327.2 ], [ 4423467.6, 3068261.3 ], [ 4423515.4, 3068228.3 ], [ 4423546.7, 3068225.3 ], [ 4423568.7, 3068183.1 ], [ 4423612.2, 3068211.8 ], [ 4423633.7, 3068209.1 ], [ 4423698.5, 3068114.2 ], [ 4423707.5, 3068126.1 ], [ 4423703.8, 3068184.8 ], [ 4423690.8, 3068202.7 ], [ 4423650.3, 3068207.9 ], [ 4423621.5, 3068259.8 ], [ 4423620.4, 3068278.2 ], [ 4423630.6, 3068290.1 ], [ 4423566.3, 3068450.4 ], [ 4423569.1, 3068464.0 ], [ 4423586.2, 3068474.9 ], [ 4423598.6, 3068498.0 ], [ 4423699.8, 3068513.8 ], [ 4423703.1, 3068520.6 ], [ 4423647.5, 3068582.9 ], [ 4423587.7, 3068614.2 ], [ 4423579.2, 3068625.6 ], [ 4423594.0, 3068728.2 ], [ 4423606.0, 3068740.7 ], [ 4423638.8, 3068747.4 ], [ 4423647.2, 3068819.0 ], [ 4423614.6, 3068825.4 ], [ 4423604.2, 3068835.6 ], [ 4423603.4, 3068878.6 ], [ 4423590.6, 3068893.0 ], [ 4423573.1, 3068950.6 ], [ 4423593.9, 3068967.9 ], [ 4423651.0, 3068943.8 ], [ 4423663.5, 3068952.3 ], [ 4423685.0, 3068951.3 ], [ 4423751.0, 3068927.7 ], [ 4423813.3, 3068884.8 ], [ 4423836.7, 3068885.4 ], [ 4423833.4, 3068972.6 ], [ 4423826.1, 3069005.7 ], [ 4423800.9, 3069051.7 ], [ 4423791.7, 3069098.4 ], [ 4423775.1, 3069118.3 ], [ 4423692.8, 3069092.6 ], [ 4423680.7, 3069073.6 ], [ 4423662.8, 3069064.8 ], [ 4423632.3, 3069071.1 ], [ 4423617.6, 3069083.8 ], [ 4423609.1, 3069077.3 ], [ 4423613.5, 3069054.0 ], [ 4423597.6, 3069040.5 ], [ 4423559.5, 3069060.1 ], [ 4423555.6, 3069087.0 ], [ 4423577.0, 3069108.9 ], [ 4423598.0, 3069198.4 ], [ 4423621.6, 3069235.7 ], [ 4423621.4, 3069275.5 ], [ 4423590.8, 3069308.7 ], [ 4423589.9, 3069380.3 ], [ 4423557.3, 3069396.1 ], [ 4423549.6, 3069418.4 ], [ 4423563.8, 3069445.6 ], [ 4423591.9, 3069441.8 ], [ 4423626.0, 3069451.2 ], [ 4423631.7, 3069509.6 ], [ 4423652.5, 3069535.3 ], [ 4423667.7, 3069587.4 ], [ 4423729.6, 3069588.4 ], [ 4423741.2, 3069602.6 ], [ 4423774.5, 3069689.4 ], [ 4423763.6, 3069715.9 ], [ 4423790.5, 3069794.7 ], [ 4423801.1, 3069804.5 ], [ 4423839.6, 3069812.5 ], [ 4423858.9, 3069806.5 ], [ 4423917.7, 3069724.6 ], [ 4423916.0, 3069700.7 ], [ 4423897.0, 3069687.9 ], [ 4423886.8, 3069648.7 ], [ 4423912.1, 3069610.1 ], [ 4423945.1, 3069522.3 ], [ 4423979.9, 3069501.3 ], [ 4424027.2, 3069511.6 ], [ 4424032.1, 3069580.8 ], [ 4423991.9, 3069616.4 ], [ 4423986.0, 3069630.1 ], [ 4423990.2, 3069644.5 ], [ 4424022.0, 3069675.5 ], [ 4423986.8, 3069752.3 ], [ 4423961.5, 3069773.5 ], [ 4423956.8, 3069793.6 ], [ 4423937.0, 3069805.0 ], [ 4423920.4, 3069852.7 ], [ 4423924.1, 3069871.3 ], [ 4423907.2, 3069894.0 ], [ 4423922.6, 3069916.5 ], [ 4423926.8, 3069943.7 ], [ 4423944.1, 3069950.0 ], [ 4423962.8, 3069942.9 ], [ 4423970.9, 3070010.4 ], [ 4423990.9, 3070017.5 ], [ 4424037.5, 3069999.3 ], [ 4424043.6, 3069983.7 ], [ 4424038.7, 3069938.3 ], [ 4424064.5, 3069917.1 ], [ 4424075.6, 3069916.3 ], [ 4424079.3, 3069953.2 ], [ 4424131.4, 3070106.2 ], [ 4424125.5, 3070145.4 ], [ 4424147.7, 3070160.3 ], [ 4424200.5, 3070148.0 ], [ 4424220.7, 3070134.0 ], [ 4424227.5, 3070102.7 ], [ 4424253.7, 3070079.2 ], [ 4424277.0, 3069985.6 ], [ 4424348.5, 3070010.7 ], [ 4424326.8, 3070165.6 ], [ 4424333.1, 3070181.6 ], [ 4424388.9, 3070195.2 ], [ 4424404.9, 3070189.2 ], [ 4424416.9, 3070146.0 ], [ 4424438.0, 3070116.2 ], [ 4424445.8, 3070078.4 ], [ 4424505.4, 3070101.5 ], [ 4424504.4, 3070119.5 ], [ 4424524.4, 3070157.0 ], [ 4424556.3, 3070165.9 ], [ 4424573.3, 3070145.2 ], [ 4424586.9, 3070154.6 ], [ 4424606.9, 3070202.0 ], [ 4424625.1, 3070213.7 ], [ 4424640.1, 3070213.8 ], [ 4424651.7, 3070204.2 ], [ 4424655.0, 3070165.7 ], [ 4424674.5, 3070172.2 ], [ 4424671.9, 3070272.7 ], [ 4424688.3, 3070289.5 ], [ 4424698.3, 3070326.5 ], [ 4424717.1, 3070336.7 ], [ 4424730.8, 3070331.7 ], [ 4424758.1, 3070297.9 ], [ 4424761.7, 3070246.7 ], [ 4424754.4, 3070224.6 ], [ 4424760.8, 3070203.3 ], [ 4424794.2, 3070196.5 ], [ 4424850.8, 3070144.6 ], [ 4424870.6, 3070163.3 ], [ 4424894.2, 3070148.8 ], [ 4424890.0, 3069917.6 ], [ 4424953.9, 3069961.8 ], [ 4425000.6, 3069947.4 ], [ 4425030.8, 3070012.2 ], [ 4425032.6, 3070051.1 ], [ 4424992.3, 3070199.9 ], [ 4424965.6, 3070195.4 ], [ 4424949.3, 3070208.7 ], [ 4424947.0, 3070234.1 ], [ 4424955.8, 3070249.4 ], [ 4424944.2, 3070276.0 ], [ 4424961.8, 3070300.5 ], [ 4425000.9, 3070325.2 ], [ 4425001.3, 3070356.8 ], [ 4425018.0, 3070387.2 ], [ 4425007.3, 3070404.0 ], [ 4425010.0, 3070421.2 ], [ 4425041.2, 3070441.6 ], [ 4425059.9, 3070444.2 ], [ 4425075.1, 3070429.1 ], [ 4425091.1, 3070336.2 ], [ 4425183.9, 3070111.1 ], [ 4425183.3, 3070057.8 ], [ 4425139.7, 3069905.8 ], [ 4425123.9, 3069877.1 ], [ 4425098.7, 3069762.8 ], [ 4425100.1, 3069696.5 ], [ 4425112.3, 3069687.9 ], [ 4425113.6, 3069731.8 ], [ 4425133.4, 3069774.5 ], [ 4425160.6, 3069769.4 ], [ 4425169.6, 3069746.3 ], [ 4425204.5, 3069744.7 ], [ 4425217.6, 3069765.1 ], [ 4425245.8, 3069765.5 ], [ 4425206.1, 3069861.1 ], [ 4425218.6, 3069877.8 ], [ 4425260.0, 3070000.0 ], [ 4425273.1, 3070015.8 ], [ 4425306.6, 3070030.9 ], [ 4425359.3, 3070000.8 ], [ 4425436.3, 3069976.6 ], [ 4425442.9, 3069993.5 ], [ 4425361.3, 3070042.0 ], [ 4425353.9, 3070069.1 ], [ 4425303.1, 3070113.7 ], [ 4425263.4, 3070214.1 ], [ 4425254.4, 3070268.7 ], [ 4425262.2, 3070316.4 ], [ 4425275.9, 3070334.1 ], [ 4425357.1, 3070346.5 ], [ 4425434.1, 3070323.8 ], [ 4425446.2, 3070335.7 ], [ 4425440.0, 3070390.5 ], [ 4425446.3, 3070445.6 ], [ 4425455.5, 3070457.1 ], [ 4425473.6, 3070459.3 ], [ 4425606.4, 3070380.4 ], [ 4425637.8, 3070373.7 ], [ 4425655.7, 3070343.7 ], [ 4425646.9, 3070321.7 ], [ 4425579.3, 3070296.6 ], [ 4425549.0, 3070293.9 ], [ 4425489.7, 3070304.7 ], [ 4425487.3, 3070296.0 ], [ 4425497.8, 3070282.3 ], [ 4425651.9, 3070217.1 ], [ 4425718.8, 3070176.5 ], [ 4425728.5, 3070270.3 ], [ 4425748.5, 3070319.2 ], [ 4425695.0, 3070378.1 ], [ 4425610.9, 3070420.6 ], [ 4425577.9, 3070502.5 ], [ 4425495.4, 3070581.1 ], [ 4425501.4, 3070607.8 ], [ 4425529.7, 3070625.2 ], [ 4425641.0, 3070646.7 ], [ 4425672.8, 3070639.1 ], [ 4425690.9, 3070596.6 ], [ 4425750.4, 3070607.5 ], [ 4425775.1, 3070621.8 ], [ 4425826.6, 3070627.7 ], [ 4425858.6, 3070642.3 ], [ 4425886.1, 3070643.3 ], [ 4425917.2, 3070663.8 ], [ 4425914.9, 3070742.7 ], [ 4425722.0, 3070758.1 ], [ 4425711.9, 3070772.6 ], [ 4425715.8, 3070789.9 ], [ 4425751.8, 3070804.9 ], [ 4425815.9, 3070816.0 ], [ 4426031.0, 3070830.7 ], [ 4426127.6, 3070813.6 ], [ 4426264.5, 3070802.8 ], [ 4426575.7, 3070816.4 ], [ 4426680.6, 3070850.2 ], [ 4426853.5, 3070934.2 ], [ 4426879.7, 3070933.4 ], [ 4426930.2, 3070949.2 ], [ 4427115.2, 3071086.2 ], [ 4427148.8, 3071127.1 ], [ 4427194.6, 3071211.3 ], [ 4427214.8, 3071275.2 ], [ 4427226.2, 3071402.5 ], [ 4427243.7, 3071448.6 ], [ 4427253.2, 3071555.2 ], [ 4427329.4, 3071735.9 ], [ 4427369.7, 3071771.2 ], [ 4427383.5, 3071768.7 ], [ 4427400.8, 3071751.4 ], [ 4427448.5, 3071837.3 ], [ 4427580.5, 3071964.1 ], [ 4427598.5, 3071966.0 ], [ 4427612.4, 3071952.6 ], [ 4427689.9, 3071986.0 ], [ 4427725.6, 3072018.5 ], [ 4427754.4, 3072030.5 ], [ 4427756.1, 3072045.0 ], [ 4427698.4, 3072038.9 ], [ 4427687.1, 3072053.4 ], [ 4427688.7, 3072068.1 ], [ 4427728.2, 3072098.5 ], [ 4427780.1, 3072121.2 ], [ 4427803.1, 3072148.5 ], [ 4427878.5, 3072261.4 ], [ 4427868.7, 3072282.9 ], [ 4427884.4, 3072314.0 ], [ 4427905.8, 3072316.7 ], [ 4427927.8, 3072298.7 ], [ 4427968.3, 3072328.9 ], [ 4427983.3, 3072328.5 ], [ 4427999.5, 3072316.1 ], [ 4428018.7, 3072339.8 ], [ 4428035.4, 3072343.6 ], [ 4428128.9, 3072279.4 ], [ 4428187.8, 3072257.4 ], [ 4428272.2, 3072305.0 ], [ 4428276.6, 3072332.7 ], [ 4428317.4, 3072362.1 ], [ 4428341.3, 3072368.6 ], [ 4428365.3, 3072358.5 ], [ 4428384.5, 3072328.6 ], [ 4428402.2, 3072255.3 ], [ 4428405.7, 3072216.5 ], [ 4428394.7, 3072202.0 ], [ 4428380.1, 3072199.7 ], [ 4428353.2, 3072214.1 ], [ 4428335.9, 3072213.6 ], [ 4428320.0, 3072188.8 ], [ 4428296.5, 3072175.7 ], [ 4428228.7, 3072159.0 ], [ 4428206.3, 3072173.6 ], [ 4428090.3, 3072168.2 ], [ 4427977.8, 3072118.0 ], [ 4428037.7, 3071995.4 ], [ 4428062.7, 3071992.7 ], [ 4428121.1, 3071959.5 ], [ 4428145.4, 3071929.9 ], [ 4428153.5, 3071954.9 ], [ 4428243.1, 3072059.3 ], [ 4428261.6, 3072066.5 ], [ 4428278.4, 3072058.3 ], [ 4428285.2, 3072036.5 ], [ 4428234.1, 3071926.0 ], [ 4428206.8, 3071834.2 ], [ 4428237.5, 3071828.8 ], [ 4428268.3, 3071796.8 ], [ 4428341.9, 3071761.5 ], [ 4428356.8, 3071770.7 ], [ 4428370.0, 3071787.3 ], [ 4428343.4, 3071828.9 ], [ 4428328.0, 3071927.7 ], [ 4428351.4, 3071962.3 ], [ 4428378.4, 3071966.5 ], [ 4428449.6, 3072142.3 ], [ 4428457.1, 3072195.4 ], [ 4428444.4, 3072326.8 ], [ 4428430.6, 3072331.9 ], [ 4428380.6, 3072386.3 ], [ 4428349.4, 3072399.5 ], [ 4428341.3, 3072415.1 ], [ 4428294.1, 3072405.5 ], [ 4428232.8, 3072367.8 ], [ 4428186.8, 3072371.4 ], [ 4428139.8, 3072405.3 ], [ 4428090.9, 3072468.9 ], [ 4428098.6, 3072549.5 ], [ 4428155.5, 3072736.4 ], [ 4428197.2, 3072809.0 ], [ 4428252.9, 3072870.3 ], [ 4428275.6, 3072907.0 ], [ 4428298.0, 3072906.1 ], [ 4428326.1, 3072877.4 ], [ 4428351.5, 3072875.7 ], [ 4428362.8, 3072866.2 ], [ 4428389.1, 3072870.3 ], [ 4428400.2, 3072846.4 ], [ 4428382.0, 3072829.3 ], [ 4428359.6, 3072840.0 ], [ 4428318.9, 3072826.9 ], [ 4428286.2, 3072794.9 ], [ 4428280.7, 3072774.7 ], [ 4428215.3, 3072677.1 ], [ 4428208.4, 3072646.2 ], [ 4428213.4, 3072608.2 ], [ 4428193.7, 3072513.4 ], [ 4428173.1, 3072487.8 ], [ 4428202.6, 3072452.1 ], [ 4428239.7, 3072458.3 ], [ 4428265.5, 3072482.5 ], [ 4428349.5, 3072529.4 ], [ 4428379.2, 3072530.2 ], [ 4428446.6, 3072504.6 ], [ 4428454.0, 3072485.2 ], [ 4428443.6, 3072461.3 ], [ 4428502.2, 3072421.5 ], [ 4428532.0, 3072423.2 ], [ 4428554.9, 3072440.7 ], [ 4428574.0, 3072432.2 ], [ 4428579.2, 3072406.5 ], [ 4428562.8, 3072388.2 ], [ 4428576.4, 3072317.2 ], [ 4428630.6, 3072149.7 ], [ 4428659.8, 3072192.2 ], [ 4428683.8, 3072193.0 ], [ 4428722.0, 3072133.0 ], [ 4428858.7, 3072019.4 ], [ 4428881.9, 3071980.4 ], [ 4428891.4, 3071922.4 ], [ 4428885.1, 3071898.5 ], [ 4428870.9, 3071888.4 ], [ 4428851.0, 3071894.1 ], [ 4428781.6, 3071987.2 ], [ 4428690.4, 3071946.8 ], [ 4428712.7, 3071854.2 ], [ 4428761.7, 3071792.7 ], [ 4428824.7, 3071678.5 ], [ 4428922.4, 3071718.2 ], [ 4428936.8, 3071713.8 ], [ 4428963.1, 3071682.7 ], [ 4429030.6, 3071702.6 ], [ 4429029.1, 3071722.8 ], [ 4429014.3, 3071746.9 ], [ 4429015.9, 3071761.9 ], [ 4429088.9, 3071876.8 ], [ 4429104.2, 3071887.2 ], [ 4429133.9, 3071883.1 ], [ 4429164.4, 3071889.6 ], [ 4429228.6, 3071861.6 ], [ 4429236.0, 3071836.1 ], [ 4429202.8, 3071784.6 ], [ 4429259.1, 3071727.1 ], [ 4429284.4, 3071720.3 ], [ 4429297.4, 3071728.0 ], [ 4429303.1, 3071739.6 ], [ 4429288.9, 3071793.8 ], [ 4429246.7, 3071839.3 ], [ 4429270.7, 3071936.3 ], [ 4429261.0, 3071951.5 ], [ 4429262.4, 3071991.8 ], [ 4429349.6, 3072084.8 ], [ 4429252.3, 3072152.7 ], [ 4429229.7, 3072179.5 ], [ 4429165.1, 3072229.6 ], [ 4429160.6, 3072255.9 ], [ 4429195.6, 3072292.7 ], [ 4429240.1, 3072297.5 ], [ 4429336.4, 3072208.1 ], [ 4429417.5, 3072155.6 ], [ 4429444.4, 3072154.2 ], [ 4429500.8, 3072087.3 ], [ 4429544.8, 3072132.5 ], [ 4429465.6, 3072215.6 ], [ 4429387.3, 3072259.5 ], [ 4429330.1, 3072311.2 ], [ 4429279.7, 3072373.1 ], [ 4429253.1, 3072459.9 ], [ 4429250.7, 3072540.4 ], [ 4429293.7, 3072648.9 ], [ 4429292.0, 3072720.0 ], [ 4429257.8, 3072888.9 ], [ 4429210.5, 3072958.0 ], [ 4429005.5, 3073088.0 ], [ 4428844.7, 3073094.0 ], [ 4428718.0, 3073132.2 ], [ 4428707.7, 3073157.7 ], [ 4428719.1, 3073176.5 ], [ 4428736.2, 3073181.5 ], [ 4428784.5, 3073171.9 ], [ 4428797.6, 3073157.4 ], [ 4428838.2, 3073153.3 ], [ 4428840.9, 3073176.6 ], [ 4428858.9, 3073188.0 ], [ 4429039.6, 3073172.6 ], [ 4429091.5, 3073163.5 ], [ 4429105.3, 3073149.6 ], [ 4429243.8, 3073100.1 ], [ 4429310.4, 3073061.3 ], [ 4429324.2, 3073077.4 ], [ 4429342.0, 3073076.4 ], [ 4429396.8, 3072956.1 ], [ 4429421.5, 3072873.1 ], [ 4429545.0, 3072641.2 ], [ 4429564.8, 3072635.9 ], [ 4429589.5, 3072611.7 ], [ 4429630.6, 3072646.6 ], [ 4429628.4, 3072680.0 ], [ 4429684.5, 3072760.4 ], [ 4429693.1, 3072807.7 ], [ 4429677.5, 3072859.7 ], [ 4429655.5, 3072878.0 ], [ 4429631.8, 3072943.1 ], [ 4429589.4, 3073005.9 ], [ 4429568.8, 3073003.2 ], [ 4429554.4, 3073015.0 ], [ 4429544.0, 3073051.0 ], [ 4429544.3, 3073101.7 ], [ 4429576.0, 3073148.9 ], [ 4429574.5, 3073158.9 ], [ 4429515.3, 3073227.2 ], [ 4429519.2, 3073254.6 ], [ 4429469.1, 3073310.8 ], [ 4429471.9, 3073328.4 ], [ 4429484.7, 3073337.8 ], [ 4429459.1, 3073383.5 ], [ 4429458.8, 3073397.9 ], [ 4429519.9, 3073444.5 ], [ 4429547.6, 3073439.4 ], [ 4429573.7, 3073393.8 ], [ 4429570.3, 3073372.8 ], [ 4429585.4, 3073318.9 ], [ 4429556.8, 3073294.2 ] ], [ [ 4428498.3, 3071663.2 ], [ 4428473.8, 3071710.5 ], [ 4428454.7, 3071698.6 ], [ 4428439.4, 3071627.6 ], [ 4428398.0, 3071563.1 ], [ 4428365.0, 3071539.1 ], [ 4428359.7, 3071518.2 ], [ 4428363.4, 3071507.2 ], [ 4428416.8, 3071529.4 ], [ 4428437.8, 3071522.9 ], [ 4428452.7, 3071442.1 ], [ 4428420.5, 3071409.9 ], [ 4428471.6, 3071343.8 ], [ 4428510.9, 3071319.2 ], [ 4428544.6, 3071311.9 ], [ 4428586.5, 3071273.8 ], [ 4428623.4, 3071259.8 ], [ 4428656.3, 3071277.4 ], [ 4428634.1, 3071319.1 ], [ 4428600.5, 3071358.2 ], [ 4428498.6, 3071422.4 ], [ 4428467.8, 3071463.9 ], [ 4428462.7, 3071516.1 ], [ 4428500.1, 3071604.8 ], [ 4428498.3, 3071663.2 ] ], [ [ 4429098.1, 3071460.1 ], [ 4429105.9, 3071441.2 ], [ 4429116.8, 3071444.5 ], [ 4429105.1, 3071462.4 ], [ 4429098.1, 3071460.1 ] ], [ [ 4430140.1, 3071319.7 ], [ 4430158.0, 3071318.9 ], [ 4430145.5, 3071344.6 ], [ 4430129.0, 3071335.8 ], [ 4430140.1, 3071319.7 ] ], [ [ 4427374.5, 3070624.5 ], [ 4427381.8, 3070617.5 ], [ 4427392.8, 3070628.2 ], [ 4427386.2, 3070636.1 ], [ 4427374.5, 3070624.5 ] ], [ [ 4428802.9, 3070487.6 ], [ 4428828.4, 3070485.7 ], [ 4428836.9, 3070501.4 ], [ 4428831.2, 3070537.7 ], [ 4428807.7, 3070529.5 ], [ 4428803.6, 3070517.8 ], [ 4428802.9, 3070487.6 ] ], [ [ 4428805.3, 3070343.9 ], [ 4428853.3, 3070332.7 ], [ 4428861.7, 3070349.9 ], [ 4428837.8, 3070362.3 ], [ 4428823.9, 3070393.9 ], [ 4428806.5, 3070395.8 ], [ 4428795.9, 3070374.4 ], [ 4428805.3, 3070343.9 ] ], [ [ 4428814.9, 3070140.6 ], [ 4428862.1, 3069945.2 ], [ 4428907.6, 3069979.9 ], [ 4428858.3, 3070134.9 ], [ 4428814.9, 3070140.6 ] ], [ [ 4426906.7, 3070133.6 ], [ 4426903.1, 3070124.9 ], [ 4426910.8, 3070122.6 ], [ 4426913.8, 3070131.1 ], [ 4426906.7, 3070133.6 ] ], [ [ 4424665.7, 3070024.0 ], [ 4424646.0, 3070024.2 ], [ 4424647.0, 3070005.0 ], [ 4424665.0, 3070005.4 ], [ 4424665.7, 3070024.0 ] ], [ [ 4424812.2, 3068954.5 ], [ 4424816.8, 3068935.9 ], [ 4424825.5, 3068936.3 ], [ 4424825.0, 3068954.9 ], [ 4424812.2, 3068954.5 ] ], [ [ 4422653.3, 3067662.3 ], [ 4422699.9, 3067641.3 ], [ 4422708.6, 3067647.1 ], [ 4422707.1, 3067714.4 ], [ 4422649.9, 3067681.4 ], [ 4422653.3, 3067662.3 ] ], [ [ 4422682.7, 3067515.2 ], [ 4422713.1, 3067510.1 ], [ 4422715.0, 3067546.9 ], [ 4422704.8, 3067552.8 ], [ 4422686.7, 3067550.4 ], [ 4422681.3, 3067535.8 ], [ 4422682.7, 3067515.2 ] ], [ [ 4426383.1, 3067436.4 ], [ 4426292.7, 3067389.8 ], [ 4426250.9, 3067325.9 ], [ 4426232.7, 3067240.5 ], [ 4426184.4, 3067111.2 ], [ 4426181.5, 3067071.5 ], [ 4426195.0, 3066936.5 ], [ 4426188.1, 3066900.1 ], [ 4426166.1, 3066858.6 ], [ 4426181.1, 3066848.5 ], [ 4426183.4, 3066830.6 ], [ 4426155.2, 3066799.6 ], [ 4426113.8, 3066771.3 ], [ 4426147.8, 3066734.5 ], [ 4426193.0, 3066748.2 ], [ 4426271.2, 3066799.9 ], [ 4426281.3, 3066814.0 ], [ 4426281.2, 3066857.8 ], [ 4426293.5, 3066880.4 ], [ 4426304.5, 3066944.6 ], [ 4426284.2, 3067013.7 ], [ 4426278.3, 3067089.9 ], [ 4426324.1, 3067218.6 ], [ 4426324.4, 3067262.5 ], [ 4426306.8, 3067275.2 ], [ 4426306.6, 3067295.8 ], [ 4426362.2, 3067345.1 ], [ 4426439.4, 3067395.1 ], [ 4426383.1, 3067436.4 ] ], [ [ 4428958.6, 3066815.1 ], [ 4428972.3, 3066805.5 ], [ 4429007.0, 3066822.6 ], [ 4429002.5, 3066852.9 ], [ 4428975.8, 3066838.9 ], [ 4428958.6, 3066815.1 ] ], [ [ 4428898.2, 3066735.8 ], [ 4428886.4, 3066708.0 ], [ 4428902.4, 3066695.0 ], [ 4428953.2, 3066737.3 ], [ 4428952.5, 3066744.0 ], [ 4428923.1, 3066753.2 ], [ 4428898.2, 3066735.8 ] ], [ [ 4421314.5, 3066915.1 ], [ 4421296.9, 3066879.5 ], [ 4421299.0, 3066856.6 ], [ 4421313.1, 3066864.6 ], [ 4421335.0, 3066907.0 ], [ 4421314.5, 3066915.1 ] ], [ [ 4425664.0, 3067133.6 ], [ 4425689.0, 3067102.9 ], [ 4425711.1, 3067103.5 ], [ 4425710.7, 3067119.5 ], [ 4425664.0, 3067133.6 ] ], [ [ 4424024.7, 3067283.4 ], [ 4424016.0, 3067284.4 ], [ 4424004.2, 3067211.5 ], [ 4424019.5, 3067204.0 ], [ 4424043.3, 3067209.9 ], [ 4424055.8, 3067225.2 ], [ 4424054.7, 3067238.9 ], [ 4424024.7, 3067283.4 ] ], [ [ 4422689.1, 3067433.0 ], [ 4422677.5, 3067427.0 ], [ 4422677.9, 3067390.1 ], [ 4422707.7, 3067389.8 ], [ 4422708.2, 3067425.6 ], [ 4422689.1, 3067433.0 ] ], [ [ 4428735.0, 3066563.7 ], [ 4428691.5, 3066522.3 ], [ 4428697.0, 3066504.7 ], [ 4428707.3, 3066501.9 ], [ 4428723.6, 3066511.0 ], [ 4428776.6, 3066555.5 ], [ 4428766.9, 3066580.0 ], [ 4428735.0, 3066563.7 ] ], [ [ 4421323.5, 3066207.1 ], [ 4421330.4, 3066213.1 ], [ 4421297.7, 3066262.4 ], [ 4421287.2, 3066240.0 ], [ 4421323.5, 3066207.1 ] ], [ [ 4424709.1, 3065968.1 ], [ 4424722.9, 3065961.7 ], [ 4424744.3, 3065971.6 ], [ 4424759.5, 3066015.7 ], [ 4424749.3, 3066057.7 ], [ 4424679.3, 3066040.1 ], [ 4424709.1, 3065968.1 ] ], [ [ 4425213.4, 3065596.1 ], [ 4425283.6, 3065584.3 ], [ 4425286.0, 3065593.3 ], [ 4425218.9, 3065606.6 ], [ 4425213.4, 3065596.1 ] ], [ [ 4427382.8, 3065479.4 ], [ 4427383.4, 3065453.9 ], [ 4427396.7, 3065454.3 ], [ 4427397.7, 3065483.5 ], [ 4427382.8, 3065479.4 ] ], [ [ 4425161.2, 3064827.7 ], [ 4425190.9, 3064857.0 ], [ 4425201.0, 3064880.9 ], [ 4425164.3, 3064858.8 ], [ 4425161.2, 3064827.7 ] ], [ [ 4423045.4, 3062812.1 ], [ 4423044.0, 3062782.4 ], [ 4423087.0, 3062771.4 ], [ 4423094.9, 3062782.0 ], [ 4423096.1, 3062820.2 ], [ 4423045.4, 3062812.1 ] ], [ [ 4428917.3, 3068333.0 ], [ 4428896.4, 3068300.5 ], [ 4428913.7, 3068289.9 ], [ 4428941.7, 3068319.4 ], [ 4428933.3, 3068330.8 ], [ 4428917.3, 3068333.0 ] ], [ [ 4428947.8, 3068614.2 ], [ 4428935.9, 3068627.4 ], [ 4428896.4, 3068579.0 ], [ 4428898.6, 3068570.7 ], [ 4428938.5, 3068570.1 ], [ 4428950.2, 3068557.5 ], [ 4428956.4, 3068532.0 ], [ 4428936.1, 3068502.4 ], [ 4428941.9, 3068479.3 ], [ 4428969.9, 3068516.4 ], [ 4428972.2, 3068532.8 ], [ 4428947.8, 3068614.2 ] ], [ [ 4430972.8, 3070769.1 ], [ 4430994.1, 3070743.5 ], [ 4431013.9, 3070766.1 ], [ 4430990.0, 3070787.3 ], [ 4430972.8, 3070769.1 ] ], [ [ 4430455.1, 3070675.5 ], [ 4430507.0, 3070662.9 ], [ 4430509.6, 3070669.2 ], [ 4430477.4, 3070707.2 ], [ 4430450.9, 3070690.1 ], [ 4430455.1, 3070675.5 ] ], [ [ 4432310.2, 3069757.3 ], [ 4432317.5, 3069747.3 ], [ 4432328.4, 3069755.7 ], [ 4432321.5, 3069764.1 ], [ 4432310.2, 3069757.3 ] ], [ [ 4430496.5, 3069696.6 ], [ 4430512.8, 3069673.3 ], [ 4430530.6, 3069681.6 ], [ 4430522.0, 3069702.4 ], [ 4430496.5, 3069696.6 ] ], [ [ 4432193.5, 3069604.8 ], [ 4432211.0, 3069604.9 ], [ 4432228.7, 3069615.4 ], [ 4432229.6, 3069624.6 ], [ 4432198.0, 3069642.7 ], [ 4432193.5, 3069604.8 ] ], [ [ 4430369.7, 3069259.7 ], [ 4430370.0, 3069248.8 ], [ 4430384.9, 3069249.2 ], [ 4430384.6, 3069260.1 ], [ 4430369.7, 3069259.7 ] ], [ [ 4430872.5, 3069118.1 ], [ 4430891.2, 3069118.1 ], [ 4430901.6, 3069138.3 ], [ 4430868.5, 3069169.7 ], [ 4430859.7, 3069162.1 ], [ 4430857.5, 3069144.3 ], [ 4430872.5, 3069118.1 ] ], [ [ 4432117.8, 3068578.6 ], [ 4432130.7, 3068573.1 ], [ 4432136.5, 3068585.9 ], [ 4432122.5, 3068592.2 ], [ 4432117.8, 3068578.6 ] ], [ [ 4430833.7, 3068257.9 ], [ 4430869.8, 3068246.9 ], [ 4430879.3, 3068278.6 ], [ 4430843.9, 3068290.7 ], [ 4430833.7, 3068257.9 ] ], [ [ 4432012.9, 3068149.1 ], [ 4432010.4, 3068130.9 ], [ 4432035.7, 3068139.1 ], [ 4432033.1, 3068149.6 ], [ 4432012.9, 3068149.1 ] ] ] } },
{ "type": "Feature", "properties": { "id": "forest_86688", "state": "Thüringen", "area_ha": 5238.39, "unfragmented": true, "image": "forest_86688.webp", "real_width_m": 11828.9, "real_height_m": 8061.2, "pixel_width": 1182, "pixel_height": 806, "centroid_x": 4338777.7, "centroid_y": 3070914.9 }, "geometry": { "type": "Polygon", "coordinates": [ [ [ 4340789.4, 3074373.4 ], [ 4340809.1, 3074364.3 ], [ 4340788.1, 3074390.9 ], [ 4340775.0, 3074424.7 ], [ 4340761.2, 3074503.2 ], [ 4340758.5, 3074582.7 ], [ 4340785.4, 3074665.7 ], [ 4340847.7, 3074744.5 ], [ 4340877.0, 3074813.0 ], [ 4340871.1, 3074878.4 ], [ 4340858.3, 3074885.8 ], [ 4340852.4, 3074902.4 ], [ 4340860.8, 3075087.4 ], [ 4340876.0, 3075100.7 ], [ 4340919.5, 3075100.7 ], [ 4340928.1, 3075116.8 ], [ 4340948.2, 3075120.8 ], [ 4340963.3, 3075106.6 ], [ 4340966.3, 3075087.6 ], [ 4340958.3, 3075072.9 ], [ 4340964.8, 3075050.7 ], [ 4340979.6, 3075034.5 ], [ 4341014.8, 3075045.3 ], [ 4341083.1, 3075008.5 ], [ 4341090.3, 3075023.6 ], [ 4341073.8, 3075038.4 ], [ 4341075.1, 3075062.5 ], [ 4341087.1, 3075075.6 ], [ 4341104.9, 3075075.5 ], [ 4341204.1, 3074997.5 ], [ 4341302.7, 3074798.6 ], [ 4341315.6, 3074713.4 ], [ 4341356.4, 3074628.5 ], [ 4341344.4, 3074580.6 ], [ 4341353.0, 3074542.0 ], [ 4341369.4, 3074520.9 ], [ 4341366.2, 3074505.3 ], [ 4341346.6, 3074482.7 ], [ 4341358.5, 3074448.6 ], [ 4341389.1, 3074452.2 ], [ 4341435.4, 3074406.7 ], [ 4341472.7, 3074439.7 ], [ 4341490.3, 3074440.8 ], [ 4341524.3, 3074392.9 ], [ 4341542.5, 3074327.9 ], [ 4341520.7, 3074300.8 ], [ 4341535.7, 3074216.9 ], [ 4341527.2, 3074202.5 ], [ 4341506.9, 3074194.2 ], [ 4341500.7, 3074161.2 ], [ 4341529.2, 3074145.2 ], [ 4341533.7, 3074082.1 ], [ 4341584.9, 3074104.8 ], [ 4341627.5, 3074064.1 ], [ 4341662.1, 3074043.3 ], [ 4341770.7, 3074032.3 ], [ 4341803.0, 3074020.5 ], [ 4341951.7, 3073930.0 ], [ 4341994.2, 3073876.4 ], [ 4342038.6, 3073789.3 ], [ 4342045.8, 3073700.7 ], [ 4341907.8, 3073601.9 ], [ 4341936.9, 3073525.8 ], [ 4341933.2, 3073507.7 ], [ 4341920.4, 3073498.7 ], [ 4341948.8, 3073419.6 ], [ 4341971.1, 3073422.8 ], [ 4342010.2, 3073397.3 ], [ 4342065.0, 3073333.6 ], [ 4342068.9, 3073313.6 ], [ 4342053.7, 3073294.5 ], [ 4342001.6, 3073153.6 ], [ 4341952.0, 3073078.4 ], [ 4341909.1, 3073030.4 ], [ 4341823.9, 3072968.3 ], [ 4341806.4, 3072970.0 ], [ 4341768.2, 3072994.2 ], [ 4341747.2, 3072995.8 ], [ 4341715.6, 3072942.5 ], [ 4341753.7, 3072906.5 ], [ 4341841.5, 3072863.7 ], [ 4341879.0, 3072808.3 ], [ 4341877.2, 3072787.8 ], [ 4341854.0, 3072767.6 ], [ 4341827.6, 3072763.8 ], [ 4341797.7, 3072788.6 ], [ 4341781.2, 3072781.7 ], [ 4341766.9, 3072786.1 ], [ 4341738.8, 3072822.4 ], [ 4341699.6, 3072819.5 ], [ 4341637.7, 3072774.7 ], [ 4341577.8, 3072769.0 ], [ 4341530.7, 3072775.3 ], [ 4341413.0, 3072708.3 ], [ 4341327.0, 3072611.8 ], [ 4341306.8, 3072598.0 ], [ 4341299.2, 3072577.8 ], [ 4341267.9, 3072571.4 ], [ 4341232.7, 3072545.5 ], [ 4341210.2, 3072519.6 ], [ 4341222.6, 3072499.2 ], [ 4341254.3, 3072513.2 ], [ 4341273.0, 3072506.9 ], [ 4341316.9, 3072517.2 ], [ 4341334.0, 3072540.7 ], [ 4341328.7, 3072562.3 ], [ 4341337.7, 3072577.6 ], [ 4341360.4, 3072579.9 ], [ 4341406.4, 3072609.4 ], [ 4341511.4, 3072651.0 ], [ 4341550.9, 3072652.3 ], [ 4341574.2, 3072635.2 ], [ 4341580.3, 3072538.2 ], [ 4341594.0, 3072537.4 ], [ 4341610.3, 3072584.9 ], [ 4341603.8, 3072604.4 ], [ 4341608.4, 3072618.4 ], [ 4341647.4, 3072654.2 ], [ 4341735.8, 3072700.0 ], [ 4341821.7, 3072699.4 ], [ 4341955.7, 3072660.3 ], [ 4341996.5, 3072664.1 ], [ 4342002.8, 3072685.7 ], [ 4342167.4, 3072835.9 ], [ 4342232.9, 3072917.6 ], [ 4342259.4, 3072922.1 ], [ 4342290.6, 3072861.8 ], [ 4342287.6, 3072797.8 ], [ 4342338.1, 3072781.3 ], [ 4342366.5, 3072754.3 ], [ 4342382.8, 3072725.5 ], [ 4342391.9, 3072681.0 ], [ 4342378.2, 3072634.1 ], [ 4342376.9, 3072598.5 ], [ 4342267.1, 3072524.1 ], [ 4342309.3, 3072477.4 ], [ 4342347.0, 3072408.9 ], [ 4342371.0, 3072305.3 ], [ 4342394.4, 3072282.6 ], [ 4342434.2, 3072263.3 ], [ 4342439.3, 3072238.9 ], [ 4342362.4, 3072181.7 ], [ 4342342.8, 3072188.5 ], [ 4342334.3, 3072210.8 ], [ 4342300.4, 3072210.5 ], [ 4342312.9, 3072175.9 ], [ 4342294.5, 3072154.2 ], [ 4342214.2, 3072158.5 ], [ 4342121.8, 3072116.6 ], [ 4342054.1, 3072135.2 ], [ 4342030.1, 3072132.6 ], [ 4341966.3, 3072092.4 ], [ 4341812.9, 3072058.7 ], [ 4341782.2, 3072039.1 ], [ 4341802.5, 3072001.9 ], [ 4341801.8, 3071975.2 ], [ 4341849.5, 3071982.6 ], [ 4341926.7, 3071969.6 ], [ 4341971.2, 3071978.5 ], [ 4342005.9, 3071994.3 ], [ 4342064.1, 3072006.6 ], [ 4342130.2, 3072078.9 ], [ 4342175.8, 3072098.0 ], [ 4342239.5, 3072111.6 ], [ 4342256.0, 3072125.6 ], [ 4342291.1, 3072121.7 ], [ 4342386.2, 3072078.2 ], [ 4342460.2, 3072006.4 ], [ 4342485.2, 3071959.0 ], [ 4342518.9, 3071918.0 ], [ 4342540.6, 3071920.1 ], [ 4342553.4, 3071902.6 ], [ 4342528.8, 3071848.4 ], [ 4342507.4, 3071838.8 ], [ 4342490.7, 3071841.8 ], [ 4342479.0, 3071857.6 ], [ 4342446.9, 3071869.7 ], [ 4342435.6, 3071928.6 ], [ 4342385.0, 3071985.3 ], [ 4342376.4, 3072007.4 ], [ 4342343.7, 3072026.8 ], [ 4342253.9, 3072038.3 ], [ 4342149.4, 3071979.3 ], [ 4342143.3, 3071963.5 ], [ 4342162.6, 3071924.2 ], [ 4342282.4, 3071736.2 ], [ 4342354.9, 3071640.4 ], [ 4342402.3, 3071658.2 ], [ 4342444.1, 3071685.8 ], [ 4342461.4, 3071684.4 ], [ 4342471.1, 3071674.3 ], [ 4342497.7, 3071681.5 ], [ 4342591.3, 3071750.3 ], [ 4342611.2, 3071743.1 ], [ 4342639.2, 3071698.4 ], [ 4342739.8, 3071735.0 ], [ 4342801.1, 3071732.9 ], [ 4342818.6, 3071740.5 ], [ 4342835.3, 3071732.5 ], [ 4342849.3, 3071708.2 ], [ 4342912.3, 3071732.1 ], [ 4342934.5, 3071716.5 ], [ 4342977.3, 3071569.9 ], [ 4342961.7, 3071543.9 ], [ 4342936.8, 3071538.2 ], [ 4342917.9, 3071522.2 ], [ 4342895.3, 3071531.4 ], [ 4342888.3, 3071550.7 ], [ 4342899.6, 3071600.1 ], [ 4342878.3, 3071586.6 ], [ 4342802.2, 3071485.1 ], [ 4342786.2, 3071477.5 ], [ 4342769.8, 3071484.3 ], [ 4342716.2, 3071539.9 ], [ 4342652.9, 3071487.2 ], [ 4342628.8, 3071491.3 ], [ 4342488.9, 3071428.3 ], [ 4342389.0, 3071410.1 ], [ 4342343.6, 3071393.4 ], [ 4342295.0, 3071357.1 ], [ 4342222.1, 3071268.4 ], [ 4342173.8, 3071145.2 ], [ 4342199.0, 3071084.2 ], [ 4342219.1, 3070895.8 ], [ 4342245.4, 3070809.1 ], [ 4342236.5, 3070789.1 ], [ 4342288.1, 3070719.8 ], [ 4342308.5, 3070719.8 ], [ 4342326.2, 3070699.2 ], [ 4342345.8, 3070696.9 ], [ 4342390.6, 3070673.7 ], [ 4342402.3, 3070651.7 ], [ 4342392.0, 3070620.7 ], [ 4342367.5, 3070611.8 ], [ 4342258.6, 3070678.5 ], [ 4342214.4, 3070697.3 ], [ 4342179.0, 3070700.9 ], [ 4342138.4, 3070692.9 ], [ 4342047.0, 3070623.3 ], [ 4342036.4, 3070447.0 ], [ 4342092.2, 3070322.7 ], [ 4342110.3, 3070252.6 ], [ 4342120.9, 3070304.2 ], [ 4342071.0, 3070434.7 ], [ 4342068.2, 3070494.5 ], [ 4342087.9, 3070562.7 ], [ 4342126.9, 3070617.3 ], [ 4342163.3, 3070640.7 ], [ 4342200.0, 3070643.5 ], [ 4342376.4, 3070579.9 ], [ 4342416.5, 3070582.2 ], [ 4342503.9, 3070628.6 ], [ 4342563.9, 3070698.6 ], [ 4342616.2, 3070835.7 ], [ 4342679.8, 3070927.0 ], [ 4342864.5, 3071090.4 ], [ 4342827.5, 3071100.6 ], [ 4342768.1, 3071073.7 ], [ 4342724.7, 3071018.1 ], [ 4342662.9, 3070977.7 ], [ 4342610.8, 3070912.6 ], [ 4342586.2, 3070914.9 ], [ 4342570.6, 3070946.0 ], [ 4342523.9, 3070934.4 ], [ 4342419.6, 3070846.4 ], [ 4342401.1, 3070848.8 ], [ 4342390.5, 3070865.2 ], [ 4342352.8, 3070863.0 ], [ 4342344.5, 3070888.7 ], [ 4342376.8, 3070930.1 ], [ 4342393.7, 3070935.4 ], [ 4342413.1, 3070925.1 ], [ 4342561.9, 3071038.8 ], [ 4342567.3, 3071076.8 ], [ 4342558.0, 3071139.3 ], [ 4342562.9, 3071152.6 ], [ 4342605.2, 3071171.3 ], [ 4342723.0, 3071193.4 ], [ 4342780.6, 3071213.5 ], [ 4342830.3, 3071205.8 ], [ 4342856.7, 3071160.7 ], [ 4342953.5, 3071196.3 ], [ 4342974.0, 3071193.4 ], [ 4342982.7, 3071168.0 ], [ 4343010.7, 3071160.4 ], [ 4343020.4, 3071150.2 ], [ 4343048.2, 3071055.2 ], [ 4343097.9, 3071014.1 ], [ 4343090.1, 3070964.3 ], [ 4343140.2, 3070925.9 ], [ 4343140.8, 3070864.5 ], [ 4343167.4, 3070704.7 ], [ 4343156.4, 3070637.8 ], [ 4343162.4, 3070619.6 ], [ 4343224.9, 3070623.5 ], [ 4343320.1, 3070652.7 ], [ 4343344.7, 3070703.4 ], [ 4343357.0, 3070757.5 ], [ 4343381.5, 3070768.1 ], [ 4343398.8, 3070747.1 ], [ 4343364.7, 3070605.8 ], [ 4343145.5, 3070553.3 ], [ 4343130.8, 3070482.3 ], [ 4343093.6, 3070462.7 ], [ 4343089.8, 3070452.9 ], [ 4343102.3, 3070394.1 ], [ 4343098.3, 3070380.3 ], [ 4343035.0, 3070353.8 ], [ 4343015.2, 3070358.8 ], [ 4342995.7, 3070348.1 ], [ 4342946.2, 3070295.2 ], [ 4342967.4, 3070277.6 ], [ 4342986.9, 3070265.5 ], [ 4343001.1, 3070304.8 ], [ 4343029.6, 3070323.6 ], [ 4343133.2, 3070344.8 ], [ 4343166.1, 3070341.3 ], [ 4343170.5, 3070362.2 ], [ 4343186.6, 3070375.1 ], [ 4343259.3, 3070399.4 ], [ 4343305.0, 3070406.0 ], [ 4343323.2, 3070385.8 ], [ 4343310.0, 3070357.2 ], [ 4343302.6, 3070291.0 ], [ 4343305.1, 3070252.8 ], [ 4343313.4, 3070239.3 ], [ 4343472.1, 3070220.5 ], [ 4343488.9, 3070229.0 ], [ 4343515.8, 3070225.2 ], [ 4343537.7, 3070201.7 ], [ 4343540.3, 3070185.2 ], [ 4343560.6, 3070177.0 ], [ 4343582.0, 3070190.4 ], [ 4343608.3, 3070189.6 ], [ 4343618.2, 3070163.2 ], [ 4343647.6, 3070142.7 ], [ 4343737.6, 3070110.8 ], [ 4343771.0, 3070080.3 ], [ 4343853.4, 3070036.2 ], [ 4343883.8, 3070071.2 ], [ 4343897.8, 3070109.1 ], [ 4343882.0, 3070138.3 ], [ 4343877.1, 3070182.7 ], [ 4343882.4, 3070196.4 ], [ 4343903.4, 3070211.2 ], [ 4343921.2, 3070208.7 ], [ 4343943.5, 3070182.7 ], [ 4344043.7, 3070112.0 ], [ 4344069.4, 3070110.9 ], [ 4344105.4, 3070122.0 ], [ 4344122.8, 3070135.9 ], [ 4344174.4, 3070147.1 ], [ 4344205.8, 3070136.7 ], [ 4344233.4, 3070140.2 ], [ 4344251.0, 3070111.8 ], [ 4344245.1, 3070091.7 ], [ 4344198.1, 3070070.8 ], [ 4344153.2, 3070074.1 ], [ 4344073.6, 3070051.8 ], [ 4344080.6, 3070004.1 ], [ 4344167.1, 3070022.3 ], [ 4344221.5, 3069981.3 ], [ 4344262.4, 3069980.0 ], [ 4344308.6, 3069960.0 ], [ 4344377.3, 3069974.3 ], [ 4344404.9, 3070003.4 ], [ 4344421.2, 3070008.7 ], [ 4344484.8, 3069972.4 ], [ 4344489.1, 3069948.9 ], [ 4344465.6, 3069924.8 ], [ 4344462.0, 3069904.3 ], [ 4344466.9, 3069835.4 ], [ 4344483.7, 3069806.5 ], [ 4344462.9, 3069770.4 ], [ 4344483.5, 3069635.0 ], [ 4344492.3, 3069620.4 ], [ 4344621.1, 3069648.3 ], [ 4344668.1, 3069666.2 ], [ 4344729.0, 3069619.2 ], [ 4344750.7, 3069626.5 ], [ 4344764.4, 3069622.5 ], [ 4344776.0, 3069600.5 ], [ 4344918.8, 3069493.0 ], [ 4344944.2, 3069453.1 ], [ 4344966.7, 3069434.9 ], [ 4345058.5, 3069459.1 ], [ 4345086.9, 3069450.5 ], [ 4345085.5, 3069423.2 ], [ 4345018.1, 3069379.6 ], [ 4345009.9, 3069360.2 ], [ 4345027.2, 3069318.7 ], [ 4345019.0, 3069294.3 ], [ 4345092.9, 3069208.6 ], [ 4345123.5, 3069200.8 ], [ 4345131.8, 3069181.6 ], [ 4345099.9, 3069147.8 ], [ 4345110.2, 3069121.8 ], [ 4345106.4, 3069107.4 ], [ 4345083.0, 3069098.6 ], [ 4345075.4, 3069083.4 ], [ 4345055.8, 3069077.8 ], [ 4345043.6, 3069064.4 ], [ 4345010.6, 3069073.9 ], [ 4345006.7, 3069088.2 ], [ 4345013.5, 3069109.3 ], [ 4344880.9, 3069079.9 ], [ 4344839.7, 3069086.2 ], [ 4344834.2, 3069106.2 ], [ 4344851.8, 3069133.0 ], [ 4344939.8, 3069142.0 ], [ 4344995.4, 3069173.0 ], [ 4344996.9, 3069180.6 ], [ 4344942.3, 3069216.2 ], [ 4344868.9, 3069213.7 ], [ 4344837.7, 3069275.0 ], [ 4344810.8, 3069282.7 ], [ 4344775.2, 3069327.2 ], [ 4344744.1, 3069342.4 ], [ 4344708.4, 3069337.8 ], [ 4344597.3, 3069298.0 ], [ 4344554.9, 3069240.0 ], [ 4344400.3, 3069096.0 ], [ 4344342.6, 3069080.8 ], [ 4344250.9, 3069109.2 ], [ 4344235.9, 3069105.6 ], [ 4344236.2, 3068945.0 ], [ 4344254.9, 3068931.4 ], [ 4344258.4, 3068899.4 ], [ 4344350.5, 3068908.9 ], [ 4344412.8, 3068926.3 ], [ 4344498.6, 3068971.7 ], [ 4344561.6, 3068961.0 ], [ 4344565.3, 3068937.1 ], [ 4344539.3, 3068914.1 ], [ 4344547.2, 3068855.4 ], [ 4344557.5, 3068833.6 ], [ 4344548.3, 3068799.4 ], [ 4344571.6, 3068783.1 ], [ 4344601.2, 3068777.9 ], [ 4344621.1, 3068797.0 ], [ 4344643.7, 3068786.0 ], [ 4344670.8, 3068784.2 ], [ 4344679.2, 3068741.8 ], [ 4344704.5, 3068681.9 ], [ 4344733.4, 3068664.8 ], [ 4344740.6, 3068647.9 ], [ 4344737.5, 3068634.0 ], [ 4344723.0, 3068623.9 ], [ 4344723.8, 3068594.8 ], [ 4344704.3, 3068582.8 ], [ 4344687.6, 3068557.2 ], [ 4344681.9, 3068480.6 ], [ 4344671.9, 3068470.9 ], [ 4344632.8, 3068461.3 ], [ 4344620.8, 3068438.9 ], [ 4344684.2, 3068421.3 ], [ 4344740.0, 3068420.8 ], [ 4344752.7, 3068412.8 ], [ 4344833.6, 3068419.1 ], [ 4344847.0, 3068399.0 ], [ 4344846.9, 3068356.9 ], [ 4344837.3, 3068342.1 ], [ 4344756.0, 3068341.5 ], [ 4344654.8, 3068366.7 ], [ 4344581.2, 3068404.1 ], [ 4344554.7, 3068451.8 ], [ 4344549.5, 3068483.3 ], [ 4344555.6, 3068523.6 ], [ 4344582.0, 3068594.4 ], [ 4344583.7, 3068629.9 ], [ 4344554.4, 3068655.7 ], [ 4344535.3, 3068688.4 ], [ 4344409.6, 3068751.0 ], [ 4344398.9, 3068734.7 ], [ 4344480.9, 3068673.5 ], [ 4344475.0, 3068647.4 ], [ 4344501.1, 3068570.7 ], [ 4344485.3, 3068454.5 ], [ 4344500.3, 3068404.1 ], [ 4344487.6, 3068384.3 ], [ 4344452.1, 3068362.8 ], [ 4344455.2, 3068334.6 ], [ 4344403.1, 3068286.4 ], [ 4344379.3, 3068286.4 ], [ 4344361.1, 3068313.4 ], [ 4344351.4, 3068315.0 ], [ 4344283.6, 3068285.9 ], [ 4344267.8, 3068307.9 ], [ 4344286.1, 3068353.7 ], [ 4344356.1, 3068408.1 ], [ 4344330.1, 3068435.2 ], [ 4344287.8, 3068398.9 ], [ 4344289.8, 3068384.2 ], [ 4344281.9, 3068371.6 ], [ 4344192.7, 3068308.7 ], [ 4344121.1, 3068272.7 ], [ 4344172.4, 3068143.7 ], [ 4344161.6, 3068119.0 ], [ 4344144.0, 3068117.5 ], [ 4344114.5, 3068133.8 ], [ 4344053.1, 3068195.4 ], [ 4344047.7, 3068222.8 ], [ 4344035.8, 3068230.8 ], [ 4343964.2, 3068257.9 ], [ 4343889.7, 3068298.0 ], [ 4343813.9, 3068309.2 ], [ 4343752.7, 3068333.3 ], [ 4343706.0, 3068355.1 ], [ 4343694.1, 3068377.4 ], [ 4343637.0, 3068383.7 ], [ 4343621.9, 3068371.3 ], [ 4343616.2, 3068359.6 ], [ 4343656.9, 3068324.0 ], [ 4343913.1, 3068237.5 ], [ 4344006.3, 3068187.4 ], [ 4344027.8, 3068131.3 ], [ 4344087.0, 3068062.0 ], [ 4344091.4, 3068045.2 ], [ 4343972.0, 3067933.0 ], [ 4343906.5, 3067917.8 ], [ 4343805.5, 3067925.6 ], [ 4343624.2, 3067923.6 ], [ 4343383.4, 3067816.2 ], [ 4343343.8, 3067809.8 ], [ 4343285.6, 3067825.5 ], [ 4343167.2, 3067903.9 ], [ 4343123.5, 3067922.9 ], [ 4343004.4, 3067919.6 ], [ 4342899.6, 3067943.8 ], [ 4342709.0, 3067949.2 ], [ 4342679.8, 3067983.2 ], [ 4342656.0, 3068052.5 ], [ 4342641.7, 3068048.0 ], [ 4342641.4, 3067955.1 ], [ 4342623.3, 3067940.1 ], [ 4342573.5, 3067939.7 ], [ 4342354.2, 3068002.9 ], [ 4342225.5, 3068059.2 ], [ 4342217.0, 3068071.4 ], [ 4342217.1, 3068090.7 ], [ 4342192.7, 3068108.2 ], [ 4342173.0, 3068158.9 ], [ 4342179.4, 3068203.8 ], [ 4342158.9, 3068271.7 ], [ 4342162.9, 3068378.2 ], [ 4342179.2, 3068442.2 ], [ 4342135.1, 3068468.4 ], [ 4342127.2, 3068484.9 ], [ 4342208.9, 3068650.2 ], [ 4342258.6, 3068777.3 ], [ 4342332.6, 3068865.9 ], [ 4342344.7, 3068940.8 ], [ 4342340.5, 3068999.8 ], [ 4342300.4, 3069087.5 ], [ 4342271.0, 3069068.9 ], [ 4342288.1, 3068990.2 ], [ 4342281.4, 3068905.2 ], [ 4342270.2, 3068861.9 ], [ 4342249.7, 3068850.6 ], [ 4342226.7, 3068861.4 ], [ 4342192.1, 3068821.9 ], [ 4342173.5, 3068791.0 ], [ 4342124.5, 3068649.8 ], [ 4342098.0, 3068603.2 ], [ 4342074.8, 3068598.9 ], [ 4342007.4, 3068639.4 ], [ 4341990.4, 3068565.8 ], [ 4341948.2, 3068453.0 ], [ 4341935.5, 3068441.0 ], [ 4341918.0, 3068442.0 ], [ 4341872.8, 3068479.9 ], [ 4341871.0, 3068506.3 ], [ 4341838.9, 3068504.9 ], [ 4341782.0, 3068539.0 ], [ 4341731.4, 3068604.8 ], [ 4341703.9, 3068677.4 ], [ 4341700.3, 3068724.6 ], [ 4341704.2, 3068738.7 ], [ 4341719.1, 3068748.1 ], [ 4341727.8, 3068794.2 ], [ 4341680.8, 3068836.4 ], [ 4341603.7, 3068851.5 ], [ 4341560.3, 3068877.2 ], [ 4341501.0, 3068939.3 ], [ 4341455.4, 3069058.7 ], [ 4341450.4, 3069104.5 ], [ 4341455.5, 3069120.9 ], [ 4341470.9, 3069128.6 ], [ 4341476.5, 3069148.8 ], [ 4341483.4, 3069257.1 ], [ 4341388.0, 3069331.8 ], [ 4341329.6, 3069408.2 ], [ 4341296.1, 3069414.2 ], [ 4341245.5, 3069444.7 ], [ 4341208.3, 3069447.7 ], [ 4341194.1, 3069456.1 ], [ 4341142.6, 3069543.4 ], [ 4341147.3, 3069609.6 ], [ 4341047.7, 3069794.4 ], [ 4341039.7, 3069821.8 ], [ 4341044.9, 3069852.2 ], [ 4341038.8, 3069854.9 ], [ 4341018.6, 3069819.6 ], [ 4341110.0, 3069611.0 ], [ 4341115.3, 3069567.9 ], [ 4341096.2, 3069553.7 ], [ 4340941.8, 3069554.2 ], [ 4340973.4, 3069445.5 ], [ 4340973.0, 3069393.6 ], [ 4341003.7, 3069337.4 ], [ 4341111.5, 3069194.1 ], [ 4341176.6, 3069164.7 ], [ 4341182.1, 3069141.5 ], [ 4341172.5, 3069111.9 ], [ 4341209.3, 3069102.3 ], [ 4341219.9, 3069092.3 ], [ 4341218.6, 3069061.4 ], [ 4341203.6, 3069052.5 ], [ 4341188.1, 3069055.5 ], [ 4341175.6, 3069038.6 ], [ 4341159.5, 3069037.1 ], [ 4341087.3, 3069060.7 ], [ 4341035.3, 3069056.6 ], [ 4340955.2, 3069033.9 ], [ 4340935.5, 3069044.7 ], [ 4340888.1, 3069047.7 ], [ 4340719.0, 3069115.8 ], [ 4340646.3, 3069183.6 ], [ 4340591.5, 3069222.7 ], [ 4340580.8, 3069244.9 ], [ 4340442.0, 3069311.4 ], [ 4340344.4, 3069377.2 ], [ 4340341.4, 3069443.7 ], [ 4340372.6, 3069591.2 ], [ 4340323.8, 3069537.5 ], [ 4340297.4, 3069424.5 ], [ 4340274.6, 3069410.1 ], [ 4340135.0, 3069510.1 ], [ 4340105.0, 3069555.0 ], [ 4339992.0, 3069614.3 ], [ 4339969.7, 3069623.1 ], [ 4339959.2, 3069617.7 ], [ 4339963.2, 3069423.3 ], [ 4339776.7, 3069301.2 ], [ 4339775.1, 3069279.6 ], [ 4339872.5, 3069287.7 ], [ 4340010.0, 3069327.1 ], [ 4340034.8, 3069317.0 ], [ 4340051.7, 3069289.3 ], [ 4340064.3, 3069282.7 ], [ 4340129.2, 3069306.7 ], [ 4340160.2, 3069310.0 ], [ 4340231.8, 3069294.8 ], [ 4340247.0, 3069281.1 ], [ 4340249.2, 3069248.1 ], [ 4340259.7, 3069243.7 ], [ 4340318.3, 3069261.4 ], [ 4340364.6, 3069265.9 ], [ 4340373.2, 3069284.1 ], [ 4340393.9, 3069287.6 ], [ 4340464.6, 3069249.3 ], [ 4340482.9, 3069218.0 ], [ 4340517.5, 3069193.3 ], [ 4340540.9, 3069212.3 ], [ 4340563.9, 3069209.7 ], [ 4340590.2, 3069175.0 ], [ 4340664.2, 3069107.8 ], [ 4340714.6, 3069079.9 ], [ 4340755.0, 3069071.9 ], [ 4340823.6, 3069043.1 ], [ 4340858.4, 3068975.6 ], [ 4340858.0, 3068919.2 ], [ 4340879.3, 3068924.3 ], [ 4341160.0, 3068838.2 ], [ 4341242.3, 3068754.4 ], [ 4341264.8, 3068716.9 ], [ 4341318.2, 3068660.7 ], [ 4341341.3, 3068608.7 ], [ 4341342.9, 3068584.8 ], [ 4341311.9, 3068516.2 ], [ 4341312.5, 3068477.1 ], [ 4341325.4, 3068403.6 ], [ 4341378.3, 3068267.2 ], [ 4341341.8, 3068231.8 ], [ 4341298.4, 3068215.0 ], [ 4341180.9, 3068096.9 ], [ 4341066.5, 3067914.5 ], [ 4341039.4, 3067824.2 ], [ 4341031.7, 3067754.2 ], [ 4340998.0, 3067718.1 ], [ 4340946.8, 3067702.9 ], [ 4340880.3, 3067702.5 ], [ 4340835.8, 3067713.1 ], [ 4340772.4, 3067686.3 ], [ 4340697.4, 3067676.6 ], [ 4340681.7, 3067683.8 ], [ 4340592.1, 3067663.6 ], [ 4340405.9, 3067662.8 ], [ 4340330.6, 3067640.0 ], [ 4340281.3, 3067658.0 ], [ 4340216.3, 3067562.5 ], [ 4340142.7, 3067503.0 ], [ 4340038.7, 3067491.9 ], [ 4339956.4, 3067472.8 ], [ 4339919.3, 3067455.2 ], [ 4339900.6, 3067465.7 ], [ 4339891.6, 3067498.3 ], [ 4339731.1, 3067434.4 ], [ 4339676.4, 3067442.7 ], [ 4339589.5, 3067493.3 ], [ 4339534.2, 3067542.8 ], [ 4339506.8, 3067545.2 ], [ 4339447.2, 3067645.0 ], [ 4339311.8, 3067747.8 ], [ 4339224.6, 3067857.5 ], [ 4339184.9, 3067876.9 ], [ 4339153.6, 3067905.7 ], [ 4339133.3, 3067952.6 ], [ 4339129.8, 3068010.8 ], [ 4339107.2, 3068079.9 ], [ 4338987.6, 3068119.9 ], [ 4338941.3, 3068131.2 ], [ 4338903.3, 3068128.0 ], [ 4338850.7, 3068143.8 ], [ 4338806.8, 3068171.5 ], [ 4338743.8, 3068185.5 ], [ 4338699.9, 3068219.4 ], [ 4338494.1, 3068279.4 ], [ 4338404.6, 3068414.7 ], [ 4338308.2, 3068474.1 ], [ 4338209.4, 3068585.9 ], [ 4338209.1, 3068606.8 ], [ 4338226.5, 3068618.5 ], [ 4338240.4, 3068615.2 ], [ 4338273.4, 3068586.2 ], [ 4338282.5, 3068585.3 ], [ 4338287.4, 3068596.9 ], [ 4338265.4, 3068619.2 ], [ 4338207.4, 3068710.0 ], [ 4338207.8, 3068726.3 ], [ 4338233.8, 3068768.4 ], [ 4338229.8, 3068780.0 ], [ 4338216.0, 3068807.0 ], [ 4338181.8, 3068796.0 ], [ 4338160.6, 3068801.7 ], [ 4338135.9, 3068821.9 ], [ 4338113.3, 3068866.7 ], [ 4338117.8, 3068890.9 ], [ 4338172.8, 3068929.5 ], [ 4338145.5, 3068986.6 ], [ 4338124.7, 3069000.5 ], [ 4338109.8, 3068981.9 ], [ 4338083.7, 3068980.1 ], [ 4338069.8, 3068990.9 ], [ 4338067.1, 3069006.7 ], [ 4338050.2, 3069011.8 ], [ 4338051.4, 3068984.3 ], [ 4338036.2, 3068968.5 ], [ 4338037.6, 3068856.8 ], [ 4338054.0, 3068835.5 ], [ 4338042.2, 3068657.4 ], [ 4338028.2, 3068646.5 ], [ 4337994.8, 3068648.0 ], [ 4337984.3, 3068610.6 ], [ 4337939.0, 3068567.6 ], [ 4337888.4, 3068552.2 ], [ 4337869.1, 3068558.0 ], [ 4337814.4, 3068550.0 ], [ 4337769.8, 3068555.4 ], [ 4337764.9, 3068547.4 ], [ 4337815.3, 3068518.4 ], [ 4337823.0, 3068502.6 ], [ 4337792.4, 3068456.2 ], [ 4337788.5, 3068434.4 ], [ 4337744.2, 3068421.1 ], [ 4337753.3, 3068171.2 ], [ 4337780.6, 3068150.4 ], [ 4337781.1, 3068128.7 ], [ 4337753.9, 3068108.7 ], [ 4337735.6, 3068050.9 ], [ 4337673.0, 3067996.1 ], [ 4337623.2, 3067930.7 ], [ 4337575.1, 3067838.7 ], [ 4337555.6, 3067830.7 ], [ 4337538.3, 3067842.7 ], [ 4337449.5, 3067735.4 ], [ 4337343.1, 3067629.8 ], [ 4337398.9, 3067568.1 ], [ 4337392.4, 3067544.9 ], [ 4337395.4, 3067481.3 ], [ 4337409.5, 3067455.6 ], [ 4337407.3, 3067435.9 ], [ 4337435.4, 3067397.1 ], [ 4337433.2, 3067378.9 ], [ 4337418.0, 3067368.7 ], [ 4337400.3, 3067373.6 ], [ 4337247.4, 3067499.8 ], [ 4337202.0, 3067562.0 ], [ 4337167.2, 3067539.9 ], [ 4337280.1, 3067412.5 ], [ 4337313.6, 3067350.2 ], [ 4337366.2, 3067336.2 ], [ 4337403.1, 3067317.1 ], [ 4337463.9, 3067263.8 ], [ 4337465.6, 3067240.1 ], [ 4337448.4, 3067228.4 ], [ 4337347.6, 3067212.3 ], [ 4337271.9, 3067235.8 ], [ 4337141.6, 3067236.7 ], [ 4337074.8, 3067281.4 ], [ 4336980.6, 3067454.4 ], [ 4336940.7, 3067476.9 ], [ 4336847.8, 3067569.1 ], [ 4336767.3, 3067615.1 ], [ 4336712.0, 3067632.3 ], [ 4336695.5, 3067577.4 ], [ 4336678.2, 3067566.9 ], [ 4336481.6, 3067615.3 ], [ 4336460.3, 3067495.2 ], [ 4336444.4, 3067481.1 ], [ 4336241.0, 3067501.5 ], [ 4336230.2, 3067526.4 ], [ 4336274.7, 3067700.4 ], [ 4336292.6, 3067716.7 ], [ 4336297.8, 3067739.0 ], [ 4336241.0, 3067754.4 ], [ 4336192.6, 3067723.3 ], [ 4336175.1, 3067723.4 ], [ 4336148.5, 3067753.6 ], [ 4336056.2, 3067826.4 ], [ 4336010.7, 3067788.0 ], [ 4335990.4, 3067786.8 ], [ 4335797.9, 3067931.5 ], [ 4335722.3, 3067966.5 ], [ 4335717.4, 3067983.4 ], [ 4335729.2, 3068000.5 ], [ 4335705.4, 3068058.3 ], [ 4335728.8, 3068088.0 ], [ 4335684.1, 3068139.1 ], [ 4335667.0, 3068127.4 ], [ 4335646.9, 3068132.7 ], [ 4335580.8, 3068230.0 ], [ 4335583.7, 3068244.5 ], [ 4335598.9, 3068254.8 ], [ 4335665.1, 3068233.3 ], [ 4335669.6, 3068244.7 ], [ 4335637.8, 3068444.5 ], [ 4335638.7, 3068480.6 ], [ 4335563.9, 3068790.5 ], [ 4335571.7, 3068809.5 ], [ 4335603.4, 3068823.0 ], [ 4335579.5, 3068875.1 ], [ 4335558.4, 3068899.2 ], [ 4335570.8, 3068929.4 ], [ 4335560.8, 3068951.3 ], [ 4335566.6, 3068967.3 ], [ 4335713.0, 3069073.9 ], [ 4335699.2, 3069100.5 ], [ 4335521.5, 3068992.9 ], [ 4335429.2, 3068893.5 ], [ 4335378.1, 3068849.9 ], [ 4335364.0, 3068847.0 ], [ 4335348.8, 3068856.2 ], [ 4335266.7, 3068983.2 ], [ 4335258.3, 3069013.1 ], [ 4335273.5, 3069061.0 ], [ 4335305.7, 3069112.5 ], [ 4335355.6, 3069226.8 ], [ 4335364.8, 3069278.6 ], [ 4335321.3, 3069393.9 ], [ 4335317.6, 3069439.4 ], [ 4335326.3, 3069492.9 ], [ 4335358.5, 3069537.3 ], [ 4335339.4, 3069532.4 ], [ 4335302.1, 3069501.1 ], [ 4335290.7, 3069467.8 ], [ 4335317.2, 3069288.4 ], [ 4335311.7, 3069231.8 ], [ 4335291.3, 3069179.6 ], [ 4335243.8, 3069096.3 ], [ 4335209.6, 3069068.2 ], [ 4335171.6, 3069071.4 ], [ 4335046.9, 3069136.4 ], [ 4334954.3, 3069158.4 ], [ 4334861.5, 3069152.4 ], [ 4334725.5, 3069223.4 ], [ 4334643.4, 3069244.3 ], [ 4334558.4, 3069304.0 ], [ 4334547.9, 3069306.4 ], [ 4334527.5, 3069286.9 ], [ 4334510.7, 3069283.3 ], [ 4334473.1, 3069313.7 ], [ 4334344.1, 3069553.7 ], [ 4334341.4, 3069575.8 ], [ 4334358.7, 3069593.2 ], [ 4334556.8, 3069596.0 ], [ 4334557.1, 3069609.0 ], [ 4334533.9, 3069613.4 ], [ 4334513.3, 3069632.0 ], [ 4334421.2, 3069767.4 ], [ 4334420.7, 3069785.4 ], [ 4334446.6, 3069811.0 ], [ 4334448.9, 3069822.2 ], [ 4334372.2, 3070053.4 ], [ 4334357.8, 3070076.4 ], [ 4334346.2, 3070155.7 ], [ 4334183.7, 3070140.4 ], [ 4334171.3, 3070151.6 ], [ 4334162.9, 3070177.9 ], [ 4334131.1, 3070193.4 ], [ 4334033.0, 3070215.5 ], [ 4334020.7, 3070253.1 ], [ 4334030.0, 3070267.8 ], [ 4334056.9, 3070274.2 ], [ 4334100.7, 3070267.4 ], [ 4334120.6, 3070253.4 ], [ 4334191.5, 3070260.6 ], [ 4334228.9, 3070273.4 ], [ 4334249.1, 3070289.8 ], [ 4334314.4, 3070302.6 ], [ 4334372.1, 3070256.2 ], [ 4334435.4, 3070223.4 ], [ 4334502.3, 3070203.5 ], [ 4334572.8, 3070210.0 ], [ 4334616.1, 3070201.8 ], [ 4334705.4, 3070119.6 ], [ 4334715.3, 3070131.4 ], [ 4334706.2, 3070164.9 ], [ 4334659.4, 3070215.2 ], [ 4334616.3, 3070232.0 ], [ 4334596.4, 3070254.4 ], [ 4334499.0, 3070260.5 ], [ 4334423.2, 3070291.7 ], [ 4334378.6, 3070331.7 ], [ 4334379.2, 3070353.9 ], [ 4334403.8, 3070370.5 ], [ 4334369.0, 3070397.6 ], [ 4334307.6, 3070354.1 ], [ 4334217.1, 3070316.4 ], [ 4334138.5, 3070313.7 ], [ 4334067.6, 3070342.7 ], [ 4334032.5, 3070348.9 ], [ 4333975.3, 3070343.5 ], [ 4333873.0, 3070303.0 ], [ 4333735.1, 3070299.9 ], [ 4333535.1, 3070351.7 ], [ 4333459.9, 3070358.6 ], [ 4333416.0, 3070342.6 ], [ 4333342.1, 3070354.5 ], [ 4333325.9, 3070367.0 ], [ 4333325.6, 3070386.8 ], [ 4333302.9, 3070401.8 ], [ 4333322.1, 3070631.4 ], [ 4333335.3, 3070675.4 ], [ 4333366.1, 3070726.2 ], [ 4333439.3, 3070793.7 ], [ 4333486.0, 3070811.1 ], [ 4333523.0, 3070808.4 ], [ 4333613.8, 3070842.2 ], [ 4333653.4, 3070867.7 ], [ 4333712.9, 3070936.3 ], [ 4333864.4, 3071052.5 ], [ 4333930.4, 3071113.4 ], [ 4333948.7, 3071157.9 ], [ 4333993.7, 3071208.9 ], [ 4334055.0, 3071317.1 ], [ 4334033.6, 3071366.9 ], [ 4334015.3, 3071389.4 ], [ 4334005.9, 3071449.0 ], [ 4333983.3, 3071486.5 ], [ 4333798.0, 3071642.2 ], [ 4333765.1, 3071682.4 ], [ 4333683.2, 3071892.2 ], [ 4333654.5, 3072000.1 ], [ 4333651.7, 3072062.2 ], [ 4333680.4, 3072152.2 ], [ 4333724.4, 3072244.5 ], [ 4333747.3, 3072281.2 ], [ 4333812.6, 3072350.5 ], [ 4333971.2, 3072399.6 ], [ 4334006.7, 3072420.1 ], [ 4334027.9, 3072445.4 ], [ 4334147.3, 3072644.1 ], [ 4334154.6, 3072827.7 ], [ 4334172.2, 3072884.6 ], [ 4334281.7, 3073014.8 ], [ 4334527.6, 3073377.8 ], [ 4334625.5, 3073452.4 ], [ 4334727.2, 3073490.6 ], [ 4334751.1, 3073482.9 ], [ 4334766.0, 3073439.5 ], [ 4334832.5, 3073471.4 ], [ 4334859.1, 3073464.3 ], [ 4334873.0, 3073451.5 ], [ 4334940.5, 3073489.2 ], [ 4335057.1, 3073616.9 ], [ 4335103.0, 3073722.2 ], [ 4335160.3, 3073827.6 ], [ 4335171.3, 3073878.3 ], [ 4335161.9, 3073929.0 ], [ 4335127.1, 3073962.2 ], [ 4335151.5, 3074056.6 ], [ 4335165.1, 3074061.9 ], [ 4335188.2, 3074056.0 ], [ 4335199.7, 3074047.5 ], [ 4335203.6, 3074032.4 ], [ 4335231.6, 3074026.8 ], [ 4335253.1, 3074043.0 ], [ 4335269.6, 3074045.0 ], [ 4335337.8, 3074001.1 ], [ 4335353.7, 3073976.8 ], [ 4335342.7, 3073932.9 ], [ 4335363.0, 3073896.9 ], [ 4335427.9, 3073970.7 ], [ 4335380.9, 3074026.8 ], [ 4335377.9, 3074040.5 ], [ 4335385.8, 3074055.3 ], [ 4335324.4, 3074105.4 ], [ 4335319.9, 3074126.0 ], [ 4335377.3, 3074205.5 ], [ 4335534.4, 3074313.7 ], [ 4335544.4, 3074329.2 ], [ 4335565.4, 3074330.6 ], [ 4335673.7, 3074271.2 ], [ 4335688.3, 3074252.2 ], [ 4335729.4, 3074230.2 ], [ 4335765.9, 3074188.8 ], [ 4335868.7, 3074146.3 ], [ 4335893.9, 3074128.9 ], [ 4335900.8, 3074210.7 ], [ 4335891.6, 3074297.5 ], [ 4335912.2, 3074315.7 ], [ 4335926.2, 3074311.5 ], [ 4336034.4, 3074214.3 ], [ 4336029.5, 3074189.8 ], [ 4335976.4, 3074150.9 ], [ 4335992.6, 3074149.8 ], [ 4336142.0, 3074155.6 ], [ 4336177.5, 3074193.5 ], [ 4336337.8, 3074197.7 ], [ 4336379.3, 3074262.7 ], [ 4336422.3, 3074294.8 ], [ 4336665.0, 3074234.3 ], [ 4336811.5, 3074211.1 ], [ 4336831.3, 3074200.2 ], [ 4336863.1, 3074247.6 ], [ 4336880.4, 3074254.0 ], [ 4336976.2, 3074207.2 ], [ 4336981.7, 3074240.1 ], [ 4336995.2, 3074251.8 ], [ 4337016.0, 3074247.4 ], [ 4337037.2, 3074220.5 ], [ 4337142.9, 3074310.7 ], [ 4337218.1, 3074403.3 ], [ 4337232.5, 3074411.0 ], [ 4337429.1, 3074403.8 ], [ 4337451.2, 3074413.2 ], [ 4337579.1, 3074340.6 ], [ 4337596.5, 3074369.6 ], [ 4337613.0, 3074375.1 ], [ 4337674.9, 3074338.0 ], [ 4337778.6, 3074540.2 ], [ 4337831.6, 3074558.3 ], [ 4337931.1, 3074728.3 ], [ 4337938.9, 3074749.6 ], [ 4337933.5, 3074812.3 ], [ 4337954.9, 3074830.9 ], [ 4337940.2, 3074848.5 ], [ 4337939.5, 3074865.2 ], [ 4337964.4, 3074920.3 ], [ 4337988.9, 3074935.8 ], [ 4338014.7, 3074934.6 ], [ 4338007.5, 3074966.9 ], [ 4338012.3, 3075006.5 ], [ 4338051.3, 3075032.9 ], [ 4338139.5, 3075053.0 ], [ 4338209.1, 3075000.1 ], [ 4338217.2, 3074980.4 ], [ 4338207.9, 3074964.9 ], [ 4338180.6, 3074951.2 ], [ 4338185.3, 3074928.8 ], [ 4338179.7, 3074904.9 ], [ 4338189.4, 3074867.2 ], [ 4338100.6, 3074724.4 ], [ 4338121.6, 3074710.0 ], [ 4338125.1, 3074688.7 ], [ 4337983.5, 3074455.7 ], [ 4338002.3, 3074439.8 ], [ 4338012.8, 3074400.4 ], [ 4337999.8, 3074386.8 ], [ 4337981.3, 3074386.3 ], [ 4337947.6, 3074409.3 ], [ 4337942.3, 3074436.0 ], [ 4337892.2, 3074444.3 ], [ 4337810.6, 3074345.9 ], [ 4337912.2, 3074266.9 ], [ 4337920.7, 3074250.9 ], [ 4337855.0, 3074114.1 ], [ 4337780.0, 3074017.1 ], [ 4337809.9, 3073982.6 ], [ 4337885.2, 3073997.4 ], [ 4337980.7, 3074197.4 ], [ 4338043.5, 3074370.9 ], [ 4338165.5, 3074542.7 ], [ 4338366.2, 3074866.2 ], [ 4338386.7, 3074869.8 ], [ 4338416.8, 3074854.0 ], [ 4338424.8, 3074841.7 ], [ 4338413.6, 3074724.1 ], [ 4338319.1, 3074556.8 ], [ 4338225.7, 3074516.0 ], [ 4338174.6, 3074428.3 ], [ 4338157.2, 3074373.6 ], [ 4338199.0, 3074365.1 ], [ 4338229.5, 3074337.4 ], [ 4338252.7, 3074344.3 ], [ 4338270.5, 3074359.7 ], [ 4338417.1, 3074637.6 ], [ 4338462.9, 3074759.9 ], [ 4338487.6, 3074762.7 ], [ 4338499.1, 3074740.5 ], [ 4338458.3, 3074601.4 ], [ 4338416.7, 3074519.4 ], [ 4338423.2, 3074505.9 ], [ 4338488.0, 3074538.6 ], [ 4338511.1, 3074576.7 ], [ 4338581.1, 3074569.5 ], [ 4338665.3, 3074687.7 ], [ 4338810.2, 3074866.9 ], [ 4338834.2, 3074892.3 ], [ 4338858.7, 3074890.3 ], [ 4338866.4, 3074877.9 ], [ 4338862.7, 3074860.2 ], [ 4338488.7, 3074346.8 ], [ 4338447.2, 3074280.2 ], [ 4338428.5, 3074269.8 ], [ 4338405.6, 3074279.4 ], [ 4338394.8, 3074260.3 ], [ 4338414.9, 3074242.9 ], [ 4338409.0, 3074217.3 ], [ 4338382.3, 3074211.6 ], [ 4338353.3, 3074239.3 ], [ 4338369.2, 3074203.2 ], [ 4338359.4, 3074172.6 ], [ 4338328.6, 3074134.4 ], [ 4338295.0, 3074064.1 ], [ 4338258.3, 3074044.4 ], [ 4338203.9, 3073951.8 ], [ 4338176.3, 3073948.5 ], [ 4338145.1, 3073991.6 ], [ 4338128.6, 3073996.9 ], [ 4338094.1, 3073992.2 ], [ 4338070.6, 3073999.7 ], [ 4338039.3, 3073972.8 ], [ 4338142.6, 3073902.7 ], [ 4338148.2, 3073879.4 ], [ 4337785.2, 3073318.8 ], [ 4337772.7, 3073213.8 ], [ 4337678.3, 3073094.6 ], [ 4337681.2, 3073038.6 ], [ 4337671.6, 3072999.3 ], [ 4337647.9, 3072981.5 ], [ 4337615.0, 3072989.2 ], [ 4337592.3, 3072937.0 ], [ 4337721.8, 3072787.0 ], [ 4337731.0, 3072810.1 ], [ 4337766.8, 3072850.2 ], [ 4337788.3, 3072847.0 ], [ 4337803.2, 3072818.3 ], [ 4337843.4, 3072845.5 ], [ 4337978.9, 3073028.6 ], [ 4337998.5, 3073118.2 ], [ 4337864.4, 3073218.4 ], [ 4337859.7, 3073245.2 ], [ 4338088.8, 3073530.8 ], [ 4338154.6, 3073643.0 ], [ 4338276.1, 3073765.6 ], [ 4338341.9, 3073790.4 ], [ 4338364.6, 3073815.1 ], [ 4338521.7, 3074066.2 ], [ 4338595.8, 3074137.8 ], [ 4338615.7, 3074225.5 ], [ 4338710.7, 3074380.7 ], [ 4338735.2, 3074400.7 ], [ 4338778.4, 3074410.8 ], [ 4338899.3, 3074406.7 ], [ 4338936.5, 3074352.4 ], [ 4338984.8, 3074311.2 ], [ 4338980.8, 3074284.5 ], [ 4338760.9, 3074075.2 ], [ 4338814.0, 3074025.5 ], [ 4338920.1, 3074127.0 ], [ 4338943.4, 3074128.1 ], [ 4338993.6, 3074068.0 ], [ 4338985.9, 3074049.1 ], [ 4338949.5, 3074025.6 ], [ 4339026.6, 3073946.7 ], [ 4339062.0, 3073988.5 ], [ 4339081.8, 3073994.3 ], [ 4339115.8, 3073981.1 ], [ 4339238.4, 3073899.1 ], [ 4339250.1, 3073988.7 ], [ 4339163.7, 3074059.4 ], [ 4339156.6, 3074079.3 ], [ 4339211.2, 3074190.9 ], [ 4339251.3, 3074229.8 ], [ 4339277.3, 3074221.6 ], [ 4339280.4, 3074203.9 ], [ 4339246.9, 3074126.3 ], [ 4339362.9, 3074031.9 ], [ 4339360.7, 3074010.7 ], [ 4339326.3, 3073984.4 ], [ 4339354.1, 3073963.0 ], [ 4339362.2, 3073898.1 ], [ 4339379.6, 3073890.0 ], [ 4339413.3, 3073840.7 ], [ 4339431.7, 3073773.2 ], [ 4339453.5, 3073728.6 ], [ 4339398.4, 3073641.3 ], [ 4339325.0, 3073610.9 ], [ 4339326.1, 3073508.4 ], [ 4339337.2, 3073462.6 ], [ 4339320.7, 3073435.6 ], [ 4339365.2, 3073429.1 ], [ 4339411.7, 3073502.7 ], [ 4339445.2, 3073537.2 ], [ 4339481.2, 3073559.5 ], [ 4339522.2, 3073678.9 ], [ 4339596.2, 3073735.0 ], [ 4339592.3, 3073761.7 ], [ 4339660.0, 3073830.9 ], [ 4339673.7, 3073877.8 ], [ 4339713.7, 3073916.8 ], [ 4339747.5, 3073965.7 ], [ 4339906.8, 3074072.4 ], [ 4339921.0, 3074074.8 ], [ 4339935.8, 3074064.9 ], [ 4339962.0, 3074012.0 ], [ 4339907.5, 3073890.5 ], [ 4339871.4, 3073832.7 ], [ 4339822.0, 3073777.9 ], [ 4339829.0, 3073764.7 ], [ 4339930.9, 3073747.8 ], [ 4339994.7, 3073719.1 ], [ 4340142.2, 3073688.3 ], [ 4340175.5, 3073622.9 ], [ 4340161.7, 3073580.2 ], [ 4340131.9, 3073529.9 ], [ 4340043.2, 3073419.7 ], [ 4339974.3, 3073286.0 ], [ 4339934.2, 3073230.8 ], [ 4340066.9, 3073264.5 ], [ 4340125.0, 3073265.7 ], [ 4340310.3, 3073234.8 ], [ 4340356.8, 3073216.5 ], [ 4340539.9, 3073196.6 ], [ 4340582.5, 3073205.5 ], [ 4340630.9, 3073230.0 ], [ 4340688.3, 3073280.9 ], [ 4340735.6, 3073290.6 ], [ 4340702.2, 3073317.8 ], [ 4340684.3, 3073319.0 ], [ 4340607.6, 3073294.8 ], [ 4340495.2, 3073336.6 ], [ 4340322.1, 3073377.6 ], [ 4340250.7, 3073436.3 ], [ 4340238.1, 3073452.2 ], [ 4340236.5, 3073468.3 ], [ 4340307.5, 3073605.1 ], [ 4340341.0, 3073645.0 ], [ 4340346.5, 3073684.7 ], [ 4340357.8, 3073692.7 ], [ 4340409.4, 3073700.3 ], [ 4340406.0, 3073774.2 ], [ 4340360.2, 3073779.6 ], [ 4340347.6, 3073797.4 ], [ 4340353.6, 3073921.0 ], [ 4340398.6, 3074075.5 ], [ 4340481.8, 3074181.5 ], [ 4340508.4, 3074181.7 ], [ 4340625.7, 3074213.6 ], [ 4340586.1, 3074267.7 ], [ 4340571.5, 3074358.9 ], [ 4340547.7, 3074356.1 ], [ 4340546.0, 3074328.0 ], [ 4340529.2, 3074314.6 ], [ 4340469.8, 3074316.4 ], [ 4340458.5, 3074326.1 ], [ 4340455.9, 3074340.8 ], [ 4340545.4, 3074487.1 ], [ 4340541.1, 3074509.0 ], [ 4340581.0, 3074676.7 ], [ 4340658.5, 3074792.2 ], [ 4340665.3, 3074827.5 ], [ 4340662.6, 3074883.7 ], [ 4340674.1, 3074901.2 ], [ 4340646.6, 3075005.8 ], [ 4340659.1, 3075021.5 ], [ 4340693.7, 3075026.6 ], [ 4340707.7, 3075123.2 ], [ 4340725.5, 3075147.2 ], [ 4340739.0, 3075255.2 ], [ 4340761.9, 3075273.5 ], [ 4340779.0, 3075266.2 ], [ 4340790.9, 3075237.7 ], [ 4340789.5, 3075195.8 ], [ 4340780.3, 3075170.6 ], [ 4340791.1, 3075156.6 ], [ 4340800.7, 3075096.6 ], [ 4340798.2, 3075073.3 ], [ 4340788.2, 3075062.5 ], [ 4340802.2, 3074897.5 ], [ 4340785.7, 3074877.2 ], [ 4340787.6, 3074822.9 ], [ 4340766.2, 3074755.7 ], [ 4340724.7, 3074710.7 ], [ 4340739.8, 3074704.0 ], [ 4340746.0, 3074690.8 ], [ 4340734.3, 3074619.5 ], [ 4340748.6, 3074479.4 ], [ 4340770.1, 3074401.5 ], [ 4340789.4, 3074373.4 ] ], [ [ 4341006.0, 3074347.4 ], [ 4340975.1, 3074163.5 ], [ 4340941.6, 3074082.2 ], [ 4341107.2, 3074079.8 ], [ 4341214.3, 3074096.5 ], [ 4341232.3, 3074147.8 ], [ 4341279.9, 3074158.1 ], [ 4341297.5, 3074172.6 ], [ 4341306.4, 3074258.0 ], [ 4341187.7, 3074251.8 ], [ 4341163.3, 3074275.4 ], [ 4341006.0, 3074347.4 ] ], [ [ 4340924.1, 3073906.5 ], [ 4340787.4, 3073863.3 ], [ 4340887.6, 3073767.1 ], [ 4340946.3, 3073724.0 ], [ 4340972.3, 3073736.8 ], [ 4341020.7, 3073709.9 ], [ 4341040.8, 3073707.9 ], [ 4341079.1, 3073635.2 ], [ 4341120.4, 3073610.4 ], [ 4341108.9, 3073675.8 ], [ 4341121.7, 3073750.8 ], [ 4341088.4, 3073777.9 ], [ 4341081.0, 3073795.0 ], [ 4341070.9, 3073927.8 ], [ 4340935.7, 3073920.0 ], [ 4340924.1, 3073906.5 ] ], [ [ 4340715.9, 3073093.1 ], [ 4340734.2, 3073090.5 ], [ 4340816.8, 3073133.0 ], [ 4340863.2, 3073136.9 ], [ 4340893.7, 3073150.3 ], [ 4340898.9, 3073156.3 ], [ 4340892.3, 3073173.2 ], [ 4340801.1, 3073150.6 ], [ 4340715.9, 3073093.1 ] ], [ [ 4340052.8, 3073001.1 ], [ 4340017.9, 3072869.1 ], [ 4339935.5, 3072800.6 ], [ 4339899.6, 3072788.3 ], [ 4339841.8, 3072749.1 ], [ 4339708.9, 3072552.0 ], [ 4339617.8, 3072381.0 ], [ 4339586.0, 3072300.2 ], [ 4339629.1, 3072246.3 ], [ 4339628.8, 3072224.4 ], [ 4339563.2, 3072169.0 ], [ 4339471.9, 3072059.1 ], [ 4339340.3, 3071979.5 ], [ 4339309.7, 3071930.4 ], [ 4339287.8, 3071848.4 ], [ 4339273.0, 3071828.8 ], [ 4339241.4, 3071808.3 ], [ 4339257.9, 3071770.0 ], [ 4339291.0, 3071756.6 ], [ 4339530.0, 3071797.3 ], [ 4339587.5, 3071778.6 ], [ 4339658.0, 3071811.0 ], [ 4339671.5, 3071830.6 ], [ 4339793.7, 3071879.5 ], [ 4339920.5, 3071948.6 ], [ 4340089.8, 3072121.6 ], [ 4340337.7, 3072334.6 ], [ 4340352.1, 3072374.3 ], [ 4340387.9, 3072380.5 ], [ 4340553.7, 3072537.9 ], [ 4340703.7, 3072661.4 ], [ 4340728.8, 3072728.8 ], [ 4340711.3, 3072767.6 ], [ 4340730.9, 3072802.0 ], [ 4340603.3, 3072733.7 ], [ 4340549.0, 3072678.3 ], [ 4340364.4, 3072586.0 ], [ 4340328.6, 3072580.3 ], [ 4340284.2, 3072600.2 ], [ 4340154.8, 3072526.7 ], [ 4340058.6, 3072518.7 ], [ 4339979.5, 3072459.4 ], [ 4339962.2, 3072435.3 ], [ 4339931.5, 3072359.6 ], [ 4339864.0, 3072289.7 ], [ 4339823.4, 3072266.3 ], [ 4339806.0, 3072267.3 ], [ 4339771.8, 3072329.8 ], [ 4339780.0, 3072390.7 ], [ 4339934.7, 3072559.0 ], [ 4339993.1, 3072696.1 ], [ 4340031.5, 3072725.7 ], [ 4340043.5, 3072772.4 ], [ 4340080.6, 3072846.6 ], [ 4340071.7, 3072869.0 ], [ 4340113.1, 3073074.7 ], [ 4340090.1, 3073067.1 ], [ 4340052.8, 3073001.1 ] ], [ [ 4341062.2, 3072403.6 ], [ 4340960.1, 3072274.6 ], [ 4340921.2, 3072255.5 ], [ 4340863.3, 3072200.6 ], [ 4340817.0, 3072174.8 ], [ 4340817.6, 3072121.9 ], [ 4340773.5, 3072022.8 ], [ 4340775.3, 3071986.4 ], [ 4340796.1, 3071950.1 ], [ 4340848.7, 3071919.4 ], [ 4340878.6, 3071912.7 ], [ 4340952.7, 3071915.6 ], [ 4340966.0, 3071903.1 ], [ 4340984.4, 3071861.8 ], [ 4340984.8, 3071831.9 ], [ 4340970.7, 3071790.7 ], [ 4340930.7, 3071761.3 ], [ 4340887.8, 3071706.6 ], [ 4340870.9, 3071700.8 ], [ 4340863.4, 3071674.0 ], [ 4340833.0, 3071666.2 ], [ 4340745.8, 3071682.3 ], [ 4340695.5, 3071672.1 ], [ 4340669.6, 3071678.2 ], [ 4340654.0, 3071652.8 ], [ 4340588.5, 3071629.7 ], [ 4340574.2, 3071615.3 ], [ 4340556.0, 3071615.4 ], [ 4340543.4, 3071632.9 ], [ 4340505.6, 3071569.4 ], [ 4340474.6, 3071547.2 ], [ 4340423.2, 3071539.7 ], [ 4340291.7, 3071553.0 ], [ 4340224.5, 3071530.6 ], [ 4340133.4, 3071459.6 ], [ 4339995.0, 3071315.9 ], [ 4339983.1, 3071273.0 ], [ 4339963.1, 3071243.1 ], [ 4339946.1, 3071237.1 ], [ 4339917.4, 3071250.3 ], [ 4339863.7, 3071209.5 ], [ 4339864.2, 3071197.1 ], [ 4339896.4, 3071199.2 ], [ 4339933.6, 3071220.5 ], [ 4339953.1, 3071213.1 ], [ 4340006.4, 3071235.1 ], [ 4340081.7, 3071344.7 ], [ 4340161.2, 3071439.3 ], [ 4340237.0, 3071487.8 ], [ 4340264.2, 3071489.7 ], [ 4340315.5, 3071468.8 ], [ 4340480.8, 3071528.0 ], [ 4340529.6, 3071557.8 ], [ 4340549.0, 3071549.6 ], [ 4340558.2, 3071526.6 ], [ 4340627.0, 3071519.3 ], [ 4340635.6, 3071604.9 ], [ 4340646.0, 3071625.6 ], [ 4340664.2, 3071637.2 ], [ 4340872.8, 3071654.0 ], [ 4340896.8, 3071636.6 ], [ 4340974.9, 3071523.5 ], [ 4341009.3, 3071539.1 ], [ 4340932.6, 3071685.3 ], [ 4340989.8, 3071759.7 ], [ 4340990.5, 3071782.5 ], [ 4341022.1, 3071841.7 ], [ 4341014.4, 3071911.8 ], [ 4340996.1, 3071935.7 ], [ 4340974.6, 3071947.4 ], [ 4340936.2, 3071944.0 ], [ 4340876.9, 3071977.3 ], [ 4340859.4, 3071996.3 ], [ 4340838.1, 3072044.3 ], [ 4340864.6, 3072082.7 ], [ 4340883.4, 3072144.4 ], [ 4340906.6, 3072149.2 ], [ 4340944.2, 3072189.6 ], [ 4341093.4, 3072266.6 ], [ 4341124.2, 3072305.9 ], [ 4341146.1, 3072348.7 ], [ 4341123.7, 3072396.1 ], [ 4341128.3, 3072419.2 ], [ 4341109.5, 3072439.4 ], [ 4341062.2, 3072403.6 ] ], [ [ 4338008.0, 3071423.0 ], [ 4338050.9, 3071423.2 ], [ 4338151.2, 3071445.6 ], [ 4338132.5, 3071490.0 ], [ 4338084.9, 3071467.3 ], [ 4337986.6, 3071441.0 ], [ 4337925.7, 3071411.5 ], [ 4337880.4, 3071404.7 ], [ 4337881.9, 3071394.4 ], [ 4337900.3, 3071393.0 ], [ 4337911.0, 3071382.5 ], [ 4337968.6, 3071388.3 ], [ 4337986.1, 3071395.9 ], [ 4337993.9, 3071414.1 ], [ 4338008.0, 3071423.0 ] ], [ [ 4336038.3, 3071468.4 ], [ 4336040.8, 3071499.5 ], [ 4335996.1, 3071562.1 ], [ 4335983.3, 3071606.4 ], [ 4335951.6, 3071637.4 ], [ 4335940.7, 3071682.8 ], [ 4335898.0, 3071737.7 ], [ 4335900.5, 3071799.7 ], [ 4335875.9, 3071829.6 ], [ 4335864.6, 3071873.4 ], [ 4335868.0, 3071919.6 ], [ 4335857.7, 3071989.2 ], [ 4335863.2, 3072021.5 ], [ 4335838.2, 3072052.1 ], [ 4335831.4, 3072091.9 ], [ 4335853.9, 3072123.1 ], [ 4335861.8, 3072163.1 ], [ 4335896.0, 3072194.5 ], [ 4335951.0, 3072181.5 ], [ 4335970.3, 3072196.6 ], [ 4336069.8, 3072204.1 ], [ 4336230.3, 3072184.9 ], [ 4336250.2, 3072201.6 ], [ 4336029.7, 3072273.9 ], [ 4335990.5, 3072241.0 ], [ 4335971.4, 3072234.8 ], [ 4335932.7, 3072238.2 ], [ 4335916.9, 3072246.9 ], [ 4335899.2, 3072291.0 ], [ 4335867.2, 3072295.6 ], [ 4335853.6, 3072307.9 ], [ 4335839.3, 3072384.2 ], [ 4335845.6, 3072402.5 ], [ 4335825.3, 3072427.9 ], [ 4335801.7, 3072441.7 ], [ 4335796.5, 3072474.1 ], [ 4335762.2, 3072545.6 ], [ 4335733.3, 3072576.2 ], [ 4335714.8, 3072621.1 ], [ 4335686.2, 3072633.8 ], [ 4335664.7, 3072683.4 ], [ 4335612.0, 3072718.4 ], [ 4335569.3, 3072760.2 ], [ 4335550.6, 3072799.6 ], [ 4335514.2, 3072831.8 ], [ 4335446.9, 3072863.5 ], [ 4335417.2, 3072992.0 ], [ 4335420.2, 3073027.4 ], [ 4335434.6, 3073064.6 ], [ 4335435.6, 3073103.8 ], [ 4335397.9, 3073269.6 ], [ 4335374.4, 3073317.4 ], [ 4335357.0, 3073389.2 ], [ 4335356.6, 3073468.6 ], [ 4335350.0, 3073484.8 ], [ 4335364.3, 3073559.0 ], [ 4335360.0, 3073588.5 ], [ 4335297.1, 3073737.1 ], [ 4335265.4, 3073730.6 ], [ 4335236.3, 3073766.1 ], [ 4335215.1, 3073760.8 ], [ 4335240.1, 3073642.3 ], [ 4335254.0, 3073295.6 ], [ 4335269.9, 3073242.9 ], [ 4335246.4, 3073214.0 ], [ 4335234.9, 3073180.1 ], [ 4335228.8, 3073121.5 ], [ 4335274.9, 3073131.8 ], [ 4335287.9, 3073126.2 ], [ 4335296.9, 3073109.3 ], [ 4335328.3, 3073113.4 ], [ 4335343.2, 3073103.4 ], [ 4335352.4, 3073039.6 ], [ 4335348.0, 3072923.4 ], [ 4335371.1, 3072857.5 ], [ 4335508.9, 3072669.6 ], [ 4335573.3, 3072641.1 ], [ 4335625.8, 3072594.9 ], [ 4335701.0, 3072478.6 ], [ 4335714.5, 3072442.7 ], [ 4335712.2, 3072366.4 ], [ 4335750.6, 3072309.3 ], [ 4335767.8, 3072257.0 ], [ 4335787.3, 3072012.0 ], [ 4335816.7, 3071886.2 ], [ 4335857.0, 3071784.4 ], [ 4335865.0, 3071718.4 ], [ 4335973.8, 3071500.7 ], [ 4336018.9, 3071440.6 ], [ 4336057.4, 3071413.1 ], [ 4336038.3, 3071468.4 ] ], [ [ 4339710.8, 3072731.3 ], [ 4339732.0, 3072732.4 ], [ 4339770.7, 3072795.7 ], [ 4339779.2, 3072832.7 ], [ 4339766.9, 3072848.6 ], [ 4339742.2, 3072847.6 ], [ 4339734.2, 3072836.9 ], [ 4339705.9, 3072740.6 ], [ 4339710.8, 3072731.3 ] ], [ [ 4337978.5, 3071901.0 ], [ 4338113.9, 3071877.3 ], [ 4338095.8, 3071928.8 ], [ 4338095.9, 3071974.4 ], [ 4338002.7, 3071978.5 ], [ 4337932.1, 3071994.6 ], [ 4337978.5, 3071901.0 ] ], [ [ 4339055.8, 3072886.0 ], [ 4339105.3, 3072886.3 ], [ 4339125.0, 3072902.7 ], [ 4339125.5, 3072925.7 ], [ 4339104.5, 3072946.4 ], [ 4339055.0, 3072960.0 ], [ 4339009.4, 3072962.6 ], [ 4338989.2, 3072915.0 ], [ 4338994.6, 3072866.0 ], [ 4339001.5, 3072861.1 ], [ 4339055.8, 3072886.0 ] ], [ [ 4337381.3, 3073883.5 ], [ 4337467.7, 3073960.2 ], [ 4337409.1, 3074025.9 ], [ 4337416.2, 3074053.4 ], [ 4337403.3, 3074071.6 ], [ 4337403.2, 3074113.1 ], [ 4337411.3, 3074145.7 ], [ 4337357.4, 3074187.3 ], [ 4337321.7, 3074077.8 ], [ 4337298.7, 3074045.4 ], [ 4337279.1, 3074035.1 ], [ 4337278.1, 3074010.8 ], [ 4337381.3, 3073883.5 ] ], [ [ 4336611.3, 3074040.5 ], [ 4336628.0, 3074057.5 ], [ 4336463.0, 3074092.8 ], [ 4336462.5, 3074021.0 ], [ 4336611.3, 3074040.5 ] ], [ [ 4336789.4, 3074049.6 ], [ 4336806.1, 3074041.4 ], [ 4336810.9, 3074051.7 ], [ 4336800.3, 3074056.9 ], [ 4336789.4, 3074049.6 ] ], [ [ 4340043.1, 3071066.5 ], [ 4339939.3, 3070962.3 ], [ 4339903.9, 3070875.1 ], [ 4339948.5, 3070802.0 ], [ 4339952.3, 3070784.1 ], [ 4339972.6, 3070818.7 ], [ 4339965.6, 3070839.0 ], [ 4339981.8, 3070917.5 ], [ 4340064.3, 3071039.6 ], [ 4340043.1, 3071066.5 ] ], [ [ 4336615.0, 3070750.8 ], [ 4336648.8, 3070972.0 ], [ 4336663.2, 3070987.8 ], [ 4336726.3, 3070975.5 ], [ 4336842.2, 3070974.0 ], [ 4336959.3, 3071004.9 ], [ 4337001.2, 3070991.2 ], [ 4337043.0, 3070958.3 ], [ 4337051.8, 3070964.6 ], [ 4337049.7, 3070975.7 ], [ 4337021.4, 3071036.6 ], [ 4336982.1, 3071048.0 ], [ 4336980.6, 3071026.4 ], [ 4336967.0, 3071015.8 ], [ 4336783.1, 3071005.1 ], [ 4336751.7, 3071006.7 ], [ 4336723.9, 3071020.4 ], [ 4336666.8, 3071020.8 ], [ 4336615.6, 3071032.1 ], [ 4336618.1, 3070935.4 ], [ 4336591.2, 3070761.7 ], [ 4336593.7, 3070729.0 ], [ 4336582.8, 3070712.6 ], [ 4336557.5, 3070698.9 ], [ 4336497.4, 3070591.9 ], [ 4336438.5, 3070519.9 ], [ 4336421.6, 3070456.7 ], [ 4336431.2, 3070425.3 ], [ 4336529.1, 3070329.7 ], [ 4336538.0, 3070334.6 ], [ 4336507.2, 3070379.7 ], [ 4336452.6, 3070434.4 ], [ 4336447.7, 3070466.9 ], [ 4336487.5, 3070502.9 ], [ 4336565.4, 3070626.5 ], [ 4336615.0, 3070750.8 ] ], [ [ 4338187.7, 3070342.9 ], [ 4338163.2, 3070324.5 ], [ 4338182.4, 3070270.0 ], [ 4338184.4, 3070163.1 ], [ 4338209.7, 3070146.0 ], [ 4338282.6, 3070121.5 ], [ 4338379.2, 3070163.6 ], [ 4338352.3, 3070257.3 ], [ 4338343.4, 3070328.0 ], [ 4338319.7, 3070370.2 ], [ 4338291.8, 3070459.2 ], [ 4338261.4, 3070492.0 ], [ 4338209.3, 3070509.8 ], [ 4338193.0, 3070595.0 ], [ 4338164.9, 3070579.1 ], [ 4338187.3, 3070478.2 ], [ 4338170.9, 3070408.3 ], [ 4338187.7, 3070342.9 ] ], [ [ 4335469.3, 3070201.4 ], [ 4335361.1, 3070209.1 ], [ 4335271.5, 3070226.4 ], [ 4335256.9, 3070240.1 ], [ 4335150.0, 3070183.5 ], [ 4335190.2, 3070111.8 ], [ 4335186.0, 3070050.7 ], [ 4335171.1, 3070019.0 ], [ 4335177.2, 3069994.1 ], [ 4335197.3, 3070012.2 ], [ 4335237.5, 3070075.2 ], [ 4335254.0, 3070082.3 ], [ 4335325.6, 3070072.1 ], [ 4335357.0, 3070048.5 ], [ 4335365.4, 3070019.7 ], [ 4335352.6, 3070000.2 ], [ 4335355.5, 3069963.6 ], [ 4335384.1, 3069950.5 ], [ 4335420.3, 3069994.1 ], [ 4335515.6, 3069956.1 ], [ 4335558.8, 3069977.3 ], [ 4335596.3, 3070010.3 ], [ 4335602.6, 3070039.5 ], [ 4335579.7, 3070050.1 ], [ 4335537.6, 3070093.7 ], [ 4335512.9, 3070087.3 ], [ 4335454.2, 3070096.3 ], [ 4335450.3, 3070138.1 ], [ 4335471.8, 3070154.8 ], [ 4335486.7, 3070192.9 ], [ 4335469.3, 3070201.4 ] ], [ [ 4343975.0, 3069992.0 ], [ 4343997.6, 3069992.2 ], [ 4344012.8, 3070006.5 ], [ 4344002.0, 3070053.5 ], [ 4343975.9, 3070041.0 ], [ 4343969.3, 3070030.1 ], [ 4343975.0, 3069992.0 ] ], [ [ 4338055.3, 3070265.2 ], [ 4338072.5, 3070225.7 ], [ 4338111.4, 3070226.5 ], [ 4338099.1, 3070282.6 ], [ 4338105.0, 3070317.7 ], [ 4338049.8, 3070337.7 ], [ 4338030.0, 3070291.0 ], [ 4338029.0, 3070267.2 ], [ 4338055.3, 3070265.2 ] ], [ [ 4333788.0, 3070605.3 ], [ 4333786.9, 3070647.0 ], [ 4333720.3, 3070641.8 ], [ 4333721.3, 3070614.0 ], [ 4333753.5, 3070617.9 ], [ 4333770.0, 3070604.0 ], [ 4333788.0, 3070605.3 ] ], [ [ 4337574.4, 3069642.2 ], [ 4337607.8, 3069641.3 ], [ 4337635.0, 3069650.3 ], [ 4337675.9, 3069687.5 ], [ 4337710.4, 3069772.8 ], [ 4337708.4, 3069791.5 ], [ 4337718.8, 3069820.8 ], [ 4337713.7, 3069843.5 ], [ 4337647.7, 3069737.0 ], [ 4337621.2, 3069714.5 ], [ 4337575.1, 3069696.1 ], [ 4337567.5, 3069655.2 ], [ 4337574.4, 3069642.2 ] ], [ [ 4336322.8, 3069410.9 ], [ 4336220.6, 3069387.4 ], [ 4336168.5, 3069389.8 ], [ 4336168.2, 3069348.8 ], [ 4336227.2, 3069346.4 ], [ 4336309.7, 3069356.8 ], [ 4336325.6, 3069386.2 ], [ 4336322.8, 3069410.9 ] ], [ [ 4336855.9, 3068103.7 ], [ 4336835.4, 3068069.7 ], [ 4336819.5, 3068061.9 ], [ 4336754.9, 3068102.0 ], [ 4336749.0, 3068003.8 ], [ 4336769.9, 3068006.1 ], [ 4336815.1, 3067985.8 ], [ 4336872.3, 3068094.9 ], [ 4336855.9, 3068103.7 ] ], [ [ 4339236.2, 3068683.4 ], [ 4339323.9, 3068641.1 ], [ 4339339.4, 3068680.0 ], [ 4339264.5, 3068737.5 ], [ 4339173.7, 3068769.1 ], [ 4339154.6, 3068723.5 ], [ 4339224.6, 3068696.0 ], [ 4339236.2, 3068683.4 ] ], [ [ 4339649.4, 3068652.5 ], [ 4339679.2, 3068560.0 ], [ 4339722.2, 3068366.0 ], [ 4339705.0, 3068267.2 ], [ 4339714.6, 3068221.0 ], [ 4339712.5, 3068151.7 ], [ 4339754.7, 3067985.9 ], [ 4339785.8, 3067948.1 ], [ 4339889.4, 3067864.3 ], [ 4339917.4, 3067897.5 ], [ 4339839.1, 3067960.9 ], [ 4339826.9, 3067989.4 ], [ 4339789.3, 3068023.9 ], [ 4339771.4, 3068241.8 ], [ 4339776.7, 3068264.7 ], [ 4339752.8, 3068324.0 ], [ 4339743.6, 3068398.7 ], [ 4339704.3, 3068575.4 ], [ 4339722.4, 3068630.8 ], [ 4339717.6, 3068645.6 ], [ 4339679.3, 3068679.7 ], [ 4339655.5, 3068694.6 ], [ 4339638.3, 3068695.8 ], [ 4339632.2, 3068682.3 ], [ 4339649.4, 3068652.5 ] ], [ [ 4339212.6, 3068623.6 ], [ 4339226.9, 3068648.8 ], [ 4339224.4, 3068655.9 ], [ 4339203.8, 3068627.1 ], [ 4339212.6, 3068623.6 ] ], [ [ 4342192.3, 3069744.2 ], [ 4342205.7, 3069729.7 ], [ 4342225.2, 3069760.7 ], [ 4342211.3, 3069755.2 ], [ 4342192.3, 3069744.2 ] ], [ [ 4341841.7, 3068709.3 ], [ 4341850.3, 3068682.3 ], [ 4341878.0, 3068694.1 ], [ 4341863.9, 3068712.0 ], [ 4341841.7, 3068709.3 ] ], [ [ 4343595.4, 3068071.0 ], [ 4343641.0, 3068071.0 ], [ 4343651.9, 3068056.8 ], [ 4343645.9, 3068027.5 ], [ 4343654.9, 3068008.4 ], [ 4343727.2, 3067987.6 ], [ 4343836.9, 3067992.8 ], [ 4343900.7, 3068014.7 ], [ 4343919.3, 3068034.3 ], [ 4343882.5, 3068031.5 ], [ 4343861.3, 3068040.6 ], [ 4343766.0, 3068150.6 ], [ 4343742.2, 3068159.1 ], [ 4343641.4, 3068141.6 ], [ 4343609.9, 3068121.0 ], [ 4343595.4, 3068071.0 ] ] ] } },
{ "type": "Feature", "properties": { "id": "forest_87290", "state": "Thüringen", "area_ha": 5407.06, "unfragmented": true, "image": "forest_87290.webp", "real_width_m": 8967.4, "real_height_m": 9700.6, "pixel_width": 896, "pixel_height": 970, "centroid_x": 4387163.9, "centroid_y": 3058017.7 }, "geometry": { "type": "Polygon", "coordinates": [ [ [ 4385804.3, 3062972.3 ], [ 4385959.8, 3062877.1 ], [ 4385966.2, 3062894.5 ], [ 4385982.2, 3062903.5 ], [ 4386020.9, 3062894.3 ], [ 4386042.7, 3062903.6 ], [ 4386109.4, 3062881.4 ], [ 4386124.6, 3062896.3 ], [ 4386142.4, 3062893.6 ], [ 4386177.5, 3062855.0 ], [ 4386185.3, 3062835.8 ], [ 4386170.0, 3062771.8 ], [ 4386191.9, 3062733.2 ], [ 4386244.5, 3062699.9 ], [ 4386255.7, 3062718.8 ], [ 4386272.5, 3062724.9 ], [ 4386329.1, 3062702.3 ], [ 4386348.1, 3062711.2 ], [ 4386379.0, 3062699.6 ], [ 4386389.0, 3062675.5 ], [ 4386410.5, 3062655.8 ], [ 4386407.7, 3062627.7 ], [ 4386435.2, 3062605.5 ], [ 4386420.1, 3062570.9 ], [ 4386502.0, 3062502.5 ], [ 4386601.9, 3062496.3 ], [ 4386652.9, 3062613.9 ], [ 4386669.1, 3062626.8 ], [ 4386688.8, 3062620.6 ], [ 4386754.9, 3062541.6 ], [ 4386798.6, 3062537.7 ], [ 4386825.4, 3062547.8 ], [ 4386855.7, 3062574.0 ], [ 4386821.6, 3062641.2 ], [ 4386825.3, 3062661.6 ], [ 4387082.3, 3062809.3 ], [ 4387138.4, 3062866.9 ], [ 4387162.3, 3062913.5 ], [ 4387321.3, 3062890.8 ], [ 4387337.7, 3062869.1 ], [ 4387328.3, 3062834.0 ], [ 4387330.4, 3062793.6 ], [ 4387314.6, 3062780.2 ], [ 4387309.4, 3062753.7 ], [ 4387286.6, 3062720.5 ], [ 4387238.1, 3062706.5 ], [ 4387212.9, 3062668.5 ], [ 4387107.2, 3062585.1 ], [ 4387076.9, 3062542.9 ], [ 4387080.4, 3062522.2 ], [ 4387056.8, 3062475.3 ], [ 4387127.5, 3062516.4 ], [ 4387145.7, 3062514.2 ], [ 4387155.0, 3062502.6 ], [ 4387150.9, 3062481.3 ], [ 4387103.7, 3062441.8 ], [ 4386983.6, 3062386.4 ], [ 4386969.9, 3062392.4 ], [ 4386963.2, 3062405.7 ], [ 4386980.0, 3062441.0 ], [ 4386959.9, 3062462.0 ], [ 4386937.8, 3062464.7 ], [ 4386817.1, 3062408.0 ], [ 4386771.6, 3062404.6 ], [ 4386635.1, 3062315.6 ], [ 4386621.4, 3062315.4 ], [ 4386599.5, 3062329.6 ], [ 4386525.8, 3062235.9 ], [ 4386463.7, 3062198.7 ], [ 4386458.6, 3062183.0 ], [ 4386390.6, 3062102.6 ], [ 4386373.6, 3062097.6 ], [ 4386356.5, 3062109.8 ], [ 4386343.9, 3062109.3 ], [ 4386327.6, 3062094.2 ], [ 4386327.3, 3062065.3 ], [ 4386314.1, 3062052.8 ], [ 4386224.8, 3062079.6 ], [ 4386155.0, 3062152.1 ], [ 4386118.1, 3062149.0 ], [ 4386058.2, 3062126.5 ], [ 4386112.6, 3062072.7 ], [ 4386140.7, 3062070.7 ], [ 4386151.2, 3062049.1 ], [ 4386213.2, 3062039.3 ], [ 4386234.4, 3062048.5 ], [ 4386248.8, 3062045.3 ], [ 4386266.2, 3062020.5 ], [ 4386267.0, 3061997.4 ], [ 4386228.3, 3061961.3 ], [ 4386111.7, 3061792.8 ], [ 4386014.6, 3061692.5 ], [ 4385907.5, 3061617.5 ], [ 4385915.6, 3061581.4 ], [ 4385880.1, 3061537.9 ], [ 4385839.4, 3061517.8 ], [ 4385797.9, 3061478.8 ], [ 4385739.2, 3061472.4 ], [ 4385729.7, 3061455.0 ], [ 4385695.6, 3061429.1 ], [ 4385599.7, 3061389.4 ], [ 4385568.7, 3061358.5 ], [ 4385478.6, 3061227.9 ], [ 4385420.8, 3061196.3 ], [ 4385390.8, 3061194.7 ], [ 4385356.4, 3061181.0 ], [ 4385312.6, 3061158.1 ], [ 4385297.5, 3061137.1 ], [ 4385257.7, 3061131.1 ], [ 4385213.7, 3061094.7 ], [ 4385162.4, 3061035.3 ], [ 4385119.9, 3060959.3 ], [ 4385115.5, 3060933.1 ], [ 4385077.1, 3060847.1 ], [ 4385006.7, 3060758.9 ], [ 4384942.0, 3060712.2 ], [ 4384870.7, 3060676.9 ], [ 4384767.9, 3060603.0 ], [ 4384737.6, 3060572.8 ], [ 4384664.5, 3060571.5 ], [ 4384568.0, 3060550.4 ], [ 4384341.0, 3060428.3 ], [ 4384287.4, 3060446.8 ], [ 4384264.2, 3060465.5 ], [ 4384247.0, 3060440.5 ], [ 4384260.2, 3060396.4 ], [ 4384238.7, 3060314.3 ], [ 4384285.8, 3060298.9 ], [ 4384308.9, 3060320.8 ], [ 4384382.7, 3060347.8 ], [ 4384410.7, 3060372.5 ], [ 4384448.9, 3060370.9 ], [ 4384514.8, 3060393.0 ], [ 4384525.5, 3060406.7 ], [ 4384550.8, 3060415.9 ], [ 4384570.7, 3060442.5 ], [ 4384607.8, 3060452.2 ], [ 4384669.5, 3060493.2 ], [ 4384704.1, 3060495.0 ], [ 4384760.0, 3060520.7 ], [ 4384858.4, 3060584.6 ], [ 4384873.1, 3060605.9 ], [ 4384960.8, 3060660.3 ], [ 4385045.2, 3060742.2 ], [ 4385053.7, 3060771.3 ], [ 4385078.2, 3060797.5 ], [ 4385149.5, 3060911.0 ], [ 4385207.2, 3061030.3 ], [ 4385243.6, 3061056.4 ], [ 4385300.8, 3061071.4 ], [ 4385322.7, 3061093.5 ], [ 4385360.8, 3061109.2 ], [ 4385393.5, 3061098.7 ], [ 4385406.0, 3061032.0 ], [ 4385416.4, 3061034.3 ], [ 4385495.9, 3061118.7 ], [ 4385472.0, 3061149.3 ], [ 4385475.1, 3061170.4 ], [ 4385517.6, 3061218.3 ], [ 4385553.0, 3061225.0 ], [ 4385624.9, 3061323.5 ], [ 4385645.5, 3061330.2 ], [ 4385661.2, 3061320.1 ], [ 4385682.2, 3061337.0 ], [ 4385674.6, 3061367.3 ], [ 4385718.3, 3061417.3 ], [ 4385725.6, 3061435.9 ], [ 4385814.6, 3061477.9 ], [ 4385883.1, 3061524.5 ], [ 4385904.5, 3061523.6 ], [ 4385946.6, 3061556.2 ], [ 4385953.6, 3061572.9 ], [ 4385995.1, 3061594.5 ], [ 4386062.6, 3061656.9 ], [ 4386199.0, 3061799.2 ], [ 4386261.5, 3061835.1 ], [ 4386354.9, 3061855.7 ], [ 4386371.7, 3061853.3 ], [ 4386411.2, 3061878.3 ], [ 4386426.2, 3061896.5 ], [ 4386405.7, 3061921.6 ], [ 4386410.6, 3061942.2 ], [ 4386445.4, 3061958.5 ], [ 4386458.1, 3061981.0 ], [ 4386511.8, 3061998.4 ], [ 4386512.5, 3062022.3 ], [ 4386522.6, 3062040.2 ], [ 4386593.5, 3062109.9 ], [ 4386619.1, 3062113.4 ], [ 4386643.9, 3062092.3 ], [ 4386697.6, 3062122.0 ], [ 4386716.2, 3062114.2 ], [ 4386720.7, 3062094.7 ], [ 4386688.9, 3062069.7 ], [ 4386735.6, 3061968.2 ], [ 4386812.4, 3061991.8 ], [ 4386824.0, 3061982.7 ], [ 4386842.3, 3061939.9 ], [ 4386904.2, 3061998.7 ], [ 4386939.0, 3061993.2 ], [ 4386963.1, 3062003.1 ], [ 4386976.5, 3061997.3 ], [ 4387000.7, 3061881.9 ], [ 4386985.6, 3061859.8 ], [ 4387004.6, 3061847.0 ], [ 4387008.8, 3061816.8 ], [ 4387007.9, 3061779.9 ], [ 4386992.3, 3061728.7 ], [ 4386979.2, 3061718.7 ], [ 4386953.2, 3061715.5 ], [ 4386921.1, 3061667.3 ], [ 4386887.4, 3061613.0 ], [ 4386881.2, 3061562.7 ], [ 4386858.3, 3061532.9 ], [ 4386840.7, 3061485.0 ], [ 4386793.1, 3061466.1 ], [ 4386772.5, 3061424.9 ], [ 4386740.1, 3061428.1 ], [ 4386705.5, 3061334.1 ], [ 4386727.9, 3061312.7 ], [ 4386767.6, 3061311.2 ], [ 4386818.1, 3061329.7 ], [ 4386843.6, 3061377.8 ], [ 4386877.1, 3061519.1 ], [ 4387026.0, 3061678.6 ], [ 4387056.5, 3061683.3 ], [ 4387090.9, 3061658.0 ], [ 4387118.0, 3061602.7 ], [ 4387119.2, 3061588.6 ], [ 4387108.6, 3061574.8 ], [ 4387124.7, 3061534.6 ], [ 4387117.8, 3061499.5 ], [ 4387150.4, 3061431.9 ], [ 4387141.6, 3061412.6 ], [ 4387108.0, 3061406.5 ], [ 4387072.2, 3061382.3 ], [ 4387063.5, 3061346.2 ], [ 4387069.6, 3061309.9 ], [ 4387090.4, 3061302.7 ], [ 4387099.9, 3061275.7 ], [ 4387178.2, 3061278.7 ], [ 4387255.4, 3061256.7 ], [ 4387315.9, 3061141.2 ], [ 4387314.5, 3061126.3 ], [ 4387282.5, 3061090.3 ], [ 4387274.8, 3061065.4 ], [ 4387292.0, 3061048.0 ], [ 4387288.9, 3060982.6 ], [ 4387220.2, 3060827.3 ], [ 4387220.1, 3060769.5 ], [ 4387231.6, 3060735.9 ], [ 4387278.6, 3060685.0 ], [ 4387297.7, 3060620.0 ], [ 4387314.1, 3060616.8 ], [ 4387359.6, 3060584.8 ], [ 4387456.6, 3060504.5 ], [ 4387462.9, 3060487.9 ], [ 4387445.0, 3060467.4 ], [ 4387377.2, 3060474.9 ], [ 4387386.7, 3060442.2 ], [ 4387380.0, 3060421.1 ], [ 4387370.2, 3060409.9 ], [ 4387351.9, 3060408.6 ], [ 4387320.7, 3060442.0 ], [ 4387310.6, 3060472.6 ], [ 4387314.8, 3060558.5 ], [ 4387283.7, 3060553.6 ], [ 4387273.4, 3060537.6 ], [ 4387292.1, 3060480.4 ], [ 4387291.5, 3060458.4 ], [ 4387282.4, 3060447.1 ], [ 4387248.9, 3060436.0 ], [ 4387215.1, 3060403.9 ], [ 4387218.8, 3060380.0 ], [ 4387228.6, 3060366.6 ], [ 4387283.9, 3060369.4 ], [ 4387297.0, 3060363.8 ], [ 4387317.7, 3060275.4 ], [ 4387327.9, 3060261.0 ], [ 4387343.7, 3060255.0 ], [ 4387359.0, 3060285.6 ], [ 4387355.0, 3060310.7 ], [ 4387367.9, 3060363.3 ], [ 4387388.2, 3060367.9 ], [ 4387403.8, 3060354.8 ], [ 4387447.3, 3060341.6 ], [ 4387507.2, 3060474.2 ], [ 4387520.1, 3060481.1 ], [ 4387540.2, 3060473.7 ], [ 4387563.4, 3060480.0 ], [ 4387579.7, 3060472.1 ], [ 4387593.1, 3060439.8 ], [ 4387614.4, 3060454.1 ], [ 4387658.2, 3060440.1 ], [ 4387665.4, 3060423.4 ], [ 4387662.8, 3060338.0 ], [ 4387706.3, 3060337.1 ], [ 4387710.4, 3060525.6 ], [ 4387727.3, 3060539.5 ], [ 4387807.9, 3060538.7 ], [ 4387805.1, 3060617.4 ], [ 4387812.3, 3060653.9 ], [ 4387824.6, 3060667.4 ], [ 4387840.4, 3060668.0 ], [ 4387913.1, 3060907.0 ], [ 4387943.3, 3060969.9 ], [ 4387919.2, 3060984.9 ], [ 4387913.5, 3061000.7 ], [ 4387957.5, 3061117.6 ], [ 4387892.6, 3061153.0 ], [ 4387884.1, 3061171.0 ], [ 4387927.3, 3061310.6 ], [ 4387920.1, 3061347.7 ], [ 4387945.7, 3061473.9 ], [ 4387942.1, 3061528.2 ], [ 4387967.5, 3061611.1 ], [ 4387993.5, 3061666.3 ], [ 4388061.9, 3061725.4 ], [ 4388124.0, 3061803.4 ], [ 4388144.7, 3061805.7 ], [ 4388158.0, 3061789.7 ], [ 4388251.4, 3061916.9 ], [ 4388337.8, 3061970.3 ], [ 4388355.8, 3061969.6 ], [ 4388371.7, 3061956.6 ], [ 4388390.6, 3061907.2 ], [ 4388420.3, 3061883.4 ], [ 4388445.7, 3061869.6 ], [ 4388536.2, 3061860.9 ], [ 4388551.5, 3061846.7 ], [ 4388533.4, 3061779.6 ], [ 4388571.7, 3061711.5 ], [ 4388576.6, 3061680.2 ], [ 4388570.8, 3061657.7 ], [ 4388461.5, 3061435.1 ], [ 4388434.5, 3061397.9 ], [ 4388398.2, 3061270.1 ], [ 4388351.7, 3061169.4 ], [ 4388241.7, 3060970.4 ], [ 4388217.2, 3060957.8 ], [ 4388112.5, 3060998.6 ], [ 4388037.6, 3060869.3 ], [ 4387995.8, 3060842.9 ], [ 4387988.3, 3060810.4 ], [ 4388056.3, 3060826.3 ], [ 4388135.2, 3060814.7 ], [ 4388150.6, 3060804.8 ], [ 4388153.9, 3060790.4 ], [ 4388143.6, 3060752.1 ], [ 4388109.0, 3060678.0 ], [ 4388195.2, 3060701.0 ], [ 4388227.7, 3060794.3 ], [ 4388224.9, 3060851.8 ], [ 4388263.6, 3060938.3 ], [ 4388255.7, 3060970.1 ], [ 4388274.2, 3060990.7 ], [ 4388294.0, 3060997.0 ], [ 4388324.6, 3061060.3 ], [ 4388354.4, 3061080.0 ], [ 4388350.6, 3061101.0 ], [ 4388385.6, 3061166.7 ], [ 4388405.1, 3061232.8 ], [ 4388456.5, 3061329.3 ], [ 4388504.2, 3061469.5 ], [ 4388547.7, 3061558.0 ], [ 4388589.6, 3061615.0 ], [ 4388585.6, 3061649.7 ], [ 4388628.3, 3061840.2 ], [ 4388675.5, 3061940.4 ], [ 4388713.2, 3061997.6 ], [ 4388737.0, 3062006.9 ], [ 4388765.7, 3062057.3 ], [ 4388783.8, 3062076.8 ], [ 4388801.2, 3062081.1 ], [ 4388824.2, 3062065.5 ], [ 4388828.6, 3062044.7 ], [ 4388725.6, 3061853.9 ], [ 4388787.8, 3061835.2 ], [ 4388800.0, 3061813.7 ], [ 4388782.7, 3061772.3 ], [ 4388783.6, 3061738.7 ], [ 4388690.7, 3061513.8 ], [ 4388717.3, 3061493.2 ], [ 4388737.0, 3061488.8 ], [ 4388913.1, 3061509.9 ], [ 4388931.4, 3061491.1 ], [ 4388958.0, 3061401.0 ], [ 4388976.5, 3061373.5 ], [ 4389075.1, 3061340.1 ], [ 4389200.2, 3061650.0 ], [ 4389207.2, 3061683.3 ], [ 4389191.6, 3061706.2 ], [ 4389211.4, 3061734.6 ], [ 4389334.1, 3061745.4 ], [ 4389349.8, 3061733.6 ], [ 4389379.9, 3061678.2 ], [ 4389396.6, 3061739.6 ], [ 4389452.0, 3061814.5 ], [ 4389493.0, 3061844.4 ], [ 4389641.2, 3061885.3 ], [ 4389765.9, 3061881.6 ], [ 4389793.5, 3061874.3 ], [ 4389818.0, 3061854.3 ], [ 4389821.2, 3061838.3 ], [ 4389813.3, 3061824.0 ], [ 4389854.9, 3061756.4 ], [ 4389872.1, 3061759.7 ], [ 4389886.3, 3061749.3 ], [ 4389883.5, 3061707.0 ], [ 4389922.2, 3061651.1 ], [ 4390193.8, 3061642.7 ], [ 4390320.2, 3061495.6 ], [ 4390552.0, 3061504.4 ], [ 4390587.3, 3061474.7 ], [ 4390575.1, 3061394.4 ], [ 4390644.0, 3061349.9 ], [ 4390657.1, 3061363.4 ], [ 4390681.7, 3061365.6 ], [ 4390691.6, 3061392.2 ], [ 4390709.4, 3061394.3 ], [ 4390792.9, 3061333.5 ], [ 4390797.0, 3061309.3 ], [ 4390747.3, 3061226.1 ], [ 4390745.8, 3061133.1 ], [ 4390669.1, 3060994.9 ], [ 4390650.2, 3060932.1 ], [ 4390706.8, 3060920.9 ], [ 4390717.2, 3060907.8 ], [ 4390717.7, 3060888.4 ], [ 4390702.2, 3060851.6 ], [ 4390673.6, 3060846.8 ], [ 4390582.5, 3060891.5 ], [ 4390576.9, 3060938.7 ], [ 4390566.5, 3060940.1 ], [ 4390560.1, 3060919.1 ], [ 4390540.8, 3060912.0 ], [ 4390457.3, 3060936.5 ], [ 4390411.5, 3060960.2 ], [ 4390280.0, 3060982.1 ], [ 4390015.4, 3060998.1 ], [ 4389910.7, 3060996.7 ], [ 4389827.8, 3060991.8 ], [ 4389687.8, 3060968.7 ], [ 4389622.0, 3060903.7 ], [ 4389546.6, 3060877.0 ], [ 4389525.7, 3060882.6 ], [ 4389450.9, 3060844.5 ], [ 4389325.7, 3060806.9 ], [ 4389063.7, 3060748.2 ], [ 4388991.0, 3060738.7 ], [ 4388970.8, 3060726.9 ], [ 4388953.6, 3060729.6 ], [ 4388942.2, 3060744.2 ], [ 4388907.7, 3060692.3 ], [ 4388867.8, 3060674.6 ], [ 4388805.5, 3060611.9 ], [ 4388720.9, 3060587.9 ], [ 4388624.0, 3060544.3 ], [ 4388586.9, 3060505.4 ], [ 4388558.9, 3060488.1 ], [ 4388412.9, 3060429.8 ], [ 4388391.5, 3060440.0 ], [ 4388387.0, 3060468.4 ], [ 4388350.5, 3060462.3 ], [ 4388353.4, 3060437.6 ], [ 4388341.1, 3060421.3 ], [ 4388249.3, 3060408.8 ], [ 4388240.6, 3060384.2 ], [ 4388245.7, 3060360.4 ], [ 4388274.5, 3060313.2 ], [ 4388325.6, 3060342.6 ], [ 4388371.1, 3060356.6 ], [ 4388473.3, 3060366.7 ], [ 4388725.2, 3060451.1 ], [ 4388801.2, 3060459.1 ], [ 4388853.1, 3060513.8 ], [ 4388925.9, 3060516.6 ], [ 4388924.9, 3060537.0 ], [ 4388868.3, 3060571.6 ], [ 4388876.4, 3060618.9 ], [ 4389014.2, 3060684.7 ], [ 4389094.2, 3060678.1 ], [ 4389139.1, 3060647.0 ], [ 4389168.0, 3060594.7 ], [ 4389179.0, 3060521.3 ], [ 4389270.5, 3060582.0 ], [ 4389270.7, 3060597.9 ], [ 4389279.9, 3060608.8 ], [ 4389375.8, 3060620.6 ], [ 4389369.1, 3060669.3 ], [ 4389378.4, 3060690.4 ], [ 4389373.1, 3060766.7 ], [ 4389382.0, 3060782.4 ], [ 4389501.2, 3060840.8 ], [ 4389746.2, 3060921.1 ], [ 4389742.9, 3060947.0 ], [ 4389756.2, 3060962.1 ], [ 4389852.0, 3060971.3 ], [ 4390002.9, 3060968.7 ], [ 4390222.3, 3060940.0 ], [ 4390294.2, 3060938.2 ], [ 4390311.6, 3060917.5 ], [ 4390299.8, 3060824.1 ], [ 4390310.9, 3060755.1 ], [ 4390393.3, 3060566.7 ], [ 4390386.6, 3060549.5 ], [ 4390322.4, 3060493.1 ], [ 4390361.7, 3060481.5 ], [ 4390462.3, 3060518.4 ], [ 4390482.8, 3060513.4 ], [ 4390489.8, 3060493.6 ], [ 4390448.3, 3060371.1 ], [ 4390483.9, 3060357.8 ], [ 4390494.1, 3060340.3 ], [ 4390540.6, 3060330.5 ], [ 4390634.5, 3060119.2 ], [ 4390787.5, 3060089.4 ], [ 4390795.2, 3060037.0 ], [ 4390790.4, 3060010.5 ], [ 4390813.3, 3059970.0 ], [ 4390841.1, 3059983.6 ], [ 4390860.7, 3059977.2 ], [ 4390900.4, 3059930.6 ], [ 4390910.5, 3059907.7 ], [ 4391056.6, 3059769.4 ], [ 4391057.6, 3059744.3 ], [ 4390901.9, 3059690.6 ], [ 4390780.4, 3059678.7 ], [ 4390737.3, 3059692.4 ], [ 4390713.5, 3059684.5 ], [ 4390584.1, 3059690.8 ], [ 4390518.5, 3059686.4 ], [ 4390502.5, 3059699.1 ], [ 4390501.5, 3059721.4 ], [ 4390491.0, 3059721.7 ], [ 4390475.9, 3059699.2 ], [ 4390411.2, 3059693.9 ], [ 4390257.5, 3059705.2 ], [ 4390192.5, 3059720.7 ], [ 4389996.3, 3059702.3 ], [ 4389962.1, 3059710.4 ], [ 4389870.8, 3059759.1 ], [ 4389794.8, 3059768.3 ], [ 4389715.9, 3059745.6 ], [ 4389523.5, 3059737.4 ], [ 4389429.0, 3059706.5 ], [ 4389398.4, 3059717.6 ], [ 4389349.6, 3059720.7 ], [ 4389283.5, 3059689.7 ], [ 4389206.2, 3059671.3 ], [ 4389040.0, 3059668.6 ], [ 4388989.3, 3059674.7 ], [ 4388937.8, 3059697.6 ], [ 4388849.1, 3059788.0 ], [ 4388785.3, 3059805.3 ], [ 4388720.2, 3059807.2 ], [ 4388536.9, 3059781.4 ], [ 4388252.2, 3059693.2 ], [ 4388177.5, 3059673.6 ], [ 4388121.0, 3059670.6 ], [ 4388040.9, 3059680.6 ], [ 4388024.9, 3059697.7 ], [ 4387937.3, 3059717.3 ], [ 4387924.7, 3059730.7 ], [ 4387926.9, 3059756.8 ], [ 4387941.0, 3059768.6 ], [ 4387995.0, 3059777.4 ], [ 4388127.9, 3059765.9 ], [ 4388140.3, 3059759.4 ], [ 4388146.5, 3059744.6 ], [ 4388194.7, 3059750.2 ], [ 4388377.5, 3059845.5 ], [ 4388421.7, 3059887.3 ], [ 4388423.4, 3059903.6 ], [ 4388378.6, 3059922.8 ], [ 4388304.4, 3059917.8 ], [ 4388288.7, 3059924.6 ], [ 4388277.0, 3059985.6 ], [ 4388275.4, 3060036.4 ], [ 4388284.7, 3060058.6 ], [ 4388277.5, 3060076.0 ], [ 4388197.1, 3060033.5 ], [ 4388179.8, 3059965.9 ], [ 4388176.0, 3059910.9 ], [ 4388241.5, 3059905.0 ], [ 4388253.7, 3059891.9 ], [ 4388252.0, 3059874.0 ], [ 4388233.3, 3059841.3 ], [ 4388202.6, 3059810.1 ], [ 4388171.7, 3059789.9 ], [ 4388139.1, 3059784.1 ], [ 4387968.1, 3059800.2 ], [ 4387943.4, 3059824.3 ], [ 4387920.4, 3059830.2 ], [ 4387913.8, 3059852.8 ], [ 4387735.4, 3059835.8 ], [ 4387684.8, 3059844.9 ], [ 4387654.2, 3059891.5 ], [ 4387557.8, 3059963.3 ], [ 4387499.7, 3059970.2 ], [ 4387468.0, 3059982.4 ], [ 4387443.1, 3060089.1 ], [ 4387409.1, 3060094.6 ], [ 4387395.5, 3059989.7 ], [ 4387391.6, 3059797.4 ], [ 4387423.9, 3059750.9 ], [ 4387415.6, 3059713.9 ], [ 4387345.1, 3059617.6 ], [ 4387265.2, 3059541.0 ], [ 4387186.8, 3059493.6 ], [ 4387163.7, 3059492.5 ], [ 4387120.6, 3059508.6 ], [ 4387093.4, 3059469.4 ], [ 4387101.5, 3059447.7 ], [ 4387099.3, 3059420.0 ], [ 4387062.1, 3059369.9 ], [ 4387087.2, 3059355.8 ], [ 4387116.2, 3059354.0 ], [ 4387131.4, 3059381.8 ], [ 4387193.1, 3059430.1 ], [ 4387271.1, 3059459.1 ], [ 4387297.5, 3059482.3 ], [ 4387330.6, 3059485.3 ], [ 4387345.6, 3059478.1 ], [ 4387431.1, 3059533.8 ], [ 4387463.9, 3059539.4 ], [ 4387728.3, 3059538.8 ], [ 4387728.2, 3059571.4 ], [ 4387745.9, 3059586.9 ], [ 4387780.1, 3059586.5 ], [ 4387794.4, 3059577.4 ], [ 4387824.5, 3059508.4 ], [ 4387826.9, 3059470.9 ], [ 4387871.0, 3059479.9 ], [ 4387914.3, 3059523.0 ], [ 4387937.9, 3059564.1 ], [ 4387960.3, 3059585.2 ], [ 4387958.5, 3059611.9 ], [ 4387972.5, 3059627.8 ], [ 4388027.5, 3059628.1 ], [ 4388102.5, 3059613.1 ], [ 4388173.6, 3059617.5 ], [ 4388430.2, 3059692.3 ], [ 4388544.1, 3059747.1 ], [ 4388639.3, 3059767.2 ], [ 4388697.7, 3059768.7 ], [ 4388822.6, 3059736.4 ], [ 4388865.2, 3059712.1 ], [ 4388911.3, 3059665.6 ], [ 4388948.3, 3059640.8 ], [ 4389014.3, 3059626.3 ], [ 4389114.8, 3059631.9 ], [ 4389157.0, 3059616.8 ], [ 4389236.3, 3059617.1 ], [ 4389310.3, 3059582.1 ], [ 4389342.1, 3059597.5 ], [ 4389478.2, 3059620.9 ], [ 4389520.7, 3059597.0 ], [ 4389532.8, 3059581.9 ], [ 4389553.6, 3059501.6 ], [ 4389592.6, 3059516.2 ], [ 4389604.0, 3059532.9 ], [ 4389606.8, 3059556.1 ], [ 4389634.4, 3059582.8 ], [ 4389727.0, 3059585.5 ], [ 4389734.3, 3059628.5 ], [ 4389720.3, 3059673.3 ], [ 4389738.2, 3059693.5 ], [ 4389819.6, 3059692.1 ], [ 4389870.3, 3059681.0 ], [ 4389928.1, 3059683.5 ], [ 4390021.6, 3059655.6 ], [ 4390116.3, 3059675.9 ], [ 4390212.5, 3059661.8 ], [ 4390225.5, 3059644.4 ], [ 4390219.2, 3059512.4 ], [ 4390279.3, 3059479.7 ], [ 4390289.8, 3059414.4 ], [ 4390282.9, 3059360.6 ], [ 4390232.7, 3059228.2 ], [ 4390245.6, 3059220.9 ], [ 4390254.5, 3059225.8 ], [ 4390296.7, 3059313.7 ], [ 4390381.8, 3059431.3 ], [ 4390396.7, 3059430.4 ], [ 4390446.8, 3059398.1 ], [ 4390482.3, 3059391.4 ], [ 4390564.0, 3059412.6 ], [ 4390718.2, 3059413.5 ], [ 4390751.4, 3059397.9 ], [ 4390857.5, 3059316.7 ], [ 4390939.9, 3059236.6 ], [ 4390971.0, 3059220.0 ], [ 4391043.9, 3059159.4 ], [ 4391059.7, 3059133.7 ], [ 4391069.9, 3059080.3 ], [ 4391054.4, 3059055.5 ], [ 4391056.1, 3059038.0 ], [ 4391094.0, 3058953.0 ], [ 4391135.1, 3058969.6 ], [ 4391152.1, 3058966.6 ], [ 4391160.8, 3058955.7 ], [ 4391166.5, 3058920.9 ], [ 4391159.9, 3058885.1 ], [ 4391167.2, 3058880.6 ], [ 4391196.0, 3058894.7 ], [ 4391218.6, 3058881.2 ], [ 4391249.7, 3058878.3 ], [ 4391267.0, 3058847.5 ], [ 4391353.1, 3058877.9 ], [ 4391417.7, 3058915.3 ], [ 4391639.0, 3058916.8 ], [ 4391694.9, 3058985.5 ], [ 4391684.3, 3059008.8 ], [ 4391686.3, 3059025.8 ], [ 4391747.8, 3059094.8 ], [ 4391882.9, 3059137.4 ], [ 4391906.4, 3059124.0 ], [ 4391908.2, 3059031.6 ], [ 4391858.9, 3058897.5 ], [ 4391838.1, 3058886.8 ], [ 4391787.7, 3058899.2 ], [ 4391733.7, 3058652.5 ], [ 4391740.4, 3058597.5 ], [ 4391529.9, 3058422.9 ], [ 4391507.3, 3058394.6 ], [ 4391487.6, 3058321.7 ], [ 4391388.5, 3058254.8 ], [ 4391260.9, 3058200.6 ], [ 4391225.2, 3058171.2 ], [ 4391215.8, 3058151.4 ], [ 4391154.8, 3058132.6 ], [ 4391123.8, 3058097.0 ], [ 4391105.3, 3058097.7 ], [ 4391091.6, 3058113.3 ], [ 4391008.7, 3058090.4 ], [ 4390956.1, 3058058.2 ], [ 4390963.6, 3058030.1 ], [ 4390957.0, 3058014.7 ], [ 4390911.6, 3057997.6 ], [ 4390895.2, 3058005.2 ], [ 4390890.8, 3058026.1 ], [ 4390859.0, 3058065.7 ], [ 4390840.0, 3058125.2 ], [ 4390843.0, 3058142.0 ], [ 4390865.3, 3058161.4 ], [ 4390850.6, 3058192.7 ], [ 4390861.4, 3058259.3 ], [ 4390856.1, 3058278.7 ], [ 4390797.7, 3058289.8 ], [ 4390704.6, 3058182.8 ], [ 4390742.8, 3058152.9 ], [ 4390803.3, 3058075.5 ], [ 4390880.8, 3058004.3 ], [ 4390883.4, 3057982.6 ], [ 4390811.3, 3057927.1 ], [ 4390629.2, 3057852.3 ], [ 4390600.1, 3057859.8 ], [ 4390511.6, 3057860.4 ], [ 4390503.3, 3057872.3 ], [ 4390496.7, 3057936.4 ], [ 4390459.0, 3057917.9 ], [ 4390449.6, 3057899.8 ], [ 4390456.3, 3057873.2 ], [ 4390443.1, 3057856.6 ], [ 4390328.8, 3057829.7 ], [ 4390240.4, 3057819.9 ], [ 4390159.7, 3057816.6 ], [ 4390049.2, 3057834.4 ], [ 4389966.5, 3057826.1 ], [ 4389691.5, 3057824.4 ], [ 4389371.3, 3057850.8 ], [ 4389317.9, 3057834.1 ], [ 4389267.1, 3057831.3 ], [ 4389143.3, 3057870.5 ], [ 4389126.6, 3057855.4 ], [ 4389082.5, 3057846.4 ], [ 4388964.4, 3057722.4 ], [ 4388926.3, 3057701.2 ], [ 4388898.6, 3057672.4 ], [ 4388898.7, 3057657.9 ], [ 4388875.3, 3057608.6 ], [ 4388855.6, 3057602.5 ], [ 4388836.0, 3057617.7 ], [ 4388786.6, 3057603.7 ], [ 4388781.0, 3057573.1 ], [ 4388753.0, 3057562.1 ], [ 4388725.3, 3057532.5 ], [ 4388759.7, 3057490.1 ], [ 4388765.7, 3057406.3 ], [ 4388805.2, 3057394.5 ], [ 4388817.5, 3057377.1 ], [ 4388809.4, 3057355.4 ], [ 4388748.5, 3057282.2 ], [ 4388739.6, 3057246.6 ], [ 4388584.1, 3057205.9 ], [ 4388431.0, 3057139.2 ], [ 4388351.3, 3057087.9 ], [ 4388247.7, 3057050.0 ], [ 4388009.9, 3056880.1 ], [ 4387856.3, 3056792.4 ], [ 4387840.1, 3056777.5 ], [ 4387773.5, 3056658.3 ], [ 4387723.7, 3056536.3 ], [ 4387680.8, 3056476.9 ], [ 4387677.1, 3056446.6 ], [ 4387686.6, 3056396.5 ], [ 4387758.1, 3056425.4 ], [ 4387735.0, 3056453.8 ], [ 4387731.0, 3056474.7 ], [ 4387733.2, 3056500.1 ], [ 4387754.4, 3056545.6 ], [ 4387774.6, 3056554.0 ], [ 4387805.9, 3056539.3 ], [ 4387862.6, 3056645.8 ], [ 4387953.2, 3056747.0 ], [ 4388023.2, 3056772.0 ], [ 4388194.1, 3056878.9 ], [ 4388273.5, 3056958.1 ], [ 4388264.8, 3057009.1 ], [ 4388293.5, 3057033.5 ], [ 4388326.2, 3057050.3 ], [ 4388369.6, 3057038.4 ], [ 4388380.9, 3057064.2 ], [ 4388414.1, 3057093.7 ], [ 4388435.9, 3057101.2 ], [ 4388469.8, 3057129.5 ], [ 4388502.4, 3057135.8 ], [ 4388524.6, 3057155.2 ], [ 4388547.9, 3057148.8 ], [ 4388556.3, 3057124.2 ], [ 4388633.9, 3057150.9 ], [ 4388712.1, 3057197.9 ], [ 4388747.5, 3057245.2 ], [ 4388817.4, 3057279.7 ], [ 4388848.0, 3057271.3 ], [ 4388873.5, 3057229.8 ], [ 4388886.4, 3057228.6 ], [ 4388899.2, 3057241.9 ], [ 4388905.5, 3057264.4 ], [ 4388899.7, 3057289.7 ], [ 4388880.5, 3057308.2 ], [ 4388879.5, 3057323.2 ], [ 4388923.5, 3057386.4 ], [ 4388941.5, 3057511.4 ], [ 4388961.6, 3057583.4 ], [ 4389018.7, 3057684.7 ], [ 4389051.2, 3057725.4 ], [ 4389085.5, 3057753.4 ], [ 4389137.6, 3057772.5 ], [ 4389208.5, 3057783.3 ], [ 4389288.7, 3057806.9 ], [ 4389348.6, 3057800.1 ], [ 4389378.4, 3057778.6 ], [ 4389494.1, 3057760.8 ], [ 4389557.9, 3057762.8 ], [ 4389609.0, 3057742.5 ], [ 4389667.5, 3057748.2 ], [ 4389681.5, 3057736.4 ], [ 4389677.4, 3057708.3 ], [ 4389692.3, 3057689.9 ], [ 4389687.4, 3057658.3 ], [ 4389712.0, 3057648.0 ], [ 4389719.0, 3057616.6 ], [ 4389797.5, 3057629.2 ], [ 4389823.8, 3057643.1 ], [ 4389760.4, 3057659.2 ], [ 4389756.9, 3057688.4 ], [ 4389771.1, 3057703.5 ], [ 4389998.5, 3057702.4 ], [ 4390002.7, 3057742.0 ], [ 4389967.9, 3057757.4 ], [ 4389958.4, 3057775.9 ], [ 4389965.6, 3057791.8 ], [ 4389998.4, 3057812.8 ], [ 4390016.6, 3057813.2 ], [ 4390028.3, 3057804.0 ], [ 4390031.0, 3057754.4 ], [ 4390104.1, 3057742.1 ], [ 4390122.2, 3057729.8 ], [ 4390156.5, 3057724.5 ], [ 4390164.9, 3057708.6 ], [ 4390162.1, 3057678.0 ], [ 4390247.3, 3057671.9 ], [ 4390235.9, 3057711.1 ], [ 4390251.7, 3057732.0 ], [ 4390334.5, 3057735.5 ], [ 4390488.2, 3057757.3 ], [ 4390506.0, 3057747.8 ], [ 4390513.1, 3057715.8 ], [ 4390574.2, 3057714.8 ], [ 4390595.7, 3057720.6 ], [ 4390595.9, 3057728.3 ], [ 4390580.9, 3057736.9 ], [ 4390547.5, 3057736.6 ], [ 4390533.6, 3057748.5 ], [ 4390532.3, 3057763.3 ], [ 4390546.5, 3057785.0 ], [ 4390720.0, 3057812.6 ], [ 4390748.7, 3057826.1 ], [ 4390767.8, 3057806.7 ], [ 4390764.7, 3057742.7 ], [ 4390823.7, 3057756.8 ], [ 4390838.1, 3057753.6 ], [ 4390858.4, 3057723.6 ], [ 4390840.3, 3057676.3 ], [ 4390906.0, 3057667.5 ], [ 4390914.6, 3057655.7 ], [ 4390921.2, 3057606.0 ], [ 4390954.9, 3057604.7 ], [ 4391017.0, 3057625.1 ], [ 4390920.4, 3057805.4 ], [ 4390923.4, 3057826.3 ], [ 4390994.8, 3057868.8 ], [ 4391046.4, 3057881.4 ], [ 4391061.0, 3057878.2 ], [ 4391071.0, 3057862.8 ], [ 4391067.4, 3057836.6 ], [ 4390981.7, 3057784.1 ], [ 4391004.0, 3057766.2 ], [ 4391022.5, 3057788.1 ], [ 4391085.3, 3057825.0 ], [ 4391117.3, 3057859.1 ], [ 4391149.9, 3057910.7 ], [ 4391151.5, 3057928.1 ], [ 4391132.1, 3057946.0 ], [ 4391135.8, 3057963.5 ], [ 4391169.4, 3057990.4 ], [ 4391187.7, 3058021.5 ], [ 4391219.4, 3058032.0 ], [ 4391234.7, 3058095.2 ], [ 4391249.1, 3058105.6 ], [ 4391307.3, 3058119.1 ], [ 4391323.1, 3058136.3 ], [ 4391353.7, 3058145.9 ], [ 4391368.2, 3058159.5 ], [ 4391392.4, 3058154.2 ], [ 4391401.7, 3058129.0 ], [ 4391418.1, 3058124.7 ], [ 4391426.6, 3058110.1 ], [ 4391434.3, 3058050.8 ], [ 4391421.1, 3057995.6 ], [ 4391368.1, 3057967.1 ], [ 4391340.1, 3057895.5 ], [ 4391317.7, 3057887.1 ], [ 4391291.7, 3057888.4 ], [ 4391269.0, 3057845.4 ], [ 4391259.6, 3057806.8 ], [ 4391212.1, 3057776.6 ], [ 4391203.1, 3057690.6 ], [ 4391242.8, 3057672.1 ], [ 4391261.1, 3057687.2 ], [ 4391271.0, 3057708.2 ], [ 4391267.4, 3057730.7 ], [ 4391287.1, 3057757.2 ], [ 4391313.7, 3057848.3 ], [ 4391330.2, 3057860.6 ], [ 4391356.6, 3057859.2 ], [ 4391369.5, 3057846.3 ], [ 4391360.6, 3057773.6 ], [ 4391375.2, 3057768.3 ], [ 4391383.4, 3057752.1 ], [ 4391371.9, 3057711.0 ], [ 4391341.5, 3057649.5 ], [ 4391309.5, 3057648.7 ], [ 4391288.1, 3057635.5 ], [ 4391245.2, 3057652.8 ], [ 4391239.7, 3057613.9 ], [ 4391218.4, 3057600.6 ], [ 4391200.2, 3057561.3 ], [ 4391185.3, 3057547.8 ], [ 4391164.1, 3057547.1 ], [ 4391132.8, 3057581.3 ], [ 4391118.7, 3057585.4 ], [ 4391051.8, 3057555.9 ], [ 4391098.2, 3057494.9 ], [ 4391118.1, 3057413.8 ], [ 4391113.2, 3057397.0 ], [ 4391099.2, 3057388.5 ], [ 4391110.1, 3057354.7 ], [ 4391098.7, 3057333.0 ], [ 4391085.5, 3057328.8 ], [ 4391069.7, 3057335.9 ], [ 4390960.5, 3057277.4 ], [ 4390941.9, 3057287.3 ], [ 4390923.1, 3057328.7 ], [ 4390883.7, 3057294.7 ], [ 4390889.0, 3057274.0 ], [ 4390875.4, 3057227.4 ], [ 4390832.2, 3057206.0 ], [ 4390815.3, 3057207.5 ], [ 4390805.8, 3057217.3 ], [ 4390744.3, 3057193.8 ], [ 4390750.6, 3057161.0 ], [ 4390742.9, 3057145.1 ], [ 4390671.0, 3057125.4 ], [ 4390589.9, 3057069.3 ], [ 4390540.6, 3057067.9 ], [ 4390528.6, 3057081.8 ], [ 4390529.4, 3057114.4 ], [ 4390479.0, 3057125.3 ], [ 4390468.2, 3057134.3 ], [ 4390467.7, 3057173.8 ], [ 4390482.6, 3057254.9 ], [ 4390374.9, 3057241.2 ], [ 4390378.5, 3057151.6 ], [ 4390368.9, 3057138.3 ], [ 4390341.4, 3057129.8 ], [ 4390353.7, 3057043.6 ], [ 4390338.0, 3057021.6 ], [ 4390341.6, 3056991.1 ], [ 4390292.5, 3056961.8 ], [ 4390215.3, 3056937.5 ], [ 4390108.7, 3056930.9 ], [ 4390012.0, 3056944.8 ], [ 4389944.9, 3056936.1 ], [ 4389917.2, 3056944.2 ], [ 4389864.3, 3056932.9 ], [ 4389852.6, 3056916.0 ], [ 4389816.4, 3056904.0 ], [ 4389683.1, 3056899.3 ], [ 4389648.0, 3056926.6 ], [ 4389647.9, 3056982.6 ], [ 4389636.4, 3056986.8 ], [ 4389609.3, 3056927.1 ], [ 4389559.1, 3056871.1 ], [ 4389566.4, 3056842.1 ], [ 4389560.0, 3056794.5 ], [ 4389571.0, 3056754.1 ], [ 4389551.0, 3056670.9 ], [ 4389487.3, 3056635.9 ], [ 4389465.8, 3056597.4 ], [ 4389484.8, 3056494.3 ], [ 4389510.3, 3056447.7 ], [ 4389511.3, 3056396.0 ], [ 4389586.9, 3056309.9 ], [ 4389653.7, 3056294.1 ], [ 4389751.0, 3056294.8 ], [ 4389772.1, 3056300.2 ], [ 4389805.6, 3056325.5 ], [ 4389845.7, 3056397.4 ], [ 4389887.4, 3056443.3 ], [ 4389973.4, 3056511.3 ], [ 4389977.9, 3056539.0 ], [ 4389989.6, 3056552.2 ], [ 4390013.4, 3056548.7 ], [ 4390034.4, 3056516.1 ], [ 4390122.3, 3056541.8 ], [ 4390243.5, 3056527.1 ], [ 4390256.3, 3056563.6 ], [ 4390303.1, 3056585.1 ], [ 4390323.0, 3056628.3 ], [ 4390343.8, 3056629.9 ], [ 4390363.5, 3056609.9 ], [ 4390377.3, 3056620.0 ], [ 4390387.9, 3056661.8 ], [ 4390411.6, 3056673.8 ], [ 4390514.0, 3056790.3 ], [ 4390544.2, 3056839.3 ], [ 4390635.3, 3056877.6 ], [ 4390669.5, 3056918.1 ], [ 4390699.5, 3056938.4 ], [ 4390844.7, 3056984.0 ], [ 4390924.2, 3057021.5 ], [ 4390925.6, 3057035.8 ], [ 4390938.9, 3057047.7 ], [ 4391042.3, 3057073.0 ], [ 4391121.5, 3057063.6 ], [ 4391211.9, 3056995.2 ], [ 4391211.8, 3056978.1 ], [ 4391179.0, 3056925.7 ], [ 4391064.4, 3056807.2 ], [ 4391015.9, 3056720.4 ], [ 4390992.2, 3056498.4 ], [ 4391034.3, 3056479.3 ], [ 4391041.8, 3056460.7 ], [ 4391024.2, 3056419.7 ], [ 4391002.3, 3056400.3 ], [ 4391002.0, 3056379.4 ], [ 4391028.0, 3056389.0 ], [ 4391066.2, 3056365.0 ], [ 4391069.3, 3056351.2 ], [ 4391057.7, 3056313.2 ], [ 4391096.2, 3056262.6 ], [ 4391098.3, 3056247.8 ], [ 4391084.2, 3056230.2 ], [ 4391064.8, 3056147.7 ], [ 4391024.3, 3056107.4 ], [ 4390970.2, 3056021.1 ], [ 4390922.3, 3055974.3 ], [ 4390878.6, 3055954.7 ], [ 4390845.4, 3055928.3 ], [ 4390847.5, 3055911.2 ], [ 4390902.1, 3055884.0 ], [ 4390916.8, 3055822.5 ], [ 4390902.4, 3055794.3 ], [ 4390868.5, 3055784.8 ], [ 4390860.3, 3055743.4 ], [ 4390842.5, 3055735.9 ], [ 4390813.0, 3055737.7 ], [ 4390797.4, 3055702.1 ], [ 4390767.2, 3055692.7 ], [ 4390706.8, 3055696.9 ], [ 4390654.9, 3055711.3 ], [ 4390589.5, 3055754.4 ], [ 4390520.4, 3055828.8 ], [ 4390317.5, 3055921.8 ], [ 4390296.8, 3055912.4 ], [ 4390244.9, 3055921.3 ], [ 4390188.2, 3055917.7 ], [ 4390153.3, 3055905.7 ], [ 4390125.1, 3055922.8 ], [ 4390098.4, 3055919.5 ], [ 4390079.4, 3055903.6 ], [ 4390052.2, 3055910.1 ], [ 4390032.0, 3055900.9 ], [ 4390005.2, 3055905.3 ], [ 4390014.7, 3055884.1 ], [ 4390044.4, 3055853.9 ], [ 4390036.6, 3055818.2 ], [ 4389982.8, 3055784.8 ], [ 4389905.9, 3055709.0 ], [ 4389900.7, 3055664.5 ], [ 4389860.6, 3055621.8 ], [ 4389839.1, 3055619.3 ], [ 4389818.0, 3055602.8 ], [ 4389807.2, 3055576.9 ], [ 4389788.8, 3055564.2 ], [ 4389782.0, 3055529.9 ], [ 4389749.3, 3055511.5 ], [ 4389719.2, 3055518.1 ], [ 4389679.0, 3055496.5 ], [ 4389560.0, 3055461.1 ], [ 4389558.7, 3055436.2 ], [ 4389588.9, 3055425.3 ], [ 4389791.0, 3055440.9 ], [ 4389805.1, 3055485.5 ], [ 4389832.7, 3055519.4 ], [ 4389832.4, 3055546.4 ], [ 4389924.2, 3055666.5 ], [ 4389930.9, 3055685.8 ], [ 4389972.7, 3055704.6 ], [ 4389989.1, 3055731.9 ], [ 4390030.9, 3055760.7 ], [ 4390055.4, 3055797.8 ], [ 4390079.1, 3055805.5 ], [ 4390152.5, 3055855.2 ], [ 4390183.7, 3055850.3 ], [ 4390201.6, 3055859.0 ], [ 4390259.7, 3055851.8 ], [ 4390274.2, 3055871.6 ], [ 4390292.4, 3055876.8 ], [ 4390401.6, 3055833.9 ], [ 4390410.2, 3055788.2 ], [ 4390445.5, 3055725.4 ], [ 4390442.8, 3055708.2 ], [ 4390426.2, 3055697.1 ], [ 4390479.9, 3055631.4 ], [ 4390495.0, 3055601.4 ], [ 4390521.2, 3055578.6 ], [ 4390587.0, 3055425.3 ], [ 4390586.4, 3055408.6 ], [ 4390561.6, 3055362.0 ], [ 4390581.3, 3055317.7 ], [ 4390577.0, 3055297.4 ], [ 4390603.4, 3055263.1 ], [ 4390616.3, 3055269.1 ], [ 4390627.6, 3055292.6 ], [ 4390649.3, 3055293.6 ], [ 4390710.8, 3055239.1 ], [ 4390742.9, 3055191.9 ], [ 4390769.7, 3055121.9 ], [ 4390763.0, 3055093.2 ], [ 4390690.1, 3054964.0 ], [ 4390694.0, 3054922.2 ], [ 4390729.3, 3054849.3 ], [ 4390715.2, 3054776.9 ], [ 4390654.6, 3054709.1 ], [ 4390572.0, 3054677.4 ], [ 4390553.8, 3054663.9 ], [ 4390534.0, 3054630.4 ], [ 4390537.6, 3054578.9 ], [ 4390601.8, 3054489.2 ], [ 4390601.5, 3054467.7 ], [ 4390563.3, 3054442.1 ], [ 4390509.3, 3054482.5 ], [ 4390471.7, 3054495.3 ], [ 4390319.0, 3054483.4 ], [ 4390283.8, 3054460.2 ], [ 4390215.0, 3054281.9 ], [ 4390225.5, 3054193.9 ], [ 4390267.9, 3054151.4 ], [ 4390329.9, 3054131.8 ], [ 4390344.6, 3054107.7 ], [ 4390376.2, 3054091.7 ], [ 4390383.5, 3054072.2 ], [ 4390371.2, 3054055.3 ], [ 4390267.6, 3054053.5 ], [ 4390207.3, 3054065.9 ], [ 4390197.3, 3054080.2 ], [ 4390200.9, 3054111.5 ], [ 4390174.9, 3054181.9 ], [ 4390141.1, 3054169.7 ], [ 4390069.5, 3054166.0 ], [ 4390081.2, 3054103.4 ], [ 4390065.4, 3054085.1 ], [ 4389995.8, 3054091.4 ], [ 4389908.3, 3054117.1 ], [ 4389838.7, 3054105.4 ], [ 4389762.9, 3054037.5 ], [ 4389669.5, 3053875.4 ], [ 4389605.0, 3053819.1 ], [ 4389555.4, 3053792.4 ], [ 4389433.5, 3053771.0 ], [ 4389361.0, 3053785.0 ], [ 4389237.1, 3053850.0 ], [ 4389118.4, 3053928.0 ], [ 4389063.5, 3053954.3 ], [ 4389015.6, 3053964.9 ], [ 4388965.7, 3053949.8 ], [ 4388743.0, 3053784.1 ], [ 4388652.6, 3053763.2 ], [ 4388503.3, 3053749.3 ], [ 4388487.5, 3053758.8 ], [ 4388482.9, 3053784.1 ], [ 4388510.2, 3053834.7 ], [ 4388640.3, 3053916.1 ], [ 4388685.1, 3053972.7 ], [ 4388644.2, 3054014.3 ], [ 4388533.8, 3054098.1 ], [ 4388537.2, 3054160.4 ], [ 4388528.8, 3054181.7 ], [ 4388502.4, 3054202.1 ], [ 4388467.2, 3054156.9 ], [ 4388520.7, 3054118.7 ], [ 4388525.8, 3054101.5 ], [ 4388519.3, 3054088.6 ], [ 4388498.9, 3054082.9 ], [ 4388446.2, 3054103.8 ], [ 4388428.1, 3054088.2 ], [ 4388348.5, 3054056.4 ], [ 4388314.9, 3054009.4 ], [ 4388304.1, 3053950.9 ], [ 4388322.2, 3053807.2 ], [ 4388305.7, 3053758.3 ], [ 4388042.2, 3053642.3 ], [ 4387834.5, 3053597.1 ], [ 4387820.3, 3053598.8 ], [ 4387809.1, 3053610.7 ], [ 4387785.3, 3053607.2 ], [ 4387708.3, 3053580.8 ], [ 4387704.5, 3053531.1 ], [ 4387713.4, 3053501.2 ], [ 4387707.3, 3053487.9 ], [ 4387612.5, 3053398.1 ], [ 4387538.0, 3053370.6 ], [ 4387487.3, 3053338.3 ], [ 4387470.8, 3053342.3 ], [ 4387407.2, 3053388.6 ], [ 4387398.4, 3053403.0 ], [ 4387416.3, 3053464.5 ], [ 4387451.8, 3053522.7 ], [ 4387405.0, 3053536.3 ], [ 4387363.7, 3053522.3 ], [ 4387332.7, 3053530.1 ], [ 4387296.9, 3053577.7 ], [ 4387272.9, 3053592.4 ], [ 4387254.8, 3053557.3 ], [ 4387310.2, 3053388.7 ], [ 4387297.3, 3053372.2 ], [ 4387221.8, 3053353.2 ], [ 4387228.9, 3053312.9 ], [ 4387206.1, 3053296.8 ], [ 4387079.5, 3053357.2 ], [ 4387002.2, 3053384.6 ], [ 4387004.0, 3053458.7 ], [ 4387020.4, 3053500.7 ], [ 4387192.3, 3053521.6 ], [ 4387167.4, 3053578.4 ], [ 4387062.2, 3053690.1 ], [ 4387014.4, 3053879.1 ], [ 4386993.3, 3053895.0 ], [ 4386882.8, 3054072.9 ], [ 4386830.2, 3054140.1 ], [ 4386803.1, 3054115.0 ], [ 4386784.7, 3054112.1 ], [ 4386721.3, 3054166.6 ], [ 4386674.3, 3054140.0 ], [ 4386666.2, 3054127.9 ], [ 4386699.6, 3054108.3 ], [ 4386707.2, 3054095.3 ], [ 4386684.5, 3053977.0 ], [ 4386698.2, 3053958.9 ], [ 4386718.7, 3053964.4 ], [ 4386745.1, 3053950.4 ], [ 4386751.1, 3053932.8 ], [ 4386741.8, 3053910.7 ], [ 4386796.2, 3053856.7 ], [ 4386807.9, 3053827.2 ], [ 4386850.2, 3053803.2 ], [ 4386859.9, 3053788.4 ], [ 4386845.7, 3053693.8 ], [ 4386879.2, 3053568.7 ], [ 4386844.6, 3053489.1 ], [ 4386855.5, 3053468.3 ], [ 4386837.1, 3053419.1 ], [ 4386832.3, 3053317.4 ], [ 4386813.0, 3053304.6 ], [ 4386795.1, 3053306.5 ], [ 4386758.6, 3053386.9 ], [ 4386732.0, 3053359.4 ], [ 4386713.5, 3053358.4 ], [ 4386679.2, 3053411.7 ], [ 4386646.9, 3053436.8 ], [ 4386599.0, 3053462.5 ], [ 4386542.4, 3053477.4 ], [ 4386526.2, 3053554.5 ], [ 4386504.7, 3053591.2 ], [ 4386429.2, 3053479.6 ], [ 4386330.9, 3053495.4 ], [ 4386293.3, 3053525.9 ], [ 4386184.7, 3053665.3 ], [ 4385944.3, 3053768.1 ], [ 4385719.6, 3053900.8 ], [ 4385681.9, 3053937.4 ], [ 4385645.8, 3054023.3 ], [ 4385605.6, 3054065.7 ], [ 4385572.5, 3054080.3 ], [ 4385478.4, 3054094.0 ], [ 4385452.7, 3054106.5 ], [ 4385243.2, 3054408.2 ], [ 4385201.1, 3054444.7 ], [ 4385068.1, 3054533.7 ], [ 4384943.5, 3054518.3 ], [ 4384915.1, 3054520.1 ], [ 4384888.0, 3054535.6 ], [ 4384860.4, 3054574.0 ], [ 4384864.7, 3054668.0 ], [ 4384858.3, 3054693.3 ], [ 4384833.4, 3054732.3 ], [ 4384802.7, 3054749.4 ], [ 4384651.1, 3054770.3 ], [ 4384609.2, 3054788.6 ], [ 4384586.3, 3054813.7 ], [ 4384521.9, 3054964.7 ], [ 4384494.5, 3054992.7 ], [ 4384451.4, 3055008.3 ], [ 4384331.5, 3055010.3 ], [ 4384277.8, 3055029.8 ], [ 4384245.6, 3055061.3 ], [ 4384226.6, 3055154.5 ], [ 4384227.7, 3055381.6 ], [ 4384289.9, 3055518.4 ], [ 4384306.9, 3055585.3 ], [ 4384316.5, 3055634.8 ], [ 4384301.8, 3055702.0 ], [ 4384354.9, 3055782.5 ], [ 4384376.7, 3055782.2 ], [ 4384394.9, 3055762.3 ], [ 4384476.1, 3055780.3 ], [ 4384523.0, 3055802.7 ], [ 4384588.4, 3055808.5 ], [ 4384616.2, 3055823.2 ], [ 4384639.1, 3055857.6 ], [ 4384660.6, 3055860.9 ], [ 4384673.5, 3055847.8 ], [ 4384683.1, 3055792.7 ], [ 4384763.5, 3055761.9 ], [ 4384767.0, 3055748.5 ], [ 4384753.4, 3055688.4 ], [ 4384785.6, 3055635.3 ], [ 4384837.0, 3055676.7 ], [ 4384879.1, 3055664.7 ], [ 4384894.4, 3055614.8 ], [ 4384897.6, 3055537.0 ], [ 4384948.7, 3055523.8 ], [ 4384937.1, 3055639.1 ], [ 4384911.2, 3055666.1 ], [ 4384911.4, 3055686.6 ], [ 4385073.3, 3055799.4 ], [ 4385176.7, 3055785.9 ], [ 4385253.9, 3055689.7 ], [ 4385319.1, 3055713.6 ], [ 4385287.0, 3055751.7 ], [ 4385266.5, 3055760.0 ], [ 4385224.3, 3055829.3 ], [ 4385187.3, 3055825.5 ], [ 4385089.2, 3055882.5 ], [ 4385028.7, 3056017.2 ], [ 4385023.2, 3056068.0 ], [ 4385002.5, 3056097.9 ], [ 4384984.0, 3056062.7 ], [ 4384966.6, 3056056.5 ], [ 4384953.0, 3056062.9 ], [ 4384933.4, 3056090.5 ], [ 4384899.2, 3056104.6 ], [ 4384857.1, 3056013.1 ], [ 4384790.3, 3055967.9 ], [ 4384773.2, 3055967.2 ], [ 4384756.0, 3055982.7 ], [ 4384723.3, 3055940.5 ], [ 4384685.7, 3055944.8 ], [ 4384655.5, 3055927.5 ], [ 4384623.7, 3055940.9 ], [ 4384599.1, 3055926.4 ], [ 4384539.4, 3055922.6 ], [ 4384489.0, 3055939.8 ], [ 4384478.2, 3055954.6 ], [ 4384469.8, 3056043.1 ], [ 4384440.6, 3056025.7 ], [ 4384461.9, 3055948.6 ], [ 4384407.5, 3055874.3 ], [ 4384386.8, 3055868.0 ], [ 4384339.2, 3055891.0 ], [ 4384290.8, 3055803.1 ], [ 4384278.2, 3055797.9 ], [ 4384239.3, 3055802.3 ], [ 4384181.8, 3055893.5 ], [ 4384125.7, 3055941.3 ], [ 4384055.8, 3055960.0 ], [ 4383908.2, 3055971.2 ], [ 4383854.0, 3056002.0 ], [ 4383775.0, 3056084.1 ], [ 4383729.4, 3056161.7 ], [ 4383702.5, 3056238.1 ], [ 4383646.7, 3056261.1 ], [ 4383629.4, 3056276.8 ], [ 4383562.7, 3056405.1 ], [ 4383477.8, 3056503.5 ], [ 4383430.0, 3056586.5 ], [ 4383372.1, 3056815.1 ], [ 4383380.2, 3056833.8 ], [ 4383415.5, 3056855.1 ], [ 4383381.8, 3056906.3 ], [ 4383376.1, 3056938.4 ], [ 4383350.8, 3056974.9 ], [ 4383355.0, 3057010.1 ], [ 4383331.4, 3057025.1 ], [ 4383321.8, 3057015.1 ], [ 4383323.4, 3056966.3 ], [ 4383301.1, 3056949.8 ], [ 4383200.9, 3056963.7 ], [ 4383160.6, 3056979.5 ], [ 4383106.3, 3057034.6 ], [ 4383095.6, 3057077.7 ], [ 4383143.0, 3057107.3 ], [ 4383145.2, 3057147.9 ], [ 4383127.4, 3057188.0 ], [ 4383112.0, 3057196.0 ], [ 4383107.1, 3057212.5 ], [ 4383235.0, 3058350.9 ], [ 4383227.8, 3058431.0 ], [ 4383201.5, 3058510.6 ], [ 4383210.7, 3058526.4 ], [ 4383243.7, 3058542.7 ], [ 4383157.9, 3058632.0 ], [ 4383010.6, 3058698.3 ], [ 4382955.4, 3058737.6 ], [ 4382970.9, 3058855.6 ], [ 4382940.9, 3059060.6 ], [ 4382947.8, 3059285.7 ], [ 4382957.0, 3059337.3 ], [ 4382976.4, 3059385.6 ], [ 4383015.6, 3059437.8 ], [ 4383056.0, 3059470.8 ], [ 4383074.0, 3059474.9 ], [ 4383093.1, 3059460.6 ], [ 4383123.0, 3059411.5 ], [ 4383170.3, 3059364.1 ], [ 4383230.6, 3059329.0 ], [ 4383270.5, 3059323.1 ], [ 4383304.7, 3059334.1 ], [ 4383373.0, 3059390.0 ], [ 4383394.2, 3059416.6 ], [ 4383418.4, 3059502.6 ], [ 4383436.2, 3059696.0 ], [ 4383452.9, 3059792.1 ], [ 4383475.5, 3059862.8 ], [ 4383565.8, 3060051.5 ], [ 4383560.0, 3060078.6 ], [ 4383511.2, 3060164.0 ], [ 4383506.4, 3060190.4 ], [ 4383575.8, 3060452.8 ], [ 4383675.7, 3060657.0 ], [ 4383823.0, 3060792.7 ], [ 4383876.8, 3060912.0 ], [ 4383882.2, 3060967.9 ], [ 4383825.4, 3061053.6 ], [ 4383825.3, 3061076.4 ], [ 4383877.7, 3061100.8 ], [ 4383909.2, 3061129.4 ], [ 4383946.4, 3061138.7 ], [ 4383964.0, 3061158.7 ], [ 4384007.2, 3061185.1 ], [ 4384055.6, 3061189.0 ], [ 4384111.8, 3061214.5 ], [ 4384264.1, 3061229.5 ], [ 4384269.4, 3061236.5 ], [ 4384255.0, 3061259.6 ], [ 4384261.8, 3061276.7 ], [ 4384379.3, 3061316.0 ], [ 4384410.1, 3061360.7 ], [ 4384456.8, 3061641.7 ], [ 4384530.7, 3061949.0 ], [ 4384534.8, 3062005.7 ], [ 4384525.6, 3062078.3 ], [ 4384555.8, 3062237.4 ], [ 4384549.9, 3062282.7 ], [ 4384553.6, 3062350.6 ], [ 4384588.4, 3062454.5 ], [ 4384607.2, 3062463.2 ], [ 4384625.7, 3062454.9 ], [ 4384648.6, 3062486.8 ], [ 4384620.2, 3062506.2 ], [ 4384615.5, 3062522.9 ], [ 4384671.9, 3062634.8 ], [ 4384690.4, 3062643.6 ], [ 4384731.4, 3062622.4 ], [ 4384762.9, 3062628.0 ], [ 4384788.2, 3062603.6 ], [ 4384806.8, 3062620.6 ], [ 4384785.4, 3062644.9 ], [ 4384786.7, 3062665.7 ], [ 4384811.1, 3062685.0 ], [ 4384835.5, 3062675.2 ], [ 4384839.9, 3062649.7 ], [ 4384859.6, 3062630.7 ], [ 4384962.1, 3062411.6 ], [ 4384983.7, 3062345.9 ], [ 4384976.3, 3062323.9 ], [ 4385104.3, 3061999.8 ], [ 4385156.6, 3062058.3 ], [ 4385138.7, 3062075.6 ], [ 4385123.7, 3062074.5 ], [ 4385111.5, 3062083.2 ], [ 4385046.7, 3062224.8 ], [ 4385016.9, 3062306.5 ], [ 4385019.0, 3062355.9 ], [ 4384854.2, 3062742.2 ], [ 4384906.0, 3062832.0 ], [ 4384932.3, 3062837.6 ], [ 4384969.2, 3062893.2 ], [ 4385004.7, 3062904.4 ], [ 4385033.0, 3062930.8 ], [ 4385047.8, 3062928.3 ], [ 4385058.6, 3062913.1 ], [ 4385187.5, 3062915.3 ], [ 4385244.2, 3062906.4 ], [ 4385286.1, 3062885.1 ], [ 4385310.8, 3062896.2 ], [ 4385464.3, 3062829.1 ], [ 4385551.3, 3062811.1 ], [ 4385605.7, 3062755.5 ], [ 4385627.2, 3062742.9 ], [ 4385633.3, 3062725.6 ], [ 4385699.1, 3062681.8 ], [ 4385717.7, 3062650.3 ], [ 4385765.9, 3062655.7 ], [ 4385746.7, 3062734.6 ], [ 4385712.6, 3062746.8 ], [ 4385700.7, 3062760.2 ], [ 4385704.8, 3062825.1 ], [ 4385697.8, 3062838.3 ], [ 4385656.0, 3062849.2 ], [ 4385643.7, 3062862.5 ], [ 4385667.5, 3062978.2 ], [ 4385696.7, 3062997.4 ], [ 4385789.8, 3062997.4 ], [ 4385802.6, 3062986.0 ], [ 4385804.3, 3062972.3 ] ], [ [ 4385507.4, 3062703.9 ], [ 4385487.4, 3062725.6 ], [ 4385469.7, 3062723.9 ], [ 4385467.1, 3062697.4 ], [ 4385500.4, 3062685.3 ], [ 4385507.4, 3062703.9 ] ], [ [ 4386368.8, 3060295.0 ], [ 4386408.7, 3060235.6 ], [ 4386409.1, 3060219.8 ], [ 4386398.1, 3060201.7 ], [ 4386305.8, 3060132.0 ], [ 4386284.4, 3060133.9 ], [ 4386270.8, 3060155.5 ], [ 4386253.5, 3060149.5 ], [ 4386271.9, 3060108.9 ], [ 4386308.2, 3060076.9 ], [ 4386338.0, 3060080.3 ], [ 4386383.5, 3060130.3 ], [ 4386461.4, 3060124.7 ], [ 4386515.4, 3060150.0 ], [ 4386547.4, 3060262.4 ], [ 4386523.7, 3060281.8 ], [ 4386518.1, 3060313.0 ], [ 4386599.0, 3060384.9 ], [ 4386551.6, 3060395.2 ], [ 4386498.8, 3060456.7 ], [ 4386457.2, 3060461.0 ], [ 4386449.9, 3060370.3 ], [ 4386429.3, 3060357.8 ], [ 4386407.2, 3060372.5 ], [ 4386364.6, 3060345.5 ], [ 4386368.8, 3060295.0 ] ], [ [ 4389923.6, 3060226.4 ], [ 4389903.7, 3060200.9 ], [ 4389961.1, 3060215.4 ], [ 4390000.4, 3060216.7 ], [ 4390062.4, 3060259.7 ], [ 4390094.0, 3060311.2 ], [ 4390064.5, 3060355.1 ], [ 4390027.2, 3060321.7 ], [ 4389951.3, 3060310.4 ], [ 4389935.8, 3060314.0 ], [ 4389908.3, 3060339.0 ], [ 4389893.6, 3060306.6 ], [ 4389873.3, 3060301.3 ], [ 4389867.1, 3060279.0 ], [ 4389919.2, 3060243.2 ], [ 4389923.6, 3060226.4 ] ], [ [ 4389449.6, 3060177.2 ], [ 4389433.9, 3060206.3 ], [ 4389426.0, 3060205.5 ], [ 4389435.5, 3060118.6 ], [ 4389442.4, 3060104.1 ], [ 4389457.3, 3060103.5 ], [ 4389470.5, 3060091.4 ], [ 4389484.9, 3060091.2 ], [ 4389500.9, 3060121.7 ], [ 4389548.0, 3060140.9 ], [ 4389476.2, 3060157.7 ], [ 4389449.6, 3060177.2 ] ], [ [ 4385687.0, 3060138.4 ], [ 4385700.2, 3060168.1 ], [ 4385697.6, 3060184.3 ], [ 4385718.8, 3060276.2 ], [ 4385687.6, 3060293.6 ], [ 4385604.6, 3060156.4 ], [ 4385471.3, 3059989.6 ], [ 4385483.6, 3059961.0 ], [ 4385470.3, 3059918.7 ], [ 4385451.9, 3059903.8 ], [ 4385471.5, 3059833.2 ], [ 4385457.0, 3059782.1 ], [ 4385408.8, 3059692.6 ], [ 4385402.3, 3059659.7 ], [ 4385425.8, 3059659.5 ], [ 4385451.8, 3059723.0 ], [ 4385492.4, 3059766.1 ], [ 4385546.0, 3059769.2 ], [ 4385593.7, 3059728.9 ], [ 4385636.9, 3059706.1 ], [ 4385622.1, 3059729.2 ], [ 4385586.7, 3059754.3 ], [ 4385527.3, 3059835.6 ], [ 4385508.4, 3059890.9 ], [ 4385510.2, 3059918.9 ], [ 4385523.7, 3059956.4 ], [ 4385524.2, 3059988.1 ], [ 4385575.0, 3060036.9 ], [ 4385580.5, 3060070.2 ], [ 4385613.8, 3060115.4 ], [ 4385650.8, 3060125.0 ], [ 4385670.8, 3060140.7 ], [ 4385687.0, 3060138.4 ] ], [ [ 4386538.9, 3059713.6 ], [ 4386524.2, 3059682.7 ], [ 4386605.3, 3059640.3 ], [ 4386632.0, 3059675.1 ], [ 4386647.4, 3059681.3 ], [ 4386758.6, 3059629.2 ], [ 4386801.4, 3059630.5 ], [ 4386818.8, 3059648.8 ], [ 4386759.4, 3059684.2 ], [ 4386638.2, 3059732.7 ], [ 4386538.9, 3059713.6 ] ], [ [ 4384092.5, 3059504.2 ], [ 4384196.7, 3059676.4 ], [ 4384227.3, 3059829.8 ], [ 4384217.4, 3059847.4 ], [ 4384217.8, 3059869.4 ], [ 4384242.8, 3059921.2 ], [ 4384234.9, 3059928.4 ], [ 4384212.7, 3059924.2 ], [ 4384199.2, 3059901.5 ], [ 4384176.3, 3059828.7 ], [ 4384186.5, 3059697.9 ], [ 4384134.1, 3059642.2 ], [ 4384075.7, 3059524.6 ], [ 4384034.9, 3059480.5 ], [ 4384034.9, 3059466.5 ], [ 4384058.5, 3059434.9 ], [ 4384063.9, 3059395.5 ], [ 4384045.9, 3059368.3 ], [ 4384032.5, 3059286.6 ], [ 4384064.0, 3059288.1 ], [ 4384078.8, 3059321.9 ], [ 4384081.1, 3059428.9 ], [ 4384092.5, 3059504.2 ] ], [ [ 4387060.4, 3059257.5 ], [ 4387041.4, 3059217.8 ], [ 4387013.3, 3059208.9 ], [ 4386971.6, 3059168.0 ], [ 4386833.3, 3059132.2 ], [ 4386726.1, 3059141.2 ], [ 4386707.6, 3059161.8 ], [ 4386662.5, 3059184.7 ], [ 4386582.7, 3059204.0 ], [ 4386565.8, 3059200.7 ], [ 4386514.9, 3059223.7 ], [ 4386455.7, 3059232.1 ], [ 4386439.8, 3059225.4 ], [ 4386405.7, 3059229.3 ], [ 4386248.2, 3059136.1 ], [ 4386096.5, 3059152.4 ], [ 4385976.8, 3059152.3 ], [ 4385967.5, 3059149.8 ], [ 4385963.0, 3059136.1 ], [ 4385980.9, 3059098.5 ], [ 4385998.8, 3059106.9 ], [ 4386025.6, 3059099.1 ], [ 4386035.5, 3059088.8 ], [ 4386036.6, 3059072.4 ], [ 4386061.0, 3059065.0 ], [ 4386069.1, 3059098.7 ], [ 4386082.8, 3059110.1 ], [ 4386179.4, 3059087.9 ], [ 4386186.2, 3059065.1 ], [ 4386161.2, 3058971.3 ], [ 4386188.5, 3058950.6 ], [ 4386210.3, 3059010.9 ], [ 4386253.1, 3059078.2 ], [ 4386331.9, 3059153.8 ], [ 4386390.6, 3059178.3 ], [ 4386408.5, 3059175.0 ], [ 4386420.7, 3059159.9 ], [ 4386514.7, 3059189.4 ], [ 4386766.3, 3059103.4 ], [ 4386875.8, 3059093.4 ], [ 4386896.3, 3059058.9 ], [ 4386862.7, 3059001.7 ], [ 4386855.1, 3058934.1 ], [ 4386833.6, 3058903.0 ], [ 4386833.6, 3058868.7 ], [ 4386812.4, 3058805.2 ], [ 4386817.8, 3058773.5 ], [ 4386807.5, 3058747.5 ], [ 4386830.9, 3058588.2 ], [ 4386817.4, 3058520.7 ], [ 4386820.3, 3058458.8 ], [ 4386831.5, 3058440.1 ], [ 4386873.2, 3058432.6 ], [ 4386853.4, 3058656.8 ], [ 4386865.8, 3058912.3 ], [ 4386914.3, 3059003.7 ], [ 4386980.7, 3059033.9 ], [ 4386963.5, 3059064.6 ], [ 4386965.7, 3059089.5 ], [ 4387018.5, 3059149.4 ], [ 4387053.0, 3059209.0 ], [ 4387060.4, 3059257.5 ] ], [ [ 4389134.4, 3059114.1 ], [ 4389138.2, 3059108.4 ], [ 4389145.8, 3059113.5 ], [ 4389142.3, 3059119.0 ], [ 4389134.4, 3059114.1 ] ], [ [ 4390621.6, 3058917.2 ], [ 4390549.1, 3058869.1 ], [ 4390510.4, 3058818.9 ], [ 4390444.1, 3058770.7 ], [ 4390422.3, 3058772.1 ], [ 4390387.0, 3058805.1 ], [ 4390300.8, 3058752.2 ], [ 4390291.8, 3058727.4 ], [ 4390362.1, 3058625.5 ], [ 4390451.0, 3058702.4 ], [ 4390510.0, 3058776.3 ], [ 4390634.6, 3058843.9 ], [ 4390621.6, 3058917.2 ] ], [ [ 4390901.9, 3058853.5 ], [ 4390915.3, 3058836.0 ], [ 4390973.2, 3058848.9 ], [ 4390966.8, 3058872.4 ], [ 4390912.8, 3058863.9 ], [ 4390901.9, 3058853.5 ] ], [ [ 4390882.2, 3058854.6 ], [ 4390875.2, 3058860.9 ], [ 4390811.1, 3058860.5 ], [ 4390817.6, 3058840.7 ], [ 4390828.1, 3058838.4 ], [ 4390848.4, 3058849.4 ], [ 4390875.9, 3058850.6 ], [ 4390882.2, 3058854.6 ] ], [ [ 4388311.5, 3058587.8 ], [ 4388303.5, 3058669.9 ], [ 4388259.2, 3058621.2 ], [ 4388187.5, 3058575.3 ], [ 4388204.5, 3058541.8 ], [ 4388311.5, 3058587.8 ] ], [ [ 4388628.3, 3058782.0 ], [ 4388717.2, 3058823.5 ], [ 4388734.4, 3058817.9 ], [ 4388749.4, 3058792.8 ], [ 4388781.4, 3058793.8 ], [ 4388745.4, 3058884.1 ], [ 4388707.1, 3058854.6 ], [ 4388649.5, 3058827.0 ], [ 4388645.8, 3058805.6 ], [ 4388622.4, 3058789.1 ], [ 4388628.3, 3058782.0 ] ], [ [ 4387209.9, 3058870.7 ], [ 4387205.8, 3058878.7 ], [ 4387197.3, 3058874.3 ], [ 4387201.9, 3058866.1 ], [ 4387209.9, 3058870.7 ] ], [ [ 4388515.2, 3058501.0 ], [ 4388649.1, 3058281.2 ], [ 4388644.0, 3058261.9 ], [ 4388621.7, 3058253.9 ], [ 4388609.5, 3058260.7 ], [ 4388583.4, 3058300.5 ], [ 4388546.8, 3058294.4 ], [ 4388549.6, 3058246.5 ], [ 4388575.8, 3058209.0 ], [ 4388649.8, 3058217.3 ], [ 4388663.6, 3058212.1 ], [ 4388678.2, 3058189.8 ], [ 4388740.4, 3058193.8 ], [ 4388671.2, 3058326.6 ], [ 4388582.1, 3058462.4 ], [ 4388551.3, 3058498.3 ], [ 4388515.2, 3058501.0 ] ], [ [ 4385672.3, 3058264.1 ], [ 4385658.6, 3058323.3 ], [ 4385612.6, 3058304.9 ], [ 4385561.1, 3058248.9 ], [ 4385593.7, 3058212.7 ], [ 4385672.3, 3058264.1 ] ], [ [ 4385759.3, 3058354.6 ], [ 4385815.2, 3058440.0 ], [ 4385865.9, 3058588.5 ], [ 4385886.4, 3058618.2 ], [ 4385912.2, 3058619.0 ], [ 4385982.5, 3058747.9 ], [ 4386070.2, 3058796.0 ], [ 4386075.7, 3058814.7 ], [ 4386059.0, 3058831.7 ], [ 4386002.4, 3058803.6 ], [ 4385814.6, 3058741.5 ], [ 4385810.6, 3058694.6 ], [ 4385837.4, 3058689.1 ], [ 4385842.8, 3058657.2 ], [ 4385829.3, 3058640.4 ], [ 4385793.7, 3058509.9 ], [ 4385774.1, 3058487.9 ], [ 4385731.3, 3058474.9 ], [ 4385705.3, 3058379.1 ], [ 4385759.3, 3058354.6 ] ], [ [ 4383717.6, 3058407.2 ], [ 4383714.8, 3058450.3 ], [ 4383693.8, 3058411.3 ], [ 4383699.5, 3058388.4 ], [ 4383717.6, 3058407.2 ] ], [ [ 4383776.5, 3058669.2 ], [ 4383828.2, 3058738.6 ], [ 4383778.6, 3058774.5 ], [ 4383748.7, 3058693.5 ], [ 4383751.7, 3058678.1 ], [ 4383776.5, 3058669.2 ] ], [ [ 4385369.6, 3058752.7 ], [ 4385370.4, 3058717.2 ], [ 4385438.7, 3058724.4 ], [ 4385461.3, 3058670.0 ], [ 4385497.1, 3058677.5 ], [ 4385483.1, 3058719.5 ], [ 4385493.9, 3058738.5 ], [ 4385558.2, 3058733.2 ], [ 4385577.3, 3058745.0 ], [ 4385566.9, 3058783.4 ], [ 4385514.7, 3058820.5 ], [ 4385477.6, 3058803.8 ], [ 4385448.5, 3058771.6 ], [ 4385369.6, 3058752.7 ] ], [ [ 4386500.6, 3058609.7 ], [ 4386479.3, 3058593.3 ], [ 4386454.7, 3058602.4 ], [ 4386408.7, 3058589.6 ], [ 4386386.7, 3058603.2 ], [ 4386362.2, 3058588.6 ], [ 4386300.9, 3058508.4 ], [ 4386321.5, 3058466.2 ], [ 4386348.9, 3058451.1 ], [ 4386445.8, 3058519.7 ], [ 4386486.0, 3058509.2 ], [ 4386509.3, 3058515.0 ], [ 4386525.3, 3058530.1 ], [ 4386543.9, 3058527.6 ], [ 4386559.8, 3058544.0 ], [ 4386594.0, 3058535.4 ], [ 4386604.1, 3058542.9 ], [ 4386599.8, 3058560.3 ], [ 4386584.7, 3058574.6 ], [ 4386535.3, 3058585.5 ], [ 4386532.8, 3058612.0 ], [ 4386500.6, 3058609.7 ] ], [ [ 4388023.3, 3058380.7 ], [ 4388026.4, 3058363.8 ], [ 4388049.0, 3058368.9 ], [ 4388042.1, 3058385.6 ], [ 4388023.3, 3058380.7 ] ], [ [ 4383249.8, 3058865.2 ], [ 4383246.0, 3058881.8 ], [ 4383231.6, 3058892.9 ], [ 4383165.8, 3058999.7 ], [ 4383151.5, 3059047.0 ], [ 4383146.2, 3059127.0 ], [ 4383135.9, 3059150.0 ], [ 4383107.6, 3059077.3 ], [ 4383123.8, 3058970.4 ], [ 4383136.2, 3058959.2 ], [ 4383139.7, 3058940.9 ], [ 4383218.9, 3058844.5 ], [ 4383227.9, 3058858.9 ], [ 4383249.8, 3058865.2 ] ], [ [ 4385771.2, 3059002.8 ], [ 4385798.6, 3058977.6 ], [ 4385829.3, 3059047.4 ], [ 4385845.8, 3059055.0 ], [ 4385859.6, 3059050.2 ], [ 4385881.9, 3059119.1 ], [ 4385913.1, 3059131.6 ], [ 4385904.1, 3059165.4 ], [ 4385889.4, 3059161.9 ], [ 4385882.3, 3059145.3 ], [ 4385866.1, 3059139.5 ], [ 4385836.8, 3059152.8 ], [ 4385829.4, 3059178.4 ], [ 4385803.4, 3059175.8 ], [ 4385808.3, 3059116.8 ], [ 4385771.2, 3059002.8 ] ], [ [ 4384664.6, 3058942.6 ], [ 4384602.3, 3058994.7 ], [ 4384595.1, 3058991.5 ], [ 4384588.9, 3058963.3 ], [ 4384642.7, 3058904.9 ], [ 4384662.1, 3058921.9 ], [ 4384680.5, 3058921.8 ], [ 4384735.2, 3058870.0 ], [ 4384756.3, 3058892.8 ], [ 4384713.0, 3058948.3 ], [ 4384664.6, 3058942.6 ] ], [ [ 4383348.6, 3057613.0 ], [ 4383330.6, 3057605.8 ], [ 4383316.8, 3057610.4 ], [ 4383258.2, 3057432.6 ], [ 4383289.1, 3057315.6 ], [ 4383387.1, 3057131.8 ], [ 4383377.5, 3057109.0 ], [ 4383340.2, 3057104.1 ], [ 4383344.0, 3057084.8 ], [ 4383390.9, 3057083.0 ], [ 4383402.8, 3057075.5 ], [ 4383424.3, 3056981.0 ], [ 4383460.8, 3056925.6 ], [ 4383495.4, 3056906.1 ], [ 4383535.8, 3056860.8 ], [ 4383555.1, 3056857.3 ], [ 4383581.1, 3056869.4 ], [ 4383556.7, 3056917.2 ], [ 4383569.2, 3056971.4 ], [ 4383505.1, 3056954.7 ], [ 4383483.4, 3056966.9 ], [ 4383460.8, 3057027.8 ], [ 4383461.2, 3057104.0 ], [ 4383416.9, 3057185.0 ], [ 4383352.0, 3057260.9 ], [ 4383328.2, 3057311.0 ], [ 4383319.4, 3057352.4 ], [ 4383328.5, 3057443.2 ], [ 4383303.4, 3057470.0 ], [ 4383296.4, 3057494.2 ], [ 4383301.1, 3057515.2 ], [ 4383322.8, 3057533.1 ], [ 4383337.9, 3057559.7 ], [ 4383343.9, 3057593.8 ], [ 4383377.3, 3057619.8 ], [ 4383390.9, 3057653.1 ], [ 4383408.7, 3057673.8 ], [ 4383436.9, 3057693.9 ], [ 4383495.9, 3057871.6 ], [ 4383507.4, 3057952.4 ], [ 4383501.0, 3058022.3 ], [ 4383494.3, 3058029.8 ], [ 4383461.0, 3057906.3 ], [ 4383464.0, 3057875.5 ], [ 4383427.6, 3057787.1 ], [ 4383420.7, 3057744.1 ], [ 4383368.2, 3057663.6 ], [ 4383348.6, 3057613.0 ] ], [ [ 4386363.3, 3057934.7 ], [ 4386346.7, 3057934.6 ], [ 4386327.2, 3057890.8 ], [ 4386273.4, 3057818.8 ], [ 4386225.6, 3057797.4 ], [ 4386213.6, 3057784.2 ], [ 4386260.1, 3057736.9 ], [ 4386435.3, 3057889.3 ], [ 4386480.0, 3057891.9 ], [ 4386494.7, 3057912.6 ], [ 4386455.3, 3057947.3 ], [ 4386456.9, 3057987.4 ], [ 4386443.1, 3057999.8 ], [ 4386394.9, 3057974.0 ], [ 4386390.2, 3057952.9 ], [ 4386363.3, 3057934.7 ] ], [ [ 4386807.9, 3057294.8 ], [ 4386813.3, 3057203.7 ], [ 4386833.7, 3057247.3 ], [ 4386872.3, 3057271.1 ], [ 4386884.7, 3057298.3 ], [ 4386827.2, 3057372.6 ], [ 4386807.9, 3057294.8 ] ], [ [ 4383799.9, 3056933.1 ], [ 4383800.8, 3056910.1 ], [ 4383817.7, 3056924.1 ], [ 4383816.7, 3056933.0 ], [ 4383799.9, 3056933.1 ] ], [ [ 4385290.7, 3056672.3 ], [ 4385275.7, 3056672.2 ], [ 4385247.0, 3056550.4 ], [ 4385233.3, 3056511.4 ], [ 4385210.5, 3056498.3 ], [ 4385198.7, 3056430.7 ], [ 4385217.2, 3056423.9 ], [ 4385226.3, 3056410.2 ], [ 4385219.2, 3056333.6 ], [ 4385239.0, 3056337.4 ], [ 4385273.6, 3056320.7 ], [ 4385278.0, 3056339.3 ], [ 4385263.1, 3056376.1 ], [ 4385264.7, 3056413.0 ], [ 4385325.0, 3056670.5 ], [ 4385315.2, 3056693.0 ], [ 4385334.5, 3056717.0 ], [ 4385342.6, 3056742.1 ], [ 4385306.9, 3056759.6 ], [ 4385297.9, 3056728.7 ], [ 4385308.6, 3056690.1 ], [ 4385290.7, 3056672.3 ] ], [ [ 4385213.6, 3056327.3 ], [ 4385183.6, 3056305.4 ], [ 4385156.5, 3056307.7 ], [ 4385125.8, 3056279.7 ], [ 4385080.7, 3056258.0 ], [ 4385071.0, 3056237.7 ], [ 4385041.2, 3056212.6 ], [ 4385016.9, 3056209.3 ], [ 4384984.9, 3056165.9 ], [ 4384970.2, 3056158.4 ], [ 4384968.7, 3056142.7 ], [ 4385020.6, 3056164.7 ], [ 4385049.9, 3056201.8 ], [ 4385069.8, 3056206.1 ], [ 4385094.3, 3056227.4 ], [ 4385113.7, 3056229.6 ], [ 4385174.8, 3056264.8 ], [ 4385200.2, 3056290.6 ], [ 4385213.6, 3056327.3 ] ], [ [ 4387803.9, 3056222.0 ], [ 4387801.4, 3056203.9 ], [ 4387783.6, 3056188.3 ], [ 4387940.0, 3056040.9 ], [ 4387997.7, 3055967.2 ], [ 4388012.1, 3055918.4 ], [ 4388027.0, 3055813.2 ], [ 4388019.6, 3055794.6 ], [ 4387996.2, 3055775.6 ], [ 4388015.3, 3055729.4 ], [ 4388060.6, 3055765.6 ], [ 4388078.9, 3055765.8 ], [ 4388096.7, 3055741.3 ], [ 4388102.8, 3055706.5 ], [ 4388124.1, 3055680.4 ], [ 4388132.8, 3055756.1 ], [ 4388163.3, 3055776.0 ], [ 4388147.2, 3055810.6 ], [ 4388110.7, 3055819.1 ], [ 4388099.6, 3055829.3 ], [ 4388051.5, 3055917.0 ], [ 4388036.8, 3055989.9 ], [ 4388021.2, 3056020.3 ], [ 4387989.7, 3056071.3 ], [ 4387917.1, 3056150.3 ], [ 4387899.4, 3056123.5 ], [ 4387872.7, 3056132.2 ], [ 4387856.3, 3056186.4 ], [ 4387831.9, 3056230.2 ], [ 4387831.1, 3056269.1 ], [ 4387801.1, 3056271.7 ], [ 4387779.7, 3056290.0 ], [ 4387749.6, 3056299.7 ], [ 4387746.8, 3056284.5 ], [ 4387803.9, 3056222.0 ] ], [ [ 4389881.6, 3056029.1 ], [ 4389898.6, 3056020.2 ], [ 4389904.7, 3056031.9 ], [ 4389888.1, 3056040.1 ], [ 4389881.6, 3056029.1 ] ], [ [ 4388932.4, 3055713.7 ], [ 4388948.4, 3055684.4 ], [ 4388977.0, 3055708.3 ], [ 4389022.8, 3055707.8 ], [ 4389066.7, 3055760.8 ], [ 4389126.6, 3055754.3 ], [ 4389171.3, 3055783.7 ], [ 4389187.9, 3055786.8 ], [ 4389201.0, 3055800.2 ], [ 4389195.9, 3055825.9 ], [ 4389179.8, 3055830.5 ], [ 4389155.1, 3055863.6 ], [ 4389146.1, 3055863.4 ], [ 4389135.3, 3055844.8 ], [ 4389143.2, 3055829.3 ], [ 4389136.8, 3055812.1 ], [ 4389119.6, 3055805.7 ], [ 4389092.1, 3055812.7 ], [ 4389008.5, 3055887.5 ], [ 4388990.7, 3055916.3 ], [ 4388966.1, 3055913.7 ], [ 4388945.6, 3055882.5 ], [ 4388956.7, 3055855.4 ], [ 4388932.4, 3055713.7 ] ], [ [ 4386585.4, 3056023.3 ], [ 4386561.1, 3055917.6 ], [ 4386546.3, 3055902.9 ], [ 4386549.1, 3055873.8 ], [ 4386595.0, 3055879.8 ], [ 4386622.9, 3055951.8 ], [ 4386665.0, 3056001.4 ], [ 4386585.4, 3056023.3 ] ], [ [ 4384157.1, 3056511.8 ], [ 4384146.5, 3056505.3 ], [ 4384130.7, 3056465.7 ], [ 4384130.9, 3056453.3 ], [ 4384154.2, 3056436.0 ], [ 4384199.2, 3056469.3 ], [ 4384157.1, 3056511.8 ] ], [ [ 4387063.7, 3055555.9 ], [ 4387009.8, 3055506.0 ], [ 4386993.6, 3055475.5 ], [ 4386972.6, 3055476.7 ], [ 4386961.0, 3055489.9 ], [ 4386904.5, 3055481.0 ], [ 4386757.6, 3055397.6 ], [ 4386734.2, 3055403.2 ], [ 4386690.7, 3055395.9 ], [ 4386637.0, 3055361.9 ], [ 4386635.7, 3055345.9 ], [ 4386611.6, 3055316.4 ], [ 4386619.5, 3055310.1 ], [ 4386683.6, 3055311.5 ], [ 4386721.3, 3055288.7 ], [ 4386796.7, 3055347.0 ], [ 4386915.9, 3055391.1 ], [ 4386932.1, 3055390.5 ], [ 4386955.0, 3055376.3 ], [ 4386997.6, 3055387.2 ], [ 4387013.1, 3055401.5 ], [ 4387031.3, 3055398.3 ], [ 4387070.0, 3055412.3 ], [ 4387060.7, 3055484.8 ], [ 4387065.9, 3055498.2 ], [ 4387175.2, 3055524.7 ], [ 4387169.7, 3055537.4 ], [ 4387124.8, 3055569.8 ], [ 4387063.7, 3055555.9 ] ], [ [ 4386535.1, 3055256.6 ], [ 4386594.1, 3055317.2 ], [ 4386581.6, 3055328.2 ], [ 4386547.2, 3055296.0 ], [ 4386530.3, 3055260.0 ], [ 4386535.1, 3055256.6 ] ], [ [ 4386383.9, 3055265.0 ], [ 4386416.0, 3055259.7 ], [ 4386410.4, 3055288.5 ], [ 4386377.3, 3055307.8 ], [ 4386326.6, 3055315.1 ], [ 4386261.3, 3055352.6 ], [ 4386211.5, 3055369.8 ], [ 4386185.6, 3055331.9 ], [ 4386079.6, 3055278.4 ], [ 4386160.8, 3055228.0 ], [ 4386197.0, 3055218.9 ], [ 4386207.7, 3055202.2 ], [ 4386227.9, 3055212.9 ], [ 4386254.2, 3055202.3 ], [ 4386257.6, 3055181.0 ], [ 4386242.0, 3055167.1 ], [ 4386215.1, 3055172.2 ], [ 4386204.8, 3055188.7 ], [ 4386195.5, 3055180.1 ], [ 4386173.9, 3055048.1 ], [ 4386194.6, 3055027.6 ], [ 4386271.0, 3055017.8 ], [ 4386366.2, 3055069.6 ], [ 4386369.5, 3055085.9 ], [ 4386391.0, 3055102.9 ], [ 4386373.7, 3055247.3 ], [ 4386383.9, 3055265.0 ] ], [ [ 4387594.8, 3055242.2 ], [ 4387610.5, 3055229.6 ], [ 4387618.7, 3055237.3 ], [ 4387603.3, 3055249.7 ], [ 4387594.8, 3055242.2 ] ], [ [ 4389572.8, 3054770.2 ], [ 4389562.9, 3054756.7 ], [ 4389572.4, 3054741.4 ], [ 4389625.9, 3054738.8 ], [ 4389619.9, 3054783.5 ], [ 4389572.8, 3054770.2 ] ], [ [ 4387337.4, 3054728.0 ], [ 4387328.2, 3054766.4 ], [ 4387277.5, 3054695.8 ], [ 4387229.6, 3054679.3 ], [ 4387214.9, 3054638.4 ], [ 4387234.1, 3054627.3 ], [ 4387233.0, 3054603.0 ], [ 4387189.3, 3054554.9 ], [ 4387133.2, 3054518.7 ], [ 4387087.8, 3054460.7 ], [ 4387074.3, 3054456.3 ], [ 4387059.1, 3054462.4 ], [ 4387029.0, 3054418.2 ], [ 4387002.4, 3054421.5 ], [ 4386975.3, 3054470.6 ], [ 4386933.7, 3054462.4 ], [ 4386899.0, 3054390.8 ], [ 4386895.0, 3054366.3 ], [ 4386876.6, 3054355.8 ], [ 4386859.3, 3054277.8 ], [ 4386831.1, 3054252.9 ], [ 4386855.9, 3054218.1 ], [ 4386913.5, 3054237.0 ], [ 4386981.9, 3054295.6 ], [ 4387002.5, 3054318.0 ], [ 4386983.0, 3054335.8 ], [ 4386991.6, 3054358.6 ], [ 4387017.0, 3054360.5 ], [ 4387027.8, 3054338.5 ], [ 4387091.7, 3054353.6 ], [ 4387124.7, 3054373.7 ], [ 4387148.3, 3054400.4 ], [ 4387166.3, 3054463.6 ], [ 4387192.7, 3054462.8 ], [ 4387215.9, 3054491.2 ], [ 4387244.2, 3054490.2 ], [ 4387281.4, 3054513.1 ], [ 4387314.0, 3054516.7 ], [ 4387328.1, 3054553.2 ], [ 4387283.9, 3054607.2 ], [ 4387267.5, 3054652.1 ], [ 4387276.4, 3054667.7 ], [ 4387297.4, 3054674.2 ], [ 4387337.4, 3054728.0 ] ], [ [ 4389102.2, 3054376.2 ], [ 4388943.3, 3054366.4 ], [ 4388931.6, 3054259.1 ], [ 4388939.1, 3054221.5 ], [ 4388910.8, 3054131.4 ], [ 4388951.6, 3054101.1 ], [ 4389087.9, 3054038.9 ], [ 4389145.5, 3053990.5 ], [ 4389221.2, 3053955.2 ], [ 4389231.4, 3053942.3 ], [ 4389401.1, 3053845.9 ], [ 4389433.4, 3053841.7 ], [ 4389494.6, 3053877.8 ], [ 4389513.9, 3053941.3 ], [ 4389525.9, 3053953.6 ], [ 4389601.8, 3053949.6 ], [ 4389559.2, 3054089.1 ], [ 4389570.5, 3054107.1 ], [ 4389611.0, 3054118.2 ], [ 4389610.3, 3054135.6 ], [ 4389597.8, 3054152.3 ], [ 4389488.0, 3054198.2 ], [ 4389479.1, 3054213.7 ], [ 4389486.9, 3054233.0 ], [ 4389443.1, 3054252.4 ], [ 4389337.0, 3054336.0 ], [ 4389290.2, 3054357.0 ], [ 4389251.7, 3054362.5 ], [ 4389102.2, 3054376.2 ] ], [ [ 4385990.7, 3054197.4 ], [ 4386015.4, 3054289.1 ], [ 4385979.6, 3054305.8 ], [ 4385962.6, 3054293.2 ], [ 4385935.3, 3054297.4 ], [ 4385964.3, 3054249.3 ], [ 4385963.2, 3054232.3 ], [ 4385942.6, 3054211.6 ], [ 4385886.3, 3054196.3 ], [ 4385881.7, 3054180.8 ], [ 4385859.7, 3054162.6 ], [ 4385893.0, 3054122.0 ], [ 4385902.3, 3054097.3 ], [ 4385901.9, 3054080.1 ], [ 4385888.6, 3054067.0 ], [ 4385893.4, 3054041.5 ], [ 4385930.1, 3054056.1 ], [ 4385940.9, 3054104.8 ], [ 4385990.7, 3054197.4 ] ], [ [ 4385634.4, 3054288.8 ], [ 4385675.7, 3054318.6 ], [ 4385675.3, 3054380.3 ], [ 4385684.5, 3054405.7 ], [ 4385662.7, 3054408.3 ], [ 4385619.4, 3054356.6 ], [ 4385566.2, 3054264.8 ], [ 4385562.2, 3054236.3 ], [ 4385608.0, 3054237.4 ], [ 4385628.1, 3054246.4 ], [ 4385626.2, 3054273.4 ], [ 4385634.4, 3054288.8 ] ], [ [ 4386341.2, 3053868.6 ], [ 4386383.5, 3053857.0 ], [ 4386407.6, 3053949.3 ], [ 4386353.7, 3053981.0 ], [ 4386321.0, 3053929.2 ], [ 4386341.2, 3053868.6 ] ], [ [ 4386492.3, 3053763.9 ], [ 4386521.7, 3053752.3 ], [ 4386567.7, 3053768.1 ], [ 4386560.7, 3053802.9 ], [ 4386476.2, 3053825.3 ], [ 4386462.9, 3053818.1 ], [ 4386459.0, 3053794.3 ], [ 4386492.3, 3053763.9 ] ], [ [ 4388046.2, 3053855.6 ], [ 4388061.4, 3053843.7 ], [ 4388072.9, 3053859.5 ], [ 4388058.9, 3053872.0 ], [ 4388046.2, 3053855.6 ] ], [ [ 4386643.4, 3060824.5 ], [ 4386630.0, 3060907.4 ], [ 4386610.5, 3060903.7 ], [ 4386612.4, 3060859.3 ], [ 4386601.2, 3060824.5 ], [ 4386614.2, 3060790.6 ], [ 4386606.7, 3060778.0 ], [ 4386568.8, 3060755.6 ], [ 4386578.5, 3060746.8 ], [ 4386605.6, 3060742.4 ], [ 4386616.1, 3060725.1 ], [ 4386602.7, 3060670.2 ], [ 4386584.0, 3060654.2 ], [ 4386584.5, 3060636.7 ], [ 4386653.2, 3060665.6 ], [ 4386660.8, 3060700.3 ], [ 4386677.9, 3060731.9 ], [ 4386670.8, 3060767.2 ], [ 4386712.2, 3060799.5 ], [ 4386658.7, 3060807.1 ], [ 4386643.4, 3060824.5 ] ], [ [ 4385616.8, 3061195.0 ], [ 4385607.3, 3061198.9 ], [ 4385594.2, 3061189.1 ], [ 4385646.2, 3061130.1 ], [ 4385727.4, 3061009.5 ], [ 4385822.7, 3060951.2 ], [ 4385819.7, 3060970.3 ], [ 4385784.2, 3061023.0 ], [ 4385732.3, 3061050.3 ], [ 4385711.2, 3061089.2 ], [ 4385636.9, 3061156.6 ], [ 4385616.8, 3061195.0 ] ], [ [ 4386853.8, 3061748.1 ], [ 4386918.7, 3061762.6 ], [ 4386946.5, 3061794.0 ], [ 4386964.3, 3061846.5 ], [ 4386977.7, 3061858.8 ], [ 4386964.4, 3061864.0 ], [ 4386785.9, 3061804.5 ], [ 4386793.3, 3061751.7 ], [ 4386755.9, 3061609.2 ], [ 4386823.0, 3061566.9 ], [ 4386815.9, 3061609.5 ], [ 4386851.1, 3061685.0 ], [ 4386843.2, 3061733.4 ], [ 4386853.8, 3061748.1 ] ] ] } },
{ "type": "Feature", "properties": { "id": "forest_87404", "state": "Thüringen", "area_ha": 5291.58, "unfragmented": true, "image": "forest_87404.webp", "real_width_m": 9427.1, "real_height_m": 13661.9, "pixel_width": 942, "pixel_height": 1366, "centroid_x": 4379087.6, "centroid_y": 3063031.4 }, "geometry": { "type": "Polygon", "coordinates": [ [ [ 4376638.4, 3062378.1 ], [ 4376668.4, 3062376.5 ], [ 4376686.5, 3062392.7 ], [ 4376868.8, 3062420.0 ], [ 4376851.5, 3062466.3 ], [ 4376852.6, 3062482.9 ], [ 4376884.6, 3062511.6 ], [ 4376924.4, 3062528.0 ], [ 4377055.9, 3062553.2 ], [ 4377129.6, 3062582.6 ], [ 4377170.8, 3062553.6 ], [ 4377257.6, 3062555.2 ], [ 4377261.6, 3062634.9 ], [ 4377253.7, 3062651.8 ], [ 4377261.8, 3062679.5 ], [ 4377242.8, 3062703.5 ], [ 4377239.9, 3062766.4 ], [ 4377253.1, 3062786.6 ], [ 4377281.0, 3062782.0 ], [ 4377285.5, 3062941.8 ], [ 4377265.7, 3062974.6 ], [ 4377276.0, 3063116.1 ], [ 4377287.5, 3063158.5 ], [ 4377305.1, 3063177.2 ], [ 4377343.5, 3063176.4 ], [ 4377378.2, 3063185.3 ], [ 4377408.2, 3063196.4 ], [ 4377418.5, 3063213.0 ], [ 4377352.8, 3063217.6 ], [ 4377336.2, 3063234.8 ], [ 4377345.3, 3063270.6 ], [ 4377382.4, 3063316.4 ], [ 4377382.5, 3063383.3 ], [ 4377362.8, 3063488.5 ], [ 4377332.0, 3063584.6 ], [ 4377293.4, 3063681.4 ], [ 4377257.4, 3063713.2 ], [ 4377247.2, 3064014.7 ], [ 4377207.8, 3064022.8 ], [ 4377172.4, 3064045.3 ], [ 4377155.1, 3064039.7 ], [ 4377119.7, 3064047.0 ], [ 4377089.4, 3064059.8 ], [ 4377081.6, 3064080.1 ], [ 4377049.7, 3064080.6 ], [ 4377017.4, 3064060.2 ], [ 4376995.3, 3064070.4 ], [ 4376931.1, 3064061.4 ], [ 4376938.7, 3063992.2 ], [ 4376902.8, 3063948.8 ], [ 4376855.0, 3063952.3 ], [ 4376807.6, 3063941.8 ], [ 4376748.0, 3064017.0 ], [ 4376718.6, 3064032.0 ], [ 4376588.2, 3063958.1 ], [ 4376445.9, 3063917.2 ], [ 4376431.1, 3063919.8 ], [ 4376421.4, 3063931.3 ], [ 4376425.1, 3063953.0 ], [ 4376485.6, 3063989.8 ], [ 4376522.1, 3064038.2 ], [ 4376597.9, 3064077.6 ], [ 4376666.3, 3064166.2 ], [ 4376747.6, 3064334.2 ], [ 4376761.9, 3064343.6 ], [ 4376782.0, 3064338.6 ], [ 4376823.1, 3064436.9 ], [ 4376838.9, 3064548.2 ], [ 4376821.2, 3064649.0 ], [ 4376777.8, 3064735.1 ], [ 4376502.4, 3065056.8 ], [ 4376363.0, 3065172.7 ], [ 4376307.8, 3065228.3 ], [ 4376263.6, 3065299.8 ], [ 4376239.5, 3065374.3 ], [ 4376232.6, 3065432.0 ], [ 4376237.0, 3065498.3 ], [ 4376274.0, 3065613.9 ], [ 4376258.7, 3065629.4 ], [ 4376259.8, 3065668.0 ], [ 4376288.6, 3065761.9 ], [ 4376305.8, 3065803.5 ], [ 4376323.9, 3065811.1 ], [ 4376373.1, 3065863.4 ], [ 4376457.4, 3066006.1 ], [ 4376500.0, 3066106.0 ], [ 4376523.5, 3066197.6 ], [ 4376504.0, 3066322.9 ], [ 4376424.3, 3066465.9 ], [ 4376401.6, 3066487.4 ], [ 4376385.1, 3066535.7 ], [ 4376381.6, 3066585.3 ], [ 4376344.5, 3066706.7 ], [ 4376365.8, 3066752.4 ], [ 4376369.8, 3066788.9 ], [ 4376442.0, 3067033.4 ], [ 4376554.9, 3067199.9 ], [ 4376607.5, 3067246.1 ], [ 4376648.2, 3067327.2 ], [ 4376852.9, 3067384.0 ], [ 4376874.5, 3067363.7 ], [ 4376900.1, 3067359.7 ], [ 4376918.7, 3067326.3 ], [ 4376945.7, 3067334.4 ], [ 4376961.9, 3067327.4 ], [ 4377025.6, 3067358.1 ], [ 4377018.8, 3067380.1 ], [ 4377027.3, 3067395.8 ], [ 4377108.0, 3067422.3 ], [ 4377122.2, 3067446.3 ], [ 4377418.9, 3067493.9 ], [ 4377416.4, 3067509.5 ], [ 4377401.8, 3067509.5 ], [ 4377068.7, 3067456.9 ], [ 4377028.3, 3067476.4 ], [ 4376978.3, 3067468.9 ], [ 4376958.3, 3067486.5 ], [ 4376942.9, 3067464.6 ], [ 4376913.4, 3067466.3 ], [ 4376863.6, 3067426.1 ], [ 4376850.5, 3067405.6 ], [ 4376684.3, 3067359.8 ], [ 4376665.4, 3067367.0 ], [ 4376651.6, 3067393.6 ], [ 4376616.3, 3067427.8 ], [ 4376618.2, 3067542.6 ], [ 4376632.2, 3067579.6 ], [ 4376665.2, 3067605.6 ], [ 4376709.5, 3067604.8 ], [ 4376766.4, 3067619.3 ], [ 4376788.0, 3067639.7 ], [ 4376843.6, 3067704.4 ], [ 4376856.3, 3067749.2 ], [ 4376896.0, 3067798.5 ], [ 4376990.3, 3067870.9 ], [ 4377067.9, 3067977.5 ], [ 4377135.3, 3068101.3 ], [ 4377135.1, 3068134.7 ], [ 4377114.0, 3068216.4 ], [ 4377126.9, 3068268.2 ], [ 4377162.4, 3068345.0 ], [ 4377165.5, 3068376.3 ], [ 4377117.7, 3068574.7 ], [ 4377121.9, 3068590.1 ], [ 4377107.2, 3068648.3 ], [ 4377110.8, 3068705.5 ], [ 4377082.9, 3068756.3 ], [ 4377059.9, 3068847.2 ], [ 4377027.3, 3068917.0 ], [ 4377007.1, 3068985.7 ], [ 4376994.3, 3069118.3 ], [ 4377012.6, 3069163.2 ], [ 4377157.8, 3069405.6 ], [ 4377172.5, 3069415.9 ], [ 4377233.4, 3069400.5 ], [ 4377238.4, 3069380.6 ], [ 4377225.7, 3069357.4 ], [ 4377277.2, 3069289.9 ], [ 4377299.7, 3069280.1 ], [ 4377417.2, 3069158.9 ], [ 4377477.6, 3069216.9 ], [ 4377427.9, 3069272.3 ], [ 4377432.0, 3069289.1 ], [ 4377458.6, 3069306.1 ], [ 4377461.6, 3069315.6 ], [ 4377441.7, 3069340.7 ], [ 4377429.4, 3069380.1 ], [ 4377385.2, 3069433.0 ], [ 4377377.5, 3069472.0 ], [ 4377315.8, 3069538.3 ], [ 4377318.4, 3069565.0 ], [ 4377290.6, 3069604.4 ], [ 4377289.7, 3069621.8 ], [ 4377373.0, 3069698.5 ], [ 4377454.9, 3069822.5 ], [ 4377522.2, 3069859.4 ], [ 4377619.2, 3069981.4 ], [ 4377674.3, 3070019.9 ], [ 4377694.9, 3070022.2 ], [ 4377708.8, 3070013.0 ], [ 4377786.0, 3070030.2 ], [ 4377796.1, 3070052.4 ], [ 4377841.8, 3070067.5 ], [ 4377830.1, 3070098.0 ], [ 4377784.8, 3070087.3 ], [ 4377773.5, 3070096.2 ], [ 4377770.8, 3070113.8 ], [ 4377807.2, 3070186.8 ], [ 4377850.9, 3070238.1 ], [ 4377887.0, 3070265.3 ], [ 4377911.3, 3070252.6 ], [ 4377904.1, 3070219.1 ], [ 4377922.0, 3070216.5 ], [ 4377933.5, 3070203.6 ], [ 4377926.5, 3070178.0 ], [ 4377983.2, 3070116.4 ], [ 4378012.3, 3070178.2 ], [ 4378025.8, 3070184.8 ], [ 4378045.0, 3070180.7 ], [ 4378055.3, 3070167.4 ], [ 4378084.4, 3070063.2 ], [ 4378092.6, 3070058.6 ], [ 4378171.2, 3070083.8 ], [ 4378170.9, 3070137.5 ], [ 4378179.2, 3070149.1 ], [ 4378196.6, 3070152.7 ], [ 4378251.5, 3070092.9 ], [ 4378254.4, 3070079.6 ], [ 4378245.0, 3070055.1 ], [ 4378285.1, 3070034.9 ], [ 4378340.6, 3070109.6 ], [ 4378357.4, 3070111.3 ], [ 4378385.7, 3070097.9 ], [ 4378430.3, 3070119.2 ], [ 4378401.2, 3070153.1 ], [ 4378403.2, 3070174.1 ], [ 4378490.9, 3070217.5 ], [ 4378530.2, 3070186.5 ], [ 4378536.0, 3070168.6 ], [ 4378460.1, 3070084.6 ], [ 4378451.2, 3070064.5 ], [ 4378467.4, 3070046.8 ], [ 4378674.3, 3070210.5 ], [ 4378652.6, 3070245.8 ], [ 4378655.7, 3070259.9 ], [ 4378670.5, 3070270.0 ], [ 4378684.8, 3070267.8 ], [ 4378708.5, 3070243.8 ], [ 4378723.6, 3070238.9 ], [ 4378813.6, 3070287.1 ], [ 4378985.4, 3070258.4 ], [ 4378995.7, 3070270.8 ], [ 4379009.9, 3070273.9 ], [ 4379068.4, 3070233.9 ], [ 4379091.4, 3070196.6 ], [ 4379078.0, 3070168.8 ], [ 4378960.7, 3070105.1 ], [ 4378933.8, 3070073.3 ], [ 4378945.6, 3070053.1 ], [ 4379026.5, 3070023.4 ], [ 4379043.9, 3069999.0 ], [ 4379077.3, 3069838.1 ], [ 4379065.2, 3069751.8 ], [ 4378727.9, 3069602.4 ], [ 4378736.1, 3069576.9 ], [ 4378732.1, 3069563.6 ], [ 4378686.7, 3069530.5 ], [ 4378634.0, 3069475.0 ], [ 4378632.7, 3069448.2 ], [ 4378661.8, 3069359.0 ], [ 4378656.0, 3069339.0 ], [ 4378629.4, 3069335.3 ], [ 4378522.2, 3069416.3 ], [ 4378458.3, 3069522.3 ], [ 4378437.4, 3069512.9 ], [ 4378477.6, 3069418.7 ], [ 4378471.3, 3069405.1 ], [ 4378446.6, 3069388.7 ], [ 4378419.3, 3069385.5 ], [ 4378402.9, 3069414.4 ], [ 4378344.8, 3069442.3 ], [ 4378315.9, 3069441.5 ], [ 4378291.7, 3069422.0 ], [ 4378260.9, 3069434.2 ], [ 4378238.9, 3069427.5 ], [ 4378280.5, 3069364.5 ], [ 4378341.5, 3069332.3 ], [ 4378405.1, 3069316.0 ], [ 4378416.0, 3069301.5 ], [ 4378417.4, 3069259.2 ], [ 4378396.3, 3069221.9 ], [ 4378404.1, 3069195.3 ], [ 4378384.9, 3069166.7 ], [ 4378406.1, 3069115.1 ], [ 4378381.0, 3069096.7 ], [ 4378293.8, 3068996.6 ], [ 4378312.0, 3068940.0 ], [ 4378370.1, 3068915.0 ], [ 4378425.7, 3068956.0 ], [ 4378441.7, 3068957.8 ], [ 4378457.8, 3068976.8 ], [ 4378481.5, 3068972.5 ], [ 4378488.1, 3068950.5 ], [ 4378477.0, 3068936.2 ], [ 4378457.8, 3068933.4 ], [ 4378456.7, 3068894.0 ], [ 4378418.7, 3068884.6 ], [ 4378421.2, 3068841.6 ], [ 4378466.7, 3068845.6 ], [ 4378481.9, 3068823.2 ], [ 4378500.3, 3068837.1 ], [ 4378518.2, 3068837.4 ], [ 4378572.1, 3068747.2 ], [ 4378597.8, 3068758.0 ], [ 4378614.9, 3068752.4 ], [ 4378738.9, 3068557.8 ], [ 4378737.6, 3068533.5 ], [ 4378756.9, 3068503.6 ], [ 4378753.2, 3068478.7 ], [ 4378713.9, 3068420.3 ], [ 4378688.8, 3068420.9 ], [ 4378661.7, 3068455.0 ], [ 4378606.9, 3068395.6 ], [ 4378630.1, 3068367.1 ], [ 4378638.8, 3068316.9 ], [ 4378719.8, 3068314.4 ], [ 4378788.8, 3068245.6 ], [ 4378770.2, 3068193.1 ], [ 4378766.7, 3068121.8 ], [ 4378703.3, 3067963.2 ], [ 4378583.0, 3067841.6 ], [ 4378660.5, 3067812.0 ], [ 4378659.6, 3067749.2 ], [ 4378635.6, 3067735.8 ], [ 4378588.2, 3067759.3 ], [ 4378572.2, 3067774.0 ], [ 4378525.6, 3067856.4 ], [ 4378506.6, 3067956.2 ], [ 4378528.9, 3068030.7 ], [ 4378452.8, 3067985.7 ], [ 4378365.8, 3067992.4 ], [ 4378350.7, 3068007.3 ], [ 4378364.2, 3068071.6 ], [ 4378385.2, 3068111.9 ], [ 4378447.3, 3068182.0 ], [ 4378514.3, 3068213.7 ], [ 4378521.7, 3068221.9 ], [ 4378520.8, 3068243.2 ], [ 4378383.3, 3068196.0 ], [ 4378301.8, 3068229.9 ], [ 4378269.3, 3068208.2 ], [ 4378252.1, 3068208.9 ], [ 4378233.8, 3068231.4 ], [ 4378229.0, 3068268.9 ], [ 4378091.1, 3068279.7 ], [ 4378198.0, 3068127.1 ], [ 4378193.4, 3068109.9 ], [ 4378122.4, 3068046.4 ], [ 4378073.5, 3068030.4 ], [ 4378084.1, 3068005.9 ], [ 4378126.9, 3067962.5 ], [ 4378120.6, 3067935.8 ], [ 4378129.8, 3067903.5 ], [ 4378121.9, 3067887.1 ], [ 4378140.6, 3067853.0 ], [ 4378171.1, 3067864.8 ], [ 4378190.0, 3067928.5 ], [ 4378216.5, 3067936.2 ], [ 4378284.2, 3067880.5 ], [ 4378342.5, 3067845.0 ], [ 4378365.5, 3067854.3 ], [ 4378384.5, 3067846.9 ], [ 4378392.8, 3067828.1 ], [ 4378389.6, 3067761.9 ], [ 4378406.8, 3067723.7 ], [ 4378431.9, 3067708.7 ], [ 4378469.3, 3067707.6 ], [ 4378519.2, 3067716.9 ], [ 4378545.2, 3067729.9 ], [ 4378560.3, 3067724.0 ], [ 4378570.7, 3067702.5 ], [ 4378601.3, 3067699.0 ], [ 4378671.8, 3067715.0 ], [ 4378669.0, 3067732.3 ], [ 4378679.7, 3067746.1 ], [ 4378735.2, 3067755.2 ], [ 4378750.1, 3067764.3 ], [ 4378755.0, 3067782.7 ], [ 4378724.3, 3067830.0 ], [ 4378731.9, 3067914.8 ], [ 4378743.9, 3067975.8 ], [ 4378762.5, 3068003.3 ], [ 4378785.2, 3068080.2 ], [ 4378825.4, 3068140.4 ], [ 4378828.4, 3068247.3 ], [ 4378819.1, 3068258.6 ], [ 4378793.3, 3068252.2 ], [ 4378776.3, 3068269.6 ], [ 4378736.9, 3068382.5 ], [ 4378764.4, 3068410.7 ], [ 4378789.9, 3068408.4 ], [ 4378835.0, 3068439.9 ], [ 4378925.3, 3068485.4 ], [ 4378963.0, 3068494.7 ], [ 4379050.7, 3068544.7 ], [ 4379074.3, 3068531.4 ], [ 4379078.7, 3068463.5 ], [ 4379068.1, 3068372.8 ], [ 4379045.4, 3068297.9 ], [ 4379035.3, 3068285.5 ], [ 4379040.3, 3068146.6 ], [ 4379301.4, 3068087.2 ], [ 4379313.7, 3068066.7 ], [ 4379298.3, 3068035.4 ], [ 4379335.1, 3068021.1 ], [ 4379378.7, 3068036.8 ], [ 4379396.4, 3068077.1 ], [ 4379419.7, 3068084.2 ], [ 4379451.4, 3068067.6 ], [ 4379455.5, 3068042.8 ], [ 4379489.4, 3068025.4 ], [ 4379498.3, 3068010.4 ], [ 4379488.2, 3067988.9 ], [ 4379313.4, 3067891.9 ], [ 4379150.0, 3067814.1 ], [ 4379012.2, 3067759.7 ], [ 4378986.7, 3067767.8 ], [ 4378986.9, 3067801.9 ], [ 4378913.1, 3067776.4 ], [ 4378814.4, 3067795.1 ], [ 4378798.3, 3067785.7 ], [ 4378814.7, 3067737.6 ], [ 4378830.9, 3067718.6 ], [ 4378815.6, 3067695.3 ], [ 4378568.9, 3067637.4 ], [ 4378283.6, 3067595.4 ], [ 4378290.5, 3067579.5 ], [ 4378616.3, 3067625.0 ], [ 4378631.0, 3067616.3 ], [ 4378642.8, 3067588.4 ], [ 4378661.7, 3067569.8 ], [ 4378679.6, 3067582.8 ], [ 4378660.2, 3067614.6 ], [ 4378673.2, 3067637.6 ], [ 4378956.9, 3067718.7 ], [ 4379107.1, 3067774.8 ], [ 4379125.1, 3067770.9 ], [ 4379133.3, 3067758.3 ], [ 4379127.0, 3067737.4 ], [ 4379007.6, 3067625.8 ], [ 4378949.4, 3067631.3 ], [ 4378861.2, 3067591.6 ], [ 4378818.1, 3067612.5 ], [ 4378742.5, 3067609.8 ], [ 4378732.6, 3067605.6 ], [ 4378728.0, 3067577.4 ], [ 4378834.0, 3067531.8 ], [ 4378889.7, 3067541.4 ], [ 4378906.7, 3067536.1 ], [ 4378914.2, 3067519.9 ], [ 4378904.9, 3067500.0 ], [ 4378831.7, 3067441.7 ], [ 4378880.6, 3067389.6 ], [ 4378916.9, 3067334.8 ], [ 4378947.7, 3067332.0 ], [ 4378964.2, 3067319.3 ], [ 4378967.7, 3067296.6 ], [ 4379003.7, 3067249.6 ], [ 4379000.1, 3067228.6 ], [ 4379016.1, 3067211.1 ], [ 4379031.1, 3067221.4 ], [ 4379049.3, 3067219.5 ], [ 4379066.7, 3067190.5 ], [ 4379095.3, 3067172.6 ], [ 4379121.6, 3067172.9 ], [ 4379133.5, 3067194.7 ], [ 4379155.0, 3067198.0 ], [ 4379193.8, 3067159.9 ], [ 4379217.8, 3067159.2 ], [ 4379236.6, 3067135.0 ], [ 4379257.5, 3067126.3 ], [ 4379265.8, 3067111.2 ], [ 4379255.4, 3067078.7 ], [ 4379259.4, 3067051.9 ], [ 4379244.8, 3067039.3 ], [ 4379224.9, 3067042.4 ], [ 4379109.3, 3066968.9 ], [ 4379076.2, 3066933.9 ], [ 4379056.3, 3066871.2 ], [ 4379011.2, 3066841.1 ], [ 4378944.4, 3066838.5 ], [ 4378933.0, 3066825.4 ], [ 4378913.0, 3066823.5 ], [ 4378902.5, 3066803.4 ], [ 4378859.7, 3066782.4 ], [ 4378765.2, 3066775.2 ], [ 4378716.7, 3066734.3 ], [ 4378681.6, 3066668.6 ], [ 4378678.9, 3066593.2 ], [ 4378602.1, 3066345.4 ], [ 4378576.1, 3066328.5 ], [ 4378547.8, 3066349.6 ], [ 4378488.1, 3066323.4 ], [ 4378482.1, 3066301.6 ], [ 4378509.3, 3066283.3 ], [ 4378516.3, 3066267.3 ], [ 4378487.8, 3066192.7 ], [ 4378284.9, 3066023.4 ], [ 4378217.0, 3065925.3 ], [ 4378193.3, 3065906.0 ], [ 4378196.0, 3065881.7 ], [ 4378153.8, 3065802.6 ], [ 4378136.3, 3065789.4 ], [ 4378165.7, 3065758.1 ], [ 4378314.6, 3065909.5 ], [ 4378335.1, 3065945.3 ], [ 4378360.1, 3065959.2 ], [ 4378473.2, 3066120.2 ], [ 4378486.2, 3066127.8 ], [ 4378503.4, 3066123.6 ], [ 4378604.2, 3066208.1 ], [ 4378633.1, 3066253.4 ], [ 4378671.1, 3066374.4 ], [ 4378709.0, 3066554.5 ], [ 4378726.1, 3066560.8 ], [ 4378752.5, 3066550.6 ], [ 4378794.6, 3066550.3 ], [ 4378812.2, 3066535.0 ], [ 4378839.9, 3066530.9 ], [ 4378863.9, 3066471.5 ], [ 4378866.8, 3066439.5 ], [ 4378844.8, 3066422.5 ], [ 4378843.4, 3066336.7 ], [ 4378831.1, 3066314.8 ], [ 4378835.3, 3066289.4 ], [ 4378777.0, 3066216.4 ], [ 4378745.3, 3066114.7 ], [ 4378735.9, 3066004.3 ], [ 4378747.4, 3065933.3 ], [ 4378706.2, 3065762.7 ], [ 4378711.4, 3065606.4 ], [ 4378702.2, 3065562.4 ], [ 4378643.8, 3065414.0 ], [ 4378634.2, 3065298.0 ], [ 4378658.8, 3065149.1 ], [ 4378670.5, 3065117.2 ], [ 4378754.3, 3064989.9 ], [ 4378854.9, 3064894.8 ], [ 4378829.2, 3064961.3 ], [ 4378725.3, 3065099.6 ], [ 4378729.6, 3065120.7 ], [ 4378753.0, 3065148.3 ], [ 4378792.4, 3065170.5 ], [ 4378798.5, 3065190.4 ], [ 4378758.2, 3065183.7 ], [ 4378712.3, 3065219.2 ], [ 4378714.5, 3065243.0 ], [ 4378752.8, 3065270.7 ], [ 4378727.1, 3065286.6 ], [ 4378699.8, 3065367.5 ], [ 4378674.9, 3065400.8 ], [ 4378680.1, 3065423.9 ], [ 4378723.0, 3065485.7 ], [ 4378769.6, 3065598.4 ], [ 4378769.0, 3065642.9 ], [ 4378751.8, 3065717.0 ], [ 4378772.6, 3065780.4 ], [ 4378785.0, 3065873.8 ], [ 4378777.1, 3065918.5 ], [ 4378787.8, 3065948.8 ], [ 4378785.7, 3065993.2 ], [ 4378800.3, 3066072.9 ], [ 4378811.8, 3066129.6 ], [ 4378840.2, 3066171.5 ], [ 4378874.4, 3066290.4 ], [ 4378887.7, 3066306.2 ], [ 4378895.6, 3066364.3 ], [ 4378903.5, 3066375.7 ], [ 4378943.3, 3066380.4 ], [ 4378965.5, 3066374.4 ], [ 4379014.0, 3066348.9 ], [ 4379020.7, 3066326.5 ], [ 4379125.2, 3066273.1 ], [ 4379130.7, 3066287.0 ], [ 4379126.9, 3066321.1 ], [ 4379076.5, 3066366.0 ], [ 4379048.1, 3066383.0 ], [ 4379034.3, 3066361.2 ], [ 4379012.4, 3066359.6 ], [ 4378944.6, 3066424.2 ], [ 4378880.2, 3066571.1 ], [ 4378850.4, 3066615.6 ], [ 4378827.4, 3066614.9 ], [ 4378815.4, 3066626.1 ], [ 4378804.7, 3066673.1 ], [ 4378807.7, 3066704.9 ], [ 4378820.3, 3066717.3 ], [ 4378946.1, 3066778.0 ], [ 4378970.0, 3066776.3 ], [ 4379008.1, 3066797.0 ], [ 4379025.0, 3066793.6 ], [ 4379037.3, 3066775.8 ], [ 4379100.4, 3066784.3 ], [ 4379115.9, 3066794.4 ], [ 4379145.9, 3066837.2 ], [ 4379202.6, 3066869.7 ], [ 4379260.2, 3066922.4 ], [ 4379307.3, 3066952.4 ], [ 4379370.9, 3067030.8 ], [ 4379483.9, 3067008.0 ], [ 4379534.1, 3067014.9 ], [ 4379545.2, 3067001.1 ], [ 4379542.3, 3066982.4 ], [ 4379575.3, 3066978.1 ], [ 4379583.2, 3066965.3 ], [ 4379581.2, 3066950.5 ], [ 4379617.4, 3066920.6 ], [ 4379641.4, 3066945.6 ], [ 4379668.2, 3066941.4 ], [ 4379782.0, 3066973.8 ], [ 4379802.6, 3066971.2 ], [ 4379823.5, 3066956.9 ], [ 4379836.3, 3066959.9 ], [ 4379870.5, 3066998.4 ], [ 4379891.9, 3067005.1 ], [ 4379911.0, 3066996.3 ], [ 4379919.7, 3066964.6 ], [ 4379931.2, 3066958.6 ], [ 4379952.4, 3067003.8 ], [ 4380039.1, 3067053.1 ], [ 4380078.4, 3067102.4 ], [ 4380124.8, 3067124.5 ], [ 4380141.1, 3067111.6 ], [ 4380163.0, 3067046.2 ], [ 4380160.8, 3066994.7 ], [ 4380127.1, 3066918.9 ], [ 4380113.9, 3066906.9 ], [ 4380093.2, 3066910.7 ], [ 4380083.8, 3066936.7 ], [ 4380043.6, 3066972.6 ], [ 4380002.6, 3066938.0 ], [ 4380034.0, 3066889.5 ], [ 4380031.5, 3066791.2 ], [ 4380045.5, 3066780.1 ], [ 4380047.6, 3066765.7 ], [ 4380013.8, 3066692.5 ], [ 4380007.6, 3066585.0 ], [ 4379974.1, 3066524.2 ], [ 4379941.6, 3066522.2 ], [ 4379924.5, 3066488.9 ], [ 4379931.1, 3066478.2 ], [ 4379987.4, 3066459.7 ], [ 4380131.2, 3066373.3 ], [ 4380197.2, 3066353.8 ], [ 4380208.6, 3066341.1 ], [ 4380208.8, 3066327.3 ], [ 4380254.1, 3066309.9 ], [ 4380287.2, 3066325.6 ], [ 4380264.9, 3066353.4 ], [ 4380099.4, 3066431.3 ], [ 4380090.4, 3066441.6 ], [ 4380090.4, 3066458.7 ], [ 4380055.6, 3066479.4 ], [ 4380057.5, 3066518.3 ], [ 4380044.6, 3066527.1 ], [ 4380040.7, 3066541.6 ], [ 4380060.5, 3066573.2 ], [ 4380090.6, 3066588.6 ], [ 4380137.5, 3066558.4 ], [ 4380165.0, 3066551.1 ], [ 4380150.8, 3066584.5 ], [ 4380164.6, 3066604.4 ], [ 4380240.3, 3066587.1 ], [ 4380354.5, 3066601.4 ], [ 4380352.5, 3066622.9 ], [ 4380369.8, 3066635.8 ], [ 4380443.5, 3066607.8 ], [ 4380484.0, 3066600.4 ], [ 4380501.1, 3066609.6 ], [ 4380580.9, 3066610.1 ], [ 4380591.0, 3066600.1 ], [ 4380607.6, 3066544.1 ], [ 4380608.1, 3066492.6 ], [ 4380578.1, 3066426.8 ], [ 4380595.3, 3066356.8 ], [ 4380586.7, 3066316.5 ], [ 4380543.2, 3066280.7 ], [ 4380540.7, 3066258.1 ], [ 4380568.0, 3066232.7 ], [ 4380589.5, 3066171.7 ], [ 4380618.3, 3066154.4 ], [ 4380795.5, 3066101.8 ], [ 4380807.7, 3066082.2 ], [ 4380829.4, 3066070.6 ], [ 4380840.6, 3066048.1 ], [ 4380896.7, 3066039.7 ], [ 4380903.9, 3066010.5 ], [ 4380861.7, 3065965.8 ], [ 4380885.1, 3065955.8 ], [ 4380934.8, 3065960.1 ], [ 4380993.1, 3066001.6 ], [ 4381008.9, 3065995.9 ], [ 4381027.2, 3065973.6 ], [ 4381128.9, 3065974.2 ], [ 4381140.1, 3065964.5 ], [ 4381145.3, 3065942.6 ], [ 4381172.2, 3065924.6 ], [ 4381189.0, 3065937.8 ], [ 4381209.1, 3065930.5 ], [ 4381238.6, 3065881.3 ], [ 4381264.8, 3065805.6 ], [ 4381281.1, 3065807.6 ], [ 4381287.2, 3065826.3 ], [ 4381314.3, 3065852.5 ], [ 4381339.5, 3065893.0 ], [ 4381359.5, 3065900.1 ], [ 4381409.4, 3065876.1 ], [ 4381430.8, 3065877.4 ], [ 4381484.1, 3065842.4 ], [ 4381626.4, 3065783.3 ], [ 4382102.9, 3065710.2 ], [ 4382144.0, 3065683.8 ], [ 4382183.2, 3065631.8 ], [ 4382185.0, 3065567.0 ], [ 4382273.4, 3065649.7 ], [ 4382308.8, 3065657.6 ], [ 4382339.9, 3065642.2 ], [ 4382351.4, 3065663.3 ], [ 4382284.7, 3065702.1 ], [ 4382229.8, 3065752.2 ], [ 4382219.9, 3065811.3 ], [ 4382182.1, 3065887.0 ], [ 4382107.0, 3065889.8 ], [ 4382072.6, 3065873.9 ], [ 4382009.3, 3065875.6 ], [ 4381995.9, 3065881.2 ], [ 4381988.4, 3065897.0 ], [ 4381976.6, 3065895.5 ], [ 4381976.3, 3065874.8 ], [ 4381966.6, 3065864.0 ], [ 4381898.2, 3065850.9 ], [ 4381802.1, 3065853.9 ], [ 4381731.0, 3065880.9 ], [ 4381688.4, 3065886.2 ], [ 4381472.7, 3065876.9 ], [ 4381459.1, 3065888.0 ], [ 4381458.0, 3065905.5 ], [ 4381491.7, 3065932.1 ], [ 4381490.3, 3065950.1 ], [ 4381515.4, 3065989.6 ], [ 4381511.6, 3066017.1 ], [ 4381524.6, 3066031.3 ], [ 4381539.3, 3066034.0 ], [ 4381615.3, 3066006.6 ], [ 4381623.4, 3065984.8 ], [ 4381604.4, 3065949.6 ], [ 4381750.0, 3065948.0 ], [ 4381949.2, 3065962.1 ], [ 4381959.8, 3066022.8 ], [ 4381949.1, 3066045.4 ], [ 4381962.9, 3066062.3 ], [ 4382110.2, 3066059.4 ], [ 4382123.4, 3066042.5 ], [ 4382121.7, 3065996.0 ], [ 4382198.0, 3066036.7 ], [ 4382269.6, 3066012.1 ], [ 4382407.2, 3066024.4 ], [ 4382429.2, 3066069.3 ], [ 4382447.3, 3066077.7 ], [ 4382463.6, 3066104.9 ], [ 4382462.4, 3066133.3 ], [ 4382481.8, 3066142.5 ], [ 4382501.7, 3066127.9 ], [ 4382501.4, 3066110.9 ], [ 4382489.9, 3066099.2 ], [ 4382514.7, 3066050.6 ], [ 4382515.0, 3066025.3 ], [ 4382532.6, 3066010.9 ], [ 4382537.6, 3065962.8 ], [ 4382607.3, 3065928.9 ], [ 4382618.0, 3065908.3 ], [ 4382601.9, 3065879.3 ], [ 4382506.7, 3065833.2 ], [ 4382502.9, 3065797.6 ], [ 4382604.3, 3065793.6 ], [ 4382621.5, 3065785.0 ], [ 4382692.6, 3065879.0 ], [ 4382739.8, 3065925.6 ], [ 4382825.5, 3065927.7 ], [ 4382856.2, 3065913.2 ], [ 4382869.5, 3065925.2 ], [ 4382907.1, 3065931.9 ], [ 4382940.5, 3065909.2 ], [ 4382985.3, 3065901.7 ], [ 4382996.9, 3065884.3 ], [ 4382989.5, 3065830.7 ], [ 4382969.6, 3065805.9 ], [ 4382948.3, 3065794.3 ], [ 4382912.0, 3065790.8 ], [ 4382894.2, 3065805.3 ], [ 4382878.2, 3065803.7 ], [ 4382850.3, 3065761.8 ], [ 4382870.1, 3065738.2 ], [ 4383160.8, 3065710.5 ], [ 4383248.7, 3065694.3 ], [ 4383563.3, 3065590.9 ], [ 4383577.9, 3065572.0 ], [ 4383565.8, 3065544.7 ], [ 4383709.8, 3065451.3 ], [ 4383729.7, 3065449.4 ], [ 4383747.2, 3065428.2 ], [ 4383769.5, 3065371.8 ], [ 4383762.8, 3065338.0 ], [ 4383677.2, 3065288.6 ], [ 4383649.5, 3065262.8 ], [ 4383657.4, 3065243.1 ], [ 4383645.9, 3065225.1 ], [ 4383599.6, 3065228.8 ], [ 4383512.2, 3065195.2 ], [ 4383551.0, 3065134.7 ], [ 4383588.6, 3065163.7 ], [ 4383598.2, 3065188.1 ], [ 4383622.3, 3065197.3 ], [ 4383647.3, 3065187.6 ], [ 4383652.9, 3065164.0 ], [ 4383626.5, 3065142.0 ], [ 4383669.3, 3065084.0 ], [ 4383739.1, 3065057.5 ], [ 4383791.3, 3065018.3 ], [ 4383792.1, 3064989.0 ], [ 4383825.2, 3064940.6 ], [ 4383817.7, 3064924.0 ], [ 4383764.7, 3064881.7 ], [ 4383700.0, 3064845.5 ], [ 4383669.0, 3064835.2 ], [ 4383652.7, 3064838.1 ], [ 4383538.0, 3064754.8 ], [ 4383527.5, 3064716.3 ], [ 4383534.7, 3064699.3 ], [ 4383523.9, 3064646.1 ], [ 4383539.8, 3064620.8 ], [ 4383563.0, 3064547.7 ], [ 4383572.3, 3064556.6 ], [ 4383576.5, 3064581.5 ], [ 4383598.9, 3064599.5 ], [ 4383615.6, 3064601.2 ], [ 4383674.8, 3064572.8 ], [ 4383716.3, 3064628.0 ], [ 4383773.7, 3064678.2 ], [ 4383867.5, 3064676.1 ], [ 4383962.2, 3064743.0 ], [ 4383976.6, 3064739.4 ], [ 4384027.6, 3064691.5 ], [ 4384066.5, 3064702.7 ], [ 4384111.7, 3064729.6 ], [ 4384286.8, 3064694.6 ], [ 4384389.9, 3064687.6 ], [ 4384417.3, 3064651.0 ], [ 4384465.2, 3064629.9 ], [ 4384472.3, 3064606.3 ], [ 4384526.4, 3064578.9 ], [ 4384593.6, 3064523.9 ], [ 4384596.5, 3064495.4 ], [ 4384580.9, 3064480.6 ], [ 4384566.3, 3064481.9 ], [ 4384493.0, 3064523.8 ], [ 4384474.4, 3064491.5 ], [ 4384495.9, 3064476.8 ], [ 4384498.9, 3064459.5 ], [ 4384486.2, 3064417.2 ], [ 4384458.5, 3064407.9 ], [ 4384494.8, 3064266.6 ], [ 4384670.2, 3064146.7 ], [ 4384710.2, 3064211.3 ], [ 4384726.8, 3064216.5 ], [ 4384742.6, 3064208.9 ], [ 4384758.7, 3064265.8 ], [ 4384772.0, 3064277.5 ], [ 4384801.2, 3064271.7 ], [ 4384811.7, 3064291.5 ], [ 4384829.9, 3064294.8 ], [ 4384892.4, 3064242.9 ], [ 4384907.8, 3064252.2 ], [ 4384922.3, 3064249.3 ], [ 4385003.9, 3064145.2 ], [ 4384999.1, 3064127.6 ], [ 4384960.6, 3064089.6 ], [ 4384980.8, 3064062.1 ], [ 4385009.2, 3064057.3 ], [ 4385024.9, 3064005.8 ], [ 4385021.3, 3063987.7 ], [ 4384990.3, 3063962.4 ], [ 4384990.4, 3063939.0 ], [ 4385049.9, 3063906.5 ], [ 4385053.7, 3063930.9 ], [ 4385066.1, 3063942.5 ], [ 4385093.7, 3063947.3 ], [ 4385108.0, 3063930.8 ], [ 4385105.7, 3063916.0 ], [ 4385087.6, 3063898.2 ], [ 4385117.3, 3063871.2 ], [ 4385110.2, 3063838.6 ], [ 4385125.0, 3063812.0 ], [ 4385117.3, 3063795.5 ], [ 4385103.6, 3063790.2 ], [ 4384824.8, 3063810.1 ], [ 4384740.9, 3063829.8 ], [ 4384658.8, 3063817.4 ], [ 4384378.7, 3063816.6 ], [ 4383998.6, 3063781.4 ], [ 4383867.3, 3063794.9 ], [ 4383721.3, 3063793.2 ], [ 4383702.0, 3063783.8 ], [ 4383489.3, 3063800.2 ], [ 4383290.9, 3063780.0 ], [ 4383171.8, 3063797.3 ], [ 4382794.1, 3063824.3 ], [ 4382605.4, 3063818.2 ], [ 4382347.0, 3063760.2 ], [ 4382332.0, 3063769.5 ], [ 4382321.2, 3063803.0 ], [ 4382302.6, 3063806.9 ], [ 4382292.9, 3063822.3 ], [ 4382244.4, 3063811.3 ], [ 4382208.2, 3063829.1 ], [ 4382188.0, 3063850.8 ], [ 4382169.9, 3063984.9 ], [ 4382118.4, 3064021.0 ], [ 4382103.2, 3064063.2 ], [ 4382087.6, 3064172.3 ], [ 4382089.8, 3064272.8 ], [ 4382059.9, 3064271.4 ], [ 4382053.1, 3064239.3 ], [ 4382026.6, 3064227.0 ], [ 4382021.5, 3064199.9 ], [ 4382009.0, 3064188.3 ], [ 4381984.3, 3064189.1 ], [ 4381940.3, 3064216.6 ], [ 4381935.0, 3064192.2 ], [ 4381904.9, 3064145.1 ], [ 4381787.8, 3064056.8 ], [ 4381619.6, 3064027.7 ], [ 4381534.4, 3063990.8 ], [ 4381430.5, 3063989.5 ], [ 4381334.4, 3063968.8 ], [ 4381328.4, 3063891.3 ], [ 4381303.1, 3063883.8 ], [ 4381289.2, 3063894.2 ], [ 4381283.6, 3063911.1 ], [ 4381237.0, 3063900.5 ], [ 4381225.5, 3063860.1 ], [ 4381208.2, 3063849.7 ], [ 4381199.6, 3063821.0 ], [ 4381182.8, 3063809.6 ], [ 4381181.0, 3063791.9 ], [ 4381168.0, 3063780.3 ], [ 4381138.8, 3063776.8 ], [ 4381097.7, 3063795.9 ], [ 4380994.2, 3063820.7 ], [ 4380942.0, 3063849.3 ], [ 4380930.6, 3063796.7 ], [ 4380969.3, 3063666.1 ], [ 4381029.8, 3063648.7 ], [ 4381039.9, 3063639.0 ], [ 4381053.1, 3063548.4 ], [ 4381133.0, 3063370.5 ], [ 4381156.8, 3063344.2 ], [ 4381154.4, 3063273.6 ], [ 4381139.4, 3063214.2 ], [ 4381235.8, 3063225.2 ], [ 4381378.7, 3063228.9 ], [ 4381402.5, 3063314.9 ], [ 4381417.4, 3063328.9 ], [ 4381446.8, 3063320.7 ], [ 4381451.2, 3063294.0 ], [ 4381464.3, 3063280.8 ], [ 4381463.8, 3063264.1 ], [ 4381432.2, 3063203.0 ], [ 4381402.3, 3063113.9 ], [ 4381384.0, 3063104.3 ], [ 4381343.2, 3063118.9 ], [ 4381339.4, 3063108.3 ], [ 4381348.8, 3063084.1 ], [ 4381331.7, 3063055.6 ], [ 4381277.3, 3063003.6 ], [ 4381231.3, 3062990.2 ], [ 4381277.6, 3062915.8 ], [ 4381295.5, 3062867.4 ], [ 4381294.8, 3062803.9 ], [ 4381304.8, 3062756.6 ], [ 4381319.0, 3062736.9 ], [ 4381303.4, 3062703.0 ], [ 4381316.6, 3062665.4 ], [ 4381347.6, 3062625.8 ], [ 4381340.9, 3062605.1 ], [ 4381305.9, 3062582.3 ], [ 4381375.7, 3062479.5 ], [ 4381403.3, 3062494.8 ], [ 4381426.1, 3062480.4 ], [ 4381509.8, 3062218.9 ], [ 4381520.8, 3062204.7 ], [ 4381498.4, 3062143.0 ], [ 4381506.1, 3062122.4 ], [ 4381490.9, 3062098.6 ], [ 4381461.8, 3062102.7 ], [ 4381448.5, 3062097.3 ], [ 4381421.7, 3062037.5 ], [ 4381382.6, 3061985.6 ], [ 4381311.4, 3061986.5 ], [ 4381277.4, 3062008.8 ], [ 4381262.4, 3062005.9 ], [ 4381251.0, 3061980.6 ], [ 4381236.5, 3061970.8 ], [ 4381157.6, 3061990.9 ], [ 4381100.9, 3062029.9 ], [ 4381034.0, 3062124.3 ], [ 4381011.7, 3062175.4 ], [ 4380947.3, 3062260.1 ], [ 4380869.0, 3062336.8 ], [ 4380829.3, 3062362.6 ], [ 4380807.5, 3062393.2 ], [ 4380693.9, 3062440.6 ], [ 4380678.6, 3062430.4 ], [ 4380621.8, 3062428.2 ], [ 4380624.5, 3062412.7 ], [ 4380679.4, 3062415.5 ], [ 4380736.7, 3062388.9 ], [ 4380879.7, 3062201.2 ], [ 4380925.6, 3062102.2 ], [ 4380952.6, 3061942.8 ], [ 4380915.4, 3061864.6 ], [ 4380892.5, 3061840.3 ], [ 4380933.4, 3061818.2 ], [ 4381021.3, 3061751.2 ], [ 4381013.9, 3061727.8 ], [ 4380970.3, 3061714.0 ], [ 4380890.2, 3061727.9 ], [ 4380794.5, 3061702.5 ], [ 4380782.6, 3061690.7 ], [ 4380834.5, 3061668.0 ], [ 4380843.7, 3061657.2 ], [ 4380843.1, 3061639.6 ], [ 4380814.0, 3061594.6 ], [ 4380816.0, 3061586.5 ], [ 4380899.9, 3061607.8 ], [ 4380956.1, 3061582.2 ], [ 4380966.9, 3061568.3 ], [ 4380935.3, 3061467.0 ], [ 4380932.4, 3061398.9 ], [ 4380956.3, 3061394.6 ], [ 4380966.2, 3061379.5 ], [ 4380953.8, 3061261.9 ], [ 4380960.5, 3060978.4 ], [ 4380961.6, 3060965.8 ], [ 4380982.1, 3060952.3 ], [ 4381000.5, 3060873.3 ], [ 4381003.9, 3060757.8 ], [ 4380987.0, 3060739.7 ], [ 4380956.1, 3060746.0 ], [ 4380898.0, 3060627.2 ], [ 4380890.5, 3060577.1 ], [ 4380816.5, 3060416.1 ], [ 4380783.3, 3060394.2 ], [ 4380699.8, 3060365.8 ], [ 4380682.9, 3060369.8 ], [ 4380626.2, 3060347.0 ], [ 4380571.7, 3060364.2 ], [ 4380563.5, 3060347.2 ], [ 4380546.7, 3060341.1 ], [ 4380483.3, 3060361.8 ], [ 4380474.8, 3060380.3 ], [ 4380482.2, 3060395.8 ], [ 4380424.6, 3060435.8 ], [ 4380390.7, 3060485.6 ], [ 4380332.5, 3060547.7 ], [ 4380278.9, 3060627.7 ], [ 4380235.6, 3060657.5 ], [ 4380210.0, 3060658.8 ], [ 4380228.4, 3060601.4 ], [ 4380274.6, 3060583.0 ], [ 4380315.9, 3060539.3 ], [ 4380321.9, 3060515.4 ], [ 4380335.8, 3060501.4 ], [ 4380342.6, 3060462.8 ], [ 4380395.1, 3060450.0 ], [ 4380419.1, 3060423.9 ], [ 4380421.4, 3060406.1 ], [ 4380401.5, 3060371.9 ], [ 4380434.5, 3060342.6 ], [ 4380429.8, 3060250.7 ], [ 4380450.1, 3060247.6 ], [ 4380489.7, 3060218.4 ], [ 4380494.3, 3060174.5 ], [ 4380486.0, 3060156.9 ], [ 4380527.2, 3060132.6 ], [ 4380553.6, 3060153.0 ], [ 4380578.4, 3060147.3 ], [ 4380591.7, 3060221.5 ], [ 4380607.8, 3060254.9 ], [ 4380624.0, 3060267.0 ], [ 4380647.0, 3060264.5 ], [ 4380668.8, 3060245.0 ], [ 4380653.7, 3060200.3 ], [ 4380696.9, 3060201.9 ], [ 4380788.0, 3060160.2 ], [ 4380791.5, 3060142.4 ], [ 4380765.4, 3060027.7 ], [ 4380805.5, 3060006.8 ], [ 4380829.6, 3060113.7 ], [ 4380844.3, 3060140.2 ], [ 4380860.6, 3060148.6 ], [ 4380901.0, 3060124.7 ], [ 4380961.3, 3060067.3 ], [ 4380998.5, 3060048.9 ], [ 4381145.5, 3060040.1 ], [ 4381178.2, 3060029.7 ], [ 4381230.7, 3059947.5 ], [ 4381295.9, 3059799.1 ], [ 4381357.0, 3059726.4 ], [ 4381366.4, 3059628.2 ], [ 4381335.0, 3059574.9 ], [ 4381310.5, 3059555.7 ], [ 4381249.1, 3059533.7 ], [ 4381198.6, 3059532.9 ], [ 4381141.1, 3059550.9 ], [ 4381060.2, 3059592.3 ], [ 4380984.8, 3059662.2 ], [ 4380819.6, 3059767.3 ], [ 4380783.2, 3059766.5 ], [ 4380769.1, 3059787.2 ], [ 4380728.5, 3059815.3 ], [ 4380679.4, 3059822.0 ], [ 4380672.2, 3059844.2 ], [ 4380700.6, 3059957.2 ], [ 4380715.6, 3059975.2 ], [ 4380722.7, 3060003.6 ], [ 4380717.6, 3060022.7 ], [ 4380735.6, 3060115.1 ], [ 4380712.3, 3060136.8 ], [ 4380688.4, 3060038.7 ], [ 4380673.0, 3060013.3 ], [ 4380656.4, 3059897.0 ], [ 4380647.0, 3059882.5 ], [ 4380633.5, 3059878.9 ], [ 4380606.8, 3059886.8 ], [ 4380595.0, 3059846.9 ], [ 4380557.8, 3059837.4 ], [ 4380503.7, 3059865.6 ], [ 4380473.4, 3059905.3 ], [ 4380394.3, 3059914.7 ], [ 4380382.1, 3059896.1 ], [ 4380369.8, 3059846.8 ], [ 4380213.4, 3059762.9 ], [ 4380193.7, 3059738.8 ], [ 4380200.9, 3059715.2 ], [ 4380222.5, 3059717.6 ], [ 4380241.1, 3059730.8 ], [ 4380269.4, 3059721.5 ], [ 4380276.8, 3059701.5 ], [ 4380265.3, 3059668.9 ], [ 4380220.5, 3059665.0 ], [ 4380134.2, 3059681.2 ], [ 4380100.6, 3059663.7 ], [ 4380150.3, 3059634.7 ], [ 4380212.3, 3059629.3 ], [ 4380257.1, 3059642.9 ], [ 4380275.6, 3059619.0 ], [ 4380268.7, 3059601.9 ], [ 4380204.7, 3059550.0 ], [ 4380199.0, 3059526.4 ], [ 4380170.0, 3059481.5 ], [ 4380123.0, 3059470.7 ], [ 4380083.0, 3059447.0 ], [ 4380060.3, 3059428.1 ], [ 4380048.1, 3059404.9 ], [ 4380048.5, 3059356.5 ], [ 4380087.8, 3059332.0 ], [ 4380155.3, 3059407.9 ], [ 4380199.4, 3059402.7 ], [ 4380213.6, 3059389.5 ], [ 4380220.3, 3059369.3 ], [ 4380217.7, 3059336.4 ], [ 4380198.3, 3059308.3 ], [ 4380115.3, 3059295.3 ], [ 4380049.2, 3059219.3 ], [ 4380043.7, 3059196.8 ], [ 4380057.5, 3059153.7 ], [ 4380093.3, 3059167.7 ], [ 4380107.5, 3059166.0 ], [ 4380179.7, 3059107.5 ], [ 4380194.5, 3059087.1 ], [ 4380195.2, 3059069.6 ], [ 4380182.9, 3059057.1 ], [ 4380093.3, 3059037.2 ], [ 4380105.7, 3058974.1 ], [ 4380141.9, 3058928.8 ], [ 4380140.3, 3058849.1 ], [ 4380186.2, 3058830.0 ], [ 4380193.8, 3058810.5 ], [ 4380181.8, 3058793.5 ], [ 4380162.2, 3058791.5 ], [ 4380164.9, 3058747.3 ], [ 4380152.8, 3058729.8 ], [ 4380134.8, 3058729.1 ], [ 4380080.5, 3058762.0 ], [ 4380051.5, 3058793.0 ], [ 4379959.9, 3058762.8 ], [ 4379962.6, 3058706.9 ], [ 4379974.7, 3058688.9 ], [ 4380041.3, 3058641.4 ], [ 4380062.9, 3058635.5 ], [ 4380098.5, 3058638.7 ], [ 4380120.5, 3058667.5 ], [ 4380166.1, 3058657.6 ], [ 4380217.7, 3058616.5 ], [ 4380222.1, 3058589.8 ], [ 4380096.1, 3058462.7 ], [ 4380065.2, 3058454.0 ], [ 4380014.3, 3058364.5 ], [ 4380024.1, 3058354.1 ], [ 4380024.3, 3058336.4 ], [ 4379937.3, 3058130.4 ], [ 4379921.7, 3058117.5 ], [ 4379902.5, 3058121.4 ], [ 4379849.2, 3058021.0 ], [ 4379847.1, 3057982.3 ], [ 4379804.0, 3057920.0 ], [ 4379817.4, 3057904.2 ], [ 4379874.0, 3057605.5 ], [ 4379934.4, 3057634.4 ], [ 4379880.3, 3057810.4 ], [ 4379874.4, 3057919.5 ], [ 4379880.1, 3057950.6 ], [ 4379918.9, 3058020.7 ], [ 4379926.4, 3058053.6 ], [ 4379950.2, 3058084.1 ], [ 4380078.4, 3058393.5 ], [ 4380126.3, 3058441.3 ], [ 4380188.1, 3058454.4 ], [ 4380230.8, 3058497.7 ], [ 4380261.8, 3058501.9 ], [ 4380303.8, 3058522.7 ], [ 4380332.3, 3058515.8 ], [ 4380352.3, 3058452.4 ], [ 4380365.5, 3058441.5 ], [ 4380379.3, 3058445.0 ], [ 4380405.7, 3058489.5 ], [ 4380394.4, 3058519.1 ], [ 4380402.8, 3058538.2 ], [ 4380435.1, 3058555.8 ], [ 4380487.0, 3058568.3 ], [ 4380535.8, 3058602.3 ], [ 4380590.6, 3058624.2 ], [ 4380645.4, 3058678.3 ], [ 4380662.8, 3058681.2 ], [ 4380731.6, 3058722.9 ], [ 4380807.2, 3058823.4 ], [ 4380812.7, 3058855.2 ], [ 4380950.1, 3058952.4 ], [ 4380976.0, 3058961.4 ], [ 4381007.8, 3058953.9 ], [ 4381023.4, 3058925.9 ], [ 4381020.6, 3058847.8 ], [ 4381034.8, 3058830.2 ], [ 4381054.7, 3058830.1 ], [ 4381066.0, 3058842.3 ], [ 4381068.4, 3058891.2 ], [ 4381096.8, 3058978.0 ], [ 4381084.3, 3058998.7 ], [ 4381088.3, 3059015.5 ], [ 4381150.7, 3059055.6 ], [ 4381184.0, 3059092.8 ], [ 4381251.9, 3059131.8 ], [ 4381285.1, 3059178.7 ], [ 4381318.2, 3059181.5 ], [ 4381333.5, 3059159.6 ], [ 4381364.2, 3059181.5 ], [ 4381382.9, 3059184.0 ], [ 4381400.6, 3059164.8 ], [ 4381441.4, 3059153.8 ], [ 4381458.6, 3059131.6 ], [ 4381481.8, 3059129.0 ], [ 4381508.7, 3059061.2 ], [ 4381561.7, 3059000.3 ], [ 4381586.8, 3058957.7 ], [ 4381585.3, 3058936.9 ], [ 4381550.2, 3058897.4 ], [ 4381593.7, 3058861.2 ], [ 4381653.2, 3058780.0 ], [ 4381651.3, 3058762.6 ], [ 4381618.3, 3058723.9 ], [ 4381620.6, 3058654.1 ], [ 4381647.5, 3058516.5 ], [ 4381634.8, 3058499.3 ], [ 4381616.7, 3058499.3 ], [ 4381552.2, 3058558.6 ], [ 4381496.3, 3058499.6 ], [ 4381543.9, 3058439.7 ], [ 4381560.6, 3058437.5 ], [ 4381581.0, 3058420.2 ], [ 4381579.0, 3058383.6 ], [ 4381560.8, 3058373.5 ], [ 4381508.1, 3058381.8 ], [ 4381484.7, 3058375.4 ], [ 4381453.4, 3058408.8 ], [ 4381425.4, 3058388.3 ], [ 4381398.3, 3058335.0 ], [ 4381402.4, 3058297.4 ], [ 4381396.3, 3058282.8 ], [ 4381016.8, 3057902.2 ], [ 4380982.5, 3057881.1 ], [ 4380939.9, 3057876.6 ], [ 4380941.4, 3057855.7 ], [ 4380928.4, 3057843.7 ], [ 4380887.7, 3057847.9 ], [ 4380883.0, 3057830.3 ], [ 4380872.1, 3057821.9 ], [ 4380755.1, 3057829.8 ], [ 4380720.6, 3057823.1 ], [ 4380702.1, 3057808.3 ], [ 4380701.3, 3057794.9 ], [ 4380813.4, 3057801.3 ], [ 4380868.1, 3057787.8 ], [ 4380897.8, 3057771.6 ], [ 4380898.5, 3057750.2 ], [ 4380832.9, 3057643.6 ], [ 4380824.1, 3057570.2 ], [ 4380846.8, 3057575.7 ], [ 4380870.5, 3057621.7 ], [ 4380959.8, 3057735.6 ], [ 4381042.7, 3057734.9 ], [ 4381055.6, 3057719.2 ], [ 4381052.2, 3057697.5 ], [ 4381074.3, 3057691.2 ], [ 4381090.7, 3057717.0 ], [ 4381206.4, 3057725.4 ], [ 4381210.2, 3057746.1 ], [ 4381225.9, 3057755.1 ], [ 4381294.9, 3057758.6 ], [ 4381356.0, 3057735.0 ], [ 4381377.8, 3057705.0 ], [ 4381391.6, 3057659.0 ], [ 4381386.7, 3057575.2 ], [ 4381337.5, 3057475.1 ], [ 4381259.3, 3057348.9 ], [ 4381222.8, 3057328.3 ], [ 4381179.5, 3057333.0 ], [ 4381045.0, 3057445.2 ], [ 4381012.3, 3057460.8 ], [ 4380944.4, 3057460.4 ], [ 4380817.0, 3057412.5 ], [ 4380776.2, 3057408.6 ], [ 4380734.0, 3057421.0 ], [ 4380637.6, 3057487.6 ], [ 4380586.3, 3057506.2 ], [ 4380514.5, 3057507.8 ], [ 4380418.8, 3057481.0 ], [ 4380360.0, 3057445.3 ], [ 4380223.5, 3057334.6 ], [ 4380068.8, 3057227.0 ], [ 4380014.5, 3057208.4 ], [ 4379907.1, 3057190.7 ], [ 4379842.0, 3057146.3 ], [ 4379813.8, 3057099.2 ], [ 4379808.6, 3057067.2 ], [ 4379842.2, 3056740.8 ], [ 4379818.9, 3056646.4 ], [ 4379799.9, 3056625.1 ], [ 4379779.5, 3056631.6 ], [ 4379714.9, 3056715.7 ], [ 4379701.8, 3056836.3 ], [ 4379651.4, 3056945.8 ], [ 4379640.9, 3057026.3 ], [ 4379697.8, 3057133.4 ], [ 4379863.0, 3057363.6 ], [ 4379818.4, 3057363.2 ], [ 4379816.9, 3057338.1 ], [ 4379774.9, 3057289.1 ], [ 4379731.1, 3057204.4 ], [ 4379679.1, 3057135.2 ], [ 4379654.7, 3057129.0 ], [ 4379625.6, 3057171.8 ], [ 4379576.2, 3057220.3 ], [ 4379561.0, 3057251.0 ], [ 4379548.1, 3057304.3 ], [ 4379556.1, 3057319.7 ], [ 4379577.7, 3057331.7 ], [ 4379573.0, 3057342.2 ], [ 4379555.6, 3057331.1 ], [ 4379538.8, 3057334.4 ], [ 4379489.9, 3057398.5 ], [ 4379358.4, 3057491.2 ], [ 4379234.3, 3057557.4 ], [ 4379107.4, 3057597.6 ], [ 4379031.9, 3057590.9 ], [ 4378887.1, 3057598.1 ], [ 4378808.9, 3057589.0 ], [ 4378783.4, 3057595.5 ], [ 4378662.6, 3057723.2 ], [ 4378601.9, 3057776.4 ], [ 4378533.6, 3057820.8 ], [ 4378420.6, 3057868.8 ], [ 4378286.5, 3057969.8 ], [ 4378223.9, 3057996.3 ], [ 4378179.8, 3057998.9 ], [ 4378149.0, 3057990.0 ], [ 4378061.5, 3057907.7 ], [ 4377979.0, 3057868.5 ], [ 4377949.0, 3057869.2 ], [ 4377899.4, 3057907.7 ], [ 4377823.4, 3057933.0 ], [ 4377785.6, 3057931.3 ], [ 4377719.3, 3057905.4 ], [ 4377662.4, 3057855.2 ], [ 4377640.4, 3057767.7 ], [ 4377595.7, 3057682.7 ], [ 4377575.3, 3057665.1 ], [ 4377480.8, 3057616.1 ], [ 4377439.6, 3057610.1 ], [ 4377404.6, 3057616.9 ], [ 4377313.0, 3057660.8 ], [ 4377260.6, 3057694.9 ], [ 4377232.8, 3057701.1 ], [ 4377213.8, 3057683.6 ], [ 4377176.5, 3057601.7 ], [ 4377139.5, 3057546.4 ], [ 4377110.8, 3057522.4 ], [ 4376937.3, 3057481.1 ], [ 4376865.7, 3057477.7 ], [ 4376818.9, 3057489.3 ], [ 4376782.1, 3057541.2 ], [ 4376766.4, 3057582.4 ], [ 4376760.4, 3057635.2 ], [ 4376830.2, 3057852.0 ], [ 4376857.2, 3057991.4 ], [ 4376845.9, 3058022.8 ], [ 4376796.1, 3058051.6 ], [ 4376752.7, 3058062.3 ], [ 4376639.0, 3058066.9 ], [ 4376539.1, 3058091.3 ], [ 4376494.2, 3058110.8 ], [ 4376426.1, 3058187.0 ], [ 4376369.4, 3058231.3 ], [ 4376150.3, 3058441.6 ], [ 4376059.1, 3058550.5 ], [ 4375991.3, 3058607.4 ], [ 4375991.1, 3058625.9 ], [ 4376038.2, 3058730.2 ], [ 4376085.4, 3058795.3 ], [ 4376107.7, 3058842.5 ], [ 4376125.0, 3058852.2 ], [ 4376178.1, 3058853.9 ], [ 4376227.4, 3058844.0 ], [ 4376244.1, 3058850.5 ], [ 4376254.1, 3058870.3 ], [ 4376213.3, 3058923.9 ], [ 4376143.3, 3058897.6 ], [ 4376076.4, 3058885.7 ], [ 4375999.4, 3058860.2 ], [ 4375890.9, 3058864.5 ], [ 4375861.5, 3058845.4 ], [ 4375841.7, 3058859.7 ], [ 4375836.9, 3058918.5 ], [ 4375913.2, 3059096.9 ], [ 4375920.5, 3059154.0 ], [ 4375883.9, 3059277.0 ], [ 4375827.4, 3059348.9 ], [ 4375794.1, 3059408.8 ], [ 4375786.0, 3059526.6 ], [ 4375776.0, 3059563.2 ], [ 4375712.2, 3059646.8 ], [ 4375697.9, 3059682.6 ], [ 4375712.7, 3059771.6 ], [ 4375754.8, 3059857.5 ], [ 4375769.6, 3059930.7 ], [ 4375764.4, 3059978.6 ], [ 4375723.4, 3060121.9 ], [ 4375749.2, 3060326.7 ], [ 4375734.7, 3060394.5 ], [ 4375744.0, 3060406.1 ], [ 4375758.6, 3060409.1 ], [ 4375974.1, 3060339.0 ], [ 4376000.0, 3060424.5 ], [ 4375945.3, 3060444.4 ], [ 4375892.5, 3060479.1 ], [ 4375888.9, 3060496.3 ], [ 4375895.8, 3060509.6 ], [ 4375883.8, 3060537.5 ], [ 4375882.2, 3060566.4 ], [ 4375888.3, 3060582.5 ], [ 4376254.4, 3060655.9 ], [ 4376331.5, 3060713.1 ], [ 4376356.1, 3060764.9 ], [ 4376369.8, 3060821.6 ], [ 4376357.6, 3060875.5 ], [ 4376339.2, 3060895.6 ], [ 4376238.2, 3060961.8 ], [ 4376144.6, 3061074.3 ], [ 4376102.1, 3061147.9 ], [ 4376079.7, 3061249.5 ], [ 4376037.8, 3061307.6 ], [ 4376026.6, 3061338.5 ], [ 4375983.2, 3061520.2 ], [ 4375989.8, 3061657.6 ], [ 4376000.8, 3061682.6 ], [ 4376025.3, 3061703.3 ], [ 4376157.2, 3061724.1 ], [ 4376313.7, 3061810.8 ], [ 4376426.7, 3061933.6 ], [ 4376590.0, 3061929.0 ], [ 4376630.8, 3061943.4 ], [ 4376657.1, 3061964.2 ], [ 4376674.8, 3062003.5 ], [ 4376678.1, 3062043.7 ], [ 4376648.0, 3062155.9 ], [ 4376637.0, 3062282.7 ], [ 4376621.3, 3062355.1 ], [ 4376626.7, 3062371.1 ], [ 4376638.4, 3062378.1 ] ], [ [ 4378395.3, 3062089.1 ], [ 4378302.1, 3062005.2 ], [ 4378267.8, 3061961.6 ], [ 4378192.5, 3061920.6 ], [ 4378164.7, 3061886.4 ], [ 4378155.0, 3061858.8 ], [ 4378072.0, 3061790.5 ], [ 4378044.3, 3061742.6 ], [ 4378007.7, 3061720.7 ], [ 4377903.2, 3061698.2 ], [ 4377912.5, 3061684.8 ], [ 4378019.8, 3061679.1 ], [ 4378043.1, 3061708.7 ], [ 4378064.3, 3061712.5 ], [ 4378181.8, 3061806.9 ], [ 4378212.8, 3061844.4 ], [ 4378230.0, 3061849.1 ], [ 4378247.0, 3061836.5 ], [ 4378269.3, 3061852.2 ], [ 4378270.4, 3061879.8 ], [ 4378317.8, 3061901.3 ], [ 4378363.2, 3062006.1 ], [ 4378436.5, 3062078.3 ], [ 4378420.1, 3062097.9 ], [ 4378395.3, 3062089.1 ] ], [ [ 4379096.9, 3061688.0 ], [ 4379126.2, 3061636.8 ], [ 4379124.3, 3061596.1 ], [ 4379114.2, 3061579.3 ], [ 4379177.0, 3061571.1 ], [ 4379201.1, 3061558.6 ], [ 4379205.4, 3061640.3 ], [ 4379227.7, 3061658.2 ], [ 4379216.5, 3061679.7 ], [ 4379192.0, 3061675.9 ], [ 4379166.2, 3061701.4 ], [ 4379094.8, 3061724.3 ], [ 4379103.6, 3061704.5 ], [ 4379096.9, 3061688.0 ] ], [ [ 4376732.5, 3061576.1 ], [ 4376775.3, 3061602.7 ], [ 4376846.5, 3061628.7 ], [ 4376853.2, 3061640.1 ], [ 4376792.9, 3061651.5 ], [ 4376677.5, 3061624.2 ], [ 4376680.9, 3061595.5 ], [ 4376732.5, 3061576.1 ] ], [ [ 4377821.0, 3061728.9 ], [ 4377723.0, 3061774.5 ], [ 4377544.1, 3061804.6 ], [ 4377465.8, 3061802.1 ], [ 4377355.1, 3061781.6 ], [ 4377286.2, 3061763.5 ], [ 4377201.8, 3061725.1 ], [ 4377333.4, 3061746.2 ], [ 4377405.3, 3061769.6 ], [ 4377528.2, 3061775.2 ], [ 4377553.9, 3061782.7 ], [ 4377614.2, 3061779.7 ], [ 4377709.2, 3061746.9 ], [ 4377748.0, 3061715.4 ], [ 4377810.3, 3061687.0 ], [ 4377821.0, 3061728.9 ] ], [ [ 4377145.6, 3061871.8 ], [ 4377166.0, 3061887.5 ], [ 4377189.9, 3061882.2 ], [ 4377243.4, 3061901.2 ], [ 4377253.9, 3061922.9 ], [ 4377272.7, 3061932.6 ], [ 4377268.2, 3061947.4 ], [ 4377235.1, 3061948.8 ], [ 4377192.0, 3062022.3 ], [ 4377143.3, 3062074.5 ], [ 4377127.7, 3062084.5 ], [ 4377079.2, 3062081.5 ], [ 4377088.3, 3062024.7 ], [ 4377111.7, 3061956.6 ], [ 4377103.5, 3061916.3 ], [ 4377145.6, 3061871.8 ] ], [ [ 4379094.6, 3061464.1 ], [ 4379107.3, 3061455.4 ], [ 4379114.8, 3061466.1 ], [ 4379101.7, 3061475.0 ], [ 4379094.6, 3061464.1 ] ], [ [ 4378415.2, 3061414.0 ], [ 4378452.1, 3061411.1 ], [ 4378471.0, 3061421.1 ], [ 4378469.8, 3061429.5 ], [ 4378458.9, 3061442.1 ], [ 4378423.1, 3061451.6 ], [ 4378407.8, 3061435.9 ], [ 4378415.2, 3061414.0 ] ], [ [ 4379232.5, 3061193.7 ], [ 4379309.3, 3061193.5 ], [ 4379296.0, 3061268.1 ], [ 4379268.5, 3061282.6 ], [ 4379223.5, 3061290.9 ], [ 4379209.4, 3061309.1 ], [ 4379140.6, 3061349.6 ], [ 4379115.6, 3061299.0 ], [ 4379081.5, 3061281.5 ], [ 4379088.6, 3061254.9 ], [ 4379232.5, 3061193.7 ] ], [ [ 4380624.3, 3061038.2 ], [ 4380647.5, 3060939.2 ], [ 4380678.9, 3060967.8 ], [ 4380667.6, 3061093.7 ], [ 4380628.1, 3061106.0 ], [ 4380624.3, 3061038.2 ] ], [ [ 4377825.6, 3060820.7 ], [ 4377827.3, 3060810.9 ], [ 4377837.0, 3060813.1 ], [ 4377835.2, 3060822.5 ], [ 4377825.6, 3060820.7 ] ], [ [ 4379088.5, 3060756.0 ], [ 4379031.7, 3060744.6 ], [ 4379002.9, 3060751.8 ], [ 4379001.8, 3060740.0 ], [ 4379025.0, 3060718.9 ], [ 4379085.5, 3060692.7 ], [ 4379113.1, 3060655.8 ], [ 4379161.0, 3060613.8 ], [ 4379191.1, 3060626.3 ], [ 4379201.0, 3060678.4 ], [ 4379106.6, 3060768.3 ], [ 4379088.5, 3060756.0 ] ], [ [ 4379012.4, 3060340.9 ], [ 4378892.0, 3060341.7 ], [ 4378884.2, 3060297.5 ], [ 4378958.3, 3060285.6 ], [ 4378998.3, 3060271.1 ], [ 4379021.0, 3060286.7 ], [ 4379089.4, 3060292.8 ], [ 4379090.9, 3060329.7 ], [ 4379074.7, 3060337.8 ], [ 4379064.5, 3060362.6 ], [ 4379012.4, 3060340.9 ] ], [ [ 4380320.9, 3060255.8 ], [ 4380287.3, 3060233.5 ], [ 4380271.7, 3060234.9 ], [ 4380258.1, 3060248.1 ], [ 4380171.7, 3060238.5 ], [ 4380245.1, 3060195.5 ], [ 4380286.7, 3060186.7 ], [ 4380348.8, 3060192.4 ], [ 4380361.5, 3060245.6 ], [ 4380320.9, 3060255.8 ] ], [ [ 4379782.4, 3059919.7 ], [ 4379852.8, 3059873.6 ], [ 4379855.6, 3059954.6 ], [ 4379838.3, 3059951.4 ], [ 4379812.1, 3059961.6 ], [ 4379758.4, 3059988.4 ], [ 4379731.7, 3060019.6 ], [ 4379707.3, 3060034.1 ], [ 4379691.6, 3060030.1 ], [ 4379693.9, 3060002.8 ], [ 4379770.6, 3059940.2 ], [ 4379782.4, 3059919.7 ] ], [ [ 4376804.2, 3058961.3 ], [ 4376723.5, 3058918.1 ], [ 4376769.5, 3058826.6 ], [ 4376880.4, 3058884.2 ], [ 4376804.2, 3058961.3 ] ], [ [ 4379337.9, 3058863.3 ], [ 4379424.7, 3058756.4 ], [ 4379481.1, 3058729.4 ], [ 4379525.3, 3058683.0 ], [ 4379584.0, 3058675.5 ], [ 4379601.4, 3058684.9 ], [ 4379635.2, 3058686.8 ], [ 4379587.2, 3058700.3 ], [ 4379525.8, 3058736.5 ], [ 4379485.1, 3058773.4 ], [ 4379410.2, 3058863.7 ], [ 4379346.9, 3058897.6 ], [ 4379327.8, 3058885.2 ], [ 4379337.9, 3058863.3 ] ], [ [ 4377675.3, 3058688.4 ], [ 4377665.6, 3058723.0 ], [ 4377648.0, 3058720.4 ], [ 4377629.8, 3058729.4 ], [ 4377613.2, 3058705.1 ], [ 4377613.1, 3058678.3 ], [ 4377582.9, 3058643.6 ], [ 4377602.9, 3058613.1 ], [ 4377640.1, 3058631.7 ], [ 4377663.7, 3058656.2 ], [ 4377675.3, 3058688.4 ] ], [ [ 4377733.4, 3058786.2 ], [ 4377718.4, 3058794.5 ], [ 4377708.3, 3058779.3 ], [ 4377725.0, 3058771.5 ], [ 4377733.4, 3058786.2 ] ], [ [ 4379932.5, 3058605.8 ], [ 4379937.3, 3058597.0 ], [ 4379945.5, 3058599.7 ], [ 4379940.5, 3058611.4 ], [ 4379932.5, 3058605.8 ] ], [ [ 4378231.9, 3058366.6 ], [ 4378257.7, 3058359.2 ], [ 4378275.8, 3058364.9 ], [ 4378302.1, 3058392.1 ], [ 4378229.4, 3058478.0 ], [ 4378208.7, 3058411.7 ], [ 4378231.9, 3058366.6 ] ], [ [ 4377129.3, 3057900.1 ], [ 4377159.6, 3057895.6 ], [ 4377145.6, 3057921.5 ], [ 4377125.0, 3057910.1 ], [ 4377129.3, 3057900.1 ] ], [ [ 4379421.3, 3057725.0 ], [ 4379422.9, 3057685.4 ], [ 4379444.1, 3057694.2 ], [ 4379471.4, 3057688.8 ], [ 4379481.4, 3057678.8 ], [ 4379550.9, 3057717.1 ], [ 4379549.0, 3057743.7 ], [ 4379569.4, 3057769.5 ], [ 4379521.6, 3057792.5 ], [ 4379421.3, 3057725.0 ] ], [ [ 4380371.0, 3058154.7 ], [ 4380346.4, 3058154.9 ], [ 4380319.9, 3058080.5 ], [ 4380290.6, 3058047.9 ], [ 4380272.2, 3058001.6 ], [ 4380276.1, 3057987.0 ], [ 4380310.1, 3057996.0 ], [ 4380364.6, 3058087.9 ], [ 4380371.7, 3058144.0 ], [ 4380371.0, 3058154.7 ] ], [ [ 4381381.7, 3058515.4 ], [ 4381358.7, 3058501.6 ], [ 4381374.0, 3058471.1 ], [ 4381416.7, 3058497.0 ], [ 4381381.7, 3058515.4 ] ], [ [ 4380781.5, 3059843.1 ], [ 4380829.9, 3059829.5 ], [ 4380857.8, 3059838.3 ], [ 4380848.5, 3059906.0 ], [ 4380814.7, 3059911.4 ], [ 4380768.7, 3059949.3 ], [ 4380767.7, 3059923.7 ], [ 4380783.7, 3059918.4 ], [ 4380792.2, 3059903.7 ], [ 4380781.5, 3059843.1 ] ], [ [ 4380508.7, 3062741.2 ], [ 4380459.4, 3062756.7 ], [ 4380415.9, 3062661.0 ], [ 4380416.2, 3062595.4 ], [ 4380446.1, 3062589.2 ], [ 4380489.1, 3062631.5 ], [ 4380489.3, 3062656.8 ], [ 4380470.8, 3062666.4 ], [ 4380465.8, 3062686.1 ], [ 4380477.8, 3062713.5 ], [ 4380508.7, 3062741.2 ] ], [ [ 4379746.3, 3062612.8 ], [ 4379745.2, 3062600.6 ], [ 4379758.1, 3062599.0 ], [ 4379757.3, 3062612.0 ], [ 4379746.3, 3062612.8 ] ], [ [ 4380227.1, 3062763.4 ], [ 4380197.1, 3062792.1 ], [ 4380135.9, 3062826.4 ], [ 4380076.8, 3062778.8 ], [ 4380103.2, 3062758.3 ], [ 4380122.2, 3062729.0 ], [ 4380159.5, 3062752.3 ], [ 4380178.1, 3062751.2 ], [ 4380208.0, 3062706.7 ], [ 4380230.7, 3062728.1 ], [ 4380222.3, 3062745.5 ], [ 4380227.1, 3062763.4 ] ], [ [ 4379069.3, 3062886.7 ], [ 4379131.2, 3062950.8 ], [ 4379108.9, 3062995.4 ], [ 4379025.5, 3062948.3 ], [ 4379069.3, 3062886.7 ] ], [ [ 4379319.6, 3062910.9 ], [ 4379337.1, 3062910.8 ], [ 4379364.5, 3062939.5 ], [ 4379345.1, 3063018.6 ], [ 4379323.2, 3063009.4 ], [ 4379283.6, 3063012.4 ], [ 4379276.3, 3063003.8 ], [ 4379319.6, 3062910.9 ] ], [ [ 4379943.4, 3063174.3 ], [ 4379867.3, 3063184.2 ], [ 4379856.4, 3063159.6 ], [ 4379883.2, 3063130.4 ], [ 4379943.4, 3063174.3 ] ], [ [ 4377949.0, 3063153.0 ], [ 4377871.0, 3063309.6 ], [ 4377809.5, 3063401.9 ], [ 4377783.5, 3063427.0 ], [ 4377677.6, 3063495.5 ], [ 4377660.6, 3063526.3 ], [ 4377648.3, 3063587.6 ], [ 4377607.4, 3063622.5 ], [ 4377584.4, 3063654.0 ], [ 4377562.2, 3063707.1 ], [ 4377560.0, 3063784.7 ], [ 4377547.4, 3063824.6 ], [ 4377488.4, 3063931.0 ], [ 4377488.5, 3064116.8 ], [ 4377474.4, 3064175.9 ], [ 4377423.0, 3063971.3 ], [ 4377445.0, 3063919.2 ], [ 4377433.6, 3063877.6 ], [ 4377455.2, 3063835.0 ], [ 4377465.1, 3063785.8 ], [ 4377471.2, 3063672.5 ], [ 4377520.3, 3063609.8 ], [ 4377573.1, 3063566.2 ], [ 4377576.7, 3063551.4 ], [ 4377707.8, 3063360.1 ], [ 4377719.0, 3063353.7 ], [ 4377775.6, 3063359.0 ], [ 4377818.1, 3063345.5 ], [ 4377828.4, 3063312.9 ], [ 4377859.0, 3063289.6 ], [ 4377869.4, 3063216.1 ], [ 4377865.0, 3063193.7 ], [ 4377893.8, 3063159.2 ], [ 4377918.4, 3063142.9 ], [ 4377942.7, 3063137.9 ], [ 4377949.0, 3063153.0 ] ], [ [ 4380818.6, 3064174.8 ], [ 4380804.2, 3064153.2 ], [ 4380832.9, 3064120.8 ], [ 4380859.1, 3064123.0 ], [ 4380887.5, 3064082.6 ], [ 4380904.1, 3064081.0 ], [ 4380910.9, 3064113.0 ], [ 4380930.3, 3064127.0 ], [ 4380909.2, 3064171.4 ], [ 4380886.7, 3064185.2 ], [ 4380891.0, 3064214.6 ], [ 4380915.4, 3064241.8 ], [ 4380985.9, 3064273.1 ], [ 4381036.7, 3064275.2 ], [ 4381052.9, 3064297.9 ], [ 4381078.7, 3064288.1 ], [ 4381121.9, 3064294.4 ], [ 4381100.9, 3064343.2 ], [ 4381105.8, 3064356.1 ], [ 4381121.4, 3064365.6 ], [ 4381131.7, 3064394.9 ], [ 4381127.3, 3064420.0 ], [ 4381108.1, 3064415.1 ], [ 4381118.7, 3064397.0 ], [ 4381111.1, 3064376.8 ], [ 4381001.9, 3064334.0 ], [ 4380965.1, 3064311.4 ], [ 4380818.6, 3064174.8 ] ], [ [ 4379202.6, 3064244.7 ], [ 4379191.1, 3064264.5 ], [ 4379172.8, 3064265.5 ], [ 4379157.7, 3064283.7 ], [ 4379136.8, 3064274.4 ], [ 4379142.9, 3064227.5 ], [ 4379156.2, 3064203.3 ], [ 4379170.3, 3064207.3 ], [ 4379179.5, 3064234.2 ], [ 4379202.6, 3064244.7 ] ], [ [ 4377483.2, 3064267.1 ], [ 4377499.2, 3064321.7 ], [ 4377541.4, 3064370.9 ], [ 4377581.0, 3064475.3 ], [ 4377603.7, 3064507.8 ], [ 4377652.1, 3064513.5 ], [ 4377714.9, 3064507.9 ], [ 4377758.1, 3064486.0 ], [ 4377754.0, 3064513.2 ], [ 4377729.5, 3064537.6 ], [ 4377699.6, 3064549.7 ], [ 4377678.8, 3064569.4 ], [ 4377640.2, 3064571.7 ], [ 4377617.7, 3064601.8 ], [ 4377618.9, 3064649.3 ], [ 4377604.5, 3064679.7 ], [ 4377616.6, 3064739.8 ], [ 4377613.4, 3064798.8 ], [ 4377610.9, 3064815.9 ], [ 4377581.6, 3064858.6 ], [ 4377581.3, 3064940.0 ], [ 4377574.7, 3064960.2 ], [ 4377582.6, 3065095.3 ], [ 4377618.6, 3065196.9 ], [ 4377602.0, 3065229.7 ], [ 4377602.3, 3065254.3 ], [ 4377616.9, 3065272.9 ], [ 4377641.8, 3065340.2 ], [ 4377709.9, 3065367.5 ], [ 4377786.9, 3065383.6 ], [ 4377885.9, 3065490.9 ], [ 4377954.3, 3065542.0 ], [ 4378000.5, 3065614.0 ], [ 4377991.0, 3065620.1 ], [ 4377903.0, 3065568.5 ], [ 4377700.6, 3065409.2 ], [ 4377635.6, 3065366.9 ], [ 4377602.0, 3065325.2 ], [ 4377562.9, 3065228.4 ], [ 4377553.3, 3065109.6 ], [ 4377526.0, 3064972.5 ], [ 4377538.5, 3064956.4 ], [ 4377540.8, 3064861.0 ], [ 4377554.3, 3064841.8 ], [ 4377553.4, 3064732.3 ], [ 4377524.4, 3064613.0 ], [ 4377506.4, 3064424.3 ], [ 4377471.3, 3064256.1 ], [ 4377483.2, 3064267.1 ] ], [ [ 4380753.5, 3064913.5 ], [ 4380782.1, 3064881.8 ], [ 4381059.3, 3065201.7 ], [ 4381117.6, 3065300.0 ], [ 4381106.2, 3065388.4 ], [ 4381062.5, 3065364.2 ], [ 4381007.1, 3065356.1 ], [ 4381006.8, 3065332.0 ], [ 4381036.1, 3065321.6 ], [ 4381047.6, 3065309.1 ], [ 4381054.1, 3065274.9 ], [ 4381049.9, 3065250.2 ], [ 4381003.3, 3065199.2 ], [ 4380980.3, 3065185.5 ], [ 4380921.6, 3065180.4 ], [ 4380926.6, 3065153.7 ], [ 4380917.0, 3065120.3 ], [ 4380864.7, 3065011.6 ], [ 4380796.5, 3064934.4 ], [ 4380753.5, 3064913.5 ] ], [ [ 4379712.6, 3065170.8 ], [ 4379744.7, 3065230.2 ], [ 4379749.9, 3065254.4 ], [ 4379735.7, 3065282.8 ], [ 4379709.1, 3065302.7 ], [ 4379679.9, 3065258.3 ], [ 4379674.4, 3065223.5 ], [ 4379712.6, 3065170.8 ] ], [ [ 4383421.3, 3065410.1 ], [ 4383524.8, 3065386.4 ], [ 4383537.8, 3065442.0 ], [ 4383424.4, 3065471.1 ], [ 4383411.4, 3065431.1 ], [ 4383421.3, 3065410.1 ] ], [ [ 4380256.6, 3065409.1 ], [ 4380241.7, 3065521.1 ], [ 4380229.0, 3065547.1 ], [ 4380232.7, 3065634.0 ], [ 4380226.4, 3065663.2 ], [ 4380203.2, 3065659.4 ], [ 4380189.4, 3065627.1 ], [ 4380201.7, 3065529.4 ], [ 4380180.5, 3065494.6 ], [ 4380181.9, 3065483.2 ], [ 4380199.1, 3065482.5 ], [ 4380211.3, 3065469.9 ], [ 4380204.5, 3065428.3 ], [ 4380256.6, 3065409.1 ] ], [ [ 4383506.8, 3065330.1 ], [ 4383521.4, 3065323.5 ], [ 4383525.1, 3065333.1 ], [ 4383510.7, 3065339.9 ], [ 4383506.8, 3065330.1 ] ], [ [ 4381885.9, 3064612.6 ], [ 4381907.9, 3064595.5 ], [ 4381924.3, 3064618.9 ], [ 4381902.2, 3064636.5 ], [ 4381885.9, 3064612.6 ] ], [ [ 4381961.5, 3064596.4 ], [ 4381985.4, 3064563.7 ], [ 4382093.7, 3064578.1 ], [ 4382090.3, 3064585.8 ], [ 4381973.1, 3064613.3 ], [ 4381961.5, 3064596.4 ] ], [ [ 4379461.7, 3064462.8 ], [ 4379472.6, 3064451.9 ], [ 4379481.5, 3064459.3 ], [ 4379471.0, 3064471.3 ], [ 4379461.7, 3064462.8 ] ], [ [ 4382710.2, 3064341.7 ], [ 4382713.4, 3064332.0 ], [ 4382722.9, 3064334.9 ], [ 4382719.6, 3064344.5 ], [ 4382710.2, 3064341.7 ] ], [ [ 4379372.8, 3064096.0 ], [ 4379386.4, 3064124.0 ], [ 4379338.0, 3064169.3 ], [ 4379282.7, 3064129.5 ], [ 4379365.4, 3064048.2 ], [ 4379385.3, 3064066.9 ], [ 4379372.8, 3064096.0 ] ], [ [ 4379564.5, 3063473.7 ], [ 4379662.9, 3063409.0 ], [ 4379711.4, 3063446.6 ], [ 4379673.2, 3063473.1 ], [ 4379637.9, 3063472.2 ], [ 4379587.8, 3063512.0 ], [ 4379564.5, 3063473.7 ] ], [ [ 4379474.0, 3063416.9 ], [ 4379467.2, 3063421.9 ], [ 4379419.1, 3063379.8 ], [ 4379392.2, 3063378.0 ], [ 4379368.1, 3063395.4 ], [ 4379353.9, 3063385.3 ], [ 4379342.7, 3063372.2 ], [ 4379333.3, 3063331.5 ], [ 4379253.2, 3063252.5 ], [ 4379200.7, 3063218.3 ], [ 4379198.8, 3063209.8 ], [ 4379261.4, 3063189.9 ], [ 4379281.9, 3063209.9 ], [ 4379353.1, 3063238.9 ], [ 4379360.7, 3063262.7 ], [ 4379412.0, 3063320.2 ], [ 4379417.4, 3063338.5 ], [ 4379454.3, 3063374.3 ], [ 4379474.0, 3063416.9 ] ], [ [ 4378980.5, 3063252.2 ], [ 4378976.0, 3063260.0 ], [ 4378970.3, 3063257.0 ], [ 4378974.5, 3063249.1 ], [ 4378980.5, 3063252.2 ] ], [ [ 4383438.2, 3063884.6 ], [ 4383467.3, 3063869.7 ], [ 4383479.3, 3063870.0 ], [ 4383476.3, 3063889.6 ], [ 4383438.2, 3063884.6 ] ], [ [ 4380401.1, 3065918.8 ], [ 4380386.9, 3065924.7 ], [ 4380327.9, 3065883.4 ], [ 4380366.1, 3065881.7 ], [ 4380401.1, 3065918.8 ] ], [ [ 4380567.9, 3065942.0 ], [ 4380604.1, 3065962.8 ], [ 4380684.4, 3065978.8 ], [ 4380719.4, 3065976.8 ], [ 4380736.7, 3065953.1 ], [ 4380748.0, 3066025.6 ], [ 4380676.7, 3066038.8 ], [ 4380590.1, 3066022.7 ], [ 4380549.8, 3065982.5 ], [ 4380567.9, 3065942.0 ] ], [ [ 4379801.9, 3066594.0 ], [ 4379713.1, 3066671.6 ], [ 4379675.8, 3066658.1 ], [ 4379749.9, 3066570.6 ], [ 4379771.7, 3066558.9 ], [ 4379801.9, 3066594.0 ] ], [ [ 4376955.2, 3065716.8 ], [ 4376873.5, 3065781.0 ], [ 4376809.8, 3065828.1 ], [ 4376849.8, 3065671.5 ], [ 4376902.2, 3065663.5 ], [ 4376949.6, 3065708.4 ], [ 4376955.2, 3065716.8 ] ], [ [ 4377381.7, 3066334.3 ], [ 4377407.4, 3066362.8 ], [ 4377440.0, 3066428.0 ], [ 4377425.9, 3066450.7 ], [ 4377384.3, 3066454.2 ], [ 4377356.4, 3066466.5 ], [ 4377331.3, 3066425.4 ], [ 4377364.0, 3066383.2 ], [ 4377362.3, 3066347.1 ], [ 4377233.2, 3066267.5 ], [ 4377245.8, 3066244.4 ], [ 4377376.0, 3066292.3 ], [ 4377381.7, 3066334.3 ] ], [ [ 4377511.5, 3066408.9 ], [ 4377547.6, 3066338.5 ], [ 4377685.0, 3066423.9 ], [ 4377714.8, 3066419.0 ], [ 4377723.5, 3066493.2 ], [ 4377682.5, 3066505.3 ], [ 4377668.7, 3066545.8 ], [ 4377642.0, 3066573.8 ], [ 4377604.5, 3066538.3 ], [ 4377586.3, 3066532.4 ], [ 4377522.6, 3066450.0 ], [ 4377511.5, 3066408.9 ] ], [ [ 4377977.1, 3067290.1 ], [ 4377945.1, 3067294.1 ], [ 4377938.8, 3067269.1 ], [ 4377969.4, 3067261.2 ], [ 4377977.1, 3067290.1 ] ], [ [ 4379011.0, 3068344.0 ], [ 4378957.0, 3068413.3 ], [ 4378842.9, 3068322.9 ], [ 4378921.1, 3068232.6 ], [ 4379004.6, 3068295.2 ], [ 4378992.5, 3068320.2 ], [ 4379011.0, 3068344.0 ] ], [ [ 4377831.2, 3068751.5 ], [ 4377829.8, 3068793.9 ], [ 4377843.9, 3068842.5 ], [ 4377891.1, 3068907.5 ], [ 4377988.2, 3068998.4 ], [ 4377967.4, 3069011.1 ], [ 4377775.1, 3068824.7 ], [ 4377753.1, 3068823.1 ], [ 4377730.1, 3068844.7 ], [ 4377692.0, 3068826.8 ], [ 4377670.1, 3068796.9 ], [ 4377618.9, 3068792.3 ], [ 4377583.5, 3068804.4 ], [ 4377565.4, 3068798.0 ], [ 4377555.5, 3068750.0 ], [ 4377558.5, 3068727.4 ], [ 4377595.7, 3068700.4 ], [ 4377615.2, 3068649.5 ], [ 4377681.0, 3068574.3 ], [ 4377731.3, 3068530.1 ], [ 4377746.2, 3068481.3 ], [ 4377799.8, 3068477.2 ], [ 4377904.0, 3068583.0 ], [ 4377852.9, 3068672.8 ], [ 4377831.2, 3068751.5 ] ], [ [ 4378575.2, 3069595.7 ], [ 4378561.7, 3069629.3 ], [ 4378526.5, 3069621.2 ], [ 4378531.5, 3069602.3 ], [ 4378556.4, 3069590.8 ], [ 4378575.2, 3069595.7 ] ], [ [ 4377947.5, 3069620.2 ], [ 4377991.0, 3069647.5 ], [ 4378057.0, 3069664.4 ], [ 4378063.8, 3069687.0 ], [ 4378039.0, 3069713.4 ], [ 4378013.2, 3069770.1 ], [ 4377992.4, 3069779.7 ], [ 4377941.2, 3069760.0 ], [ 4377921.9, 3069769.7 ], [ 4377915.4, 3069786.5 ], [ 4377921.7, 3069803.6 ], [ 4377975.8, 3069831.2 ], [ 4377949.6, 3069883.1 ], [ 4377930.0, 3069892.5 ], [ 4377919.9, 3069927.2 ], [ 4377898.0, 3069937.1 ], [ 4377868.1, 3069992.2 ], [ 4377853.6, 3069989.1 ], [ 4377802.6, 3069961.7 ], [ 4377918.4, 3069629.9 ], [ 4377947.5, 3069620.2 ] ] ] } },
{ "type": "Feature", "properties": { "id": "forest_87493", "state": "Thüringen", "area_ha": 12966.61, "unfragmented": true, "image": "forest_87493.webp", "real_width_m": 16304.1, "real_height_m": 15107.6, "pixel_width": 1630, "pixel_height": 1510, "centroid_x": 4366547.9, "centroid_y": 3071525.5 }, "geometry": { "type": "Polygon", "coordinates": [ [ [ 4367293.7, 3079496.7 ], [ 4367357.6, 3079446.0 ], [ 4367381.0, 3079468.2 ], [ 4367338.1, 3079525.9 ], [ 4367334.9, 3079558.1 ], [ 4367350.0, 3079581.0 ], [ 4367373.9, 3079589.9 ], [ 4367391.2, 3079584.6 ], [ 4367401.9, 3079550.9 ], [ 4367417.5, 3079530.8 ], [ 4367442.0, 3079514.9 ], [ 4367508.8, 3079437.1 ], [ 4367616.0, 3079547.4 ], [ 4367647.3, 3079548.4 ], [ 4367665.3, 3079589.5 ], [ 4367662.4, 3079613.1 ], [ 4367674.5, 3079625.6 ], [ 4367691.6, 3079626.9 ], [ 4367730.4, 3079578.0 ], [ 4367774.4, 3079547.0 ], [ 4367826.0, 3079464.9 ], [ 4367948.2, 3079353.6 ], [ 4367959.6, 3079320.9 ], [ 4368014.5, 3079291.2 ], [ 4368034.1, 3079270.9 ], [ 4368088.4, 3079264.9 ], [ 4368106.9, 3079228.8 ], [ 4368086.9, 3079206.9 ], [ 4368126.0, 3079164.8 ], [ 4368218.9, 3079131.4 ], [ 4368259.2, 3079078.9 ], [ 4368303.4, 3079046.6 ], [ 4368352.4, 3079026.1 ], [ 4368377.5, 3079035.2 ], [ 4368382.7, 3079055.7 ], [ 4368398.9, 3079063.0 ], [ 4368547.9, 3079037.4 ], [ 4368712.6, 3078956.3 ], [ 4368728.8, 3078925.1 ], [ 4368731.1, 3078801.9 ], [ 4368739.6, 3078767.2 ], [ 4368775.8, 3078729.4 ], [ 4368856.6, 3078674.1 ], [ 4368880.8, 3078667.4 ], [ 4368892.0, 3078630.6 ], [ 4368882.0, 3078595.7 ], [ 4368937.4, 3078577.3 ], [ 4368955.2, 3078580.3 ], [ 4368969.3, 3078569.0 ], [ 4369079.1, 3078226.9 ], [ 4369077.6, 3078157.3 ], [ 4369083.6, 3078145.9 ], [ 4369208.8, 3078072.0 ], [ 4369233.1, 3078086.0 ], [ 4369237.4, 3078112.6 ], [ 4369190.7, 3078131.9 ], [ 4369182.0, 3078155.1 ], [ 4369236.4, 3078207.9 ], [ 4369253.0, 3078212.9 ], [ 4369294.1, 3078180.0 ], [ 4369339.5, 3078121.2 ], [ 4369412.3, 3078116.3 ], [ 4369400.9, 3078148.8 ], [ 4369372.6, 3078189.0 ], [ 4369379.5, 3078212.0 ], [ 4369400.0, 3078219.7 ], [ 4369470.1, 3078167.8 ], [ 4369544.0, 3078125.5 ], [ 4369552.7, 3078109.8 ], [ 4369541.0, 3078088.4 ], [ 4369495.5, 3078082.1 ], [ 4369449.9, 3078058.7 ], [ 4369418.7, 3078032.7 ], [ 4369434.7, 3078027.0 ], [ 4369533.7, 3078052.5 ], [ 4369649.9, 3078062.7 ], [ 4369693.4, 3078092.8 ], [ 4369714.7, 3078083.8 ], [ 4369726.7, 3078057.3 ], [ 4369766.9, 3078072.9 ], [ 4369783.9, 3078070.1 ], [ 4369822.0, 3078003.4 ], [ 4369854.1, 3077967.9 ], [ 4369866.7, 3077927.4 ], [ 4369857.8, 3077865.6 ], [ 4369804.3, 3077840.2 ], [ 4369787.1, 3077775.9 ], [ 4369795.6, 3077739.0 ], [ 4369813.2, 3077699.5 ], [ 4369854.5, 3077700.5 ], [ 4369882.6, 3077673.0 ], [ 4369895.6, 3077591.2 ], [ 4369915.3, 3077648.7 ], [ 4369928.0, 3077725.9 ], [ 4369928.8, 3077765.2 ], [ 4369906.9, 3077822.0 ], [ 4369951.1, 3077892.5 ], [ 4369965.7, 3077927.4 ], [ 4369971.2, 3077971.6 ], [ 4369959.9, 3078024.9 ], [ 4369972.2, 3078057.8 ], [ 4369935.9, 3078147.0 ], [ 4369934.0, 3078196.5 ], [ 4369942.3, 3078223.0 ], [ 4369960.7, 3078255.9 ], [ 4370018.5, 3078315.0 ], [ 4370132.3, 3078399.3 ], [ 4370183.0, 3078421.0 ], [ 4370216.2, 3078392.5 ], [ 4370231.3, 3078400.5 ], [ 4370247.9, 3078396.3 ], [ 4370269.0, 3078366.9 ], [ 4370270.4, 3078344.0 ], [ 4370261.1, 3078329.1 ], [ 4370243.9, 3078325.9 ], [ 4370236.0, 3078308.9 ], [ 4370244.4, 3078255.0 ], [ 4370266.0, 3078220.4 ], [ 4370223.1, 3078142.9 ], [ 4370306.2, 3078047.7 ], [ 4370415.7, 3078135.8 ], [ 4370461.6, 3078182.1 ], [ 4370505.0, 3078202.5 ], [ 4370523.3, 3078199.8 ], [ 4370535.3, 3078182.5 ], [ 4370764.8, 3078024.1 ], [ 4370813.5, 3077977.8 ], [ 4370980.5, 3077639.4 ], [ 4370977.6, 3077619.3 ], [ 4370950.7, 3077592.1 ], [ 4370801.2, 3077475.1 ], [ 4370788.7, 3077453.6 ], [ 4370750.4, 3077453.2 ], [ 4370718.2, 3077426.0 ], [ 4370700.9, 3077431.0 ], [ 4370685.7, 3077454.4 ], [ 4370640.2, 3077442.4 ], [ 4370638.5, 3077422.3 ], [ 4370700.5, 3077386.4 ], [ 4370709.2, 3077363.6 ], [ 4370667.8, 3077313.3 ], [ 4370649.9, 3077311.2 ], [ 4370634.8, 3077323.3 ], [ 4370605.0, 3077294.7 ], [ 4370589.4, 3077265.1 ], [ 4370634.3, 3077232.3 ], [ 4370654.2, 3077234.1 ], [ 4370678.5, 3077215.2 ], [ 4370685.4, 3077247.4 ], [ 4370743.1, 3077311.1 ], [ 4370820.4, 3077270.7 ], [ 4370846.8, 3077238.2 ], [ 4370864.1, 3077271.7 ], [ 4370858.3, 3077297.6 ], [ 4370898.2, 3077336.1 ], [ 4370952.2, 3077334.0 ], [ 4371011.7, 3077281.7 ], [ 4371050.7, 3077369.5 ], [ 4371169.8, 3077478.4 ], [ 4371203.3, 3077566.4 ], [ 4371228.2, 3077578.0 ], [ 4371283.4, 3077518.4 ], [ 4371521.4, 3077349.4 ], [ 4371590.2, 3077317.0 ], [ 4371693.5, 3077308.4 ], [ 4371792.2, 3077249.0 ], [ 4371795.8, 3077228.9 ], [ 4371765.2, 3077161.1 ], [ 4371813.6, 3077055.9 ], [ 4371791.9, 3077024.0 ], [ 4371739.8, 3077001.4 ], [ 4371728.6, 3076981.8 ], [ 4371764.7, 3076935.9 ], [ 4371791.6, 3076928.9 ], [ 4371955.0, 3077196.5 ], [ 4371923.3, 3077211.5 ], [ 4371914.4, 3077226.3 ], [ 4371947.5, 3077295.0 ], [ 4371986.9, 3077343.6 ], [ 4372029.9, 3077334.0 ], [ 4372109.9, 3077482.6 ], [ 4372165.2, 3077624.6 ], [ 4372248.3, 3077894.5 ], [ 4372269.7, 3077906.3 ], [ 4372307.0, 3077891.8 ], [ 4372333.1, 3077895.0 ], [ 4372348.6, 3077881.2 ], [ 4372300.6, 3077481.8 ], [ 4372414.5, 3077488.7 ], [ 4372427.2, 3077481.6 ], [ 4372432.7, 3077464.5 ], [ 4372417.9, 3077402.6 ], [ 4372415.3, 3077338.2 ], [ 4372364.7, 3077158.9 ], [ 4372353.8, 3077076.8 ], [ 4372328.0, 3077023.5 ], [ 4372318.5, 3076973.6 ], [ 4372322.3, 3076737.3 ], [ 4372309.9, 3076614.0 ], [ 4372298.7, 3076599.9 ], [ 4372265.1, 3076592.4 ], [ 4372264.1, 3076489.2 ], [ 4372249.5, 3076438.6 ], [ 4372232.5, 3076432.1 ], [ 4372216.4, 3076440.6 ], [ 4372173.3, 3076443.1 ], [ 4372133.0, 3076411.8 ], [ 4372105.2, 3076411.6 ], [ 4372079.4, 3076423.1 ], [ 4372070.4, 3076394.5 ], [ 4372112.7, 3076371.4 ], [ 4372115.5, 3076336.4 ], [ 4372144.8, 3076320.6 ], [ 4372167.1, 3076319.4 ], [ 4372172.6, 3076347.8 ], [ 4372196.0, 3076361.1 ], [ 4372211.8, 3076354.3 ], [ 4372227.9, 3076326.3 ], [ 4372264.0, 3076329.5 ], [ 4372281.6, 3076318.4 ], [ 4372298.0, 3076243.9 ], [ 4372312.4, 3076214.7 ], [ 4372257.2, 3075997.1 ], [ 4372203.2, 3075867.2 ], [ 4372099.2, 3075722.7 ], [ 4372057.9, 3075602.3 ], [ 4372007.9, 3075506.7 ], [ 4371987.1, 3075430.8 ], [ 4371968.1, 3075236.6 ], [ 4371942.4, 3075210.9 ], [ 4371907.3, 3075150.1 ], [ 4371865.1, 3075129.8 ], [ 4371816.9, 3075134.7 ], [ 4371649.7, 3075287.3 ], [ 4371593.2, 3075250.0 ], [ 4371659.1, 3075189.1 ], [ 4371663.7, 3075175.4 ], [ 4371658.0, 3075160.9 ], [ 4371715.5, 3075109.4 ], [ 4371713.9, 3075088.8 ], [ 4371695.9, 3075078.6 ], [ 4371720.3, 3075003.5 ], [ 4371716.3, 3074986.4 ], [ 4371699.8, 3074968.8 ], [ 4371681.7, 3074968.6 ], [ 4371667.8, 3074991.7 ], [ 4371620.2, 3075005.9 ], [ 4371606.8, 3075037.4 ], [ 4371552.3, 3075003.9 ], [ 4371558.8, 3074987.4 ], [ 4371550.9, 3074971.4 ], [ 4371537.5, 3074966.3 ], [ 4371514.5, 3074972.1 ], [ 4371501.1, 3074937.7 ], [ 4371489.5, 3074928.2 ], [ 4371389.6, 3074944.6 ], [ 4371425.4, 3074884.0 ], [ 4371449.9, 3074878.3 ], [ 4371460.5, 3074864.7 ], [ 4371447.3, 3074739.4 ], [ 4371476.3, 3074690.9 ], [ 4371538.6, 3074788.3 ], [ 4371577.8, 3074820.2 ], [ 4371594.5, 3074819.1 ], [ 4371623.7, 3074792.4 ], [ 4371661.7, 3074786.6 ], [ 4371677.4, 3074772.5 ], [ 4371717.6, 3074784.7 ], [ 4371790.6, 3074771.5 ], [ 4371816.9, 3074596.7 ], [ 4371861.2, 3074510.6 ], [ 4371889.8, 3074411.2 ], [ 4371936.7, 3074319.2 ], [ 4371980.3, 3074265.9 ], [ 4371999.4, 3074270.6 ], [ 4372014.3, 3074260.2 ], [ 4372016.3, 3074242.2 ], [ 4372006.0, 3074226.7 ], [ 4372019.4, 3074192.3 ], [ 4372062.8, 3074214.6 ], [ 4372085.7, 3074209.1 ], [ 4372230.3, 3074049.5 ], [ 4372282.8, 3073963.2 ], [ 4372339.1, 3073842.8 ], [ 4372335.8, 3073826.2 ], [ 4372325.1, 3073817.7 ], [ 4372324.8, 3073738.1 ], [ 4372363.0, 3073636.4 ], [ 4372382.7, 3073630.6 ], [ 4372389.4, 3073614.7 ], [ 4372359.6, 3073433.3 ], [ 4372350.0, 3073418.6 ], [ 4372336.3, 3073414.9 ], [ 4372321.7, 3073340.2 ], [ 4372285.5, 3073293.7 ], [ 4372121.9, 3073183.9 ], [ 4372095.9, 3073147.3 ], [ 4372012.4, 3073085.4 ], [ 4371943.5, 3073006.5 ], [ 4371901.6, 3072982.0 ], [ 4371791.3, 3072983.5 ], [ 4371764.8, 3072998.5 ], [ 4371718.0, 3072976.5 ], [ 4371713.4, 3072963.2 ], [ 4371691.5, 3072945.7 ], [ 4371650.2, 3072939.7 ], [ 4371597.4, 3072884.5 ], [ 4371519.2, 3072834.3 ], [ 4371463.0, 3072816.9 ], [ 4371417.0, 3072810.6 ], [ 4371361.0, 3072847.3 ], [ 4371318.2, 3072858.3 ], [ 4371306.5, 3072853.7 ], [ 4371299.7, 3072843.1 ], [ 4371306.6, 3072815.5 ], [ 4371317.6, 3072794.6 ], [ 4371347.7, 3072771.7 ], [ 4371348.4, 3072749.7 ], [ 4371285.4, 3072675.2 ], [ 4371236.4, 3072651.3 ], [ 4371189.9, 3072644.0 ], [ 4371160.8, 3072655.7 ], [ 4371131.1, 3072631.9 ], [ 4370879.9, 3072595.0 ], [ 4370825.3, 3072572.9 ], [ 4370792.8, 3072542.8 ], [ 4370769.0, 3072535.6 ], [ 4370750.6, 3072544.6 ], [ 4370740.0, 3072573.3 ], [ 4370711.1, 3072606.4 ], [ 4370715.6, 3072645.3 ], [ 4370699.5, 3072643.4 ], [ 4370680.1, 3072624.3 ], [ 4370637.9, 3072604.9 ], [ 4370599.2, 3072558.3 ], [ 4370568.8, 3072550.0 ], [ 4370535.8, 3072556.5 ], [ 4370484.5, 3072586.4 ], [ 4370406.2, 3072614.5 ], [ 4370323.6, 3072629.2 ], [ 4370383.5, 3072575.5 ], [ 4370386.7, 3072554.5 ], [ 4370374.1, 3072541.6 ], [ 4370299.8, 3072521.1 ], [ 4370267.3, 3072499.8 ], [ 4370244.0, 3072508.3 ], [ 4370210.9, 3072550.9 ], [ 4370129.0, 3072585.2 ], [ 4370064.3, 3072588.0 ], [ 4369939.7, 3072610.0 ], [ 4369802.8, 3072604.8 ], [ 4369783.8, 3072579.0 ], [ 4369729.8, 3072550.8 ], [ 4369729.2, 3072543.9 ], [ 4369740.9, 3072535.9 ], [ 4369896.6, 3072536.1 ], [ 4369999.8, 3072514.5 ], [ 4370088.5, 3072477.5 ], [ 4370125.0, 3072454.2 ], [ 4370133.0, 3072434.2 ], [ 4370120.4, 3072399.4 ], [ 4370033.3, 3072288.8 ], [ 4369934.4, 3072203.3 ], [ 4369879.1, 3072109.2 ], [ 4369846.0, 3071968.9 ], [ 4369847.5, 3071942.8 ], [ 4369831.0, 3071913.2 ], [ 4369813.2, 3071903.8 ], [ 4369777.8, 3071863.5 ], [ 4369767.1, 3071834.1 ], [ 4369776.2, 3071778.7 ], [ 4369731.8, 3071737.0 ], [ 4369698.7, 3071681.2 ], [ 4369695.6, 3071648.4 ], [ 4369701.6, 3071627.6 ], [ 4369718.4, 3071614.0 ], [ 4369723.0, 3071576.5 ], [ 4369733.9, 3071578.3 ], [ 4369742.4, 3071592.9 ], [ 4369737.7, 3071641.7 ], [ 4369749.0, 3071673.5 ], [ 4369787.6, 3071698.3 ], [ 4369859.7, 3071775.8 ], [ 4369907.5, 3071871.3 ], [ 4369972.4, 3071975.9 ], [ 4370080.5, 3072120.5 ], [ 4370115.4, 3072181.4 ], [ 4370150.6, 3072216.2 ], [ 4370279.9, 3072272.6 ], [ 4370305.0, 3072351.1 ], [ 4370319.5, 3072364.9 ], [ 4370357.2, 3072372.4 ], [ 4370404.1, 3072362.7 ], [ 4370439.5, 3072366.8 ], [ 4370549.7, 3072346.7 ], [ 4370595.2, 3072379.3 ], [ 4370669.5, 3072402.4 ], [ 4370762.2, 3072384.0 ], [ 4370972.7, 3072400.8 ], [ 4371080.1, 3072401.3 ], [ 4371150.6, 3072391.2 ], [ 4371165.8, 3072367.6 ], [ 4371153.6, 3072272.9 ], [ 4371157.1, 3072214.7 ], [ 4371169.6, 3072165.8 ], [ 4371201.6, 3072094.6 ], [ 4371229.7, 3071892.2 ], [ 4371219.1, 3071843.0 ], [ 4371172.2, 3071803.2 ], [ 4371170.2, 3071793.4 ], [ 4371238.2, 3071794.4 ], [ 4371277.8, 3071785.6 ], [ 4371475.4, 3071628.5 ], [ 4371556.8, 3071592.2 ], [ 4371614.2, 3071548.0 ], [ 4371711.0, 3071413.8 ], [ 4371701.1, 3071379.1 ], [ 4371647.7, 3071320.7 ], [ 4371671.2, 3071299.8 ], [ 4371675.4, 3071279.6 ], [ 4371718.7, 3071288.5 ], [ 4371756.8, 3071282.7 ], [ 4371822.7, 3071187.8 ], [ 4371884.5, 3071122.3 ], [ 4371929.6, 3071086.7 ], [ 4372062.9, 3070941.5 ], [ 4372074.5, 3070914.9 ], [ 4372068.2, 3070896.1 ], [ 4372122.3, 3070749.9 ], [ 4372123.7, 3070706.3 ], [ 4372155.3, 3070546.5 ], [ 4372200.3, 3070534.2 ], [ 4372206.1, 3070669.6 ], [ 4372184.2, 3070764.8 ], [ 4372169.2, 3070891.6 ], [ 4372126.0, 3070932.0 ], [ 4372101.9, 3071019.4 ], [ 4372053.7, 3071090.8 ], [ 4371994.1, 3071159.3 ], [ 4371934.8, 3071209.3 ], [ 4371892.9, 3071298.9 ], [ 4371892.8, 3071335.5 ], [ 4371856.1, 3071372.4 ], [ 4371833.2, 3071498.5 ], [ 4371785.8, 3071589.8 ], [ 4371472.7, 3071931.2 ], [ 4371401.2, 3072062.7 ], [ 4371375.5, 3072169.3 ], [ 4371367.2, 3072247.5 ], [ 4371368.0, 3072382.4 ], [ 4371394.4, 3072452.8 ], [ 4371429.8, 3072471.5 ], [ 4371449.3, 3072496.2 ], [ 4371501.1, 3072535.1 ], [ 4371667.0, 3072609.5 ], [ 4371709.3, 3072618.8 ], [ 4371743.2, 3072652.6 ], [ 4371951.3, 3072783.6 ], [ 4371968.6, 3072824.9 ], [ 4371986.2, 3072826.6 ], [ 4372002.1, 3072811.4 ], [ 4372042.7, 3072818.2 ], [ 4372040.2, 3072853.9 ], [ 4371991.5, 3072834.9 ], [ 4371975.5, 3072841.9 ], [ 4371969.7, 3072854.9 ], [ 4371982.0, 3072908.5 ], [ 4372034.2, 3072978.8 ], [ 4372038.2, 3072996.6 ], [ 4372164.2, 3073065.8 ], [ 4372372.6, 3073214.8 ], [ 4372386.1, 3073209.2 ], [ 4372412.2, 3073176.6 ], [ 4372436.8, 3073121.0 ], [ 4372457.5, 3073090.2 ], [ 4372473.0, 3073080.8 ], [ 4372470.9, 3073053.2 ], [ 4372503.6, 3073009.5 ], [ 4372512.3, 3072980.5 ], [ 4372501.2, 3072947.6 ], [ 4372448.4, 3072908.8 ], [ 4372476.9, 3072819.3 ], [ 4372505.3, 3072812.0 ], [ 4372602.2, 3072754.6 ], [ 4372622.6, 3072751.2 ], [ 4372646.4, 3072788.8 ], [ 4372633.7, 3072838.3 ], [ 4372640.9, 3072854.3 ], [ 4372657.0, 3072860.2 ], [ 4372648.9, 3072910.4 ], [ 4372655.2, 3072927.4 ], [ 4372716.3, 3072937.4 ], [ 4372734.1, 3072915.7 ], [ 4372765.0, 3072935.6 ], [ 4372786.1, 3072933.4 ], [ 4372810.7, 3072887.0 ], [ 4372808.0, 3072873.2 ], [ 4372787.5, 3072859.6 ], [ 4372778.6, 3072837.5 ], [ 4372799.7, 3072797.5 ], [ 4372841.9, 3072759.8 ], [ 4372858.8, 3072777.2 ], [ 4372879.1, 3072771.2 ], [ 4373041.2, 3072554.4 ], [ 4373042.5, 3072536.5 ], [ 4373013.1, 3072456.5 ], [ 4373136.1, 3072402.4 ], [ 4373193.5, 3072407.5 ], [ 4373243.0, 3072395.1 ], [ 4373267.2, 3072432.0 ], [ 4373316.8, 3072427.9 ], [ 4373330.3, 3072440.7 ], [ 4373345.4, 3072440.3 ], [ 4373384.7, 3072403.5 ], [ 4373462.3, 3072303.4 ], [ 4373555.4, 3072217.4 ], [ 4373568.6, 3072184.7 ], [ 4373557.4, 3072162.9 ], [ 4373537.2, 3072152.2 ], [ 4373442.6, 3072153.8 ], [ 4373347.4, 3072174.1 ], [ 4373138.9, 3072260.2 ], [ 4373098.6, 3072254.3 ], [ 4373073.7, 3072226.2 ], [ 4373072.7, 3072199.1 ], [ 4373089.9, 3072164.3 ], [ 4373207.6, 3072064.6 ], [ 4373274.4, 3071993.4 ], [ 4373311.4, 3071929.9 ], [ 4373335.9, 3071843.2 ], [ 4373338.1, 3071772.8 ], [ 4373328.6, 3071712.6 ], [ 4373226.6, 3071464.3 ], [ 4373207.1, 3071398.9 ], [ 4373193.5, 3071330.2 ], [ 4373187.8, 3071232.3 ], [ 4373208.2, 3071066.9 ], [ 4373334.0, 3070489.2 ], [ 4373338.3, 3070422.2 ], [ 4373328.3, 3070356.2 ], [ 4373288.6, 3070268.3 ], [ 4373222.0, 3070191.0 ], [ 4373194.6, 3070192.3 ], [ 4373189.2, 3070223.9 ], [ 4373167.3, 3070227.6 ], [ 4373153.2, 3070213.2 ], [ 4373130.1, 3070214.3 ], [ 4373113.3, 3070161.5 ], [ 4373118.3, 3070093.6 ], [ 4373110.6, 3070078.8 ], [ 4373040.5, 3070024.9 ], [ 4372905.7, 3070019.1 ], [ 4372892.1, 3069964.8 ], [ 4372797.6, 3069923.8 ], [ 4372750.8, 3069891.9 ], [ 4372717.8, 3069859.4 ], [ 4372674.1, 3069796.9 ], [ 4372506.0, 3069290.0 ], [ 4372356.8, 3068960.5 ], [ 4372340.1, 3068882.9 ], [ 4372292.7, 3068459.0 ], [ 4372259.5, 3068386.6 ], [ 4372125.4, 3068207.2 ], [ 4372086.0, 3068124.0 ], [ 4372078.8, 3068084.6 ], [ 4372075.6, 3067978.4 ], [ 4372087.9, 3067819.2 ], [ 4372114.7, 3067700.2 ], [ 4372154.4, 3067600.4 ], [ 4372162.2, 3067501.0 ], [ 4372157.0, 3067481.4 ], [ 4372232.7, 3067473.8 ], [ 4372279.8, 3067485.8 ], [ 4372422.7, 3067438.0 ], [ 4372555.6, 3067415.3 ], [ 4372634.5, 3067386.4 ], [ 4372710.2, 3067326.8 ], [ 4372750.0, 3067272.0 ], [ 4372774.7, 3067216.9 ], [ 4372804.5, 3067082.5 ], [ 4372825.9, 3066876.1 ], [ 4372825.0, 3066736.5 ], [ 4372817.4, 3066720.6 ], [ 4372710.9, 3066702.0 ], [ 4372695.5, 3066716.3 ], [ 4372581.4, 3066739.7 ], [ 4372551.2, 3066764.0 ], [ 4372488.2, 3066788.1 ], [ 4372470.4, 3066736.9 ], [ 4372446.9, 3066729.0 ], [ 4372434.9, 3066737.6 ], [ 4372398.1, 3066818.4 ], [ 4372376.4, 3066845.6 ], [ 4372139.5, 3066922.0 ], [ 4372129.1, 3066945.7 ], [ 4372129.0, 3067032.6 ], [ 4372165.4, 3067240.8 ], [ 4372105.3, 3067271.6 ], [ 4372095.0, 3067291.0 ], [ 4372100.6, 3067304.9 ], [ 4372113.8, 3067312.0 ], [ 4372182.9, 3067298.7 ], [ 4372195.4, 3067382.1 ], [ 4372164.2, 3067425.2 ], [ 4372146.5, 3067439.1 ], [ 4372128.7, 3067439.0 ], [ 4372102.9, 3067421.3 ], [ 4372082.2, 3067392.5 ], [ 4372042.1, 3067249.1 ], [ 4372025.8, 3067240.5 ], [ 4371953.3, 3067244.0 ], [ 4371939.4, 3067113.3 ], [ 4371980.4, 3067063.1 ], [ 4371990.9, 3067018.8 ], [ 4371974.3, 3067001.7 ], [ 4371923.2, 3067001.7 ], [ 4371921.5, 3066964.3 ], [ 4371894.0, 3066952.2 ], [ 4371895.8, 3066918.2 ], [ 4371922.4, 3066917.3 ], [ 4371935.6, 3066904.9 ], [ 4371944.8, 3066863.9 ], [ 4371940.5, 3066849.8 ], [ 4371955.5, 3066830.6 ], [ 4371950.5, 3066812.5 ], [ 4371937.5, 3066804.9 ], [ 4371919.5, 3066809.8 ], [ 4371911.2, 3066828.1 ], [ 4371915.4, 3066842.0 ], [ 4371906.6, 3066847.9 ], [ 4371801.9, 3066817.4 ], [ 4371736.4, 3066820.4 ], [ 4371707.0, 3066838.8 ], [ 4371666.8, 3066820.4 ], [ 4371605.1, 3066776.7 ], [ 4371498.5, 3066729.9 ], [ 4371571.6, 3066670.4 ], [ 4371654.6, 3066725.1 ], [ 4371674.2, 3066716.9 ], [ 4371683.8, 3066690.0 ], [ 4371715.3, 3066703.2 ], [ 4371733.5, 3066699.5 ], [ 4371742.3, 3066683.2 ], [ 4371736.1, 3066662.8 ], [ 4371685.7, 3066639.0 ], [ 4371694.1, 3066606.3 ], [ 4371725.3, 3066616.3 ], [ 4371742.6, 3066612.1 ], [ 4371771.0, 3066546.7 ], [ 4371773.1, 3066515.3 ], [ 4371796.4, 3066513.5 ], [ 4371828.6, 3066522.3 ], [ 4371892.7, 3066515.0 ], [ 4371856.3, 3066550.0 ], [ 4371818.5, 3066566.8 ], [ 4371782.8, 3066609.1 ], [ 4371783.3, 3066632.5 ], [ 4371881.7, 3066676.4 ], [ 4371888.0, 3066700.4 ], [ 4371922.5, 3066721.5 ], [ 4371939.8, 3066721.3 ], [ 4371990.9, 3066634.0 ], [ 4372031.2, 3066582.0 ], [ 4372052.2, 3066535.3 ], [ 4372137.2, 3066430.8 ], [ 4372152.2, 3066401.9 ], [ 4372150.6, 3066383.3 ], [ 4372087.9, 3066348.2 ], [ 4371998.4, 3066403.3 ], [ 4371967.5, 3066409.7 ], [ 4371882.6, 3066360.8 ], [ 4371845.1, 3066353.9 ], [ 4371845.7, 3066317.8 ], [ 4371826.1, 3066276.6 ], [ 4371817.2, 3066220.6 ], [ 4371799.5, 3066175.6 ], [ 4371785.1, 3066165.1 ], [ 4371680.3, 3066192.6 ], [ 4371667.5, 3066170.6 ], [ 4371647.1, 3066167.1 ], [ 4371614.2, 3066179.2 ], [ 4371592.1, 3066205.2 ], [ 4371554.9, 3066228.4 ], [ 4371544.4, 3066198.9 ], [ 4371529.8, 3066187.6 ], [ 4371449.2, 3066181.9 ], [ 4371404.7, 3066189.6 ], [ 4371381.5, 3066203.4 ], [ 4371361.1, 3066229.6 ], [ 4371345.3, 3066324.1 ], [ 4371329.5, 3066365.6 ], [ 4371292.6, 3066421.2 ], [ 4371109.3, 3066563.4 ], [ 4371039.5, 3066596.3 ], [ 4370985.2, 3066689.6 ], [ 4370989.6, 3066719.8 ], [ 4370972.1, 3066747.1 ], [ 4370973.7, 3066764.6 ], [ 4370989.8, 3066778.3 ], [ 4371007.9, 3066814.6 ], [ 4371054.1, 3066836.0 ], [ 4371079.2, 3066881.2 ], [ 4371098.4, 3066888.3 ], [ 4371166.9, 3066877.4 ], [ 4371177.0, 3066867.0 ], [ 4371188.9, 3066824.2 ], [ 4371241.9, 3066862.7 ], [ 4371252.0, 3066891.8 ], [ 4371243.6, 3066907.0 ], [ 4371251.4, 3066926.1 ], [ 4371246.0, 3066949.7 ], [ 4371254.5, 3066965.7 ], [ 4371363.6, 3067017.2 ], [ 4371414.0, 3067027.0 ], [ 4371379.1, 3067072.4 ], [ 4371382.5, 3067086.1 ], [ 4371395.1, 3067095.5 ], [ 4371398.8, 3067143.8 ], [ 4371327.5, 3067158.4 ], [ 4371321.9, 3067143.4 ], [ 4371303.9, 3067129.6 ], [ 4371280.6, 3067131.8 ], [ 4371264.2, 3067150.3 ], [ 4371254.3, 3067185.2 ], [ 4371263.1, 3067203.4 ], [ 4371293.8, 3067218.8 ], [ 4371274.9, 3067253.8 ], [ 4371235.9, 3067234.8 ], [ 4371219.0, 3067236.3 ], [ 4371201.5, 3067250.0 ], [ 4371153.5, 3067321.9 ], [ 4371090.9, 3067356.3 ], [ 4371034.3, 3067296.8 ], [ 4371025.1, 3067277.3 ], [ 4371023.2, 3067236.1 ], [ 4370965.1, 3067140.8 ], [ 4370904.5, 3067111.0 ], [ 4370906.7, 3067065.4 ], [ 4370885.3, 3067044.8 ], [ 4370808.7, 3066927.5 ], [ 4370809.5, 3066788.7 ], [ 4370774.0, 3066744.2 ], [ 4370713.9, 3066737.1 ], [ 4370661.0, 3066694.0 ], [ 4370603.5, 3066692.5 ], [ 4370583.1, 3066675.0 ], [ 4370546.7, 3066682.9 ], [ 4370517.4, 3066704.9 ], [ 4370444.7, 3066711.8 ], [ 4370338.6, 3066608.5 ], [ 4370283.3, 3066614.1 ], [ 4370222.1, 3066523.8 ], [ 4370151.2, 3066485.5 ], [ 4370133.8, 3066488.0 ], [ 4370061.8, 3066546.6 ], [ 4369993.5, 3066570.5 ], [ 4369872.4, 3066487.4 ], [ 4369903.3, 3066440.3 ], [ 4369891.3, 3066416.7 ], [ 4369899.6, 3066378.8 ], [ 4369880.9, 3066357.3 ], [ 4369863.7, 3066359.6 ], [ 4369802.7, 3066412.9 ], [ 4369788.7, 3066399.1 ], [ 4369768.0, 3066400.6 ], [ 4369747.7, 3066427.4 ], [ 4369733.0, 3066410.6 ], [ 4369694.1, 3066405.5 ], [ 4369625.4, 3066411.0 ], [ 4369575.1, 3066429.1 ], [ 4369727.5, 3066325.3 ], [ 4369735.2, 3066284.8 ], [ 4369711.8, 3066245.6 ], [ 4369666.8, 3066201.4 ], [ 4369579.4, 3066134.0 ], [ 4369559.2, 3066140.8 ], [ 4369541.1, 3066180.0 ], [ 4369541.5, 3066198.2 ], [ 4369558.0, 3066213.2 ], [ 4369532.0, 3066273.7 ], [ 4369497.0, 3066270.3 ], [ 4369482.7, 3066279.8 ], [ 4369421.9, 3066259.3 ], [ 4369401.4, 3066244.3 ], [ 4369418.0, 3066192.6 ], [ 4369443.8, 3066157.3 ], [ 4369465.0, 3066142.5 ], [ 4369489.6, 3066094.6 ], [ 4369490.4, 3066076.4 ], [ 4369477.3, 3066063.8 ], [ 4369487.2, 3066045.3 ], [ 4369520.6, 3066035.9 ], [ 4369542.7, 3066014.2 ], [ 4369584.3, 3066040.1 ], [ 4369649.2, 3066063.2 ], [ 4369693.2, 3066046.2 ], [ 4369818.8, 3066186.3 ], [ 4369849.0, 3066208.3 ], [ 4369847.8, 3066241.4 ], [ 4369864.7, 3066257.7 ], [ 4369881.0, 3066256.5 ], [ 4369958.7, 3066214.2 ], [ 4369968.6, 3066192.3 ], [ 4369962.1, 3066179.7 ], [ 4369843.2, 3066084.8 ], [ 4369703.1, 3065926.4 ], [ 4369644.4, 3065847.8 ], [ 4369556.2, 3065771.4 ], [ 4369458.0, 3065668.9 ], [ 4369426.0, 3065647.2 ], [ 4369331.4, 3065613.4 ], [ 4369229.3, 3065629.3 ], [ 4369190.7, 3065618.1 ], [ 4369074.6, 3065504.9 ], [ 4369025.6, 3065509.5 ], [ 4368959.2, 3065497.5 ], [ 4368968.3, 3065427.3 ], [ 4368957.6, 3065409.2 ], [ 4368804.9, 3065313.8 ], [ 4368687.6, 3065251.7 ], [ 4368594.0, 3065220.6 ], [ 4368548.3, 3065222.1 ], [ 4368330.4, 3065269.9 ], [ 4368286.2, 3065316.0 ], [ 4368266.9, 3065393.9 ], [ 4368248.7, 3065408.9 ], [ 4368231.5, 3065407.3 ], [ 4368192.2, 3065355.0 ], [ 4368144.6, 3065251.3 ], [ 4368043.1, 3065237.2 ], [ 4367960.4, 3065210.8 ], [ 4367899.3, 3065178.8 ], [ 4367848.5, 3065140.3 ], [ 4367767.3, 3065035.8 ], [ 4367721.5, 3064999.3 ], [ 4367615.3, 3064953.7 ], [ 4367496.8, 3064955.0 ], [ 4367325.1, 3064915.0 ], [ 4367155.5, 3064828.0 ], [ 4367111.3, 3064845.7 ], [ 4367099.7, 3064861.6 ], [ 4367085.2, 3064956.1 ], [ 4367102.2, 3065040.7 ], [ 4367098.1, 3065093.5 ], [ 4367084.6, 3065077.2 ], [ 4367064.6, 3064969.7 ], [ 4367072.6, 3064950.2 ], [ 4367078.4, 3064814.8 ], [ 4367065.3, 3064776.5 ], [ 4367015.9, 3064752.5 ], [ 4366989.4, 3064759.5 ], [ 4366967.5, 3064819.6 ], [ 4366879.6, 3064798.0 ], [ 4366766.9, 3064751.1 ], [ 4366691.2, 3064737.2 ], [ 4366545.3, 3064735.5 ], [ 4366409.4, 3064746.5 ], [ 4366265.9, 3064775.1 ], [ 4366237.3, 3064713.0 ], [ 4366216.2, 3064702.3 ], [ 4366167.0, 3064741.8 ], [ 4366156.4, 3064761.1 ], [ 4366162.4, 3064778.4 ], [ 4366185.9, 3064796.1 ], [ 4366206.7, 3064844.8 ], [ 4366198.0, 3064861.2 ], [ 4366202.3, 3064882.0 ], [ 4366102.6, 3064939.9 ], [ 4366080.7, 3064940.5 ], [ 4366048.8, 3064966.2 ], [ 4366014.0, 3065044.2 ], [ 4366019.2, 3065099.3 ], [ 4365858.5, 3065327.4 ], [ 4365846.9, 3065353.7 ], [ 4365799.8, 3065394.8 ], [ 4365723.3, 3065392.7 ], [ 4365714.7, 3065346.7 ], [ 4365699.8, 3065332.8 ], [ 4365645.3, 3065341.7 ], [ 4365702.1, 3065228.6 ], [ 4365701.9, 3065208.5 ], [ 4365761.1, 3065126.0 ], [ 4365785.4, 3065065.8 ], [ 4365827.1, 3065028.2 ], [ 4365833.4, 3065010.8 ], [ 4365823.2, 3064991.8 ], [ 4365805.8, 3064985.5 ], [ 4365707.2, 3065029.5 ], [ 4365635.7, 3065137.8 ], [ 4365589.1, 3065196.8 ], [ 4365554.0, 3065218.7 ], [ 4365536.7, 3065246.6 ], [ 4365529.6, 3065280.5 ], [ 4365536.9, 3065382.4 ], [ 4365527.0, 3065461.3 ], [ 4365508.0, 3065466.0 ], [ 4365452.8, 3065528.4 ], [ 4365440.0, 3065570.3 ], [ 4365442.8, 3065639.9 ], [ 4365435.2, 3065663.1 ], [ 4365402.6, 3065709.1 ], [ 4365381.0, 3065726.3 ], [ 4365291.3, 3065752.7 ], [ 4365270.4, 3065768.7 ], [ 4365240.7, 3065827.5 ], [ 4365227.1, 3065880.8 ], [ 4365230.0, 3065911.0 ], [ 4365246.8, 3065925.2 ], [ 4365307.9, 3065926.9 ], [ 4365403.2, 3065943.3 ], [ 4365420.2, 3065936.6 ], [ 4365434.3, 3065906.2 ], [ 4365425.0, 3065881.3 ], [ 4365440.9, 3065851.1 ], [ 4365435.9, 3065832.0 ], [ 4365451.8, 3065794.7 ], [ 4365490.8, 3065799.7 ], [ 4365511.0, 3065794.1 ], [ 4365521.3, 3065781.2 ], [ 4365521.9, 3065759.6 ], [ 4365498.3, 3065724.7 ], [ 4365518.0, 3065667.5 ], [ 4365539.4, 3065637.7 ], [ 4365538.2, 3065579.0 ], [ 4365603.6, 3065538.6 ], [ 4365590.8, 3065489.3 ], [ 4365660.1, 3065495.0 ], [ 4365708.5, 3065442.5 ], [ 4365761.7, 3065443.7 ], [ 4365798.7, 3065432.9 ], [ 4365844.6, 3065464.4 ], [ 4365881.3, 3065478.4 ], [ 4365942.7, 3065538.4 ], [ 4366095.0, 3065489.9 ], [ 4366170.7, 3065476.6 ], [ 4366203.6, 3065473.0 ], [ 4366202.6, 3065493.6 ], [ 4366141.8, 3065505.7 ], [ 4366026.1, 3065600.9 ], [ 4365989.2, 3065620.6 ], [ 4365962.4, 3065653.7 ], [ 4365902.5, 3065672.3 ], [ 4365880.0, 3065689.1 ], [ 4365876.8, 3065716.4 ], [ 4365929.4, 3065779.9 ], [ 4365919.9, 3065788.7 ], [ 4365854.0, 3065811.7 ], [ 4365836.1, 3065841.3 ], [ 4365820.0, 3065841.8 ], [ 4365803.1, 3065822.6 ], [ 4365808.3, 3065779.8 ], [ 4365783.8, 3065767.8 ], [ 4365747.3, 3065802.5 ], [ 4365708.9, 3065823.2 ], [ 4365668.6, 3065863.7 ], [ 4365640.8, 3065910.8 ], [ 4365641.9, 3065941.2 ], [ 4365655.7, 3065957.3 ], [ 4365710.3, 3065962.0 ], [ 4365705.2, 3066001.4 ], [ 4365721.3, 3066040.9 ], [ 4365687.8, 3066038.3 ], [ 4365671.3, 3065995.2 ], [ 4365658.1, 3065983.4 ], [ 4365632.6, 3065979.3 ], [ 4365615.4, 3065992.0 ], [ 4365585.6, 3065970.8 ], [ 4365561.4, 3065986.9 ], [ 4365549.5, 3066007.1 ], [ 4365556.1, 3066037.5 ], [ 4365603.9, 3066113.9 ], [ 4365650.6, 3066166.3 ], [ 4365668.6, 3066217.1 ], [ 4365622.8, 3066188.6 ], [ 4365576.9, 3066181.3 ], [ 4365482.5, 3066135.4 ], [ 4365453.3, 3066110.1 ], [ 4365407.9, 3066111.3 ], [ 4365341.2, 3066133.2 ], [ 4365315.8, 3066115.7 ], [ 4365301.7, 3066090.2 ], [ 4365280.2, 3066001.9 ], [ 4365260.5, 3065990.1 ], [ 4365240.6, 3065996.9 ], [ 4365228.9, 3066049.9 ], [ 4365241.1, 3066125.8 ], [ 4365201.4, 3066154.8 ], [ 4365167.7, 3066163.4 ], [ 4365078.4, 3066251.8 ], [ 4365040.7, 3066339.0 ], [ 4364958.6, 3066385.0 ], [ 4364903.4, 3066501.0 ], [ 4364858.3, 3066534.7 ], [ 4364796.1, 3066637.7 ], [ 4364740.4, 3066671.0 ], [ 4364712.8, 3066700.1 ], [ 4364687.0, 3066796.3 ], [ 4364680.5, 3066868.9 ], [ 4364720.5, 3066928.8 ], [ 4364705.6, 3066946.5 ], [ 4364675.8, 3066953.4 ], [ 4364649.9, 3066974.1 ], [ 4364539.8, 3067081.1 ], [ 4364539.9, 3067099.6 ], [ 4364554.0, 3067111.5 ], [ 4364607.0, 3067100.8 ], [ 4364654.0, 3067076.7 ], [ 4364701.2, 3067027.0 ], [ 4364730.9, 3067013.6 ], [ 4364757.6, 3067029.2 ], [ 4364788.8, 3067103.9 ], [ 4364804.1, 3067117.2 ], [ 4364901.0, 3067095.7 ], [ 4364986.5, 3067109.1 ], [ 4365004.0, 3067123.4 ], [ 4364999.9, 3067140.9 ], [ 4364956.3, 3067175.3 ], [ 4364942.3, 3067203.2 ], [ 4364940.5, 3067260.8 ], [ 4364923.6, 3067300.7 ], [ 4364932.3, 3067316.3 ], [ 4364959.4, 3067322.9 ], [ 4364963.9, 3067330.3 ], [ 4364936.7, 3067405.6 ], [ 4364918.3, 3067432.1 ], [ 4364918.5, 3067446.5 ], [ 4364930.9, 3067459.3 ], [ 4365134.4, 3067546.7 ], [ 4365149.6, 3067575.2 ], [ 4365141.5, 3067607.6 ], [ 4365136.9, 3067613.7 ], [ 4365063.0, 3067586.4 ], [ 4364881.9, 3067504.2 ], [ 4364860.9, 3067509.1 ], [ 4364827.9, 3067488.6 ], [ 4364761.0, 3067468.5 ], [ 4364654.8, 3067464.8 ], [ 4364525.0, 3067493.5 ], [ 4364440.6, 3067563.5 ], [ 4364425.8, 3067610.7 ], [ 4364378.1, 3067605.2 ], [ 4364270.6, 3067636.7 ], [ 4364229.2, 3067668.1 ], [ 4364203.3, 3067719.3 ], [ 4364178.8, 3067659.8 ], [ 4364167.4, 3067650.6 ], [ 4364063.4, 3067682.1 ], [ 4364052.4, 3067704.3 ], [ 4364072.2, 3067839.0 ], [ 4364094.6, 3067922.0 ], [ 4364143.7, 3068022.3 ], [ 4364143.9, 3068083.1 ], [ 4364168.1, 3068163.1 ], [ 4364189.3, 3068188.0 ], [ 4364181.9, 3068210.0 ], [ 4364162.7, 3068188.8 ], [ 4364110.5, 3068085.2 ], [ 4364092.4, 3068081.9 ], [ 4364046.1, 3068107.4 ], [ 4364019.9, 3068113.0 ], [ 4363985.8, 3068049.0 ], [ 4364027.4, 3068021.7 ], [ 4364028.9, 3067996.6 ], [ 4363961.1, 3067949.4 ], [ 4363956.7, 3067919.5 ], [ 4363932.0, 3067892.3 ], [ 4363913.7, 3067891.0 ], [ 4363890.8, 3067908.6 ], [ 4363852.1, 3067830.7 ], [ 4363842.7, 3067779.8 ], [ 4363850.9, 3067742.1 ], [ 4363899.8, 3067705.9 ], [ 4363910.4, 3067653.8 ], [ 4363906.3, 3067611.4 ], [ 4363928.3, 3067593.0 ], [ 4363916.8, 3067543.7 ], [ 4363900.8, 3067520.7 ], [ 4363873.6, 3067521.1 ], [ 4363848.5, 3067560.6 ], [ 4363791.3, 3067569.4 ], [ 4363789.6, 3067521.7 ], [ 4363760.6, 3067510.1 ], [ 4363720.4, 3067551.9 ], [ 4363657.9, 3067564.8 ], [ 4363630.5, 3067582.6 ], [ 4363595.5, 3067584.0 ], [ 4363566.8, 3067568.1 ], [ 4363530.9, 3067572.5 ], [ 4363521.0, 3067553.2 ], [ 4363491.7, 3067536.2 ], [ 4363481.8, 3067508.2 ], [ 4363465.2, 3067497.2 ], [ 4363443.5, 3067500.8 ], [ 4363433.0, 3067520.2 ], [ 4363399.9, 3067520.0 ], [ 4363358.2, 3067603.3 ], [ 4363356.4, 3067638.0 ], [ 4363344.0, 3067665.5 ], [ 4363345.7, 3067703.5 ], [ 4363370.5, 3067716.0 ], [ 4363374.6, 3067746.1 ], [ 4363364.0, 3067804.3 ], [ 4363343.3, 3067868.0 ], [ 4363300.1, 3067930.7 ], [ 4363304.6, 3067955.6 ], [ 4363346.6, 3068012.3 ], [ 4363295.2, 3068085.5 ], [ 4363231.9, 3068151.7 ], [ 4363185.1, 3068225.7 ], [ 4363167.5, 3068269.4 ], [ 4363167.1, 3068392.5 ], [ 4363190.6, 3068408.8 ], [ 4363215.6, 3068477.7 ], [ 4363229.5, 3068572.6 ], [ 4363314.2, 3068734.6 ], [ 4363220.4, 3068602.0 ], [ 4363161.1, 3068462.5 ], [ 4363156.2, 3068410.6 ], [ 4363107.5, 3068309.0 ], [ 4363117.0, 3068280.5 ], [ 4363100.0, 3068144.0 ], [ 4363107.7, 3068081.4 ], [ 4363125.7, 3068026.8 ], [ 4363097.1, 3067913.2 ], [ 4363119.1, 3067857.2 ], [ 4363142.7, 3067857.3 ], [ 4363156.6, 3067833.3 ], [ 4363177.7, 3067824.5 ], [ 4363187.3, 3067781.4 ], [ 4363214.9, 3067767.0 ], [ 4363237.5, 3067730.3 ], [ 4363238.4, 3067712.0 ], [ 4363206.1, 3067629.2 ], [ 4363153.6, 3067619.9 ], [ 4363053.1, 3067532.9 ], [ 4363025.5, 3067523.2 ], [ 4362937.3, 3067453.4 ], [ 4362860.6, 3067380.3 ], [ 4362856.4, 3067327.1 ], [ 4362828.9, 3067310.5 ], [ 4362355.6, 3067282.6 ], [ 4362333.7, 3067298.2 ], [ 4362335.8, 3067315.7 ], [ 4362365.4, 3067345.6 ], [ 4362383.4, 3067413.2 ], [ 4362404.2, 3067425.7 ], [ 4362568.2, 3067476.4 ], [ 4362609.6, 3067558.3 ], [ 4362693.0, 3067663.0 ], [ 4362696.5, 3067684.0 ], [ 4362687.1, 3067698.0 ], [ 4362600.1, 3067702.3 ], [ 4362570.8, 3067694.6 ], [ 4362533.6, 3067712.7 ], [ 4362528.0, 3067732.8 ], [ 4362538.1, 3067756.9 ], [ 4362584.1, 3067814.9 ], [ 4362661.7, 3067850.6 ], [ 4362664.7, 3067876.1 ], [ 4362692.5, 3067912.7 ], [ 4362703.8, 3067996.1 ], [ 4362718.0, 3068006.1 ], [ 4362771.9, 3068010.1 ], [ 4362778.7, 3068062.5 ], [ 4362763.1, 3068127.3 ], [ 4362749.3, 3068149.2 ], [ 4362749.7, 3068166.5 ], [ 4362718.1, 3068197.8 ], [ 4362691.2, 3068203.1 ], [ 4362634.6, 3068303.6 ], [ 4362631.1, 3068323.3 ], [ 4362646.4, 3068340.8 ], [ 4362637.7, 3068352.7 ], [ 4362639.0, 3068369.9 ], [ 4362588.2, 3068427.4 ], [ 4362584.9, 3068455.4 ], [ 4362597.9, 3068471.3 ], [ 4362581.6, 3068496.6 ], [ 4362539.4, 3068610.3 ], [ 4362507.6, 3068657.2 ], [ 4362497.1, 3068647.4 ], [ 4362555.3, 3068505.6 ], [ 4362570.0, 3068423.4 ], [ 4362624.1, 3068308.2 ], [ 4362633.8, 3068230.3 ], [ 4362614.0, 3068169.4 ], [ 4362544.5, 3068070.9 ], [ 4362470.7, 3068047.6 ], [ 4362419.3, 3068057.3 ], [ 4362351.8, 3068054.4 ], [ 4362304.1, 3068074.1 ], [ 4362233.2, 3068017.8 ], [ 4362228.3, 3067990.8 ], [ 4362289.2, 3067910.5 ], [ 4362317.5, 3067841.3 ], [ 4362336.4, 3067816.8 ], [ 4362328.7, 3067782.6 ], [ 4362292.4, 3067770.7 ], [ 4362286.9, 3067745.7 ], [ 4362250.5, 3067706.1 ], [ 4362265.1, 3067642.9 ], [ 4362249.8, 3067591.2 ], [ 4362222.2, 3067568.8 ], [ 4362186.5, 3067574.3 ], [ 4362166.5, 3067591.8 ], [ 4362152.2, 3067642.6 ], [ 4362121.2, 3067635.6 ], [ 4362060.9, 3067567.1 ], [ 4362039.5, 3067568.0 ], [ 4361961.4, 3067540.5 ], [ 4361923.2, 3067487.7 ], [ 4361901.3, 3067428.0 ], [ 4361885.1, 3067411.6 ], [ 4361845.9, 3067396.9 ], [ 4361822.7, 3067359.1 ], [ 4361831.9, 3067353.7 ], [ 4361914.9, 3067358.9 ], [ 4361944.9, 3067394.3 ], [ 4361987.7, 3067421.5 ], [ 4362043.7, 3067508.5 ], [ 4362102.5, 3067511.6 ], [ 4362112.7, 3067521.0 ], [ 4362130.0, 3067521.4 ], [ 4362175.8, 3067483.7 ], [ 4362180.7, 3067466.1 ], [ 4362128.3, 3067367.8 ], [ 4362132.4, 3067333.1 ], [ 4362112.4, 3067279.4 ], [ 4362098.7, 3067267.9 ], [ 4361843.6, 3067241.3 ], [ 4361828.8, 3067257.1 ], [ 4361828.8, 3067286.9 ], [ 4361801.1, 3067310.3 ], [ 4361794.7, 3067341.7 ], [ 4361806.1, 3067357.5 ], [ 4361774.9, 3067375.9 ], [ 4361762.6, 3067373.1 ], [ 4361744.5, 3067344.3 ], [ 4361747.3, 3067293.9 ], [ 4361778.5, 3067254.0 ], [ 4361776.0, 3067239.3 ], [ 4361761.1, 3067228.4 ], [ 4361657.5, 3067214.9 ], [ 4361637.4, 3067221.1 ], [ 4361592.2, 3067203.0 ], [ 4361511.5, 3067196.3 ], [ 4361496.4, 3067208.1 ], [ 4361500.6, 3067235.9 ], [ 4361484.6, 3067257.8 ], [ 4361490.2, 3067275.5 ], [ 4361509.9, 3067282.5 ], [ 4361492.8, 3067302.8 ], [ 4361458.3, 3067284.3 ], [ 4361433.0, 3067284.6 ], [ 4361438.2, 3067230.7 ], [ 4361418.7, 3067198.1 ], [ 4361385.7, 3067174.3 ], [ 4361288.3, 3067169.3 ], [ 4361130.1, 3067144.9 ], [ 4361089.5, 3067152.4 ], [ 4361013.0, 3067125.5 ], [ 4360791.8, 3067097.0 ], [ 4360780.1, 3067105.1 ], [ 4360773.3, 3067125.4 ], [ 4360779.4, 3067165.0 ], [ 4360771.6, 3067261.2 ], [ 4360740.3, 3067452.7 ], [ 4360754.0, 3067532.8 ], [ 4360744.3, 3067552.4 ], [ 4360766.5, 3067616.7 ], [ 4360768.1, 3067646.8 ], [ 4360759.4, 3067673.7 ], [ 4360727.9, 3067709.4 ], [ 4360741.5, 3067673.2 ], [ 4360738.7, 3067630.1 ], [ 4360675.8, 3067500.6 ], [ 4360662.0, 3067410.6 ], [ 4360692.2, 3067407.5 ], [ 4360698.1, 3067378.3 ], [ 4360682.7, 3067361.0 ], [ 4360649.2, 3067365.0 ], [ 4360644.3, 3067330.6 ], [ 4360646.2, 3067306.9 ], [ 4360661.8, 3067284.8 ], [ 4360655.9, 3067201.9 ], [ 4360671.8, 3067183.0 ], [ 4360671.2, 3067149.3 ], [ 4360660.4, 3067109.2 ], [ 4360630.6, 3067078.8 ], [ 4360607.9, 3067072.5 ], [ 4360564.2, 3067095.7 ], [ 4360546.7, 3067117.8 ], [ 4360521.8, 3067122.5 ], [ 4360507.7, 3067153.8 ], [ 4360519.5, 3067178.4 ], [ 4360493.3, 3067185.6 ], [ 4360400.9, 3067199.6 ], [ 4360327.8, 3067194.6 ], [ 4360283.0, 3067204.9 ], [ 4359996.4, 3067225.1 ], [ 4359952.7, 3067238.4 ], [ 4359923.6, 3067231.9 ], [ 4359909.1, 3067239.8 ], [ 4359881.7, 3067277.3 ], [ 4359810.2, 3067307.9 ], [ 4359731.7, 3067263.1 ], [ 4359710.7, 3067263.1 ], [ 4359699.8, 3067277.0 ], [ 4359675.8, 3067396.1 ], [ 4359609.0, 3067366.6 ], [ 4359590.9, 3067369.1 ], [ 4359310.3, 3067617.8 ], [ 4359229.1, 3067700.8 ], [ 4359196.3, 3067690.5 ], [ 4359164.8, 3067725.3 ], [ 4359138.4, 3067725.0 ], [ 4359124.9, 3067753.1 ], [ 4359081.1, 3067772.9 ], [ 4359010.7, 3067850.4 ], [ 4358954.4, 3067830.6 ], [ 4358938.8, 3067840.5 ], [ 4358937.7, 3067862.3 ], [ 4358882.1, 3067893.7 ], [ 4358871.4, 3067895.2 ], [ 4358844.3, 3067871.9 ], [ 4358812.2, 3067864.0 ], [ 4358733.8, 3067891.0 ], [ 4358693.6, 3067939.8 ], [ 4358655.9, 3067964.4 ], [ 4358645.2, 3068041.0 ], [ 4358650.6, 3068054.8 ], [ 4358669.3, 3068064.4 ], [ 4358705.4, 3068061.0 ], [ 4358758.9, 3068109.4 ], [ 4358732.6, 3068163.6 ], [ 4358737.9, 3068183.4 ], [ 4358716.3, 3068193.8 ], [ 4358659.1, 3068198.2 ], [ 4358616.2, 3068222.3 ], [ 4358548.3, 3068280.0 ], [ 4358543.5, 3068309.0 ], [ 4358507.0, 3068332.6 ], [ 4358432.4, 3068412.2 ], [ 4358431.5, 3068430.7 ], [ 4358359.1, 3068556.1 ], [ 4358360.0, 3068574.2 ], [ 4358371.8, 3068585.4 ], [ 4358363.0, 3068606.4 ], [ 4358262.6, 3068751.3 ], [ 4358218.7, 3068844.0 ], [ 4358205.8, 3068900.2 ], [ 4358213.4, 3068944.1 ], [ 4358226.9, 3068966.0 ], [ 4358217.7, 3068983.5 ], [ 4358219.4, 3069027.8 ], [ 4358205.9, 3069075.3 ], [ 4358170.2, 3069109.5 ], [ 4358165.9, 3069130.2 ], [ 4358181.0, 3069147.6 ], [ 4358194.9, 3069151.2 ], [ 4358273.1, 3069127.0 ], [ 4358286.2, 3069103.7 ], [ 4358270.2, 3069076.9 ], [ 4358308.6, 3069023.5 ], [ 4358374.5, 3068957.0 ], [ 4358411.8, 3068933.5 ], [ 4358441.2, 3068927.9 ], [ 4358454.5, 3068915.2 ], [ 4358675.0, 3068891.8 ], [ 4358776.6, 3068912.7 ], [ 4358847.3, 3068954.2 ], [ 4358727.3, 3068928.5 ], [ 4358689.3, 3068949.2 ], [ 4358555.2, 3068973.1 ], [ 4358547.5, 3068956.4 ], [ 4358534.5, 3068950.1 ], [ 4358495.8, 3068962.9 ], [ 4358385.8, 3069040.7 ], [ 4358369.3, 3069064.7 ], [ 4358336.8, 3069156.7 ], [ 4358316.2, 3069186.7 ], [ 4358299.6, 3069162.5 ], [ 4358278.3, 3069162.2 ], [ 4358251.8, 3069198.2 ], [ 4358171.4, 3069237.5 ], [ 4358159.7, 3069268.6 ], [ 4358138.8, 3069285.6 ], [ 4358135.1, 3069299.9 ], [ 4358099.9, 3069315.3 ], [ 4358070.7, 3069313.4 ], [ 4358023.7, 3069346.0 ], [ 4358023.9, 3069337.5 ], [ 4358070.1, 3069286.1 ], [ 4358122.3, 3069257.2 ], [ 4358135.8, 3069237.0 ], [ 4358137.4, 3069203.9 ], [ 4358150.2, 3069177.6 ], [ 4358141.2, 3069152.4 ], [ 4358145.9, 3069128.0 ], [ 4358123.9, 3069113.2 ], [ 4358093.3, 3069112.2 ], [ 4358025.8, 3069148.5 ], [ 4357993.7, 3069188.4 ], [ 4357978.6, 3069223.4 ], [ 4357988.4, 3069257.2 ], [ 4357938.8, 3069298.4 ], [ 4357931.0, 3069322.1 ], [ 4357889.5, 3069343.5 ], [ 4357854.5, 3069338.4 ], [ 4357822.5, 3069347.5 ], [ 4357810.9, 3069364.0 ], [ 4357816.0, 3069395.6 ], [ 4357786.0, 3069405.1 ], [ 4357774.5, 3069419.4 ], [ 4357734.8, 3069431.3 ], [ 4357709.1, 3069426.2 ], [ 4357633.0, 3069474.8 ], [ 4357628.5, 3069501.6 ], [ 4357648.7, 3069531.7 ], [ 4357799.9, 3069589.2 ], [ 4357812.9, 3069610.9 ], [ 4357891.0, 3069655.6 ], [ 4357944.8, 3069702.1 ], [ 4357933.3, 3069721.3 ], [ 4357891.0, 3069702.0 ], [ 4357854.8, 3069666.9 ], [ 4357760.5, 3069620.8 ], [ 4357680.1, 3069608.9 ], [ 4357665.5, 3069619.8 ], [ 4357659.4, 3069640.8 ], [ 4357638.7, 3069644.0 ], [ 4357592.0, 3069565.2 ], [ 4357572.2, 3069556.5 ], [ 4357509.0, 3069564.0 ], [ 4357463.1, 3069583.3 ], [ 4357386.3, 3069666.8 ], [ 4357319.2, 3069708.8 ], [ 4357275.8, 3069760.1 ], [ 4357274.0, 3069778.4 ], [ 4357286.7, 3069791.7 ], [ 4357336.6, 3069802.5 ], [ 4357335.4, 3069818.6 ], [ 4357345.8, 3069832.3 ], [ 4357411.5, 3069844.2 ], [ 4357427.1, 3069836.6 ], [ 4357455.3, 3069786.0 ], [ 4357497.1, 3069747.1 ], [ 4357540.1, 3069755.0 ], [ 4357569.2, 3069734.4 ], [ 4357610.6, 3069733.0 ], [ 4357635.4, 3069737.3 ], [ 4357652.9, 3069753.9 ], [ 4357650.5, 3069800.5 ], [ 4357624.2, 3069842.6 ], [ 4357623.2, 3069856.9 ], [ 4357637.5, 3069875.5 ], [ 4357699.6, 3069907.5 ], [ 4357597.9, 3070073.4 ], [ 4357598.1, 3070104.4 ], [ 4357561.4, 3070183.7 ], [ 4357542.7, 3070249.8 ], [ 4357573.9, 3070315.1 ], [ 4357640.2, 3070329.0 ], [ 4357660.9, 3070341.7 ], [ 4357671.0, 3070368.0 ], [ 4357693.3, 3070378.2 ], [ 4357801.1, 3070346.1 ], [ 4357805.7, 3070325.8 ], [ 4357786.3, 3070273.1 ], [ 4357953.4, 3070197.2 ], [ 4358027.3, 3070155.0 ], [ 4358032.7, 3070138.0 ], [ 4358019.2, 3070010.6 ], [ 4358069.3, 3070009.5 ], [ 4358073.1, 3070024.0 ], [ 4358087.3, 3070033.7 ], [ 4358145.9, 3070027.6 ], [ 4358160.8, 3070019.0 ], [ 4358165.2, 3070002.1 ], [ 4358195.6, 3070010.4 ], [ 4358208.8, 3070006.4 ], [ 4358223.7, 3069974.8 ], [ 4358354.8, 3070089.8 ], [ 4358313.9, 3070093.7 ], [ 4358282.2, 3070112.3 ], [ 4358267.2, 3070167.6 ], [ 4358270.1, 3070195.8 ], [ 4358284.5, 3070205.1 ], [ 4358329.0, 3070197.0 ], [ 4358397.0, 3070209.4 ], [ 4358417.6, 3070191.3 ], [ 4358418.6, 3070117.5 ], [ 4358439.5, 3070122.9 ], [ 4358542.4, 3070194.5 ], [ 4358656.7, 3070150.9 ], [ 4358676.2, 3070117.4 ], [ 4358673.6, 3070099.1 ], [ 4358657.9, 3070089.2 ], [ 4358623.0, 3070092.6 ], [ 4358587.1, 3070114.0 ], [ 4358528.6, 3070089.1 ], [ 4358496.8, 3070065.7 ], [ 4358461.2, 3070009.5 ], [ 4358455.7, 3069980.6 ], [ 4358554.4, 3070070.1 ], [ 4358613.6, 3070076.2 ], [ 4358665.0, 3070058.8 ], [ 4358693.7, 3070068.8 ], [ 4358710.2, 3070085.5 ], [ 4358756.6, 3070086.1 ], [ 4358775.0, 3070068.2 ], [ 4358770.6, 3070050.7 ], [ 4358787.6, 3069935.7 ], [ 4358842.9, 3069992.4 ], [ 4358932.3, 3070031.1 ], [ 4358986.7, 3070091.3 ], [ 4359017.8, 3070104.2 ], [ 4359030.7, 3070097.3 ], [ 4359036.4, 3070080.2 ], [ 4358997.2, 3069924.2 ], [ 4359012.6, 3069918.1 ], [ 4359078.4, 3069955.7 ], [ 4359053.4, 3070020.1 ], [ 4359061.5, 3070032.4 ], [ 4359107.1, 3070056.4 ], [ 4359132.1, 3070053.0 ], [ 4359164.0, 3069994.7 ], [ 4359207.2, 3070016.7 ], [ 4359292.3, 3070042.8 ], [ 4359379.2, 3070138.4 ], [ 4359412.0, 3070135.8 ], [ 4359447.7, 3070110.7 ], [ 4359488.0, 3070143.6 ], [ 4359450.6, 3070177.2 ], [ 4359449.9, 3070197.7 ], [ 4359464.6, 3070211.6 ], [ 4359436.6, 3070242.1 ], [ 4359429.0, 3070272.7 ], [ 4359383.8, 3070307.3 ], [ 4359381.1, 3070328.3 ], [ 4359414.8, 3070362.9 ], [ 4359436.6, 3070402.2 ], [ 4359453.8, 3070404.1 ], [ 4359484.0, 3070391.7 ], [ 4359497.8, 3070375.7 ], [ 4359526.1, 3070439.7 ], [ 4359605.6, 3070440.9 ], [ 4359609.5, 3070507.2 ], [ 4359553.8, 3070513.1 ], [ 4359540.7, 3070533.4 ], [ 4359546.1, 3070563.0 ], [ 4359559.2, 3070576.1 ], [ 4359618.3, 3070568.8 ], [ 4359617.3, 3070690.1 ], [ 4359624.2, 3070729.8 ], [ 4359710.1, 3070775.6 ], [ 4359802.5, 3070789.7 ], [ 4359807.1, 3070812.9 ], [ 4359827.8, 3070821.0 ], [ 4359819.7, 3070850.3 ], [ 4359792.7, 3070891.5 ], [ 4359710.4, 3070965.2 ], [ 4359670.5, 3070990.9 ], [ 4359664.5, 3070894.6 ], [ 4359648.9, 3070850.7 ], [ 4359630.3, 3070823.8 ], [ 4359568.7, 3070780.0 ], [ 4359592.2, 3070764.8 ], [ 4359593.3, 3070737.1 ], [ 4359564.5, 3070686.7 ], [ 4359543.5, 3070671.9 ], [ 4359513.2, 3070626.9 ], [ 4359470.7, 3070554.4 ], [ 4359388.8, 3070492.2 ], [ 4359285.9, 3070484.3 ], [ 4359213.7, 3070498.4 ], [ 4359186.6, 3070495.2 ], [ 4359148.8, 3070485.2 ], [ 4359053.9, 3070432.2 ], [ 4359029.7, 3070334.6 ], [ 4359032.6, 3070296.1 ], [ 4359001.9, 3070226.2 ], [ 4358911.2, 3070203.8 ], [ 4358794.1, 3070217.4 ], [ 4358707.7, 3070240.3 ], [ 4358640.8, 3070233.7 ], [ 4358569.5, 3070215.3 ], [ 4358510.7, 3070216.1 ], [ 4358474.8, 3070204.7 ], [ 4358457.7, 3070216.9 ], [ 4358441.7, 3070267.3 ], [ 4358496.5, 3070327.6 ], [ 4358425.1, 3070380.6 ], [ 4358400.4, 3070391.0 ], [ 4358278.3, 3070311.2 ], [ 4358249.9, 3070315.9 ], [ 4358244.4, 3070333.2 ], [ 4358263.8, 3070410.6 ], [ 4358267.2, 3070456.6 ], [ 4358287.8, 3070495.5 ], [ 4358339.2, 3070537.6 ], [ 4358416.1, 3070501.7 ], [ 4358503.4, 3070632.8 ], [ 4358535.2, 3070665.3 ], [ 4358558.2, 3070665.5 ], [ 4358625.6, 3070746.6 ], [ 4358658.9, 3070821.4 ], [ 4358676.8, 3070824.3 ], [ 4358722.2, 3070803.3 ], [ 4358733.9, 3070776.1 ], [ 4358812.1, 3070814.7 ], [ 4358820.8, 3070877.0 ], [ 4358770.5, 3070896.1 ], [ 4358728.9, 3070922.3 ], [ 4358721.7, 3070935.0 ], [ 4358760.7, 3071083.1 ], [ 4358745.4, 3071112.2 ], [ 4358765.2, 3071177.5 ], [ 4358687.5, 3071169.3 ], [ 4358635.2, 3071133.8 ], [ 4358617.8, 3071138.3 ], [ 4358610.0, 3071150.5 ], [ 4358550.4, 3071118.4 ], [ 4358560.8, 3071075.3 ], [ 4358558.3, 3071019.1 ], [ 4358519.2, 3070875.9 ], [ 4358500.1, 3070865.2 ], [ 4358447.9, 3070880.3 ], [ 4358436.0, 3070817.4 ], [ 4358354.0, 3070809.9 ], [ 4358370.9, 3070774.8 ], [ 4358370.5, 3070753.2 ], [ 4358360.6, 3070739.2 ], [ 4358369.4, 3070716.0 ], [ 4358331.1, 3070672.9 ], [ 4358337.8, 3070635.6 ], [ 4358303.9, 3070562.8 ], [ 4358222.7, 3070457.0 ], [ 4358222.1, 3070394.6 ], [ 4358170.4, 3070337.2 ], [ 4358107.9, 3070322.7 ], [ 4358088.9, 3070324.6 ], [ 4358077.8, 3070334.3 ], [ 4358076.3, 3070352.6 ], [ 4358092.2, 3070373.7 ], [ 4358015.4, 3070434.2 ], [ 4358014.8, 3070463.8 ], [ 4357988.0, 3070462.5 ], [ 4357957.1, 3070481.5 ], [ 4357875.6, 3070479.6 ], [ 4357801.0, 3070502.9 ], [ 4357783.7, 3070517.3 ], [ 4357703.8, 3070551.4 ], [ 4357696.6, 3070563.3 ], [ 4357699.7, 3070580.7 ], [ 4357676.7, 3070629.8 ], [ 4357615.8, 3070651.8 ], [ 4357618.5, 3070678.3 ], [ 4357673.2, 3070720.5 ], [ 4357754.4, 3070748.6 ], [ 4357793.6, 3070748.9 ], [ 4357819.4, 3070784.4 ], [ 4357847.5, 3070782.8 ], [ 4357858.7, 3070798.5 ], [ 4357812.4, 3070834.6 ], [ 4357800.2, 3070823.5 ], [ 4357786.4, 3070822.7 ], [ 4357757.7, 3070852.5 ], [ 4357726.4, 3070868.5 ], [ 4357688.6, 3070870.2 ], [ 4357646.5, 3070884.3 ], [ 4357634.4, 3070929.1 ], [ 4357661.9, 3070967.6 ], [ 4357613.5, 3070997.6 ], [ 4357543.9, 3070956.3 ], [ 4357461.1, 3071009.5 ], [ 4357442.6, 3070998.4 ], [ 4357417.9, 3071001.6 ], [ 4357343.9, 3071074.9 ], [ 4357346.6, 3071106.4 ], [ 4357337.6, 3071132.5 ], [ 4357322.6, 3071146.7 ], [ 4357274.7, 3071154.7 ], [ 4357264.5, 3071176.5 ], [ 4357319.9, 3071249.4 ], [ 4357378.4, 3071291.3 ], [ 4357398.3, 3071284.2 ], [ 4357425.2, 3071241.5 ], [ 4357538.3, 3071262.2 ], [ 4357551.3, 3071254.9 ], [ 4357569.0, 3071226.1 ], [ 4357707.8, 3071271.4 ], [ 4357633.5, 3071345.5 ], [ 4357627.1, 3071362.5 ], [ 4357638.9, 3071380.5 ], [ 4357769.5, 3071422.3 ], [ 4357739.0, 3071486.1 ], [ 4357743.2, 3071506.4 ], [ 4357816.8, 3071550.4 ], [ 4357873.9, 3071527.6 ], [ 4357920.0, 3071522.0 ], [ 4357925.0, 3071540.1 ], [ 4357824.3, 3071573.7 ], [ 4357773.1, 3071618.7 ], [ 4357758.8, 3071624.1 ], [ 4357713.3, 3071602.9 ], [ 4357659.4, 3071627.2 ], [ 4357647.4, 3071646.2 ], [ 4357597.8, 3071685.7 ], [ 4357517.3, 3071728.0 ], [ 4357508.7, 3071748.1 ], [ 4357519.6, 3071769.4 ], [ 4357536.7, 3071776.8 ], [ 4357555.8, 3071803.0 ], [ 4357595.8, 3071831.6 ], [ 4357651.9, 3071842.3 ], [ 4357716.8, 3071920.3 ], [ 4357738.0, 3071990.1 ], [ 4357810.5, 3072112.9 ], [ 4357831.2, 3072121.7 ], [ 4357839.8, 3072152.2 ], [ 4357905.0, 3072174.5 ], [ 4357977.3, 3072177.0 ], [ 4358067.8, 3072254.2 ], [ 4358084.1, 3072247.8 ], [ 4358119.9, 3072194.1 ], [ 4358116.5, 3072156.1 ], [ 4358182.6, 3072057.5 ], [ 4358211.8, 3072026.2 ], [ 4358337.6, 3071952.9 ], [ 4358480.1, 3071829.3 ], [ 4358526.4, 3071804.9 ], [ 4358583.2, 3071748.6 ], [ 4358581.6, 3071721.5 ], [ 4358620.5, 3071663.7 ], [ 4358662.1, 3071660.9 ], [ 4358740.5, 3071597.4 ], [ 4359068.7, 3071431.3 ], [ 4359139.2, 3071452.1 ], [ 4359211.1, 3071457.7 ], [ 4359218.6, 3071488.8 ], [ 4359232.6, 3071499.2 ], [ 4359383.3, 3071510.2 ], [ 4359419.8, 3071523.6 ], [ 4359429.3, 3071541.1 ], [ 4359410.5, 3071580.2 ], [ 4359410.0, 3071636.3 ], [ 4359460.5, 3071707.1 ], [ 4359500.3, 3071751.8 ], [ 4359606.4, 3071826.0 ], [ 4359681.0, 3071891.7 ], [ 4359720.2, 3071901.5 ], [ 4359767.8, 3071888.2 ], [ 4359855.7, 3071881.5 ], [ 4360113.3, 3071777.2 ], [ 4360155.3, 3071765.0 ], [ 4360230.7, 3071760.2 ], [ 4360280.5, 3071697.7 ], [ 4360284.5, 3071679.9 ], [ 4360276.8, 3071667.0 ], [ 4360230.8, 3071650.2 ], [ 4360199.0, 3071608.5 ], [ 4360053.2, 3071505.1 ], [ 4360060.3, 3071481.4 ], [ 4360023.1, 3071427.9 ], [ 4360018.8, 3071391.3 ], [ 4360047.3, 3071368.3 ], [ 4360183.8, 3071286.7 ], [ 4360269.3, 3071294.3 ], [ 4360278.5, 3071318.9 ], [ 4360295.0, 3071327.5 ], [ 4360424.4, 3071309.0 ], [ 4360525.6, 3071260.0 ], [ 4360555.5, 3071275.7 ], [ 4360564.0, 3071382.6 ], [ 4360556.6, 3071493.9 ], [ 4360515.1, 3071528.7 ], [ 4360504.7, 3071547.9 ], [ 4360452.2, 3071559.3 ], [ 4360432.2, 3071609.2 ], [ 4360402.4, 3071651.7 ], [ 4360394.7, 3071723.4 ], [ 4360363.4, 3071725.3 ], [ 4360312.5, 3071767.2 ], [ 4360263.1, 3071775.1 ], [ 4360222.8, 3071809.0 ], [ 4360077.3, 3071863.1 ], [ 4359959.7, 3071936.5 ], [ 4359841.1, 3071994.8 ], [ 4359805.0, 3072000.7 ], [ 4359771.1, 3072042.6 ], [ 4359788.6, 3072086.5 ], [ 4359787.7, 3072129.7 ], [ 4359821.1, 3072206.8 ], [ 4359901.1, 3072273.7 ], [ 4359979.3, 3072296.2 ], [ 4360055.9, 3072299.1 ], [ 4360004.5, 3072364.9 ], [ 4359998.3, 3072406.6 ], [ 4360007.7, 3072444.6 ], [ 4360081.5, 3072541.5 ], [ 4360164.0, 3072606.9 ], [ 4360224.7, 3072631.2 ], [ 4360299.8, 3072631.2 ], [ 4360297.3, 3072642.9 ], [ 4360257.7, 3072665.4 ], [ 4360167.5, 3072641.7 ], [ 4360137.9, 3072653.6 ], [ 4360083.0, 3072605.2 ], [ 4360054.4, 3072556.9 ], [ 4359929.3, 3072445.3 ], [ 4359864.0, 3072336.2 ], [ 4359751.6, 3072213.7 ], [ 4359754.0, 3072112.0 ], [ 4359738.7, 3072062.1 ], [ 4359721.2, 3072049.1 ], [ 4359691.7, 3072048.2 ], [ 4359649.5, 3072027.8 ], [ 4359568.3, 3071942.6 ], [ 4359548.9, 3071901.9 ], [ 4359497.5, 3071857.1 ], [ 4359451.0, 3071795.9 ], [ 4359438.4, 3071749.3 ], [ 4359369.6, 3071668.1 ], [ 4359269.5, 3071597.8 ], [ 4359250.5, 3071576.9 ], [ 4359202.0, 3071558.2 ], [ 4359096.8, 3071564.2 ], [ 4359000.5, 3071636.9 ], [ 4358952.3, 3071655.2 ], [ 4358869.2, 3071702.2 ], [ 4358828.4, 3071737.6 ], [ 4358800.9, 3071774.8 ], [ 4358698.7, 3071819.1 ], [ 4358660.3, 3071812.8 ], [ 4358630.8, 3071841.0 ], [ 4358612.0, 3071829.1 ], [ 4358594.7, 3071831.2 ], [ 4358492.8, 3071945.1 ], [ 4358422.3, 3071997.7 ], [ 4358383.4, 3072017.1 ], [ 4358305.4, 3072015.8 ], [ 4358251.4, 3072053.2 ], [ 4358191.2, 3072108.0 ], [ 4358127.6, 3072200.3 ], [ 4358196.8, 3072318.7 ], [ 4358217.5, 3072360.1 ], [ 4358223.1, 3072394.0 ], [ 4358264.4, 3072462.8 ], [ 4358335.4, 3072507.0 ], [ 4358436.0, 3072551.6 ], [ 4358487.0, 3072554.0 ], [ 4358613.7, 3072605.4 ], [ 4358742.6, 3072599.4 ], [ 4358801.3, 3072585.7 ], [ 4358841.1, 3072561.4 ], [ 4358839.5, 3072489.1 ], [ 4358852.4, 3072476.0 ], [ 4358856.4, 3072449.7 ], [ 4358843.4, 3072410.0 ], [ 4358816.2, 3072395.2 ], [ 4358813.0, 3072338.4 ], [ 4358874.8, 3072366.3 ], [ 4358888.8, 3072459.6 ], [ 4358893.5, 3072567.7 ], [ 4359010.7, 3072607.1 ], [ 4359027.2, 3072599.2 ], [ 4359035.1, 3072577.4 ], [ 4359030.7, 3072542.4 ], [ 4359011.5, 3072510.7 ], [ 4359109.0, 3072477.8 ], [ 4359146.2, 3072446.5 ], [ 4359173.6, 3072453.9 ], [ 4359190.6, 3072440.6 ], [ 4359189.9, 3072422.3 ], [ 4359171.6, 3072396.9 ], [ 4359196.1, 3072389.6 ], [ 4359201.9, 3072368.5 ], [ 4359157.7, 3072279.3 ], [ 4359169.5, 3072271.0 ], [ 4359208.6, 3072274.0 ], [ 4359221.7, 3072291.3 ], [ 4359243.0, 3072293.8 ], [ 4359282.6, 3072243.0 ], [ 4359317.9, 3072241.5 ], [ 4359354.0, 3072249.5 ], [ 4359428.4, 3072305.9 ], [ 4359428.3, 3072341.8 ], [ 4359461.8, 3072392.7 ], [ 4359391.8, 3072407.7 ], [ 4359365.8, 3072385.3 ], [ 4359338.5, 3072386.1 ], [ 4359270.7, 3072459.6 ], [ 4359249.4, 3072604.1 ], [ 4359254.7, 3072661.2 ], [ 4359386.3, 3072772.9 ], [ 4359473.0, 3072928.3 ], [ 4359499.6, 3073015.5 ], [ 4359564.4, 3073153.3 ], [ 4359588.8, 3073166.8 ], [ 4359685.7, 3073169.9 ], [ 4359731.1, 3073261.4 ], [ 4359832.5, 3073418.9 ], [ 4359872.4, 3073515.9 ], [ 4359945.8, 3073594.2 ], [ 4359998.1, 3073669.5 ], [ 4360087.9, 3073743.6 ], [ 4360162.4, 3073787.5 ], [ 4360198.0, 3073797.0 ], [ 4360263.7, 3073793.2 ], [ 4360207.3, 3073843.7 ], [ 4360187.7, 3073885.0 ], [ 4360213.5, 3073975.2 ], [ 4360268.0, 3074096.4 ], [ 4360281.5, 3074108.4 ], [ 4360307.2, 3074098.4 ], [ 4360326.2, 3074013.3 ], [ 4360361.5, 3073946.9 ], [ 4360452.6, 3073850.3 ], [ 4360572.2, 3073673.3 ], [ 4360710.2, 3073525.5 ], [ 4360798.7, 3073387.0 ], [ 4360851.5, 3073335.2 ], [ 4360913.3, 3073310.9 ], [ 4360973.4, 3073299.6 ], [ 4361101.6, 3073296.6 ], [ 4361116.6, 3073281.5 ], [ 4361118.7, 3073227.4 ], [ 4361273.0, 3073209.9 ], [ 4361298.6, 3073213.6 ], [ 4361416.4, 3073179.0 ], [ 4361429.2, 3073154.9 ], [ 4361442.8, 3073150.4 ], [ 4361477.5, 3073156.2 ], [ 4361505.1, 3073129.9 ], [ 4361527.8, 3073134.4 ], [ 4361553.3, 3073117.6 ], [ 4361639.9, 3073022.4 ], [ 4361665.4, 3073057.0 ], [ 4361688.5, 3073061.7 ], [ 4361675.8, 3073087.0 ], [ 4361647.4, 3073124.3 ], [ 4361616.3, 3073148.5 ], [ 4361536.5, 3073194.6 ], [ 4361401.0, 3073251.7 ], [ 4361387.8, 3073268.6 ], [ 4361334.8, 3073248.9 ], [ 4361303.2, 3073245.5 ], [ 4361193.0, 3073265.3 ], [ 4361178.8, 3073281.0 ], [ 4361182.1, 3073298.5 ], [ 4361193.7, 3073307.0 ], [ 4361373.1, 3073350.4 ], [ 4361463.4, 3073365.5 ], [ 4361524.3, 3073359.0 ], [ 4361561.7, 3073343.0 ], [ 4361608.5, 3073306.8 ], [ 4361761.0, 3073125.3 ], [ 4361833.0, 3073062.9 ], [ 4361921.6, 3073020.7 ], [ 4362045.3, 3073000.0 ], [ 4362172.1, 3072961.1 ], [ 4362225.3, 3072966.0 ], [ 4362254.3, 3072987.9 ], [ 4362284.9, 3073031.3 ], [ 4362297.3, 3073076.4 ], [ 4362329.0, 3073346.9 ], [ 4362341.3, 3073377.0 ], [ 4362363.5, 3073398.2 ], [ 4362548.7, 3073431.1 ], [ 4362585.9, 3073455.5 ], [ 4362635.3, 3073527.9 ], [ 4362659.9, 3073546.8 ], [ 4362893.6, 3073577.9 ], [ 4363028.9, 3073621.4 ], [ 4363116.9, 3073673.9 ], [ 4363147.2, 3073706.4 ], [ 4363172.4, 3073760.2 ], [ 4363195.2, 3073782.5 ], [ 4363261.1, 3073788.3 ], [ 4363324.4, 3073763.6 ], [ 4363362.6, 3073758.9 ], [ 4363402.3, 3073783.2 ], [ 4363474.9, 3073847.4 ], [ 4363527.2, 3073861.7 ], [ 4363768.7, 3073966.7 ], [ 4363790.6, 3073982.4 ], [ 4363813.8, 3074011.3 ], [ 4363830.7, 3074053.6 ], [ 4363882.2, 3074365.8 ], [ 4363871.4, 3074450.2 ], [ 4363874.4, 3074468.6 ], [ 4363885.1, 3074479.1 ], [ 4363909.9, 3074474.6 ], [ 4364095.5, 3074287.7 ], [ 4364138.7, 3074314.2 ], [ 4364140.0, 3074353.9 ], [ 4364179.5, 3074387.7 ], [ 4364196.9, 3074385.6 ], [ 4364208.6, 3074373.5 ], [ 4364250.7, 3074409.5 ], [ 4364305.3, 3074432.4 ], [ 4364371.0, 3074400.8 ], [ 4364418.5, 3074440.3 ], [ 4364438.1, 3074433.7 ], [ 4364444.3, 3074416.6 ], [ 4364425.4, 3074368.8 ], [ 4364398.5, 3074362.4 ], [ 4364342.6, 3074270.0 ], [ 4364262.6, 3074186.8 ], [ 4364238.3, 3074176.5 ], [ 4364205.0, 3074124.3 ], [ 4364161.3, 3074106.2 ], [ 4364153.8, 3074092.1 ], [ 4364108.6, 3074057.2 ], [ 4364024.0, 3073960.0 ], [ 4364015.3, 3073940.3 ], [ 4363969.2, 3073894.9 ], [ 4363916.0, 3073811.2 ], [ 4363872.8, 3073770.5 ], [ 4363920.9, 3073780.1 ], [ 4363951.7, 3073803.7 ], [ 4363981.1, 3073857.5 ], [ 4364009.8, 3073885.8 ], [ 4364101.7, 3074012.8 ], [ 4364164.6, 3074069.2 ], [ 4364235.0, 3074111.1 ], [ 4364343.3, 3074207.8 ], [ 4364381.1, 3074253.7 ], [ 4364379.0, 3074288.0 ], [ 4364385.4, 3074300.7 ], [ 4364426.2, 3074306.0 ], [ 4364465.2, 3074325.2 ], [ 4364611.7, 3074526.2 ], [ 4364687.6, 3074598.1 ], [ 4364705.3, 3074597.6 ], [ 4364716.9, 3074584.3 ], [ 4364713.3, 3074492.7 ], [ 4364753.6, 3074383.0 ], [ 4364759.9, 3074310.2 ], [ 4364831.4, 3074216.4 ], [ 4364841.0, 3074168.9 ], [ 4364865.5, 3074170.7 ], [ 4364862.0, 3074205.3 ], [ 4364841.1, 3074258.6 ], [ 4364797.4, 3074311.4 ], [ 4364804.3, 3074356.7 ], [ 4364769.0, 3074492.0 ], [ 4364775.2, 3074576.9 ], [ 4364791.1, 3074657.0 ], [ 4364836.5, 3074747.9 ], [ 4364851.3, 3074808.8 ], [ 4364865.4, 3074824.2 ], [ 4364866.1, 3074852.9 ], [ 4364911.4, 3074970.6 ], [ 4364916.7, 3075014.1 ], [ 4364927.8, 3075137.2 ], [ 4364907.5, 3075173.6 ], [ 4364916.0, 3075225.4 ], [ 4364914.0, 3075278.3 ], [ 4364887.9, 3075284.0 ], [ 4364878.2, 3075297.9 ], [ 4364871.0, 3075463.0 ], [ 4364876.3, 3075476.4 ], [ 4364892.5, 3075484.0 ], [ 4364953.8, 3075480.7 ], [ 4364972.7, 3075399.6 ], [ 4365278.4, 3075452.6 ], [ 4365429.9, 3075486.9 ], [ 4365436.0, 3075598.8 ], [ 4365420.8, 3075611.0 ], [ 4365411.1, 3075649.6 ], [ 4365418.9, 3075665.1 ], [ 4365437.1, 3075670.7 ], [ 4365420.6, 3075695.6 ], [ 4365422.7, 3075717.4 ], [ 4365412.3, 3075734.2 ], [ 4365337.1, 3075804.0 ], [ 4365369.5, 3075911.1 ], [ 4365347.2, 3075919.1 ], [ 4365343.0, 3075943.0 ], [ 4365521.7, 3076133.4 ], [ 4365508.3, 3076153.4 ], [ 4365515.3, 3076172.6 ], [ 4365726.1, 3076299.4 ], [ 4365788.5, 3076285.3 ], [ 4365815.1, 3076270.4 ], [ 4365862.6, 3076300.4 ], [ 4365837.1, 3076333.9 ], [ 4365838.4, 3076347.7 ], [ 4365851.0, 3076359.5 ], [ 4365884.8, 3076369.4 ], [ 4365985.3, 3076339.3 ], [ 4366082.5, 3076227.1 ], [ 4366090.5, 3076205.6 ], [ 4366118.8, 3076180.8 ], [ 4366150.4, 3076133.6 ], [ 4366284.2, 3076067.3 ], [ 4366300.9, 3076041.5 ], [ 4366347.5, 3076037.2 ], [ 4366339.4, 3076066.5 ], [ 4366318.9, 3076094.7 ], [ 4366270.7, 3076110.1 ], [ 4366172.3, 3076164.1 ], [ 4366105.1, 3076235.2 ], [ 4366033.7, 3076332.8 ], [ 4365993.3, 3076356.5 ], [ 4365918.9, 3076368.3 ], [ 4365905.7, 3076390.7 ], [ 4365881.6, 3076390.9 ], [ 4365862.3, 3076413.9 ], [ 4365821.3, 3076440.6 ], [ 4365799.4, 3076461.9 ], [ 4365773.6, 3076515.1 ], [ 4365795.1, 3076559.6 ], [ 4365895.5, 3076585.8 ], [ 4365945.7, 3076607.6 ], [ 4366044.5, 3076601.9 ], [ 4366071.5, 3076591.9 ], [ 4366140.9, 3076556.0 ], [ 4366182.5, 3076497.7 ], [ 4366244.3, 3076526.0 ], [ 4366247.9, 3076536.6 ], [ 4366244.6, 3076553.8 ], [ 4366182.4, 3076604.8 ], [ 4366177.1, 3076627.1 ], [ 4366187.7, 3076654.2 ], [ 4366181.0, 3076673.5 ], [ 4366144.4, 3076683.7 ], [ 4366100.4, 3076657.7 ], [ 4366072.6, 3076654.2 ], [ 4366041.1, 3076659.0 ], [ 4366017.3, 3076678.9 ], [ 4365983.0, 3076654.4 ], [ 4365956.5, 3076646.3 ], [ 4365940.1, 3076652.5 ], [ 4365927.6, 3076671.2 ], [ 4365929.9, 3076688.8 ], [ 4365955.3, 3076712.5 ], [ 4365928.4, 3076725.9 ], [ 4365921.6, 3076746.7 ], [ 4365957.1, 3076811.0 ], [ 4365947.4, 3076827.7 ], [ 4365940.8, 3076886.6 ], [ 4365925.6, 3076936.8 ], [ 4365900.7, 3076976.5 ], [ 4365895.8, 3077016.8 ], [ 4365960.7, 3077060.7 ], [ 4365994.0, 3077073.1 ], [ 4365986.2, 3077102.1 ], [ 4365995.6, 3077118.5 ], [ 4366108.2, 3077151.5 ], [ 4366083.8, 3077190.8 ], [ 4366038.7, 3077328.5 ], [ 4366008.0, 3077364.3 ], [ 4365965.5, 3077381.8 ], [ 4365769.7, 3077295.4 ], [ 4365739.2, 3077288.1 ], [ 4365708.2, 3077296.0 ], [ 4365686.9, 3077287.2 ], [ 4365662.9, 3077274.3 ], [ 4365653.0, 3077244.5 ], [ 4365636.0, 3077231.2 ], [ 4365677.8, 3077148.2 ], [ 4365678.8, 3077130.7 ], [ 4365647.6, 3077110.1 ], [ 4365630.0, 3077110.4 ], [ 4365570.1, 3077200.3 ], [ 4365537.7, 3077190.2 ], [ 4365519.2, 3077204.9 ], [ 4365550.9, 3077424.9 ], [ 4365483.6, 3077481.5 ], [ 4365405.4, 3077512.1 ], [ 4365349.6, 3077436.5 ], [ 4365323.3, 3077334.7 ], [ 4365302.4, 3077322.5 ], [ 4365243.8, 3077367.7 ], [ 4365225.4, 3077355.4 ], [ 4365207.6, 3077359.4 ], [ 4365078.7, 3077493.9 ], [ 4365077.2, 3077517.2 ], [ 4365102.3, 3077542.3 ], [ 4365137.0, 3077606.9 ], [ 4365137.7, 3077629.8 ], [ 4365156.3, 3077657.4 ], [ 4365151.4, 3077693.8 ], [ 4365206.1, 3077733.9 ], [ 4365258.6, 3077808.4 ], [ 4365305.9, 3077834.1 ], [ 4365319.8, 3077859.8 ], [ 4365317.1, 3077891.9 ], [ 4365288.3, 3077906.1 ], [ 4365289.0, 3077930.9 ], [ 4365484.0, 3078191.8 ], [ 4365541.9, 3078281.0 ], [ 4365675.2, 3078436.9 ], [ 4365784.7, 3078519.0 ], [ 4365916.2, 3078594.3 ], [ 4366035.7, 3078676.8 ], [ 4366115.0, 3078744.5 ], [ 4366132.2, 3078745.4 ], [ 4366220.2, 3078713.2 ], [ 4366220.4, 3078746.5 ], [ 4366188.4, 3078799.1 ], [ 4366189.7, 3078816.6 ], [ 4366290.5, 3078915.0 ], [ 4366317.8, 3078963.5 ], [ 4366344.6, 3078977.7 ], [ 4366409.5, 3079040.8 ], [ 4366457.1, 3079101.1 ], [ 4366479.4, 3079142.8 ], [ 4366523.5, 3079196.2 ], [ 4366546.9, 3079250.5 ], [ 4366635.3, 3079385.9 ], [ 4366697.9, 3079534.7 ], [ 4366766.9, 3079615.4 ], [ 4366836.8, 3079650.6 ], [ 4366917.4, 3079658.7 ], [ 4366924.0, 3079682.0 ], [ 4366935.1, 3079690.9 ], [ 4366985.9, 3079700.7 ], [ 4367202.4, 3079790.3 ], [ 4367270.1, 3079809.9 ], [ 4367284.8, 3079789.7 ], [ 4367277.4, 3079742.7 ], [ 4367310.9, 3079675.0 ], [ 4367293.7, 3079496.7 ] ], [ [ 4367617.1, 3079073.7 ], [ 4367635.7, 3079069.1 ], [ 4367651.7, 3079088.0 ], [ 4367651.9, 3079120.3 ], [ 4367643.0, 3079142.6 ], [ 4367600.8, 3079203.1 ], [ 4367599.4, 3079222.9 ], [ 4367583.5, 3079252.6 ], [ 4367540.6, 3079301.7 ], [ 4367519.6, 3079347.4 ], [ 4367456.8, 3079410.4 ], [ 4367418.7, 3079375.3 ], [ 4367464.9, 3079326.8 ], [ 4367514.7, 3079256.5 ], [ 4367617.1, 3079073.7 ] ], [ [ 4368338.9, 3078195.9 ], [ 4368378.6, 3078140.9 ], [ 4368398.0, 3078136.8 ], [ 4368408.5, 3078121.5 ], [ 4368406.5, 3078201.7 ], [ 4368338.9, 3078195.9 ] ], [ [ 4365636.7, 3078079.5 ], [ 4365614.0, 3077950.9 ], [ 4365636.3, 3077954.7 ], [ 4365686.1, 3077941.6 ], [ 4365763.6, 3078068.0 ], [ 4365691.7, 3078096.3 ], [ 4365650.8, 3078094.4 ], [ 4365636.7, 3078079.5 ] ], [ [ 4366471.8, 3077980.6 ], [ 4366475.8, 3077931.1 ], [ 4366514.1, 3077927.9 ], [ 4366516.8, 3077981.5 ], [ 4366471.8, 3077980.6 ] ], [ [ 4369104.7, 3077732.2 ], [ 4369095.7, 3077714.4 ], [ 4369061.6, 3077696.9 ], [ 4369009.3, 3077714.9 ], [ 4368988.8, 3077729.6 ], [ 4368980.9, 3077747.0 ], [ 4368964.6, 3077754.7 ], [ 4368944.7, 3077751.4 ], [ 4368905.3, 3077713.3 ], [ 4368880.4, 3077702.4 ], [ 4368847.0, 3077701.0 ], [ 4368806.4, 3077719.0 ], [ 4368785.2, 3077717.2 ], [ 4368733.9, 3077670.7 ], [ 4368607.5, 3077590.2 ], [ 4368523.8, 3077559.3 ], [ 4368476.6, 3077531.8 ], [ 4368475.6, 3077515.6 ], [ 4368511.1, 3077464.1 ], [ 4368510.8, 3077429.6 ], [ 4368468.4, 3077370.9 ], [ 4368327.3, 3077242.7 ], [ 4368309.2, 3077211.7 ], [ 4368366.0, 3077187.9 ], [ 4368443.2, 3077134.3 ], [ 4368468.7, 3077070.5 ], [ 4368513.5, 3077026.7 ], [ 4368595.4, 3076965.7 ], [ 4368616.3, 3077007.9 ], [ 4368629.0, 3077105.0 ], [ 4368664.1, 3077200.2 ], [ 4368730.6, 3077328.3 ], [ 4368812.8, 3077456.1 ], [ 4368840.5, 3077476.0 ], [ 4369049.6, 3077572.2 ], [ 4369135.8, 3077647.5 ], [ 4369250.0, 3077672.5 ], [ 4369265.8, 3077715.7 ], [ 4369239.1, 3077748.1 ], [ 4369192.5, 3077749.7 ], [ 4369146.3, 3077763.2 ], [ 4369087.3, 3077802.6 ], [ 4369066.8, 3077793.3 ], [ 4369058.9, 3077768.7 ], [ 4369097.3, 3077752.1 ], [ 4369104.7, 3077732.2 ] ], [ [ 4369349.4, 3077520.8 ], [ 4369383.3, 3077518.9 ], [ 4369408.6, 3077528.4 ], [ 4369412.6, 3077563.8 ], [ 4369340.2, 3077546.1 ], [ 4369349.4, 3077520.8 ] ], [ [ 4370498.3, 3077428.7 ], [ 4370463.4, 3077428.2 ], [ 4370455.5, 3077405.6 ], [ 4370459.9, 3077395.4 ], [ 4370484.4, 3077387.4 ], [ 4370510.3, 3077413.4 ], [ 4370544.6, 3077409.7 ], [ 4370563.7, 3077423.3 ], [ 4370551.2, 3077452.1 ], [ 4370514.9, 3077444.4 ], [ 4370498.3, 3077428.7 ] ], [ [ 4370413.6, 3077383.0 ], [ 4370372.2, 3077394.8 ], [ 4370344.6, 3077383.8 ], [ 4370292.9, 3077396.0 ], [ 4370228.9, 3077384.4 ], [ 4370217.3, 3077374.5 ], [ 4370208.2, 3077256.4 ], [ 4370302.0, 3077283.0 ], [ 4370356.9, 3077332.7 ], [ 4370408.8, 3077349.2 ], [ 4370413.6, 3077383.0 ] ], [ [ 4367359.7, 3077033.0 ], [ 4367427.6, 3077037.2 ], [ 4367441.1, 3077070.5 ], [ 4367475.0, 3077091.0 ], [ 4367491.7, 3077116.8 ], [ 4367486.5, 3077158.7 ], [ 4367493.1, 3077200.3 ], [ 4367462.0, 3077195.0 ], [ 4367390.6, 3077221.3 ], [ 4367365.5, 3077244.0 ], [ 4367311.0, 3077327.7 ], [ 4367288.2, 3077331.3 ], [ 4367281.3, 3077328.1 ], [ 4367296.7, 3077279.0 ], [ 4367300.7, 3077232.6 ], [ 4367313.5, 3077215.2 ], [ 4367302.2, 3077192.4 ], [ 4367317.0, 3077167.5 ], [ 4367313.2, 3077148.7 ], [ 4367301.0, 3077137.8 ], [ 4367313.3, 3077071.0 ], [ 4367341.0, 3077001.8 ], [ 4367359.7, 3077033.0 ] ], [ [ 4369151.9, 3076691.0 ], [ 4369188.1, 3076651.7 ], [ 4369253.6, 3076595.4 ], [ 4369280.1, 3076639.4 ], [ 4369199.2, 3076725.6 ], [ 4369151.9, 3076691.0 ] ], [ [ 4369782.4, 3076626.5 ], [ 4369777.2, 3076593.7 ], [ 4369804.8, 3076591.8 ], [ 4369803.6, 3076617.2 ], [ 4369782.4, 3076626.5 ] ], [ [ 4367977.8, 3076593.2 ], [ 4367944.0, 3076606.0 ], [ 4367882.2, 3076542.1 ], [ 4367863.6, 3076496.6 ], [ 4367926.9, 3076472.6 ], [ 4367931.2, 3076487.3 ], [ 4367943.3, 3076495.4 ], [ 4367990.3, 3076486.4 ], [ 4368021.5, 3076559.6 ], [ 4367977.8, 3076593.2 ] ], [ [ 4371933.4, 3076369.6 ], [ 4371853.0, 3076363.7 ], [ 4371860.8, 3076306.5 ], [ 4371927.5, 3076302.8 ], [ 4371952.9, 3076280.3 ], [ 4372012.7, 3076279.5 ], [ 4372019.1, 3076319.6 ], [ 4371989.0, 3076326.9 ], [ 4371978.2, 3076347.1 ], [ 4371933.4, 3076369.6 ] ], [ [ 4367845.2, 3076044.8 ], [ 4367870.8, 3076057.1 ], [ 4367880.4, 3076086.6 ], [ 4367875.8, 3076110.9 ], [ 4367847.6, 3076150.5 ], [ 4367854.5, 3076173.4 ], [ 4367851.0, 3076207.5 ], [ 4367840.9, 3076258.5 ], [ 4367833.2, 3076264.9 ], [ 4367821.8, 3076259.5 ], [ 4367808.6, 3076235.4 ], [ 4367816.0, 3076201.1 ], [ 4367810.1, 3076168.7 ], [ 4367813.8, 3076125.4 ], [ 4367830.3, 3076099.2 ], [ 4367845.2, 3076044.8 ] ], [ [ 4369810.5, 3076046.4 ], [ 4369946.4, 3075967.2 ], [ 4369959.9, 3075985.2 ], [ 4369961.6, 3076000.1 ], [ 4369897.4, 3076039.1 ], [ 4369828.5, 3076068.2 ], [ 4369796.8, 3076068.4 ], [ 4369810.5, 3076046.4 ] ], [ [ 4369849.4, 3075958.4 ], [ 4369836.2, 3075949.8 ], [ 4369849.5, 3075929.7 ], [ 4369863.8, 3075939.2 ], [ 4369849.4, 3075958.4 ] ], [ [ 4367943.3, 3075954.9 ], [ 4367895.9, 3075906.3 ], [ 4367907.4, 3075803.1 ], [ 4367896.0, 3075712.0 ], [ 4367858.0, 3075694.6 ], [ 4367832.4, 3075713.8 ], [ 4367811.7, 3075709.9 ], [ 4367792.9, 3075698.4 ], [ 4367770.6, 3075656.6 ], [ 4367753.0, 3075653.8 ], [ 4367739.6, 3075662.7 ], [ 4367716.4, 3075555.0 ], [ 4367739.0, 3075497.1 ], [ 4367835.3, 3075503.2 ], [ 4367847.8, 3075518.4 ], [ 4367929.4, 3075537.9 ], [ 4367947.8, 3075528.5 ], [ 4367951.3, 3075505.3 ], [ 4367962.9, 3075508.3 ], [ 4367975.0, 3075530.4 ], [ 4367950.5, 3075600.0 ], [ 4367940.2, 3075662.9 ], [ 4367927.1, 3075674.1 ], [ 4367922.8, 3075701.6 ], [ 4367940.7, 3075738.9 ], [ 4367930.8, 3075797.7 ], [ 4367950.6, 3075813.0 ], [ 4367971.9, 3075799.9 ], [ 4367992.0, 3075823.9 ], [ 4367996.8, 3075886.5 ], [ 4367979.0, 3075901.1 ], [ 4367960.7, 3075951.1 ], [ 4367943.3, 3075954.9 ] ], [ [ 4365692.1, 3075517.9 ], [ 4365613.4, 3075583.4 ], [ 4365584.5, 3075579.6 ], [ 4365610.4, 3075553.9 ], [ 4365691.0, 3075408.7 ], [ 4365711.4, 3075262.1 ], [ 4365745.5, 3075179.5 ], [ 4365753.9, 3075028.2 ], [ 4365813.5, 3074899.8 ], [ 4365803.9, 3074808.3 ], [ 4365837.9, 3074684.8 ], [ 4365825.3, 3074617.6 ], [ 4365828.6, 3074505.8 ], [ 4365859.0, 3074430.0 ], [ 4365908.5, 3074351.7 ], [ 4365967.3, 3074288.0 ], [ 4366056.3, 3074243.1 ], [ 4366136.6, 3074190.5 ], [ 4366146.3, 3074179.5 ], [ 4366149.8, 3074155.6 ], [ 4366189.7, 3074131.9 ], [ 4366233.5, 3074076.1 ], [ 4366266.7, 3074059.4 ], [ 4366296.4, 3073988.0 ], [ 4366325.9, 3073940.6 ], [ 4366376.3, 3073922.0 ], [ 4366392.6, 3073879.9 ], [ 4366447.4, 3073871.7 ], [ 4366453.3, 3073895.4 ], [ 4366473.1, 3073901.6 ], [ 4366491.2, 3073889.9 ], [ 4366503.9, 3073861.4 ], [ 4366500.3, 3073832.9 ], [ 4366516.2, 3073787.2 ], [ 4366504.4, 3073768.0 ], [ 4366552.2, 3073682.6 ], [ 4366559.9, 3073645.4 ], [ 4366519.6, 3073502.7 ], [ 4366491.1, 3073466.1 ], [ 4366452.4, 3073436.2 ], [ 4366449.0, 3073416.0 ], [ 4366420.5, 3073372.9 ], [ 4366457.2, 3073372.3 ], [ 4366490.6, 3073361.9 ], [ 4366501.9, 3073349.0 ], [ 4366496.4, 3073257.3 ], [ 4366479.8, 3073216.2 ], [ 4366494.8, 3073162.9 ], [ 4366485.3, 3073139.3 ], [ 4366465.5, 3073127.7 ], [ 4366446.1, 3073091.5 ], [ 4366445.5, 3073068.9 ], [ 4366429.3, 3073055.5 ], [ 4366429.9, 3073021.7 ], [ 4366410.3, 3073011.0 ], [ 4366375.0, 3072966.4 ], [ 4366293.7, 3072726.5 ], [ 4366286.4, 3072687.2 ], [ 4366309.1, 3072535.1 ], [ 4366306.7, 3072489.8 ], [ 4366326.0, 3072434.9 ], [ 4366356.6, 3072389.0 ], [ 4366439.0, 3072344.2 ], [ 4366479.0, 3072295.7 ], [ 4366511.5, 3072233.0 ], [ 4366510.2, 3072206.4 ], [ 4366487.1, 3072163.8 ], [ 4366495.4, 3072040.8 ], [ 4366506.5, 3071964.7 ], [ 4366528.4, 3071949.4 ], [ 4366536.7, 3071931.9 ], [ 4366537.2, 3071874.4 ], [ 4366549.4, 3071825.7 ], [ 4366590.6, 3071780.2 ], [ 4366615.6, 3071716.6 ], [ 4366732.6, 3071518.6 ], [ 4366765.5, 3071492.9 ], [ 4366856.7, 3071444.3 ], [ 4366867.8, 3071427.6 ], [ 4366940.3, 3071383.2 ], [ 4366954.3, 3071352.8 ], [ 4366968.4, 3071341.0 ], [ 4366979.8, 3071350.7 ], [ 4366930.2, 3071429.1 ], [ 4366785.0, 3071560.9 ], [ 4366758.2, 3071617.8 ], [ 4366753.6, 3071652.6 ], [ 4366725.0, 3071728.3 ], [ 4366728.6, 3071753.3 ], [ 4366705.6, 3071789.6 ], [ 4366709.2, 3071825.5 ], [ 4366701.3, 3071875.8 ], [ 4366707.3, 3071898.3 ], [ 4366692.2, 3071915.3 ], [ 4366654.5, 3072000.2 ], [ 4366636.0, 3072062.0 ], [ 4366632.7, 3072109.4 ], [ 4366650.9, 3072241.1 ], [ 4366634.0, 3072265.9 ], [ 4366580.9, 3072411.2 ], [ 4366512.3, 3072513.2 ], [ 4366493.4, 3072643.0 ], [ 4366498.4, 3072683.5 ], [ 4366571.9, 3072861.0 ], [ 4366617.3, 3072925.9 ], [ 4366655.5, 3072948.3 ], [ 4366684.6, 3072982.1 ], [ 4366766.9, 3072980.7 ], [ 4366791.8, 3072960.7 ], [ 4366877.0, 3072925.6 ], [ 4366961.4, 3072872.3 ], [ 4367088.4, 3072770.6 ], [ 4367121.1, 3072728.0 ], [ 4367154.9, 3072603.0 ], [ 4367165.9, 3072592.6 ], [ 4367175.4, 3072599.3 ], [ 4367158.0, 3072671.5 ], [ 4367157.4, 3072745.9 ], [ 4367183.3, 3072784.0 ], [ 4367127.1, 3072812.8 ], [ 4367064.9, 3072878.9 ], [ 4367045.8, 3072910.5 ], [ 4366917.6, 3073025.6 ], [ 4366900.8, 3073058.1 ], [ 4366846.9, 3073074.3 ], [ 4366811.9, 3073098.5 ], [ 4366708.3, 3073122.3 ], [ 4366685.5, 3073142.0 ], [ 4366701.6, 3073201.2 ], [ 4366733.5, 3073251.9 ], [ 4366717.7, 3073266.8 ], [ 4366711.2, 3073290.7 ], [ 4366720.4, 3073325.7 ], [ 4366738.2, 3073348.3 ], [ 4366733.0, 3073371.1 ], [ 4366769.1, 3073411.1 ], [ 4366772.3, 3073489.4 ], [ 4366796.2, 3073514.7 ], [ 4366810.9, 3073588.0 ], [ 4366829.4, 3073618.1 ], [ 4366900.7, 3073690.6 ], [ 4366950.0, 3073693.6 ], [ 4367034.6, 3073665.1 ], [ 4367062.2, 3073700.1 ], [ 4367043.4, 3073727.7 ], [ 4367024.1, 3073739.9 ], [ 4367021.7, 3073775.5 ], [ 4366987.7, 3073827.2 ], [ 4366894.2, 3073867.7 ], [ 4366782.6, 3073867.5 ], [ 4366724.3, 3073909.6 ], [ 4366721.9, 3073939.1 ], [ 4366736.6, 3073957.4 ], [ 4366817.0, 3073971.9 ], [ 4366870.0, 3074001.1 ], [ 4366887.7, 3073995.3 ], [ 4366895.3, 3073974.9 ], [ 4366922.2, 3073973.8 ], [ 4366946.9, 3073947.8 ], [ 4366975.9, 3073963.7 ], [ 4367000.7, 3073994.5 ], [ 4367047.0, 3074009.9 ], [ 4367082.1, 3074007.3 ], [ 4367198.4, 3073970.1 ], [ 4367290.9, 3073953.5 ], [ 4367339.2, 3073954.2 ], [ 4367431.0, 3073977.0 ], [ 4367423.1, 3074006.4 ], [ 4367445.2, 3074035.9 ], [ 4367443.9, 3074047.7 ], [ 4367342.4, 3074086.7 ], [ 4367323.8, 3074102.9 ], [ 4367220.4, 3074130.2 ], [ 4367192.2, 3074144.7 ], [ 4367181.3, 3074161.8 ], [ 4367141.6, 3074188.8 ], [ 4367070.3, 3074217.9 ], [ 4367022.8, 3074195.5 ], [ 4366979.6, 3074202.6 ], [ 4366934.8, 3074224.3 ], [ 4366840.7, 3074189.1 ], [ 4366750.1, 3074174.5 ], [ 4366611.8, 3074184.8 ], [ 4366399.0, 3074245.3 ], [ 4366376.7, 3074240.6 ], [ 4366373.2, 3074215.7 ], [ 4366351.6, 3074194.5 ], [ 4366279.9, 3074189.9 ], [ 4366241.4, 3074170.7 ], [ 4366168.4, 3074223.8 ], [ 4366110.5, 3074284.2 ], [ 4366039.8, 3074316.5 ], [ 4365976.6, 3074399.6 ], [ 4365907.4, 3074461.1 ], [ 4365880.4, 3074495.8 ], [ 4365876.6, 3074534.2 ], [ 4365893.4, 3074565.2 ], [ 4365879.3, 3074668.6 ], [ 4365884.0, 3074697.5 ], [ 4365830.3, 3074829.2 ], [ 4365841.4, 3074869.4 ], [ 4365843.5, 3074927.8 ], [ 4365870.0, 3074951.9 ], [ 4365867.5, 3075016.7 ], [ 4365788.6, 3075063.9 ], [ 4365771.1, 3075182.4 ], [ 4365772.1, 3075236.4 ], [ 4365726.2, 3075430.1 ], [ 4365692.1, 3075517.9 ] ], [ [ 4369856.9, 3075460.8 ], [ 4369871.7, 3075460.2 ], [ 4369871.9, 3075476.3 ], [ 4369858.9, 3075476.3 ], [ 4369856.9, 3075460.8 ] ], [ [ 4367118.3, 3075186.3 ], [ 4367132.6, 3075166.9 ], [ 4367206.5, 3075216.0 ], [ 4367208.7, 3075235.0 ], [ 4367164.4, 3075223.9 ], [ 4367118.3, 3075186.3 ] ], [ [ 4370979.2, 3075178.0 ], [ 4370980.7, 3075113.3 ], [ 4370982.6, 3075113.2 ], [ 4371029.4, 3075144.8 ], [ 4371028.3, 3075179.2 ], [ 4370979.2, 3075178.0 ] ], [ [ 4369399.5, 3074770.1 ], [ 4369566.9, 3074536.8 ], [ 4369589.1, 3074515.7 ], [ 4369603.7, 3074539.2 ], [ 4369597.6, 3074559.6 ], [ 4369407.1, 3074804.9 ], [ 4369399.5, 3074770.1 ] ], [ [ 4369318.5, 3074656.2 ], [ 4369303.7, 3074695.6 ], [ 4369280.7, 3074682.6 ], [ 4369291.5, 3074644.1 ], [ 4369318.5, 3074656.2 ] ], [ [ 4371587.2, 3074253.8 ], [ 4371598.6, 3074234.6 ], [ 4371636.6, 3074255.1 ], [ 4371627.2, 3074274.0 ], [ 4371587.2, 3074253.8 ] ], [ [ 4367800.5, 3073878.6 ], [ 4367824.4, 3073795.5 ], [ 4367873.0, 3073728.2 ], [ 4367917.3, 3073681.3 ], [ 4367990.6, 3073637.9 ], [ 4368006.3, 3073673.8 ], [ 4367921.6, 3073732.5 ], [ 4367846.9, 3073814.1 ], [ 4367815.7, 3073866.5 ], [ 4367800.5, 3073878.6 ] ], [ [ 4368964.7, 3073744.4 ], [ 4369035.1, 3073736.7 ], [ 4369062.7, 3073758.3 ], [ 4369033.8, 3073793.9 ], [ 4368948.7, 3073796.4 ], [ 4368939.5, 3073754.8 ], [ 4368964.7, 3073744.4 ] ], [ [ 4371308.3, 3073666.8 ], [ 4371260.2, 3073629.1 ], [ 4371264.4, 3073621.1 ], [ 4371338.2, 3073570.6 ], [ 4371402.5, 3073569.1 ], [ 4371308.3, 3073666.8 ] ], [ [ 4369380.2, 3073651.8 ], [ 4369315.0, 3073644.2 ], [ 4369303.1, 3073608.3 ], [ 4369310.3, 3073568.8 ], [ 4369338.2, 3073559.7 ], [ 4369359.4, 3073562.6 ], [ 4369410.2, 3073578.8 ], [ 4369430.1, 3073600.3 ], [ 4369450.9, 3073645.2 ], [ 4369380.2, 3073651.8 ] ], [ [ 4368305.5, 3073190.6 ], [ 4368332.2, 3073186.8 ], [ 4368336.1, 3073218.2 ], [ 4368311.2, 3073219.2 ], [ 4368305.5, 3073190.6 ] ], [ [ 4371930.3, 3073121.6 ], [ 4371872.7, 3073066.8 ], [ 4371888.7, 3073052.2 ], [ 4371930.0, 3073096.0 ], [ 4371935.9, 3073114.5 ], [ 4371930.3, 3073121.6 ] ], [ [ 4368810.1, 3073073.9 ], [ 4368804.4, 3073078.2 ], [ 4368798.7, 3073069.8 ], [ 4368804.2, 3073065.7 ], [ 4368810.1, 3073073.9 ] ], [ [ 4370160.3, 3072709.1 ], [ 4370213.6, 3072668.5 ], [ 4370201.1, 3072705.1 ], [ 4370183.4, 3072723.4 ], [ 4370160.3, 3072709.1 ] ], [ [ 4368790.9, 3072561.5 ], [ 4368791.2, 3072551.0 ], [ 4368799.2, 3072551.3 ], [ 4368798.4, 3072561.9 ], [ 4368790.9, 3072561.5 ] ], [ [ 4369722.6, 3071475.1 ], [ 4369746.6, 3071462.7 ], [ 4369758.9, 3071484.7 ], [ 4369733.7, 3071494.0 ], [ 4369722.6, 3071475.1 ] ], [ [ 4365479.3, 3072403.1 ], [ 4365472.6, 3072407.9 ], [ 4365468.0, 3072394.9 ], [ 4365480.3, 3072375.8 ], [ 4365478.9, 3072359.8 ], [ 4365438.2, 3072293.4 ], [ 4365437.6, 3072197.8 ], [ 4365418.0, 3072150.6 ], [ 4365373.7, 3072093.7 ], [ 4365329.1, 3072049.0 ], [ 4365298.0, 3072029.4 ], [ 4365249.4, 3071970.6 ], [ 4365205.5, 3071953.8 ], [ 4365196.3, 3071919.7 ], [ 4365177.6, 3071899.7 ], [ 4365144.7, 3071897.7 ], [ 4365152.1, 3071879.3 ], [ 4365151.4, 3071838.1 ], [ 4365104.7, 3071814.8 ], [ 4365136.8, 3071720.5 ], [ 4365139.4, 3071687.1 ], [ 4365128.9, 3071642.9 ], [ 4365147.9, 3071615.5 ], [ 4365158.8, 3071483.1 ], [ 4365138.1, 3071269.9 ], [ 4365118.8, 3071233.6 ], [ 4365112.3, 3071185.1 ], [ 4365104.1, 3071173.5 ], [ 4365122.9, 3071105.1 ], [ 4365131.3, 3071102.9 ], [ 4365151.0, 3071117.7 ], [ 4365172.1, 3071116.7 ], [ 4365203.8, 3071082.2 ], [ 4365211.4, 3071062.4 ], [ 4365242.5, 3071050.7 ], [ 4365226.6, 3071096.0 ], [ 4365154.9, 3071205.4 ], [ 4365169.3, 3071600.7 ], [ 4365202.0, 3071696.3 ], [ 4365235.0, 3071724.4 ], [ 4365292.6, 3071828.7 ], [ 4365334.5, 3071938.4 ], [ 4365352.4, 3072012.5 ], [ 4365397.5, 3072053.2 ], [ 4365407.3, 3072083.2 ], [ 4365435.6, 3072105.4 ], [ 4365471.7, 3072160.9 ], [ 4365489.6, 3072229.2 ], [ 4365479.3, 3072403.1 ] ], [ [ 4359122.6, 3071047.3 ], [ 4359144.3, 3071105.4 ], [ 4359119.8, 3071125.7 ], [ 4359081.5, 3071136.8 ], [ 4359056.4, 3071135.7 ], [ 4359039.9, 3071132.4 ], [ 4359035.6, 3071118.5 ], [ 4359020.2, 3071109.5 ], [ 4359033.1, 3071049.0 ], [ 4359095.0, 3071036.9 ], [ 4359122.6, 3071047.3 ] ], [ [ 4362285.2, 3071040.9 ], [ 4362284.7, 3071002.9 ], [ 4362309.2, 3070973.5 ], [ 4362336.0, 3070996.5 ], [ 4362338.6, 3071021.2 ], [ 4362308.9, 3071040.0 ], [ 4362285.2, 3071040.9 ] ], [ [ 4366663.2, 3070986.5 ], [ 4366537.1, 3070943.3 ], [ 4366434.8, 3070895.0 ], [ 4366318.3, 3070875.7 ], [ 4366234.3, 3070839.4 ], [ 4366142.9, 3070811.3 ], [ 4366053.0, 3070799.3 ], [ 4366039.6, 3070778.8 ], [ 4366089.2, 3070751.9 ], [ 4366156.4, 3070751.8 ], [ 4366173.2, 3070761.5 ], [ 4366212.8, 3070758.7 ], [ 4366273.9, 3070779.1 ], [ 4366296.0, 3070764.6 ], [ 4366342.8, 3070750.9 ], [ 4366359.1, 3070777.9 ], [ 4366359.3, 3070803.0 ], [ 4366367.8, 3070814.7 ], [ 4366388.9, 3070816.9 ], [ 4366422.1, 3070792.5 ], [ 4366476.0, 3070816.5 ], [ 4366482.3, 3070828.5 ], [ 4366466.7, 3070866.3 ], [ 4366473.5, 3070883.1 ], [ 4366490.6, 3070889.1 ], [ 4366526.3, 3070879.0 ], [ 4366588.2, 3070899.9 ], [ 4366615.4, 3070926.4 ], [ 4366639.4, 3070937.8 ], [ 4366662.1, 3070976.3 ], [ 4366663.2, 3070986.5 ] ], [ [ 4360187.6, 3070878.9 ], [ 4360184.7, 3070908.2 ], [ 4360161.0, 3070913.8 ], [ 4360067.5, 3070903.6 ], [ 4360058.3, 3070896.4 ], [ 4360059.5, 3070859.9 ], [ 4360076.5, 3070850.9 ], [ 4360136.4, 3070850.2 ], [ 4360170.8, 3070839.2 ], [ 4360171.0, 3070865.9 ], [ 4360187.6, 3070878.9 ] ], [ [ 4359518.4, 3071095.5 ], [ 4359602.3, 3071092.3 ], [ 4359660.0, 3071143.0 ], [ 4359651.7, 3071183.7 ], [ 4359668.8, 3071213.9 ], [ 4359692.4, 3071239.5 ], [ 4359785.5, 3071297.0 ], [ 4359835.1, 3071341.6 ], [ 4359860.9, 3071398.3 ], [ 4359961.4, 3071421.4 ], [ 4359929.0, 3071520.6 ], [ 4359920.8, 3071587.7 ], [ 4359848.6, 3071580.1 ], [ 4359802.2, 3071437.5 ], [ 4359778.9, 3071430.9 ], [ 4359747.7, 3071470.7 ], [ 4359726.6, 3071465.9 ], [ 4359686.7, 3071414.3 ], [ 4359669.5, 3071336.0 ], [ 4359532.2, 3071251.2 ], [ 4359526.7, 3071231.6 ], [ 4359508.0, 3071222.2 ], [ 4359504.2, 3071165.2 ], [ 4359518.4, 3071095.5 ] ], [ [ 4361560.9, 3071770.6 ], [ 4361446.2, 3071826.3 ], [ 4361429.6, 3071818.8 ], [ 4361394.8, 3071825.0 ], [ 4361352.7, 3071853.6 ], [ 4361354.9, 3071828.9 ], [ 4361372.8, 3071788.5 ], [ 4361406.1, 3071796.3 ], [ 4361424.1, 3071785.1 ], [ 4361437.7, 3071740.0 ], [ 4361418.8, 3071719.5 ], [ 4361460.1, 3071671.6 ], [ 4361497.3, 3071642.4 ], [ 4361581.8, 3071716.9 ], [ 4361584.2, 3071745.9 ], [ 4361560.9, 3071770.6 ] ], [ [ 4360683.3, 3071813.2 ], [ 4360748.7, 3071833.9 ], [ 4360829.3, 3071845.2 ], [ 4360830.7, 3071927.6 ], [ 4360797.5, 3072031.6 ], [ 4360785.3, 3072135.5 ], [ 4360759.9, 3072231.6 ], [ 4360762.2, 3072257.3 ], [ 4360785.1, 3072274.1 ], [ 4360779.6, 3072335.3 ], [ 4360771.0, 3072336.2 ], [ 4360738.4, 3072271.9 ], [ 4360612.2, 3072257.4 ], [ 4360583.6, 3072231.2 ], [ 4360495.5, 3072187.0 ], [ 4360457.7, 3072198.9 ], [ 4360450.4, 3072195.0 ], [ 4360454.2, 3072186.7 ], [ 4360478.4, 3072167.5 ], [ 4360471.2, 3072138.0 ], [ 4360436.4, 3072130.5 ], [ 4360412.4, 3072159.0 ], [ 4360379.2, 3072132.6 ], [ 4360383.8, 3072066.0 ], [ 4360425.7, 3072064.7 ], [ 4360464.7, 3072046.6 ], [ 4360475.3, 3072048.6 ], [ 4360489.2, 3072097.0 ], [ 4360511.2, 3072107.1 ], [ 4360535.8, 3072084.0 ], [ 4360529.0, 3072047.7 ], [ 4360552.6, 3072055.6 ], [ 4360596.6, 3072041.2 ], [ 4360604.2, 3071975.4 ], [ 4360673.2, 3071877.7 ], [ 4360683.3, 3071813.2 ] ], [ [ 4361195.1, 3072310.1 ], [ 4361203.8, 3072291.6 ], [ 4361288.7, 3072296.0 ], [ 4361296.0, 3072324.1 ], [ 4361336.0, 3072363.1 ], [ 4361343.6, 3072381.4 ], [ 4361376.2, 3072407.1 ], [ 4361413.2, 3072418.6 ], [ 4361399.6, 3072453.2 ], [ 4361398.2, 3072488.4 ], [ 4361440.9, 3072537.1 ], [ 4361493.3, 3072636.5 ], [ 4361545.0, 3072712.1 ], [ 4361702.8, 3072865.4 ], [ 4361748.8, 3072882.5 ], [ 4361749.3, 3072899.1 ], [ 4361718.7, 3072923.2 ], [ 4361710.3, 3072964.7 ], [ 4361678.5, 3072998.0 ], [ 4361633.6, 3072868.1 ], [ 4361614.8, 3072834.7 ], [ 4361522.0, 3072730.1 ], [ 4361479.8, 3072712.9 ], [ 4361460.9, 3072694.0 ], [ 4361363.1, 3072524.0 ], [ 4361254.6, 3072424.8 ], [ 4361185.6, 3072404.4 ], [ 4361175.0, 3072390.4 ], [ 4361198.4, 3072351.8 ], [ 4361202.5, 3072329.7 ], [ 4361195.1, 3072310.1 ] ], [ [ 4362353.9, 3072451.3 ], [ 4362358.0, 3072271.5 ], [ 4362338.4, 3072220.5 ], [ 4362333.9, 3072182.6 ], [ 4362375.5, 3072202.2 ], [ 4362412.6, 3072171.4 ], [ 4362434.8, 3072163.7 ], [ 4362438.5, 3072171.2 ], [ 4362378.6, 3072240.1 ], [ 4362407.4, 3072366.2 ], [ 4362406.3, 3072473.8 ], [ 4362398.9, 3072493.5 ], [ 4362424.6, 3072619.4 ], [ 4362453.2, 3072694.7 ], [ 4362510.4, 3072774.3 ], [ 4362562.8, 3072828.9 ], [ 4362579.5, 3072864.7 ], [ 4362617.9, 3072904.2 ], [ 4362631.4, 3072934.0 ], [ 4362718.0, 3073052.6 ], [ 4362757.4, 3073088.7 ], [ 4362794.8, 3073161.5 ], [ 4362727.8, 3073111.3 ], [ 4362681.9, 3073047.0 ], [ 4362668.7, 3073014.7 ], [ 4362588.1, 3072934.2 ], [ 4362563.1, 3072898.4 ], [ 4362521.5, 3072863.5 ], [ 4362477.4, 3072806.0 ], [ 4362367.2, 3072713.6 ], [ 4362361.1, 3072692.5 ], [ 4362375.6, 3072648.5 ], [ 4362366.1, 3072513.0 ], [ 4362353.9, 3072451.3 ] ], [ [ 4363151.9, 3073091.8 ], [ 4363253.8, 3073039.7 ], [ 4363266.7, 3073065.5 ], [ 4363138.8, 3073193.6 ], [ 4363092.0, 3073250.9 ], [ 4363078.0, 3073281.1 ], [ 4363083.5, 3073339.2 ], [ 4363129.8, 3073383.4 ], [ 4363256.9, 3073437.0 ], [ 4363325.6, 3073508.4 ], [ 4363320.2, 3073529.8 ], [ 4363333.7, 3073545.6 ], [ 4363378.2, 3073553.2 ], [ 4363577.7, 3073680.2 ], [ 4363598.7, 3073684.0 ], [ 4363686.2, 3073668.3 ], [ 4363760.1, 3073682.6 ], [ 4363774.6, 3073693.8 ], [ 4363764.7, 3073733.7 ], [ 4363643.8, 3073730.7 ], [ 4363534.9, 3073680.7 ], [ 4363490.8, 3073684.4 ], [ 4363469.0, 3073646.0 ], [ 4363433.1, 3073632.1 ], [ 4363420.1, 3073613.5 ], [ 4363340.4, 3073561.1 ], [ 4363273.8, 3073549.7 ], [ 4363189.0, 3073504.9 ], [ 4363104.4, 3073475.8 ], [ 4363047.5, 3073440.2 ], [ 4363026.0, 3073413.8 ], [ 4362980.8, 3073394.6 ], [ 4362944.7, 3073353.9 ], [ 4362924.2, 3073344.7 ], [ 4362881.5, 3073294.5 ], [ 4362861.4, 3073259.5 ], [ 4362864.7, 3073230.7 ], [ 4362906.3, 3073251.5 ], [ 4362967.2, 3073351.6 ], [ 4363011.2, 3073383.1 ], [ 4363031.8, 3073379.6 ], [ 4363047.4, 3073345.2 ], [ 4363045.2, 3073281.2 ], [ 4363055.5, 3073254.4 ], [ 4363078.7, 3073213.5 ], [ 4363147.9, 3073151.3 ], [ 4363151.9, 3073091.8 ] ], [ [ 4362702.8, 3073275.3 ], [ 4362726.8, 3073293.0 ], [ 4362730.9, 3073325.7 ], [ 4362671.2, 3073344.5 ], [ 4362619.7, 3073335.9 ], [ 4362612.6, 3073305.1 ], [ 4362702.8, 3073275.3 ] ], [ [ 4364204.8, 3073811.7 ], [ 4364109.0, 3073714.2 ], [ 4364133.6, 3073713.4 ], [ 4364285.4, 3073841.6 ], [ 4364401.4, 3074020.5 ], [ 4364391.2, 3074053.8 ], [ 4364204.8, 3073811.7 ] ], [ [ 4365606.8, 3073933.0 ], [ 4365652.5, 3073898.9 ], [ 4365673.2, 3073965.7 ], [ 4365627.9, 3073981.5 ], [ 4365606.8, 3073933.0 ] ], [ [ 4364887.6, 3073927.5 ], [ 4364875.0, 3073924.0 ], [ 4364921.7, 3073752.8 ], [ 4364913.9, 3073643.3 ], [ 4364924.3, 3073604.7 ], [ 4364939.5, 3073584.7 ], [ 4364951.7, 3073606.7 ], [ 4364939.4, 3073672.6 ], [ 4364953.7, 3073741.5 ], [ 4364935.6, 3073800.6 ], [ 4364930.8, 3073896.6 ], [ 4364922.3, 3073913.8 ], [ 4364887.6, 3073927.5 ] ], [ [ 4364076.0, 3073607.1 ], [ 4364035.0, 3073647.0 ], [ 4363991.7, 3073602.6 ], [ 4363970.9, 3073531.5 ], [ 4363972.4, 3073448.8 ], [ 4363993.9, 3073454.8 ], [ 4364018.1, 3073537.2 ], [ 4364050.3, 3073584.0 ], [ 4364076.0, 3073607.1 ] ], [ [ 4364894.7, 3073459.0 ], [ 4364864.5, 3073441.9 ], [ 4364854.1, 3073420.7 ], [ 4364860.1, 3073367.3 ], [ 4364842.3, 3073312.6 ], [ 4364823.8, 3073297.2 ], [ 4364791.4, 3073295.5 ], [ 4364802.2, 3073270.2 ], [ 4364775.8, 3073228.2 ], [ 4364775.3, 3073209.5 ], [ 4364798.3, 3073223.1 ], [ 4364832.9, 3073218.5 ], [ 4364879.8, 3073311.5 ], [ 4364895.0, 3073353.3 ], [ 4364899.8, 3073448.7 ], [ 4364894.7, 3073459.0 ] ], [ [ 4365162.2, 3073252.4 ], [ 4365194.3, 3073166.5 ], [ 4365214.6, 3073140.8 ], [ 4365291.7, 3073082.7 ], [ 4365370.4, 3073009.7 ], [ 4365450.6, 3072904.2 ], [ 4365462.0, 3072863.9 ], [ 4365456.1, 3072811.3 ], [ 4365386.4, 3072612.7 ], [ 4365258.1, 3072375.7 ], [ 4365291.1, 3072406.1 ], [ 4365350.0, 3072520.3 ], [ 4365379.0, 3072556.2 ], [ 4365401.9, 3072622.8 ], [ 4365434.8, 3072650.3 ], [ 4365470.7, 3072729.6 ], [ 4365504.8, 3072767.3 ], [ 4365509.8, 3072891.3 ], [ 4365499.9, 3072938.3 ], [ 4365478.3, 3072943.2 ], [ 4365448.8, 3072976.9 ], [ 4365399.0, 3073007.8 ], [ 4365318.8, 3073109.1 ], [ 4365259.7, 3073147.7 ], [ 4365246.9, 3073179.6 ], [ 4365212.5, 3073214.1 ], [ 4365171.8, 3073285.1 ], [ 4365083.2, 3073408.9 ], [ 4365071.1, 3073419.7 ], [ 4365039.1, 3073424.7 ], [ 4365162.2, 3073252.4 ] ], [ [ 4365947.7, 3072670.9 ], [ 4365983.1, 3072659.0 ], [ 4365986.6, 3072671.2 ], [ 4365954.5, 3072678.3 ], [ 4365947.7, 3072670.9 ] ], [ [ 4363431.2, 3072636.3 ], [ 4363449.3, 3072672.4 ], [ 4363445.0, 3072725.9 ], [ 4363436.1, 3072745.9 ], [ 4363413.4, 3072756.9 ], [ 4363403.4, 3072792.8 ], [ 4363325.5, 3072912.4 ], [ 4363276.6, 3072918.6 ], [ 4363246.4, 3072931.9 ], [ 4363192.8, 3072977.8 ], [ 4363148.7, 3072940.2 ], [ 4363146.8, 3072869.4 ], [ 4363184.2, 3072826.2 ], [ 4363210.6, 3072676.9 ], [ 4363289.6, 3072667.6 ], [ 4363318.9, 3072654.4 ], [ 4363333.2, 3072643.5 ], [ 4363359.2, 3072596.1 ], [ 4363394.2, 3072575.6 ], [ 4363398.3, 3072538.3 ], [ 4363383.8, 3072433.6 ], [ 4363409.4, 3072402.4 ], [ 4363435.5, 3072387.0 ], [ 4363444.3, 3072389.4 ], [ 4363470.5, 3072443.7 ], [ 4363476.9, 3072482.6 ], [ 4363474.9, 3072520.8 ], [ 4363443.5, 3072583.9 ], [ 4363431.2, 3072636.3 ] ], [ [ 4364940.6, 3072911.1 ], [ 4364958.5, 3072910.5 ], [ 4364959.9, 3072940.9 ], [ 4364942.4, 3072941.7 ], [ 4364940.6, 3072911.1 ] ], [ [ 4365206.0, 3072913.0 ], [ 4365244.1, 3072849.0 ], [ 4365275.3, 3072871.3 ], [ 4365223.7, 3072930.2 ], [ 4365207.1, 3072923.8 ], [ 4365206.0, 3072913.0 ] ], [ [ 4364267.8, 3072886.4 ], [ 4364259.7, 3072894.8 ], [ 4364226.3, 3072857.8 ], [ 4364155.2, 3072810.9 ], [ 4364133.3, 3072782.3 ], [ 4364090.4, 3072785.9 ], [ 4364054.6, 3072778.1 ], [ 4364038.0, 3072740.6 ], [ 4364036.5, 3072714.1 ], [ 4364059.1, 3072664.1 ], [ 4364098.0, 3072637.0 ], [ 4364141.6, 3072671.2 ], [ 4364133.7, 3072718.7 ], [ 4364182.6, 3072766.8 ], [ 4364198.6, 3072804.2 ], [ 4364265.7, 3072865.8 ], [ 4364267.8, 3072886.4 ] ], [ [ 4365121.3, 3072084.4 ], [ 4365048.2, 3072068.7 ], [ 4365027.0, 3072077.4 ], [ 4364982.1, 3072069.1 ], [ 4364852.0, 3071967.4 ], [ 4364803.3, 3071938.4 ], [ 4364715.2, 3071915.4 ], [ 4364675.1, 3071871.0 ], [ 4364654.4, 3071873.6 ], [ 4364599.0, 3071916.5 ], [ 4364580.6, 3071849.5 ], [ 4364554.6, 3071821.5 ], [ 4364556.6, 3071784.4 ], [ 4364609.6, 3071760.9 ], [ 4364637.2, 3071811.5 ], [ 4364680.6, 3071845.0 ], [ 4364806.1, 3071896.6 ], [ 4364884.3, 3071904.4 ], [ 4364967.1, 3071937.6 ], [ 4365019.2, 3071948.2 ], [ 4365068.3, 3072030.9 ], [ 4365121.3, 3072084.4 ] ], [ [ 4365413.5, 3074390.0 ], [ 4365406.8, 3074403.2 ], [ 4365388.2, 3074394.4 ], [ 4365396.0, 3074380.5 ], [ 4365413.5, 3074390.0 ] ], [ [ 4360523.9, 3073580.7 ], [ 4360425.5, 3073646.1 ], [ 4360397.4, 3073608.2 ], [ 4360419.3, 3073589.5 ], [ 4360513.0, 3073546.6 ], [ 4360580.8, 3073535.2 ], [ 4360584.4, 3073561.9 ], [ 4360523.9, 3073580.7 ] ], [ [ 4359078.9, 3072257.8 ], [ 4359110.6, 3072346.4 ], [ 4359098.8, 3072356.7 ], [ 4359017.0, 3072295.9 ], [ 4358987.5, 3072264.7 ], [ 4359078.9, 3072257.8 ] ], [ [ 4358720.8, 3071888.1 ], [ 4358739.4, 3071948.8 ], [ 4358683.1, 3071986.8 ], [ 4358648.2, 3071958.0 ], [ 4358650.5, 3071928.7 ], [ 4358688.2, 3071888.8 ], [ 4358720.8, 3071888.1 ] ], [ [ 4358343.8, 3071611.1 ], [ 4358401.3, 3071667.5 ], [ 4358398.9, 3071685.4 ], [ 4358350.0, 3071719.6 ], [ 4358304.9, 3071739.1 ], [ 4358299.8, 3071780.3 ], [ 4358239.6, 3071796.2 ], [ 4358159.0, 3071833.3 ], [ 4358098.1, 3071825.5 ], [ 4358067.2, 3071813.4 ], [ 4358045.3, 3071797.0 ], [ 4358028.5, 3071738.4 ], [ 4357962.3, 3071707.5 ], [ 4357895.9, 3071662.0 ], [ 4357906.9, 3071633.8 ], [ 4357938.2, 3071612.4 ], [ 4357977.5, 3071668.4 ], [ 4358013.1, 3071704.0 ], [ 4358093.8, 3071707.4 ], [ 4358112.0, 3071692.7 ], [ 4358133.0, 3071699.3 ], [ 4358167.1, 3071695.5 ], [ 4358284.7, 3071658.0 ], [ 4358343.8, 3071611.1 ] ], [ [ 4358086.1, 3070835.6 ], [ 4357938.9, 3070717.9 ], [ 4357888.5, 3070710.6 ], [ 4357860.8, 3070714.6 ], [ 4357896.4, 3070690.5 ], [ 4357969.5, 3070609.1 ], [ 4358071.8, 3070566.1 ], [ 4358090.6, 3070571.8 ], [ 4358118.4, 3070610.5 ], [ 4358178.7, 3070669.9 ], [ 4358201.7, 3070822.9 ], [ 4358217.7, 3070836.1 ], [ 4358251.4, 3070832.9 ], [ 4358270.9, 3070917.6 ], [ 4358258.8, 3070927.4 ], [ 4358192.7, 3070940.2 ], [ 4358179.2, 3070930.2 ], [ 4358143.6, 3070846.6 ], [ 4358086.1, 3070835.6 ] ], [ [ 4358646.4, 3070700.7 ], [ 4358713.0, 3070643.4 ], [ 4358749.5, 3070633.0 ], [ 4358739.6, 3070710.2 ], [ 4358707.5, 3070731.4 ], [ 4358678.4, 3070742.2 ], [ 4358646.4, 3070700.7 ] ], [ [ 4371603.8, 3070629.6 ], [ 4371551.7, 3070481.9 ], [ 4371525.9, 3070474.3 ], [ 4371398.1, 3070471.3 ], [ 4371383.7, 3070455.0 ], [ 4371542.8, 3070457.5 ], [ 4371643.0, 3070433.9 ], [ 4371632.1, 3070452.5 ], [ 4371595.0, 3070466.3 ], [ 4371583.8, 3070482.8 ], [ 4371601.0, 3070560.2 ], [ 4371616.3, 3070576.7 ], [ 4371634.3, 3070618.5 ], [ 4371603.8, 3070629.6 ] ], [ [ 4372192.8, 3070434.0 ], [ 4372186.2, 3070149.2 ], [ 4372160.5, 3070078.6 ], [ 4372079.0, 3069979.9 ], [ 4371916.1, 3069756.3 ], [ 4371757.1, 3069622.3 ], [ 4371713.9, 3069569.4 ], [ 4371643.9, 3069417.0 ], [ 4371576.5, 3069311.5 ], [ 4371501.9, 3069096.5 ], [ 4371489.4, 3069085.2 ], [ 4371452.2, 3069077.7 ], [ 4371376.4, 3068861.1 ], [ 4371390.4, 3068842.8 ], [ 4371384.3, 3068819.5 ], [ 4371275.4, 3068661.9 ], [ 4371214.4, 3068534.4 ], [ 4370997.5, 3068273.4 ], [ 4370996.0, 3068237.0 ], [ 4370976.9, 3068209.8 ], [ 4370960.7, 3068139.6 ], [ 4370962.2, 3068108.9 ], [ 4370993.2, 3068075.0 ], [ 4371015.0, 3068019.9 ], [ 4371027.5, 3067873.5 ], [ 4371007.2, 3067792.7 ], [ 4370972.5, 3067743.3 ], [ 4370971.6, 3067711.0 ], [ 4370981.0, 3067707.8 ], [ 4371026.4, 3067793.4 ], [ 4371037.6, 3067875.6 ], [ 4371020.0, 3068046.0 ], [ 4370985.7, 3068131.9 ], [ 4370998.4, 3068224.4 ], [ 4371053.1, 3068282.9 ], [ 4371070.8, 3068322.9 ], [ 4371135.6, 3068375.9 ], [ 4371153.3, 3068421.6 ], [ 4371191.0, 3068452.6 ], [ 4371290.3, 3068647.2 ], [ 4371333.1, 3068713.2 ], [ 4371376.4, 3068766.5 ], [ 4371403.0, 3068768.4 ], [ 4371446.4, 3068654.5 ], [ 4371469.1, 3068539.3 ], [ 4371423.6, 3068339.7 ], [ 4371399.8, 3068174.8 ], [ 4371398.3, 3068080.3 ], [ 4371407.1, 3067998.6 ], [ 4371479.1, 3067846.1 ], [ 4371648.3, 3067607.6 ], [ 4371671.4, 3067516.8 ], [ 4371669.6, 3067466.0 ], [ 4371654.0, 3067392.2 ], [ 4371666.1, 3067403.4 ], [ 4371693.0, 3067524.8 ], [ 4371663.5, 3067626.9 ], [ 4371626.0, 3067700.0 ], [ 4371617.6, 3067733.2 ], [ 4371568.7, 3067779.7 ], [ 4371454.4, 3067954.3 ], [ 4371430.6, 3068077.0 ], [ 4371444.5, 3068149.6 ], [ 4371432.5, 3068189.8 ], [ 4371432.1, 3068250.7 ], [ 4371459.4, 3068355.3 ], [ 4371452.5, 3068412.6 ], [ 4371487.1, 3068504.0 ], [ 4371495.6, 3068582.9 ], [ 4371515.6, 3068626.3 ], [ 4371492.3, 3068735.3 ], [ 4371476.5, 3068760.7 ], [ 4371454.3, 3068771.9 ], [ 4371445.9, 3068789.6 ], [ 4371441.9, 3068853.2 ], [ 4371474.4, 3068895.9 ], [ 4371489.0, 3068931.9 ], [ 4371489.3, 3068959.8 ], [ 4371519.0, 3069043.8 ], [ 4371552.8, 3069188.2 ], [ 4371566.6, 3069228.6 ], [ 4371592.2, 3069269.0 ], [ 4371600.9, 3069328.9 ], [ 4371679.3, 3069431.9 ], [ 4371716.0, 3069533.1 ], [ 4371744.4, 3069564.2 ], [ 4371758.2, 3069593.8 ], [ 4371858.2, 3069664.8 ], [ 4371882.9, 3069709.7 ], [ 4371947.7, 3069768.2 ], [ 4372032.1, 3069885.1 ], [ 4372101.4, 3069951.2 ], [ 4372120.0, 3069997.8 ], [ 4372166.3, 3070040.9 ], [ 4372194.9, 3070083.3 ], [ 4372211.5, 3070128.2 ], [ 4372213.0, 3070209.8 ], [ 4372223.3, 3070273.6 ], [ 4372210.1, 3070430.4 ], [ 4372192.8, 3070434.0 ] ], [ [ 4371700.1, 3067669.9 ], [ 4371720.6, 3067672.3 ], [ 4371710.9, 3067693.7 ], [ 4371685.6, 3067687.9 ], [ 4371700.1, 3067669.9 ] ], [ [ 4371939.6, 3067557.9 ], [ 4371965.0, 3067554.8 ], [ 4371972.0, 3067581.0 ], [ 4371948.6, 3067585.4 ], [ 4371939.6, 3067557.9 ] ], [ [ 4365579.7, 3067575.7 ], [ 4365503.4, 3067634.6 ], [ 4365473.7, 3067596.0 ], [ 4365411.3, 3067582.8 ], [ 4365343.3, 3067592.7 ], [ 4365259.8, 3067621.7 ], [ 4365244.8, 3067634.7 ], [ 4365249.9, 3067669.3 ], [ 4365301.9, 3067734.3 ], [ 4365376.2, 3067803.7 ], [ 4365410.7, 3067865.3 ], [ 4365445.0, 3067981.3 ], [ 4365421.0, 3067982.9 ], [ 4365402.3, 3067939.7 ], [ 4365364.5, 3067896.4 ], [ 4365356.5, 3067850.8 ], [ 4365308.9, 3067813.2 ], [ 4365300.2, 3067793.6 ], [ 4365261.6, 3067752.4 ], [ 4365237.4, 3067706.7 ], [ 4365180.5, 3067650.7 ], [ 4365178.4, 3067630.2 ], [ 4365361.1, 3067548.2 ], [ 4365435.2, 3067529.8 ], [ 4365459.3, 3067547.1 ], [ 4365488.6, 3067534.8 ], [ 4365502.9, 3067557.1 ], [ 4365532.2, 3067562.6 ], [ 4365552.2, 3067555.9 ], [ 4365572.3, 3067527.1 ], [ 4365578.6, 3067528.8 ], [ 4365589.6, 3067552.5 ], [ 4365579.7, 3067575.7 ] ], [ [ 4367287.1, 3067750.3 ], [ 4367233.5, 3067700.5 ], [ 4367234.2, 3067670.2 ], [ 4367265.4, 3067635.8 ], [ 4367346.3, 3067657.8 ], [ 4367379.1, 3067680.6 ], [ 4367468.2, 3067773.7 ], [ 4367560.3, 3067836.8 ], [ 4367582.9, 3067872.7 ], [ 4367598.0, 3067924.0 ], [ 4367636.6, 3067958.6 ], [ 4367653.8, 3067961.3 ], [ 4367669.0, 3067947.4 ], [ 4367671.0, 3067905.3 ], [ 4367687.4, 3067916.9 ], [ 4367709.4, 3067917.7 ], [ 4367742.0, 3067886.8 ], [ 4367756.0, 3067815.3 ], [ 4367739.2, 3067793.9 ], [ 4367754.6, 3067754.2 ], [ 4367796.7, 3067718.0 ], [ 4367809.1, 3067687.1 ], [ 4367806.0, 3067653.6 ], [ 4367818.3, 3067604.7 ], [ 4367829.4, 3067597.7 ], [ 4367840.4, 3067625.1 ], [ 4367831.9, 3067690.5 ], [ 4367839.5, 3067761.5 ], [ 4367811.2, 3067861.5 ], [ 4367780.0, 3067896.5 ], [ 4367769.1, 3067927.6 ], [ 4367769.4, 3067967.0 ], [ 4367745.1, 3068005.8 ], [ 4367670.0, 3068035.8 ], [ 4367627.4, 3068081.5 ], [ 4367605.3, 3068142.8 ], [ 4367612.3, 3068163.2 ], [ 4367584.4, 3068243.5 ], [ 4367583.2, 3068289.5 ], [ 4367564.2, 3068277.1 ], [ 4367545.5, 3068222.8 ], [ 4367515.7, 3068210.3 ], [ 4367498.7, 3068187.4 ], [ 4367517.0, 3068155.6 ], [ 4367505.6, 3068122.0 ], [ 4367536.6, 3068097.2 ], [ 4367552.5, 3068105.6 ], [ 4367575.1, 3068102.1 ], [ 4367583.3, 3068090.7 ], [ 4367581.4, 3068073.5 ], [ 4367555.4, 3068052.9 ], [ 4367533.4, 3068070.0 ], [ 4367488.5, 3067974.3 ], [ 4367428.2, 3067896.3 ], [ 4367412.9, 3067888.2 ], [ 4367363.1, 3067831.8 ], [ 4367326.1, 3067773.0 ], [ 4367302.6, 3067752.8 ], [ 4367287.1, 3067750.3 ] ], [ [ 4365427.0, 3068059.3 ], [ 4365449.6, 3068082.9 ], [ 4365471.3, 3068084.4 ], [ 4365524.9, 3068174.2 ], [ 4365478.9, 3068196.1 ], [ 4365463.2, 3068193.7 ], [ 4365431.2, 3068170.0 ], [ 4365411.8, 3068142.6 ], [ 4365397.6, 3068102.9 ], [ 4365403.9, 3068070.5 ], [ 4365412.8, 3068059.3 ], [ 4365427.0, 3068059.3 ] ], [ [ 4366745.1, 3068200.7 ], [ 4366786.7, 3068185.7 ], [ 4366833.6, 3068208.1 ], [ 4366855.5, 3068241.3 ], [ 4366700.1, 3068267.6 ], [ 4366708.9, 3068225.0 ], [ 4366745.1, 3068200.7 ] ], [ [ 4368715.1, 3068000.6 ], [ 4368794.1, 3068014.0 ], [ 4368823.7, 3067996.5 ], [ 4368854.6, 3067946.2 ], [ 4368896.8, 3067958.0 ], [ 4368930.2, 3067983.0 ], [ 4368909.5, 3068035.1 ], [ 4368906.9, 3068086.2 ], [ 4368923.3, 3068130.4 ], [ 4368943.9, 3068152.8 ], [ 4369038.5, 3068202.5 ], [ 4369128.0, 3068226.2 ], [ 4369237.3, 3068284.8 ], [ 4369223.0, 3068320.4 ], [ 4369115.3, 3068457.2 ], [ 4369041.4, 3068474.0 ], [ 4369035.0, 3068452.4 ], [ 4368925.9, 3068347.8 ], [ 4368884.2, 3068333.3 ], [ 4368844.0, 3068346.9 ], [ 4368776.7, 3068293.7 ], [ 4368803.1, 3068256.0 ], [ 4368804.6, 3068241.1 ], [ 4368720.7, 3068147.2 ], [ 4368719.4, 3068076.1 ], [ 4368727.2, 3068031.5 ], [ 4368715.1, 3068000.6 ] ], [ [ 4368578.3, 3067770.6 ], [ 4368626.5, 3067761.6 ], [ 4368674.4, 3067779.8 ], [ 4368678.7, 3067808.3 ], [ 4368702.8, 3067848.9 ], [ 4368660.3, 3067882.0 ], [ 4368631.2, 3067892.3 ], [ 4368578.5, 3067892.6 ], [ 4368521.7, 3067882.4 ], [ 4368531.1, 3067796.3 ], [ 4368578.3, 3067770.6 ] ], [ [ 4370207.0, 3068604.0 ], [ 4370199.3, 3068633.3 ], [ 4370111.4, 3068607.6 ], [ 4370103.3, 3068592.5 ], [ 4370103.7, 3068543.3 ], [ 4370165.9, 3068496.6 ], [ 4370202.9, 3068552.5 ], [ 4370207.0, 3068604.0 ] ], [ [ 4369136.3, 3068583.5 ], [ 4369229.6, 3068812.7 ], [ 4369257.1, 3068852.5 ], [ 4369258.6, 3068875.2 ], [ 4369502.9, 3069132.7 ], [ 4369527.9, 3069133.8 ], [ 4369642.4, 3069031.2 ], [ 4369654.0, 3069036.9 ], [ 4369546.1, 3069143.7 ], [ 4369550.1, 3069164.4 ], [ 4369604.9, 3069212.7 ], [ 4369592.0, 3069227.1 ], [ 4369543.5, 3069174.0 ], [ 4369529.3, 3069169.3 ], [ 4369512.8, 3069177.4 ], [ 4369505.9, 3069201.9 ], [ 4369470.1, 3069226.8 ], [ 4369441.8, 3069212.6 ], [ 4369321.2, 3069098.6 ], [ 4369371.8, 3069059.7 ], [ 4369376.0, 3069035.5 ], [ 4369230.0, 3068879.1 ], [ 4369232.8, 3068857.3 ], [ 4369115.7, 3068612.2 ], [ 4369117.0, 3068598.8 ], [ 4369136.3, 3068583.5 ] ], [ [ 4367271.5, 3068882.9 ], [ 4367253.9, 3068894.4 ], [ 4367224.6, 3068860.0 ], [ 4367257.8, 3068832.8 ], [ 4367273.6, 3068865.4 ], [ 4367271.5, 3068882.9 ] ], [ [ 4362070.0, 3069194.3 ], [ 4362080.1, 3069228.8 ], [ 4362096.3, 3069243.7 ], [ 4362067.0, 3069276.0 ], [ 4362046.7, 3069270.7 ], [ 4362026.8, 3069285.5 ], [ 4362021.5, 3069317.0 ], [ 4362028.1, 3069345.2 ], [ 4362020.8, 3069355.9 ], [ 4361985.2, 3069347.3 ], [ 4361951.8, 3069358.0 ], [ 4361922.7, 3069356.8 ], [ 4361883.6, 3069381.6 ], [ 4361791.4, 3069464.7 ], [ 4361699.4, 3069511.0 ], [ 4361593.8, 3069579.9 ], [ 4361535.6, 3069582.2 ], [ 4361470.1, 3069600.5 ], [ 4361381.1, 3069590.5 ], [ 4361350.6, 3069450.4 ], [ 4361328.2, 3069432.0 ], [ 4361313.9, 3069389.9 ], [ 4361312.5, 3069313.7 ], [ 4361300.9, 3069289.0 ], [ 4361281.3, 3069280.1 ], [ 4361289.6, 3069249.9 ], [ 4361357.4, 3069260.6 ], [ 4361381.4, 3069256.2 ], [ 4361406.2, 3069241.2 ], [ 4361419.8, 3069209.6 ], [ 4361445.2, 3069200.6 ], [ 4361508.6, 3069220.1 ], [ 4361525.6, 3069238.1 ], [ 4361575.5, 3069254.6 ], [ 4361652.8, 3069226.2 ], [ 4361671.4, 3069196.6 ], [ 4361734.7, 3069200.6 ], [ 4361755.9, 3069179.8 ], [ 4361749.1, 3069156.7 ], [ 4361875.7, 3069065.5 ], [ 4361897.0, 3068958.5 ], [ 4361940.2, 3068939.0 ], [ 4361978.9, 3068981.8 ], [ 4362008.6, 3069083.6 ], [ 4362070.0, 3069194.3 ] ], [ [ 4359425.5, 3068970.8 ], [ 4359474.8, 3069008.0 ], [ 4359513.6, 3068987.9 ], [ 4359559.0, 3069011.4 ], [ 4359570.6, 3069031.3 ], [ 4359599.9, 3069044.1 ], [ 4359617.6, 3069043.1 ], [ 4359628.9, 3069029.4 ], [ 4359648.7, 3069034.6 ], [ 4359646.3, 3069054.5 ], [ 4359654.7, 3069078.9 ], [ 4359693.7, 3069117.2 ], [ 4359670.1, 3069140.0 ], [ 4359610.9, 3069111.3 ], [ 4359544.3, 3069101.5 ], [ 4359471.8, 3069056.9 ], [ 4359447.6, 3069022.3 ], [ 4359411.0, 3069008.9 ], [ 4359415.2, 3068981.2 ], [ 4359425.5, 3068970.8 ] ], [ [ 4360024.0, 3069249.0 ], [ 4360228.4, 3069295.4 ], [ 4360365.3, 3069288.9 ], [ 4360397.0, 3069299.5 ], [ 4360434.2, 3069329.0 ], [ 4360237.1, 3069335.2 ], [ 4360210.1, 3069330.5 ], [ 4360204.9, 3069314.3 ], [ 4360192.8, 3069306.8 ], [ 4360074.8, 3069300.1 ], [ 4359982.6, 3069302.9 ], [ 4359940.8, 3069314.5 ], [ 4359931.1, 3069329.6 ], [ 4359936.0, 3069362.1 ], [ 4359898.6, 3069416.8 ], [ 4359909.4, 3069439.8 ], [ 4359918.3, 3069503.2 ], [ 4359907.6, 3069568.7 ], [ 4359911.8, 3069624.9 ], [ 4359870.2, 3069550.8 ], [ 4359852.4, 3069484.5 ], [ 4359843.0, 3069403.8 ], [ 4359841.7, 3069287.6 ], [ 4359877.2, 3069301.3 ], [ 4359951.6, 3069269.1 ], [ 4359961.9, 3069246.3 ], [ 4360024.0, 3069249.0 ] ], [ [ 4360611.3, 3069501.8 ], [ 4360607.4, 3069469.1 ], [ 4360642.8, 3069426.4 ], [ 4360652.1, 3069424.7 ], [ 4360691.4, 3069452.3 ], [ 4360701.4, 3069482.2 ], [ 4360683.6, 3069514.2 ], [ 4360683.8, 3069534.6 ], [ 4360722.9, 3069555.0 ], [ 4360710.1, 3069597.8 ], [ 4360642.9, 3069729.7 ], [ 4360634.8, 3069721.9 ], [ 4360636.0, 3069691.7 ], [ 4360628.5, 3069675.1 ], [ 4360645.9, 3069615.3 ], [ 4360622.2, 3069589.1 ], [ 4360620.0, 3069576.6 ], [ 4360638.2, 3069557.8 ], [ 4360642.2, 3069519.8 ], [ 4360631.6, 3069502.9 ], [ 4360611.3, 3069501.8 ] ], [ [ 4358038.9, 3069725.9 ], [ 4358087.8, 3069743.5 ], [ 4358191.9, 3069757.1 ], [ 4358235.8, 3069728.0 ], [ 4358266.8, 3069792.5 ], [ 4358294.1, 3069798.3 ], [ 4358350.4, 3069912.7 ], [ 4358347.7, 3069922.0 ], [ 4358289.6, 3069853.4 ], [ 4358225.2, 3069798.6 ], [ 4358154.8, 3069774.4 ], [ 4358041.8, 3069761.9 ], [ 4358001.0, 3069744.1 ], [ 4358038.9, 3069725.9 ] ], [ [ 4360026.8, 3069842.2 ], [ 4360001.2, 3069790.3 ], [ 4360009.3, 3069783.7 ], [ 4360034.1, 3069793.8 ], [ 4360045.0, 3069830.5 ], [ 4360064.8, 3069848.7 ], [ 4360100.8, 3070053.5 ], [ 4360129.0, 3070067.4 ], [ 4360161.1, 3070100.6 ], [ 4360184.4, 3070176.3 ], [ 4360363.8, 3070287.5 ], [ 4360414.0, 3070382.9 ], [ 4360398.8, 3070394.8 ], [ 4360388.9, 3070398.8 ], [ 4360352.8, 3070385.2 ], [ 4360312.6, 3070394.2 ], [ 4360278.5, 3070331.7 ], [ 4360257.0, 3070315.2 ], [ 4360213.1, 3070302.9 ], [ 4360188.6, 3070286.8 ], [ 4360150.5, 3070243.8 ], [ 4360144.0, 3070193.1 ], [ 4360124.8, 3070166.4 ], [ 4360079.1, 3070064.9 ], [ 4360056.7, 3070036.0 ], [ 4360035.9, 3069958.5 ], [ 4360026.8, 3069842.2 ] ], [ [ 4359498.7, 3070364.3 ], [ 4359484.7, 3070322.5 ], [ 4359468.7, 3070306.5 ], [ 4359505.2, 3070244.4 ], [ 4359581.4, 3070307.1 ], [ 4359556.9, 3070331.4 ], [ 4359507.4, 3070353.4 ], [ 4359498.7, 3070364.3 ] ], [ [ 4367224.7, 3070420.8 ], [ 4367263.0, 3070353.6 ], [ 4367321.7, 3070391.5 ], [ 4367233.1, 3070519.2 ], [ 4367199.5, 3070492.8 ], [ 4367224.7, 3070420.8 ] ], [ [ 4371012.3, 3070419.4 ], [ 4370932.1, 3070340.9 ], [ 4370919.8, 3070316.8 ], [ 4370893.4, 3070192.9 ], [ 4370881.3, 3070177.6 ], [ 4370893.4, 3070148.0 ], [ 4370905.6, 3070066.5 ], [ 4370915.0, 3070130.7 ], [ 4370947.1, 3070213.4 ], [ 4370942.7, 3070243.9 ], [ 4371030.8, 3070382.9 ], [ 4371012.3, 3070419.4 ] ], [ [ 4371478.5, 3070102.0 ], [ 4371452.2, 3070025.7 ], [ 4371438.1, 3070017.0 ], [ 4371407.2, 3070016.1 ], [ 4371419.3, 3069929.2 ], [ 4371524.0, 3069930.5 ], [ 4371529.1, 3070012.4 ], [ 4371502.3, 3070014.2 ], [ 4371487.8, 3070025.1 ], [ 4371495.1, 3070092.5 ], [ 4371478.5, 3070102.0 ] ], [ [ 4370168.7, 3069995.2 ], [ 4370140.4, 3069975.0 ], [ 4370109.9, 3069929.7 ], [ 4370116.3, 3069913.7 ], [ 4370150.7, 3069911.3 ], [ 4370165.8, 3069895.3 ], [ 4370188.4, 3069955.0 ], [ 4370168.7, 3069995.2 ] ], [ [ 4360749.1, 3069868.0 ], [ 4360774.2, 3069922.4 ], [ 4360726.3, 3069937.0 ], [ 4360683.3, 3069939.8 ], [ 4360664.8, 3069914.8 ], [ 4360600.1, 3069905.1 ], [ 4360602.7, 3069839.1 ], [ 4360664.3, 3069865.1 ], [ 4360749.1, 3069868.0 ] ], [ [ 4368148.6, 3069851.2 ], [ 4368122.4, 3069814.3 ], [ 4368157.8, 3069792.2 ], [ 4368198.1, 3069749.3 ], [ 4368222.6, 3069737.0 ], [ 4368242.4, 3069795.5 ], [ 4368182.5, 3069839.3 ], [ 4368148.6, 3069851.2 ] ], [ [ 4370688.8, 3069739.0 ], [ 4370658.2, 3069726.1 ], [ 4370680.6, 3069681.9 ], [ 4370735.3, 3069623.7 ], [ 4370794.4, 3069598.8 ], [ 4370688.8, 3069739.0 ] ], [ [ 4367566.2, 3069634.6 ], [ 4367563.4, 3069643.8 ], [ 4367539.4, 3069635.0 ], [ 4367544.2, 3069626.9 ], [ 4367566.2, 3069634.6 ] ], [ [ 4369677.3, 3069689.6 ], [ 4369635.0, 3069711.6 ], [ 4369624.5, 3069692.4 ], [ 4369657.2, 3069654.1 ], [ 4369677.3, 3069689.6 ] ], [ [ 4369281.0, 3069932.1 ], [ 4369297.3, 3069911.1 ], [ 4369439.7, 3070040.8 ], [ 4369412.0, 3070054.7 ], [ 4369281.0, 3069932.1 ] ], [ [ 4362775.8, 3070033.9 ], [ 4362795.0, 3070142.2 ], [ 4362813.2, 3070157.5 ], [ 4362808.1, 3070203.7 ], [ 4362691.9, 3070176.2 ], [ 4362687.0, 3070168.9 ], [ 4362708.6, 3070138.9 ], [ 4362695.5, 3070103.9 ], [ 4362706.4, 3070080.7 ], [ 4362704.2, 3070067.0 ], [ 4362594.9, 3070004.5 ], [ 4362670.1, 3070006.2 ], [ 4362729.1, 3069997.6 ], [ 4362775.8, 3070033.9 ] ], [ [ 4362332.1, 3069569.9 ], [ 4362314.5, 3069551.5 ], [ 4362348.1, 3069551.7 ], [ 4362351.1, 3069558.8 ], [ 4362332.1, 3069569.9 ] ], [ [ 4364728.9, 3069489.0 ], [ 4364742.2, 3069473.1 ], [ 4364791.1, 3069488.4 ], [ 4364763.9, 3069496.2 ], [ 4364728.9, 3069489.0 ] ], [ [ 4362227.8, 3069482.6 ], [ 4362200.5, 3069455.4 ], [ 4362169.5, 3069463.7 ], [ 4362153.2, 3069439.3 ], [ 4362113.9, 3069439.1 ], [ 4362119.0, 3069355.7 ], [ 4362173.1, 3069316.6 ], [ 4362198.0, 3069401.8 ], [ 4362237.0, 3069479.2 ], [ 4362227.8, 3069482.6 ] ], [ [ 4361222.4, 3068505.6 ], [ 4361196.3, 3068440.2 ], [ 4361196.6, 3068395.6 ], [ 4361162.6, 3068334.4 ], [ 4361170.1, 3068316.7 ], [ 4361239.1, 3068415.0 ], [ 4361379.2, 3068484.2 ], [ 4361381.6, 3068516.5 ], [ 4361424.2, 3068570.4 ], [ 4361420.6, 3068598.3 ], [ 4361394.0, 3068627.9 ], [ 4361370.5, 3068638.4 ], [ 4361273.0, 3068602.7 ], [ 4361254.9, 3068551.5 ], [ 4361212.9, 3068526.9 ], [ 4361222.4, 3068505.6 ] ], [ [ 4359417.4, 3068463.4 ], [ 4359386.4, 3068460.5 ], [ 4359388.4, 3068426.2 ], [ 4359557.9, 3068381.6 ], [ 4359624.2, 3068340.5 ], [ 4359660.6, 3068302.8 ], [ 4359699.4, 3068214.2 ], [ 4359715.5, 3068208.7 ], [ 4359729.1, 3068181.1 ], [ 4359863.2, 3068073.9 ], [ 4359901.3, 3068030.0 ], [ 4359903.6, 3068012.6 ], [ 4359892.5, 3067999.1 ], [ 4359812.4, 3067986.0 ], [ 4359735.2, 3067945.4 ], [ 4359720.6, 3067954.6 ], [ 4359632.7, 3068105.5 ], [ 4359599.8, 3068071.3 ], [ 4359599.8, 3068064.3 ], [ 4359623.5, 3068054.0 ], [ 4359631.0, 3068041.3 ], [ 4359635.5, 3067993.4 ], [ 4359610.6, 3067971.6 ], [ 4359616.6, 3067948.8 ], [ 4359696.9, 3067885.9 ], [ 4359716.6, 3067908.8 ], [ 4359741.2, 3067904.8 ], [ 4359774.2, 3067842.4 ], [ 4359859.2, 3067749.5 ], [ 4359931.3, 3067713.4 ], [ 4359982.5, 3067703.5 ], [ 4360049.4, 3067706.0 ], [ 4360166.6, 3067751.3 ], [ 4360222.1, 3067804.2 ], [ 4360144.9, 3067877.2 ], [ 4360108.4, 3067853.6 ], [ 4360165.9, 3067792.6 ], [ 4360161.3, 3067765.6 ], [ 4360147.1, 3067752.1 ], [ 4360126.6, 3067753.0 ], [ 4360096.6, 3067783.5 ], [ 4360039.6, 3067799.0 ], [ 4360024.0, 3067816.7 ], [ 4360023.3, 3067835.1 ], [ 4360035.4, 3067850.0 ], [ 4360078.5, 3067862.6 ], [ 4360017.8, 3067920.0 ], [ 4360016.8, 3067938.3 ], [ 4360038.3, 3067975.0 ], [ 4359996.0, 3068020.2 ], [ 4360020.6, 3068119.2 ], [ 4359979.9, 3068162.9 ], [ 4359985.4, 3068180.6 ], [ 4360014.7, 3068203.8 ], [ 4360003.9, 3068298.1 ], [ 4359960.1, 3068253.2 ], [ 4359942.4, 3068258.1 ], [ 4359914.9, 3068284.9 ], [ 4359884.4, 3068285.1 ], [ 4359874.9, 3068266.2 ], [ 4359839.1, 3068254.8 ], [ 4359847.7, 3068227.1 ], [ 4359838.9, 3068198.4 ], [ 4359805.8, 3068169.1 ], [ 4359787.5, 3068166.9 ], [ 4359770.0, 3068178.9 ], [ 4359751.4, 3068222.3 ], [ 4359730.5, 3068222.0 ], [ 4359717.1, 3068232.0 ], [ 4359690.9, 3068350.9 ], [ 4359639.1, 3068389.8 ], [ 4359585.6, 3068406.6 ], [ 4359565.9, 3068421.0 ], [ 4359417.4, 3068463.4 ] ], [ [ 4361726.2, 3068266.0 ], [ 4361591.5, 3068167.2 ], [ 4361487.0, 3068103.6 ], [ 4361451.4, 3068063.7 ], [ 4361402.1, 3067985.5 ], [ 4361288.1, 3067955.8 ], [ 4361280.5, 3067939.7 ], [ 4361158.3, 3067839.0 ], [ 4361141.0, 3067840.1 ], [ 4361117.4, 3067854.9 ], [ 4361100.5, 3067848.7 ], [ 4361085.1, 3067855.3 ], [ 4361066.9, 3067844.2 ], [ 4361022.8, 3067852.7 ], [ 4360967.3, 3067883.4 ], [ 4360900.7, 3067952.8 ], [ 4360897.7, 3067966.4 ], [ 4360915.0, 3068029.4 ], [ 4360892.1, 3068036.1 ], [ 4360852.1, 3067965.8 ], [ 4360838.3, 3067959.9 ], [ 4360814.6, 3067965.4 ], [ 4360805.9, 3067951.6 ], [ 4360772.4, 3067941.5 ], [ 4360752.8, 3067921.5 ], [ 4360740.7, 3067880.3 ], [ 4360708.8, 3067852.6 ], [ 4360703.1, 3067830.3 ], [ 4360689.4, 3067815.0 ], [ 4360686.3, 3067772.7 ], [ 4360694.4, 3067765.5 ], [ 4360700.7, 3067798.2 ], [ 4360720.5, 3067821.5 ], [ 4360734.2, 3067824.2 ], [ 4360802.3, 3067805.7 ], [ 4360873.7, 3067864.4 ], [ 4360907.0, 3067883.9 ], [ 4360924.7, 3067884.8 ], [ 4360986.0, 3067838.4 ], [ 4361033.2, 3067786.5 ], [ 4361120.0, 3067772.9 ], [ 4361176.6, 3067724.1 ], [ 4361185.3, 3067723.9 ], [ 4361256.6, 3067810.5 ], [ 4361296.4, 3067825.4 ], [ 4361310.0, 3067851.9 ], [ 4361311.9, 3067884.3 ], [ 4361349.0, 3067922.3 ], [ 4361507.5, 3068036.7 ], [ 4361604.4, 3068140.9 ], [ 4361713.0, 3068239.5 ], [ 4361730.0, 3068245.5 ], [ 4361726.2, 3068266.0 ] ], [ [ 4360728.5, 3068000.7 ], [ 4360756.0, 3068000.7 ], [ 4360763.6, 3068016.2 ], [ 4360778.6, 3068021.8 ], [ 4360765.9, 3068066.3 ], [ 4360680.1, 3068057.4 ], [ 4360655.6, 3067983.9 ], [ 4360706.5, 3067986.6 ], [ 4360728.5, 3068000.7 ] ], [ [ 4361136.2, 3068247.2 ], [ 4361070.2, 3068241.6 ], [ 4361040.2, 3068229.1 ], [ 4360958.9, 3068152.2 ], [ 4360953.8, 3068127.7 ], [ 4361003.2, 3068108.9 ], [ 4361074.1, 3068197.8 ], [ 4361136.2, 3068247.2 ] ], [ [ 4360186.0, 3067525.7 ], [ 4360225.3, 3067538.6 ], [ 4360240.6, 3067610.4 ], [ 4360202.0, 3067662.5 ], [ 4360172.1, 3067661.6 ], [ 4360163.5, 3067647.2 ], [ 4360154.0, 3067568.2 ], [ 4360186.0, 3067525.7 ] ], [ [ 4360443.7, 3067258.8 ], [ 4360474.0, 3067254.3 ], [ 4360489.1, 3067266.5 ], [ 4360481.7, 3067296.4 ], [ 4360443.7, 3067258.8 ] ], [ [ 4369619.1, 3066995.9 ], [ 4369637.2, 3066896.1 ], [ 4369742.6, 3066901.4 ], [ 4369746.9, 3066920.5 ], [ 4369770.4, 3066940.2 ], [ 4369716.5, 3066995.3 ], [ 4369619.1, 3066995.9 ] ], [ [ 4366839.8, 3066884.6 ], [ 4366842.2, 3066813.1 ], [ 4366888.6, 3066821.5 ], [ 4366875.5, 3066886.4 ], [ 4366839.8, 3066884.6 ] ], [ [ 4367553.1, 3065977.1 ], [ 4367504.4, 3065912.8 ], [ 4367476.2, 3065849.4 ], [ 4367489.0, 3065820.5 ], [ 4367492.6, 3065767.7 ], [ 4367525.8, 3065844.9 ], [ 4367575.6, 3065915.8 ], [ 4367553.1, 3065977.1 ] ], [ [ 4372514.6, 3071899.7 ], [ 4372504.5, 3071929.9 ], [ 4372475.7, 3071919.6 ], [ 4372457.4, 3071930.8 ], [ 4372433.0, 3072062.0 ], [ 4372421.7, 3072060.5 ], [ 4372410.4, 3072008.7 ], [ 4372438.7, 3071845.3 ], [ 4372481.2, 3071850.2 ], [ 4372499.3, 3071889.3 ], [ 4372514.6, 3071899.7 ] ], [ [ 4370612.4, 3072033.3 ], [ 4370605.8, 3072047.4 ], [ 4370568.0, 3072035.8 ], [ 4370576.9, 3072018.9 ], [ 4370612.4, 3072033.3 ] ] ] } },
{ "type": "Feature", "properties": { "id": "forest_87503", "state": "Thüringen", "area_ha": 6183.8, "unfragmented": true, "image": "forest_87503.webp", "real_width_m": 12708.7, "real_height_m": 11038.5, "pixel_width": 1270, "pixel_height": 1103, "centroid_x": 4360207.2, "centroid_y": 3077051.2 }, "geometry": { "type": "Polygon", "coordinates": [ [ [ 4360997.0, 3082414.3 ], [ 4361022.1, 3082414.2 ], [ 4361041.1, 3082424.6 ], [ 4361061.5, 3082410.1 ], [ 4361067.0, 3082363.8 ], [ 4361042.4, 3082289.8 ], [ 4361061.1, 3082297.1 ], [ 4361075.1, 3082314.0 ], [ 4361101.3, 3082397.0 ], [ 4361144.3, 3082420.1 ], [ 4361151.9, 3082515.2 ], [ 4361209.0, 3082530.9 ], [ 4361249.1, 3082521.5 ], [ 4361281.9, 3082473.0 ], [ 4361324.3, 3082461.7 ], [ 4361503.1, 3082469.8 ], [ 4361595.5, 3082432.6 ], [ 4361614.7, 3082441.3 ], [ 4361645.2, 3082491.5 ], [ 4361701.6, 3082501.6 ], [ 4361713.7, 3082537.8 ], [ 4361730.3, 3082549.6 ], [ 4361744.0, 3082547.0 ], [ 4361785.6, 3082514.5 ], [ 4361956.3, 3082519.9 ], [ 4362036.3, 3082502.8 ], [ 4362123.5, 3082535.0 ], [ 4362189.5, 3082536.6 ], [ 4362249.8, 3082521.8 ], [ 4362345.5, 3082478.5 ], [ 4362481.5, 3082408.0 ], [ 4362527.0, 3082375.6 ], [ 4362561.0, 3082390.1 ], [ 4362555.5, 3082449.9 ], [ 4362570.2, 3082501.8 ], [ 4362586.0, 3082514.3 ], [ 4363004.0, 3082508.1 ], [ 4363140.5, 3082451.4 ], [ 4363174.2, 3082424.4 ], [ 4363192.5, 3082345.4 ], [ 4363215.2, 3082301.5 ], [ 4363303.9, 3082188.0 ], [ 4363457.0, 3082089.5 ], [ 4363476.4, 3082039.8 ], [ 4363449.9, 3082009.7 ], [ 4363441.3, 3081984.2 ], [ 4363500.1, 3081992.7 ], [ 4363557.1, 3082027.7 ], [ 4363584.3, 3082032.0 ], [ 4363636.6, 3082006.8 ], [ 4363846.3, 3081955.5 ], [ 4363914.4, 3081903.7 ], [ 4363939.9, 3081866.1 ], [ 4364023.4, 3081804.1 ], [ 4364029.9, 3081787.1 ], [ 4363881.2, 3081603.3 ], [ 4363809.6, 3081539.9 ], [ 4363696.8, 3081514.0 ], [ 4363454.2, 3081439.6 ], [ 4363361.3, 3081426.6 ], [ 4363139.0, 3081294.9 ], [ 4363088.9, 3081299.5 ], [ 4363045.9, 3081272.1 ], [ 4363061.0, 3081247.3 ], [ 4363042.7, 3081093.5 ], [ 4363050.2, 3081055.8 ], [ 4363061.0, 3081079.8 ], [ 4363075.7, 3081089.6 ], [ 4363120.5, 3081254.8 ], [ 4363201.7, 3081307.5 ], [ 4363228.0, 3081341.8 ], [ 4363252.1, 3081356.8 ], [ 4363269.6, 3081359.1 ], [ 4363283.5, 3081348.1 ], [ 4363344.4, 3081374.0 ], [ 4363422.4, 3081377.9 ], [ 4363490.3, 3081406.3 ], [ 4363595.2, 3081416.7 ], [ 4363681.3, 3081438.0 ], [ 4363737.4, 3081433.5 ], [ 4363848.0, 3081457.2 ], [ 4363955.7, 3081530.7 ], [ 4363998.1, 3081580.3 ], [ 4364007.0, 3081615.7 ], [ 4364034.4, 3081645.2 ], [ 4364155.3, 3081684.6 ], [ 4364213.7, 3081733.4 ], [ 4364248.0, 3081734.3 ], [ 4364273.5, 3081710.0 ], [ 4364278.3, 3081673.7 ], [ 4364216.4, 3081516.4 ], [ 4364215.2, 3081422.3 ], [ 4364231.7, 3081369.3 ], [ 4364196.0, 3081346.4 ], [ 4364174.6, 3081345.9 ], [ 4364130.8, 3081290.9 ], [ 4364117.1, 3081251.6 ], [ 4364076.5, 3081184.2 ], [ 4364163.8, 3081137.8 ], [ 4364171.8, 3081115.2 ], [ 4364108.1, 3081023.5 ], [ 4364043.2, 3080997.2 ], [ 4364007.1, 3080964.0 ], [ 4364003.2, 3080936.6 ], [ 4363974.6, 3080908.9 ], [ 4363965.8, 3080869.8 ], [ 4364020.0, 3080897.7 ], [ 4364104.8, 3080896.3 ], [ 4364122.0, 3080887.3 ], [ 4364130.2, 3080857.2 ], [ 4364119.6, 3080842.3 ], [ 4364037.9, 3080796.8 ], [ 4364002.6, 3080755.1 ], [ 4363989.4, 3080720.1 ], [ 4364311.9, 3080729.4 ], [ 4364388.9, 3080677.3 ], [ 4364419.3, 3080666.7 ], [ 4364643.4, 3080619.5 ], [ 4364655.5, 3080606.8 ], [ 4364655.3, 3080585.7 ], [ 4364708.7, 3080561.7 ], [ 4364737.8, 3080609.1 ], [ 4364766.8, 3080632.4 ], [ 4364878.4, 3080578.3 ], [ 4364882.8, 3080555.2 ], [ 4364823.9, 3080483.4 ], [ 4364828.3, 3080468.1 ], [ 4364939.7, 3080420.3 ], [ 4364952.4, 3080400.4 ], [ 4364938.4, 3080368.9 ], [ 4364889.0, 3080324.3 ], [ 4364882.3, 3080295.7 ], [ 4364916.1, 3080277.8 ], [ 4364937.8, 3080278.7 ], [ 4364965.4, 3080298.8 ], [ 4365004.8, 3080303.0 ], [ 4365051.0, 3080291.0 ], [ 4365064.1, 3080280.2 ], [ 4365069.5, 3080255.9 ], [ 4365092.7, 3080243.4 ], [ 4365101.3, 3080228.9 ], [ 4365049.0, 3080124.0 ], [ 4365031.6, 3080117.5 ], [ 4365016.8, 3080124.8 ], [ 4365005.2, 3080115.2 ], [ 4365022.7, 3080097.7 ], [ 4365037.3, 3080097.7 ], [ 4365065.7, 3080078.4 ], [ 4365074.9, 3080059.8 ], [ 4365067.4, 3080044.0 ], [ 4364989.8, 3079976.1 ], [ 4364999.0, 3079956.5 ], [ 4364996.0, 3079928.2 ], [ 4364972.8, 3079911.2 ], [ 4364987.2, 3079845.0 ], [ 4365014.1, 3079837.6 ], [ 4365033.1, 3079779.5 ], [ 4365022.5, 3079757.4 ], [ 4364979.4, 3079753.4 ], [ 4364983.8, 3079717.9 ], [ 4364997.7, 3079695.0 ], [ 4365065.5, 3079662.5 ], [ 4365138.5, 3079659.1 ], [ 4365174.2, 3079677.9 ], [ 4365236.4, 3079734.8 ], [ 4365250.5, 3079738.3 ], [ 4365266.1, 3079729.4 ], [ 4365276.5, 3079696.9 ], [ 4365262.3, 3079656.6 ], [ 4365230.9, 3079624.6 ], [ 4365250.4, 3079606.6 ], [ 4365254.7, 3079588.9 ], [ 4365266.4, 3079587.3 ], [ 4365316.1, 3079609.5 ], [ 4365329.1, 3079651.4 ], [ 4365347.2, 3079663.5 ], [ 4365364.4, 3079657.0 ], [ 4365388.5, 3079628.4 ], [ 4365447.3, 3079601.7 ], [ 4365666.7, 3079584.4 ], [ 4365715.5, 3079589.5 ], [ 4365780.4, 3079611.7 ], [ 4365839.2, 3079648.4 ], [ 4365865.8, 3079779.1 ], [ 4365880.3, 3079792.6 ], [ 4366003.9, 3079787.1 ], [ 4366098.2, 3079754.5 ], [ 4366142.8, 3079726.9 ], [ 4366133.6, 3079757.5 ], [ 4365996.9, 3079811.6 ], [ 4365932.1, 3079826.7 ], [ 4365857.4, 3079917.7 ], [ 4365860.9, 3079934.4 ], [ 4365906.8, 3079997.3 ], [ 4365933.5, 3080006.2 ], [ 4365961.9, 3079986.1 ], [ 4365969.1, 3079918.7 ], [ 4366064.6, 3079846.7 ], [ 4366126.8, 3079817.6 ], [ 4366164.6, 3079809.3 ], [ 4366183.1, 3079837.0 ], [ 4366207.4, 3079840.4 ], [ 4366262.8, 3079941.6 ], [ 4366179.4, 3079992.6 ], [ 4366138.4, 3079931.4 ], [ 4366123.9, 3079927.6 ], [ 4366106.1, 3079935.9 ], [ 4366100.8, 3079959.2 ], [ 4366128.7, 3080009.3 ], [ 4366084.0, 3080029.8 ], [ 4366041.4, 3080072.2 ], [ 4366029.1, 3080101.8 ], [ 4366049.6, 3080120.8 ], [ 4366351.6, 3079961.1 ], [ 4366430.9, 3079878.0 ], [ 4366487.7, 3079834.8 ], [ 4366593.7, 3079786.0 ], [ 4366657.1, 3079766.2 ], [ 4366673.5, 3079746.6 ], [ 4366674.0, 3079731.9 ], [ 4366656.5, 3079698.8 ], [ 4366581.7, 3079622.7 ], [ 4366563.2, 3079620.9 ], [ 4366538.6, 3079642.1 ], [ 4366512.9, 3079641.2 ], [ 4366511.1, 3079621.3 ], [ 4366550.4, 3079610.6 ], [ 4366557.7, 3079584.0 ], [ 4366411.6, 3079356.2 ], [ 4366396.3, 3079347.9 ], [ 4366378.1, 3079353.8 ], [ 4366294.7, 3079276.1 ], [ 4366195.1, 3079202.6 ], [ 4366139.6, 3079127.6 ], [ 4366101.6, 3079014.6 ], [ 4366104.2, 3078978.9 ], [ 4366070.8, 3078948.4 ], [ 4366069.7, 3078888.1 ], [ 4366084.4, 3078865.2 ], [ 4366056.9, 3078785.2 ], [ 4366066.1, 3078769.8 ], [ 4366060.9, 3078752.7 ], [ 4365873.4, 3078633.3 ], [ 4365748.2, 3078576.6 ], [ 4365684.6, 3078537.8 ], [ 4365579.9, 3078419.3 ], [ 4365562.4, 3078420.3 ], [ 4365548.6, 3078435.3 ], [ 4365503.3, 3078413.9 ], [ 4365459.8, 3078408.5 ], [ 4365386.5, 3078477.9 ], [ 4365326.2, 3078600.9 ], [ 4365239.2, 3078722.3 ], [ 4365242.6, 3078742.8 ], [ 4365266.8, 3078756.7 ], [ 4365243.4, 3078840.0 ], [ 4365254.9, 3078887.5 ], [ 4365284.9, 3078950.4 ], [ 4365281.4, 3078968.9 ], [ 4365250.6, 3078967.9 ], [ 4365213.7, 3078999.5 ], [ 4365184.6, 3079006.6 ], [ 4365166.4, 3078992.8 ], [ 4365146.5, 3078950.3 ], [ 4365131.5, 3078935.5 ], [ 4365094.6, 3078938.1 ], [ 4365062.9, 3078927.5 ], [ 4365032.7, 3078867.6 ], [ 4365021.9, 3078859.5 ], [ 4364955.6, 3078857.0 ], [ 4364906.2, 3078837.6 ], [ 4364809.0, 3078828.1 ], [ 4364726.0, 3078849.2 ], [ 4364711.7, 3078837.9 ], [ 4364693.6, 3078838.3 ], [ 4364681.9, 3078852.3 ], [ 4364682.7, 3078881.8 ], [ 4364631.4, 3078819.2 ], [ 4364547.9, 3078771.4 ], [ 4364544.8, 3078670.2 ], [ 4364581.8, 3078676.5 ], [ 4364600.6, 3078666.2 ], [ 4364629.0, 3078603.3 ], [ 4364627.9, 3078559.9 ], [ 4364689.0, 3078563.2 ], [ 4364697.3, 3078634.2 ], [ 4364719.7, 3078698.5 ], [ 4364795.6, 3078721.6 ], [ 4364850.8, 3078754.1 ], [ 4364915.8, 3078777.5 ], [ 4364964.6, 3078784.8 ], [ 4365075.5, 3078739.7 ], [ 4365138.5, 3078736.4 ], [ 4365203.0, 3078684.8 ], [ 4365317.1, 3078517.7 ], [ 4365337.5, 3078523.2 ], [ 4365352.4, 3078515.3 ], [ 4365400.6, 3078397.1 ], [ 4365443.0, 3078359.3 ], [ 4365481.8, 3078345.9 ], [ 4365493.6, 3078321.4 ], [ 4365488.8, 3078302.2 ], [ 4365341.5, 3078127.6 ], [ 4365274.2, 3078062.8 ], [ 4365267.0, 3078039.2 ], [ 4365192.1, 3077963.5 ], [ 4365078.2, 3077888.7 ], [ 4365012.0, 3077827.6 ], [ 4365008.5, 3077804.7 ], [ 4364926.4, 3077744.4 ], [ 4364879.6, 3077677.0 ], [ 4364825.7, 3077625.8 ], [ 4364801.0, 3077621.7 ], [ 4364701.7, 3077572.9 ], [ 4364688.1, 3077579.4 ], [ 4364641.0, 3077641.5 ], [ 4364561.9, 3077606.0 ], [ 4364539.8, 3077577.0 ], [ 4364522.7, 3077571.0 ], [ 4364375.5, 3077611.9 ], [ 4364243.5, 3077593.0 ], [ 4364150.2, 3077597.3 ], [ 4363995.1, 3077638.6 ], [ 4363816.8, 3077645.7 ], [ 4363705.2, 3077666.9 ], [ 4363667.6, 3077660.9 ], [ 4363546.2, 3077693.2 ], [ 4363535.0, 3077672.2 ], [ 4363477.7, 3077651.9 ], [ 4363408.7, 3077653.1 ], [ 4363348.8, 3077679.2 ], [ 4363334.6, 3077698.9 ], [ 4363215.0, 3077742.5 ], [ 4363138.6, 3077807.2 ], [ 4363101.8, 3077822.0 ], [ 4362853.2, 3077846.5 ], [ 4362836.1, 3077826.8 ], [ 4362814.4, 3077825.2 ], [ 4362800.0, 3077835.5 ], [ 4362786.8, 3077868.4 ], [ 4362742.7, 3077851.6 ], [ 4362698.6, 3077808.8 ], [ 4362687.4, 3077773.3 ], [ 4362713.5, 3077731.0 ], [ 4362707.1, 3077706.2 ], [ 4362521.5, 3077661.5 ], [ 4362562.1, 3077597.2 ], [ 4362607.2, 3077559.3 ], [ 4362607.3, 3077541.1 ], [ 4362588.0, 3077513.8 ], [ 4362589.2, 3077481.6 ], [ 4362667.9, 3077470.7 ], [ 4362717.8, 3077450.7 ], [ 4362730.6, 3077483.7 ], [ 4362723.6, 3077499.3 ], [ 4362691.6, 3077519.1 ], [ 4362686.5, 3077536.6 ], [ 4362699.7, 3077553.7 ], [ 4362746.8, 3077565.3 ], [ 4362757.7, 3077595.6 ], [ 4362734.0, 3077605.5 ], [ 4362727.1, 3077638.8 ], [ 4362742.2, 3077674.2 ], [ 4362783.2, 3077692.6 ], [ 4362917.1, 3077679.8 ], [ 4362950.3, 3077763.4 ], [ 4362981.9, 3077793.0 ], [ 4363048.9, 3077787.2 ], [ 4363150.4, 3077721.6 ], [ 4363228.3, 3077709.0 ], [ 4363285.2, 3077676.8 ], [ 4363289.9, 3077663.1 ], [ 4363282.4, 3077646.9 ], [ 4363148.3, 3077572.5 ], [ 4363053.1, 3077529.3 ], [ 4362937.2, 3077501.4 ], [ 4362888.9, 3077461.1 ], [ 4362805.4, 3077456.3 ], [ 4362785.6, 3077440.1 ], [ 4362757.5, 3077398.8 ], [ 4362766.8, 3077334.7 ], [ 4362762.8, 3077314.4 ], [ 4362825.1, 3077230.9 ], [ 4362834.1, 3077208.3 ], [ 4362923.9, 3077310.3 ], [ 4362979.0, 3077344.2 ], [ 4362983.2, 3077372.9 ], [ 4363040.0, 3077413.0 ], [ 4363099.4, 3077483.0 ], [ 4363148.4, 3077507.1 ], [ 4363184.7, 3077533.0 ], [ 4363197.4, 3077551.5 ], [ 4363261.9, 3077590.1 ], [ 4363363.8, 3077622.2 ], [ 4363430.9, 3077616.8 ], [ 4363524.2, 3077627.4 ], [ 4363570.2, 3077613.9 ], [ 4363577.3, 3077597.6 ], [ 4363572.0, 3077568.2 ], [ 4363527.5, 3077477.9 ], [ 4363531.6, 3077474.0 ], [ 4363612.4, 3077516.1 ], [ 4363655.8, 3077563.1 ], [ 4363710.5, 3077567.5 ], [ 4363728.1, 3077555.1 ], [ 4363728.4, 3077536.8 ], [ 4363673.2, 3077453.9 ], [ 4363616.9, 3077383.6 ], [ 4363529.2, 3077304.3 ], [ 4363517.7, 3077285.1 ], [ 4363545.3, 3077290.1 ], [ 4363770.0, 3077461.6 ], [ 4363824.8, 3077529.0 ], [ 4363840.0, 3077563.5 ], [ 4363856.2, 3077572.3 ], [ 4363947.8, 3077565.8 ], [ 4364112.7, 3077519.7 ], [ 4364176.9, 3077380.6 ], [ 4364198.4, 3077317.9 ], [ 4364190.6, 3077285.8 ], [ 4364125.4, 3077226.7 ], [ 4364142.9, 3077186.2 ], [ 4364119.1, 3077129.9 ], [ 4364101.6, 3077110.3 ], [ 4364098.6, 3077044.5 ], [ 4364077.7, 3077030.0 ], [ 4364066.6, 3076959.0 ], [ 4364050.7, 3076947.1 ], [ 4363955.7, 3076761.7 ], [ 4363915.1, 3076726.8 ], [ 4363802.0, 3076733.2 ], [ 4363757.5, 3076731.1 ], [ 4363746.3, 3076720.0 ], [ 4363757.1, 3076658.8 ], [ 4363703.7, 3076540.7 ], [ 4363752.2, 3076491.6 ], [ 4363751.5, 3076464.5 ], [ 4363735.8, 3076456.5 ], [ 4363668.1, 3076463.7 ], [ 4363613.1, 3076459.9 ], [ 4363583.2, 3076477.9 ], [ 4363560.2, 3076430.3 ], [ 4363406.4, 3076311.1 ], [ 4363330.9, 3076272.2 ], [ 4363291.1, 3076289.4 ], [ 4363257.5, 3076265.4 ], [ 4363245.1, 3076234.8 ], [ 4363265.0, 3076187.2 ], [ 4363266.9, 3076140.7 ], [ 4363171.3, 3076008.7 ], [ 4363180.8, 3075980.1 ], [ 4363176.0, 3075953.1 ], [ 4363166.0, 3075942.7 ], [ 4363015.3, 3075951.2 ], [ 4362886.2, 3076016.8 ], [ 4362867.5, 3076032.5 ], [ 4362826.0, 3076093.8 ], [ 4362748.8, 3076157.0 ], [ 4362369.0, 3076337.5 ], [ 4362204.0, 3076472.9 ], [ 4362159.7, 3076537.2 ], [ 4362155.1, 3076533.0 ], [ 4362164.7, 3076511.0 ], [ 4362154.9, 3076493.2 ], [ 4362214.5, 3076419.3 ], [ 4362301.2, 3076343.7 ], [ 4362429.6, 3076267.4 ], [ 4362460.3, 3076263.1 ], [ 4362533.7, 3076234.2 ], [ 4362565.2, 3076210.3 ], [ 4362642.6, 3076181.6 ], [ 4362708.0, 3076144.4 ], [ 4362753.0, 3076104.3 ], [ 4362806.8, 3076070.8 ], [ 4362840.4, 3076018.1 ], [ 4362935.0, 3075954.3 ], [ 4362960.1, 3075924.7 ], [ 4362996.2, 3075906.1 ], [ 4363148.3, 3075915.0 ], [ 4363229.3, 3075891.1 ], [ 4363291.6, 3075859.6 ], [ 4363383.8, 3075854.8 ], [ 4363398.2, 3075844.3 ], [ 4363396.7, 3075820.1 ], [ 4363364.1, 3075792.9 ], [ 4363305.5, 3075788.9 ], [ 4363300.0, 3075715.9 ], [ 4363272.1, 3075699.1 ], [ 4363277.6, 3075621.7 ], [ 4363263.1, 3075602.3 ], [ 4363215.3, 3075609.8 ], [ 4363149.7, 3075691.3 ], [ 4363062.7, 3075698.4 ], [ 4363034.8, 3075514.1 ], [ 4363265.9, 3075492.2 ], [ 4363288.2, 3075504.0 ], [ 4363334.3, 3075476.7 ], [ 4363331.8, 3075452.9 ], [ 4363271.3, 3075394.3 ], [ 4363285.3, 3075367.6 ], [ 4363276.4, 3075348.3 ], [ 4363192.9, 3075311.6 ], [ 4363125.4, 3075303.3 ], [ 4363124.8, 3075213.8 ], [ 4363219.6, 3075069.1 ], [ 4363414.9, 3075200.3 ], [ 4363433.1, 3075200.2 ], [ 4363443.6, 3075189.9 ], [ 4363436.3, 3075156.5 ], [ 4363396.6, 3075126.1 ], [ 4363368.8, 3075074.2 ], [ 4363343.0, 3075066.9 ], [ 4363294.6, 3075001.2 ], [ 4363353.2, 3075036.6 ], [ 4363374.1, 3075038.4 ], [ 4363434.6, 3075104.1 ], [ 4363456.3, 3075107.1 ], [ 4363485.7, 3075071.1 ], [ 4363490.9, 3075039.4 ], [ 4363482.2, 3075024.3 ], [ 4363399.6, 3074955.8 ], [ 4363399.9, 3074922.3 ], [ 4363411.0, 3074912.8 ], [ 4363443.0, 3074899.6 ], [ 4363565.7, 3074932.8 ], [ 4363658.5, 3074865.7 ], [ 4363667.3, 3074844.4 ], [ 4363696.1, 3074827.7 ], [ 4363718.9, 3074836.8 ], [ 4363817.5, 3074799.5 ], [ 4363844.1, 3074805.1 ], [ 4363858.9, 3074794.6 ], [ 4363859.3, 3074705.4 ], [ 4363852.2, 3074672.2 ], [ 4363827.5, 3074634.7 ], [ 4363826.4, 3074609.0 ], [ 4363713.1, 3074546.7 ], [ 4363687.3, 3074515.8 ], [ 4363647.8, 3074495.7 ], [ 4363552.7, 3074385.6 ], [ 4363573.1, 3074369.8 ], [ 4363612.4, 3074403.0 ], [ 4363611.6, 3074419.7 ], [ 4363620.6, 3074431.5 ], [ 4363686.4, 3074476.3 ], [ 4363767.8, 3074517.4 ], [ 4363780.8, 3074532.7 ], [ 4363799.6, 3074533.3 ], [ 4363834.7, 3074563.1 ], [ 4363860.8, 3074553.5 ], [ 4363870.8, 3074513.2 ], [ 4363865.2, 3074449.9 ], [ 4363875.8, 3074363.1 ], [ 4363825.2, 3074056.7 ], [ 4363808.5, 3074014.4 ], [ 4363764.0, 3073971.2 ], [ 4363526.8, 3073868.1 ], [ 4363473.1, 3073853.6 ], [ 4363363.6, 3073765.9 ], [ 4363327.9, 3073768.9 ], [ 4363265.9, 3073794.0 ], [ 4363196.0, 3073789.6 ], [ 4363167.5, 3073763.9 ], [ 4363133.2, 3073698.7 ], [ 4363093.9, 3073662.6 ], [ 4363052.9, 3073637.9 ], [ 4362894.3, 3073584.2 ], [ 4362657.8, 3073552.4 ], [ 4362629.9, 3073530.9 ], [ 4362583.1, 3073461.2 ], [ 4362547.5, 3073437.2 ], [ 4362359.4, 3073402.9 ], [ 4362335.4, 3073379.0 ], [ 4362323.4, 3073350.1 ], [ 4362291.3, 3073076.6 ], [ 4362272.1, 3073020.7 ], [ 4362237.0, 3072984.0 ], [ 4362216.3, 3072990.0 ], [ 4362205.4, 3073018.9 ], [ 4362144.5, 3073015.7 ], [ 4362134.8, 3072991.6 ], [ 4362114.9, 3072984.2 ], [ 4362048.0, 3073005.7 ], [ 4361921.5, 3073027.1 ], [ 4361837.6, 3073067.2 ], [ 4361766.0, 3073128.8 ], [ 4361614.0, 3073310.0 ], [ 4361564.8, 3073348.2 ], [ 4361527.6, 3073364.4 ], [ 4361490.1, 3073371.3 ], [ 4361434.6, 3073368.7 ], [ 4361210.6, 3073315.7 ], [ 4361023.0, 3073299.8 ], [ 4360946.8, 3073315.4 ], [ 4360943.1, 3073339.0 ], [ 4360970.8, 3073371.8 ], [ 4360912.7, 3073421.7 ], [ 4360894.0, 3073403.9 ], [ 4360869.0, 3073351.5 ], [ 4360851.4, 3073346.5 ], [ 4360832.1, 3073358.0 ], [ 4360802.7, 3073391.9 ], [ 4360726.4, 3073514.6 ], [ 4360577.0, 3073676.9 ], [ 4360471.0, 3073836.8 ], [ 4360381.0, 3073932.6 ], [ 4360344.7, 3073984.6 ], [ 4360327.1, 3074031.8 ], [ 4360284.7, 3074236.2 ], [ 4360285.1, 3074340.8 ], [ 4360274.8, 3074446.1 ], [ 4360235.4, 3074536.7 ], [ 4360224.5, 3074589.5 ], [ 4360173.5, 3074575.6 ], [ 4360175.4, 3074512.5 ], [ 4360225.1, 3074459.6 ], [ 4360237.7, 3074432.1 ], [ 4360241.7, 3074340.7 ], [ 4360215.0, 3074226.8 ], [ 4360220.3, 3074206.1 ], [ 4360153.1, 3074101.2 ], [ 4360098.2, 3073965.3 ], [ 4360062.0, 3073914.5 ], [ 4360032.8, 3073888.2 ], [ 4359948.6, 3073831.5 ], [ 4359852.2, 3073817.8 ], [ 4359800.5, 3073847.5 ], [ 4359768.1, 3073883.5 ], [ 4359751.3, 3073872.4 ], [ 4359747.6, 3073850.0 ], [ 4359732.6, 3073841.0 ], [ 4359660.5, 3073873.0 ], [ 4359635.2, 3073852.4 ], [ 4359562.2, 3073872.4 ], [ 4359501.2, 3073901.3 ], [ 4359494.0, 3073958.3 ], [ 4359446.9, 3073951.1 ], [ 4359445.7, 3073917.8 ], [ 4359433.4, 3073904.7 ], [ 4359388.1, 3073909.3 ], [ 4359366.8, 3073934.8 ], [ 4359340.1, 3074012.5 ], [ 4359320.5, 3074108.6 ], [ 4359322.1, 3074156.6 ], [ 4359360.5, 3074208.9 ], [ 4359384.8, 3074219.3 ], [ 4359363.4, 3074385.6 ], [ 4359374.8, 3074446.7 ], [ 4359461.2, 3074545.3 ], [ 4359509.6, 3074615.5 ], [ 4359502.3, 3074640.4 ], [ 4359477.7, 3074653.6 ], [ 4359407.8, 3074581.2 ], [ 4359407.2, 3074538.5 ], [ 4359372.8, 3074502.9 ], [ 4359335.5, 3074447.0 ], [ 4359315.1, 3074439.5 ], [ 4359297.7, 3074453.5 ], [ 4359279.6, 3074387.6 ], [ 4359275.3, 3074328.2 ], [ 4359277.7, 3074148.9 ], [ 4359321.9, 3073968.4 ], [ 4359355.1, 3073913.6 ], [ 4359354.5, 3073899.0 ], [ 4359342.9, 3073883.8 ], [ 4359495.5, 3073765.2 ], [ 4359525.4, 3073771.3 ], [ 4359542.0, 3073763.5 ], [ 4359562.1, 3073770.6 ], [ 4359619.0, 3073746.6 ], [ 4359654.2, 3073717.7 ], [ 4359660.4, 3073677.5 ], [ 4359603.7, 3073577.5 ], [ 4359499.0, 3073444.2 ], [ 4359456.7, 3073358.6 ], [ 4359388.7, 3073294.1 ], [ 4359346.9, 3073191.1 ], [ 4359283.3, 3073101.2 ], [ 4359211.9, 3072939.4 ], [ 4359109.6, 3072809.7 ], [ 4359063.4, 3072735.4 ], [ 4359013.7, 3072714.2 ], [ 4358921.6, 3072697.6 ], [ 4358792.1, 3072642.1 ], [ 4358704.8, 3072649.2 ], [ 4358673.7, 3072687.9 ], [ 4358616.7, 3072688.4 ], [ 4358588.1, 3072697.8 ], [ 4358580.1, 3072714.5 ], [ 4358587.8, 3072731.4 ], [ 4358560.3, 3072781.2 ], [ 4358526.6, 3072817.7 ], [ 4358504.9, 3072832.7 ], [ 4358476.1, 3072819.3 ], [ 4358461.4, 3072821.2 ], [ 4358415.0, 3072884.4 ], [ 4358384.1, 3072869.4 ], [ 4358367.0, 3072874.2 ], [ 4358316.6, 3072952.2 ], [ 4358233.4, 3073021.9 ], [ 4358190.4, 3073029.2 ], [ 4358138.3, 3073088.1 ], [ 4358101.5, 3073068.7 ], [ 4358070.9, 3073089.5 ], [ 4358014.6, 3073063.8 ], [ 4357989.6, 3073066.2 ], [ 4357680.3, 3072978.1 ], [ 4357699.0, 3072902.3 ], [ 4357658.8, 3072804.5 ], [ 4357767.7, 3072755.9 ], [ 4357841.1, 3072649.9 ], [ 4357920.4, 3072574.7 ], [ 4357916.5, 3072557.1 ], [ 4357900.7, 3072548.4 ], [ 4357836.5, 3072574.2 ], [ 4357820.2, 3072566.6 ], [ 4357842.8, 3072458.6 ], [ 4357858.1, 3072440.7 ], [ 4357895.5, 3072432.7 ], [ 4357904.0, 3072417.6 ], [ 4357900.0, 3072394.2 ], [ 4357869.0, 3072366.5 ], [ 4357865.9, 3072355.1 ], [ 4357879.9, 3072296.8 ], [ 4357877.9, 3072252.4 ], [ 4357993.4, 3072299.9 ], [ 4358051.9, 3072343.2 ], [ 4358037.5, 3072358.9 ], [ 4358013.4, 3072353.7 ], [ 4357997.5, 3072362.8 ], [ 4357992.6, 3072384.9 ], [ 4358002.8, 3072417.0 ], [ 4357994.6, 3072433.2 ], [ 4357972.4, 3072445.0 ], [ 4357962.0, 3072485.1 ], [ 4357968.8, 3072497.4 ], [ 4358003.0, 3072513.8 ], [ 4358076.0, 3072575.2 ], [ 4358139.9, 3072602.2 ], [ 4358158.7, 3072622.4 ], [ 4358216.8, 3072655.4 ], [ 4358299.9, 3072690.0 ], [ 4358367.2, 3072683.6 ], [ 4358383.2, 3072642.2 ], [ 4358417.3, 3072636.7 ], [ 4358423.2, 3072610.3 ], [ 4358369.7, 3072573.1 ], [ 4358243.1, 3072460.6 ], [ 4358053.8, 3072258.4 ], [ 4358030.7, 3072255.0 ], [ 4358016.4, 3072239.9 ], [ 4358016.3, 3072215.7 ], [ 4357987.4, 3072188.9 ], [ 4357966.6, 3072180.5 ], [ 4357890.4, 3072177.8 ], [ 4357818.5, 3072151.7 ], [ 4357804.8, 3072154.7 ], [ 4357793.7, 3072168.1 ], [ 4357730.3, 3072133.9 ], [ 4357736.2, 3072117.0 ], [ 4357731.7, 3072103.8 ], [ 4357652.3, 3072040.1 ], [ 4357577.2, 3071917.7 ], [ 4357560.6, 3071909.7 ], [ 4357546.5, 3071914.5 ], [ 4357509.6, 3071853.5 ], [ 4357518.5, 3071830.1 ], [ 4357502.1, 3071810.3 ], [ 4357483.8, 3071808.4 ], [ 4357446.7, 3071831.5 ], [ 4357400.8, 3071805.1 ], [ 4357407.1, 3071778.5 ], [ 4357396.8, 3071763.5 ], [ 4357114.9, 3071653.7 ], [ 4357093.0, 3071662.2 ], [ 4357088.8, 3071695.4 ], [ 4357073.1, 3071696.0 ], [ 4356874.8, 3071649.8 ], [ 4356687.2, 3071642.5 ], [ 4356672.7, 3071658.9 ], [ 4356670.8, 3071707.6 ], [ 4356630.7, 3071706.0 ], [ 4356617.9, 3071694.2 ], [ 4356603.8, 3071694.0 ], [ 4356590.7, 3071705.5 ], [ 4356582.1, 3071739.1 ], [ 4356594.0, 3071757.3 ], [ 4356630.5, 3071769.1 ], [ 4356626.3, 3071800.0 ], [ 4356632.2, 3071812.6 ], [ 4356692.8, 3071847.1 ], [ 4356696.5, 3071918.3 ], [ 4356747.9, 3072100.7 ], [ 4356743.8, 3072117.4 ], [ 4356661.5, 3072178.3 ], [ 4356553.6, 3072137.2 ], [ 4356499.0, 3072059.1 ], [ 4356485.0, 3072049.7 ], [ 4356431.8, 3072065.7 ], [ 4356352.1, 3072107.5 ], [ 4356343.2, 3072125.5 ], [ 4356358.2, 3072161.1 ], [ 4356348.3, 3072210.7 ], [ 4356368.6, 3072310.4 ], [ 4356393.6, 3072386.8 ], [ 4356378.1, 3072413.0 ], [ 4356404.4, 3072444.5 ], [ 4356440.9, 3072468.2 ], [ 4356468.7, 3072467.1 ], [ 4356512.3, 3072435.2 ], [ 4356551.5, 3072451.5 ], [ 4356592.7, 3072488.6 ], [ 4356613.1, 3072490.6 ], [ 4356642.6, 3072465.4 ], [ 4356641.8, 3072443.1 ], [ 4356653.7, 3072430.1 ], [ 4356653.6, 3072415.9 ], [ 4356556.7, 3072350.8 ], [ 4356542.8, 3072312.0 ], [ 4356546.5, 3072296.8 ], [ 4356554.1, 3072290.9 ], [ 4356581.2, 3072305.9 ], [ 4356603.8, 3072305.0 ], [ 4356623.9, 3072326.6 ], [ 4356666.5, 3072313.3 ], [ 4356728.3, 3072376.1 ], [ 4356762.2, 3072379.8 ], [ 4356779.3, 3072370.7 ], [ 4356816.6, 3072419.0 ], [ 4356861.5, 3072458.7 ], [ 4356833.4, 3072479.6 ], [ 4356834.9, 3072503.5 ], [ 4356915.0, 3072580.9 ], [ 4356928.9, 3072584.7 ], [ 4356948.7, 3072577.6 ], [ 4357000.3, 3072624.5 ], [ 4357032.7, 3072673.7 ], [ 4357026.2, 3072695.6 ], [ 4357079.1, 3072844.1 ], [ 4357123.2, 3072908.5 ], [ 4357104.6, 3072935.9 ], [ 4357122.4, 3072960.9 ], [ 4357119.0, 3072981.7 ], [ 4357167.5, 3073059.1 ], [ 4357184.4, 3073100.5 ], [ 4357183.9, 3073126.9 ], [ 4357162.7, 3073128.7 ], [ 4357146.9, 3073153.4 ], [ 4357086.2, 3073308.4 ], [ 4357038.2, 3073335.8 ], [ 4357025.6, 3073274.1 ], [ 4357010.1, 3073260.4 ], [ 4356910.2, 3073304.7 ], [ 4356906.5, 3073220.3 ], [ 4356916.2, 3073149.5 ], [ 4356909.2, 3073133.8 ], [ 4356813.2, 3073076.6 ], [ 4356742.2, 3072998.2 ], [ 4356714.7, 3072990.2 ], [ 4356618.8, 3072911.9 ], [ 4356543.5, 3072883.3 ], [ 4356478.0, 3072844.0 ], [ 4356472.9, 3072819.8 ], [ 4356445.3, 3072817.4 ], [ 4356380.3, 3072745.2 ], [ 4356330.6, 3072746.1 ], [ 4356320.5, 3072710.5 ], [ 4356332.2, 3072685.6 ], [ 4356330.0, 3072668.1 ], [ 4356246.1, 3072598.7 ], [ 4356153.3, 3072471.7 ], [ 4356110.3, 3072377.9 ], [ 4356072.9, 3072195.0 ], [ 4356030.1, 3072085.6 ], [ 4355957.5, 3071992.8 ], [ 4355934.0, 3071989.7 ], [ 4355853.3, 3072049.2 ], [ 4355829.8, 3072051.3 ], [ 4355777.5, 3072026.2 ], [ 4355745.7, 3072023.8 ], [ 4355733.6, 3072031.6 ], [ 4355726.0, 3072052.3 ], [ 4355632.9, 3072075.8 ], [ 4355575.7, 3072103.0 ], [ 4355555.7, 3072102.2 ], [ 4355492.5, 3071969.9 ], [ 4355463.1, 3071950.1 ], [ 4355445.6, 3071951.9 ], [ 4355434.6, 3071973.3 ], [ 4355454.1, 3072141.1 ], [ 4355418.9, 3072213.3 ], [ 4355422.7, 3072255.0 ], [ 4355410.4, 3072325.0 ], [ 4355433.1, 3072393.8 ], [ 4355479.3, 3072453.0 ], [ 4355467.8, 3072478.4 ], [ 4355483.1, 3072523.2 ], [ 4355487.3, 3072629.3 ], [ 4355465.1, 3072640.1 ], [ 4355460.1, 3072674.3 ], [ 4355399.6, 3072763.5 ], [ 4355399.4, 3072781.0 ], [ 4355422.5, 3072808.8 ], [ 4355365.2, 3072839.6 ], [ 4355331.2, 3072810.0 ], [ 4355303.1, 3072811.2 ], [ 4355281.7, 3072823.3 ], [ 4355283.9, 3072850.4 ], [ 4355342.1, 3072895.7 ], [ 4355318.6, 3072922.0 ], [ 4355233.2, 3072870.0 ], [ 4355216.4, 3072874.2 ], [ 4355198.1, 3072894.2 ], [ 4355196.2, 3072940.1 ], [ 4355241.1, 3072989.8 ], [ 4355229.4, 3072997.2 ], [ 4355207.4, 3072973.0 ], [ 4355184.0, 3072976.4 ], [ 4355167.1, 3073033.5 ], [ 4355167.6, 3073058.2 ], [ 4355223.5, 3073203.8 ], [ 4355276.7, 3073267.8 ], [ 4355257.5, 3073274.8 ], [ 4355244.5, 3073299.1 ], [ 4355189.3, 3073303.0 ], [ 4355125.6, 3073325.9 ], [ 4355056.0, 3073425.0 ], [ 4355060.7, 3073441.7 ], [ 4355114.3, 3073500.8 ], [ 4355194.7, 3073747.9 ], [ 4355247.0, 3073803.8 ], [ 4355304.5, 3073823.6 ], [ 4355325.8, 3073847.8 ], [ 4355401.6, 3073891.1 ], [ 4355468.1, 3073914.4 ], [ 4355533.6, 3073895.9 ], [ 4355565.8, 3073864.9 ], [ 4355607.4, 3073845.1 ], [ 4355606.5, 3073818.5 ], [ 4355566.5, 3073792.0 ], [ 4355577.4, 3073765.8 ], [ 4355595.4, 3073752.0 ], [ 4355759.1, 3073702.0 ], [ 4355882.3, 3073649.0 ], [ 4356003.2, 3073668.5 ], [ 4356082.6, 3073657.1 ], [ 4356057.3, 3073693.6 ], [ 4355856.2, 3073766.1 ], [ 4355748.6, 3073826.4 ], [ 4355691.4, 3073884.6 ], [ 4355643.3, 3073920.3 ], [ 4355607.4, 3073931.0 ], [ 4355538.8, 3073935.0 ], [ 4355526.1, 3073946.3 ], [ 4355525.5, 3073964.2 ], [ 4355566.9, 3074004.3 ], [ 4355584.9, 3074008.4 ], [ 4355611.6, 3074033.1 ], [ 4355730.3, 3074173.8 ], [ 4355796.9, 3074281.2 ], [ 4355820.5, 3074278.9 ], [ 4355865.7, 3074229.7 ], [ 4355897.0, 3074209.4 ], [ 4355913.7, 3074209.9 ], [ 4355947.6, 3074230.0 ], [ 4356003.7, 3074220.4 ], [ 4356033.2, 3074226.2 ], [ 4355963.9, 3074271.2 ], [ 4355921.3, 3074289.1 ], [ 4355869.8, 3074341.4 ], [ 4355864.9, 3074362.1 ], [ 4355886.4, 3074404.2 ], [ 4355943.8, 3074449.5 ], [ 4356002.0, 3074456.8 ], [ 4356121.9, 3074495.6 ], [ 4356186.9, 3074546.1 ], [ 4356252.4, 3074611.1 ], [ 4356316.3, 3074659.0 ], [ 4356366.8, 3074682.5 ], [ 4356395.3, 3074684.1 ], [ 4356416.3, 3074676.3 ], [ 4356515.2, 3074586.1 ], [ 4356571.8, 3074517.4 ], [ 4356605.5, 3074419.4 ], [ 4356724.1, 3074296.7 ], [ 4356785.4, 3074348.4 ], [ 4356791.2, 3074365.0 ], [ 4356708.3, 3074388.3 ], [ 4356646.9, 3074436.0 ], [ 4356595.4, 3074519.3 ], [ 4356560.8, 3074598.4 ], [ 4356525.2, 3074643.8 ], [ 4356461.3, 3074699.1 ], [ 4356459.0, 3074716.6 ], [ 4356473.6, 3074731.5 ], [ 4356592.6, 3074753.8 ], [ 4356634.4, 3074779.1 ], [ 4356739.8, 3074815.4 ], [ 4356765.3, 3074808.8 ], [ 4356817.3, 3074767.1 ], [ 4356841.0, 3074759.4 ], [ 4356902.4, 3074759.6 ], [ 4356930.2, 3074768.2 ], [ 4357031.6, 3074681.5 ], [ 4357079.2, 3074684.8 ], [ 4357118.9, 3074670.0 ], [ 4357125.2, 3074658.0 ], [ 4357125.0, 3074611.5 ], [ 4357143.4, 3074565.2 ], [ 4357162.3, 3074548.5 ], [ 4357244.9, 3074549.3 ], [ 4357271.9, 3074513.3 ], [ 4357342.6, 3074460.7 ], [ 4357410.2, 3074626.0 ], [ 4357327.6, 3074617.3 ], [ 4357280.9, 3074624.5 ], [ 4357255.1, 3074617.8 ], [ 4357218.0, 3074645.3 ], [ 4357212.3, 3074658.5 ], [ 4357214.8, 3074675.4 ], [ 4357238.5, 3074699.0 ], [ 4357243.1, 3074718.2 ], [ 4357231.4, 3074782.0 ], [ 4357206.3, 3074784.3 ], [ 4357194.0, 3074767.6 ], [ 4357162.4, 3074748.2 ], [ 4357140.1, 3074756.4 ], [ 4357138.7, 3074788.1 ], [ 4357196.7, 3074929.7 ], [ 4357177.4, 3074947.8 ], [ 4357176.1, 3074986.4 ], [ 4357223.9, 3075001.0 ], [ 4357289.0, 3074986.7 ], [ 4357380.1, 3074919.9 ], [ 4357404.5, 3074919.7 ], [ 4357426.0, 3074905.8 ], [ 4357490.5, 3074887.2 ], [ 4357571.6, 3074821.3 ], [ 4357654.5, 3074915.0 ], [ 4357678.5, 3074999.4 ], [ 4357732.5, 3075066.0 ], [ 4357768.4, 3075197.4 ], [ 4357823.6, 3075258.9 ], [ 4357863.0, 3075356.1 ], [ 4357855.0, 3075398.8 ], [ 4357838.5, 3075404.2 ], [ 4357812.6, 3075397.6 ], [ 4357798.0, 3075406.6 ], [ 4357730.4, 3075502.5 ], [ 4357729.6, 3075537.3 ], [ 4357742.8, 3075548.1 ], [ 4357836.1, 3075562.3 ], [ 4357931.9, 3075607.4 ], [ 4358000.6, 3075687.2 ], [ 4358051.5, 3075778.9 ], [ 4357935.1, 3075876.0 ], [ 4357934.1, 3075915.4 ], [ 4357951.2, 3075945.7 ], [ 4357977.2, 3075958.1 ], [ 4358005.0, 3075996.6 ], [ 4358029.9, 3075997.3 ], [ 4358072.6, 3075879.9 ], [ 4358197.4, 3075952.0 ], [ 4358235.7, 3075965.9 ], [ 4358286.5, 3075968.9 ], [ 4358306.2, 3075946.6 ], [ 4358356.8, 3075929.9 ], [ 4358374.1, 3075940.8 ], [ 4358380.9, 3075964.1 ], [ 4358355.9, 3075998.1 ], [ 4358288.7, 3076174.7 ], [ 4358263.9, 3076213.9 ], [ 4358216.0, 3076260.2 ], [ 4358171.3, 3076224.4 ], [ 4358158.7, 3076200.2 ], [ 4358158.9, 3076188.0 ], [ 4358202.7, 3076146.8 ], [ 4358200.6, 3076106.7 ], [ 4358142.0, 3076074.1 ], [ 4358119.7, 3076073.9 ], [ 4358097.8, 3076090.5 ], [ 4358076.5, 3076077.5 ], [ 4358055.5, 3076083.1 ], [ 4358040.9, 3076110.7 ], [ 4357996.7, 3076146.6 ], [ 4357985.4, 3076179.3 ], [ 4357995.5, 3076197.8 ], [ 4358048.6, 3076215.3 ], [ 4358066.4, 3076240.1 ], [ 4358088.3, 3076239.4 ], [ 4358043.9, 3076310.3 ], [ 4357916.4, 3076269.6 ], [ 4357819.2, 3076210.6 ], [ 4357713.8, 3076160.3 ], [ 4357697.4, 3076166.7 ], [ 4357660.3, 3076219.6 ], [ 4357609.7, 3076231.6 ], [ 4357554.9, 3076231.7 ], [ 4357456.4, 3076215.7 ], [ 4357416.8, 3076229.5 ], [ 4357290.1, 3076208.6 ], [ 4357272.8, 3076214.9 ], [ 4357266.3, 3076232.1 ], [ 4357233.9, 3076220.7 ], [ 4357153.8, 3076125.3 ], [ 4357126.8, 3076071.9 ], [ 4357107.8, 3075999.3 ], [ 4357122.4, 3075920.5 ], [ 4357119.1, 3075888.5 ], [ 4357069.5, 3075798.3 ], [ 4357041.0, 3075761.1 ], [ 4357015.4, 3075741.6 ], [ 4356874.7, 3075672.2 ], [ 4356847.8, 3075683.7 ], [ 4356796.4, 3075777.3 ], [ 4356757.1, 3075942.3 ], [ 4356672.9, 3075981.0 ], [ 4356656.8, 3075916.8 ], [ 4356704.5, 3075912.1 ], [ 4356718.4, 3075902.8 ], [ 4356725.7, 3075884.0 ], [ 4356721.9, 3075856.1 ], [ 4356686.7, 3075800.3 ], [ 4356763.1, 3075739.9 ], [ 4356788.5, 3075674.8 ], [ 4356770.7, 3075579.0 ], [ 4356735.0, 3075525.2 ], [ 4356742.0, 3075495.1 ], [ 4356745.0, 3075487.4 ], [ 4356774.5, 3075476.8 ], [ 4356786.6, 3075487.9 ], [ 4356800.8, 3075488.6 ], [ 4356816.6, 3075466.7 ], [ 4356793.9, 3075352.9 ], [ 4356790.1, 3075294.8 ], [ 4356716.5, 3075214.3 ], [ 4356699.9, 3075182.6 ], [ 4356671.3, 3075168.3 ], [ 4356659.7, 3075115.9 ], [ 4356625.4, 3075067.6 ], [ 4356614.4, 3075032.2 ], [ 4356483.4, 3074876.8 ], [ 4356405.0, 3074842.0 ], [ 4356374.9, 3074799.8 ], [ 4356297.6, 3074761.5 ], [ 4356282.5, 3074737.4 ], [ 4356229.7, 3074688.2 ], [ 4356137.4, 3074628.9 ], [ 4356055.7, 3074560.5 ], [ 4356011.8, 3074541.6 ], [ 4355914.3, 3074516.9 ], [ 4355810.6, 3074468.5 ], [ 4355796.5, 3074447.6 ], [ 4355787.3, 3074406.0 ], [ 4355736.1, 3074347.5 ], [ 4355679.5, 3074299.7 ], [ 4355617.8, 3074281.0 ], [ 4355568.5, 3074241.6 ], [ 4355551.2, 3074202.5 ], [ 4355505.5, 3074138.7 ], [ 4355412.9, 3074038.5 ], [ 4355312.0, 3073958.5 ], [ 4355263.6, 3073934.1 ], [ 4355248.4, 3073942.4 ], [ 4355242.0, 3073965.9 ], [ 4355247.3, 3074127.4 ], [ 4355259.3, 3074170.9 ], [ 4355253.0, 3074205.7 ], [ 4355241.2, 3074240.7 ], [ 4355202.6, 3074302.5 ], [ 4355134.3, 3074365.3 ], [ 4355134.1, 3074413.8 ], [ 4355110.1, 3074474.6 ], [ 4355113.2, 3074533.5 ], [ 4355133.5, 3074552.5 ], [ 4355146.2, 3074606.5 ], [ 4355135.1, 3074664.5 ], [ 4355155.8, 3074681.3 ], [ 4355118.8, 3074773.5 ], [ 4355116.7, 3074795.4 ], [ 4355138.7, 3074943.5 ], [ 4355152.3, 3074973.9 ], [ 4355139.7, 3074987.8 ], [ 4355139.0, 3075002.1 ], [ 4355196.8, 3075081.3 ], [ 4355248.5, 3075124.0 ], [ 4355292.9, 3075174.9 ], [ 4355419.8, 3075246.1 ], [ 4355661.7, 3075348.5 ], [ 4355722.2, 3075384.8 ], [ 4355739.2, 3075406.5 ], [ 4355728.6, 3075412.5 ], [ 4355697.9, 3075405.6 ], [ 4355677.3, 3075392.0 ], [ 4355598.3, 3075367.1 ], [ 4355548.6, 3075391.2 ], [ 4355505.9, 3075353.5 ], [ 4355430.2, 3075322.9 ], [ 4355422.6, 3075296.5 ], [ 4355242.8, 3075187.2 ], [ 4355102.5, 3075024.2 ], [ 4355059.2, 3075021.1 ], [ 4355049.3, 3075005.3 ], [ 4355064.2, 3074988.6 ], [ 4355065.7, 3074972.4 ], [ 4355016.3, 3074830.1 ], [ 4354996.4, 3074825.1 ], [ 4354879.5, 3074869.0 ], [ 4354872.4, 3074866.4 ], [ 4354877.4, 3074846.6 ], [ 4354869.1, 3074828.1 ], [ 4354850.0, 3074817.1 ], [ 4354824.1, 3074817.0 ], [ 4354819.4, 3074796.5 ], [ 4354937.5, 3074811.4 ], [ 4354996.6, 3074782.6 ], [ 4355023.7, 3074757.7 ], [ 4355035.7, 3074774.0 ], [ 4355056.6, 3074773.3 ], [ 4355080.2, 3074739.8 ], [ 4355107.5, 3074624.6 ], [ 4355096.9, 3074587.4 ], [ 4355041.0, 3074509.4 ], [ 4355058.4, 3074457.4 ], [ 4355057.9, 3074368.2 ], [ 4355050.5, 3074350.3 ], [ 4354904.0, 3074323.9 ], [ 4354867.0, 3074334.8 ], [ 4354812.1, 3074370.8 ], [ 4354759.8, 3074439.8 ], [ 4354741.2, 3074448.4 ], [ 4354649.5, 3074584.0 ], [ 4354621.3, 3074587.8 ], [ 4354608.4, 3074571.5 ], [ 4354623.5, 3074511.4 ], [ 4354687.6, 3074405.2 ], [ 4354708.5, 3074399.2 ], [ 4354763.0, 3074320.5 ], [ 4354788.5, 3074338.7 ], [ 4354809.3, 3074333.1 ], [ 4354828.2, 3074309.8 ], [ 4354826.4, 3074270.1 ], [ 4354868.4, 3074284.9 ], [ 4354897.8, 3074280.1 ], [ 4354991.2, 3074306.6 ], [ 4355103.3, 3074315.8 ], [ 4355162.3, 3074293.2 ], [ 4355184.0, 3074263.3 ], [ 4355206.8, 3074208.8 ], [ 4355218.6, 3074141.2 ], [ 4355221.5, 3074061.3 ], [ 4355204.4, 3073878.1 ], [ 4355149.9, 3073842.9 ], [ 4355127.1, 3073760.4 ], [ 4355128.5, 3073735.5 ], [ 4355113.3, 3073720.7 ], [ 4355082.8, 3073710.7 ], [ 4355047.8, 3073606.9 ], [ 4355030.2, 3073583.8 ], [ 4354952.1, 3073538.0 ], [ 4354876.4, 3073528.2 ], [ 4354859.5, 3073536.7 ], [ 4354826.8, 3073587.2 ], [ 4354832.4, 3073601.1 ], [ 4354875.7, 3073636.2 ], [ 4354832.0, 3073651.5 ], [ 4354751.8, 3073699.1 ], [ 4354664.1, 3073777.3 ], [ 4354639.2, 3073808.6 ], [ 4354570.9, 3073860.0 ], [ 4354538.6, 3073876.3 ], [ 4354494.5, 3073874.5 ], [ 4354474.5, 3073885.2 ], [ 4354390.9, 3073883.4 ], [ 4354335.2, 3073834.6 ], [ 4354315.2, 3073832.0 ], [ 4354266.8, 3073868.5 ], [ 4354199.9, 3073939.0 ], [ 4354181.4, 3073969.6 ], [ 4354186.3, 3074000.2 ], [ 4354162.7, 3074023.7 ], [ 4354139.6, 3074021.9 ], [ 4354096.4, 3074063.8 ], [ 4354100.2, 3074038.5 ], [ 4354092.9, 3074022.2 ], [ 4354063.1, 3074008.8 ], [ 4354046.1, 3074011.7 ], [ 4354036.4, 3074026.0 ], [ 4354035.3, 3074052.5 ], [ 4354013.9, 3074068.7 ], [ 4353994.0, 3074163.3 ], [ 4354014.2, 3074275.7 ], [ 4354028.1, 3074302.7 ], [ 4354080.2, 3074353.3 ], [ 4354090.5, 3074397.1 ], [ 4354086.0, 3074433.3 ], [ 4354120.4, 3074461.9 ], [ 4354111.3, 3074541.7 ], [ 4354076.8, 3074649.1 ], [ 4354051.5, 3074787.5 ], [ 4354033.8, 3074813.3 ], [ 4354025.2, 3074865.1 ], [ 4353966.6, 3074968.3 ], [ 4353965.3, 3074985.2 ], [ 4353976.3, 3074998.0 ], [ 4354068.9, 3075044.4 ], [ 4354090.8, 3075075.8 ], [ 4354156.1, 3075105.3 ], [ 4354227.5, 3075119.6 ], [ 4354239.7, 3075111.5 ], [ 4354264.2, 3075064.8 ], [ 4354309.1, 3075067.6 ], [ 4354340.2, 3075178.1 ], [ 4354366.3, 3075222.8 ], [ 4354391.4, 3075297.6 ], [ 4354438.3, 3075394.0 ], [ 4354494.6, 3075426.8 ], [ 4354519.0, 3075486.6 ], [ 4354561.9, 3075496.3 ], [ 4354561.3, 3075536.0 ], [ 4354524.4, 3075539.7 ], [ 4354513.0, 3075560.5 ], [ 4354575.0, 3075665.0 ], [ 4354586.3, 3075714.3 ], [ 4354581.2, 3075770.2 ], [ 4354566.0, 3075780.1 ], [ 4354540.2, 3075839.9 ], [ 4354557.8, 3075901.4 ], [ 4354569.7, 3075914.3 ], [ 4354587.6, 3075914.5 ], [ 4354600.6, 3075897.7 ], [ 4354598.2, 3075869.1 ], [ 4354647.4, 3075871.0 ], [ 4354648.3, 3075909.7 ], [ 4354632.4, 3075972.3 ], [ 4354606.4, 3075999.8 ], [ 4354612.8, 3076056.1 ], [ 4354598.5, 3076076.1 ], [ 4354602.0, 3076109.7 ], [ 4354624.6, 3076118.6 ], [ 4354614.5, 3076199.6 ], [ 4354627.1, 3076249.0 ], [ 4354652.1, 3076285.0 ], [ 4354770.6, 3076404.2 ], [ 4354805.0, 3076422.1 ], [ 4354853.3, 3076424.8 ], [ 4354873.0, 3076410.2 ], [ 4354868.3, 3076370.4 ], [ 4354887.8, 3076340.9 ], [ 4354925.6, 3076316.5 ], [ 4355012.9, 3076280.7 ], [ 4355033.3, 3076237.3 ], [ 4355022.1, 3076219.3 ], [ 4354958.1, 3076194.1 ], [ 4354846.8, 3076229.1 ], [ 4354833.7, 3076208.5 ], [ 4354809.5, 3076206.8 ], [ 4354792.2, 3076176.5 ], [ 4354789.7, 3076117.0 ], [ 4354846.1, 3076053.0 ], [ 4354838.7, 3076029.0 ], [ 4354817.6, 3076023.7 ], [ 4354813.2, 3075995.6 ], [ 4354850.8, 3075986.3 ], [ 4354964.7, 3075996.1 ], [ 4354982.9, 3075986.0 ], [ 4354986.3, 3075972.2 ], [ 4354978.6, 3075951.8 ], [ 4354954.0, 3075939.0 ], [ 4354933.9, 3075891.1 ], [ 4354940.1, 3075878.3 ], [ 4354953.7, 3075876.8 ], [ 4354965.2, 3075864.3 ], [ 4354973.5, 3075838.1 ], [ 4354965.0, 3075812.4 ], [ 4354999.7, 3075782.4 ], [ 4355034.2, 3075727.7 ], [ 4355028.3, 3075714.6 ], [ 4354992.3, 3075688.3 ], [ 4354885.1, 3075679.2 ], [ 4354803.8, 3075650.5 ], [ 4354786.0, 3075667.9 ], [ 4354786.9, 3075721.2 ], [ 4354806.9, 3075735.0 ], [ 4354878.4, 3075747.3 ], [ 4354776.2, 3075786.8 ], [ 4354755.8, 3075775.4 ], [ 4354690.4, 3075779.2 ], [ 4354702.8, 3075727.3 ], [ 4354688.8, 3075686.3 ], [ 4354628.1, 3075612.8 ], [ 4354646.3, 3075512.1 ], [ 4354634.6, 3075497.8 ], [ 4354591.0, 3075480.5 ], [ 4354591.8, 3075453.5 ], [ 4354575.4, 3075422.3 ], [ 4354569.5, 3075368.0 ], [ 4354586.7, 3075342.5 ], [ 4354573.2, 3075289.1 ], [ 4354607.6, 3075289.6 ], [ 4354639.8, 3075262.6 ], [ 4354651.0, 3075283.8 ], [ 4354643.4, 3075391.4 ], [ 4354687.8, 3075421.5 ], [ 4354701.9, 3075452.9 ], [ 4354740.7, 3075464.7 ], [ 4354812.0, 3075418.6 ], [ 4354848.3, 3075439.6 ], [ 4354859.0, 3075462.7 ], [ 4354856.4, 3075475.3 ], [ 4354822.7, 3075507.1 ], [ 4354819.2, 3075531.4 ], [ 4354824.9, 3075551.4 ], [ 4354845.5, 3075573.8 ], [ 4354845.4, 3075603.6 ], [ 4354870.6, 3075649.2 ], [ 4354900.2, 3075651.7 ], [ 4354936.6, 3075674.0 ], [ 4354996.6, 3075688.0 ], [ 4355111.7, 3075749.1 ], [ 4355255.0, 3075782.7 ], [ 4355275.4, 3075768.9 ], [ 4355277.8, 3075735.4 ], [ 4355297.8, 3075723.8 ], [ 4355320.5, 3075693.1 ], [ 4355345.7, 3075684.4 ], [ 4355332.2, 3075733.8 ], [ 4355337.8, 3075752.6 ], [ 4355324.9, 3075822.7 ], [ 4355304.3, 3075904.6 ], [ 4355200.4, 3075964.4 ], [ 4355190.2, 3075985.4 ], [ 4355196.5, 3076000.9 ], [ 4355252.8, 3076056.9 ], [ 4355247.0, 3076129.2 ], [ 4355278.8, 3076183.8 ], [ 4355300.8, 3076208.0 ], [ 4355411.5, 3076278.5 ], [ 4355434.8, 3076321.5 ], [ 4355389.7, 3076419.1 ], [ 4355369.8, 3076490.7 ], [ 4355332.7, 3076532.0 ], [ 4355364.7, 3076620.5 ], [ 4355382.7, 3076624.2 ], [ 4355460.8, 3076605.1 ], [ 4355670.8, 3076457.3 ], [ 4355696.0, 3076450.5 ], [ 4355707.9, 3076468.7 ], [ 4355725.4, 3076472.3 ], [ 4355832.4, 3076426.3 ], [ 4355839.3, 3076505.7 ], [ 4355926.0, 3076533.9 ], [ 4355931.1, 3076572.2 ], [ 4355993.3, 3076620.1 ], [ 4356041.6, 3076673.3 ], [ 4356065.5, 3076673.2 ], [ 4356095.6, 3076636.9 ], [ 4356286.5, 3076723.6 ], [ 4356359.8, 3076771.6 ], [ 4356273.2, 3076854.2 ], [ 4356271.8, 3076872.5 ], [ 4356284.7, 3076885.5 ], [ 4356299.6, 3076885.7 ], [ 4356345.1, 3076861.2 ], [ 4356380.4, 3076878.2 ], [ 4356553.9, 3076848.1 ], [ 4356655.8, 3076815.0 ], [ 4356681.9, 3076784.9 ], [ 4356649.7, 3076847.9 ], [ 4356603.4, 3076882.1 ], [ 4356510.5, 3076907.4 ], [ 4356402.9, 3076921.6 ], [ 4356389.0, 3076908.8 ], [ 4356375.0, 3076907.8 ], [ 4356301.7, 3076943.7 ], [ 4356235.3, 3077024.5 ], [ 4356213.3, 3077031.3 ], [ 4356207.7, 3077051.1 ], [ 4356275.5, 3077120.2 ], [ 4356265.7, 3077146.8 ], [ 4356271.2, 3077163.1 ], [ 4356301.9, 3077181.8 ], [ 4356373.7, 3077250.6 ], [ 4356464.2, 3077308.5 ], [ 4356631.3, 3077452.9 ], [ 4356696.3, 3077526.2 ], [ 4356759.2, 3077578.6 ], [ 4356875.9, 3077700.6 ], [ 4356946.3, 3077732.5 ], [ 4356980.2, 3077733.1 ], [ 4357005.4, 3077720.8 ], [ 4357018.6, 3077743.8 ], [ 4357049.4, 3077751.4 ], [ 4357071.4, 3077747.9 ], [ 4357202.5, 3077849.4 ], [ 4357245.5, 3077904.5 ], [ 4357273.4, 3077925.0 ], [ 4357324.7, 3077944.6 ], [ 4357394.2, 3077958.6 ], [ 4357472.8, 3078001.0 ], [ 4357514.0, 3078007.3 ], [ 4357587.3, 3078037.4 ], [ 4357612.1, 3078028.4 ], [ 4357666.4, 3077922.9 ], [ 4357691.0, 3077924.0 ], [ 4357701.4, 3077942.4 ], [ 4357812.0, 3077988.1 ], [ 4357800.6, 3078007.8 ], [ 4357805.0, 3078024.6 ], [ 4357855.5, 3078042.5 ], [ 4357907.1, 3078037.2 ], [ 4358020.7, 3078008.1 ], [ 4358132.6, 3078000.5 ], [ 4358101.8, 3078101.8 ], [ 4358014.3, 3078099.2 ], [ 4357988.3, 3078134.0 ], [ 4357965.4, 3078145.8 ], [ 4357966.4, 3078180.7 ], [ 4357982.5, 3078196.6 ], [ 4358065.1, 3078203.7 ], [ 4358223.8, 3078175.5 ], [ 4358264.6, 3078130.9 ], [ 4358324.3, 3078098.0 ], [ 4358349.9, 3078092.1 ], [ 4358479.1, 3078082.5 ], [ 4358532.6, 3078089.2 ], [ 4358603.3, 3078111.6 ], [ 4358608.8, 3078118.6 ], [ 4358548.9, 3078128.8 ], [ 4358497.7, 3078121.5 ], [ 4358410.7, 3078157.8 ], [ 4358384.0, 3078154.2 ], [ 4358356.0, 3078170.0 ], [ 4358354.0, 3078193.3 ], [ 4358271.7, 3078229.0 ], [ 4358075.4, 3078260.6 ], [ 4357938.5, 3078243.2 ], [ 4357922.4, 3078252.3 ], [ 4357918.3, 3078266.6 ], [ 4357943.1, 3078345.7 ], [ 4357945.4, 3078392.2 ], [ 4357972.9, 3078502.1 ], [ 4357956.1, 3078561.8 ], [ 4357951.9, 3078612.3 ], [ 4357960.3, 3078668.7 ], [ 4357992.1, 3078697.3 ], [ 4358052.0, 3078691.8 ], [ 4358108.9, 3078672.8 ], [ 4358157.5, 3078625.9 ], [ 4358192.7, 3078613.2 ], [ 4358249.3, 3078664.4 ], [ 4358280.0, 3078713.2 ], [ 4358246.8, 3078746.4 ], [ 4358242.9, 3078793.3 ], [ 4358278.0, 3078853.3 ], [ 4358340.4, 3078909.0 ], [ 4358383.4, 3078919.0 ], [ 4358388.8, 3078927.7 ], [ 4358340.9, 3078949.8 ], [ 4358331.1, 3078967.3 ], [ 4358345.1, 3079019.8 ], [ 4358378.4, 3079086.8 ], [ 4358411.2, 3079117.2 ], [ 4358415.9, 3079147.3 ], [ 4358437.3, 3079165.3 ], [ 4358497.0, 3079190.6 ], [ 4358535.2, 3079190.9 ], [ 4358584.2, 3079211.2 ], [ 4358596.1, 3079231.5 ], [ 4358592.7, 3079258.9 ], [ 4358605.1, 3079295.2 ], [ 4358646.2, 3079341.1 ], [ 4358634.8, 3079349.2 ], [ 4358598.7, 3079352.0 ], [ 4358488.4, 3079269.1 ], [ 4358406.7, 3079190.9 ], [ 4358327.0, 3079072.2 ], [ 4358236.3, 3078889.4 ], [ 4358112.8, 3078789.8 ], [ 4358025.2, 3078760.2 ], [ 4357951.6, 3078686.1 ], [ 4357930.0, 3078644.5 ], [ 4357915.3, 3078581.2 ], [ 4357914.5, 3078487.6 ], [ 4357922.1, 3078452.1 ], [ 4357910.8, 3078385.0 ], [ 4357917.7, 3078334.2 ], [ 4357912.1, 3078280.5 ], [ 4357897.2, 3078239.5 ], [ 4357862.7, 3078216.3 ], [ 4357616.8, 3078144.3 ], [ 4357436.2, 3077997.9 ], [ 4357394.8, 3077993.3 ], [ 4357317.0, 3078005.0 ], [ 4357291.1, 3078039.5 ], [ 4357316.2, 3078147.6 ], [ 4357343.7, 3078176.3 ], [ 4357358.8, 3078228.9 ], [ 4357399.8, 3078296.1 ], [ 4357411.0, 3078355.8 ], [ 4357439.8, 3078426.9 ], [ 4357491.8, 3078499.1 ], [ 4357517.3, 3078548.4 ], [ 4357541.0, 3078687.6 ], [ 4357628.3, 3078840.3 ], [ 4357686.1, 3078968.7 ], [ 4357709.2, 3079045.9 ], [ 4357723.3, 3079205.5 ], [ 4357713.4, 3079239.7 ], [ 4357676.6, 3079266.0 ], [ 4357676.3, 3079287.5 ], [ 4357763.9, 3079374.9 ], [ 4357872.3, 3079433.4 ], [ 4358014.5, 3079481.4 ], [ 4358080.0, 3079534.0 ], [ 4358140.1, 3079568.0 ], [ 4358160.9, 3079591.4 ], [ 4358159.9, 3079607.0 ], [ 4358148.3, 3079619.2 ], [ 4358008.2, 3079681.3 ], [ 4357959.1, 3079724.7 ], [ 4357941.7, 3079764.4 ], [ 4357922.0, 3079865.1 ], [ 4357929.7, 3079947.3 ], [ 4357950.3, 3080020.5 ], [ 4358037.0, 3080162.6 ], [ 4358062.7, 3080170.7 ], [ 4358101.0, 3080138.6 ], [ 4358124.5, 3080175.9 ], [ 4358199.9, 3080216.6 ], [ 4358183.6, 3080260.2 ], [ 4358145.1, 3080286.0 ], [ 4358138.5, 3080298.4 ], [ 4358174.4, 3080393.3 ], [ 4358188.2, 3080454.8 ], [ 4358188.0, 3080499.7 ], [ 4358170.1, 3080592.3 ], [ 4358105.8, 3080697.1 ], [ 4358103.5, 3080733.9 ], [ 4358122.8, 3080751.2 ], [ 4358159.1, 3080756.4 ], [ 4358253.2, 3080735.9 ], [ 4358332.3, 3080698.8 ], [ 4358427.8, 3080610.7 ], [ 4358542.5, 3080593.0 ], [ 4358586.9, 3080597.5 ], [ 4358638.2, 3080631.2 ], [ 4358728.8, 3080660.1 ], [ 4358859.9, 3080640.2 ], [ 4358974.0, 3080634.7 ], [ 4359061.5, 3080641.6 ], [ 4359139.5, 3080635.8 ], [ 4359212.8, 3080652.3 ], [ 4359337.1, 3080727.9 ], [ 4359464.7, 3080837.5 ], [ 4359541.5, 3080885.1 ], [ 4359610.9, 3080908.7 ], [ 4359645.5, 3080939.9 ], [ 4359679.1, 3080992.1 ], [ 4359691.2, 3081103.7 ], [ 4359710.8, 3081183.7 ], [ 4359749.2, 3081220.2 ], [ 4359809.9, 3081212.4 ], [ 4359816.7, 3081229.4 ], [ 4359841.0, 3081249.0 ], [ 4359866.7, 3081254.5 ], [ 4359869.4, 3081331.5 ], [ 4359898.2, 3081348.5 ], [ 4359939.3, 3081358.6 ], [ 4359986.3, 3081347.2 ], [ 4359997.0, 3081333.3 ], [ 4359997.4, 3081317.5 ], [ 4359954.9, 3081236.2 ], [ 4359903.9, 3081198.5 ], [ 4359898.6, 3081171.6 ], [ 4359908.5, 3081154.5 ], [ 4359926.2, 3081145.7 ], [ 4359981.0, 3081163.3 ], [ 4360005.7, 3081159.6 ], [ 4360019.5, 3081148.6 ], [ 4360020.9, 3081131.1 ], [ 4359946.3, 3081033.3 ], [ 4359926.0, 3081026.1 ], [ 4359914.8, 3080998.0 ], [ 4359850.2, 3080979.2 ], [ 4359832.3, 3080928.5 ], [ 4359788.3, 3080896.6 ], [ 4359777.5, 3080861.7 ], [ 4359794.3, 3080863.9 ], [ 4359827.7, 3080887.0 ], [ 4359870.3, 3080889.0 ], [ 4359899.6, 3080910.2 ], [ 4359934.1, 3080915.8 ], [ 4359953.5, 3080910.3 ], [ 4359965.3, 3080884.5 ], [ 4359988.8, 3080974.8 ], [ 4360004.9, 3080996.6 ], [ 4360008.4, 3081043.3 ], [ 4360029.4, 3081055.9 ], [ 4360057.8, 3081036.9 ], [ 4360112.6, 3080947.0 ], [ 4360112.3, 3080932.4 ], [ 4360092.6, 3080898.9 ], [ 4360140.5, 3080858.0 ], [ 4360189.4, 3080886.4 ], [ 4360215.2, 3080911.2 ], [ 4360213.6, 3080931.0 ], [ 4360172.7, 3080967.2 ], [ 4360136.2, 3080962.3 ], [ 4360122.7, 3080969.0 ], [ 4360105.3, 3081027.0 ], [ 4360071.2, 3081064.4 ], [ 4360060.2, 3081090.9 ], [ 4360070.2, 3081108.9 ], [ 4360072.5, 3081138.8 ], [ 4360094.2, 3081169.9 ], [ 4360113.5, 3081221.4 ], [ 4360126.2, 3081227.0 ], [ 4360152.7, 3081222.0 ], [ 4360183.6, 3081202.0 ], [ 4360200.6, 3081226.8 ], [ 4360197.2, 3081250.6 ], [ 4360238.0, 3081310.7 ], [ 4360242.7, 3081330.9 ], [ 4360317.3, 3081427.5 ], [ 4360335.6, 3081489.3 ], [ 4360350.6, 3081498.8 ], [ 4360372.2, 3081495.9 ], [ 4360380.0, 3081545.6 ], [ 4360412.0, 3081573.6 ], [ 4360414.7, 3081591.1 ], [ 4360374.6, 3081741.2 ], [ 4360394.7, 3081856.1 ], [ 4360457.3, 3082001.7 ], [ 4360477.3, 3082119.9 ], [ 4360471.0, 3082218.8 ], [ 4360483.6, 3082238.8 ], [ 4360482.8, 3082273.1 ], [ 4360446.8, 3082320.8 ], [ 4360440.4, 3082423.6 ], [ 4360447.7, 3082455.3 ], [ 4360461.2, 3082467.7 ], [ 4360484.7, 3082529.3 ], [ 4360519.7, 3082588.8 ], [ 4360582.1, 3082637.2 ], [ 4360665.2, 3082681.1 ], [ 4360709.4, 3082678.3 ], [ 4360739.4, 3082665.5 ], [ 4360840.3, 3082585.7 ], [ 4360950.5, 3082523.5 ], [ 4360957.1, 3082503.2 ], [ 4360940.3, 3082471.3 ], [ 4360997.0, 3082414.3 ] ], [ [ 4360919.4, 3082234.9 ], [ 4360968.6, 3082206.8 ], [ 4360981.9, 3082229.7 ], [ 4360936.5, 3082261.9 ], [ 4360919.4, 3082234.9 ] ], [ [ 4362390.3, 3081684.9 ], [ 4362409.9, 3081575.2 ], [ 4362432.0, 3081573.8 ], [ 4362548.2, 3081623.5 ], [ 4362545.3, 3081659.5 ], [ 4362496.4, 3081690.1 ], [ 4362432.9, 3081761.2 ], [ 4362433.3, 3081804.5 ], [ 4362447.4, 3081836.8 ], [ 4362355.8, 3081869.7 ], [ 4362316.5, 3081874.6 ], [ 4362290.3, 3081854.5 ], [ 4362306.1, 3081817.8 ], [ 4362373.3, 3081728.6 ], [ 4362390.3, 3081684.9 ] ], [ [ 4361427.2, 3081447.2 ], [ 4361292.3, 3081577.5 ], [ 4361283.8, 3081548.3 ], [ 4361289.7, 3081528.3 ], [ 4361419.2, 3081416.9 ], [ 4361425.1, 3081396.9 ], [ 4361400.6, 3081370.1 ], [ 4361343.8, 3081358.0 ], [ 4361265.4, 3081295.5 ], [ 4361227.5, 3081275.2 ], [ 4361247.8, 3081256.2 ], [ 4361276.5, 3081263.3 ], [ 4361369.2, 3081262.1 ], [ 4361509.3, 3081311.6 ], [ 4361511.5, 3081340.9 ], [ 4361489.6, 3081405.0 ], [ 4361427.2, 3081447.2 ] ], [ [ 4361678.2, 3081393.5 ], [ 4361583.9, 3081358.9 ], [ 4361576.5, 3081334.2 ], [ 4361616.7, 3081332.6 ], [ 4361720.4, 3081367.8 ], [ 4361788.9, 3081368.6 ], [ 4361816.9, 3081355.2 ], [ 4361830.7, 3081323.8 ], [ 4361884.4, 3081281.6 ], [ 4361889.9, 3081231.2 ], [ 4361864.5, 3081213.7 ], [ 4361852.2, 3081153.6 ], [ 4361871.3, 3081143.2 ], [ 4361875.5, 3081122.6 ], [ 4361833.1, 3081086.4 ], [ 4361821.3, 3081063.3 ], [ 4361860.2, 3080992.4 ], [ 4361856.9, 3080939.2 ], [ 4361847.7, 3080928.1 ], [ 4361780.0, 3080899.0 ], [ 4361776.7, 3080875.5 ], [ 4361764.1, 3080860.8 ], [ 4361645.9, 3080833.2 ], [ 4361625.9, 3080841.9 ], [ 4361565.2, 3080951.4 ], [ 4361550.9, 3080954.4 ], [ 4361513.9, 3080941.7 ], [ 4361495.1, 3080958.4 ], [ 4361472.3, 3081052.6 ], [ 4361478.6, 3081075.2 ], [ 4361603.4, 3081152.6 ], [ 4361698.6, 3081178.5 ], [ 4361722.5, 3081227.5 ], [ 4361769.5, 3081247.4 ], [ 4361762.1, 3081270.7 ], [ 4361681.1, 3081252.8 ], [ 4361630.6, 3081215.7 ], [ 4361589.2, 3081217.2 ], [ 4361449.3, 3081144.6 ], [ 4361406.1, 3081106.6 ], [ 4361315.5, 3081083.7 ], [ 4361246.2, 3081092.4 ], [ 4361222.3, 3081103.6 ], [ 4361140.2, 3081048.0 ], [ 4361126.5, 3081021.9 ], [ 4361191.1, 3080950.1 ], [ 4361251.6, 3080841.1 ], [ 4361269.1, 3080826.3 ], [ 4361282.7, 3080718.6 ], [ 4361270.7, 3080702.4 ], [ 4361152.4, 3080644.3 ], [ 4361045.2, 3080629.9 ], [ 4361054.0, 3080616.8 ], [ 4361102.8, 3080587.3 ], [ 4361157.9, 3080591.2 ], [ 4361233.4, 3080659.2 ], [ 4361251.6, 3080665.8 ], [ 4361267.9, 3080660.3 ], [ 4361310.8, 3080393.4 ], [ 4361296.3, 3080373.2 ], [ 4361214.3, 3080358.8 ], [ 4361189.9, 3080346.0 ], [ 4361168.8, 3080321.1 ], [ 4361172.2, 3080297.8 ], [ 4361294.3, 3080323.8 ], [ 4361353.2, 3080355.7 ], [ 4361353.5, 3080375.2 ], [ 4361363.7, 3080388.8 ], [ 4361468.8, 3080424.9 ], [ 4361486.8, 3080420.8 ], [ 4361494.8, 3080408.3 ], [ 4361493.5, 3080388.4 ], [ 4361481.8, 3080376.1 ], [ 4361466.6, 3080374.6 ], [ 4361455.8, 3080344.6 ], [ 4361442.8, 3080338.0 ], [ 4361381.6, 3080339.5 ], [ 4361379.4, 3080311.0 ], [ 4361366.4, 3080296.2 ], [ 4361376.2, 3080213.8 ], [ 4361349.1, 3080165.3 ], [ 4361360.8, 3079993.9 ], [ 4361378.4, 3079980.9 ], [ 4361415.9, 3079992.4 ], [ 4361433.0, 3079987.8 ], [ 4361487.3, 3079905.0 ], [ 4361520.9, 3079893.8 ], [ 4361629.1, 3079794.9 ], [ 4361851.9, 3079631.9 ], [ 4362025.5, 3079531.5 ], [ 4362071.8, 3079530.2 ], [ 4362339.8, 3079358.0 ], [ 4362336.2, 3079336.9 ], [ 4362315.2, 3079325.5 ], [ 4362283.2, 3079334.1 ], [ 4362236.8, 3079329.0 ], [ 4362214.5, 3079321.1 ], [ 4362216.1, 3079312.0 ], [ 4362307.2, 3079310.4 ], [ 4362391.7, 3079323.5 ], [ 4362578.7, 3079207.0 ], [ 4362583.5, 3079190.3 ], [ 4362574.6, 3079175.4 ], [ 4362507.1, 3079141.0 ], [ 4362444.4, 3079124.3 ], [ 4362384.1, 3079088.7 ], [ 4362392.0, 3079075.8 ], [ 4362417.3, 3079066.1 ], [ 4362487.1, 3079089.0 ], [ 4362566.4, 3079123.4 ], [ 4362617.2, 3079180.0 ], [ 4362642.6, 3079180.2 ], [ 4362698.5, 3079202.4 ], [ 4362713.6, 3079195.7 ], [ 4362821.7, 3079082.3 ], [ 4362869.6, 3079198.3 ], [ 4362897.0, 3079310.2 ], [ 4362897.9, 3079350.6 ], [ 4362856.8, 3079373.1 ], [ 4362852.6, 3079397.2 ], [ 4362913.1, 3079501.3 ], [ 4363121.3, 3079728.9 ], [ 4363118.1, 3079873.2 ], [ 4363185.5, 3080049.1 ], [ 4363253.3, 3080172.2 ], [ 4363240.8, 3080196.7 ], [ 4363280.6, 3080315.3 ], [ 4363280.2, 3080348.7 ], [ 4363287.9, 3080361.4 ], [ 4363307.1, 3080369.5 ], [ 4363259.8, 3080435.9 ], [ 4363203.4, 3080495.4 ], [ 4363185.2, 3080498.8 ], [ 4363145.0, 3080537.9 ], [ 4363148.1, 3080578.2 ], [ 4363135.8, 3080594.7 ], [ 4363126.5, 3080656.8 ], [ 4363081.1, 3080647.0 ], [ 4363095.8, 3080568.2 ], [ 4363079.7, 3080546.3 ], [ 4363103.0, 3080487.5 ], [ 4363145.5, 3080416.8 ], [ 4363184.7, 3080402.0 ], [ 4363229.7, 3080350.3 ], [ 4363228.3, 3080328.5 ], [ 4363212.7, 3080318.8 ], [ 4363126.0, 3080316.5 ], [ 4363067.3, 3080353.7 ], [ 4362997.9, 3080447.0 ], [ 4362984.6, 3080685.4 ], [ 4362974.4, 3080716.2 ], [ 4363023.7, 3080806.4 ], [ 4363033.7, 3080838.7 ], [ 4363044.0, 3080847.3 ], [ 4363023.4, 3080910.4 ], [ 4362993.3, 3080939.7 ], [ 4362991.9, 3081015.5 ], [ 4362923.2, 3081020.5 ], [ 4362873.5, 3080844.6 ], [ 4362860.3, 3080814.6 ], [ 4362821.0, 3080768.7 ], [ 4362803.5, 3080770.7 ], [ 4362790.8, 3080785.6 ], [ 4362727.1, 3080743.2 ], [ 4362705.4, 3080745.4 ], [ 4362688.0, 3080808.7 ], [ 4362704.0, 3080821.8 ], [ 4362772.2, 3080824.7 ], [ 4362767.2, 3080887.0 ], [ 4362676.8, 3080893.5 ], [ 4362661.7, 3080906.2 ], [ 4362623.2, 3080896.3 ], [ 4362636.7, 3080861.7 ], [ 4362664.2, 3080863.4 ], [ 4362679.3, 3080855.4 ], [ 4362686.2, 3080822.9 ], [ 4362672.6, 3080808.1 ], [ 4362608.9, 3080795.1 ], [ 4362627.0, 3080699.6 ], [ 4362612.1, 3080684.5 ], [ 4362572.2, 3080681.4 ], [ 4362524.4, 3080701.3 ], [ 4362447.5, 3080766.9 ], [ 4362399.7, 3080787.7 ], [ 4362343.0, 3080910.4 ], [ 4362263.3, 3080967.6 ], [ 4362239.2, 3080934.7 ], [ 4362222.6, 3080927.3 ], [ 4362208.0, 3080930.5 ], [ 4362168.6, 3080966.2 ], [ 4362142.5, 3081017.3 ], [ 4362144.2, 3081034.9 ], [ 4362154.8, 3081044.4 ], [ 4362282.5, 3081081.9 ], [ 4362323.9, 3081152.3 ], [ 4362409.2, 3081230.0 ], [ 4362390.8, 3081255.9 ], [ 4362332.6, 3081268.7 ], [ 4362250.8, 3081246.0 ], [ 4362102.3, 3081266.6 ], [ 4361996.4, 3081302.5 ], [ 4361890.9, 3081293.8 ], [ 4361878.8, 3081300.9 ], [ 4361858.9, 3081338.2 ], [ 4361813.3, 3081392.1 ], [ 4361781.5, 3081407.6 ], [ 4361678.2, 3081393.5 ] ], [ [ 4362884.3, 3081408.5 ], [ 4362903.0, 3081407.0 ], [ 4362916.9, 3081420.6 ], [ 4362874.3, 3081485.1 ], [ 4362872.9, 3081501.2 ], [ 4362832.1, 3081547.8 ], [ 4362800.2, 3081535.1 ], [ 4362775.3, 3081544.8 ], [ 4362759.3, 3081518.9 ], [ 4362772.6, 3081495.3 ], [ 4362792.0, 3081477.2 ], [ 4362835.0, 3081461.5 ], [ 4362864.8, 3081440.6 ], [ 4362884.3, 3081408.5 ] ], [ [ 4362964.8, 3081105.2 ], [ 4362982.8, 3081084.2 ], [ 4362994.2, 3081092.9 ], [ 4362997.3, 3081112.8 ], [ 4362976.1, 3081128.4 ], [ 4362964.8, 3081105.2 ] ], [ [ 4363689.0, 3080673.1 ], [ 4363618.0, 3080621.5 ], [ 4363562.8, 3080518.3 ], [ 4363567.2, 3080487.6 ], [ 4363608.2, 3080456.1 ], [ 4363698.1, 3080544.7 ], [ 4363711.6, 3080568.1 ], [ 4363716.2, 3080668.8 ], [ 4363725.9, 3080684.1 ], [ 4363933.0, 3080708.6 ], [ 4363916.7, 3080726.1 ], [ 4363826.3, 3080767.7 ], [ 4363797.8, 3080799.6 ], [ 4363773.0, 3080812.5 ], [ 4363740.6, 3080742.0 ], [ 4363689.5, 3080699.8 ], [ 4363689.0, 3080673.1 ] ], [ [ 4364335.4, 3080468.9 ], [ 4364316.9, 3080431.3 ], [ 4364366.1, 3080400.5 ], [ 4364403.4, 3080405.1 ], [ 4364435.8, 3080428.8 ], [ 4364393.7, 3080487.5 ], [ 4364358.6, 3080512.7 ], [ 4364344.5, 3080515.8 ], [ 4364335.4, 3080468.9 ] ], [ [ 4363307.3, 3080536.0 ], [ 4363302.5, 3080546.5 ], [ 4363291.3, 3080541.6 ], [ 4363296.0, 3080531.1 ], [ 4363307.3, 3080536.0 ] ], [ [ 4364581.7, 3080248.1 ], [ 4364637.8, 3080253.7 ], [ 4364670.7, 3080354.7 ], [ 4364588.1, 3080371.0 ], [ 4364581.7, 3080248.1 ] ], [ [ 4364701.2, 3080141.2 ], [ 4364719.0, 3080134.4 ], [ 4364755.4, 3080186.1 ], [ 4364721.1, 3080217.9 ], [ 4364661.6, 3080232.9 ], [ 4364651.8, 3080196.4 ], [ 4364701.2, 3080141.2 ] ], [ [ 4364635.0, 3079956.9 ], [ 4364603.9, 3079914.2 ], [ 4364643.4, 3079865.0 ], [ 4364698.5, 3079852.6 ], [ 4364738.3, 3079855.2 ], [ 4364733.4, 3079934.3 ], [ 4364776.1, 3080001.9 ], [ 4364693.4, 3080046.4 ], [ 4364628.4, 3080027.6 ], [ 4364622.6, 3079988.9 ], [ 4364635.0, 3079956.9 ] ], [ [ 4363586.5, 3079915.4 ], [ 4363550.7, 3079891.4 ], [ 4363608.0, 3079802.7 ], [ 4363628.5, 3079793.6 ], [ 4363658.6, 3079873.8 ], [ 4363602.6, 3079897.8 ], [ 4363586.5, 3079915.4 ] ], [ [ 4364523.6, 3079631.2 ], [ 4364701.3, 3079624.2 ], [ 4364728.4, 3079597.2 ], [ 4364724.7, 3079576.3 ], [ 4364731.3, 3079550.9 ], [ 4364719.7, 3079529.0 ], [ 4364578.9, 3079378.3 ], [ 4364460.5, 3079224.1 ], [ 4364407.8, 3079200.1 ], [ 4364298.4, 3079188.1 ], [ 4364260.3, 3079172.5 ], [ 4364195.0, 3079128.0 ], [ 4364058.7, 3079010.6 ], [ 4363983.3, 3078969.4 ], [ 4363934.1, 3078915.8 ], [ 4363917.3, 3078912.5 ], [ 4363905.2, 3078919.5 ], [ 4363779.5, 3078840.9 ], [ 4363676.4, 3078746.2 ], [ 4363645.0, 3078707.9 ], [ 4363510.6, 3078589.9 ], [ 4363530.0, 3078585.9 ], [ 4363557.4, 3078609.8 ], [ 4363709.6, 3078658.0 ], [ 4363789.1, 3078721.8 ], [ 4363826.9, 3078778.7 ], [ 4363896.8, 3078815.7 ], [ 4363936.5, 3078861.6 ], [ 4363980.6, 3078877.1 ], [ 4364081.3, 3078971.4 ], [ 4364164.5, 3079009.7 ], [ 4364229.7, 3079064.7 ], [ 4364275.5, 3079084.0 ], [ 4364367.1, 3079102.9 ], [ 4364441.7, 3079141.4 ], [ 4364454.5, 3079153.5 ], [ 4364450.7, 3079185.1 ], [ 4364456.4, 3079198.9 ], [ 4364501.3, 3079227.7 ], [ 4364653.2, 3079409.5 ], [ 4364705.3, 3079451.1 ], [ 4364727.0, 3079482.3 ], [ 4364779.6, 3079518.4 ], [ 4364823.5, 3079532.9 ], [ 4364844.5, 3079531.7 ], [ 4364875.7, 3079546.9 ], [ 4364926.2, 3079550.7 ], [ 4364939.4, 3079544.4 ], [ 4364946.7, 3079529.6 ], [ 4365067.7, 3079514.6 ], [ 4365119.1, 3079497.8 ], [ 4365141.7, 3079510.4 ], [ 4365334.1, 3079493.4 ], [ 4365371.9, 3079481.5 ], [ 4365479.8, 3079483.3 ], [ 4365524.6, 3079462.4 ], [ 4365740.5, 3079504.0 ], [ 4365841.9, 3079533.6 ], [ 4365596.6, 3079528.8 ], [ 4365512.6, 3079541.7 ], [ 4365417.6, 3079543.2 ], [ 4365360.8, 3079556.7 ], [ 4365290.3, 3079535.1 ], [ 4365185.0, 3079561.8 ], [ 4365152.2, 3079559.4 ], [ 4364935.3, 3079588.0 ], [ 4364906.7, 3079599.8 ], [ 4364839.2, 3079600.8 ], [ 4364781.8, 3079626.7 ], [ 4364769.1, 3079641.6 ], [ 4364620.8, 3079645.7 ], [ 4364523.6, 3079631.2 ] ], [ [ 4362440.0, 3078676.0 ], [ 4362367.6, 3078775.3 ], [ 4362309.1, 3078584.2 ], [ 4362253.7, 3078461.6 ], [ 4362239.3, 3078450.9 ], [ 4362280.4, 3078429.5 ], [ 4362290.3, 3078409.5 ], [ 4362380.4, 3078385.9 ], [ 4362433.9, 3078475.8 ], [ 4362489.4, 3078532.3 ], [ 4362496.9, 3078568.6 ], [ 4362524.6, 3078622.8 ], [ 4362440.0, 3078676.0 ] ], [ [ 4364581.7, 3078468.8 ], [ 4364569.7, 3078322.8 ], [ 4364635.6, 3078315.4 ], [ 4364630.8, 3078468.1 ], [ 4364581.7, 3078468.8 ] ], [ [ 4362228.2, 3078318.5 ], [ 4362213.3, 3078428.4 ], [ 4362219.0, 3078444.0 ], [ 4362230.6, 3078450.7 ], [ 4362214.1, 3078463.8 ], [ 4362204.6, 3078521.3 ], [ 4362177.3, 3078533.4 ], [ 4362143.6, 3078566.0 ], [ 4362129.3, 3078633.0 ], [ 4362064.2, 3078612.8 ], [ 4362027.5, 3078612.2 ], [ 4361962.1, 3078513.6 ], [ 4361967.0, 3078491.8 ], [ 4362019.3, 3078449.0 ], [ 4362062.6, 3078374.9 ], [ 4362075.8, 3078345.3 ], [ 4362091.7, 3078242.4 ], [ 4362106.2, 3078209.9 ], [ 4362120.9, 3078201.1 ], [ 4362170.5, 3078199.8 ], [ 4362183.8, 3078187.7 ], [ 4362171.1, 3078108.1 ], [ 4362187.3, 3077984.5 ], [ 4362233.5, 3077970.2 ], [ 4362280.9, 3077982.9 ], [ 4362296.9, 3077978.4 ], [ 4362329.6, 3077932.5 ], [ 4362348.5, 3077924.5 ], [ 4362351.4, 3077901.0 ], [ 4362395.2, 3077837.0 ], [ 4362455.3, 3077827.8 ], [ 4362534.5, 3077848.6 ], [ 4362503.5, 3077917.9 ], [ 4362490.0, 3077927.2 ], [ 4362442.5, 3077932.3 ], [ 4362424.7, 3077956.0 ], [ 4362381.2, 3077937.4 ], [ 4362358.8, 3077946.9 ], [ 4362352.4, 3077985.8 ], [ 4362361.4, 3077999.9 ], [ 4362381.1, 3078007.2 ], [ 4362392.7, 3078106.4 ], [ 4362431.6, 3078126.1 ], [ 4362401.4, 3078208.1 ], [ 4362348.8, 3078199.4 ], [ 4362326.8, 3078227.9 ], [ 4362257.2, 3078214.2 ], [ 4362240.4, 3078221.3 ], [ 4362227.0, 3078265.5 ], [ 4362228.2, 3078318.5 ] ], [ [ 4364696.8, 3078282.3 ], [ 4364638.0, 3078278.0 ], [ 4364611.0, 3078252.6 ], [ 4364566.0, 3078253.2 ], [ 4364553.4, 3078180.7 ], [ 4364533.3, 3078132.9 ], [ 4364560.1, 3078007.9 ], [ 4364556.3, 3077952.7 ], [ 4364573.9, 3077830.2 ], [ 4364617.2, 3077742.7 ], [ 4364697.5, 3077718.0 ], [ 4364803.1, 3077778.7 ], [ 4364814.4, 3077807.9 ], [ 4364890.0, 3077917.5 ], [ 4364932.8, 3077957.4 ], [ 4364943.2, 3078003.8 ], [ 4364899.1, 3078039.5 ], [ 4364876.4, 3078094.5 ], [ 4364820.8, 3078136.6 ], [ 4364804.3, 3078129.7 ], [ 4364788.1, 3078136.8 ], [ 4364696.8, 3078282.3 ] ], [ [ 4364109.8, 3077850.8 ], [ 4364081.6, 3077815.7 ], [ 4364091.7, 3077800.7 ], [ 4364110.5, 3077799.2 ], [ 4364134.0, 3077784.4 ], [ 4364160.3, 3077800.2 ], [ 4364176.2, 3077835.7 ], [ 4364136.8, 3077850.0 ], [ 4364109.8, 3077850.8 ] ], [ [ 4361320.4, 3077774.4 ], [ 4361117.2, 3078039.9 ], [ 4361054.1, 3078031.3 ], [ 4360963.3, 3077995.2 ], [ 4360873.5, 3077983.1 ], [ 4360836.5, 3077955.5 ], [ 4360831.9, 3077935.8 ], [ 4360842.9, 3077909.5 ], [ 4360840.2, 3077884.5 ], [ 4360828.8, 3077854.7 ], [ 4360790.1, 3077801.6 ], [ 4360750.0, 3077760.1 ], [ 4360566.0, 3077648.3 ], [ 4360568.0, 3077640.5 ], [ 4360621.4, 3077652.4 ], [ 4360740.7, 3077719.9 ], [ 4360942.0, 3077922.7 ], [ 4361073.1, 3077991.3 ], [ 4361090.4, 3077987.4 ], [ 4361192.3, 3077911.0 ], [ 4361280.2, 3077781.3 ], [ 4361316.9, 3077752.2 ], [ 4361342.8, 3077759.7 ], [ 4361320.4, 3077774.4 ] ], [ [ 4360307.3, 3077669.8 ], [ 4360275.2, 3077572.2 ], [ 4360290.8, 3077572.3 ], [ 4360304.6, 3077562.0 ], [ 4360328.4, 3077588.7 ], [ 4360385.1, 3077589.8 ], [ 4360402.8, 3077603.0 ], [ 4360463.3, 3077609.4 ], [ 4360452.5, 3077636.5 ], [ 4360307.3, 3077669.8 ] ], [ [ 4357299.7, 3077508.9 ], [ 4357210.6, 3077576.1 ], [ 4357127.6, 3077603.4 ], [ 4357111.6, 3077622.8 ], [ 4357106.6, 3077667.6 ], [ 4357095.1, 3077690.5 ], [ 4357064.1, 3077691.8 ], [ 4357033.1, 3077678.9 ], [ 4357099.2, 3077577.2 ], [ 4357088.7, 3077546.0 ], [ 4357224.6, 3077438.7 ], [ 4357400.6, 3077325.4 ], [ 4357490.5, 3077305.1 ], [ 4357685.5, 3077210.4 ], [ 4357701.3, 3077182.1 ], [ 4357703.5, 3077134.1 ], [ 4357698.6, 3077112.0 ], [ 4357675.9, 3077077.6 ], [ 4357686.7, 3077068.0 ], [ 4357806.1, 3077066.1 ], [ 4357839.7, 3077112.8 ], [ 4357856.5, 3077120.4 ], [ 4357935.8, 3077077.5 ], [ 4357967.9, 3077048.4 ], [ 4357973.4, 3077012.0 ], [ 4358001.4, 3076955.6 ], [ 4358004.8, 3076889.9 ], [ 4357988.7, 3076858.3 ], [ 4358015.7, 3076684.1 ], [ 4358020.7, 3076591.1 ], [ 4358015.7, 3076576.0 ], [ 4357957.3, 3076522.4 ], [ 4358001.6, 3076504.4 ], [ 4358009.1, 3076481.1 ], [ 4357958.5, 3076425.7 ], [ 4357942.6, 3076420.6 ], [ 4357908.1, 3076439.1 ], [ 4357885.2, 3076465.0 ], [ 4357833.6, 3076488.8 ], [ 4357791.9, 3076454.1 ], [ 4357740.3, 3076429.4 ], [ 4357779.4, 3076360.1 ], [ 4357870.7, 3076327.8 ], [ 4357929.2, 3076320.2 ], [ 4358091.1, 3076411.2 ], [ 4358102.5, 3076460.3 ], [ 4358145.4, 3076488.2 ], [ 4358143.8, 3076520.7 ], [ 4358193.3, 3076538.4 ], [ 4358186.0, 3076585.0 ], [ 4358135.0, 3076630.7 ], [ 4358122.4, 3076651.2 ], [ 4358086.6, 3076670.4 ], [ 4358074.1, 3076691.9 ], [ 4358042.0, 3076893.8 ], [ 4358053.1, 3076945.7 ], [ 4358039.6, 3077023.7 ], [ 4358045.1, 3077040.5 ], [ 4358061.2, 3077047.8 ], [ 4358179.0, 3077042.5 ], [ 4358215.4, 3077028.7 ], [ 4358255.6, 3077038.3 ], [ 4358338.9, 3077015.1 ], [ 4358368.8, 3076994.3 ], [ 4358437.7, 3076813.8 ], [ 4358483.4, 3076750.2 ], [ 4358516.2, 3076682.2 ], [ 4358564.7, 3076629.6 ], [ 4358564.8, 3076538.2 ], [ 4358580.4, 3076494.9 ], [ 4358623.0, 3076455.1 ], [ 4358615.9, 3076421.7 ], [ 4358592.4, 3076390.7 ], [ 4358588.3, 3076355.3 ], [ 4358622.9, 3076334.9 ], [ 4358678.5, 3076250.9 ], [ 4358664.4, 3076231.0 ], [ 4358610.2, 3076221.4 ], [ 4358595.5, 3076177.0 ], [ 4358644.6, 3076143.2 ], [ 4358674.1, 3076149.4 ], [ 4358691.0, 3076142.6 ], [ 4358710.9, 3076091.4 ], [ 4358716.0, 3076051.4 ], [ 4358736.9, 3076054.1 ], [ 4358756.4, 3076071.7 ], [ 4358779.0, 3076064.3 ], [ 4358821.0, 3075936.8 ], [ 4358864.3, 3075900.0 ], [ 4358886.5, 3075860.1 ], [ 4358903.3, 3075877.1 ], [ 4358883.6, 3075983.6 ], [ 4358869.7, 3076024.1 ], [ 4358836.6, 3076073.4 ], [ 4358782.0, 3076265.9 ], [ 4358763.0, 3076259.9 ], [ 4358747.6, 3076269.4 ], [ 4358735.4, 3076303.1 ], [ 4358662.6, 3076420.0 ], [ 4358603.1, 3076566.9 ], [ 4358592.0, 3076693.7 ], [ 4358577.9, 3076706.2 ], [ 4358574.1, 3076730.1 ], [ 4358583.0, 3076805.1 ], [ 4358565.0, 3076815.1 ], [ 4358471.8, 3076925.1 ], [ 4358428.0, 3077022.6 ], [ 4358444.0, 3077045.0 ], [ 4358548.4, 3077039.9 ], [ 4358612.5, 3077069.9 ], [ 4358645.8, 3077097.6 ], [ 4358685.6, 3077080.8 ], [ 4358733.6, 3077105.4 ], [ 4358758.7, 3077188.5 ], [ 4358744.7, 3077217.5 ], [ 4358778.1, 3077275.9 ], [ 4358772.4, 3077294.4 ], [ 4358755.2, 3077300.4 ], [ 4358725.5, 3077339.8 ], [ 4358672.4, 3077338.0 ], [ 4358657.3, 3077348.7 ], [ 4358653.6, 3077377.0 ], [ 4358680.6, 3077430.5 ], [ 4358666.8, 3077454.2 ], [ 4358662.3, 3077510.4 ], [ 4358649.0, 3077536.4 ], [ 4358630.8, 3077539.2 ], [ 4358618.8, 3077550.3 ], [ 4358591.5, 3077546.9 ], [ 4358576.6, 3077554.6 ], [ 4358539.0, 3077497.5 ], [ 4358491.1, 3077463.0 ], [ 4358473.6, 3077467.2 ], [ 4358465.4, 3077489.0 ], [ 4358453.7, 3077501.8 ], [ 4358445.6, 3077499.6 ], [ 4358436.1, 3077440.9 ], [ 4358450.4, 3077337.7 ], [ 4358461.7, 3077310.2 ], [ 4358454.1, 3077270.4 ], [ 4358405.8, 3077214.7 ], [ 4358396.1, 3077174.6 ], [ 4358382.3, 3077153.6 ], [ 4358349.3, 3077126.8 ], [ 4358278.9, 3077105.6 ], [ 4358239.6, 3077115.6 ], [ 4358153.4, 3077113.2 ], [ 4358101.6, 3077133.1 ], [ 4358031.2, 3077172.4 ], [ 4358023.5, 3077220.2 ], [ 4357976.3, 3077236.1 ], [ 4357802.2, 3077264.5 ], [ 4357642.0, 3077278.8 ], [ 4357540.4, 3077349.3 ], [ 4357440.9, 3077383.9 ], [ 4357390.1, 3077414.1 ], [ 4357325.8, 3077464.7 ], [ 4357299.7, 3077508.9 ] ], [ [ 4361891.0, 3077343.6 ], [ 4361903.1, 3077315.3 ], [ 4361898.2, 3077292.1 ], [ 4361782.6, 3077177.3 ], [ 4361772.4, 3077155.6 ], [ 4361754.2, 3077097.5 ], [ 4361735.6, 3076960.4 ], [ 4361744.5, 3076907.6 ], [ 4361803.7, 3076776.6 ], [ 4361842.2, 3076726.1 ], [ 4361915.0, 3076658.3 ], [ 4361919.8, 3076644.9 ], [ 4361912.9, 3076628.7 ], [ 4361816.8, 3076608.3 ], [ 4361733.7, 3076568.9 ], [ 4361645.4, 3076545.4 ], [ 4361465.2, 3076514.9 ], [ 4361376.9, 3076483.6 ], [ 4361267.0, 3076472.4 ], [ 4361100.8, 3076485.2 ], [ 4361022.0, 3076442.6 ], [ 4360936.0, 3076442.6 ], [ 4360846.4, 3076423.9 ], [ 4360745.4, 3076382.7 ], [ 4360752.8, 3076370.5 ], [ 4360749.2, 3076353.2 ], [ 4360680.9, 3076300.6 ], [ 4360652.1, 3076220.0 ], [ 4360629.5, 3076194.9 ], [ 4360644.9, 3076181.2 ], [ 4360708.8, 3076239.8 ], [ 4360767.4, 3076260.9 ], [ 4360832.8, 3076304.1 ], [ 4360913.9, 3076333.7 ], [ 4361032.7, 3076358.5 ], [ 4361144.0, 3076349.4 ], [ 4361158.9, 3076339.3 ], [ 4361159.9, 3076318.0 ], [ 4361122.9, 3076274.8 ], [ 4361082.6, 3076183.7 ], [ 4361048.7, 3076153.7 ], [ 4360995.8, 3076150.9 ], [ 4360984.4, 3076143.1 ], [ 4360983.7, 3076122.8 ], [ 4360923.6, 3076046.9 ], [ 4360945.6, 3076005.0 ], [ 4361011.7, 3075999.2 ], [ 4361031.3, 3075986.0 ], [ 4361033.6, 3075894.6 ], [ 4361020.0, 3075883.3 ], [ 4360987.6, 3075883.6 ], [ 4360969.2, 3075852.3 ], [ 4361070.6, 3075717.3 ], [ 4361122.3, 3075792.8 ], [ 4361162.8, 3075798.6 ], [ 4361169.2, 3075939.9 ], [ 4361146.0, 3076099.7 ], [ 4361152.3, 3076148.7 ], [ 4361147.5, 3076180.5 ], [ 4361190.5, 3076282.2 ], [ 4361259.6, 3076369.3 ], [ 4361286.9, 3076370.0 ], [ 4361298.4, 3076338.1 ], [ 4361330.4, 3076317.2 ], [ 4361415.9, 3076305.9 ], [ 4361422.8, 3076311.3 ], [ 4361426.4, 3076402.7 ], [ 4361403.5, 3076408.7 ], [ 4361394.8, 3076424.3 ], [ 4361409.5, 3076447.1 ], [ 4361541.4, 3076477.7 ], [ 4361590.1, 3076498.1 ], [ 4361620.3, 3076493.6 ], [ 4361675.2, 3076524.6 ], [ 4361828.4, 3076573.1 ], [ 4361918.9, 3076588.3 ], [ 4361980.5, 3076580.5 ], [ 4362090.5, 3076582.1 ], [ 4362115.3, 3076567.5 ], [ 4362137.7, 3076574.5 ], [ 4362097.3, 3076600.7 ], [ 4362056.9, 3076614.1 ], [ 4362042.7, 3076640.9 ], [ 4361931.6, 3076721.8 ], [ 4361882.8, 3076796.7 ], [ 4361816.9, 3076951.5 ], [ 4361823.8, 3077053.3 ], [ 4361846.7, 3077155.5 ], [ 4361947.0, 3077310.7 ], [ 4361962.6, 3077349.2 ], [ 4361961.0, 3077376.4 ], [ 4361831.8, 3077466.6 ], [ 4361785.3, 3077475.3 ], [ 4361737.2, 3077437.3 ], [ 4361819.0, 3077398.2 ], [ 4361891.0, 3077343.6 ] ], [ [ 4363866.4, 3077146.1 ], [ 4364017.1, 3077147.8 ], [ 4364034.0, 3077173.0 ], [ 4363995.5, 3077205.4 ], [ 4363981.1, 3077231.3 ], [ 4363945.4, 3077235.2 ], [ 4363902.1, 3077225.6 ], [ 4363842.3, 3077196.8 ], [ 4363866.4, 3077146.1 ] ], [ [ 4363648.0, 3077007.3 ], [ 4363662.5, 3076972.3 ], [ 4363783.5, 3076972.8 ], [ 4363843.4, 3076984.1 ], [ 4363795.3, 3077039.2 ], [ 4363743.6, 3077040.6 ], [ 4363648.0, 3077007.3 ] ], [ [ 4362183.8, 3076116.2 ], [ 4362222.3, 3076098.1 ], [ 4362224.0, 3076112.4 ], [ 4362211.3, 3076142.4 ], [ 4362195.9, 3076154.0 ], [ 4362186.9, 3076152.7 ], [ 4362183.8, 3076116.2 ] ], [ [ 4362325.2, 3075912.2 ], [ 4362219.5, 3075893.6 ], [ 4362053.5, 3075828.5 ], [ 4361841.6, 3075671.5 ], [ 4361830.7, 3075653.1 ], [ 4361757.1, 3075623.4 ], [ 4361686.2, 3075611.7 ], [ 4361684.7, 3075585.9 ], [ 4361753.9, 3075589.5 ], [ 4361863.7, 3075609.5 ], [ 4361909.5, 3075630.6 ], [ 4361960.0, 3075668.1 ], [ 4361963.3, 3075695.5 ], [ 4362069.2, 3075775.6 ], [ 4362323.6, 3075887.4 ], [ 4362359.0, 3075888.6 ], [ 4362432.4, 3075864.5 ], [ 4362520.3, 3075859.0 ], [ 4362579.0, 3075840.3 ], [ 4362570.1, 3075868.8 ], [ 4362550.6, 3075883.3 ], [ 4362484.4, 3075888.0 ], [ 4362408.0, 3075907.1 ], [ 4362378.9, 3075904.1 ], [ 4362346.8, 3075922.5 ], [ 4362325.2, 3075912.2 ] ], [ [ 4361374.4, 3075599.4 ], [ 4361350.6, 3075578.4 ], [ 4361319.9, 3075577.6 ], [ 4361289.8, 3075558.4 ], [ 4361264.6, 3075556.3 ], [ 4361250.1, 3075563.2 ], [ 4361197.9, 3075550.2 ], [ 4361221.7, 3075471.3 ], [ 4361235.1, 3075452.7 ], [ 4361370.4, 3075345.8 ], [ 4361367.5, 3075321.9 ], [ 4361332.2, 3075292.3 ], [ 4361387.1, 3075241.5 ], [ 4361392.4, 3075216.2 ], [ 4361387.5, 3075201.4 ], [ 4361374.0, 3075191.8 ], [ 4361285.7, 3075171.3 ], [ 4361249.8, 3075168.9 ], [ 4361232.9, 3075178.4 ], [ 4361215.2, 3075173.7 ], [ 4361194.7, 3075186.4 ], [ 4361164.9, 3075182.2 ], [ 4361119.3, 3075132.6 ], [ 4361114.6, 3075117.1 ], [ 4361147.0, 3075097.9 ], [ 4361172.7, 3075109.5 ], [ 4361197.2, 3075106.4 ], [ 4361238.6, 3075118.4 ], [ 4361255.0, 3075114.0 ], [ 4361398.0, 3075152.7 ], [ 4361422.0, 3075133.7 ], [ 4361552.9, 3075098.2 ], [ 4361581.0, 3075037.5 ], [ 4361615.2, 3075024.6 ], [ 4361645.4, 3074997.2 ], [ 4361736.0, 3075029.6 ], [ 4361736.1, 3075080.4 ], [ 4361752.7, 3075122.7 ], [ 4361726.7, 3075137.2 ], [ 4361699.0, 3075132.0 ], [ 4361676.3, 3075137.8 ], [ 4361638.3, 3075162.6 ], [ 4361601.7, 3075208.2 ], [ 4361544.3, 3075232.2 ], [ 4361536.6, 3075256.9 ], [ 4361473.2, 3075271.9 ], [ 4361436.6, 3075316.0 ], [ 4361441.6, 3075343.3 ], [ 4361383.4, 3075438.9 ], [ 4361365.4, 3075452.4 ], [ 4361361.7, 3075470.6 ], [ 4361384.3, 3075511.8 ], [ 4361500.8, 3075530.3 ], [ 4361455.9, 3075571.0 ], [ 4361374.4, 3075599.4 ] ], [ [ 4361836.1, 3075138.5 ], [ 4361835.7, 3075102.9 ], [ 4361887.9, 3075094.7 ], [ 4361965.5, 3075059.7 ], [ 4362019.4, 3075056.6 ], [ 4362087.9, 3075036.8 ], [ 4362184.1, 3074935.0 ], [ 4362257.8, 3074939.4 ], [ 4362325.0, 3074921.6 ], [ 4362337.1, 3074963.4 ], [ 4362323.8, 3074980.7 ], [ 4362249.1, 3074995.0 ], [ 4362149.3, 3075082.2 ], [ 4362123.7, 3075077.6 ], [ 4362058.3, 3075114.6 ], [ 4361935.0, 3075147.7 ], [ 4361870.6, 3075150.5 ], [ 4361836.1, 3075138.5 ] ], [ [ 4358910.8, 3074869.4 ], [ 4358891.5, 3074925.1 ], [ 4358865.4, 3074885.8 ], [ 4358844.9, 3074882.2 ], [ 4358738.3, 3074999.5 ], [ 4358685.5, 3074981.2 ], [ 4358670.7, 3074983.6 ], [ 4358610.5, 3075054.9 ], [ 4358574.3, 3075120.5 ], [ 4358552.1, 3075123.1 ], [ 4358423.1, 3075083.0 ], [ 4358377.3, 3075058.5 ], [ 4358359.6, 3075039.2 ], [ 4358343.3, 3074986.8 ], [ 4358429.8, 3074885.2 ], [ 4358422.5, 3074803.6 ], [ 4358428.8, 3074752.7 ], [ 4358416.3, 3074736.8 ], [ 4358312.2, 3074678.7 ], [ 4358327.9, 3074630.8 ], [ 4358360.1, 3074640.8 ], [ 4358387.8, 3074635.2 ], [ 4358526.3, 3074482.3 ], [ 4358631.3, 3074497.0 ], [ 4358730.2, 3074489.6 ], [ 4358801.9, 3074551.2 ], [ 4358859.1, 3074568.4 ], [ 4358871.5, 3074605.3 ], [ 4358895.6, 3074617.4 ], [ 4358959.1, 3074672.3 ], [ 4359018.7, 3074749.5 ], [ 4359012.2, 3074840.5 ], [ 4359026.4, 3074886.6 ], [ 4359021.2, 3074902.3 ], [ 4358994.8, 3074899.4 ], [ 4358950.8, 3074864.1 ], [ 4358927.5, 3074856.4 ], [ 4358910.8, 3074869.4 ] ], [ [ 4362039.0, 3074725.4 ], [ 4362058.8, 3074671.3 ], [ 4362113.2, 3074724.0 ], [ 4362162.9, 3074730.5 ], [ 4362200.0, 3074755.7 ], [ 4362213.9, 3074788.5 ], [ 4362204.0, 3074792.6 ], [ 4362164.8, 3074778.1 ], [ 4362148.6, 3074784.2 ], [ 4362132.8, 3074805.3 ], [ 4362133.4, 3074827.3 ], [ 4362168.6, 3074865.8 ], [ 4362160.4, 3074898.2 ], [ 4362103.1, 3074880.9 ], [ 4362033.1, 3074920.4 ], [ 4361984.8, 3074871.3 ], [ 4361973.5, 3074849.9 ], [ 4361972.9, 3074827.8 ], [ 4361989.1, 3074790.5 ], [ 4362039.0, 3074725.4 ] ], [ [ 4358298.2, 3074435.0 ], [ 4358291.4, 3074561.3 ], [ 4358270.2, 3074561.3 ], [ 4358268.6, 3074527.6 ], [ 4358254.3, 3074517.8 ], [ 4358224.9, 3074518.1 ], [ 4358206.1, 3074473.0 ], [ 4358162.9, 3074305.3 ], [ 4358196.5, 3074282.3 ], [ 4358274.9, 3074314.3 ], [ 4358298.2, 3074435.0 ] ], [ [ 4357491.9, 3074299.9 ], [ 4357460.9, 3074323.3 ], [ 4357417.1, 3074317.6 ], [ 4357310.0, 3074365.0 ], [ 4357265.0, 3074353.2 ], [ 4357228.8, 3074372.7 ], [ 4357208.2, 3074355.5 ], [ 4357194.0, 3074354.0 ], [ 4357171.5, 3074380.4 ], [ 4357131.1, 3074399.0 ], [ 4357115.6, 3074397.3 ], [ 4357095.0, 3074365.8 ], [ 4357092.4, 3074288.6 ], [ 4357136.2, 3074220.6 ], [ 4357149.8, 3074174.4 ], [ 4357167.0, 3074153.7 ], [ 4357235.1, 3074201.4 ], [ 4357249.1, 3074203.5 ], [ 4357295.8, 3074170.8 ], [ 4357310.3, 3074132.0 ], [ 4357361.8, 3074159.0 ], [ 4357468.4, 3074238.2 ], [ 4357465.0, 3074257.3 ], [ 4357491.9, 3074299.9 ] ], [ [ 4357987.8, 3074137.7 ], [ 4357959.1, 3074119.6 ], [ 4357978.5, 3074093.3 ], [ 4358000.0, 3074085.9 ], [ 4358004.3, 3074112.2 ], [ 4357987.8, 3074137.7 ] ], [ [ 4356600.2, 3074070.7 ], [ 4356822.8, 3074130.2 ], [ 4356749.0, 3074239.6 ], [ 4356685.5, 3074221.5 ], [ 4356644.1, 3074230.2 ], [ 4356541.1, 3074210.7 ], [ 4356507.8, 3074156.2 ], [ 4356507.0, 3074136.1 ], [ 4356534.0, 3074099.8 ], [ 4356537.5, 3074077.3 ], [ 4356600.2, 3074070.7 ] ], [ [ 4358000.0, 3074057.6 ], [ 4357967.2, 3074008.2 ], [ 4357951.3, 3073956.7 ], [ 4357973.1, 3073963.3 ], [ 4358024.7, 3074040.0 ], [ 4358014.7, 3074074.7 ], [ 4358002.6, 3074082.0 ], [ 4358000.0, 3074057.6 ] ], [ [ 4358093.7, 3074375.2 ], [ 4358110.1, 3074368.3 ], [ 4358137.1, 3074392.8 ], [ 4358135.3, 3074415.7 ], [ 4358120.5, 3074430.2 ], [ 4358088.9, 3074411.3 ], [ 4358086.1, 3074390.4 ], [ 4358093.7, 3074375.2 ] ], [ [ 4360832.3, 3075040.8 ], [ 4360849.4, 3075001.0 ], [ 4360904.9, 3075021.2 ], [ 4360865.8, 3075148.3 ], [ 4360801.5, 3075112.0 ], [ 4360822.2, 3075095.6 ], [ 4360832.3, 3075040.8 ] ], [ [ 4359244.9, 3075478.5 ], [ 4359273.7, 3075490.9 ], [ 4359292.6, 3075479.5 ], [ 4359403.8, 3075523.2 ], [ 4359467.5, 3075587.3 ], [ 4359501.8, 3075645.1 ], [ 4359514.7, 3075781.4 ], [ 4359504.2, 3075809.2 ], [ 4359506.5, 3075890.6 ], [ 4359517.8, 3075913.5 ], [ 4359501.1, 3075970.9 ], [ 4359489.4, 3076064.7 ], [ 4359492.9, 3076138.6 ], [ 4359486.7, 3076138.4 ], [ 4359469.7, 3076101.5 ], [ 4359451.0, 3076092.3 ], [ 4359403.2, 3076099.6 ], [ 4359383.7, 3076142.4 ], [ 4359352.4, 3076166.9 ], [ 4359307.9, 3076163.6 ], [ 4359289.5, 3076148.3 ], [ 4359232.0, 3076133.3 ], [ 4359172.6, 3076132.1 ], [ 4359118.1, 3076111.6 ], [ 4359137.3, 3076063.9 ], [ 4359159.0, 3075971.3 ], [ 4359221.6, 3075866.3 ], [ 4359218.1, 3075833.6 ], [ 4359238.3, 3075686.9 ], [ 4359234.9, 3075672.8 ], [ 4359193.6, 3075628.1 ], [ 4359185.2, 3075609.2 ], [ 4359162.3, 3075591.6 ], [ 4359184.4, 3075570.0 ], [ 4359184.9, 3075541.0 ], [ 4359217.9, 3075531.5 ], [ 4359240.7, 3075501.0 ], [ 4359244.9, 3075478.5 ] ], [ [ 4358965.1, 3075723.7 ], [ 4358940.6, 3075726.0 ], [ 4358906.1, 3075745.1 ], [ 4358820.6, 3075678.0 ], [ 4358799.9, 3075628.7 ], [ 4358829.4, 3075553.8 ], [ 4358847.5, 3075537.3 ], [ 4358941.4, 3075573.1 ], [ 4358957.9, 3075559.8 ], [ 4358967.2, 3075512.6 ], [ 4358991.3, 3075501.1 ], [ 4358963.3, 3075668.7 ], [ 4358977.7, 3075699.7 ], [ 4358965.1, 3075723.7 ] ], [ [ 4360008.2, 3076170.0 ], [ 4360023.2, 3076138.2 ], [ 4360171.9, 3076168.2 ], [ 4360188.8, 3076178.4 ], [ 4360170.1, 3076190.3 ], [ 4360005.2, 3076211.0 ], [ 4359966.0, 3076226.3 ], [ 4359979.1, 3076188.7 ], [ 4360008.2, 3076170.0 ] ], [ [ 4360245.2, 3076149.8 ], [ 4360278.9, 3076132.4 ], [ 4360288.1, 3076118.9 ], [ 4360299.2, 3076161.2 ], [ 4360251.0, 3076160.6 ], [ 4360245.2, 3076149.8 ] ], [ [ 4360518.5, 3076059.1 ], [ 4360476.2, 3076044.0 ], [ 4360472.6, 3076021.0 ], [ 4360536.5, 3076003.2 ], [ 4360546.0, 3075984.3 ], [ 4360566.2, 3075972.7 ], [ 4360578.1, 3075936.9 ], [ 4360573.3, 3075919.5 ], [ 4360555.7, 3075911.5 ], [ 4360543.6, 3075866.1 ], [ 4360544.8, 3075816.5 ], [ 4360590.2, 3075774.1 ], [ 4360607.7, 3075747.5 ], [ 4360689.4, 3075732.6 ], [ 4360698.7, 3075748.9 ], [ 4360697.8, 3075773.3 ], [ 4360671.8, 3075882.2 ], [ 4360656.1, 3075902.5 ], [ 4360621.6, 3075918.2 ], [ 4360619.2, 3075945.3 ], [ 4360599.8, 3075971.6 ], [ 4360600.3, 3076020.4 ], [ 4360553.7, 3076050.4 ], [ 4360546.4, 3076083.0 ], [ 4360524.4, 3076083.3 ], [ 4360518.5, 3076059.1 ] ], [ [ 4357308.2, 3076288.4 ], [ 4357350.6, 3076330.1 ], [ 4357361.6, 3076412.6 ], [ 4357355.6, 3076423.8 ], [ 4357327.6, 3076433.5 ], [ 4357319.6, 3076450.7 ], [ 4357276.4, 3076451.1 ], [ 4357264.1, 3076420.3 ], [ 4357233.0, 3076412.5 ], [ 4357220.0, 3076400.8 ], [ 4357224.9, 3076366.4 ], [ 4357294.0, 3076310.1 ], [ 4357308.2, 3076288.4 ] ], [ [ 4358349.1, 3076711.9 ], [ 4358288.0, 3076731.4 ], [ 4358284.0, 3076678.7 ], [ 4358266.5, 3076664.6 ], [ 4358264.8, 3076614.4 ], [ 4358320.3, 3076603.7 ], [ 4358350.1, 3076677.6 ], [ 4358349.1, 3076711.9 ] ], [ [ 4357652.6, 3076786.3 ], [ 4357666.6, 3076887.2 ], [ 4357641.1, 3076881.1 ], [ 4357634.5, 3076865.1 ], [ 4357609.7, 3076849.2 ], [ 4357516.0, 3076863.6 ], [ 4357500.7, 3076831.5 ], [ 4357504.6, 3076769.5 ], [ 4357522.5, 3076760.3 ], [ 4357583.2, 3076781.3 ], [ 4357652.6, 3076786.3 ] ], [ [ 4357308.6, 3077285.2 ], [ 4357281.4, 3077288.2 ], [ 4357265.0, 3077257.0 ], [ 4357280.8, 3077193.0 ], [ 4357349.9, 3077198.1 ], [ 4357335.3, 3077268.2 ], [ 4357308.6, 3077285.2 ] ], [ [ 4361662.3, 3077964.1 ], [ 4361697.4, 3077953.2 ], [ 4361724.5, 3077967.1 ], [ 4361753.1, 3078087.9 ], [ 4361773.7, 3078111.9 ], [ 4361763.2, 3078137.8 ], [ 4361762.9, 3078230.7 ], [ 4361774.4, 3078254.7 ], [ 4361766.5, 3078276.5 ], [ 4361749.5, 3078268.1 ], [ 4361725.2, 3078235.2 ], [ 4361675.6, 3078216.1 ], [ 4361649.5, 3078173.5 ], [ 4361657.0, 3078112.7 ], [ 4361685.0, 3078076.7 ], [ 4361664.1, 3078013.9 ], [ 4361662.3, 3077964.1 ] ], [ [ 4361006.8, 3078887.4 ], [ 4361097.3, 3078970.1 ], [ 4361143.6, 3078963.4 ], [ 4361188.0, 3078997.6 ], [ 4361283.4, 3079026.0 ], [ 4361335.2, 3079030.6 ], [ 4361417.9, 3079080.2 ], [ 4361574.0, 3079093.1 ], [ 4361610.2, 3079117.2 ], [ 4361638.4, 3079108.1 ], [ 4361686.8, 3079128.5 ], [ 4361737.2, 3079133.6 ], [ 4361745.5, 3079161.7 ], [ 4361709.9, 3079154.2 ], [ 4361613.9, 3079192.4 ], [ 4361483.2, 3079180.6 ], [ 4361319.9, 3079235.1 ], [ 4361226.1, 3079282.5 ], [ 4361228.3, 3079270.7 ], [ 4361285.9, 3079230.2 ], [ 4361355.7, 3079160.4 ], [ 4361405.1, 3079131.4 ], [ 4361412.1, 3079118.2 ], [ 4361409.0, 3079103.6 ], [ 4361333.4, 3079059.7 ], [ 4361257.6, 3079029.5 ], [ 4361152.0, 3079007.2 ], [ 4361114.9, 3078992.0 ], [ 4361052.5, 3078989.6 ], [ 4361003.3, 3078972.4 ], [ 4360937.0, 3078986.1 ], [ 4360844.6, 3079017.2 ], [ 4360811.5, 3079037.0 ], [ 4360782.3, 3079067.4 ], [ 4360712.5, 3079185.4 ], [ 4360658.5, 3079216.8 ], [ 4360616.2, 3079225.9 ], [ 4360608.8, 3079220.9 ], [ 4360687.5, 3079181.2 ], [ 4360731.5, 3079131.2 ], [ 4360786.3, 3079033.7 ], [ 4360826.4, 3079000.1 ], [ 4360980.7, 3078931.2 ], [ 4361006.8, 3078887.4 ] ], [ [ 4364165.0, 3079615.2 ], [ 4363950.1, 3079538.9 ], [ 4363880.0, 3079545.9 ], [ 4363833.3, 3079540.0 ], [ 4363814.7, 3079549.4 ], [ 4363776.9, 3079552.0 ], [ 4363763.3, 3079563.7 ], [ 4363752.5, 3079600.5 ], [ 4363736.3, 3079611.5 ], [ 4363635.1, 3079591.1 ], [ 4363534.8, 3079465.0 ], [ 4363450.2, 3079396.2 ], [ 4363443.7, 3079373.3 ], [ 4363530.1, 3079415.0 ], [ 4363560.4, 3079422.1 ], [ 4363585.5, 3079401.1 ], [ 4363597.3, 3079369.5 ], [ 4363679.8, 3079377.4 ], [ 4363843.5, 3079321.5 ], [ 4363887.3, 3079333.4 ], [ 4363904.4, 3079306.6 ], [ 4364032.3, 3079375.3 ], [ 4364137.2, 3079527.5 ], [ 4364194.8, 3079556.7 ], [ 4364165.0, 3079615.2 ] ], [ [ 4361164.6, 3079309.9 ], [ 4361186.7, 3079314.2 ], [ 4361119.8, 3079375.9 ], [ 4360996.5, 3079468.3 ], [ 4360980.6, 3079455.5 ], [ 4360985.6, 3079420.1 ], [ 4361011.1, 3079396.6 ], [ 4361047.7, 3079369.8 ], [ 4361122.5, 3079339.7 ], [ 4361164.6, 3079309.9 ] ], [ [ 4359968.6, 3079679.9 ], [ 4359976.2, 3079710.7 ], [ 4359961.0, 3079742.2 ], [ 4359862.0, 3079639.3 ], [ 4359814.4, 3079573.4 ], [ 4359821.4, 3079564.2 ], [ 4359885.3, 3079599.5 ], [ 4359921.7, 3079627.0 ], [ 4359968.6, 3079679.9 ] ], [ [ 4360787.1, 3079717.0 ], [ 4360806.1, 3079699.7 ], [ 4360784.5, 3079764.0 ], [ 4360777.6, 3079835.1 ], [ 4360759.0, 3079860.6 ], [ 4360666.9, 3079855.7 ], [ 4360719.4, 3079783.5 ], [ 4360747.3, 3079726.9 ], [ 4360787.1, 3079717.0 ] ], [ [ 4359371.6, 3079751.7 ], [ 4359372.0, 3079787.9 ], [ 4359388.2, 3079796.5 ], [ 4359414.9, 3079790.1 ], [ 4359426.1, 3079770.7 ], [ 4359441.9, 3079770.5 ], [ 4359439.7, 3079788.6 ], [ 4359421.6, 3079790.3 ], [ 4359409.9, 3079804.5 ], [ 4359403.6, 3079834.1 ], [ 4359411.3, 3079874.1 ], [ 4359400.8, 3079908.2 ], [ 4359384.5, 3079919.1 ], [ 4359339.8, 3079902.2 ], [ 4359325.6, 3079903.7 ], [ 4359294.6, 3079924.2 ], [ 4359277.8, 3079952.9 ], [ 4359246.3, 3079983.1 ], [ 4359264.5, 3079945.5 ], [ 4359255.6, 3079930.0 ], [ 4359222.4, 3079913.1 ], [ 4359235.0, 3079857.2 ], [ 4359252.3, 3079843.9 ], [ 4359280.1, 3079796.4 ], [ 4359317.8, 3079773.6 ], [ 4359347.4, 3079770.8 ], [ 4359371.6, 3079751.7 ] ], [ [ 4358648.5, 3079964.1 ], [ 4358662.9, 3080048.5 ], [ 4358648.9, 3080094.0 ], [ 4358622.4, 3080072.1 ], [ 4358572.3, 3080080.7 ], [ 4358531.1, 3080229.9 ], [ 4358362.9, 3080192.2 ], [ 4358410.5, 3080070.0 ], [ 4358420.1, 3080003.3 ], [ 4358418.9, 3079913.6 ], [ 4358434.9, 3079933.9 ], [ 4358452.2, 3079937.5 ], [ 4358595.2, 3079878.8 ], [ 4358662.9, 3079920.6 ], [ 4358648.5, 3079964.1 ] ], [ [ 4361162.1, 3080153.6 ], [ 4361165.7, 3080122.0 ], [ 4361296.3, 3080153.1 ], [ 4361313.4, 3080170.5 ], [ 4361314.2, 3080207.3 ], [ 4361233.5, 3080193.9 ], [ 4361162.1, 3080153.6 ] ], [ [ 4360060.7, 3079997.8 ], [ 4360046.1, 3079928.7 ], [ 4360020.3, 3079896.8 ], [ 4360007.1, 3079852.5 ], [ 4360076.4, 3079789.9 ], [ 4360245.7, 3079861.5 ], [ 4360304.0, 3079897.3 ], [ 4360282.2, 3079932.0 ], [ 4360218.7, 3079977.9 ], [ 4360186.5, 3080037.5 ], [ 4360099.6, 3080016.5 ], [ 4360060.7, 3079997.8 ] ], [ [ 4358284.5, 3080395.5 ], [ 4358375.6, 3080423.0 ], [ 4358371.1, 3080432.0 ], [ 4358354.5, 3080447.7 ], [ 4358354.3, 3080473.1 ], [ 4358397.4, 3080527.8 ], [ 4358372.4, 3080555.3 ], [ 4358360.8, 3080540.6 ], [ 4358340.8, 3080532.3 ], [ 4358349.9, 3080512.1 ], [ 4358345.5, 3080494.1 ], [ 4358277.6, 3080451.1 ], [ 4358293.7, 3080425.3 ], [ 4358284.5, 3080395.5 ] ], [ [ 4359782.5, 3080431.8 ], [ 4359809.1, 3080420.2 ], [ 4359873.1, 3080501.0 ], [ 4359900.7, 3080579.4 ], [ 4359904.6, 3080631.1 ], [ 4359893.3, 3080634.7 ], [ 4359782.5, 3080431.8 ] ], [ [ 4356086.1, 3075759.2 ], [ 4356102.0, 3075753.0 ], [ 4356127.2, 3075767.1 ], [ 4356131.5, 3075799.5 ], [ 4356155.3, 3075848.7 ], [ 4356094.8, 3075913.5 ], [ 4356097.8, 3075942.9 ], [ 4356073.9, 3075918.2 ], [ 4356054.9, 3075835.6 ], [ 4356064.0, 3075791.8 ], [ 4356086.1, 3075759.2 ] ], [ [ 4356070.4, 3075642.8 ], [ 4356031.5, 3075639.7 ], [ 4355979.9, 3075599.7 ], [ 4355826.7, 3075608.5 ], [ 4355793.2, 3075617.7 ], [ 4355700.1, 3075618.3 ], [ 4355695.7, 3075594.0 ], [ 4355638.5, 3075553.9 ], [ 4355622.4, 3075511.8 ], [ 4355642.3, 3075480.4 ], [ 4355658.7, 3075479.2 ], [ 4355747.6, 3075496.4 ], [ 4355770.4, 3075542.3 ], [ 4355793.0, 3075555.2 ], [ 4355834.2, 3075554.8 ], [ 4355850.4, 3075546.3 ], [ 4355862.2, 3075501.3 ], [ 4355911.2, 3075538.4 ], [ 4355983.0, 3075535.1 ], [ 4356013.0, 3075547.6 ], [ 4356068.1, 3075488.8 ], [ 4356100.7, 3075470.1 ], [ 4356114.8, 3075476.2 ], [ 4356130.6, 3075509.0 ], [ 4356135.3, 3075583.8 ], [ 4356129.1, 3075609.5 ], [ 4356070.4, 3075642.8 ] ], [ [ 4357027.0, 3073739.6 ], [ 4357011.1, 3073701.2 ], [ 4356997.3, 3073691.3 ], [ 4356945.1, 3073687.7 ], [ 4356864.2, 3073707.3 ], [ 4356828.8, 3073664.9 ], [ 4356722.0, 3073670.2 ], [ 4356708.9, 3073619.0 ], [ 4356691.8, 3073606.1 ], [ 4356669.3, 3073610.7 ], [ 4356626.4, 3073652.8 ], [ 4356622.5, 3073637.0 ], [ 4356607.7, 3073627.3 ], [ 4356571.3, 3073641.8 ], [ 4356553.7, 3073639.8 ], [ 4356550.8, 3073618.4 ], [ 4356606.9, 3073593.5 ], [ 4356619.0, 3073570.1 ], [ 4356610.7, 3073547.7 ], [ 4356576.3, 3073533.2 ], [ 4356583.3, 3073494.4 ], [ 4356575.9, 3073477.8 ], [ 4356468.9, 3073458.7 ], [ 4356453.9, 3073466.4 ], [ 4356435.5, 3073495.9 ], [ 4356346.5, 3073461.8 ], [ 4356292.1, 3073423.0 ], [ 4356212.4, 3073290.1 ], [ 4356248.1, 3073218.1 ], [ 4356270.7, 3073199.2 ], [ 4356345.0, 3073239.6 ], [ 4356366.7, 3073226.9 ], [ 4356362.2, 3073202.1 ], [ 4356324.8, 3073171.6 ], [ 4356174.1, 3073109.0 ], [ 4356148.1, 3073091.6 ], [ 4356031.7, 3072961.5 ], [ 4356006.9, 3072906.4 ], [ 4355984.3, 3072878.1 ], [ 4355959.5, 3072877.3 ], [ 4355912.6, 3072929.4 ], [ 4355900.8, 3072920.7 ], [ 4355833.6, 3072821.3 ], [ 4355834.2, 3072793.8 ], [ 4355847.0, 3072794.1 ], [ 4355880.4, 3072824.7 ], [ 4355930.5, 3072849.0 ], [ 4355948.1, 3072844.0 ], [ 4355955.5, 3072831.1 ], [ 4355936.8, 3072795.9 ], [ 4356014.3, 3072800.5 ], [ 4356049.6, 3072811.5 ], [ 4356060.3, 3072849.1 ], [ 4356050.3, 3072879.1 ], [ 4356054.2, 3072925.8 ], [ 4356138.0, 3072999.1 ], [ 4356185.9, 3073022.7 ], [ 4356239.7, 3073090.2 ], [ 4356346.7, 3073140.7 ], [ 4356364.5, 3073137.9 ], [ 4356380.7, 3073118.7 ], [ 4356473.6, 3073176.9 ], [ 4356490.6, 3073172.3 ], [ 4356510.4, 3073148.5 ], [ 4356523.5, 3073149.2 ], [ 4356585.6, 3073208.1 ], [ 4356701.0, 3073248.6 ], [ 4356689.1, 3073313.3 ], [ 4356695.9, 3073329.6 ], [ 4356728.3, 3073346.4 ], [ 4356775.9, 3073410.3 ], [ 4356796.4, 3073405.9 ], [ 4356828.4, 3073373.7 ], [ 4356875.3, 3073387.4 ], [ 4356876.1, 3073420.0 ], [ 4356890.9, 3073434.3 ], [ 4356891.2, 3073498.1 ], [ 4356933.1, 3073526.7 ], [ 4356966.9, 3073596.7 ], [ 4357098.3, 3073664.7 ], [ 4357159.4, 3073714.9 ], [ 4357181.3, 3073739.1 ], [ 4357192.5, 3073786.9 ], [ 4357169.9, 3073823.0 ], [ 4357149.0, 3073820.0 ], [ 4357115.0, 3073839.0 ], [ 4357044.2, 3073751.1 ], [ 4357027.0, 3073739.6 ] ], [ [ 4358152.5, 3073473.3 ], [ 4358167.6, 3073469.9 ], [ 4358200.5, 3073488.0 ], [ 4358191.8, 3073518.1 ], [ 4358135.8, 3073499.5 ], [ 4358152.5, 3073473.3 ] ], [ [ 4355690.1, 3073068.7 ], [ 4355660.8, 3073095.0 ], [ 4355645.8, 3073094.0 ], [ 4355636.3, 3073082.0 ], [ 4355671.8, 3073050.9 ], [ 4355690.1, 3073068.7 ] ], [ [ 4362939.0, 3074590.7 ], [ 4362810.3, 3074376.7 ], [ 4362715.5, 3074301.8 ], [ 4362595.8, 3074243.2 ], [ 4362538.9, 3074171.0 ], [ 4362460.0, 3074109.7 ], [ 4362478.4, 3074093.0 ], [ 4362577.1, 3074156.9 ], [ 4362595.5, 3074156.8 ], [ 4362606.0, 3074146.4 ], [ 4362746.1, 3074258.7 ], [ 4362762.4, 3074253.3 ], [ 4362831.0, 3074186.4 ], [ 4362875.3, 3074158.7 ], [ 4362845.9, 3074210.7 ], [ 4362780.9, 3074270.4 ], [ 4362774.8, 3074289.7 ], [ 4362805.4, 3074326.7 ], [ 4362868.4, 3074376.7 ], [ 4362958.8, 3074530.1 ], [ 4362978.7, 3074577.6 ], [ 4362939.0, 3074590.7 ] ], [ [ 4361946.2, 3074304.7 ], [ 4361909.2, 3074376.8 ], [ 4361877.7, 3074363.3 ], [ 4361839.1, 3074319.8 ], [ 4361854.9, 3074221.9 ], [ 4361843.8, 3074195.0 ], [ 4361825.1, 3074078.1 ], [ 4361813.1, 3074065.1 ], [ 4361792.2, 3074062.1 ], [ 4361789.8, 3074032.0 ], [ 4361827.7, 3074031.0 ], [ 4361832.3, 3074050.3 ], [ 4361858.0, 3074067.4 ], [ 4361890.2, 3074066.6 ], [ 4361909.1, 3074040.9 ], [ 4361920.4, 3074005.5 ], [ 4361957.3, 3074004.6 ], [ 4362018.0, 3073948.3 ], [ 4362042.8, 3073939.4 ], [ 4362066.9, 3073891.7 ], [ 4362115.2, 3073919.5 ], [ 4362123.7, 3073968.8 ], [ 4362148.0, 3073994.5 ], [ 4362266.4, 3073994.0 ], [ 4362320.6, 3074023.8 ], [ 4362317.4, 3074044.2 ], [ 4362285.8, 3074035.3 ], [ 4362208.0, 3074037.6 ], [ 4362055.7, 3074092.4 ], [ 4361988.7, 3074126.7 ], [ 4361922.8, 3074237.1 ], [ 4361926.2, 3074258.5 ], [ 4361950.6, 3074267.0 ], [ 4361946.2, 3074304.7 ] ], [ [ 4360934.3, 3073651.6 ], [ 4360957.0, 3073640.1 ], [ 4360949.4, 3073664.5 ], [ 4360934.3, 3073651.6 ] ], [ [ 4360829.9, 3073478.5 ], [ 4360865.6, 3073470.2 ], [ 4360863.6, 3073491.9 ], [ 4360873.7, 3073507.5 ], [ 4360804.0, 3073521.0 ], [ 4360806.5, 3073499.0 ], [ 4360829.9, 3073478.5 ] ], [ [ 4361734.1, 3073386.1 ], [ 4361702.1, 3073344.4 ], [ 4361745.6, 3073313.8 ], [ 4361747.6, 3073287.5 ], [ 4361773.4, 3073267.2 ], [ 4361771.7, 3073291.5 ], [ 4361790.7, 3073343.5 ], [ 4361734.1, 3073386.1 ] ], [ [ 4362074.5, 3073148.4 ], [ 4362084.1, 3073103.7 ], [ 4362123.3, 3073118.7 ], [ 4362107.3, 3073158.7 ], [ 4362074.5, 3073148.4 ] ] ] } },
{ "type": "Feature", "properties": { "id": "forest_87795", "state": "Thüringen", "area_ha": 8044.27, "unfragmented": true, "image": "forest_87795.webp", "real_width_m": 14336.0, "real_height_m": 12686.8, "pixel_width": 1433, "pixel_height": 1268, "centroid_x": 4350909.7, "centroid_y": 3108177.9 }, "geometry": { "type": "Polygon", "coordinates": [ [ [ 4348559.4, 3114473.2 ], [ 4348601.1, 3114385.6 ], [ 4348671.9, 3114432.0 ], [ 4348903.0, 3114548.7 ], [ 4348921.7, 3114550.6 ], [ 4348936.2, 3114536.6 ], [ 4349026.0, 3114257.0 ], [ 4349013.4, 3114240.6 ], [ 4348880.7, 3114201.0 ], [ 4348884.6, 3114177.6 ], [ 4348896.4, 3114165.0 ], [ 4348895.9, 3114135.1 ], [ 4348921.7, 3114059.7 ], [ 4348933.8, 3113978.1 ], [ 4348922.2, 3113961.9 ], [ 4348828.8, 3113930.6 ], [ 4348878.8, 3113740.3 ], [ 4348908.0, 3113737.6 ], [ 4348927.5, 3113688.6 ], [ 4349002.3, 3113711.0 ], [ 4349024.4, 3113699.3 ], [ 4349103.0, 3113449.9 ], [ 4349092.8, 3113431.8 ], [ 4349037.4, 3113402.1 ], [ 4349022.1, 3113401.6 ], [ 4349010.7, 3113410.3 ], [ 4348988.7, 3113458.8 ], [ 4348964.5, 3113469.9 ], [ 4348934.0, 3113510.8 ], [ 4348920.5, 3113501.3 ], [ 4348943.9, 3113448.0 ], [ 4348945.5, 3113399.7 ], [ 4348955.6, 3113375.8 ], [ 4348990.6, 3113335.2 ], [ 4349027.6, 3113242.8 ], [ 4349070.2, 3113255.5 ], [ 4349088.2, 3113245.9 ], [ 4349232.4, 3112993.3 ], [ 4349324.7, 3112593.9 ], [ 4349313.9, 3112572.5 ], [ 4349262.7, 3112558.1 ], [ 4349275.9, 3112496.7 ], [ 4349317.2, 3112493.4 ], [ 4349357.4, 3112479.3 ], [ 4349378.4, 3112451.7 ], [ 4349398.3, 3112448.6 ], [ 4349411.6, 3112422.7 ], [ 4349401.6, 3112395.2 ], [ 4349504.2, 3112434.1 ], [ 4349526.3, 3112427.6 ], [ 4349557.0, 3112254.6 ], [ 4349608.1, 3112271.6 ], [ 4349625.7, 3112266.7 ], [ 4349742.1, 3112079.4 ], [ 4349741.1, 3112058.9 ], [ 4349719.3, 3112045.4 ], [ 4349693.6, 3112053.8 ], [ 4349667.4, 3112039.3 ], [ 4349616.6, 3112044.2 ], [ 4349665.2, 3111936.3 ], [ 4349664.6, 3111922.8 ], [ 4349653.2, 3111910.1 ], [ 4349696.8, 3111775.5 ], [ 4349752.1, 3111803.9 ], [ 4349765.9, 3111803.8 ], [ 4349777.0, 3111795.6 ], [ 4349799.4, 3111749.3 ], [ 4349790.5, 3111724.7 ], [ 4349746.1, 3111695.7 ], [ 4349705.0, 3111685.2 ], [ 4349725.2, 3111642.9 ], [ 4349743.1, 3111646.5 ], [ 4349755.8, 3111638.6 ], [ 4349815.1, 3111528.6 ], [ 4349838.0, 3111539.2 ], [ 4349855.7, 3111529.2 ], [ 4349872.6, 3111473.3 ], [ 4350006.1, 3111205.0 ], [ 4350002.5, 3111179.5 ], [ 4349910.2, 3111106.1 ], [ 4349922.2, 3111059.5 ], [ 4350005.3, 3110938.7 ], [ 4350044.9, 3110863.2 ], [ 4350061.5, 3110855.2 ], [ 4350091.9, 3110801.1 ], [ 4350144.7, 3110745.3 ], [ 4350186.8, 3110769.9 ], [ 4350217.8, 3110799.6 ], [ 4350149.1, 3110874.5 ], [ 4350137.5, 3110902.4 ], [ 4350142.9, 3110919.1 ], [ 4350498.8, 3111120.9 ], [ 4350524.0, 3111113.4 ], [ 4350625.2, 3110920.7 ], [ 4350733.8, 3110973.8 ], [ 4350779.7, 3111017.3 ], [ 4351055.9, 3111211.9 ], [ 4351082.1, 3111206.1 ], [ 4351086.5, 3111176.0 ], [ 4351117.3, 3111196.4 ], [ 4351202.8, 3111215.1 ], [ 4351216.8, 3111210.2 ], [ 4351242.2, 3111179.0 ], [ 4351235.9, 3111141.7 ], [ 4351280.8, 3111009.0 ], [ 4351305.2, 3110991.5 ], [ 4351331.1, 3110848.2 ], [ 4351226.6, 3110705.0 ], [ 4351163.3, 3110595.4 ], [ 4351054.2, 3110366.3 ], [ 4351017.9, 3110306.0 ], [ 4351044.3, 3110239.5 ], [ 4351060.5, 3110220.0 ], [ 4351128.7, 3110172.4 ], [ 4351132.3, 3110145.5 ], [ 4351116.1, 3110131.3 ], [ 4351094.2, 3110132.0 ], [ 4350979.8, 3110193.9 ], [ 4350974.5, 3110182.5 ], [ 4351087.0, 3110088.0 ], [ 4351117.2, 3110038.2 ], [ 4351123.8, 3109982.1 ], [ 4351086.9, 3109788.1 ], [ 4351059.0, 3109708.3 ], [ 4350994.5, 3109581.2 ], [ 4350906.4, 3109306.0 ], [ 4350974.2, 3109246.9 ], [ 4350977.6, 3109219.0 ], [ 4350968.3, 3109208.2 ], [ 4350950.9, 3109206.1 ], [ 4350882.6, 3109253.1 ], [ 4350860.8, 3109213.1 ], [ 4350995.9, 3109114.8 ], [ 4351039.8, 3109198.0 ], [ 4351088.5, 3109269.3 ], [ 4351178.1, 3109353.0 ], [ 4351315.0, 3109454.4 ], [ 4351451.3, 3109626.7 ], [ 4351482.4, 3109685.8 ], [ 4351573.4, 3109785.5 ], [ 4351750.0, 3110002.8 ], [ 4351699.1, 3110063.1 ], [ 4351698.3, 3110084.0 ], [ 4351817.0, 3110251.6 ], [ 4351853.7, 3110316.6 ], [ 4351885.1, 3110343.8 ], [ 4351822.7, 3110483.7 ], [ 4351791.6, 3110616.4 ], [ 4351865.0, 3110782.7 ], [ 4351965.3, 3110927.7 ], [ 4351998.5, 3110955.4 ], [ 4352037.5, 3110974.5 ], [ 4352055.2, 3110970.2 ], [ 4352073.8, 3110950.0 ], [ 4352137.0, 3110837.9 ], [ 4352200.6, 3110633.2 ], [ 4352220.4, 3110603.3 ], [ 4352241.4, 3110603.0 ], [ 4352313.0, 3110560.3 ], [ 4352325.4, 3110564.2 ], [ 4352332.7, 3110599.7 ], [ 4352372.3, 3110644.3 ], [ 4352362.6, 3110670.0 ], [ 4352378.5, 3110687.1 ], [ 4352354.6, 3110772.7 ], [ 4352340.8, 3110876.7 ], [ 4352345.3, 3110902.4 ], [ 4352369.2, 3110915.8 ], [ 4352363.1, 3110939.0 ], [ 4352341.7, 3110951.0 ], [ 4352305.5, 3110937.6 ], [ 4352287.1, 3110940.9 ], [ 4352273.1, 3110977.3 ], [ 4352282.2, 3111007.4 ], [ 4352249.7, 3111054.4 ], [ 4352210.2, 3111041.6 ], [ 4352193.9, 3111059.9 ], [ 4352174.5, 3111061.2 ], [ 4352151.6, 3111080.5 ], [ 4352145.9, 3111101.2 ], [ 4352173.2, 3111151.7 ], [ 4352160.8, 3111173.7 ], [ 4352151.0, 3111174.4 ], [ 4352100.1, 3111113.4 ], [ 4352065.4, 3111106.4 ], [ 4352031.6, 3111127.2 ], [ 4352034.1, 3111228.8 ], [ 4352048.7, 3111251.4 ], [ 4352047.1, 3111342.1 ], [ 4352064.5, 3111364.8 ], [ 4352062.4, 3111393.1 ], [ 4352082.7, 3111451.5 ], [ 4352258.5, 3111576.0 ], [ 4352304.7, 3111569.3 ], [ 4352402.9, 3111604.3 ], [ 4352498.4, 3111650.3 ], [ 4352680.5, 3111779.6 ], [ 4352692.9, 3111815.4 ], [ 4352761.5, 3111888.7 ], [ 4352778.7, 3111892.5 ], [ 4352794.4, 3111884.6 ], [ 4352818.9, 3111809.3 ], [ 4352859.1, 3111756.3 ], [ 4352905.0, 3111770.7 ], [ 4352936.4, 3111729.9 ], [ 4352953.9, 3111729.7 ], [ 4352996.2, 3111742.4 ], [ 4353155.0, 3111834.4 ], [ 4353320.0, 3111961.7 ], [ 4353441.8, 3112027.9 ], [ 4353462.0, 3112020.7 ], [ 4353519.2, 3111938.9 ], [ 4353530.7, 3111896.8 ], [ 4353524.8, 3111884.1 ], [ 4353502.3, 3111871.0 ], [ 4353508.4, 3111858.9 ], [ 4353542.0, 3111871.5 ], [ 4353569.2, 3111856.3 ], [ 4353652.8, 3111659.6 ], [ 4353687.0, 3111664.2 ], [ 4353721.0, 3111656.5 ], [ 4353757.8, 3111635.6 ], [ 4353790.9, 3111589.5 ], [ 4353913.4, 3111604.7 ], [ 4354013.9, 3111641.0 ], [ 4354094.1, 3111539.5 ], [ 4354089.7, 3111522.4 ], [ 4354039.6, 3111476.5 ], [ 4353935.5, 3111416.6 ], [ 4354026.8, 3111279.9 ], [ 4354027.2, 3111256.1 ], [ 4353817.7, 3111085.1 ], [ 4353792.4, 3111047.3 ], [ 4353784.1, 3111015.6 ], [ 4353731.5, 3110913.6 ], [ 4353711.1, 3110905.2 ], [ 4353676.9, 3110921.1 ], [ 4353657.2, 3110908.5 ], [ 4353647.5, 3110891.5 ], [ 4353658.2, 3110867.5 ], [ 4353689.8, 3110857.9 ], [ 4353701.7, 3110840.8 ], [ 4353690.6, 3110817.3 ], [ 4353651.0, 3110785.5 ], [ 4353660.9, 3110731.7 ], [ 4353686.6, 3110730.1 ], [ 4353724.8, 3110767.1 ], [ 4353749.6, 3110771.2 ], [ 4353793.6, 3110804.7 ], [ 4353803.8, 3110815.3 ], [ 4353802.3, 3110838.1 ], [ 4353817.3, 3110857.1 ], [ 4353834.7, 3110858.3 ], [ 4353851.9, 3110840.5 ], [ 4353865.2, 3110842.1 ], [ 4354015.3, 3110911.7 ], [ 4354027.9, 3110903.5 ], [ 4354095.8, 3110787.7 ], [ 4354111.2, 3110773.5 ], [ 4354243.9, 3110709.2 ], [ 4354284.7, 3110700.5 ], [ 4354300.4, 3110670.1 ], [ 4354459.4, 3110699.7 ], [ 4354526.1, 3110678.1 ], [ 4354580.2, 3110679.7 ], [ 4354683.9, 3110712.1 ], [ 4354696.8, 3110728.8 ], [ 4354714.6, 3110728.8 ], [ 4354895.7, 3110495.9 ], [ 4354930.6, 3110491.8 ], [ 4355114.3, 3110645.7 ], [ 4355134.3, 3110650.2 ], [ 4355135.8, 3110671.4 ], [ 4355158.6, 3110691.3 ], [ 4355176.1, 3110695.9 ], [ 4355191.1, 3110685.9 ], [ 4355192.2, 3110664.5 ], [ 4355166.1, 3110639.8 ], [ 4355179.5, 3110626.4 ], [ 4355238.0, 3110469.3 ], [ 4355126.4, 3110362.4 ], [ 4355177.7, 3110308.4 ], [ 4355218.9, 3110220.8 ], [ 4355216.4, 3110203.1 ], [ 4355132.6, 3110140.1 ], [ 4355115.8, 3110146.7 ], [ 4355102.4, 3110172.5 ], [ 4355058.8, 3110168.0 ], [ 4354974.0, 3110139.3 ], [ 4354962.4, 3110147.3 ], [ 4354935.4, 3110198.5 ], [ 4354895.5, 3110177.8 ], [ 4354882.4, 3110111.4 ], [ 4354869.4, 3110088.3 ], [ 4354853.6, 3110082.1 ], [ 4354839.5, 3110086.9 ], [ 4354816.8, 3110117.5 ], [ 4354803.6, 3110110.0 ], [ 4354794.2, 3110086.4 ], [ 4354776.6, 3110080.2 ], [ 4354751.3, 3110041.0 ], [ 4354779.7, 3110026.6 ], [ 4354798.5, 3110049.3 ], [ 4354819.2, 3110049.9 ], [ 4354839.1, 3110026.1 ], [ 4354857.8, 3109972.9 ], [ 4354869.7, 3109959.4 ], [ 4354894.5, 3109964.3 ], [ 4354926.4, 3109983.8 ], [ 4354943.8, 3109983.7 ], [ 4354964.4, 3109961.0 ], [ 4354962.3, 3109936.6 ], [ 4354973.7, 3109918.9 ], [ 4354990.9, 3109921.2 ], [ 4355004.4, 3109910.3 ], [ 4355022.4, 3109877.0 ], [ 4355028.8, 3109846.2 ], [ 4355058.0, 3109806.7 ], [ 4355056.0, 3109783.2 ], [ 4355079.2, 3109735.7 ], [ 4355078.1, 3109719.6 ], [ 4355138.3, 3109596.3 ], [ 4355148.1, 3109530.1 ], [ 4355202.6, 3109322.4 ], [ 4355210.4, 3109300.3 ], [ 4355230.9, 3109279.5 ], [ 4355248.1, 3109273.8 ], [ 4355323.2, 3109316.2 ], [ 4355384.0, 3109330.9 ], [ 4355441.7, 3109401.8 ], [ 4355605.4, 3109508.6 ], [ 4355623.1, 3109507.7 ], [ 4355633.2, 3109497.4 ], [ 4355647.1, 3109448.0 ], [ 4355646.0, 3109421.6 ], [ 4356018.7, 3109645.5 ], [ 4356035.8, 3109644.7 ], [ 4356047.2, 3109631.9 ], [ 4356137.2, 3109672.1 ], [ 4356161.3, 3109665.0 ], [ 4356180.1, 3109644.1 ], [ 4356291.0, 3109667.8 ], [ 4356358.5, 3109716.6 ], [ 4356443.1, 3109745.1 ], [ 4356521.5, 3109791.0 ], [ 4356711.7, 3109865.9 ], [ 4356732.0, 3109861.4 ], [ 4356768.2, 3109818.1 ], [ 4356769.0, 3109790.6 ], [ 4356577.8, 3109703.2 ], [ 4356568.0, 3109680.0 ], [ 4356577.4, 3109659.9 ], [ 4356599.1, 3109659.9 ], [ 4356675.7, 3109689.5 ], [ 4356804.0, 3109757.1 ], [ 4356802.8, 3109774.6 ], [ 4356812.0, 3109786.2 ], [ 4356907.0, 3109822.1 ], [ 4356924.3, 3109809.6 ], [ 4357019.0, 3109608.6 ], [ 4357056.9, 3109585.8 ], [ 4357087.4, 3109582.3 ], [ 4357117.7, 3109593.8 ], [ 4357181.9, 3109651.0 ], [ 4357200.1, 3109647.5 ], [ 4357228.5, 3109606.6 ], [ 4357248.0, 3109601.9 ], [ 4357348.5, 3109633.6 ], [ 4357446.6, 3109701.8 ], [ 4357533.1, 3109750.0 ], [ 4357609.8, 3109759.4 ], [ 4357638.3, 3109773.7 ], [ 4357680.7, 3109816.1 ], [ 4357740.7, 3109818.1 ], [ 4357766.4, 3109847.8 ], [ 4357916.9, 3109907.0 ], [ 4357952.6, 3109946.2 ], [ 4357986.3, 3110000.3 ], [ 4358031.3, 3109991.9 ], [ 4358149.9, 3110068.6 ], [ 4358174.1, 3110067.1 ], [ 4358187.6, 3110053.4 ], [ 4358206.9, 3110055.9 ], [ 4358219.1, 3110047.4 ], [ 4358229.9, 3110012.4 ], [ 4358222.3, 3109993.3 ], [ 4358072.9, 3109908.7 ], [ 4358152.7, 3109636.9 ], [ 4358147.6, 3109615.8 ], [ 4358122.5, 3109606.1 ], [ 4358104.1, 3109617.0 ], [ 4358051.1, 3109762.3 ], [ 4357983.0, 3109723.4 ], [ 4357969.4, 3109705.4 ], [ 4357928.0, 3109703.6 ], [ 4357876.6, 3109682.1 ], [ 4357830.5, 3109594.6 ], [ 4357798.3, 3109578.5 ], [ 4357814.3, 3109533.3 ], [ 4357810.1, 3109516.0 ], [ 4357715.9, 3109470.8 ], [ 4357734.1, 3109430.7 ], [ 4357727.2, 3109411.6 ], [ 4357604.0, 3109355.6 ], [ 4357550.2, 3109351.3 ], [ 4357592.0, 3109241.3 ], [ 4357608.9, 3109246.2 ], [ 4357625.9, 3109234.1 ], [ 4357658.0, 3109127.1 ], [ 4357700.2, 3109134.2 ], [ 4357709.9, 3109123.7 ], [ 4357714.0, 3109098.4 ], [ 4357855.2, 3109135.2 ], [ 4357897.5, 3109152.4 ], [ 4357908.3, 3109166.4 ], [ 4357974.0, 3109189.2 ], [ 4357990.8, 3109185.1 ], [ 4358000.6, 3109170.7 ], [ 4358089.0, 3109198.9 ], [ 4358104.2, 3109188.2 ], [ 4358107.1, 3109167.9 ], [ 4358140.7, 3109165.2 ], [ 4358295.3, 3109212.8 ], [ 4358309.4, 3109210.0 ], [ 4358319.8, 3109195.6 ], [ 4358338.3, 3109108.3 ], [ 4358334.7, 3109090.9 ], [ 4358187.3, 3109043.6 ], [ 4358181.0, 3109022.5 ], [ 4358194.8, 3108993.3 ], [ 4358250.8, 3108939.0 ], [ 4358392.9, 3108841.8 ], [ 4358416.2, 3108751.1 ], [ 4358414.9, 3108721.3 ], [ 4358395.8, 3108693.9 ], [ 4358311.6, 3108629.2 ], [ 4358245.1, 3108549.5 ], [ 4358226.1, 3108506.4 ], [ 4358190.1, 3108307.3 ], [ 4358177.6, 3108299.5 ], [ 4358137.4, 3108297.5 ], [ 4358094.1, 3108310.2 ], [ 4358092.4, 3108289.2 ], [ 4358083.4, 3108278.1 ], [ 4358044.5, 3108280.5 ], [ 4358041.2, 3108272.8 ], [ 4358067.5, 3108257.7 ], [ 4358081.2, 3108238.5 ], [ 4358093.7, 3108215.4 ], [ 4358091.8, 3108197.7 ], [ 4358035.2, 3108164.5 ], [ 4357923.2, 3108052.2 ], [ 4357882.1, 3108035.1 ], [ 4357671.2, 3108002.9 ], [ 4357536.1, 3107947.0 ], [ 4357476.3, 3107933.7 ], [ 4357368.7, 3107945.2 ], [ 4357353.4, 3107989.2 ], [ 4357110.4, 3108135.5 ], [ 4357096.1, 3108132.3 ], [ 4357091.9, 3108115.8 ], [ 4357063.5, 3108091.9 ], [ 4357007.3, 3108105.2 ], [ 4356984.8, 3108090.8 ], [ 4356980.6, 3108080.4 ], [ 4356989.0, 3108045.5 ], [ 4356952.4, 3108001.9 ], [ 4356967.1, 3107983.8 ], [ 4356997.1, 3107980.1 ], [ 4357027.8, 3107955.9 ], [ 4357035.1, 3107932.5 ], [ 4356956.0, 3107867.2 ], [ 4356954.1, 3107844.2 ], [ 4356980.0, 3107785.1 ], [ 4356978.8, 3107756.3 ], [ 4356876.2, 3107564.0 ], [ 4356850.7, 3107491.8 ], [ 4356685.8, 3107441.1 ], [ 4356611.8, 3107431.7 ], [ 4356543.6, 3107411.0 ], [ 4356528.7, 3107366.3 ], [ 4356514.2, 3107354.6 ], [ 4356496.0, 3107358.1 ], [ 4356484.7, 3107375.9 ], [ 4356468.8, 3107364.7 ], [ 4356325.0, 3107317.5 ], [ 4356086.0, 3107245.7 ], [ 4356047.4, 3107249.9 ], [ 4355961.3, 3107236.3 ], [ 4355913.9, 3107195.3 ], [ 4355867.0, 3107179.7 ], [ 4355937.5, 3107065.1 ], [ 4355931.9, 3107042.6 ], [ 4355904.0, 3107029.7 ], [ 4355871.9, 3107042.3 ], [ 4355805.0, 3107151.2 ], [ 4355810.5, 3107234.4 ], [ 4355733.7, 3107217.1 ], [ 4355643.0, 3107182.6 ], [ 4355624.2, 3107191.8 ], [ 4355608.2, 3107223.8 ], [ 4355505.4, 3107216.4 ], [ 4355446.2, 3107176.1 ], [ 4355398.7, 3107185.8 ], [ 4355386.7, 3107213.4 ], [ 4355345.8, 3107195.7 ], [ 4355328.6, 3107199.2 ], [ 4355342.8, 3107156.4 ], [ 4355387.1, 3107170.9 ], [ 4355441.2, 3107155.0 ], [ 4355480.9, 3107074.6 ], [ 4355514.5, 3107032.5 ], [ 4355550.5, 3106953.8 ], [ 4355546.2, 3106933.2 ], [ 4355529.5, 3106924.9 ], [ 4355510.6, 3106934.7 ], [ 4355436.1, 3107049.4 ], [ 4355346.5, 3107030.0 ], [ 4355286.3, 3107121.5 ], [ 4355229.3, 3107118.9 ], [ 4355158.3, 3107094.6 ], [ 4355134.7, 3107077.6 ], [ 4355124.5, 3107053.4 ], [ 4355106.9, 3107041.7 ], [ 4355088.5, 3107042.2 ], [ 4355078.2, 3107053.0 ], [ 4355084.3, 3107141.5 ], [ 4355092.6, 3107156.6 ], [ 4355244.3, 3107206.8 ], [ 4355193.2, 3107234.8 ], [ 4355118.4, 3107247.2 ], [ 4355105.4, 3107259.2 ], [ 4355105.3, 3107276.9 ], [ 4355118.3, 3107288.9 ], [ 4355097.6, 3107384.2 ], [ 4355103.2, 3107451.8 ], [ 4355122.1, 3107472.8 ], [ 4355156.5, 3107486.3 ], [ 4355147.4, 3107528.0 ], [ 4355102.4, 3107565.4 ], [ 4355083.0, 3107668.5 ], [ 4355064.8, 3107668.3 ], [ 4355052.7, 3107681.9 ], [ 4355020.6, 3107877.4 ], [ 4354996.0, 3107930.5 ], [ 4354964.2, 3107975.8 ], [ 4354889.0, 3107928.8 ], [ 4354856.0, 3107895.8 ], [ 4354802.9, 3107865.2 ], [ 4354769.0, 3107828.6 ], [ 4354668.4, 3107758.3 ], [ 4354464.8, 3107644.2 ], [ 4353980.0, 3107307.7 ], [ 4353888.1, 3107230.1 ], [ 4353713.8, 3107160.2 ], [ 4353714.9, 3107079.6 ], [ 4353704.8, 3107066.0 ], [ 4353686.0, 3107060.6 ], [ 4353729.2, 3106701.7 ], [ 4353718.5, 3106677.4 ], [ 4353690.6, 3106665.1 ], [ 4353574.7, 3106651.4 ], [ 4353515.3, 3106627.1 ], [ 4353439.3, 3106611.0 ], [ 4353442.3, 3106463.5 ], [ 4353427.2, 3106442.2 ], [ 4353347.9, 3106446.4 ], [ 4353304.4, 3106391.5 ], [ 4353282.2, 3106382.7 ], [ 4353202.2, 3106397.3 ], [ 4353089.4, 3106400.1 ], [ 4352977.1, 3106090.8 ], [ 4353017.1, 3106055.9 ], [ 4353079.2, 3106048.0 ], [ 4353094.5, 3106034.3 ], [ 4353072.7, 3105946.5 ], [ 4353074.7, 3105850.6 ], [ 4353059.8, 3105818.6 ], [ 4353020.0, 3105805.0 ], [ 4352991.4, 3105683.1 ], [ 4352931.6, 3105514.0 ], [ 4352873.7, 3105485.6 ], [ 4352780.2, 3105465.3 ], [ 4352707.2, 3105463.9 ], [ 4352682.4, 3105510.2 ], [ 4352516.6, 3105465.3 ], [ 4352469.6, 3105403.9 ], [ 4352187.9, 3105263.3 ], [ 4352139.0, 3105214.2 ], [ 4352093.2, 3105153.1 ], [ 4352058.9, 3105139.1 ], [ 4352084.9, 3105104.1 ], [ 4352202.4, 3105239.7 ], [ 4352267.5, 3105249.6 ], [ 4352303.8, 3105299.0 ], [ 4352336.9, 3105323.7 ], [ 4352620.5, 3105408.5 ], [ 4352643.8, 3105405.0 ], [ 4352679.7, 3105372.0 ], [ 4352744.0, 3105426.5 ], [ 4352871.6, 3105437.9 ], [ 4352922.5, 3105458.5 ], [ 4353287.0, 3105494.1 ], [ 4353296.7, 3105478.5 ], [ 4353330.0, 3105212.3 ], [ 4353545.9, 3105317.6 ], [ 4353620.3, 3105340.0 ], [ 4353773.0, 3105378.9 ], [ 4354002.8, 3105403.2 ], [ 4354017.9, 3105393.7 ], [ 4354021.6, 3105379.9 ], [ 4353996.5, 3105345.1 ], [ 4354007.2, 3105329.9 ], [ 4354030.7, 3105320.2 ], [ 4354036.4, 3105306.8 ], [ 4354032.4, 3105292.8 ], [ 4354005.8, 3105265.5 ], [ 4354057.1, 3105226.5 ], [ 4354094.1, 3105167.7 ], [ 4354121.6, 3105181.9 ], [ 4354214.5, 3105170.7 ], [ 4354235.7, 3105158.6 ], [ 4354240.1, 3105135.4 ], [ 4354276.9, 3105086.2 ], [ 4354267.6, 3105042.3 ], [ 4354288.3, 3105010.3 ], [ 4354271.5, 3104977.8 ], [ 4354277.5, 3104957.2 ], [ 4354302.2, 3104966.6 ], [ 4354319.5, 3104949.5 ], [ 4354315.7, 3104932.0 ], [ 4354285.4, 3104902.1 ], [ 4354312.3, 3104888.2 ], [ 4354355.0, 3104902.6 ], [ 4354398.4, 3104875.3 ], [ 4354446.8, 3104816.0 ], [ 4354469.5, 3104770.2 ], [ 4354493.3, 3104751.4 ], [ 4354506.3, 3104729.3 ], [ 4354535.2, 3104736.6 ], [ 4354547.1, 3104761.6 ], [ 4354565.4, 3104762.2 ], [ 4354623.8, 3104695.9 ], [ 4354683.2, 3104649.1 ], [ 4354693.2, 3104652.0 ], [ 4354713.1, 3104733.2 ], [ 4354639.4, 3104760.7 ], [ 4354631.1, 3104775.2 ], [ 4354632.5, 3104799.7 ], [ 4354647.4, 3104813.5 ], [ 4354688.8, 3104818.3 ], [ 4354708.3, 3104857.1 ], [ 4354713.8, 3104909.4 ], [ 4354739.9, 3104963.1 ], [ 4354741.1, 3105050.5 ], [ 4354754.5, 3105060.6 ], [ 4354815.4, 3105066.3 ], [ 4354834.4, 3105051.6 ], [ 4354849.4, 3104981.3 ], [ 4354831.9, 3104961.2 ], [ 4354836.5, 3104921.4 ], [ 4354830.1, 3104894.5 ], [ 4354797.7, 3104862.6 ], [ 4354817.6, 3104844.6 ], [ 4354873.4, 3104749.3 ], [ 4354920.6, 3104583.8 ], [ 4354922.9, 3104552.6 ], [ 4354973.3, 3104564.1 ], [ 4354914.9, 3104670.8 ], [ 4354871.0, 3104804.3 ], [ 4354844.3, 3104855.2 ], [ 4354842.5, 3104876.2 ], [ 4354858.4, 3104891.0 ], [ 4354876.4, 3104887.4 ], [ 4354892.6, 3104893.7 ], [ 4354908.3, 3104886.3 ], [ 4354951.4, 3104768.3 ], [ 4355002.5, 3104728.0 ], [ 4354999.7, 3104693.5 ], [ 4355020.6, 3104678.4 ], [ 4355172.2, 3104650.2 ], [ 4355306.7, 3104672.6 ], [ 4355306.2, 3104725.0 ], [ 4355296.3, 3104763.0 ], [ 4355147.6, 3104997.1 ], [ 4355150.0, 3105020.2 ], [ 4355172.4, 3105028.7 ], [ 4355225.6, 3104982.4 ], [ 4355264.1, 3104965.0 ], [ 4355341.6, 3104962.6 ], [ 4355389.5, 3104943.2 ], [ 4355490.4, 3104931.8 ], [ 4355693.6, 3104817.0 ], [ 4355823.1, 3104701.5 ], [ 4355829.3, 3104684.2 ], [ 4355822.9, 3104658.8 ], [ 4355865.9, 3104617.5 ], [ 4355891.2, 3104631.6 ], [ 4355958.8, 3104597.6 ], [ 4355963.1, 3104577.1 ], [ 4355950.3, 3104556.5 ], [ 4355954.7, 3104510.3 ], [ 4356000.9, 3104438.2 ], [ 4356070.3, 3104371.4 ], [ 4356164.3, 3104300.4 ], [ 4356149.6, 3104397.8 ], [ 4356045.4, 3104495.9 ], [ 4356038.5, 3104518.7 ], [ 4356049.3, 3104533.2 ], [ 4356067.4, 3104534.6 ], [ 4356173.0, 3104482.0 ], [ 4356180.6, 3104465.1 ], [ 4356175.5, 3104445.4 ], [ 4356191.8, 3104427.2 ], [ 4356216.7, 3104273.2 ], [ 4356345.1, 3104192.9 ], [ 4356352.9, 3104181.6 ], [ 4356348.6, 3104156.7 ], [ 4356371.1, 3104113.5 ], [ 4356360.1, 3104050.6 ], [ 4356371.1, 3104025.9 ], [ 4356348.7, 3103968.4 ], [ 4356342.0, 3103922.3 ], [ 4356365.7, 3103916.9 ], [ 4356413.4, 3103934.0 ], [ 4356455.6, 3103921.3 ], [ 4356467.4, 3103937.1 ], [ 4356485.5, 3103939.6 ], [ 4356535.8, 3103910.1 ], [ 4356597.9, 3103828.8 ], [ 4356642.0, 3104004.7 ], [ 4356635.0, 3104067.4 ], [ 4356662.0, 3104146.1 ], [ 4356685.9, 3104159.2 ], [ 4356737.4, 3104138.7 ], [ 4356746.9, 3104124.8 ], [ 4356743.8, 3104104.6 ], [ 4356764.0, 3104096.6 ], [ 4356772.7, 3104082.0 ], [ 4356760.9, 3104014.9 ], [ 4356824.6, 3103985.5 ], [ 4356836.2, 3103972.7 ], [ 4356838.5, 3103854.0 ], [ 4356937.8, 3103822.7 ], [ 4357041.8, 3103807.2 ], [ 4357051.3, 3103797.2 ], [ 4357066.8, 3103745.5 ], [ 4357125.3, 3103754.1 ], [ 4357182.0, 3103743.6 ], [ 4357202.6, 3103670.4 ], [ 4357268.5, 3103645.4 ], [ 4357390.4, 3103579.0 ], [ 4357400.4, 3103527.0 ], [ 4357413.8, 3103521.3 ], [ 4357421.4, 3103505.7 ], [ 4357389.8, 3103432.9 ], [ 4357419.5, 3103425.6 ], [ 4357444.6, 3103434.9 ], [ 4357510.0, 3103420.0 ], [ 4357524.3, 3103397.2 ], [ 4357518.2, 3103336.9 ], [ 4357496.2, 3103320.7 ], [ 4357437.3, 3103339.4 ], [ 4357405.3, 3103369.7 ], [ 4357358.9, 3103393.8 ], [ 4357286.1, 3103417.5 ], [ 4357257.3, 3103393.9 ], [ 4357226.7, 3103391.2 ], [ 4356988.6, 3103396.4 ], [ 4356915.6, 3103414.7 ], [ 4356799.7, 3103473.8 ], [ 4356749.7, 3103510.1 ], [ 4356736.4, 3103531.9 ], [ 4356591.5, 3103678.7 ], [ 4356591.9, 3103714.0 ], [ 4356540.6, 3103773.3 ], [ 4356504.4, 3103790.2 ], [ 4356339.4, 3103836.4 ], [ 4356248.1, 3103883.1 ], [ 4356167.3, 3103892.3 ], [ 4356130.0, 3103886.8 ], [ 4356119.1, 3103878.5 ], [ 4356299.0, 3103838.1 ], [ 4356384.3, 3103796.7 ], [ 4356393.3, 3103780.7 ], [ 4356389.5, 3103766.5 ], [ 4356293.8, 3103647.0 ], [ 4356438.7, 3103585.7 ], [ 4356492.3, 3103609.5 ], [ 4356510.5, 3103608.7 ], [ 4356632.1, 3103491.6 ], [ 4356723.0, 3103426.3 ], [ 4356732.6, 3103410.5 ], [ 4356720.5, 3103388.4 ], [ 4356692.8, 3103388.0 ], [ 4356596.0, 3103436.5 ], [ 4356434.5, 3103533.7 ], [ 4356389.9, 3103485.9 ], [ 4356344.6, 3103483.8 ], [ 4356333.8, 3103493.3 ], [ 4356317.3, 3103538.2 ], [ 4356318.2, 3103562.4 ], [ 4356265.5, 3103583.5 ], [ 4356237.6, 3103509.5 ], [ 4356158.7, 3103500.4 ], [ 4355940.5, 3103572.3 ], [ 4355969.0, 3103460.9 ], [ 4356187.9, 3103321.7 ], [ 4356242.7, 3103176.1 ], [ 4356351.1, 3102934.7 ], [ 4356430.4, 3102967.4 ], [ 4356584.8, 3102936.9 ], [ 4356733.3, 3102633.1 ], [ 4356730.8, 3102616.1 ], [ 4356720.2, 3102607.2 ], [ 4356571.5, 3102563.7 ], [ 4356525.7, 3102511.1 ], [ 4356485.3, 3102483.0 ], [ 4356462.6, 3102487.5 ], [ 4356318.0, 3102449.2 ], [ 4356346.0, 3102427.2 ], [ 4356364.1, 3102390.0 ], [ 4356351.3, 3102361.6 ], [ 4356322.5, 3102355.9 ], [ 4356377.8, 3102179.2 ], [ 4356367.0, 3102157.2 ], [ 4356345.7, 3102156.8 ], [ 4356032.6, 3102317.4 ], [ 4356017.5, 3102307.0 ], [ 4356015.8, 3102177.3 ], [ 4355993.8, 3102161.4 ], [ 4355906.3, 3102229.9 ], [ 4355534.3, 3102286.5 ], [ 4355213.6, 3102235.6 ], [ 4354786.4, 3102276.8 ], [ 4354638.0, 3102332.9 ], [ 4354335.4, 3102529.7 ], [ 4354310.4, 3102525.2 ], [ 4354295.9, 3102431.8 ], [ 4354283.2, 3102419.5 ], [ 4354269.0, 3102419.1 ], [ 4354250.3, 3102437.9 ], [ 4354212.3, 3102519.5 ], [ 4354175.5, 3102618.0 ], [ 4354174.1, 3102639.2 ], [ 4354217.3, 3102670.0 ], [ 4354266.8, 3102650.0 ], [ 4354332.9, 3102736.3 ], [ 4354363.0, 3102794.0 ], [ 4354403.8, 3102835.4 ], [ 4354450.2, 3102862.2 ], [ 4354439.0, 3102893.2 ], [ 4354421.3, 3102885.8 ], [ 4354404.8, 3102892.4 ], [ 4354314.2, 3102848.6 ], [ 4354290.3, 3102814.0 ], [ 4354270.8, 3102808.5 ], [ 4354191.2, 3102845.0 ], [ 4354128.2, 3102856.3 ], [ 4353874.6, 3102935.1 ], [ 4353775.4, 3102981.3 ], [ 4353754.0, 3102977.2 ], [ 4353526.4, 3103091.4 ], [ 4353396.4, 3103136.3 ], [ 4353259.6, 3103207.0 ], [ 4353200.1, 3103221.1 ], [ 4353130.4, 3103279.0 ], [ 4353126.1, 3103092.1 ], [ 4353113.4, 3103079.2 ], [ 4353087.4, 3103079.9 ], [ 4353080.6, 3103066.2 ], [ 4353047.1, 3102927.6 ], [ 4353029.2, 3102908.4 ], [ 4353007.3, 3102902.6 ], [ 4352960.0, 3102782.2 ], [ 4352958.2, 3102759.7 ], [ 4352893.7, 3102622.2 ], [ 4352874.5, 3102613.2 ], [ 4352826.9, 3102630.7 ], [ 4352825.5, 3102624.6 ], [ 4352871.6, 3102558.0 ], [ 4352934.0, 3102511.0 ], [ 4353327.7, 3102362.8 ], [ 4353332.5, 3102343.7 ], [ 4353309.5, 3102240.1 ], [ 4353280.5, 3102162.4 ], [ 4353260.8, 3102155.9 ], [ 4353100.8, 3102161.6 ], [ 4353092.2, 3102141.9 ], [ 4353156.1, 3102127.2 ], [ 4353241.4, 3102125.7 ], [ 4353289.8, 3102149.8 ], [ 4353396.3, 3102143.6 ], [ 4353412.8, 3102121.6 ], [ 4353398.6, 3102101.7 ], [ 4353395.8, 3102054.8 ], [ 4353385.8, 3102040.1 ], [ 4353371.7, 3102036.9 ], [ 4353316.9, 3102052.4 ], [ 4353308.8, 3102026.9 ], [ 4353295.7, 3102014.1 ], [ 4353250.5, 3102010.9 ], [ 4353218.6, 3102046.4 ], [ 4353167.0, 3102051.8 ], [ 4352972.2, 3102126.1 ], [ 4352935.2, 3102165.0 ], [ 4352877.0, 3102180.1 ], [ 4352851.0, 3102197.9 ], [ 4352848.1, 3102183.8 ], [ 4352899.3, 3102131.6 ], [ 4352900.0, 3102110.1 ], [ 4352879.9, 3102096.3 ], [ 4352806.2, 3102106.2 ], [ 4352581.7, 3102213.2 ], [ 4352573.7, 3102232.2 ], [ 4352582.4, 3102249.9 ], [ 4352608.9, 3102252.8 ], [ 4352638.4, 3102234.0 ], [ 4352659.7, 3102278.4 ], [ 4352595.9, 3102305.7 ], [ 4352572.1, 3102342.8 ], [ 4352515.7, 3102346.0 ], [ 4352457.7, 3102371.5 ], [ 4352469.0, 3102333.2 ], [ 4352511.9, 3102274.3 ], [ 4352510.1, 3102256.7 ], [ 4352492.3, 3102245.6 ], [ 4352317.2, 3102317.2 ], [ 4352260.0, 3102370.5 ], [ 4352076.3, 3102480.4 ], [ 4351994.8, 3102511.0 ], [ 4351889.7, 3102577.9 ], [ 4351727.7, 3102638.3 ], [ 4351699.4, 3102668.2 ], [ 4351670.8, 3102658.9 ], [ 4351647.6, 3102666.7 ], [ 4351610.7, 3102693.4 ], [ 4351607.0, 3102726.1 ], [ 4351584.3, 3102733.3 ], [ 4351547.6, 3102705.0 ], [ 4351507.2, 3102711.8 ], [ 4351498.2, 3102726.6 ], [ 4351500.6, 3102740.3 ], [ 4351569.7, 3102826.6 ], [ 4351568.6, 3102834.5 ], [ 4351547.1, 3102842.9 ], [ 4351538.9, 3102867.3 ], [ 4351528.2, 3102863.5 ], [ 4351468.1, 3102765.9 ], [ 4351448.1, 3102684.6 ], [ 4351435.3, 3102676.8 ], [ 4351374.4, 3102674.7 ], [ 4351365.3, 3102651.1 ], [ 4351375.6, 3102603.6 ], [ 4351335.9, 3102424.2 ], [ 4351276.2, 3102210.9 ], [ 4351258.4, 3102201.1 ], [ 4351163.8, 3102213.9 ], [ 4351160.2, 3102129.3 ], [ 4351216.4, 3102113.4 ], [ 4351229.1, 3102093.4 ], [ 4351225.2, 3102069.9 ], [ 4351212.6, 3102056.7 ], [ 4351156.8, 3102061.4 ], [ 4351150.7, 3101906.1 ], [ 4351132.6, 3101895.8 ], [ 4351112.5, 3101906.4 ], [ 4351060.6, 3101909.0 ], [ 4350955.9, 3101935.9 ], [ 4350895.3, 3101961.9 ], [ 4350849.4, 3102000.6 ], [ 4350809.3, 3102056.8 ], [ 4350799.0, 3102167.3 ], [ 4350802.5, 3102270.8 ], [ 4350792.7, 3102346.2 ], [ 4350822.0, 3102413.0 ], [ 4350846.4, 3102438.5 ], [ 4350881.8, 3102436.7 ], [ 4350892.3, 3102408.6 ], [ 4351182.2, 3102482.2 ], [ 4351204.0, 3102558.1 ], [ 4351277.6, 3102659.9 ], [ 4351312.5, 3102663.8 ], [ 4351318.9, 3102689.3 ], [ 4351181.0, 3102742.5 ], [ 4351170.7, 3102765.2 ], [ 4351208.2, 3102864.7 ], [ 4351254.9, 3102952.1 ], [ 4351334.7, 3103060.7 ], [ 4351131.9, 3103143.7 ], [ 4351052.0, 3103042.0 ], [ 4351035.2, 3103038.7 ], [ 4351013.6, 3103053.2 ], [ 4350989.3, 3103008.1 ], [ 4350950.3, 3102981.5 ], [ 4350906.8, 3102965.3 ], [ 4350831.4, 3102951.8 ], [ 4350812.2, 3102962.1 ], [ 4350812.3, 3102985.6 ], [ 4350835.2, 3102998.0 ], [ 4350847.1, 3103023.7 ], [ 4350867.0, 3103035.1 ], [ 4350888.2, 3103075.9 ], [ 4350925.9, 3103112.0 ], [ 4350668.8, 3103003.5 ], [ 4350654.9, 3103007.3 ], [ 4350622.1, 3103038.7 ], [ 4350622.7, 3103065.8 ], [ 4350967.1, 3103197.6 ], [ 4351022.0, 3103207.3 ], [ 4351144.0, 3103207.3 ], [ 4351327.9, 3103317.3 ], [ 4351487.1, 3103337.2 ], [ 4351507.3, 3103328.1 ], [ 4351541.9, 3103331.2 ], [ 4351572.7, 3103341.7 ], [ 4351592.5, 3103323.3 ], [ 4351585.1, 3103254.4 ], [ 4351605.1, 3103269.7 ], [ 4351645.8, 3103271.3 ], [ 4351665.1, 3103251.4 ], [ 4351626.7, 3103078.5 ], [ 4351578.5, 3102954.5 ], [ 4351610.5, 3102943.8 ], [ 4351635.0, 3102984.3 ], [ 4351683.7, 3102975.9 ], [ 4351714.4, 3103051.9 ], [ 4351757.6, 3103059.1 ], [ 4351761.9, 3103101.6 ], [ 4351726.4, 3103105.8 ], [ 4351706.4, 3103118.3 ], [ 4351677.1, 3103109.9 ], [ 4351661.2, 3103131.9 ], [ 4351703.4, 3103305.0 ], [ 4351717.4, 3103321.1 ], [ 4351736.7, 3103319.9 ], [ 4351780.6, 3103597.9 ], [ 4351794.8, 3103607.1 ], [ 4351814.0, 3103602.2 ], [ 4351848.8, 3103531.4 ], [ 4351921.0, 3103507.2 ], [ 4351979.8, 3103450.3 ], [ 4352004.7, 3103458.1 ], [ 4352007.8, 3103481.2 ], [ 4351946.2, 3103521.4 ], [ 4351913.5, 3103579.4 ], [ 4351828.9, 3103634.3 ], [ 4351785.1, 3103709.6 ], [ 4351713.4, 3103740.6 ], [ 4351710.4, 3103765.3 ], [ 4351732.8, 3103804.5 ], [ 4351731.4, 3103822.0 ], [ 4351700.2, 3103849.0 ], [ 4351668.3, 3103844.8 ], [ 4351633.8, 3103873.3 ], [ 4351647.2, 3103906.1 ], [ 4351687.6, 3103951.2 ], [ 4351651.9, 3103978.7 ], [ 4351570.4, 3103887.1 ], [ 4351517.1, 3103775.7 ], [ 4351636.9, 3103724.5 ], [ 4351648.2, 3103708.2 ], [ 4351602.7, 3103444.0 ], [ 4351583.6, 3103425.9 ], [ 4351585.3, 3103398.7 ], [ 4351576.3, 3103383.0 ], [ 4351498.5, 3103354.3 ], [ 4351233.7, 3103328.8 ], [ 4351202.8, 3103280.7 ], [ 4351126.7, 3103235.5 ], [ 4350972.7, 3103239.4 ], [ 4350958.4, 3103250.3 ], [ 4350956.1, 3103264.7 ], [ 4350991.2, 3103425.1 ], [ 4351021.3, 3103430.7 ], [ 4351105.3, 3103422.4 ], [ 4351143.5, 3103407.4 ], [ 4351182.9, 3103415.4 ], [ 4351230.0, 3103366.5 ], [ 4351255.8, 3103414.9 ], [ 4351246.2, 3103498.0 ], [ 4351256.6, 3103534.9 ], [ 4351284.0, 3103545.5 ], [ 4351328.4, 3103538.8 ], [ 4351343.2, 3103524.9 ], [ 4351357.0, 3103554.2 ], [ 4351272.5, 3103582.1 ], [ 4351095.0, 3103566.3 ], [ 4350911.8, 3103586.6 ], [ 4350909.9, 3103484.3 ], [ 4350897.1, 3103431.1 ], [ 4350865.5, 3103397.0 ], [ 4350834.8, 3103405.2 ], [ 4350809.5, 3103386.9 ], [ 4350769.2, 3103390.5 ], [ 4350746.6, 3103359.2 ], [ 4350739.3, 3103296.3 ], [ 4350725.5, 3103268.2 ], [ 4350684.4, 3103254.8 ], [ 4350505.2, 3103268.4 ], [ 4350492.0, 3103283.6 ], [ 4350484.9, 3103368.2 ], [ 4350498.8, 3103453.4 ], [ 4350517.3, 3103468.2 ], [ 4350630.0, 3103462.0 ], [ 4350641.6, 3103601.5 ], [ 4350557.6, 3103612.7 ], [ 4350512.6, 3103630.6 ], [ 4350239.1, 3103647.5 ], [ 4350210.0, 3103659.1 ], [ 4350216.7, 3103856.5 ], [ 4350234.1, 3103869.5 ], [ 4350312.3, 3103866.4 ], [ 4350321.5, 3103980.4 ], [ 4350208.0, 3104086.5 ], [ 4350212.8, 3104104.2 ], [ 4350285.0, 3104191.1 ], [ 4350028.7, 3104388.6 ], [ 4349897.1, 3104509.3 ], [ 4349859.9, 3104528.6 ], [ 4349801.5, 3104539.2 ], [ 4349728.6, 3104533.3 ], [ 4349604.8, 3104504.0 ], [ 4349585.8, 3104508.5 ], [ 4349443.5, 3104451.2 ], [ 4349425.0, 3104458.2 ], [ 4349116.4, 3104471.1 ], [ 4349069.9, 3104480.5 ], [ 4349033.1, 3104524.2 ], [ 4349033.4, 3104541.7 ], [ 4349046.5, 3104553.4 ], [ 4349211.5, 3104584.2 ], [ 4349246.2, 3104605.2 ], [ 4349344.2, 3104596.7 ], [ 4349471.7, 3104605.4 ], [ 4349549.7, 3104647.9 ], [ 4349489.8, 3104833.6 ], [ 4349494.0, 3104854.6 ], [ 4349541.5, 3104907.2 ], [ 4349873.1, 3105083.1 ], [ 4349888.2, 3105072.6 ], [ 4349918.6, 3105015.6 ], [ 4350037.3, 3104918.1 ], [ 4350128.9, 3104654.3 ], [ 4350161.2, 3104611.4 ], [ 4350162.8, 3104583.9 ], [ 4350148.6, 3104538.2 ], [ 4350411.7, 3104362.1 ], [ 4350418.7, 3104346.4 ], [ 4350411.5, 3104326.2 ], [ 4350510.1, 3104251.1 ], [ 4350609.9, 3104120.8 ], [ 4350663.9, 3104085.3 ], [ 4350685.1, 3104096.0 ], [ 4350828.9, 3104066.6 ], [ 4350713.6, 3104106.3 ], [ 4350675.2, 3104145.2 ], [ 4350630.2, 3104212.5 ], [ 4350583.4, 3104223.7 ], [ 4350475.9, 3104402.8 ], [ 4350298.5, 3104498.0 ], [ 4350247.8, 3104548.6 ], [ 4350246.9, 3104572.8 ], [ 4350280.1, 3104590.9 ], [ 4350281.7, 3104612.3 ], [ 4350247.4, 3104656.9 ], [ 4350187.0, 3104644.0 ], [ 4350158.4, 3104674.0 ], [ 4350143.7, 3104701.5 ], [ 4350066.6, 3104946.3 ], [ 4349996.8, 3105066.0 ], [ 4349937.9, 3105123.3 ], [ 4349848.0, 3105186.9 ], [ 4349691.9, 3105237.9 ], [ 4349689.0, 3105255.7 ], [ 4349717.5, 3105357.1 ], [ 4349823.7, 3105553.1 ], [ 4349888.7, 3105713.3 ], [ 4349868.8, 3105710.2 ], [ 4349798.9, 3105625.6 ], [ 4349730.8, 3105518.1 ], [ 4349693.7, 3105431.8 ], [ 4349662.2, 3105409.6 ], [ 4349601.0, 3105208.4 ], [ 4349581.6, 3105168.4 ], [ 4349468.6, 3105063.1 ], [ 4349447.4, 3105064.8 ], [ 4349416.0, 3105104.1 ], [ 4349301.4, 3105134.9 ], [ 4349273.0, 3105125.5 ], [ 4349238.8, 3105126.1 ], [ 4349201.0, 3105109.8 ], [ 4349181.4, 3105123.5 ], [ 4349139.7, 3105119.2 ], [ 4349112.7, 3105138.2 ], [ 4349094.2, 3105111.9 ], [ 4349076.6, 3105106.9 ], [ 4349003.0, 3105130.0 ], [ 4348911.7, 3105137.4 ], [ 4348894.5, 3105155.6 ], [ 4348866.3, 3105164.3 ], [ 4348714.8, 3105170.1 ], [ 4348645.7, 3105188.6 ], [ 4348594.5, 3105173.2 ], [ 4348524.5, 3105175.6 ], [ 4348474.4, 3105153.5 ], [ 4348446.4, 3105151.7 ], [ 4348403.2, 3105128.7 ], [ 4348375.7, 3105095.5 ], [ 4348321.6, 3105105.7 ], [ 4348305.5, 3105077.9 ], [ 4348230.6, 3105058.4 ], [ 4348204.7, 3105030.5 ], [ 4348187.1, 3105033.0 ], [ 4348177.5, 3105045.4 ], [ 4348134.5, 3105021.4 ], [ 4348114.3, 3105027.6 ], [ 4348108.1, 3105044.3 ], [ 4348114.4, 3105099.1 ], [ 4348177.0, 3105176.0 ], [ 4348151.3, 3105194.2 ], [ 4348099.7, 3105133.2 ], [ 4348083.2, 3105128.0 ], [ 4348016.4, 3105160.2 ], [ 4347984.0, 3105189.4 ], [ 4347995.7, 3105223.6 ], [ 4348040.8, 3105267.9 ], [ 4348054.6, 3105313.1 ], [ 4348112.6, 3105351.2 ], [ 4348148.6, 3105360.2 ], [ 4348239.6, 3105413.1 ], [ 4348288.3, 3105422.1 ], [ 4348437.0, 3105481.8 ], [ 4348496.5, 3105533.4 ], [ 4348589.6, 3105575.0 ], [ 4348645.9, 3105689.9 ], [ 4348630.0, 3105701.7 ], [ 4348582.8, 3105626.4 ], [ 4348563.1, 3105610.4 ], [ 4348538.5, 3105609.2 ], [ 4348488.2, 3105584.7 ], [ 4348465.8, 3105582.7 ], [ 4348314.5, 3105525.4 ], [ 4348172.2, 3105451.3 ], [ 4348148.1, 3105452.1 ], [ 4348062.6, 3105605.1 ], [ 4347997.3, 3105608.1 ], [ 4347981.8, 3105616.6 ], [ 4347913.6, 3105814.4 ], [ 4347832.3, 3105922.0 ], [ 4347768.0, 3105969.6 ], [ 4347768.2, 3105986.9 ], [ 4347817.5, 3106108.6 ], [ 4347701.8, 3106159.3 ], [ 4347680.0, 3106132.0 ], [ 4347628.1, 3106026.4 ], [ 4347611.1, 3106016.6 ], [ 4347379.7, 3105997.3 ], [ 4347325.6, 3106065.6 ], [ 4347230.8, 3106025.9 ], [ 4347205.9, 3106038.0 ], [ 4347113.7, 3106249.8 ], [ 4347122.7, 3106290.2 ], [ 4347135.9, 3106295.6 ], [ 4347184.7, 3106291.9 ], [ 4347391.8, 3106258.6 ], [ 4347433.1, 3106258.0 ], [ 4347535.2, 3106287.3 ], [ 4347562.3, 3106311.1 ], [ 4347647.8, 3106358.3 ], [ 4347625.3, 3106392.0 ], [ 4347523.0, 3106323.3 ], [ 4347480.7, 3106305.3 ], [ 4347433.9, 3106296.4 ], [ 4347371.1, 3106305.9 ], [ 4347152.2, 3106386.5 ], [ 4347122.8, 3106406.5 ], [ 4347114.7, 3106424.9 ], [ 4347123.1, 3106569.8 ], [ 4347108.8, 3106573.9 ], [ 4347089.3, 3106565.1 ], [ 4347071.6, 3106576.9 ], [ 4346978.9, 3106575.8 ], [ 4346967.5, 3106549.7 ], [ 4346940.9, 3106534.2 ], [ 4346942.9, 3106447.0 ], [ 4346929.6, 3106436.6 ], [ 4346912.7, 3106436.1 ], [ 4346880.4, 3106485.7 ], [ 4346891.7, 3106513.8 ], [ 4346892.6, 3106598.5 ], [ 4346905.5, 3106614.9 ], [ 4346938.2, 3106621.6 ], [ 4346953.4, 3106686.5 ], [ 4346973.3, 3106728.9 ], [ 4346866.8, 3106711.3 ], [ 4346854.6, 3106717.2 ], [ 4346841.6, 3106739.0 ], [ 4346851.7, 3106760.4 ], [ 4346937.6, 3106802.7 ], [ 4346951.0, 3106828.2 ], [ 4346978.7, 3106855.0 ], [ 4347000.3, 3106856.2 ], [ 4347041.6, 3106824.9 ], [ 4347117.2, 3106862.0 ], [ 4347187.4, 3106857.5 ], [ 4347245.3, 3106870.2 ], [ 4347130.0, 3106945.7 ], [ 4347084.3, 3107000.0 ], [ 4347085.3, 3107023.2 ], [ 4347113.7, 3107053.3 ], [ 4347131.7, 3107060.4 ], [ 4347150.5, 3107055.6 ], [ 4347176.0, 3107033.5 ], [ 4347244.6, 3107021.8 ], [ 4347285.9, 3106992.3 ], [ 4347311.0, 3106955.4 ], [ 4347279.9, 3106908.7 ], [ 4347323.6, 3106944.5 ], [ 4347347.1, 3106939.6 ], [ 4347352.2, 3106916.2 ], [ 4347310.3, 3106867.0 ], [ 4347311.7, 3106858.7 ], [ 4347364.0, 3106892.0 ], [ 4347418.2, 3106958.6 ], [ 4347440.8, 3106965.5 ], [ 4347460.0, 3106946.8 ], [ 4347458.8, 3106875.5 ], [ 4347633.6, 3106842.9 ], [ 4347647.8, 3106895.0 ], [ 4347663.7, 3107030.9 ], [ 4347600.9, 3107070.5 ], [ 4347538.0, 3107087.7 ], [ 4347526.2, 3107105.0 ], [ 4347552.7, 3107183.4 ], [ 4347615.7, 3107211.4 ], [ 4347605.3, 3107221.1 ], [ 4347579.5, 3107219.6 ], [ 4347567.6, 3107226.6 ], [ 4347563.3, 3107262.9 ], [ 4347590.6, 3107291.4 ], [ 4347623.5, 3107305.6 ], [ 4347835.3, 3107350.7 ], [ 4347846.6, 3107405.2 ], [ 4347778.5, 3107403.8 ], [ 4347580.1, 3107341.8 ], [ 4347513.4, 3107294.9 ], [ 4347494.7, 3107266.2 ], [ 4347480.2, 3107262.8 ], [ 4347466.8, 3107269.4 ], [ 4347433.9, 3107242.3 ], [ 4347416.4, 3107239.4 ], [ 4347401.0, 3107253.8 ], [ 4347384.5, 3107358.7 ], [ 4347370.6, 3107354.4 ], [ 4347348.9, 3107327.5 ], [ 4347332.8, 3107322.5 ], [ 4347215.3, 3107392.7 ], [ 4347174.1, 3107374.5 ], [ 4347156.3, 3107377.3 ], [ 4347090.0, 3107460.9 ], [ 4347057.1, 3107518.6 ], [ 4346951.4, 3107640.8 ], [ 4346930.5, 3107648.1 ], [ 4346904.5, 3107677.0 ], [ 4346833.4, 3107729.4 ], [ 4346781.4, 3107680.7 ], [ 4346671.8, 3107600.0 ], [ 4346985.4, 3107233.8 ], [ 4347018.3, 3107208.7 ], [ 4347021.5, 3107190.5 ], [ 4347011.7, 3107174.0 ], [ 4347059.0, 3107131.9 ], [ 4347060.9, 3107107.0 ], [ 4347028.9, 3107090.2 ], [ 4346953.2, 3107083.0 ], [ 4346757.5, 3107228.5 ], [ 4346736.7, 3107210.1 ], [ 4346716.2, 3107211.0 ], [ 4346670.1, 3107257.5 ], [ 4346666.0, 3107271.7 ], [ 4346552.3, 3107360.6 ], [ 4346492.7, 3107304.9 ], [ 4346524.0, 3107252.9 ], [ 4346512.9, 3107234.9 ], [ 4346491.8, 3107234.5 ], [ 4346406.4, 3107305.7 ], [ 4346307.2, 3107428.1 ], [ 4346284.5, 3107416.1 ], [ 4346266.8, 3107419.1 ], [ 4346232.4, 3107470.6 ], [ 4346236.8, 3107491.3 ], [ 4346265.4, 3107507.6 ], [ 4346281.8, 3107498.9 ], [ 4346333.7, 3107501.6 ], [ 4346364.2, 3107480.7 ], [ 4346466.7, 3107435.7 ], [ 4346505.3, 3107452.7 ], [ 4346428.6, 3107546.8 ], [ 4346429.0, 3107573.9 ], [ 4346441.4, 3107588.8 ], [ 4346416.6, 3107625.6 ], [ 4346374.7, 3107648.7 ], [ 4346353.9, 3107737.4 ], [ 4346344.4, 3107747.6 ], [ 4346325.1, 3107810.7 ], [ 4346309.5, 3107831.8 ], [ 4346316.9, 3107854.2 ], [ 4346262.8, 3108028.3 ], [ 4346239.7, 3108033.0 ], [ 4346223.9, 3108020.6 ], [ 4346244.7, 3107955.2 ], [ 4346236.0, 3107936.3 ], [ 4346218.8, 3107932.2 ], [ 4346152.9, 3107958.3 ], [ 4346131.3, 3108026.9 ], [ 4346118.1, 3108042.4 ], [ 4346082.0, 3108031.0 ], [ 4346061.9, 3108043.4 ], [ 4346039.5, 3108121.2 ], [ 4346041.9, 3108139.2 ], [ 4346060.0, 3108161.9 ], [ 4346040.0, 3108246.9 ], [ 4346008.0, 3108255.2 ], [ 4345995.4, 3108247.0 ], [ 4345977.3, 3108250.8 ], [ 4345958.3, 3108307.4 ], [ 4345945.6, 3108327.8 ], [ 4345929.8, 3108330.7 ], [ 4345908.8, 3108326.5 ], [ 4345853.3, 3108339.2 ], [ 4345825.2, 3108322.6 ], [ 4345824.1, 3108303.0 ], [ 4345858.4, 3108182.6 ], [ 4345850.2, 3108163.0 ], [ 4345809.9, 3108161.3 ], [ 4345794.6, 3108125.3 ], [ 4345782.1, 3108117.2 ], [ 4345692.4, 3108120.9 ], [ 4345681.6, 3108139.4 ], [ 4345692.0, 3108172.8 ], [ 4345685.2, 3108237.7 ], [ 4345668.8, 3108293.2 ], [ 4345679.1, 3108312.2 ], [ 4345643.0, 3108475.7 ], [ 4345615.6, 3108486.2 ], [ 4345604.8, 3108527.2 ], [ 4345540.1, 3108522.3 ], [ 4345504.0, 3108529.2 ], [ 4345491.1, 3108541.5 ], [ 4345496.1, 3108646.9 ], [ 4345523.9, 3108761.2 ], [ 4345602.2, 3108891.8 ], [ 4345617.8, 3108899.0 ], [ 4345631.2, 3108895.0 ], [ 4345678.3, 3108925.3 ], [ 4345694.8, 3108937.4 ], [ 4345708.1, 3108969.4 ], [ 4345783.5, 3108994.6 ], [ 4346212.8, 3108949.3 ], [ 4346277.2, 3108921.4 ], [ 4346285.0, 3108909.4 ], [ 4346283.5, 3108890.6 ], [ 4346327.4, 3108858.4 ], [ 4346358.3, 3108866.1 ], [ 4346453.3, 3108818.9 ], [ 4346625.8, 3108803.7 ], [ 4346636.1, 3108789.7 ], [ 4346634.7, 3108775.7 ], [ 4346597.4, 3108738.7 ], [ 4346762.9, 3108623.6 ], [ 4346894.5, 3108601.5 ], [ 4346929.3, 3108576.6 ], [ 4346977.2, 3108524.5 ], [ 4347003.9, 3108460.4 ], [ 4347022.2, 3108449.5 ], [ 4347040.2, 3108359.3 ], [ 4347048.3, 3108362.5 ], [ 4347060.7, 3108421.0 ], [ 4347052.8, 3108502.0 ], [ 4347032.8, 3108575.5 ], [ 4346992.2, 3108641.9 ], [ 4346956.0, 3108675.5 ], [ 4346866.1, 3108731.2 ], [ 4346786.5, 3108739.8 ], [ 4346732.0, 3108722.8 ], [ 4346709.5, 3108735.1 ], [ 4346681.6, 3108766.8 ], [ 4346680.3, 3108792.0 ], [ 4346687.9, 3108804.7 ], [ 4346782.2, 3108846.3 ], [ 4346810.8, 3108899.0 ], [ 4346854.2, 3108923.6 ], [ 4346804.8, 3108938.2 ], [ 4346742.9, 3108937.6 ], [ 4346728.5, 3108948.2 ], [ 4346725.9, 3108962.4 ], [ 4346747.7, 3109028.9 ], [ 4346757.3, 3109109.8 ], [ 4346641.1, 3109097.0 ], [ 4346668.3, 3109012.3 ], [ 4346667.7, 3108983.3 ], [ 4346636.7, 3108860.4 ], [ 4346619.3, 3108844.3 ], [ 4346598.8, 3108845.3 ], [ 4346540.7, 3108893.5 ], [ 4346205.5, 3109101.3 ], [ 4346204.4, 3109128.5 ], [ 4346182.9, 3109193.8 ], [ 4346096.6, 3109344.6 ], [ 4346040.2, 3109421.6 ], [ 4345987.8, 3109456.2 ], [ 4345892.9, 3109578.5 ], [ 4345824.8, 3109638.4 ], [ 4345757.6, 3109683.3 ], [ 4345659.8, 3109709.0 ], [ 4345623.7, 3109700.5 ], [ 4345623.8, 3109694.8 ], [ 4345694.9, 3109671.8 ], [ 4345705.0, 3109661.6 ], [ 4345775.6, 3109639.1 ], [ 4345833.0, 3109603.5 ], [ 4345935.4, 3109456.6 ], [ 4346008.6, 3109407.3 ], [ 4346017.4, 3109389.0 ], [ 4346003.0, 3109368.6 ], [ 4345970.0, 3109367.1 ], [ 4345906.2, 3109340.8 ], [ 4345847.8, 3109301.3 ], [ 4345837.7, 3109282.8 ], [ 4345863.1, 3109222.0 ], [ 4345864.9, 3109125.2 ], [ 4345882.4, 3109076.4 ], [ 4345874.2, 3109056.7 ], [ 4345702.6, 3109014.7 ], [ 4345623.8, 3108967.6 ], [ 4345570.1, 3108905.8 ], [ 4345483.7, 3108741.2 ], [ 4345460.5, 3108734.9 ], [ 4345422.7, 3108764.4 ], [ 4345416.4, 3108685.2 ], [ 4345394.0, 3108677.5 ], [ 4345367.8, 3108697.3 ], [ 4345357.5, 3108590.4 ], [ 4345340.9, 3108524.1 ], [ 4345388.9, 3108373.0 ], [ 4345468.6, 3108244.1 ], [ 4345493.5, 3108219.8 ], [ 4345530.0, 3108027.5 ], [ 4345528.8, 3107965.1 ], [ 4345516.6, 3107927.5 ], [ 4345498.3, 3107915.6 ], [ 4345478.8, 3107925.3 ], [ 4345469.0, 3107948.4 ], [ 4345476.0, 3107967.5 ], [ 4345381.1, 3108095.9 ], [ 4345371.6, 3108157.9 ], [ 4345321.1, 3108341.3 ], [ 4345302.2, 3108367.8 ], [ 4345284.5, 3108461.6 ], [ 4345273.0, 3108741.2 ], [ 4345106.8, 3108712.4 ], [ 4345099.0, 3108697.3 ], [ 4345097.6, 3108617.7 ], [ 4345080.8, 3108600.2 ], [ 4344998.7, 3108618.0 ], [ 4344836.5, 3108695.3 ], [ 4344687.3, 3108575.7 ], [ 4344658.8, 3108575.2 ], [ 4344558.9, 3108537.2 ], [ 4344527.0, 3108532.6 ], [ 4344506.0, 3108549.7 ], [ 4344512.5, 3108600.9 ], [ 4344486.7, 3108659.8 ], [ 4344483.8, 3108713.6 ], [ 4344324.3, 3108802.6 ], [ 4344284.8, 3108766.1 ], [ 4344257.1, 3108761.2 ], [ 4344239.5, 3108766.5 ], [ 4344200.6, 3108800.5 ], [ 4344168.3, 3108972.7 ], [ 4344180.3, 3108985.7 ], [ 4344264.8, 3109011.8 ], [ 4344215.3, 3109179.2 ], [ 4344084.1, 3109478.8 ], [ 4344080.2, 3109609.2 ], [ 4344096.0, 3109654.6 ], [ 4344126.7, 3109659.5 ], [ 4344196.6, 3109738.8 ], [ 4344261.7, 3109852.2 ], [ 4344358.8, 3110086.2 ], [ 4344388.8, 3110108.6 ], [ 4344456.8, 3110089.0 ], [ 4344486.8, 3110184.3 ], [ 4344488.8, 3110245.2 ], [ 4344506.7, 3110257.5 ], [ 4344581.9, 3110279.0 ], [ 4344617.9, 3110330.7 ], [ 4344562.6, 3110428.1 ], [ 4344563.2, 3110475.1 ], [ 4344584.4, 3110523.6 ], [ 4344672.4, 3110601.3 ], [ 4344703.8, 3110589.8 ], [ 4344726.2, 3110601.3 ], [ 4344743.6, 3110600.4 ], [ 4344777.0, 3110572.8 ], [ 4344804.3, 3110584.0 ], [ 4344885.9, 3110548.7 ], [ 4344894.5, 3110534.4 ], [ 4344894.9, 3110495.5 ], [ 4344915.1, 3110451.9 ], [ 4344935.2, 3110423.1 ], [ 4345018.6, 3110350.6 ], [ 4345031.4, 3110393.8 ], [ 4345021.7, 3110418.5 ], [ 4345002.4, 3110439.1 ], [ 4345005.0, 3110460.7 ], [ 4345021.0, 3110469.6 ], [ 4345040.6, 3110463.5 ], [ 4345062.5, 3110478.1 ], [ 4345104.7, 3110459.6 ], [ 4345118.8, 3110439.9 ], [ 4345133.7, 3110327.8 ], [ 4345119.6, 3110311.5 ], [ 4345046.7, 3110292.5 ], [ 4345049.4, 3110184.2 ], [ 4345034.3, 3110166.2 ], [ 4345002.9, 3110172.1 ], [ 4344977.4, 3110191.1 ], [ 4344919.8, 3110262.4 ], [ 4344866.5, 3110258.4 ], [ 4344854.9, 3110243.1 ], [ 4344804.2, 3110067.7 ], [ 4344784.3, 3110051.8 ], [ 4344761.7, 3109968.3 ], [ 4344721.5, 3109781.4 ], [ 4344661.3, 3109564.3 ], [ 4344640.5, 3109451.0 ], [ 4344608.9, 3109409.8 ], [ 4344522.3, 3109400.3 ], [ 4344493.8, 3109387.6 ], [ 4344447.6, 3109390.1 ], [ 4344444.6, 3109379.5 ], [ 4344480.6, 3109240.7 ], [ 4344512.2, 3109251.0 ], [ 4344563.6, 3109283.2 ], [ 4344596.5, 3109287.7 ], [ 4344610.2, 3109281.6 ], [ 4344629.7, 3109249.8 ], [ 4344930.6, 3109164.6 ], [ 4345119.4, 3109137.4 ], [ 4345129.3, 3109149.4 ], [ 4345144.0, 3109152.1 ], [ 4345300.5, 3109117.6 ], [ 4345314.3, 3109147.0 ], [ 4345284.6, 3109160.6 ], [ 4345281.0, 3109178.1 ], [ 4345288.5, 3109190.4 ], [ 4345361.0, 3109207.5 ], [ 4345457.4, 3109293.0 ], [ 4345586.1, 3109365.7 ], [ 4345543.4, 3109376.7 ], [ 4345497.5, 3109377.1 ], [ 4345339.4, 3109419.9 ], [ 4345307.6, 3109437.4 ], [ 4345230.6, 3109459.7 ], [ 4345216.5, 3109506.5 ], [ 4345220.9, 3109661.4 ], [ 4345244.0, 3109675.4 ], [ 4345426.7, 3109653.9 ], [ 4345616.3, 3109925.9 ], [ 4345633.6, 3109935.6 ], [ 4345676.7, 3109922.2 ], [ 4345700.3, 3109892.8 ], [ 4345725.8, 3109893.3 ], [ 4345779.2, 3109864.6 ], [ 4345916.2, 3109758.3 ], [ 4345970.4, 3109660.3 ], [ 4346171.2, 3109371.7 ], [ 4346156.5, 3109464.4 ], [ 4346111.0, 3109568.0 ], [ 4346044.7, 3109673.2 ], [ 4345951.7, 3109788.2 ], [ 4345827.9, 3109874.0 ], [ 4345807.1, 3109874.4 ], [ 4345692.4, 3109938.4 ], [ 4345661.3, 3109967.3 ], [ 4345660.6, 3109989.2 ], [ 4345704.5, 3110056.5 ], [ 4345683.5, 3110062.7 ], [ 4345672.2, 3110077.4 ], [ 4345682.7, 3110122.8 ], [ 4345594.7, 3110163.8 ], [ 4345585.8, 3110175.3 ], [ 4345585.9, 3110191.9 ], [ 4345555.2, 3110207.2 ], [ 4345514.6, 3110178.6 ], [ 4345497.2, 3110143.0 ], [ 4345483.1, 3110138.3 ], [ 4345469.2, 3110143.6 ], [ 4345461.5, 3110160.4 ], [ 4345470.9, 3110212.5 ], [ 4345404.8, 3110342.1 ], [ 4345300.8, 3110346.7 ], [ 4345207.5, 3110335.8 ], [ 4345189.2, 3110350.2 ], [ 4345191.0, 3110435.6 ], [ 4345164.1, 3110497.3 ], [ 4345164.2, 3110539.9 ], [ 4345198.7, 3110601.3 ], [ 4345263.6, 3110661.1 ], [ 4345245.3, 3110696.6 ], [ 4345245.0, 3110753.8 ], [ 4345267.6, 3110802.7 ], [ 4345279.8, 3110863.5 ], [ 4345274.8, 3110883.5 ], [ 4345246.8, 3110919.5 ], [ 4345265.4, 3111000.8 ], [ 4345248.3, 3111012.4 ], [ 4345245.2, 3111030.4 ], [ 4345256.8, 3111044.5 ], [ 4345273.1, 3111045.8 ], [ 4345295.4, 3111070.7 ], [ 4345315.7, 3111070.8 ], [ 4345329.8, 3111143.4 ], [ 4345286.1, 3111143.1 ], [ 4345277.8, 3111159.2 ], [ 4345281.9, 3111173.2 ], [ 4345150.8, 3111248.7 ], [ 4345131.1, 3111275.7 ], [ 4345160.8, 3111337.0 ], [ 4345169.4, 3111391.3 ], [ 4345158.0, 3111479.9 ], [ 4345160.1, 3111529.0 ], [ 4345176.5, 3111638.0 ], [ 4345197.9, 3111659.7 ], [ 4345188.3, 3111669.1 ], [ 4345165.0, 3111652.8 ], [ 4345132.2, 3111507.7 ], [ 4345119.2, 3111495.9 ], [ 4345105.0, 3111495.9 ], [ 4345079.7, 3111534.2 ], [ 4345094.4, 3111611.1 ], [ 4345048.6, 3111610.7 ], [ 4345021.6, 3111623.3 ], [ 4344988.4, 3111717.1 ], [ 4344961.4, 3111767.4 ], [ 4344928.4, 3111803.7 ], [ 4344907.7, 3111803.3 ], [ 4344887.5, 3111830.0 ], [ 4344861.0, 3111834.2 ], [ 4344831.8, 3111888.6 ], [ 4344823.3, 3111924.6 ], [ 4344802.3, 3111919.4 ], [ 4344786.5, 3111927.1 ], [ 4344763.8, 3111991.7 ], [ 4344739.6, 3111987.3 ], [ 4344698.1, 3111961.6 ], [ 4344648.5, 3111959.2 ], [ 4344632.9, 3111966.1 ], [ 4344660.4, 3111887.2 ], [ 4344653.9, 3111871.8 ], [ 4344632.7, 3111857.7 ], [ 4344614.4, 3111860.5 ], [ 4344601.1, 3111880.6 ], [ 4344571.0, 3111886.1 ], [ 4344558.3, 3111930.4 ], [ 4344573.2, 3112011.4 ], [ 4344765.7, 3112269.7 ], [ 4344790.9, 3112277.6 ], [ 4344894.4, 3112380.2 ], [ 4344910.7, 3112386.5 ], [ 4344982.9, 3112347.2 ], [ 4345014.8, 3112320.5 ], [ 4345412.3, 3111899.9 ], [ 4345459.3, 3111942.3 ], [ 4345289.9, 3112138.6 ], [ 4345289.8, 3112160.1 ], [ 4345319.7, 3112198.8 ], [ 4345278.2, 3112263.2 ], [ 4345271.7, 3112301.5 ], [ 4345332.9, 3112351.1 ], [ 4345365.5, 3112393.1 ], [ 4345436.3, 3112431.5 ], [ 4345381.9, 3112479.5 ], [ 4345378.6, 3112497.1 ], [ 4345386.4, 3112509.3 ], [ 4345403.8, 3112513.7 ], [ 4345450.6, 3112499.8 ], [ 4345513.0, 3112496.2 ], [ 4345607.9, 3112523.8 ], [ 4345648.8, 3112549.9 ], [ 4345698.3, 3112599.1 ], [ 4345758.4, 3112631.1 ], [ 4345773.1, 3112664.4 ], [ 4345777.6, 3112701.2 ], [ 4345761.6, 3112716.6 ], [ 4345744.3, 3112711.1 ], [ 4345668.3, 3112645.0 ], [ 4345614.2, 3112616.8 ], [ 4345565.0, 3112602.1 ], [ 4345527.5, 3112610.2 ], [ 4345473.2, 3112668.2 ], [ 4345437.0, 3112753.7 ], [ 4345432.4, 3112806.9 ], [ 4345441.5, 3112835.9 ], [ 4345523.7, 3112975.1 ], [ 4345529.6, 3113000.6 ], [ 4345510.3, 3113019.1 ], [ 4345460.6, 3113016.7 ], [ 4345437.0, 3113024.7 ], [ 4345401.2, 3113055.3 ], [ 4345373.9, 3113093.4 ], [ 4345351.1, 3113208.8 ], [ 4345359.9, 3113248.3 ], [ 4345388.7, 3113311.6 ], [ 4345405.2, 3113319.8 ], [ 4345422.2, 3113312.7 ], [ 4345436.9, 3113264.3 ], [ 4345465.8, 3113230.9 ], [ 4345516.1, 3113203.9 ], [ 4345561.4, 3113196.7 ], [ 4345680.6, 3113216.1 ], [ 4345808.9, 3113217.4 ], [ 4345967.3, 3113289.9 ], [ 4346192.5, 3113370.2 ], [ 4346311.3, 3113373.7 ], [ 4346439.5, 3113348.4 ], [ 4346545.4, 3113366.3 ], [ 4346585.8, 3113393.8 ], [ 4346691.4, 3113543.4 ], [ 4346810.1, 3113685.8 ], [ 4347005.6, 3113957.1 ], [ 4347089.0, 3114031.6 ], [ 4347166.2, 3114084.5 ], [ 4347208.3, 3114102.1 ], [ 4347454.3, 3114153.8 ], [ 4347581.9, 3114192.1 ], [ 4347758.5, 3114269.8 ], [ 4347921.4, 3114328.7 ], [ 4348189.0, 3114449.9 ], [ 4348602.7, 3114582.6 ], [ 4348616.5, 3114565.6 ], [ 4348612.0, 3114545.6 ], [ 4348559.4, 3114473.2 ] ], [ [ 4348707.2, 3113076.6 ], [ 4348512.2, 3112982.7 ], [ 4348528.8, 3112951.9 ], [ 4348549.8, 3112940.4 ], [ 4348547.8, 3112916.5 ], [ 4348558.9, 3112895.8 ], [ 4348585.6, 3112896.6 ], [ 4348611.5, 3112853.7 ], [ 4348749.8, 3112923.4 ], [ 4349031.7, 3113024.5 ], [ 4349042.2, 3113178.7 ], [ 4348972.2, 3113175.9 ], [ 4348707.2, 3113076.6 ] ], [ [ 4344987.7, 3112092.3 ], [ 4344968.3, 3112065.2 ], [ 4344996.5, 3112024.6 ], [ 4345013.1, 3112022.0 ], [ 4345046.0, 3112053.1 ], [ 4344987.7, 3112092.3 ] ], [ [ 4346478.5, 3111230.6 ], [ 4346480.8, 3111215.8 ], [ 4346503.4, 3111216.5 ], [ 4346502.4, 3111231.1 ], [ 4346478.5, 3111230.6 ] ], [ [ 4348047.1, 3110514.6 ], [ 4348305.1, 3110427.3 ], [ 4348310.9, 3110445.0 ], [ 4348317.4, 3110503.2 ], [ 4347960.0, 3110583.7 ], [ 4347953.0, 3110528.7 ], [ 4348047.1, 3110514.6 ] ], [ [ 4348584.5, 3110444.5 ], [ 4348567.2, 3110343.0 ], [ 4348542.5, 3110309.2 ], [ 4348518.4, 3110307.8 ], [ 4348427.1, 3110168.4 ], [ 4348435.8, 3110127.6 ], [ 4348507.1, 3110045.0 ], [ 4348586.1, 3110095.0 ], [ 4348600.4, 3110093.8 ], [ 4348612.7, 3110080.6 ], [ 4348698.0, 3110139.2 ], [ 4348832.5, 3110214.8 ], [ 4348849.1, 3110216.9 ], [ 4348803.3, 3110334.3 ], [ 4348809.0, 3110507.7 ], [ 4348681.2, 3110479.0 ], [ 4348584.5, 3110444.5 ] ], [ [ 4347142.3, 3109387.0 ], [ 4346895.5, 3109227.1 ], [ 4346458.9, 3109160.8 ], [ 4346414.5, 3109139.6 ], [ 4346549.5, 3109161.3 ], [ 4346614.9, 3109159.6 ], [ 4346863.2, 3109199.9 ], [ 4347471.2, 3109560.2 ], [ 4347742.3, 3109770.8 ], [ 4347713.3, 3109771.6 ], [ 4347479.7, 3109579.2 ], [ 4347318.3, 3109492.3 ], [ 4347188.8, 3109405.6 ], [ 4347142.3, 3109387.0 ] ], [ [ 4350257.0, 3109348.3 ], [ 4350092.2, 3109146.9 ], [ 4350145.3, 3109105.4 ], [ 4350150.3, 3109081.9 ], [ 4350011.5, 3108915.8 ], [ 4350353.5, 3108724.5 ], [ 4350368.7, 3108734.0 ], [ 4350383.2, 3108731.3 ], [ 4350427.9, 3108705.1 ], [ 4350442.1, 3108682.6 ], [ 4350474.7, 3108661.3 ], [ 4350513.9, 3108721.7 ], [ 4350580.4, 3108861.1 ], [ 4350671.2, 3108964.0 ], [ 4350521.8, 3109152.4 ], [ 4350520.7, 3109173.8 ], [ 4350542.0, 3109221.3 ], [ 4350533.9, 3109245.9 ], [ 4350507.7, 3109264.7 ], [ 4350501.5, 3109289.9 ], [ 4350517.7, 3109316.8 ], [ 4350569.2, 3109345.6 ], [ 4350558.5, 3109374.7 ], [ 4350461.9, 3109444.0 ], [ 4350354.2, 3109549.8 ], [ 4350284.9, 3109443.1 ], [ 4350257.0, 3109348.3 ] ], [ [ 4354442.6, 3109071.8 ], [ 4354409.2, 3109063.7 ], [ 4354338.3, 3109070.7 ], [ 4354304.9, 3109064.1 ], [ 4354317.1, 3108996.3 ], [ 4354297.9, 3108938.4 ], [ 4354298.7, 3108907.1 ], [ 4354325.8, 3108845.0 ], [ 4354357.4, 3108796.0 ], [ 4354358.9, 3108778.5 ], [ 4354348.9, 3108763.6 ], [ 4354306.0, 3108740.6 ], [ 4354277.6, 3108738.2 ], [ 4354247.3, 3108763.3 ], [ 4354219.7, 3108834.9 ], [ 4354134.2, 3108871.3 ], [ 4354125.4, 3108862.7 ], [ 4354150.4, 3108821.6 ], [ 4354152.9, 3108798.5 ], [ 4354267.8, 3108679.0 ], [ 4354352.9, 3108709.1 ], [ 4354484.9, 3108778.1 ], [ 4354578.7, 3108806.8 ], [ 4354820.6, 3108979.1 ], [ 4354701.6, 3109082.0 ], [ 4354599.1, 3109203.7 ], [ 4354541.1, 3109165.9 ], [ 4354442.6, 3109071.8 ] ], [ [ 4354197.4, 3109031.5 ], [ 4354148.3, 3109034.3 ], [ 4354147.1, 3109022.1 ], [ 4354180.7, 3108996.1 ], [ 4354205.5, 3109000.8 ], [ 4354209.1, 3109019.8 ], [ 4354197.4, 3109031.5 ] ], [ [ 4349294.2, 3108696.5 ], [ 4349151.1, 3108736.3 ], [ 4349126.2, 3108726.3 ], [ 4349086.8, 3108731.7 ], [ 4349027.7, 3108751.7 ], [ 4349005.9, 3108768.3 ], [ 4348911.1, 3108784.5 ], [ 4348924.4, 3108772.1 ], [ 4348933.6, 3108741.8 ], [ 4348938.7, 3108615.5 ], [ 4348974.6, 3108620.9 ], [ 4349040.6, 3108576.0 ], [ 4349057.1, 3108495.8 ], [ 4349155.7, 3108454.8 ], [ 4349153.9, 3108391.5 ], [ 4349189.5, 3108391.2 ], [ 4349187.0, 3108417.6 ], [ 4349200.9, 3108433.9 ], [ 4349249.8, 3108421.2 ], [ 4349248.0, 3108449.3 ], [ 4349292.5, 3108504.9 ], [ 4349302.8, 3108597.9 ], [ 4349291.7, 3108654.6 ], [ 4349294.2, 3108696.5 ] ], [ [ 4349890.8, 3108434.7 ], [ 4349866.8, 3108420.4 ], [ 4349878.0, 3108395.3 ], [ 4349891.2, 3108389.0 ], [ 4349904.8, 3108424.5 ], [ 4349890.8, 3108434.7 ] ], [ [ 4348841.7, 3108992.1 ], [ 4348818.3, 3109048.2 ], [ 4348791.4, 3109019.8 ], [ 4348752.7, 3109021.8 ], [ 4348726.2, 3109014.6 ], [ 4348710.6, 3109021.4 ], [ 4348684.8, 3109053.1 ], [ 4348665.2, 3109058.0 ], [ 4348630.7, 3109042.5 ], [ 4348624.7, 3109026.4 ], [ 4348633.6, 3109001.5 ], [ 4348664.1, 3109006.6 ], [ 4348680.2, 3108998.2 ], [ 4348686.7, 3108956.9 ], [ 4348719.5, 3108936.4 ], [ 4348767.3, 3108878.8 ], [ 4348801.1, 3108829.7 ], [ 4348803.3, 3108803.3 ], [ 4348891.1, 3108798.3 ], [ 4348841.7, 3108992.1 ] ], [ [ 4346303.1, 3109343.8 ], [ 4346348.4, 3109298.3 ], [ 4346368.7, 3109283.1 ], [ 4346359.2, 3109342.1 ], [ 4346303.1, 3109343.8 ] ], [ [ 4344561.6, 3108985.7 ], [ 4344461.1, 3108895.4 ], [ 4344427.9, 3108915.7 ], [ 4344397.6, 3108918.7 ], [ 4344391.3, 3108886.7 ], [ 4344462.7, 3108837.2 ], [ 4344478.9, 3108831.3 ], [ 4344489.8, 3108846.0 ], [ 4344508.1, 3108847.4 ], [ 4344635.3, 3108772.4 ], [ 4344678.0, 3108761.3 ], [ 4344765.5, 3108907.7 ], [ 4344786.4, 3108963.7 ], [ 4344829.1, 3109038.7 ], [ 4344712.9, 3109088.8 ], [ 4344696.1, 3109102.7 ], [ 4344683.9, 3109089.2 ], [ 4344670.3, 3109086.8 ], [ 4344641.0, 3109109.0 ], [ 4344598.1, 3109031.6 ], [ 4344561.6, 3108985.7 ] ], [ [ 4348918.0, 3108380.8 ], [ 4348911.6, 3108159.7 ], [ 4348985.5, 3108181.1 ], [ 4349089.7, 3108177.6 ], [ 4349150.0, 3108163.1 ], [ 4349209.3, 3108175.7 ], [ 4349259.6, 3108169.1 ], [ 4349272.3, 3108149.1 ], [ 4349262.6, 3108011.5 ], [ 4349286.9, 3108060.7 ], [ 4349333.6, 3108096.1 ], [ 4349336.6, 3108159.0 ], [ 4349285.1, 3108177.1 ], [ 4349273.7, 3108190.3 ], [ 4349275.3, 3108332.5 ], [ 4349068.4, 3108308.2 ], [ 4348982.2, 3108317.3 ], [ 4348964.1, 3108331.0 ], [ 4348959.8, 3108379.4 ], [ 4348918.0, 3108380.8 ] ], [ [ 4355917.2, 3108333.2 ], [ 4355933.9, 3108300.5 ], [ 4355967.0, 3108291.9 ], [ 4356011.7, 3108341.3 ], [ 4355996.3, 3108375.6 ], [ 4355969.9, 3108379.8 ], [ 4355937.3, 3108364.9 ], [ 4355917.2, 3108333.2 ] ], [ [ 4356775.2, 3108226.6 ], [ 4356706.1, 3108201.4 ], [ 4356696.7, 3108188.0 ], [ 4356720.3, 3108139.8 ], [ 4356774.3, 3108146.5 ], [ 4356795.4, 3108169.5 ], [ 4356807.4, 3108198.4 ], [ 4356847.6, 3108223.5 ], [ 4356847.2, 3108239.8 ], [ 4356835.5, 3108267.6 ], [ 4356813.2, 3108289.5 ], [ 4356797.4, 3108288.7 ], [ 4356775.2, 3108226.6 ] ], [ [ 4357599.3, 3108144.1 ], [ 4357635.8, 3108067.6 ], [ 4357649.4, 3108063.5 ], [ 4357649.1, 3108094.8 ], [ 4357627.3, 3108157.3 ], [ 4357607.2, 3108169.5 ], [ 4357599.3, 3108144.1 ] ], [ [ 4356230.3, 3108035.3 ], [ 4356235.2, 3108026.8 ], [ 4356290.8, 3108017.4 ], [ 4356312.8, 3108026.9 ], [ 4356311.4, 3108034.1 ], [ 4356282.5, 3108044.6 ], [ 4356244.0, 3108043.2 ], [ 4356230.3, 3108035.3 ] ], [ [ 4350682.4, 3107942.8 ], [ 4350633.7, 3108028.9 ], [ 4350578.1, 3107977.8 ], [ 4350787.4, 3107713.0 ], [ 4350850.3, 3107770.7 ], [ 4350746.8, 3107863.8 ], [ 4350682.4, 3107942.8 ] ], [ [ 4347977.3, 3107418.6 ], [ 4347883.9, 3107403.3 ], [ 4347910.1, 3107314.1 ], [ 4347935.7, 3107272.0 ], [ 4347968.6, 3107257.6 ], [ 4347996.6, 3107260.7 ], [ 4347977.3, 3107418.6 ] ], [ [ 4353331.9, 3107324.9 ], [ 4353346.4, 3107115.8 ], [ 4353404.6, 3107116.4 ], [ 4353382.4, 3107316.7 ], [ 4353363.7, 3107325.1 ], [ 4353331.9, 3107324.9 ] ], [ [ 4348648.5, 3106935.3 ], [ 4348589.8, 3106878.6 ], [ 4348529.5, 3106862.4 ], [ 4348482.9, 3106828.7 ], [ 4348340.0, 3106850.7 ], [ 4348222.4, 3106883.7 ], [ 4348210.3, 3106892.3 ], [ 4348201.8, 3106918.8 ], [ 4348178.7, 3106921.8 ], [ 4348144.7, 3106899.3 ], [ 4348055.9, 3106863.1 ], [ 4348055.7, 3106843.0 ], [ 4348040.6, 3106830.4 ], [ 4348014.9, 3106840.5 ], [ 4348012.0, 3106880.6 ], [ 4348003.5, 3106848.4 ], [ 4347983.0, 3106822.3 ], [ 4347948.4, 3106796.6 ], [ 4347874.8, 3106761.8 ], [ 4347880.9, 3106746.7 ], [ 4347876.2, 3106731.3 ], [ 4347856.8, 3106712.7 ], [ 4347831.8, 3106706.7 ], [ 4347756.5, 3106596.3 ], [ 4347700.9, 3106536.5 ], [ 4347664.9, 3106432.8 ], [ 4347826.2, 3106617.6 ], [ 4347906.5, 3106692.2 ], [ 4348039.4, 3106781.1 ], [ 4348116.9, 3106814.0 ], [ 4348311.7, 3106822.8 ], [ 4348394.5, 3106818.9 ], [ 4348568.5, 3106784.7 ], [ 4348587.4, 3106769.6 ], [ 4348642.1, 3106757.3 ], [ 4348683.1, 3106731.4 ], [ 4348689.0, 3106789.3 ], [ 4348674.6, 3106808.8 ], [ 4348676.6, 3106917.3 ], [ 4348671.1, 3106932.8 ], [ 4348648.5, 3106935.3 ] ], [ [ 4348924.5, 3106758.5 ], [ 4348968.1, 3106754.5 ], [ 4348985.6, 3106764.0 ], [ 4349008.4, 3106832.5 ], [ 4348996.1, 3106856.5 ], [ 4348939.1, 3106856.8 ], [ 4348907.7, 3106777.5 ], [ 4348924.5, 3106758.5 ] ], [ [ 4349359.5, 3106285.8 ], [ 4349363.4, 3106260.4 ], [ 4349385.9, 3106278.3 ], [ 4349372.8, 3106295.6 ], [ 4349359.5, 3106285.8 ] ], [ [ 4351931.6, 3104229.9 ], [ 4351933.5, 3104182.8 ], [ 4351904.5, 3104121.6 ], [ 4351855.3, 3104092.3 ], [ 4351831.1, 3104089.0 ], [ 4351815.8, 3104103.5 ], [ 4351816.2, 3104118.0 ], [ 4351839.5, 3104158.5 ], [ 4351836.1, 3104168.9 ], [ 4351801.0, 3104174.8 ], [ 4351781.6, 3104153.8 ], [ 4351784.1, 3104114.3 ], [ 4351762.1, 3104074.0 ], [ 4351758.0, 3104042.1 ], [ 4351760.8, 3104033.2 ], [ 4351797.5, 3104012.1 ], [ 4351810.9, 3103911.0 ], [ 4351822.5, 3103884.1 ], [ 4351837.3, 3103916.6 ], [ 4351856.7, 3103931.2 ], [ 4351944.9, 3103901.1 ], [ 4351955.6, 3103906.5 ], [ 4351947.6, 3103924.3 ], [ 4351888.3, 3103985.3 ], [ 4351877.5, 3104014.9 ], [ 4351882.7, 3104033.6 ], [ 4351922.8, 3104085.7 ], [ 4351984.7, 3104125.4 ], [ 4351967.1, 3104159.9 ], [ 4351966.5, 3104239.0 ], [ 4351931.6, 3104229.9 ] ], [ [ 4352270.9, 3103935.2 ], [ 4352272.5, 3103900.3 ], [ 4352290.1, 3103860.3 ], [ 4352333.7, 3103817.4 ], [ 4352335.5, 3103792.0 ], [ 4352364.5, 3103781.6 ], [ 4352383.4, 3103828.3 ], [ 4352361.1, 3103891.1 ], [ 4352385.2, 3103962.1 ], [ 4352360.2, 3103982.1 ], [ 4352355.6, 3104005.5 ], [ 4352339.0, 3104011.8 ], [ 4352285.0, 3103963.8 ], [ 4352270.9, 3103935.2 ] ], [ [ 4350006.1, 3104751.6 ], [ 4349871.6, 3104851.6 ], [ 4349831.6, 3104839.7 ], [ 4349798.9, 3104853.7 ], [ 4349775.1, 3104799.5 ], [ 4349700.8, 3104760.7 ], [ 4349893.5, 3104652.6 ], [ 4349935.9, 3104732.5 ], [ 4350006.1, 3104751.6 ] ], [ [ 4352013.6, 3102895.0 ], [ 4352036.8, 3102843.1 ], [ 4352038.4, 3102785.9 ], [ 4352050.8, 3102768.9 ], [ 4352106.8, 3102777.1 ], [ 4352156.3, 3102740.6 ], [ 4352174.2, 3102733.9 ], [ 4352182.0, 3102738.5 ], [ 4352189.7, 3102758.1 ], [ 4352125.2, 3102803.8 ], [ 4352120.1, 3102855.2 ], [ 4352071.7, 3102901.4 ], [ 4352005.1, 3102932.3 ], [ 4351991.0, 3102907.3 ], [ 4352013.6, 3102895.0 ] ], [ [ 4354594.9, 3109876.5 ], [ 4354659.8, 3109935.3 ], [ 4354620.9, 3109968.8 ], [ 4354595.0, 3109970.7 ], [ 4354546.6, 3110020.7 ], [ 4354524.0, 3110013.3 ], [ 4354480.6, 3109961.9 ], [ 4354490.8, 3109952.1 ], [ 4354514.1, 3109969.9 ], [ 4354532.3, 3109971.1 ], [ 4354545.5, 3109959.2 ], [ 4354546.2, 3109937.9 ], [ 4354555.8, 3109929.2 ], [ 4354576.0, 3109937.2 ], [ 4354591.9, 3109928.5 ], [ 4354593.6, 3109901.9 ], [ 4354565.0, 3109878.6 ], [ 4354578.9, 3109844.1 ], [ 4354594.5, 3109845.5 ], [ 4354594.9, 3109876.5 ] ], [ [ 4354657.0, 3110105.8 ], [ 4354688.6, 3110117.8 ], [ 4354692.8, 3110146.2 ], [ 4354654.0, 3110230.5 ], [ 4354587.8, 3110189.3 ], [ 4354613.2, 3110145.8 ], [ 4354657.0, 3110105.8 ] ], [ [ 4354780.1, 3110350.5 ], [ 4354735.6, 3110334.3 ], [ 4354732.7, 3110317.4 ], [ 4354746.3, 3110312.6 ], [ 4354780.1, 3110350.5 ] ], [ [ 4353821.7, 3110466.9 ], [ 4353750.2, 3110528.9 ], [ 4353749.9, 3110549.8 ], [ 4353783.0, 3110566.8 ], [ 4353779.8, 3110579.2 ], [ 4353694.9, 3110698.3 ], [ 4353663.0, 3110679.3 ], [ 4353619.9, 3110590.5 ], [ 4353596.5, 3110584.2 ], [ 4353572.5, 3110409.3 ], [ 4353600.5, 3110397.3 ], [ 4353632.7, 3110423.2 ], [ 4353821.7, 3110466.9 ] ], [ [ 4352787.0, 3111178.1 ], [ 4352708.0, 3111180.4 ], [ 4352639.5, 3111208.3 ], [ 4352592.9, 3111197.7 ], [ 4352566.5, 3111171.1 ], [ 4352561.7, 3111153.9 ], [ 4352572.3, 3111146.1 ], [ 4352642.5, 3111150.4 ], [ 4352714.9, 3111137.3 ], [ 4352787.5, 3111142.6 ], [ 4352796.0, 3111160.8 ], [ 4352787.0, 3111178.1 ] ] ] } },
{ "type": "Feature", "properties": { "id": "forest_88750", "state": "Thüringen", "area_ha": 6685.31, "unfragmented": true, "image": "forest_88750.webp", "real_width_m": 12057.5, "real_height_m": 13309.4, "pixel_width": 1205, "pixel_height": 1330, "centroid_x": 4413769.2, "centroid_y": 3128026.8 }, "geometry": { "type": "Polygon", "coordinates": [ [ [ 4410128.1, 3134453.9 ], [ 4410139.9, 3134438.4 ], [ 4410169.6, 3134458.2 ], [ 4410162.7, 3134477.4 ], [ 4410166.9, 3134519.9 ], [ 4410175.4, 3134531.4 ], [ 4410192.8, 3134534.7 ], [ 4410299.0, 3134413.1 ], [ 4410320.0, 3134437.0 ], [ 4410333.9, 3134441.1 ], [ 4410347.4, 3134435.7 ], [ 4410360.6, 3134414.7 ], [ 4410371.1, 3134457.1 ], [ 4410389.3, 3134470.3 ], [ 4410393.3, 3134487.3 ], [ 4410410.7, 3134500.2 ], [ 4410428.7, 3134498.5 ], [ 4410439.9, 3134473.1 ], [ 4410422.5, 3134449.8 ], [ 4410423.2, 3134432.2 ], [ 4410451.3, 3134434.4 ], [ 4410464.4, 3134414.5 ], [ 4410459.5, 3134381.4 ], [ 4410435.1, 3134367.2 ], [ 4410444.9, 3134346.6 ], [ 4410487.9, 3134357.7 ], [ 4410507.6, 3134348.8 ], [ 4410529.6, 3134304.8 ], [ 4410561.4, 3134205.6 ], [ 4410561.1, 3134349.4 ], [ 4410510.7, 3134498.4 ], [ 4410501.9, 3134577.1 ], [ 4410514.8, 3134642.9 ], [ 4410543.8, 3134710.7 ], [ 4410559.4, 3134718.8 ], [ 4410597.3, 3134715.5 ], [ 4410623.2, 3134739.4 ], [ 4410644.1, 3134735.5 ], [ 4410652.1, 3134719.5 ], [ 4410648.7, 3134691.3 ], [ 4410678.9, 3134642.9 ], [ 4410671.9, 3134627.1 ], [ 4410630.5, 3134600.3 ], [ 4410634.4, 3134562.3 ], [ 4410687.0, 3134563.6 ], [ 4410701.7, 3134555.0 ], [ 4410723.8, 3134433.7 ], [ 4410772.7, 3134376.4 ], [ 4410783.1, 3134327.5 ], [ 4410795.5, 3134136.1 ], [ 4410834.0, 3134047.7 ], [ 4410888.0, 3133833.9 ], [ 4410886.0, 3133773.8 ], [ 4410993.4, 3133830.1 ], [ 4411012.4, 3133830.9 ], [ 4411017.6, 3133847.1 ], [ 4411040.6, 3133865.8 ], [ 4411094.3, 3133895.2 ], [ 4411106.3, 3133933.1 ], [ 4411136.3, 3133955.3 ], [ 4411199.8, 3133967.7 ], [ 4411230.0, 3133963.1 ], [ 4411269.9, 3133906.4 ], [ 4411287.3, 3133855.6 ], [ 4411394.6, 3133666.3 ], [ 4411393.5, 3133642.6 ], [ 4411417.4, 3133617.6 ], [ 4411411.5, 3133588.4 ], [ 4411377.0, 3133541.0 ], [ 4411537.0, 3133528.1 ], [ 4411555.3, 3133536.6 ], [ 4411606.8, 3133587.4 ], [ 4411685.5, 3133634.1 ], [ 4411702.4, 3133628.4 ], [ 4411760.9, 3133553.4 ], [ 4411761.6, 3133533.4 ], [ 4411719.0, 3133477.6 ], [ 4411696.2, 3133428.4 ], [ 4411694.0, 3133359.9 ], [ 4411720.8, 3133228.7 ], [ 4411697.2, 3133020.8 ], [ 4411704.1, 3133008.7 ], [ 4411793.1, 3132972.1 ], [ 4411822.2, 3132978.7 ], [ 4411883.7, 3132969.8 ], [ 4411901.5, 3132949.8 ], [ 4411902.9, 3132916.8 ], [ 4411961.7, 3132907.8 ], [ 4411965.3, 3132928.5 ], [ 4411978.9, 3132938.7 ], [ 4412048.9, 3132935.0 ], [ 4412154.3, 3132958.1 ], [ 4412167.7, 3132942.2 ], [ 4412168.6, 3132875.1 ], [ 4412191.1, 3132811.8 ], [ 4412219.2, 3132792.6 ], [ 4412253.0, 3132796.9 ], [ 4412372.5, 3132860.0 ], [ 4412392.4, 3132846.1 ], [ 4412395.8, 3132799.7 ], [ 4412415.0, 3132822.1 ], [ 4412459.9, 3132852.6 ], [ 4412520.5, 3132857.3 ], [ 4412514.5, 3132877.2 ], [ 4412525.1, 3132894.7 ], [ 4412541.2, 3132898.6 ], [ 4412554.0, 3132892.4 ], [ 4412571.7, 3132857.3 ], [ 4412565.3, 3132838.3 ], [ 4412472.0, 3132767.1 ], [ 4412290.0, 3132649.3 ], [ 4412299.0, 3132631.6 ], [ 4412475.0, 3132740.0 ], [ 4412563.8, 3132804.2 ], [ 4412581.0, 3132806.2 ], [ 4412592.5, 3132798.1 ], [ 4412589.5, 3132704.0 ], [ 4412545.9, 3132677.6 ], [ 4412534.8, 3132654.0 ], [ 4412535.6, 3132392.0 ], [ 4412546.0, 3132303.5 ], [ 4412561.0, 3132303.5 ], [ 4412572.5, 3132294.0 ], [ 4412617.4, 3132174.3 ], [ 4412702.9, 3132247.6 ], [ 4412940.4, 3132355.2 ], [ 4413016.5, 3132411.6 ], [ 4413195.4, 3132486.2 ], [ 4413292.8, 3132516.5 ], [ 4413386.7, 3132587.6 ], [ 4413484.3, 3132716.8 ], [ 4413830.8, 3132709.9 ], [ 4413850.0, 3132763.2 ], [ 4413851.8, 3132855.4 ], [ 4413876.3, 3132898.7 ], [ 4413894.1, 3132898.0 ], [ 4413973.0, 3132859.8 ], [ 4413991.4, 3132898.1 ], [ 4414015.1, 3132923.4 ], [ 4414039.1, 3132928.7 ], [ 4414106.5, 3132819.5 ], [ 4414228.6, 3132999.7 ], [ 4414241.0, 3133006.3 ], [ 4414257.9, 3133002.1 ], [ 4414311.5, 3132936.2 ], [ 4414243.9, 3132820.6 ], [ 4414278.2, 3132777.0 ], [ 4414279.5, 3132758.7 ], [ 4414149.2, 3132606.7 ], [ 4414125.0, 3132557.6 ], [ 4414053.6, 3132471.2 ], [ 4413936.2, 3132350.7 ], [ 4413770.0, 3132223.9 ], [ 4413600.4, 3132075.8 ], [ 4413615.7, 3132029.6 ], [ 4413571.7, 3131984.4 ], [ 4413550.7, 3131979.3 ], [ 4413515.9, 3132004.7 ], [ 4413414.5, 3131954.5 ], [ 4413408.6, 3131943.5 ], [ 4413437.5, 3131900.7 ], [ 4413438.8, 3131885.9 ], [ 4413377.0, 3131835.1 ], [ 4413447.7, 3131750.6 ], [ 4413539.2, 3131680.0 ], [ 4413614.6, 3131699.8 ], [ 4413708.7, 3131711.0 ], [ 4413786.7, 3131753.2 ], [ 4413825.0, 3131760.5 ], [ 4413909.9, 3131793.6 ], [ 4414075.2, 3131916.9 ], [ 4414116.5, 3131939.1 ], [ 4414131.4, 3131938.9 ], [ 4414204.1, 3131838.4 ], [ 4414230.6, 3131851.3 ], [ 4414251.1, 3131839.5 ], [ 4414270.5, 3131655.4 ], [ 4414293.5, 3131644.0 ], [ 4414380.3, 3131421.7 ], [ 4414454.5, 3131512.0 ], [ 4414488.3, 3131575.1 ], [ 4414504.1, 3131581.7 ], [ 4414521.1, 3131577.2 ], [ 4414524.7, 3131587.5 ], [ 4414534.8, 3131651.8 ], [ 4414512.3, 3131708.8 ], [ 4414512.6, 3131834.0 ], [ 4414530.2, 3131869.7 ], [ 4414546.9, 3131877.6 ], [ 4414561.0, 3131872.7 ], [ 4414622.8, 3131920.8 ], [ 4414726.5, 3131969.2 ], [ 4414809.1, 3132023.9 ], [ 4414813.0, 3132047.9 ], [ 4414900.2, 3132132.1 ], [ 4414950.3, 3132200.7 ], [ 4414954.0, 3132225.8 ], [ 4415131.8, 3132425.0 ], [ 4415144.6, 3132430.4 ], [ 4415164.3, 3132425.5 ], [ 4415198.5, 3132438.3 ], [ 4415308.1, 3132491.4 ], [ 4415325.9, 3132486.0 ], [ 4415338.4, 3132465.5 ], [ 4415517.6, 3132563.5 ], [ 4415534.5, 3132558.2 ], [ 4415542.6, 3132544.2 ], [ 4415582.4, 3132547.5 ], [ 4415662.1, 3132514.2 ], [ 4415665.1, 3132486.8 ], [ 4415543.9, 3132345.3 ], [ 4415545.7, 3132324.4 ], [ 4415607.5, 3132196.9 ], [ 4415638.4, 3132191.7 ], [ 4415673.2, 3132147.6 ], [ 4415664.7, 3132089.5 ], [ 4415613.5, 3132011.1 ], [ 4415585.1, 3131990.0 ], [ 4415565.7, 3131963.4 ], [ 4415511.5, 3131922.4 ], [ 4415486.9, 3131923.9 ], [ 4415348.2, 3132138.6 ], [ 4415321.6, 3132092.0 ], [ 4415279.3, 3132069.6 ], [ 4415013.5, 3131884.2 ], [ 4415086.7, 3131719.3 ], [ 4415160.7, 3131477.1 ], [ 4415200.9, 3131474.5 ], [ 4415221.2, 3131434.1 ], [ 4415217.6, 3131416.3 ], [ 4415190.6, 3131391.9 ], [ 4415176.1, 3131244.8 ], [ 4415159.6, 3131198.0 ], [ 4415155.4, 3131109.9 ], [ 4415168.8, 3131097.2 ], [ 4415169.3, 3131082.3 ], [ 4415145.3, 3131038.9 ], [ 4415113.6, 3131031.3 ], [ 4414997.4, 3130913.0 ], [ 4414908.4, 3130809.2 ], [ 4414822.2, 3130635.2 ], [ 4414798.5, 3130600.9 ], [ 4414712.1, 3130512.2 ], [ 4414712.0, 3130484.2 ], [ 4414690.5, 3130473.9 ], [ 4414630.2, 3130421.2 ], [ 4414561.9, 3130381.4 ], [ 4414664.9, 3130343.0 ], [ 4414832.0, 3130346.9 ], [ 4414850.8, 3130332.2 ], [ 4414875.5, 3130338.6 ], [ 4414931.9, 3130414.7 ], [ 4414951.6, 3130421.0 ], [ 4415059.3, 3130396.8 ], [ 4415143.4, 3130359.4 ], [ 4415173.7, 3130342.1 ], [ 4415180.1, 3130321.7 ], [ 4415213.7, 3130301.4 ], [ 4415237.5, 3130338.8 ], [ 4415263.9, 3130340.4 ], [ 4415322.5, 3130444.7 ], [ 4415335.7, 3130454.9 ], [ 4415412.7, 3130441.4 ], [ 4415545.8, 3130404.0 ], [ 4415558.6, 3130384.2 ], [ 4415547.3, 3130348.5 ], [ 4415486.0, 3130315.3 ], [ 4415481.1, 3130302.4 ], [ 4415504.9, 3130244.0 ], [ 4415454.1, 3130057.5 ], [ 4415441.6, 3130037.4 ], [ 4415445.5, 3130016.1 ], [ 4415422.1, 3129980.8 ], [ 4415502.3, 3130003.9 ], [ 4415521.5, 3129999.1 ], [ 4415526.1, 3130016.9 ], [ 4415605.3, 3130089.2 ], [ 4415630.7, 3130145.8 ], [ 4415653.2, 3130155.6 ], [ 4415677.1, 3130193.7 ], [ 4415703.3, 3130185.5 ], [ 4415710.2, 3130138.5 ], [ 4415776.7, 3130119.5 ], [ 4415808.6, 3130134.7 ], [ 4415867.3, 3130142.1 ], [ 4415880.5, 3130129.3 ], [ 4415895.6, 3130054.2 ], [ 4415994.8, 3130071.7 ], [ 4416009.5, 3130058.1 ], [ 4416023.1, 3129991.2 ], [ 4416110.8, 3130012.9 ], [ 4416132.4, 3130000.1 ], [ 4416136.6, 3129975.8 ], [ 4416126.6, 3129961.9 ], [ 4415964.0, 3129911.1 ], [ 4416057.7, 3129782.6 ], [ 4416081.7, 3129809.6 ], [ 4416282.2, 3129895.3 ], [ 4416352.9, 3129970.1 ], [ 4416461.8, 3130002.6 ], [ 4416438.2, 3130037.3 ], [ 4416439.1, 3130057.8 ], [ 4416550.1, 3130142.7 ], [ 4416620.6, 3130227.3 ], [ 4416666.1, 3130285.3 ], [ 4416705.9, 3130354.8 ], [ 4416739.3, 3130436.2 ], [ 4416763.1, 3130470.8 ], [ 4416870.0, 3130575.9 ], [ 4416921.7, 3130613.9 ], [ 4416912.1, 3130629.7 ], [ 4416919.2, 3130649.1 ], [ 4416984.9, 3130664.6 ], [ 4417026.7, 3130636.5 ], [ 4417106.0, 3130621.0 ], [ 4417428.7, 3130459.2 ], [ 4417495.5, 3130444.4 ], [ 4417506.4, 3130435.0 ], [ 4417502.1, 3130371.4 ], [ 4417667.2, 3129946.1 ], [ 4417629.9, 3129870.0 ], [ 4417598.1, 3129771.1 ], [ 4417555.4, 3129712.7 ], [ 4417514.2, 3129689.2 ], [ 4417507.1, 3129669.6 ], [ 4417741.0, 3129626.6 ], [ 4417764.8, 3129587.8 ], [ 4417763.9, 3129564.0 ], [ 4417823.0, 3129535.8 ], [ 4417858.9, 3129562.4 ], [ 4417919.7, 3129627.1 ], [ 4417956.6, 3129631.4 ], [ 4418035.3, 3129694.2 ], [ 4418090.2, 3129766.4 ], [ 4418102.7, 3129772.7 ], [ 4418124.3, 3129763.0 ], [ 4418194.3, 3129606.3 ], [ 4418382.8, 3129675.1 ], [ 4418397.0, 3129673.1 ], [ 4418408.1, 3129659.4 ], [ 4418408.0, 3129635.1 ], [ 4418397.2, 3129619.1 ], [ 4418417.0, 3129604.4 ], [ 4418410.8, 3129580.5 ], [ 4418385.2, 3129565.2 ], [ 4418307.6, 3129577.3 ], [ 4418217.2, 3129469.7 ], [ 4418212.5, 3129392.6 ], [ 4418177.2, 3129243.6 ], [ 4418161.6, 3129207.9 ], [ 4418167.1, 3129191.4 ], [ 4418160.2, 3129171.9 ], [ 4418174.5, 3129163.9 ], [ 4418202.4, 3129188.0 ], [ 4418226.6, 3129186.8 ], [ 4418240.7, 3129175.9 ], [ 4418228.1, 3129069.1 ], [ 4418294.6, 3129092.1 ], [ 4418322.3, 3129083.3 ], [ 4418325.1, 3129058.7 ], [ 4418302.6, 3129043.9 ], [ 4418116.4, 3128991.4 ], [ 4418069.6, 3128983.5 ], [ 4418052.7, 3128989.4 ], [ 4418044.3, 3129004.9 ], [ 4418045.7, 3129029.1 ], [ 4418000.7, 3129146.3 ], [ 4418008.0, 3129166.6 ], [ 4418042.1, 3129204.7 ], [ 4417984.3, 3129303.6 ], [ 4417839.6, 3129232.1 ], [ 4417819.7, 3129235.6 ], [ 4417779.0, 3129273.5 ], [ 4417716.9, 3129243.0 ], [ 4417665.8, 3129144.3 ], [ 4417631.1, 3129106.7 ], [ 4417688.2, 3129057.2 ], [ 4417690.3, 3129039.3 ], [ 4417678.3, 3129025.9 ], [ 4417542.2, 3129005.5 ], [ 4417287.9, 3128937.1 ], [ 4417059.5, 3128921.3 ], [ 4416863.1, 3128856.2 ], [ 4416842.9, 3128867.9 ], [ 4416626.7, 3128868.6 ], [ 4416444.7, 3128888.6 ], [ 4416350.9, 3128907.2 ], [ 4416214.2, 3128922.0 ], [ 4416172.7, 3128919.1 ], [ 4416214.8, 3128792.8 ], [ 4416206.5, 3128771.1 ], [ 4416253.5, 3128629.6 ], [ 4416353.8, 3128666.9 ], [ 4416373.3, 3128661.1 ], [ 4416454.6, 3128424.6 ], [ 4416607.4, 3128488.7 ], [ 4416624.5, 3128488.6 ], [ 4416636.4, 3128476.2 ], [ 4416705.4, 3128301.4 ], [ 4416727.4, 3128281.6 ], [ 4416764.4, 3128266.0 ], [ 4416797.5, 3128280.2 ], [ 4416980.8, 3128395.1 ], [ 4417033.7, 3128417.2 ], [ 4417164.7, 3128529.5 ], [ 4417053.2, 3128612.2 ], [ 4417009.5, 3128617.4 ], [ 4416997.5, 3128626.1 ], [ 4416997.5, 3128651.0 ], [ 4417019.4, 3128668.5 ], [ 4417053.3, 3128719.7 ], [ 4417087.9, 3128748.0 ], [ 4417180.4, 3128786.4 ], [ 4417232.6, 3128821.1 ], [ 4417286.1, 3128839.6 ], [ 4417307.1, 3128835.8 ], [ 4417314.2, 3128812.4 ], [ 4417376.9, 3128829.5 ], [ 4417393.1, 3128816.0 ], [ 4417401.7, 3128772.7 ], [ 4417453.7, 3128738.2 ], [ 4417467.0, 3128749.2 ], [ 4417518.8, 3128753.0 ], [ 4417529.6, 3128743.8 ], [ 4417534.1, 3128721.8 ], [ 4417514.3, 3128702.8 ], [ 4417468.4, 3128706.6 ], [ 4417453.6, 3128718.2 ], [ 4417426.0, 3128681.2 ], [ 4417412.6, 3128675.0 ], [ 4417390.9, 3128686.9 ], [ 4417388.5, 3128727.1 ], [ 4417340.1, 3128739.6 ], [ 4417298.0, 3128736.0 ], [ 4417240.9, 3128716.2 ], [ 4417248.0, 3128666.9 ], [ 4417308.5, 3128665.0 ], [ 4417374.4, 3128598.1 ], [ 4417373.2, 3128584.6 ], [ 4417342.8, 3128535.0 ], [ 4417369.2, 3128512.1 ], [ 4417372.1, 3128495.0 ], [ 4417322.8, 3128424.7 ], [ 4417339.5, 3128399.8 ], [ 4417317.7, 3128348.3 ], [ 4417367.1, 3128298.1 ], [ 4417371.2, 3128284.8 ], [ 4417345.4, 3128245.4 ], [ 4417225.9, 3128113.8 ], [ 4417225.2, 3128102.1 ], [ 4417279.1, 3128138.6 ], [ 4417371.1, 3128224.5 ], [ 4417404.3, 3128278.9 ], [ 4417474.6, 3128333.7 ], [ 4417543.9, 3128408.6 ], [ 4417558.9, 3128409.1 ], [ 4417570.8, 3128400.0 ], [ 4417618.4, 3128283.4 ], [ 4417689.3, 3128322.6 ], [ 4417677.4, 3128358.3 ], [ 4417687.6, 3128377.2 ], [ 4417709.0, 3128378.4 ], [ 4417730.8, 3128358.1 ], [ 4417754.0, 3128376.3 ], [ 4417823.2, 3128399.8 ], [ 4417848.7, 3128384.2 ], [ 4417855.3, 3128324.2 ], [ 4417881.6, 3128284.7 ], [ 4417903.8, 3128269.1 ], [ 4417914.9, 3128112.2 ], [ 4417941.4, 3128048.4 ], [ 4417946.8, 3128001.9 ], [ 4417983.0, 3127985.2 ], [ 4418013.2, 3127982.4 ], [ 4418066.0, 3127997.1 ], [ 4418054.2, 3128088.6 ], [ 4418062.9, 3128103.9 ], [ 4418084.4, 3128109.7 ], [ 4418081.0, 3128262.7 ], [ 4418114.9, 3128331.3 ], [ 4418138.0, 3128339.3 ], [ 4418165.2, 3128322.5 ], [ 4418307.9, 3128361.8 ], [ 4418304.8, 3128391.1 ], [ 4418358.1, 3128483.6 ], [ 4418319.5, 3128516.4 ], [ 4418290.0, 3128560.0 ], [ 4418290.4, 3128578.2 ], [ 4418391.1, 3128681.1 ], [ 4418467.4, 3128746.3 ], [ 4418487.6, 3128795.6 ], [ 4418542.0, 3128875.1 ], [ 4418552.8, 3128968.6 ], [ 4418571.8, 3129017.5 ], [ 4418592.4, 3129022.6 ], [ 4418612.9, 3129015.9 ], [ 4418621.5, 3129004.7 ], [ 4418621.6, 3128990.6 ], [ 4418595.8, 3128941.2 ], [ 4418597.1, 3128885.9 ], [ 4418608.0, 3128875.2 ], [ 4418641.1, 3128874.7 ], [ 4418772.5, 3128970.9 ], [ 4418786.7, 3128968.5 ], [ 4418830.2, 3128935.0 ], [ 4418924.7, 3128904.4 ], [ 4418926.7, 3128882.6 ], [ 4418867.8, 3128776.6 ], [ 4418850.6, 3128766.2 ], [ 4418764.5, 3128754.3 ], [ 4418700.9, 3128727.2 ], [ 4418676.2, 3128730.9 ], [ 4418655.0, 3128707.0 ], [ 4418626.1, 3128694.0 ], [ 4418585.8, 3128649.0 ], [ 4418589.8, 3128636.7 ], [ 4418665.1, 3128607.6 ], [ 4418673.7, 3128588.7 ], [ 4418624.0, 3128322.6 ], [ 4418520.9, 3128063.5 ], [ 4418484.9, 3127927.3 ], [ 4418493.4, 3127894.6 ], [ 4418567.1, 3127842.7 ], [ 4418590.0, 3127806.3 ], [ 4418544.5, 3127660.5 ], [ 4418528.6, 3127558.1 ], [ 4418528.9, 3127483.7 ], [ 4418545.6, 3127356.5 ], [ 4418557.3, 3127351.6 ], [ 4418703.2, 3127408.0 ], [ 4418791.2, 3127429.6 ], [ 4418808.1, 3127423.6 ], [ 4418814.9, 3127407.0 ], [ 4418811.9, 3127350.3 ], [ 4418827.9, 3127314.6 ], [ 4418856.6, 3127287.6 ], [ 4418927.8, 3127244.5 ], [ 4418959.0, 3127198.8 ], [ 4418977.7, 3126904.4 ], [ 4418976.1, 3126869.7 ], [ 4418861.3, 3126404.4 ], [ 4418728.9, 3126001.9 ], [ 4418719.8, 3125886.4 ], [ 4418704.8, 3125818.9 ], [ 4418636.6, 3125602.6 ], [ 4418569.2, 3125438.6 ], [ 4418563.7, 3125360.3 ], [ 4418542.5, 3125347.6 ], [ 4418475.0, 3125362.9 ], [ 4418448.8, 3125344.6 ], [ 4418439.6, 3125320.5 ], [ 4418425.8, 3125310.0 ], [ 4418341.8, 3125324.5 ], [ 4418297.2, 3125320.1 ], [ 4418230.9, 3125297.1 ], [ 4418212.2, 3125206.6 ], [ 4418203.2, 3125195.7 ], [ 4418180.0, 3125189.2 ], [ 4418156.2, 3125097.1 ], [ 4418125.5, 3125038.7 ], [ 4418113.9, 3125030.0 ], [ 4417455.4, 3125056.6 ], [ 4417441.4, 3125043.8 ], [ 4417418.3, 3125042.4 ], [ 4417399.2, 3125019.4 ], [ 4417357.9, 3125008.4 ], [ 4416978.4, 3125027.7 ], [ 4416861.3, 3125040.6 ], [ 4416737.0, 3124916.1 ], [ 4416629.3, 3124909.1 ], [ 4416617.2, 3124867.4 ], [ 4416960.8, 3124837.7 ], [ 4416977.4, 3124819.8 ], [ 4416972.7, 3124760.4 ], [ 4416982.7, 3124742.3 ], [ 4417064.1, 3124724.7 ], [ 4417098.5, 3124725.7 ], [ 4417114.4, 3124707.1 ], [ 4417109.0, 3124689.9 ], [ 4417014.6, 3124583.5 ], [ 4417050.5, 3124538.6 ], [ 4417021.7, 3124431.5 ], [ 4416965.9, 3124388.3 ], [ 4416811.6, 3124394.6 ], [ 4416730.0, 3124306.8 ], [ 4416720.7, 3124284.8 ], [ 4416707.1, 3124281.0 ], [ 4416657.4, 3124291.3 ], [ 4416727.1, 3124149.6 ], [ 4416869.8, 3124114.5 ], [ 4416917.8, 3124112.1 ], [ 4416932.7, 3124141.8 ], [ 4416977.6, 3124172.0 ], [ 4417027.1, 3124181.6 ], [ 4417040.9, 3124176.6 ], [ 4417049.0, 3124160.3 ], [ 4417091.9, 3124158.1 ], [ 4417145.9, 3124139.6 ], [ 4417147.1, 3124165.6 ], [ 4417155.3, 3124176.6 ], [ 4417185.1, 3124196.5 ], [ 4417229.7, 3124198.7 ], [ 4417253.0, 3124232.2 ], [ 4417274.4, 3124236.6 ], [ 4417290.3, 3124225.6 ], [ 4417291.4, 3124202.6 ], [ 4417241.7, 3124080.6 ], [ 4417306.9, 3124067.4 ], [ 4417460.1, 3124066.3 ], [ 4417678.0, 3124037.3 ], [ 4417710.9, 3124024.3 ], [ 4417729.0, 3124006.6 ], [ 4417947.8, 3123934.1 ], [ 4418224.6, 3123830.1 ], [ 4418263.1, 3123810.3 ], [ 4418303.0, 3123755.2 ], [ 4418346.8, 3123716.6 ], [ 4418353.0, 3123666.1 ], [ 4418313.0, 3123493.6 ], [ 4418293.0, 3123437.8 ], [ 4418276.6, 3123429.4 ], [ 4418093.4, 3123420.9 ], [ 4418076.1, 3123354.1 ], [ 4418090.7, 3123340.4 ], [ 4418107.3, 3123281.8 ], [ 4418345.4, 3123292.7 ], [ 4418380.2, 3123228.1 ], [ 4418381.0, 3123202.0 ], [ 4418191.3, 3123112.5 ], [ 4418189.2, 3123094.8 ], [ 4418172.7, 3123074.4 ], [ 4418064.7, 3123002.9 ], [ 4417979.0, 3122909.4 ], [ 4418108.6, 3122757.4 ], [ 4418130.6, 3122742.0 ], [ 4418178.9, 3122529.0 ], [ 4418213.6, 3122448.2 ], [ 4418209.1, 3122391.4 ], [ 4418225.9, 3122296.2 ], [ 4418099.6, 3122149.7 ], [ 4418013.3, 3122029.2 ], [ 4417990.1, 3121952.6 ], [ 4417985.0, 3121849.3 ], [ 4417822.9, 3121715.4 ], [ 4417894.0, 3121677.3 ], [ 4417928.2, 3121689.5 ], [ 4418033.9, 3121676.1 ], [ 4418039.9, 3121662.7 ], [ 4418036.4, 3121620.9 ], [ 4418018.8, 3121551.9 ], [ 4418120.8, 3121503.0 ], [ 4418122.5, 3121478.9 ], [ 4418096.5, 3121459.2 ], [ 4418073.2, 3121457.8 ], [ 4417905.9, 3121553.2 ], [ 4417880.5, 3121554.8 ], [ 4417847.1, 3121571.7 ], [ 4417835.9, 3121559.1 ], [ 4417821.9, 3121557.2 ], [ 4417745.7, 3121585.8 ], [ 4417671.5, 3121666.1 ], [ 4417614.6, 3121675.2 ], [ 4417576.8, 3121614.1 ], [ 4417549.7, 3121611.0 ], [ 4417523.1, 3121628.3 ], [ 4417503.3, 3121653.8 ], [ 4417501.8, 3121671.2 ], [ 4417515.1, 3121690.9 ], [ 4417506.0, 3121701.2 ], [ 4417490.7, 3121692.0 ], [ 4417472.8, 3121694.6 ], [ 4417429.6, 3121748.0 ], [ 4417413.8, 3121747.8 ], [ 4417400.3, 3121758.9 ], [ 4417398.0, 3121818.0 ], [ 4417412.1, 3121861.9 ], [ 4417347.4, 3121915.1 ], [ 4417326.3, 3121909.5 ], [ 4417310.3, 3121918.5 ], [ 4417306.7, 3121936.6 ], [ 4417321.3, 3121983.1 ], [ 4417301.8, 3121986.7 ], [ 4417251.9, 3121968.3 ], [ 4417236.1, 3121983.4 ], [ 4417240.1, 3122024.8 ], [ 4417051.4, 3122073.8 ], [ 4416926.6, 3122075.7 ], [ 4416863.2, 3122137.9 ], [ 4416841.8, 3122142.2 ], [ 4416811.5, 3122245.3 ], [ 4416814.9, 3122262.8 ], [ 4416871.1, 3122290.8 ], [ 4416998.5, 3122310.7 ], [ 4417023.7, 3122321.0 ], [ 4417037.8, 3122341.8 ], [ 4417007.4, 3122410.2 ], [ 4416999.5, 3122413.4 ], [ 4416926.5, 3122369.5 ], [ 4416910.3, 3122378.3 ], [ 4416880.0, 3122377.8 ], [ 4416843.3, 3122421.9 ], [ 4416811.2, 3122410.1 ], [ 4416805.9, 3122393.7 ], [ 4416786.7, 3122386.3 ], [ 4416685.5, 3122420.6 ], [ 4416569.4, 3122448.4 ], [ 4416558.5, 3122435.0 ], [ 4416543.9, 3122381.4 ], [ 4416522.6, 3122371.4 ], [ 4416219.0, 3122446.1 ], [ 4416042.5, 3122474.5 ], [ 4415927.2, 3122519.3 ], [ 4415916.6, 3122532.1 ], [ 4415891.2, 3122678.7 ], [ 4415872.1, 3122744.8 ], [ 4415839.9, 3122765.3 ], [ 4415838.9, 3122805.9 ], [ 4415817.4, 3122829.3 ], [ 4415638.6, 3122861.2 ], [ 4415613.5, 3122854.8 ], [ 4415546.1, 3122869.5 ], [ 4415514.1, 3122867.9 ], [ 4415459.2, 3122897.7 ], [ 4415307.2, 3122925.1 ], [ 4415242.3, 3122956.5 ], [ 4415239.3, 3122934.5 ], [ 4415217.5, 3122899.3 ], [ 4415195.1, 3122890.6 ], [ 4415170.3, 3122912.5 ], [ 4415060.0, 3122956.4 ], [ 4415007.0, 3122987.7 ], [ 4414980.7, 3122981.7 ], [ 4414913.1, 3123020.6 ], [ 4414862.0, 3123070.0 ], [ 4414850.4, 3123097.0 ], [ 4414769.2, 3123207.2 ], [ 4414702.3, 3123356.0 ], [ 4414673.0, 3123376.2 ], [ 4414568.6, 3123399.9 ], [ 4414562.6, 3123413.5 ], [ 4414567.1, 3123502.1 ], [ 4414481.2, 3123512.8 ], [ 4414353.0, 3123551.7 ], [ 4414266.6, 3123611.4 ], [ 4414178.8, 3123568.0 ], [ 4414076.2, 3123489.7 ], [ 4414051.6, 3123491.0 ], [ 4414043.0, 3123506.9 ], [ 4414049.7, 3123528.3 ], [ 4414044.4, 3123545.1 ], [ 4414085.7, 3123711.7 ], [ 4414038.8, 3123755.0 ], [ 4414010.5, 3123691.7 ], [ 4413991.9, 3123681.8 ], [ 4413866.7, 3123745.1 ], [ 4413801.5, 3123735.4 ], [ 4413694.0, 3123766.8 ], [ 4413681.5, 3123779.6 ], [ 4413684.5, 3123800.5 ], [ 4413771.1, 3123860.3 ], [ 4413681.6, 3123890.6 ], [ 4413597.6, 3123839.3 ], [ 4413547.9, 3123854.1 ], [ 4413403.4, 3123786.6 ], [ 4413368.3, 3123793.2 ], [ 4413074.2, 3123970.1 ], [ 4413069.5, 3123983.6 ], [ 4413076.4, 3123999.8 ], [ 4413179.6, 3124069.3 ], [ 4413081.3, 3124131.7 ], [ 4413037.3, 3124100.9 ], [ 4413023.2, 3124099.1 ], [ 4412940.2, 3124149.2 ], [ 4412936.1, 3124170.0 ], [ 4412959.1, 3124195.3 ], [ 4412928.4, 3124214.5 ], [ 4412923.5, 3124234.1 ], [ 4412972.9, 3124294.5 ], [ 4412806.9, 3124397.1 ], [ 4412771.0, 3124336.7 ], [ 4412758.2, 3124329.3 ], [ 4412662.5, 3124376.6 ], [ 4412651.5, 3124398.7 ], [ 4412670.1, 3124427.8 ], [ 4412617.5, 3124458.7 ], [ 4412612.7, 3124479.0 ], [ 4412628.4, 3124499.5 ], [ 4412588.7, 3124532.6 ], [ 4412544.5, 3124558.9 ], [ 4412527.3, 3124543.0 ], [ 4412507.3, 3124542.8 ], [ 4412336.1, 3124640.7 ], [ 4412312.7, 3124621.7 ], [ 4412294.2, 3124622.8 ], [ 4412282.6, 3124641.2 ], [ 4412290.5, 3124660.0 ], [ 4412134.1, 3124753.0 ], [ 4412126.3, 3124768.9 ], [ 4412132.2, 3124787.1 ], [ 4411983.1, 3124850.0 ], [ 4411977.9, 3124874.0 ], [ 4412009.5, 3124893.4 ], [ 4412073.1, 3125051.4 ], [ 4412108.1, 3125062.2 ], [ 4412151.2, 3125045.3 ], [ 4412187.0, 3125093.1 ], [ 4412203.7, 3125099.2 ], [ 4412306.8, 3125028.2 ], [ 4412373.5, 3125008.9 ], [ 4412434.5, 3125007.9 ], [ 4412520.2, 3124989.6 ], [ 4412612.8, 3124945.6 ], [ 4412637.9, 3124955.1 ], [ 4412768.4, 3124894.1 ], [ 4412807.4, 3124884.4 ], [ 4412817.9, 3124862.7 ], [ 4412793.9, 3124783.4 ], [ 4412909.6, 3124732.9 ], [ 4412935.8, 3124698.9 ], [ 4412942.9, 3124669.0 ], [ 4412973.5, 3124653.8 ], [ 4413008.9, 3124694.6 ], [ 4413059.5, 3124675.1 ], [ 4413097.8, 3124761.5 ], [ 4413063.1, 3124792.1 ], [ 4413058.1, 3124805.7 ], [ 4413091.0, 3124911.4 ], [ 4412987.6, 3124948.5 ], [ 4412973.6, 3124964.0 ], [ 4413037.1, 3125131.0 ], [ 4412909.1, 3125170.2 ], [ 4412889.4, 3125323.2 ], [ 4412792.2, 3125319.9 ], [ 4412765.3, 3125265.3 ], [ 4412721.8, 3125205.1 ], [ 4412677.9, 3125204.7 ], [ 4412648.5, 3125223.5 ], [ 4412650.1, 3125242.0 ], [ 4412677.7, 3125267.4 ], [ 4412702.0, 3125362.3 ], [ 4412689.8, 3125389.8 ], [ 4412663.1, 3125398.1 ], [ 4412653.7, 3125414.1 ], [ 4412689.8, 3125502.0 ], [ 4412702.3, 3125591.4 ], [ 4412686.2, 3125724.8 ], [ 4412663.8, 3125730.6 ], [ 4412656.7, 3125751.0 ], [ 4412690.8, 3125786.7 ], [ 4412721.1, 3125794.4 ], [ 4412688.8, 3125896.3 ], [ 4412673.5, 3125895.2 ], [ 4412676.1, 3125864.2 ], [ 4412647.4, 3125842.6 ], [ 4412648.8, 3125820.5 ], [ 4412632.6, 3125807.2 ], [ 4412607.4, 3125814.7 ], [ 4412598.1, 3125825.3 ], [ 4412604.4, 3125890.9 ], [ 4412562.8, 3125916.7 ], [ 4412532.8, 3125905.4 ], [ 4412356.8, 3125791.7 ], [ 4412286.4, 3125797.6 ], [ 4412271.5, 3125813.6 ], [ 4412277.8, 3125834.6 ], [ 4412460.8, 3125956.7 ], [ 4412266.1, 3125999.3 ], [ 4412090.4, 3125877.2 ], [ 4412105.0, 3125859.9 ], [ 4412097.3, 3125837.2 ], [ 4412055.7, 3125836.6 ], [ 4412033.9, 3125853.7 ], [ 4412033.3, 3125886.7 ], [ 4411893.0, 3126007.6 ], [ 4411857.8, 3126050.0 ], [ 4411831.5, 3126065.4 ], [ 4411813.0, 3126035.8 ], [ 4411792.2, 3126031.7 ], [ 4411688.3, 3126098.2 ], [ 4411684.6, 3126114.8 ], [ 4411698.5, 3126189.8 ], [ 4411724.3, 3126275.6 ], [ 4411740.1, 3126291.3 ], [ 4411838.0, 3126334.1 ], [ 4411983.4, 3126370.7 ], [ 4412004.5, 3126359.6 ], [ 4412007.6, 3126333.2 ], [ 4412019.0, 3126315.1 ], [ 4412173.9, 3126412.6 ], [ 4412179.7, 3126422.6 ], [ 4412174.0, 3126479.2 ], [ 4412052.6, 3126511.0 ], [ 4411978.0, 3126559.4 ], [ 4411965.5, 3126528.3 ], [ 4411970.4, 3126508.4 ], [ 4411963.7, 3126492.5 ], [ 4411922.3, 3126479.3 ], [ 4411904.9, 3126482.7 ], [ 4411895.5, 3126501.4 ], [ 4411911.3, 3126587.3 ], [ 4411833.1, 3126582.1 ], [ 4411817.8, 3126590.4 ], [ 4411811.3, 3126698.4 ], [ 4411756.5, 3126710.3 ], [ 4411518.4, 3126699.8 ], [ 4411477.2, 3126704.6 ], [ 4411503.8, 3126612.5 ], [ 4411491.9, 3126596.4 ], [ 4411454.6, 3126585.8 ], [ 4411434.7, 3126600.9 ], [ 4411422.4, 3126686.1 ], [ 4411346.1, 3126680.5 ], [ 4411363.0, 3126357.8 ], [ 4411407.2, 3126272.4 ], [ 4411408.5, 3126234.2 ], [ 4411435.9, 3126149.6 ], [ 4411446.6, 3126131.9 ], [ 4411504.3, 3126084.4 ], [ 4411527.9, 3126008.3 ], [ 4411588.8, 3125906.5 ], [ 4411642.5, 3125777.6 ], [ 4411705.2, 3125743.4 ], [ 4411715.8, 3125697.5 ], [ 4411707.9, 3125678.2 ], [ 4411629.1, 3125628.2 ], [ 4411604.6, 3125594.4 ], [ 4411557.3, 3125602.3 ], [ 4411545.8, 3125646.6 ], [ 4411529.3, 3125648.9 ], [ 4411527.7, 3125623.2 ], [ 4411511.6, 3125609.2 ], [ 4411470.5, 3125473.7 ], [ 4411464.9, 3125404.9 ], [ 4411475.1, 3125384.6 ], [ 4411470.7, 3125338.5 ], [ 4411513.1, 3125333.1 ], [ 4411525.4, 3125308.8 ], [ 4411517.7, 3125296.0 ], [ 4411447.8, 3125247.1 ], [ 4411422.9, 3125188.3 ], [ 4411434.9, 3125142.4 ], [ 4411533.2, 3125094.6 ], [ 4411542.2, 3125072.2 ], [ 4411562.6, 3125052.5 ], [ 4411553.8, 3125027.3 ], [ 4411498.8, 3125004.0 ], [ 4411485.4, 3125008.7 ], [ 4411471.0, 3125028.9 ], [ 4411422.0, 3125038.3 ], [ 4411137.6, 3125059.1 ], [ 4411091.5, 3125073.9 ], [ 4410946.7, 3125142.1 ], [ 4410874.7, 3125202.9 ], [ 4410766.9, 3125268.9 ], [ 4410739.8, 3125257.1 ], [ 4410721.7, 3125260.4 ], [ 4410713.1, 3125272.6 ], [ 4410714.0, 3125301.0 ], [ 4410586.6, 3125377.5 ], [ 4410489.0, 3125208.6 ], [ 4410388.2, 3125193.1 ], [ 4410371.6, 3125198.1 ], [ 4410238.8, 3125305.2 ], [ 4410236.0, 3125347.3 ], [ 4410218.6, 3125350.2 ], [ 4410168.5, 3125338.2 ], [ 4410120.9, 3125346.0 ], [ 4409993.1, 3125385.1 ], [ 4409954.8, 3125417.2 ], [ 4409919.1, 3125364.9 ], [ 4409856.4, 3125303.3 ], [ 4409744.9, 3125321.2 ], [ 4409689.8, 3125318.9 ], [ 4409629.7, 3125340.6 ], [ 4409558.0, 3125388.3 ], [ 4409548.6, 3125403.3 ], [ 4409553.3, 3125420.4 ], [ 4409603.6, 3125482.3 ], [ 4409493.5, 3125491.5 ], [ 4409469.4, 3125528.3 ], [ 4409476.2, 3125544.3 ], [ 4409492.9, 3125550.4 ], [ 4409498.2, 3125585.4 ], [ 4409488.3, 3125619.4 ], [ 4409428.6, 3125607.9 ], [ 4409393.7, 3125636.7 ], [ 4409394.7, 3125658.2 ], [ 4409464.7, 3125737.5 ], [ 4409407.4, 3125794.6 ], [ 4409311.1, 3125702.4 ], [ 4409310.4, 3125676.5 ], [ 4409275.4, 3125650.5 ], [ 4409257.6, 3125652.5 ], [ 4409247.3, 3125667.0 ], [ 4409255.6, 3125693.6 ], [ 4409271.4, 3125702.8 ], [ 4409251.3, 3125735.4 ], [ 4409214.6, 3125740.5 ], [ 4409169.4, 3125703.0 ], [ 4409146.1, 3125703.3 ], [ 4409108.4, 3125643.1 ], [ 4409127.5, 3125622.6 ], [ 4409126.2, 3125601.7 ], [ 4409173.2, 3125589.9 ], [ 4409233.0, 3125624.1 ], [ 4409254.6, 3125606.7 ], [ 4409250.6, 3125585.1 ], [ 4409230.6, 3125574.8 ], [ 4409226.3, 3125553.4 ], [ 4409194.2, 3125517.4 ], [ 4409051.1, 3125477.5 ], [ 4409039.7, 3125461.3 ], [ 4408980.9, 3125446.3 ], [ 4408983.9, 3125410.5 ], [ 4408969.4, 3125394.2 ], [ 4408874.4, 3125395.4 ], [ 4408862.1, 3125407.8 ], [ 4408857.1, 3125432.3 ], [ 4408868.3, 3125454.7 ], [ 4408960.1, 3125484.2 ], [ 4408963.1, 3125503.7 ], [ 4408974.9, 3125515.3 ], [ 4409027.1, 3125527.9 ], [ 4409046.3, 3125525.1 ], [ 4409119.3, 3125549.7 ], [ 4409114.4, 3125592.4 ], [ 4408949.5, 3125556.0 ], [ 4408927.8, 3125544.2 ], [ 4408900.2, 3125553.2 ], [ 4408892.2, 3125580.9 ], [ 4408907.2, 3125598.8 ], [ 4409004.1, 3125610.4 ], [ 4409063.3, 3125633.5 ], [ 4409075.0, 3125650.0 ], [ 4409067.4, 3125703.6 ], [ 4409080.4, 3125716.0 ], [ 4409099.2, 3125714.6 ], [ 4409107.2, 3125725.2 ], [ 4409112.8, 3125769.9 ], [ 4409104.2, 3125787.2 ], [ 4409106.8, 3125812.0 ], [ 4409127.3, 3125828.9 ], [ 4409167.5, 3125820.8 ], [ 4409174.7, 3125879.4 ], [ 4409017.8, 3125828.2 ], [ 4408882.3, 3125806.4 ], [ 4408852.4, 3125813.9 ], [ 4408798.1, 3125790.7 ], [ 4408777.5, 3125796.3 ], [ 4408770.8, 3125813.0 ], [ 4408780.3, 3125840.8 ], [ 4408806.0, 3125857.1 ], [ 4408788.9, 3125893.8 ], [ 4408811.5, 3125940.4 ], [ 4408881.7, 3125984.4 ], [ 4408966.3, 3126058.4 ], [ 4409009.3, 3126074.6 ], [ 4409030.0, 3126067.9 ], [ 4409037.4, 3126076.0 ], [ 4409069.3, 3126233.6 ], [ 4409110.9, 3126276.5 ], [ 4409123.0, 3126310.9 ], [ 4409114.6, 3126412.8 ], [ 4409050.3, 3126389.7 ], [ 4409032.6, 3126394.1 ], [ 4408993.0, 3126484.3 ], [ 4408961.3, 3126473.9 ], [ 4408942.4, 3126484.0 ], [ 4408909.3, 3126615.8 ], [ 4408819.1, 3126644.5 ], [ 4408727.0, 3126624.8 ], [ 4408611.6, 3126570.5 ], [ 4408472.7, 3126531.2 ], [ 4408428.7, 3126495.7 ], [ 4408407.6, 3126495.3 ], [ 4408350.6, 3126539.1 ], [ 4408338.6, 3126558.3 ], [ 4408336.6, 3126588.3 ], [ 4408355.6, 3126626.5 ], [ 4408405.3, 3126650.5 ], [ 4408435.3, 3126675.0 ], [ 4408435.2, 3126728.1 ], [ 4408393.8, 3126852.8 ], [ 4408358.3, 3126842.9 ], [ 4408305.7, 3126846.0 ], [ 4408176.5, 3126775.1 ], [ 4408086.6, 3126742.5 ], [ 4407961.7, 3126678.2 ], [ 4407921.8, 3126666.8 ], [ 4407903.1, 3126677.6 ], [ 4407906.0, 3126705.0 ], [ 4407993.8, 3126828.8 ], [ 4408073.0, 3126917.7 ], [ 4408116.2, 3126930.5 ], [ 4408349.6, 3127049.1 ], [ 4408479.0, 3127149.3 ], [ 4408485.7, 3127171.0 ], [ 4408476.3, 3127241.6 ], [ 4408485.0, 3127290.0 ], [ 4408511.2, 3127359.7 ], [ 4408566.1, 3127419.2 ], [ 4408616.3, 3127448.3 ], [ 4408639.7, 3127445.4 ], [ 4408539.5, 3127540.7 ], [ 4408544.5, 3127558.4 ], [ 4408616.5, 3127642.2 ], [ 4408612.8, 3127651.3 ], [ 4408226.5, 3127933.4 ], [ 4408205.4, 3127934.8 ], [ 4408138.0, 3127882.3 ], [ 4408097.5, 3127897.2 ], [ 4408091.0, 3127909.8 ], [ 4408095.6, 3127926.7 ], [ 4408152.0, 3127965.7 ], [ 4408133.3, 3127985.5 ], [ 4408134.4, 3128003.3 ], [ 4408159.3, 3128014.5 ], [ 4408174.3, 3128033.4 ], [ 4408128.9, 3128078.4 ], [ 4408087.1, 3128090.1 ], [ 4408065.3, 3128120.7 ], [ 4407963.1, 3128220.6 ], [ 4407683.4, 3128432.8 ], [ 4407631.9, 3128460.1 ], [ 4407560.2, 3128537.6 ], [ 4407485.9, 3128597.3 ], [ 4407459.5, 3128628.6 ], [ 4407379.4, 3128689.0 ], [ 4407238.9, 3128821.9 ], [ 4407137.6, 3128892.6 ], [ 4407029.7, 3128981.6 ], [ 4407028.2, 3129029.6 ], [ 4407046.7, 3129053.8 ], [ 4407078.2, 3129058.9 ], [ 4407134.0, 3129019.0 ], [ 4407165.3, 3129066.7 ], [ 4407194.2, 3129075.0 ], [ 4407102.6, 3129140.3 ], [ 4407066.5, 3129185.5 ], [ 4407000.0, 3129240.0 ], [ 4406925.4, 3129288.1 ], [ 4406920.3, 3129309.3 ], [ 4406932.4, 3129323.2 ], [ 4406962.2, 3129322.2 ], [ 4406976.9, 3129308.4 ], [ 4407061.0, 3129270.3 ], [ 4407247.5, 3129145.7 ], [ 4407428.6, 3128983.5 ], [ 4407573.1, 3128876.3 ], [ 4407583.3, 3128843.6 ], [ 4407706.6, 3128740.6 ], [ 4407803.2, 3128620.7 ], [ 4407905.6, 3128546.0 ], [ 4407946.2, 3128493.6 ], [ 4408078.6, 3128407.2 ], [ 4408146.3, 3128347.6 ], [ 4408247.0, 3128287.8 ], [ 4408496.6, 3128060.6 ], [ 4408522.5, 3128054.4 ], [ 4408584.6, 3128062.2 ], [ 4408624.8, 3128102.2 ], [ 4408582.6, 3128165.5 ], [ 4408569.3, 3128218.9 ], [ 4408531.6, 3128266.3 ], [ 4408470.7, 3128314.8 ], [ 4408406.8, 3128396.9 ], [ 4408384.9, 3128481.1 ], [ 4408401.0, 3128515.3 ], [ 4408467.4, 3128575.5 ], [ 4408479.7, 3128597.3 ], [ 4408581.5, 3128874.1 ], [ 4408601.6, 3128900.8 ], [ 4408764.6, 3129052.3 ], [ 4408790.4, 3129055.4 ], [ 4408888.5, 3128979.8 ], [ 4409121.3, 3128771.3 ], [ 4409316.0, 3128582.8 ], [ 4409502.9, 3128192.2 ], [ 4410310.9, 3127708.6 ], [ 4410321.0, 3127694.5 ], [ 4410321.3, 3127660.6 ], [ 4410352.2, 3127629.0 ], [ 4410433.7, 3127573.1 ], [ 4410446.6, 3127596.7 ], [ 4410475.3, 3127596.5 ], [ 4410568.6, 3127512.9 ], [ 4410617.9, 3127489.7 ], [ 4410625.7, 3127467.1 ], [ 4410604.8, 3127428.9 ], [ 4410645.3, 3127455.6 ], [ 4410701.2, 3127464.0 ], [ 4410730.2, 3127493.9 ], [ 4410748.5, 3127496.1 ], [ 4410774.1, 3127465.6 ], [ 4410783.2, 3127440.0 ], [ 4410777.0, 3127412.4 ], [ 4410750.2, 3127390.5 ], [ 4410756.1, 3127372.6 ], [ 4410781.5, 3127368.2 ], [ 4410794.0, 3127396.1 ], [ 4410813.8, 3127404.0 ], [ 4410909.7, 3127536.6 ], [ 4410923.1, 3127542.8 ], [ 4410937.4, 3127539.1 ], [ 4411096.0, 3127425.2 ], [ 4411093.1, 3127406.9 ], [ 4411018.4, 3127296.6 ], [ 4410993.7, 3127247.3 ], [ 4411039.6, 3127186.3 ], [ 4411066.0, 3127226.7 ], [ 4411087.1, 3127238.2 ], [ 4411111.7, 3127233.2 ], [ 4411191.6, 3127346.3 ], [ 4411215.8, 3127351.0 ], [ 4411334.2, 3127266.3 ], [ 4411331.9, 3127248.3 ], [ 4411252.8, 3127119.7 ], [ 4411323.4, 3127079.3 ], [ 4411396.9, 3127204.3 ], [ 4411419.8, 3127211.4 ], [ 4411737.3, 3126994.3 ], [ 4411846.6, 3127236.7 ], [ 4411602.7, 3127398.2 ], [ 4411593.2, 3127416.2 ], [ 4411706.5, 3127644.4 ], [ 4411726.4, 3127650.1 ], [ 4411772.6, 3127622.9 ], [ 4411781.2, 3127628.9 ], [ 4411822.9, 3127664.4 ], [ 4411883.0, 3127762.4 ], [ 4411967.1, 3127805.2 ], [ 4411985.7, 3127843.7 ], [ 4411999.7, 3127853.6 ], [ 4412184.1, 3127776.4 ], [ 4412212.2, 3127773.7 ], [ 4412237.4, 3127745.0 ], [ 4412231.0, 3127720.9 ], [ 4412285.4, 3127674.9 ], [ 4412294.8, 3127701.9 ], [ 4412273.3, 3127727.2 ], [ 4412279.6, 3127743.2 ], [ 4412300.1, 3127756.1 ], [ 4412282.5, 3127785.8 ], [ 4412291.5, 3127808.7 ], [ 4412318.7, 3127809.4 ], [ 4412348.1, 3127788.9 ], [ 4412349.7, 3127764.9 ], [ 4412326.3, 3127747.3 ], [ 4412337.0, 3127725.3 ], [ 4412362.1, 3127714.5 ], [ 4412382.0, 3127747.0 ], [ 4412406.0, 3127751.2 ], [ 4412449.4, 3127799.9 ], [ 4412420.9, 3127818.7 ], [ 4412420.4, 3127841.9 ], [ 4412399.5, 3127844.2 ], [ 4412350.0, 3127875.9 ], [ 4412331.6, 3127869.7 ], [ 4412317.7, 3127876.6 ], [ 4412261.2, 3127835.0 ], [ 4412232.7, 3127825.8 ], [ 4412173.4, 3127822.8 ], [ 4412146.4, 3127832.0 ], [ 4412137.3, 3127846.9 ], [ 4412158.3, 3127892.1 ], [ 4412330.3, 3128067.6 ], [ 4412286.8, 3128111.9 ], [ 4412289.7, 3128136.0 ], [ 4412487.6, 3128312.1 ], [ 4412532.6, 3128335.2 ], [ 4412398.5, 3128454.7 ], [ 4412351.7, 3128421.7 ], [ 4412315.4, 3128429.5 ], [ 4412302.1, 3128416.7 ], [ 4412279.2, 3128411.2 ], [ 4412265.7, 3128417.4 ], [ 4412259.3, 3128430.8 ], [ 4412270.7, 3128467.7 ], [ 4412231.4, 3128469.7 ], [ 4412210.7, 3128458.0 ], [ 4412187.3, 3128472.0 ], [ 4412133.8, 3128450.8 ], [ 4412085.7, 3128486.9 ], [ 4412086.1, 3128504.9 ], [ 4412110.2, 3128531.2 ], [ 4412105.9, 3128560.4 ], [ 4412123.4, 3128582.7 ], [ 4412104.8, 3128618.6 ], [ 4412108.5, 3128635.9 ], [ 4412194.2, 3128697.6 ], [ 4412206.2, 3128716.2 ], [ 4412316.1, 3128754.9 ], [ 4412294.5, 3128783.5 ], [ 4412301.6, 3128800.0 ], [ 4412318.8, 3128806.0 ], [ 4412249.0, 3128879.3 ], [ 4412066.4, 3128848.2 ], [ 4412055.9, 3128859.0 ], [ 4412050.9, 3128881.9 ], [ 4412058.6, 3128911.8 ], [ 4412073.5, 3128929.6 ], [ 4412104.7, 3128931.3 ], [ 4412118.4, 3128949.4 ], [ 4412079.6, 3128979.4 ], [ 4412053.4, 3128977.6 ], [ 4412042.1, 3128968.5 ], [ 4412007.2, 3128920.7 ], [ 4411974.4, 3128915.9 ], [ 4411887.6, 3128972.6 ], [ 4411826.7, 3129024.7 ], [ 4411829.6, 3129042.4 ], [ 4411906.8, 3129134.0 ], [ 4411930.0, 3129137.5 ], [ 4411959.2, 3129113.0 ], [ 4412091.7, 3129270.7 ], [ 4412063.4, 3129299.7 ], [ 4412055.2, 3129319.3 ], [ 4412004.8, 3129342.6 ], [ 4411994.5, 3129378.0 ], [ 4412012.0, 3129399.7 ], [ 4412059.7, 3129387.6 ], [ 4412073.4, 3129441.4 ], [ 4412074.2, 3129505.7 ], [ 4412105.4, 3129528.8 ], [ 4412141.1, 3129578.4 ], [ 4412100.1, 3129724.4 ], [ 4412092.3, 3129733.0 ], [ 4411685.4, 3129652.8 ], [ 4411668.7, 3129660.3 ], [ 4411663.5, 3129677.8 ], [ 4411691.2, 3129704.7 ], [ 4411682.3, 3129764.9 ], [ 4411710.3, 3129833.6 ], [ 4411644.6, 3129825.7 ], [ 4411629.5, 3129778.3 ], [ 4411599.1, 3129757.0 ], [ 4411552.2, 3129744.3 ], [ 4411533.1, 3129752.2 ], [ 4411527.6, 3129781.9 ], [ 4411540.0, 3129901.3 ], [ 4411527.6, 3129920.8 ], [ 4411542.5, 3130307.2 ], [ 4411314.6, 3130252.5 ], [ 4411297.1, 3130223.2 ], [ 4411288.2, 3130169.2 ], [ 4411201.1, 3130145.5 ], [ 4411207.7, 3130086.3 ], [ 4411218.3, 3130073.7 ], [ 4411304.1, 3130078.1 ], [ 4411373.2, 3130073.0 ], [ 4411385.5, 3130064.9 ], [ 4411400.7, 3129974.2 ], [ 4411391.4, 3129921.0 ], [ 4411376.0, 3129913.7 ], [ 4411267.1, 3129907.3 ], [ 4411212.5, 3129832.5 ], [ 4411126.2, 3129806.2 ], [ 4411010.4, 3129731.0 ], [ 4410984.2, 3129738.6 ], [ 4410952.3, 3129795.8 ], [ 4410953.8, 3129817.2 ], [ 4411063.2, 3129894.0 ], [ 4411104.5, 3129910.2 ], [ 4411116.0, 3129934.0 ], [ 4411169.6, 3129953.6 ], [ 4411160.8, 3129973.5 ], [ 4411136.8, 3129986.5 ], [ 4411139.7, 3130031.9 ], [ 4411115.1, 3130032.1 ], [ 4411103.0, 3130044.3 ], [ 4411091.1, 3130120.2 ], [ 4411070.2, 3130157.9 ], [ 4411049.0, 3130172.3 ], [ 4410937.5, 3130149.3 ], [ 4410840.1, 3130090.3 ], [ 4410856.1, 3130059.4 ], [ 4410889.3, 3130079.1 ], [ 4410928.9, 3130090.2 ], [ 4410953.2, 3130088.7 ], [ 4410963.6, 3130074.7 ], [ 4410984.7, 3129984.1 ], [ 4411014.7, 3129988.1 ], [ 4411029.6, 3129974.2 ], [ 4411038.4, 3129936.8 ], [ 4411033.7, 3129920.2 ], [ 4411007.6, 3129906.5 ], [ 4410978.6, 3129907.6 ], [ 4410923.9, 3129860.2 ], [ 4410905.7, 3129860.9 ], [ 4410895.5, 3129871.6 ], [ 4410878.8, 3129945.0 ], [ 4410810.0, 3130001.1 ], [ 4410775.8, 3130013.1 ], [ 4410765.8, 3130048.4 ], [ 4410709.9, 3130011.4 ], [ 4410698.7, 3129978.4 ], [ 4410671.3, 3129980.0 ], [ 4410664.2, 3129991.9 ], [ 4410665.7, 3130015.9 ], [ 4410701.5, 3130106.6 ], [ 4410803.4, 3130226.6 ], [ 4410796.9, 3130264.8 ], [ 4410808.9, 3130309.1 ], [ 4410778.8, 3130273.0 ], [ 4410746.8, 3130267.4 ], [ 4410688.1, 3130234.2 ], [ 4410598.0, 3130135.7 ], [ 4410509.1, 3130166.9 ], [ 4410504.0, 3130184.5 ], [ 4410517.1, 3130239.1 ], [ 4410615.6, 3130252.9 ], [ 4410697.9, 3130305.7 ], [ 4410760.9, 3130369.2 ], [ 4410754.4, 3130421.1 ], [ 4410767.7, 3130440.7 ], [ 4410937.8, 3130455.7 ], [ 4410993.0, 3130472.5 ], [ 4411127.4, 3130543.7 ], [ 4411194.7, 3130563.3 ], [ 4411334.6, 3130666.4 ], [ 4411127.1, 3130620.8 ], [ 4411102.6, 3130623.2 ], [ 4410732.8, 3130535.8 ], [ 4410539.9, 3130469.6 ], [ 4410435.7, 3130453.2 ], [ 4410333.8, 3130461.2 ], [ 4410248.2, 3130675.3 ], [ 4410241.3, 3130712.0 ], [ 4410250.6, 3130727.4 ], [ 4410287.9, 3130738.9 ], [ 4410260.6, 3130865.2 ], [ 4410267.1, 3130886.0 ], [ 4410319.7, 3130895.5 ], [ 4410451.2, 3130901.2 ], [ 4410477.4, 3130917.7 ], [ 4410450.7, 3131097.5 ], [ 4410425.0, 3131176.1 ], [ 4410404.7, 3131293.4 ], [ 4410335.0, 3131295.2 ], [ 4410288.1, 3131306.1 ], [ 4410270.5, 3131321.8 ], [ 4410245.8, 3131370.4 ], [ 4410198.8, 3131382.1 ], [ 4410072.6, 3131311.4 ], [ 4409984.7, 3131287.9 ], [ 4409956.7, 3131292.8 ], [ 4409938.4, 3131309.2 ], [ 4409905.0, 3131461.9 ], [ 4409803.6, 3131435.2 ], [ 4409729.7, 3131444.2 ], [ 4409653.0, 3131475.0 ], [ 4409640.3, 3131494.0 ], [ 4409546.7, 3131515.4 ], [ 4409512.7, 3131548.1 ], [ 4409420.8, 3131571.0 ], [ 4409384.3, 3131587.7 ], [ 4409379.2, 3131604.7 ], [ 4409388.3, 3131619.9 ], [ 4409552.9, 3131700.5 ], [ 4409556.3, 3131727.3 ], [ 4409491.5, 3131830.5 ], [ 4409356.5, 3131821.3 ], [ 4409280.4, 3131802.9 ], [ 4409188.1, 3131799.5 ], [ 4409174.1, 3131808.2 ], [ 4409126.6, 3131879.9 ], [ 4409126.7, 3131893.6 ], [ 4409137.8, 3131906.5 ], [ 4409590.9, 3132130.2 ], [ 4409579.8, 3132155.1 ], [ 4409589.1, 3132173.7 ], [ 4409763.6, 3132254.0 ], [ 4409705.7, 3132417.4 ], [ 4409231.6, 3132129.1 ], [ 4409157.4, 3132066.5 ], [ 4409090.7, 3132032.9 ], [ 4409073.2, 3132034.9 ], [ 4408649.3, 3132725.3 ], [ 4408619.9, 3132869.5 ], [ 4408592.6, 3132905.5 ], [ 4408552.5, 3132993.7 ], [ 4408559.5, 3133017.4 ], [ 4408594.0, 3133031.0 ], [ 4408562.6, 3133103.9 ], [ 4408563.0, 3133122.3 ], [ 4408573.8, 3133132.7 ], [ 4408599.4, 3133138.5 ], [ 4408609.9, 3133163.3 ], [ 4408663.5, 3133183.7 ], [ 4408616.9, 3133202.7 ], [ 4408539.4, 3133294.9 ], [ 4408534.1, 3133333.7 ], [ 4408603.1, 3133382.7 ], [ 4408595.5, 3133406.5 ], [ 4408608.1, 3133426.8 ], [ 4408683.6, 3133466.2 ], [ 4408805.0, 3133509.6 ], [ 4408930.4, 3133598.5 ], [ 4408886.0, 3133660.4 ], [ 4408866.5, 3133748.3 ], [ 4408873.3, 3133795.3 ], [ 4408936.4, 3133997.1 ], [ 4408833.5, 3133996.0 ], [ 4408823.0, 3134009.8 ], [ 4408819.3, 3134040.0 ], [ 4408781.7, 3134057.6 ], [ 4408760.8, 3134081.5 ], [ 4408756.6, 3134098.5 ], [ 4408779.4, 3134198.8 ], [ 4408799.7, 3134204.3 ], [ 4408840.6, 3134187.6 ], [ 4408827.4, 3134111.3 ], [ 4408842.8, 3134074.4 ], [ 4408957.0, 3134041.1 ], [ 4408968.0, 3134043.3 ], [ 4409001.4, 3134079.6 ], [ 4409158.1, 3134126.9 ], [ 4409230.7, 3134133.5 ], [ 4409276.1, 3134148.6 ], [ 4409316.1, 3134174.9 ], [ 4409360.2, 3134226.5 ], [ 4409376.1, 3134253.2 ], [ 4409380.6, 3134287.5 ], [ 4409392.8, 3134299.4 ], [ 4409628.1, 3134390.2 ], [ 4409776.1, 3134426.3 ], [ 4409876.6, 3134435.9 ], [ 4409836.3, 3134516.7 ], [ 4409782.0, 3134577.9 ], [ 4409772.5, 3134621.4 ], [ 4409846.4, 3134673.3 ], [ 4409922.2, 3134694.0 ], [ 4409933.0, 3134702.6 ], [ 4409932.6, 3134719.5 ], [ 4409941.8, 3134731.2 ], [ 4410020.1, 3134767.2 ], [ 4410039.5, 3134760.8 ], [ 4410053.5, 3134727.6 ], [ 4410044.6, 3134711.5 ], [ 4410022.0, 3134705.8 ], [ 4410023.7, 3134651.9 ], [ 4410034.6, 3134625.4 ], [ 4410026.0, 3134596.6 ], [ 4410005.1, 3134586.0 ], [ 4410000.3, 3134562.4 ], [ 4410014.7, 3134555.5 ], [ 4410095.8, 3134469.7 ], [ 4410128.1, 3134453.9 ] ], [ [ 4411541.1, 3132439.8 ], [ 4411585.2, 3132435.1 ], [ 4411587.3, 3132482.6 ], [ 4411543.9, 3132479.2 ], [ 4411541.1, 3132439.8 ] ], [ [ 4414301.5, 3131232.6 ], [ 4414330.3, 3131245.9 ], [ 4414347.6, 3131274.9 ], [ 4414345.3, 3131284.0 ], [ 4414329.0, 3131281.0 ], [ 4414301.0, 3131242.7 ], [ 4414301.5, 3131232.6 ] ], [ [ 4414222.4, 3131188.0 ], [ 4414236.3, 3131186.5 ], [ 4414266.9, 3131201.7 ], [ 4414271.7, 3131218.6 ], [ 4414247.1, 3131215.7 ], [ 4414222.7, 3131199.7 ], [ 4414222.4, 3131188.0 ] ], [ [ 4411295.3, 3130471.1 ], [ 4411142.4, 3130411.7 ], [ 4411120.4, 3130423.6 ], [ 4411120.9, 3130458.1 ], [ 4411100.9, 3130458.0 ], [ 4411101.1, 3130445.0 ], [ 4411117.4, 3130426.0 ], [ 4411108.6, 3130406.0 ], [ 4410978.9, 3130327.5 ], [ 4410870.6, 3130279.7 ], [ 4410901.6, 3130284.5 ], [ 4410917.0, 3130278.5 ], [ 4411003.5, 3130317.4 ], [ 4411070.2, 3130363.6 ], [ 4411089.5, 3130358.3 ], [ 4411241.3, 3130395.9 ], [ 4411298.2, 3130399.1 ], [ 4411295.3, 3130471.1 ] ], [ [ 4415528.9, 3129986.2 ], [ 4415456.1, 3129639.8 ], [ 4415398.6, 3129518.3 ], [ 4415438.6, 3129497.4 ], [ 4415467.1, 3129543.8 ], [ 4415500.4, 3129641.3 ], [ 4415571.8, 3129967.5 ], [ 4415528.9, 3129986.2 ] ], [ [ 4414393.7, 3129278.5 ], [ 4414414.5, 3129278.1 ], [ 4414445.5, 3129307.6 ], [ 4414481.0, 3129313.3 ], [ 4414485.1, 3129334.2 ], [ 4414437.7, 3129323.0 ], [ 4414420.0, 3129296.0 ], [ 4414393.7, 3129278.5 ] ], [ [ 4412941.8, 3128062.0 ], [ 4412946.5, 3128047.9 ], [ 4412980.5, 3128088.6 ], [ 4413039.6, 3128136.4 ], [ 4413130.1, 3128189.0 ], [ 4413147.6, 3128206.4 ], [ 4413112.4, 3128230.7 ], [ 4413044.5, 3128205.5 ], [ 4412997.9, 3128161.5 ], [ 4412941.8, 3128062.0 ] ], [ [ 4416813.5, 3127627.7 ], [ 4416808.9, 3127585.9 ], [ 4416847.6, 3127570.1 ], [ 4416876.2, 3127646.4 ], [ 4416839.6, 3127659.6 ], [ 4416813.5, 3127627.7 ] ], [ [ 4409880.5, 3127424.3 ], [ 4409882.3, 3127479.0 ], [ 4409834.7, 3127476.0 ], [ 4409830.0, 3127446.1 ], [ 4409836.0, 3127420.3 ], [ 4409880.5, 3127424.3 ] ], [ [ 4415119.5, 3126901.1 ], [ 4414936.0, 3126834.6 ], [ 4414968.0, 3126731.9 ], [ 4414956.1, 3126709.0 ], [ 4415045.7, 3126544.3 ], [ 4415038.1, 3126522.3 ], [ 4414990.5, 3126502.9 ], [ 4415215.6, 3126171.6 ], [ 4415206.5, 3126150.4 ], [ 4415163.3, 3126130.2 ], [ 4415145.9, 3126135.8 ], [ 4415116.8, 3126172.8 ], [ 4415088.9, 3126161.2 ], [ 4415097.1, 3126146.1 ], [ 4415099.8, 3126097.8 ], [ 4415181.7, 3126076.1 ], [ 4415192.8, 3126066.1 ], [ 4415208.1, 3126036.6 ], [ 4415206.4, 3126018.9 ], [ 4415158.3, 3125994.0 ], [ 4415288.7, 3125819.6 ], [ 4415294.4, 3125779.9 ], [ 4415279.9, 3125769.3 ], [ 4415262.6, 3125771.6 ], [ 4415281.5, 3125749.4 ], [ 4415392.0, 3125676.1 ], [ 4415390.4, 3125654.7 ], [ 4415365.4, 3125643.8 ], [ 4415360.5, 3125619.8 ], [ 4415422.5, 3125582.2 ], [ 4415499.5, 3125657.3 ], [ 4415358.8, 3125737.6 ], [ 4415359.3, 3125755.8 ], [ 4415369.8, 3125766.2 ], [ 4415274.1, 3125925.8 ], [ 4415278.7, 3125955.1 ], [ 4415295.5, 3125978.8 ], [ 4415328.5, 3125997.1 ], [ 4415348.8, 3125985.2 ], [ 4415440.3, 3125789.9 ], [ 4415490.7, 3125805.8 ], [ 4415510.5, 3125793.8 ], [ 4415512.4, 3125773.2 ], [ 4415491.5, 3125755.9 ], [ 4415561.0, 3125659.4 ], [ 4415566.2, 3125610.3 ], [ 4415606.3, 3125597.0 ], [ 4415663.7, 3125591.2 ], [ 4415576.1, 3125740.7 ], [ 4415564.6, 3125818.0 ], [ 4415578.8, 3125837.3 ], [ 4415569.1, 3125851.2 ], [ 4415529.3, 3125866.6 ], [ 4415521.1, 3125881.3 ], [ 4415526.8, 3125901.3 ], [ 4415574.9, 3125956.1 ], [ 4415520.1, 3126056.6 ], [ 4415518.3, 3126073.1 ], [ 4415612.2, 3126153.3 ], [ 4415337.9, 3126569.7 ], [ 4415334.3, 3126596.5 ], [ 4415348.4, 3126614.9 ], [ 4415341.9, 3126632.5 ], [ 4415227.0, 3126784.8 ], [ 4415222.1, 3126826.9 ], [ 4415175.7, 3126846.1 ], [ 4415141.0, 3126872.9 ], [ 4415119.5, 3126901.1 ] ], [ [ 4418647.0, 3126533.5 ], [ 4418800.2, 3126513.9 ], [ 4418809.7, 3126544.2 ], [ 4418802.5, 3126561.8 ], [ 4418805.4, 3126604.3 ], [ 4418762.2, 3126636.6 ], [ 4418641.1, 3126659.4 ], [ 4418630.7, 3126614.0 ], [ 4418650.0, 3126607.8 ], [ 4418658.3, 3126593.0 ], [ 4418647.0, 3126533.5 ] ], [ [ 4415646.4, 3126271.8 ], [ 4415714.7, 3126239.0 ], [ 4415741.7, 3126244.0 ], [ 4415736.9, 3126260.6 ], [ 4415693.7, 3126301.6 ], [ 4415646.4, 3126271.8 ] ], [ [ 4418448.1, 3125757.9 ], [ 4418403.2, 3125770.3 ], [ 4418386.0, 3125715.6 ], [ 4418531.6, 3125673.2 ], [ 4418575.9, 3125808.4 ], [ 4418534.5, 3125821.2 ], [ 4418526.8, 3125847.8 ], [ 4418493.0, 3125827.4 ], [ 4418471.1, 3125765.3 ], [ 4418448.1, 3125757.9 ] ], [ [ 4414585.9, 3125592.8 ], [ 4414574.4, 3125583.4 ], [ 4414579.6, 3125566.2 ], [ 4414640.9, 3125538.5 ], [ 4414659.1, 3125541.3 ], [ 4414651.4, 3125565.1 ], [ 4414585.9, 3125592.8 ] ], [ [ 4413270.4, 3125864.7 ], [ 4413267.7, 3125884.1 ], [ 4413249.6, 3125886.1 ], [ 4413230.5, 3125913.6 ], [ 4413211.2, 3125923.5 ], [ 4413212.3, 3125899.8 ], [ 4413199.3, 3125886.7 ], [ 4413178.3, 3125883.5 ], [ 4413152.9, 3125897.4 ], [ 4413129.5, 3125896.6 ], [ 4413051.4, 3125865.7 ], [ 4413039.4, 3125851.9 ], [ 4413016.9, 3125854.4 ], [ 4412985.1, 3125841.8 ], [ 4413002.4, 3125781.8 ], [ 4413037.6, 3125784.2 ], [ 4413092.2, 3125797.0 ], [ 4413270.4, 3125864.7 ] ], [ [ 4412461.6, 3126127.1 ], [ 4412462.9, 3126184.2 ], [ 4412476.8, 3126200.6 ], [ 4412526.0, 3126196.0 ], [ 4412603.1, 3126172.3 ], [ 4412617.0, 3126211.0 ], [ 4412611.2, 3126475.9 ], [ 4412522.0, 3126464.7 ], [ 4412220.4, 3126501.8 ], [ 4412239.5, 3126154.7 ], [ 4412321.7, 3126198.7 ], [ 4412342.7, 3126194.9 ], [ 4412350.7, 3126178.7 ], [ 4412355.4, 3126064.4 ], [ 4412461.6, 3126127.1 ] ], [ [ 4412829.5, 3126383.8 ], [ 4412891.8, 3126383.6 ], [ 4412890.4, 3126416.6 ], [ 4412825.9, 3126415.9 ], [ 4412829.5, 3126383.8 ] ], [ [ 4409522.1, 3125896.6 ], [ 4409486.6, 3125859.2 ], [ 4409498.4, 3125838.9 ], [ 4409535.5, 3125822.9 ], [ 4409564.0, 3125839.3 ], [ 4409522.1, 3125896.6 ] ], [ [ 4416319.6, 3125295.5 ], [ 4416362.5, 3125247.3 ], [ 4416457.1, 3125180.6 ], [ 4416463.6, 3125164.2 ], [ 4416456.1, 3125148.3 ], [ 4416435.7, 3125143.7 ], [ 4416386.9, 3125166.5 ], [ 4416241.0, 3125262.2 ], [ 4416157.6, 3125231.8 ], [ 4416284.7, 3125160.9 ], [ 4416381.9, 3125089.7 ], [ 4416462.3, 3125073.5 ], [ 4416495.3, 3125059.5 ], [ 4416524.3, 3125032.9 ], [ 4416534.1, 3125066.2 ], [ 4416614.1, 3125152.2 ], [ 4416621.7, 3125175.0 ], [ 4416506.1, 3125213.6 ], [ 4416363.9, 3125315.5 ], [ 4416319.6, 3125295.5 ] ], [ [ 4414839.2, 3125063.0 ], [ 4414859.4, 3124940.2 ], [ 4414878.9, 3124934.2 ], [ 4414947.8, 3124966.8 ], [ 4414970.7, 3124986.6 ], [ 4414947.3, 3125052.8 ], [ 4414839.2, 3125063.0 ] ], [ [ 4413181.8, 3124707.3 ], [ 4413155.9, 3124643.8 ], [ 4413757.1, 3124340.3 ], [ 4413797.0, 3124436.8 ], [ 4413815.1, 3124447.4 ], [ 4413815.1, 3124471.7 ], [ 4413805.9, 3124483.7 ], [ 4413773.0, 3124502.2 ], [ 4413710.8, 3124525.3 ], [ 4413687.4, 3124522.3 ], [ 4413663.6, 3124499.0 ], [ 4413645.9, 3124497.9 ], [ 4413565.9, 3124540.6 ], [ 4413547.4, 3124541.8 ], [ 4413456.5, 3124594.4 ], [ 4413442.1, 3124621.0 ], [ 4413327.2, 3124696.1 ], [ 4413147.1, 3124877.4 ], [ 4413113.5, 3124806.4 ], [ 4413165.9, 3124774.3 ], [ 4413182.5, 3124755.6 ], [ 4413181.8, 3124707.3 ] ], [ [ 4416474.6, 3124668.9 ], [ 4416491.2, 3124669.9 ], [ 4416512.9, 3124690.4 ], [ 4416455.8, 3124720.0 ], [ 4416455.3, 3124703.7 ], [ 4416474.6, 3124668.9 ] ], [ [ 4416440.0, 3124504.1 ], [ 4416413.4, 3124492.0 ], [ 4416356.8, 3124502.4 ], [ 4416347.0, 3124490.7 ], [ 4416349.5, 3124440.5 ], [ 4416337.3, 3124418.8 ], [ 4416351.9, 3124417.2 ], [ 4416379.7, 3124436.5 ], [ 4416409.5, 3124431.6 ], [ 4416424.6, 3124474.3 ], [ 4416441.1, 3124481.5 ], [ 4416457.5, 3124473.9 ], [ 4416470.6, 3124509.8 ], [ 4416453.7, 3124521.6 ], [ 4416440.0, 3124504.1 ] ], [ [ 4414748.2, 3123758.1 ], [ 4414737.2, 3123730.2 ], [ 4414762.3, 3123706.9 ], [ 4414785.4, 3123711.6 ], [ 4414804.8, 3123687.2 ], [ 4414816.4, 3123684.4 ], [ 4414851.2, 3123700.2 ], [ 4414850.6, 3123721.4 ], [ 4414837.3, 3123747.6 ], [ 4414819.0, 3123747.5 ], [ 4414806.1, 3123758.9 ], [ 4414808.4, 3123792.1 ], [ 4414780.0, 3123849.0 ], [ 4414755.8, 3123855.9 ], [ 4414748.2, 3123758.1 ] ], [ [ 4415769.4, 3122998.6 ], [ 4415808.7, 3122930.9 ], [ 4415848.8, 3122961.9 ], [ 4415860.7, 3122985.9 ], [ 4415823.8, 3123023.1 ], [ 4415780.2, 3123032.0 ], [ 4415770.5, 3123022.3 ], [ 4415769.4, 3122998.6 ] ] ] } },
{ "type": "Feature", "properties": { "id": "forest_89019", "state": "Thüringen", "area_ha": 9482.45, "unfragmented": true, "image": "forest_89019.webp", "real_width_m": 12314.7, "real_height_m": 14092.4, "pixel_width": 1231, "pixel_height": 1409, "centroid_x": 4381785.4, "centroid_y": 3165564.2 }, "geometry": { "type": "Polygon", "coordinates": [ [ [ 4380147.4, 3171953.6 ], [ 4380172.9, 3171926.6 ], [ 4380220.0, 3171962.5 ], [ 4380220.6, 3171979.5 ], [ 4380234.5, 3171999.7 ], [ 4380434.4, 3172071.5 ], [ 4380458.6, 3172070.9 ], [ 4380477.8, 3172108.8 ], [ 4380474.3, 3172129.1 ], [ 4380485.8, 3172142.2 ], [ 4380626.7, 3172146.1 ], [ 4380656.7, 3172142.5 ], [ 4380702.2, 3172123.5 ], [ 4380915.6, 3171987.2 ], [ 4380956.3, 3171969.8 ], [ 4381142.9, 3171923.5 ], [ 4381188.3, 3171933.2 ], [ 4381231.7, 3171961.0 ], [ 4381251.6, 3171955.6 ], [ 4381258.5, 3171926.7 ], [ 4381244.5, 3171824.4 ], [ 4381260.3, 3171755.0 ], [ 4381337.9, 3171732.6 ], [ 4381348.4, 3171722.0 ], [ 4381348.3, 3171703.5 ], [ 4381334.2, 3171691.6 ], [ 4381288.9, 3171682.2 ], [ 4381273.6, 3171666.5 ], [ 4381211.7, 3171669.1 ], [ 4381192.2, 3171697.6 ], [ 4381191.1, 3171756.4 ], [ 4381180.4, 3171774.7 ], [ 4381204.3, 3171854.5 ], [ 4381177.8, 3171866.7 ], [ 4381114.3, 3171747.9 ], [ 4381117.4, 3171719.7 ], [ 4381162.4, 3171617.1 ], [ 4381137.7, 3171583.1 ], [ 4381136.0, 3171535.7 ], [ 4381116.3, 3171486.5 ], [ 4381115.0, 3171386.7 ], [ 4381107.2, 3171354.4 ], [ 4381082.6, 3171334.8 ], [ 4381050.7, 3171335.0 ], [ 4381009.0, 3171350.5 ], [ 4380961.4, 3171315.7 ], [ 4380993.4, 3171278.5 ], [ 4381019.2, 3171276.5 ], [ 4381073.6, 3171315.1 ], [ 4381104.7, 3171325.2 ], [ 4381123.9, 3171353.7 ], [ 4381142.1, 3171476.1 ], [ 4381167.1, 3171554.6 ], [ 4381177.5, 3171564.1 ], [ 4381201.2, 3171567.3 ], [ 4381231.6, 3171556.8 ], [ 4381247.0, 3171523.6 ], [ 4381249.2, 3171457.5 ], [ 4381242.3, 3171441.7 ], [ 4381234.9, 3171316.7 ], [ 4381249.5, 3171228.9 ], [ 4381263.5, 3171198.0 ], [ 4381268.6, 3171161.0 ], [ 4381281.2, 3171146.9 ], [ 4381296.6, 3171073.3 ], [ 4381363.0, 3170925.6 ], [ 4381383.7, 3170919.0 ], [ 4381420.9, 3170944.5 ], [ 4381442.3, 3170985.6 ], [ 4381540.7, 3171052.2 ], [ 4381674.6, 3171105.0 ], [ 4381788.6, 3171120.1 ], [ 4381806.4, 3171141.7 ], [ 4381896.7, 3171145.1 ], [ 4381925.1, 3171161.1 ], [ 4381944.6, 3171220.7 ], [ 4382012.9, 3171227.0 ], [ 4382045.4, 3171258.5 ], [ 4381984.3, 3171292.9 ], [ 4381978.4, 3171308.9 ], [ 4381985.8, 3171324.4 ], [ 4382013.6, 3171339.9 ], [ 4382056.9, 3171322.6 ], [ 4382071.5, 3171324.1 ], [ 4382088.1, 3171397.7 ], [ 4382101.4, 3171412.8 ], [ 4382232.1, 3171420.8 ], [ 4382229.3, 3171578.8 ], [ 4382260.1, 3171601.0 ], [ 4382276.6, 3171644.6 ], [ 4382293.8, 3171659.1 ], [ 4382310.9, 3171659.8 ], [ 4382339.0, 3171642.7 ], [ 4382399.7, 3171639.6 ], [ 4382569.3, 3171540.3 ], [ 4382600.5, 3171529.4 ], [ 4382606.3, 3171506.2 ], [ 4382572.6, 3171464.4 ], [ 4382455.4, 3171388.9 ], [ 4382361.5, 3171351.6 ], [ 4382235.6, 3171327.3 ], [ 4382236.2, 3171300.7 ], [ 4382249.6, 3171289.2 ], [ 4382253.8, 3171266.9 ], [ 4382278.4, 3171267.3 ], [ 4382292.5, 3171255.3 ], [ 4382302.9, 3171148.6 ], [ 4382397.9, 3171057.6 ], [ 4382390.6, 3171013.3 ], [ 4382424.7, 3170914.4 ], [ 4382481.5, 3170871.0 ], [ 4382446.9, 3170720.4 ], [ 4382429.2, 3170695.6 ], [ 4382391.8, 3170667.5 ], [ 4382419.9, 3170622.2 ], [ 4382458.2, 3170633.2 ], [ 4382469.5, 3170623.3 ], [ 4382475.4, 3170600.9 ], [ 4382540.6, 3170577.9 ], [ 4382560.5, 3170528.7 ], [ 4382555.6, 3170514.6 ], [ 4382527.5, 3170490.1 ], [ 4382499.9, 3170491.2 ], [ 4382467.3, 3170467.2 ], [ 4382392.0, 3170481.8 ], [ 4382334.8, 3170438.7 ], [ 4382274.1, 3170365.9 ], [ 4382217.6, 3170319.3 ], [ 4382204.0, 3170293.7 ], [ 4382182.3, 3170278.9 ], [ 4382234.8, 3170236.8 ], [ 4382262.8, 3170194.9 ], [ 4382328.9, 3170280.3 ], [ 4382368.8, 3170283.5 ], [ 4382430.6, 3170250.9 ], [ 4382456.8, 3170141.0 ], [ 4382537.0, 3170122.7 ], [ 4382653.8, 3170154.7 ], [ 4382762.9, 3170145.8 ], [ 4382836.7, 3170198.9 ], [ 4382815.5, 3170276.8 ], [ 4382810.8, 3170468.2 ], [ 4382814.9, 3170481.6 ], [ 4382829.7, 3170490.5 ], [ 4382922.5, 3170488.5 ], [ 4382954.0, 3170478.2 ], [ 4382967.1, 3170460.6 ], [ 4383063.7, 3170481.0 ], [ 4383207.0, 3170460.4 ], [ 4383252.5, 3170469.4 ], [ 4383287.3, 3170485.6 ], [ 4383268.1, 3170531.9 ], [ 4383294.0, 3170561.0 ], [ 4383324.1, 3170567.8 ], [ 4383372.0, 3170550.0 ], [ 4383397.8, 3170556.2 ], [ 4383427.2, 3170548.1 ], [ 4383440.2, 3170530.4 ], [ 4383461.1, 3170531.4 ], [ 4383467.7, 3170558.3 ], [ 4383492.9, 3170576.7 ], [ 4383538.1, 3170563.9 ], [ 4383555.0, 3170500.0 ], [ 4383586.3, 3170511.4 ], [ 4383602.8, 3170504.4 ], [ 4383618.4, 3170449.7 ], [ 4383630.3, 3170435.5 ], [ 4383638.5, 3170445.2 ], [ 4383634.6, 3170473.8 ], [ 4383649.3, 3170489.7 ], [ 4383678.2, 3170496.2 ], [ 4383733.7, 3170480.0 ], [ 4383754.0, 3170688.0 ], [ 4383703.1, 3170709.7 ], [ 4383649.2, 3170757.7 ], [ 4383618.4, 3170707.7 ], [ 4383574.2, 3170656.7 ], [ 4383575.0, 3170639.3 ], [ 4383564.8, 3170625.0 ], [ 4383522.8, 3170612.2 ], [ 4383442.5, 3170640.1 ], [ 4383427.1, 3170616.6 ], [ 4383412.9, 3170611.6 ], [ 4383338.9, 3170638.4 ], [ 4383233.2, 3170636.4 ], [ 4383165.1, 3170659.8 ], [ 4383155.2, 3170674.3 ], [ 4383160.4, 3170700.2 ], [ 4383121.0, 3170745.2 ], [ 4383121.4, 3170773.6 ], [ 4383207.3, 3170836.9 ], [ 4383293.5, 3170770.8 ], [ 4383296.1, 3170756.5 ], [ 4383282.4, 3170737.4 ], [ 4383280.6, 3170704.8 ], [ 4383293.4, 3170702.8 ], [ 4383331.3, 3170739.6 ], [ 4383415.4, 3170744.7 ], [ 4383443.9, 3170821.7 ], [ 4383390.4, 3170848.0 ], [ 4383381.1, 3170870.1 ], [ 4383434.3, 3170933.5 ], [ 4383427.5, 3170954.4 ], [ 4383482.8, 3171096.0 ], [ 4383506.8, 3171106.2 ], [ 4383573.1, 3171079.3 ], [ 4383686.1, 3171250.4 ], [ 4383707.0, 3171246.9 ], [ 4383716.4, 3171228.4 ], [ 4383731.9, 3171222.1 ], [ 4383758.8, 3171187.0 ], [ 4383937.9, 3171301.6 ], [ 4383954.7, 3171304.5 ], [ 4383994.1, 3171263.0 ], [ 4384042.9, 3171236.4 ], [ 4384046.0, 3171215.9 ], [ 4384033.4, 3171200.7 ], [ 4384057.5, 3171169.1 ], [ 4384096.1, 3171138.8 ], [ 4384101.8, 3171098.2 ], [ 4384159.9, 3171087.7 ], [ 4384200.5, 3171102.7 ], [ 4384195.6, 3171222.7 ], [ 4384177.9, 3171231.2 ], [ 4384164.8, 3171259.2 ], [ 4384130.7, 3171258.9 ], [ 4384118.4, 3171266.5 ], [ 4384073.9, 3171386.8 ], [ 4384074.3, 3171432.9 ], [ 4384103.6, 3171486.3 ], [ 4384100.8, 3171531.8 ], [ 4384169.2, 3171605.1 ], [ 4384186.0, 3171612.0 ], [ 4384206.0, 3171597.5 ], [ 4384213.3, 3171566.5 ], [ 4384209.9, 3171530.7 ], [ 4384222.5, 3171514.0 ], [ 4384241.5, 3171533.2 ], [ 4384351.7, 3171539.9 ], [ 4384483.7, 3171528.2 ], [ 4384488.2, 3171585.8 ], [ 4384499.2, 3171599.6 ], [ 4384513.3, 3171601.7 ], [ 4384544.6, 3171589.2 ], [ 4384558.4, 3171568.5 ], [ 4384577.4, 3171589.6 ], [ 4384602.0, 3171601.0 ], [ 4384592.9, 3171638.3 ], [ 4384569.4, 3171645.4 ], [ 4384540.9, 3171704.6 ], [ 4384573.1, 3171775.1 ], [ 4384592.4, 3171786.4 ], [ 4384610.3, 3171777.1 ], [ 4384701.1, 3171641.9 ], [ 4384711.3, 3171611.7 ], [ 4384702.2, 3171592.4 ], [ 4384700.4, 3171544.9 ], [ 4384718.5, 3171525.5 ], [ 4384748.4, 3171520.0 ], [ 4384816.3, 3171551.1 ], [ 4384831.2, 3171548.4 ], [ 4384840.8, 3171536.9 ], [ 4384793.3, 3171389.2 ], [ 4384751.8, 3171347.2 ], [ 4384745.7, 3171328.9 ], [ 4384801.5, 3171211.6 ], [ 4384804.9, 3171090.8 ], [ 4384825.5, 3171048.7 ], [ 4384876.6, 3171011.0 ], [ 4384970.4, 3170996.4 ], [ 4385061.2, 3170952.1 ], [ 4385123.6, 3170868.8 ], [ 4385197.7, 3170807.6 ], [ 4385259.5, 3170776.7 ], [ 4385322.4, 3170716.6 ], [ 4385371.5, 3170617.0 ], [ 4385392.8, 3170545.6 ], [ 4385380.4, 3170525.3 ], [ 4385340.6, 3170524.0 ], [ 4385341.0, 3170492.6 ], [ 4385379.0, 3170492.7 ], [ 4385390.7, 3170506.0 ], [ 4385404.9, 3170507.5 ], [ 4385446.4, 3170480.6 ], [ 4385583.9, 3170439.1 ], [ 4385594.7, 3170429.4 ], [ 4385596.3, 3170411.6 ], [ 4385583.0, 3170394.4 ], [ 4385569.1, 3170390.8 ], [ 4385513.5, 3170403.3 ], [ 4385502.9, 3170373.6 ], [ 4385420.5, 3170323.3 ], [ 4385397.9, 3170330.0 ], [ 4385391.7, 3170355.1 ], [ 4385360.0, 3170356.1 ], [ 4385055.9, 3170262.0 ], [ 4385181.9, 3170124.7 ], [ 4385217.5, 3170101.2 ], [ 4385229.4, 3170079.7 ], [ 4385291.5, 3170168.7 ], [ 4385380.6, 3170210.6 ], [ 4385381.7, 3170238.1 ], [ 4385414.2, 3170262.0 ], [ 4385432.0, 3170264.8 ], [ 4385445.9, 3170253.3 ], [ 4385439.6, 3170191.7 ], [ 4385512.2, 3170036.3 ], [ 4385475.1, 3169983.1 ], [ 4385478.2, 3169953.1 ], [ 4385467.2, 3169930.6 ], [ 4385473.0, 3169891.1 ], [ 4385464.5, 3169849.2 ], [ 4385388.5, 3169749.8 ], [ 4385390.0, 3169737.8 ], [ 4385407.6, 3169739.5 ], [ 4385498.5, 3169692.0 ], [ 4385506.6, 3169669.4 ], [ 4385484.4, 3169645.9 ], [ 4385459.9, 3169642.8 ], [ 4385385.9, 3169702.4 ], [ 4385379.1, 3169722.1 ], [ 4385361.4, 3169720.4 ], [ 4385330.3, 3169739.9 ], [ 4385302.3, 3169744.1 ], [ 4385288.7, 3169692.9 ], [ 4385276.8, 3169685.5 ], [ 4385253.1, 3169686.6 ], [ 4385240.9, 3169605.2 ], [ 4385265.7, 3169576.6 ], [ 4385289.6, 3169574.6 ], [ 4385298.0, 3169559.2 ], [ 4385294.2, 3169518.1 ], [ 4385263.8, 3169467.6 ], [ 4385284.8, 3169409.5 ], [ 4385354.9, 3169466.9 ], [ 4385373.3, 3169468.4 ], [ 4385384.7, 3169458.9 ], [ 4385409.1, 3169394.6 ], [ 4385407.9, 3169376.7 ], [ 4385303.4, 3169325.9 ], [ 4385410.5, 3169205.0 ], [ 4385617.0, 3169241.2 ], [ 4385636.0, 3169231.6 ], [ 4385716.5, 3169006.7 ], [ 4385805.9, 3168886.5 ], [ 4385821.5, 3168842.6 ], [ 4385831.7, 3168769.8 ], [ 4385825.1, 3168756.3 ], [ 4385811.4, 3168750.2 ], [ 4385752.8, 3168768.2 ], [ 4385636.0, 3168895.5 ], [ 4385599.5, 3168862.4 ], [ 4385618.9, 3168828.7 ], [ 4385605.7, 3168772.0 ], [ 4385697.9, 3168681.2 ], [ 4385717.1, 3168689.2 ], [ 4385734.3, 3168683.7 ], [ 4385781.8, 3168641.0 ], [ 4385816.3, 3168594.0 ], [ 4385851.5, 3168616.5 ], [ 4385874.1, 3168609.2 ], [ 4385879.6, 3168580.9 ], [ 4385873.2, 3168557.8 ], [ 4385873.8, 3168471.1 ], [ 4385858.9, 3168462.5 ], [ 4385824.0, 3168468.3 ], [ 4385775.7, 3168558.9 ], [ 4385730.0, 3168604.4 ], [ 4385440.2, 3168662.6 ], [ 4385506.8, 3168496.0 ], [ 4385498.2, 3168473.5 ], [ 4385418.6, 3168458.7 ], [ 4385331.8, 3168465.0 ], [ 4385253.3, 3168483.0 ], [ 4385240.0, 3168499.1 ], [ 4385084.3, 3168554.5 ], [ 4385062.9, 3168531.8 ], [ 4385124.3, 3168507.4 ], [ 4385131.1, 3168490.7 ], [ 4385125.7, 3168477.1 ], [ 4385063.8, 3168456.6 ], [ 4385019.0, 3168420.1 ], [ 4384913.3, 3168384.0 ], [ 4384857.7, 3168355.5 ], [ 4384851.7, 3168324.7 ], [ 4384803.3, 3168218.8 ], [ 4384754.8, 3168202.7 ], [ 4384674.0, 3168147.5 ], [ 4384617.5, 3168063.8 ], [ 4384625.5, 3168021.0 ], [ 4384619.9, 3167944.2 ], [ 4384610.8, 3167933.1 ], [ 4384575.1, 3167918.2 ], [ 4384425.9, 3167897.9 ], [ 4384409.3, 3167905.5 ], [ 4384403.6, 3167929.5 ], [ 4384404.0, 3168028.6 ], [ 4384413.7, 3168095.5 ], [ 4384410.1, 3168155.0 ], [ 4384371.7, 3168211.3 ], [ 4384263.8, 3168260.5 ], [ 4384218.7, 3168273.1 ], [ 4384178.8, 3168272.9 ], [ 4384165.5, 3168265.1 ], [ 4384102.3, 3168171.3 ], [ 4384080.5, 3168151.0 ], [ 4384063.0, 3168148.8 ], [ 4384023.2, 3168110.5 ], [ 4383951.3, 3168082.4 ], [ 4383925.2, 3168063.0 ], [ 4383881.8, 3168054.4 ], [ 4383834.0, 3168021.1 ], [ 4383868.9, 3167987.2 ], [ 4383919.1, 3167988.8 ], [ 4384005.2, 3167948.9 ], [ 4384058.6, 3167982.7 ], [ 4384082.9, 3167977.9 ], [ 4384089.2, 3167960.8 ], [ 4384076.9, 3167927.2 ], [ 4384077.1, 3167886.8 ], [ 4384062.3, 3167814.6 ], [ 4384051.5, 3167797.5 ], [ 4384005.3, 3167767.6 ], [ 4384066.3, 3167736.0 ], [ 4384094.8, 3167704.3 ], [ 4384152.8, 3167666.4 ], [ 4384222.5, 3167642.3 ], [ 4384457.3, 3167753.9 ], [ 4384632.2, 3167803.3 ], [ 4384759.6, 3167787.9 ], [ 4384831.8, 3167760.7 ], [ 4384918.7, 3167653.5 ], [ 4384963.0, 3167526.8 ], [ 4384980.3, 3167505.3 ], [ 4384990.1, 3167464.4 ], [ 4385020.3, 3167449.9 ], [ 4385054.5, 3167450.1 ], [ 4385121.9, 3167376.7 ], [ 4385155.5, 3167354.9 ], [ 4385164.1, 3167329.2 ], [ 4385164.9, 3167232.9 ], [ 4385225.2, 3167222.7 ], [ 4385231.7, 3167255.2 ], [ 4385255.0, 3167284.9 ], [ 4385284.4, 3167312.3 ], [ 4385318.3, 3167324.2 ], [ 4385323.7, 3167359.9 ], [ 4385311.8, 3167386.5 ], [ 4385328.5, 3167404.3 ], [ 4385350.3, 3167403.2 ], [ 4385429.2, 3167348.7 ], [ 4385498.1, 3167328.9 ], [ 4385506.5, 3167312.6 ], [ 4385510.1, 3167239.8 ], [ 4385542.7, 3167228.5 ], [ 4385558.4, 3167170.8 ], [ 4385538.7, 3167142.3 ], [ 4385442.8, 3167051.1 ], [ 4385483.3, 3167015.6 ], [ 4385500.4, 3166985.1 ], [ 4385498.2, 3166967.3 ], [ 4385458.4, 3166941.1 ], [ 4385380.5, 3166909.6 ], [ 4385402.9, 3166870.6 ], [ 4385410.4, 3166819.3 ], [ 4385385.6, 3166686.2 ], [ 4385411.4, 3166634.0 ], [ 4385556.6, 3166628.4 ], [ 4385670.9, 3166590.8 ], [ 4385661.7, 3166621.6 ], [ 4385658.1, 3166771.3 ], [ 4385645.3, 3166797.5 ], [ 4385594.5, 3166819.9 ], [ 4385603.7, 3166780.2 ], [ 4385584.2, 3166743.7 ], [ 4385571.6, 3166735.8 ], [ 4385513.4, 3166733.0 ], [ 4385483.4, 3166756.1 ], [ 4385488.3, 3166818.2 ], [ 4385529.9, 3166843.9 ], [ 4385519.0, 3166885.3 ], [ 4385533.9, 3166916.8 ], [ 4385567.1, 3166924.8 ], [ 4385681.2, 3166890.4 ], [ 4385748.0, 3166940.3 ], [ 4385801.1, 3166993.2 ], [ 4385875.2, 3167012.3 ], [ 4385938.5, 3167047.7 ], [ 4385982.1, 3167027.3 ], [ 4386027.7, 3167083.9 ], [ 4386066.0, 3167156.3 ], [ 4386167.7, 3167284.2 ], [ 4386464.8, 3167265.8 ], [ 4386494.6, 3167243.0 ], [ 4386675.2, 3167027.2 ], [ 4387076.4, 3167168.6 ], [ 4387097.0, 3167165.0 ], [ 4387105.2, 3167149.4 ], [ 4387126.6, 3166968.0 ], [ 4387038.0, 3166589.2 ], [ 4387119.1, 3166557.5 ], [ 4387139.4, 3166577.9 ], [ 4387166.4, 3166580.7 ], [ 4387197.3, 3166608.7 ], [ 4387236.8, 3166626.6 ], [ 4387239.0, 3166678.2 ], [ 4387248.3, 3166704.4 ], [ 4387280.6, 3166722.9 ], [ 4387297.7, 3166709.7 ], [ 4387313.7, 3166667.7 ], [ 4387304.4, 3166648.2 ], [ 4387297.4, 3166578.7 ], [ 4387342.7, 3166539.0 ], [ 4387432.0, 3166539.1 ], [ 4387495.7, 3166476.9 ], [ 4387492.5, 3166459.1 ], [ 4387477.0, 3166449.6 ], [ 4387242.4, 3166463.8 ], [ 4387193.7, 3166452.6 ], [ 4387138.1, 3166458.9 ], [ 4387021.7, 3166544.7 ], [ 4387000.5, 3166537.6 ], [ 4386965.7, 3166547.2 ], [ 4386885.7, 3166586.3 ], [ 4386879.8, 3166605.3 ], [ 4386896.7, 3166655.7 ], [ 4386901.6, 3166706.2 ], [ 4386884.1, 3166753.8 ], [ 4386872.2, 3166705.8 ], [ 4386847.2, 3166696.2 ], [ 4386842.2, 3166631.6 ], [ 4386813.0, 3166561.3 ], [ 4386775.3, 3166520.2 ], [ 4386734.0, 3166418.9 ], [ 4386710.3, 3166405.6 ], [ 4386669.4, 3166420.7 ], [ 4386658.6, 3166434.4 ], [ 4386621.2, 3166581.8 ], [ 4386608.2, 3166722.0 ], [ 4386583.2, 3166722.7 ], [ 4386570.3, 3166739.1 ], [ 4386568.4, 3166879.9 ], [ 4386548.0, 3166970.0 ], [ 4386513.6, 3166952.5 ], [ 4386510.9, 3166941.6 ], [ 4386528.9, 3166834.5 ], [ 4386518.4, 3166777.9 ], [ 4386500.1, 3166767.2 ], [ 4386483.6, 3166774.1 ], [ 4386469.1, 3166819.8 ], [ 4386470.6, 3166849.6 ], [ 4386457.1, 3166852.4 ], [ 4386438.6, 3166826.7 ], [ 4386427.0, 3166792.4 ], [ 4386406.3, 3166781.5 ], [ 4386400.1, 3166756.0 ], [ 4386380.1, 3166732.0 ], [ 4386383.9, 3166685.4 ], [ 4386369.4, 3166668.2 ], [ 4386359.1, 3166634.9 ], [ 4386359.2, 3166554.3 ], [ 4386348.0, 3166545.4 ], [ 4386255.0, 3166526.5 ], [ 4386266.6, 3166467.2 ], [ 4386262.9, 3166453.0 ], [ 4386156.7, 3166372.5 ], [ 4386121.6, 3166328.9 ], [ 4386101.3, 3166297.9 ], [ 4386119.3, 3166287.2 ], [ 4386122.4, 3166269.7 ], [ 4386092.2, 3166220.5 ], [ 4386029.9, 3166203.5 ], [ 4386024.8, 3166111.9 ], [ 4386078.0, 3166028.8 ], [ 4386116.6, 3165933.0 ], [ 4386182.4, 3165930.2 ], [ 4386267.6, 3166000.0 ], [ 4386301.3, 3166042.2 ], [ 4386355.2, 3166026.0 ], [ 4386372.2, 3166050.3 ], [ 4386388.3, 3166057.1 ], [ 4386458.3, 3166044.6 ], [ 4386488.9, 3166029.1 ], [ 4386493.3, 3166011.3 ], [ 4386480.5, 3165983.4 ], [ 4386345.3, 3165933.2 ], [ 4386337.4, 3165905.2 ], [ 4386310.8, 3165872.8 ], [ 4386308.1, 3165851.1 ], [ 4386257.8, 3165816.3 ], [ 4386283.3, 3165768.7 ], [ 4386278.4, 3165746.3 ], [ 4386291.8, 3165732.8 ], [ 4386328.6, 3165739.4 ], [ 4386353.5, 3165726.7 ], [ 4386369.7, 3165741.7 ], [ 4386391.5, 3165737.0 ], [ 4386435.8, 3165782.4 ], [ 4386536.6, 3165838.0 ], [ 4386625.1, 3165942.1 ], [ 4386644.3, 3165948.0 ], [ 4386703.8, 3166068.4 ], [ 4386690.9, 3166124.7 ], [ 4386705.5, 3166145.2 ], [ 4386732.7, 3166142.1 ], [ 4386798.2, 3166115.5 ], [ 4386812.5, 3166096.7 ], [ 4386740.4, 3165919.8 ], [ 4386908.0, 3165875.4 ], [ 4386976.5, 3165869.8 ], [ 4387014.4, 3165907.8 ], [ 4387065.5, 3165932.5 ], [ 4387052.9, 3165970.9 ], [ 4387056.3, 3165989.1 ], [ 4387074.8, 3166009.1 ], [ 4387022.2, 3166002.5 ], [ 4386994.6, 3165972.0 ], [ 4386977.0, 3165967.2 ], [ 4386960.2, 3165980.8 ], [ 4386955.4, 3166027.1 ], [ 4387000.4, 3166092.5 ], [ 4387074.2, 3166148.9 ], [ 4387027.1, 3166197.4 ], [ 4387024.6, 3166218.0 ], [ 4387100.7, 3166281.7 ], [ 4387158.9, 3166401.7 ], [ 4387173.0, 3166413.6 ], [ 4387188.0, 3166412.3 ], [ 4387204.1, 3166398.2 ], [ 4387255.7, 3166408.9 ], [ 4387297.5, 3166376.3 ], [ 4387300.5, 3166355.1 ], [ 4387277.3, 3166325.8 ], [ 4387341.0, 3166263.6 ], [ 4387347.7, 3166236.4 ], [ 4387346.6, 3166162.5 ], [ 4387407.9, 3166168.4 ], [ 4387450.6, 3166153.7 ], [ 4387457.6, 3166134.0 ], [ 4387442.0, 3166101.5 ], [ 4387454.4, 3166075.1 ], [ 4387527.9, 3166060.5 ], [ 4387580.3, 3166082.9 ], [ 4387599.6, 3166068.7 ], [ 4387582.0, 3166014.9 ], [ 4387577.8, 3165964.4 ], [ 4387560.2, 3165953.9 ], [ 4387508.9, 3165955.6 ], [ 4387489.6, 3165919.5 ], [ 4387486.1, 3165900.7 ], [ 4387495.3, 3165872.1 ], [ 4387483.7, 3165843.5 ], [ 4387458.8, 3165835.1 ], [ 4387376.6, 3165848.7 ], [ 4387353.0, 3165822.1 ], [ 4387258.0, 3165825.7 ], [ 4387246.5, 3165779.0 ], [ 4387334.0, 3165739.5 ], [ 4387419.1, 3165602.8 ], [ 4387421.2, 3165502.9 ], [ 4387347.6, 3165439.2 ], [ 4387324.6, 3165400.5 ], [ 4387296.6, 3165402.6 ], [ 4387286.0, 3165385.1 ], [ 4387268.5, 3165380.9 ], [ 4387228.7, 3165395.8 ], [ 4387202.2, 3165421.4 ], [ 4387169.2, 3165584.0 ], [ 4387158.0, 3165606.6 ], [ 4387169.3, 3165675.6 ], [ 4387142.7, 3165654.8 ], [ 4387108.4, 3165655.1 ], [ 4387113.4, 3165625.8 ], [ 4387106.0, 3165609.3 ], [ 4387046.0, 3165583.5 ], [ 4386922.9, 3165485.8 ], [ 4386989.5, 3165426.9 ], [ 4386992.0, 3165412.3 ], [ 4386981.7, 3165397.2 ], [ 4386963.4, 3165395.2 ], [ 4386928.8, 3165410.7 ], [ 4386914.4, 3165388.3 ], [ 4386877.1, 3165378.5 ], [ 4386851.2, 3165336.5 ], [ 4386788.1, 3165328.6 ], [ 4386754.3, 3165297.3 ], [ 4386662.7, 3165268.2 ], [ 4386642.4, 3165274.9 ], [ 4386626.8, 3165308.3 ], [ 4386601.2, 3165292.7 ], [ 4386570.3, 3165295.8 ], [ 4386489.3, 3165336.6 ], [ 4386458.1, 3165292.3 ], [ 4386516.1, 3165241.0 ], [ 4386607.7, 3165119.7 ], [ 4386654.8, 3165102.4 ], [ 4386670.6, 3165081.4 ], [ 4386691.3, 3165076.1 ], [ 4386709.5, 3165116.8 ], [ 4386736.4, 3165144.9 ], [ 4386777.7, 3165161.2 ], [ 4386795.2, 3165150.3 ], [ 4386829.6, 3165090.1 ], [ 4386832.0, 3165073.4 ], [ 4386880.3, 3165071.3 ], [ 4386953.5, 3165054.1 ], [ 4386981.3, 3165070.4 ], [ 4387007.4, 3165073.8 ], [ 4387032.2, 3165055.3 ], [ 4387027.3, 3165022.9 ], [ 4387124.3, 3165073.6 ], [ 4387181.7, 3165056.9 ], [ 4387189.8, 3165041.2 ], [ 4387196.7, 3164934.7 ], [ 4387325.3, 3164847.6 ], [ 4387347.8, 3164821.3 ], [ 4387381.6, 3164724.3 ], [ 4387398.2, 3164599.4 ], [ 4387377.8, 3164584.9 ], [ 4387342.8, 3164602.9 ], [ 4387275.8, 3164607.8 ], [ 4387207.8, 3164706.7 ], [ 4387170.8, 3164745.7 ], [ 4387142.0, 3164701.4 ], [ 4387237.2, 3164576.1 ], [ 4387370.1, 3164532.8 ], [ 4387419.5, 3164539.9 ], [ 4387476.2, 3164532.5 ], [ 4387510.7, 3164490.8 ], [ 4387515.8, 3164463.2 ], [ 4387504.6, 3164425.2 ], [ 4387401.3, 3164289.8 ], [ 4387340.6, 3164260.3 ], [ 4387273.9, 3164308.6 ], [ 4387233.7, 3164277.3 ], [ 4387251.5, 3164270.0 ], [ 4387278.9, 3164239.3 ], [ 4387258.3, 3164144.0 ], [ 4387201.3, 3164074.8 ], [ 4387201.6, 3164023.8 ], [ 4387039.8, 3163809.2 ], [ 4387024.2, 3163800.6 ], [ 4387009.6, 3163804.5 ], [ 4386988.8, 3163736.2 ], [ 4387000.0, 3163717.4 ], [ 4386980.8, 3163610.7 ], [ 4386979.4, 3163469.8 ], [ 4387005.6, 3163423.6 ], [ 4387165.0, 3163276.6 ], [ 4387169.7, 3163260.3 ], [ 4387161.8, 3163245.4 ], [ 4387191.4, 3163214.3 ], [ 4387189.8, 3163187.9 ], [ 4387177.9, 3163179.5 ], [ 4387160.0, 3163182.2 ], [ 4387094.5, 3163242.1 ], [ 4387086.8, 3163267.2 ], [ 4387064.7, 3163273.7 ], [ 4387035.3, 3163302.2 ], [ 4387014.8, 3163303.7 ], [ 4386981.3, 3163342.5 ], [ 4386971.7, 3163331.1 ], [ 4387042.7, 3163246.0 ], [ 4387042.3, 3163227.5 ], [ 4387031.6, 3163217.1 ], [ 4387013.1, 3163217.3 ], [ 4386968.5, 3163242.3 ], [ 4386957.3, 3163232.4 ], [ 4386942.5, 3163231.9 ], [ 4386921.8, 3163254.1 ], [ 4386897.6, 3163264.9 ], [ 4386873.9, 3163258.1 ], [ 4386826.3, 3163273.9 ], [ 4386815.2, 3163287.6 ], [ 4386594.2, 3163314.3 ], [ 4386571.5, 3163307.1 ], [ 4386492.4, 3163354.2 ], [ 4386446.2, 3163398.9 ], [ 4386457.8, 3163423.3 ], [ 4386454.0, 3163450.5 ], [ 4386465.0, 3163464.3 ], [ 4386456.7, 3163518.0 ], [ 4386433.6, 3163519.3 ], [ 4386413.2, 3163538.9 ], [ 4386395.7, 3163542.3 ], [ 4386331.7, 3163597.7 ], [ 4386330.2, 3163623.7 ], [ 4386225.5, 3163765.1 ], [ 4386228.3, 3163810.1 ], [ 4386206.8, 3163860.5 ], [ 4386148.3, 3163929.7 ], [ 4386106.2, 3163929.7 ], [ 4386098.5, 3163884.8 ], [ 4386082.6, 3163870.9 ], [ 4386017.4, 3163887.5 ], [ 4386005.2, 3163904.1 ], [ 4385965.2, 3163904.8 ], [ 4385967.0, 3163882.4 ], [ 4385984.9, 3163863.4 ], [ 4385974.9, 3163831.6 ], [ 4385988.4, 3163823.1 ], [ 4385993.3, 3163809.0 ], [ 4385982.2, 3163790.2 ], [ 4385954.2, 3163785.2 ], [ 4385936.4, 3163801.3 ], [ 4385943.4, 3163825.4 ], [ 4385905.0, 3163867.2 ], [ 4385903.5, 3163907.1 ], [ 4385866.8, 3163902.3 ], [ 4385848.3, 3163913.6 ], [ 4385857.3, 3163988.9 ], [ 4385837.0, 3163993.6 ], [ 4385823.2, 3163915.5 ], [ 4385784.8, 3163891.1 ], [ 4385705.9, 3163874.6 ], [ 4385710.8, 3163844.8 ], [ 4385685.0, 3163824.8 ], [ 4385714.5, 3163816.8 ], [ 4385767.2, 3163819.6 ], [ 4385787.8, 3163780.6 ], [ 4385813.7, 3163783.5 ], [ 4385855.8, 3163742.9 ], [ 4385854.4, 3163713.6 ], [ 4385917.7, 3163694.5 ], [ 4385938.1, 3163720.7 ], [ 4385994.1, 3163762.0 ], [ 4386013.7, 3163805.9 ], [ 4386030.7, 3163809.5 ], [ 4386068.1, 3163795.4 ], [ 4386090.2, 3163835.6 ], [ 4386117.5, 3163834.5 ], [ 4386160.8, 3163759.4 ], [ 4386179.7, 3163757.4 ], [ 4386196.0, 3163745.3 ], [ 4386240.6, 3163675.1 ], [ 4386232.4, 3163658.6 ], [ 4386175.5, 3163629.1 ], [ 4386136.1, 3163648.7 ], [ 4386128.8, 3163671.0 ], [ 4386113.2, 3163677.0 ], [ 4386078.5, 3163633.2 ], [ 4386101.7, 3163608.5 ], [ 4386113.1, 3163561.1 ], [ 4386179.9, 3163566.9 ], [ 4386204.2, 3163556.3 ], [ 4386292.2, 3163583.7 ], [ 4386309.7, 3163579.3 ], [ 4386387.4, 3163488.0 ], [ 4386401.5, 3163489.1 ], [ 4386415.3, 3163478.5 ], [ 4386424.0, 3163436.9 ], [ 4386400.4, 3163408.9 ], [ 4386401.2, 3163389.9 ], [ 4386423.7, 3163344.4 ], [ 4386494.5, 3163281.7 ], [ 4386527.0, 3163240.5 ], [ 4386578.3, 3163244.7 ], [ 4386605.9, 3163218.3 ], [ 4386670.0, 3163215.2 ], [ 4386680.9, 3163237.3 ], [ 4386706.9, 3163239.6 ], [ 4386871.4, 3163193.3 ], [ 4386917.7, 3163128.3 ], [ 4386883.0, 3163089.7 ], [ 4386826.0, 3163064.2 ], [ 4386860.6, 3163007.9 ], [ 4386852.9, 3162963.7 ], [ 4386868.1, 3162938.0 ], [ 4386899.6, 3162948.1 ], [ 4386918.6, 3162937.6 ], [ 4387035.7, 3162971.4 ], [ 4387146.1, 3162889.7 ], [ 4387154.0, 3162868.4 ], [ 4387205.9, 3162830.4 ], [ 4387226.3, 3162825.7 ], [ 4387238.9, 3162804.1 ], [ 4387233.6, 3162784.6 ], [ 4387157.1, 3162754.1 ], [ 4387184.9, 3162717.7 ], [ 4387216.3, 3162727.0 ], [ 4387250.7, 3162701.5 ], [ 4387262.2, 3162627.4 ], [ 4387277.9, 3162618.3 ], [ 4387282.0, 3162604.0 ], [ 4387270.0, 3162585.7 ], [ 4387205.4, 3162565.6 ], [ 4387226.8, 3162545.0 ], [ 4387251.0, 3162489.6 ], [ 4387271.2, 3162481.3 ], [ 4387310.5, 3162497.9 ], [ 4387343.3, 3162456.8 ], [ 4387338.7, 3162379.3 ], [ 4387316.3, 3162266.9 ], [ 4387320.1, 3162131.9 ], [ 4387305.1, 3162116.8 ], [ 4387251.5, 3162117.0 ], [ 4387143.4, 3162214.6 ], [ 4387113.8, 3162369.1 ], [ 4387091.5, 3162408.4 ], [ 4387044.6, 3162450.7 ], [ 4387035.1, 3162478.8 ], [ 4386782.0, 3162638.0 ], [ 4386662.7, 3162659.4 ], [ 4386630.0, 3162651.7 ], [ 4386570.1, 3162677.9 ], [ 4386540.9, 3162666.5 ], [ 4386534.1, 3162649.2 ], [ 4386621.4, 3162597.6 ], [ 4386700.0, 3162532.7 ], [ 4386849.8, 3162462.3 ], [ 4386998.8, 3162359.9 ], [ 4387025.8, 3162327.1 ], [ 4387053.4, 3162269.8 ], [ 4387057.9, 3162247.5 ], [ 4387047.3, 3162186.3 ], [ 4387064.7, 3162151.7 ], [ 4387052.7, 3162120.8 ], [ 4387055.6, 3162097.0 ], [ 4387072.0, 3162070.3 ], [ 4387128.8, 3162033.8 ], [ 4387160.7, 3162030.3 ], [ 4387172.6, 3162013.5 ], [ 4387226.7, 3162005.6 ], [ 4387244.1, 3162040.8 ], [ 4387317.9, 3162044.4 ], [ 4387329.7, 3162026.8 ], [ 4387333.2, 3161940.7 ], [ 4387356.4, 3161932.8 ], [ 4387367.9, 3161904.5 ], [ 4387383.9, 3161899.1 ], [ 4387391.7, 3161886.7 ], [ 4387388.0, 3161868.9 ], [ 4387325.2, 3161807.1 ], [ 4387298.7, 3161803.7 ], [ 4387251.2, 3161763.0 ], [ 4387257.5, 3161747.2 ], [ 4387251.1, 3161722.6 ], [ 4387214.9, 3161653.0 ], [ 4387260.7, 3161521.7 ], [ 4387300.6, 3161490.6 ], [ 4387340.5, 3161438.6 ], [ 4387358.4, 3161442.9 ], [ 4387373.6, 3161432.2 ], [ 4387390.9, 3161371.0 ], [ 4387387.7, 3161305.9 ], [ 4387368.2, 3161270.8 ], [ 4387316.7, 3161232.2 ], [ 4387256.6, 3161088.7 ], [ 4387164.2, 3160980.6 ], [ 4387137.6, 3160936.2 ], [ 4387121.8, 3160930.4 ], [ 4387075.9, 3160942.0 ], [ 4386995.2, 3160926.5 ], [ 4386933.1, 3160924.4 ], [ 4386912.0, 3160930.8 ], [ 4386870.3, 3160927.5 ], [ 4386800.9, 3160950.2 ], [ 4386781.9, 3160965.7 ], [ 4386767.2, 3160996.0 ], [ 4386736.5, 3161031.5 ], [ 4386656.6, 3161083.5 ], [ 4386629.0, 3161139.7 ], [ 4386610.7, 3161203.4 ], [ 4386594.0, 3161187.4 ], [ 4386607.2, 3161146.6 ], [ 4386605.5, 3161119.9 ], [ 4386560.9, 3161075.2 ], [ 4386559.9, 3161058.8 ], [ 4386590.7, 3161023.1 ], [ 4386641.6, 3161009.7 ], [ 4386706.4, 3160975.1 ], [ 4386837.9, 3160874.1 ], [ 4386862.4, 3160865.9 ], [ 4386923.3, 3160865.9 ], [ 4387027.8, 3160890.9 ], [ 4387079.8, 3160891.7 ], [ 4387101.5, 3160905.0 ], [ 4387119.6, 3160901.7 ], [ 4387193.9, 3160656.5 ], [ 4387190.3, 3160607.7 ], [ 4387105.2, 3160523.7 ], [ 4387053.1, 3160446.2 ], [ 4387041.0, 3160405.1 ], [ 4387029.8, 3160303.3 ], [ 4387008.7, 3160228.6 ], [ 4386934.5, 3160060.4 ], [ 4386924.2, 3160006.0 ], [ 4386901.2, 3159993.1 ], [ 4386879.0, 3159944.9 ], [ 4386881.3, 3159937.3 ], [ 4386906.8, 3159928.3 ], [ 4386913.6, 3159911.1 ], [ 4386880.3, 3159793.0 ], [ 4386887.3, 3159732.2 ], [ 4386860.4, 3159653.4 ], [ 4386884.2, 3159621.7 ], [ 4386880.3, 3159590.4 ], [ 4386865.1, 3159575.7 ], [ 4386867.4, 3159560.0 ], [ 4386895.9, 3159543.2 ], [ 4386909.8, 3159511.1 ], [ 4386932.6, 3159490.8 ], [ 4386948.6, 3159493.7 ], [ 4386960.9, 3159486.6 ], [ 4386996.8, 3159407.0 ], [ 4387047.9, 3159341.2 ], [ 4387067.9, 3159292.0 ], [ 4387084.8, 3159284.6 ], [ 4387132.8, 3159215.0 ], [ 4387196.0, 3159146.9 ], [ 4387238.3, 3159073.5 ], [ 4387271.0, 3158965.4 ], [ 4387323.9, 3158866.8 ], [ 4387314.4, 3158775.8 ], [ 4387319.6, 3158684.5 ], [ 4387392.9, 3158491.7 ], [ 4387395.1, 3158331.0 ], [ 4387370.3, 3158285.7 ], [ 4387196.5, 3158144.7 ], [ 4387182.1, 3158142.2 ], [ 4387167.1, 3158152.1 ], [ 4387142.2, 3158242.5 ], [ 4387119.6, 3158255.4 ], [ 4387112.2, 3158315.0 ], [ 4387059.9, 3158445.7 ], [ 4386980.8, 3158583.2 ], [ 4386951.9, 3158609.0 ], [ 4386920.9, 3158623.4 ], [ 4386870.3, 3158587.0 ], [ 4386818.0, 3158614.9 ], [ 4386781.1, 3158595.6 ], [ 4386771.4, 3158533.3 ], [ 4386760.8, 3158519.3 ], [ 4386701.1, 3158526.1 ], [ 4386686.3, 3158536.5 ], [ 4386684.3, 3158554.4 ], [ 4386699.8, 3158569.0 ], [ 4386705.2, 3158606.3 ], [ 4386721.7, 3158613.4 ], [ 4386750.3, 3158604.3 ], [ 4386739.3, 3158617.9 ], [ 4386728.5, 3158682.0 ], [ 4386700.7, 3158732.8 ], [ 4386716.9, 3158832.5 ], [ 4386738.3, 3158879.5 ], [ 4386724.7, 3158907.3 ], [ 4386758.7, 3158960.9 ], [ 4386723.8, 3158984.7 ], [ 4386667.7, 3159010.4 ], [ 4386646.8, 3159013.0 ], [ 4386626.2, 3159005.5 ], [ 4386539.8, 3159033.1 ], [ 4386518.6, 3159010.1 ], [ 4386478.7, 3159002.4 ], [ 4386462.0, 3159006.6 ], [ 4386452.5, 3159024.4 ], [ 4386354.5, 3158810.7 ], [ 4386358.3, 3158788.2 ], [ 4386333.9, 3158742.6 ], [ 4386318.3, 3158733.4 ], [ 4386201.3, 3158758.7 ], [ 4386180.4, 3158781.0 ], [ 4386103.0, 3158811.5 ], [ 4386048.9, 3158820.1 ], [ 4386008.5, 3158813.2 ], [ 4385877.0, 3158835.0 ], [ 4385768.4, 3158882.8 ], [ 4385720.8, 3158884.3 ], [ 4385665.7, 3158857.7 ], [ 4385642.5, 3158870.1 ], [ 4385594.0, 3158865.0 ], [ 4385559.2, 3158872.0 ], [ 4385546.8, 3158884.6 ], [ 4385533.1, 3158951.0 ], [ 4385508.8, 3158992.0 ], [ 4385460.0, 3158996.7 ], [ 4385362.5, 3159106.0 ], [ 4385327.6, 3159130.6 ], [ 4385316.6, 3159151.6 ], [ 4385273.1, 3159175.6 ], [ 4385265.3, 3159188.2 ], [ 4385259.6, 3159257.2 ], [ 4385236.0, 3159297.5 ], [ 4385234.3, 3159319.7 ], [ 4385242.4, 3159357.9 ], [ 4385260.1, 3159369.1 ], [ 4385270.1, 3159459.2 ], [ 4385319.9, 3159538.4 ], [ 4385321.9, 3159582.1 ], [ 4385340.4, 3159625.2 ], [ 4385325.7, 3159677.7 ], [ 4385334.6, 3159692.7 ], [ 4385348.5, 3159696.9 ], [ 4385342.1, 3159716.5 ], [ 4385296.7, 3159761.0 ], [ 4385301.2, 3159788.5 ], [ 4385294.2, 3159794.9 ], [ 4385189.1, 3159853.0 ], [ 4385161.4, 3159833.1 ], [ 4385104.5, 3159829.9 ], [ 4385075.3, 3159842.8 ], [ 4385100.8, 3159811.1 ], [ 4385157.3, 3159788.1 ], [ 4385173.8, 3159793.7 ], [ 4385200.6, 3159783.3 ], [ 4385246.9, 3159742.7 ], [ 4385292.2, 3159744.3 ], [ 4385312.6, 3159697.4 ], [ 4385294.4, 3159677.1 ], [ 4385300.2, 3159644.4 ], [ 4385295.5, 3159607.2 ], [ 4385228.0, 3159497.0 ], [ 4385194.1, 3159362.9 ], [ 4385189.7, 3159289.7 ], [ 4385204.7, 3159259.6 ], [ 4385222.5, 3159183.9 ], [ 4385195.5, 3159164.9 ], [ 4385178.1, 3159163.0 ], [ 4385158.0, 3159175.8 ], [ 4385123.6, 3159220.4 ], [ 4385077.1, 3159150.3 ], [ 4385056.0, 3159144.9 ], [ 4385035.8, 3159158.7 ], [ 4385031.0, 3159172.9 ], [ 4385007.2, 3159176.8 ], [ 4384980.9, 3159215.2 ], [ 4384905.4, 3159259.2 ], [ 4384892.8, 3159377.8 ], [ 4384854.6, 3159486.6 ], [ 4384842.6, 3159512.3 ], [ 4384824.7, 3159527.3 ], [ 4384798.0, 3159698.2 ], [ 4384777.4, 3159687.3 ], [ 4384762.9, 3159689.5 ], [ 4384737.6, 3159725.7 ], [ 4384740.5, 3159743.0 ], [ 4384758.8, 3159756.7 ], [ 4384746.7, 3159773.4 ], [ 4384732.2, 3159825.8 ], [ 4384805.8, 3159897.5 ], [ 4384778.7, 3159930.6 ], [ 4384784.7, 3159948.2 ], [ 4384798.2, 3159954.8 ], [ 4384794.7, 3159970.9 ], [ 4384756.0, 3159983.5 ], [ 4384737.1, 3160003.3 ], [ 4384662.1, 3160047.2 ], [ 4384685.2, 3159985.1 ], [ 4384676.0, 3159964.1 ], [ 4384686.5, 3159923.2 ], [ 4384678.1, 3159903.7 ], [ 4384653.7, 3159902.0 ], [ 4384568.7, 3159968.2 ], [ 4384505.6, 3159894.3 ], [ 4384484.7, 3159890.2 ], [ 4384449.7, 3159923.9 ], [ 4384413.1, 3159941.2 ], [ 4384402.7, 3159959.8 ], [ 4384291.3, 3160060.1 ], [ 4384262.8, 3160064.3 ], [ 4384214.6, 3160114.6 ], [ 4384152.5, 3160146.4 ], [ 4384118.9, 3160179.2 ], [ 4384045.5, 3160205.3 ], [ 4384032.2, 3160219.7 ], [ 4383933.8, 3160229.7 ], [ 4383904.7, 3160258.5 ], [ 4383857.5, 3160263.4 ], [ 4383803.7, 3160257.8 ], [ 4383781.6, 3160219.1 ], [ 4383787.4, 3160206.3 ], [ 4383782.0, 3160189.6 ], [ 4383764.5, 3160181.5 ], [ 4383731.9, 3160185.1 ], [ 4383712.7, 3160156.5 ], [ 4383685.7, 3160140.6 ], [ 4383781.0, 3160012.4 ], [ 4383762.4, 3159959.6 ], [ 4383739.6, 3159946.0 ], [ 4383726.3, 3159951.2 ], [ 4383713.8, 3159971.1 ], [ 4383686.6, 3159969.9 ], [ 4383611.3, 3160022.8 ], [ 4383601.7, 3160004.6 ], [ 4383584.4, 3159999.4 ], [ 4383525.8, 3160035.6 ], [ 4383519.5, 3160049.2 ], [ 4383524.5, 3160067.3 ], [ 4383486.8, 3160107.5 ], [ 4383493.4, 3160129.5 ], [ 4383520.5, 3160143.8 ], [ 4383395.3, 3160219.6 ], [ 4383388.3, 3160235.6 ], [ 4383393.9, 3160250.5 ], [ 4383381.5, 3160266.0 ], [ 4383368.6, 3160252.2 ], [ 4383350.4, 3160250.2 ], [ 4383260.0, 3160296.2 ], [ 4383251.3, 3160276.8 ], [ 4383251.6, 3160210.9 ], [ 4383230.1, 3160051.4 ], [ 4383236.1, 3160016.4 ], [ 4383314.1, 3159895.8 ], [ 4383344.6, 3159877.2 ], [ 4383450.0, 3159855.2 ], [ 4383455.1, 3159838.0 ], [ 4383443.5, 3159774.3 ], [ 4383479.8, 3159718.0 ], [ 4383476.2, 3159680.5 ], [ 4383466.2, 3159666.7 ], [ 4383410.7, 3159655.5 ], [ 4383394.4, 3159637.2 ], [ 4383301.2, 3159606.1 ], [ 4383305.7, 3159569.8 ], [ 4383458.7, 3159172.5 ], [ 4383529.2, 3159183.0 ], [ 4383547.5, 3159162.8 ], [ 4383539.4, 3159127.7 ], [ 4383423.4, 3159082.6 ], [ 4383416.1, 3159067.2 ], [ 4383418.3, 3159052.6 ], [ 4383473.7, 3159068.6 ], [ 4383492.6, 3159060.9 ], [ 4383514.7, 3158951.2 ], [ 4383439.2, 3158912.3 ], [ 4383407.7, 3158917.7 ], [ 4383363.1, 3158984.3 ], [ 4383359.7, 3159059.6 ], [ 4383311.3, 3159167.3 ], [ 4383294.9, 3159243.7 ], [ 4383254.1, 3159332.5 ], [ 4383170.1, 3159437.3 ], [ 4383087.9, 3159558.0 ], [ 4383084.0, 3159595.1 ], [ 4383103.3, 3159646.3 ], [ 4383096.0, 3159670.3 ], [ 4382973.3, 3159802.8 ], [ 4382953.9, 3159796.2 ], [ 4382938.0, 3159803.6 ], [ 4382892.8, 3159871.8 ], [ 4382803.4, 3159963.3 ], [ 4382799.0, 3159977.7 ], [ 4382804.9, 3159991.5 ], [ 4382842.5, 3160006.1 ], [ 4382793.3, 3160080.3 ], [ 4382664.5, 3160131.5 ], [ 4382676.5, 3160085.0 ], [ 4382705.4, 3160058.3 ], [ 4382851.0, 3159859.2 ], [ 4382861.1, 3159813.0 ], [ 4382839.6, 3159767.0 ], [ 4382731.8, 3159762.8 ], [ 4382485.6, 3159805.3 ], [ 4382468.5, 3159818.3 ], [ 4382470.7, 3159839.7 ], [ 4382526.5, 3159874.5 ], [ 4382533.4, 3159897.7 ], [ 4382599.5, 3159925.0 ], [ 4382608.3, 3159945.4 ], [ 4382597.1, 3159994.7 ], [ 4382579.8, 3160012.3 ], [ 4382512.0, 3160013.1 ], [ 4382462.4, 3160028.1 ], [ 4382379.6, 3160068.0 ], [ 4382371.7, 3160094.0 ], [ 4382384.3, 3160110.1 ], [ 4382413.7, 3160124.0 ], [ 4382450.1, 3160100.3 ], [ 4382471.8, 3160106.0 ], [ 4382526.1, 3160096.9 ], [ 4382604.4, 3160100.6 ], [ 4382623.7, 3160135.9 ], [ 4382639.6, 3160145.1 ], [ 4382628.9, 3160261.4 ], [ 4382637.3, 3160307.5 ], [ 4382665.5, 3160364.7 ], [ 4382640.1, 3160358.5 ], [ 4382543.5, 3160380.7 ], [ 4382519.2, 3160357.3 ], [ 4382498.2, 3160282.4 ], [ 4382480.4, 3160270.4 ], [ 4382464.1, 3160273.7 ], [ 4382455.3, 3160285.2 ], [ 4382462.3, 3160319.2 ], [ 4382387.8, 3160325.7 ], [ 4382372.5, 3160334.0 ], [ 4382370.2, 3160357.6 ], [ 4382410.8, 3160420.9 ], [ 4382477.6, 3160579.9 ], [ 4382235.7, 3160478.5 ], [ 4382210.7, 3160478.8 ], [ 4382150.4, 3160512.6 ], [ 4382120.3, 3160519.2 ], [ 4382071.0, 3160506.5 ], [ 4382015.6, 3160463.1 ], [ 4381992.3, 3160466.9 ], [ 4381962.9, 3160528.1 ], [ 4381891.8, 3160579.3 ], [ 4381842.4, 3160602.1 ], [ 4381734.0, 3160673.4 ], [ 4381724.5, 3160691.0 ], [ 4381625.3, 3160769.3 ], [ 4381637.6, 3160877.0 ], [ 4381610.7, 3161011.7 ], [ 4381627.5, 3161070.3 ], [ 4381541.4, 3161149.6 ], [ 4381541.3, 3161171.5 ], [ 4381568.1, 3161191.8 ], [ 4381546.8, 3161215.6 ], [ 4381542.4, 3161237.4 ], [ 4381494.0, 3161254.6 ], [ 4381418.3, 3161262.9 ], [ 4381407.3, 3161245.9 ], [ 4381394.0, 3161240.5 ], [ 4381287.9, 3161258.0 ], [ 4381266.1, 3161258.2 ], [ 4381245.4, 3161240.0 ], [ 4381179.4, 3161248.1 ], [ 4381163.1, 3161259.1 ], [ 4381096.7, 3161252.9 ], [ 4381017.6, 3161277.2 ], [ 4380987.6, 3161304.5 ], [ 4381000.3, 3161268.6 ], [ 4380992.0, 3161224.9 ], [ 4381009.4, 3161214.4 ], [ 4381132.2, 3161167.3 ], [ 4381155.5, 3161170.1 ], [ 4381277.4, 3161137.5 ], [ 4381311.8, 3161110.4 ], [ 4381354.0, 3161143.7 ], [ 4381371.5, 3161145.5 ], [ 4381532.7, 3161079.0 ], [ 4381581.2, 3161035.1 ], [ 4381599.0, 3161004.0 ], [ 4381582.2, 3160922.7 ], [ 4381591.9, 3160829.4 ], [ 4381584.3, 3160754.9 ], [ 4381624.1, 3160703.5 ], [ 4381710.9, 3160655.6 ], [ 4381734.8, 3160619.8 ], [ 4381784.6, 3160581.0 ], [ 4381832.5, 3160515.2 ], [ 4381835.3, 3160497.5 ], [ 4381808.0, 3160460.3 ], [ 4381792.4, 3160453.7 ], [ 4381640.0, 3160506.8 ], [ 4381593.2, 3160533.5 ], [ 4381486.5, 3160542.8 ], [ 4381471.3, 3160500.1 ], [ 4381594.3, 3160498.6 ], [ 4381687.8, 3160448.9 ], [ 4381757.6, 3160317.0 ], [ 4381817.1, 3160301.1 ], [ 4381847.8, 3160303.4 ], [ 4381859.9, 3160294.9 ], [ 4381875.2, 3160258.5 ], [ 4381869.5, 3160232.8 ], [ 4381858.6, 3160223.3 ], [ 4381754.0, 3160255.7 ], [ 4381721.1, 3160286.4 ], [ 4381653.8, 3160309.0 ], [ 4381642.8, 3160322.3 ], [ 4381646.8, 3160342.4 ], [ 4381633.9, 3160360.0 ], [ 4381598.3, 3160380.5 ], [ 4381557.4, 3160363.3 ], [ 4381481.2, 3160394.0 ], [ 4381272.1, 3160526.1 ], [ 4381220.4, 3160584.1 ], [ 4381190.1, 3160600.1 ], [ 4381162.6, 3160603.7 ], [ 4381151.2, 3160586.3 ], [ 4381131.8, 3160576.1 ], [ 4381109.1, 3160583.5 ], [ 4381104.3, 3160600.4 ], [ 4381111.3, 3160624.0 ], [ 4381073.8, 3160642.3 ], [ 4381058.2, 3160679.9 ], [ 4381073.8, 3160721.5 ], [ 4381090.7, 3160734.5 ], [ 4381121.1, 3160734.4 ], [ 4381174.0, 3160717.4 ], [ 4381302.1, 3160615.4 ], [ 4381318.0, 3160590.7 ], [ 4381330.6, 3160622.6 ], [ 4381248.1, 3160686.7 ], [ 4381224.1, 3160714.3 ], [ 4381215.4, 3160738.1 ], [ 4381222.2, 3160755.1 ], [ 4381240.0, 3160764.0 ], [ 4381343.4, 3160755.7 ], [ 4381314.3, 3160776.0 ], [ 4381195.8, 3160799.5 ], [ 4381175.6, 3160793.0 ], [ 4381094.7, 3160796.3 ], [ 4381087.4, 3160773.9 ], [ 4381072.7, 3160765.9 ], [ 4380973.6, 3160779.9 ], [ 4380925.2, 3160805.6 ], [ 4380897.9, 3160838.7 ], [ 4380913.5, 3160886.5 ], [ 4380939.9, 3160910.1 ], [ 4380931.5, 3160922.5 ], [ 4380845.6, 3160892.1 ], [ 4380768.5, 3160957.0 ], [ 4380746.6, 3160988.3 ], [ 4380749.8, 3161008.3 ], [ 4380870.5, 3161127.4 ], [ 4380943.2, 3161230.1 ], [ 4380786.0, 3161284.3 ], [ 4380613.3, 3161246.2 ], [ 4380540.1, 3161240.4 ], [ 4380133.9, 3161299.4 ], [ 4379988.9, 3161382.4 ], [ 4379978.5, 3161396.6 ], [ 4379981.9, 3161413.9 ], [ 4380028.7, 3161481.9 ], [ 4380015.9, 3161505.4 ], [ 4380053.5, 3161607.9 ], [ 4379966.1, 3161646.8 ], [ 4379764.1, 3161694.7 ], [ 4379724.9, 3161724.3 ], [ 4379656.1, 3161728.3 ], [ 4379566.6, 3161694.6 ], [ 4379479.4, 3161744.8 ], [ 4379394.0, 3161726.9 ], [ 4379346.1, 3161725.7 ], [ 4379324.9, 3161733.5 ], [ 4379318.8, 3161677.4 ], [ 4379278.9, 3161638.5 ], [ 4379253.8, 3161591.0 ], [ 4379231.9, 3161469.3 ], [ 4379206.2, 3161459.2 ], [ 4379188.7, 3161441.3 ], [ 4379109.8, 3161465.3 ], [ 4379108.4, 3161493.1 ], [ 4379095.5, 3161512.0 ], [ 4379102.1, 3161531.4 ], [ 4379089.7, 3161562.7 ], [ 4379075.7, 3161552.8 ], [ 4379030.2, 3161550.3 ], [ 4379006.1, 3161564.7 ], [ 4379000.2, 3161600.4 ], [ 4379022.6, 3161629.0 ], [ 4379046.5, 3161628.4 ], [ 4379088.3, 3161588.0 ], [ 4379092.9, 3161572.0 ], [ 4379108.4, 3161603.6 ], [ 4379113.1, 3161635.6 ], [ 4379105.0, 3161657.7 ], [ 4379087.8, 3161646.7 ], [ 4379070.1, 3161648.9 ], [ 4379059.8, 3161663.5 ], [ 4379063.7, 3161680.9 ], [ 4378957.2, 3161746.1 ], [ 4378940.5, 3161733.2 ], [ 4378918.4, 3161743.2 ], [ 4378912.2, 3161800.8 ], [ 4378926.2, 3161819.3 ], [ 4378897.9, 3161925.0 ], [ 4378912.9, 3161944.4 ], [ 4378909.8, 3161974.3 ], [ 4378934.3, 3162044.5 ], [ 4378955.4, 3162066.5 ], [ 4378959.0, 3162102.6 ], [ 4379054.5, 3162254.2 ], [ 4379033.1, 3162296.2 ], [ 4379042.8, 3162310.9 ], [ 4379060.2, 3162313.7 ], [ 4379073.8, 3162350.5 ], [ 4379037.5, 3162353.2 ], [ 4379032.8, 3162316.5 ], [ 4379015.1, 3162304.0 ], [ 4378882.3, 3162357.9 ], [ 4378829.6, 3162335.9 ], [ 4378771.0, 3162333.2 ], [ 4378749.7, 3162307.1 ], [ 4378708.6, 3162304.2 ], [ 4378686.4, 3162324.4 ], [ 4378621.3, 3162345.4 ], [ 4378470.2, 3162453.8 ], [ 4378452.3, 3162459.6 ], [ 4378432.7, 3162483.7 ], [ 4378436.3, 3162538.3 ], [ 4378448.9, 3162551.1 ], [ 4378479.5, 3162558.7 ], [ 4378591.1, 3162561.4 ], [ 4378604.0, 3162555.9 ], [ 4378611.4, 3162540.1 ], [ 4378635.8, 3162535.2 ], [ 4378647.2, 3162517.3 ], [ 4378686.9, 3162508.2 ], [ 4378746.5, 3162510.5 ], [ 4378762.2, 3162536.7 ], [ 4378775.6, 3162542.7 ], [ 4378792.6, 3162536.6 ], [ 4378804.0, 3162517.0 ], [ 4378856.8, 3162570.6 ], [ 4378945.0, 3162623.4 ], [ 4379000.8, 3162638.2 ], [ 4379054.2, 3162640.4 ], [ 4379228.4, 3162623.1 ], [ 4379268.8, 3162589.2 ], [ 4379307.9, 3162535.6 ], [ 4379324.3, 3162525.2 ], [ 4379392.5, 3162512.8 ], [ 4379309.6, 3162623.2 ], [ 4379314.2, 3162649.4 ], [ 4379426.7, 3162719.9 ], [ 4379470.9, 3162735.7 ], [ 4379473.9, 3162762.9 ], [ 4379502.7, 3162774.3 ], [ 4379558.3, 3162816.5 ], [ 4379768.9, 3162846.4 ], [ 4379824.1, 3162916.5 ], [ 4379785.4, 3162888.9 ], [ 4379754.8, 3162886.7 ], [ 4379721.9, 3162896.1 ], [ 4379696.9, 3162921.3 ], [ 4379697.9, 3162938.8 ], [ 4379732.4, 3162997.5 ], [ 4379748.7, 3163043.2 ], [ 4379735.6, 3163071.1 ], [ 4379747.4, 3163142.2 ], [ 4379621.9, 3162919.6 ], [ 4379516.6, 3162890.3 ], [ 4379500.9, 3162899.0 ], [ 4379496.5, 3162912.8 ], [ 4379504.4, 3163015.8 ], [ 4379531.8, 3163095.0 ], [ 4379523.7, 3163165.1 ], [ 4379496.8, 3163173.5 ], [ 4379432.8, 3163102.5 ], [ 4379356.7, 3163099.0 ], [ 4379337.9, 3163083.1 ], [ 4379318.1, 3163091.6 ], [ 4379300.3, 3163124.5 ], [ 4379268.3, 3163136.5 ], [ 4379243.2, 3163158.2 ], [ 4379163.0, 3163149.7 ], [ 4379137.8, 3163124.6 ], [ 4379196.4, 3163036.8 ], [ 4379240.1, 3162991.7 ], [ 4379343.8, 3162927.0 ], [ 4379345.0, 3162892.0 ], [ 4379368.0, 3162849.0 ], [ 4379368.2, 3162821.6 ], [ 4379249.0, 3162777.8 ], [ 4379122.1, 3162754.8 ], [ 4379115.3, 3162738.6 ], [ 4379086.8, 3162724.1 ], [ 4379062.4, 3162690.7 ], [ 4379000.1, 3162683.5 ], [ 4378811.1, 3162626.7 ], [ 4378781.9, 3162590.8 ], [ 4378777.8, 3162559.8 ], [ 4378763.8, 3162547.6 ], [ 4378664.1, 3162564.7 ], [ 4378651.6, 3162572.9 ], [ 4378652.6, 3162647.4 ], [ 4378644.8, 3162663.2 ], [ 4378656.3, 3162767.6 ], [ 4378606.3, 3162783.4 ], [ 4378562.3, 3162711.0 ], [ 4378500.7, 3162662.3 ], [ 4378477.0, 3162663.9 ], [ 4378466.5, 3162684.0 ], [ 4378366.0, 3162649.2 ], [ 4378344.5, 3162631.6 ], [ 4378340.1, 3162587.4 ], [ 4378330.8, 3162572.5 ], [ 4378189.4, 3162534.3 ], [ 4378171.1, 3162515.3 ], [ 4378118.0, 3162522.4 ], [ 4378094.1, 3162572.2 ], [ 4378025.9, 3162630.9 ], [ 4377992.8, 3162682.2 ], [ 4377872.8, 3162730.1 ], [ 4377848.7, 3162730.3 ], [ 4377856.9, 3162669.8 ], [ 4377847.3, 3162650.2 ], [ 4377819.0, 3162647.8 ], [ 4377787.2, 3162661.7 ], [ 4377745.6, 3162667.0 ], [ 4377702.4, 3162637.5 ], [ 4377676.4, 3162599.7 ], [ 4377623.7, 3162598.1 ], [ 4377598.8, 3162586.7 ], [ 4377594.7, 3162533.4 ], [ 4377570.0, 3162521.0 ], [ 4377549.6, 3162532.5 ], [ 4377536.0, 3162551.8 ], [ 4377513.3, 3162561.1 ], [ 4377501.4, 3162629.6 ], [ 4377515.1, 3162662.3 ], [ 4377598.2, 3162784.4 ], [ 4377675.9, 3162782.6 ], [ 4377691.5, 3162773.1 ], [ 4377694.6, 3162755.1 ], [ 4377683.8, 3162737.1 ], [ 4377638.5, 3162729.8 ], [ 4377645.0, 3162696.6 ], [ 4377652.3, 3162696.7 ], [ 4377772.7, 3162780.4 ], [ 4377886.4, 3162805.4 ], [ 4377997.1, 3162819.3 ], [ 4378030.3, 3162838.6 ], [ 4377982.3, 3162912.9 ], [ 4378008.0, 3162966.7 ], [ 4377849.1, 3162973.6 ], [ 4377831.3, 3162985.6 ], [ 4377852.9, 3163130.4 ], [ 4377673.2, 3163140.9 ], [ 4377660.3, 3163112.6 ], [ 4377589.6, 3163104.8 ], [ 4377545.6, 3163083.4 ], [ 4377525.9, 3163099.7 ], [ 4377457.0, 3163211.5 ], [ 4377431.2, 3163148.1 ], [ 4377393.2, 3163121.3 ], [ 4377198.0, 3163146.5 ], [ 4377126.2, 3163144.0 ], [ 4377046.8, 3163156.0 ], [ 4376941.1, 3163157.1 ], [ 4376923.0, 3163144.6 ], [ 4376884.1, 3163145.8 ], [ 4376850.8, 3163126.9 ], [ 4376836.3, 3163126.6 ], [ 4376821.8, 3163142.1 ], [ 4376805.3, 3163234.5 ], [ 4376753.9, 3163227.5 ], [ 4376696.8, 3163231.6 ], [ 4376668.8, 3163241.6 ], [ 4376547.8, 3163254.6 ], [ 4376530.7, 3163269.9 ], [ 4376465.1, 3163269.2 ], [ 4376451.5, 3163281.2 ], [ 4376429.2, 3163365.6 ], [ 4376449.6, 3163431.8 ], [ 4376470.4, 3163461.7 ], [ 4376505.1, 3163489.3 ], [ 4376559.9, 3163499.8 ], [ 4376646.9, 3163482.1 ], [ 4376749.3, 3163518.1 ], [ 4376740.1, 3163591.5 ], [ 4376595.5, 3163581.1 ], [ 4376578.2, 3163594.6 ], [ 4376575.5, 3163628.9 ], [ 4376476.8, 3163631.1 ], [ 4376476.3, 3163600.2 ], [ 4376513.0, 3163598.9 ], [ 4376527.6, 3163588.8 ], [ 4376527.5, 3163555.2 ], [ 4376376.9, 3163450.1 ], [ 4376360.1, 3163446.5 ], [ 4376333.0, 3163463.4 ], [ 4376288.1, 3163469.1 ], [ 4376276.6, 3163486.8 ], [ 4376289.9, 3163540.5 ], [ 4376304.4, 3163553.0 ], [ 4376315.1, 3163588.8 ], [ 4376330.3, 3163596.6 ], [ 4376333.4, 3163633.9 ], [ 4376299.3, 3163641.5 ], [ 4376159.6, 3163707.3 ], [ 4375995.7, 3163681.8 ], [ 4375973.1, 3163666.8 ], [ 4375970.9, 3163648.8 ], [ 4375990.0, 3163614.6 ], [ 4376117.4, 3163498.3 ], [ 4376147.0, 3163500.7 ], [ 4376199.1, 3163472.2 ], [ 4376206.8, 3163459.6 ], [ 4376202.7, 3163441.8 ], [ 4376122.6, 3163420.5 ], [ 4376101.8, 3163396.3 ], [ 4376058.9, 3163374.4 ], [ 4375935.3, 3163364.0 ], [ 4375870.1, 3163428.5 ], [ 4375864.8, 3163467.2 ], [ 4375834.0, 3163505.4 ], [ 4375816.0, 3163562.8 ], [ 4375835.2, 3163653.3 ], [ 4375927.5, 3163696.1 ], [ 4375893.1, 3163758.0 ], [ 4375837.2, 3163800.0 ], [ 4375816.5, 3163805.5 ], [ 4375749.2, 3163900.5 ], [ 4375719.8, 3163903.0 ], [ 4375672.6, 3163923.2 ], [ 4375561.3, 3164203.6 ], [ 4375520.5, 3164242.9 ], [ 4375450.5, 3164283.2 ], [ 4375433.0, 3164325.2 ], [ 4375407.7, 3164360.1 ], [ 4375313.4, 3164437.9 ], [ 4375289.9, 3164469.8 ], [ 4375284.8, 3164508.6 ], [ 4375303.6, 3164550.6 ], [ 4375460.7, 3164647.1 ], [ 4375488.8, 3164681.3 ], [ 4375549.1, 3164804.9 ], [ 4375553.8, 3164844.5 ], [ 4375546.6, 3164970.4 ], [ 4375566.8, 3165174.6 ], [ 4375559.7, 3165203.2 ], [ 4375536.9, 3165242.1 ], [ 4375542.7, 3165255.5 ], [ 4375563.5, 3165268.1 ], [ 4375558.3, 3165291.8 ], [ 4375537.2, 3165308.6 ], [ 4375533.1, 3165339.0 ], [ 4375493.4, 3165324.1 ], [ 4375479.9, 3165330.3 ], [ 4375473.3, 3165347.5 ], [ 4375506.0, 3165430.8 ], [ 4375511.0, 3165520.9 ], [ 4375528.2, 3165546.3 ], [ 4375519.8, 3165621.7 ], [ 4375542.6, 3165735.4 ], [ 4375564.4, 3165780.7 ], [ 4375578.1, 3165842.4 ], [ 4375607.8, 3165858.0 ], [ 4375623.9, 3165879.9 ], [ 4375655.1, 3165890.5 ], [ 4375671.2, 3165927.3 ], [ 4375669.2, 3165962.3 ], [ 4375751.4, 3166023.2 ], [ 4375753.4, 3166045.7 ], [ 4375849.5, 3166146.2 ], [ 4375862.0, 3166170.2 ], [ 4375960.6, 3166194.6 ], [ 4376147.8, 3166178.9 ], [ 4376159.5, 3166204.5 ], [ 4376024.8, 3166237.6 ], [ 4375877.2, 3166260.1 ], [ 4375859.9, 3166285.6 ], [ 4375784.1, 3166484.0 ], [ 4375744.0, 3166679.8 ], [ 4375734.0, 3166678.2 ], [ 4375718.2, 3166628.1 ], [ 4375745.8, 3166538.5 ], [ 4375751.2, 3166416.5 ], [ 4375733.8, 3166399.0 ], [ 4375711.1, 3166408.8 ], [ 4375682.3, 3166608.4 ], [ 4375687.7, 3166625.8 ], [ 4375679.8, 3166642.1 ], [ 4375677.4, 3166742.9 ], [ 4375680.9, 3166847.7 ], [ 4375698.9, 3166907.4 ], [ 4375773.6, 3167015.1 ], [ 4375804.9, 3167038.3 ], [ 4375838.8, 3167053.7 ], [ 4375913.9, 3167060.0 ], [ 4376018.0, 3167118.1 ], [ 4376089.1, 3167144.0 ], [ 4376119.8, 3167148.7 ], [ 4376159.4, 3167142.8 ], [ 4376233.7, 3167088.7 ], [ 4376291.3, 3167060.5 ], [ 4376341.6, 3167052.7 ], [ 4376379.0, 3167062.0 ], [ 4376393.8, 3167088.4 ], [ 4376378.1, 3167171.7 ], [ 4376412.6, 3167345.8 ], [ 4376427.7, 3167638.7 ], [ 4376512.6, 3167772.9 ], [ 4376528.2, 3167780.0 ], [ 4376544.1, 3167773.8 ], [ 4376593.3, 3167794.0 ], [ 4376992.3, 3167880.2 ], [ 4377010.2, 3167898.1 ], [ 4377146.2, 3167925.1 ], [ 4377167.0, 3167911.2 ], [ 4377235.5, 3167957.4 ], [ 4377261.7, 3167951.7 ], [ 4377301.2, 3168020.1 ], [ 4377320.2, 3168027.6 ], [ 4377334.1, 3168059.8 ], [ 4377363.7, 3168273.7 ], [ 4377383.7, 3168304.7 ], [ 4377364.1, 3168323.6 ], [ 4377367.5, 3168343.9 ], [ 4377411.3, 3168362.3 ], [ 4377584.5, 3168396.4 ], [ 4377631.4, 3168431.4 ], [ 4377662.2, 3168479.7 ], [ 4377672.0, 3168524.3 ], [ 4377670.8, 3168652.9 ], [ 4377634.6, 3168832.8 ], [ 4377578.2, 3168959.8 ], [ 4377586.6, 3168998.2 ], [ 4377661.4, 3169051.7 ], [ 4377672.6, 3169077.4 ], [ 4377664.0, 3169118.4 ], [ 4377605.9, 3169190.0 ], [ 4377583.1, 3169248.3 ], [ 4377595.6, 3169278.8 ], [ 4377655.2, 3169317.1 ], [ 4377663.3, 3169349.3 ], [ 4377599.2, 3169557.2 ], [ 4377579.0, 3169597.4 ], [ 4377591.8, 3169628.6 ], [ 4377454.8, 3169759.5 ], [ 4377410.1, 3169825.8 ], [ 4377391.3, 3169886.3 ], [ 4377384.0, 3169957.7 ], [ 4377400.5, 3170013.0 ], [ 4377429.2, 3170044.9 ], [ 4377463.1, 3170057.7 ], [ 4377487.4, 3170112.1 ], [ 4377435.6, 3170117.1 ], [ 4377420.1, 3170156.5 ], [ 4377367.0, 3170209.3 ], [ 4377351.5, 3170285.6 ], [ 4377295.8, 3170359.4 ], [ 4377285.7, 3170399.4 ], [ 4377296.8, 3170442.0 ], [ 4377401.3, 3170596.2 ], [ 4377478.1, 3170658.3 ], [ 4377590.8, 3170712.8 ], [ 4377602.5, 3170731.4 ], [ 4377627.5, 3170831.9 ], [ 4377654.3, 3170859.3 ], [ 4377715.2, 3170899.3 ], [ 4377729.7, 3170919.2 ], [ 4377800.8, 3171131.9 ], [ 4377805.7, 3171197.8 ], [ 4377783.7, 3171330.2 ], [ 4377791.9, 3171365.8 ], [ 4377829.9, 3171445.6 ], [ 4377937.0, 3171531.6 ], [ 4377976.4, 3171542.2 ], [ 4378037.7, 3171495.3 ], [ 4378235.1, 3171441.8 ], [ 4378330.5, 3171410.1 ], [ 4378362.3, 3171392.0 ], [ 4378368.1, 3171375.5 ], [ 4378360.1, 3171359.9 ], [ 4378266.6, 3171324.1 ], [ 4378233.9, 3171224.1 ], [ 4378228.6, 3171166.2 ], [ 4378183.8, 3171024.0 ], [ 4378185.0, 3170998.1 ], [ 4378229.7, 3171002.2 ], [ 4378261.0, 3170973.5 ], [ 4378280.2, 3170978.0 ], [ 4378306.7, 3170968.1 ], [ 4378322.6, 3170992.0 ], [ 4378342.3, 3170996.6 ], [ 4378461.3, 3170921.3 ], [ 4378473.3, 3170894.3 ], [ 4378467.0, 3170873.7 ], [ 4378442.2, 3170843.8 ], [ 4378516.6, 3170776.7 ], [ 4378507.0, 3170719.1 ], [ 4378513.6, 3170713.5 ], [ 4378576.5, 3170744.7 ], [ 4378823.2, 3170822.5 ], [ 4379030.3, 3170797.9 ], [ 4379023.0, 3170829.2 ], [ 4379033.2, 3170864.2 ], [ 4379049.5, 3170883.8 ], [ 4379202.7, 3170868.2 ], [ 4379188.2, 3170883.6 ], [ 4379098.1, 3170914.4 ], [ 4379070.2, 3170954.7 ], [ 4378920.3, 3171034.0 ], [ 4378920.3, 3170931.2 ], [ 4378907.9, 3170914.1 ], [ 4378806.1, 3170901.6 ], [ 4378728.8, 3170908.8 ], [ 4378634.3, 3170847.9 ], [ 4378600.4, 3170852.7 ], [ 4378588.1, 3170872.6 ], [ 4378743.5, 3171162.8 ], [ 4378766.4, 3171196.3 ], [ 4378781.0, 3171204.6 ], [ 4378909.6, 3171215.6 ], [ 4378989.0, 3171176.4 ], [ 4379006.7, 3171149.9 ], [ 4378991.1, 3171109.8 ], [ 4379064.1, 3171070.4 ], [ 4379083.7, 3171040.9 ], [ 4379159.4, 3171003.7 ], [ 4379175.0, 3170947.5 ], [ 4379207.1, 3170952.7 ], [ 4379215.4, 3170977.0 ], [ 4379213.2, 3171008.3 ], [ 4379175.6, 3171065.6 ], [ 4379133.1, 3171103.2 ], [ 4379123.7, 3171137.5 ], [ 4379094.3, 3171185.3 ], [ 4379100.7, 3171208.5 ], [ 4379086.8, 3171269.5 ], [ 4379058.1, 3171297.4 ], [ 4379055.8, 3171313.6 ], [ 4378997.4, 3171420.4 ], [ 4378928.6, 3171455.8 ], [ 4378919.5, 3171470.9 ], [ 4378945.1, 3171519.1 ], [ 4378994.5, 3171560.5 ], [ 4379064.7, 3171684.5 ], [ 4379331.4, 3171867.4 ], [ 4379349.2, 3171856.0 ], [ 4379357.4, 3171801.6 ], [ 4379379.2, 3171792.8 ], [ 4379396.2, 3171749.0 ], [ 4379415.0, 3171756.9 ], [ 4379432.7, 3171745.6 ], [ 4379435.6, 3171698.1 ], [ 4379464.4, 3171640.2 ], [ 4379443.2, 3171572.0 ], [ 4379420.1, 3171541.6 ], [ 4379386.0, 3171524.7 ], [ 4379353.2, 3171531.9 ], [ 4379290.3, 3171505.4 ], [ 4379262.0, 3171461.6 ], [ 4379161.8, 3171403.9 ], [ 4379165.1, 3171363.5 ], [ 4379149.0, 3171328.8 ], [ 4379120.9, 3171304.0 ], [ 4379146.5, 3171297.4 ], [ 4379159.9, 3171262.8 ], [ 4379178.3, 3171240.1 ], [ 4379171.4, 3171196.9 ], [ 4379206.4, 3171195.7 ], [ 4379203.8, 3171225.8 ], [ 4379268.8, 3171297.8 ], [ 4379303.1, 3171352.6 ], [ 4379458.3, 3171502.6 ], [ 4379529.4, 3171549.5 ], [ 4379587.8, 3171630.9 ], [ 4379604.8, 3171663.0 ], [ 4379612.5, 3171699.3 ], [ 4379679.6, 3171777.1 ], [ 4379706.1, 3171792.5 ], [ 4379742.6, 3171830.2 ], [ 4379759.7, 3171835.4 ], [ 4379797.2, 3171818.5 ], [ 4379799.1, 3171800.9 ], [ 4379785.6, 3171769.9 ], [ 4379798.6, 3171762.4 ], [ 4379876.9, 3171868.8 ], [ 4379854.2, 3171878.6 ], [ 4379841.2, 3171894.1 ], [ 4379843.3, 3171929.2 ], [ 4379832.8, 3171951.6 ], [ 4379841.2, 3171967.9 ], [ 4379882.4, 3171980.2 ], [ 4379932.4, 3171945.2 ], [ 4379975.0, 3171954.9 ], [ 4380009.8, 3171999.2 ], [ 4380064.1, 3172021.1 ], [ 4380066.2, 3172042.2 ], [ 4380087.9, 3172063.9 ], [ 4380221.4, 3172163.7 ], [ 4380208.1, 3172198.5 ], [ 4380239.7, 3172234.6 ], [ 4380276.3, 3172224.4 ], [ 4380315.8, 3172187.0 ], [ 4380396.0, 3172147.0 ], [ 4380400.7, 3172129.1 ], [ 4380390.1, 3172113.9 ], [ 4380347.7, 3172110.8 ], [ 4380236.5, 3172070.5 ], [ 4380149.2, 3172011.1 ], [ 4380147.4, 3171953.6 ] ], [ [ 4379887.4, 3171795.3 ], [ 4380034.5, 3171673.9 ], [ 4380032.3, 3171618.9 ], [ 4380044.7, 3171596.4 ], [ 4380072.2, 3171587.9 ], [ 4380102.0, 3171630.9 ], [ 4380172.2, 3171671.8 ], [ 4379930.8, 3171850.3 ], [ 4379887.4, 3171795.3 ] ], [ [ 4380600.7, 3171662.6 ], [ 4380654.2, 3171628.8 ], [ 4380678.1, 3171629.0 ], [ 4380747.1, 3171584.2 ], [ 4380773.1, 3171595.4 ], [ 4380780.7, 3171618.6 ], [ 4380744.6, 3171700.6 ], [ 4380714.6, 3171714.7 ], [ 4380693.7, 3171737.9 ], [ 4380632.3, 3171713.2 ], [ 4380600.7, 3171662.6 ] ], [ [ 4379960.6, 3171474.8 ], [ 4379763.6, 3171678.5 ], [ 4379707.4, 3171614.1 ], [ 4379811.9, 3171498.2 ], [ 4379834.7, 3171514.0 ], [ 4379853.0, 3171514.3 ], [ 4379923.7, 3171449.4 ], [ 4379960.6, 3171474.8 ] ], [ [ 4380493.9, 3171439.3 ], [ 4380431.4, 3171347.9 ], [ 4380529.4, 3171270.1 ], [ 4380563.3, 3171268.5 ], [ 4380589.5, 3171256.9 ], [ 4380607.9, 3171267.5 ], [ 4380705.0, 3171255.9 ], [ 4380714.3, 3171296.0 ], [ 4380664.0, 3171312.1 ], [ 4380493.9, 3171439.3 ] ], [ [ 4380273.8, 3171207.2 ], [ 4380268.9, 3171280.5 ], [ 4380208.8, 3171306.1 ], [ 4380163.8, 3171314.9 ], [ 4380139.2, 3171332.5 ], [ 4380119.8, 3171334.8 ], [ 4380095.9, 3171356.3 ], [ 4380044.7, 3171308.9 ], [ 4379999.3, 3171295.0 ], [ 4379974.7, 3171278.2 ], [ 4379930.1, 3171187.1 ], [ 4380060.4, 3171150.6 ], [ 4380269.8, 3171173.1 ], [ 4380303.5, 3171108.2 ], [ 4380383.0, 3171015.8 ], [ 4380547.4, 3171111.6 ], [ 4380327.0, 3171222.9 ], [ 4380289.7, 3171200.1 ], [ 4380273.8, 3171207.2 ] ], [ [ 4380859.1, 3171159.3 ], [ 4380795.5, 3171096.2 ], [ 4380773.7, 3171089.7 ], [ 4380696.7, 3171109.2 ], [ 4380667.7, 3171053.4 ], [ 4380688.2, 3171014.2 ], [ 4380728.8, 3170997.6 ], [ 4380739.4, 3170979.8 ], [ 4380733.2, 3170963.4 ], [ 4380680.7, 3170909.2 ], [ 4380690.3, 3170839.4 ], [ 4380769.9, 3170921.2 ], [ 4380864.8, 3170935.4 ], [ 4380906.0, 3170951.3 ], [ 4381095.4, 3171088.4 ], [ 4381052.3, 3171119.8 ], [ 4381040.4, 3171148.2 ], [ 4380910.3, 3171105.0 ], [ 4380859.1, 3171159.3 ] ], [ [ 4380473.6, 3170844.4 ], [ 4380433.8, 3170935.7 ], [ 4380426.0, 3170897.7 ], [ 4380374.5, 3170785.3 ], [ 4380387.2, 3170727.4 ], [ 4380386.3, 3170695.3 ], [ 4380419.4, 3170698.6 ], [ 4380460.0, 3170723.7 ], [ 4380457.1, 3170746.9 ], [ 4380431.0, 3170746.6 ], [ 4380419.2, 3170763.9 ], [ 4380434.3, 3170805.7 ], [ 4380473.6, 3170844.4 ] ], [ [ 4379469.4, 3170844.1 ], [ 4379535.8, 3170939.0 ], [ 4379499.3, 3170932.9 ], [ 4379414.7, 3170883.2 ], [ 4379370.6, 3170888.7 ], [ 4379340.3, 3170913.9 ], [ 4379321.1, 3170890.4 ], [ 4379315.7, 3170858.4 ], [ 4379339.7, 3170838.8 ], [ 4379344.3, 3170814.1 ], [ 4379409.8, 3170794.4 ], [ 4379469.4, 3170844.1 ] ], [ [ 4381193.1, 3170671.8 ], [ 4381172.5, 3170612.0 ], [ 4381174.2, 3170594.3 ], [ 4381162.5, 3170579.7 ], [ 4381177.4, 3170554.5 ], [ 4381178.1, 3170530.8 ], [ 4381086.9, 3170281.2 ], [ 4381071.5, 3170267.5 ], [ 4381049.1, 3170275.2 ], [ 4381036.7, 3170265.9 ], [ 4381005.3, 3170188.0 ], [ 4381076.0, 3170199.5 ], [ 4381240.0, 3170654.6 ], [ 4381193.1, 3170671.8 ] ], [ [ 4381753.6, 3170243.8 ], [ 4381751.2, 3170166.2 ], [ 4381765.9, 3170181.9 ], [ 4381819.5, 3170199.7 ], [ 4381838.8, 3170232.3 ], [ 4381834.5, 3170241.2 ], [ 4381753.6, 3170243.8 ] ], [ [ 4382083.4, 3170173.0 ], [ 4382057.6, 3170136.6 ], [ 4382023.6, 3170117.1 ], [ 4382027.0, 3170083.3 ], [ 4382011.9, 3170066.1 ], [ 4382014.0, 3170049.4 ], [ 4382050.7, 3170053.6 ], [ 4382061.2, 3170043.1 ], [ 4382063.8, 3170025.9 ], [ 4382029.8, 3169985.4 ], [ 4382029.7, 3169942.8 ], [ 4381995.6, 3169921.6 ], [ 4382007.9, 3169891.4 ], [ 4382046.2, 3169884.1 ], [ 4382171.1, 3169823.5 ], [ 4382213.2, 3169889.6 ], [ 4382242.3, 3169893.6 ], [ 4382242.9, 3169913.5 ], [ 4382209.9, 3169944.1 ], [ 4382183.8, 3169955.1 ], [ 4382172.4, 3170032.0 ], [ 4382211.2, 3170050.9 ], [ 4382281.6, 3170038.8 ], [ 4382239.7, 3170123.8 ], [ 4382218.7, 3170127.6 ], [ 4382206.5, 3170107.9 ], [ 4382178.6, 3170097.5 ], [ 4382158.3, 3170105.1 ], [ 4382117.2, 3170159.5 ], [ 4382115.1, 3170226.4 ], [ 4382101.7, 3170243.0 ], [ 4382088.8, 3170234.3 ], [ 4382083.4, 3170173.0 ] ], [ [ 4384829.5, 3170123.9 ], [ 4384814.3, 3170069.6 ], [ 4384790.5, 3170026.5 ], [ 4384783.5, 3169983.9 ], [ 4384795.0, 3169943.5 ], [ 4384820.0, 3169937.5 ], [ 4384864.1, 3169908.2 ], [ 4384903.1, 3169950.0 ], [ 4384832.0, 3169976.1 ], [ 4384836.3, 3170067.7 ], [ 4384858.1, 3170080.3 ], [ 4384955.8, 3170070.5 ], [ 4384857.4, 3170176.5 ], [ 4384829.5, 3170123.9 ] ], [ [ 4385008.9, 3169970.4 ], [ 4384970.7, 3169863.4 ], [ 4384946.7, 3169836.0 ], [ 4385010.1, 3169806.5 ], [ 4385028.5, 3169742.1 ], [ 4385078.7, 3169774.9 ], [ 4385094.5, 3169942.0 ], [ 4385160.8, 3170018.8 ], [ 4385061.5, 3170013.3 ], [ 4385042.9, 3170031.7 ], [ 4385008.9, 3169970.4 ] ], [ [ 4380875.5, 3169558.1 ], [ 4380969.1, 3169833.8 ], [ 4380880.9, 3169836.8 ], [ 4380853.2, 3169819.1 ], [ 4380828.3, 3169784.3 ], [ 4380824.0, 3169733.9 ], [ 4380859.2, 3169684.6 ], [ 4380860.7, 3169669.9 ], [ 4380758.8, 3169436.1 ], [ 4380808.0, 3169414.6 ], [ 4380841.0, 3169470.5 ], [ 4380857.7, 3169477.8 ], [ 4380874.2, 3169470.0 ], [ 4380879.4, 3169449.8 ], [ 4380946.7, 3169396.2 ], [ 4381022.8, 3169416.5 ], [ 4381023.3, 3169464.1 ], [ 4380984.7, 3169473.7 ], [ 4380974.9, 3169498.0 ], [ 4380886.0, 3169530.5 ], [ 4380876.2, 3169540.7 ], [ 4380875.5, 3169558.1 ] ], [ [ 4383774.0, 3169562.6 ], [ 4383787.6, 3169567.7 ], [ 4383785.1, 3169587.3 ], [ 4383770.9, 3169573.6 ], [ 4383774.0, 3169562.6 ] ], [ [ 4382300.7, 3169578.4 ], [ 4382341.7, 3169604.7 ], [ 4382457.2, 3169594.6 ], [ 4382464.9, 3169637.6 ], [ 4382262.4, 3169734.2 ], [ 4382211.3, 3169633.3 ], [ 4382300.7, 3169578.4 ] ], [ [ 4384534.8, 3169696.1 ], [ 4384462.6, 3169588.5 ], [ 4384458.8, 3169553.6 ], [ 4384446.5, 3169541.6 ], [ 4384444.4, 3169491.2 ], [ 4384508.2, 3169496.9 ], [ 4384522.7, 3169485.6 ], [ 4384524.6, 3169470.8 ], [ 4384569.3, 3169482.0 ], [ 4384581.9, 3169474.4 ], [ 4384591.8, 3169450.4 ], [ 4384619.2, 3169469.3 ], [ 4384637.2, 3169469.7 ], [ 4384652.8, 3169452.2 ], [ 4384643.8, 3169422.5 ], [ 4384717.6, 3169468.5 ], [ 4384750.8, 3169521.7 ], [ 4384883.7, 3169561.1 ], [ 4384862.9, 3169584.8 ], [ 4384856.9, 3169610.2 ], [ 4384837.6, 3169624.6 ], [ 4384752.8, 3169582.5 ], [ 4384622.3, 3169595.0 ], [ 4384592.9, 3169644.2 ], [ 4384579.4, 3169724.9 ], [ 4384534.8, 3169696.1 ] ], [ [ 4385072.1, 3169635.3 ], [ 4385085.5, 3169635.3 ], [ 4385124.0, 3169664.5 ], [ 4385131.9, 3169679.9 ], [ 4385129.7, 3169701.3 ], [ 4385072.2, 3169704.1 ], [ 4385055.7, 3169662.3 ], [ 4385072.1, 3169635.3 ] ], [ [ 4383732.0, 3169383.3 ], [ 4383714.6, 3169439.7 ], [ 4383653.4, 3169436.2 ], [ 4383558.8, 3169478.8 ], [ 4383513.9, 3169407.3 ], [ 4383488.4, 3169393.5 ], [ 4383426.4, 3169382.5 ], [ 4383422.2, 3169337.4 ], [ 4383440.8, 3169301.6 ], [ 4383551.8, 3169219.4 ], [ 4383599.6, 3169154.4 ], [ 4383691.0, 3169084.7 ], [ 4383684.6, 3169142.6 ], [ 4383700.5, 3169221.5 ], [ 4383702.2, 3169277.6 ], [ 4383732.0, 3169383.3 ] ], [ [ 4384984.8, 3169348.3 ], [ 4385045.6, 3169275.1 ], [ 4385071.9, 3169278.3 ], [ 4385089.2, 3169271.3 ], [ 4385111.7, 3169216.5 ], [ 4385156.2, 3169232.4 ], [ 4385199.9, 3169275.0 ], [ 4385215.2, 3169306.6 ], [ 4385182.0, 3169318.4 ], [ 4385164.7, 3169291.6 ], [ 4385143.9, 3169289.7 ], [ 4385090.1, 3169350.7 ], [ 4385013.3, 3169402.1 ], [ 4384984.8, 3169348.3 ] ], [ [ 4384875.5, 3169363.8 ], [ 4384863.5, 3169412.0 ], [ 4384821.6, 3169406.7 ], [ 4384826.8, 3169387.8 ], [ 4384859.4, 3169353.0 ], [ 4384875.5, 3169363.8 ] ], [ [ 4384126.8, 3169110.5 ], [ 4384124.8, 3169079.8 ], [ 4384147.1, 3169075.7 ], [ 4384157.0, 3169056.2 ], [ 4384148.4, 3169039.8 ], [ 4384130.5, 3169033.6 ], [ 4384056.8, 3169069.2 ], [ 4384016.7, 3169075.2 ], [ 4383950.6, 3169068.4 ], [ 4383897.2, 3169095.5 ], [ 4383854.1, 3169105.4 ], [ 4383849.6, 3169063.8 ], [ 4383859.8, 3169005.8 ], [ 4383930.7, 3168938.2 ], [ 4383922.7, 3168888.9 ], [ 4383944.1, 3168829.0 ], [ 4383943.2, 3168785.6 ], [ 4383848.7, 3168689.7 ], [ 4383862.6, 3168661.9 ], [ 4383852.7, 3168642.6 ], [ 4383744.4, 3168630.0 ], [ 4383683.3, 3168587.0 ], [ 4383619.8, 3168578.0 ], [ 4383597.7, 3168560.8 ], [ 4383542.8, 3168491.1 ], [ 4383492.5, 3168457.8 ], [ 4383617.4, 3168456.4 ], [ 4383666.0, 3168463.0 ], [ 4383842.8, 3168434.6 ], [ 4383904.1, 3168432.5 ], [ 4384139.5, 3168368.9 ], [ 4384222.7, 3168369.8 ], [ 4384298.8, 3168392.6 ], [ 4384378.6, 3168427.8 ], [ 4384438.3, 3168464.8 ], [ 4384520.4, 3168501.9 ], [ 4384635.5, 3168585.9 ], [ 4384702.0, 3168595.3 ], [ 4384802.8, 3168582.5 ], [ 4384878.8, 3168593.4 ], [ 4384878.5, 3168629.3 ], [ 4384798.5, 3168670.2 ], [ 4384784.1, 3168693.9 ], [ 4384731.5, 3168734.7 ], [ 4384741.6, 3168832.3 ], [ 4384723.5, 3168903.5 ], [ 4384710.3, 3168902.1 ], [ 4384701.6, 3168849.1 ], [ 4384676.1, 3168842.2 ], [ 4384603.5, 3168884.7 ], [ 4384563.0, 3168925.9 ], [ 4384535.6, 3168941.9 ], [ 4384487.2, 3168952.9 ], [ 4384374.1, 3168948.8 ], [ 4384247.2, 3169010.4 ], [ 4384234.2, 3169031.0 ], [ 4384235.5, 3169048.6 ], [ 4384330.9, 3169172.8 ], [ 4384193.8, 3169215.5 ], [ 4384097.8, 3169207.0 ], [ 4384065.6, 3169122.7 ], [ 4384115.6, 3169120.1 ], [ 4384126.8, 3169110.5 ] ], [ [ 4384572.5, 3169120.1 ], [ 4384519.9, 3169082.1 ], [ 4384488.8, 3169094.0 ], [ 4384473.6, 3169067.6 ], [ 4384695.2, 3168913.8 ], [ 4384692.9, 3168960.8 ], [ 4384725.0, 3168990.9 ], [ 4384687.4, 3169011.3 ], [ 4384688.5, 3169041.7 ], [ 4384603.3, 3169081.7 ], [ 4384593.7, 3169102.5 ], [ 4384572.5, 3169120.1 ] ], [ [ 4383510.5, 3168383.5 ], [ 4383394.5, 3168385.1 ], [ 4383383.2, 3168353.3 ], [ 4383417.0, 3168332.1 ], [ 4383462.9, 3168261.0 ], [ 4383497.4, 3168255.0 ], [ 4383525.4, 3168297.7 ], [ 4383573.7, 3168309.8 ], [ 4383510.5, 3168383.5 ] ], [ [ 4380400.3, 3168273.2 ], [ 4380454.0, 3168368.7 ], [ 4380446.6, 3168387.5 ], [ 4380462.5, 3168416.8 ], [ 4380469.8, 3168471.3 ], [ 4380565.4, 3168743.1 ], [ 4380592.7, 3168806.9 ], [ 4380672.7, 3168932.2 ], [ 4380663.3, 3168951.3 ], [ 4380677.1, 3169012.9 ], [ 4380713.7, 3169097.8 ], [ 4380725.3, 3169154.5 ], [ 4380718.3, 3169174.3 ], [ 4380755.3, 3169285.5 ], [ 4380742.2, 3169315.4 ], [ 4380716.0, 3169336.2 ], [ 4380658.9, 3169192.7 ], [ 4380644.8, 3169182.5 ], [ 4380624.7, 3169185.4 ], [ 4380619.2, 3169142.7 ], [ 4380593.9, 3169110.9 ], [ 4380489.2, 3168796.5 ], [ 4380373.7, 3168480.8 ], [ 4380352.5, 3168440.3 ], [ 4380305.9, 3168223.6 ], [ 4380314.1, 3168126.0 ], [ 4380330.1, 3168119.9 ], [ 4380336.9, 3168104.1 ], [ 4380333.5, 3167938.5 ], [ 4380326.5, 3167917.8 ], [ 4380312.9, 3167911.4 ], [ 4380298.5, 3167915.1 ], [ 4380287.3, 3167891.7 ], [ 4380267.2, 3167888.6 ], [ 4380089.2, 3168017.5 ], [ 4380048.3, 3167931.9 ], [ 4380033.0, 3167922.6 ], [ 4379938.6, 3167953.3 ], [ 4379862.0, 3167964.3 ], [ 4379771.6, 3167969.3 ], [ 4379657.5, 3167952.9 ], [ 4379540.4, 3167972.5 ], [ 4379557.4, 3167948.6 ], [ 4379628.8, 3167910.2 ], [ 4379660.3, 3167919.1 ], [ 4379727.8, 3167906.2 ], [ 4379915.1, 3167905.9 ], [ 4380002.4, 3167884.0 ], [ 4380014.9, 3167863.0 ], [ 4380002.6, 3167843.1 ], [ 4380018.7, 3167832.8 ], [ 4380032.3, 3167800.5 ], [ 4380047.7, 3167793.7 ], [ 4380053.8, 3167781.1 ], [ 4380030.6, 3167658.7 ], [ 4380144.9, 3167641.9 ], [ 4380208.1, 3167686.8 ], [ 4380225.4, 3167688.7 ], [ 4380240.8, 3167670.7 ], [ 4380232.6, 3167566.5 ], [ 4380298.0, 3167561.5 ], [ 4380312.1, 3167550.9 ], [ 4380314.3, 3167461.5 ], [ 4380268.6, 3167426.8 ], [ 4380276.3, 3167399.8 ], [ 4380282.2, 3167191.1 ], [ 4380273.6, 3167158.3 ], [ 4380300.8, 3167115.2 ], [ 4380296.3, 3167047.9 ], [ 4380282.8, 3167016.0 ], [ 4380290.4, 3166986.6 ], [ 4380260.4, 3166885.6 ], [ 4380282.0, 3166872.9 ], [ 4380290.1, 3166858.3 ], [ 4380285.3, 3166615.6 ], [ 4380309.5, 3166614.0 ], [ 4380313.0, 3166808.7 ], [ 4380341.1, 3166854.8 ], [ 4380334.8, 3167027.2 ], [ 4380325.0, 3167038.4 ], [ 4380323.3, 3167061.6 ], [ 4380334.6, 3167081.7 ], [ 4380338.7, 3167114.7 ], [ 4380357.7, 3167125.9 ], [ 4380349.9, 3167168.7 ], [ 4380334.7, 3167193.7 ], [ 4380331.5, 3167268.2 ], [ 4380341.6, 3167287.2 ], [ 4380359.7, 3167289.9 ], [ 4380359.1, 3167313.3 ], [ 4380369.6, 3167332.4 ], [ 4380366.3, 3167435.7 ], [ 4380344.6, 3167472.6 ], [ 4380349.3, 3167497.6 ], [ 4380379.9, 3167547.0 ], [ 4380408.3, 3167553.9 ], [ 4380404.6, 3167768.0 ], [ 4380391.9, 3167783.8 ], [ 4380393.4, 3167824.9 ], [ 4380361.5, 3167840.4 ], [ 4380354.6, 3167857.1 ], [ 4380364.7, 3167875.3 ], [ 4380358.0, 3167962.3 ], [ 4380381.5, 3167983.8 ], [ 4380409.0, 3167988.0 ], [ 4380409.5, 3168060.7 ], [ 4380417.2, 3168085.4 ], [ 4380402.4, 3168109.8 ], [ 4380400.9, 3168137.8 ], [ 4380412.9, 3168179.4 ], [ 4380375.0, 3168187.7 ], [ 4380364.6, 3168206.6 ], [ 4380368.9, 3168266.0 ], [ 4380383.0, 3168276.5 ], [ 4380400.3, 3168273.2 ] ], [ [ 4381906.2, 3167902.4 ], [ 4381934.4, 3167852.4 ], [ 4381988.1, 3167878.1 ], [ 4381963.1, 3167896.7 ], [ 4381941.0, 3167901.6 ], [ 4381928.7, 3167917.2 ], [ 4381909.0, 3167915.8 ], [ 4381906.2, 3167902.4 ] ], [ [ 4381593.1, 3167884.1 ], [ 4381542.7, 3167838.6 ], [ 4381534.8, 3167822.1 ], [ 4381540.2, 3167806.5 ], [ 4381583.6, 3167811.1 ], [ 4381620.5, 3167837.8 ], [ 4381632.0, 3167864.6 ], [ 4381593.1, 3167884.1 ] ], [ [ 4380904.3, 3167837.7 ], [ 4380889.3, 3167829.9 ], [ 4380880.6, 3167807.1 ], [ 4380884.7, 3167787.1 ], [ 4380900.0, 3167768.4 ], [ 4380967.2, 3167769.6 ], [ 4380982.5, 3167781.1 ], [ 4380986.8, 3167789.0 ], [ 4380979.4, 3167800.5 ], [ 4380904.3, 3167837.7 ] ], [ [ 4384794.1, 3167560.3 ], [ 4384773.8, 3167551.2 ], [ 4384779.3, 3167539.1 ], [ 4384797.0, 3167545.9 ], [ 4384794.1, 3167560.3 ] ], [ [ 4382164.9, 3167307.9 ], [ 4382189.1, 3167303.4 ], [ 4382220.5, 3167372.4 ], [ 4382254.7, 3167403.0 ], [ 4382261.2, 3167494.1 ], [ 4382230.6, 3167522.0 ], [ 4382184.4, 3167408.8 ], [ 4382190.3, 3167366.0 ], [ 4382164.9, 3167307.9 ] ], [ [ 4384480.1, 3167311.6 ], [ 4384594.7, 3167124.4 ], [ 4384655.1, 3167066.0 ], [ 4384626.0, 3166983.3 ], [ 4384596.0, 3166953.5 ], [ 4384813.4, 3166842.8 ], [ 4384866.8, 3166835.7 ], [ 4384896.6, 3166811.2 ], [ 4384935.8, 3166830.5 ], [ 4384978.2, 3166813.0 ], [ 4385002.2, 3166815.4 ], [ 4385026.2, 3166792.0 ], [ 4385035.9, 3166800.6 ], [ 4385040.4, 3166823.8 ], [ 4385016.4, 3166868.0 ], [ 4385025.3, 3166889.9 ], [ 4385034.3, 3166991.8 ], [ 4385047.6, 3167022.0 ], [ 4385041.8, 3167056.4 ], [ 4385058.1, 3167071.1 ], [ 4385110.3, 3167073.3 ], [ 4385112.9, 3167096.5 ], [ 4385095.5, 3167108.6 ], [ 4385067.4, 3167160.2 ], [ 4385048.7, 3167227.5 ], [ 4385018.8, 3167221.9 ], [ 4385003.3, 3167230.9 ], [ 4384971.9, 3167327.5 ], [ 4384862.5, 3167395.8 ], [ 4384758.9, 3167373.3 ], [ 4384661.3, 3167428.8 ], [ 4384538.2, 3167446.0 ], [ 4384519.0, 3167424.3 ], [ 4384494.7, 3167419.6 ], [ 4384452.2, 3167387.0 ], [ 4384442.6, 3167358.0 ], [ 4384480.1, 3167311.6 ] ], [ [ 4383408.9, 3167173.6 ], [ 4383399.0, 3167214.5 ], [ 4383158.3, 3167202.4 ], [ 4383167.0, 3167195.1 ], [ 4383408.9, 3167173.6 ] ], [ [ 4378997.0, 3166642.4 ], [ 4379029.1, 3166653.1 ], [ 4379002.0, 3166699.1 ], [ 4378962.8, 3166685.3 ], [ 4378922.9, 3166530.2 ], [ 4378939.4, 3166531.7 ], [ 4378964.5, 3166562.9 ], [ 4378997.0, 3166642.4 ] ], [ [ 4377790.6, 3166639.7 ], [ 4377797.8, 3166730.2 ], [ 4377775.4, 3166737.0 ], [ 4377768.8, 3166765.5 ], [ 4377776.9, 3166784.2 ], [ 4377794.3, 3166789.3 ], [ 4377782.1, 3166943.0 ], [ 4377683.1, 3166932.7 ], [ 4377670.0, 3166938.0 ], [ 4377655.1, 3166960.5 ], [ 4377616.6, 3166939.6 ], [ 4377603.8, 3166923.0 ], [ 4377611.3, 3166618.1 ], [ 4377790.6, 3166639.7 ] ], [ [ 4378145.8, 3167803.1 ], [ 4378323.6, 3167802.8 ], [ 4378326.3, 3167832.3 ], [ 4378192.6, 3167839.3 ], [ 4378150.2, 3167826.2 ], [ 4378145.8, 3167803.1 ] ], [ [ 4379764.6, 3168714.2 ], [ 4379748.6, 3168698.2 ], [ 4379721.1, 3168575.2 ], [ 4379704.5, 3168568.3 ], [ 4379630.1, 3168570.4 ], [ 4379611.9, 3168548.0 ], [ 4379738.2, 3168540.0 ], [ 4379767.5, 3168650.2 ], [ 4379774.6, 3168705.0 ], [ 4379764.6, 3168714.2 ] ], [ [ 4378170.3, 3168709.4 ], [ 4378155.7, 3168722.0 ], [ 4378082.7, 3168648.8 ], [ 4378074.9, 3168608.2 ], [ 4378094.6, 3168598.8 ], [ 4378118.5, 3168646.4 ], [ 4378170.3, 3168709.4 ] ], [ [ 4378549.6, 3169192.0 ], [ 4378555.0, 3169246.6 ], [ 4378523.4, 3169300.1 ], [ 4378524.2, 3169318.1 ], [ 4378534.6, 3169328.2 ], [ 4378605.3, 3169353.1 ], [ 4378630.3, 3169387.7 ], [ 4378766.8, 3169413.3 ], [ 4378832.9, 3169387.9 ], [ 4378890.6, 3169383.2 ], [ 4378926.9, 3169387.6 ], [ 4378942.1, 3169405.6 ], [ 4378921.8, 3169504.9 ], [ 4378924.6, 3169559.4 ], [ 4378893.5, 3169554.3 ], [ 4378891.6, 3169523.6 ], [ 4378879.4, 3169510.8 ], [ 4378826.3, 3169502.4 ], [ 4378809.3, 3169513.6 ], [ 4378804.0, 3169583.9 ], [ 4378764.5, 3169636.7 ], [ 4378754.9, 3169662.5 ], [ 4378744.5, 3169756.4 ], [ 4378677.5, 3169768.8 ], [ 4378645.1, 3169769.9 ], [ 4378627.0, 3169760.7 ], [ 4378614.5, 3169542.5 ], [ 4378607.1, 3169527.4 ], [ 4378594.7, 3169521.9 ], [ 4378472.5, 3169521.4 ], [ 4378413.1, 3169543.7 ], [ 4378394.3, 3169568.3 ], [ 4378392.2, 3169594.6 ], [ 4378411.4, 3169649.6 ], [ 4378207.4, 3169665.0 ], [ 4378174.4, 3169677.2 ], [ 4378119.9, 3169556.1 ], [ 4378098.6, 3169541.6 ], [ 4378066.1, 3169535.9 ], [ 4377933.1, 3169390.0 ], [ 4377917.1, 3169379.5 ], [ 4377898.8, 3169383.5 ], [ 4377891.6, 3169358.3 ], [ 4377845.5, 3169295.1 ], [ 4377832.6, 3169259.3 ], [ 4377873.7, 3169169.1 ], [ 4377892.3, 3169105.5 ], [ 4377865.8, 3168979.4 ], [ 4377878.1, 3168955.3 ], [ 4377899.6, 3168955.5 ], [ 4377949.9, 3168984.1 ], [ 4377970.5, 3168975.7 ], [ 4378027.3, 3168977.4 ], [ 4378146.8, 3168936.6 ], [ 4378188.5, 3168932.6 ], [ 4378214.9, 3168950.9 ], [ 4378278.4, 3168973.8 ], [ 4378359.4, 3168951.8 ], [ 4378364.6, 3168938.8 ], [ 4378357.0, 3168867.7 ], [ 4378417.9, 3168875.8 ], [ 4378444.1, 3168859.9 ], [ 4378509.0, 3168852.1 ], [ 4378548.6, 3168866.8 ], [ 4378553.8, 3168890.8 ], [ 4378556.3, 3168988.6 ], [ 4378544.3, 3169080.3 ], [ 4378571.1, 3169159.5 ], [ 4378549.6, 3169192.0 ] ], [ [ 4378818.0, 3169708.4 ], [ 4378871.6, 3169693.5 ], [ 4378876.6, 3169726.3 ], [ 4378891.3, 3169747.0 ], [ 4378964.4, 3169784.3 ], [ 4379021.3, 3169794.0 ], [ 4379033.3, 3169806.1 ], [ 4378972.0, 3169860.5 ], [ 4378913.3, 3169896.7 ], [ 4378823.5, 3169906.0 ], [ 4378759.1, 3169938.1 ], [ 4378753.1, 3169954.6 ], [ 4378761.1, 3169970.3 ], [ 4378797.9, 3169982.0 ], [ 4378839.3, 3170012.9 ], [ 4378802.8, 3170047.1 ], [ 4378738.9, 3170064.5 ], [ 4378738.3, 3170047.2 ], [ 4378725.3, 3170035.7 ], [ 4378680.7, 3170035.1 ], [ 4378662.9, 3170013.7 ], [ 4378630.5, 3170020.5 ], [ 4378679.2, 3169979.6 ], [ 4378709.8, 3169922.0 ], [ 4378800.3, 3169846.1 ], [ 4378801.8, 3169818.3 ], [ 4378790.5, 3169787.1 ], [ 4378818.0, 3169708.4 ] ], [ [ 4378536.9, 3169914.0 ], [ 4378520.2, 3169932.1 ], [ 4378498.8, 3169905.5 ], [ 4378478.3, 3169903.1 ], [ 4378418.1, 3169951.6 ], [ 4378378.4, 3169902.9 ], [ 4378404.9, 3169826.3 ], [ 4378456.2, 3169851.1 ], [ 4378495.7, 3169847.2 ], [ 4378509.7, 3169775.3 ], [ 4378596.6, 3169829.3 ], [ 4378631.8, 3169899.2 ], [ 4378536.9, 3169914.0 ] ], [ [ 4377687.0, 3169949.3 ], [ 4377656.0, 3170009.2 ], [ 4377547.1, 3169923.0 ], [ 4377527.8, 3169918.6 ], [ 4377576.6, 3169868.1 ], [ 4377596.8, 3169864.1 ], [ 4377714.0, 3169919.0 ], [ 4377707.5, 3169938.8 ], [ 4377687.0, 3169949.3 ] ], [ [ 4379141.7, 3169770.1 ], [ 4379212.9, 3169702.2 ], [ 4379294.3, 3169799.9 ], [ 4379360.5, 3169858.7 ], [ 4379279.5, 3169897.0 ], [ 4379264.4, 3169859.5 ], [ 4379201.3, 3169832.4 ], [ 4379141.7, 3169770.1 ] ], [ [ 4379437.3, 3169728.4 ], [ 4379357.4, 3169608.0 ], [ 4379366.2, 3169584.1 ], [ 4379362.8, 3169570.2 ], [ 4379284.1, 3169524.8 ], [ 4379247.9, 3169483.1 ], [ 4379247.4, 3169462.9 ], [ 4379233.0, 3169452.0 ], [ 4379240.0, 3169418.3 ], [ 4379227.8, 3169405.2 ], [ 4379200.0, 3169403.0 ], [ 4379187.4, 3169420.2 ], [ 4379179.4, 3169493.4 ], [ 4379217.1, 3169609.9 ], [ 4379201.5, 3169626.9 ], [ 4379196.2, 3169656.2 ], [ 4379139.5, 3169607.9 ], [ 4379115.1, 3169609.2 ], [ 4379067.2, 3169585.6 ], [ 4379068.9, 3169557.2 ], [ 4379016.1, 3169515.2 ], [ 4379028.3, 3169483.5 ], [ 4379084.0, 3169406.5 ], [ 4379148.7, 3169351.5 ], [ 4379190.9, 3169379.6 ], [ 4379227.9, 3169390.5 ], [ 4379290.3, 3169390.6 ], [ 4379374.8, 3169328.4 ], [ 4379431.5, 3169314.0 ], [ 4379569.6, 3169348.0 ], [ 4379652.7, 3169329.1 ], [ 4379663.3, 3169342.2 ], [ 4379677.5, 3169344.8 ], [ 4379709.4, 3169323.3 ], [ 4379848.5, 3169315.3 ], [ 4379935.3, 3169371.9 ], [ 4379965.5, 3169431.9 ], [ 4379932.5, 3169440.5 ], [ 4379862.4, 3169429.8 ], [ 4379842.2, 3169441.0 ], [ 4379779.7, 3169388.4 ], [ 4379688.5, 3169359.6 ], [ 4379671.7, 3169364.0 ], [ 4379663.3, 3169382.7 ], [ 4379674.1, 3169426.4 ], [ 4379675.1, 3169488.4 ], [ 4379664.2, 3169515.8 ], [ 4379632.2, 3169544.5 ], [ 4379617.7, 3169571.0 ], [ 4379579.6, 3169556.4 ], [ 4379536.9, 3169589.1 ], [ 4379531.3, 3169606.6 ], [ 4379541.4, 3169641.9 ], [ 4379484.6, 3169732.1 ], [ 4379460.6, 3169744.7 ], [ 4379437.3, 3169728.4 ] ], [ [ 4382476.6, 3169389.1 ], [ 4382442.3, 3169311.9 ], [ 4382532.5, 3169271.5 ], [ 4382622.7, 3169380.9 ], [ 4382660.4, 3169396.3 ], [ 4382533.7, 3169425.8 ], [ 4382473.6, 3169417.8 ], [ 4382476.6, 3169389.1 ] ], [ [ 4383098.2, 3168602.9 ], [ 4383052.8, 3168559.8 ], [ 4383021.0, 3168544.8 ], [ 4383038.6, 3168506.9 ], [ 4383031.4, 3168487.5 ], [ 4382933.1, 3168461.1 ], [ 4383008.0, 3168444.6 ], [ 4383020.2, 3168458.7 ], [ 4383049.0, 3168464.1 ], [ 4383103.4, 3168442.7 ], [ 4383110.9, 3168429.9 ], [ 4383109.2, 3168411.4 ], [ 4383250.8, 3168398.7 ], [ 4383299.3, 3168424.7 ], [ 4383254.1, 3168559.8 ], [ 4383160.5, 3168574.1 ], [ 4383098.2, 3168602.9 ] ], [ [ 4381747.6, 3168331.4 ], [ 4381563.0, 3168424.2 ], [ 4381550.2, 3168413.0 ], [ 4381605.8, 3168367.8 ], [ 4381708.6, 3168331.7 ], [ 4381738.6, 3168301.8 ], [ 4381744.6, 3168267.4 ], [ 4381777.2, 3168267.6 ], [ 4381775.0, 3168294.1 ], [ 4381747.6, 3168331.4 ] ], [ [ 4382130.7, 3168509.4 ], [ 4382141.0, 3168598.7 ], [ 4381904.7, 3168549.0 ], [ 4381983.2, 3168491.1 ], [ 4381991.3, 3168459.5 ], [ 4382065.6, 3168457.0 ], [ 4382072.7, 3168480.2 ], [ 4382105.3, 3168485.7 ], [ 4382130.7, 3168509.4 ] ], [ [ 4384374.4, 3169866.8 ], [ 4384403.6, 3169976.3 ], [ 4384490.1, 3170030.9 ], [ 4384480.1, 3170082.9 ], [ 4384363.7, 3170052.5 ], [ 4384347.8, 3170067.7 ], [ 4384342.7, 3170110.2 ], [ 4384323.9, 3170111.4 ], [ 4384280.8, 3170032.4 ], [ 4384260.6, 3170024.2 ], [ 4384245.1, 3170034.0 ], [ 4384245.4, 3170059.1 ], [ 4384201.9, 3170112.6 ], [ 4384150.9, 3170070.6 ], [ 4384146.6, 3170019.2 ], [ 4384134.6, 3170005.1 ], [ 4383963.3, 3169995.5 ], [ 4383932.7, 3169985.2 ], [ 4383945.5, 3169971.1 ], [ 4383981.1, 3169957.9 ], [ 4384119.2, 3169952.5 ], [ 4384131.1, 3169944.1 ], [ 4384151.3, 3169903.4 ], [ 4384241.3, 3169906.8 ], [ 4384310.0, 3169873.2 ], [ 4384374.4, 3169866.8 ] ], [ [ 4380111.2, 3170127.4 ], [ 4380170.0, 3170143.3 ], [ 4380194.1, 3170139.5 ], [ 4380205.8, 3170152.1 ], [ 4380235.1, 3170158.6 ], [ 4380287.5, 3170160.3 ], [ 4380300.2, 3170190.3 ], [ 4380208.1, 3170187.9 ], [ 4380179.8, 3170198.9 ], [ 4380162.1, 3170197.4 ], [ 4380147.6, 3170213.3 ], [ 4380126.4, 3170213.0 ], [ 4380104.7, 3170184.7 ], [ 4380113.6, 3170160.2 ], [ 4380108.0, 3170140.6 ], [ 4380111.2, 3170127.4 ] ], [ [ 4379382.2, 3170198.9 ], [ 4379384.9, 3170239.2 ], [ 4379324.3, 3170304.8 ], [ 4379282.6, 3170303.1 ], [ 4379271.6, 3170272.8 ], [ 4379234.9, 3170237.4 ], [ 4379223.2, 3170211.6 ], [ 4379298.2, 3170230.3 ], [ 4379314.5, 3170222.3 ], [ 4379322.7, 3170203.4 ], [ 4379382.2, 3170198.9 ] ], [ [ 4378853.6, 3170265.7 ], [ 4378904.8, 3170271.1 ], [ 4378976.4, 3170266.0 ], [ 4378995.7, 3170329.6 ], [ 4378951.7, 3170340.2 ], [ 4378941.5, 3170364.6 ], [ 4378879.3, 3170369.8 ], [ 4378835.3, 3170313.6 ], [ 4378808.7, 3170301.5 ], [ 4378818.1, 3170249.1 ], [ 4378853.6, 3170265.7 ] ], [ [ 4379468.0, 3170310.4 ], [ 4379500.4, 3170309.2 ], [ 4379511.3, 3170338.7 ], [ 4379592.9, 3170416.3 ], [ 4379582.3, 3170447.8 ], [ 4379483.4, 3170445.5 ], [ 4379445.8, 3170517.6 ], [ 4379336.4, 3170420.1 ], [ 4379378.8, 3170376.2 ], [ 4379430.2, 3170350.9 ], [ 4379438.2, 3170324.5 ], [ 4379468.0, 3170310.4 ] ], [ [ 4379953.6, 3170438.3 ], [ 4380005.6, 3170401.3 ], [ 4380021.7, 3170415.5 ], [ 4380068.9, 3170422.9 ], [ 4380088.4, 3170435.9 ], [ 4380028.5, 3170515.7 ], [ 4379995.3, 3170543.3 ], [ 4379954.2, 3170508.1 ], [ 4379932.6, 3170504.6 ], [ 4379920.8, 3170475.2 ], [ 4379950.1, 3170460.3 ], [ 4379953.6, 3170438.3 ] ], [ [ 4378394.9, 3170624.6 ], [ 4378384.4, 3170629.6 ], [ 4378349.8, 3170620.0 ], [ 4378295.6, 3170645.9 ], [ 4378292.9, 3170559.6 ], [ 4378335.4, 3170576.3 ], [ 4378400.5, 3170584.0 ], [ 4378394.9, 3170624.6 ] ], [ [ 4380241.4, 3166202.0 ], [ 4380241.5, 3166181.5 ], [ 4380264.5, 3166120.1 ], [ 4380286.3, 3166119.2 ], [ 4380303.9, 3166132.9 ], [ 4380324.0, 3166176.4 ], [ 4380323.4, 3166194.3 ], [ 4380300.5, 3166202.9 ], [ 4380291.7, 3166217.8 ], [ 4380290.8, 3166304.6 ], [ 4380311.4, 3166324.8 ], [ 4380302.0, 3166363.8 ], [ 4380284.1, 3166375.1 ], [ 4380259.0, 3166366.8 ], [ 4380257.0, 3166341.1 ], [ 4380272.1, 3166317.1 ], [ 4380264.7, 3166256.3 ], [ 4380271.8, 3166215.9 ], [ 4380258.5, 3166201.4 ], [ 4380241.4, 3166202.0 ] ], [ [ 4385957.7, 3166216.8 ], [ 4386015.2, 3166219.4 ], [ 4386015.0, 3166238.0 ], [ 4385998.6, 3166258.7 ], [ 4385968.8, 3166262.8 ], [ 4385946.4, 3166243.4 ], [ 4385957.7, 3166216.8 ] ], [ [ 4384001.5, 3166172.4 ], [ 4383995.5, 3166132.1 ], [ 4384025.4, 3166131.7 ], [ 4384054.2, 3166153.8 ], [ 4384106.7, 3166141.5 ], [ 4384153.1, 3166147.1 ], [ 4384208.5, 3166138.4 ], [ 4384235.3, 3166146.5 ], [ 4384276.0, 3166137.5 ], [ 4384305.3, 3166145.4 ], [ 4384304.0, 3166160.8 ], [ 4384175.1, 3166184.4 ], [ 4384117.4, 3166206.4 ], [ 4384049.2, 3166178.4 ], [ 4384001.5, 3166172.4 ] ], [ [ 4380102.9, 3165974.1 ], [ 4380084.1, 3165870.8 ], [ 4380211.6, 3165868.7 ], [ 4380220.5, 3165854.2 ], [ 4380219.6, 3165767.0 ], [ 4380239.3, 3165748.8 ], [ 4380237.5, 3165717.0 ], [ 4380220.5, 3165703.0 ], [ 4380218.1, 3165666.8 ], [ 4380217.5, 3165648.7 ], [ 4380229.9, 3165628.8 ], [ 4380227.7, 3165524.1 ], [ 4380234.2, 3165509.0 ], [ 4380236.2, 3165395.6 ], [ 4380231.0, 3165326.1 ], [ 4380212.1, 3165309.5 ], [ 4380205.5, 3165287.6 ], [ 4380196.2, 3164964.9 ], [ 4380214.9, 3164956.4 ], [ 4380222.4, 3164934.0 ], [ 4380241.9, 3164931.0 ], [ 4380246.2, 3164953.3 ], [ 4380258.0, 3164964.3 ], [ 4380260.0, 3165021.1 ], [ 4380288.7, 3165036.1 ], [ 4380286.7, 3165046.9 ], [ 4380268.8, 3165050.5 ], [ 4380259.8, 3165066.4 ], [ 4380266.0, 3165193.8 ], [ 4380275.4, 3165208.5 ], [ 4380266.4, 3165255.5 ], [ 4380273.9, 3165293.8 ], [ 4380268.7, 3165393.1 ], [ 4380275.6, 3165500.9 ], [ 4380286.7, 3165531.8 ], [ 4380275.6, 3165584.9 ], [ 4380283.2, 3165702.5 ], [ 4380281.1, 3165850.6 ], [ 4380300.5, 3165868.8 ], [ 4380391.3, 3165876.0 ], [ 4380434.6, 3165870.2 ], [ 4380411.0, 3165892.6 ], [ 4380421.6, 3165922.2 ], [ 4380382.9, 3165916.2 ], [ 4380362.7, 3165921.0 ], [ 4380309.5, 3165950.9 ], [ 4380292.8, 3165945.2 ], [ 4380225.1, 3165963.1 ], [ 4380204.4, 3165984.7 ], [ 4380184.5, 3165986.7 ], [ 4380164.6, 3165977.4 ], [ 4380116.6, 3165994.5 ], [ 4380102.9, 3165974.1 ] ], [ [ 4381920.8, 3165531.5 ], [ 4381923.5, 3165510.4 ], [ 4381948.1, 3165498.6 ], [ 4382022.1, 3165561.7 ], [ 4382083.9, 3165673.8 ], [ 4382075.4, 3165694.7 ], [ 4382039.1, 3165662.2 ], [ 4382001.3, 3165588.6 ], [ 4381960.7, 3165571.4 ], [ 4381920.8, 3165531.5 ] ], [ [ 4381014.4, 3165407.2 ], [ 4381041.7, 3165526.5 ], [ 4380822.2, 3165368.2 ], [ 4380769.6, 3165313.3 ], [ 4380782.2, 3165283.9 ], [ 4380904.9, 3165361.1 ], [ 4381014.4, 3165407.2 ] ], [ [ 4385873.9, 3164987.8 ], [ 4385806.2, 3164909.9 ], [ 4385784.6, 3164866.0 ], [ 4385779.0, 3164835.1 ], [ 4385779.2, 3164781.0 ], [ 4385848.0, 3164691.2 ], [ 4385846.5, 3164672.4 ], [ 4385823.5, 3164630.2 ], [ 4385828.1, 3164603.7 ], [ 4385877.4, 3164628.9 ], [ 4386019.7, 3164642.8 ], [ 4386093.1, 3164669.5 ], [ 4386134.3, 3164697.2 ], [ 4386129.6, 3164736.1 ], [ 4386084.0, 3164727.2 ], [ 4386027.5, 3164734.1 ], [ 4385967.6, 3164749.2 ], [ 4385957.1, 3164758.7 ], [ 4385962.6, 3164795.2 ], [ 4386009.2, 3164848.0 ], [ 4386075.7, 3164884.3 ], [ 4386006.5, 3164875.3 ], [ 4385963.1, 3164909.3 ], [ 4385943.2, 3164969.3 ], [ 4385977.9, 3165042.8 ], [ 4385924.9, 3165021.2 ], [ 4385873.9, 3164987.8 ] ], [ [ 4386539.7, 3164954.0 ], [ 4386476.4, 3164951.8 ], [ 4386454.9, 3164963.0 ], [ 4386436.2, 3164952.5 ], [ 4386374.1, 3164946.0 ], [ 4386371.8, 3164920.1 ], [ 4386333.2, 3164888.8 ], [ 4386314.1, 3164884.4 ], [ 4386303.2, 3164780.9 ], [ 4386321.0, 3164767.7 ], [ 4386376.0, 3164817.6 ], [ 4386422.2, 3164814.4 ], [ 4386491.7, 3164846.2 ], [ 4386589.2, 3164854.9 ], [ 4386621.2, 3164827.6 ], [ 4386656.2, 3164818.4 ], [ 4386692.0, 3164841.9 ], [ 4386749.2, 3164831.2 ], [ 4386774.4, 3164836.5 ], [ 4386804.4, 3164844.7 ], [ 4386827.7, 3164861.9 ], [ 4386859.4, 3164907.0 ], [ 4386760.8, 3164906.9 ], [ 4386715.7, 3164942.2 ], [ 4386691.6, 3164951.6 ], [ 4386611.2, 3164950.2 ], [ 4386571.5, 3164967.9 ], [ 4386549.9, 3164968.8 ], [ 4386539.7, 3164954.0 ] ], [ [ 4385657.1, 3164665.9 ], [ 4385598.7, 3164691.9 ], [ 4385564.2, 3164806.2 ], [ 4385575.0, 3164824.0 ], [ 4385626.5, 3164844.3 ], [ 4385607.4, 3164860.8 ], [ 4385607.3, 3164877.6 ], [ 4385592.5, 3164896.2 ], [ 4385564.2, 3164967.0 ], [ 4385533.0, 3164987.0 ], [ 4385517.6, 3164983.1 ], [ 4385504.3, 3164965.0 ], [ 4385513.0, 3164922.5 ], [ 4385510.0, 3164889.1 ], [ 4385484.5, 3164859.6 ], [ 4385523.4, 3164722.0 ], [ 4385519.3, 3164627.0 ], [ 4385497.8, 3164611.2 ], [ 4385478.3, 3164619.5 ], [ 4385358.7, 3164599.7 ], [ 4385338.4, 3164569.8 ], [ 4385326.3, 3164532.0 ], [ 4385336.2, 3164509.5 ], [ 4385325.4, 3164486.1 ], [ 4385329.7, 3164433.1 ], [ 4385335.6, 3164423.0 ], [ 4385393.4, 3164426.5 ], [ 4385472.5, 3164349.1 ], [ 4385477.2, 3164328.1 ], [ 4385447.9, 3164272.5 ], [ 4385461.5, 3164261.0 ], [ 4385531.1, 3164229.4 ], [ 4385549.4, 3164227.4 ], [ 4385596.2, 3164245.4 ], [ 4385645.1, 3164217.5 ], [ 4385744.4, 3164195.2 ], [ 4385781.9, 3164198.7 ], [ 4385848.5, 3164110.3 ], [ 4385899.8, 3164147.8 ], [ 4385896.0, 3164167.0 ], [ 4385886.4, 3164184.2 ], [ 4385864.0, 3164186.4 ], [ 4385814.0, 3164234.4 ], [ 4385815.3, 3164319.5 ], [ 4385801.6, 3164373.9 ], [ 4385806.3, 3164444.2 ], [ 4385762.1, 3164501.2 ], [ 4385756.5, 3164572.5 ], [ 4385657.1, 3164665.9 ] ], [ [ 4383505.8, 3164225.9 ], [ 4383555.3, 3164228.2 ], [ 4383505.7, 3164372.0 ], [ 4383465.7, 3164434.7 ], [ 4383383.6, 3164420.2 ], [ 4383397.6, 3164368.7 ], [ 4383370.3, 3164313.5 ], [ 4383338.8, 3164292.9 ], [ 4383261.8, 3164207.7 ], [ 4383245.0, 3164204.2 ], [ 4383229.5, 3164213.4 ], [ 4383194.4, 3164204.0 ], [ 4383168.9, 3164187.2 ], [ 4383187.1, 3164162.5 ], [ 4383177.0, 3164141.0 ], [ 4383148.0, 3164130.7 ], [ 4383087.7, 3164143.3 ], [ 4383076.6, 3164161.3 ], [ 4383084.4, 3164179.2 ], [ 4383043.9, 3164224.1 ], [ 4382988.9, 3164195.9 ], [ 4382965.9, 3164202.0 ], [ 4382904.9, 3164168.2 ], [ 4382950.8, 3164120.6 ], [ 4382952.2, 3164103.1 ], [ 4382943.6, 3164091.9 ], [ 4382963.2, 3164054.3 ], [ 4382949.7, 3163997.6 ], [ 4382929.7, 3163971.4 ], [ 4382959.3, 3163935.5 ], [ 4382988.4, 3163966.8 ], [ 4383032.4, 3163973.3 ], [ 4383141.7, 3163926.9 ], [ 4383186.7, 3163935.7 ], [ 4383208.9, 3163956.1 ], [ 4383221.1, 3163991.9 ], [ 4383234.0, 3164003.4 ], [ 4383354.1, 3163991.5 ], [ 4383410.7, 3164056.4 ], [ 4383383.3, 3164074.9 ], [ 4383381.6, 3164099.9 ], [ 4383408.5, 3164116.8 ], [ 4383440.5, 3164101.6 ], [ 4383487.6, 3164193.2 ], [ 4383487.7, 3164214.6 ], [ 4383505.8, 3164225.9 ] ], [ [ 4384982.4, 3163919.5 ], [ 4384930.7, 3163885.0 ], [ 4384919.1, 3163868.4 ], [ 4384868.4, 3163857.2 ], [ 4384881.4, 3163829.7 ], [ 4384863.8, 3163809.5 ], [ 4384839.1, 3163818.9 ], [ 4384828.6, 3163852.9 ], [ 4384790.9, 3163829.9 ], [ 4384721.6, 3163804.0 ], [ 4384569.1, 3163877.3 ], [ 4384310.1, 3163828.0 ], [ 4384291.7, 3163830.1 ], [ 4384272.5, 3163782.6 ], [ 4384259.5, 3163773.3 ], [ 4384303.2, 3163750.4 ], [ 4384311.7, 3163730.3 ], [ 4384279.8, 3163624.3 ], [ 4384262.4, 3163612.2 ], [ 4384245.3, 3163617.8 ], [ 4384093.2, 3163764.7 ], [ 4384010.5, 3163815.1 ], [ 4383837.1, 3163766.1 ], [ 4383835.3, 3163734.7 ], [ 4383820.1, 3163720.8 ], [ 4383776.4, 3163711.9 ], [ 4383664.7, 3163720.9 ], [ 4383557.2, 3163690.3 ], [ 4383539.0, 3163628.7 ], [ 4383605.4, 3163613.3 ], [ 4383644.2, 3163626.6 ], [ 4383679.0, 3163588.0 ], [ 4383718.8, 3163598.0 ], [ 4383737.7, 3163590.2 ], [ 4383744.7, 3163497.6 ], [ 4383728.7, 3163485.1 ], [ 4383664.7, 3163483.2 ], [ 4383527.4, 3163457.8 ], [ 4383511.0, 3163464.6 ], [ 4383504.8, 3163356.5 ], [ 4383492.1, 3163289.2 ], [ 4383557.1, 3163261.6 ], [ 4383566.7, 3163242.8 ], [ 4383541.5, 3163201.1 ], [ 4383556.1, 3163175.0 ], [ 4383538.1, 3163120.5 ], [ 4383517.2, 3163086.5 ], [ 4383525.8, 3163066.4 ], [ 4383514.0, 3163031.8 ], [ 4383500.1, 3163020.4 ], [ 4383474.6, 3163020.8 ], [ 4383472.8, 3162992.7 ], [ 4383461.6, 3162978.1 ], [ 4383436.7, 3162981.2 ], [ 4383173.9, 3163227.5 ], [ 4383170.5, 3163152.7 ], [ 4383187.0, 3163096.5 ], [ 4383184.3, 3163068.1 ], [ 4383141.6, 3162987.7 ], [ 4383127.0, 3162986.2 ], [ 4383061.5, 3163014.2 ], [ 4383051.1, 3163001.0 ], [ 4383062.1, 3162971.0 ], [ 4383041.6, 3162951.0 ], [ 4383051.4, 3162914.4 ], [ 4383032.9, 3162892.5 ], [ 4383043.2, 3162768.9 ], [ 4383082.3, 3162655.4 ], [ 4383120.7, 3162593.8 ], [ 4383102.3, 3162555.0 ], [ 4383105.4, 3162539.6 ], [ 4383141.9, 3162515.1 ], [ 4383171.7, 3162523.1 ], [ 4383199.9, 3162577.8 ], [ 4383191.2, 3162595.2 ], [ 4383193.3, 3162609.7 ], [ 4383220.5, 3162630.6 ], [ 4383197.0, 3162653.1 ], [ 4383195.2, 3162670.5 ], [ 4383206.8, 3162683.7 ], [ 4383257.1, 3162695.9 ], [ 4383249.4, 3162724.9 ], [ 4383257.9, 3162741.3 ], [ 4383309.2, 3162748.9 ], [ 4383334.4, 3162718.5 ], [ 4383404.1, 3162752.6 ], [ 4383422.4, 3162753.1 ], [ 4383474.3, 3162690.7 ], [ 4383523.2, 3162676.0 ], [ 4383554.4, 3162624.5 ], [ 4383584.9, 3162604.7 ], [ 4383604.5, 3162550.5 ], [ 4383601.2, 3162488.6 ], [ 4383683.5, 3162493.7 ], [ 4383718.5, 3162592.9 ], [ 4383738.7, 3162619.9 ], [ 4383788.1, 3162609.4 ], [ 4383804.4, 3162596.9 ], [ 4383825.2, 3162554.4 ], [ 4383816.3, 3162503.1 ], [ 4383803.5, 3162491.1 ], [ 4383751.7, 3162476.9 ], [ 4383749.1, 3162459.8 ], [ 4383727.8, 3162444.4 ], [ 4383758.4, 3162403.0 ], [ 4383720.7, 3162324.9 ], [ 4383732.4, 3162301.5 ], [ 4383753.2, 3162299.1 ], [ 4383777.7, 3162311.7 ], [ 4383793.0, 3162330.5 ], [ 4383822.9, 3162461.5 ], [ 4383851.1, 3162475.7 ], [ 4383877.6, 3162548.0 ], [ 4383922.3, 3162562.7 ], [ 4383946.9, 3162619.9 ], [ 4383968.1, 3162620.4 ], [ 4383983.9, 3162603.9 ], [ 4384030.2, 3162437.4 ], [ 4384041.9, 3162407.2 ], [ 4384069.1, 3162383.9 ], [ 4384092.2, 3162412.2 ], [ 4384088.9, 3162462.7 ], [ 4384094.3, 3162475.9 ], [ 4384116.2, 3162500.3 ], [ 4384182.1, 3162540.9 ], [ 4384204.8, 3162541.0 ], [ 4384309.0, 3162454.9 ], [ 4384315.3, 3162414.8 ], [ 4384344.2, 3162397.2 ], [ 4384351.9, 3162381.0 ], [ 4384337.9, 3162335.6 ], [ 4384327.3, 3162323.9 ], [ 4384309.8, 3162319.7 ], [ 4384285.5, 3162326.0 ], [ 4384230.2, 3162372.0 ], [ 4384178.0, 3162306.0 ], [ 4384225.5, 3162251.2 ], [ 4384220.9, 3162231.2 ], [ 4384197.3, 3162221.6 ], [ 4384218.1, 3162182.7 ], [ 4384236.2, 3162181.7 ], [ 4384247.6, 3162169.6 ], [ 4384289.5, 3162195.6 ], [ 4384305.5, 3162196.7 ], [ 4384346.8, 3162238.7 ], [ 4384317.3, 3162266.5 ], [ 4384318.9, 3162290.6 ], [ 4384414.3, 3162353.8 ], [ 4384439.6, 3162343.1 ], [ 4384442.6, 3162329.4 ], [ 4384434.7, 3162313.3 ], [ 4384536.8, 3162297.2 ], [ 4384590.9, 3162303.5 ], [ 4384608.1, 3162287.3 ], [ 4384592.1, 3162236.1 ], [ 4384544.5, 3162221.7 ], [ 4384542.6, 3162205.8 ], [ 4384554.1, 3162196.2 ], [ 4384556.8, 3162181.5 ], [ 4384534.5, 3162149.6 ], [ 4384472.3, 3162099.4 ], [ 4384366.6, 3162055.1 ], [ 4384350.7, 3162027.5 ], [ 4384333.5, 3162015.0 ], [ 4384331.1, 3161990.4 ], [ 4384290.3, 3161971.3 ], [ 4384254.2, 3161917.5 ], [ 4384229.7, 3161916.5 ], [ 4384208.9, 3161938.2 ], [ 4384207.2, 3162006.2 ], [ 4384196.7, 3162018.7 ], [ 4384166.9, 3162035.5 ], [ 4384150.0, 3162030.6 ], [ 4384158.0, 3161996.9 ], [ 4384146.6, 3161937.7 ], [ 4384126.8, 3161904.5 ], [ 4384198.1, 3161920.7 ], [ 4384210.4, 3161912.1 ], [ 4384218.9, 3161887.8 ], [ 4384212.2, 3161867.8 ], [ 4384172.1, 3161840.9 ], [ 4384250.3, 3161823.8 ], [ 4384290.3, 3161864.6 ], [ 4384303.8, 3161868.9 ], [ 4384418.3, 3161831.1 ], [ 4384447.8, 3161905.5 ], [ 4384461.1, 3161916.8 ], [ 4384559.0, 3161943.3 ], [ 4384663.6, 3161916.8 ], [ 4384625.4, 3162050.4 ], [ 4384606.1, 3162064.4 ], [ 4384555.5, 3162051.5 ], [ 4384505.6, 3162018.5 ], [ 4384426.0, 3161987.6 ], [ 4384405.6, 3161991.7 ], [ 4384397.8, 3162011.0 ], [ 4384417.2, 3162044.8 ], [ 4384445.5, 3162052.4 ], [ 4384453.6, 3162071.2 ], [ 4384517.1, 3162122.3 ], [ 4384559.7, 3162126.5 ], [ 4384665.7, 3162268.5 ], [ 4384650.2, 3162327.8 ], [ 4384656.2, 3162347.4 ], [ 4384626.6, 3162357.0 ], [ 4384619.6, 3162376.9 ], [ 4384651.0, 3162421.7 ], [ 4384658.8, 3162445.7 ], [ 4384693.6, 3162614.5 ], [ 4384693.1, 3162687.2 ], [ 4384707.2, 3162728.5 ], [ 4384722.6, 3162749.9 ], [ 4384766.7, 3162778.7 ], [ 4384784.5, 3162780.6 ], [ 4384801.7, 3162766.5 ], [ 4384831.0, 3162768.6 ], [ 4384842.8, 3162754.4 ], [ 4384934.3, 3162711.4 ], [ 4384998.9, 3162648.6 ], [ 4385053.0, 3162632.2 ], [ 4385276.0, 3162487.6 ], [ 4385261.8, 3162448.4 ], [ 4385241.6, 3162440.7 ], [ 4385143.0, 3162499.1 ], [ 4385102.6, 3162508.3 ], [ 4385032.6, 3162541.8 ], [ 4385008.5, 3162384.8 ], [ 4385005.7, 3162310.6 ], [ 4384857.3, 3162234.7 ], [ 4384870.1, 3162202.3 ], [ 4384889.3, 3162191.2 ], [ 4384907.9, 3162142.7 ], [ 4384957.0, 3162135.1 ], [ 4384971.2, 3162124.9 ], [ 4384973.9, 3162099.8 ], [ 4384940.8, 3162066.4 ], [ 4384950.9, 3162066.7 ], [ 4385020.8, 3162087.4 ], [ 4385043.0, 3162104.0 ], [ 4385056.2, 3162125.7 ], [ 4385038.9, 3162126.5 ], [ 4385028.9, 3162136.3 ], [ 4385017.3, 3162162.2 ], [ 4385025.7, 3162181.9 ], [ 4385092.9, 3162184.0 ], [ 4385184.4, 3162257.0 ], [ 4385176.5, 3162282.0 ], [ 4385181.1, 3162298.9 ], [ 4385214.1, 3162311.7 ], [ 4385257.5, 3162401.7 ], [ 4385288.5, 3162421.7 ], [ 4385303.1, 3162422.0 ], [ 4385295.4, 3162447.9 ], [ 4385304.9, 3162474.4 ], [ 4385337.8, 3162500.3 ], [ 4385392.3, 3162561.9 ], [ 4385416.7, 3162564.1 ], [ 4385434.2, 3162542.2 ], [ 4385475.5, 3162564.0 ], [ 4385594.4, 3162599.3 ], [ 4385786.4, 3162710.8 ], [ 4385954.6, 3162774.5 ], [ 4385905.8, 3162807.0 ], [ 4385912.7, 3162857.5 ], [ 4385877.0, 3162902.0 ], [ 4385830.1, 3162907.4 ], [ 4385806.0, 3162934.9 ], [ 4385806.5, 3162955.3 ], [ 4385838.5, 3163005.5 ], [ 4385856.4, 3163007.6 ], [ 4385926.1, 3162977.0 ], [ 4385999.8, 3162958.0 ], [ 4386074.1, 3162915.1 ], [ 4386227.8, 3162865.2 ], [ 4386270.6, 3162952.5 ], [ 4386240.3, 3162969.0 ], [ 4386209.7, 3162974.9 ], [ 4386167.1, 3162930.3 ], [ 4386131.5, 3162927.2 ], [ 4386101.0, 3162934.1 ], [ 4386075.0, 3162945.8 ], [ 4386028.4, 3162989.5 ], [ 4385983.5, 3163001.5 ], [ 4385978.0, 3163021.1 ], [ 4385995.2, 3163055.0 ], [ 4385974.0, 3163072.9 ], [ 4385873.8, 3163077.6 ], [ 4385813.3, 3163033.6 ], [ 4385736.8, 3162991.6 ], [ 4385718.8, 3162991.0 ], [ 4385706.4, 3163004.0 ], [ 4385705.3, 3163032.4 ], [ 4385805.8, 3163176.9 ], [ 4385821.3, 3163221.0 ], [ 4385867.7, 3163295.3 ], [ 4385772.9, 3163328.5 ], [ 4385762.9, 3163338.5 ], [ 4385762.1, 3163356.0 ], [ 4385785.1, 3163378.9 ], [ 4385852.9, 3163405.7 ], [ 4385953.6, 3163427.6 ], [ 4385964.4, 3163439.4 ], [ 4385974.0, 3163473.0 ], [ 4385973.4, 3163500.9 ], [ 4386015.4, 3163533.4 ], [ 4385982.2, 3163582.5 ], [ 4385809.1, 3163526.2 ], [ 4385792.5, 3163530.3 ], [ 4385770.4, 3163552.8 ], [ 4385675.1, 3163496.3 ], [ 4385613.0, 3163436.1 ], [ 4385591.7, 3163427.0 ], [ 4385405.8, 3163420.3 ], [ 4385251.5, 3163444.4 ], [ 4385235.7, 3163466.7 ], [ 4385255.8, 3163533.2 ], [ 4385200.9, 3163571.2 ], [ 4385182.1, 3163637.4 ], [ 4385144.0, 3163623.6 ], [ 4385130.7, 3163634.8 ], [ 4385125.6, 3163659.6 ], [ 4385142.7, 3163676.7 ], [ 4385236.9, 3163680.6 ], [ 4385286.4, 3163735.0 ], [ 4385276.3, 3163763.9 ], [ 4385286.2, 3163792.0 ], [ 4385297.4, 3163801.4 ], [ 4385323.8, 3163803.1 ], [ 4385326.2, 3163832.8 ], [ 4385319.1, 3163855.8 ], [ 4385299.4, 3163869.1 ], [ 4385272.0, 3163870.9 ], [ 4385258.5, 3163844.2 ], [ 4385236.7, 3163835.6 ], [ 4385221.2, 3163841.7 ], [ 4385210.0, 3163860.0 ], [ 4385089.2, 3163863.1 ], [ 4385009.8, 3163947.8 ], [ 4384992.1, 3163937.3 ], [ 4384982.4, 3163919.5 ] ], [ [ 4386279.6, 3162185.6 ], [ 4386314.7, 3162152.4 ], [ 4386334.6, 3162082.7 ], [ 4386409.8, 3162008.4 ], [ 4386426.1, 3161978.9 ], [ 4386432.8, 3161880.6 ], [ 4386460.4, 3161822.4 ], [ 4386459.7, 3161801.9 ], [ 4386443.0, 3161788.8 ], [ 4386422.1, 3161793.4 ], [ 4386354.5, 3161830.7 ], [ 4386334.8, 3161853.7 ], [ 4386214.6, 3161908.9 ], [ 4386126.0, 3161942.8 ], [ 4386107.2, 3161936.7 ], [ 4386077.8, 3161944.1 ], [ 4386066.7, 3161926.7 ], [ 4386152.7, 3161875.3 ], [ 4386204.2, 3161861.2 ], [ 4386215.4, 3161843.8 ], [ 4386199.6, 3161819.8 ], [ 4386114.8, 3161794.3 ], [ 4386092.3, 3161765.3 ], [ 4386107.5, 3161744.0 ], [ 4386132.7, 3161763.9 ], [ 4386230.1, 3161805.4 ], [ 4386259.1, 3161810.4 ], [ 4386274.9, 3161801.5 ], [ 4386280.5, 3161780.1 ], [ 4386345.5, 3161764.6 ], [ 4386414.9, 3161736.0 ], [ 4386473.0, 3161733.0 ], [ 4386503.8, 3161783.4 ], [ 4386523.8, 3161791.6 ], [ 4386498.1, 3161837.5 ], [ 4386470.8, 3161944.4 ], [ 4386422.0, 3162033.6 ], [ 4386396.8, 3162059.5 ], [ 4386373.4, 3162100.9 ], [ 4386362.5, 3162197.6 ], [ 4386336.1, 3162253.4 ], [ 4386316.9, 3162211.4 ], [ 4386279.6, 3162185.6 ] ], [ [ 4381197.0, 3161736.6 ], [ 4381164.7, 3161793.1 ], [ 4381193.7, 3161892.7 ], [ 4381171.2, 3161952.1 ], [ 4381167.6, 3161997.1 ], [ 4381158.1, 3161979.4 ], [ 4381134.7, 3161801.6 ], [ 4381113.2, 3161784.5 ], [ 4381110.4, 3161761.2 ], [ 4381041.2, 3161702.2 ], [ 4381016.1, 3161705.0 ], [ 4380980.4, 3161772.0 ], [ 4380907.2, 3161825.2 ], [ 4380873.3, 3161862.7 ], [ 4380865.8, 3161834.2 ], [ 4380936.1, 3161783.8 ], [ 4380947.4, 3161762.9 ], [ 4380938.9, 3161746.4 ], [ 4380840.7, 3161665.2 ], [ 4380865.4, 3161597.3 ], [ 4380826.2, 3161487.2 ], [ 4380850.0, 3161489.9 ], [ 4380897.6, 3161548.5 ], [ 4380931.2, 3161555.7 ], [ 4381037.9, 3161547.5 ], [ 4381082.6, 3161568.0 ], [ 4381153.4, 3161627.0 ], [ 4381186.2, 3161637.6 ], [ 4381213.6, 3161662.0 ], [ 4381197.0, 3161736.6 ] ], [ [ 4382546.5, 3161671.2 ], [ 4382511.5, 3161648.3 ], [ 4382556.6, 3161595.8 ], [ 4382748.6, 3161478.6 ], [ 4382765.1, 3161496.8 ], [ 4382767.1, 3161559.2 ], [ 4382798.0, 3161592.4 ], [ 4382822.5, 3161596.1 ], [ 4382790.2, 3161613.1 ], [ 4382645.8, 3161634.4 ], [ 4382546.5, 3161671.2 ] ], [ [ 4386520.3, 3161567.2 ], [ 4386568.2, 3161397.9 ], [ 4386600.7, 3161405.6 ], [ 4386615.6, 3161462.3 ], [ 4386603.4, 3161488.4 ], [ 4386593.5, 3161572.3 ], [ 4386557.2, 3161586.0 ], [ 4386519.6, 3161617.0 ], [ 4386520.3, 3161567.2 ] ], [ [ 4385505.5, 3161432.4 ], [ 4385451.1, 3161557.2 ], [ 4385409.6, 3161542.3 ], [ 4385383.8, 3161518.3 ], [ 4385374.5, 3161483.7 ], [ 4385422.4, 3161494.6 ], [ 4385438.2, 3161489.5 ], [ 4385446.3, 3161469.9 ], [ 4385427.5, 3161425.8 ], [ 4385428.1, 3161394.2 ], [ 4385444.0, 3161378.2 ], [ 4385512.3, 3161376.0 ], [ 4385505.5, 3161432.4 ] ], [ [ 4382476.4, 3161656.6 ], [ 4382436.8, 3161665.4 ], [ 4382436.6, 3161645.3 ], [ 4382443.2, 3161635.9 ], [ 4382474.4, 3161630.6 ], [ 4382486.9, 3161645.2 ], [ 4382476.4, 3161656.6 ] ], [ [ 4380192.2, 3161905.5 ], [ 4380293.3, 3161939.4 ], [ 4380322.8, 3161934.3 ], [ 4380446.3, 3162008.7 ], [ 4380371.6, 3161997.4 ], [ 4380318.9, 3161967.3 ], [ 4380179.9, 3161923.7 ], [ 4380192.2, 3161905.5 ] ], [ [ 4381169.8, 3162011.3 ], [ 4381189.0, 3162063.4 ], [ 4381208.5, 3162075.0 ], [ 4381224.6, 3162234.7 ], [ 4381190.1, 3162312.8 ], [ 4381054.2, 3162409.8 ], [ 4381049.4, 3162400.9 ], [ 4381070.5, 3162378.5 ], [ 4381104.9, 3162367.8 ], [ 4381132.4, 3162345.5 ], [ 4381140.6, 3162324.7 ], [ 4381190.3, 3162278.3 ], [ 4381208.6, 3162241.3 ], [ 4381210.4, 3162189.5 ], [ 4381166.9, 3162042.0 ], [ 4381169.8, 3162011.3 ] ], [ [ 4379542.0, 3162396.1 ], [ 4379547.7, 3162381.1 ], [ 4379636.7, 3162298.4 ], [ 4379667.2, 3162384.7 ], [ 4379542.0, 3162396.1 ] ], [ [ 4383158.2, 3162051.8 ], [ 4383212.7, 3162032.7 ], [ 4383225.5, 3162050.6 ], [ 4383249.9, 3162049.9 ], [ 4383264.2, 3162081.5 ], [ 4383244.8, 3162092.9 ], [ 4383236.7, 3162126.2 ], [ 4383154.6, 3162193.2 ], [ 4383101.5, 3162252.0 ], [ 4383118.2, 3162216.7 ], [ 4383105.8, 3162179.7 ], [ 4383084.2, 3162171.3 ], [ 4383014.3, 3162222.7 ], [ 4382909.8, 3162262.5 ], [ 4382828.9, 3162304.9 ], [ 4382735.1, 3162379.1 ], [ 4382695.5, 3162394.9 ], [ 4382663.2, 3162388.2 ], [ 4382598.4, 3162397.4 ], [ 4382560.8, 3162421.8 ], [ 4382587.8, 3162377.5 ], [ 4382716.6, 3162281.5 ], [ 4382881.8, 3162208.5 ], [ 4382972.1, 3162184.4 ], [ 4383026.0, 3162160.1 ], [ 4383081.4, 3162102.8 ], [ 4383158.2, 3162051.8 ] ], [ [ 4382082.6, 3162018.6 ], [ 4382076.6, 3161977.2 ], [ 4382128.0, 3161871.0 ], [ 4382144.4, 3161859.7 ], [ 4382132.9, 3161927.4 ], [ 4382142.4, 3161962.1 ], [ 4382106.2, 3161999.9 ], [ 4382093.1, 3162028.0 ], [ 4382082.6, 3162018.6 ] ], [ [ 4382518.8, 3161939.6 ], [ 4382528.3, 3161883.3 ], [ 4382564.1, 3161891.4 ], [ 4382600.9, 3161887.1 ], [ 4382638.2, 3161865.6 ], [ 4382627.8, 3161812.5 ], [ 4382589.1, 3161754.8 ], [ 4382681.5, 3161740.2 ], [ 4382698.9, 3161785.9 ], [ 4382734.8, 3161785.1 ], [ 4382751.8, 3161850.6 ], [ 4382647.4, 3161880.6 ], [ 4382614.5, 3161928.5 ], [ 4382595.7, 3161939.5 ], [ 4382518.8, 3161939.6 ] ], [ [ 4379150.6, 3162484.9 ], [ 4379143.6, 3162506.3 ], [ 4379123.2, 3162506.7 ], [ 4379086.8, 3162522.3 ], [ 4379021.1, 3162512.9 ], [ 4379005.3, 3162520.7 ], [ 4378998.9, 3162507.0 ], [ 4379009.0, 3162484.6 ], [ 4379052.4, 3162458.8 ], [ 4379106.5, 3162456.1 ], [ 4379121.5, 3162446.3 ], [ 4379130.6, 3162450.2 ], [ 4379133.3, 3162475.0 ], [ 4379150.6, 3162484.9 ] ], [ [ 4382410.5, 3162540.8 ], [ 4382428.9, 3162548.0 ], [ 4382458.8, 3162543.2 ], [ 4382422.1, 3162589.5 ], [ 4382407.7, 3162635.0 ], [ 4382375.2, 3162686.0 ], [ 4382366.9, 3162746.9 ], [ 4382339.3, 3162763.2 ], [ 4382315.0, 3162803.3 ], [ 4382270.6, 3162842.5 ], [ 4382243.3, 3162849.6 ], [ 4382173.7, 3162890.3 ], [ 4382087.8, 3162871.9 ], [ 4382023.4, 3162872.3 ], [ 4381948.0, 3162859.3 ], [ 4381829.7, 3162862.5 ], [ 4381695.8, 3162935.7 ], [ 4381678.5, 3162938.2 ], [ 4381653.9, 3162913.8 ], [ 4381646.7, 3162884.5 ], [ 4381623.8, 3162845.2 ], [ 4381499.0, 3162840.2 ], [ 4381483.3, 3162798.1 ], [ 4381582.4, 3162617.2 ], [ 4381608.3, 3162590.1 ], [ 4381674.4, 3162557.6 ], [ 4381707.2, 3162600.6 ], [ 4381807.2, 3162683.3 ], [ 4381845.8, 3162764.2 ], [ 4381821.9, 3162804.2 ], [ 4381833.1, 3162826.2 ], [ 4381874.6, 3162828.3 ], [ 4382019.3, 3162860.0 ], [ 4382169.9, 3162855.4 ], [ 4382206.9, 3162836.6 ], [ 4382264.5, 3162784.3 ], [ 4382310.3, 3162721.1 ], [ 4382316.4, 3162694.6 ], [ 4382294.5, 3162664.5 ], [ 4382313.1, 3162659.4 ], [ 4382343.6, 3162633.8 ], [ 4382353.8, 3162565.6 ], [ 4382365.8, 3162542.9 ], [ 4382399.7, 3162524.2 ], [ 4382410.5, 3162540.8 ] ], [ [ 4380063.9, 3162747.5 ], [ 4379968.3, 3162743.5 ], [ 4379922.2, 3162752.0 ], [ 4379902.9, 3162764.3 ], [ 4379922.4, 3162736.3 ], [ 4379938.1, 3162728.6 ], [ 4379950.8, 3162704.6 ], [ 4379993.0, 3162704.8 ], [ 4380104.2, 3162677.8 ], [ 4380133.2, 3162655.7 ], [ 4380177.9, 3162651.0 ], [ 4380197.4, 3162633.8 ], [ 4380251.4, 3162656.2 ], [ 4380417.9, 3162593.8 ], [ 4380440.2, 3162594.1 ], [ 4380435.7, 3162606.4 ], [ 4380386.8, 3162629.8 ], [ 4380183.7, 3162691.0 ], [ 4380063.9, 3162747.5 ] ], [ [ 4378169.1, 3163221.4 ], [ 4378142.2, 3163242.1 ], [ 4378125.8, 3163235.1 ], [ 4378109.3, 3163239.3 ], [ 4378094.2, 3163219.7 ], [ 4378056.9, 3163208.4 ], [ 4378057.1, 3163188.3 ], [ 4378093.0, 3163155.7 ], [ 4378133.4, 3163194.8 ], [ 4378150.5, 3163198.9 ], [ 4378165.1, 3163189.0 ], [ 4378175.9, 3163164.5 ], [ 4378194.3, 3163175.5 ], [ 4378169.1, 3163221.4 ] ], [ [ 4379743.7, 3163314.3 ], [ 4379772.3, 3163326.5 ], [ 4379741.2, 3163346.4 ], [ 4379728.2, 3163381.6 ], [ 4379731.0, 3163465.3 ], [ 4379750.1, 3163501.1 ], [ 4379750.6, 3163534.4 ], [ 4379734.9, 3163585.9 ], [ 4379678.4, 3163702.2 ], [ 4379659.5, 3163710.7 ], [ 4379656.7, 3163702.9 ], [ 4379694.6, 3163630.9 ], [ 4379710.3, 3163582.4 ], [ 4379715.5, 3163326.8 ], [ 4379743.7, 3163314.3 ] ], [ [ 4378116.9, 3163423.2 ], [ 4378053.3, 3163518.0 ], [ 4377980.9, 3163465.1 ], [ 4378086.5, 3163370.2 ], [ 4378116.8, 3163315.5 ], [ 4378164.1, 3163326.5 ], [ 4378137.7, 3163357.1 ], [ 4378116.9, 3163423.2 ] ], [ [ 4380170.9, 3163758.8 ], [ 4380192.3, 3163705.7 ], [ 4380216.4, 3163737.7 ], [ 4380233.1, 3163746.4 ], [ 4380251.2, 3163751.0 ], [ 4380279.8, 3163742.9 ], [ 4380275.4, 3163760.7 ], [ 4380238.7, 3163774.7 ], [ 4380228.5, 3163789.2 ], [ 4380238.7, 3163820.4 ], [ 4380254.8, 3163834.2 ], [ 4380256.1, 3163923.1 ], [ 4380247.6, 3163885.8 ], [ 4380237.9, 3163874.9 ], [ 4380216.4, 3163874.9 ], [ 4380205.7, 3163889.5 ], [ 4380215.9, 3163977.9 ], [ 4380227.6, 3163991.5 ], [ 4380246.2, 3163994.7 ], [ 4380236.2, 3164117.3 ], [ 4380246.6, 3164139.5 ], [ 4380235.2, 3164161.5 ], [ 4380252.9, 3164189.3 ], [ 4380258.1, 3164216.4 ], [ 4380252.7, 3164252.2 ], [ 4380200.0, 3164251.7 ], [ 4380175.3, 3164274.5 ], [ 4380184.8, 3164345.5 ], [ 4380196.5, 3164366.7 ], [ 4380272.9, 3164394.9 ], [ 4380310.9, 3164355.1 ], [ 4380347.2, 3164332.6 ], [ 4380378.0, 3164329.7 ], [ 4380423.7, 3164306.8 ], [ 4380477.1, 3164306.7 ], [ 4380572.7, 3164263.3 ], [ 4380587.7, 3164245.7 ], [ 4380620.1, 3164228.2 ], [ 4380667.3, 3164150.9 ], [ 4380687.0, 3164133.6 ], [ 4380705.1, 3164160.9 ], [ 4380705.2, 3164183.4 ], [ 4380688.2, 3164229.8 ], [ 4380656.7, 3164269.1 ], [ 4380624.1, 3164286.5 ], [ 4380581.3, 3164296.3 ], [ 4380543.5, 3164324.8 ], [ 4380371.5, 3164416.7 ], [ 4380327.8, 3164451.5 ], [ 4380203.5, 3164595.4 ], [ 4380140.1, 3164645.1 ], [ 4380136.7, 3164663.8 ], [ 4380148.6, 3164685.7 ], [ 4380103.5, 3164672.9 ], [ 4380116.7, 3164571.2 ], [ 4380148.5, 3164545.3 ], [ 4380202.4, 3164474.9 ], [ 4380195.6, 3164458.3 ], [ 4380182.5, 3164452.2 ], [ 4380163.8, 3164262.1 ], [ 4380168.5, 3164120.5 ], [ 4380180.0, 3164091.6 ], [ 4380162.2, 3163989.1 ], [ 4380170.7, 3163952.4 ], [ 4380125.4, 3163886.5 ], [ 4380160.5, 3163849.0 ], [ 4380158.8, 3163804.7 ], [ 4380149.7, 3163787.0 ], [ 4380170.9, 3163758.8 ] ], [ [ 4379881.3, 3164325.4 ], [ 4379880.9, 3164355.4 ], [ 4379851.7, 3164351.6 ], [ 4379855.9, 3164316.2 ], [ 4379846.0, 3164301.6 ], [ 4379828.5, 3164298.9 ], [ 4379756.9, 3164318.1 ], [ 4379755.9, 3164298.8 ], [ 4379895.3, 3164253.2 ], [ 4379946.6, 3164221.6 ], [ 4379995.8, 3164143.2 ], [ 4380008.0, 3164138.2 ], [ 4380015.0, 3164143.1 ], [ 4379957.8, 3164242.6 ], [ 4379946.1, 3164259.9 ], [ 4379902.6, 3164281.4 ], [ 4379881.3, 3164325.4 ] ], [ [ 4384610.0, 3164686.6 ], [ 4384607.2, 3164650.8 ], [ 4384592.9, 3164635.2 ], [ 4384541.9, 3164648.0 ], [ 4384488.5, 3164625.5 ], [ 4384426.0, 3164629.3 ], [ 4384415.1, 3164622.2 ], [ 4384467.8, 3164585.4 ], [ 4384494.5, 3164520.8 ], [ 4384571.8, 3164460.3 ], [ 4384580.6, 3164430.1 ], [ 4384610.3, 3164412.9 ], [ 4384679.9, 3164414.5 ], [ 4384702.6, 3164459.5 ], [ 4384640.2, 3164486.9 ], [ 4384630.4, 3164508.4 ], [ 4384723.0, 3164644.5 ], [ 4384714.0, 3164673.8 ], [ 4384655.6, 3164714.0 ], [ 4384621.7, 3164709.2 ], [ 4384610.0, 3164686.6 ] ], [ [ 4384242.2, 3164491.7 ], [ 4384138.3, 3164626.4 ], [ 4384122.4, 3164624.7 ], [ 4384140.1, 3164563.0 ], [ 4384134.5, 3164540.2 ], [ 4384140.0, 3164510.1 ], [ 4384188.1, 3164457.5 ], [ 4384262.4, 3164435.9 ], [ 4384242.2, 3164491.7 ] ], [ [ 4381588.4, 3164472.2 ], [ 4381598.1, 3164604.4 ], [ 4381561.4, 3164609.3 ], [ 4381556.2, 3164562.9 ], [ 4381514.5, 3164498.3 ], [ 4381503.6, 3164467.3 ], [ 4381444.1, 3164400.2 ], [ 4381403.7, 3164320.6 ], [ 4381269.8, 3164200.0 ], [ 4381239.0, 3164140.1 ], [ 4381224.9, 3164079.5 ], [ 4381177.2, 3164038.3 ], [ 4381182.6, 3163976.5 ], [ 4381140.1, 3163886.9 ], [ 4381121.0, 3163803.2 ], [ 4381092.2, 3163733.9 ], [ 4380867.0, 3163506.7 ], [ 4380863.2, 3163494.3 ], [ 4380902.6, 3163480.3 ], [ 4380909.8, 3163448.4 ], [ 4380939.4, 3163463.8 ], [ 4380964.0, 3163448.2 ], [ 4380990.6, 3163503.4 ], [ 4381053.7, 3163589.0 ], [ 4381141.7, 3163643.5 ], [ 4381184.4, 3163684.4 ], [ 4381215.0, 3163734.5 ], [ 4381247.0, 3163829.3 ], [ 4381302.7, 3163846.5 ], [ 4381375.9, 3163827.2 ], [ 4381347.6, 3163879.9 ], [ 4381305.6, 3163917.6 ], [ 4381298.4, 3163936.5 ], [ 4381301.9, 3163971.6 ], [ 4381362.3, 3164118.7 ], [ 4381383.2, 3164151.0 ], [ 4381421.7, 3164181.5 ], [ 4381439.0, 3164240.3 ], [ 4381529.4, 3164352.7 ], [ 4381588.4, 3164472.2 ] ], [ [ 4382557.3, 3163973.2 ], [ 4382506.9, 3163928.1 ], [ 4382401.8, 3163958.6 ], [ 4382332.0, 3163930.9 ], [ 4382225.6, 3163593.4 ], [ 4382192.5, 3163542.1 ], [ 4382214.5, 3163539.6 ], [ 4382273.6, 3163497.3 ], [ 4382375.2, 3163490.9 ], [ 4382532.8, 3163450.0 ], [ 4382709.9, 3163416.0 ], [ 4382732.3, 3163419.5 ], [ 4382746.2, 3163427.1 ], [ 4382757.5, 3163447.5 ], [ 4382729.6, 3163453.1 ], [ 4382698.4, 3163493.6 ], [ 4382711.7, 3163578.6 ], [ 4382690.5, 3163566.3 ], [ 4382664.6, 3163564.0 ], [ 4382558.0, 3163625.6 ], [ 4382517.3, 3163549.3 ], [ 4382499.6, 3163540.4 ], [ 4382432.0, 3163555.4 ], [ 4382363.9, 3163587.8 ], [ 4382356.1, 3163607.5 ], [ 4382388.0, 3163714.0 ], [ 4382383.3, 3163735.3 ], [ 4382395.6, 3163749.1 ], [ 4382434.2, 3163755.5 ], [ 4382515.7, 3163747.2 ], [ 4382624.1, 3163690.9 ], [ 4382646.5, 3163686.4 ], [ 4382689.9, 3163696.1 ], [ 4382739.4, 3163685.2 ], [ 4382783.7, 3163660.8 ], [ 4382834.2, 3163611.2 ], [ 4382903.5, 3163677.9 ], [ 4382866.9, 3163735.4 ], [ 4382857.1, 3163743.2 ], [ 4382847.3, 3163723.2 ], [ 4382832.0, 3163715.8 ], [ 4382800.3, 3163727.3 ], [ 4382752.2, 3163727.5 ], [ 4382700.2, 3163755.7 ], [ 4382681.3, 3163790.9 ], [ 4382625.7, 3163812.5 ], [ 4382617.9, 3163834.4 ], [ 4382641.3, 3163874.9 ], [ 4382703.3, 3163862.4 ], [ 4382765.3, 3163820.8 ], [ 4382813.6, 3163775.9 ], [ 4382835.7, 3163779.8 ], [ 4382862.9, 3163798.4 ], [ 4382859.6, 3163824.8 ], [ 4382908.2, 3163883.0 ], [ 4382838.9, 3163871.7 ], [ 4382773.3, 3163884.2 ], [ 4382697.6, 3163951.6 ], [ 4382696.0, 3164021.4 ], [ 4382652.5, 3164037.2 ], [ 4382557.3, 3163973.2 ] ], [ [ 4382987.8, 3163595.3 ], [ 4382845.5, 3163577.7 ], [ 4382811.3, 3163548.0 ], [ 4382800.8, 3163523.1 ], [ 4382811.9, 3163466.7 ], [ 4382831.1, 3163425.7 ], [ 4382859.1, 3163398.0 ], [ 4382876.2, 3163388.5 ], [ 4382924.4, 3163415.6 ], [ 4382995.5, 3163374.1 ], [ 4383011.0, 3163384.3 ], [ 4383028.3, 3163382.9 ], [ 4383042.3, 3163363.5 ], [ 4383101.4, 3163404.1 ], [ 4383184.8, 3163374.1 ], [ 4383243.7, 3163404.1 ], [ 4383280.7, 3163393.0 ], [ 4383294.0, 3163443.9 ], [ 4383220.7, 3163481.9 ], [ 4383217.5, 3163500.1 ], [ 4383227.4, 3163513.4 ], [ 4383200.7, 3163543.2 ], [ 4383201.1, 3163561.8 ], [ 4383223.1, 3163573.9 ], [ 4383313.3, 3163551.0 ], [ 4383362.6, 3163548.7 ], [ 4383304.9, 3163621.8 ], [ 4383268.9, 3163654.2 ], [ 4383159.4, 3163717.3 ], [ 4383064.3, 3163653.8 ], [ 4383008.1, 3163625.9 ], [ 4383005.4, 3163604.2 ], [ 4382987.8, 3163595.3 ] ], [ [ 4381005.1, 3163379.7 ], [ 4380993.0, 3163418.7 ], [ 4380968.4, 3163430.3 ], [ 4380961.5, 3163400.6 ], [ 4380948.2, 3163387.7 ], [ 4380951.7, 3163376.8 ], [ 4380999.9, 3163342.7 ], [ 4381005.1, 3163379.7 ] ], [ [ 4379965.8, 3163336.4 ], [ 4380047.2, 3163503.2 ], [ 4380149.0, 3163641.7 ], [ 4380142.7, 3163672.9 ], [ 4380114.8, 3163644.3 ], [ 4380074.8, 3163627.6 ], [ 4380029.8, 3163582.1 ], [ 4379905.0, 3163373.7 ], [ 4379901.3, 3163350.2 ], [ 4379912.5, 3163325.7 ], [ 4379943.1, 3163321.9 ], [ 4379965.8, 3163336.4 ] ], [ [ 4383450.2, 3164474.2 ], [ 4383555.5, 3164504.3 ], [ 4383529.7, 3164530.5 ], [ 4383492.9, 3164551.2 ], [ 4383448.3, 3164599.8 ], [ 4383420.2, 3164666.8 ], [ 4383288.9, 3164608.8 ], [ 4383314.7, 3164565.4 ], [ 4383358.5, 3164532.1 ], [ 4383418.3, 3164505.2 ], [ 4383450.2, 3164474.2 ] ], [ [ 4385054.8, 3164273.0 ], [ 4385070.4, 3164249.5 ], [ 4385116.5, 3164257.4 ], [ 4385104.3, 3164298.7 ], [ 4385054.8, 3164273.0 ] ], [ [ 4377453.7, 3165490.2 ], [ 4377458.5, 3165549.6 ], [ 4377484.5, 3165555.9 ], [ 4377546.2, 3165536.8 ], [ 4377532.4, 3165573.8 ], [ 4377565.1, 3165606.7 ], [ 4377539.7, 3165643.1 ], [ 4377515.3, 3165648.2 ], [ 4377487.4, 3165672.0 ], [ 4377408.3, 3165685.1 ], [ 4377374.9, 3165681.2 ], [ 4377313.0, 3165703.4 ], [ 4377266.1, 3165705.6 ], [ 4377231.2, 3165735.6 ], [ 4377196.1, 3165740.9 ], [ 4377137.1, 3165734.4 ], [ 4377085.7, 3165758.5 ], [ 4377071.0, 3165750.0 ], [ 4377069.0, 3165727.8 ], [ 4377045.9, 3165685.5 ], [ 4377027.7, 3165667.2 ], [ 4377010.5, 3165662.1 ], [ 4377094.8, 3165647.6 ], [ 4377104.4, 3165662.9 ], [ 4377121.7, 3165668.6 ], [ 4377186.1, 3165650.3 ], [ 4377199.9, 3165638.7 ], [ 4377201.4, 3165618.5 ], [ 4377228.3, 3165589.3 ], [ 4377248.9, 3165592.8 ], [ 4377288.4, 3165570.6 ], [ 4377296.4, 3165551.8 ], [ 4377278.1, 3165505.9 ], [ 4377291.8, 3165474.5 ], [ 4377279.5, 3165423.7 ], [ 4377409.1, 3165436.4 ], [ 4377459.8, 3165452.1 ], [ 4377453.7, 3165490.2 ] ], [ [ 4376620.1, 3165565.6 ], [ 4376547.8, 3165554.7 ], [ 4376452.9, 3165582.2 ], [ 4376407.4, 3165535.1 ], [ 4376467.6, 3165507.8 ], [ 4376592.8, 3165487.5 ], [ 4376646.7, 3165515.1 ], [ 4376620.1, 3165565.6 ] ], [ [ 4378185.8, 3165747.2 ], [ 4378145.2, 3165701.9 ], [ 4378132.5, 3165670.8 ], [ 4378148.2, 3165651.8 ], [ 4378149.1, 3165637.1 ], [ 4378122.8, 3165598.1 ], [ 4378143.5, 3165603.8 ], [ 4378158.5, 3165593.2 ], [ 4378170.1, 3165554.0 ], [ 4378163.4, 3165537.6 ], [ 4378263.2, 3165498.6 ], [ 4378270.5, 3165514.2 ], [ 4378256.6, 3165526.0 ], [ 4378255.9, 3165543.8 ], [ 4378206.1, 3165590.2 ], [ 4378192.4, 3165621.1 ], [ 4378176.7, 3165632.3 ], [ 4378174.4, 3165646.8 ], [ 4378303.1, 3165799.4 ], [ 4378298.3, 3165810.6 ], [ 4378185.8, 3165747.2 ] ], [ [ 4379875.3, 3165803.4 ], [ 4379803.4, 3165771.1 ], [ 4379776.1, 3165739.4 ], [ 4379773.7, 3165695.8 ], [ 4379760.2, 3165679.9 ], [ 4379750.8, 3165566.4 ], [ 4379832.6, 3165572.3 ], [ 4379848.2, 3165557.5 ], [ 4379845.8, 3165538.3 ], [ 4380026.0, 3165501.1 ], [ 4380062.6, 3165502.7 ], [ 4380041.2, 3165728.6 ], [ 4380030.5, 3165765.7 ], [ 4379956.1, 3165812.5 ], [ 4379936.6, 3165815.6 ], [ 4379916.3, 3165802.8 ], [ 4379888.7, 3165816.1 ], [ 4379875.3, 3165803.4 ] ], [ [ 4377777.3, 3165566.1 ], [ 4377851.3, 3165573.1 ], [ 4377848.7, 3165601.7 ], [ 4377810.3, 3165609.5 ], [ 4377722.9, 3165606.1 ], [ 4377654.1, 3165613.5 ], [ 4377628.6, 3165609.0 ], [ 4377616.4, 3165596.1 ], [ 4377618.7, 3165583.3 ], [ 4377641.7, 3165573.6 ], [ 4377706.1, 3165575.9 ], [ 4377777.3, 3165566.1 ] ], [ [ 4378770.0, 3162978.4 ], [ 4378753.5, 3162959.6 ], [ 4378765.7, 3162943.4 ], [ 4378779.6, 3162945.1 ], [ 4378813.5, 3162984.7 ], [ 4378791.3, 3162987.6 ], [ 4378770.0, 3162978.4 ] ], [ [ 4381780.9, 3161321.8 ], [ 4381780.4, 3161274.9 ], [ 4381805.2, 3161271.4 ], [ 4381810.1, 3161284.3 ], [ 4381791.6, 3161324.1 ], [ 4381780.9, 3161321.8 ] ], [ [ 4382721.4, 3161299.5 ], [ 4382737.8, 3161253.0 ], [ 4382737.6, 3161221.7 ], [ 4382750.8, 3161185.1 ], [ 4382765.7, 3161192.2 ], [ 4382777.7, 3161226.9 ], [ 4382794.3, 3161241.0 ], [ 4382746.1, 3161322.8 ], [ 4382726.4, 3161323.9 ], [ 4382721.4, 3161299.5 ] ], [ [ 4380987.9, 3161116.3 ], [ 4380970.1, 3161108.5 ], [ 4380945.8, 3161116.2 ], [ 4380933.5, 3161083.6 ], [ 4380962.9, 3161073.4 ], [ 4381022.0, 3161078.9 ], [ 4381028.4, 3161110.4 ], [ 4381044.5, 3161116.9 ], [ 4381077.0, 3161110.9 ], [ 4381083.3, 3161135.6 ], [ 4380998.5, 3161159.7 ], [ 4380987.9, 3161116.3 ] ], [ [ 4383085.4, 3160937.3 ], [ 4383115.3, 3160913.8 ], [ 4383125.7, 3160948.8 ], [ 4383143.1, 3160961.4 ], [ 4383142.4, 3160977.4 ], [ 4383117.5, 3161009.8 ], [ 4383110.4, 3161039.5 ], [ 4383089.2, 3161058.9 ], [ 4383060.9, 3161051.2 ], [ 4383084.6, 3160986.1 ], [ 4383085.4, 3160937.3 ] ], [ [ 4384111.1, 3161033.0 ], [ 4384059.0, 3160979.9 ], [ 4384039.4, 3160976.8 ], [ 4383998.5, 3160989.0 ], [ 4384010.1, 3160929.7 ], [ 4383997.2, 3160894.8 ], [ 4384098.6, 3160891.4 ], [ 4384099.1, 3160933.8 ], [ 4384112.1, 3160945.3 ], [ 4384127.3, 3160944.9 ], [ 4384151.1, 3160991.8 ], [ 4384142.3, 3161047.3 ], [ 4384111.1, 3161033.0 ] ], [ [ 4382689.1, 3160826.6 ], [ 4382645.3, 3160927.5 ], [ 4382612.5, 3160892.2 ], [ 4382615.5, 3160838.7 ], [ 4382627.1, 3160816.2 ], [ 4382689.1, 3160826.6 ] ], [ [ 4385002.3, 3160818.2 ], [ 4385012.9, 3160797.0 ], [ 4385038.9, 3160809.2 ], [ 4385055.7, 3160807.5 ], [ 4385031.4, 3160830.1 ], [ 4385002.3, 3160818.2 ] ], [ [ 4385085.8, 3160803.6 ], [ 4385062.1, 3160802.4 ], [ 4385082.4, 3160766.5 ], [ 4385101.6, 3160774.8 ], [ 4385085.8, 3160803.6 ] ], [ [ 4382090.5, 3160778.9 ], [ 4382051.3, 3160804.3 ], [ 4382038.1, 3160802.7 ], [ 4382025.0, 3160770.9 ], [ 4382009.1, 3160760.4 ], [ 4382009.7, 3160731.5 ], [ 4382022.3, 3160712.3 ], [ 4382055.4, 3160706.2 ], [ 4382069.4, 3160722.2 ], [ 4382090.5, 3160778.9 ] ], [ [ 4385362.0, 3160564.1 ], [ 4385343.3, 3160469.9 ], [ 4385315.8, 3160424.3 ], [ 4385336.9, 3160384.6 ], [ 4385336.7, 3160356.7 ], [ 4385364.9, 3160368.2 ], [ 4385396.9, 3160417.2 ], [ 4385412.7, 3160423.9 ], [ 4385447.0, 3160404.2 ], [ 4385464.6, 3160359.6 ], [ 4385479.3, 3160360.1 ], [ 4385488.7, 3160392.9 ], [ 4385470.5, 3160493.9 ], [ 4385411.1, 3160500.1 ], [ 4385396.9, 3160532.5 ], [ 4385395.2, 3160564.0 ], [ 4385362.0, 3160564.1 ] ], [ [ 4384276.9, 3160401.4 ], [ 4384234.2, 3160480.2 ], [ 4384228.7, 3160461.7 ], [ 4384244.4, 3160377.1 ], [ 4384238.9, 3160310.5 ], [ 4384256.3, 3160268.3 ], [ 4384329.6, 3160198.5 ], [ 4384367.2, 3160177.1 ], [ 4384476.3, 3160069.5 ], [ 4384528.9, 3160136.7 ], [ 4384456.6, 3160183.1 ], [ 4384424.4, 3160187.7 ], [ 4384408.2, 3160223.6 ], [ 4384378.2, 3160253.6 ], [ 4384356.1, 3160263.0 ], [ 4384303.1, 3160321.1 ], [ 4384276.9, 3160401.4 ] ], [ [ 4386194.7, 3159671.4 ], [ 4386132.5, 3159662.4 ], [ 4386142.2, 3159649.1 ], [ 4386142.1, 3159632.4 ], [ 4386091.2, 3159572.3 ], [ 4386151.2, 3159523.5 ], [ 4386173.2, 3159541.2 ], [ 4386213.9, 3159547.8 ], [ 4386204.2, 3159578.7 ], [ 4386221.1, 3159602.4 ], [ 4386210.5, 3159626.1 ], [ 4386224.5, 3159651.8 ], [ 4386225.4, 3159675.4 ], [ 4386204.4, 3159683.0 ], [ 4386194.7, 3159671.4 ] ], [ [ 4386148.2, 3159270.5 ], [ 4386104.6, 3159253.8 ], [ 4386097.3, 3159244.8 ], [ 4386109.2, 3159231.3 ], [ 4386113.3, 3159205.0 ], [ 4386132.0, 3159199.4 ], [ 4386154.8, 3159178.9 ], [ 4386218.9, 3159206.4 ], [ 4386234.5, 3159223.8 ], [ 4386351.5, 3159254.9 ], [ 4386359.1, 3159264.4 ], [ 4386196.3, 3159408.7 ], [ 4386188.2, 3159352.4 ], [ 4386148.2, 3159270.5 ] ], [ [ 4387222.1, 3162282.6 ], [ 4387251.3, 3162273.5 ], [ 4387263.1, 3162359.2 ], [ 4387250.6, 3162334.2 ], [ 4387234.3, 3162327.2 ], [ 4387222.1, 3162282.6 ] ], [ [ 4386386.7, 3166963.9 ], [ 4386418.9, 3166980.6 ], [ 4386422.9, 3167001.1 ], [ 4386441.6, 3167018.2 ], [ 4386483.7, 3167023.9 ], [ 4386505.7, 3167007.6 ], [ 4386527.4, 3167016.8 ], [ 4386519.8, 3167089.3 ], [ 4386472.3, 3167106.6 ], [ 4386441.1, 3167105.2 ], [ 4386405.5, 3167085.6 ], [ 4386382.8, 3167103.8 ], [ 4386259.4, 3167048.4 ], [ 4386280.4, 3166986.6 ], [ 4386283.8, 3166949.6 ], [ 4386296.2, 3166932.4 ], [ 4386330.6, 3166950.6 ], [ 4386386.7, 3166963.9 ] ], [ [ 4385129.9, 3170484.1 ], [ 4385130.3, 3170501.0 ], [ 4385112.4, 3170498.0 ], [ 4385113.2, 3170482.6 ], [ 4385129.9, 3170484.1 ] ], [ [ 4385004.0, 3170528.9 ], [ 4385094.6, 3170565.0 ], [ 4385109.0, 3170562.7 ], [ 4385119.2, 3170550.6 ], [ 4385137.0, 3170557.3 ], [ 4385129.2, 3170592.6 ], [ 4385135.2, 3170626.0 ], [ 4385097.1, 3170623.3 ], [ 4385062.5, 3170647.7 ], [ 4384954.6, 3170621.6 ], [ 4384862.2, 3170628.2 ], [ 4384828.0, 3170608.5 ], [ 4384791.8, 3170564.1 ], [ 4384767.3, 3170555.7 ], [ 4384770.4, 3170534.1 ], [ 4384815.3, 3170543.3 ], [ 4384818.4, 3170556.6 ], [ 4384832.2, 3170566.5 ], [ 4384935.5, 3170574.3 ], [ 4384986.8, 3170560.0 ], [ 4385004.0, 3170528.9 ] ], [ [ 4384720.7, 3170606.2 ], [ 4384712.6, 3170628.7 ], [ 4384690.7, 3170627.7 ], [ 4384701.4, 3170599.1 ], [ 4384720.7, 3170606.2 ] ], [ [ 4384555.4, 3171466.8 ], [ 4384531.7, 3171383.6 ], [ 4384568.4, 3171326.3 ], [ 4384591.1, 3171326.0 ], [ 4384586.2, 3171419.4 ], [ 4384555.4, 3171466.8 ] ] ] } }
]
}
