{
"type": "FeatureCollection",
"name": "forest_patches",
"crs": { "type": "name", "properties": { "name": "urn:ogc:def:crs:EPSG::3035" } },
"xy_coordinate_resolution": 0.1,
"features": [
{ "type": "Feature", "properties": { "id": "forest_39053", "state": "Mecklenburg-Vorpommern", "area_ha": 10716.26, "unfragmented": true, "image": "forest_39053.webp", "real_width_m": 16701.9, "real_height_m": 12971.7, "pixel_width": 1670, "pixel_height": 1297, "centroid_x": 4521317.8, "centroid_y": 3342445.5 }, "geometry": { "type": "Polygon", "coordinates": [ [ [ 4523065.8, 3349212.8 ], [ 4523140.4, 3349209.9 ], [ 4523287.5, 3349188.5 ], [ 4523395.0, 3349185.7 ], [ 4523409.5, 3349175.9 ], [ 4523410.9, 3349139.3 ], [ 4523445.0, 3349075.2 ], [ 4523457.6, 3349014.4 ], [ 4523475.8, 3348975.3 ], [ 4523521.8, 3348931.8 ], [ 4523554.1, 3348836.2 ], [ 4523581.2, 3348793.0 ], [ 4523673.2, 3348721.6 ], [ 4523678.3, 3348703.5 ], [ 4523670.2, 3348669.6 ], [ 4523682.0, 3348638.3 ], [ 4523736.5, 3348579.1 ], [ 4523741.7, 3348558.6 ], [ 4523735.5, 3348358.2 ], [ 4523745.2, 3348310.5 ], [ 4523782.0, 3348233.5 ], [ 4523797.5, 3348115.9 ], [ 4523807.7, 3348108.2 ], [ 4523889.9, 3348094.4 ], [ 4523907.0, 3348074.0 ], [ 4523904.6, 3348043.5 ], [ 4523882.5, 3348003.7 ], [ 4523874.4, 3347937.5 ], [ 4523887.3, 3347854.8 ], [ 4523911.4, 3347760.4 ], [ 4523996.2, 3347653.6 ], [ 4523997.3, 3347631.1 ], [ 4523971.6, 3347586.2 ], [ 4523923.5, 3347555.8 ], [ 4523867.6, 3347498.7 ], [ 4523785.1, 3347448.6 ], [ 4523725.9, 3347397.8 ], [ 4523711.9, 3347376.3 ], [ 4523697.8, 3347371.3 ], [ 4523681.0, 3347379.1 ], [ 4523676.2, 3347397.0 ], [ 4523685.2, 3347419.9 ], [ 4523716.6, 3347454.4 ], [ 4523707.4, 3347481.5 ], [ 4523731.3, 3347589.0 ], [ 4523635.3, 3347658.4 ], [ 4523617.6, 3347657.9 ], [ 4523602.6, 3347495.4 ], [ 4523622.9, 3347462.3 ], [ 4523606.6, 3347411.5 ], [ 4523471.1, 3347286.1 ], [ 4523450.6, 3347287.2 ], [ 4523419.8, 3347312.8 ], [ 4523392.5, 3347156.6 ], [ 4523363.3, 3347107.6 ], [ 4523341.2, 3347097.4 ], [ 4523322.7, 3347101.4 ], [ 4523174.9, 3347079.3 ], [ 4523142.1, 3347048.2 ], [ 4523162.7, 3347016.3 ], [ 4523182.6, 3347011.6 ], [ 4523198.3, 3346987.8 ], [ 4523218.9, 3346985.5 ], [ 4523259.0, 3347034.2 ], [ 4523310.5, 3347057.0 ], [ 4523324.7, 3347077.5 ], [ 4523345.9, 3347075.8 ], [ 4523378.3, 3347030.2 ], [ 4523410.1, 3346925.6 ], [ 4523506.2, 3346814.7 ], [ 4523563.6, 3346773.9 ], [ 4523599.7, 3346764.7 ], [ 4523715.4, 3346786.4 ], [ 4523892.2, 3346918.7 ], [ 4523941.6, 3346934.5 ], [ 4523965.2, 3346927.1 ], [ 4523978.7, 3346891.3 ], [ 4524075.3, 3346923.3 ], [ 4524065.0, 3346961.9 ], [ 4524070.3, 3346978.6 ], [ 4524183.9, 3347037.2 ], [ 4524203.9, 3347024.5 ], [ 4524207.8, 3346988.5 ], [ 4524171.7, 3346937.1 ], [ 4524127.3, 3346910.5 ], [ 4524132.2, 3346876.5 ], [ 4524118.2, 3346833.3 ], [ 4524131.6, 3346794.4 ], [ 4524124.5, 3346774.8 ], [ 4524054.2, 3346757.8 ], [ 4524022.9, 3346761.4 ], [ 4523989.0, 3346753.6 ], [ 4523963.6, 3346759.3 ], [ 4523899.7, 3346733.9 ], [ 4523819.6, 3346736.4 ], [ 4523824.1, 3346690.2 ], [ 4523919.0, 3346696.5 ], [ 4523971.4, 3346677.4 ], [ 4524048.9, 3346694.6 ], [ 4524065.2, 3346676.6 ], [ 4524059.4, 3346638.2 ], [ 4524131.4, 3346666.6 ], [ 4524096.8, 3346694.6 ], [ 4524098.6, 3346712.3 ], [ 4524113.1, 3346722.9 ], [ 4524518.7, 3346774.4 ], [ 4524683.3, 3346782.0 ], [ 4524980.1, 3346816.5 ], [ 4525263.0, 3346732.6 ], [ 4525395.4, 3346707.6 ], [ 4525410.0, 3346685.6 ], [ 4525550.3, 3346660.4 ], [ 4525553.1, 3346742.5 ], [ 4525518.8, 3346746.4 ], [ 4525447.2, 3346772.1 ], [ 4525404.0, 3346764.1 ], [ 4525288.8, 3346787.4 ], [ 4525271.7, 3346804.3 ], [ 4524954.5, 3346876.4 ], [ 4524515.5, 3346834.2 ], [ 4524504.9, 3346851.8 ], [ 4524489.7, 3347121.8 ], [ 4524492.9, 3347178.8 ], [ 4524483.5, 3347197.5 ], [ 4524554.1, 3347290.7 ], [ 4524522.7, 3347318.0 ], [ 4524518.6, 3347338.8 ], [ 4524598.0, 3347416.6 ], [ 4524681.8, 3347468.6 ], [ 4524657.0, 3347523.3 ], [ 4524661.9, 3347543.9 ], [ 4524698.6, 3347565.3 ], [ 4524747.1, 3347613.5 ], [ 4524788.4, 3347635.7 ], [ 4524961.6, 3347792.4 ], [ 4524981.2, 3347795.1 ], [ 4524993.9, 3347787.2 ], [ 4524995.3, 3347762.0 ], [ 4525005.6, 3347742.4 ], [ 4525060.7, 3347744.6 ], [ 4525082.1, 3347724.4 ], [ 4525190.4, 3347794.1 ], [ 4525201.3, 3347827.7 ], [ 4525212.6, 3347837.0 ], [ 4525367.2, 3347803.5 ], [ 4525420.8, 3347834.6 ], [ 4525422.2, 3347862.1 ], [ 4525449.9, 3347881.3 ], [ 4525510.3, 3347884.7 ], [ 4525606.4, 3347876.4 ], [ 4525654.4, 3347890.3 ], [ 4525699.4, 3347924.5 ], [ 4525735.0, 3348007.6 ], [ 4525756.4, 3348022.5 ], [ 4525809.7, 3348030.8 ], [ 4525864.2, 3348069.8 ], [ 4525894.4, 3348080.1 ], [ 4525913.9, 3348099.0 ], [ 4525954.8, 3348188.3 ], [ 4526016.1, 3348237.2 ], [ 4526037.1, 3348243.0 ], [ 4526079.8, 3348228.0 ], [ 4526157.0, 3348123.8 ], [ 4526177.2, 3348042.9 ], [ 4526171.3, 3347994.3 ], [ 4526216.2, 3347913.5 ], [ 4526206.2, 3347777.0 ], [ 4526182.7, 3347737.8 ], [ 4526181.0, 3347721.0 ], [ 4526200.0, 3347675.7 ], [ 4526198.1, 3347661.4 ], [ 4526167.1, 3347639.9 ], [ 4526135.4, 3347645.2 ], [ 4526129.0, 3347658.5 ], [ 4526132.7, 3347746.7 ], [ 4526104.0, 3347763.6 ], [ 4526074.6, 3347683.6 ], [ 4526096.3, 3347671.7 ], [ 4526098.6, 3347647.5 ], [ 4526083.4, 3347622.1 ], [ 4526060.3, 3347611.3 ], [ 4526052.6, 3347560.8 ], [ 4526060.8, 3347545.6 ], [ 4526121.7, 3347509.5 ], [ 4526202.7, 3347500.0 ], [ 4526220.7, 3347488.2 ], [ 4526223.2, 3347458.0 ], [ 4526212.8, 3347435.2 ], [ 4526186.9, 3347409.1 ], [ 4526164.4, 3347407.3 ], [ 4526125.0, 3347382.8 ], [ 4526143.7, 3347381.9 ], [ 4526163.7, 3347393.2 ], [ 4526204.9, 3347394.0 ], [ 4526254.0, 3347430.2 ], [ 4526312.0, 3347438.6 ], [ 4526250.2, 3347561.8 ], [ 4526237.5, 3347574.5 ], [ 4526244.6, 3347622.5 ], [ 4526253.4, 3347634.2 ], [ 4526277.9, 3347634.3 ], [ 4526294.3, 3347606.7 ], [ 4526405.6, 3347544.8 ], [ 4526392.9, 3347472.7 ], [ 4526399.4, 3347403.9 ], [ 4526297.4, 3347324.1 ], [ 4526257.0, 3347282.9 ], [ 4526249.9, 3347222.9 ], [ 4526254.7, 3347204.3 ], [ 4526285.0, 3347161.1 ], [ 4526329.2, 3347125.8 ], [ 4526381.4, 3347058.6 ], [ 4526441.7, 3347008.1 ], [ 4526465.8, 3346994.0 ], [ 4526536.6, 3346988.0 ], [ 4526596.3, 3346959.4 ], [ 4526602.5, 3346941.2 ], [ 4526589.2, 3346905.3 ], [ 4526603.7, 3346819.5 ], [ 4526597.2, 3346742.3 ], [ 4526622.1, 3346670.4 ], [ 4526667.3, 3346589.3 ], [ 4526698.5, 3346573.2 ], [ 4526750.4, 3346567.7 ], [ 4526802.2, 3346571.9 ], [ 4526881.2, 3346600.7 ], [ 4526915.2, 3346735.4 ], [ 4526904.0, 3346780.6 ], [ 4526877.9, 3346824.3 ], [ 4526884.8, 3346940.8 ], [ 4526871.2, 3347118.4 ], [ 4526909.6, 3347165.3 ], [ 4526962.3, 3347190.0 ], [ 4527026.6, 3347167.2 ], [ 4527095.5, 3347116.1 ], [ 4527164.9, 3347025.9 ], [ 4527191.7, 3347006.7 ], [ 4527202.3, 3346980.2 ], [ 4527158.9, 3346934.9 ], [ 4527141.5, 3346931.1 ], [ 4527057.9, 3346999.6 ], [ 4527052.1, 3346984.0 ], [ 4527062.4, 3346953.8 ], [ 4527047.1, 3346926.9 ], [ 4527080.0, 3346897.3 ], [ 4527083.6, 3346876.7 ], [ 4527068.2, 3346862.4 ], [ 4527001.1, 3346856.2 ], [ 4527004.4, 3346646.9 ], [ 4526998.1, 3346630.7 ], [ 4527020.0, 3346611.5 ], [ 4527021.4, 3346590.5 ], [ 4526982.4, 3346570.7 ], [ 4526973.5, 3346547.4 ], [ 4526936.9, 3346541.3 ], [ 4526730.5, 3346417.8 ], [ 4525747.7, 3346673.3 ], [ 4525773.2, 3346606.7 ], [ 4526593.2, 3346393.6 ], [ 4526612.8, 3346396.7 ], [ 4526735.7, 3346358.7 ], [ 4526801.2, 3346391.0 ], [ 4526956.9, 3346351.8 ], [ 4526955.1, 3346381.2 ], [ 4526878.2, 3346401.2 ], [ 4526867.5, 3346411.4 ], [ 4526866.8, 3346429.7 ], [ 4526954.0, 3346485.9 ], [ 4526981.5, 3346526.2 ], [ 4526981.3, 3346552.8 ], [ 4526989.8, 3346565.1 ], [ 4527045.2, 3346566.3 ], [ 4527045.2, 3346612.9 ], [ 4527072.1, 3346682.4 ], [ 4527167.3, 3346810.5 ], [ 4527173.9, 3346856.5 ], [ 4527196.1, 3346864.9 ], [ 4527242.4, 3346838.4 ], [ 4527346.5, 3346807.2 ], [ 4527358.0, 3346793.0 ], [ 4527354.8, 3346774.9 ], [ 4527336.6, 3346764.4 ], [ 4527323.7, 3346706.4 ], [ 4527384.0, 3346690.2 ], [ 4527394.7, 3346668.6 ], [ 4527386.2, 3346653.4 ], [ 4527359.1, 3346638.8 ], [ 4527315.6, 3346517.3 ], [ 4527354.8, 3346504.1 ], [ 4527359.9, 3346480.0 ], [ 4527287.2, 3346352.3 ], [ 4527388.5, 3346300.9 ], [ 4527422.2, 3346364.0 ], [ 4527370.8, 3346397.6 ], [ 4527368.2, 3346412.4 ], [ 4527378.0, 3346431.2 ], [ 4527402.0, 3346437.8 ], [ 4527459.5, 3346402.4 ], [ 4527482.8, 3346422.9 ], [ 4527521.5, 3346404.9 ], [ 4527602.5, 3346513.0 ], [ 4527619.4, 3346518.5 ], [ 4527648.9, 3346510.4 ], [ 4527659.3, 3346528.0 ], [ 4527661.4, 3346562.2 ], [ 4527712.0, 3346610.9 ], [ 4527680.9, 3346654.0 ], [ 4527679.9, 3346674.5 ], [ 4527725.7, 3346723.9 ], [ 4527752.3, 3346789.6 ], [ 4527788.1, 3346830.6 ], [ 4528004.1, 3346939.9 ], [ 4528036.9, 3346947.6 ], [ 4528095.8, 3346938.6 ], [ 4528195.5, 3346981.7 ], [ 4528243.1, 3347026.3 ], [ 4528282.9, 3347099.4 ], [ 4528310.4, 3347117.5 ], [ 4528495.3, 3347118.3 ], [ 4528535.9, 3347097.3 ], [ 4528532.3, 3347063.1 ], [ 4528577.9, 3347045.2 ], [ 4528598.6, 3347063.3 ], [ 4528615.4, 3347063.9 ], [ 4528806.2, 3346978.3 ], [ 4528863.0, 3346981.8 ], [ 4528933.2, 3346967.9 ], [ 4529104.6, 3346960.6 ], [ 4529161.7, 3346944.3 ], [ 4529246.4, 3346897.7 ], [ 4529273.5, 3346846.2 ], [ 4529270.3, 3346802.3 ], [ 4529156.1, 3346621.3 ], [ 4529052.7, 3346533.6 ], [ 4529007.1, 3346483.3 ], [ 4528989.8, 3346479.7 ], [ 4528946.9, 3346505.6 ], [ 4528906.8, 3346510.8 ], [ 4528872.3, 3346490.9 ], [ 4528801.4, 3346423.9 ], [ 4528785.1, 3346395.7 ], [ 4528761.3, 3346337.6 ], [ 4528703.7, 3346066.4 ], [ 4528735.1, 3345919.6 ], [ 4528761.1, 3345866.9 ], [ 4528802.3, 3345828.2 ], [ 4528832.7, 3345818.1 ], [ 4528869.4, 3345821.5 ], [ 4528909.5, 3345801.2 ], [ 4528943.8, 3345795.3 ], [ 4528963.8, 3345804.4 ], [ 4528993.8, 3345798.3 ], [ 4529123.3, 3345908.9 ], [ 4529199.4, 3345955.8 ], [ 4529258.7, 3345979.8 ], [ 4529308.1, 3345990.5 ], [ 4529332.4, 3345987.6 ], [ 4529366.9, 3346003.0 ], [ 4529384.2, 3345991.1 ], [ 4529398.1, 3345947.8 ], [ 4529416.4, 3345950.0 ], [ 4529430.8, 3345939.1 ], [ 4529433.1, 3345924.6 ], [ 4529422.8, 3345909.7 ], [ 4529443.0, 3345856.8 ], [ 4529471.6, 3345863.3 ], [ 4529486.7, 3345853.7 ], [ 4529493.7, 3345800.6 ], [ 4529650.1, 3345853.9 ], [ 4529638.8, 3345903.5 ], [ 4529651.6, 3345921.4 ], [ 4529745.7, 3345934.6 ], [ 4529763.2, 3345929.4 ], [ 4529770.9, 3345913.3 ], [ 4529766.9, 3345896.9 ], [ 4529709.1, 3345881.7 ], [ 4529710.2, 3345862.8 ], [ 4529699.6, 3345848.3 ], [ 4529712.9, 3345767.8 ], [ 4529736.0, 3345745.5 ], [ 4529750.5, 3345710.3 ], [ 4529811.0, 3345750.7 ], [ 4529922.6, 3345777.5 ], [ 4529961.0, 3345798.7 ], [ 4529956.4, 3345849.9 ], [ 4529888.3, 3345839.9 ], [ 4529872.6, 3345846.7 ], [ 4529863.7, 3345884.9 ], [ 4529874.5, 3345903.0 ], [ 4529969.2, 3345922.4 ], [ 4529984.0, 3345914.2 ], [ 4529997.2, 3345881.6 ], [ 4530007.5, 3345880.6 ], [ 4530029.1, 3345895.5 ], [ 4530046.7, 3345892.7 ], [ 4530057.5, 3345877.7 ], [ 4530055.4, 3345859.4 ], [ 4530043.9, 3345850.0 ], [ 4530019.6, 3345849.0 ], [ 4530019.9, 3345813.6 ], [ 4530036.1, 3345806.2 ], [ 4530041.5, 3345789.2 ], [ 4530009.6, 3345707.3 ], [ 4530019.0, 3345650.8 ], [ 4530029.7, 3345638.9 ], [ 4530040.7, 3345588.6 ], [ 4530066.6, 3345583.0 ], [ 4530091.5, 3345525.3 ], [ 4530144.3, 3345562.7 ], [ 4530127.1, 3345607.0 ], [ 4530135.6, 3345626.0 ], [ 4530187.5, 3345656.7 ], [ 4530249.1, 3345706.9 ], [ 4530274.7, 3345700.1 ], [ 4530285.7, 3345682.6 ], [ 4530256.1, 3345635.3 ], [ 4530228.9, 3345543.9 ], [ 4530253.1, 3345531.1 ], [ 4530261.8, 3345515.1 ], [ 4530239.4, 3345440.0 ], [ 4530211.7, 3345437.2 ], [ 4530137.1, 3345506.3 ], [ 4529770.8, 3345079.3 ], [ 4529749.3, 3345073.5 ], [ 4529709.4, 3345080.3 ], [ 4529695.0, 3345059.7 ], [ 4529695.0, 3345027.6 ], [ 4529685.3, 3345011.0 ], [ 4529559.4, 3344962.3 ], [ 4529518.2, 3344928.5 ], [ 4529485.3, 3344931.9 ], [ 4529471.8, 3344906.7 ], [ 4529410.0, 3344879.7 ], [ 4529433.0, 3344863.4 ], [ 4529466.7, 3344874.1 ], [ 4529533.1, 3344847.8 ], [ 4529553.5, 3344869.7 ], [ 4529582.8, 3344867.6 ], [ 4529617.0, 3344892.8 ], [ 4529635.2, 3344892.9 ], [ 4529645.9, 3344882.7 ], [ 4529655.9, 3344841.4 ], [ 4529648.2, 3344829.0 ], [ 4529625.0, 3344819.5 ], [ 4529614.6, 3344780.2 ], [ 4529676.2, 3344738.3 ], [ 4529709.3, 3344772.2 ], [ 4529757.8, 3344771.3 ], [ 4529755.4, 3344779.7 ], [ 4529708.1, 3344806.0 ], [ 4529705.5, 3344820.6 ], [ 4529716.1, 3344848.3 ], [ 4529796.9, 3344902.0 ], [ 4529822.3, 3344906.7 ], [ 4529843.2, 3344886.1 ], [ 4529836.5, 3344854.8 ], [ 4529901.0, 3344819.7 ], [ 4529910.1, 3344802.5 ], [ 4529908.2, 3344768.0 ], [ 4529888.6, 3344742.1 ], [ 4529869.5, 3344734.3 ], [ 4529843.8, 3344744.6 ], [ 4529819.4, 3344696.2 ], [ 4529863.5, 3344672.3 ], [ 4529897.0, 3344721.9 ], [ 4529945.0, 3344724.6 ], [ 4529955.9, 3344705.5 ], [ 4529949.1, 3344669.1 ], [ 4529989.1, 3344630.4 ], [ 4529996.3, 3344591.0 ], [ 4529973.2, 3344547.8 ], [ 4529955.4, 3344544.8 ], [ 4529929.8, 3344560.6 ], [ 4529900.3, 3344526.1 ], [ 4529924.5, 3344498.3 ], [ 4529910.7, 3344468.4 ], [ 4529889.8, 3344465.5 ], [ 4529853.6, 3344486.3 ], [ 4529813.6, 3344413.2 ], [ 4529878.2, 3344372.4 ], [ 4529873.7, 3344303.8 ], [ 4529855.7, 3344291.6 ], [ 4529825.5, 3344298.4 ], [ 4529786.4, 3344175.0 ], [ 4529720.9, 3344066.2 ], [ 4529697.8, 3344059.5 ], [ 4529679.4, 3344077.4 ], [ 4529647.1, 3344060.6 ], [ 4529706.3, 3343993.1 ], [ 4529709.2, 3343976.5 ], [ 4529604.3, 3343854.4 ], [ 4529583.1, 3343797.1 ], [ 4529533.1, 3343598.4 ], [ 4529455.6, 3343414.7 ], [ 4529401.5, 3343320.2 ], [ 4529243.2, 3343121.9 ], [ 4529221.8, 3343120.1 ], [ 4529075.3, 3343186.9 ], [ 4528839.6, 3342868.6 ], [ 4528865.7, 3342756.7 ], [ 4528929.2, 3342712.0 ], [ 4528933.5, 3342686.2 ], [ 4528780.6, 3342488.7 ], [ 4528674.0, 3342269.9 ], [ 4528445.4, 3342007.7 ], [ 4528304.2, 3341737.6 ], [ 4528233.0, 3341537.4 ], [ 4528166.0, 3341474.9 ], [ 4528118.8, 3341445.5 ], [ 4527937.4, 3341402.3 ], [ 4527501.4, 3341320.5 ], [ 4525770.5, 3341522.3 ], [ 4525748.6, 3341515.6 ], [ 4525874.4, 3340511.7 ], [ 4525876.2, 3340318.6 ], [ 4525593.4, 3338381.4 ], [ 4525592.8, 3338335.2 ], [ 4525658.8, 3337717.2 ], [ 4525643.4, 3337655.3 ], [ 4525518.4, 3337446.5 ], [ 4525456.2, 3337452.0 ], [ 4525440.1, 3337473.6 ], [ 4525463.4, 3337532.5 ], [ 4525484.4, 3337536.8 ], [ 4525507.4, 3337521.0 ], [ 4525524.1, 3337542.8 ], [ 4525400.3, 3337616.1 ], [ 4525375.9, 3337614.7 ], [ 4525361.0, 3337622.5 ], [ 4525326.6, 3337705.1 ], [ 4525306.1, 3337699.8 ], [ 4525292.1, 3337710.8 ], [ 4525221.8, 3337914.1 ], [ 4525223.3, 3337931.9 ], [ 4525245.5, 3337951.1 ], [ 4525359.8, 3337978.4 ], [ 4525311.0, 3338112.3 ], [ 4525291.0, 3338112.9 ], [ 4525280.2, 3338126.1 ], [ 4525233.4, 3338110.4 ], [ 4525246.3, 3338071.8 ], [ 4525242.5, 3338055.2 ], [ 4525188.5, 3338035.8 ], [ 4525172.1, 3338049.2 ], [ 4525138.6, 3338155.8 ], [ 4525141.6, 3338173.9 ], [ 4525157.2, 3338183.5 ], [ 4525293.5, 3338177.1 ], [ 4525309.5, 3338186.1 ], [ 4525340.5, 3338183.8 ], [ 4525349.8, 3338320.7 ], [ 4525116.3, 3338338.7 ], [ 4525124.7, 3338242.2 ], [ 4525109.5, 3338226.4 ], [ 4525083.4, 3338232.2 ], [ 4525037.9, 3338038.5 ], [ 4525027.2, 3338029.0 ], [ 4524934.2, 3338003.2 ], [ 4524920.6, 3338006.4 ], [ 4524905.7, 3338022.8 ], [ 4524856.9, 3337973.6 ], [ 4524873.1, 3337949.6 ], [ 4524863.9, 3337929.3 ], [ 4524895.6, 3337894.2 ], [ 4524897.5, 3337873.8 ], [ 4524766.6, 3337657.1 ], [ 4524744.8, 3337646.5 ], [ 4524648.1, 3337736.4 ], [ 4524619.5, 3337753.9 ], [ 4524527.2, 3337806.0 ], [ 4524452.4, 3337819.4 ], [ 4524414.9, 3337845.8 ], [ 4524395.6, 3337883.5 ], [ 4524384.1, 3337932.1 ], [ 4524347.5, 3337976.3 ], [ 4524332.2, 3338077.6 ], [ 4524318.4, 3338117.2 ], [ 4524286.3, 3338155.2 ], [ 4524246.4, 3338178.2 ], [ 4524237.1, 3338194.1 ], [ 4524249.2, 3338215.9 ], [ 4524300.9, 3338219.3 ], [ 4524320.8, 3338213.2 ], [ 4524353.8, 3338185.3 ], [ 4524368.4, 3338185.7 ], [ 4524381.6, 3338194.8 ], [ 4524384.6, 3338218.5 ], [ 4524351.7, 3338251.5 ], [ 4524267.0, 3338292.6 ], [ 4524252.3, 3338311.5 ], [ 4524124.6, 3338403.3 ], [ 4524075.4, 3338414.7 ], [ 4524038.7, 3338411.4 ], [ 4524021.0, 3338381.8 ], [ 4524010.3, 3338341.0 ], [ 4523991.1, 3338334.4 ], [ 4523959.7, 3338348.3 ], [ 4523945.7, 3338323.7 ], [ 4523931.2, 3338314.9 ], [ 4523887.4, 3338336.0 ], [ 4523805.6, 3338415.5 ], [ 4523750.7, 3338411.5 ], [ 4523710.4, 3338397.7 ], [ 4523647.3, 3338351.4 ], [ 4523622.3, 3338346.2 ], [ 4523569.1, 3338361.3 ], [ 4523553.7, 3338391.7 ], [ 4523499.9, 3338454.8 ], [ 4523477.9, 3338470.4 ], [ 4523361.4, 3338511.2 ], [ 4523321.7, 3338517.8 ], [ 4523246.0, 3338500.1 ], [ 4523231.6, 3338488.0 ], [ 4523229.7, 3338411.7 ], [ 4523255.9, 3338361.1 ], [ 4523284.0, 3338336.1 ], [ 4523305.7, 3338297.3 ], [ 4523448.3, 3338225.9 ], [ 4523592.2, 3338192.5 ], [ 4523650.8, 3338196.9 ], [ 4523710.0, 3338129.5 ], [ 4523748.3, 3338098.4 ], [ 4523798.5, 3338065.7 ], [ 4523870.2, 3338035.8 ], [ 4523913.9, 3337991.8 ], [ 4523952.6, 3337967.7 ], [ 4524097.3, 3337806.0 ], [ 4524093.7, 3337787.9 ], [ 4524073.7, 3337778.9 ], [ 4524037.6, 3337808.3 ], [ 4524016.4, 3337795.0 ], [ 4523997.4, 3337768.7 ], [ 4524292.9, 3337494.3 ], [ 4524312.5, 3337489.4 ], [ 4524484.2, 3337332.7 ], [ 4524516.8, 3337284.0 ], [ 4524486.3, 3337240.5 ], [ 4524539.9, 3337192.9 ], [ 4524567.0, 3337224.4 ], [ 4524586.9, 3337226.3 ], [ 4524667.7, 3337161.5 ], [ 4524673.8, 3337140.8 ], [ 4524652.8, 3337096.3 ], [ 4524632.5, 3337092.3 ], [ 4523258.7, 3337483.4 ], [ 4522654.3, 3337637.1 ], [ 4522420.2, 3337713.4 ], [ 4522370.2, 3337722.0 ], [ 4522174.4, 3337687.5 ], [ 4522080.9, 3337692.4 ], [ 4522003.6, 3337707.0 ], [ 4521728.3, 3337800.5 ], [ 4521419.2, 3337842.8 ], [ 4521252.3, 3337893.7 ], [ 4521037.2, 3338010.0 ], [ 4520980.7, 3338030.6 ], [ 4520937.3, 3338015.9 ], [ 4520709.5, 3337800.6 ], [ 4519820.5, 3337370.7 ], [ 4519804.6, 3337378.5 ], [ 4519800.4, 3337399.1 ], [ 4519855.1, 3337454.8 ], [ 4519870.0, 3337482.9 ], [ 4519876.8, 3337558.4 ], [ 4519938.2, 3337650.3 ], [ 4520039.2, 3337729.4 ], [ 4520032.7, 3337827.4 ], [ 4520005.7, 3337821.6 ], [ 4519976.1, 3337783.2 ], [ 4519952.9, 3337771.9 ], [ 4519930.0, 3337779.9 ], [ 4519897.9, 3337822.2 ], [ 4519875.5, 3337838.9 ], [ 4519827.0, 3337827.8 ], [ 4519774.1, 3337777.0 ], [ 4519779.6, 3337636.8 ], [ 4519755.2, 3337559.6 ], [ 4519776.5, 3337494.9 ], [ 4519777.9, 3337463.3 ], [ 4519771.9, 3337432.7 ], [ 4519718.9, 3337324.4 ], [ 4519478.7, 3337244.7 ], [ 4518853.1, 3336976.1 ], [ 4518774.5, 3336933.6 ], [ 4518760.6, 3336934.2 ], [ 4518707.7, 3336965.0 ], [ 4518685.9, 3336930.9 ], [ 4518730.8, 3336900.8 ], [ 4518732.6, 3336882.9 ], [ 4518718.5, 3336862.5 ], [ 4518663.1, 3336804.3 ], [ 4518530.9, 3336738.1 ], [ 4518293.8, 3336683.2 ], [ 4517958.0, 3336567.7 ], [ 4517554.5, 3336598.6 ], [ 4517538.6, 3336607.7 ], [ 4517535.1, 3336625.7 ], [ 4517546.4, 3336640.1 ], [ 4517594.7, 3336791.9 ], [ 4517565.1, 3336809.0 ], [ 4517559.4, 3336826.3 ], [ 4517537.4, 3336836.2 ], [ 4517455.9, 3336681.1 ], [ 4517418.9, 3336671.4 ], [ 4517398.2, 3336627.8 ], [ 4517386.2, 3336619.3 ], [ 4517331.0, 3336633.9 ], [ 4517326.3, 3336650.8 ], [ 4517344.9, 3336711.8 ], [ 4517314.6, 3336720.9 ], [ 4517300.5, 3336678.2 ], [ 4517260.9, 3336648.1 ], [ 4517141.5, 3336672.3 ], [ 4517098.7, 3336669.9 ], [ 4515871.9, 3336285.3 ], [ 4515853.8, 3336287.6 ], [ 4515843.7, 3336310.3 ], [ 4515938.3, 3336816.6 ], [ 4515952.7, 3336830.3 ], [ 4516074.5, 3336867.0 ], [ 4516086.8, 3337008.0 ], [ 4515995.6, 3336982.9 ], [ 4515979.5, 3336991.3 ], [ 4515974.8, 3337005.2 ], [ 4516071.2, 3337508.0 ], [ 4516087.4, 3337521.8 ], [ 4516211.6, 3337549.1 ], [ 4516275.3, 3337680.9 ], [ 4516304.4, 3337774.1 ], [ 4516402.2, 3337847.0 ], [ 4516427.3, 3337891.3 ], [ 4516442.0, 3338006.0 ], [ 4516428.1, 3338049.9 ], [ 4516393.4, 3338064.8 ], [ 4516380.7, 3338091.6 ], [ 4516409.1, 3338126.3 ], [ 4516388.5, 3338158.5 ], [ 4516389.9, 3338175.3 ], [ 4516429.4, 3338217.3 ], [ 4516462.0, 3338277.1 ], [ 4516314.2, 3338498.7 ], [ 4516323.3, 3338514.8 ], [ 4516456.3, 3338609.8 ], [ 4516455.4, 3338652.8 ], [ 4516482.1, 3338733.4 ], [ 4516461.4, 3338791.9 ], [ 4516304.1, 3338886.5 ], [ 4516294.7, 3338912.7 ], [ 4516358.7, 3338990.3 ], [ 4516379.0, 3338997.3 ], [ 4516486.3, 3338879.4 ], [ 4516617.3, 3338982.1 ], [ 4516615.4, 3338998.6 ], [ 4516547.3, 3339058.9 ], [ 4516503.9, 3339061.4 ], [ 4516348.7, 3339159.8 ], [ 4516303.5, 3339129.8 ], [ 4516288.6, 3339131.1 ], [ 4516278.1, 3339141.7 ], [ 4516277.9, 3339160.1 ], [ 4516322.5, 3339252.9 ], [ 4516426.5, 3339296.7 ], [ 4516464.7, 3339332.3 ], [ 4516463.7, 3339354.8 ], [ 4516443.0, 3339388.4 ], [ 4516422.0, 3339399.9 ], [ 4516386.2, 3339405.2 ], [ 4516276.7, 3339346.9 ], [ 4516230.9, 3339294.8 ], [ 4516202.5, 3339208.4 ], [ 4516210.5, 3339136.5 ], [ 4516231.2, 3339106.9 ], [ 4516226.9, 3339089.2 ], [ 4516187.0, 3339065.7 ], [ 4516169.9, 3339072.7 ], [ 4516158.9, 3339092.0 ], [ 4516129.2, 3339088.3 ], [ 4516120.4, 3339072.9 ], [ 4516125.4, 3339051.9 ], [ 4516118.0, 3339035.9 ], [ 4516026.3, 3339009.5 ], [ 4515919.7, 3338904.7 ], [ 4515886.9, 3338888.8 ], [ 4515866.2, 3338856.8 ], [ 4515807.5, 3338843.8 ], [ 4515793.7, 3338834.1 ], [ 4515766.6, 3338778.5 ], [ 4515748.6, 3338758.2 ], [ 4515638.3, 3338718.2 ], [ 4515595.6, 3338677.6 ], [ 4515581.1, 3338677.9 ], [ 4515561.8, 3338695.8 ], [ 4515541.3, 3338701.8 ], [ 4515519.8, 3338695.5 ], [ 4515490.7, 3338656.7 ], [ 4515490.2, 3338634.5 ], [ 4515503.4, 3338609.6 ], [ 4515536.8, 3338597.3 ], [ 4515541.0, 3338573.2 ], [ 4515508.4, 3338531.5 ], [ 4515474.7, 3338505.4 ], [ 4515443.4, 3338485.9 ], [ 4515391.4, 3338476.2 ], [ 4515378.2, 3338396.9 ], [ 4515269.4, 3338221.2 ], [ 4515577.4, 3338150.0 ], [ 4515668.8, 3338256.2 ], [ 4515695.7, 3338252.7 ], [ 4515708.9, 3338217.0 ], [ 4515841.9, 3338374.0 ], [ 4515865.0, 3338381.5 ], [ 4515898.3, 3338337.2 ], [ 4515945.8, 3338303.9 ], [ 4515948.9, 3338283.6 ], [ 4515747.9, 3338092.7 ], [ 4515772.0, 3338084.5 ], [ 4515849.9, 3337983.9 ], [ 4515895.0, 3337959.3 ], [ 4515994.1, 3337951.1 ], [ 4516068.6, 3337820.6 ], [ 4516198.3, 3337963.5 ], [ 4516219.6, 3337963.3 ], [ 4516238.2, 3337944.1 ], [ 4516304.7, 3337996.2 ], [ 4516337.3, 3337987.1 ], [ 4516348.0, 3337972.6 ], [ 4516335.9, 3337897.7 ], [ 4516294.3, 3337871.8 ], [ 4516245.7, 3337876.8 ], [ 4516251.3, 3337828.2 ], [ 4516193.2, 3337783.2 ], [ 4516166.7, 3337706.9 ], [ 4516123.0, 3337661.1 ], [ 4516111.2, 3337629.8 ], [ 4516040.5, 3337618.5 ], [ 4516025.0, 3337507.8 ], [ 4515918.9, 3336971.7 ], [ 4515909.7, 3336957.9 ], [ 4515882.4, 3336948.8 ], [ 4515870.0, 3336805.6 ], [ 4515881.5, 3336796.0 ], [ 4515884.3, 3336781.4 ], [ 4515849.0, 3336568.9 ], [ 4515835.9, 3336558.1 ], [ 4515622.7, 3336495.6 ], [ 4515608.5, 3336516.1 ], [ 4515617.8, 3336565.9 ], [ 4515706.9, 3336760.8 ], [ 4515237.6, 3336732.0 ], [ 4515227.9, 3336750.5 ], [ 4515236.1, 3336770.8 ], [ 4515182.8, 3336789.4 ], [ 4515171.5, 3336805.8 ], [ 4515178.8, 3336828.6 ], [ 4515201.1, 3336832.1 ], [ 4515190.8, 3336899.2 ], [ 4515132.0, 3337104.9 ], [ 4515142.8, 3337122.8 ], [ 4515163.9, 3337123.9 ], [ 4515177.1, 3337176.2 ], [ 4515038.8, 3337225.6 ], [ 4515012.4, 3337197.9 ], [ 4514994.2, 3337199.6 ], [ 4514984.6, 3337210.8 ], [ 4515002.7, 3337362.4 ], [ 4515002.2, 3337422.5 ], [ 4514993.5, 3337452.3 ], [ 4514725.1, 3337995.4 ], [ 4514728.5, 3338010.1 ], [ 4514740.5, 3338019.1 ], [ 4514784.1, 3338012.0 ], [ 4514800.6, 3337995.4 ], [ 4514796.3, 3337969.2 ], [ 4514965.3, 3337919.6 ], [ 4514940.2, 3338005.4 ], [ 4514866.8, 3338025.7 ], [ 4514840.2, 3338087.5 ], [ 4514841.3, 3338105.4 ], [ 4514855.4, 3338116.6 ], [ 4514908.5, 3338105.7 ], [ 4514877.2, 3338212.7 ], [ 4514578.9, 3338293.3 ], [ 4514468.6, 3338514.7 ], [ 4514345.9, 3339157.4 ], [ 4514367.1, 3339177.4 ], [ 4514369.3, 3339245.5 ], [ 4514376.7, 3339258.1 ], [ 4514390.3, 3339263.3 ], [ 4514434.4, 3339257.9 ], [ 4514455.1, 3339276.8 ], [ 4514511.1, 3339296.6 ], [ 4514464.5, 3339440.3 ], [ 4514284.1, 3339380.5 ], [ 4514269.5, 3339389.4 ], [ 4514208.1, 3339473.0 ], [ 4514079.7, 3339843.8 ], [ 4513963.4, 3340295.6 ], [ 4513870.0, 3340559.5 ], [ 4513864.9, 3340687.3 ], [ 4513894.7, 3341311.6 ], [ 4513901.0, 3341324.7 ], [ 4513924.9, 3341329.4 ], [ 4513969.0, 3341294.8 ], [ 4514083.2, 3341289.6 ], [ 4514209.3, 3341263.3 ], [ 4514284.5, 3341254.3 ], [ 4514357.3, 3341265.0 ], [ 4514510.8, 3341336.0 ], [ 4514458.2, 3341418.1 ], [ 4514464.3, 3341443.8 ], [ 4514503.9, 3341462.4 ], [ 4514527.6, 3341461.2 ], [ 4514544.7, 3341449.8 ], [ 4514586.4, 3341453.5 ], [ 4514646.8, 3341477.4 ], [ 4514671.2, 3341478.6 ], [ 4514708.6, 3341614.5 ], [ 4514724.8, 3341641.2 ], [ 4514750.2, 3341656.3 ], [ 4514815.7, 3341654.1 ], [ 4514921.6, 3341700.4 ], [ 4514955.9, 3341743.6 ], [ 4514965.5, 3341792.1 ], [ 4514958.5, 3341816.4 ], [ 4514925.9, 3341847.5 ], [ 4514873.5, 3341863.5 ], [ 4514817.2, 3341850.1 ], [ 4514728.3, 3341809.1 ], [ 4514685.5, 3341821.8 ], [ 4514600.5, 3341867.7 ], [ 4514572.2, 3341873.6 ], [ 4514439.1, 3341867.1 ], [ 4514344.6, 3341835.7 ], [ 4514260.1, 3341833.7 ], [ 4514185.4, 3341791.8 ], [ 4514128.3, 3341833.8 ], [ 4514085.0, 3341843.4 ], [ 4514011.6, 3341816.1 ], [ 4513989.9, 3341761.1 ], [ 4513994.8, 3341712.7 ], [ 4513987.2, 3341696.0 ], [ 4513914.0, 3341669.3 ], [ 4513854.2, 3341659.4 ], [ 4513834.2, 3341676.3 ], [ 4513810.0, 3341810.6 ], [ 4513835.1, 3341862.3 ], [ 4513800.3, 3341905.1 ], [ 4513784.6, 3341890.6 ], [ 4513764.0, 3341896.1 ], [ 4513744.4, 3341935.4 ], [ 4513700.4, 3341973.1 ], [ 4513712.2, 3342029.8 ], [ 4513761.9, 3342091.9 ], [ 4513668.8, 3342178.5 ], [ 4513681.5, 3342232.3 ], [ 4513672.7, 3342292.4 ], [ 4513583.8, 3342521.3 ], [ 4513593.4, 3342545.5 ], [ 4513656.8, 3342562.4 ], [ 4513641.4, 3342628.5 ], [ 4513620.8, 3342631.0 ], [ 4513611.3, 3342646.1 ], [ 4513618.8, 3342665.9 ], [ 4513662.3, 3342687.5 ], [ 4513647.1, 3342723.6 ], [ 4513628.7, 3342733.0 ], [ 4513625.2, 3342750.1 ], [ 4513839.9, 3343037.1 ], [ 4514053.6, 3343495.4 ], [ 4514113.6, 3343602.3 ], [ 4514124.9, 3343637.5 ], [ 4514180.2, 3344021.1 ], [ 4514180.2, 3344161.9 ], [ 4514130.2, 3344340.2 ], [ 4514090.2, 3344417.8 ], [ 4513980.7, 3344538.7 ], [ 4513979.4, 3344562.1 ], [ 4514092.7, 3344617.9 ], [ 4514164.9, 3344683.3 ], [ 4514211.9, 3344743.6 ], [ 4514297.6, 3344907.7 ], [ 4514313.5, 3344916.5 ], [ 4514333.0, 3344907.5 ], [ 4514335.6, 3344886.2 ], [ 4514281.6, 3344764.6 ], [ 4514244.9, 3344713.0 ], [ 4514333.7, 3344638.0 ], [ 4514346.5, 3344618.0 ], [ 4514362.5, 3344614.8 ], [ 4514396.9, 3344641.0 ], [ 4514421.3, 3344634.3 ], [ 4514484.1, 3344709.9 ], [ 4514561.4, 3344780.1 ], [ 4514693.4, 3344979.0 ], [ 4514933.2, 3345177.7 ], [ 4514982.2, 3345200.1 ], [ 4514946.3, 3345232.0 ], [ 4514950.1, 3345259.2 ], [ 4515139.6, 3345339.5 ], [ 4515227.9, 3345305.3 ], [ 4515244.2, 3345247.8 ], [ 4515275.0, 3345200.4 ], [ 4515283.7, 3345135.3 ], [ 4515347.8, 3345077.2 ], [ 4515411.8, 3345034.2 ], [ 4515484.8, 3345115.2 ], [ 4515501.4, 3345122.5 ], [ 4515600.4, 3345047.7 ], [ 4515622.8, 3345081.2 ], [ 4515651.0, 3345104.9 ], [ 4515697.4, 3345098.6 ], [ 4515743.9, 3345040.6 ], [ 4515965.1, 3345209.5 ], [ 4515810.7, 3345366.4 ], [ 4515809.8, 3345389.6 ], [ 4515843.7, 3345421.6 ], [ 4515868.1, 3345421.5 ], [ 4515934.6, 3345358.8 ], [ 4516030.1, 3345401.4 ], [ 4516343.3, 3345593.7 ], [ 4516361.3, 3345592.6 ], [ 4516388.6, 3345565.2 ], [ 4516406.2, 3345590.0 ], [ 4516500.4, 3345672.4 ], [ 4516567.7, 3345712.6 ], [ 4516527.7, 3345838.9 ], [ 4516530.9, 3345853.6 ], [ 4516542.8, 3345862.8 ], [ 4516999.5, 3345851.4 ], [ 4516997.1, 3345913.0 ], [ 4517023.1, 3345991.8 ], [ 4517036.7, 3346009.7 ], [ 4517082.1, 3346036.8 ], [ 4517103.0, 3346033.1 ], [ 4517194.2, 3345948.1 ], [ 4517199.3, 3345906.9 ], [ 4517209.8, 3345890.2 ], [ 4517208.5, 3345846.0 ], [ 4517323.2, 3345839.8 ], [ 4517339.4, 3345831.6 ], [ 4517343.5, 3345714.2 ], [ 4517483.2, 3345652.6 ], [ 4517494.3, 3345705.3 ], [ 4517530.0, 3345717.4 ], [ 4517520.4, 3345827.1 ], [ 4517529.3, 3345846.8 ], [ 4517630.6, 3345846.4 ], [ 4517718.1, 3345887.6 ], [ 4517774.7, 3345868.5 ], [ 4517785.0, 3345855.3 ], [ 4517823.6, 3345711.4 ], [ 4517811.8, 3345693.5 ], [ 4517762.6, 3345684.9 ], [ 4517740.8, 3345654.1 ], [ 4517741.4, 3345637.7 ], [ 4517801.0, 3345591.1 ], [ 4517882.8, 3345566.5 ], [ 4517950.5, 3345556.7 ], [ 4517970.1, 3345563.6 ], [ 4518080.3, 3345681.0 ], [ 4518193.5, 3345863.5 ], [ 4518138.1, 3345891.6 ], [ 4518134.7, 3345912.1 ], [ 4518148.2, 3345931.7 ], [ 4518166.6, 3345933.9 ], [ 4518224.9, 3345912.8 ], [ 4518242.7, 3345918.4 ], [ 4518492.7, 3345879.3 ], [ 4518433.0, 3346047.4 ], [ 4518368.1, 3346053.6 ], [ 4518354.2, 3346064.7 ], [ 4518354.6, 3346085.7 ], [ 4518368.9, 3346096.3 ], [ 4518352.1, 3346168.0 ], [ 4518357.6, 3346184.3 ], [ 4518374.5, 3346193.1 ], [ 4518438.7, 3346201.8 ], [ 4518546.8, 3346202.0 ], [ 4518544.9, 3346233.2 ], [ 4518559.3, 3346248.9 ], [ 4518634.4, 3346250.9 ], [ 4518701.4, 3346262.6 ], [ 4518723.2, 3346251.8 ], [ 4518834.4, 3346298.3 ], [ 4518735.3, 3346464.3 ], [ 4518735.8, 3346487.5 ], [ 4518941.8, 3346631.5 ], [ 4518990.1, 3346681.6 ], [ 4519014.3, 3346679.2 ], [ 4519024.9, 3346653.1 ], [ 4519059.7, 3346663.2 ], [ 4519226.5, 3346818.3 ], [ 4519246.6, 3346825.4 ], [ 4519284.7, 3346816.1 ], [ 4519351.7, 3346679.5 ], [ 4519374.8, 3346672.0 ], [ 4519412.3, 3346673.9 ], [ 4519430.7, 3346648.8 ], [ 4519476.0, 3346667.4 ], [ 4519568.9, 3346653.6 ], [ 4519594.1, 3346659.6 ], [ 4519735.9, 3346646.8 ], [ 4519865.8, 3346646.0 ], [ 4519876.7, 3346627.1 ], [ 4519861.5, 3346593.4 ], [ 4519777.1, 3346539.5 ], [ 4519735.1, 3346522.2 ], [ 4519630.3, 3346499.6 ], [ 4519594.4, 3346457.6 ], [ 4519499.1, 3346462.0 ], [ 4519473.9, 3346451.8 ], [ 4519516.7, 3346387.2 ], [ 4519519.9, 3346370.7 ], [ 4519492.1, 3346344.5 ], [ 4519489.8, 3346304.8 ], [ 4519463.1, 3346277.8 ], [ 4519470.5, 3346235.3 ], [ 4519435.9, 3346213.9 ], [ 4519393.8, 3346142.4 ], [ 4519351.4, 3346118.2 ], [ 4519332.4, 3346097.4 ], [ 4519207.2, 3346057.9 ], [ 4519140.4, 3346009.8 ], [ 4519072.1, 3345987.6 ], [ 4519010.8, 3345944.9 ], [ 4518943.4, 3345851.0 ], [ 4518901.8, 3345834.8 ], [ 4518874.8, 3345809.1 ], [ 4518849.8, 3345763.8 ], [ 4518854.8, 3345713.3 ], [ 4518827.6, 3345699.4 ], [ 4518855.6, 3345624.6 ], [ 4518852.1, 3345597.0 ], [ 4518791.2, 3345461.8 ], [ 4518673.1, 3345348.6 ], [ 4518665.8, 3345328.1 ], [ 4518630.4, 3345307.3 ], [ 4518609.3, 3345310.8 ], [ 4518530.4, 3345423.3 ], [ 4518386.6, 3345306.8 ], [ 4518435.9, 3345232.4 ], [ 4518435.2, 3345218.5 ], [ 4518423.1, 3345206.1 ], [ 4518282.4, 3345166.7 ], [ 4518234.0, 3345172.3 ], [ 4518145.8, 3345150.8 ], [ 4518018.9, 3345140.7 ], [ 4518002.7, 3345148.5 ], [ 4517960.2, 3345220.3 ], [ 4517853.8, 3345136.8 ], [ 4517838.3, 3345062.2 ], [ 4517754.3, 3344955.9 ], [ 4517793.0, 3344941.4 ], [ 4517835.9, 3344941.8 ], [ 4517847.7, 3344932.8 ], [ 4517850.4, 3344914.6 ], [ 4517819.7, 3344838.4 ], [ 4517756.9, 3344743.7 ], [ 4517725.7, 3344718.9 ], [ 4517664.6, 3344693.7 ], [ 4517660.1, 3344678.3 ], [ 4517662.0, 3344662.9 ], [ 4517712.8, 3344606.6 ], [ 4517834.4, 3344440.8 ], [ 4517846.9, 3344385.2 ], [ 4517835.8, 3344347.1 ], [ 4517870.1, 3344283.8 ], [ 4517864.7, 3344248.1 ], [ 4517823.9, 3344204.3 ], [ 4517804.0, 3344168.6 ], [ 4517772.0, 3344059.2 ], [ 4517773.6, 3343988.9 ], [ 4517796.9, 3343983.5 ], [ 4517806.6, 3343964.2 ], [ 4517836.6, 3343968.5 ], [ 4517901.2, 3343935.1 ], [ 4517922.0, 3343935.1 ], [ 4517943.5, 3343974.5 ], [ 4517910.9, 3343972.8 ], [ 4517892.4, 3343980.0 ], [ 4517868.9, 3344020.3 ], [ 4517869.1, 3344035.3 ], [ 4517914.7, 3344071.7 ], [ 4517966.6, 3344090.2 ], [ 4517983.2, 3344083.1 ], [ 4517999.3, 3344048.8 ], [ 4517981.2, 3343998.6 ], [ 4518065.6, 3343969.2 ], [ 4518084.4, 3343974.3 ], [ 4518104.2, 3344010.0 ], [ 4518123.2, 3344214.4 ], [ 4518134.0, 3344232.8 ], [ 4518118.4, 3344254.0 ], [ 4518130.0, 3344318.9 ], [ 4518104.9, 3344324.7 ], [ 4518095.4, 3344335.6 ], [ 4518101.2, 3344403.3 ], [ 4518094.3, 3344427.8 ], [ 4518075.0, 3344426.9 ], [ 4518061.8, 3344438.6 ], [ 4518069.2, 3344475.8 ], [ 4518089.3, 3344486.6 ], [ 4518109.6, 3344474.1 ], [ 4518135.4, 3344477.2 ], [ 4518153.5, 3344493.1 ], [ 4518164.4, 3344521.0 ], [ 4518244.5, 3344565.4 ], [ 4518333.4, 3344663.7 ], [ 4518402.2, 3344770.7 ], [ 4518463.9, 3344767.3 ], [ 4518492.9, 3344776.4 ], [ 4518559.1, 3344828.4 ], [ 4518684.0, 3344965.8 ], [ 4518703.5, 3344970.2 ], [ 4518748.8, 3344956.0 ], [ 4518890.1, 3345045.2 ], [ 4518980.1, 3345087.4 ], [ 4519149.8, 3345227.2 ], [ 4519157.7, 3345260.2 ], [ 4519156.5, 3345403.2 ], [ 4519179.3, 3345530.2 ], [ 4519187.4, 3345542.1 ], [ 4519211.6, 3345543.5 ], [ 4519268.9, 3345489.8 ], [ 4519290.7, 3345484.3 ], [ 4519479.0, 3345533.6 ], [ 4519570.7, 3345581.5 ], [ 4519608.7, 3345610.2 ], [ 4519699.1, 3345689.2 ], [ 4519757.3, 3345753.5 ], [ 4519770.9, 3345758.2 ], [ 4519787.2, 3345751.1 ], [ 4519816.3, 3345706.4 ], [ 4519831.7, 3345662.2 ], [ 4519841.1, 3345599.0 ], [ 4519925.0, 3345685.6 ], [ 4519980.5, 3345726.4 ], [ 4519942.2, 3345788.3 ], [ 4519944.8, 3345805.2 ], [ 4519962.0, 3345825.4 ], [ 4520000.7, 3345851.3 ], [ 4520084.2, 3345874.0 ], [ 4520021.9, 3345989.5 ], [ 4520024.5, 3346009.2 ], [ 4520048.5, 3346029.1 ], [ 4520107.5, 3346049.3 ], [ 4520199.0, 3346100.5 ], [ 4520266.9, 3346107.9 ], [ 4520443.7, 3346108.7 ], [ 4520613.6, 3346145.5 ], [ 4520698.6, 3346140.9 ], [ 4520734.1, 3346152.8 ], [ 4520752.4, 3346142.7 ], [ 4520757.4, 3346111.9 ], [ 4520810.8, 3346112.5 ], [ 4520836.5, 3346142.8 ], [ 4520858.0, 3346144.9 ], [ 4520908.1, 3346111.0 ], [ 4520914.9, 3346076.4 ], [ 4520980.5, 3346095.6 ], [ 4520965.1, 3346157.5 ], [ 4520974.2, 3346172.4 ], [ 4521002.2, 3346182.0 ], [ 4520993.3, 3346224.8 ], [ 4521087.4, 3346318.5 ], [ 4521086.8, 3346336.6 ], [ 4521103.6, 3346350.0 ], [ 4521172.2, 3346335.0 ], [ 4521232.9, 3346186.4 ], [ 4521251.4, 3346181.5 ], [ 4521291.8, 3346177.8 ], [ 4521393.2, 3346209.0 ], [ 4521490.3, 3346198.8 ], [ 4521490.9, 3346228.9 ], [ 4521503.5, 3346242.3 ], [ 4521632.0, 3346270.4 ], [ 4521632.9, 3346311.9 ], [ 4521614.3, 3346332.8 ], [ 4521545.4, 3346334.9 ], [ 4521536.9, 3346313.5 ], [ 4521521.1, 3346305.1 ], [ 4521487.2, 3346316.0 ], [ 4521481.5, 3346337.2 ], [ 4521490.1, 3346349.6 ], [ 4521507.4, 3346354.1 ], [ 4521520.3, 3346421.5 ], [ 4521407.5, 3346465.9 ], [ 4521391.8, 3346489.2 ], [ 4521148.1, 3346472.9 ], [ 4521023.3, 3346418.7 ], [ 4520919.8, 3346395.1 ], [ 4520766.4, 3346542.4 ], [ 4520738.1, 3346592.4 ], [ 4520736.2, 3346612.6 ], [ 4520745.6, 3346623.9 ], [ 4520763.8, 3346625.9 ], [ 4520925.6, 3346540.1 ], [ 4520968.2, 3346526.4 ], [ 4521384.4, 3346575.0 ], [ 4521428.2, 3346589.4 ], [ 4521423.8, 3346657.6 ], [ 4521434.1, 3346674.4 ], [ 4521504.1, 3346703.3 ], [ 4521569.4, 3346689.7 ], [ 4521618.0, 3346697.1 ], [ 4521669.3, 3346765.1 ], [ 4521994.2, 3346900.6 ], [ 4522014.3, 3346917.0 ], [ 4522008.9, 3346942.4 ], [ 4522022.6, 3346958.8 ], [ 4522079.1, 3346962.0 ], [ 4522118.9, 3346976.4 ], [ 4522247.3, 3346978.6 ], [ 4522300.9, 3346990.8 ], [ 4522396.3, 3347044.5 ], [ 4522388.7, 3347067.0 ], [ 4522392.6, 3347080.6 ], [ 4522447.1, 3347121.8 ], [ 4522470.9, 3347119.3 ], [ 4522493.8, 3347085.6 ], [ 4522589.2, 3347138.8 ], [ 4522487.5, 3347296.5 ], [ 4522487.6, 3347320.4 ], [ 4522639.0, 3347441.0 ], [ 4522736.9, 3347481.9 ], [ 4522819.6, 3347538.9 ], [ 4522513.7, 3347739.0 ], [ 4522432.1, 3347672.5 ], [ 4522413.8, 3347674.0 ], [ 4522382.1, 3347701.0 ], [ 4522381.1, 3347722.1 ], [ 4522430.7, 3347791.3 ], [ 4522401.3, 3347815.5 ], [ 4522413.3, 3347853.4 ], [ 4522536.3, 3347989.5 ], [ 4522553.8, 3347993.9 ], [ 4522566.5, 3347986.6 ], [ 4522859.7, 3347649.3 ], [ 4522971.7, 3347708.2 ], [ 4523014.2, 3347709.8 ], [ 4523202.0, 3347523.0 ], [ 4523407.3, 3347648.0 ], [ 4523454.9, 3348126.0 ], [ 4522999.5, 3348435.6 ], [ 4522786.5, 3348271.1 ], [ 4522763.6, 3348268.7 ], [ 4522454.3, 3348484.3 ], [ 4522412.2, 3348529.2 ], [ 4522360.1, 3348559.0 ], [ 4522352.5, 3348571.6 ], [ 4522362.1, 3348594.4 ], [ 4522482.7, 3348660.0 ], [ 4522565.5, 3348663.7 ], [ 4522614.5, 3348686.9 ], [ 4522662.6, 3348736.4 ], [ 4522717.4, 3348817.1 ], [ 4522759.8, 3348948.8 ], [ 4522766.1, 3349119.0 ], [ 4522775.3, 3349166.8 ], [ 4522788.3, 3349186.9 ], [ 4522822.6, 3349200.3 ], [ 4522905.1, 3349257.0 ], [ 4523015.7, 3349244.3 ], [ 4523065.8, 3349212.8 ] ], [ [ 4523561.6, 3348730.6 ], [ 4523527.3, 3348691.2 ], [ 4523512.3, 3348692.6 ], [ 4523480.2, 3348714.8 ], [ 4523457.7, 3348691.6 ], [ 4523434.0, 3348696.2 ], [ 4523397.6, 3348645.3 ], [ 4523446.5, 3348603.8 ], [ 4523448.0, 3348577.1 ], [ 4523475.6, 3348572.9 ], [ 4523493.1, 3348556.9 ], [ 4523510.9, 3348572.2 ], [ 4523528.6, 3348569.5 ], [ 4523557.4, 3348599.3 ], [ 4523549.1, 3348637.7 ], [ 4523597.4, 3348707.5 ], [ 4523561.6, 3348730.6 ] ], [ [ 4521568.3, 3346616.0 ], [ 4521519.2, 3346605.7 ], [ 4521495.3, 3346610.3 ], [ 4521475.7, 3346591.1 ], [ 4521476.1, 3346566.0 ], [ 4521579.3, 3346560.6 ], [ 4521637.6, 3346565.8 ], [ 4521716.6, 3346613.0 ], [ 4521640.4, 3346632.0 ], [ 4521627.5, 3346660.7 ], [ 4521568.3, 3346616.0 ] ], [ [ 4522729.7, 3346358.3 ], [ 4522780.7, 3346267.8 ], [ 4522834.5, 3346218.1 ], [ 4522882.1, 3346073.2 ], [ 4522892.6, 3346068.1 ], [ 4522957.9, 3346089.0 ], [ 4523030.1, 3346059.3 ], [ 4523107.4, 3346088.9 ], [ 4523210.6, 3346082.7 ], [ 4523242.8, 3346094.2 ], [ 4523369.5, 3346173.5 ], [ 4523418.2, 3346213.1 ], [ 4523442.3, 3346277.2 ], [ 4523440.8, 3346313.2 ], [ 4523425.7, 3346355.1 ], [ 4523381.6, 3346407.0 ], [ 4523324.3, 3346435.7 ], [ 4523281.3, 3346442.7 ], [ 4523216.1, 3346406.8 ], [ 4523154.4, 3346341.7 ], [ 4523100.3, 3346335.9 ], [ 4523053.8, 3346349.9 ], [ 4522967.1, 3346409.6 ], [ 4522887.4, 3346443.4 ], [ 4522836.1, 3346479.2 ], [ 4522812.5, 3346482.4 ], [ 4522765.2, 3346445.3 ], [ 4522729.3, 3346376.1 ], [ 4522729.7, 3346358.3 ] ], [ [ 4526062.7, 3346323.1 ], [ 4526010.4, 3346284.8 ], [ 4525926.4, 3346295.8 ], [ 4525891.2, 3346293.1 ], [ 4525839.1, 3346242.0 ], [ 4525749.3, 3346190.9 ], [ 4525687.6, 3346171.6 ], [ 4525643.1, 3346145.3 ], [ 4525609.1, 3346056.8 ], [ 4525536.5, 3346000.4 ], [ 4525506.1, 3345933.4 ], [ 4525478.5, 3345702.2 ], [ 4525450.5, 3345639.8 ], [ 4525463.1, 3345587.5 ], [ 4525500.4, 3345536.3 ], [ 4525522.5, 3345540.1 ], [ 4525594.8, 3345606.9 ], [ 4525589.3, 3345663.9 ], [ 4525612.0, 3345715.2 ], [ 4525670.8, 3345753.3 ], [ 4525710.4, 3345817.3 ], [ 4525793.6, 3345861.6 ], [ 4525846.9, 3345953.0 ], [ 4525851.4, 3345978.5 ], [ 4525840.6, 3346038.5 ], [ 4525849.1, 3346065.0 ], [ 4525898.5, 3346090.9 ], [ 4525925.8, 3346127.5 ], [ 4526048.6, 3346227.3 ], [ 4526101.8, 3346279.9 ], [ 4526153.3, 3346348.7 ], [ 4526138.6, 3346360.4 ], [ 4526062.7, 3346323.1 ] ], [ [ 4526362.5, 3345991.7 ], [ 4526386.6, 3345965.5 ], [ 4526428.0, 3345976.5 ], [ 4526495.6, 3345965.9 ], [ 4526616.7, 3346007.8 ], [ 4526621.8, 3346027.1 ], [ 4526611.8, 3346044.7 ], [ 4526573.3, 3346061.2 ], [ 4526517.4, 3346068.0 ], [ 4526483.8, 3346122.7 ], [ 4526401.1, 3346089.1 ], [ 4526372.7, 3346049.7 ], [ 4526361.3, 3346019.5 ], [ 4526362.5, 3345991.7 ] ], [ [ 4529465.7, 3345780.5 ], [ 4529327.7, 3345737.1 ], [ 4529318.7, 3345718.1 ], [ 4529322.6, 3345708.4 ], [ 4529341.6, 3345712.1 ], [ 4529354.6, 3345704.6 ], [ 4529370.9, 3345664.9 ], [ 4529450.2, 3345687.3 ], [ 4529483.5, 3345715.4 ], [ 4529483.9, 3345737.0 ], [ 4529465.7, 3345780.5 ] ], [ [ 4528950.1, 3345684.6 ], [ 4528957.6, 3345696.2 ], [ 4528940.0, 3345707.6 ], [ 4528928.4, 3345740.2 ], [ 4528832.0, 3345708.9 ], [ 4528839.8, 3345683.5 ], [ 4528829.9, 3345664.9 ], [ 4528776.0, 3345669.4 ], [ 4528767.5, 3345662.1 ], [ 4528768.4, 3345632.3 ], [ 4528787.2, 3345585.9 ], [ 4528839.9, 3345567.5 ], [ 4528865.5, 3345579.6 ], [ 4528882.6, 3345566.8 ], [ 4528944.3, 3345589.7 ], [ 4528921.7, 3345664.2 ], [ 4528929.7, 3345680.4 ], [ 4528950.1, 3345684.6 ] ], [ [ 4527257.6, 3345525.0 ], [ 4527254.3, 3345591.1 ], [ 4527238.5, 3345613.7 ], [ 4527184.5, 3345630.4 ], [ 4526979.9, 3345540.8 ], [ 4526857.6, 3345411.1 ], [ 4526850.6, 3345372.6 ], [ 4526853.1, 3345311.4 ], [ 4526796.0, 3345126.0 ], [ 4526785.9, 3345047.0 ], [ 4526799.1, 3344886.1 ], [ 4526820.5, 3344834.3 ], [ 4526840.3, 3344732.9 ], [ 4526819.8, 3344694.3 ], [ 4526807.7, 3344644.9 ], [ 4526723.9, 3344539.1 ], [ 4526698.9, 3344465.8 ], [ 4526614.9, 3344419.3 ], [ 4526550.9, 3344407.9 ], [ 4526460.2, 3344408.1 ], [ 4526416.8, 3344421.3 ], [ 4526345.0, 3344426.5 ], [ 4526297.4, 3344392.1 ], [ 4526213.2, 3344383.3 ], [ 4526183.0, 3344386.7 ], [ 4526128.1, 3344413.2 ], [ 4526112.7, 3344413.1 ], [ 4526032.7, 3344369.8 ], [ 4525937.8, 3344382.9 ], [ 4525856.1, 3344411.2 ], [ 4525798.4, 3344394.1 ], [ 4525740.8, 3344349.5 ], [ 4525712.7, 3344315.7 ], [ 4525701.8, 3344249.7 ], [ 4525675.3, 3344190.0 ], [ 4525684.7, 3344174.0 ], [ 4525716.6, 3344157.1 ], [ 4525719.5, 3344125.4 ], [ 4525700.9, 3344105.5 ], [ 4525671.8, 3344110.1 ], [ 4525640.1, 3344092.0 ], [ 4525574.6, 3344015.3 ], [ 4525549.3, 3343939.4 ], [ 4525537.9, 3343849.3 ], [ 4525547.1, 3343847.3 ], [ 4525654.7, 3343891.9 ], [ 4525708.7, 3343884.2 ], [ 4525762.8, 3343943.0 ], [ 4525891.7, 3343998.4 ], [ 4525974.2, 3344046.6 ], [ 4526028.9, 3344056.1 ], [ 4526112.0, 3344031.3 ], [ 4526162.3, 3344031.0 ], [ 4526248.8, 3344078.3 ], [ 4526355.5, 3344045.7 ], [ 4526386.0, 3344059.5 ], [ 4526385.1, 3344092.3 ], [ 4526396.8, 3344109.1 ], [ 4526445.8, 3344121.0 ], [ 4526481.1, 3344093.8 ], [ 4526504.4, 3344053.0 ], [ 4526535.0, 3344025.6 ], [ 4526555.6, 3344020.3 ], [ 4526629.5, 3344032.6 ], [ 4526668.2, 3344008.7 ], [ 4526696.9, 3343965.4 ], [ 4526700.5, 3343925.4 ], [ 4526678.1, 3343915.6 ], [ 4526635.3, 3343937.2 ], [ 4526609.4, 3343933.9 ], [ 4526574.5, 3343904.0 ], [ 4526570.6, 3343888.0 ], [ 4526538.5, 3343848.5 ], [ 4526536.0, 3343818.6 ], [ 4526521.8, 3343807.5 ], [ 4526470.8, 3343814.5 ], [ 4526443.2, 3343827.3 ], [ 4526363.7, 3343797.4 ], [ 4526269.0, 3343797.9 ], [ 4526254.2, 3343789.7 ], [ 4526276.1, 3343765.1 ], [ 4526328.0, 3343746.1 ], [ 4526374.0, 3343714.7 ], [ 4526428.1, 3343653.6 ], [ 4526458.5, 3343643.1 ], [ 4526495.8, 3343643.7 ], [ 4526544.5, 3343661.5 ], [ 4526636.5, 3343787.1 ], [ 4526711.6, 3343858.5 ], [ 4526750.5, 3343876.5 ], [ 4526781.1, 3343947.3 ], [ 4526774.2, 3344007.4 ], [ 4526783.4, 3344031.6 ], [ 4526834.7, 3344086.9 ], [ 4526913.3, 3344113.1 ], [ 4526932.0, 3344132.5 ], [ 4526954.0, 3344178.5 ], [ 4526981.7, 3344274.5 ], [ 4527032.8, 3344305.3 ], [ 4527050.7, 3344324.5 ], [ 4527095.8, 3344400.6 ], [ 4527127.9, 3344598.5 ], [ 4527152.0, 3344656.6 ], [ 4527158.6, 3344740.8 ], [ 4527132.7, 3344875.1 ], [ 4527102.3, 3344931.1 ], [ 4527095.3, 3344961.2 ], [ 4527049.3, 3345022.2 ], [ 4527051.6, 3345038.7 ], [ 4527078.7, 3345074.1 ], [ 4527088.1, 3345110.0 ], [ 4527076.3, 3345200.3 ], [ 4527084.5, 3345222.9 ], [ 4527089.3, 3345314.1 ], [ 4527101.1, 3345341.1 ], [ 4527152.4, 3345405.0 ], [ 4527165.9, 3345449.8 ], [ 4527257.6, 3345525.0 ] ], [ [ 4529232.7, 3345304.6 ], [ 4529272.3, 3345222.1 ], [ 4529346.0, 3345251.7 ], [ 4529322.0, 3345345.7 ], [ 4529280.9, 3345332.7 ], [ 4529257.9, 3345339.6 ], [ 4529247.9, 3345354.0 ], [ 4529198.2, 3345343.5 ], [ 4529232.7, 3345304.6 ] ], [ [ 4528802.2, 3344902.5 ], [ 4528952.9, 3344938.4 ], [ 4528987.5, 3344933.9 ], [ 4529007.7, 3344896.9 ], [ 4529004.4, 3344787.1 ], [ 4529015.1, 3344749.3 ], [ 4529031.5, 3344735.4 ], [ 4529090.7, 3344715.2 ], [ 4529099.7, 3344759.3 ], [ 4529094.3, 3344788.4 ], [ 4529077.8, 3344800.7 ], [ 4529047.1, 3344849.9 ], [ 4529055.6, 3344872.1 ], [ 4529051.3, 3344908.0 ], [ 4529057.3, 3344944.9 ], [ 4529043.3, 3344987.5 ], [ 4529048.7, 3345011.9 ], [ 4529068.7, 3345030.6 ], [ 4529086.6, 3345036.0 ], [ 4529118.2, 3345034.6 ], [ 4529159.9, 3345016.3 ], [ 4529178.1, 3345020.4 ], [ 4529219.1, 3345047.2 ], [ 4529258.0, 3345050.9 ], [ 4529271.2, 3345076.1 ], [ 4529211.0, 3345101.2 ], [ 4529136.0, 3345115.1 ], [ 4529097.5, 3345110.5 ], [ 4529007.1, 3345076.3 ], [ 4528799.3, 3345079.8 ], [ 4528745.5, 3345107.4 ], [ 4528670.2, 3345183.8 ], [ 4528648.8, 3345165.2 ], [ 4528684.9, 3345069.6 ], [ 4528721.3, 3345007.8 ], [ 4528786.1, 3344934.6 ], [ 4528802.2, 3344902.5 ] ], [ [ 4529505.2, 3344646.2 ], [ 4529521.3, 3344635.6 ], [ 4529555.7, 3344638.8 ], [ 4529590.1, 3344597.7 ], [ 4529682.0, 3344559.3 ], [ 4529710.0, 3344646.1 ], [ 4529671.3, 3344675.2 ], [ 4529646.4, 3344666.7 ], [ 4529561.8, 3344707.9 ], [ 4529505.2, 3344646.2 ] ], [ [ 4527610.1, 3344162.0 ], [ 4527526.3, 3344154.1 ], [ 4527472.9, 3344090.5 ], [ 4527402.6, 3344090.6 ], [ 4527367.0, 3344076.2 ], [ 4527358.7, 3344048.5 ], [ 4527454.3, 3344011.4 ], [ 4527463.2, 3343996.1 ], [ 4527460.2, 3343982.2 ], [ 4527424.7, 3343958.1 ], [ 4527382.5, 3343968.9 ], [ 4527315.9, 3343948.0 ], [ 4527243.2, 3343864.1 ], [ 4527234.0, 3343839.8 ], [ 4527257.5, 3343820.5 ], [ 4527264.0, 3343802.7 ], [ 4527227.0, 3343734.9 ], [ 4527179.3, 3343717.0 ], [ 4527133.8, 3343612.5 ], [ 4527063.0, 3343603.7 ], [ 4527063.3, 3343566.9 ], [ 4527048.1, 3343552.0 ], [ 4527016.5, 3343554.1 ], [ 4526974.5, 3343580.3 ], [ 4526969.3, 3343599.1 ], [ 4526982.7, 3343631.3 ], [ 4526962.6, 3343655.3 ], [ 4526960.4, 3343672.1 ], [ 4526986.8, 3343707.0 ], [ 4527045.4, 3343758.0 ], [ 4527071.3, 3343750.3 ], [ 4527083.9, 3343709.6 ], [ 4527126.4, 3343730.7 ], [ 4527130.3, 3343743.3 ], [ 4527113.1, 3343790.5 ], [ 4527122.0, 3343845.2 ], [ 4527089.2, 3343834.4 ], [ 4527058.9, 3343834.7 ], [ 4527030.4, 3343866.2 ], [ 4527025.4, 3343903.7 ], [ 4527008.0, 3343907.5 ], [ 4526958.9, 3343863.5 ], [ 4526950.3, 3343836.6 ], [ 4526954.6, 3343820.7 ], [ 4527000.4, 3343802.4 ], [ 4527006.4, 3343770.0 ], [ 4526983.7, 3343745.4 ], [ 4526931.3, 3343714.8 ], [ 4526884.4, 3343654.2 ], [ 4526895.7, 3343635.1 ], [ 4526922.7, 3343640.5 ], [ 4526942.3, 3343621.4 ], [ 4526943.9, 3343552.7 ], [ 4526962.2, 3343531.9 ], [ 4526957.5, 3343477.2 ], [ 4526944.0, 3343431.6 ], [ 4526962.6, 3343399.1 ], [ 4526960.8, 3343376.7 ], [ 4526903.1, 3343295.3 ], [ 4526873.5, 3343222.1 ], [ 4526804.1, 3343137.9 ], [ 4526741.8, 3343104.1 ], [ 4526677.9, 3343035.2 ], [ 4526561.3, 3342952.4 ], [ 4526556.3, 3342925.9 ], [ 4526567.2, 3342884.4 ], [ 4526556.0, 3342867.3 ], [ 4526534.6, 3342855.8 ], [ 4526518.6, 3342827.6 ], [ 4526491.1, 3342811.7 ], [ 4526433.7, 3342803.0 ], [ 4526340.7, 3342829.3 ], [ 4526311.8, 3342860.0 ], [ 4526277.4, 3342832.8 ], [ 4526217.3, 3342837.9 ], [ 4526135.5, 3342827.0 ], [ 4526121.7, 3342817.8 ], [ 4526201.0, 3342798.0 ], [ 4526316.0, 3342790.7 ], [ 4526359.8, 3342765.0 ], [ 4526442.8, 3342777.6 ], [ 4526508.7, 3342757.3 ], [ 4526529.6, 3342760.4 ], [ 4526560.7, 3342786.5 ], [ 4526631.6, 3342825.6 ], [ 4526681.2, 3342821.1 ], [ 4526764.8, 3342869.7 ], [ 4526807.1, 3342909.5 ], [ 4526829.4, 3342919.8 ], [ 4526873.3, 3343006.3 ], [ 4526976.2, 3343096.0 ], [ 4526993.6, 3343122.4 ], [ 4527012.6, 3343204.2 ], [ 4527083.4, 3343328.3 ], [ 4527105.0, 3343432.0 ], [ 4527132.4, 3343452.8 ], [ 4527151.0, 3343451.3 ], [ 4527161.8, 3343436.2 ], [ 4527151.1, 3343352.8 ], [ 4527175.9, 3343275.1 ], [ 4527193.3, 3343279.6 ], [ 4527211.0, 3343262.7 ], [ 4527235.9, 3343262.1 ], [ 4527244.1, 3343232.0 ], [ 4527259.8, 3343230.7 ], [ 4527270.5, 3343258.9 ], [ 4527317.6, 3343317.4 ], [ 4527350.1, 3343344.0 ], [ 4527391.1, 3343362.6 ], [ 4527430.8, 3343364.9 ], [ 4527468.6, 3343314.4 ], [ 4527512.0, 3343362.5 ], [ 4527498.3, 3343426.5 ], [ 4527550.7, 3343495.6 ], [ 4527560.9, 3343669.0 ], [ 4527568.6, 3343705.1 ], [ 4527585.9, 3343731.7 ], [ 4527622.7, 3343743.0 ], [ 4527660.3, 3343785.0 ], [ 4527704.3, 3343782.0 ], [ 4527825.9, 3343831.1 ], [ 4527862.8, 3343835.8 ], [ 4527912.6, 3343829.2 ], [ 4527930.8, 3343843.1 ], [ 4527936.1, 3343857.8 ], [ 4527925.7, 3343870.6 ], [ 4527849.3, 3343875.3 ], [ 4527831.0, 3343906.7 ], [ 4527837.6, 3343923.1 ], [ 4527857.8, 3343937.5 ], [ 4527927.7, 3343955.2 ], [ 4527927.1, 3343963.9 ], [ 4527885.8, 3343961.2 ], [ 4527862.0, 3343971.1 ], [ 4527852.6, 3343994.3 ], [ 4527867.8, 3344016.4 ], [ 4527889.0, 3344031.3 ], [ 4527956.7, 3344035.6 ], [ 4527936.7, 3344067.3 ], [ 4527853.6, 3344072.6 ], [ 4527821.3, 3344150.2 ], [ 4527830.6, 3344189.3 ], [ 4527854.5, 3344209.7 ], [ 4527913.1, 3344234.3 ], [ 4527904.1, 3344248.0 ], [ 4527865.0, 3344272.3 ], [ 4527808.9, 3344277.1 ], [ 4527711.0, 3344208.1 ], [ 4527610.1, 3344162.0 ] ], [ [ 4528301.0, 3343181.6 ], [ 4528331.8, 3343185.1 ], [ 4528335.8, 3343200.9 ], [ 4528326.3, 3343209.2 ], [ 4528301.7, 3343208.9 ], [ 4528292.1, 3343197.9 ], [ 4528301.0, 3343181.6 ] ], [ [ 4525135.3, 3342712.7 ], [ 4525053.1, 3342779.3 ], [ 4524926.2, 3342821.1 ], [ 4524886.7, 3342852.1 ], [ 4524686.8, 3342892.8 ], [ 4524648.6, 3342887.6 ], [ 4524590.6, 3342861.2 ], [ 4524566.0, 3342838.2 ], [ 4524526.6, 3342640.3 ], [ 4524517.8, 3342493.1 ], [ 4524508.9, 3342462.1 ], [ 4524490.4, 3342436.7 ], [ 4524499.0, 3342410.5 ], [ 4524538.8, 3342374.6 ], [ 4524538.5, 3342357.3 ], [ 4524523.4, 3342339.0 ], [ 4524559.9, 3342292.0 ], [ 4524580.5, 3342289.5 ], [ 4524623.6, 3342339.7 ], [ 4524597.9, 3342367.0 ], [ 4524601.5, 3342391.5 ], [ 4524744.0, 3342502.2 ], [ 4524771.6, 3342499.6 ], [ 4524791.4, 3342529.5 ], [ 4524767.7, 3342553.5 ], [ 4524762.9, 3342577.3 ], [ 4524773.6, 3342608.2 ], [ 4524789.2, 3342622.9 ], [ 4524811.0, 3342631.1 ], [ 4524848.7, 3342627.2 ], [ 4524876.7, 3342616.0 ], [ 4524904.5, 3342591.5 ], [ 4524951.8, 3342582.4 ], [ 4524960.5, 3342637.8 ], [ 4525000.9, 3342678.5 ], [ 4525009.8, 3342703.2 ], [ 4525037.3, 3342701.5 ], [ 4525053.8, 3342685.2 ], [ 4525066.5, 3342653.9 ], [ 4525036.2, 3342566.8 ], [ 4525016.7, 3342539.3 ], [ 4524989.7, 3342532.2 ], [ 4524977.1, 3342515.2 ], [ 4524960.1, 3342463.7 ], [ 4524946.8, 3342458.4 ], [ 4524930.3, 3342464.8 ], [ 4524910.9, 3342505.5 ], [ 4524821.1, 3342433.5 ], [ 4524835.6, 3342410.4 ], [ 4524881.7, 3342397.3 ], [ 4524896.3, 3342385.7 ], [ 4524916.9, 3342300.2 ], [ 4524909.3, 3342279.7 ], [ 4524887.0, 3342269.7 ], [ 4524859.5, 3342277.6 ], [ 4524810.0, 3342339.1 ], [ 4524810.2, 3342362.4 ], [ 4524802.2, 3342371.5 ], [ 4524728.3, 3342423.0 ], [ 4524684.4, 3342382.5 ], [ 4524666.8, 3342297.2 ], [ 4524789.3, 3342247.6 ], [ 4524802.2, 3342226.3 ], [ 4524763.0, 3342104.6 ], [ 4524741.5, 3342101.3 ], [ 4524726.0, 3342122.1 ], [ 4524655.0, 3342102.3 ], [ 4524660.2, 3342075.8 ], [ 4524737.0, 3342095.4 ], [ 4524759.6, 3342081.4 ], [ 4524761.7, 3342044.5 ], [ 4524745.2, 3341993.5 ], [ 4524728.4, 3341981.7 ], [ 4524700.2, 3341989.6 ], [ 4524691.1, 3341958.1 ], [ 4524721.4, 3341937.1 ], [ 4524714.4, 3341904.0 ], [ 4524699.4, 3341893.2 ], [ 4524667.3, 3341896.0 ], [ 4524651.9, 3341904.3 ], [ 4524647.1, 3341922.6 ], [ 4524598.2, 3341920.0 ], [ 4524644.3, 3341753.8 ], [ 4524650.7, 3341670.6 ], [ 4524627.5, 3341657.0 ], [ 4524318.2, 3341694.7 ], [ 4524313.2, 3341644.9 ], [ 4524391.0, 3341634.9 ], [ 4524406.3, 3341625.5 ], [ 4524405.5, 3341550.2 ], [ 4524535.4, 3341526.1 ], [ 4524553.6, 3341602.7 ], [ 4524567.7, 3341608.0 ], [ 4524628.4, 3341598.3 ], [ 4524646.4, 3341581.1 ], [ 4524671.4, 3341580.3 ], [ 4524678.4, 3341635.4 ], [ 4524697.5, 3341648.3 ], [ 4525257.6, 3341578.7 ], [ 4525275.3, 3341712.5 ], [ 4525294.6, 3341723.5 ], [ 4525329.8, 3341765.6 ], [ 4525358.7, 3341823.0 ], [ 4525384.3, 3341827.7 ], [ 4525394.4, 3341856.8 ], [ 4525405.3, 3342012.0 ], [ 4525415.8, 3342051.6 ], [ 4525305.5, 3342031.8 ], [ 4525285.8, 3342039.0 ], [ 4525263.5, 3342073.7 ], [ 4525261.5, 3342096.0 ], [ 4525292.0, 3342175.3 ], [ 4525249.9, 3342164.6 ], [ 4525237.0, 3342107.2 ], [ 4525220.9, 3342093.8 ], [ 4525197.1, 3342098.8 ], [ 4525188.2, 3342120.2 ], [ 4525136.5, 3342119.6 ], [ 4525124.1, 3342141.6 ], [ 4525092.9, 3342123.8 ], [ 4525059.9, 3342127.7 ], [ 4525047.7, 3342140.2 ], [ 4525048.4, 3342157.6 ], [ 4525079.6, 3342183.4 ], [ 4525092.4, 3342206.1 ], [ 4525109.5, 3342211.3 ], [ 4525133.8, 3342196.9 ], [ 4525161.9, 3342192.7 ], [ 4525215.6, 3342203.5 ], [ 4525304.2, 3342255.2 ], [ 4525412.4, 3342348.1 ], [ 4525430.1, 3342352.9 ], [ 4525443.1, 3342345.6 ], [ 4525448.4, 3342331.8 ], [ 4525439.3, 3342267.3 ], [ 4525473.1, 3342262.1 ], [ 4525668.7, 3342300.5 ], [ 4525685.9, 3342296.3 ], [ 4525692.8, 3342270.1 ], [ 4525678.1, 3342249.8 ], [ 4525656.5, 3342240.7 ], [ 4525656.4, 3342126.5 ], [ 4525706.4, 3342134.7 ], [ 4525722.4, 3342127.0 ], [ 4525739.2, 3342104.9 ], [ 4525746.9, 3342155.9 ], [ 4525796.6, 3342186.6 ], [ 4525815.8, 3342252.3 ], [ 4525910.5, 3342293.6 ], [ 4525928.5, 3342290.1 ], [ 4525940.1, 3342271.6 ], [ 4526042.2, 3342354.4 ], [ 4526009.1, 3342432.4 ], [ 4526022.6, 3342463.1 ], [ 4526042.2, 3342468.2 ], [ 4526069.4, 3342449.9 ], [ 4526075.5, 3342432.5 ], [ 4526066.2, 3342416.6 ], [ 4526084.5, 3342395.2 ], [ 4526165.6, 3342443.3 ], [ 4526143.1, 3342469.6 ], [ 4526154.0, 3342492.3 ], [ 4526234.9, 3342494.5 ], [ 4526241.4, 3342537.6 ], [ 4526209.0, 3342525.8 ], [ 4526095.8, 3342545.1 ], [ 4526087.2, 3342582.8 ], [ 4526097.5, 3342601.6 ], [ 4526131.4, 3342630.3 ], [ 4526068.1, 3342694.3 ], [ 4526038.0, 3342690.1 ], [ 4526018.1, 3342707.1 ], [ 4525984.0, 3342694.1 ], [ 4525957.8, 3342725.4 ], [ 4525854.6, 3342677.1 ], [ 4525838.6, 3342684.8 ], [ 4525833.0, 3342706.9 ], [ 4525792.8, 3342710.4 ], [ 4525784.1, 3342733.6 ], [ 4525719.8, 3342708.6 ], [ 4525725.2, 3342668.9 ], [ 4525695.8, 3342649.6 ], [ 4525677.1, 3342657.7 ], [ 4525633.9, 3342723.8 ], [ 4525564.8, 3342687.9 ], [ 4525580.2, 3342655.1 ], [ 4525573.9, 3342641.9 ], [ 4525557.1, 3342635.4 ], [ 4525453.0, 3342649.5 ], [ 4525397.2, 3342723.4 ], [ 4525359.4, 3342715.5 ], [ 4525263.9, 3342672.4 ], [ 4525189.6, 3342669.3 ], [ 4525152.8, 3342685.2 ], [ 4525135.3, 3342712.7 ] ], [ [ 4526961.1, 3342737.9 ], [ 4526918.4, 3342696.9 ], [ 4526886.8, 3342679.4 ], [ 4526792.0, 3342667.4 ], [ 4526744.9, 3342686.9 ], [ 4526718.0, 3342662.3 ], [ 4526673.4, 3342568.7 ], [ 4526611.9, 3342504.9 ], [ 4526670.5, 3342522.9 ], [ 4526716.8, 3342582.1 ], [ 4526774.7, 3342631.5 ], [ 4526820.1, 3342651.6 ], [ 4526861.6, 3342656.0 ], [ 4526882.3, 3342648.1 ], [ 4526940.2, 3342678.8 ], [ 4526970.4, 3342728.9 ], [ 4526970.5, 3342736.3 ], [ 4526961.1, 3342737.9 ] ], [ [ 4526315.7, 3342657.0 ], [ 4526300.9, 3342661.9 ], [ 4526247.1, 3342648.8 ], [ 4526207.5, 3342666.8 ], [ 4526182.4, 3342630.9 ], [ 4526206.7, 3342614.3 ], [ 4526306.2, 3342574.3 ], [ 4526339.7, 3342575.7 ], [ 4526388.0, 3342539.2 ], [ 4526423.0, 3342523.1 ], [ 4526445.5, 3342528.7 ], [ 4526443.4, 3342545.8 ], [ 4526365.7, 3342574.7 ], [ 4526325.5, 3342609.9 ], [ 4526315.7, 3342657.0 ] ], [ [ 4527763.7, 3341844.0 ], [ 4527775.3, 3341838.3 ], [ 4527851.5, 3341843.8 ], [ 4527852.8, 3341878.6 ], [ 4527817.6, 3341957.2 ], [ 4527774.4, 3341956.4 ], [ 4527763.7, 3341844.0 ] ], [ [ 4524080.8, 3341663.1 ], [ 4524129.2, 3341745.7 ], [ 4524247.1, 3341911.5 ], [ 4524361.2, 3341949.9 ], [ 4524418.9, 3341942.1 ], [ 4524439.1, 3341916.1 ], [ 4524474.1, 3341935.7 ], [ 4524484.5, 3341947.3 ], [ 4524483.3, 3342063.9 ], [ 4524526.3, 3342137.9 ], [ 4524510.8, 3342236.7 ], [ 4524472.2, 3342287.6 ], [ 4524449.9, 3342302.4 ], [ 4524441.2, 3342301.5 ], [ 4524408.4, 3342265.9 ], [ 4524383.2, 3342255.2 ], [ 4524365.1, 3342259.2 ], [ 4524352.6, 3342281.7 ], [ 4524250.5, 3342274.7 ], [ 4524248.2, 3342253.4 ], [ 4524238.0, 3342242.4 ], [ 4524179.9, 3342239.4 ], [ 4524115.0, 3342266.9 ], [ 4524081.8, 3342322.7 ], [ 4524075.9, 3342356.1 ], [ 4524080.0, 3342409.6 ], [ 4524139.0, 3342566.2 ], [ 4524129.7, 3342803.2 ], [ 4524141.5, 3342917.0 ], [ 4524173.9, 3342997.2 ], [ 4524187.7, 3343106.0 ], [ 4524217.4, 3343156.7 ], [ 4524346.3, 3343250.0 ], [ 4524369.2, 3343280.8 ], [ 4524405.2, 3343455.1 ], [ 4524390.9, 3343593.5 ], [ 4524457.7, 3343718.3 ], [ 4524448.8, 3343779.8 ], [ 4524477.1, 3343875.0 ], [ 4524477.3, 3343899.2 ], [ 4524469.1, 3343932.4 ], [ 4524433.0, 3343967.5 ], [ 4524346.6, 3344028.4 ], [ 4524230.5, 3344083.6 ], [ 4524144.2, 3344109.1 ], [ 4524105.1, 3344140.8 ], [ 4524093.6, 3344187.4 ], [ 4524095.2, 3344265.4 ], [ 4524113.8, 3344346.2 ], [ 4524132.0, 3344362.7 ], [ 4524170.2, 3344353.6 ], [ 4524174.8, 3344382.1 ], [ 4524130.9, 3344453.5 ], [ 4524079.8, 3344472.7 ], [ 4524045.2, 3344467.9 ], [ 4524003.5, 3344369.5 ], [ 4523954.3, 3344299.8 ], [ 4523947.6, 3344270.9 ], [ 4523979.5, 3344217.9 ], [ 4523983.7, 3344182.5 ], [ 4523880.8, 3344069.0 ], [ 4523760.6, 3343874.3 ], [ 4523738.8, 3343773.7 ], [ 4523760.5, 3343702.2 ], [ 4523749.3, 3343644.8 ], [ 4523720.6, 3343597.1 ], [ 4523630.1, 3343517.1 ], [ 4523589.1, 3343468.2 ], [ 4523565.2, 3343375.8 ], [ 4523492.3, 3343282.9 ], [ 4523466.8, 3343233.9 ], [ 4523432.2, 3343110.6 ], [ 4523327.7, 3342951.6 ], [ 4523269.2, 3342921.8 ], [ 4523189.3, 3342901.4 ], [ 4523141.2, 3342859.0 ], [ 4523118.3, 3342810.4 ], [ 4523084.3, 3342801.8 ], [ 4522993.0, 3342811.8 ], [ 4522952.9, 3342824.0 ], [ 4522881.4, 3342866.1 ], [ 4522843.4, 3342912.7 ], [ 4522816.5, 3342956.9 ], [ 4522811.5, 3342982.2 ], [ 4522821.2, 3343010.5 ], [ 4522874.3, 3343053.4 ], [ 4522876.5, 3343075.3 ], [ 4522861.9, 3343095.0 ], [ 4522848.2, 3343099.2 ], [ 4522792.5, 3343101.0 ], [ 4522736.0, 3343085.9 ], [ 4522663.3, 3343080.7 ], [ 4522588.5, 3343092.6 ], [ 4522457.4, 3343019.5 ], [ 4522325.9, 3342960.6 ], [ 4522221.9, 3342861.7 ], [ 4522129.2, 3342820.9 ], [ 4522078.5, 3342781.0 ], [ 4522052.1, 3342755.2 ], [ 4521916.1, 3342570.8 ], [ 4521838.2, 3342499.7 ], [ 4521817.9, 3342494.1 ], [ 4521654.4, 3342532.0 ], [ 4521626.8, 3342527.3 ], [ 4521450.6, 3342427.4 ], [ 4521423.0, 3342385.5 ], [ 4521360.7, 3342230.8 ], [ 4521327.9, 3342170.8 ], [ 4521317.6, 3342104.6 ], [ 4521323.9, 3342092.2 ], [ 4521390.3, 3342071.0 ], [ 4521436.5, 3342037.1 ], [ 4521464.1, 3341971.2 ], [ 4521476.0, 3341916.4 ], [ 4521439.5, 3341876.0 ], [ 4521401.3, 3341852.5 ], [ 4521230.3, 3341794.3 ], [ 4521233.9, 3341779.5 ], [ 4521353.2, 3341813.9 ], [ 4521437.3, 3341850.4 ], [ 4521457.1, 3341841.1 ], [ 4521463.1, 3341816.6 ], [ 4521498.7, 3341814.5 ], [ 4521574.2, 3341833.1 ], [ 4521648.3, 3341808.7 ], [ 4521668.0, 3341809.4 ], [ 4521686.8, 3341838.9 ], [ 4521683.3, 3341872.5 ], [ 4521637.4, 3341902.0 ], [ 4521608.0, 3341932.9 ], [ 4521595.3, 3341985.9 ], [ 4521605.7, 3342034.9 ], [ 4521598.1, 3342120.5 ], [ 4521606.4, 3342150.5 ], [ 4521623.0, 3342165.1 ], [ 4521818.5, 3342210.3 ], [ 4521841.4, 3342242.0 ], [ 4521852.8, 3342281.9 ], [ 4521877.1, 3342292.9 ], [ 4521929.4, 3342283.3 ], [ 4522003.0, 3342239.4 ], [ 4522057.4, 3342186.9 ], [ 4522070.0, 3342141.9 ], [ 4522156.9, 3342078.6 ], [ 4522175.7, 3342077.6 ], [ 4522183.5, 3342088.0 ], [ 4522180.0, 3342113.6 ], [ 4522156.7, 3342152.2 ], [ 4522159.9, 3342172.6 ], [ 4522173.2, 3342183.8 ], [ 4522230.1, 3342189.8 ], [ 4522298.7, 3342173.7 ], [ 4522322.8, 3342214.4 ], [ 4522352.4, 3342234.6 ], [ 4522390.0, 3342228.7 ], [ 4522472.9, 3342195.0 ], [ 4522511.2, 3342220.3 ], [ 4522581.6, 3342232.9 ], [ 4522717.2, 3342208.0 ], [ 4522828.6, 3342147.3 ], [ 4522880.1, 3342130.2 ], [ 4522942.7, 3342127.7 ], [ 4523022.8, 3342135.9 ], [ 4523142.8, 3342121.0 ], [ 4523452.9, 3341964.0 ], [ 4523500.1, 3341924.1 ], [ 4523514.7, 3341875.0 ], [ 4523507.2, 3341846.9 ], [ 4523484.9, 3341830.7 ], [ 4523442.2, 3341821.1 ], [ 4523347.8, 3341820.5 ], [ 4523251.6, 3341841.7 ], [ 4523169.4, 3341814.3 ], [ 4523074.5, 3341805.1 ], [ 4522991.2, 3341778.2 ], [ 4522921.2, 3341712.9 ], [ 4522808.9, 3341700.6 ], [ 4522709.8, 3341627.8 ], [ 4522594.2, 3341614.7 ], [ 4522496.7, 3341563.9 ], [ 4522386.2, 3341570.1 ], [ 4522323.6, 3341637.4 ], [ 4522305.6, 3341678.6 ], [ 4522295.6, 3341686.2 ], [ 4522279.5, 3341677.7 ], [ 4522242.9, 3341623.2 ], [ 4522232.3, 3341566.1 ], [ 4522294.5, 3341355.5 ], [ 4522348.9, 3341237.7 ], [ 4522348.1, 3341207.0 ], [ 4522246.6, 3341058.1 ], [ 4522220.1, 3341034.3 ], [ 4522052.4, 3341023.6 ], [ 4522004.2, 3340997.2 ], [ 4521930.4, 3340909.6 ], [ 4521924.5, 3340862.7 ], [ 4521932.5, 3340834.0 ], [ 4521938.3, 3340904.6 ], [ 4522013.9, 3340994.4 ], [ 4522054.7, 3341013.0 ], [ 4522203.9, 3341018.3 ], [ 4522228.3, 3341027.4 ], [ 4522347.2, 3341177.9 ], [ 4522385.2, 3341206.3 ], [ 4522405.2, 3341205.8 ], [ 4522461.3, 3341184.2 ], [ 4522516.1, 3341142.9 ], [ 4522546.3, 3341138.2 ], [ 4522569.3, 3341144.7 ], [ 4522602.7, 3341120.5 ], [ 4522646.3, 3341111.0 ], [ 4522705.2, 3341060.7 ], [ 4522729.8, 3341049.8 ], [ 4522768.4, 3341048.6 ], [ 4522847.3, 3341055.4 ], [ 4522889.1, 3341069.1 ], [ 4522967.5, 3341122.7 ], [ 4522996.5, 3341129.6 ], [ 4523293.8, 3341048.3 ], [ 4523329.5, 3341045.5 ], [ 4523381.9, 3341062.6 ], [ 4523439.0, 3341064.3 ], [ 4523462.0, 3341069.8 ], [ 4523583.9, 3341148.8 ], [ 4523627.1, 3341225.0 ], [ 4523651.0, 3341239.9 ], [ 4523752.0, 3341171.3 ], [ 4523801.8, 3341208.2 ], [ 4523907.0, 3341363.3 ], [ 4523833.5, 3341428.5 ], [ 4523833.3, 3341455.9 ], [ 4523995.1, 3341571.7 ], [ 4524080.8, 3341663.1 ] ], [ [ 4520969.2, 3341293.9 ], [ 4520935.0, 3341280.5 ], [ 4520833.4, 3341119.8 ], [ 4520781.0, 3341065.9 ], [ 4520749.3, 3341046.3 ], [ 4520696.8, 3341039.7 ], [ 4520648.2, 3341057.1 ], [ 4520619.2, 3341083.7 ], [ 4520605.3, 3341108.5 ], [ 4520592.1, 3341190.1 ], [ 4520550.9, 3341331.8 ], [ 4520561.5, 3341350.3 ], [ 4520708.0, 3341409.3 ], [ 4520746.8, 3341435.2 ], [ 4520887.2, 3341602.8 ], [ 4520910.1, 3341594.9 ], [ 4520924.4, 3341555.8 ], [ 4520993.5, 3341485.6 ], [ 4521034.6, 3341526.3 ], [ 4521051.8, 3341525.3 ], [ 4521068.6, 3341510.3 ], [ 4521098.7, 3341528.3 ], [ 4521167.2, 3341465.8 ], [ 4521175.6, 3341491.9 ], [ 4521260.2, 3341559.6 ], [ 4521171.9, 3341762.7 ], [ 4521177.0, 3341787.5 ], [ 4521141.7, 3341875.6 ], [ 4521119.8, 3341885.1 ], [ 4521109.6, 3341905.8 ], [ 4520943.8, 3342079.9 ], [ 4520825.5, 3342010.3 ], [ 4520729.0, 3342085.9 ], [ 4520647.3, 3342116.4 ], [ 4520583.3, 3342119.4 ], [ 4520329.6, 3342086.3 ], [ 4520332.1, 3342077.1 ], [ 4520451.4, 3342076.6 ], [ 4520529.2, 3342061.0 ], [ 4520661.9, 3342000.7 ], [ 4520679.4, 3341986.8 ], [ 4520691.2, 3341952.5 ], [ 4520662.4, 3341916.2 ], [ 4520669.1, 3341906.6 ], [ 4520812.0, 3341775.2 ], [ 4520819.0, 3341760.0 ], [ 4520815.2, 3341747.0 ], [ 4520832.8, 3341751.7 ], [ 4520876.9, 3341737.6 ], [ 4520912.1, 3341704.9 ], [ 4520913.8, 3341680.6 ], [ 4520878.5, 3341626.4 ], [ 4520745.5, 3341464.1 ], [ 4520709.1, 3341435.1 ], [ 4520679.5, 3341422.2 ], [ 4520661.9, 3341425.1 ], [ 4520652.3, 3341447.3 ], [ 4520669.7, 3341483.5 ], [ 4520637.7, 3341503.1 ], [ 4520579.8, 3341518.8 ], [ 4520562.4, 3341510.2 ], [ 4520529.8, 3341443.0 ], [ 4520460.5, 3341410.5 ], [ 4520395.9, 3341346.6 ], [ 4520344.8, 3341337.0 ], [ 4520244.7, 3341364.7 ], [ 4520154.9, 3341365.3 ], [ 4520128.8, 3341355.8 ], [ 4520095.8, 3341297.2 ], [ 4520040.9, 3341300.8 ], [ 4520034.9, 3341287.2 ], [ 4520038.3, 3341243.4 ], [ 4520011.0, 3341215.7 ], [ 4519902.6, 3341205.8 ], [ 4519889.4, 3341197.6 ], [ 4519882.0, 3341180.5 ], [ 4519889.2, 3341156.6 ], [ 4519953.6, 3341062.7 ], [ 4519958.1, 3340990.7 ], [ 4520001.1, 3340914.5 ], [ 4520006.7, 3340890.3 ], [ 4520002.6, 3340855.9 ], [ 4519992.4, 3340838.0 ], [ 4520097.2, 3340805.0 ], [ 4520111.2, 3340808.8 ], [ 4520193.4, 3340902.3 ], [ 4520265.5, 3340909.3 ], [ 4520314.6, 3340935.1 ], [ 4520344.5, 3340938.7 ], [ 4520379.8, 3340926.7 ], [ 4520450.5, 3340929.1 ], [ 4520509.7, 3340882.6 ], [ 4520531.3, 3340834.3 ], [ 4520533.6, 3340738.2 ], [ 4520553.2, 3340630.3 ], [ 4520538.2, 3340593.0 ], [ 4520443.7, 3340484.2 ], [ 4520479.3, 3340350.1 ], [ 4520465.0, 3340280.1 ], [ 4520517.7, 3340132.7 ], [ 4520576.1, 3340117.2 ], [ 4520608.5, 3340122.1 ], [ 4520622.4, 3340111.0 ], [ 4520624.5, 3340096.7 ], [ 4520606.8, 3340040.2 ], [ 4520608.3, 3340011.4 ], [ 4520647.7, 3339935.4 ], [ 4520651.6, 3339907.8 ], [ 4520599.2, 3339833.1 ], [ 4520515.4, 3339741.2 ], [ 4520497.4, 3339694.9 ], [ 4520464.8, 3339668.8 ], [ 4520391.0, 3339550.6 ], [ 4520359.9, 3339479.5 ], [ 4520353.2, 3339393.2 ], [ 4520279.2, 3339365.4 ], [ 4520266.0, 3339352.9 ], [ 4520262.9, 3339278.2 ], [ 4520230.1, 3339235.7 ], [ 4520207.4, 3339241.8 ], [ 4520180.6, 3339292.7 ], [ 4520201.7, 3339356.4 ], [ 4520246.1, 3339442.2 ], [ 4520255.0, 3339479.5 ], [ 4520292.0, 3339521.0 ], [ 4520293.9, 3339543.8 ], [ 4520234.7, 3339667.8 ], [ 4520196.7, 3339714.5 ], [ 4520130.9, 3339721.0 ], [ 4519993.9, 3339699.6 ], [ 4519969.4, 3339691.9 ], [ 4519951.4, 3339659.2 ], [ 4519934.3, 3339652.9 ], [ 4519900.1, 3339672.3 ], [ 4519900.6, 3339732.2 ], [ 4519852.4, 3339742.5 ], [ 4519837.4, 3339737.7 ], [ 4519810.3, 3339703.4 ], [ 4519824.4, 3339681.0 ], [ 4519814.0, 3339659.0 ], [ 4519799.8, 3339656.0 ], [ 4519775.9, 3339664.9 ], [ 4519757.6, 3339646.6 ], [ 4519733.7, 3339637.9 ], [ 4519682.0, 3339642.8 ], [ 4519686.5, 3339620.2 ], [ 4519753.2, 3339483.7 ], [ 4519852.4, 3339480.1 ], [ 4519923.2, 3339444.5 ], [ 4519983.7, 3339431.8 ], [ 4520002.1, 3339387.9 ], [ 4520000.1, 3339326.3 ], [ 4520007.5, 3339296.0 ], [ 4520084.9, 3339187.0 ], [ 4520090.7, 3339159.2 ], [ 4520227.2, 3339102.6 ], [ 4520258.3, 3339094.8 ], [ 4520322.2, 3339134.3 ], [ 4520343.1, 3339217.9 ], [ 4520439.6, 3339258.3 ], [ 4520503.1, 3339323.8 ], [ 4520579.9, 3339336.2 ], [ 4520613.8, 3339333.0 ], [ 4520673.9, 3339310.8 ], [ 4520696.9, 3339288.3 ], [ 4520692.0, 3339267.8 ], [ 4520639.8, 3339225.8 ], [ 4520577.2, 3339157.3 ], [ 4520520.4, 3339067.0 ], [ 4520476.5, 3339037.1 ], [ 4520458.0, 3338999.8 ], [ 4520490.2, 3338881.0 ], [ 4520483.7, 3338860.2 ], [ 4520447.9, 3338846.9 ], [ 4520389.8, 3338844.4 ], [ 4520316.1, 3338860.9 ], [ 4520233.9, 3338830.4 ], [ 4520189.9, 3338777.2 ], [ 4520168.3, 3338691.9 ], [ 4520173.0, 3338632.7 ], [ 4520185.2, 3338606.2 ], [ 4520242.4, 3338579.7 ], [ 4520355.4, 3338566.6 ], [ 4520394.5, 3338512.1 ], [ 4520391.1, 3338498.3 ], [ 4520376.4, 3338488.5 ], [ 4520265.5, 3338488.1 ], [ 4520231.6, 3338457.9 ], [ 4520225.6, 3338437.0 ], [ 4520238.6, 3338393.8 ], [ 4520239.8, 3338343.4 ], [ 4520208.1, 3338255.3 ], [ 4520192.9, 3338150.8 ], [ 4520203.2, 3338117.2 ], [ 4520238.1, 3338100.5 ], [ 4520256.0, 3338105.4 ], [ 4520286.6, 3338145.6 ], [ 4520326.6, 3338176.2 ], [ 4520343.1, 3338229.0 ], [ 4520359.0, 3338246.8 ], [ 4520418.7, 3338278.5 ], [ 4520467.0, 3338332.6 ], [ 4520506.0, 3338348.2 ], [ 4520585.4, 3338399.2 ], [ 4520651.2, 3338421.2 ], [ 4520683.2, 3338407.3 ], [ 4520701.8, 3338371.5 ], [ 4520797.8, 3338272.2 ], [ 4520921.9, 3338221.8 ], [ 4521098.7, 3338094.7 ], [ 4521130.5, 3338085.8 ], [ 4521137.6, 3338055.3 ], [ 4521206.1, 3338059.5 ], [ 4521235.8, 3338080.1 ], [ 4521254.9, 3338072.6 ], [ 4521288.5, 3338077.9 ], [ 4521399.2, 3338010.8 ], [ 4521495.6, 3338010.2 ], [ 4521527.7, 3338023.7 ], [ 4521613.9, 3338097.4 ], [ 4521682.2, 3338114.4 ], [ 4521691.5, 3338147.4 ], [ 4521690.1, 3338216.2 ], [ 4521679.4, 3338223.4 ], [ 4521665.1, 3338213.7 ], [ 4521643.4, 3338214.9 ], [ 4521632.9, 3338225.3 ], [ 4521629.0, 3338246.5 ], [ 4521642.1, 3338274.6 ], [ 4521688.7, 3338312.0 ], [ 4521690.6, 3338323.4 ], [ 4521681.9, 3338344.0 ], [ 4521669.0, 3338349.1 ], [ 4521598.9, 3338329.6 ], [ 4521562.3, 3338346.4 ], [ 4521501.1, 3338474.9 ], [ 4521466.5, 3338511.6 ], [ 4521386.3, 3338551.9 ], [ 4521354.5, 3338585.5 ], [ 4521323.1, 3338601.8 ], [ 4521280.3, 3338579.0 ], [ 4521275.8, 3338558.9 ], [ 4521288.3, 3338511.4 ], [ 4521316.5, 3338486.2 ], [ 4521374.2, 3338457.3 ], [ 4521389.3, 3338441.3 ], [ 4521399.3, 3338409.9 ], [ 4521394.6, 3338374.2 ], [ 4521383.8, 3338356.7 ], [ 4521321.8, 3338329.6 ], [ 4521303.6, 3338296.5 ], [ 4521309.2, 3338263.1 ], [ 4521345.1, 3338205.4 ], [ 4521339.5, 3338185.4 ], [ 4521321.8, 3338177.5 ], [ 4521290.4, 3338186.4 ], [ 4521270.9, 3338200.8 ], [ 4521256.7, 3338184.2 ], [ 4521238.2, 3338185.9 ], [ 4521179.2, 3338267.1 ], [ 4521015.3, 3338320.0 ], [ 4520945.9, 3338377.0 ], [ 4520868.9, 3338414.2 ], [ 4520853.2, 3338437.5 ], [ 4520805.2, 3338673.5 ], [ 4520815.4, 3338840.8 ], [ 4520803.5, 3338947.9 ], [ 4520810.6, 3338991.7 ], [ 4520833.6, 3339010.5 ], [ 4520835.7, 3339038.8 ], [ 4520862.9, 3339077.0 ], [ 4520892.2, 3339142.8 ], [ 4520896.7, 3339196.2 ], [ 4520889.3, 3339276.5 ], [ 4520874.1, 3339302.6 ], [ 4520850.7, 3339321.8 ], [ 4520710.7, 3339385.3 ], [ 4520675.5, 3339476.7 ], [ 4520565.0, 3339665.9 ], [ 4520562.2, 3339699.9 ], [ 4520577.9, 3339743.0 ], [ 4520602.0, 3339767.6 ], [ 4520626.5, 3339779.9 ], [ 4520671.6, 3339775.6 ], [ 4520694.2, 3339766.0 ], [ 4520731.0, 3339718.8 ], [ 4520808.0, 3339668.5 ], [ 4520866.3, 3339606.3 ], [ 4520914.6, 3339503.3 ], [ 4520945.7, 3339469.4 ], [ 4520975.0, 3339463.5 ], [ 4520997.6, 3339471.7 ], [ 4521048.5, 3339533.9 ], [ 4521094.8, 3339555.1 ], [ 4521142.2, 3339525.3 ], [ 4521230.2, 3339504.5 ], [ 4521261.2, 3339433.9 ], [ 4521315.7, 3339403.7 ], [ 4521567.3, 3339364.2 ], [ 4521557.8, 3339386.5 ], [ 4521493.2, 3339419.6 ], [ 4521483.1, 3339446.9 ], [ 4521491.1, 3339479.2 ], [ 4521520.5, 3339521.2 ], [ 4521584.5, 3339547.2 ], [ 4521567.5, 3339571.3 ], [ 4521497.2, 3339569.4 ], [ 4521456.4, 3339593.8 ], [ 4521347.4, 3339584.9 ], [ 4521254.5, 3339606.2 ], [ 4521236.8, 3339618.9 ], [ 4521244.6, 3339662.2 ], [ 4521297.4, 3339700.5 ], [ 4521338.5, 3339713.9 ], [ 4521330.8, 3339768.0 ], [ 4521251.8, 3339775.7 ], [ 4521222.3, 3339790.3 ], [ 4521211.7, 3339805.4 ], [ 4521243.5, 3340048.3 ], [ 4521256.0, 3340061.9 ], [ 4521277.7, 3340064.2 ], [ 4521306.2, 3340094.2 ], [ 4521347.5, 3340181.7 ], [ 4521409.3, 3340263.4 ], [ 4521440.9, 3340270.4 ], [ 4521480.3, 3340247.7 ], [ 4521505.9, 3340244.3 ], [ 4521529.8, 3340254.7 ], [ 4521543.4, 3340275.6 ], [ 4521545.8, 3340325.2 ], [ 4521517.3, 3340349.8 ], [ 4521514.4, 3340367.7 ], [ 4521552.1, 3340408.7 ], [ 4521566.4, 3340433.1 ], [ 4521586.6, 3340508.1 ], [ 4521640.2, 3340581.8 ], [ 4521668.7, 3340603.8 ], [ 4521733.7, 3340630.9 ], [ 4521913.4, 3340656.8 ], [ 4521944.1, 3340667.5 ], [ 4521970.7, 3340702.5 ], [ 4521972.5, 3340746.4 ], [ 4521960.6, 3340747.3 ], [ 4521958.7, 3340701.9 ], [ 4521922.3, 3340676.6 ], [ 4521715.8, 3340638.1 ], [ 4521650.2, 3340605.6 ], [ 4521593.4, 3340547.8 ], [ 4521552.8, 3340432.3 ], [ 4521514.4, 3340390.4 ], [ 4521386.7, 3340394.6 ], [ 4521328.5, 3340368.5 ], [ 4521243.7, 3340301.4 ], [ 4521225.9, 3340279.2 ], [ 4521178.4, 3340164.9 ], [ 4521178.4, 3340130.2 ], [ 4521188.8, 3340101.3 ], [ 4521223.6, 3340057.8 ], [ 4521199.1, 3339879.2 ], [ 4521186.4, 3339865.7 ], [ 4521167.9, 3339866.8 ], [ 4521088.0, 3339919.7 ], [ 4521062.5, 3339949.2 ], [ 4520913.0, 3340207.4 ], [ 4520911.5, 3340260.7 ], [ 4520927.0, 3340330.1 ], [ 4520961.9, 3340412.7 ], [ 4520940.1, 3340513.1 ], [ 4520972.4, 3340592.1 ], [ 4520964.5, 3340634.6 ], [ 4520924.0, 3340689.2 ], [ 4520929.5, 3340735.0 ], [ 4520945.3, 3340761.2 ], [ 4520978.4, 3340790.3 ], [ 4521018.0, 3340793.3 ], [ 4521074.7, 3340771.2 ], [ 4521093.2, 3340779.0 ], [ 4521099.8, 3340800.2 ], [ 4521099.1, 3340828.5 ], [ 4521068.7, 3340898.0 ], [ 4521065.9, 3340926.6 ], [ 4521068.4, 3340959.1 ], [ 4521096.5, 3341053.2 ], [ 4521107.5, 3341133.3 ], [ 4521105.8, 3341180.8 ], [ 4521047.6, 3341256.7 ], [ 4521006.1, 3341285.0 ], [ 4520969.2, 3341293.9 ] ], [ [ 4522095.7, 3340281.9 ], [ 4522059.7, 3340170.7 ], [ 4522051.2, 3340119.0 ], [ 4522053.9, 3340094.0 ], [ 4522089.0, 3340072.0 ], [ 4522122.6, 3340071.6 ], [ 4522170.8, 3340104.9 ], [ 4522204.7, 3340102.4 ], [ 4522307.4, 3340200.3 ], [ 4522296.7, 3340229.3 ], [ 4522263.6, 3340219.5 ], [ 4522231.6, 3340196.9 ], [ 4522192.0, 3340203.5 ], [ 4522164.6, 3340219.9 ], [ 4522104.3, 3340287.9 ], [ 4522095.7, 3340281.9 ] ], [ [ 4522173.9, 3339603.3 ], [ 4522178.6, 3339552.8 ], [ 4522169.9, 3339536.8 ], [ 4522156.0, 3339532.3 ], [ 4522090.8, 3339541.4 ], [ 4522070.1, 3339519.3 ], [ 4522105.0, 3339471.5 ], [ 4522173.9, 3339448.5 ], [ 4522216.0, 3339470.5 ], [ 4522174.1, 3339530.5 ], [ 4522181.0, 3339547.1 ], [ 4522198.0, 3339553.0 ], [ 4522198.8, 3339596.3 ], [ 4522209.9, 3339617.4 ], [ 4522199.8, 3339678.9 ], [ 4522130.4, 3339728.2 ], [ 4522108.3, 3339736.7 ], [ 4522084.6, 3339732.7 ], [ 4522090.7, 3339708.3 ], [ 4522087.3, 3339673.1 ], [ 4522158.6, 3339632.7 ], [ 4522173.9, 3339603.3 ] ], [ [ 4525612.3, 3339472.2 ], [ 4525013.1, 3339331.6 ], [ 4525016.5, 3339284.1 ], [ 4525355.8, 3339363.1 ], [ 4525590.1, 3339408.3 ], [ 4525612.3, 3339472.2 ] ], [ [ 4524915.6, 3339274.1 ], [ 4524909.8, 3339309.0 ], [ 4524397.7, 3339189.3 ], [ 4524164.5, 3338965.0 ], [ 4524197.8, 3338927.2 ], [ 4524274.1, 3338996.0 ], [ 4524426.5, 3339159.3 ], [ 4524915.6, 3339274.1 ] ], [ [ 4521810.4, 3339054.9 ], [ 4521788.2, 3339048.7 ], [ 4521773.5, 3339029.1 ], [ 4521771.7, 3339005.4 ], [ 4521837.5, 3338874.0 ], [ 4521841.1, 3338827.5 ], [ 4521855.6, 3338821.3 ], [ 4521871.0, 3338832.8 ], [ 4521876.7, 3338860.8 ], [ 4521866.3, 3339000.2 ], [ 4521846.6, 3339047.8 ], [ 4521810.4, 3339054.9 ] ], [ [ 4523043.8, 3338676.4 ], [ 4523057.7, 3338597.4 ], [ 4523095.6, 3338540.8 ], [ 4523109.3, 3338539.0 ], [ 4523114.1, 3338568.5 ], [ 4523134.1, 3338584.8 ], [ 4523163.7, 3338587.5 ], [ 4523187.6, 3338574.5 ], [ 4523207.7, 3338586.8 ], [ 4523264.2, 3338576.0 ], [ 4523283.4, 3338590.9 ], [ 4523158.1, 3338680.5 ], [ 4523086.9, 3338759.3 ], [ 4523077.6, 3338754.9 ], [ 4523043.8, 3338676.4 ] ], [ [ 4522008.2, 3338579.8 ], [ 4521994.6, 3338587.7 ], [ 4521966.5, 3338572.0 ], [ 4521914.3, 3338493.3 ], [ 4521890.1, 3338483.5 ], [ 4521839.1, 3338479.9 ], [ 4521771.6, 3338443.5 ], [ 4521756.8, 3338428.5 ], [ 4521753.2, 3338412.9 ], [ 4521766.6, 3338383.4 ], [ 4521936.8, 3338403.5 ], [ 4521955.2, 3338422.4 ], [ 4521993.7, 3338491.0 ], [ 4522020.1, 3338558.5 ], [ 4522008.2, 3338579.8 ] ], [ [ 4522651.7, 3338082.5 ], [ 4522625.8, 3338021.1 ], [ 4522630.2, 3337995.1 ], [ 4522653.9, 3337981.3 ], [ 4522696.5, 3338000.2 ], [ 4522743.8, 3338037.4 ], [ 4522762.0, 3338087.0 ], [ 4522743.7, 3338102.4 ], [ 4522710.9, 3338089.7 ], [ 4522651.7, 3338082.5 ] ], [ [ 4522247.1, 3337984.2 ], [ 4522133.6, 3337960.4 ], [ 4522116.9, 3337972.8 ], [ 4522102.0, 3338022.4 ], [ 4522065.5, 3338045.5 ], [ 4521945.9, 3338017.7 ], [ 4521926.2, 3338024.4 ], [ 4521894.4, 3338060.3 ], [ 4521861.2, 3338070.7 ], [ 4521807.3, 3338069.8 ], [ 4521738.2, 3338037.8 ], [ 4521721.4, 3337942.1 ], [ 4521684.9, 3337881.8 ], [ 4521725.6, 3337888.6 ], [ 4521757.2, 3337883.0 ], [ 4521770.9, 3337871.2 ], [ 4521782.2, 3337842.4 ], [ 4521804.2, 3337842.1 ], [ 4521826.8, 3337852.4 ], [ 4521848.7, 3337875.1 ], [ 4521889.8, 3337875.0 ], [ 4521918.9, 3337886.4 ], [ 4521972.3, 3337928.6 ], [ 4522008.7, 3337913.0 ], [ 4522042.2, 3337909.4 ], [ 4522072.0, 3337913.3 ], [ 4522121.7, 3337940.9 ], [ 4522167.2, 3337923.0 ], [ 4522241.4, 3337926.0 ], [ 4522290.0, 3337957.8 ], [ 4522282.7, 3337980.9 ], [ 4522247.1, 3337984.2 ] ], [ [ 4519882.8, 3338036.4 ], [ 4519894.1, 3338067.2 ], [ 4519925.7, 3338076.7 ], [ 4519962.1, 3338111.8 ], [ 4519979.0, 3338136.1 ], [ 4519983.3, 3338157.4 ], [ 4519973.1, 3338227.1 ], [ 4519986.5, 3338325.2 ], [ 4519955.3, 3338355.8 ], [ 4519937.7, 3338360.1 ], [ 4519901.0, 3338342.1 ], [ 4519846.8, 3338292.2 ], [ 4519798.3, 3338232.8 ], [ 4519771.6, 3338175.8 ], [ 4519752.6, 3338026.8 ], [ 4519761.1, 3338005.6 ], [ 4519778.4, 3337996.1 ], [ 4519814.0, 3337992.3 ], [ 4519854.7, 3337996.6 ], [ 4519882.8, 3338036.4 ] ], [ [ 4519473.0, 3338052.8 ], [ 4519425.0, 3338032.3 ], [ 4519379.0, 3337982.6 ], [ 4519368.5, 3337961.4 ], [ 4519383.3, 3337936.2 ], [ 4519404.4, 3337934.9 ], [ 4519457.4, 3337951.5 ], [ 4519506.4, 3337987.0 ], [ 4519491.3, 3338050.0 ], [ 4519473.0, 3338052.8 ] ], [ [ 4518375.8, 3338042.1 ], [ 4518347.8, 3338084.9 ], [ 4518373.4, 3338121.7 ], [ 4518375.6, 3338141.4 ], [ 4518280.2, 3338124.0 ], [ 4518253.6, 3338142.7 ], [ 4518253.8, 3338163.7 ], [ 4518270.6, 3338195.9 ], [ 4518237.4, 3338202.3 ], [ 4518227.9, 3338220.8 ], [ 4518246.3, 3338244.4 ], [ 4518243.2, 3338385.3 ], [ 4518195.1, 3338377.0 ], [ 4518188.5, 3338331.0 ], [ 4518136.9, 3338263.9 ], [ 4518141.7, 3338226.8 ], [ 4518135.9, 3338213.7 ], [ 4518072.6, 3338204.3 ], [ 4518027.1, 3338181.4 ], [ 4518027.4, 3338135.4 ], [ 4518018.7, 3338119.1 ], [ 4517960.7, 3338064.8 ], [ 4517942.8, 3338063.6 ], [ 4517925.7, 3338079.1 ], [ 4517916.3, 3338102.3 ], [ 4517917.3, 3338133.3 ], [ 4517907.2, 3338148.6 ], [ 4517912.2, 3338166.3 ], [ 4517945.3, 3338184.2 ], [ 4517986.4, 3338221.9 ], [ 4518047.2, 3338245.7 ], [ 4518097.3, 3338317.8 ], [ 4518097.1, 3338358.6 ], [ 4518070.4, 3338387.3 ], [ 4518066.1, 3338406.0 ], [ 4518108.2, 3338512.9 ], [ 4518064.4, 3338545.3 ], [ 4518043.6, 3338545.6 ], [ 4517972.1, 3338513.3 ], [ 4517957.2, 3338513.2 ], [ 4517942.9, 3338529.5 ], [ 4517941.8, 3338570.8 ], [ 4517953.3, 3338599.9 ], [ 4518027.7, 3338686.5 ], [ 4518166.0, 3338729.9 ], [ 4518201.8, 3338767.7 ], [ 4518229.6, 3338782.9 ], [ 4518261.3, 3338779.9 ], [ 4518292.8, 3338742.4 ], [ 4518317.3, 3338729.4 ], [ 4518387.5, 3338727.8 ], [ 4518431.2, 3338750.3 ], [ 4518449.5, 3338806.5 ], [ 4518443.8, 3338823.3 ], [ 4518423.4, 3338838.8 ], [ 4518421.2, 3338866.1 ], [ 4518466.6, 3338973.7 ], [ 4518472.5, 3339031.8 ], [ 4518566.3, 3339190.1 ], [ 4518596.6, 3339194.5 ], [ 4518640.9, 3339180.2 ], [ 4518658.7, 3339202.9 ], [ 4518672.1, 3339207.8 ], [ 4518747.9, 3339167.0 ], [ 4518897.0, 3339177.1 ], [ 4518914.3, 3339187.0 ], [ 4518933.0, 3339217.4 ], [ 4518992.2, 3339277.7 ], [ 4518998.5, 3339372.0 ], [ 4519015.2, 3339429.9 ], [ 4519004.3, 3339458.8 ], [ 4518961.0, 3339448.6 ], [ 4518888.3, 3339469.2 ], [ 4518831.7, 3339457.9 ], [ 4518813.8, 3339471.8 ], [ 4518801.0, 3339525.1 ], [ 4518417.1, 3339502.6 ], [ 4518378.8, 3339546.0 ], [ 4518352.7, 3339551.7 ], [ 4518349.0, 3339574.3 ], [ 4518266.6, 3339608.0 ], [ 4518255.7, 3339621.5 ], [ 4518257.9, 3339638.6 ], [ 4518320.6, 3339742.2 ], [ 4518339.2, 3339760.7 ], [ 4518362.2, 3339821.5 ], [ 4518393.6, 3339831.5 ], [ 4518438.0, 3339817.0 ], [ 4518485.1, 3339813.0 ], [ 4518551.6, 3339873.3 ], [ 4518530.2, 3339964.5 ], [ 4518508.5, 3339962.8 ], [ 4518495.8, 3339970.8 ], [ 4518490.1, 3339985.6 ], [ 4518496.3, 3340001.3 ], [ 4518559.7, 3340033.7 ], [ 4518698.8, 3340015.5 ], [ 4518713.8, 3340099.0 ], [ 4518569.5, 3340115.0 ], [ 4518545.9, 3340111.0 ], [ 4518490.5, 3340087.6 ], [ 4518442.5, 3340047.4 ], [ 4518382.8, 3340033.7 ], [ 4518368.8, 3339946.9 ], [ 4518369.2, 3339894.8 ], [ 4518353.0, 3339876.4 ], [ 4518290.8, 3339886.7 ], [ 4518190.6, 3339930.6 ], [ 4518125.0, 3339943.6 ], [ 4518096.4, 3339943.8 ], [ 4518015.9, 3339907.1 ], [ 4518011.8, 3339891.8 ], [ 4518022.9, 3339862.0 ], [ 4518080.1, 3339801.8 ], [ 4518102.8, 3339703.9 ], [ 4518097.2, 3339687.6 ], [ 4518073.4, 3339665.6 ], [ 4518118.8, 3339609.9 ], [ 4518106.2, 3339589.3 ], [ 4518045.8, 3339576.1 ], [ 4518012.1, 3339576.9 ], [ 4517883.3, 3339606.5 ], [ 4517774.1, 3339678.1 ], [ 4517712.4, 3339755.2 ], [ 4517691.7, 3339793.9 ], [ 4517685.9, 3339827.8 ], [ 4517701.2, 3339923.1 ], [ 4517690.9, 3339950.8 ], [ 4517670.2, 3339970.2 ], [ 4517638.5, 3339984.9 ], [ 4517508.5, 3340018.2 ], [ 4517446.4, 3340007.4 ], [ 4517414.9, 3339910.5 ], [ 4517385.0, 3339860.3 ], [ 4517350.2, 3339846.0 ], [ 4517234.6, 3339824.4 ], [ 4517160.0, 3339793.4 ], [ 4517090.7, 3339752.3 ], [ 4517042.7, 3339702.3 ], [ 4517025.6, 3339658.2 ], [ 4517032.1, 3339601.8 ], [ 4517080.4, 3339604.8 ], [ 4517102.0, 3339590.1 ], [ 4517150.7, 3339538.0 ], [ 4517193.6, 3339448.5 ], [ 4517206.9, 3339440.4 ], [ 4517261.9, 3339440.7 ], [ 4517356.7, 3339406.0 ], [ 4517369.1, 3339395.7 ], [ 4517372.8, 3339375.3 ], [ 4517352.0, 3339344.1 ], [ 4517290.8, 3339318.2 ], [ 4517223.2, 3339311.0 ], [ 4517183.8, 3339281.1 ], [ 4517115.5, 3339194.0 ], [ 4517105.6, 3339176.4 ], [ 4517099.8, 3339135.5 ], [ 4517058.7, 3339119.8 ], [ 4517012.8, 3339082.3 ], [ 4516949.2, 3338987.3 ], [ 4516940.0, 3338929.8 ], [ 4516893.0, 3338896.6 ], [ 4516893.3, 3338882.2 ], [ 4516927.2, 3338857.9 ], [ 4516964.9, 3338798.2 ], [ 4516989.4, 3338789.0 ], [ 4517104.8, 3338792.2 ], [ 4517154.1, 3338815.0 ], [ 4517195.3, 3338813.3 ], [ 4517273.5, 3338866.9 ], [ 4517297.9, 3338864.4 ], [ 4517328.8, 3338844.2 ], [ 4517356.6, 3338814.5 ], [ 4517369.3, 3338788.4 ], [ 4517384.6, 3338692.3 ], [ 4517423.8, 3338598.0 ], [ 4517415.9, 3338546.2 ], [ 4517373.5, 3338501.4 ], [ 4517381.7, 3338477.9 ], [ 4517489.6, 3338438.3 ], [ 4517546.7, 3338433.3 ], [ 4517704.2, 3338447.2 ], [ 4517835.1, 3338473.8 ], [ 4517892.0, 3338469.1 ], [ 4517909.8, 3338459.7 ], [ 4517912.0, 3338435.2 ], [ 4517861.6, 3338399.0 ], [ 4517853.1, 3338371.6 ], [ 4517851.6, 3338282.4 ], [ 4517884.5, 3338187.0 ], [ 4517882.0, 3338168.8 ], [ 4517862.9, 3338158.5 ], [ 4517825.7, 3338171.6 ], [ 4517762.8, 3338140.8 ], [ 4517687.9, 3338158.9 ], [ 4517656.1, 3338159.2 ], [ 4517624.1, 3338148.9 ], [ 4517602.2, 3338105.0 ], [ 4517596.6, 3338067.5 ], [ 4517578.7, 3338025.0 ], [ 4517586.7, 3337997.1 ], [ 4517631.4, 3337965.4 ], [ 4517706.8, 3337962.6 ], [ 4517742.8, 3337925.9 ], [ 4517925.2, 3337858.4 ], [ 4517991.8, 3337811.4 ], [ 4518016.1, 3337754.9 ], [ 4518083.0, 3337741.4 ], [ 4518136.0, 3337759.6 ], [ 4518180.2, 3337794.0 ], [ 4518212.4, 3337847.3 ], [ 4518236.4, 3337841.8 ], [ 4518253.7, 3337805.7 ], [ 4518310.0, 3337820.1 ], [ 4518291.0, 3337856.1 ], [ 4518293.4, 3337900.2 ], [ 4518277.0, 3337906.8 ], [ 4518270.6, 3337919.6 ], [ 4518275.5, 3337936.5 ], [ 4518297.8, 3337957.1 ], [ 4518460.6, 3337962.9 ], [ 4518433.6, 3338005.3 ], [ 4518375.8, 3338042.1 ] ], [ [ 4519007.9, 3337818.0 ], [ 4519074.5, 3337766.8 ], [ 4519197.9, 3337711.4 ], [ 4519227.8, 3337706.0 ], [ 4519277.4, 3337710.3 ], [ 4519311.3, 3337721.8 ], [ 4519333.7, 3337735.5 ], [ 4519364.7, 3337777.2 ], [ 4519391.2, 3337797.1 ], [ 4519432.8, 3337803.2 ], [ 4519498.7, 3337794.3 ], [ 4519459.3, 3337856.5 ], [ 4519356.9, 3337876.2 ], [ 4519303.7, 3337863.3 ], [ 4519002.2, 3337890.6 ], [ 4518995.7, 3337838.0 ], [ 4519007.9, 3337818.0 ] ], [ [ 4516562.4, 3339263.5 ], [ 4516510.3, 3339183.0 ], [ 4516766.4, 3339092.4 ], [ 4516787.5, 3339210.2 ], [ 4516562.4, 3339263.5 ] ], [ [ 4516714.6, 3339500.5 ], [ 4516946.0, 3339773.7 ], [ 4516970.6, 3339780.0 ], [ 4517086.2, 3339923.2 ], [ 4517474.6, 3340303.6 ], [ 4517491.6, 3340309.8 ], [ 4517759.0, 3340553.4 ], [ 4517782.0, 3340544.9 ], [ 4517788.9, 3340525.7 ], [ 4517858.9, 3340443.2 ], [ 4517874.0, 3340408.3 ], [ 4517877.4, 3340369.1 ], [ 4517864.4, 3340248.8 ], [ 4517879.2, 3340009.0 ], [ 4517901.3, 3339984.9 ], [ 4517931.8, 3339993.0 ], [ 4517901.7, 3340026.0 ], [ 4517911.4, 3340120.7 ], [ 4517907.8, 3340164.4 ], [ 4517915.0, 3340178.0 ], [ 4517899.5, 3340204.7 ], [ 4517890.1, 3340260.7 ], [ 4517900.1, 3340369.4 ], [ 4517913.1, 3340413.6 ], [ 4517876.6, 3340465.9 ], [ 4517810.1, 3340526.6 ], [ 4517806.3, 3340560.9 ], [ 4517825.3, 3340587.0 ], [ 4517843.8, 3340596.7 ], [ 4517894.3, 3340597.1 ], [ 4517893.8, 3340620.2 ], [ 4517876.4, 3340621.9 ], [ 4517863.7, 3340634.3 ], [ 4517866.2, 3340655.2 ], [ 4518211.4, 3341003.2 ], [ 4518159.2, 3341041.5 ], [ 4517831.1, 3340729.9 ], [ 4517807.8, 3340725.4 ], [ 4517768.5, 3340749.0 ], [ 4517617.3, 3340939.5 ], [ 4517527.0, 3341000.3 ], [ 4517517.7, 3341014.5 ], [ 4517530.0, 3341039.3 ], [ 4517579.7, 3341038.1 ], [ 4517764.2, 3341140.4 ], [ 4517578.9, 3341175.8 ], [ 4517570.8, 3341198.0 ], [ 4517593.4, 3341228.7 ], [ 4517574.6, 3341240.6 ], [ 4517572.7, 3341259.0 ], [ 4517470.6, 3341331.8 ], [ 4517426.2, 3341280.5 ], [ 4517473.2, 3341239.7 ], [ 4517476.6, 3341216.7 ], [ 4517342.0, 3341006.7 ], [ 4517325.5, 3340999.5 ], [ 4517307.7, 3341007.9 ], [ 4517274.0, 3340961.2 ], [ 4517302.1, 3340931.2 ], [ 4517300.3, 3340909.4 ], [ 4517273.5, 3340899.7 ], [ 4517210.9, 3340948.1 ], [ 4517141.8, 3340859.4 ], [ 4517224.2, 3340772.0 ], [ 4517337.9, 3340921.5 ], [ 4517365.1, 3340925.1 ], [ 4517477.0, 3340817.1 ], [ 4517521.6, 3340717.4 ], [ 4517573.2, 3340646.4 ], [ 4517605.2, 3340621.8 ], [ 4517636.7, 3340556.4 ], [ 4517650.0, 3340590.0 ], [ 4517530.9, 3340778.0 ], [ 4517474.9, 3340890.5 ], [ 4517499.8, 3340946.6 ], [ 4517571.4, 3340938.0 ], [ 4517640.6, 3340872.0 ], [ 4517706.4, 3340772.0 ], [ 4517722.1, 3340697.8 ], [ 4517750.0, 3340660.8 ], [ 4517720.1, 3340604.6 ], [ 4517721.5, 3340580.6 ], [ 4517511.7, 3340371.2 ], [ 4517494.2, 3340365.0 ], [ 4517478.2, 3340374.2 ], [ 4517156.2, 3340051.4 ], [ 4517121.5, 3340037.8 ], [ 4517041.6, 3339954.2 ], [ 4516727.4, 3339588.0 ], [ 4516720.5, 3339539.8 ], [ 4516697.8, 3339493.0 ], [ 4516714.6, 3339500.5 ] ], [ [ 4516179.0, 3339970.2 ], [ 4516030.4, 3340186.3 ], [ 4515776.5, 3339992.2 ], [ 4515866.1, 3339811.6 ], [ 4515893.5, 3339788.5 ], [ 4515898.5, 3339774.5 ], [ 4515890.8, 3339757.9 ], [ 4515855.3, 3339736.4 ], [ 4515862.7, 3339711.6 ], [ 4515853.8, 3339696.2 ], [ 4515730.6, 3339633.7 ], [ 4515748.0, 3339596.2 ], [ 4516012.4, 3339737.1 ], [ 4516096.5, 3339791.7 ], [ 4516137.4, 3339845.9 ], [ 4516179.0, 3339970.2 ] ], [ [ 4516836.8, 3340104.6 ], [ 4516872.6, 3340109.3 ], [ 4516946.0, 3340151.1 ], [ 4516999.3, 3340147.3 ], [ 4517043.2, 3340170.7 ], [ 4517139.9, 3340175.4 ], [ 4517169.2, 3340184.3 ], [ 4517197.5, 3340244.8 ], [ 4517258.2, 3340288.8 ], [ 4517304.8, 3340408.9 ], [ 4517319.8, 3340426.3 ], [ 4517346.7, 3340438.8 ], [ 4517348.0, 3340462.0 ], [ 4517330.2, 3340476.9 ], [ 4517306.4, 3340482.5 ], [ 4517182.3, 3340455.6 ], [ 4517097.6, 3340387.9 ], [ 4517023.5, 3340265.7 ], [ 4516906.7, 3340242.0 ], [ 4516877.5, 3340231.2 ], [ 4516834.2, 3340200.5 ], [ 4516821.6, 3340186.8 ], [ 4516813.4, 3340158.9 ], [ 4516818.1, 3340128.1 ], [ 4516836.8, 3340104.6 ] ], [ [ 4516622.4, 3340473.9 ], [ 4516605.2, 3340491.9 ], [ 4516559.3, 3340488.8 ], [ 4516527.7, 3340464.6 ], [ 4516506.0, 3340417.6 ], [ 4516471.0, 3340375.1 ], [ 4516462.5, 3340313.7 ], [ 4516466.7, 3340298.9 ], [ 4516498.0, 3340269.1 ], [ 4516546.9, 3340262.0 ], [ 4516613.5, 3340286.7 ], [ 4516681.6, 3340325.3 ], [ 4516682.7, 3340361.5 ], [ 4516651.6, 3340394.8 ], [ 4516622.4, 3340473.9 ] ], [ [ 4516567.7, 3340546.3 ], [ 4516613.6, 3340584.1 ], [ 4516708.5, 3340585.3 ], [ 4516735.0, 3340632.4 ], [ 4516821.9, 3340641.6 ], [ 4516873.8, 3340693.7 ], [ 4516861.0, 3340708.1 ], [ 4516860.4, 3340722.2 ], [ 4516890.0, 3340777.0 ], [ 4516907.8, 3340838.7 ], [ 4516950.8, 3340895.2 ], [ 4516954.9, 3340944.0 ], [ 4516931.0, 3341002.1 ], [ 4516884.6, 3341048.9 ], [ 4516867.9, 3341059.8 ], [ 4516836.5, 3341062.5 ], [ 4516818.4, 3341083.6 ], [ 4516593.7, 3340936.9 ], [ 4516573.1, 3340936.0 ], [ 4516550.0, 3340970.1 ], [ 4516564.8, 3341032.1 ], [ 4516517.1, 3341044.0 ], [ 4516506.4, 3341060.9 ], [ 4516533.1, 3341183.4 ], [ 4516470.8, 3341196.6 ], [ 4516459.3, 3341171.9 ], [ 4516464.3, 3340986.0 ], [ 4516394.1, 3340952.2 ], [ 4516362.5, 3340923.4 ], [ 4516376.5, 3340896.1 ], [ 4516375.0, 3340878.7 ], [ 4516322.9, 3340840.7 ], [ 4516308.8, 3340811.6 ], [ 4516263.3, 3340768.7 ], [ 4516312.4, 3340711.2 ], [ 4516324.6, 3340669.3 ], [ 4516358.8, 3340661.5 ], [ 4516446.3, 3340662.0 ], [ 4516501.1, 3340622.2 ], [ 4516567.7, 3340546.3 ] ], [ [ 4518626.3, 3341319.2 ], [ 4518628.2, 3341285.9 ], [ 4518702.8, 3341354.4 ], [ 4519220.3, 3341746.3 ], [ 4519224.2, 3341767.1 ], [ 4519238.0, 3341778.5 ], [ 4519439.5, 3341751.2 ], [ 4519474.6, 3341764.6 ], [ 4520053.2, 3341777.0 ], [ 4520184.7, 3341795.2 ], [ 4520340.6, 3341789.3 ], [ 4520637.7, 3341610.4 ], [ 4520679.9, 3341592.6 ], [ 4520734.6, 3341584.6 ], [ 4520734.2, 3341620.9 ], [ 4520705.5, 3341667.1 ], [ 4520705.2, 3341685.0 ], [ 4520718.3, 3341697.2 ], [ 4520778.1, 3341704.1 ], [ 4520804.9, 3341722.5 ], [ 4520810.9, 3341742.1 ], [ 4520783.0, 3341737.6 ], [ 4520731.2, 3341757.8 ], [ 4520694.3, 3341790.5 ], [ 4520641.4, 3341878.1 ], [ 4520593.6, 3341897.4 ], [ 4520582.7, 3341870.6 ], [ 4520592.5, 3341776.4 ], [ 4520664.5, 3341701.1 ], [ 4520657.0, 3341674.5 ], [ 4520642.1, 3341665.0 ], [ 4520434.3, 3341773.5 ], [ 4520422.9, 3341793.4 ], [ 4520373.7, 3341801.4 ], [ 4520357.2, 3341816.6 ], [ 4520239.5, 3341817.9 ], [ 4520226.7, 3341829.3 ], [ 4520225.9, 3341846.4 ], [ 4519249.8, 3341823.7 ], [ 4519230.7, 3341811.5 ], [ 4519209.2, 3341779.0 ], [ 4519161.0, 3341744.6 ], [ 4519114.9, 3341742.1 ], [ 4518773.0, 3341478.2 ], [ 4518739.3, 3341478.8 ], [ 4518732.9, 3341462.5 ], [ 4518677.8, 3341410.5 ], [ 4518656.2, 3341410.0 ], [ 4518642.9, 3341429.0 ], [ 4518569.1, 3341372.7 ], [ 4518626.3, 3341319.2 ] ], [ [ 4516542.3, 3341461.6 ], [ 4516632.7, 3341501.9 ], [ 4516614.5, 3341525.7 ], [ 4516569.1, 3341555.8 ], [ 4516528.8, 3341570.9 ], [ 4516473.3, 3341576.7 ], [ 4516446.2, 3341571.6 ], [ 4516421.2, 3341549.3 ], [ 4516444.9, 3341534.3 ], [ 4516453.4, 3341510.9 ], [ 4516473.3, 3341495.2 ], [ 4516526.3, 3341487.0 ], [ 4516542.3, 3341461.6 ] ], [ [ 4518483.1, 3341726.8 ], [ 4518565.0, 3341745.1 ], [ 4518665.7, 3341727.8 ], [ 4518705.8, 3341733.4 ], [ 4518774.1, 3341767.7 ], [ 4518838.4, 3341827.1 ], [ 4518989.6, 3341870.8 ], [ 4519011.4, 3341883.1 ], [ 4519117.0, 3342014.2 ], [ 4519139.2, 3342030.5 ], [ 4519153.9, 3342062.8 ], [ 4519191.6, 3342111.2 ], [ 4519208.9, 3342154.5 ], [ 4519198.5, 3342352.5 ], [ 4519215.8, 3342430.7 ], [ 4519235.2, 3342464.3 ], [ 4519277.0, 3342471.3 ], [ 4519299.9, 3342461.0 ], [ 4519348.4, 3342391.7 ], [ 4519377.1, 3342334.7 ], [ 4519402.0, 3342308.5 ], [ 4519568.2, 3342253.9 ], [ 4519592.9, 3342218.2 ], [ 4519630.1, 3342194.5 ], [ 4519712.6, 3342182.9 ], [ 4519787.0, 3342190.8 ], [ 4519795.4, 3342200.1 ], [ 4519793.5, 3342230.8 ], [ 4519805.5, 3342269.6 ], [ 4519822.3, 3342279.9 ], [ 4519854.6, 3342276.8 ], [ 4519848.8, 3342297.6 ], [ 4519761.5, 3342341.5 ], [ 4519703.9, 3342411.0 ], [ 4519629.1, 3342584.0 ], [ 4519611.4, 3342684.5 ], [ 4519565.8, 3342759.4 ], [ 4519497.7, 3342790.7 ], [ 4519474.6, 3342782.6 ], [ 4519392.0, 3342688.8 ], [ 4519240.9, 3342615.7 ], [ 4519147.8, 3342542.3 ], [ 4519109.9, 3342453.8 ], [ 4519111.0, 3342409.0 ], [ 4519065.2, 3342353.2 ], [ 4519044.9, 3342308.0 ], [ 4519052.8, 3342257.8 ], [ 4519078.8, 3342221.8 ], [ 4519094.8, 3342180.1 ], [ 4519087.6, 3342131.2 ], [ 4519066.2, 3342096.5 ], [ 4518998.4, 3342094.8 ], [ 4518936.6, 3342040.4 ], [ 4518932.7, 3342011.0 ], [ 4518852.5, 3341908.6 ], [ 4518864.4, 3341879.3 ], [ 4518848.7, 3341851.2 ], [ 4518824.4, 3341841.6 ], [ 4518713.7, 3341846.0 ], [ 4518625.1, 3341880.2 ], [ 4518589.7, 3341920.6 ], [ 4518562.7, 3341990.3 ], [ 4518537.5, 3342015.7 ], [ 4518455.1, 3342020.4 ], [ 4518314.0, 3341951.0 ], [ 4518302.3, 3341939.1 ], [ 4518287.1, 3341895.5 ], [ 4518290.2, 3341823.0 ], [ 4518255.9, 3341760.2 ], [ 4518242.8, 3341719.0 ], [ 4518282.3, 3341644.4 ], [ 4518295.5, 3341638.8 ], [ 4518328.7, 3341649.1 ], [ 4518483.1, 3341726.8 ] ], [ [ 4516028.8, 3341935.6 ], [ 4515957.2, 3341892.5 ], [ 4515942.6, 3341843.8 ], [ 4515945.0, 3341817.5 ], [ 4515955.0, 3341802.3 ], [ 4516011.1, 3341764.7 ], [ 4516056.4, 3341751.3 ], [ 4516097.9, 3341752.5 ], [ 4516123.5, 3341777.1 ], [ 4516137.2, 3341818.2 ], [ 4516129.9, 3341872.6 ], [ 4516077.2, 3341919.9 ], [ 4516056.2, 3341932.8 ], [ 4516028.8, 3341935.6 ] ], [ [ 4515491.1, 3341888.3 ], [ 4515511.2, 3341943.3 ], [ 4515350.3, 3341999.8 ], [ 4515295.2, 3342055.3 ], [ 4515223.1, 3342060.0 ], [ 4515143.9, 3342076.6 ], [ 4515083.9, 3342070.7 ], [ 4515012.0, 3342038.8 ], [ 4514957.9, 3342027.4 ], [ 4514967.7, 3342008.6 ], [ 4514989.6, 3341996.9 ], [ 4514992.5, 3341979.1 ], [ 4514939.0, 3341930.9 ], [ 4514946.7, 3341908.2 ], [ 4514966.3, 3341915.6 ], [ 4514985.2, 3341902.3 ], [ 4515019.3, 3341919.7 ], [ 4515021.9, 3341934.5 ], [ 4515035.7, 3341945.4 ], [ 4515049.9, 3341944.5 ], [ 4515069.0, 3341929.1 ], [ 4515079.1, 3341933.2 ], [ 4515084.3, 3341986.7 ], [ 4515098.6, 3342005.7 ], [ 4515113.6, 3342009.9 ], [ 4515150.4, 3341993.4 ], [ 4515168.3, 3341971.6 ], [ 4515168.2, 3341953.4 ], [ 4515150.8, 3341926.7 ], [ 4515221.6, 3341927.4 ], [ 4515304.5, 3341909.2 ], [ 4515317.2, 3341915.8 ], [ 4515320.8, 3341952.3 ], [ 4515342.6, 3341962.2 ], [ 4515371.1, 3341944.1 ], [ 4515394.1, 3341944.9 ], [ 4515428.9, 3341931.9 ], [ 4515491.1, 3341888.3 ] ], [ [ 4515655.6, 3342221.4 ], [ 4515770.5, 3342275.9 ], [ 4515806.8, 3342312.5 ], [ 4515818.4, 3342372.1 ], [ 4515843.2, 3342392.9 ], [ 4515860.3, 3342423.0 ], [ 4515851.8, 3342458.9 ], [ 4515794.5, 3342493.4 ], [ 4515776.3, 3342527.8 ], [ 4515753.0, 3342636.0 ], [ 4515758.4, 3342676.3 ], [ 4515772.0, 3342699.3 ], [ 4515837.6, 3342729.6 ], [ 4515863.5, 3342727.3 ], [ 4515874.2, 3342712.8 ], [ 4515870.4, 3342695.1 ], [ 4515906.6, 3342641.4 ], [ 4515943.8, 3342648.7 ], [ 4515959.0, 3342640.2 ], [ 4515967.1, 3342586.3 ], [ 4515979.7, 3342562.8 ], [ 4516031.3, 3342554.4 ], [ 4516039.9, 3342562.3 ], [ 4516012.8, 3342654.4 ], [ 4516016.8, 3342670.9 ], [ 4516125.9, 3342739.4 ], [ 4516151.4, 3342742.7 ], [ 4516173.1, 3342724.1 ], [ 4516199.7, 3342778.4 ], [ 4516190.5, 3342801.5 ], [ 4516159.9, 3342813.1 ], [ 4516128.8, 3342806.3 ], [ 4516073.6, 3342774.0 ], [ 4516055.2, 3342774.1 ], [ 4516027.3, 3342736.0 ], [ 4515990.5, 3342719.1 ], [ 4515977.3, 3342725.3 ], [ 4515953.7, 3342759.8 ], [ 4515891.7, 3342794.7 ], [ 4515737.3, 3342834.3 ], [ 4515649.1, 3342880.9 ], [ 4515582.6, 3342895.3 ], [ 4515552.9, 3342888.8 ], [ 4515528.8, 3342869.2 ], [ 4515520.6, 3342839.2 ], [ 4515529.3, 3342808.9 ], [ 4515565.9, 3342789.3 ], [ 4515623.0, 3342790.8 ], [ 4515648.8, 3342748.0 ], [ 4515582.0, 3342562.8 ], [ 4515593.3, 3342484.3 ], [ 4515572.3, 3342381.2 ], [ 4515568.0, 3342294.0 ], [ 4515576.0, 3342270.1 ], [ 4515594.3, 3342250.4 ], [ 4515655.6, 3342221.4 ] ], [ [ 4520259.2, 3342871.5 ], [ 4520239.7, 3342785.8 ], [ 4520224.4, 3342769.9 ], [ 4520158.6, 3342745.8 ], [ 4520121.7, 3342638.7 ], [ 4520091.2, 3342597.8 ], [ 4520087.9, 3342569.4 ], [ 4520094.5, 3342558.7 ], [ 4520197.6, 3342505.7 ], [ 4520297.6, 3342424.9 ], [ 4520330.3, 3342426.8 ], [ 4520367.6, 3342444.4 ], [ 4520382.0, 3342475.6 ], [ 4520368.1, 3342752.1 ], [ 4520345.2, 3342809.1 ], [ 4520300.1, 3342879.1 ], [ 4520281.5, 3342893.6 ], [ 4520269.2, 3342889.0 ], [ 4520259.2, 3342871.5 ] ], [ [ 4517380.0, 3342272.4 ], [ 4517389.7, 3342267.2 ], [ 4517412.0, 3342272.0 ], [ 4517438.2, 3342293.3 ], [ 4517474.5, 3342407.1 ], [ 4517514.7, 3342441.4 ], [ 4517536.0, 3342471.7 ], [ 4517548.0, 3342517.1 ], [ 4517527.0, 3342542.9 ], [ 4517398.3, 3342496.7 ], [ 4517380.2, 3342475.3 ], [ 4517376.8, 3342445.5 ], [ 4517434.3, 3342422.4 ], [ 4517446.6, 3342402.3 ], [ 4517426.2, 3342370.1 ], [ 4517345.7, 3342330.7 ], [ 4517372.6, 3342326.0 ], [ 4517386.9, 3342314.3 ], [ 4517389.5, 3342297.4 ], [ 4517380.0, 3342272.4 ] ], [ [ 4519518.9, 3341604.0 ], [ 4519425.6, 3341585.4 ], [ 4519372.6, 3341632.0 ], [ 4519348.3, 3341634.9 ], [ 4519338.8, 3341624.4 ], [ 4519342.8, 3341600.4 ], [ 4519366.5, 3341591.5 ], [ 4519375.5, 3341573.5 ], [ 4519347.7, 3341488.2 ], [ 4519491.7, 3341436.2 ], [ 4519544.9, 3341408.0 ], [ 4519593.9, 3341333.6 ], [ 4519583.0, 3341244.0 ], [ 4519661.5, 3341268.0 ], [ 4519670.5, 3341281.5 ], [ 4519669.4, 3341301.6 ], [ 4519631.4, 3341380.3 ], [ 4519551.2, 3341462.2 ], [ 4519521.3, 3341549.7 ], [ 4519518.9, 3341604.0 ] ], [ [ 4519903.3, 3340449.9 ], [ 4520048.4, 3340462.3 ], [ 4520133.6, 3340431.5 ], [ 4520159.2, 3340443.1 ], [ 4520166.3, 3340465.2 ], [ 4520149.1, 3340486.2 ], [ 4520004.2, 3340550.6 ], [ 4519947.1, 3340557.4 ], [ 4519868.2, 3340550.7 ], [ 4519851.8, 3340530.5 ], [ 4519855.2, 3340511.6 ], [ 4519882.4, 3340467.8 ], [ 4519903.3, 3340449.9 ] ], [ [ 4519066.6, 3340171.9 ], [ 4519157.6, 3340087.2 ], [ 4519232.0, 3340089.9 ], [ 4519244.0, 3340100.2 ], [ 4519230.0, 3340132.8 ], [ 4519142.2, 3340208.3 ], [ 4519077.9, 3340214.6 ], [ 4519066.3, 3340202.7 ], [ 4519066.6, 3340171.9 ] ], [ [ 4519247.9, 3339553.1 ], [ 4519246.3, 3339530.7 ], [ 4519258.1, 3339514.0 ], [ 4519280.2, 3339516.1 ], [ 4519365.7, 3339576.1 ], [ 4519403.1, 3339655.1 ], [ 4519395.6, 3339701.7 ], [ 4519370.0, 3339734.0 ], [ 4519343.1, 3339748.5 ], [ 4519308.1, 3339748.8 ], [ 4519281.7, 3339622.4 ], [ 4519264.5, 3339572.3 ], [ 4519247.9, 3339553.1 ] ], [ [ 4519193.5, 3339181.2 ], [ 4519153.1, 3339089.3 ], [ 4519151.3, 3339069.1 ], [ 4519167.3, 3339055.9 ], [ 4519221.0, 3339068.6 ], [ 4519264.0, 3339115.3 ], [ 4519290.0, 3339173.8 ], [ 4519284.3, 3339233.7 ], [ 4519294.8, 3339270.0 ], [ 4519310.2, 3339300.6 ], [ 4519354.2, 3339339.3 ], [ 4519290.2, 3339348.7 ], [ 4519260.9, 3339280.2 ], [ 4519259.1, 3339233.2 ], [ 4519193.5, 3339181.2 ] ], [ [ 4519566.4, 3338842.7 ], [ 4519632.7, 3338810.8 ], [ 4519663.4, 3338814.5 ], [ 4519678.3, 3338837.0 ], [ 4519610.7, 3338971.3 ], [ 4519592.1, 3339025.4 ], [ 4519579.8, 3339039.1 ], [ 4519557.6, 3339028.2 ], [ 4519549.6, 3338917.7 ], [ 4519566.4, 3338842.7 ] ], [ [ 4518973.7, 3338601.7 ], [ 4518972.0, 3338499.5 ], [ 4518980.5, 3338484.8 ], [ 4519005.9, 3338482.8 ], [ 4519036.2, 3338517.7 ], [ 4519054.2, 3338565.2 ], [ 4519048.0, 3338637.7 ], [ 4519022.4, 3338638.2 ], [ 4518988.2, 3338621.4 ], [ 4518973.7, 3338601.7 ] ], [ [ 4516136.6, 3342958.0 ], [ 4516124.8, 3343112.3 ], [ 4516145.9, 3343158.7 ], [ 4516118.5, 3343170.7 ], [ 4516093.2, 3343115.9 ], [ 4516106.8, 3343105.7 ], [ 4516111.5, 3343089.2 ], [ 4516070.4, 3342948.5 ], [ 4516148.0, 3342928.0 ], [ 4516136.6, 3342958.0 ] ], [ [ 4520564.0, 3343437.2 ], [ 4520536.9, 3343628.4 ], [ 4520478.5, 3343591.0 ], [ 4520487.7, 3343241.0 ], [ 4520552.4, 3343270.8 ], [ 4520549.0, 3343414.6 ], [ 4520564.0, 3343437.2 ] ], [ [ 4519655.9, 3343572.5 ], [ 4519714.7, 3343633.3 ], [ 4519729.3, 3343689.7 ], [ 4519724.7, 3343717.6 ], [ 4519693.3, 3343753.8 ], [ 4519671.0, 3343739.8 ], [ 4519696.4, 3343704.6 ], [ 4519698.1, 3343688.4 ], [ 4519656.7, 3343609.9 ], [ 4519634.3, 3343609.1 ], [ 4519574.5, 3343651.1 ], [ 4519478.0, 3343608.1 ], [ 4519465.2, 3343597.4 ], [ 4519465.4, 3343584.7 ], [ 4519490.2, 3343540.2 ], [ 4519551.4, 3343540.4 ], [ 4519574.4, 3343515.2 ], [ 4519646.3, 3343535.2 ], [ 4519655.9, 3343572.5 ] ], [ [ 4517064.7, 3343637.3 ], [ 4517119.0, 3343954.7 ], [ 4517120.0, 3344012.0 ], [ 4517092.7, 3344006.1 ], [ 4517035.1, 3343579.4 ], [ 4517178.3, 3343552.9 ], [ 4517182.3, 3343578.8 ], [ 4517085.7, 3343597.6 ], [ 4517070.6, 3343609.7 ], [ 4517064.7, 3343637.3 ] ], [ [ 4520528.6, 3343965.3 ], [ 4520535.0, 3343929.3 ], [ 4520576.4, 3343981.8 ], [ 4520528.6, 3343965.3 ] ], [ [ 4522731.5, 3343716.4 ], [ 4522741.0, 3343567.4 ], [ 4522800.0, 3343501.7 ], [ 4522826.2, 3343522.3 ], [ 4522819.1, 3343566.0 ], [ 4522846.1, 3343633.2 ], [ 4522792.9, 3343690.7 ], [ 4522789.8, 3343718.2 ], [ 4522776.2, 3343728.0 ], [ 4522731.5, 3343716.4 ] ], [ [ 4522965.5, 3344305.8 ], [ 4522895.8, 3344304.3 ], [ 4522881.0, 3344313.3 ], [ 4522874.1, 3344332.4 ], [ 4522857.2, 3344323.9 ], [ 4522870.1, 3344280.3 ], [ 4522860.6, 3344222.2 ], [ 4522789.5, 3344144.8 ], [ 4522784.1, 3344136.8 ], [ 4522789.2, 3344130.4 ], [ 4522886.1, 3344145.4 ], [ 4522926.0, 3344170.6 ], [ 4522939.6, 3344192.4 ], [ 4522970.1, 3344291.5 ], [ 4522965.5, 3344305.8 ] ], [ [ 4523731.0, 3344367.9 ], [ 4523782.2, 3344390.0 ], [ 4523814.6, 3344373.2 ], [ 4523834.3, 3344378.2 ], [ 4523854.1, 3344409.0 ], [ 4523852.6, 3344423.9 ], [ 4523824.2, 3344470.7 ], [ 4523789.0, 3344469.2 ], [ 4523705.9, 3344434.5 ], [ 4523685.6, 3344385.9 ], [ 4523695.9, 3344367.7 ], [ 4523731.0, 3344367.9 ] ], [ [ 4523236.0, 3344439.7 ], [ 4523261.2, 3344483.7 ], [ 4523302.7, 3344499.3 ], [ 4523323.1, 3344534.1 ], [ 4523323.6, 3344550.1 ], [ 4523314.4, 3344575.2 ], [ 4523285.1, 3344611.1 ], [ 4523232.4, 3344624.3 ], [ 4523202.9, 3344437.2 ], [ 4523236.0, 3344439.7 ] ], [ [ 4519758.6, 3344512.7 ], [ 4519751.1, 3344634.7 ], [ 4519759.7, 3344677.9 ], [ 4519724.4, 3344673.7 ], [ 4519709.2, 3344692.2 ], [ 4519690.8, 3344858.3 ], [ 4519708.8, 3344907.3 ], [ 4519655.9, 3344891.1 ], [ 4519651.2, 3344873.0 ], [ 4519682.4, 3344804.2 ], [ 4519678.1, 3344778.4 ], [ 4519650.9, 3344733.7 ], [ 4519664.1, 3344682.6 ], [ 4519667.1, 3344600.9 ], [ 4519706.6, 3344473.2 ], [ 4519739.1, 3344459.0 ], [ 4519749.2, 3344468.8 ], [ 4519758.6, 3344512.7 ] ], [ [ 4523094.9, 3344855.9 ], [ 4523110.1, 3344848.9 ], [ 4523141.9, 3344903.6 ], [ 4523164.7, 3345018.6 ], [ 4523137.5, 3345076.5 ], [ 4523127.6, 3345122.2 ], [ 4523139.9, 3345204.4 ], [ 4523077.4, 3345228.1 ], [ 4523065.5, 3345245.9 ], [ 4523085.7, 3345350.5 ], [ 4523131.9, 3345425.7 ], [ 4523140.8, 3345483.3 ], [ 4523138.6, 3345549.7 ], [ 4523127.2, 3345574.2 ], [ 4523091.2, 3345613.3 ], [ 4522957.6, 3345664.6 ], [ 4522915.9, 3345693.3 ], [ 4522885.5, 3345753.5 ], [ 4522861.8, 3345843.5 ], [ 4522802.9, 3345794.4 ], [ 4522814.6, 3345723.6 ], [ 4522852.6, 3345630.3 ], [ 4522869.0, 3345605.5 ], [ 4522894.7, 3345590.2 ], [ 4522933.7, 3345581.1 ], [ 4522973.6, 3345559.8 ], [ 4523011.9, 3345527.8 ], [ 4523018.4, 3345510.9 ], [ 4522992.6, 3345437.2 ], [ 4522976.5, 3345413.9 ], [ 4522968.0, 3345368.8 ], [ 4522991.4, 3345261.0 ], [ 4523027.5, 3345213.2 ], [ 4523018.2, 3345099.8 ], [ 4522996.5, 3345021.7 ], [ 4522973.8, 3344999.0 ], [ 4522974.7, 3344984.5 ], [ 4522989.9, 3344967.7 ], [ 4522995.8, 3344922.3 ], [ 4523051.7, 3344934.6 ], [ 4523075.2, 3344925.9 ], [ 4523094.9, 3344855.9 ] ], [ [ 4523799.2, 3345018.9 ], [ 4523852.1, 3345028.7 ], [ 4523925.1, 3345028.3 ], [ 4523944.5, 3345015.5 ], [ 4523963.1, 3344987.2 ], [ 4524044.4, 3344932.2 ], [ 4524062.3, 3344958.8 ], [ 4524054.5, 3345003.4 ], [ 4524032.1, 3345034.8 ], [ 4524002.4, 3345051.9 ], [ 4523994.1, 3345082.0 ], [ 4524009.9, 3345101.0 ], [ 4524048.0, 3345100.9 ], [ 4524078.1, 3345121.4 ], [ 4524093.3, 3345149.7 ], [ 4524099.6, 3345194.3 ], [ 4524152.4, 3345240.5 ], [ 4524210.4, 3345237.1 ], [ 4524252.6, 3345218.1 ], [ 4524288.7, 3345216.6 ], [ 4524325.2, 3345227.0 ], [ 4524406.5, 3345284.4 ], [ 4524464.8, 3345296.8 ], [ 4524555.2, 3345258.3 ], [ 4524673.2, 3345246.2 ], [ 4524770.4, 3345283.6 ], [ 4524895.1, 3345260.2 ], [ 4525068.2, 3345323.6 ], [ 4525093.9, 3345348.8 ], [ 4525079.9, 3345377.9 ], [ 4525049.9, 3345401.6 ], [ 4524970.9, 3345423.4 ], [ 4524744.9, 3345404.5 ], [ 4524685.9, 3345374.2 ], [ 4524663.8, 3345373.4 ], [ 4524601.2, 3345430.9 ], [ 4524546.6, 3345507.7 ], [ 4524449.7, 3345550.9 ], [ 4524397.7, 3345516.9 ], [ 4524302.4, 3345521.7 ], [ 4524290.4, 3345513.7 ], [ 4524282.4, 3345471.6 ], [ 4524265.5, 3345446.0 ], [ 4524211.7, 3345427.1 ], [ 4524169.5, 3345421.9 ], [ 4524117.6, 3345392.0 ], [ 4524100.5, 3345396.1 ], [ 4524091.8, 3345411.4 ], [ 4524010.9, 3345436.8 ], [ 4523849.6, 3345544.2 ], [ 4523851.4, 3345604.7 ], [ 4523797.2, 3345739.7 ], [ 4523823.8, 3345814.3 ], [ 4523810.6, 3345929.9 ], [ 4523781.8, 3345979.1 ], [ 4523757.1, 3345981.3 ], [ 4523738.1, 3345967.0 ], [ 4523732.6, 3345926.6 ], [ 4523753.9, 3345898.0 ], [ 4523787.2, 3345885.2 ], [ 4523792.4, 3345864.0 ], [ 4523762.3, 3345820.5 ], [ 4523705.3, 3345777.4 ], [ 4523679.4, 3345708.6 ], [ 4523612.4, 3345645.8 ], [ 4523600.0, 3345602.1 ], [ 4523599.8, 3345544.3 ], [ 4523566.6, 3345449.6 ], [ 4523582.2, 3345387.2 ], [ 4523628.0, 3345285.6 ], [ 4523659.8, 3345227.7 ], [ 4523697.2, 3345205.3 ], [ 4523722.3, 3345173.8 ], [ 4523767.3, 3345057.0 ], [ 4523784.6, 3345028.2 ], [ 4523799.2, 3345018.9 ] ], [ [ 4523977.9, 3345949.5 ], [ 4524077.9, 3345934.0 ], [ 4524097.3, 3345940.9 ], [ 4524078.6, 3345976.6 ], [ 4524022.1, 3346031.3 ], [ 4523997.7, 3346023.9 ], [ 4523944.8, 3346049.0 ], [ 4523977.9, 3345949.5 ] ], [ [ 4524242.8, 3346075.2 ], [ 4524281.8, 3345985.8 ], [ 4524310.9, 3345968.2 ], [ 4524344.1, 3345973.5 ], [ 4524365.3, 3345992.4 ], [ 4524361.6, 3346020.6 ], [ 4524297.0, 3346104.7 ], [ 4524243.8, 3346147.0 ], [ 4524193.3, 3346173.8 ], [ 4524168.4, 3346173.1 ], [ 4524163.6, 3346164.5 ], [ 4524171.2, 3346143.4 ], [ 4524242.8, 3346075.2 ] ], [ [ 4525123.1, 3345112.4 ], [ 4525130.2, 3345051.4 ], [ 4525111.7, 3345003.4 ], [ 4525117.6, 3344973.3 ], [ 4525133.5, 3344963.0 ], [ 4525192.7, 3344985.4 ], [ 4525191.3, 3345093.8 ], [ 4525204.8, 3345116.4 ], [ 4525240.2, 3345143.4 ], [ 4525243.1, 3345156.5 ], [ 4525216.8, 3345172.9 ], [ 4525162.8, 3345124.5 ], [ 4525123.1, 3345112.4 ] ], [ [ 4524707.4, 3344732.6 ], [ 4524685.3, 3344712.3 ], [ 4524625.4, 3344725.5 ], [ 4524579.4, 3344709.6 ], [ 4524508.5, 3344648.6 ], [ 4524474.6, 3344636.9 ], [ 4524501.1, 3344556.1 ], [ 4524547.1, 3344543.2 ], [ 4524580.5, 3344515.1 ], [ 4524600.1, 3344557.2 ], [ 4524649.5, 3344606.2 ], [ 4524674.9, 3344645.7 ], [ 4524731.2, 3344686.1 ], [ 4524751.2, 3344754.2 ], [ 4524738.9, 3344770.0 ], [ 4524721.5, 3344767.5 ], [ 4524707.4, 3344732.6 ] ], [ [ 4524286.4, 3344170.2 ], [ 4524332.5, 3344148.8 ], [ 4524347.8, 3344155.4 ], [ 4524350.7, 3344184.2 ], [ 4524336.9, 3344221.5 ], [ 4524303.9, 3344273.3 ], [ 4524247.8, 3344325.1 ], [ 4524237.7, 3344321.2 ], [ 4524232.6, 3344279.5 ], [ 4524241.3, 3344246.7 ], [ 4524267.9, 3344217.6 ], [ 4524286.4, 3344170.2 ] ], [ [ 4524686.9, 3343817.4 ], [ 4524728.6, 3343750.9 ], [ 4524761.3, 3343760.1 ], [ 4524768.6, 3343785.4 ], [ 4524733.0, 3343885.4 ], [ 4524706.0, 3343875.4 ], [ 4524670.9, 3343900.3 ], [ 4524674.8, 3343938.9 ], [ 4524693.4, 3343989.3 ], [ 4524692.2, 3344045.0 ], [ 4524683.0, 3344077.7 ], [ 4524660.1, 3344064.5 ], [ 4524639.6, 3344029.6 ], [ 4524638.0, 3343985.5 ], [ 4524650.9, 3343925.5 ], [ 4524641.6, 3343902.9 ], [ 4524695.5, 3343861.3 ], [ 4524697.8, 3343846.7 ], [ 4524686.9, 3343817.4 ] ], [ [ 4526512.0, 3343356.0 ], [ 4526464.4, 3343356.0 ], [ 4526421.9, 3343336.7 ], [ 4526366.6, 3343286.6 ], [ 4526356.3, 3343269.4 ], [ 4526359.8, 3343261.0 ], [ 4526429.0, 3343305.2 ], [ 4526475.4, 3343311.8 ], [ 4526569.1, 3343366.9 ], [ 4526638.5, 3343371.2 ], [ 4526710.9, 3343415.2 ], [ 4526848.6, 3343459.9 ], [ 4526826.9, 3343483.8 ], [ 4526824.6, 3343532.0 ], [ 4526802.2, 3343560.6 ], [ 4526783.7, 3343566.1 ], [ 4526761.2, 3343554.8 ], [ 4526712.3, 3343498.7 ], [ 4526691.3, 3343435.1 ], [ 4526658.7, 3343425.8 ], [ 4526626.2, 3343403.6 ], [ 4526586.5, 3343396.0 ], [ 4526562.0, 3343376.4 ], [ 4526512.0, 3343356.0 ] ], [ [ 4517160.6, 3344276.2 ], [ 4517197.8, 3344273.2 ], [ 4517262.0, 3344310.5 ], [ 4517280.9, 3344341.3 ], [ 4517279.2, 3344381.7 ], [ 4517291.4, 3344434.6 ], [ 4517319.1, 3344461.2 ], [ 4517367.7, 3344477.2 ], [ 4517379.7, 3344468.8 ], [ 4517396.2, 3344432.8 ], [ 4517453.9, 3344451.7 ], [ 4517441.6, 3344493.7 ], [ 4517426.6, 3344503.2 ], [ 4517423.3, 3344519.9 ], [ 4517385.3, 3344574.0 ], [ 4517354.1, 3344600.6 ], [ 4517269.6, 3344607.2 ], [ 4517254.5, 3344571.0 ], [ 4517224.7, 3344567.7 ], [ 4517159.8, 3344299.9 ], [ 4517138.9, 3344283.2 ], [ 4517116.4, 3344300.4 ], [ 4517109.5, 3344354.6 ], [ 4517131.9, 3344659.6 ], [ 4517100.9, 3344708.0 ], [ 4517107.9, 3344648.1 ], [ 4517089.7, 3344626.5 ], [ 4516994.1, 3344609.9 ], [ 4516952.0, 3344612.1 ], [ 4516896.4, 3344630.9 ], [ 4516823.2, 3344602.7 ], [ 4516832.0, 3344486.9 ], [ 4516827.4, 3344458.7 ], [ 4516805.7, 3344404.2 ], [ 4516765.0, 3344365.5 ], [ 4516763.0, 3344311.3 ], [ 4516785.3, 3344268.0 ], [ 4516848.3, 3344232.8 ], [ 4517021.4, 3344229.0 ], [ 4517062.3, 3344233.6 ], [ 4517160.6, 3344276.2 ] ], [ [ 4516139.2, 3344624.6 ], [ 4516246.6, 3344682.0 ], [ 4516206.3, 3344711.1 ], [ 4516101.0, 3344669.9 ], [ 4516082.6, 3344660.3 ], [ 4516001.3, 3344574.8 ], [ 4515931.2, 3344615.5 ], [ 4515950.3, 3344495.1 ], [ 4515959.1, 3344477.7 ], [ 4515986.1, 3344460.7 ], [ 4516026.4, 3344470.4 ], [ 4516060.4, 3344538.4 ], [ 4516106.7, 3344599.7 ], [ 4516139.2, 3344624.6 ] ], [ [ 4516285.3, 3344764.6 ], [ 4516296.8, 3344710.7 ], [ 4516351.5, 3344740.8 ], [ 4516438.6, 3344747.5 ], [ 4516512.5, 3344781.7 ], [ 4516542.6, 3344766.0 ], [ 4516556.6, 3344748.7 ], [ 4516613.9, 3344633.7 ], [ 4516641.1, 3344637.7 ], [ 4516676.4, 3344649.2 ], [ 4516723.6, 3344731.0 ], [ 4516769.6, 3344761.3 ], [ 4516827.4, 3344774.4 ], [ 4516829.3, 3344806.3 ], [ 4516785.2, 3344830.4 ], [ 4516757.8, 3344859.5 ], [ 4516739.3, 3344827.6 ], [ 4516693.3, 3344794.7 ], [ 4516629.0, 3344790.9 ], [ 4516607.9, 3344799.8 ], [ 4516530.8, 3344864.5 ], [ 4516505.3, 3344876.6 ], [ 4516472.7, 3344876.0 ], [ 4516408.5, 3344823.5 ], [ 4516334.4, 3344799.4 ], [ 4516285.3, 3344764.6 ] ], [ [ 4516938.1, 3344865.0 ], [ 4516958.8, 3344848.6 ], [ 4517012.6, 3344839.1 ], [ 4517044.7, 3344796.1 ], [ 4517070.6, 3344782.3 ], [ 4517094.0, 3344803.1 ], [ 4517109.5, 3344863.4 ], [ 4517088.3, 3344916.8 ], [ 4517028.7, 3344945.1 ], [ 4517007.9, 3344947.4 ], [ 4516977.2, 3344939.0 ], [ 4516965.2, 3344925.7 ], [ 4516938.1, 3344865.0 ] ], [ [ 4515432.9, 3339157.6 ], [ 4515531.5, 3338870.6 ], [ 4515553.0, 3338800.2 ], [ 4515637.3, 3338842.5 ], [ 4515526.7, 3339178.5 ], [ 4515432.9, 3339157.6 ] ], [ [ 4514930.5, 3339128.5 ], [ 4514904.1, 3339111.6 ], [ 4514898.9, 3339080.2 ], [ 4514910.1, 3339065.6 ], [ 4514969.2, 3339039.1 ], [ 4515003.8, 3338993.8 ], [ 4515027.9, 3338997.1 ], [ 4515043.4, 3339038.8 ], [ 4515031.3, 3339056.6 ], [ 4514997.2, 3339092.2 ], [ 4514930.5, 3339128.5 ] ], [ [ 4517683.7, 3337333.5 ], [ 4517568.4, 3337320.0 ], [ 4517515.3, 3337274.7 ], [ 4517490.3, 3337160.1 ], [ 4517476.7, 3337144.2 ], [ 4517453.2, 3337149.3 ], [ 4517446.6, 3337164.9 ], [ 4517395.6, 3337217.2 ], [ 4517383.2, 3337204.4 ], [ 4517375.6, 3337172.0 ], [ 4517343.3, 3337152.6 ], [ 4517354.1, 3337098.6 ], [ 4517349.0, 3337075.2 ], [ 4517334.9, 3337064.9 ], [ 4517267.4, 3337054.1 ], [ 4517139.9, 3337175.0 ], [ 4517091.5, 3337168.9 ], [ 4516990.0, 3337013.4 ], [ 4517009.5, 3336987.9 ], [ 4517012.3, 3336955.1 ], [ 4517001.8, 3336932.7 ], [ 4516974.2, 3336914.4 ], [ 4516972.7, 3336864.7 ], [ 4516980.4, 3336836.8 ], [ 4517008.9, 3336796.2 ], [ 4517004.4, 3336779.2 ], [ 4516986.4, 3336769.9 ], [ 4517005.1, 3336716.9 ], [ 4517083.8, 3336792.6 ], [ 4517116.8, 3336802.2 ], [ 4517070.6, 3336817.8 ], [ 4517052.4, 3336842.8 ], [ 4517063.7, 3336867.8 ], [ 4517111.2, 3336875.6 ], [ 4517067.0, 3336905.8 ], [ 4517065.1, 3336923.5 ], [ 4517076.1, 3336938.1 ], [ 4517097.4, 3336939.8 ], [ 4517193.4, 3336875.7 ], [ 4517269.7, 3336943.7 ], [ 4517373.4, 3336896.5 ], [ 4517406.4, 3336918.7 ], [ 4517379.6, 3337014.1 ], [ 4517430.9, 3337048.5 ], [ 4517487.2, 3337023.9 ], [ 4517511.2, 3336996.1 ], [ 4517547.8, 3336993.1 ], [ 4517562.9, 3336938.5 ], [ 4517598.7, 3336936.5 ], [ 4517611.0, 3336960.6 ], [ 4517629.4, 3336970.1 ], [ 4517660.2, 3336961.6 ], [ 4517709.8, 3336897.6 ], [ 4517687.3, 3336843.0 ], [ 4517835.6, 3336895.2 ], [ 4517857.1, 3336914.2 ], [ 4517797.8, 3337013.5 ], [ 4517803.8, 3337036.9 ], [ 4517839.5, 3337055.2 ], [ 4517962.6, 3337089.2 ], [ 4518034.5, 3337078.5 ], [ 4518194.7, 3336998.4 ], [ 4518264.9, 3336985.4 ], [ 4518307.8, 3336989.4 ], [ 4518325.0, 3337004.0 ], [ 4518330.5, 3337067.9 ], [ 4518359.2, 3337151.7 ], [ 4518350.2, 3337208.6 ], [ 4518355.6, 3337241.3 ], [ 4518396.6, 3337261.5 ], [ 4518525.7, 3337261.7 ], [ 4518557.4, 3337283.5 ], [ 4518562.7, 3337306.9 ], [ 4518545.8, 3337341.9 ], [ 4518542.0, 3337377.5 ], [ 4518484.3, 3337428.5 ], [ 4518450.5, 3337444.8 ], [ 4518384.5, 3337459.5 ], [ 4518311.1, 3337446.8 ], [ 4518253.2, 3337426.0 ], [ 4518224.8, 3337392.9 ], [ 4518204.1, 3337383.9 ], [ 4518162.1, 3337392.9 ], [ 4518128.0, 3337412.8 ], [ 4518084.1, 3337451.5 ], [ 4518060.5, 3337495.3 ], [ 4518073.2, 3337555.5 ], [ 4518113.1, 3337605.2 ], [ 4518088.0, 3337623.4 ], [ 4518055.4, 3337629.7 ], [ 4517954.1, 3337570.8 ], [ 4517843.9, 3337531.0 ], [ 4517784.6, 3337440.5 ], [ 4517736.9, 3337387.9 ], [ 4517683.7, 3337333.5 ] ], [ [ 4528427.8, 3346418.5 ], [ 4528379.4, 3346408.8 ], [ 4528356.1, 3346395.3 ], [ 4528348.8, 3346350.3 ], [ 4528469.2, 3346303.0 ], [ 4528488.2, 3346304.5 ], [ 4528514.9, 3346321.3 ], [ 4528524.4, 3346337.7 ], [ 4528515.2, 3346384.8 ], [ 4528459.4, 3346413.8 ], [ 4528427.8, 3346418.5 ] ], [ [ 4527680.1, 3346405.1 ], [ 4527709.1, 3346452.8 ], [ 4527669.6, 3346475.0 ], [ 4527641.9, 3346433.2 ], [ 4527680.1, 3346405.1 ] ] ] } },
{ "type": "Feature", "properties": { "id": "forest_39258", "state": "Mecklenburg-Vorpommern", "area_ha": 11883.96, "unfragmented": true, "image": "forest_39258.webp", "real_width_m": 15811.7, "real_height_m": 19255.6, "pixel_width": 1581, "pixel_height": 1925, "centroid_x": 4535373.7, "centroid_y": 3357271.8 }, "geometry": { "type": "Polygon", "coordinates": [ [ [ 4540762.3, 3351425.2 ], [ 4540746.6, 3351405.3 ], [ 4540650.7, 3351375.7 ], [ 4540614.0, 3351372.6 ], [ 4540582.8, 3351381.4 ], [ 4540549.1, 3351405.9 ], [ 4540470.1, 3351427.3 ], [ 4540361.5, 3351419.7 ], [ 4540327.7, 3351361.6 ], [ 4540322.4, 3351329.2 ], [ 4540303.3, 3351319.0 ], [ 4540240.2, 3351325.9 ], [ 4540221.6, 3351377.3 ], [ 4540195.5, 3351376.6 ], [ 4540189.6, 3351346.4 ], [ 4540159.9, 3351342.2 ], [ 4540149.0, 3351355.0 ], [ 4540148.1, 3351385.6 ], [ 4540112.1, 3351412.6 ], [ 4540078.5, 3351378.3 ], [ 4540078.2, 3351360.6 ], [ 4540064.9, 3351348.8 ], [ 4540018.4, 3351367.1 ], [ 4539998.7, 3351346.0 ], [ 4539946.7, 3351356.0 ], [ 4539930.8, 3351324.8 ], [ 4539905.9, 3351319.8 ], [ 4539868.7, 3351255.4 ], [ 4539850.1, 3351247.3 ], [ 4539820.6, 3351203.1 ], [ 4539831.3, 3351185.2 ], [ 4539822.5, 3351162.0 ], [ 4539799.8, 3351154.7 ], [ 4539677.0, 3351247.1 ], [ 4539642.9, 3351220.3 ], [ 4539598.5, 3351249.8 ], [ 4539569.3, 3351227.4 ], [ 4539540.7, 3351239.0 ], [ 4539535.7, 3351260.3 ], [ 4539598.4, 3351384.1 ], [ 4539558.7, 3351403.2 ], [ 4539541.6, 3351431.0 ], [ 4539539.0, 3351445.6 ], [ 4539551.7, 3351481.6 ], [ 4539295.5, 3351702.2 ], [ 4539296.8, 3351720.3 ], [ 4539338.8, 3351783.5 ], [ 4539337.2, 3351798.5 ], [ 4539319.0, 3351821.5 ], [ 4539318.4, 3351848.4 ], [ 4539421.0, 3351963.3 ], [ 4539440.7, 3352011.2 ], [ 4539420.3, 3352053.9 ], [ 4539428.4, 3352080.7 ], [ 4539399.6, 3352090.9 ], [ 4539342.3, 3352072.5 ], [ 4539324.9, 3352055.8 ], [ 4539306.2, 3352057.3 ], [ 4539197.1, 3352021.5 ], [ 4539176.9, 3352006.0 ], [ 4539104.2, 3352035.0 ], [ 4539041.1, 3351957.5 ], [ 4539025.6, 3351949.5 ], [ 4539011.9, 3351953.2 ], [ 4538967.7, 3351994.1 ], [ 4538940.0, 3352039.7 ], [ 4538917.6, 3352013.9 ], [ 4538792.6, 3351915.2 ], [ 4538729.8, 3351868.4 ], [ 4538709.4, 3351866.9 ], [ 4538581.7, 3351531.1 ], [ 4538639.9, 3351508.9 ], [ 4538652.8, 3351491.0 ], [ 4538632.4, 3351418.7 ], [ 4538621.2, 3351403.7 ], [ 4538615.4, 3351365.2 ], [ 4538622.8, 3351358.8 ], [ 4538719.0, 3351348.4 ], [ 4538744.5, 3351323.6 ], [ 4538738.8, 3351303.0 ], [ 4538646.0, 3351212.0 ], [ 4538744.3, 3351178.0 ], [ 4538755.5, 3351156.5 ], [ 4538742.8, 3351109.8 ], [ 4538732.9, 3351099.5 ], [ 4538682.2, 3351110.0 ], [ 4538634.6, 3351079.2 ], [ 4538581.4, 3351082.5 ], [ 4538545.8, 3351031.5 ], [ 4538622.1, 3350913.8 ], [ 4538613.6, 3350865.8 ], [ 4538600.9, 3350853.0 ], [ 4538583.0, 3350853.9 ], [ 4538521.6, 3350892.8 ], [ 4538512.7, 3350870.5 ], [ 4538552.6, 3350842.6 ], [ 4538559.9, 3350819.0 ], [ 4538552.3, 3350790.7 ], [ 4538510.8, 3350762.0 ], [ 4538496.3, 3350688.3 ], [ 4538587.3, 3350608.6 ], [ 4538593.2, 3350593.1 ], [ 4538533.8, 3350272.4 ], [ 4538518.9, 3350261.7 ], [ 4538504.2, 3350263.9 ], [ 4538340.4, 3350391.5 ], [ 4538293.5, 3350059.2 ], [ 4538283.8, 3350043.9 ], [ 4538256.3, 3350046.5 ], [ 4538239.4, 3350080.8 ], [ 4538143.1, 3350179.6 ], [ 4538120.8, 3350150.5 ], [ 4538095.7, 3350145.3 ], [ 4538008.2, 3350208.6 ], [ 4537983.0, 3350104.7 ], [ 4537942.9, 3350010.0 ], [ 4537963.3, 3349984.7 ], [ 4537948.4, 3349948.3 ], [ 4537953.1, 3349925.8 ], [ 4537940.7, 3349904.1 ], [ 4537927.0, 3349900.6 ], [ 4537870.7, 3349914.4 ], [ 4537854.6, 3349931.6 ], [ 4537939.8, 3350149.4 ], [ 4537891.7, 3350169.2 ], [ 4537865.2, 3350128.5 ], [ 4537767.8, 3350036.8 ], [ 4537786.3, 3350011.4 ], [ 4537767.4, 3349978.0 ], [ 4537772.4, 3349961.4 ], [ 4537766.4, 3349948.7 ], [ 4537738.2, 3349933.5 ], [ 4537719.7, 3349945.2 ], [ 4537719.6, 3349968.8 ], [ 4537618.5, 3349965.9 ], [ 4537537.6, 3349871.6 ], [ 4537518.0, 3349836.9 ], [ 4537587.8, 3349798.3 ], [ 4537613.0, 3349793.5 ], [ 4537640.5, 3349817.1 ], [ 4537647.7, 3349841.2 ], [ 4537677.3, 3349850.0 ], [ 4537690.4, 3349876.8 ], [ 4537710.0, 3349883.7 ], [ 4537743.4, 3349847.2 ], [ 4537764.8, 3349847.4 ], [ 4537800.4, 3349826.2 ], [ 4537826.9, 3349779.4 ], [ 4537844.7, 3349726.5 ], [ 4537867.9, 3349591.7 ], [ 4537868.8, 3349231.9 ], [ 4537918.2, 3348964.3 ], [ 4537929.3, 3348946.8 ], [ 4537914.8, 3348924.4 ], [ 4537619.7, 3348835.7 ], [ 4537157.8, 3348751.7 ], [ 4536943.9, 3348683.3 ], [ 4536628.2, 3348677.8 ], [ 4535889.9, 3348479.6 ], [ 4535868.6, 3348484.4 ], [ 4535861.5, 3348501.4 ], [ 4535868.1, 3348523.9 ], [ 4535910.0, 3348563.8 ], [ 4535920.8, 3348626.4 ], [ 4535918.1, 3348669.2 ], [ 4535904.2, 3348703.3 ], [ 4535882.8, 3348725.8 ], [ 4535854.5, 3348729.8 ], [ 4535842.6, 3348743.3 ], [ 4535843.1, 3348757.8 ], [ 4535860.6, 3348783.9 ], [ 4535851.6, 3348823.0 ], [ 4535855.8, 3348839.0 ], [ 4535880.7, 3348849.6 ], [ 4535929.7, 3348829.1 ], [ 4535978.8, 3348777.3 ], [ 4536048.2, 3348774.7 ], [ 4536145.5, 3348795.5 ], [ 4536165.8, 3348809.7 ], [ 4536178.2, 3348841.2 ], [ 4536179.0, 3348912.4 ], [ 4536147.8, 3348910.8 ], [ 4536137.0, 3348936.0 ], [ 4536256.5, 3349128.8 ], [ 4536338.8, 3349218.6 ], [ 4536429.5, 3349279.5 ], [ 4536453.3, 3349304.7 ], [ 4536464.7, 3349322.1 ], [ 4536468.4, 3349383.0 ], [ 4536482.4, 3349401.8 ], [ 4536546.8, 3349407.7 ], [ 4536577.3, 3349418.1 ], [ 4536589.0, 3349432.5 ], [ 4536620.6, 3349529.0 ], [ 4536664.5, 3349574.4 ], [ 4536714.6, 3349600.4 ], [ 4536736.0, 3349630.7 ], [ 4536810.5, 3349810.8 ], [ 4536806.1, 3349881.6 ], [ 4536785.8, 3349909.7 ], [ 4536709.3, 3349975.2 ], [ 4536669.1, 3350004.5 ], [ 4536625.0, 3350021.1 ], [ 4536594.6, 3350001.3 ], [ 4536551.7, 3349894.7 ], [ 4536495.4, 3349810.9 ], [ 4536483.8, 3349774.0 ], [ 4536498.4, 3349719.2 ], [ 4536493.7, 3349700.9 ], [ 4536434.7, 3349657.4 ], [ 4536389.3, 3349578.2 ], [ 4536329.2, 3349549.3 ], [ 4536305.5, 3349504.1 ], [ 4536293.3, 3349449.7 ], [ 4536201.3, 3349426.7 ], [ 4536161.7, 3349330.0 ], [ 4536213.2, 3349332.9 ], [ 4536237.9, 3349344.1 ], [ 4536247.2, 3349371.2 ], [ 4536335.7, 3349464.5 ], [ 4536399.1, 3349501.0 ], [ 4536427.6, 3349490.8 ], [ 4536459.0, 3349436.5 ], [ 4536454.3, 3349392.7 ], [ 4536347.1, 3349324.9 ], [ 4536229.7, 3349226.8 ], [ 4536199.8, 3349220.2 ], [ 4536133.4, 3349241.1 ], [ 4536072.7, 3349233.1 ], [ 4536037.9, 3349121.9 ], [ 4536009.1, 3349072.9 ], [ 4535977.2, 3348988.9 ], [ 4535869.7, 3348913.3 ], [ 4535859.5, 3348863.6 ], [ 4535782.2, 3348831.8 ], [ 4535707.4, 3348733.4 ], [ 4535641.6, 3348685.6 ], [ 4535617.6, 3348649.7 ], [ 4535594.0, 3348592.6 ], [ 4535590.6, 3348568.6 ], [ 4535598.2, 3348551.5 ], [ 4535612.5, 3348540.0 ], [ 4535657.4, 3348536.6 ], [ 4535692.1, 3348555.7 ], [ 4535710.1, 3348552.2 ], [ 4535774.3, 3348473.2 ], [ 4535774.5, 3348454.7 ], [ 4535760.5, 3348442.5 ], [ 4535223.8, 3348294.7 ], [ 4534772.1, 3348133.8 ], [ 4534524.9, 3348031.3 ], [ 4534220.7, 3347982.0 ], [ 4533895.9, 3347908.8 ], [ 4533688.3, 3347903.2 ], [ 4532636.8, 3347917.4 ], [ 4532388.1, 3348070.0 ], [ 4532365.8, 3348095.2 ], [ 4532250.1, 3348179.0 ], [ 4532213.5, 3348149.7 ], [ 4532193.3, 3348105.3 ], [ 4532424.1, 3347959.4 ], [ 4532433.6, 3347944.1 ], [ 4532425.7, 3347924.2 ], [ 4532312.1, 3347912.8 ], [ 4532239.7, 3347889.0 ], [ 4531541.1, 3347564.5 ], [ 4531439.9, 3347538.5 ], [ 4531421.5, 3347558.2 ], [ 4531416.8, 3347611.3 ], [ 4531423.6, 3347670.0 ], [ 4531440.0, 3347683.3 ], [ 4531492.6, 3347684.3 ], [ 4531511.3, 3347710.0 ], [ 4531529.5, 3347719.8 ], [ 4531538.7, 3347769.9 ], [ 4531508.9, 3347763.1 ], [ 4531452.6, 3347726.1 ], [ 4531428.9, 3347730.9 ], [ 4531422.4, 3347747.4 ], [ 4531427.0, 3347913.8 ], [ 4531390.0, 3347917.7 ], [ 4531383.5, 3347944.6 ], [ 4531420.0, 3347962.9 ], [ 4531450.6, 3347998.4 ], [ 4531490.0, 3348022.1 ], [ 4531496.7, 3348038.9 ], [ 4531531.3, 3348062.6 ], [ 4531590.5, 3348081.3 ], [ 4531676.1, 3348078.7 ], [ 4531721.3, 3348093.7 ], [ 4531733.1, 3348112.9 ], [ 4531736.9, 3348157.2 ], [ 4531770.5, 3348223.4 ], [ 4531757.0, 3348229.8 ], [ 4531634.9, 3348209.8 ], [ 4531590.3, 3348194.5 ], [ 4531560.1, 3348195.6 ], [ 4531534.1, 3348215.3 ], [ 4531514.7, 3348253.8 ], [ 4531501.7, 3348316.5 ], [ 4531449.4, 3348322.6 ], [ 4531418.8, 3348338.4 ], [ 4531338.5, 3348409.7 ], [ 4531345.1, 3348447.9 ], [ 4531417.6, 3348539.5 ], [ 4531466.4, 3348711.9 ], [ 4531571.6, 3348813.6 ], [ 4531618.4, 3348878.1 ], [ 4531594.3, 3348889.4 ], [ 4531527.7, 3348809.7 ], [ 4531442.0, 3348796.6 ], [ 4531396.7, 3348770.3 ], [ 4531286.2, 3348618.4 ], [ 4531248.0, 3348555.8 ], [ 4531271.9, 3348439.1 ], [ 4531227.1, 3348354.1 ], [ 4531196.0, 3348329.1 ], [ 4531166.8, 3348325.7 ], [ 4531138.5, 3348337.5 ], [ 4531050.1, 3348283.2 ], [ 4531043.5, 3348271.9 ], [ 4531039.8, 3348253.8 ], [ 4531051.8, 3348184.5 ], [ 4531035.2, 3348125.3 ], [ 4531044.2, 3348099.3 ], [ 4531037.4, 3348034.8 ], [ 4531004.8, 3347967.4 ], [ 4530973.2, 3347798.7 ], [ 4530946.2, 3347794.8 ], [ 4530871.6, 3347850.9 ], [ 4530782.3, 3347857.8 ], [ 4530684.5, 3347786.9 ], [ 4530689.3, 3347770.5 ], [ 4530680.9, 3347755.7 ], [ 4530656.7, 3347745.2 ], [ 4530640.3, 3347752.6 ], [ 4530090.2, 3349063.9 ], [ 4530093.3, 3349081.2 ], [ 4530108.2, 3349090.7 ], [ 4530217.3, 3349089.1 ], [ 4530228.3, 3349273.3 ], [ 4530140.4, 3349279.5 ], [ 4530127.8, 3349144.9 ], [ 4530088.2, 3349121.8 ], [ 4530064.4, 3349127.7 ], [ 4529569.0, 3350312.2 ], [ 4529574.4, 3350332.4 ], [ 4529597.8, 3350338.0 ], [ 4529663.4, 3350276.4 ], [ 4529701.6, 3350253.9 ], [ 4529762.3, 3350252.0 ], [ 4529811.6, 3350327.2 ], [ 4529802.2, 3350354.7 ], [ 4529826.5, 3350376.6 ], [ 4529857.9, 3350447.1 ], [ 4529870.3, 3350493.4 ], [ 4529856.1, 3350548.5 ], [ 4529816.5, 3350611.8 ], [ 4529788.3, 3350623.8 ], [ 4529726.7, 3350621.3 ], [ 4529645.4, 3350578.1 ], [ 4529664.9, 3350538.2 ], [ 4529663.9, 3350466.1 ], [ 4529654.5, 3350451.5 ], [ 4529636.2, 3350441.8 ], [ 4529560.7, 3350442.4 ], [ 4529505.2, 3350468.1 ], [ 4528682.2, 3352428.9 ], [ 4528635.9, 3352543.7 ], [ 4528637.0, 3352562.4 ], [ 4528619.3, 3352585.5 ], [ 4528615.2, 3352615.0 ], [ 4528623.3, 3352631.5 ], [ 4528637.3, 3352636.4 ], [ 4528674.5, 3352626.8 ], [ 4528679.1, 3352605.9 ], [ 4528663.1, 3352572.8 ], [ 4528767.5, 3352506.4 ], [ 4528788.3, 3352452.6 ], [ 4528808.9, 3352447.5 ], [ 4528831.8, 3352427.6 ], [ 4528880.7, 3352469.3 ], [ 4528901.4, 3352528.1 ], [ 4528918.5, 3352534.2 ], [ 4528935.8, 3352527.4 ], [ 4528956.7, 3352501.1 ], [ 4528958.4, 3352487.4 ], [ 4528925.9, 3352431.3 ], [ 4528909.9, 3352368.5 ], [ 4528930.0, 3352308.0 ], [ 4528961.2, 3352285.6 ], [ 4529053.0, 3352254.6 ], [ 4529306.1, 3352216.4 ], [ 4529432.9, 3352161.8 ], [ 4529496.3, 3352152.5 ], [ 4529535.0, 3352133.1 ], [ 4529557.8, 3352103.1 ], [ 4529568.4, 3352036.7 ], [ 4529608.3, 3351956.1 ], [ 4529676.3, 3351927.3 ], [ 4529701.3, 3351887.1 ], [ 4529811.6, 3351817.1 ], [ 4529957.2, 3351678.4 ], [ 4529989.4, 3351638.5 ], [ 4530022.3, 3351572.0 ], [ 4530101.2, 3351462.2 ], [ 4530131.2, 3351407.8 ], [ 4530158.8, 3351310.8 ], [ 4530081.9, 3351155.1 ], [ 4530077.5, 3351127.9 ], [ 4530080.5, 3351066.5 ], [ 4530105.9, 3351025.8 ], [ 4530126.7, 3350867.2 ], [ 4530078.1, 3350788.9 ], [ 4530080.1, 3350750.1 ], [ 4530097.5, 3350716.1 ], [ 4530116.4, 3350691.0 ], [ 4530139.5, 3350677.1 ], [ 4530190.7, 3350601.5 ], [ 4530204.4, 3350589.6 ], [ 4530219.0, 3350597.2 ], [ 4530235.7, 3350592.9 ], [ 4530270.0, 3350544.3 ], [ 4530270.5, 3350520.4 ], [ 4530239.6, 3350507.1 ], [ 4530241.7, 3350494.4 ], [ 4530269.2, 3350418.1 ], [ 4530306.3, 3350377.2 ], [ 4530391.0, 3350359.8 ], [ 4530453.0, 3350330.8 ], [ 4530532.1, 3350324.6 ], [ 4530635.2, 3350439.5 ], [ 4530683.7, 3350446.0 ], [ 4530850.8, 3350379.0 ], [ 4531165.7, 3350375.4 ], [ 4531239.6, 3350357.3 ], [ 4531352.4, 3350282.5 ], [ 4531383.0, 3350249.3 ], [ 4531446.3, 3350091.8 ], [ 4531493.7, 3349912.7 ], [ 4531529.7, 3349860.1 ], [ 4531577.7, 3349748.1 ], [ 4531633.4, 3349697.4 ], [ 4531665.0, 3349682.6 ], [ 4531742.0, 3349745.8 ], [ 4531962.2, 3349764.5 ], [ 4532036.7, 3349749.5 ], [ 4532036.9, 3349721.8 ], [ 4531974.7, 3349662.1 ], [ 4531911.4, 3349478.1 ], [ 4531928.7, 3349383.0 ], [ 4531924.0, 3349335.9 ], [ 4531903.6, 3349297.9 ], [ 4531880.5, 3349293.0 ], [ 4531833.6, 3349326.7 ], [ 4531805.8, 3349357.8 ], [ 4531782.1, 3349438.8 ], [ 4531770.5, 3349450.4 ], [ 4531721.7, 3349463.4 ], [ 4531726.6, 3349419.0 ], [ 4531720.2, 3349375.7 ], [ 4531811.1, 3349329.1 ], [ 4531857.6, 3349268.5 ], [ 4531861.0, 3349231.4 ], [ 4531845.9, 3349189.6 ], [ 4531892.6, 3349183.3 ], [ 4531983.4, 3349091.4 ], [ 4532007.3, 3349086.5 ], [ 4531968.3, 3349138.1 ], [ 4531965.1, 3349154.3 ], [ 4531974.7, 3349180.0 ], [ 4532002.5, 3349194.8 ], [ 4532136.3, 3349143.4 ], [ 4532167.1, 3349090.4 ], [ 4532185.5, 3349080.5 ], [ 4532239.1, 3349073.7 ], [ 4532242.9, 3349097.3 ], [ 4532274.2, 3349110.7 ], [ 4532309.6, 3349100.1 ], [ 4532302.3, 3349124.1 ], [ 4532307.8, 3349140.7 ], [ 4532352.4, 3349151.2 ], [ 4532390.7, 3349209.0 ], [ 4532476.2, 3349267.2 ], [ 4532496.3, 3349330.3 ], [ 4532489.0, 3349370.5 ], [ 4532497.9, 3349386.5 ], [ 4532582.5, 3349402.6 ], [ 4532755.0, 3349405.9 ], [ 4532792.2, 3349418.4 ], [ 4532822.9, 3349442.5 ], [ 4532850.8, 3349490.0 ], [ 4532876.5, 3349576.1 ], [ 4532882.8, 3349674.7 ], [ 4532875.6, 3349714.1 ], [ 4532857.4, 3349752.9 ], [ 4532775.4, 3349871.8 ], [ 4532736.3, 3349906.0 ], [ 4532598.4, 3349971.3 ], [ 4532567.1, 3349971.0 ], [ 4532553.5, 3349982.4 ], [ 4532550.2, 3350071.1 ], [ 4532534.5, 3350111.8 ], [ 4532544.8, 3350127.7 ], [ 4532567.8, 3350133.3 ], [ 4532585.6, 3350149.7 ], [ 4532598.0, 3350199.7 ], [ 4532573.4, 3350211.9 ], [ 4532565.5, 3350224.5 ], [ 4532564.1, 3350268.0 ], [ 4532581.8, 3350284.7 ], [ 4532555.5, 3350345.7 ], [ 4532510.9, 3350321.0 ], [ 4532514.2, 3350298.3 ], [ 4532496.7, 3350276.1 ], [ 4532460.1, 3350261.2 ], [ 4532385.2, 3350252.2 ], [ 4532330.1, 3350257.0 ], [ 4532283.3, 3350279.7 ], [ 4532249.6, 3350307.7 ], [ 4532215.7, 3350319.3 ], [ 4532161.9, 3350308.7 ], [ 4532099.4, 3350311.6 ], [ 4531985.7, 3350298.6 ], [ 4531928.3, 3350269.3 ], [ 4531852.9, 3350251.0 ], [ 4531821.2, 3350207.8 ], [ 4531798.3, 3350203.3 ], [ 4531762.8, 3350245.0 ], [ 4531776.5, 3350291.0 ], [ 4531742.9, 3350368.2 ], [ 4531699.9, 3350403.6 ], [ 4531698.3, 3350447.6 ], [ 4531661.8, 3350511.6 ], [ 4531620.2, 3350544.6 ], [ 4531600.0, 3350553.6 ], [ 4531484.2, 3350570.0 ], [ 4531336.8, 3350648.4 ], [ 4531181.7, 3350696.0 ], [ 4531152.9, 3350711.1 ], [ 4530995.2, 3350836.1 ], [ 4530909.7, 3350866.9 ], [ 4530771.4, 3350949.8 ], [ 4530630.6, 3350975.2 ], [ 4530544.0, 3351002.6 ], [ 4530436.4, 3351016.8 ], [ 4530362.5, 3350997.0 ], [ 4530345.6, 3351000.4 ], [ 4530308.3, 3351038.7 ], [ 4530300.4, 3351214.5 ], [ 4530344.7, 3351316.2 ], [ 4530249.8, 3351331.6 ], [ 4530237.7, 3351339.4 ], [ 4530198.3, 3351532.4 ], [ 4530148.7, 3351640.1 ], [ 4530047.1, 3351790.1 ], [ 4529867.9, 3351924.6 ], [ 4529844.2, 3352010.0 ], [ 4529845.0, 3352044.6 ], [ 4529854.5, 3352090.4 ], [ 4529879.0, 3352135.6 ], [ 4529891.0, 3352146.0 ], [ 4529908.9, 3352144.9 ], [ 4529995.4, 3352179.0 ], [ 4530025.9, 3352197.6 ], [ 4529987.9, 3352565.3 ], [ 4529932.7, 3352692.1 ], [ 4529949.0, 3352749.0 ], [ 4529964.1, 3352854.8 ], [ 4529947.6, 3352917.7 ], [ 4529955.2, 3352999.2 ], [ 4529937.2, 3353058.5 ], [ 4529953.5, 3353075.1 ], [ 4530118.1, 3353114.4 ], [ 4530192.0, 3353326.3 ], [ 4530196.4, 3353369.2 ], [ 4530156.7, 3353429.4 ], [ 4530153.9, 3353451.7 ], [ 4530203.6, 3353514.1 ], [ 4530206.0, 3353535.6 ], [ 4530186.8, 3353553.7 ], [ 4530170.9, 3353552.1 ], [ 4530113.7, 3353518.7 ], [ 4530096.1, 3353519.5 ], [ 4530084.1, 3353536.5 ], [ 4530086.5, 3353602.2 ], [ 4529979.4, 3353585.4 ], [ 4529963.1, 3353591.5 ], [ 4529956.8, 3353611.2 ], [ 4529972.0, 3353655.2 ], [ 4529991.4, 3353694.0 ], [ 4530030.8, 3353727.2 ], [ 4530038.3, 3353793.7 ], [ 4530072.7, 3353822.7 ], [ 4530080.5, 3353856.0 ], [ 4530232.3, 3353906.5 ], [ 4530354.1, 3353979.1 ], [ 4530371.7, 3353981.6 ], [ 4530386.8, 3353966.9 ], [ 4530382.9, 3353926.0 ], [ 4530419.8, 3353842.2 ], [ 4530416.8, 3353746.2 ], [ 4530429.5, 3353699.4 ], [ 4530428.3, 3353675.2 ], [ 4530409.6, 3353634.4 ], [ 4530418.7, 3353539.9 ], [ 4530442.1, 3353475.4 ], [ 4530498.7, 3353390.0 ], [ 4530540.1, 3353368.8 ], [ 4530554.8, 3353372.8 ], [ 4530594.0, 3353418.6 ], [ 4530617.0, 3353411.5 ], [ 4530697.0, 3353423.1 ], [ 4530760.5, 3353397.8 ], [ 4530773.4, 3353400.1 ], [ 4530787.7, 3353421.8 ], [ 4530687.1, 3353550.9 ], [ 4530631.5, 3353505.8 ], [ 4530611.0, 3353504.1 ], [ 4530600.5, 3353513.5 ], [ 4530565.6, 3353598.7 ], [ 4530572.7, 3353627.2 ], [ 4530627.1, 3353734.7 ], [ 4530684.6, 3353750.1 ], [ 4530739.4, 3353804.3 ], [ 4530781.3, 3353789.4 ], [ 4530805.8, 3353794.6 ], [ 4530818.2, 3353812.9 ], [ 4530827.0, 3353857.7 ], [ 4530821.6, 3353932.7 ], [ 4530787.5, 3353990.3 ], [ 4530764.6, 3354004.2 ], [ 4530710.6, 3354003.3 ], [ 4530606.1, 3353976.4 ], [ 4530441.4, 3354002.3 ], [ 4530424.6, 3354024.1 ], [ 4530432.3, 3354040.4 ], [ 4530536.4, 3354120.6 ], [ 4530723.0, 3354234.1 ], [ 4530876.6, 3354277.3 ], [ 4530997.7, 3354289.3 ], [ 4531074.3, 3354188.2 ], [ 4531208.3, 3354043.1 ], [ 4531204.7, 3354017.0 ], [ 4531131.1, 3353963.0 ], [ 4531223.0, 3353806.6 ], [ 4531247.8, 3353716.4 ], [ 4531223.9, 3353678.9 ], [ 4531197.0, 3353670.7 ], [ 4531201.8, 3353654.8 ], [ 4531193.7, 3353639.4 ], [ 4531151.3, 3353625.8 ], [ 4531171.3, 3353411.6 ], [ 4531231.8, 3353427.6 ], [ 4531214.2, 3353620.4 ], [ 4531231.4, 3353641.0 ], [ 4531287.4, 3353639.2 ], [ 4531295.7, 3353626.9 ], [ 4531300.9, 3353562.6 ], [ 4531348.9, 3353565.9 ], [ 4531367.7, 3353551.1 ], [ 4531372.6, 3353499.8 ], [ 4531303.5, 3353319.3 ], [ 4531351.2, 3353252.3 ], [ 4531359.9, 3353278.1 ], [ 4531327.1, 3353342.4 ], [ 4531402.3, 3353542.6 ], [ 4531424.9, 3353550.0 ], [ 4531528.4, 3353523.3 ], [ 4531544.1, 3353508.0 ], [ 4531502.2, 3353332.6 ], [ 4531405.2, 3353274.2 ], [ 4531384.1, 3353209.4 ], [ 4531494.9, 3353277.1 ], [ 4531511.7, 3353274.5 ], [ 4531533.3, 3353257.0 ], [ 4531575.5, 3353285.5 ], [ 4531631.7, 3353306.5 ], [ 4531710.6, 3353292.7 ], [ 4531723.5, 3353297.2 ], [ 4531761.6, 3353334.6 ], [ 4531766.5, 3353387.7 ], [ 4531783.6, 3353403.9 ], [ 4531836.1, 3353389.9 ], [ 4531929.8, 3353316.5 ], [ 4531927.2, 3353295.2 ], [ 4531820.3, 3353165.4 ], [ 4531899.6, 3353078.9 ], [ 4531955.6, 3353047.7 ], [ 4531970.9, 3353012.4 ], [ 4531967.4, 3352995.0 ], [ 4531941.5, 3352987.1 ], [ 4531883.2, 3353024.5 ], [ 4531816.3, 3353019.4 ], [ 4531811.9, 3352994.6 ], [ 4531748.8, 3352859.8 ], [ 4531724.9, 3352773.5 ], [ 4531726.8, 3352718.6 ], [ 4531712.4, 3352695.4 ], [ 4531681.8, 3352694.9 ], [ 4531636.3, 3352743.0 ], [ 4531530.9, 3352756.6 ], [ 4531529.0, 3352731.8 ], [ 4531611.3, 3352676.9 ], [ 4531615.8, 3352662.9 ], [ 4531608.9, 3352641.3 ], [ 4531769.8, 3352442.4 ], [ 4531771.4, 3352424.4 ], [ 4531751.2, 3352398.8 ], [ 4531726.2, 3352398.4 ], [ 4531514.9, 3352504.5 ], [ 4531470.9, 3352585.6 ], [ 4531447.5, 3352591.4 ], [ 4531438.2, 3352601.8 ], [ 4531423.4, 3352703.2 ], [ 4531398.9, 3352745.8 ], [ 4531364.9, 3352738.5 ], [ 4531344.8, 3352684.8 ], [ 4531327.7, 3352680.5 ], [ 4531315.1, 3352687.3 ], [ 4531268.0, 3352739.4 ], [ 4531262.9, 3352770.7 ], [ 4531273.0, 3352785.1 ], [ 4531348.6, 3352830.9 ], [ 4531262.9, 3352906.4 ], [ 4531215.2, 3352883.3 ], [ 4531163.5, 3352814.9 ], [ 4531168.9, 3352781.8 ], [ 4531245.3, 3352707.3 ], [ 4531294.5, 3352626.9 ], [ 4531286.9, 3352597.6 ], [ 4531257.8, 3352565.7 ], [ 4531192.6, 3352391.6 ], [ 4531198.0, 3352314.3 ], [ 4531255.3, 3352305.4 ], [ 4531306.9, 3352286.4 ], [ 4531323.7, 3352262.1 ], [ 4531415.8, 3352244.1 ], [ 4531451.7, 3352171.7 ], [ 4531526.6, 3352097.1 ], [ 4531542.0, 3352048.6 ], [ 4531533.7, 3351994.9 ], [ 4531556.8, 3351977.1 ], [ 4531579.7, 3351942.3 ], [ 4531605.6, 3351879.6 ], [ 4531576.1, 3351786.9 ], [ 4531540.8, 3351737.0 ], [ 4531542.8, 3351709.0 ], [ 4531600.1, 3351635.9 ], [ 4531671.6, 3351600.2 ], [ 4531713.7, 3351640.2 ], [ 4531754.5, 3351659.6 ], [ 4531846.7, 3351647.3 ], [ 4531863.2, 3351633.7 ], [ 4531856.6, 3351606.0 ], [ 4531786.0, 3351572.6 ], [ 4531776.0, 3351528.8 ], [ 4531759.3, 3351507.9 ], [ 4531721.7, 3351500.0 ], [ 4531676.2, 3351507.4 ], [ 4531653.1, 3351495.6 ], [ 4531625.7, 3351494.3 ], [ 4531607.3, 3351446.5 ], [ 4531645.8, 3351407.4 ], [ 4531709.2, 3351386.9 ], [ 4531726.3, 3351279.7 ], [ 4531772.0, 3351270.0 ], [ 4531850.8, 3351342.8 ], [ 4531891.7, 3351394.7 ], [ 4531909.8, 3351397.5 ], [ 4531923.7, 3351385.6 ], [ 4531933.6, 3351317.5 ], [ 4531976.2, 3351248.7 ], [ 4531988.9, 3351208.4 ], [ 4531963.5, 3351135.4 ], [ 4531965.3, 3351087.1 ], [ 4531913.7, 3350941.0 ], [ 4531891.4, 3350935.2 ], [ 4531835.1, 3350961.1 ], [ 4531808.5, 3350955.4 ], [ 4531789.3, 3350927.5 ], [ 4531822.2, 3350869.7 ], [ 4531955.7, 3350794.7 ], [ 4531980.7, 3350792.1 ], [ 4531926.5, 3350836.3 ], [ 4531915.2, 3350863.6 ], [ 4531929.5, 3350923.9 ], [ 4531960.4, 3350976.0 ], [ 4532021.0, 3351044.1 ], [ 4532027.1, 3351064.1 ], [ 4532052.8, 3351071.0 ], [ 4532068.8, 3351098.8 ], [ 4532130.4, 3351088.7 ], [ 4532240.5, 3351093.2 ], [ 4532269.6, 3351242.9 ], [ 4532300.5, 3351277.0 ], [ 4532325.5, 3351462.0 ], [ 4532298.7, 3351521.0 ], [ 4532253.8, 3351519.1 ], [ 4532194.5, 3351547.4 ], [ 4532188.9, 3351567.9 ], [ 4532199.9, 3351582.1 ], [ 4532275.5, 3351573.1 ], [ 4532292.0, 3351579.9 ], [ 4532357.4, 3351575.8 ], [ 4532401.1, 3351493.5 ], [ 4532440.3, 3351509.5 ], [ 4532454.5, 3351508.0 ], [ 4532499.9, 3351439.4 ], [ 4532491.5, 3351416.8 ], [ 4532377.8, 3351358.6 ], [ 4532363.6, 3351180.6 ], [ 4532347.6, 3351097.7 ], [ 4532335.8, 3351084.0 ], [ 4532295.6, 3351069.3 ], [ 4532305.4, 3351037.5 ], [ 4532429.5, 3351090.2 ], [ 4532509.5, 3351148.9 ], [ 4532600.9, 3351180.9 ], [ 4532623.2, 3351176.1 ], [ 4532657.2, 3351132.9 ], [ 4532713.2, 3351179.5 ], [ 4532730.5, 3351184.3 ], [ 4532745.7, 3351174.6 ], [ 4532900.8, 3350911.6 ], [ 4532932.2, 3350932.6 ], [ 4532760.2, 3351209.7 ], [ 4532768.1, 3351225.0 ], [ 4533008.1, 3351423.6 ], [ 4532935.2, 3351511.0 ], [ 4532937.9, 3351540.5 ], [ 4532980.8, 3351625.4 ], [ 4533000.0, 3351646.7 ], [ 4532928.9, 3351757.8 ], [ 4532934.8, 3351783.9 ], [ 4532991.4, 3351790.4 ], [ 4533078.2, 3351772.5 ], [ 4533160.7, 3351747.7 ], [ 4533249.0, 3351691.9 ], [ 4533306.6, 3351686.9 ], [ 4533415.3, 3351707.4 ], [ 4533432.1, 3351699.5 ], [ 4533437.3, 3351685.5 ], [ 4533517.9, 3351671.0 ], [ 4533586.7, 3351689.3 ], [ 4533634.4, 3351683.8 ], [ 4533783.3, 3351795.6 ], [ 4533838.3, 3351791.8 ], [ 4533867.1, 3351807.4 ], [ 4533884.5, 3351853.4 ], [ 4533856.8, 3351876.5 ], [ 4533819.6, 3351883.8 ], [ 4533798.8, 3351904.1 ], [ 4533713.4, 3351873.3 ], [ 4533715.2, 3351850.4 ], [ 4533689.8, 3351819.2 ], [ 4533599.7, 3351781.9 ], [ 4533572.9, 3351762.1 ], [ 4533558.8, 3351739.0 ], [ 4533504.1, 3351727.0 ], [ 4533457.5, 3351699.6 ], [ 4533436.7, 3351706.3 ], [ 4533431.9, 3351727.6 ], [ 4533536.9, 3352038.1 ], [ 4533510.1, 3352053.5 ], [ 4533236.3, 3352130.5 ], [ 4533229.6, 3352149.6 ], [ 4533258.9, 3352354.6 ], [ 4533070.5, 3352385.2 ], [ 4533055.9, 3352399.4 ], [ 4533075.5, 3352469.4 ], [ 4533088.2, 3352479.9 ], [ 4533106.6, 3352481.0 ], [ 4533097.6, 3352657.1 ], [ 4533028.2, 3352670.1 ], [ 4532954.1, 3352643.6 ], [ 4532918.5, 3352667.9 ], [ 4532875.3, 3352675.8 ], [ 4532840.3, 3352740.0 ], [ 4532811.4, 3352830.4 ], [ 4532821.8, 3352870.3 ], [ 4532889.5, 3352908.2 ], [ 4532907.6, 3352909.6 ], [ 4532922.5, 3352896.6 ], [ 4533018.9, 3352933.5 ], [ 4533044.6, 3352953.3 ], [ 4533006.2, 3353015.4 ], [ 4533011.5, 3353032.1 ], [ 4533039.4, 3353055.4 ], [ 4532907.5, 3353204.8 ], [ 4532902.8, 3353225.1 ], [ 4532913.8, 3353238.8 ], [ 4533028.9, 3353298.9 ], [ 4532999.1, 3353334.9 ], [ 4533016.3, 3353364.1 ], [ 4533011.7, 3353404.6 ], [ 4533019.3, 3353459.9 ], [ 4532981.0, 3353461.7 ], [ 4532971.8, 3353477.1 ], [ 4532975.2, 3353495.0 ], [ 4532990.8, 3353505.0 ], [ 4533044.5, 3353503.3 ], [ 4533125.6, 3353542.8 ], [ 4533133.6, 3353610.4 ], [ 4533181.0, 3353655.7 ], [ 4532974.0, 3353688.5 ], [ 4532960.9, 3353700.9 ], [ 4532961.5, 3353718.9 ], [ 4533031.1, 3353763.3 ], [ 4533047.8, 3353758.3 ], [ 4533060.2, 3353740.4 ], [ 4533141.1, 3353729.2 ], [ 4533158.8, 3353734.1 ], [ 4533185.7, 3353755.0 ], [ 4533192.0, 3353787.4 ], [ 4533231.5, 3353837.9 ], [ 4533267.5, 3353857.4 ], [ 4533281.1, 3353853.7 ], [ 4533290.5, 3353839.1 ], [ 4533518.3, 3353662.0 ], [ 4533537.1, 3353667.0 ], [ 4533667.8, 3353632.4 ], [ 4533692.8, 3353730.3 ], [ 4533703.1, 3353741.1 ], [ 4533717.9, 3353742.8 ], [ 4533734.3, 3353728.6 ], [ 4533737.7, 3353682.6 ], [ 4533768.0, 3353646.6 ], [ 4533767.9, 3353607.1 ], [ 4534061.3, 3353529.8 ], [ 4534077.8, 3353519.7 ], [ 4534091.6, 3353490.3 ], [ 4534065.3, 3353465.3 ], [ 4534097.1, 3353406.9 ], [ 4534092.8, 3353385.2 ], [ 4534138.5, 3353291.6 ], [ 4534389.5, 3353312.6 ], [ 4534404.8, 3353299.3 ], [ 4534419.9, 3353233.8 ], [ 4534470.5, 3353238.2 ], [ 4534458.1, 3353301.1 ], [ 4534439.7, 3353318.4 ], [ 4534439.3, 3353335.9 ], [ 4534457.0, 3353349.6 ], [ 4534515.0, 3353351.5 ], [ 4534618.7, 3353319.8 ], [ 4534630.4, 3353275.1 ], [ 4534734.8, 3353242.7 ], [ 4534874.6, 3353221.2 ], [ 4534944.4, 3353238.8 ], [ 4535004.2, 3353276.0 ], [ 4535074.5, 3353271.4 ], [ 4535134.2, 3353253.3 ], [ 4535152.5, 3353237.8 ], [ 4535169.1, 3353205.7 ], [ 4535184.7, 3353041.4 ], [ 4535340.8, 3353076.1 ], [ 4535270.6, 3353273.1 ], [ 4535276.1, 3353334.8 ], [ 4535291.8, 3353349.0 ], [ 4536246.3, 3353293.8 ], [ 4536264.1, 3353277.3 ], [ 4536665.6, 3352681.0 ], [ 4536730.9, 3352637.6 ], [ 4537144.3, 3352367.5 ], [ 4537426.2, 3352496.6 ], [ 4537456.5, 3352496.1 ], [ 4537462.6, 3352469.8 ], [ 4537415.8, 3352435.5 ], [ 4537401.8, 3352408.3 ], [ 4537396.8, 3352376.4 ], [ 4537408.4, 3352347.1 ], [ 4537468.8, 3352277.8 ], [ 4537478.7, 3352244.0 ], [ 4537475.1, 3352205.2 ], [ 4537482.9, 3352176.7 ], [ 4537513.0, 3352166.1 ], [ 4537517.0, 3352142.7 ], [ 4537504.0, 3352127.4 ], [ 4537466.9, 3352108.0 ], [ 4537460.3, 3352027.0 ], [ 4537468.0, 3352003.2 ], [ 4537447.9, 3351946.1 ], [ 4537414.7, 3351916.0 ], [ 4537383.7, 3351922.7 ], [ 4537354.9, 3351911.1 ], [ 4537318.7, 3351855.8 ], [ 4537317.7, 3351779.9 ], [ 4537275.5, 3351702.5 ], [ 4537247.9, 3351695.7 ], [ 4537222.9, 3351664.1 ], [ 4537209.7, 3351626.1 ], [ 4537206.2, 3351573.1 ], [ 4537157.5, 3351495.1 ], [ 4537124.4, 3351407.9 ], [ 4537127.4, 3351361.0 ], [ 4537141.3, 3351342.7 ], [ 4537185.1, 3351321.8 ], [ 4537202.2, 3351288.2 ], [ 4537264.7, 3351217.1 ], [ 4537259.9, 3351168.1 ], [ 4537248.0, 3351153.5 ], [ 4537201.2, 3351130.7 ], [ 4537144.6, 3351062.1 ], [ 4537127.7, 3351024.0 ], [ 4537126.2, 3350976.5 ], [ 4537114.9, 3350948.6 ], [ 4537008.3, 3350877.2 ], [ 4536910.8, 3350729.2 ], [ 4536898.1, 3350703.1 ], [ 4536898.9, 3350636.0 ], [ 4536841.1, 3350569.8 ], [ 4536825.4, 3350506.4 ], [ 4536776.8, 3350412.5 ], [ 4536765.6, 3350298.0 ], [ 4536756.1, 3350282.3 ], [ 4536714.5, 3350250.6 ], [ 4536692.3, 3350212.6 ], [ 4536676.4, 3350133.0 ], [ 4536701.1, 3350080.9 ], [ 4536727.4, 3350066.9 ], [ 4536759.8, 3350064.7 ], [ 4536881.4, 3350081.8 ], [ 4536907.5, 3350100.8 ], [ 4536951.8, 3350156.7 ], [ 4537050.7, 3350225.5 ], [ 4537064.7, 3350253.2 ], [ 4537115.5, 3350485.0 ], [ 4537129.6, 3350498.5 ], [ 4537123.8, 3350523.1 ], [ 4537138.8, 3350665.4 ], [ 4537155.2, 3350704.6 ], [ 4537176.1, 3350725.1 ], [ 4537212.7, 3350738.6 ], [ 4537364.3, 3350832.8 ], [ 4537373.8, 3350857.0 ], [ 4537390.7, 3351027.2 ], [ 4537438.6, 3351141.6 ], [ 4537488.1, 3351231.8 ], [ 4537498.2, 3351269.5 ], [ 4537483.7, 3351305.9 ], [ 4537378.5, 3351397.8 ], [ 4537308.6, 3351525.1 ], [ 4537308.2, 3351551.0 ], [ 4537333.1, 3351569.6 ], [ 4537365.6, 3351566.5 ], [ 4537390.2, 3351573.3 ], [ 4537486.5, 3351639.2 ], [ 4537641.4, 3351587.7 ], [ 4537696.9, 3351625.1 ], [ 4537730.3, 3351678.1 ], [ 4537638.9, 3351726.2 ], [ 4537630.2, 3351737.7 ], [ 4537632.0, 3351755.5 ], [ 4537788.1, 3352027.2 ], [ 4537829.3, 3352130.5 ], [ 4537853.3, 3352137.0 ], [ 4537926.1, 3352097.2 ], [ 4537991.1, 3352226.7 ], [ 4537953.8, 3352262.8 ], [ 4537952.1, 3352286.6 ], [ 4537794.8, 3352380.2 ], [ 4537791.4, 3352645.3 ], [ 4537720.1, 3352649.0 ], [ 4537649.6, 3352624.6 ], [ 4537600.7, 3352651.1 ], [ 4537568.9, 3352596.7 ], [ 4537546.6, 3352589.3 ], [ 4537521.7, 3352609.4 ], [ 4537520.2, 3352656.6 ], [ 4537509.5, 3352674.6 ], [ 4537439.1, 3352714.0 ], [ 4537397.5, 3352757.5 ], [ 4537370.1, 3352754.4 ], [ 4537294.5, 3352672.6 ], [ 4537276.8, 3352630.6 ], [ 4537282.0, 3352605.3 ], [ 4537293.7, 3352585.3 ], [ 4537333.8, 3352585.4 ], [ 4537355.4, 3352573.5 ], [ 4537380.1, 3352570.3 ], [ 4537422.1, 3352579.8 ], [ 4537459.9, 3352540.5 ], [ 4537457.5, 3352515.9 ], [ 4537156.1, 3352378.3 ], [ 4537134.5, 3352379.7 ], [ 4536668.6, 3352685.7 ], [ 4536271.6, 3353284.1 ], [ 4536396.6, 3353423.3 ], [ 4536392.7, 3353444.4 ], [ 4536408.3, 3353475.6 ], [ 4536401.1, 3353517.1 ], [ 4536425.3, 3353544.5 ], [ 4536403.1, 3353617.3 ], [ 4536366.8, 3353651.0 ], [ 4536354.6, 3353688.2 ], [ 4536369.9, 3353748.3 ], [ 4536378.4, 3353856.7 ], [ 4536411.4, 3353881.3 ], [ 4536454.8, 3353947.3 ], [ 4536501.8, 3353956.8 ], [ 4536525.3, 3353940.8 ], [ 4536532.9, 3353924.3 ], [ 4536533.7, 3353862.8 ], [ 4536557.4, 3353801.0 ], [ 4536566.7, 3353796.7 ], [ 4536577.3, 3353798.2 ], [ 4536584.1, 3353817.6 ], [ 4536597.8, 3353826.9 ], [ 4536855.3, 3353868.6 ], [ 4537054.6, 3353952.3 ], [ 4537146.7, 3354011.4 ], [ 4537255.6, 3354113.0 ], [ 4537266.1, 3354239.0 ], [ 4537300.3, 3354311.1 ], [ 4537305.0, 3354422.6 ], [ 4537324.1, 3354474.8 ], [ 4537338.8, 3354485.4 ], [ 4537353.4, 3354483.3 ], [ 4537364.6, 3354469.0 ], [ 4537370.1, 3354389.0 ], [ 4537398.7, 3354335.3 ], [ 4537416.2, 3354236.9 ], [ 4537460.0, 3354179.7 ], [ 4537493.9, 3354161.7 ], [ 4537584.9, 3354172.0 ], [ 4537601.2, 3354180.6 ], [ 4537601.2, 3354250.5 ], [ 4537621.1, 3354329.4 ], [ 4537629.8, 3354464.3 ], [ 4537657.5, 3354561.3 ], [ 4537689.5, 3354633.6 ], [ 4537732.9, 3354703.3 ], [ 4537789.8, 3354773.7 ], [ 4537997.6, 3354944.8 ], [ 4538052.4, 3355006.0 ], [ 4538069.4, 3355039.9 ], [ 4538080.5, 3355116.5 ], [ 4538073.0, 3355131.0 ], [ 4538064.5, 3355216.8 ], [ 4537985.9, 3355319.8 ], [ 4538016.6, 3355395.7 ], [ 4537983.7, 3355446.8 ], [ 4537907.4, 3355514.9 ], [ 4537868.7, 3355585.0 ], [ 4537846.5, 3355681.6 ], [ 4537813.5, 3355696.8 ], [ 4537755.4, 3355708.1 ], [ 4537693.7, 3355700.4 ], [ 4537654.2, 3355652.6 ], [ 4537633.0, 3355586.9 ], [ 4537632.5, 3355534.0 ], [ 4537645.8, 3355458.9 ], [ 4537633.0, 3355423.4 ], [ 4537268.5, 3355262.6 ], [ 4537175.6, 3355168.6 ], [ 4537107.4, 3355058.4 ], [ 4537052.4, 3355010.7 ], [ 4537019.9, 3354920.2 ], [ 4537012.7, 3354857.8 ], [ 4536989.8, 3354818.0 ], [ 4536858.5, 3354739.9 ], [ 4536788.2, 3354640.9 ], [ 4536753.2, 3354556.3 ], [ 4536729.1, 3354466.8 ], [ 4536678.9, 3354372.1 ], [ 4536504.3, 3354233.2 ], [ 4536437.6, 3354209.7 ], [ 4536363.7, 3354215.3 ], [ 4536344.2, 3354208.8 ], [ 4536290.1, 3354132.7 ], [ 4536261.2, 3354111.5 ], [ 4536179.2, 3354099.2 ], [ 4536164.0, 3354103.0 ], [ 4536062.0, 3354175.1 ], [ 4536041.6, 3354206.1 ], [ 4536024.9, 3354316.9 ], [ 4535952.7, 3354376.8 ], [ 4535951.6, 3354484.1 ], [ 4535940.4, 3354551.7 ], [ 4535978.7, 3354595.8 ], [ 4535966.2, 3354619.6 ], [ 4535971.9, 3354636.4 ], [ 4536042.1, 3354658.6 ], [ 4536059.4, 3354653.5 ], [ 4536353.0, 3354297.3 ], [ 4536588.1, 3354484.9 ], [ 4536338.7, 3354793.7 ], [ 4536290.1, 3354756.4 ], [ 4536276.2, 3354754.0 ], [ 4536246.9, 3354722.8 ], [ 4536232.3, 3354720.7 ], [ 4536217.7, 3354730.5 ], [ 4536212.6, 3354744.6 ], [ 4536217.7, 3354758.6 ], [ 4536259.4, 3354784.6 ], [ 4536216.9, 3354846.4 ], [ 4536213.7, 3354864.2 ], [ 4536252.5, 3354899.8 ], [ 4535782.5, 3355482.1 ], [ 4535213.2, 3355113.5 ], [ 4535131.2, 3355080.9 ], [ 4535114.3, 3355087.3 ], [ 4535096.7, 3355111.8 ], [ 4535006.2, 3355068.9 ], [ 4534939.8, 3355075.8 ], [ 4534875.0, 3355092.4 ], [ 4534864.6, 3355101.9 ], [ 4534860.1, 3355136.0 ], [ 4534834.9, 3355193.9 ], [ 4534850.7, 3355287.9 ], [ 4534849.3, 3355337.2 ], [ 4534835.4, 3355396.8 ], [ 4534817.8, 3355433.3 ], [ 4534809.7, 3355515.5 ], [ 4534799.8, 3355546.1 ], [ 4534731.0, 3355606.0 ], [ 4534691.6, 3355619.4 ], [ 4534568.8, 3355627.6 ], [ 4534536.6, 3355621.7 ], [ 4534516.1, 3355602.5 ], [ 4534503.0, 3355572.4 ], [ 4534490.3, 3355565.4 ], [ 4534404.4, 3355608.8 ], [ 4534346.2, 3355577.6 ], [ 4534135.2, 3355356.2 ], [ 4534118.7, 3355298.5 ], [ 4534163.1, 3355208.0 ], [ 4534306.5, 3355134.6 ], [ 4534381.2, 3355124.6 ], [ 4534422.1, 3355090.1 ], [ 4534420.6, 3354926.4 ], [ 4534442.9, 3354807.6 ], [ 4534476.3, 3354759.3 ], [ 4534473.9, 3354629.9 ], [ 4534495.8, 3354563.1 ], [ 4534478.3, 3354547.2 ], [ 4534402.6, 3354539.4 ], [ 4534411.2, 3354323.0 ], [ 4534404.6, 3354305.8 ], [ 4534148.5, 3354276.8 ], [ 4534044.9, 3354235.1 ], [ 4534051.2, 3354179.7 ], [ 4534034.1, 3354139.2 ], [ 4533990.0, 3354142.4 ], [ 4533855.9, 3354113.8 ], [ 4533878.7, 3354019.5 ], [ 4533872.6, 3354002.7 ], [ 4533859.7, 3353996.1 ], [ 4533837.8, 3354006.8 ], [ 4533707.2, 3354315.8 ], [ 4533673.0, 3354379.6 ], [ 4533304.4, 3354816.5 ], [ 4533248.6, 3354924.8 ], [ 4533171.2, 3355114.8 ], [ 4533161.2, 3355177.2 ], [ 4533194.5, 3355341.5 ], [ 4533238.5, 3355405.1 ], [ 4533276.9, 3355431.7 ], [ 4533295.0, 3355427.8 ], [ 4533303.5, 3355407.7 ], [ 4533275.2, 3355373.5 ], [ 4533260.3, 3355326.4 ], [ 4533266.1, 3355309.0 ], [ 4533284.0, 3355301.3 ], [ 4533344.9, 3355302.5 ], [ 4533422.8, 3355275.3 ], [ 4533503.1, 3355280.3 ], [ 4533576.0, 3355266.4 ], [ 4533694.3, 3355304.0 ], [ 4533755.1, 3355271.9 ], [ 4533806.7, 3355266.5 ], [ 4534058.4, 3355308.1 ], [ 4534080.7, 3355329.2 ], [ 4534092.4, 3355390.5 ], [ 4534075.4, 3355437.1 ], [ 4534037.7, 3355458.9 ], [ 4534028.0, 3355473.0 ], [ 4534023.2, 3355500.1 ], [ 4534045.7, 3355573.0 ], [ 4534059.3, 3355579.4 ], [ 4534162.9, 3355573.0 ], [ 4534229.5, 3355589.1 ], [ 4534292.3, 3355589.2 ], [ 4534309.1, 3355605.0 ], [ 4534325.0, 3355641.0 ], [ 4534368.9, 3355649.7 ], [ 4534378.8, 3355676.6 ], [ 4534372.3, 3355724.2 ], [ 4534315.6, 3355789.1 ], [ 4534181.8, 3355848.0 ], [ 4534073.4, 3355857.0 ], [ 4534035.7, 3355851.7 ], [ 4534001.3, 3355840.4 ], [ 4533964.6, 3355806.5 ], [ 4533921.9, 3355822.5 ], [ 4533899.9, 3355842.6 ], [ 4533804.6, 3355834.0 ], [ 4533718.6, 3355791.0 ], [ 4533685.2, 3355799.9 ], [ 4533675.1, 3355811.0 ], [ 4533680.6, 3355835.6 ], [ 4533763.0, 3355895.0 ], [ 4533790.9, 3355925.9 ], [ 4533929.1, 3355906.4 ], [ 4533975.0, 3355927.9 ], [ 4533958.7, 3355937.9 ], [ 4533954.2, 3355954.5 ], [ 4533996.9, 3356051.1 ], [ 4533882.7, 3356099.8 ], [ 4533870.1, 3356119.4 ], [ 4533895.1, 3356389.1 ], [ 4533911.4, 3356432.2 ], [ 4533947.2, 3356473.9 ], [ 4534011.0, 3356471.2 ], [ 4534049.6, 3356503.9 ], [ 4534139.9, 3356520.9 ], [ 4534182.6, 3356554.6 ], [ 4534420.2, 3356677.8 ], [ 4534448.5, 3356671.6 ], [ 4534475.7, 3356638.8 ], [ 4534566.3, 3356419.4 ], [ 4534633.4, 3356395.4 ], [ 4534670.5, 3356395.3 ], [ 4534708.6, 3356428.7 ], [ 4534750.7, 3356499.4 ], [ 4534764.2, 3356504.7 ], [ 4534780.9, 3356498.1 ], [ 4534810.0, 3356442.6 ], [ 4534809.0, 3356424.1 ], [ 4534797.7, 3356414.0 ], [ 4534782.7, 3356413.5 ], [ 4534702.3, 3356342.4 ], [ 4534702.6, 3356309.4 ], [ 4534689.7, 3356291.6 ], [ 4534618.2, 3356275.3 ], [ 4534565.4, 3356239.3 ], [ 4534547.6, 3356243.1 ], [ 4534535.8, 3356258.4 ], [ 4534482.9, 3356173.3 ], [ 4534476.2, 3356145.6 ], [ 4534355.1, 3356050.3 ], [ 4534274.5, 3356035.4 ], [ 4534324.1, 3355962.5 ], [ 4534324.1, 3355944.1 ], [ 4534312.5, 3355932.3 ], [ 4534332.4, 3355911.9 ], [ 4534522.9, 3355871.1 ], [ 4535067.8, 3356109.8 ], [ 4535136.9, 3356155.9 ], [ 4535363.2, 3356352.1 ], [ 4535535.1, 3356418.3 ], [ 4535512.2, 3356455.5 ], [ 4535469.8, 3356468.9 ], [ 4535464.3, 3356481.8 ], [ 4535469.3, 3356499.8 ], [ 4535431.8, 3356524.9 ], [ 4535427.5, 3356544.6 ], [ 4535466.5, 3356604.3 ], [ 4535483.1, 3356608.9 ], [ 4535503.7, 3356600.1 ], [ 4535590.6, 3356708.8 ], [ 4535650.1, 3356808.6 ], [ 4535671.3, 3356809.8 ], [ 4535714.9, 3356779.1 ], [ 4535751.2, 3356718.8 ], [ 4535828.9, 3356749.3 ], [ 4535880.5, 3356804.6 ], [ 4535761.8, 3356915.6 ], [ 4535700.0, 3357014.2 ], [ 4535610.2, 3357262.1 ], [ 4535617.9, 3357314.3 ], [ 4535629.5, 3357331.1 ], [ 4535656.9, 3357344.5 ], [ 4535685.1, 3357340.7 ], [ 4535753.6, 3357316.6 ], [ 4535883.5, 3357251.0 ], [ 4535922.1, 3357163.0 ], [ 4535940.7, 3357252.5 ], [ 4535937.8, 3357285.6 ], [ 4535909.8, 3357269.2 ], [ 4535883.5, 3357271.7 ], [ 4535863.4, 3357301.1 ], [ 4535831.7, 3357300.7 ], [ 4535784.2, 3357324.2 ], [ 4535761.4, 3357361.8 ], [ 4535653.8, 3357387.8 ], [ 4535608.0, 3357341.6 ], [ 4535525.2, 3357319.9 ], [ 4535506.5, 3357325.4 ], [ 4535457.8, 3357424.8 ], [ 4535495.3, 3357565.2 ], [ 4535457.8, 3357619.4 ], [ 4535428.3, 3357627.6 ], [ 4535405.0, 3357674.2 ], [ 4535387.7, 3357680.9 ], [ 4535382.2, 3357702.1 ], [ 4535218.0, 3357892.0 ], [ 4535110.2, 3357781.9 ], [ 4535085.0, 3357781.6 ], [ 4535062.9, 3357800.0 ], [ 4535063.8, 3357821.4 ], [ 4535186.5, 3357921.4 ], [ 4535148.8, 3357965.6 ], [ 4535109.1, 3357974.9 ], [ 4535100.0, 3357994.0 ], [ 4535104.4, 3358010.3 ], [ 4535036.8, 3358086.5 ], [ 4534979.1, 3358054.5 ], [ 4534962.4, 3358061.0 ], [ 4534944.9, 3358085.4 ], [ 4534885.4, 3358070.8 ], [ 4534869.5, 3358075.5 ], [ 4534854.4, 3358062.9 ], [ 4534839.7, 3358061.8 ], [ 4534806.0, 3358091.5 ], [ 4534783.5, 3358142.8 ], [ 4534780.5, 3358159.6 ], [ 4534788.0, 3358172.7 ], [ 4534840.9, 3358216.1 ], [ 4534897.4, 3358240.0 ], [ 4534908.8, 3358332.5 ], [ 4535034.5, 3358480.0 ], [ 4535031.6, 3358488.1 ], [ 4534927.7, 3358457.3 ], [ 4534944.4, 3358439.4 ], [ 4534943.4, 3358417.9 ], [ 4534894.9, 3358377.9 ], [ 4534877.5, 3358373.5 ], [ 4534811.9, 3358439.9 ], [ 4534814.1, 3358467.6 ], [ 4534771.5, 3358498.8 ], [ 4534766.5, 3358521.8 ], [ 4534840.9, 3358617.7 ], [ 4534855.9, 3358625.9 ], [ 4535094.2, 3358534.4 ], [ 4535199.6, 3358636.8 ], [ 4535236.5, 3358824.1 ], [ 4535252.9, 3358840.9 ], [ 4535302.3, 3358866.4 ], [ 4535455.0, 3359098.9 ], [ 4535483.1, 3359192.1 ], [ 4535492.8, 3359203.5 ], [ 4535511.3, 3359205.0 ], [ 4535565.0, 3359182.4 ], [ 4535607.3, 3359097.9 ], [ 4535717.3, 3359134.3 ], [ 4535745.6, 3359202.4 ], [ 4535758.5, 3359214.7 ], [ 4535938.1, 3359277.8 ], [ 4535954.3, 3359274.6 ], [ 4535993.6, 3359239.3 ], [ 4536011.2, 3359258.5 ], [ 4536062.9, 3359421.0 ], [ 4536002.7, 3359512.5 ], [ 4535977.3, 3359528.0 ], [ 4535977.8, 3359545.4 ], [ 4535992.3, 3359567.4 ], [ 4535994.7, 3359603.7 ], [ 4535949.8, 3359649.8 ], [ 4535963.4, 3359674.0 ], [ 4535998.9, 3359672.0 ], [ 4535991.5, 3359798.7 ], [ 4535965.7, 3359987.5 ], [ 4535971.1, 3360001.3 ], [ 4535987.0, 3360009.8 ], [ 4535952.9, 3360062.1 ], [ 4535934.7, 3360111.9 ], [ 4535919.0, 3360183.7 ], [ 4535919.7, 3360258.8 ], [ 4535925.8, 3360271.2 ], [ 4536106.1, 3360306.6 ], [ 4536113.4, 3360322.1 ], [ 4536091.2, 3360346.7 ], [ 4536091.7, 3360376.0 ], [ 4536145.9, 3360401.7 ], [ 4536175.0, 3360398.9 ], [ 4536191.6, 3360381.2 ], [ 4536180.9, 3360351.7 ], [ 4536192.4, 3360227.3 ], [ 4536198.6, 3360215.8 ], [ 4536220.6, 3360214.5 ], [ 4536285.3, 3360175.6 ], [ 4536293.1, 3360195.1 ], [ 4536276.7, 3360207.1 ], [ 4536272.0, 3360225.3 ], [ 4536300.5, 3360292.7 ], [ 4536308.0, 3360331.2 ], [ 4536303.2, 3360345.7 ], [ 4536238.4, 3360362.3 ], [ 4536230.9, 3360375.2 ], [ 4536233.4, 3360389.9 ], [ 4536257.3, 3360405.4 ], [ 4536297.4, 3360452.8 ], [ 4536385.0, 3360533.4 ], [ 4536401.8, 3360582.0 ], [ 4536412.7, 3360591.8 ], [ 4536434.1, 3360589.2 ], [ 4536454.0, 3360560.4 ], [ 4536438.6, 3360507.5 ], [ 4536453.2, 3360502.0 ], [ 4536482.0, 3360524.7 ], [ 4536511.0, 3360522.3 ], [ 4536574.1, 3360614.7 ], [ 4536692.4, 3360692.0 ], [ 4536682.6, 3360731.4 ], [ 4536652.7, 3360754.2 ], [ 4536659.8, 3360780.1 ], [ 4536682.4, 3360783.7 ], [ 4536723.9, 3360760.3 ], [ 4536744.5, 3360693.1 ], [ 4536772.6, 3360668.9 ], [ 4536821.9, 3360671.8 ], [ 4536879.7, 3360647.1 ], [ 4536935.1, 3360673.0 ], [ 4536980.1, 3360637.0 ], [ 4537066.5, 3360649.6 ], [ 4537090.4, 3360630.5 ], [ 4537128.9, 3360643.0 ], [ 4537111.7, 3360683.9 ], [ 4537121.2, 3360746.8 ], [ 4537062.9, 3360731.8 ], [ 4537036.0, 3360753.8 ], [ 4537032.1, 3360769.7 ], [ 4537050.4, 3360816.1 ], [ 4537118.0, 3360829.2 ], [ 4537117.4, 3360886.5 ], [ 4537123.9, 3360899.1 ], [ 4537143.5, 3360908.2 ], [ 4537169.4, 3360907.1 ], [ 4537193.1, 3360885.3 ], [ 4537225.2, 3360873.1 ], [ 4537262.3, 3360877.7 ], [ 4537303.6, 3360866.6 ], [ 4537317.2, 3360870.0 ], [ 4537286.7, 3360933.7 ], [ 4537271.7, 3361000.0 ], [ 4537233.1, 3360978.5 ], [ 4537197.4, 3360922.1 ], [ 4537184.7, 3360915.0 ], [ 4537112.5, 3360943.3 ], [ 4537029.1, 3360939.0 ], [ 4536947.5, 3360867.6 ], [ 4536905.9, 3360887.8 ], [ 4536882.2, 3360913.4 ], [ 4536870.7, 3360913.8 ], [ 4536865.4, 3360907.2 ], [ 4536869.9, 3360868.3 ], [ 4536886.2, 3360858.1 ], [ 4536892.1, 3360842.9 ], [ 4536884.6, 3360807.6 ], [ 4536868.8, 3360791.7 ], [ 4536792.8, 3360804.0 ], [ 4536767.2, 3360788.4 ], [ 4536635.0, 3360814.9 ], [ 4536558.6, 3360801.1 ], [ 4536520.7, 3360770.0 ], [ 4536544.8, 3360723.0 ], [ 4536536.8, 3360699.8 ], [ 4536488.0, 3360683.5 ], [ 4536479.3, 3360661.0 ], [ 4536464.1, 3360652.5 ], [ 4536432.6, 3360669.1 ], [ 4536377.1, 3360670.2 ], [ 4536367.7, 3360689.1 ], [ 4536390.7, 3360803.7 ], [ 4536363.7, 3360864.2 ], [ 4536323.1, 3360873.2 ], [ 4536305.8, 3360898.0 ], [ 4536319.5, 3360918.0 ], [ 4536369.6, 3360921.3 ], [ 4536378.6, 3360946.9 ], [ 4536378.1, 3360977.9 ], [ 4536366.9, 3361022.6 ], [ 4536357.3, 3361046.3 ], [ 4536314.1, 3361085.1 ], [ 4536189.6, 3361235.2 ], [ 4536160.5, 3361409.5 ], [ 4536168.9, 3361467.4 ], [ 4536164.7, 3361487.5 ], [ 4536152.5, 3361501.7 ], [ 4536117.2, 3361503.3 ], [ 4536104.5, 3361511.2 ], [ 4536086.9, 3361583.0 ], [ 4536061.4, 3361609.8 ], [ 4535987.0, 3361605.5 ], [ 4535969.2, 3361593.1 ], [ 4535939.3, 3361550.3 ], [ 4535905.8, 3361530.4 ], [ 4535885.9, 3361532.3 ], [ 4535611.8, 3361870.0 ], [ 4535597.5, 3361860.3 ], [ 4535275.9, 3361798.8 ], [ 4535245.0, 3361758.6 ], [ 4535220.6, 3361746.4 ], [ 4535202.0, 3361724.0 ], [ 4535180.0, 3361667.1 ], [ 4535020.7, 3361648.1 ], [ 4534946.3, 3361556.3 ], [ 4534916.0, 3361483.4 ], [ 4534897.6, 3361465.1 ], [ 4534846.0, 3361474.6 ], [ 4534800.8, 3361500.0 ], [ 4534802.9, 3361523.8 ], [ 4534833.3, 3361545.3 ], [ 4534847.5, 3361569.6 ], [ 4534832.6, 3361600.4 ], [ 4534812.2, 3361608.8 ], [ 4534792.1, 3361605.3 ], [ 4534745.5, 3361566.5 ], [ 4534728.3, 3361563.0 ], [ 4534676.3, 3361576.4 ], [ 4534636.7, 3361632.4 ], [ 4534621.2, 3361642.0 ], [ 4534604.2, 3361646.2 ], [ 4534582.0, 3361639.0 ], [ 4534515.3, 3361591.5 ], [ 4534446.6, 3361560.1 ], [ 4534338.9, 3361392.8 ], [ 4534323.2, 3361356.8 ], [ 4534322.0, 3361326.1 ], [ 4534285.9, 3361236.7 ], [ 4534281.2, 3361075.2 ], [ 4534287.5, 3361055.3 ], [ 4534277.5, 3360980.4 ], [ 4534291.2, 3360936.1 ], [ 4534319.0, 3360931.4 ], [ 4534344.4, 3360941.6 ], [ 4534360.1, 3360934.9 ], [ 4534374.8, 3360894.2 ], [ 4534406.9, 3360849.9 ], [ 4534422.9, 3360847.8 ], [ 4534439.6, 3360856.2 ], [ 4534449.8, 3360876.2 ], [ 4534466.4, 3360883.2 ], [ 4534544.9, 3360854.2 ], [ 4534565.6, 3360910.2 ], [ 4534608.4, 3360918.8 ], [ 4534647.3, 3360860.1 ], [ 4534643.6, 3360793.6 ], [ 4534627.2, 3360785.4 ], [ 4534413.1, 3360783.9 ], [ 4534397.2, 3360768.2 ], [ 4534407.0, 3360670.8 ], [ 4534388.3, 3360611.7 ], [ 4534370.9, 3360496.5 ], [ 4534353.0, 3360481.4 ], [ 4534279.8, 3360495.0 ], [ 4534251.0, 3360534.7 ], [ 4534224.0, 3360506.7 ], [ 4534203.7, 3360503.4 ], [ 4534157.6, 3360536.9 ], [ 4534124.8, 3360536.6 ], [ 4534099.1, 3360579.9 ], [ 4534089.2, 3360582.9 ], [ 4534005.6, 3360571.5 ], [ 4534017.8, 3360529.9 ], [ 4534014.3, 3360512.7 ], [ 4533989.1, 3360502.1 ], [ 4533928.1, 3360441.2 ], [ 4533910.4, 3360437.6 ], [ 4533821.3, 3360478.9 ], [ 4533818.1, 3360591.8 ], [ 4533797.4, 3360625.8 ], [ 4533770.0, 3360644.4 ], [ 4533709.0, 3360644.5 ], [ 4533701.4, 3360578.3 ], [ 4533681.9, 3360554.7 ], [ 4533650.3, 3360477.2 ], [ 4533684.7, 3360456.7 ], [ 4533689.2, 3360435.9 ], [ 4533620.8, 3360364.6 ], [ 4533673.1, 3360332.5 ], [ 4533822.5, 3360326.1 ], [ 4533843.4, 3360414.8 ], [ 4533919.7, 3360432.8 ], [ 4533941.8, 3360430.2 ], [ 4533951.5, 3360418.7 ], [ 4533951.5, 3360403.6 ], [ 4534026.7, 3360351.5 ], [ 4534020.4, 3360324.9 ], [ 4534025.4, 3360289.8 ], [ 4534011.0, 3360253.0 ], [ 4534026.6, 3360185.8 ], [ 4534058.4, 3360162.8 ], [ 4534078.2, 3360180.3 ], [ 4534098.6, 3360172.6 ], [ 4534103.6, 3360158.6 ], [ 4534095.5, 3360108.9 ], [ 4534112.8, 3360064.7 ], [ 4534153.1, 3360059.4 ], [ 4534185.5, 3359990.0 ], [ 4534210.6, 3359984.2 ], [ 4534240.3, 3359933.2 ], [ 4534241.1, 3359889.4 ], [ 4534177.9, 3359814.3 ], [ 4534163.3, 3359777.4 ], [ 4534147.0, 3359711.6 ], [ 4534137.6, 3359598.9 ], [ 4534141.7, 3359547.0 ], [ 4534161.3, 3359466.0 ], [ 4534201.2, 3359364.6 ], [ 4534227.8, 3359226.9 ], [ 4534266.0, 3359162.3 ], [ 4534267.0, 3359141.3 ], [ 4534251.0, 3359087.3 ], [ 4534256.6, 3359041.1 ], [ 4534330.3, 3358927.2 ], [ 4534344.9, 3358876.0 ], [ 4534340.0, 3358855.1 ], [ 4534291.4, 3358787.9 ], [ 4534273.5, 3358704.7 ], [ 4534220.6, 3358674.8 ], [ 4534219.1, 3358653.5 ], [ 4534199.5, 3358639.1 ], [ 4534168.6, 3358636.7 ], [ 4534116.6, 3358611.0 ], [ 4534089.1, 3358626.8 ], [ 4533882.7, 3358513.6 ], [ 4533882.4, 3358489.2 ], [ 4533859.8, 3358467.1 ], [ 4533839.7, 3358465.0 ], [ 4533821.3, 3358482.1 ], [ 4533565.9, 3358329.7 ], [ 4533507.2, 3358238.2 ], [ 4533493.0, 3358228.6 ], [ 4532859.3, 3358302.0 ], [ 4532803.5, 3358317.4 ], [ 4531501.8, 3358864.5 ], [ 4531082.6, 3358942.2 ], [ 4531041.3, 3358977.7 ], [ 4531017.4, 3359017.1 ], [ 4530952.2, 3359326.0 ], [ 4530967.5, 3359344.4 ], [ 4530990.6, 3359337.9 ], [ 4531029.6, 3359245.6 ], [ 4531069.1, 3359116.6 ], [ 4531062.9, 3359061.8 ], [ 4531071.8, 3359032.2 ], [ 4531089.2, 3359012.7 ], [ 4531118.2, 3359003.0 ], [ 4531147.6, 3359003.5 ], [ 4531207.4, 3359036.6 ], [ 4531225.7, 3359064.2 ], [ 4531247.8, 3359160.2 ], [ 4531267.2, 3359179.6 ], [ 4531313.1, 3359290.5 ], [ 4531373.5, 3359318.4 ], [ 4531481.1, 3359389.8 ], [ 4531504.7, 3359397.0 ], [ 4531611.2, 3359363.3 ], [ 4531648.1, 3359370.9 ], [ 4531712.9, 3359406.1 ], [ 4531822.1, 3359497.2 ], [ 4531841.9, 3359500.5 ], [ 4532002.1, 3359368.7 ], [ 4532008.2, 3359340.8 ], [ 4531999.8, 3359306.3 ], [ 4531946.1, 3359255.8 ], [ 4531929.2, 3359231.4 ], [ 4531925.8, 3359209.9 ], [ 4531935.0, 3359170.1 ], [ 4531967.1, 3359119.0 ], [ 4532001.1, 3359090.2 ], [ 4532119.6, 3359046.8 ], [ 4532171.0, 3359045.7 ], [ 4532190.6, 3359053.2 ], [ 4532205.4, 3359069.6 ], [ 4532205.6, 3359107.7 ], [ 4532219.9, 3359164.1 ], [ 4532239.7, 3359188.7 ], [ 4532283.5, 3359216.2 ], [ 4532333.2, 3359271.5 ], [ 4532389.4, 3359347.0 ], [ 4532430.9, 3359426.9 ], [ 4532446.5, 3359527.7 ], [ 4532455.9, 3359826.7 ], [ 4532502.1, 3359918.1 ], [ 4532532.9, 3359961.0 ], [ 4532553.6, 3359970.1 ], [ 4532602.5, 3359972.2 ], [ 4532618.9, 3359979.0 ], [ 4532638.1, 3360001.1 ], [ 4532633.3, 3360080.2 ], [ 4532608.6, 3360158.4 ], [ 4532610.7, 3360182.5 ], [ 4532595.9, 3360210.4 ], [ 4532601.6, 3360268.7 ], [ 4532614.4, 3360287.5 ], [ 4532676.8, 3360319.6 ], [ 4532692.5, 3360342.2 ], [ 4532697.4, 3360362.4 ], [ 4532674.0, 3360539.7 ], [ 4532684.0, 3360556.7 ], [ 4532720.2, 3360582.3 ], [ 4532759.9, 3360704.8 ], [ 4532719.3, 3360785.8 ], [ 4532678.1, 3360919.6 ], [ 4532649.1, 3360974.9 ], [ 4532636.1, 3361111.6 ], [ 4532619.3, 3361188.5 ], [ 4532623.7, 3361206.6 ], [ 4532678.9, 3361279.4 ], [ 4532719.8, 3361354.8 ], [ 4532748.0, 3361453.5 ], [ 4532768.8, 3361470.1 ], [ 4532802.3, 3361448.0 ], [ 4532857.8, 3361452.9 ], [ 4532912.9, 3361483.4 ], [ 4532968.5, 3361499.0 ], [ 4533042.1, 3361559.1 ], [ 4533099.5, 3361551.6 ], [ 4533318.5, 3361634.1 ], [ 4533356.6, 3361663.7 ], [ 4533403.0, 3361728.3 ], [ 4533409.5, 3361762.5 ], [ 4533405.7, 3361801.8 ], [ 4533390.3, 3361835.8 ], [ 4533397.9, 3361860.4 ], [ 4533417.3, 3361868.2 ], [ 4533437.9, 3361865.1 ], [ 4533472.4, 3361841.4 ], [ 4533511.4, 3361829.7 ], [ 4533552.8, 3361833.7 ], [ 4533595.6, 3361854.7 ], [ 4533653.4, 3361907.4 ], [ 4533731.7, 3362072.6 ], [ 4533761.6, 3362204.5 ], [ 4533755.2, 3362222.8 ], [ 4533734.2, 3362229.9 ], [ 4533700.3, 3362224.6 ], [ 4533624.3, 3362262.0 ], [ 4533558.1, 3362357.5 ], [ 4533534.4, 3362427.8 ], [ 4533541.4, 3362465.4 ], [ 4533597.5, 3362552.9 ], [ 4533625.5, 3362676.7 ], [ 4533602.4, 3362895.9 ], [ 4533582.4, 3362924.9 ], [ 4533576.2, 3362970.9 ], [ 4533549.8, 3362960.2 ], [ 4533528.2, 3362908.8 ], [ 4533525.7, 3362767.0 ], [ 4533507.7, 3362732.7 ], [ 4533494.4, 3362722.5 ], [ 4533445.7, 3362723.9 ], [ 4533431.0, 3362714.2 ], [ 4533432.7, 3362675.3 ], [ 4533380.7, 3362643.3 ], [ 4533365.3, 3362620.5 ], [ 4533353.0, 3362572.3 ], [ 4533354.7, 3362501.3 ], [ 4533272.0, 3362296.5 ], [ 4533266.1, 3362216.7 ], [ 4533227.0, 3362153.1 ], [ 4533203.6, 3362135.0 ], [ 4533147.1, 3362125.4 ], [ 4533027.8, 3362071.0 ], [ 4532965.1, 3362027.9 ], [ 4532945.9, 3362005.1 ], [ 4532932.0, 3361951.3 ], [ 4532946.5, 3361880.4 ], [ 4532994.9, 3361780.7 ], [ 4533053.0, 3361696.3 ], [ 4533061.4, 3361664.6 ], [ 4533057.3, 3361647.3 ], [ 4533038.4, 3361637.6 ], [ 4532997.8, 3361648.0 ], [ 4532933.3, 3361622.4 ], [ 4532833.3, 3361660.2 ], [ 4532705.9, 3361647.5 ], [ 4532639.8, 3361651.1 ], [ 4532611.5, 3361661.5 ], [ 4532547.7, 3361716.9 ], [ 4532534.8, 3361711.3 ], [ 4532522.6, 3361703.2 ], [ 4532516.2, 3361664.8 ], [ 4532498.2, 3361623.5 ], [ 4532428.2, 3361563.0 ], [ 4532429.1, 3361498.8 ], [ 4532413.5, 3361455.1 ], [ 4532277.7, 3361284.0 ], [ 4532271.2, 3361255.8 ], [ 4532275.8, 3361238.9 ], [ 4532315.9, 3361165.6 ], [ 4532319.0, 3361139.4 ], [ 4532310.7, 3361116.0 ], [ 4532273.6, 3361081.1 ], [ 4532263.8, 3361052.1 ], [ 4532275.5, 3361003.3 ], [ 4532318.8, 3360926.7 ], [ 4532381.9, 3360862.8 ], [ 4532400.3, 3360807.6 ], [ 4532435.5, 3360770.1 ], [ 4532469.0, 3360703.0 ], [ 4532521.5, 3360684.5 ], [ 4532538.0, 3360670.8 ], [ 4532544.2, 3360651.1 ], [ 4532538.7, 3360522.0 ], [ 4532557.6, 3360456.8 ], [ 4532543.9, 3360432.3 ], [ 4532474.9, 3360403.8 ], [ 4532404.5, 3360362.6 ], [ 4532389.1, 3360345.6 ], [ 4532378.8, 3360277.4 ], [ 4532321.3, 3360253.2 ], [ 4532285.6, 3360201.2 ], [ 4532281.7, 3360172.8 ], [ 4532322.9, 3360091.1 ], [ 4532328.8, 3360063.5 ], [ 4532325.6, 3360043.4 ], [ 4532281.7, 3359970.6 ], [ 4532286.2, 3359942.0 ], [ 4532300.1, 3359918.7 ], [ 4532291.2, 3359878.2 ], [ 4532239.9, 3359851.1 ], [ 4532174.0, 3359844.5 ], [ 4532120.1, 3359852.0 ], [ 4532059.2, 3359895.3 ], [ 4532014.6, 3359979.1 ], [ 4531959.0, 3360034.4 ], [ 4531900.4, 3360162.3 ], [ 4531900.6, 3360179.2 ], [ 4531935.3, 3360260.9 ], [ 4531938.1, 3360281.8 ], [ 4531929.9, 3360308.3 ], [ 4531898.5, 3360348.3 ], [ 4531796.4, 3360439.1 ], [ 4531783.8, 3360460.6 ], [ 4531785.9, 3360507.7 ], [ 4531822.4, 3360553.1 ], [ 4531869.2, 3360642.7 ], [ 4531874.8, 3360666.3 ], [ 4531872.0, 3360787.0 ], [ 4531887.4, 3360871.5 ], [ 4531892.0, 3360975.7 ], [ 4531902.0, 3361010.5 ], [ 4531950.7, 3361084.4 ], [ 4531962.1, 3361187.3 ], [ 4531953.7, 3361234.7 ], [ 4531932.0, 3361287.3 ], [ 4531901.3, 3361320.5 ], [ 4531876.8, 3361333.1 ], [ 4531827.9, 3361342.3 ], [ 4531770.6, 3361342.6 ], [ 4531726.4, 3361306.8 ], [ 4531672.2, 3361176.9 ], [ 4531638.7, 3361131.4 ], [ 4531601.9, 3361024.0 ], [ 4531596.0, 3360933.7 ], [ 4531606.9, 3360910.3 ], [ 4531672.4, 3360840.5 ], [ 4531673.5, 3360811.9 ], [ 4531656.1, 3360790.3 ], [ 4531501.9, 3360721.7 ], [ 4531462.8, 3360686.5 ], [ 4531444.7, 3360658.9 ], [ 4531435.9, 3360631.8 ], [ 4531447.2, 3360553.8 ], [ 4531431.8, 3360391.8 ], [ 4531456.9, 3360359.4 ], [ 4531454.6, 3360339.2 ], [ 4531432.6, 3360311.9 ], [ 4531410.9, 3360313.3 ], [ 4531401.1, 3360328.9 ], [ 4531403.5, 3360375.9 ], [ 4531370.7, 3360385.5 ], [ 4531297.8, 3360213.3 ], [ 4531279.0, 3360189.6 ], [ 4531186.3, 3360136.2 ], [ 4531048.6, 3360098.5 ], [ 4531001.0, 3360096.3 ], [ 4530872.3, 3360170.7 ], [ 4530743.7, 3360182.5 ], [ 4530634.7, 3360219.9 ], [ 4530612.9, 3360271.6 ], [ 4530388.4, 3360595.4 ], [ 4530147.9, 3360793.3 ], [ 4530021.9, 3361043.3 ], [ 4530006.2, 3361142.1 ], [ 4529984.9, 3361209.4 ], [ 4529447.6, 3362034.6 ], [ 4529454.0, 3362054.7 ], [ 4529470.7, 3362060.7 ], [ 4529547.4, 3362037.4 ], [ 4529636.8, 3362035.2 ], [ 4529734.2, 3362006.4 ], [ 4529800.4, 3362001.9 ], [ 4529851.5, 3361980.2 ], [ 4529960.7, 3361968.9 ], [ 4529992.4, 3361985.1 ], [ 4530006.1, 3362037.7 ], [ 4530005.8, 3362075.0 ], [ 4529988.6, 3362098.0 ], [ 4529931.2, 3362107.5 ], [ 4529849.1, 3362146.4 ], [ 4529756.6, 3362154.1 ], [ 4529691.6, 3362146.2 ], [ 4529651.9, 3362150.8 ], [ 4529606.8, 3362185.1 ], [ 4529575.0, 3362232.8 ], [ 4529570.6, 3362324.8 ], [ 4529629.3, 3362490.3 ], [ 4529639.6, 3362577.5 ], [ 4529632.9, 3362606.5 ], [ 4529594.2, 3362636.1 ], [ 4529589.0, 3362653.0 ], [ 4529613.4, 3362684.5 ], [ 4529647.1, 3362774.1 ], [ 4529699.6, 3362844.1 ], [ 4529720.8, 3362898.4 ], [ 4529718.8, 3362919.5 ], [ 4529686.4, 3362979.3 ], [ 4529680.2, 3363075.8 ], [ 4529656.5, 3363117.6 ], [ 4529658.5, 3363135.9 ], [ 4529721.6, 3363185.8 ], [ 4529937.4, 3363227.7 ], [ 4529990.2, 3363257.1 ], [ 4530036.0, 3363313.3 ], [ 4530087.5, 3363424.2 ], [ 4530090.9, 3363456.4 ], [ 4530082.6, 3363510.7 ], [ 4530064.1, 3363529.6 ], [ 4529993.1, 3363466.8 ], [ 4529983.8, 3363448.2 ], [ 4529974.9, 3363371.3 ], [ 4529896.9, 3363320.4 ], [ 4529711.2, 3363274.2 ], [ 4529642.7, 3363289.9 ], [ 4529585.5, 3363267.9 ], [ 4529568.7, 3363246.9 ], [ 4529554.0, 3363205.8 ], [ 4529533.6, 3363094.9 ], [ 4529541.1, 3363035.6 ], [ 4529578.2, 3362981.5 ], [ 4529571.2, 3362889.5 ], [ 4529563.1, 3362871.5 ], [ 4529509.3, 3362822.8 ], [ 4529488.9, 3362821.5 ], [ 4529453.9, 3362844.2 ], [ 4529081.2, 3362805.3 ], [ 4529131.9, 3362358.9 ], [ 4529392.0, 3362390.5 ], [ 4529396.5, 3362412.2 ], [ 4529411.3, 3362421.8 ], [ 4529435.0, 3362409.0 ], [ 4529421.7, 3362331.6 ], [ 4529396.3, 3362289.8 ], [ 4529405.1, 3362139.3 ], [ 4529394.6, 3362124.1 ], [ 4529376.2, 3362122.3 ], [ 4529339.9, 3362156.2 ], [ 4529237.3, 3362205.9 ], [ 4529216.5, 3362233.8 ], [ 4529192.8, 3362226.7 ], [ 4529094.5, 3362272.3 ], [ 4529083.3, 3362301.5 ], [ 4529098.9, 3362332.7 ], [ 4529015.0, 3362370.9 ], [ 4528999.2, 3362336.1 ], [ 4528987.1, 3362327.2 ], [ 4528940.1, 3362343.6 ], [ 4528934.0, 3362366.6 ], [ 4528994.9, 3362484.2 ], [ 4528945.6, 3362534.6 ], [ 4528925.9, 3362513.3 ], [ 4528954.0, 3362487.5 ], [ 4528958.7, 3362471.1 ], [ 4528949.4, 3362454.4 ], [ 4528932.8, 3362450.1 ], [ 4528850.3, 3362490.8 ], [ 4528820.5, 3362526.5 ], [ 4528819.9, 3362544.9 ], [ 4528770.6, 3362560.7 ], [ 4528749.6, 3362546.9 ], [ 4528721.8, 3362559.2 ], [ 4528716.7, 3362573.0 ], [ 4528722.1, 3362592.7 ], [ 4528701.7, 3362615.0 ], [ 4528708.6, 3362639.9 ], [ 4528703.9, 3362661.1 ], [ 4528776.0, 3362738.8 ], [ 4528860.7, 3362882.3 ], [ 4528867.4, 3362903.5 ], [ 4528854.1, 3362944.8 ], [ 4528771.6, 3363059.6 ], [ 4528708.5, 3363175.4 ], [ 4528656.6, 3363293.6 ], [ 4528525.6, 3363506.1 ], [ 4528440.0, 3363568.2 ], [ 4528429.5, 3363597.9 ], [ 4528436.1, 3363757.0 ], [ 4528427.2, 3363779.2 ], [ 4528406.4, 3363768.4 ], [ 4528384.9, 3363769.7 ], [ 4528363.2, 3363792.6 ], [ 4528365.5, 3363827.3 ], [ 4528385.9, 3363850.2 ], [ 4528324.2, 3363941.1 ], [ 4528267.2, 3363971.7 ], [ 4527952.3, 3364099.1 ], [ 4527863.7, 3364109.1 ], [ 4527856.2, 3364131.8 ], [ 4527892.3, 3364196.4 ], [ 4527843.0, 3364281.6 ], [ 4527847.1, 3364304.7 ], [ 4528344.5, 3364575.3 ], [ 4528362.3, 3364559.2 ], [ 4528357.3, 3364538.8 ], [ 4528232.7, 3364440.5 ], [ 4528211.7, 3364408.2 ], [ 4528181.4, 3364408.1 ], [ 4528149.6, 3364253.7 ], [ 4528191.7, 3364243.3 ], [ 4528202.4, 3364222.4 ], [ 4528258.6, 3364212.4 ], [ 4528388.0, 3364170.5 ], [ 4528396.1, 3364196.6 ], [ 4528368.9, 3364231.6 ], [ 4528369.7, 3364255.8 ], [ 4528332.0, 3364285.1 ], [ 4528326.2, 3364297.7 ], [ 4528329.0, 3364311.2 ], [ 4528346.3, 3364328.0 ], [ 4528366.0, 3364332.9 ], [ 4528498.3, 3364174.7 ], [ 4528587.5, 3364238.9 ], [ 4528613.9, 3364234.9 ], [ 4528665.4, 3364249.8 ], [ 4528737.0, 3364220.1 ], [ 4528748.6, 3364208.2 ], [ 4528718.4, 3364084.3 ], [ 4528794.0, 3364059.4 ], [ 4528812.8, 3364119.3 ], [ 4528830.3, 3364131.3 ], [ 4528900.1, 3364104.8 ], [ 4528931.1, 3364247.3 ], [ 4528968.8, 3364363.3 ], [ 4528890.5, 3364354.7 ], [ 4528876.5, 3364375.3 ], [ 4528886.5, 3364432.7 ], [ 4528392.1, 3364564.2 ], [ 4528377.7, 3364579.6 ], [ 4528382.7, 3364600.0 ], [ 4530315.9, 3365652.4 ], [ 4530471.2, 3365725.6 ], [ 4530620.2, 3365756.4 ], [ 4530631.6, 3365743.6 ], [ 4530637.0, 3365714.7 ], [ 4531006.5, 3365443.9 ], [ 4531657.2, 3365813.6 ], [ 4531624.1, 3365913.4 ], [ 4531627.2, 3365933.3 ], [ 4531696.9, 3365959.7 ], [ 4531708.3, 3365981.1 ], [ 4531763.5, 3366004.7 ], [ 4531823.7, 3366044.5 ], [ 4531845.2, 3366042.5 ], [ 4531935.9, 3365975.4 ], [ 4532010.3, 3366070.3 ], [ 4532030.1, 3366067.0 ], [ 4532109.9, 3366007.6 ], [ 4532199.4, 3366077.3 ], [ 4532267.9, 3366096.8 ], [ 4532299.4, 3366137.5 ], [ 4532313.9, 3366137.4 ], [ 4532353.7, 3366115.8 ], [ 4532405.9, 3366156.2 ], [ 4532280.4, 3366346.7 ], [ 4532277.5, 3366364.7 ], [ 4532449.9, 3366494.1 ], [ 4532501.1, 3366519.6 ], [ 4532587.0, 3366540.2 ], [ 4532980.3, 3366572.3 ], [ 4533036.1, 3366582.9 ], [ 4533100.7, 3366609.1 ], [ 4533371.3, 3366760.7 ], [ 4533431.9, 3366786.8 ], [ 4533499.7, 3366794.1 ], [ 4533598.3, 3366785.5 ], [ 4534555.3, 3366572.4 ], [ 4534572.2, 3366555.0 ], [ 4534563.0, 3366532.6 ], [ 4534577.2, 3366415.8 ], [ 4534509.9, 3366236.2 ], [ 4534359.2, 3366098.4 ], [ 4534372.5, 3366015.7 ], [ 4534367.7, 3365998.1 ], [ 4534278.0, 3365943.6 ], [ 4534217.2, 3365944.8 ], [ 4534162.9, 3365976.8 ], [ 4534140.7, 3366052.5 ], [ 4534183.6, 3366112.8 ], [ 4534228.1, 3366153.4 ], [ 4534290.4, 3366156.5 ], [ 4534283.6, 3366207.3 ], [ 4534198.5, 3366236.6 ], [ 4533989.9, 3366231.1 ], [ 4533848.2, 3366027.0 ], [ 4533759.0, 3365810.5 ], [ 4533749.6, 3365799.7 ], [ 4533731.9, 3365798.0 ], [ 4533718.7, 3365809.8 ], [ 4533703.4, 3365866.8 ], [ 4533709.2, 3365929.6 ], [ 4533674.1, 3365951.3 ], [ 4533652.8, 3366018.7 ], [ 4533663.9, 3366044.8 ], [ 4533714.9, 3366066.7 ], [ 4533740.9, 3366104.9 ], [ 4533737.8, 3366143.2 ], [ 4533710.2, 3366218.9 ], [ 4533683.6, 3366251.0 ], [ 4533681.3, 3366304.0 ], [ 4533672.2, 3366321.0 ], [ 4533656.6, 3366315.0 ], [ 4533628.2, 3366256.7 ], [ 4533577.5, 3366209.8 ], [ 4533534.7, 3366201.2 ], [ 4533519.4, 3366207.4 ], [ 4533479.1, 3366193.1 ], [ 4533468.2, 3366176.2 ], [ 4533470.7, 3366152.8 ], [ 4533494.2, 3366129.8 ], [ 4533552.5, 3366110.8 ], [ 4533591.9, 3366054.5 ], [ 4533504.1, 3365799.6 ], [ 4533555.1, 3365789.7 ], [ 4533627.3, 3365731.9 ], [ 4533696.2, 3365633.8 ], [ 4533716.8, 3365630.6 ], [ 4533766.1, 3365664.6 ], [ 4533782.0, 3365658.6 ], [ 4533800.0, 3365635.7 ], [ 4533820.5, 3365598.1 ], [ 4533798.0, 3365514.0 ], [ 4533830.7, 3365461.2 ], [ 4533864.6, 3365352.6 ], [ 4533904.2, 3365336.3 ], [ 4533986.2, 3365272.7 ], [ 4534003.2, 3365245.2 ], [ 4534013.0, 3365150.0 ], [ 4534076.0, 3365062.6 ], [ 4534080.1, 3364977.4 ], [ 4534141.8, 3364955.1 ], [ 4534166.7, 3364918.9 ], [ 4534176.4, 3364804.1 ], [ 4534152.4, 3364742.6 ], [ 4534197.1, 3364675.5 ], [ 4534217.8, 3364576.0 ], [ 4534204.4, 3364556.0 ], [ 4534188.9, 3364498.0 ], [ 4534168.3, 3364472.0 ], [ 4534151.9, 3364464.2 ], [ 4534133.1, 3364470.9 ], [ 4534067.8, 3364443.5 ], [ 4534047.9, 3364401.0 ], [ 4534086.2, 3364320.6 ], [ 4534107.5, 3364292.3 ], [ 4534130.4, 3364277.1 ], [ 4534158.1, 3364264.7 ], [ 4534193.3, 3364267.8 ], [ 4534271.1, 3364219.4 ], [ 4534319.9, 3364200.6 ], [ 4534348.5, 3364224.8 ], [ 4534317.9, 3364330.6 ], [ 4534295.2, 3364379.4 ], [ 4534307.8, 3364396.2 ], [ 4534392.3, 3364430.0 ], [ 4534380.2, 3364473.4 ], [ 4534356.3, 3364460.6 ], [ 4534339.5, 3364463.9 ], [ 4534323.8, 3364513.5 ], [ 4534294.2, 3364526.7 ], [ 4534297.9, 3364579.6 ], [ 4534309.9, 3364601.6 ], [ 4534435.0, 3364723.2 ], [ 4534471.0, 3364780.4 ], [ 4534482.6, 3364838.1 ], [ 4534465.7, 3364945.6 ], [ 4534524.4, 3365050.7 ], [ 4534614.0, 3365266.8 ], [ 4534600.6, 3365311.3 ], [ 4534547.1, 3365348.9 ], [ 4534478.2, 3365338.1 ], [ 4534422.4, 3365384.6 ], [ 4534417.0, 3365401.2 ], [ 4534464.3, 3365514.5 ], [ 4534491.8, 3365551.7 ], [ 4534529.0, 3365571.1 ], [ 4534568.6, 3365573.6 ], [ 4534611.7, 3365545.6 ], [ 4534642.6, 3365655.2 ], [ 4534552.2, 3365643.0 ], [ 4534538.7, 3365657.3 ], [ 4534529.1, 3365707.3 ], [ 4534538.0, 3365726.5 ], [ 4534553.0, 3365734.6 ], [ 4534576.3, 3365732.6 ], [ 4534610.1, 3365716.3 ], [ 4534638.2, 3365716.9 ], [ 4534671.9, 3365887.1 ], [ 4534695.7, 3365922.8 ], [ 4534700.7, 3365981.2 ], [ 4534676.3, 3366121.5 ], [ 4534701.7, 3366201.9 ], [ 4534751.1, 3366250.4 ], [ 4534723.3, 3366469.1 ], [ 4534729.6, 3366486.1 ], [ 4534742.7, 3366492.5 ], [ 4535388.7, 3366093.4 ], [ 4535399.0, 3366074.6 ], [ 4535388.5, 3366055.4 ], [ 4535416.1, 3366009.6 ], [ 4535455.8, 3365995.7 ], [ 4535468.6, 3366000.9 ], [ 4535477.4, 3366020.2 ], [ 4535497.9, 3366023.7 ], [ 4535582.8, 3365960.4 ], [ 4535636.1, 3365908.2 ], [ 4535688.4, 3365837.0 ], [ 4535688.4, 3365819.6 ], [ 4535661.2, 3365796.3 ], [ 4535663.2, 3365784.9 ], [ 4535694.3, 3365776.7 ], [ 4535716.4, 3365781.5 ], [ 4535728.0, 3365774.6 ], [ 4535858.8, 3365574.1 ], [ 4535889.7, 3365540.2 ], [ 4536007.4, 3365454.9 ], [ 4536108.8, 3365415.1 ], [ 4536124.4, 3365213.6 ], [ 4536142.1, 3365209.3 ], [ 4536150.9, 3365197.3 ], [ 4536169.5, 3365032.7 ], [ 4536164.3, 3364834.4 ], [ 4536241.8, 3364867.5 ], [ 4536303.8, 3364854.3 ], [ 4536387.4, 3364693.3 ], [ 4536489.2, 3364667.0 ], [ 4536550.6, 3364670.8 ], [ 4536792.0, 3364779.6 ], [ 4536865.9, 3364778.6 ], [ 4536880.4, 3364768.5 ], [ 4536832.7, 3364181.9 ], [ 4536860.8, 3363907.3 ], [ 4536917.6, 3363805.1 ], [ 4536937.9, 3363735.5 ], [ 4536946.3, 3363562.7 ], [ 4536930.4, 3363548.9 ], [ 4536913.0, 3363552.5 ], [ 4536892.2, 3363602.7 ], [ 4536879.5, 3363607.6 ], [ 4536846.5, 3363589.0 ], [ 4536815.0, 3363551.1 ], [ 4536796.7, 3363549.3 ], [ 4536780.9, 3363571.8 ], [ 4536798.6, 3363614.3 ], [ 4536794.9, 3363628.9 ], [ 4536755.1, 3363648.9 ], [ 4536718.1, 3363647.3 ], [ 4536625.0, 3363675.9 ], [ 4536612.1, 3363669.6 ], [ 4536599.7, 3363615.6 ], [ 4536693.6, 3363538.9 ], [ 4536696.5, 3363452.4 ], [ 4536673.4, 3363438.6 ], [ 4536591.6, 3363447.2 ], [ 4536563.9, 3363442.1 ], [ 4536488.0, 3363404.6 ], [ 4536465.3, 3363401.8 ], [ 4536442.9, 3363358.3 ], [ 4536438.5, 3363327.4 ], [ 4536406.3, 3363298.7 ], [ 4536443.8, 3363283.1 ], [ 4536482.3, 3363335.8 ], [ 4536516.2, 3363339.7 ], [ 4536578.5, 3363278.7 ], [ 4536617.6, 3363365.8 ], [ 4536690.3, 3363388.9 ], [ 4536718.6, 3363403.2 ], [ 4536749.9, 3363435.7 ], [ 4536779.6, 3363442.2 ], [ 4536797.6, 3363430.7 ], [ 4536798.1, 3363409.0 ], [ 4536765.3, 3363375.3 ], [ 4536744.6, 3363365.3 ], [ 4536716.1, 3363325.9 ], [ 4536708.0, 3363306.0 ], [ 4536711.4, 3363293.9 ], [ 4536812.8, 3363218.7 ], [ 4536853.5, 3363211.8 ], [ 4536873.6, 3363222.0 ], [ 4536905.9, 3363266.1 ], [ 4536908.6, 3363281.2 ], [ 4536898.7, 3363310.4 ], [ 4536927.0, 3363360.8 ], [ 4536942.8, 3363369.0 ], [ 4536959.6, 3363362.7 ], [ 4536979.4, 3363249.8 ], [ 4536994.0, 3363095.5 ], [ 4536977.5, 3363037.9 ], [ 4536913.1, 3362895.1 ], [ 4536893.9, 3362830.1 ], [ 4536876.2, 3362819.6 ], [ 4536837.9, 3362834.8 ], [ 4536823.5, 3362826.7 ], [ 4536809.7, 3362829.4 ], [ 4536777.2, 3362850.6 ], [ 4536775.4, 3362874.1 ], [ 4536717.4, 3362904.3 ], [ 4536680.1, 3362964.5 ], [ 4536645.5, 3362966.0 ], [ 4536624.1, 3362976.7 ], [ 4536562.3, 3362958.8 ], [ 4536550.8, 3362967.9 ], [ 4536531.6, 3363012.8 ], [ 4536419.5, 3362942.8 ], [ 4536378.7, 3362868.9 ], [ 4536315.8, 3362881.1 ], [ 4536293.3, 3362914.8 ], [ 4536008.6, 3362804.3 ], [ 4535993.8, 3362819.2 ], [ 4535969.0, 3362915.4 ], [ 4535885.7, 3362880.3 ], [ 4535871.6, 3362881.6 ], [ 4535859.7, 3362894.3 ], [ 4535868.3, 3362925.6 ], [ 4535909.2, 3362958.3 ], [ 4535906.1, 3363005.2 ], [ 4535914.7, 3363058.9 ], [ 4535930.9, 3363099.8 ], [ 4535929.7, 3363166.0 ], [ 4535885.3, 3363184.1 ], [ 4535874.4, 3363203.0 ], [ 4535855.4, 3363204.6 ], [ 4535821.4, 3363176.9 ], [ 4535786.5, 3363163.7 ], [ 4535775.8, 3363146.1 ], [ 4535802.3, 3363126.5 ], [ 4535847.8, 3363110.1 ], [ 4535857.4, 3363095.8 ], [ 4535853.7, 3363078.9 ], [ 4535797.9, 3363000.8 ], [ 4535833.7, 3362946.4 ], [ 4535832.4, 3362925.8 ], [ 4535759.7, 3362889.2 ], [ 4535722.0, 3362896.2 ], [ 4535707.2, 3362889.3 ], [ 4535690.1, 3362862.0 ], [ 4535630.0, 3362850.0 ], [ 4535615.0, 3362834.3 ], [ 4535618.3, 3362825.9 ], [ 4535651.0, 3362824.5 ], [ 4535696.6, 3362785.7 ], [ 4535740.8, 3362762.1 ], [ 4535738.0, 3362735.8 ], [ 4535690.8, 3362677.0 ], [ 4535708.3, 3362630.8 ], [ 4535724.9, 3362635.5 ], [ 4535808.4, 3362623.4 ], [ 4535820.3, 3362605.3 ], [ 4535808.3, 3362570.9 ], [ 4535813.8, 3362564.6 ], [ 4535845.4, 3362571.2 ], [ 4535861.7, 3362557.4 ], [ 4535874.3, 3362015.9 ], [ 4535900.5, 3362031.1 ], [ 4535920.5, 3362027.7 ], [ 4535963.6, 3361942.8 ], [ 4536097.1, 3361833.1 ], [ 4536187.3, 3361879.5 ], [ 4536206.3, 3361927.5 ], [ 4536202.5, 3361988.2 ], [ 4536224.7, 3362018.6 ], [ 4536208.4, 3362068.2 ], [ 4536176.2, 3362068.7 ], [ 4536163.8, 3362093.1 ], [ 4536171.2, 3362105.5 ], [ 4536192.7, 3362115.1 ], [ 4536201.2, 3362136.6 ], [ 4536255.5, 3362151.5 ], [ 4536268.4, 3362140.2 ], [ 4536334.1, 3361985.6 ], [ 4536370.1, 3361977.9 ], [ 4536382.2, 3361966.9 ], [ 4536387.9, 3361935.8 ], [ 4536360.1, 3361879.7 ], [ 4536425.9, 3361751.2 ], [ 4536565.4, 3361799.4 ], [ 4536747.3, 3361828.3 ], [ 4536777.2, 3361811.0 ], [ 4536804.2, 3361759.1 ], [ 4537032.5, 3361719.5 ], [ 4537041.9, 3361743.6 ], [ 4537062.2, 3361751.8 ], [ 4537095.8, 3361746.2 ], [ 4537148.1, 3361703.6 ], [ 4537170.7, 3361697.5 ], [ 4537197.1, 3361713.1 ], [ 4537212.1, 3361712.3 ], [ 4537328.8, 3361593.3 ], [ 4537559.2, 3361406.6 ], [ 4537626.8, 3361323.4 ], [ 4537656.9, 3361304.3 ], [ 4537690.9, 3361294.5 ], [ 4537697.9, 3361278.6 ], [ 4537681.4, 3361220.9 ], [ 4537688.4, 3361209.0 ], [ 4537729.8, 3361270.5 ], [ 4537724.7, 3361292.5 ], [ 4537733.3, 3361307.7 ], [ 4537832.0, 3361341.9 ], [ 4537857.3, 3361343.7 ], [ 4537898.0, 3361335.4 ], [ 4538095.6, 3361202.5 ], [ 4538099.1, 3361185.1 ], [ 4538088.6, 3361170.8 ], [ 4538035.7, 3361166.8 ], [ 4538046.1, 3361125.0 ], [ 4538075.8, 3361089.7 ], [ 4538096.4, 3361039.1 ], [ 4538101.4, 3360958.6 ], [ 4538081.2, 3360898.6 ], [ 4538112.1, 3360808.6 ], [ 4538155.2, 3360789.6 ], [ 4538163.5, 3360778.6 ], [ 4538163.1, 3360705.9 ], [ 4538150.8, 3360694.8 ], [ 4538072.6, 3360667.4 ], [ 4538057.2, 3360544.7 ], [ 4538023.4, 3360509.1 ], [ 4538028.6, 3360476.9 ], [ 4538003.9, 3360440.8 ], [ 4537853.1, 3360322.0 ], [ 4537835.8, 3360320.0 ], [ 4537822.3, 3360329.7 ], [ 4537779.3, 3360313.4 ], [ 4537746.7, 3360317.8 ], [ 4537727.9, 3360292.5 ], [ 4537697.2, 3360280.4 ], [ 4537695.9, 3360263.2 ], [ 4537760.1, 3360294.9 ], [ 4537802.2, 3360304.8 ], [ 4537905.5, 3360261.5 ], [ 4537926.9, 3360264.5 ], [ 4537979.0, 3360325.6 ], [ 4538012.7, 3360393.2 ], [ 4538045.7, 3360409.1 ], [ 4538059.2, 3360472.6 ], [ 4538071.3, 3360480.3 ], [ 4538095.3, 3360479.1 ], [ 4538117.3, 3360492.4 ], [ 4538154.5, 3360575.8 ], [ 4538144.7, 3360630.1 ], [ 4538169.8, 3360687.6 ], [ 4538188.5, 3360698.8 ], [ 4538208.5, 3360687.2 ], [ 4538245.4, 3360830.9 ], [ 4538297.5, 3360914.4 ], [ 4538303.5, 3360935.8 ], [ 4538298.1, 3360961.4 ], [ 4538272.2, 3361004.8 ], [ 4538192.0, 3360977.9 ], [ 4538171.6, 3360985.6 ], [ 4538121.7, 3361122.4 ], [ 4538096.5, 3361161.6 ], [ 4538102.1, 3361182.6 ], [ 4538122.9, 3361188.6 ], [ 4538244.2, 3361146.8 ], [ 4538289.8, 3361139.5 ], [ 4538343.4, 3361145.8 ], [ 4538404.8, 3361171.6 ], [ 4538497.1, 3361228.3 ], [ 4538738.5, 3361488.7 ], [ 4538766.0, 3361513.3 ], [ 4538797.6, 3361527.6 ], [ 4539749.8, 3361548.2 ], [ 4540640.0, 3361589.9 ], [ 4542376.0, 3361630.7 ], [ 4542410.7, 3361637.9 ], [ 4542431.1, 3361654.0 ], [ 4542571.7, 3361818.3 ], [ 4542596.0, 3361834.6 ], [ 4542865.0, 3361921.3 ], [ 4542982.8, 3362020.0 ], [ 4543098.2, 3362064.7 ], [ 4543326.7, 3362193.6 ], [ 4543341.3, 3362193.8 ], [ 4543381.4, 3362171.4 ], [ 4543637.9, 3361723.7 ], [ 4543651.9, 3361676.0 ], [ 4543654.7, 3361629.0 ], [ 4543638.6, 3361530.6 ], [ 4543543.8, 3361274.8 ], [ 4543524.1, 3361266.9 ], [ 4543434.9, 3361289.5 ], [ 4543420.5, 3361312.2 ], [ 4543402.7, 3361317.5 ], [ 4543348.5, 3361261.6 ], [ 4543308.1, 3361234.2 ], [ 4543281.5, 3361201.1 ], [ 4543270.2, 3361161.9 ], [ 4543277.5, 3361108.8 ], [ 4543259.6, 3361059.1 ], [ 4543222.8, 3361016.8 ], [ 4543225.2, 3360986.5 ], [ 4543236.6, 3360977.5 ], [ 4543278.0, 3360977.5 ], [ 4543324.5, 3361124.3 ], [ 4543345.6, 3361155.7 ], [ 4543371.1, 3361146.5 ], [ 4543370.2, 3361120.7 ], [ 4543454.8, 3361090.0 ], [ 4543467.2, 3361078.6 ], [ 4543467.9, 3361061.7 ], [ 4543418.3, 3360911.8 ], [ 4543404.8, 3360769.6 ], [ 4543389.1, 3360754.5 ], [ 4543318.1, 3360749.1 ], [ 4543307.6, 3360676.6 ], [ 4543411.9, 3360680.1 ], [ 4543423.5, 3360665.9 ], [ 4543433.8, 3360606.4 ], [ 4543416.3, 3360593.7 ], [ 4543311.7, 3360599.4 ], [ 4543262.2, 3360529.0 ], [ 4543141.6, 3360531.4 ], [ 4543132.9, 3360419.0 ], [ 4543121.6, 3360411.5 ], [ 4543064.7, 3360404.7 ], [ 4543037.4, 3360417.5 ], [ 4543033.4, 3360370.0 ], [ 4543065.1, 3360346.3 ], [ 4543072.0, 3360307.9 ], [ 4543003.4, 3360244.1 ], [ 4542782.1, 3360243.8 ], [ 4542744.1, 3360191.6 ], [ 4542718.6, 3360183.7 ], [ 4542666.6, 3360211.4 ], [ 4542605.7, 3360022.7 ], [ 4542487.3, 3359807.6 ], [ 4542385.7, 3359812.5 ], [ 4542372.5, 3359837.7 ], [ 4542395.0, 3359908.0 ], [ 4542341.3, 3359891.3 ], [ 4542327.8, 3359893.6 ], [ 4542252.1, 3359949.9 ], [ 4542232.5, 3359953.6 ], [ 4542175.1, 3360003.5 ], [ 4542045.9, 3359795.3 ], [ 4542110.2, 3359766.7 ], [ 4542130.0, 3359793.0 ], [ 4542151.8, 3359792.8 ], [ 4542286.2, 3359714.1 ], [ 4542294.2, 3359700.2 ], [ 4542294.2, 3359669.6 ], [ 4542342.3, 3359645.2 ], [ 4542413.5, 3359639.2 ], [ 4542463.1, 3359565.1 ], [ 4542464.2, 3359549.3 ], [ 4542427.9, 3359433.8 ], [ 4542393.7, 3359357.9 ], [ 4542330.8, 3359302.2 ], [ 4542303.1, 3359300.8 ], [ 4542294.2, 3359288.9 ], [ 4542330.5, 3359201.4 ], [ 4542313.6, 3359171.8 ], [ 4542296.7, 3359113.8 ], [ 4542349.7, 3359114.5 ], [ 4542382.7, 3359092.5 ], [ 4542387.2, 3359075.9 ], [ 4542367.3, 3359010.1 ], [ 4542399.1, 3359002.2 ], [ 4542510.9, 3359007.6 ], [ 4542696.4, 3359199.3 ], [ 4542692.1, 3359262.3 ], [ 4542666.5, 3359277.3 ], [ 4542610.0, 3359271.7 ], [ 4542477.8, 3359329.8 ], [ 4542465.7, 3359343.2 ], [ 4542473.9, 3359397.8 ], [ 4542512.5, 3359508.9 ], [ 4542568.1, 3359591.7 ], [ 4542576.5, 3359635.4 ], [ 4542592.2, 3359644.3 ], [ 4542736.9, 3359633.7 ], [ 4542844.5, 3359637.9 ], [ 4542853.7, 3359622.0 ], [ 4542866.5, 3359466.4 ], [ 4542850.0, 3359450.0 ], [ 4542759.8, 3359443.6 ], [ 4542762.5, 3359339.1 ], [ 4542790.9, 3359351.2 ], [ 4542808.4, 3359345.1 ], [ 4542814.9, 3359327.7 ], [ 4542799.7, 3359276.6 ], [ 4542878.7, 3359236.4 ], [ 4542921.7, 3359273.9 ], [ 4542949.3, 3359266.3 ], [ 4542966.4, 3359189.3 ], [ 4542957.4, 3359174.1 ], [ 4542936.0, 3359168.7 ], [ 4542957.8, 3359116.5 ], [ 4542992.8, 3359120.2 ], [ 4542995.8, 3359158.9 ], [ 4543030.3, 3359167.0 ], [ 4543053.5, 3359202.6 ], [ 4543071.0, 3359205.1 ], [ 4543088.8, 3359193.8 ], [ 4543091.4, 3359173.4 ], [ 4543045.4, 3359053.7 ], [ 4543057.4, 3358990.0 ], [ 4543055.1, 3358943.6 ], [ 4543028.7, 3358913.5 ], [ 4542989.3, 3358925.7 ], [ 4542981.5, 3358940.3 ], [ 4542984.4, 3359010.5 ], [ 4542951.3, 3359016.5 ], [ 4542937.9, 3359042.3 ], [ 4542901.6, 3359034.1 ], [ 4542909.9, 3358998.8 ], [ 4542890.0, 3358981.0 ], [ 4542854.4, 3358989.1 ], [ 4542764.6, 3358966.3 ], [ 4542648.9, 3358951.1 ], [ 4542363.6, 3358954.5 ], [ 4542364.8, 3358847.0 ], [ 4542257.9, 3358699.5 ], [ 4542238.4, 3358562.6 ], [ 4542177.1, 3358464.7 ], [ 4542153.8, 3358458.5 ], [ 4542136.1, 3358480.6 ], [ 4541944.3, 3358277.2 ], [ 4541831.7, 3358223.6 ], [ 4541807.9, 3358231.1 ], [ 4541655.7, 3358166.7 ], [ 4541676.4, 3358095.5 ], [ 4541671.2, 3358082.1 ], [ 4541655.3, 3358074.3 ], [ 4541629.3, 3358085.5 ], [ 4541607.5, 3358148.0 ], [ 4541410.8, 3358064.0 ], [ 4541377.3, 3358058.3 ], [ 4541323.0, 3358055.0 ], [ 4541255.6, 3358093.4 ], [ 4541239.5, 3358124.2 ], [ 4541255.7, 3358189.2 ], [ 4541327.1, 3358282.2 ], [ 4541333.0, 3358347.8 ], [ 4541383.5, 3358402.3 ], [ 4541364.2, 3358404.0 ], [ 4541333.2, 3358379.8 ], [ 4541307.4, 3358375.9 ], [ 4541238.6, 3358277.1 ], [ 4541147.8, 3358208.9 ], [ 4541089.2, 3358206.1 ], [ 4540989.8, 3358214.7 ], [ 4540974.7, 3358222.1 ], [ 4540969.2, 3358238.0 ], [ 4540978.5, 3358364.3 ], [ 4540997.3, 3358378.0 ], [ 4541029.8, 3358371.0 ], [ 4541049.8, 3358458.3 ], [ 4541020.2, 3358468.1 ], [ 4541011.5, 3358505.9 ], [ 4540941.6, 3358515.0 ], [ 4540926.8, 3358530.0 ], [ 4540911.8, 3358672.8 ], [ 4540942.4, 3358712.5 ], [ 4541004.9, 3358717.9 ], [ 4540970.0, 3358807.7 ], [ 4540932.4, 3358869.1 ], [ 4540895.7, 3358849.1 ], [ 4540605.8, 3358769.5 ], [ 4540612.0, 3358746.7 ], [ 4540607.2, 3358733.4 ], [ 4540583.2, 3358726.0 ], [ 4540545.1, 3358669.6 ], [ 4540509.0, 3358665.2 ], [ 4540502.2, 3358645.5 ], [ 4540512.2, 3358624.0 ], [ 4540537.8, 3358618.5 ], [ 4540558.1, 3358641.6 ], [ 4540597.2, 3358649.9 ], [ 4540610.0, 3358638.0 ], [ 4540620.6, 3358598.8 ], [ 4540607.5, 3358540.2 ], [ 4540590.0, 3358529.8 ], [ 4540562.2, 3358493.0 ], [ 4540554.9, 3358429.2 ], [ 4540527.9, 3358369.4 ], [ 4540512.6, 3358359.9 ], [ 4540498.3, 3358362.8 ], [ 4540456.6, 3358412.5 ], [ 4540452.3, 3358509.9 ], [ 4540411.1, 3358467.3 ], [ 4540381.6, 3358375.1 ], [ 4540361.7, 3358366.7 ], [ 4540342.5, 3358379.7 ], [ 4540297.1, 3358349.4 ], [ 4540310.6, 3358322.9 ], [ 4540301.3, 3358303.6 ], [ 4540272.6, 3358292.5 ], [ 4540214.5, 3358313.9 ], [ 4540206.5, 3358304.4 ], [ 4540226.8, 3358278.7 ], [ 4540233.2, 3358222.2 ], [ 4540205.6, 3358199.3 ], [ 4540159.1, 3358209.5 ], [ 4540111.5, 3358185.8 ], [ 4540085.2, 3358103.8 ], [ 4540155.8, 3358140.5 ], [ 4540239.7, 3358171.8 ], [ 4540265.5, 3358159.5 ], [ 4540293.7, 3358102.1 ], [ 4540212.8, 3357923.6 ], [ 4540157.1, 3357825.9 ], [ 4540158.0, 3357785.0 ], [ 4540224.4, 3357701.6 ], [ 4540223.1, 3357660.1 ], [ 4540249.1, 3357571.4 ], [ 4540302.4, 3357501.7 ], [ 4540288.4, 3357339.6 ], [ 4540303.2, 3357195.6 ], [ 4540285.2, 3357070.2 ], [ 4540297.6, 3357049.8 ], [ 4540289.3, 3356973.2 ], [ 4540318.3, 3356950.9 ], [ 4540354.6, 3356967.3 ], [ 4540387.3, 3357007.7 ], [ 4540387.9, 3357094.9 ], [ 4540417.4, 3357133.1 ], [ 4540461.9, 3357168.3 ], [ 4540479.5, 3357170.1 ], [ 4540496.2, 3357189.4 ], [ 4540513.6, 3357338.7 ], [ 4540527.4, 3357366.2 ], [ 4540617.4, 3357399.0 ], [ 4540629.5, 3357429.1 ], [ 4540711.2, 3357471.2 ], [ 4540727.7, 3357467.4 ], [ 4540743.0, 3357446.6 ], [ 4540741.9, 3357430.0 ], [ 4540728.0, 3357410.1 ], [ 4540741.9, 3357389.5 ], [ 4540748.7, 3357341.3 ], [ 4540709.9, 3357310.5 ], [ 4540678.1, 3357317.6 ], [ 4540635.6, 3357266.7 ], [ 4540633.3, 3357232.5 ], [ 4540698.0, 3357223.6 ], [ 4540726.2, 3357210.5 ], [ 4540795.7, 3357263.4 ], [ 4540808.0, 3357281.4 ], [ 4540808.2, 3357306.1 ], [ 4540833.3, 3357333.5 ], [ 4540858.5, 3357384.6 ], [ 4540891.4, 3357427.4 ], [ 4540916.8, 3357419.5 ], [ 4540930.6, 3357378.2 ], [ 4541072.4, 3357431.6 ], [ 4541098.0, 3357427.4 ], [ 4541111.8, 3357409.8 ], [ 4541151.9, 3357426.9 ], [ 4541227.1, 3357433.5 ], [ 4541300.1, 3357429.2 ], [ 4541338.5, 3357410.7 ], [ 4541341.5, 3357438.9 ], [ 4541387.3, 3357486.2 ], [ 4541454.7, 3357525.0 ], [ 4541476.8, 3357509.9 ], [ 4541496.7, 3357382.3 ], [ 4541521.5, 3357358.9 ], [ 4541613.8, 3357330.5 ], [ 4541622.7, 3357319.1 ], [ 4541621.0, 3357301.2 ], [ 4541592.3, 3357276.2 ], [ 4541550.3, 3357297.4 ], [ 4541515.7, 3357289.0 ], [ 4541474.7, 3357265.3 ], [ 4541477.5, 3357247.2 ], [ 4541470.6, 3357235.1 ], [ 4541428.2, 3357217.7 ], [ 4541483.3, 3357094.7 ], [ 4541475.6, 3357050.4 ], [ 4541464.5, 3357036.7 ], [ 4541443.6, 3357037.0 ], [ 4541413.2, 3357063.8 ], [ 4541381.4, 3357076.3 ], [ 4541325.7, 3357080.7 ], [ 4541267.2, 3357077.5 ], [ 4541160.2, 3357057.1 ], [ 4541157.8, 3357041.2 ], [ 4541186.9, 3356983.1 ], [ 4541209.4, 3356901.0 ], [ 4541214.1, 3356857.6 ], [ 4541194.8, 3356819.8 ], [ 4541170.3, 3356807.6 ], [ 4541147.2, 3356811.1 ], [ 4541131.4, 3356829.8 ], [ 4541127.4, 3356998.6 ], [ 4541008.8, 3357032.8 ], [ 4540948.2, 3357062.6 ], [ 4540921.3, 3357085.5 ], [ 4540737.5, 3357006.1 ], [ 4540677.3, 3356962.3 ], [ 4540643.2, 3356920.8 ], [ 4540621.1, 3356764.7 ], [ 4540603.4, 3356749.4 ], [ 4540400.5, 3356778.1 ], [ 4540385.1, 3356786.9 ], [ 4540347.7, 3356779.8 ], [ 4540335.3, 3356791.9 ], [ 4540328.4, 3356851.1 ], [ 4540316.6, 3356864.1 ], [ 4540319.0, 3356895.0 ], [ 4540297.5, 3356916.4 ], [ 4540254.9, 3356928.6 ], [ 4540227.6, 3356955.5 ], [ 4540204.7, 3356965.8 ], [ 4540164.2, 3356972.7 ], [ 4540149.3, 3356971.6 ], [ 4540103.5, 3356941.1 ], [ 4540018.2, 3356831.1 ], [ 4539993.4, 3356778.5 ], [ 4539975.6, 3356711.9 ], [ 4539974.7, 3356680.2 ], [ 4540013.0, 3356617.5 ], [ 4540013.2, 3356591.8 ], [ 4539923.0, 3356509.5 ], [ 4539841.2, 3356474.9 ], [ 4539790.0, 3356436.0 ], [ 4539695.1, 3356342.2 ], [ 4539649.4, 3356268.1 ], [ 4539605.7, 3356111.6 ], [ 4539552.8, 3355977.8 ], [ 4539545.2, 3355912.0 ], [ 4539521.8, 3355824.9 ], [ 4539532.5, 3355793.5 ], [ 4539523.7, 3355752.5 ], [ 4539487.6, 3355714.9 ], [ 4539317.9, 3355610.2 ], [ 4539266.2, 3355568.5 ], [ 4539182.3, 3355541.1 ], [ 4539175.8, 3355524.0 ], [ 4539153.4, 3355504.0 ], [ 4539132.3, 3355505.6 ], [ 4539104.9, 3355530.2 ], [ 4538964.0, 3355395.2 ], [ 4538947.4, 3355370.7 ], [ 4538972.5, 3355358.0 ], [ 4538979.1, 3355345.0 ], [ 4538933.5, 3355221.4 ], [ 4538972.5, 3355207.2 ], [ 4538983.2, 3355192.8 ], [ 4538962.7, 3355102.2 ], [ 4538971.2, 3355066.0 ], [ 4538996.3, 3355048.2 ], [ 4539028.3, 3355045.0 ], [ 4539108.3, 3355093.8 ], [ 4539133.7, 3355117.4 ], [ 4539149.8, 3355138.0 ], [ 4539156.9, 3355173.1 ], [ 4539174.5, 3355207.9 ], [ 4539261.4, 3355338.3 ], [ 4539291.0, 3355339.2 ], [ 4539390.7, 3355383.6 ], [ 4539459.5, 3355456.0 ], [ 4539541.6, 3355525.5 ], [ 4539604.0, 3355564.1 ], [ 4539718.1, 3355742.2 ], [ 4539723.8, 3355759.0 ], [ 4539717.9, 3355813.4 ], [ 4539735.6, 3355856.9 ], [ 4539756.2, 3355866.7 ], [ 4539743.6, 3355889.0 ], [ 4539773.4, 3355968.6 ], [ 4539888.4, 3356144.1 ], [ 4539929.7, 3356236.1 ], [ 4539955.0, 3356272.2 ], [ 4540070.6, 3356348.5 ], [ 4540133.3, 3356404.0 ], [ 4540157.0, 3356437.3 ], [ 4540181.1, 3356500.0 ], [ 4540200.4, 3356528.3 ], [ 4540218.7, 3356530.2 ], [ 4540230.4, 3356521.0 ], [ 4540237.5, 3356493.8 ], [ 4540257.9, 3356464.0 ], [ 4540260.7, 3356416.6 ], [ 4540303.5, 3356406.2 ], [ 4540315.8, 3356392.5 ], [ 4540315.3, 3356369.6 ], [ 4540264.4, 3356264.2 ], [ 4540293.8, 3356252.0 ], [ 4540336.5, 3356191.0 ], [ 4540377.3, 3356166.7 ], [ 4540437.8, 3356163.1 ], [ 4540449.7, 3356169.0 ], [ 4540450.7, 3356203.9 ], [ 4540466.0, 3356220.1 ], [ 4540537.8, 3356237.1 ], [ 4540575.6, 3356235.3 ], [ 4540591.3, 3356222.8 ], [ 4540609.7, 3356145.0 ], [ 4540521.5, 3356007.4 ], [ 4540435.0, 3355896.9 ], [ 4540373.9, 3355909.8 ], [ 4540350.1, 3355924.2 ], [ 4540204.8, 3355916.1 ], [ 4540125.2, 3355875.0 ], [ 4540017.8, 3355851.2 ], [ 4540000.9, 3355853.7 ], [ 4539989.9, 3355847.0 ], [ 4539982.8, 3355824.1 ], [ 4539957.2, 3355807.2 ], [ 4539787.1, 3355881.1 ], [ 4539776.6, 3355867.6 ], [ 4539763.3, 3355864.7 ], [ 4539774.4, 3355853.3 ], [ 4539777.0, 3355836.2 ], [ 4539810.0, 3355813.6 ], [ 4539814.3, 3355796.2 ], [ 4539758.5, 3355722.6 ], [ 4539765.3, 3355688.7 ], [ 4539708.7, 3355544.4 ], [ 4539753.1, 3355497.9 ], [ 4539758.3, 3355442.1 ], [ 4539871.0, 3355362.4 ], [ 4539877.7, 3355346.7 ], [ 4539873.3, 3355333.5 ], [ 4539773.9, 3355229.5 ], [ 4539753.8, 3355230.9 ], [ 4539722.1, 3355257.8 ], [ 4539699.2, 3355246.7 ], [ 4539703.5, 3355174.9 ], [ 4539684.7, 3355138.9 ], [ 4539670.1, 3355130.5 ], [ 4539535.5, 3355158.0 ], [ 4539508.0, 3355209.7 ], [ 4539542.3, 3355241.7 ], [ 4539466.2, 3355288.4 ], [ 4539378.4, 3355170.8 ], [ 4539457.1, 3355134.6 ], [ 4539543.2, 3355109.6 ], [ 4539559.7, 3355069.6 ], [ 4539507.4, 3354993.9 ], [ 4539489.1, 3354987.3 ], [ 4539280.0, 3355011.0 ], [ 4539268.0, 3354985.3 ], [ 4539244.9, 3354964.2 ], [ 4539223.0, 3354961.8 ], [ 4539189.9, 3354979.1 ], [ 4539146.0, 3354949.1 ], [ 4539124.6, 3354950.3 ], [ 4539137.1, 3354860.0 ], [ 4539145.2, 3354858.7 ], [ 4539161.0, 3354892.3 ], [ 4539186.8, 3354897.2 ], [ 4539205.0, 3354880.1 ], [ 4539199.4, 3354849.6 ], [ 4539619.1, 3354779.3 ], [ 4539633.3, 3354770.4 ], [ 4539637.3, 3354749.8 ], [ 4539716.7, 3354736.6 ], [ 4539728.1, 3354714.4 ], [ 4539706.3, 3354646.5 ], [ 4539690.9, 3354637.6 ], [ 4539635.5, 3354640.5 ], [ 4539634.2, 3354560.9 ], [ 4539838.3, 3354536.8 ], [ 4539815.3, 3354658.8 ], [ 4539850.5, 3354699.5 ], [ 4539901.0, 3354694.2 ], [ 4539942.5, 3354822.7 ], [ 4539955.6, 3354833.7 ], [ 4539978.3, 3354832.2 ], [ 4539999.3, 3354920.0 ], [ 4539990.6, 3354938.4 ], [ 4539997.8, 3354953.9 ], [ 4539958.4, 3355025.3 ], [ 4539969.5, 3355049.0 ], [ 4540064.5, 3355063.4 ], [ 4540103.4, 3355078.2 ], [ 4540167.4, 3355060.1 ], [ 4540181.2, 3355048.1 ], [ 4540181.2, 3355029.9 ], [ 4540144.9, 3354999.7 ], [ 4540215.1, 3355029.4 ], [ 4540233.9, 3355029.6 ], [ 4540246.1, 3355017.9 ], [ 4540268.8, 3354962.7 ], [ 4540330.9, 3354898.4 ], [ 4540378.2, 3354916.7 ], [ 4540392.5, 3354914.8 ], [ 4540475.8, 3354831.8 ], [ 4540490.7, 3354857.2 ], [ 4540515.5, 3354857.9 ], [ 4540573.7, 3354801.8 ], [ 4540568.6, 3354682.3 ], [ 4540560.2, 3354666.3 ], [ 4540542.7, 3354662.0 ], [ 4540486.4, 3354675.3 ], [ 4540454.7, 3354754.9 ], [ 4540388.2, 3354753.1 ], [ 4540383.9, 3354703.0 ], [ 4540409.0, 3354626.8 ], [ 4540413.0, 3354557.6 ], [ 4540394.3, 3354396.1 ], [ 4540441.7, 3354383.8 ], [ 4540469.9, 3354397.1 ], [ 4540544.9, 3354459.6 ], [ 4540669.3, 3354443.3 ], [ 4540677.3, 3354476.2 ], [ 4540691.1, 3354488.6 ], [ 4540804.8, 3354465.5 ], [ 4540936.8, 3354507.4 ], [ 4540957.8, 3354490.8 ], [ 4540955.2, 3354443.7 ], [ 4540984.5, 3354443.1 ], [ 4541005.3, 3354456.1 ], [ 4541067.9, 3354433.3 ], [ 4541076.0, 3354414.3 ], [ 4541048.8, 3354316.9 ], [ 4541032.0, 3354310.1 ], [ 4540952.4, 3354313.5 ], [ 4540940.5, 3354278.0 ], [ 4540904.8, 3354269.8 ], [ 4540900.9, 3354257.3 ], [ 4540922.5, 3354217.5 ], [ 4540908.9, 3354188.0 ], [ 4540889.5, 3354182.8 ], [ 4540838.7, 3354202.3 ], [ 4540785.1, 3354191.1 ], [ 4540826.8, 3354145.9 ], [ 4540834.7, 3354109.9 ], [ 4540866.0, 3354111.4 ], [ 4540881.6, 3354095.8 ], [ 4540890.2, 3354053.5 ], [ 4540878.1, 3354017.2 ], [ 4540866.5, 3354004.5 ], [ 4540838.8, 3353999.5 ], [ 4540863.4, 3353979.2 ], [ 4540896.1, 3353967.3 ], [ 4541012.8, 3353966.4 ], [ 4541139.3, 3353933.1 ], [ 4541232.6, 3353896.4 ], [ 4541336.7, 3353819.4 ], [ 4541452.8, 3353783.6 ], [ 4541461.1, 3353767.6 ], [ 4541457.0, 3353753.5 ], [ 4541375.0, 3353640.3 ], [ 4541332.8, 3353594.6 ], [ 4541472.8, 3353554.6 ], [ 4541488.9, 3353562.4 ], [ 4541502.6, 3353558.1 ], [ 4541530.8, 3353518.4 ], [ 4541528.9, 3353503.6 ], [ 4541514.1, 3353489.5 ], [ 4541516.4, 3353478.7 ], [ 4541575.1, 3353471.7 ], [ 4541653.1, 3353446.7 ], [ 4541703.2, 3353418.1 ], [ 4541734.2, 3353388.1 ], [ 4541734.1, 3353361.9 ], [ 4541780.4, 3353294.9 ], [ 4541814.0, 3353261.5 ], [ 4541810.7, 3353236.7 ], [ 4541724.7, 3353142.1 ], [ 4541708.3, 3353134.9 ], [ 4541639.2, 3353184.5 ], [ 4541561.2, 3353258.9 ], [ 4541529.9, 3353295.7 ], [ 4541504.5, 3353344.7 ], [ 4541409.1, 3353325.9 ], [ 4541405.1, 3353302.0 ], [ 4541388.8, 3353289.4 ], [ 4541279.9, 3353313.0 ], [ 4541259.1, 3353309.3 ], [ 4541239.4, 3353282.7 ], [ 4541241.6, 3353243.6 ], [ 4541223.5, 3353221.1 ], [ 4541175.6, 3353213.3 ], [ 4541067.3, 3353162.6 ], [ 4541046.9, 3353170.2 ], [ 4541043.0, 3353191.6 ], [ 4541108.0, 3353273.6 ], [ 4541070.0, 3353304.9 ], [ 4541057.3, 3353289.4 ], [ 4540983.7, 3353249.9 ], [ 4540967.1, 3353250.7 ], [ 4540949.0, 3353266.1 ], [ 4540932.9, 3353265.3 ], [ 4540860.9, 3353207.4 ], [ 4540824.2, 3353210.2 ], [ 4540816.3, 3353190.4 ], [ 4540839.0, 3353187.2 ], [ 4540849.9, 3353168.5 ], [ 4540827.3, 3353134.7 ], [ 4540809.5, 3353059.7 ], [ 4540808.3, 3353016.3 ], [ 4540821.8, 3352985.4 ], [ 4540832.0, 3352977.7 ], [ 4540917.3, 3352977.2 ], [ 4540941.8, 3352984.6 ], [ 4541021.8, 3352953.7 ], [ 4541097.7, 3352897.0 ], [ 4541124.5, 3352864.3 ], [ 4541182.4, 3352832.6 ], [ 4541185.4, 3352806.2 ], [ 4541158.3, 3352775.2 ], [ 4541138.0, 3352770.8 ], [ 4541068.5, 3352827.7 ], [ 4540972.8, 3352862.2 ], [ 4540942.5, 3352855.8 ], [ 4540848.2, 3352555.2 ], [ 4540823.2, 3352543.8 ], [ 4540783.9, 3352568.3 ], [ 4540743.2, 3352466.7 ], [ 4540729.9, 3352454.1 ], [ 4540711.8, 3352455.8 ], [ 4540499.4, 3352578.1 ], [ 4540366.8, 3352375.7 ], [ 4540334.8, 3352357.8 ], [ 4540241.0, 3352184.6 ], [ 4540218.2, 3352176.7 ], [ 4540175.6, 3352203.3 ], [ 4540081.3, 3352042.0 ], [ 4540139.8, 3351960.2 ], [ 4540176.1, 3351935.6 ], [ 4540184.7, 3351921.0 ], [ 4540135.8, 3351734.8 ], [ 4540476.4, 3351553.3 ], [ 4540490.9, 3351530.6 ], [ 4540487.3, 3351477.8 ], [ 4540600.3, 3351431.0 ], [ 4540618.2, 3351451.6 ], [ 4540633.6, 3351456.9 ], [ 4540746.5, 3351447.5 ], [ 4540762.3, 3351425.2 ] ], [ [ 4539949.3, 3352047.7 ], [ 4539983.7, 3352056.1 ], [ 4539987.2, 3352073.8 ], [ 4539970.6, 3352130.9 ], [ 4539905.9, 3352198.0 ], [ 4539708.8, 3352311.2 ], [ 4539697.1, 3352302.4 ], [ 4539708.8, 3352259.7 ], [ 4539703.3, 3352235.3 ], [ 4539688.6, 3352223.2 ], [ 4539653.3, 3352216.1 ], [ 4539607.5, 3352180.0 ], [ 4539606.7, 3352160.9 ], [ 4539630.0, 3352139.2 ], [ 4539719.9, 3352127.3 ], [ 4539760.4, 3352131.6 ], [ 4539774.8, 3352121.7 ], [ 4539778.1, 3352108.0 ], [ 4539768.2, 3352082.9 ], [ 4539797.7, 3352007.7 ], [ 4539773.0, 3351945.1 ], [ 4539797.3, 3351872.6 ], [ 4539867.9, 3351901.8 ], [ 4539976.1, 3351927.0 ], [ 4539978.4, 3351942.6 ], [ 4539942.0, 3352028.1 ], [ 4539949.3, 3352047.7 ] ], [ [ 4538578.2, 3352064.8 ], [ 4538591.7, 3352133.9 ], [ 4538611.7, 3352148.2 ], [ 4538994.8, 3352094.6 ], [ 4539083.6, 3352163.6 ], [ 4539109.6, 3352212.2 ], [ 4539099.0, 3352238.9 ], [ 4539073.3, 3352268.9 ], [ 4539071.5, 3352441.6 ], [ 4539052.6, 3352445.5 ], [ 4539043.6, 3352457.0 ], [ 4539043.7, 3352530.6 ], [ 4538987.9, 3352529.0 ], [ 4538957.0, 3352560.2 ], [ 4538949.2, 3352583.7 ], [ 4538916.7, 3352600.2 ], [ 4538884.8, 3352634.0 ], [ 4538906.4, 3352669.1 ], [ 4538960.4, 3352691.7 ], [ 4538991.1, 3352673.3 ], [ 4538992.8, 3352658.6 ], [ 4538981.9, 3352642.5 ], [ 4539028.1, 3352608.9 ], [ 4539040.6, 3352627.5 ], [ 4539069.8, 3352631.5 ], [ 4539066.5, 3352725.3 ], [ 4538953.9, 3352709.3 ], [ 4538852.7, 3352741.1 ], [ 4538808.7, 3352726.9 ], [ 4538797.0, 3352734.0 ], [ 4538769.0, 3352780.0 ], [ 4538767.2, 3352817.3 ], [ 4538783.1, 3352916.8 ], [ 4538794.6, 3352929.7 ], [ 4538818.1, 3352933.6 ], [ 4538819.3, 3352962.7 ], [ 4538764.9, 3352973.4 ], [ 4538758.7, 3352990.5 ], [ 4538769.6, 3353011.9 ], [ 4538733.8, 3353060.6 ], [ 4538736.4, 3353075.2 ], [ 4538792.9, 3353156.4 ], [ 4538795.7, 3353178.5 ], [ 4538764.4, 3353199.2 ], [ 4538688.1, 3353109.6 ], [ 4538670.3, 3353104.8 ], [ 4538649.3, 3353118.2 ], [ 4538574.3, 3353048.6 ], [ 4538591.7, 3353030.8 ], [ 4538591.2, 3353009.3 ], [ 4538551.5, 3352962.7 ], [ 4538487.7, 3352908.3 ], [ 4538492.6, 3352884.5 ], [ 4538486.9, 3352871.4 ], [ 4538381.8, 3352813.0 ], [ 4538338.2, 3352777.9 ], [ 4538363.9, 3352756.5 ], [ 4538359.8, 3352711.6 ], [ 4538334.8, 3352685.1 ], [ 4538311.4, 3352683.9 ], [ 4538304.4, 3352641.0 ], [ 4538291.5, 3352615.7 ], [ 4538298.5, 3352570.7 ], [ 4538264.6, 3352434.9 ], [ 4538268.7, 3352396.2 ], [ 4538215.2, 3352221.9 ], [ 4538201.0, 3352189.8 ], [ 4538174.8, 3352165.1 ], [ 4538313.8, 3352087.4 ], [ 4538328.9, 3352116.8 ], [ 4538347.5, 3352123.6 ], [ 4538578.2, 3352064.8 ] ], [ [ 4537700.5, 3353029.0 ], [ 4537661.6, 3352965.4 ], [ 4537727.0, 3352915.9 ], [ 4537746.8, 3352923.1 ], [ 4537790.0, 3352902.0 ], [ 4537789.6, 3352919.3 ], [ 4537755.6, 3352950.0 ], [ 4537770.2, 3352988.3 ], [ 4537700.5, 3353029.0 ] ], [ [ 4537798.3, 3353191.4 ], [ 4537834.7, 3353248.7 ], [ 4537870.2, 3353275.8 ], [ 4537899.8, 3353339.1 ], [ 4537948.3, 3353382.6 ], [ 4537952.6, 3353409.4 ], [ 4537946.6, 3353434.3 ], [ 4537924.9, 3353448.9 ], [ 4537894.6, 3353438.5 ], [ 4537877.9, 3353421.4 ], [ 4537786.5, 3353259.1 ], [ 4537770.2, 3353254.2 ], [ 4537725.3, 3353265.7 ], [ 4537699.6, 3353259.8 ], [ 4537687.3, 3353245.3 ], [ 4537693.1, 3353216.1 ], [ 4537707.6, 3353201.4 ], [ 4537752.8, 3353182.3 ], [ 4537798.3, 3353191.4 ] ], [ [ 4539548.1, 3353308.7 ], [ 4539567.4, 3353294.1 ], [ 4539583.7, 3353299.2 ], [ 4539591.6, 3353313.3 ], [ 4539594.6, 3353394.0 ], [ 4539626.8, 3353447.0 ], [ 4539639.6, 3353491.7 ], [ 4539628.8, 3353577.8 ], [ 4539643.6, 3353662.3 ], [ 4539611.8, 3353723.2 ], [ 4539613.3, 3353822.5 ], [ 4539605.4, 3353844.2 ], [ 4539580.3, 3353852.1 ], [ 4539538.0, 3353851.9 ], [ 4539521.4, 3353838.0 ], [ 4539454.6, 3353833.1 ], [ 4539434.4, 3353819.8 ], [ 4539429.9, 3353799.8 ], [ 4539442.8, 3353637.4 ], [ 4539463.2, 3353613.7 ], [ 4539472.2, 3353587.6 ], [ 4539543.5, 3353548.9 ], [ 4539565.7, 3353518.4 ], [ 4539574.1, 3353473.2 ], [ 4539570.9, 3353421.1 ], [ 4539533.4, 3353345.1 ], [ 4539548.1, 3353308.7 ] ], [ [ 4538009.0, 3353569.4 ], [ 4538058.2, 3353620.6 ], [ 4538064.9, 3353658.3 ], [ 4538060.3, 3353691.4 ], [ 4538039.4, 3353697.4 ], [ 4538016.3, 3353692.7 ], [ 4537947.3, 3353654.6 ], [ 4537946.1, 3353619.0 ], [ 4537967.4, 3353610.9 ], [ 4537988.8, 3353569.5 ], [ 4538009.0, 3353569.4 ] ], [ [ 4537736.7, 3353697.2 ], [ 4537730.9, 3353761.2 ], [ 4537712.5, 3353818.5 ], [ 4537669.4, 3353867.0 ], [ 4537609.4, 3353892.0 ], [ 4537543.4, 3353882.3 ], [ 4537478.1, 3353777.8 ], [ 4537471.8, 3353741.5 ], [ 4537482.7, 3353683.2 ], [ 4537546.7, 3353603.5 ], [ 4537572.3, 3353585.0 ], [ 4537671.4, 3353578.4 ], [ 4537704.5, 3353591.9 ], [ 4537730.5, 3353633.5 ], [ 4537736.7, 3353697.2 ] ], [ [ 4538235.4, 3353733.2 ], [ 4538232.0, 3353695.7 ], [ 4538239.7, 3353671.3 ], [ 4538299.4, 3353625.4 ], [ 4538343.6, 3353615.9 ], [ 4538398.0, 3353639.3 ], [ 4538438.1, 3353728.1 ], [ 4538516.7, 3353845.6 ], [ 4538526.0, 3353884.7 ], [ 4538518.3, 3353898.4 ], [ 4538487.2, 3353911.7 ], [ 4538483.6, 3353944.7 ], [ 4538462.4, 3353952.2 ], [ 4538440.3, 3353923.6 ], [ 4538376.0, 3353883.2 ], [ 4538317.1, 3353823.4 ], [ 4538301.5, 3353787.7 ], [ 4538250.5, 3353755.8 ], [ 4538235.4, 3353733.2 ] ], [ [ 4541105.4, 3353778.1 ], [ 4541062.3, 3353712.4 ], [ 4541044.0, 3353706.7 ], [ 4541004.7, 3353720.1 ], [ 4540989.6, 3353717.0 ], [ 4540933.4, 3353636.5 ], [ 4540872.4, 3353636.3 ], [ 4540837.7, 3353607.5 ], [ 4540954.4, 3353542.7 ], [ 4541015.8, 3353443.8 ], [ 4541084.4, 3353400.5 ], [ 4541187.8, 3353472.6 ], [ 4541180.0, 3353498.8 ], [ 4541264.7, 3353713.2 ], [ 4541172.7, 3353754.3 ], [ 4541138.2, 3353751.3 ], [ 4541105.4, 3353778.1 ] ], [ [ 4540349.6, 3353514.2 ], [ 4540314.9, 3353546.9 ], [ 4540308.1, 3353538.6 ], [ 4540379.6, 3353452.8 ], [ 4540394.5, 3353390.4 ], [ 4540386.9, 3353375.2 ], [ 4540366.6, 3353362.2 ], [ 4540488.4, 3353296.3 ], [ 4540525.2, 3353252.5 ], [ 4540553.9, 3353233.2 ], [ 4540558.5, 3353210.9 ], [ 4540575.3, 3353223.1 ], [ 4540621.0, 3353217.6 ], [ 4540637.0, 3353226.3 ], [ 4540708.0, 3353236.1 ], [ 4540716.2, 3353261.8 ], [ 4540707.4, 3353272.9 ], [ 4540708.4, 3353290.4 ], [ 4540747.0, 3353316.4 ], [ 4540816.5, 3353307.3 ], [ 4540840.5, 3353252.2 ], [ 4540866.0, 3353299.6 ], [ 4540982.6, 3353344.4 ], [ 4540935.6, 3353357.5 ], [ 4540767.5, 3353359.2 ], [ 4540681.8, 3353372.8 ], [ 4540627.0, 3353367.5 ], [ 4540490.0, 3353384.1 ], [ 4540422.6, 3353413.5 ], [ 4540349.6, 3353514.2 ] ], [ [ 4540346.2, 3354104.7 ], [ 4540481.7, 3354197.4 ], [ 4540533.1, 3354222.4 ], [ 4540548.3, 3354322.9 ], [ 4540387.7, 3354231.2 ], [ 4540312.4, 3354223.1 ], [ 4540238.5, 3354192.3 ], [ 4540183.3, 3354198.9 ], [ 4540173.2, 3354186.4 ], [ 4540192.0, 3354164.4 ], [ 4540194.2, 3354147.0 ], [ 4540164.5, 3354113.1 ], [ 4540165.3, 3354085.0 ], [ 4540146.5, 3354045.2 ], [ 4540233.5, 3354042.6 ], [ 4540346.2, 3354104.7 ] ], [ [ 4538115.8, 3354521.1 ], [ 4538146.2, 3354530.6 ], [ 4538097.6, 3354593.0 ], [ 4538042.2, 3354598.6 ], [ 4538020.8, 3354538.9 ], [ 4538025.0, 3354469.1 ], [ 4538111.1, 3354494.0 ], [ 4538115.8, 3354521.1 ] ], [ [ 4538355.3, 3354988.9 ], [ 4538345.1, 3355134.8 ], [ 4538279.1, 3355142.3 ], [ 4538239.6, 3355176.2 ], [ 4538231.8, 3355206.4 ], [ 4538207.8, 3355195.8 ], [ 4538176.4, 3355203.6 ], [ 4538165.8, 3355161.8 ], [ 4538182.6, 3355105.5 ], [ 4538210.9, 3355079.2 ], [ 4538281.5, 3355048.7 ], [ 4538355.3, 3354988.9 ] ], [ [ 4536934.1, 3356137.0 ], [ 4536957.9, 3356174.0 ], [ 4536921.0, 3356205.2 ], [ 4536915.7, 3356226.1 ], [ 4536902.0, 3356226.8 ], [ 4536891.8, 3356206.2 ], [ 4536900.2, 3356192.4 ], [ 4536898.8, 3356175.8 ], [ 4536871.4, 3356159.4 ], [ 4536862.2, 3356144.3 ], [ 4536872.5, 3356124.6 ], [ 4536869.6, 3356108.1 ], [ 4536852.4, 3356095.7 ], [ 4536831.9, 3356099.7 ], [ 4536817.2, 3356081.2 ], [ 4536838.3, 3356032.4 ], [ 4536811.4, 3355990.3 ], [ 4536815.2, 3355960.5 ], [ 4536828.8, 3355952.3 ], [ 4536862.2, 3355984.4 ], [ 4536917.2, 3355988.8 ], [ 4536923.7, 3356007.2 ], [ 4536889.0, 3356067.7 ], [ 4536913.1, 3356126.9 ], [ 4536934.1, 3356137.0 ] ], [ [ 4536206.8, 3356074.3 ], [ 4536205.9, 3356138.4 ], [ 4536163.5, 3356152.0 ], [ 4536178.1, 3356014.8 ], [ 4536197.7, 3355969.5 ], [ 4536242.5, 3356002.5 ], [ 4536206.8, 3356074.3 ] ], [ [ 4536432.9, 3356446.7 ], [ 4536415.5, 3356511.3 ], [ 4536448.5, 3356636.5 ], [ 4536429.5, 3356669.6 ], [ 4536442.4, 3356732.2 ], [ 4536436.0, 3356828.1 ], [ 4536403.5, 3356898.1 ], [ 4536420.3, 3357015.7 ], [ 4536416.9, 3357094.1 ], [ 4536474.0, 3357192.8 ], [ 4536548.9, 3357293.9 ], [ 4536570.0, 3357373.1 ], [ 4536608.2, 3357442.8 ], [ 4536674.1, 3357480.6 ], [ 4536718.6, 3357527.9 ], [ 4536764.3, 3357543.8 ], [ 4536784.4, 3357537.7 ], [ 4536790.5, 3357524.7 ], [ 4536786.0, 3357506.4 ], [ 4536819.7, 3357480.0 ], [ 4536863.9, 3357491.4 ], [ 4536890.8, 3357586.9 ], [ 4536954.1, 3357691.3 ], [ 4536978.5, 3357702.7 ], [ 4537018.4, 3357757.8 ], [ 4536952.1, 3357755.4 ], [ 4536914.4, 3357678.6 ], [ 4536891.5, 3357659.1 ], [ 4536850.9, 3357662.6 ], [ 4536821.4, 3357644.8 ], [ 4536773.1, 3357641.0 ], [ 4536770.4, 3357620.2 ], [ 4536760.4, 3357609.4 ], [ 4536742.2, 3357608.4 ], [ 4536727.8, 3357623.9 ], [ 4536623.4, 3357564.8 ], [ 4536582.7, 3357583.0 ], [ 4536474.2, 3357501.8 ], [ 4536465.0, 3357477.0 ], [ 4536408.8, 3357452.9 ], [ 4536356.8, 3357410.8 ], [ 4536296.5, 3357423.7 ], [ 4536278.8, 3357372.8 ], [ 4536321.1, 3357350.8 ], [ 4536330.2, 3357333.1 ], [ 4536284.2, 3357185.2 ], [ 4536283.1, 3357154.8 ], [ 4536299.9, 3357093.6 ], [ 4536301.3, 3356975.4 ], [ 4536284.7, 3356948.9 ], [ 4536268.6, 3356945.8 ], [ 4536222.2, 3356962.5 ], [ 4536192.4, 3356997.7 ], [ 4536189.1, 3357073.1 ], [ 4536076.4, 3357110.5 ], [ 4536020.4, 3357099.0 ], [ 4535973.9, 3357076.0 ], [ 4535955.1, 3357083.6 ], [ 4535941.2, 3357114.4 ], [ 4535911.3, 3357100.7 ], [ 4535929.9, 3356981.9 ], [ 4535966.5, 3356937.6 ], [ 4535988.4, 3356987.5 ], [ 4536044.6, 3357048.8 ], [ 4536061.0, 3357053.4 ], [ 4536083.5, 3357039.9 ], [ 4536091.5, 3357015.8 ], [ 4536139.0, 3356962.6 ], [ 4536217.3, 3356950.3 ], [ 4536282.0, 3356913.9 ], [ 4536319.8, 3356702.9 ], [ 4536254.0, 3356534.3 ], [ 4536344.2, 3356394.2 ], [ 4536370.9, 3356388.1 ], [ 4536414.0, 3356396.8 ], [ 4536431.0, 3356425.7 ], [ 4536432.9, 3356446.7 ] ], [ [ 4539732.4, 3357786.5 ], [ 4539826.3, 3357669.8 ], [ 4539847.1, 3357705.9 ], [ 4539876.8, 3357719.4 ], [ 4539877.1, 3357752.4 ], [ 4539901.5, 3357772.4 ], [ 4539920.1, 3357806.5 ], [ 4539948.9, 3357836.8 ], [ 4539978.9, 3357856.6 ], [ 4540022.3, 3357859.8 ], [ 4540002.8, 3357916.2 ], [ 4540011.9, 3358008.4 ], [ 4540024.3, 3358049.7 ], [ 4540040.7, 3358062.7 ], [ 4540053.2, 3358094.0 ], [ 4540012.6, 3358115.7 ], [ 4540006.5, 3358128.8 ], [ 4540010.5, 3358144.0 ], [ 4539969.4, 3358171.8 ], [ 4539962.5, 3358188.4 ], [ 4540003.4, 3358243.2 ], [ 4540010.1, 3358278.0 ], [ 4540028.4, 3358287.5 ], [ 4540109.1, 3358283.7 ], [ 4540119.6, 3358295.5 ], [ 4540163.2, 3358388.7 ], [ 4540143.9, 3358475.6 ], [ 4540153.3, 3358494.4 ], [ 4540178.6, 3358509.2 ], [ 4540297.4, 3358525.3 ], [ 4540374.4, 3358577.8 ], [ 4540414.8, 3358583.8 ], [ 4540443.2, 3358698.6 ], [ 4540466.3, 3358727.4 ], [ 4540508.6, 3358863.7 ], [ 4540528.2, 3358872.6 ], [ 4540563.5, 3358858.1 ], [ 4540593.2, 3358856.3 ], [ 4540617.9, 3358881.4 ], [ 4540595.9, 3359013.2 ], [ 4540529.7, 3359080.9 ], [ 4540511.7, 3359078.9 ], [ 4540500.0, 3359087.8 ], [ 4540462.5, 3359174.5 ], [ 4540467.7, 3359194.7 ], [ 4540503.1, 3359223.5 ], [ 4540519.8, 3359225.4 ], [ 4540629.3, 3359126.0 ], [ 4540671.3, 3359126.1 ], [ 4540679.8, 3359158.6 ], [ 4540664.0, 3359158.9 ], [ 4540613.9, 3359189.9 ], [ 4540584.9, 3359256.4 ], [ 4540585.7, 3359269.7 ], [ 4540601.3, 3359290.7 ], [ 4540620.9, 3359298.6 ], [ 4540638.1, 3359286.4 ], [ 4540650.5, 3359247.0 ], [ 4540692.6, 3359187.7 ], [ 4540692.2, 3359170.1 ], [ 4540711.3, 3359168.2 ], [ 4540748.6, 3359134.5 ], [ 4540823.8, 3359136.9 ], [ 4541101.4, 3359301.9 ], [ 4541090.7, 3359421.1 ], [ 4541043.1, 3359420.5 ], [ 4541028.3, 3359435.3 ], [ 4541038.8, 3359496.9 ], [ 4540937.5, 3359503.8 ], [ 4540832.7, 3359432.3 ], [ 4540811.1, 3359442.5 ], [ 4540782.0, 3359498.6 ], [ 4540692.1, 3359485.1 ], [ 4540655.4, 3359452.5 ], [ 4540640.9, 3359449.3 ], [ 4540625.3, 3359459.1 ], [ 4540606.0, 3359508.4 ], [ 4540624.4, 3359558.6 ], [ 4540738.3, 3359689.5 ], [ 4540741.6, 3359730.1 ], [ 4540767.5, 3359796.6 ], [ 4540828.7, 3359887.7 ], [ 4540843.2, 3360017.6 ], [ 4540828.6, 3360027.0 ], [ 4540825.3, 3360043.9 ], [ 4540878.2, 3360189.2 ], [ 4540883.7, 3360211.1 ], [ 4540870.8, 3360274.6 ], [ 4540909.2, 3360372.6 ], [ 4540908.8, 3360412.9 ], [ 4540858.0, 3360470.5 ], [ 4540851.8, 3360496.3 ], [ 4540915.0, 3360543.7 ], [ 4540941.5, 3360590.6 ], [ 4541015.5, 3360617.5 ], [ 4541047.1, 3360641.8 ], [ 4541062.4, 3360693.8 ], [ 4541055.4, 3360732.6 ], [ 4541040.6, 3360747.1 ], [ 4541014.1, 3360756.5 ], [ 4541005.3, 3360776.4 ], [ 4541011.7, 3360789.8 ], [ 4541090.0, 3360857.0 ], [ 4541059.2, 3360938.1 ], [ 4541011.6, 3360989.2 ], [ 4541005.7, 3361015.3 ], [ 4541030.7, 3361060.4 ], [ 4541067.0, 3361085.3 ], [ 4541075.9, 3361178.5 ], [ 4541098.3, 3361233.0 ], [ 4541099.0, 3361250.6 ], [ 4541085.0, 3361276.8 ], [ 4541090.8, 3361344.6 ], [ 4541080.2, 3361351.2 ], [ 4541053.7, 3361339.0 ], [ 4541001.4, 3361263.4 ], [ 4540918.1, 3361232.0 ], [ 4540863.8, 3361150.0 ], [ 4540877.6, 3361105.8 ], [ 4540933.5, 3361055.6 ], [ 4540956.9, 3361010.5 ], [ 4540995.9, 3360962.3 ], [ 4540944.3, 3360845.1 ], [ 4540936.4, 3360754.5 ], [ 4540920.5, 3360734.2 ], [ 4540907.7, 3360696.8 ], [ 4540889.2, 3360687.8 ], [ 4540870.1, 3360695.6 ], [ 4540863.6, 3360754.4 ], [ 4540841.9, 3360769.1 ], [ 4540784.6, 3360716.1 ], [ 4540782.7, 3360701.7 ], [ 4540795.3, 3360690.7 ], [ 4540821.2, 3360688.3 ], [ 4540832.2, 3360674.1 ], [ 4540808.3, 3360609.2 ], [ 4540797.4, 3360597.7 ], [ 4540734.1, 3360574.3 ], [ 4540714.7, 3360582.1 ], [ 4540706.0, 3360611.3 ], [ 4540716.4, 3360673.4 ], [ 4540636.1, 3360676.0 ], [ 4540593.6, 3360693.5 ], [ 4540568.4, 3360632.3 ], [ 4540563.3, 3360576.9 ], [ 4540573.8, 3360484.8 ], [ 4540569.6, 3360460.3 ], [ 4540549.8, 3360424.1 ], [ 4540643.5, 3360394.4 ], [ 4540655.6, 3360373.7 ], [ 4540641.6, 3360307.8 ], [ 4540642.9, 3360269.5 ], [ 4540615.9, 3360159.4 ], [ 4540598.3, 3360146.5 ], [ 4540565.7, 3360151.4 ], [ 4540541.9, 3360032.7 ], [ 4540517.8, 3359999.3 ], [ 4540559.1, 3359959.1 ], [ 4540544.4, 3359852.2 ], [ 4540566.8, 3359810.3 ], [ 4540566.4, 3359796.2 ], [ 4540551.8, 3359782.0 ], [ 4540519.4, 3359780.4 ], [ 4540503.6, 3359740.8 ], [ 4540468.4, 3359731.9 ], [ 4540450.0, 3359711.9 ], [ 4540486.1, 3359497.3 ], [ 4540485.8, 3359438.1 ], [ 4540506.4, 3359430.6 ], [ 4540513.7, 3359413.8 ], [ 4540475.2, 3359361.2 ], [ 4540508.7, 3359326.9 ], [ 4540496.2, 3359275.7 ], [ 4540484.3, 3359264.6 ], [ 4540453.1, 3359257.1 ], [ 4540423.1, 3359189.3 ], [ 4540427.4, 3359127.3 ], [ 4540454.9, 3359127.7 ], [ 4540466.8, 3359119.1 ], [ 4540472.5, 3359102.5 ], [ 4540467.1, 3359069.4 ], [ 4540490.1, 3359023.1 ], [ 4540480.5, 3358840.5 ], [ 4540443.8, 3358763.6 ], [ 4540441.3, 3358743.5 ], [ 4540316.5, 3358665.7 ], [ 4540287.5, 3358596.9 ], [ 4540223.9, 3358571.0 ], [ 4540140.4, 3358603.2 ], [ 4540075.6, 3358589.4 ], [ 4540029.1, 3358564.5 ], [ 4539996.4, 3358532.5 ], [ 4539967.9, 3358455.5 ], [ 4539890.3, 3358402.3 ], [ 4539762.9, 3358370.3 ], [ 4539739.6, 3358381.9 ], [ 4539701.0, 3358329.9 ], [ 4539686.1, 3358283.8 ], [ 4539673.8, 3358276.8 ], [ 4539651.6, 3358278.6 ], [ 4539622.5, 3358165.7 ], [ 4539589.7, 3358119.3 ], [ 4539584.6, 3358099.3 ], [ 4539572.8, 3358090.9 ], [ 4539571.4, 3358058.3 ], [ 4539601.0, 3358047.9 ], [ 4539596.1, 3358012.5 ], [ 4539724.2, 3358000.5 ], [ 4539741.8, 3357988.4 ], [ 4539743.7, 3357973.9 ], [ 4539723.3, 3357922.1 ], [ 4539755.7, 3357859.2 ], [ 4539732.4, 3357786.5 ] ], [ [ 4539446.0, 3358011.0 ], [ 4539444.8, 3358053.4 ], [ 4539418.1, 3358053.3 ], [ 4539418.2, 3358010.7 ], [ 4539446.0, 3358011.0 ] ], [ [ 4537120.5, 3358182.1 ], [ 4537177.5, 3358227.4 ], [ 4537206.4, 3358284.7 ], [ 4537198.1, 3358325.6 ], [ 4537219.1, 3358345.5 ], [ 4537222.4, 3358454.4 ], [ 4537266.8, 3358497.9 ], [ 4537262.0, 3358519.1 ], [ 4537245.8, 3358530.2 ], [ 4537212.7, 3358524.3 ], [ 4537195.3, 3358537.2 ], [ 4537194.2, 3358551.9 ], [ 4537223.2, 3358614.8 ], [ 4537206.9, 3358621.8 ], [ 4537153.5, 3358605.9 ], [ 4537088.6, 3358612.0 ], [ 4537159.5, 3358512.9 ], [ 4537154.4, 3358435.1 ], [ 4537128.9, 3358389.8 ], [ 4537101.5, 3358387.8 ], [ 4537046.4, 3358358.1 ], [ 4537032.9, 3358326.3 ], [ 4537073.4, 3358247.5 ], [ 4537078.1, 3358175.6 ], [ 4537102.4, 3358154.1 ], [ 4537120.5, 3358182.1 ] ], [ [ 4535762.5, 3358459.0 ], [ 4535805.3, 3358476.5 ], [ 4535878.0, 3358461.0 ], [ 4536010.7, 3358463.4 ], [ 4536064.5, 3358527.7 ], [ 4536082.4, 3358584.5 ], [ 4536166.1, 3358619.3 ], [ 4536202.7, 3358604.8 ], [ 4536213.6, 3358608.0 ], [ 4536236.4, 3358636.8 ], [ 4536227.8, 3358652.4 ], [ 4536213.4, 3358658.0 ], [ 4536175.2, 3358666.9 ], [ 4536149.8, 3358663.3 ], [ 4536089.9, 3358616.8 ], [ 4536070.8, 3358612.5 ], [ 4536013.2, 3358621.7 ], [ 4535953.1, 3358585.6 ], [ 4535839.4, 3358565.1 ], [ 4535771.1, 3358516.8 ], [ 4535657.2, 3358490.9 ], [ 4535561.5, 3358508.0 ], [ 4535489.6, 3358492.3 ], [ 4535425.7, 3358510.2 ], [ 4535321.3, 3358480.3 ], [ 4535315.9, 3358462.4 ], [ 4535339.5, 3358438.6 ], [ 4535378.7, 3358434.3 ], [ 4535411.8, 3358413.3 ], [ 4535523.0, 3358404.6 ], [ 4535661.5, 3358451.3 ], [ 4535762.5, 3358459.0 ] ], [ [ 4537466.3, 3358662.0 ], [ 4537547.2, 3358472.6 ], [ 4537546.9, 3358427.7 ], [ 4537535.8, 3358381.5 ], [ 4537559.8, 3358374.9 ], [ 4537584.8, 3358387.6 ], [ 4537630.7, 3358433.8 ], [ 4537677.0, 3358465.6 ], [ 4537746.5, 3358477.3 ], [ 4537769.8, 3358466.2 ], [ 4537772.3, 3358435.6 ], [ 4537754.5, 3358340.7 ], [ 4537649.8, 3358229.0 ], [ 4537698.6, 3358197.5 ], [ 4537720.0, 3358199.9 ], [ 4537759.8, 3358183.3 ], [ 4537791.0, 3358200.1 ], [ 4537823.5, 3358258.0 ], [ 4537882.9, 3358261.4 ], [ 4537886.0, 3358278.7 ], [ 4537847.4, 3358304.6 ], [ 4537840.1, 3358335.8 ], [ 4537851.4, 3358366.2 ], [ 4537893.3, 3358410.4 ], [ 4537929.6, 3358415.7 ], [ 4537982.3, 3358447.3 ], [ 4538000.1, 3358446.6 ], [ 4538012.4, 3358425.6 ], [ 4537988.4, 3358364.1 ], [ 4537988.0, 3358339.5 ], [ 4538005.8, 3358326.7 ], [ 4538063.9, 3358320.6 ], [ 4538132.1, 3358372.4 ], [ 4538291.6, 3358571.6 ], [ 4538324.9, 3358598.4 ], [ 4538320.5, 3358628.2 ], [ 4538263.8, 3358664.6 ], [ 4538256.5, 3358680.7 ], [ 4538317.9, 3358768.7 ], [ 4538287.8, 3358781.2 ], [ 4538264.7, 3358768.5 ], [ 4538210.3, 3358763.8 ], [ 4538177.0, 3358740.6 ], [ 4538095.7, 3358755.8 ], [ 4538060.4, 3358754.9 ], [ 4538026.5, 3358743.8 ], [ 4537986.0, 3358758.8 ], [ 4537973.8, 3358786.6 ], [ 4537939.2, 3358805.6 ], [ 4537890.3, 3358787.6 ], [ 4537826.2, 3358776.1 ], [ 4537773.7, 3358786.0 ], [ 4537758.4, 3358804.0 ], [ 4537762.6, 3358855.4 ], [ 4537742.1, 3358872.9 ], [ 4537690.5, 3358878.2 ], [ 4537673.7, 3358941.9 ], [ 4537568.8, 3359021.5 ], [ 4537539.0, 3359013.7 ], [ 4537489.3, 3358913.5 ], [ 4537489.2, 3358891.0 ], [ 4537508.0, 3358865.7 ], [ 4537498.7, 3358758.8 ], [ 4537517.0, 3358741.8 ], [ 4537610.6, 3358747.1 ], [ 4537673.0, 3358779.8 ], [ 4537739.9, 3358792.6 ], [ 4537772.2, 3358774.2 ], [ 4537775.9, 3358752.0 ], [ 4537699.3, 3358651.3 ], [ 4537657.1, 3358611.2 ], [ 4537615.2, 3358594.9 ], [ 4537537.1, 3358594.0 ], [ 4537490.6, 3358676.0 ], [ 4537466.3, 3358662.0 ] ], [ [ 4536999.8, 3358715.8 ], [ 4537078.7, 3358812.6 ], [ 4537103.2, 3358802.7 ], [ 4537133.1, 3358814.8 ], [ 4537202.5, 3358800.0 ], [ 4537263.2, 3358806.8 ], [ 4537282.2, 3358791.6 ], [ 4537300.8, 3358789.3 ], [ 4537309.9, 3358803.3 ], [ 4537289.1, 3358842.1 ], [ 4537183.6, 3358976.8 ], [ 4537235.8, 3359093.5 ], [ 4537267.3, 3359119.2 ], [ 4537302.0, 3359169.7 ], [ 4537302.9, 3359203.2 ], [ 4537281.0, 3359256.8 ], [ 4537227.9, 3359298.0 ], [ 4537174.2, 3359309.9 ], [ 4537117.3, 3359295.1 ], [ 4537049.8, 3359271.0 ], [ 4537033.2, 3359247.7 ], [ 4537013.8, 3359241.7 ], [ 4536967.9, 3359268.2 ], [ 4536944.2, 3359265.3 ], [ 4536924.7, 3359255.9 ], [ 4536892.2, 3359210.8 ], [ 4536878.8, 3359174.4 ], [ 4536856.7, 3358991.8 ], [ 4536865.4, 3358904.3 ], [ 4536893.8, 3358815.9 ], [ 4536887.2, 3358728.7 ], [ 4536891.5, 3358713.5 ], [ 4536913.6, 3358689.7 ], [ 4536932.5, 3358687.3 ], [ 4536977.9, 3358700.8 ], [ 4536999.8, 3358715.8 ] ], [ [ 4537420.9, 3359112.9 ], [ 4537449.7, 3359088.7 ], [ 4537494.1, 3359148.8 ], [ 4537562.8, 3359192.9 ], [ 4537578.6, 3359185.4 ], [ 4537600.7, 3359154.7 ], [ 4537651.3, 3359125.5 ], [ 4537669.0, 3359124.0 ], [ 4537729.9, 3359144.0 ], [ 4537786.1, 3359135.4 ], [ 4537803.4, 3359085.4 ], [ 4537788.9, 3359069.9 ], [ 4537731.3, 3359040.8 ], [ 4537742.0, 3359022.8 ], [ 4537781.0, 3359025.1 ], [ 4537824.1, 3359044.4 ], [ 4537813.0, 3359080.6 ], [ 4537830.5, 3359101.2 ], [ 4537913.8, 3359063.3 ], [ 4537978.3, 3359064.8 ], [ 4537973.6, 3359114.5 ], [ 4537912.5, 3359142.5 ], [ 4537873.9, 3359143.7 ], [ 4537830.9, 3359124.3 ], [ 4537788.5, 3359150.1 ], [ 4537785.5, 3359172.9 ], [ 4537792.5, 3359187.2 ], [ 4537910.0, 3359244.3 ], [ 4537904.7, 3359253.2 ], [ 4537872.0, 3359255.2 ], [ 4537770.9, 3359235.2 ], [ 4537742.1, 3359208.4 ], [ 4537699.0, 3359196.2 ], [ 4537688.3, 3359179.9 ], [ 4537672.1, 3359175.7 ], [ 4537654.1, 3359181.5 ], [ 4537624.9, 3359217.9 ], [ 4537596.0, 3359233.5 ], [ 4537572.8, 3359197.7 ], [ 4537557.8, 3359196.7 ], [ 4537530.7, 3359210.6 ], [ 4537513.7, 3359225.6 ], [ 4537504.7, 3359247.2 ], [ 4537452.7, 3359294.2 ], [ 4537450.8, 3359312.5 ], [ 4537462.9, 3359326.0 ], [ 4537414.1, 3359395.3 ], [ 4537379.8, 3359475.2 ], [ 4537298.4, 3359523.1 ], [ 4537270.5, 3359595.0 ], [ 4537254.2, 3359614.7 ], [ 4537248.5, 3359640.9 ], [ 4537254.4, 3359661.6 ], [ 4537273.3, 3359674.7 ], [ 4537335.2, 3359650.1 ], [ 4537412.0, 3359671.6 ], [ 4537426.5, 3359685.7 ], [ 4537420.1, 3359706.5 ], [ 4537398.7, 3359719.0 ], [ 4537387.6, 3359752.4 ], [ 4537435.8, 3359851.1 ], [ 4537386.8, 3359912.0 ], [ 4537355.9, 3359981.3 ], [ 4537336.0, 3359935.0 ], [ 4537319.7, 3359919.4 ], [ 4537310.7, 3359844.0 ], [ 4537289.3, 3359798.9 ], [ 4537254.3, 3359779.1 ], [ 4537236.5, 3359714.3 ], [ 4537193.8, 3359657.7 ], [ 4537120.8, 3359443.8 ], [ 4537244.4, 3359497.3 ], [ 4537266.7, 3359490.0 ], [ 4537268.9, 3359454.7 ], [ 4537251.6, 3359434.5 ], [ 4537225.7, 3359427.2 ], [ 4537218.5, 3359391.8 ], [ 4537238.1, 3359363.2 ], [ 4537282.8, 3359355.5 ], [ 4537356.8, 3359307.8 ], [ 4537372.6, 3359266.2 ], [ 4537381.5, 3359206.5 ], [ 4537420.9, 3359112.9 ] ], [ [ 4539253.2, 3360012.7 ], [ 4539216.9, 3359968.1 ], [ 4539290.2, 3359968.2 ], [ 4539328.4, 3359930.5 ], [ 4539331.7, 3359912.8 ], [ 4539310.1, 3359896.0 ], [ 4539209.5, 3359914.7 ], [ 4539167.7, 3359835.8 ], [ 4539179.9, 3359817.9 ], [ 4539235.4, 3359824.6 ], [ 4539262.9, 3359808.0 ], [ 4539269.0, 3359788.4 ], [ 4539253.1, 3359751.5 ], [ 4539204.7, 3359730.0 ], [ 4539146.7, 3359671.5 ], [ 4539176.5, 3359646.2 ], [ 4539208.5, 3359685.3 ], [ 4539271.9, 3359719.0 ], [ 4539301.2, 3359762.4 ], [ 4539335.4, 3359774.6 ], [ 4539372.1, 3359754.8 ], [ 4539384.6, 3359718.7 ], [ 4539538.9, 3359715.5 ], [ 4539553.7, 3359924.0 ], [ 4539620.9, 3360045.9 ], [ 4539506.8, 3360097.6 ], [ 4539489.5, 3360092.3 ], [ 4539486.0, 3360048.2 ], [ 4539457.5, 3360022.1 ], [ 4539399.9, 3360040.1 ], [ 4539340.7, 3360025.4 ], [ 4539284.3, 3360024.8 ], [ 4539253.2, 3360012.7 ] ], [ [ 4536696.8, 3360074.7 ], [ 4536773.3, 3360119.4 ], [ 4536789.5, 3360115.1 ], [ 4536806.7, 3360097.7 ], [ 4536828.5, 3360102.2 ], [ 4536855.9, 3360143.2 ], [ 4536871.6, 3360150.3 ], [ 4536997.2, 3360090.2 ], [ 4537026.8, 3360098.5 ], [ 4537035.2, 3360131.5 ], [ 4536971.7, 3360203.4 ], [ 4536908.3, 3360234.7 ], [ 4536896.5, 3360258.8 ], [ 4536916.2, 3360299.4 ], [ 4536964.9, 3360325.3 ], [ 4536959.3, 3360359.5 ], [ 4536933.7, 3360375.8 ], [ 4536928.4, 3360396.4 ], [ 4536936.5, 3360408.5 ], [ 4536960.3, 3360417.5 ], [ 4536983.3, 3360500.0 ], [ 4537019.1, 3360517.5 ], [ 4537043.3, 3360545.1 ], [ 4537040.7, 3360572.8 ], [ 4537021.3, 3360590.1 ], [ 4536802.7, 3360595.9 ], [ 4536779.1, 3360572.8 ], [ 4536773.9, 3360538.3 ], [ 4536797.6, 3360534.6 ], [ 4536817.7, 3360520.8 ], [ 4536826.6, 3360454.9 ], [ 4536814.1, 3360429.0 ], [ 4536796.9, 3360419.3 ], [ 4536766.3, 3360417.0 ], [ 4536735.4, 3360428.6 ], [ 4536710.1, 3360456.2 ], [ 4536696.6, 3360489.2 ], [ 4536671.8, 3360499.5 ], [ 4536545.2, 3360473.7 ], [ 4536527.0, 3360457.8 ], [ 4536528.1, 3360417.8 ], [ 4536561.1, 3360400.2 ], [ 4536638.7, 3360393.4 ], [ 4536655.7, 3360381.0 ], [ 4536652.3, 3360357.0 ], [ 4536620.3, 3360342.7 ], [ 4536624.2, 3360322.7 ], [ 4536666.1, 3360311.9 ], [ 4536687.9, 3360286.0 ], [ 4536686.9, 3360261.6 ], [ 4536670.0, 3360241.8 ], [ 4536700.0, 3360221.0 ], [ 4536704.6, 3360204.2 ], [ 4536686.4, 3360177.4 ], [ 4536663.7, 3360172.7 ], [ 4536668.0, 3360128.7 ], [ 4536689.6, 3360109.1 ], [ 4536687.9, 3360087.3 ], [ 4536696.8, 3360074.7 ] ], [ [ 4537413.6, 3360328.7 ], [ 4537424.9, 3360282.9 ], [ 4537508.6, 3360286.6 ], [ 4537550.0, 3360349.3 ], [ 4537710.0, 3360381.7 ], [ 4537709.9, 3360410.7 ], [ 4537696.5, 3360423.3 ], [ 4537647.0, 3360429.8 ], [ 4537593.9, 3360424.7 ], [ 4537527.5, 3360403.1 ], [ 4537496.0, 3360377.2 ], [ 4537449.4, 3360359.7 ], [ 4537413.6, 3360328.7 ] ], [ [ 4539953.5, 3359815.0 ], [ 4539915.8, 3359636.0 ], [ 4539932.5, 3359624.6 ], [ 4540034.2, 3359804.8 ], [ 4540019.7, 3359830.2 ], [ 4539993.3, 3359834.2 ], [ 4539953.5, 3359815.0 ] ], [ [ 4539124.2, 3359579.6 ], [ 4539060.7, 3359639.5 ], [ 4538938.6, 3359553.7 ], [ 4538989.5, 3359485.2 ], [ 4539124.2, 3359579.6 ] ], [ [ 4537927.0, 3359499.3 ], [ 4537792.3, 3359610.0 ], [ 4537776.0, 3359608.4 ], [ 4537732.0, 3359569.2 ], [ 4537736.8, 3359559.3 ], [ 4537850.1, 3359485.7 ], [ 4537927.0, 3359499.3 ] ], [ [ 4539653.8, 3359506.7 ], [ 4539661.7, 3359444.8 ], [ 4539685.4, 3359444.2 ], [ 4539692.8, 3359465.5 ], [ 4539724.0, 3359488.1 ], [ 4539740.3, 3359481.9 ], [ 4539768.4, 3359442.5 ], [ 4539832.5, 3359517.5 ], [ 4539826.9, 3359597.2 ], [ 4539774.5, 3359608.4 ], [ 4539653.8, 3359506.7 ] ], [ [ 4539232.9, 3359282.6 ], [ 4539308.7, 3359234.7 ], [ 4539317.1, 3359198.5 ], [ 4539354.2, 3359218.3 ], [ 4539405.8, 3359374.0 ], [ 4539392.2, 3359413.1 ], [ 4539333.9, 3359389.9 ], [ 4539250.1, 3359371.7 ], [ 4539238.3, 3359337.9 ], [ 4539232.9, 3359282.6 ] ], [ [ 4538699.3, 3359096.6 ], [ 4538534.0, 3359022.0 ], [ 4538512.6, 3359031.3 ], [ 4538495.7, 3359076.3 ], [ 4538477.1, 3359065.4 ], [ 4538464.5, 3359052.8 ], [ 4538475.5, 3358993.0 ], [ 4538436.0, 3358968.0 ], [ 4538401.8, 3358874.0 ], [ 4538401.6, 3358846.6 ], [ 4538495.6, 3358958.7 ], [ 4538637.0, 3359049.6 ], [ 4538706.6, 3359070.8 ], [ 4538733.1, 3359094.1 ], [ 4538699.3, 3359096.6 ] ], [ [ 4538661.1, 3360677.2 ], [ 4538667.9, 3360704.3 ], [ 4538684.8, 3360726.1 ], [ 4538651.8, 3360741.0 ], [ 4538598.3, 3360752.9 ], [ 4538568.6, 3360749.7 ], [ 4538536.1, 3360727.2 ], [ 4538548.8, 3360702.3 ], [ 4538606.5, 3360688.6 ], [ 4538649.5, 3360668.7 ], [ 4538661.1, 3360677.2 ] ], [ [ 4538428.9, 3360737.6 ], [ 4538370.4, 3360734.4 ], [ 4538315.9, 3360707.5 ], [ 4538326.7, 3360703.8 ], [ 4538445.4, 3360730.8 ], [ 4538428.9, 3360737.6 ] ], [ [ 4538838.8, 3360764.2 ], [ 4538895.3, 3360695.3 ], [ 4538924.0, 3360691.8 ], [ 4539015.0, 3360699.9 ], [ 4539035.8, 3360728.1 ], [ 4539030.4, 3360779.2 ], [ 4538903.4, 3360839.3 ], [ 4538823.9, 3360844.9 ], [ 4538674.8, 3360824.4 ], [ 4538605.3, 3360787.7 ], [ 4538665.2, 3360793.3 ], [ 4538706.0, 3360779.8 ], [ 4538757.7, 3360780.3 ], [ 4538793.6, 3360810.3 ], [ 4538815.9, 3360818.8 ], [ 4538833.3, 3360806.9 ], [ 4538838.8, 3360764.2 ] ], [ [ 4539066.4, 3360795.8 ], [ 4539103.0, 3360753.0 ], [ 4539195.2, 3360782.1 ], [ 4539212.8, 3360803.1 ], [ 4539259.9, 3360795.8 ], [ 4539280.8, 3360821.3 ], [ 4539323.5, 3360849.4 ], [ 4539324.7, 3360860.7 ], [ 4539202.1, 3360824.9 ], [ 4539186.5, 3360834.6 ], [ 4539170.0, 3360871.3 ], [ 4539082.9, 3360819.7 ], [ 4539066.4, 3360795.8 ] ], [ [ 4539903.8, 3361008.6 ], [ 4539763.3, 3360855.1 ], [ 4539802.7, 3360851.7 ], [ 4539853.2, 3360818.1 ], [ 4539883.5, 3360861.5 ], [ 4539889.6, 3360944.8 ], [ 4539903.8, 3361008.6 ] ], [ [ 4539542.0, 3360699.7 ], [ 4539590.9, 3360686.5 ], [ 4539632.2, 3360689.6 ], [ 4539649.3, 3360701.8 ], [ 4539652.6, 3360727.0 ], [ 4539646.6, 3360737.3 ], [ 4539630.6, 3360740.6 ], [ 4539593.8, 3360721.3 ], [ 4539548.4, 3360719.0 ], [ 4539540.2, 3360714.7 ], [ 4539542.0, 3360699.7 ] ], [ [ 4541161.5, 3359945.4 ], [ 4541206.4, 3359789.3 ], [ 4541269.2, 3359790.7 ], [ 4541270.3, 3359856.9 ], [ 4541367.2, 3359950.0 ], [ 4541351.0, 3360052.2 ], [ 4541332.4, 3360070.4 ], [ 4541331.7, 3360144.3 ], [ 4541308.2, 3360168.4 ], [ 4541297.3, 3360193.4 ], [ 4541298.5, 3360216.7 ], [ 4541315.5, 3360240.1 ], [ 4541313.5, 3360250.1 ], [ 4541280.9, 3360265.4 ], [ 4541174.9, 3360148.9 ], [ 4541161.5, 3359945.4 ] ], [ [ 4539911.2, 3357690.4 ], [ 4539925.2, 3357687.0 ], [ 4539965.7, 3357716.6 ], [ 4539970.2, 3357743.4 ], [ 4539964.7, 3357749.9 ], [ 4539949.6, 3357752.6 ], [ 4539936.8, 3357723.9 ], [ 4539904.7, 3357705.3 ], [ 4539911.2, 3357690.4 ] ], [ [ 4539228.9, 3357567.8 ], [ 4539165.3, 3357680.4 ], [ 4539137.4, 3357676.5 ], [ 4539104.8, 3357588.0 ], [ 4539109.2, 3357565.7 ], [ 4539137.9, 3357553.5 ], [ 4539147.9, 3357538.0 ], [ 4539146.0, 3357481.3 ], [ 4539127.6, 3357388.2 ], [ 4539174.6, 3357341.6 ], [ 4539188.2, 3357251.3 ], [ 4539269.9, 3357240.5 ], [ 4539274.9, 3357272.4 ], [ 4539228.4, 3357291.2 ], [ 4539184.2, 3357398.1 ], [ 4539237.3, 3357517.0 ], [ 4539300.5, 3357546.9 ], [ 4539241.0, 3357557.9 ], [ 4539228.9, 3357567.8 ] ], [ [ 4537483.8, 3357266.8 ], [ 4537441.4, 3357328.5 ], [ 4537369.8, 3357252.9 ], [ 4537387.5, 3357232.2 ], [ 4537387.4, 3357195.0 ], [ 4537379.3, 3357178.7 ], [ 4537361.7, 3357174.1 ], [ 4537318.5, 3357206.1 ], [ 4537274.5, 3357264.3 ], [ 4537249.9, 3357271.0 ], [ 4537230.1, 3357256.3 ], [ 4537197.3, 3357269.2 ], [ 4537167.9, 3357265.7 ], [ 4537143.4, 3357307.5 ], [ 4537115.3, 3357306.6 ], [ 4537103.0, 3357315.2 ], [ 4537102.9, 3357345.3 ], [ 4537066.3, 3357359.1 ], [ 4537053.2, 3357348.3 ], [ 4537038.1, 3357310.8 ], [ 4537002.8, 3357295.8 ], [ 4536975.2, 3357229.3 ], [ 4536950.6, 3357210.0 ], [ 4536957.5, 3357136.5 ], [ 4536984.7, 3357056.6 ], [ 4537113.0, 3357036.7 ], [ 4537208.8, 3357081.3 ], [ 4537221.6, 3357075.2 ], [ 4537274.3, 3357011.2 ], [ 4537329.0, 3357022.9 ], [ 4537361.3, 3357014.0 ], [ 4537401.5, 3357053.7 ], [ 4537500.3, 3357187.5 ], [ 4537486.7, 3357202.4 ], [ 4537483.8, 3357266.8 ] ], [ [ 4538515.7, 3356474.5 ], [ 4538534.9, 3356476.7 ], [ 4538544.0, 3356494.3 ], [ 4538540.2, 3356527.5 ], [ 4538529.7, 3356533.0 ], [ 4538499.9, 3356526.8 ], [ 4538495.8, 3356510.9 ], [ 4538499.1, 3356491.2 ], [ 4538515.7, 3356474.5 ] ], [ [ 4536771.9, 3361110.1 ], [ 4536706.2, 3361088.4 ], [ 4536680.1, 3361068.4 ], [ 4536676.3, 3361051.3 ], [ 4536704.3, 3361018.6 ], [ 4536840.0, 3361021.4 ], [ 4536847.0, 3361030.8 ], [ 4536841.5, 3361054.7 ], [ 4536771.9, 3361110.1 ] ], [ [ 4535696.3, 3361983.7 ], [ 4535779.2, 3362029.8 ], [ 4535784.3, 3362040.9 ], [ 4535753.7, 3362122.8 ], [ 4535723.8, 3362133.6 ], [ 4535715.2, 3362149.4 ], [ 4535750.0, 3362210.2 ], [ 4535738.2, 3362245.3 ], [ 4535747.9, 3362267.4 ], [ 4535745.6, 3362293.5 ], [ 4535733.7, 3362315.0 ], [ 4535717.7, 3362325.6 ], [ 4535647.2, 3362326.6 ], [ 4535624.3, 3362336.1 ], [ 4535610.0, 3362349.2 ], [ 4535605.1, 3362367.0 ], [ 4535618.4, 3362390.6 ], [ 4535644.2, 3362391.7 ], [ 4535685.6, 3362468.9 ], [ 4535704.1, 3362569.5 ], [ 4535700.7, 3362618.8 ], [ 4535614.4, 3362606.7 ], [ 4535521.3, 3362582.2 ], [ 4535513.5, 3362564.1 ], [ 4535513.8, 3362556.9 ], [ 4535553.9, 3362552.1 ], [ 4535570.4, 3362539.4 ], [ 4535599.0, 3362417.4 ], [ 4535589.2, 3362386.2 ], [ 4535551.3, 3362367.3 ], [ 4535565.1, 3362271.5 ], [ 4535631.3, 3362243.2 ], [ 4535640.7, 3362223.5 ], [ 4535633.2, 3362208.1 ], [ 4535615.8, 3362198.4 ], [ 4535570.0, 3362216.8 ], [ 4535548.3, 3362215.2 ], [ 4535539.2, 3362203.2 ], [ 4535541.9, 3362173.9 ], [ 4535514.3, 3362070.7 ], [ 4535516.7, 3362047.0 ], [ 4535566.3, 3361918.3 ], [ 4535613.9, 3361889.8 ], [ 4535650.3, 3361911.5 ], [ 4535696.3, 3361983.7 ] ], [ [ 4535102.7, 3362209.9 ], [ 4535091.7, 3362234.3 ], [ 4535053.8, 3362277.6 ], [ 4535024.9, 3362274.0 ], [ 4535018.9, 3362249.1 ], [ 4535043.7, 3362197.1 ], [ 4535043.0, 3362182.7 ], [ 4534976.8, 3362124.9 ], [ 4534917.1, 3362099.7 ], [ 4534889.2, 3362071.6 ], [ 4534861.8, 3362027.5 ], [ 4534857.7, 3361996.8 ], [ 4534874.3, 3361970.0 ], [ 4534888.7, 3361962.9 ], [ 4534924.0, 3361965.9 ], [ 4534943.4, 3362012.6 ], [ 4534975.8, 3362025.7 ], [ 4535003.5, 3362053.4 ], [ 4535021.7, 3362054.3 ], [ 4535032.8, 3362044.6 ], [ 4535035.3, 3362029.7 ], [ 4535005.6, 3361970.7 ], [ 4535001.1, 3361935.6 ], [ 4535021.7, 3361913.9 ], [ 4535036.6, 3361915.8 ], [ 4535100.1, 3362032.1 ], [ 4535110.3, 3362097.2 ], [ 4535130.8, 3362130.0 ], [ 4535103.8, 3362174.1 ], [ 4535102.7, 3362209.9 ] ], [ [ 4535217.0, 3362586.5 ], [ 4535191.8, 3362627.1 ], [ 4535169.0, 3362634.7 ], [ 4535138.1, 3362626.7 ], [ 4535123.8, 3362613.4 ], [ 4535090.7, 3362541.1 ], [ 4535041.8, 3362495.6 ], [ 4535030.9, 3362474.9 ], [ 4535030.9, 3362449.3 ], [ 4535038.1, 3362425.4 ], [ 4535068.4, 3362385.5 ], [ 4535106.4, 3362374.1 ], [ 4535123.8, 3362385.4 ], [ 4535142.2, 3362423.6 ], [ 4535198.2, 3362455.4 ], [ 4535217.0, 3362586.5 ] ], [ [ 4535507.0, 3362772.7 ], [ 4535567.4, 3362858.5 ], [ 4535583.9, 3362911.8 ], [ 4535652.8, 3363025.6 ], [ 4535702.4, 3363128.6 ], [ 4535754.8, 3363279.4 ], [ 4535759.5, 3363375.4 ], [ 4535786.2, 3363461.9 ], [ 4535914.5, 3363634.4 ], [ 4535937.9, 3363744.2 ], [ 4535921.4, 3363819.1 ], [ 4535928.8, 3363855.5 ], [ 4536004.5, 3363918.6 ], [ 4536013.6, 3363944.2 ], [ 4535983.8, 3364020.9 ], [ 4535939.2, 3364077.8 ], [ 4535914.3, 3364095.6 ], [ 4535903.5, 3364095.8 ], [ 4535865.9, 3364061.1 ], [ 4535837.7, 3364049.2 ], [ 4535770.4, 3364051.1 ], [ 4535737.1, 3364042.8 ], [ 4535685.4, 3364009.0 ], [ 4535634.2, 3363958.4 ], [ 4535608.5, 3363945.4 ], [ 4535591.4, 3363950.5 ], [ 4535555.5, 3363988.4 ], [ 4535496.4, 3364009.2 ], [ 4535456.4, 3364059.7 ], [ 4535442.9, 3364115.2 ], [ 4535425.3, 3364148.3 ], [ 4535425.2, 3364238.1 ], [ 4535412.0, 3364273.7 ], [ 4535375.5, 3364298.4 ], [ 4535364.2, 3364326.2 ], [ 4535365.8, 3364351.8 ], [ 4535386.6, 3364380.3 ], [ 4535383.2, 3364400.7 ], [ 4535357.1, 3364425.3 ], [ 4535359.2, 3364452.7 ], [ 4535346.8, 3364482.2 ], [ 4535303.1, 3364501.6 ], [ 4535289.7, 3364521.6 ], [ 4535298.4, 3364541.5 ], [ 4535342.3, 3364564.3 ], [ 4535372.7, 3364591.0 ], [ 4535442.8, 3364607.1 ], [ 4535455.8, 3364631.0 ], [ 4535457.8, 3364665.0 ], [ 4535448.4, 3364696.3 ], [ 4535462.2, 3364718.8 ], [ 4535504.8, 3364725.6 ], [ 4535567.5, 3364759.0 ], [ 4535572.1, 3364785.4 ], [ 4535563.6, 3364811.0 ], [ 4535519.8, 3364865.9 ], [ 4535455.9, 3364937.2 ], [ 4535419.3, 3364940.8 ], [ 4535388.3, 3364924.9 ], [ 4535298.5, 3364908.3 ], [ 4535271.7, 3364894.4 ], [ 4535209.7, 3364895.7 ], [ 4535146.3, 3364875.7 ], [ 4535117.4, 3364847.0 ], [ 4535108.6, 3364804.9 ], [ 4535115.2, 3364785.2 ], [ 4535174.3, 3364725.2 ], [ 4535165.1, 3364674.1 ], [ 4535187.7, 3364615.2 ], [ 4535170.0, 3364577.3 ], [ 4535121.3, 3364548.9 ], [ 4535074.3, 3364498.7 ], [ 4535082.0, 3364451.1 ], [ 4535133.3, 3364373.5 ], [ 4535137.3, 3364356.0 ], [ 4535083.5, 3364276.1 ], [ 4535063.2, 3364220.7 ], [ 4535072.4, 3364197.2 ], [ 4535136.8, 3364173.9 ], [ 4535149.4, 3364158.4 ], [ 4535143.3, 3364104.7 ], [ 4535109.1, 3364041.1 ], [ 4535105.2, 3364018.1 ], [ 4535121.6, 3363972.7 ], [ 4535159.5, 3363950.2 ], [ 4535208.5, 3363946.1 ], [ 4535282.2, 3363996.4 ], [ 4535302.2, 3364000.6 ], [ 4535364.2, 3363975.1 ], [ 4535377.2, 3363952.5 ], [ 4535375.5, 3363933.0 ], [ 4535342.4, 3363896.9 ], [ 4535303.6, 3363817.4 ], [ 4535234.5, 3363779.5 ], [ 4535226.2, 3363768.1 ], [ 4535211.2, 3363703.0 ], [ 4535206.7, 3363629.3 ], [ 4535213.2, 3363590.6 ], [ 4535224.2, 3363576.4 ], [ 4535250.1, 3363565.2 ], [ 4535255.8, 3363547.9 ], [ 4535132.0, 3363417.7 ], [ 4535122.3, 3363167.3 ], [ 4535130.3, 3363132.5 ], [ 4535199.3, 3363025.8 ], [ 4535210.2, 3362948.0 ], [ 4535234.7, 3362930.4 ], [ 4535272.8, 3362919.5 ], [ 4535294.5, 3362921.6 ], [ 4535331.8, 3362939.9 ], [ 4535340.0, 3362958.2 ], [ 4535339.5, 3363003.0 ], [ 4535350.2, 3363017.3 ], [ 4535437.6, 3363055.2 ], [ 4535452.4, 3363054.4 ], [ 4535463.4, 3363044.4 ], [ 4535463.4, 3362997.0 ], [ 4535430.6, 3362937.0 ], [ 4535420.4, 3362877.6 ], [ 4535351.2, 3362721.2 ], [ 4535357.5, 3362698.7 ], [ 4535406.8, 3362670.1 ], [ 4535422.6, 3362672.9 ], [ 4535461.5, 3362727.2 ], [ 4535507.0, 3362772.7 ] ], [ [ 4530860.4, 3363262.1 ], [ 4530760.7, 3363271.0 ], [ 4530748.6, 3363171.7 ], [ 4530837.5, 3363159.3 ], [ 4530915.5, 3363132.5 ], [ 4530946.4, 3363098.8 ], [ 4530948.9, 3363077.9 ], [ 4530936.1, 3363064.8 ], [ 4530921.3, 3363064.5 ], [ 4530862.6, 3363095.7 ], [ 4530835.8, 3363090.2 ], [ 4530820.1, 3363054.7 ], [ 4530825.5, 3363039.1 ], [ 4530859.7, 3363022.8 ], [ 4530901.2, 3362972.1 ], [ 4530914.3, 3362841.8 ], [ 4530923.3, 3362819.6 ], [ 4530954.3, 3362797.3 ], [ 4531072.9, 3362788.1 ], [ 4531114.9, 3362804.6 ], [ 4531147.2, 3362836.2 ], [ 4531120.0, 3362886.0 ], [ 4531014.4, 3362979.2 ], [ 4530979.0, 3363031.0 ], [ 4530988.4, 3363055.9 ], [ 4531025.5, 3363061.2 ], [ 4530991.5, 3363163.4 ], [ 4530978.6, 3363185.1 ], [ 4530860.4, 3363262.1 ] ], [ [ 4533165.3, 3362802.0 ], [ 4533161.3, 3362742.6 ], [ 4533149.0, 3362702.5 ], [ 4533084.6, 3362647.9 ], [ 4533066.5, 3362614.6 ], [ 4533068.5, 3362570.5 ], [ 4533084.7, 3362546.8 ], [ 4533098.4, 3362542.8 ], [ 4533152.0, 3362571.2 ], [ 4533189.2, 3362577.2 ], [ 4533224.2, 3362593.2 ], [ 4533264.4, 3362649.0 ], [ 4533269.9, 3362689.2 ], [ 4533313.1, 3362741.9 ], [ 4533321.6, 3362850.1 ], [ 4533313.7, 3362887.5 ], [ 4533294.4, 3362906.8 ], [ 4533273.6, 3362907.0 ], [ 4533165.3, 3362802.0 ] ], [ [ 4531194.7, 3362756.4 ], [ 4531177.6, 3362744.5 ], [ 4531173.3, 3362730.8 ], [ 4531171.6, 3362612.0 ], [ 4531187.0, 3362577.7 ], [ 4531304.2, 3362480.3 ], [ 4531333.4, 3362472.8 ], [ 4531392.3, 3362475.4 ], [ 4531533.3, 3362536.7 ], [ 4531538.0, 3362546.0 ], [ 4531444.5, 3362598.1 ], [ 4531380.4, 3362675.6 ], [ 4531354.9, 3362693.9 ], [ 4531194.7, 3362756.4 ] ], [ [ 4530575.8, 3363554.5 ], [ 4530557.8, 3363595.6 ], [ 4530492.5, 3363627.8 ], [ 4530457.9, 3363688.4 ], [ 4530423.4, 3363674.1 ], [ 4530502.2, 3363473.0 ], [ 4530530.2, 3363447.8 ], [ 4530542.7, 3363454.0 ], [ 4530534.8, 3363496.2 ], [ 4530575.9, 3363526.1 ], [ 4530575.8, 3363554.5 ] ], [ [ 4532388.2, 3363579.8 ], [ 4532430.0, 3363571.0 ], [ 4532490.5, 3363621.8 ], [ 4532517.7, 3363709.5 ], [ 4532501.3, 3363713.7 ], [ 4532488.3, 3363734.9 ], [ 4532414.3, 3363730.9 ], [ 4532416.2, 3363691.1 ], [ 4532434.8, 3363681.6 ], [ 4532438.2, 3363664.5 ], [ 4532388.2, 3363579.8 ] ], [ [ 4530429.6, 3363896.8 ], [ 4530412.1, 3363922.3 ], [ 4530386.6, 3363934.2 ], [ 4530292.4, 3363940.4 ], [ 4530255.0, 3363928.4 ], [ 4530229.9, 3363911.5 ], [ 4530209.3, 3363878.7 ], [ 4530200.3, 3363819.6 ], [ 4530211.1, 3363789.7 ], [ 4530236.1, 3363772.4 ], [ 4530287.3, 3363758.7 ], [ 4530370.2, 3363767.3 ], [ 4530410.6, 3363805.4 ], [ 4530429.6, 3363896.8 ] ], [ [ 4530687.9, 3363900.3 ], [ 4530733.4, 3363899.4 ], [ 4530778.8, 3363977.0 ], [ 4530787.4, 3364050.0 ], [ 4530779.7, 3364084.8 ], [ 4530787.8, 3364118.6 ], [ 4530818.5, 3364138.3 ], [ 4530863.9, 3364148.1 ], [ 4530878.8, 3364161.4 ], [ 4530887.6, 3364194.9 ], [ 4530881.8, 3364236.8 ], [ 4530898.0, 3364274.4 ], [ 4530946.0, 3364336.8 ], [ 4530971.0, 3364383.7 ], [ 4531012.1, 3364576.2 ], [ 4530955.1, 3364566.8 ], [ 4530911.1, 3364476.1 ], [ 4530897.8, 3364393.8 ], [ 4530834.1, 3364309.4 ], [ 4530815.1, 3364225.1 ], [ 4530751.2, 3364152.2 ], [ 4530724.3, 3364106.8 ], [ 4530746.2, 3364039.0 ], [ 4530718.3, 3363998.6 ], [ 4530687.9, 3363900.3 ] ], [ [ 4531688.0, 3364224.1 ], [ 4531652.6, 3364176.0 ], [ 4531637.0, 3364167.8 ], [ 4531603.7, 3364189.4 ], [ 4531568.2, 3364156.3 ], [ 4531612.3, 3364122.2 ], [ 4531654.1, 3364102.1 ], [ 4531743.3, 3364161.7 ], [ 4531755.3, 3364183.6 ], [ 4531754.8, 3364218.6 ], [ 4531720.9, 3364299.0 ], [ 4531681.2, 3364261.5 ], [ 4531688.0, 3364224.1 ] ], [ [ 4534996.4, 3364348.9 ], [ 4534982.9, 3364390.0 ], [ 4534949.3, 3364383.7 ], [ 4534938.2, 3364373.8 ], [ 4534940.3, 3364316.0 ], [ 4534928.6, 3364277.7 ], [ 4534906.7, 3364253.0 ], [ 4534867.9, 3364241.5 ], [ 4534865.2, 3364223.1 ], [ 4534872.8, 3364211.7 ], [ 4534900.4, 3364208.1 ], [ 4534919.7, 3364222.5 ], [ 4534941.4, 3364257.8 ], [ 4534978.6, 3364271.2 ], [ 4534983.7, 3364319.2 ], [ 4534996.4, 3364348.9 ] ], [ [ 4536601.7, 3364514.7 ], [ 4536613.5, 3364512.8 ], [ 4536642.9, 3364532.1 ], [ 4536640.8, 3364570.6 ], [ 4536622.2, 3364562.8 ], [ 4536601.7, 3364514.7 ] ], [ [ 4535641.9, 3364294.5 ], [ 4535704.9, 3364211.3 ], [ 4535797.7, 3364225.0 ], [ 4535878.2, 3364331.3 ], [ 4535879.4, 3364394.1 ], [ 4535868.5, 3364420.0 ], [ 4535846.2, 3364446.3 ], [ 4535772.0, 3364494.2 ], [ 4535720.1, 3364476.7 ], [ 4535699.7, 3364436.6 ], [ 4535672.6, 3364427.6 ], [ 4535652.4, 3364407.9 ], [ 4535636.2, 3364349.9 ], [ 4535641.9, 3364294.5 ] ], [ [ 4536446.6, 3364384.8 ], [ 4536452.8, 3364350.8 ], [ 4536421.0, 3364299.0 ], [ 4536420.2, 3364284.3 ], [ 4536473.3, 3364223.3 ], [ 4536475.7, 3364198.6 ], [ 4536447.7, 3364160.2 ], [ 4536377.8, 3364120.8 ], [ 4536382.0, 3364110.7 ], [ 4536434.2, 3364079.0 ], [ 4536446.9, 3364078.9 ], [ 4536538.2, 3364141.7 ], [ 4536577.0, 3364156.3 ], [ 4536575.6, 3364202.7 ], [ 4536582.5, 3364221.5 ], [ 4536626.6, 3364254.4 ], [ 4536642.9, 3364289.9 ], [ 4536641.3, 3364326.7 ], [ 4536623.5, 3364349.3 ], [ 4536573.7, 3364352.4 ], [ 4536507.4, 3364400.3 ], [ 4536478.4, 3364409.1 ], [ 4536451.1, 3364403.8 ], [ 4536446.6, 3364384.8 ] ], [ [ 4536758.4, 3364087.5 ], [ 4536786.4, 3364081.2 ], [ 4536790.7, 3364093.3 ], [ 4536739.0, 3364146.3 ], [ 4536717.4, 3364152.4 ], [ 4536715.4, 3364131.5 ], [ 4536758.4, 3364087.5 ] ], [ [ 4536153.8, 3364152.6 ], [ 4536114.5, 3364127.1 ], [ 4536080.1, 3363972.4 ], [ 4536081.7, 3363887.9 ], [ 4536060.5, 3363698.5 ], [ 4536046.5, 3363645.8 ], [ 4536048.5, 3363606.5 ], [ 4536005.2, 3363490.1 ], [ 4535986.2, 3363397.7 ], [ 4535987.5, 3363378.5 ], [ 4536002.4, 3363357.3 ], [ 4536014.4, 3363360.6 ], [ 4536028.0, 3363378.4 ], [ 4536098.5, 3363555.0 ], [ 4536164.0, 3363898.8 ], [ 4536192.4, 3363994.2 ], [ 4536196.7, 3364084.3 ], [ 4536189.0, 3364136.6 ], [ 4536184.9, 3364150.8 ], [ 4536153.8, 3364152.6 ] ], [ [ 4535913.2, 3363467.3 ], [ 4535900.5, 3363448.2 ], [ 4535921.5, 3363436.7 ], [ 4535930.9, 3363457.1 ], [ 4535913.2, 3363467.3 ] ], [ [ 4536070.2, 3364375.5 ], [ 4536055.3, 3364370.1 ], [ 4536043.0, 3364352.2 ], [ 4536036.4, 3364331.9 ], [ 4536039.7, 3364282.8 ], [ 4536078.1, 3364309.3 ], [ 4536087.1, 3364332.5 ], [ 4536089.6, 3364360.4 ], [ 4536070.2, 3364375.5 ] ], [ [ 4535362.2, 3365000.5 ], [ 4535350.0, 3365079.6 ], [ 4535384.5, 3365125.8 ], [ 4535353.4, 3365151.7 ], [ 4535348.1, 3365167.8 ], [ 4535367.2, 3365217.3 ], [ 4535383.1, 3365235.4 ], [ 4535406.7, 3365232.9 ], [ 4535435.0, 3365191.0 ], [ 4535453.1, 3365193.1 ], [ 4535465.1, 3365185.6 ], [ 4535465.9, 3365158.8 ], [ 4535537.5, 3365066.0 ], [ 4535567.5, 3365064.4 ], [ 4535588.7, 3365050.7 ], [ 4535614.3, 3365086.9 ], [ 4535635.7, 3365084.3 ], [ 4535651.8, 3365063.2 ], [ 4535694.1, 3365101.2 ], [ 4535718.6, 3365137.0 ], [ 4535734.5, 3365182.5 ], [ 4535700.5, 3365201.7 ], [ 4535665.3, 3365200.3 ], [ 4535650.4, 3365208.6 ], [ 4535642.3, 3365234.8 ], [ 4535660.7, 3365279.4 ], [ 4535560.5, 3365306.2 ], [ 4535543.7, 3365282.7 ], [ 4535520.3, 3365281.4 ], [ 4535463.8, 3365249.5 ], [ 4535413.6, 3365235.1 ], [ 4535393.6, 3365250.4 ], [ 4535384.4, 3365326.7 ], [ 4535370.9, 3365338.1 ], [ 4535329.7, 3365329.0 ], [ 4535293.8, 3365331.0 ], [ 4535236.8, 3365309.9 ], [ 4535201.9, 3365253.8 ], [ 4535224.4, 3365228.8 ], [ 4535214.7, 3365198.7 ], [ 4535183.7, 3365190.2 ], [ 4535157.3, 3365213.1 ], [ 4535122.2, 3365217.8 ], [ 4535114.2, 3365182.2 ], [ 4535126.5, 3365128.1 ], [ 4535166.6, 3365070.1 ], [ 4535250.3, 3365050.9 ], [ 4535268.8, 3365000.7 ], [ 4535301.5, 3364979.5 ], [ 4535333.9, 3364970.2 ], [ 4535362.2, 3365000.5 ] ], [ [ 4530605.2, 3365227.4 ], [ 4530564.9, 3365233.1 ], [ 4530551.1, 3365214.5 ], [ 4530553.0, 3365197.0 ], [ 4530645.1, 3365103.5 ], [ 4530702.2, 3365079.6 ], [ 4530759.3, 3365066.4 ], [ 4530885.2, 3365049.6 ], [ 4530948.4, 3365010.0 ], [ 4531002.5, 3364958.3 ], [ 4531024.1, 3364973.3 ], [ 4531017.9, 3365003.3 ], [ 4530999.3, 3365028.1 ], [ 4530880.5, 3365114.1 ], [ 4530797.9, 3365153.8 ], [ 4530734.5, 3365162.4 ], [ 4530699.7, 3365188.1 ], [ 4530605.2, 3365227.4 ] ], [ [ 4530499.2, 3365228.9 ], [ 4530540.9, 3365271.2 ], [ 4530508.6, 3365336.7 ], [ 4530461.0, 3365367.5 ], [ 4530442.9, 3365392.4 ], [ 4530437.9, 3365418.4 ], [ 4530454.8, 3365477.6 ], [ 4530449.8, 3365525.1 ], [ 4530394.1, 3365525.0 ], [ 4530376.4, 3365489.3 ], [ 4530375.0, 3365402.2 ], [ 4530499.2, 3365228.9 ] ], [ [ 4533542.1, 3366708.3 ], [ 4533511.6, 3366707.9 ], [ 4533474.1, 3366652.3 ], [ 4533466.8, 3366605.9 ], [ 4533468.8, 3366581.1 ], [ 4533510.7, 3366473.9 ], [ 4533592.0, 3366517.7 ], [ 4533604.7, 3366532.7 ], [ 4533612.2, 3366581.3 ], [ 4533603.4, 3366609.8 ], [ 4533556.5, 3366659.4 ], [ 4533542.1, 3366708.3 ] ], [ [ 4531547.4, 3362181.7 ], [ 4531565.0, 3362120.3 ], [ 4531607.4, 3362036.0 ], [ 4531637.8, 3362006.6 ], [ 4531656.6, 3361969.4 ], [ 4531688.7, 3361826.9 ], [ 4531689.5, 3361615.8 ], [ 4531723.9, 3361585.8 ], [ 4531787.6, 3361567.2 ], [ 4531804.4, 3361553.8 ], [ 4531813.4, 3361532.4 ], [ 4531813.0, 3361484.2 ], [ 4531838.9, 3361458.3 ], [ 4531896.7, 3361453.4 ], [ 4531940.1, 3361472.3 ], [ 4531981.0, 3361536.3 ], [ 4532050.7, 3361621.3 ], [ 4532311.5, 3361770.4 ], [ 4532342.4, 3361810.0 ], [ 4532349.3, 3361849.4 ], [ 4532337.3, 3361896.8 ], [ 4532302.7, 3361928.0 ], [ 4532233.0, 3361972.8 ], [ 4532141.6, 3361982.2 ], [ 4532097.7, 3362017.3 ], [ 4532045.1, 3362029.4 ], [ 4532009.2, 3362069.4 ], [ 4531978.1, 3362086.0 ], [ 4531914.9, 3362139.4 ], [ 4531855.3, 3362202.3 ], [ 4531819.7, 3362253.9 ], [ 4531800.2, 3362305.5 ], [ 4531800.9, 3362328.3 ], [ 4531769.1, 3362361.2 ], [ 4531717.0, 3362448.2 ], [ 4531641.5, 3362468.5 ], [ 4531595.4, 3362455.7 ], [ 4531538.1, 3362409.1 ], [ 4531518.6, 3362382.4 ], [ 4531518.7, 3362349.2 ], [ 4531545.6, 3362317.7 ], [ 4531557.3, 3362276.4 ], [ 4531547.4, 3362181.7 ] ], [ [ 4532902.2, 3362350.1 ], [ 4532969.2, 3362323.9 ], [ 4533006.1, 3362331.9 ], [ 4533031.6, 3362393.0 ], [ 4533035.9, 3362452.2 ], [ 4533017.3, 3362457.3 ], [ 4532995.5, 3362449.4 ], [ 4532905.5, 3362366.8 ], [ 4532902.2, 3362350.1 ] ], [ [ 4530615.5, 3361522.9 ], [ 4530580.7, 3361519.8 ], [ 4530538.4, 3361476.7 ], [ 4530514.7, 3361479.7 ], [ 4530419.5, 3361584.6 ], [ 4530426.7, 3361611.1 ], [ 4530487.0, 3361630.9 ], [ 4530487.4, 3361677.8 ], [ 4530447.8, 3361699.6 ], [ 4530430.6, 3361743.3 ], [ 4530410.4, 3361770.9 ], [ 4530359.8, 3361808.1 ], [ 4530330.7, 3361845.4 ], [ 4530172.8, 3361963.3 ], [ 4530138.3, 3361975.3 ], [ 4530111.7, 3361966.5 ], [ 4530099.7, 3361952.7 ], [ 4530136.1, 3361846.8 ], [ 4530163.0, 3361812.4 ], [ 4530179.1, 3361691.5 ], [ 4530256.0, 3361517.0 ], [ 4530267.6, 3361446.6 ], [ 4530332.9, 3361323.1 ], [ 4530352.5, 3361303.5 ], [ 4530369.0, 3361298.7 ], [ 4530466.3, 3361323.7 ], [ 4530488.6, 3361344.9 ], [ 4530620.2, 3361368.8 ], [ 4530639.6, 3361378.5 ], [ 4530658.9, 3361403.6 ], [ 4530665.7, 3361432.2 ], [ 4530662.6, 3361465.7 ], [ 4530615.5, 3361522.9 ] ], [ [ 4530896.9, 3361689.1 ], [ 4530859.1, 3361586.8 ], [ 4530832.3, 3361568.0 ], [ 4530799.6, 3361562.2 ], [ 4530738.8, 3361595.9 ], [ 4530719.5, 3361576.5 ], [ 4530771.8, 3361533.9 ], [ 4530858.8, 3361535.8 ], [ 4530925.7, 3361624.2 ], [ 4530946.7, 3361672.2 ], [ 4530953.0, 3361696.6 ], [ 4530944.5, 3361730.6 ], [ 4530869.4, 3361815.0 ], [ 4530833.4, 3361836.9 ], [ 4530803.3, 3361800.4 ], [ 4530831.3, 3361789.7 ], [ 4530892.3, 3361715.6 ], [ 4530896.9, 3361689.1 ] ], [ [ 4530974.4, 3360884.5 ], [ 4531002.0, 3360894.1 ], [ 4531013.6, 3360912.1 ], [ 4531013.2, 3360944.7 ], [ 4530902.0, 3361051.1 ], [ 4530794.4, 3361177.4 ], [ 4530773.0, 3361191.0 ], [ 4530735.4, 3361188.6 ], [ 4530715.6, 3361146.7 ], [ 4530722.9, 3361112.2 ], [ 4530745.5, 3361089.3 ], [ 4530834.5, 3361041.8 ], [ 4530936.7, 3360908.4 ], [ 4530974.4, 3360884.5 ] ], [ [ 4532894.5, 3360697.8 ], [ 4532998.7, 3360651.1 ], [ 4533030.2, 3360697.8 ], [ 4532914.9, 3360777.9 ], [ 4532868.4, 3360774.6 ], [ 4532864.0, 3360735.0 ], [ 4532891.4, 3360719.1 ], [ 4532894.5, 3360697.8 ] ], [ [ 4533446.8, 3360669.6 ], [ 4533357.5, 3360641.7 ], [ 4533237.7, 3360627.6 ], [ 4533277.0, 3360574.9 ], [ 4533330.3, 3360562.7 ], [ 4533357.0, 3360573.3 ], [ 4533373.7, 3360570.5 ], [ 4533456.7, 3360472.0 ], [ 4533517.3, 3360537.1 ], [ 4533508.7, 3360556.3 ], [ 4533521.2, 3360576.8 ], [ 4533576.6, 3360594.2 ], [ 4533589.0, 3360588.0 ], [ 4533600.9, 3360566.4 ], [ 4533619.0, 3360583.8 ], [ 4533647.8, 3360689.3 ], [ 4533636.1, 3360725.0 ], [ 4533611.5, 3360758.0 ], [ 4533572.6, 3360776.5 ], [ 4533517.0, 3360768.8 ], [ 4533477.2, 3360743.2 ], [ 4533446.8, 3360669.6 ] ], [ [ 4533194.1, 3360531.7 ], [ 4533179.6, 3360572.9 ], [ 4533137.5, 3360575.3 ], [ 4533127.3, 3360556.0 ], [ 4533129.2, 3360532.6 ], [ 4533149.4, 3360476.7 ], [ 4533252.2, 3360279.5 ], [ 4533299.2, 3360276.3 ], [ 4533354.0, 3360296.0 ], [ 4533381.5, 3360324.5 ], [ 4533383.4, 3360336.8 ], [ 4533364.2, 3360374.0 ], [ 4533264.0, 3360491.3 ], [ 4533194.1, 3360531.7 ] ], [ [ 4532842.3, 3359059.8 ], [ 4532835.7, 3359015.0 ], [ 4532751.7, 3358938.7 ], [ 4532733.2, 3358892.2 ], [ 4532716.6, 3358886.7 ], [ 4532687.2, 3358894.0 ], [ 4532643.7, 3358874.9 ], [ 4532634.0, 3358850.6 ], [ 4532632.6, 3358786.6 ], [ 4532573.7, 3358748.7 ], [ 4532569.5, 3358707.6 ], [ 4532582.5, 3358671.5 ], [ 4532608.7, 3358666.4 ], [ 4532697.1, 3358694.9 ], [ 4532732.7, 3358666.2 ], [ 4532740.2, 3358623.6 ], [ 4532740.5, 3358587.1 ], [ 4532727.8, 3358553.2 ], [ 4532704.7, 3358535.3 ], [ 4532591.9, 3358510.5 ], [ 4532572.7, 3358496.9 ], [ 4532587.2, 3358464.8 ], [ 4532683.2, 3358477.4 ], [ 4532730.1, 3358475.0 ], [ 4532744.7, 3358483.5 ], [ 4532869.9, 3358654.1 ], [ 4533030.1, 3358753.2 ], [ 4533051.4, 3358778.1 ], [ 4533067.0, 3358803.3 ], [ 4533074.7, 3358840.6 ], [ 4533065.6, 3358911.0 ], [ 4533070.4, 3358937.3 ], [ 4533102.0, 3359004.4 ], [ 4533124.3, 3359040.2 ], [ 4533189.3, 3359102.7 ], [ 4533218.1, 3359150.8 ], [ 4533254.3, 3359181.5 ], [ 4533270.4, 3359218.3 ], [ 4533312.9, 3359269.4 ], [ 4533327.1, 3359309.2 ], [ 4533363.7, 3359336.4 ], [ 4533365.6, 3359377.6 ], [ 4533356.6, 3359407.0 ], [ 4533318.1, 3359448.5 ], [ 4533212.7, 3359525.8 ], [ 4533162.9, 3359543.4 ], [ 4533106.3, 3359518.3 ], [ 4533078.5, 3359455.1 ], [ 4532988.5, 3359379.3 ], [ 4532945.2, 3359331.6 ], [ 4532963.7, 3359273.9 ], [ 4532956.2, 3359245.3 ], [ 4532927.6, 3359228.8 ], [ 4532905.7, 3359199.5 ], [ 4532852.9, 3359176.5 ], [ 4532843.7, 3359165.2 ], [ 4532856.3, 3359088.4 ], [ 4532842.3, 3359059.8 ] ], [ [ 4534030.8, 3354397.4 ], [ 4534124.5, 3354384.5 ], [ 4534148.1, 3354402.9 ], [ 4534156.0, 3354425.7 ], [ 4534141.4, 3354459.2 ], [ 4534103.2, 3354475.1 ], [ 4534028.5, 3354430.8 ], [ 4534030.8, 3354397.4 ] ], [ [ 4538466.6, 3351625.0 ], [ 4538449.8, 3351559.3 ], [ 4538522.8, 3351540.9 ], [ 4538526.9, 3351559.2 ], [ 4538497.9, 3351566.6 ], [ 4538486.0, 3351578.7 ], [ 4538492.9, 3351622.0 ], [ 4538466.6, 3351625.0 ] ], [ [ 4537136.0, 3350093.3 ], [ 4537134.9, 3350047.3 ], [ 4537184.8, 3350036.5 ], [ 4537202.1, 3350061.8 ], [ 4537176.6, 3350092.5 ], [ 4537136.0, 3350093.3 ] ], [ [ 4535142.2, 3349990.9 ], [ 4535157.6, 3350109.5 ], [ 4535229.6, 3350199.5 ], [ 4535300.4, 3350241.2 ], [ 4535328.9, 3350288.2 ], [ 4535335.0, 3350334.8 ], [ 4535305.4, 3350392.8 ], [ 4535257.7, 3350424.5 ], [ 4535228.4, 3350433.8 ], [ 4535197.7, 3350425.9 ], [ 4535144.9, 3350357.4 ], [ 4535091.0, 3350265.2 ], [ 4535089.2, 3350223.1 ], [ 4535069.2, 3350203.2 ], [ 4535054.6, 3350200.6 ], [ 4535039.4, 3350211.0 ], [ 4535033.6, 3350235.8 ], [ 4535039.4, 3350257.8 ], [ 4535026.2, 3350266.5 ], [ 4534985.1, 3350257.1 ], [ 4534972.9, 3350270.6 ], [ 4534972.4, 3350292.3 ], [ 4534940.9, 3350276.0 ], [ 4534936.0, 3350265.3 ], [ 4534964.2, 3350257.1 ], [ 4534985.8, 3350232.3 ], [ 4534981.7, 3350202.2 ], [ 4534987.3, 3350183.0 ], [ 4534978.3, 3350167.4 ], [ 4534957.6, 3350159.0 ], [ 4534945.6, 3350136.4 ], [ 4534916.9, 3350129.9 ], [ 4534900.0, 3350076.3 ], [ 4534896.4, 3349953.5 ], [ 4534853.9, 3349898.3 ], [ 4534833.2, 3349898.9 ], [ 4534790.0, 3349938.5 ], [ 4534752.6, 3349957.7 ], [ 4534737.9, 3349982.1 ], [ 4534722.0, 3350051.4 ], [ 4534659.1, 3350147.5 ], [ 4534624.2, 3350155.3 ], [ 4534546.7, 3350145.2 ], [ 4534528.4, 3350154.5 ], [ 4534524.1, 3350171.1 ], [ 4534538.6, 3350216.7 ], [ 4534553.2, 3350228.0 ], [ 4534585.6, 3350225.4 ], [ 4534622.1, 3350316.5 ], [ 4534654.4, 3350337.8 ], [ 4534664.4, 3350373.2 ], [ 4534489.8, 3350426.8 ], [ 4534478.4, 3350400.3 ], [ 4534443.1, 3350398.6 ], [ 4534347.4, 3350217.1 ], [ 4534348.0, 3350186.5 ], [ 4534321.2, 3350161.3 ], [ 4534266.7, 3350058.9 ], [ 4534372.7, 3350032.6 ], [ 4534380.6, 3350020.6 ], [ 4534386.3, 3349956.2 ], [ 4534438.1, 3349953.3 ], [ 4534453.7, 3349940.6 ], [ 4534456.3, 3349862.1 ], [ 4534524.0, 3349830.1 ], [ 4534563.5, 3349824.9 ], [ 4534574.2, 3349791.3 ], [ 4534659.3, 3349717.2 ], [ 4534773.6, 3349641.8 ], [ 4534926.7, 3349703.4 ], [ 4534985.3, 3349756.1 ], [ 4535014.2, 3349763.6 ], [ 4535043.3, 3349788.3 ], [ 4535056.2, 3349818.6 ], [ 4535053.2, 3349854.7 ], [ 4535066.6, 3349866.7 ], [ 4535090.5, 3349867.9 ], [ 4535085.1, 3349905.8 ], [ 4535142.2, 3349990.9 ] ], [ [ 4534251.4, 3349764.8 ], [ 4534272.6, 3349819.9 ], [ 4534058.6, 3349775.3 ], [ 4533878.6, 3349585.3 ], [ 4533936.9, 3349542.9 ], [ 4533943.4, 3349527.2 ], [ 4533883.5, 3349438.9 ], [ 4533954.3, 3349406.2 ], [ 4533963.6, 3349384.0 ], [ 4533765.3, 3349041.2 ], [ 4534032.9, 3348927.3 ], [ 4534033.0, 3348986.2 ], [ 4534008.2, 3348998.1 ], [ 4534001.5, 3349027.2 ], [ 4534025.9, 3349069.3 ], [ 4534026.3, 3349122.5 ], [ 4534059.3, 3349155.5 ], [ 4534090.0, 3349165.5 ], [ 4534226.9, 3349405.0 ], [ 4534300.0, 3349481.8 ], [ 4534217.9, 3349577.3 ], [ 4534221.2, 3349591.0 ], [ 4534263.4, 3349639.4 ], [ 4534207.9, 3349684.0 ], [ 4534202.3, 3349700.8 ], [ 4534251.4, 3349764.8 ] ], [ [ 4534781.8, 3349395.5 ], [ 4534788.9, 3349305.5 ], [ 4534819.1, 3349309.9 ], [ 4534833.8, 3349286.9 ], [ 4534819.1, 3349259.4 ], [ 4534795.7, 3349240.2 ], [ 4534789.8, 3349208.4 ], [ 4534776.7, 3349197.3 ], [ 4534686.0, 3349193.4 ], [ 4534587.3, 3349248.6 ], [ 4534496.4, 3349252.4 ], [ 4534462.2, 3349245.1 ], [ 4534481.9, 3349040.4 ], [ 4534664.6, 3349049.3 ], [ 4535162.6, 3349046.2 ], [ 4535177.5, 3349028.5 ], [ 4535174.8, 3348877.8 ], [ 4535164.6, 3348860.3 ], [ 4535135.3, 3348855.0 ], [ 4535118.7, 3348615.8 ], [ 4535190.3, 3348613.4 ], [ 4535192.1, 3348674.0 ], [ 4535206.4, 3348690.4 ], [ 4535334.9, 3348689.3 ], [ 4535268.7, 3349046.6 ], [ 4535197.0, 3349047.5 ], [ 4535182.7, 3349056.5 ], [ 4535180.7, 3349184.8 ], [ 4535015.4, 3349231.2 ], [ 4534987.7, 3349247.6 ], [ 4534946.8, 3349249.2 ], [ 4534921.2, 3349296.8 ], [ 4534856.3, 3349324.4 ], [ 4534840.1, 3349339.9 ], [ 4534832.8, 3349393.9 ], [ 4534781.8, 3349395.5 ] ], [ [ 4533650.4, 3348651.9 ], [ 4533653.5, 3348286.7 ], [ 4533684.7, 3348287.7 ], [ 4533688.0, 3348650.8 ], [ 4533650.4, 3348651.9 ] ], [ [ 4532245.1, 3348438.7 ], [ 4532253.0, 3348470.9 ], [ 4532272.1, 3348481.4 ], [ 4532341.4, 3348443.4 ], [ 4532372.3, 3348474.7 ], [ 4532401.9, 3348523.0 ], [ 4532292.4, 3348629.6 ], [ 4532216.5, 3348584.6 ], [ 4532188.1, 3348538.4 ], [ 4532133.5, 3348492.5 ], [ 4532174.6, 3348417.9 ], [ 4532199.5, 3348388.1 ], [ 4532245.1, 3348438.7 ] ], [ [ 4532124.1, 3348576.0 ], [ 4532206.7, 3348679.6 ], [ 4532266.5, 3348684.8 ], [ 4532283.2, 3348697.6 ], [ 4532286.3, 3348709.9 ], [ 4532257.8, 3348711.4 ], [ 4532243.8, 3348727.4 ], [ 4532264.5, 3348807.0 ], [ 4532265.4, 3348821.1 ], [ 4532252.0, 3348839.0 ], [ 4532196.2, 3348842.9 ], [ 4532174.9, 3348834.8 ], [ 4532134.2, 3348791.7 ], [ 4532059.2, 3348642.8 ], [ 4532052.1, 3348611.5 ], [ 4532089.1, 3348550.9 ], [ 4532124.1, 3348576.0 ] ], [ [ 4533688.1, 3348908.0 ], [ 4533700.7, 3349046.0 ], [ 4533706.1, 3349271.5 ], [ 4533772.4, 3349362.1 ], [ 4533752.1, 3349373.7 ], [ 4533736.7, 3349357.5 ], [ 4533715.6, 3349359.1 ], [ 4533705.8, 3349374.0 ], [ 4533705.9, 3349400.3 ], [ 4533691.2, 3349416.3 ], [ 4533712.1, 3349776.6 ], [ 4533650.3, 3349778.3 ], [ 4533637.5, 3349409.3 ], [ 4533643.6, 3349389.8 ], [ 4533640.3, 3349219.6 ], [ 4533529.2, 3349078.5 ], [ 4533545.6, 3349063.7 ], [ 4533599.4, 3349134.5 ], [ 4533616.5, 3349140.4 ], [ 4533629.8, 3349134.3 ], [ 4533636.5, 3349117.5 ], [ 4533630.8, 3348985.5 ], [ 4533657.1, 3348953.7 ], [ 4533655.7, 3348877.7 ], [ 4533688.1, 3348908.0 ] ], [ [ 4533931.8, 3350029.4 ], [ 4533887.6, 3350041.4 ], [ 4533800.3, 3350040.5 ], [ 4533719.1, 3350104.4 ], [ 4533727.1, 3350158.9 ], [ 4533730.3, 3350325.3 ], [ 4533728.0, 3350977.2 ], [ 4533520.4, 3351404.2 ], [ 4533425.2, 3351515.8 ], [ 4533392.2, 3351618.1 ], [ 4533377.6, 3351634.7 ], [ 4533335.0, 3351630.8 ], [ 4533382.3, 3351540.9 ], [ 4533452.3, 3351373.6 ], [ 4533553.4, 3351189.2 ], [ 4533669.3, 3350951.2 ], [ 4533673.8, 3350787.7 ], [ 4533652.9, 3350040.9 ], [ 4533670.7, 3350048.1 ], [ 4533683.7, 3350044.5 ], [ 4533741.3, 3349979.8 ], [ 4533831.5, 3349949.9 ], [ 4533927.5, 3349878.9 ], [ 4534056.3, 3349840.8 ], [ 4534099.8, 3349835.5 ], [ 4534163.2, 3349857.1 ], [ 4534174.8, 3349911.1 ], [ 4534163.4, 3349938.5 ], [ 4534125.2, 3349971.9 ], [ 4533988.9, 3349996.8 ], [ 4533931.8, 3350029.4 ] ], [ [ 4532263.0, 3350701.2 ], [ 4532220.6, 3350751.9 ], [ 4532172.2, 3350750.0 ], [ 4532157.9, 3350760.8 ], [ 4532155.5, 3350789.9 ], [ 4532165.6, 3350804.9 ], [ 4532216.6, 3350803.4 ], [ 4532214.8, 3350827.3 ], [ 4532166.4, 3350840.7 ], [ 4532131.7, 3350798.5 ], [ 4532130.8, 3350678.2 ], [ 4532202.4, 3350674.1 ], [ 4532220.3, 3350664.5 ], [ 4532225.8, 3350650.6 ], [ 4532265.0, 3350672.6 ], [ 4532263.0, 3350701.2 ] ], [ [ 4533149.7, 3351155.0 ], [ 4533142.6, 3351138.8 ], [ 4533129.8, 3351132.6 ], [ 4533073.7, 3351144.8 ], [ 4533059.4, 3351104.0 ], [ 4533014.6, 3351091.6 ], [ 4533004.6, 3350932.3 ], [ 4533509.1, 3350920.3 ], [ 4533521.6, 3351057.6 ], [ 4533472.6, 3351066.5 ], [ 4533442.3, 3351107.0 ], [ 4533149.7, 3351155.0 ] ], [ [ 4533708.3, 3351522.1 ], [ 4533761.0, 3351497.1 ], [ 4533781.8, 3351518.4 ], [ 4533783.3, 3351545.4 ], [ 4533794.7, 3351567.0 ], [ 4533809.6, 3351583.2 ], [ 4533835.2, 3351593.8 ], [ 4533855.1, 3351580.5 ], [ 4533878.3, 3351506.1 ], [ 4533893.7, 3351499.2 ], [ 4533905.8, 3351507.9 ], [ 4533907.7, 3351525.5 ], [ 4533884.4, 3351600.9 ], [ 4533884.3, 3351622.1 ], [ 4533896.0, 3351639.9 ], [ 4533892.5, 3351693.5 ], [ 4533876.8, 3351758.5 ], [ 4533723.1, 3351604.4 ], [ 4533697.8, 3351544.3 ], [ 4533708.3, 3351522.1 ] ], [ [ 4534334.6, 3351589.8 ], [ 4534497.4, 3351391.5 ], [ 4534499.0, 3351416.4 ], [ 4534555.5, 3351577.5 ], [ 4534567.4, 3351590.3 ], [ 4534653.7, 3351583.2 ], [ 4534760.8, 3351617.4 ], [ 4534944.2, 3351644.1 ], [ 4534996.4, 3351627.6 ], [ 4535051.2, 3351647.3 ], [ 4535111.1, 3351719.7 ], [ 4535085.1, 3351779.5 ], [ 4535042.6, 3351943.7 ], [ 4535054.7, 3351961.5 ], [ 4535103.8, 3351969.1 ], [ 4535117.9, 3351966.2 ], [ 4535128.2, 3351951.7 ], [ 4535117.1, 3351856.9 ], [ 4535127.2, 3351828.1 ], [ 4535183.8, 3351839.0 ], [ 4535206.7, 3351816.9 ], [ 4535226.7, 3351811.3 ], [ 4535245.9, 3351816.4 ], [ 4535286.8, 3351854.3 ], [ 4535322.3, 3351855.1 ], [ 4535374.0, 3351822.5 ], [ 4535380.2, 3351803.3 ], [ 4535369.9, 3351755.5 ], [ 4535373.6, 3351734.7 ], [ 4535430.6, 3351725.7 ], [ 4535445.9, 3351854.1 ], [ 4535421.5, 3351900.6 ], [ 4535398.4, 3351919.9 ], [ 4535265.0, 3351905.1 ], [ 4535247.0, 3351925.2 ], [ 4535266.9, 3352155.2 ], [ 4535292.5, 3352164.3 ], [ 4535352.2, 3352132.6 ], [ 4535411.3, 3352118.8 ], [ 4535484.5, 3352204.2 ], [ 4535523.4, 3352344.9 ], [ 4535527.6, 3352412.6 ], [ 4535514.1, 3352521.1 ], [ 4535524.1, 3352695.2 ], [ 4535506.6, 3352787.2 ], [ 4535471.5, 3352865.9 ], [ 4535432.4, 3352849.9 ], [ 4535416.8, 3352834.5 ], [ 4535380.7, 3352847.2 ], [ 4535342.9, 3352974.2 ], [ 4535233.3, 3352961.6 ], [ 4535234.4, 3352832.2 ], [ 4535212.6, 3352823.1 ], [ 4535149.0, 3352844.6 ], [ 4535139.4, 3352814.2 ], [ 4535299.0, 3352706.5 ], [ 4535305.8, 3352689.8 ], [ 4535300.5, 3352676.2 ], [ 4535280.5, 3352668.8 ], [ 4535221.3, 3352688.4 ], [ 4535057.7, 3352675.8 ], [ 4535036.1, 3352667.5 ], [ 4535033.9, 3352620.1 ], [ 4535060.4, 3352455.3 ], [ 4535138.6, 3352369.8 ], [ 4535144.9, 3352353.7 ], [ 4535137.6, 3352338.1 ], [ 4535041.6, 3352252.0 ], [ 4535018.3, 3352247.6 ], [ 4534977.7, 3352259.3 ], [ 4534943.1, 3352241.4 ], [ 4534934.0, 3352224.5 ], [ 4534948.4, 3352129.3 ], [ 4534957.4, 3352111.2 ], [ 4534945.0, 3352089.9 ], [ 4535017.0, 3351989.5 ], [ 4535017.3, 3351965.0 ], [ 4535002.1, 3351955.3 ], [ 4534721.0, 3351915.3 ], [ 4534706.3, 3351933.6 ], [ 4534711.0, 3352040.0 ], [ 4534689.7, 3352029.7 ], [ 4534673.0, 3352035.9 ], [ 4534606.1, 3352147.3 ], [ 4534555.8, 3352178.0 ], [ 4534507.3, 3352196.0 ], [ 4534421.3, 3352188.2 ], [ 4534347.4, 3352168.2 ], [ 4534376.8, 3352113.1 ], [ 4534368.6, 3352097.8 ], [ 4534339.8, 3352081.5 ], [ 4534376.5, 3352025.3 ], [ 4534401.5, 3352004.0 ], [ 4534402.5, 3351982.4 ], [ 4534391.8, 3351972.2 ], [ 4534273.1, 3351934.1 ], [ 4534251.4, 3351937.7 ], [ 4534231.8, 3351930.0 ], [ 4534207.8, 3351862.2 ], [ 4534169.7, 3351833.9 ], [ 4534334.6, 3351589.8 ] ], [ [ 4533593.4, 3352195.9 ], [ 4533602.0, 3352262.6 ], [ 4533595.5, 3352279.1 ], [ 4533579.1, 3352288.9 ], [ 4533487.2, 3352300.2 ], [ 4533435.6, 3352322.0 ], [ 4533400.3, 3352299.2 ], [ 4533402.8, 3352255.1 ], [ 4533416.1, 3352221.7 ], [ 4533440.2, 3352231.5 ], [ 4533459.0, 3352217.0 ], [ 4533450.4, 3352141.0 ], [ 4533482.9, 3352112.2 ], [ 4533496.4, 3352108.2 ], [ 4533533.8, 3352118.9 ], [ 4533564.6, 3352176.4 ], [ 4533593.4, 3352195.9 ] ], [ [ 4535600.5, 3352224.4 ], [ 4535623.6, 3352095.3 ], [ 4535654.3, 3352055.7 ], [ 4535578.9, 3351912.7 ], [ 4535811.1, 3351730.6 ], [ 4535819.4, 3351711.9 ], [ 4535811.7, 3351696.4 ], [ 4535594.6, 3351513.5 ], [ 4535552.5, 3351493.0 ], [ 4535525.5, 3351466.2 ], [ 4535519.4, 3351448.4 ], [ 4535972.8, 3351018.9 ], [ 4536119.2, 3351208.1 ], [ 4536099.9, 3351230.8 ], [ 4536100.5, 3351250.6 ], [ 4536217.8, 3351402.9 ], [ 4536242.4, 3351406.5 ], [ 4536374.5, 3351311.9 ], [ 4536407.1, 3351364.9 ], [ 4536463.3, 3352062.4 ], [ 4535630.1, 3352288.9 ], [ 4535605.6, 3352251.9 ], [ 4535600.5, 3352224.4 ] ], [ [ 4534717.2, 3350863.4 ], [ 4534704.9, 3350826.3 ], [ 4534645.0, 3350778.1 ], [ 4534622.3, 3350771.3 ], [ 4534600.0, 3350784.7 ], [ 4534576.8, 3350863.0 ], [ 4534544.6, 3350854.2 ], [ 4534547.2, 3350813.7 ], [ 4534518.1, 3350777.7 ], [ 4534514.4, 3350761.7 ], [ 4534514.7, 3350741.4 ], [ 4534526.3, 3350722.5 ], [ 4534537.9, 3350718.8 ], [ 4534568.2, 3350738.7 ], [ 4534592.9, 3350741.3 ], [ 4534641.9, 3350717.2 ], [ 4534714.3, 3350751.2 ], [ 4534734.0, 3350747.1 ], [ 4534768.7, 3350724.3 ], [ 4534794.0, 3350683.0 ], [ 4534830.6, 3350671.1 ], [ 4534850.0, 3350684.8 ], [ 4534857.3, 3350699.3 ], [ 4534744.5, 3350884.0 ], [ 4534715.5, 3350918.9 ], [ 4534717.2, 3350863.4 ] ], [ [ 4534450.2, 3350663.7 ], [ 4534221.8, 3350707.0 ], [ 4534204.0, 3350621.4 ], [ 4534222.3, 3350600.0 ], [ 4534209.8, 3350537.0 ], [ 4534440.6, 3350489.2 ], [ 4534454.3, 3350526.9 ], [ 4534457.3, 3350569.4 ], [ 4534450.2, 3350663.7 ] ], [ [ 4535193.1, 3350529.2 ], [ 4535240.5, 3350512.6 ], [ 4535371.1, 3350515.7 ], [ 4535378.1, 3350527.6 ], [ 4535375.1, 3350545.1 ], [ 4535338.9, 3350577.9 ], [ 4535193.1, 3350529.2 ] ], [ [ 4535434.5, 3350463.7 ], [ 4535485.6, 3350388.3 ], [ 4535476.9, 3350369.3 ], [ 4535444.1, 3350351.6 ], [ 4535459.3, 3350259.7 ], [ 4535542.9, 3350287.7 ], [ 4535651.6, 3350251.1 ], [ 4535706.7, 3350248.4 ], [ 4535767.6, 3350266.8 ], [ 4535783.4, 3350300.4 ], [ 4535739.0, 3350352.4 ], [ 4535708.5, 3350409.7 ], [ 4535535.2, 3350398.8 ], [ 4535483.5, 3350448.3 ], [ 4535475.9, 3350487.1 ], [ 4535434.5, 3350463.7 ] ], [ [ 4534399.0, 3350430.4 ], [ 4534373.7, 3350446.7 ], [ 4534355.2, 3350438.5 ], [ 4534309.4, 3350397.3 ], [ 4534253.8, 3350379.5 ], [ 4534215.0, 3350354.5 ], [ 4534172.9, 3350363.0 ], [ 4534137.8, 3350328.2 ], [ 4534102.0, 3350305.8 ], [ 4534103.4, 3350283.0 ], [ 4534199.7, 3350293.9 ], [ 4534277.5, 3350324.2 ], [ 4534367.6, 3350379.1 ], [ 4534395.0, 3350408.2 ], [ 4534399.0, 3350430.4 ] ], [ [ 4533370.6, 3353217.9 ], [ 4533340.2, 3353238.2 ], [ 4533321.8, 3353235.6 ], [ 4533271.6, 3353214.7 ], [ 4533231.0, 3353177.9 ], [ 4533213.7, 3353174.9 ], [ 4533164.0, 3353188.1 ], [ 4533143.4, 3353213.7 ], [ 4533139.4, 3353227.7 ], [ 4533148.9, 3353269.6 ], [ 4533117.8, 3353279.9 ], [ 4533064.8, 3353275.7 ], [ 4533049.0, 3353251.0 ], [ 4533058.8, 3353235.9 ], [ 4533057.2, 3353221.4 ], [ 4533016.6, 3353176.7 ], [ 4533014.0, 3353162.6 ], [ 4533128.2, 3353075.7 ], [ 4533182.5, 3353047.4 ], [ 4533235.5, 3353083.5 ], [ 4533347.8, 3353180.2 ], [ 4533386.0, 3353196.6 ], [ 4533370.6, 3353217.9 ] ], [ [ 4531246.3, 3351389.8 ], [ 4531174.1, 3351366.4 ], [ 4531159.3, 3351341.6 ], [ 4531171.5, 3351273.3 ], [ 4531208.7, 3351275.9 ], [ 4531287.1, 3351331.8 ], [ 4531286.4, 3351367.0 ], [ 4531246.3, 3351389.8 ] ], [ [ 4530570.9, 3351321.2 ], [ 4530546.6, 3351368.1 ], [ 4530535.4, 3351366.9 ], [ 4530449.0, 3351344.4 ], [ 4530470.6, 3351294.3 ], [ 4530490.1, 3351299.6 ], [ 4530507.8, 3351287.2 ], [ 4530549.2, 3351289.7 ], [ 4530570.9, 3351321.2 ] ], [ [ 4530605.1, 3351460.4 ], [ 4530598.6, 3351648.8 ], [ 4530614.6, 3351663.6 ], [ 4530677.4, 3351667.5 ], [ 4530672.2, 3351689.9 ], [ 4530643.3, 3351699.1 ], [ 4530636.9, 3351728.0 ], [ 4530599.1, 3351735.2 ], [ 4530587.9, 3351744.1 ], [ 4530584.7, 3351758.1 ], [ 4530598.9, 3351811.4 ], [ 4530569.2, 3351817.8 ], [ 4530558.7, 3351841.9 ], [ 4530504.1, 3351850.7 ], [ 4530494.0, 3351861.6 ], [ 4530493.2, 3351876.5 ], [ 4530508.8, 3351924.1 ], [ 4530526.3, 3351936.0 ], [ 4530570.0, 3351928.3 ], [ 4530576.2, 3351886.4 ], [ 4530613.0, 3351890.8 ], [ 4530634.2, 3351879.4 ], [ 4530656.1, 3351884.7 ], [ 4530712.6, 3351872.0 ], [ 4530735.2, 3351890.1 ], [ 4530750.8, 3351927.1 ], [ 4530736.3, 3351958.6 ], [ 4530739.9, 3351981.7 ], [ 4530790.7, 3352116.7 ], [ 4530768.3, 3352145.2 ], [ 4530701.7, 3352145.5 ], [ 4530649.2, 3352102.7 ], [ 4530621.8, 3352065.3 ], [ 4530588.4, 3352047.1 ], [ 4530559.0, 3352045.3 ], [ 4530370.1, 3352113.2 ], [ 4530307.0, 3352015.9 ], [ 4530283.1, 3352017.0 ], [ 4530241.6, 3352058.2 ], [ 4530217.0, 3352038.6 ], [ 4530265.8, 3351956.9 ], [ 4530331.9, 3351880.7 ], [ 4530352.0, 3351903.4 ], [ 4530376.2, 3351915.7 ], [ 4530465.9, 3351896.3 ], [ 4530479.1, 3351880.2 ], [ 4530473.0, 3351860.3 ], [ 4530409.4, 3351813.7 ], [ 4530379.4, 3351752.0 ], [ 4530424.0, 3351756.6 ], [ 4530438.8, 3351734.2 ], [ 4530424.3, 3351641.2 ], [ 4530414.0, 3351629.8 ], [ 4530385.5, 3351621.6 ], [ 4530394.1, 3351585.9 ], [ 4530410.2, 3351572.8 ], [ 4530411.4, 3351555.3 ], [ 4530393.8, 3351520.2 ], [ 4530364.8, 3351493.2 ], [ 4530432.6, 3351513.7 ], [ 4530470.6, 3351481.0 ], [ 4530493.0, 3351472.1 ], [ 4530544.6, 3351479.1 ], [ 4530605.1, 3351460.4 ] ], [ [ 4531281.6, 3349919.0 ], [ 4531205.1, 3349930.1 ], [ 4531192.6, 3349947.2 ], [ 4531205.0, 3350104.6 ], [ 4531201.9, 3350182.9 ], [ 4531167.3, 3350242.4 ], [ 4531061.4, 3350303.9 ], [ 4531029.6, 3350309.3 ], [ 4530993.5, 3350299.4 ], [ 4530959.7, 3350259.2 ], [ 4530890.3, 3350229.9 ], [ 4530881.4, 3350214.6 ], [ 4530880.1, 3350171.2 ], [ 4530892.3, 3350113.7 ], [ 4530913.4, 3350094.8 ], [ 4530962.9, 3350070.6 ], [ 4531005.8, 3350060.5 ], [ 4531025.7, 3350037.2 ], [ 4531056.2, 3350032.8 ], [ 4531163.3, 3349909.1 ], [ 4531269.0, 3349858.1 ], [ 4531286.7, 3349866.7 ], [ 4531293.4, 3349891.5 ], [ 4531281.6, 3349919.0 ] ], [ [ 4529604.9, 3351635.1 ], [ 4529580.2, 3351624.6 ], [ 4529573.2, 3351614.1 ], [ 4529575.1, 3351594.8 ], [ 4529602.7, 3351549.0 ], [ 4529635.5, 3351545.7 ], [ 4529660.6, 3351567.4 ], [ 4529659.8, 3351602.3 ], [ 4529637.8, 3351624.7 ], [ 4529604.9, 3351635.1 ] ], [ [ 4531519.3, 3347935.1 ], [ 4531537.9, 3347878.5 ], [ 4531580.9, 3347880.7 ], [ 4531584.8, 3347895.2 ], [ 4531611.9, 3347922.7 ], [ 4531635.9, 3347927.9 ], [ 4531638.1, 3347954.5 ], [ 4531570.7, 3347953.3 ], [ 4531546.5, 3347971.5 ], [ 4531516.6, 3347970.1 ], [ 4531519.3, 3347935.1 ] ], [ [ 4531703.7, 3347783.4 ], [ 4531719.1, 3347723.2 ], [ 4531732.1, 3347722.8 ], [ 4531744.0, 3347747.7 ], [ 4531775.3, 3347752.4 ], [ 4531778.4, 3347808.0 ], [ 4531720.9, 3347812.1 ], [ 4531715.9, 3347792.0 ], [ 4531703.7, 3347783.4 ] ], [ [ 4536982.0, 3349330.2 ], [ 4536934.8, 3349223.0 ], [ 4536920.9, 3349210.8 ], [ 4536782.5, 3349265.0 ], [ 4536766.3, 3349235.0 ], [ 4536750.7, 3349228.5 ], [ 4536677.3, 3349263.0 ], [ 4536647.0, 3349218.4 ], [ 4536636.1, 3349188.4 ], [ 4536643.5, 3349165.6 ], [ 4536623.3, 3349137.3 ], [ 4536890.4, 3349025.1 ], [ 4537015.0, 3349321.7 ], [ 4536982.0, 3349330.2 ] ] ] } },
{ "type": "Feature", "properties": { "id": "forest_46516", "state": "Mecklenburg-Vorpommern", "area_ha": 10716.26, "unfragmented": true, "image": "forest_46516.webp", "real_width_m": 16701.9, "real_height_m": 12971.7, "pixel_width": 1670, "pixel_height": 1297, "centroid_x": 4521317.8, "centroid_y": 3342445.5 }, "geometry": { "type": "Polygon", "coordinates": [ [ [ 4523065.8, 3349212.8 ], [ 4523140.4, 3349209.9 ], [ 4523287.5, 3349188.5 ], [ 4523395.0, 3349185.7 ], [ 4523409.5, 3349175.9 ], [ 4523410.9, 3349139.3 ], [ 4523445.0, 3349075.2 ], [ 4523457.6, 3349014.4 ], [ 4523475.8, 3348975.3 ], [ 4523521.8, 3348931.8 ], [ 4523554.1, 3348836.2 ], [ 4523581.2, 3348793.0 ], [ 4523673.2, 3348721.6 ], [ 4523678.3, 3348703.5 ], [ 4523670.2, 3348669.6 ], [ 4523682.0, 3348638.3 ], [ 4523736.5, 3348579.1 ], [ 4523741.7, 3348558.6 ], [ 4523735.5, 3348358.2 ], [ 4523745.2, 3348310.5 ], [ 4523782.0, 3348233.5 ], [ 4523797.5, 3348115.9 ], [ 4523807.7, 3348108.2 ], [ 4523889.9, 3348094.4 ], [ 4523907.0, 3348074.0 ], [ 4523904.6, 3348043.5 ], [ 4523882.5, 3348003.7 ], [ 4523874.4, 3347937.5 ], [ 4523887.3, 3347854.8 ], [ 4523911.4, 3347760.4 ], [ 4523996.2, 3347653.6 ], [ 4523997.3, 3347631.1 ], [ 4523971.6, 3347586.2 ], [ 4523923.5, 3347555.8 ], [ 4523867.6, 3347498.7 ], [ 4523785.1, 3347448.6 ], [ 4523725.9, 3347397.8 ], [ 4523711.9, 3347376.3 ], [ 4523697.8, 3347371.3 ], [ 4523681.0, 3347379.1 ], [ 4523676.2, 3347397.0 ], [ 4523685.2, 3347419.9 ], [ 4523716.6, 3347454.4 ], [ 4523707.4, 3347481.5 ], [ 4523731.3, 3347589.0 ], [ 4523635.3, 3347658.4 ], [ 4523617.6, 3347657.9 ], [ 4523602.6, 3347495.4 ], [ 4523622.9, 3347462.3 ], [ 4523606.6, 3347411.5 ], [ 4523471.1, 3347286.1 ], [ 4523450.6, 3347287.2 ], [ 4523419.8, 3347312.8 ], [ 4523392.5, 3347156.6 ], [ 4523363.3, 3347107.6 ], [ 4523341.2, 3347097.4 ], [ 4523322.7, 3347101.4 ], [ 4523174.9, 3347079.3 ], [ 4523142.1, 3347048.2 ], [ 4523162.7, 3347016.3 ], [ 4523182.6, 3347011.6 ], [ 4523198.3, 3346987.8 ], [ 4523218.9, 3346985.5 ], [ 4523259.0, 3347034.2 ], [ 4523310.5, 3347057.0 ], [ 4523324.7, 3347077.5 ], [ 4523345.9, 3347075.8 ], [ 4523378.3, 3347030.2 ], [ 4523410.1, 3346925.6 ], [ 4523506.2, 3346814.7 ], [ 4523563.6, 3346773.9 ], [ 4523599.7, 3346764.7 ], [ 4523715.4, 3346786.4 ], [ 4523892.2, 3346918.7 ], [ 4523941.6, 3346934.5 ], [ 4523965.2, 3346927.1 ], [ 4523978.7, 3346891.3 ], [ 4524075.3, 3346923.3 ], [ 4524065.0, 3346961.9 ], [ 4524070.3, 3346978.6 ], [ 4524183.9, 3347037.2 ], [ 4524203.9, 3347024.5 ], [ 4524207.8, 3346988.5 ], [ 4524171.7, 3346937.1 ], [ 4524127.3, 3346910.5 ], [ 4524132.2, 3346876.5 ], [ 4524118.2, 3346833.3 ], [ 4524131.6, 3346794.4 ], [ 4524124.5, 3346774.8 ], [ 4524054.2, 3346757.8 ], [ 4524022.9, 3346761.4 ], [ 4523989.0, 3346753.6 ], [ 4523963.6, 3346759.3 ], [ 4523899.7, 3346733.9 ], [ 4523819.6, 3346736.4 ], [ 4523824.1, 3346690.2 ], [ 4523919.0, 3346696.5 ], [ 4523971.4, 3346677.4 ], [ 4524048.9, 3346694.6 ], [ 4524065.2, 3346676.6 ], [ 4524059.4, 3346638.2 ], [ 4524131.4, 3346666.6 ], [ 4524096.8, 3346694.6 ], [ 4524098.6, 3346712.3 ], [ 4524113.1, 3346722.9 ], [ 4524518.7, 3346774.4 ], [ 4524683.3, 3346782.0 ], [ 4524980.1, 3346816.5 ], [ 4525263.0, 3346732.6 ], [ 4525395.4, 3346707.6 ], [ 4525410.0, 3346685.6 ], [ 4525550.3, 3346660.4 ], [ 4525553.1, 3346742.5 ], [ 4525518.8, 3346746.4 ], [ 4525447.2, 3346772.1 ], [ 4525404.0, 3346764.1 ], [ 4525288.8, 3346787.4 ], [ 4525271.7, 3346804.3 ], [ 4524954.5, 3346876.4 ], [ 4524515.5, 3346834.2 ], [ 4524504.9, 3346851.8 ], [ 4524489.7, 3347121.8 ], [ 4524492.9, 3347178.8 ], [ 4524483.5, 3347197.5 ], [ 4524554.1, 3347290.7 ], [ 4524522.7, 3347318.0 ], [ 4524518.6, 3347338.8 ], [ 4524598.0, 3347416.6 ], [ 4524681.8, 3347468.6 ], [ 4524657.0, 3347523.3 ], [ 4524661.9, 3347543.9 ], [ 4524698.6, 3347565.3 ], [ 4524747.1, 3347613.5 ], [ 4524788.4, 3347635.7 ], [ 4524961.6, 3347792.4 ], [ 4524981.2, 3347795.1 ], [ 4524993.9, 3347787.2 ], [ 4524995.3, 3347762.0 ], [ 4525005.6, 3347742.4 ], [ 4525060.7, 3347744.6 ], [ 4525082.1, 3347724.4 ], [ 4525190.4, 3347794.1 ], [ 4525201.3, 3347827.7 ], [ 4525212.6, 3347837.0 ], [ 4525367.2, 3347803.5 ], [ 4525420.8, 3347834.6 ], [ 4525422.2, 3347862.1 ], [ 4525449.9, 3347881.3 ], [ 4525510.3, 3347884.7 ], [ 4525606.4, 3347876.4 ], [ 4525654.4, 3347890.3 ], [ 4525699.4, 3347924.5 ], [ 4525735.0, 3348007.6 ], [ 4525756.4, 3348022.5 ], [ 4525809.7, 3348030.8 ], [ 4525864.2, 3348069.8 ], [ 4525894.4, 3348080.1 ], [ 4525913.9, 3348099.0 ], [ 4525954.8, 3348188.3 ], [ 4526016.1, 3348237.2 ], [ 4526037.1, 3348243.0 ], [ 4526079.8, 3348228.0 ], [ 4526157.0, 3348123.8 ], [ 4526177.2, 3348042.9 ], [ 4526171.3, 3347994.3 ], [ 4526216.2, 3347913.5 ], [ 4526206.2, 3347777.0 ], [ 4526182.7, 3347737.8 ], [ 4526181.0, 3347721.0 ], [ 4526200.0, 3347675.7 ], [ 4526198.1, 3347661.4 ], [ 4526167.1, 3347639.9 ], [ 4526135.4, 3347645.2 ], [ 4526129.0, 3347658.5 ], [ 4526132.7, 3347746.7 ], [ 4526104.0, 3347763.6 ], [ 4526074.6, 3347683.6 ], [ 4526096.3, 3347671.7 ], [ 4526098.6, 3347647.5 ], [ 4526083.4, 3347622.1 ], [ 4526060.3, 3347611.3 ], [ 4526052.6, 3347560.8 ], [ 4526060.8, 3347545.6 ], [ 4526121.7, 3347509.5 ], [ 4526202.7, 3347500.0 ], [ 4526220.7, 3347488.2 ], [ 4526223.2, 3347458.0 ], [ 4526212.8, 3347435.2 ], [ 4526186.9, 3347409.1 ], [ 4526164.4, 3347407.3 ], [ 4526125.0, 3347382.8 ], [ 4526143.7, 3347381.9 ], [ 4526163.7, 3347393.2 ], [ 4526204.9, 3347394.0 ], [ 4526254.0, 3347430.2 ], [ 4526312.0, 3347438.6 ], [ 4526250.2, 3347561.8 ], [ 4526237.5, 3347574.5 ], [ 4526244.6, 3347622.5 ], [ 4526253.4, 3347634.2 ], [ 4526277.9, 3347634.3 ], [ 4526294.3, 3347606.7 ], [ 4526405.6, 3347544.8 ], [ 4526392.9, 3347472.7 ], [ 4526399.4, 3347403.9 ], [ 4526297.4, 3347324.1 ], [ 4526257.0, 3347282.9 ], [ 4526249.9, 3347222.9 ], [ 4526254.7, 3347204.3 ], [ 4526285.0, 3347161.1 ], [ 4526329.2, 3347125.8 ], [ 4526381.4, 3347058.6 ], [ 4526441.7, 3347008.1 ], [ 4526465.8, 3346994.0 ], [ 4526536.6, 3346988.0 ], [ 4526596.3, 3346959.4 ], [ 4526602.5, 3346941.2 ], [ 4526589.2, 3346905.3 ], [ 4526603.7, 3346819.5 ], [ 4526597.2, 3346742.3 ], [ 4526622.1, 3346670.4 ], [ 4526667.3, 3346589.3 ], [ 4526698.5, 3346573.2 ], [ 4526750.4, 3346567.7 ], [ 4526802.2, 3346571.9 ], [ 4526881.2, 3346600.7 ], [ 4526915.2, 3346735.4 ], [ 4526904.0, 3346780.6 ], [ 4526877.9, 3346824.3 ], [ 4526884.8, 3346940.8 ], [ 4526871.2, 3347118.4 ], [ 4526909.6, 3347165.3 ], [ 4526962.3, 3347190.0 ], [ 4527026.6, 3347167.2 ], [ 4527095.5, 3347116.1 ], [ 4527164.9, 3347025.9 ], [ 4527191.7, 3347006.7 ], [ 4527202.3, 3346980.2 ], [ 4527158.9, 3346934.9 ], [ 4527141.5, 3346931.1 ], [ 4527057.9, 3346999.6 ], [ 4527052.1, 3346984.0 ], [ 4527062.4, 3346953.8 ], [ 4527047.1, 3346926.9 ], [ 4527080.0, 3346897.3 ], [ 4527083.6, 3346876.7 ], [ 4527068.2, 3346862.4 ], [ 4527001.1, 3346856.2 ], [ 4527004.4, 3346646.9 ], [ 4526998.1, 3346630.7 ], [ 4527020.0, 3346611.5 ], [ 4527021.4, 3346590.5 ], [ 4526982.4, 3346570.7 ], [ 4526973.5, 3346547.4 ], [ 4526936.9, 3346541.3 ], [ 4526730.5, 3346417.8 ], [ 4525747.7, 3346673.3 ], [ 4525773.2, 3346606.7 ], [ 4526593.2, 3346393.6 ], [ 4526612.8, 3346396.7 ], [ 4526735.7, 3346358.7 ], [ 4526801.2, 3346391.0 ], [ 4526956.9, 3346351.8 ], [ 4526955.1, 3346381.2 ], [ 4526878.2, 3346401.2 ], [ 4526867.5, 3346411.4 ], [ 4526866.8, 3346429.7 ], [ 4526954.0, 3346485.9 ], [ 4526981.5, 3346526.2 ], [ 4526981.3, 3346552.8 ], [ 4526989.8, 3346565.1 ], [ 4527045.2, 3346566.3 ], [ 4527045.2, 3346612.9 ], [ 4527072.1, 3346682.4 ], [ 4527167.3, 3346810.5 ], [ 4527173.9, 3346856.5 ], [ 4527196.1, 3346864.9 ], [ 4527242.4, 3346838.4 ], [ 4527346.5, 3346807.2 ], [ 4527358.0, 3346793.0 ], [ 4527354.8, 3346774.9 ], [ 4527336.6, 3346764.4 ], [ 4527323.7, 3346706.4 ], [ 4527384.0, 3346690.2 ], [ 4527394.7, 3346668.6 ], [ 4527386.2, 3346653.4 ], [ 4527359.1, 3346638.8 ], [ 4527315.6, 3346517.3 ], [ 4527354.8, 3346504.1 ], [ 4527359.9, 3346480.0 ], [ 4527287.2, 3346352.3 ], [ 4527388.5, 3346300.9 ], [ 4527422.2, 3346364.0 ], [ 4527370.8, 3346397.6 ], [ 4527368.2, 3346412.4 ], [ 4527378.0, 3346431.2 ], [ 4527402.0, 3346437.8 ], [ 4527459.5, 3346402.4 ], [ 4527482.8, 3346422.9 ], [ 4527521.5, 3346404.9 ], [ 4527602.5, 3346513.0 ], [ 4527619.4, 3346518.5 ], [ 4527648.9, 3346510.4 ], [ 4527659.3, 3346528.0 ], [ 4527661.4, 3346562.2 ], [ 4527712.0, 3346610.9 ], [ 4527680.9, 3346654.0 ], [ 4527679.9, 3346674.5 ], [ 4527725.7, 3346723.9 ], [ 4527752.3, 3346789.6 ], [ 4527788.1, 3346830.6 ], [ 4528004.1, 3346939.9 ], [ 4528036.9, 3346947.6 ], [ 4528095.8, 3346938.6 ], [ 4528195.5, 3346981.7 ], [ 4528243.1, 3347026.3 ], [ 4528282.9, 3347099.4 ], [ 4528310.4, 3347117.5 ], [ 4528495.3, 3347118.3 ], [ 4528535.9, 3347097.3 ], [ 4528532.3, 3347063.1 ], [ 4528577.9, 3347045.2 ], [ 4528598.6, 3347063.3 ], [ 4528615.4, 3347063.9 ], [ 4528806.2, 3346978.3 ], [ 4528863.0, 3346981.8 ], [ 4528933.2, 3346967.9 ], [ 4529104.6, 3346960.6 ], [ 4529161.7, 3346944.3 ], [ 4529246.4, 3346897.7 ], [ 4529273.5, 3346846.2 ], [ 4529270.3, 3346802.3 ], [ 4529156.1, 3346621.3 ], [ 4529052.7, 3346533.6 ], [ 4529007.1, 3346483.3 ], [ 4528989.8, 3346479.7 ], [ 4528946.9, 3346505.6 ], [ 4528906.8, 3346510.8 ], [ 4528872.3, 3346490.9 ], [ 4528801.4, 3346423.9 ], [ 4528785.1, 3346395.7 ], [ 4528761.3, 3346337.6 ], [ 4528703.7, 3346066.4 ], [ 4528735.1, 3345919.6 ], [ 4528761.1, 3345866.9 ], [ 4528802.3, 3345828.2 ], [ 4528832.7, 3345818.1 ], [ 4528869.4, 3345821.5 ], [ 4528909.5, 3345801.2 ], [ 4528943.8, 3345795.3 ], [ 4528963.8, 3345804.4 ], [ 4528993.8, 3345798.3 ], [ 4529123.3, 3345908.9 ], [ 4529199.4, 3345955.8 ], [ 4529258.7, 3345979.8 ], [ 4529308.1, 3345990.5 ], [ 4529332.4, 3345987.6 ], [ 4529366.9, 3346003.0 ], [ 4529384.2, 3345991.1 ], [ 4529398.1, 3345947.8 ], [ 4529416.4, 3345950.0 ], [ 4529430.8, 3345939.1 ], [ 4529433.1, 3345924.6 ], [ 4529422.8, 3345909.7 ], [ 4529443.0, 3345856.8 ], [ 4529471.6, 3345863.3 ], [ 4529486.7, 3345853.7 ], [ 4529493.7, 3345800.6 ], [ 4529650.1, 3345853.9 ], [ 4529638.8, 3345903.5 ], [ 4529651.6, 3345921.4 ], [ 4529745.7, 3345934.6 ], [ 4529763.2, 3345929.4 ], [ 4529770.9, 3345913.3 ], [ 4529766.9, 3345896.9 ], [ 4529709.1, 3345881.7 ], [ 4529710.2, 3345862.8 ], [ 4529699.6, 3345848.3 ], [ 4529712.9, 3345767.8 ], [ 4529736.0, 3345745.5 ], [ 4529750.5, 3345710.3 ], [ 4529811.0, 3345750.7 ], [ 4529922.6, 3345777.5 ], [ 4529961.0, 3345798.7 ], [ 4529956.4, 3345849.9 ], [ 4529888.3, 3345839.9 ], [ 4529872.6, 3345846.7 ], [ 4529863.7, 3345884.9 ], [ 4529874.5, 3345903.0 ], [ 4529969.2, 3345922.4 ], [ 4529984.0, 3345914.2 ], [ 4529997.2, 3345881.6 ], [ 4530007.5, 3345880.6 ], [ 4530029.1, 3345895.5 ], [ 4530046.7, 3345892.7 ], [ 4530057.5, 3345877.7 ], [ 4530055.4, 3345859.4 ], [ 4530043.9, 3345850.0 ], [ 4530019.6, 3345849.0 ], [ 4530019.9, 3345813.6 ], [ 4530036.1, 3345806.2 ], [ 4530041.5, 3345789.2 ], [ 4530009.6, 3345707.3 ], [ 4530019.0, 3345650.8 ], [ 4530029.7, 3345638.9 ], [ 4530040.7, 3345588.6 ], [ 4530066.6, 3345583.0 ], [ 4530091.5, 3345525.3 ], [ 4530144.3, 3345562.7 ], [ 4530127.1, 3345607.0 ], [ 4530135.6, 3345626.0 ], [ 4530187.5, 3345656.7 ], [ 4530249.1, 3345706.9 ], [ 4530274.7, 3345700.1 ], [ 4530285.7, 3345682.6 ], [ 4530256.1, 3345635.3 ], [ 4530228.9, 3345543.9 ], [ 4530253.1, 3345531.1 ], [ 4530261.8, 3345515.1 ], [ 4530239.4, 3345440.0 ], [ 4530211.7, 3345437.2 ], [ 4530137.1, 3345506.3 ], [ 4529770.8, 3345079.3 ], [ 4529749.3, 3345073.5 ], [ 4529709.4, 3345080.3 ], [ 4529695.0, 3345059.7 ], [ 4529695.0, 3345027.6 ], [ 4529685.3, 3345011.0 ], [ 4529559.4, 3344962.3 ], [ 4529518.2, 3344928.5 ], [ 4529485.3, 3344931.9 ], [ 4529471.8, 3344906.7 ], [ 4529410.0, 3344879.7 ], [ 4529433.0, 3344863.4 ], [ 4529466.7, 3344874.1 ], [ 4529533.1, 3344847.8 ], [ 4529553.5, 3344869.7 ], [ 4529582.8, 3344867.6 ], [ 4529617.0, 3344892.8 ], [ 4529635.2, 3344892.9 ], [ 4529645.9, 3344882.7 ], [ 4529655.9, 3344841.4 ], [ 4529648.2, 3344829.0 ], [ 4529625.0, 3344819.5 ], [ 4529614.6, 3344780.2 ], [ 4529676.2, 3344738.3 ], [ 4529709.3, 3344772.2 ], [ 4529757.8, 3344771.3 ], [ 4529755.4, 3344779.7 ], [ 4529708.1, 3344806.0 ], [ 4529705.5, 3344820.6 ], [ 4529716.1, 3344848.3 ], [ 4529796.9, 3344902.0 ], [ 4529822.3, 3344906.7 ], [ 4529843.2, 3344886.1 ], [ 4529836.5, 3344854.8 ], [ 4529901.0, 3344819.7 ], [ 4529910.1, 3344802.5 ], [ 4529908.2, 3344768.0 ], [ 4529888.6, 3344742.1 ], [ 4529869.5, 3344734.3 ], [ 4529843.8, 3344744.6 ], [ 4529819.4, 3344696.2 ], [ 4529863.5, 3344672.3 ], [ 4529897.0, 3344721.9 ], [ 4529945.0, 3344724.6 ], [ 4529955.9, 3344705.5 ], [ 4529949.1, 3344669.1 ], [ 4529989.1, 3344630.4 ], [ 4529996.3, 3344591.0 ], [ 4529973.2, 3344547.8 ], [ 4529955.4, 3344544.8 ], [ 4529929.8, 3344560.6 ], [ 4529900.3, 3344526.1 ], [ 4529924.5, 3344498.3 ], [ 4529910.7, 3344468.4 ], [ 4529889.8, 3344465.5 ], [ 4529853.6, 3344486.3 ], [ 4529813.6, 3344413.2 ], [ 4529878.2, 3344372.4 ], [ 4529873.7, 3344303.8 ], [ 4529855.7, 3344291.6 ], [ 4529825.5, 3344298.4 ], [ 4529786.4, 3344175.0 ], [ 4529720.9, 3344066.2 ], [ 4529697.8, 3344059.5 ], [ 4529679.4, 3344077.4 ], [ 4529647.1, 3344060.6 ], [ 4529706.3, 3343993.1 ], [ 4529709.2, 3343976.5 ], [ 4529604.3, 3343854.4 ], [ 4529583.1, 3343797.1 ], [ 4529533.1, 3343598.4 ], [ 4529455.6, 3343414.7 ], [ 4529401.5, 3343320.2 ], [ 4529243.2, 3343121.9 ], [ 4529221.8, 3343120.1 ], [ 4529075.3, 3343186.9 ], [ 4528839.6, 3342868.6 ], [ 4528865.7, 3342756.7 ], [ 4528929.2, 3342712.0 ], [ 4528933.5, 3342686.2 ], [ 4528780.6, 3342488.7 ], [ 4528674.0, 3342269.9 ], [ 4528445.4, 3342007.7 ], [ 4528304.2, 3341737.6 ], [ 4528233.0, 3341537.4 ], [ 4528166.0, 3341474.9 ], [ 4528118.8, 3341445.5 ], [ 4527937.4, 3341402.3 ], [ 4527501.4, 3341320.5 ], [ 4525770.5, 3341522.3 ], [ 4525748.6, 3341515.6 ], [ 4525874.4, 3340511.7 ], [ 4525876.2, 3340318.6 ], [ 4525593.4, 3338381.4 ], [ 4525592.8, 3338335.2 ], [ 4525658.8, 3337717.2 ], [ 4525643.4, 3337655.3 ], [ 4525518.4, 3337446.5 ], [ 4525456.2, 3337452.0 ], [ 4525440.1, 3337473.6 ], [ 4525463.4, 3337532.5 ], [ 4525484.4, 3337536.8 ], [ 4525507.4, 3337521.0 ], [ 4525524.1, 3337542.8 ], [ 4525400.3, 3337616.1 ], [ 4525375.9, 3337614.7 ], [ 4525361.0, 3337622.5 ], [ 4525326.6, 3337705.1 ], [ 4525306.1, 3337699.8 ], [ 4525292.1, 3337710.8 ], [ 4525221.8, 3337914.1 ], [ 4525223.3, 3337931.9 ], [ 4525245.5, 3337951.1 ], [ 4525359.8, 3337978.4 ], [ 4525311.0, 3338112.3 ], [ 4525291.0, 3338112.9 ], [ 4525280.2, 3338126.1 ], [ 4525233.4, 3338110.4 ], [ 4525246.3, 3338071.8 ], [ 4525242.5, 3338055.2 ], [ 4525188.5, 3338035.8 ], [ 4525172.1, 3338049.2 ], [ 4525138.6, 3338155.8 ], [ 4525141.6, 3338173.9 ], [ 4525157.2, 3338183.5 ], [ 4525293.5, 3338177.1 ], [ 4525309.5, 3338186.1 ], [ 4525340.5, 3338183.8 ], [ 4525349.8, 3338320.7 ], [ 4525116.3, 3338338.7 ], [ 4525124.7, 3338242.2 ], [ 4525109.5, 3338226.4 ], [ 4525083.4, 3338232.2 ], [ 4525037.9, 3338038.5 ], [ 4525027.2, 3338029.0 ], [ 4524934.2, 3338003.2 ], [ 4524920.6, 3338006.4 ], [ 4524905.7, 3338022.8 ], [ 4524856.9, 3337973.6 ], [ 4524873.1, 3337949.6 ], [ 4524863.9, 3337929.3 ], [ 4524895.6, 3337894.2 ], [ 4524897.5, 3337873.8 ], [ 4524766.6, 3337657.1 ], [ 4524744.8, 3337646.5 ], [ 4524648.1, 3337736.4 ], [ 4524619.5, 3337753.9 ], [ 4524527.2, 3337806.0 ], [ 4524452.4, 3337819.4 ], [ 4524414.9, 3337845.8 ], [ 4524395.6, 3337883.5 ], [ 4524384.1, 3337932.1 ], [ 4524347.5, 3337976.3 ], [ 4524332.2, 3338077.6 ], [ 4524318.4, 3338117.2 ], [ 4524286.3, 3338155.2 ], [ 4524246.4, 3338178.2 ], [ 4524237.1, 3338194.1 ], [ 4524249.2, 3338215.9 ], [ 4524300.9, 3338219.3 ], [ 4524320.8, 3338213.2 ], [ 4524353.8, 3338185.3 ], [ 4524368.4, 3338185.7 ], [ 4524381.6, 3338194.8 ], [ 4524384.6, 3338218.5 ], [ 4524351.7, 3338251.5 ], [ 4524267.0, 3338292.6 ], [ 4524252.3, 3338311.5 ], [ 4524124.6, 3338403.3 ], [ 4524075.4, 3338414.7 ], [ 4524038.7, 3338411.4 ], [ 4524021.0, 3338381.8 ], [ 4524010.3, 3338341.0 ], [ 4523991.1, 3338334.4 ], [ 4523959.7, 3338348.3 ], [ 4523945.7, 3338323.7 ], [ 4523931.2, 3338314.9 ], [ 4523887.4, 3338336.0 ], [ 4523805.6, 3338415.5 ], [ 4523750.7, 3338411.5 ], [ 4523710.4, 3338397.7 ], [ 4523647.3, 3338351.4 ], [ 4523622.3, 3338346.2 ], [ 4523569.1, 3338361.3 ], [ 4523553.7, 3338391.7 ], [ 4523499.9, 3338454.8 ], [ 4523477.9, 3338470.4 ], [ 4523361.4, 3338511.2 ], [ 4523321.7, 3338517.8 ], [ 4523246.0, 3338500.1 ], [ 4523231.6, 3338488.0 ], [ 4523229.7, 3338411.7 ], [ 4523255.9, 3338361.1 ], [ 4523284.0, 3338336.1 ], [ 4523305.7, 3338297.3 ], [ 4523448.3, 3338225.9 ], [ 4523592.2, 3338192.5 ], [ 4523650.8, 3338196.9 ], [ 4523710.0, 3338129.5 ], [ 4523748.3, 3338098.4 ], [ 4523798.5, 3338065.7 ], [ 4523870.2, 3338035.8 ], [ 4523913.9, 3337991.8 ], [ 4523952.6, 3337967.7 ], [ 4524097.3, 3337806.0 ], [ 4524093.7, 3337787.9 ], [ 4524073.7, 3337778.9 ], [ 4524037.6, 3337808.3 ], [ 4524016.4, 3337795.0 ], [ 4523997.4, 3337768.7 ], [ 4524292.9, 3337494.3 ], [ 4524312.5, 3337489.4 ], [ 4524484.2, 3337332.7 ], [ 4524516.8, 3337284.0 ], [ 4524486.3, 3337240.5 ], [ 4524539.9, 3337192.9 ], [ 4524567.0, 3337224.4 ], [ 4524586.9, 3337226.3 ], [ 4524667.7, 3337161.5 ], [ 4524673.8, 3337140.8 ], [ 4524652.8, 3337096.3 ], [ 4524632.5, 3337092.3 ], [ 4523258.7, 3337483.4 ], [ 4522654.3, 3337637.1 ], [ 4522420.2, 3337713.4 ], [ 4522370.2, 3337722.0 ], [ 4522174.4, 3337687.5 ], [ 4522080.9, 3337692.4 ], [ 4522003.6, 3337707.0 ], [ 4521728.3, 3337800.5 ], [ 4521419.2, 3337842.8 ], [ 4521252.3, 3337893.7 ], [ 4521037.2, 3338010.0 ], [ 4520980.7, 3338030.6 ], [ 4520937.3, 3338015.9 ], [ 4520709.5, 3337800.6 ], [ 4519820.5, 3337370.7 ], [ 4519804.6, 3337378.5 ], [ 4519800.4, 3337399.1 ], [ 4519855.1, 3337454.8 ], [ 4519870.0, 3337482.9 ], [ 4519876.8, 3337558.4 ], [ 4519938.2, 3337650.3 ], [ 4520039.2, 3337729.4 ], [ 4520032.7, 3337827.4 ], [ 4520005.7, 3337821.6 ], [ 4519976.1, 3337783.2 ], [ 4519952.9, 3337771.9 ], [ 4519930.0, 3337779.9 ], [ 4519897.9, 3337822.2 ], [ 4519875.5, 3337838.9 ], [ 4519827.0, 3337827.8 ], [ 4519774.1, 3337777.0 ], [ 4519779.6, 3337636.8 ], [ 4519755.2, 3337559.6 ], [ 4519776.5, 3337494.9 ], [ 4519777.9, 3337463.3 ], [ 4519771.9, 3337432.7 ], [ 4519718.9, 3337324.4 ], [ 4519478.7, 3337244.7 ], [ 4518853.1, 3336976.1 ], [ 4518774.5, 3336933.6 ], [ 4518760.6, 3336934.2 ], [ 4518707.7, 3336965.0 ], [ 4518685.9, 3336930.9 ], [ 4518730.8, 3336900.8 ], [ 4518732.6, 3336882.9 ], [ 4518718.5, 3336862.5 ], [ 4518663.1, 3336804.3 ], [ 4518530.9, 3336738.1 ], [ 4518293.8, 3336683.2 ], [ 4517958.0, 3336567.7 ], [ 4517554.5, 3336598.6 ], [ 4517538.6, 3336607.7 ], [ 4517535.1, 3336625.7 ], [ 4517546.4, 3336640.1 ], [ 4517594.7, 3336791.9 ], [ 4517565.1, 3336809.0 ], [ 4517559.4, 3336826.3 ], [ 4517537.4, 3336836.2 ], [ 4517455.9, 3336681.1 ], [ 4517418.9, 3336671.4 ], [ 4517398.2, 3336627.8 ], [ 4517386.2, 3336619.3 ], [ 4517331.0, 3336633.9 ], [ 4517326.3, 3336650.8 ], [ 4517344.9, 3336711.8 ], [ 4517314.6, 3336720.9 ], [ 4517300.5, 3336678.2 ], [ 4517260.9, 3336648.1 ], [ 4517141.5, 3336672.3 ], [ 4517098.7, 3336669.9 ], [ 4515871.9, 3336285.3 ], [ 4515853.8, 3336287.6 ], [ 4515843.7, 3336310.3 ], [ 4515938.3, 3336816.6 ], [ 4515952.7, 3336830.3 ], [ 4516074.5, 3336867.0 ], [ 4516086.8, 3337008.0 ], [ 4515995.6, 3336982.9 ], [ 4515979.5, 3336991.3 ], [ 4515974.8, 3337005.2 ], [ 4516071.2, 3337508.0 ], [ 4516087.4, 3337521.8 ], [ 4516211.6, 3337549.1 ], [ 4516275.3, 3337680.9 ], [ 4516304.4, 3337774.1 ], [ 4516402.2, 3337847.0 ], [ 4516427.3, 3337891.3 ], [ 4516442.0, 3338006.0 ], [ 4516428.1, 3338049.9 ], [ 4516393.4, 3338064.8 ], [ 4516380.7, 3338091.6 ], [ 4516409.1, 3338126.3 ], [ 4516388.5, 3338158.5 ], [ 4516389.9, 3338175.3 ], [ 4516429.4, 3338217.3 ], [ 4516462.0, 3338277.1 ], [ 4516314.2, 3338498.7 ], [ 4516323.3, 3338514.8 ], [ 4516456.3, 3338609.8 ], [ 4516455.4, 3338652.8 ], [ 4516482.1, 3338733.4 ], [ 4516461.4, 3338791.9 ], [ 4516304.1, 3338886.5 ], [ 4516294.7, 3338912.7 ], [ 4516358.7, 3338990.3 ], [ 4516379.0, 3338997.3 ], [ 4516486.3, 3338879.4 ], [ 4516617.3, 3338982.1 ], [ 4516615.4, 3338998.6 ], [ 4516547.3, 3339058.9 ], [ 4516503.9, 3339061.4 ], [ 4516348.7, 3339159.8 ], [ 4516303.5, 3339129.8 ], [ 4516288.6, 3339131.1 ], [ 4516278.1, 3339141.7 ], [ 4516277.9, 3339160.1 ], [ 4516322.5, 3339252.9 ], [ 4516426.5, 3339296.7 ], [ 4516464.7, 3339332.3 ], [ 4516463.7, 3339354.8 ], [ 4516443.0, 3339388.4 ], [ 4516422.0, 3339399.9 ], [ 4516386.2, 3339405.2 ], [ 4516276.7, 3339346.9 ], [ 4516230.9, 3339294.8 ], [ 4516202.5, 3339208.4 ], [ 4516210.5, 3339136.5 ], [ 4516231.2, 3339106.9 ], [ 4516226.9, 3339089.2 ], [ 4516187.0, 3339065.7 ], [ 4516169.9, 3339072.7 ], [ 4516158.9, 3339092.0 ], [ 4516129.2, 3339088.3 ], [ 4516120.4, 3339072.9 ], [ 4516125.4, 3339051.9 ], [ 4516118.0, 3339035.9 ], [ 4516026.3, 3339009.5 ], [ 4515919.7, 3338904.7 ], [ 4515886.9, 3338888.8 ], [ 4515866.2, 3338856.8 ], [ 4515807.5, 3338843.8 ], [ 4515793.7, 3338834.1 ], [ 4515766.6, 3338778.5 ], [ 4515748.6, 3338758.2 ], [ 4515638.3, 3338718.2 ], [ 4515595.6, 3338677.6 ], [ 4515581.1, 3338677.9 ], [ 4515561.8, 3338695.8 ], [ 4515541.3, 3338701.8 ], [ 4515519.8, 3338695.5 ], [ 4515490.7, 3338656.7 ], [ 4515490.2, 3338634.5 ], [ 4515503.4, 3338609.6 ], [ 4515536.8, 3338597.3 ], [ 4515541.0, 3338573.2 ], [ 4515508.4, 3338531.5 ], [ 4515474.7, 3338505.4 ], [ 4515443.4, 3338485.9 ], [ 4515391.4, 3338476.2 ], [ 4515378.2, 3338396.9 ], [ 4515269.4, 3338221.2 ], [ 4515577.4, 3338150.0 ], [ 4515668.8, 3338256.2 ], [ 4515695.7, 3338252.7 ], [ 4515708.9, 3338217.0 ], [ 4515841.9, 3338374.0 ], [ 4515865.0, 3338381.5 ], [ 4515898.3, 3338337.2 ], [ 4515945.8, 3338303.9 ], [ 4515948.9, 3338283.6 ], [ 4515747.9, 3338092.7 ], [ 4515772.0, 3338084.5 ], [ 4515849.9, 3337983.9 ], [ 4515895.0, 3337959.3 ], [ 4515994.1, 3337951.1 ], [ 4516068.6, 3337820.6 ], [ 4516198.3, 3337963.5 ], [ 4516219.6, 3337963.3 ], [ 4516238.2, 3337944.1 ], [ 4516304.7, 3337996.2 ], [ 4516337.3, 3337987.1 ], [ 4516348.0, 3337972.6 ], [ 4516335.9, 3337897.7 ], [ 4516294.3, 3337871.8 ], [ 4516245.7, 3337876.8 ], [ 4516251.3, 3337828.2 ], [ 4516193.2, 3337783.2 ], [ 4516166.7, 3337706.9 ], [ 4516123.0, 3337661.1 ], [ 4516111.2, 3337629.8 ], [ 4516040.5, 3337618.5 ], [ 4516025.0, 3337507.8 ], [ 4515918.9, 3336971.7 ], [ 4515909.7, 3336957.9 ], [ 4515882.4, 3336948.8 ], [ 4515870.0, 3336805.6 ], [ 4515881.5, 3336796.0 ], [ 4515884.3, 3336781.4 ], [ 4515849.0, 3336568.9 ], [ 4515835.9, 3336558.1 ], [ 4515622.7, 3336495.6 ], [ 4515608.5, 3336516.1 ], [ 4515617.8, 3336565.9 ], [ 4515706.9, 3336760.8 ], [ 4515237.6, 3336732.0 ], [ 4515227.9, 3336750.5 ], [ 4515236.1, 3336770.8 ], [ 4515182.8, 3336789.4 ], [ 4515171.5, 3336805.8 ], [ 4515178.8, 3336828.6 ], [ 4515201.1, 3336832.1 ], [ 4515190.8, 3336899.2 ], [ 4515132.0, 3337104.9 ], [ 4515142.8, 3337122.8 ], [ 4515163.9, 3337123.9 ], [ 4515177.1, 3337176.2 ], [ 4515038.8, 3337225.6 ], [ 4515012.4, 3337197.9 ], [ 4514994.2, 3337199.6 ], [ 4514984.6, 3337210.8 ], [ 4515002.7, 3337362.4 ], [ 4515002.2, 3337422.5 ], [ 4514993.5, 3337452.3 ], [ 4514725.1, 3337995.4 ], [ 4514728.5, 3338010.1 ], [ 4514740.5, 3338019.1 ], [ 4514784.1, 3338012.0 ], [ 4514800.6, 3337995.4 ], [ 4514796.3, 3337969.2 ], [ 4514965.3, 3337919.6 ], [ 4514940.2, 3338005.4 ], [ 4514866.8, 3338025.7 ], [ 4514840.2, 3338087.5 ], [ 4514841.3, 3338105.4 ], [ 4514855.4, 3338116.6 ], [ 4514908.5, 3338105.7 ], [ 4514877.2, 3338212.7 ], [ 4514578.9, 3338293.3 ], [ 4514468.6, 3338514.7 ], [ 4514345.9, 3339157.4 ], [ 4514367.1, 3339177.4 ], [ 4514369.3, 3339245.5 ], [ 4514376.7, 3339258.1 ], [ 4514390.3, 3339263.3 ], [ 4514434.4, 3339257.9 ], [ 4514455.1, 3339276.8 ], [ 4514511.1, 3339296.6 ], [ 4514464.5, 3339440.3 ], [ 4514284.1, 3339380.5 ], [ 4514269.5, 3339389.4 ], [ 4514208.1, 3339473.0 ], [ 4514079.7, 3339843.8 ], [ 4513963.4, 3340295.6 ], [ 4513870.0, 3340559.5 ], [ 4513864.9, 3340687.3 ], [ 4513894.7, 3341311.6 ], [ 4513901.0, 3341324.7 ], [ 4513924.9, 3341329.4 ], [ 4513969.0, 3341294.8 ], [ 4514083.2, 3341289.6 ], [ 4514209.3, 3341263.3 ], [ 4514284.5, 3341254.3 ], [ 4514357.3, 3341265.0 ], [ 4514510.8, 3341336.0 ], [ 4514458.2, 3341418.1 ], [ 4514464.3, 3341443.8 ], [ 4514503.9, 3341462.4 ], [ 4514527.6, 3341461.2 ], [ 4514544.7, 3341449.8 ], [ 4514586.4, 3341453.5 ], [ 4514646.8, 3341477.4 ], [ 4514671.2, 3341478.6 ], [ 4514708.6, 3341614.5 ], [ 4514724.8, 3341641.2 ], [ 4514750.2, 3341656.3 ], [ 4514815.7, 3341654.1 ], [ 4514921.6, 3341700.4 ], [ 4514955.9, 3341743.6 ], [ 4514965.5, 3341792.1 ], [ 4514958.5, 3341816.4 ], [ 4514925.9, 3341847.5 ], [ 4514873.5, 3341863.5 ], [ 4514817.2, 3341850.1 ], [ 4514728.3, 3341809.1 ], [ 4514685.5, 3341821.8 ], [ 4514600.5, 3341867.7 ], [ 4514572.2, 3341873.6 ], [ 4514439.1, 3341867.1 ], [ 4514344.6, 3341835.7 ], [ 4514260.1, 3341833.7 ], [ 4514185.4, 3341791.8 ], [ 4514128.3, 3341833.8 ], [ 4514085.0, 3341843.4 ], [ 4514011.6, 3341816.1 ], [ 4513989.9, 3341761.1 ], [ 4513994.8, 3341712.7 ], [ 4513987.2, 3341696.0 ], [ 4513914.0, 3341669.3 ], [ 4513854.2, 3341659.4 ], [ 4513834.2, 3341676.3 ], [ 4513810.0, 3341810.6 ], [ 4513835.1, 3341862.3 ], [ 4513800.3, 3341905.1 ], [ 4513784.6, 3341890.6 ], [ 4513764.0, 3341896.1 ], [ 4513744.4, 3341935.4 ], [ 4513700.4, 3341973.1 ], [ 4513712.2, 3342029.8 ], [ 4513761.9, 3342091.9 ], [ 4513668.8, 3342178.5 ], [ 4513681.5, 3342232.3 ], [ 4513672.7, 3342292.4 ], [ 4513583.8, 3342521.3 ], [ 4513593.4, 3342545.5 ], [ 4513656.8, 3342562.4 ], [ 4513641.4, 3342628.5 ], [ 4513620.8, 3342631.0 ], [ 4513611.3, 3342646.1 ], [ 4513618.8, 3342665.9 ], [ 4513662.3, 3342687.5 ], [ 4513647.1, 3342723.6 ], [ 4513628.7, 3342733.0 ], [ 4513625.2, 3342750.1 ], [ 4513839.9, 3343037.1 ], [ 4514053.6, 3343495.4 ], [ 4514113.6, 3343602.3 ], [ 4514124.9, 3343637.5 ], [ 4514180.2, 3344021.1 ], [ 4514180.2, 3344161.9 ], [ 4514130.2, 3344340.2 ], [ 4514090.2, 3344417.8 ], [ 4513980.7, 3344538.7 ], [ 4513979.4, 3344562.1 ], [ 4514092.7, 3344617.9 ], [ 4514164.9, 3344683.3 ], [ 4514211.9, 3344743.6 ], [ 4514297.6, 3344907.7 ], [ 4514313.5, 3344916.5 ], [ 4514333.0, 3344907.5 ], [ 4514335.6, 3344886.2 ], [ 4514281.6, 3344764.6 ], [ 4514244.9, 3344713.0 ], [ 4514333.7, 3344638.0 ], [ 4514346.5, 3344618.0 ], [ 4514362.5, 3344614.8 ], [ 4514396.9, 3344641.0 ], [ 4514421.3, 3344634.3 ], [ 4514484.1, 3344709.9 ], [ 4514561.4, 3344780.1 ], [ 4514693.4, 3344979.0 ], [ 4514933.2, 3345177.7 ], [ 4514982.2, 3345200.1 ], [ 4514946.3, 3345232.0 ], [ 4514950.1, 3345259.2 ], [ 4515139.6, 3345339.5 ], [ 4515227.9, 3345305.3 ], [ 4515244.2, 3345247.8 ], [ 4515275.0, 3345200.4 ], [ 4515283.7, 3345135.3 ], [ 4515347.8, 3345077.2 ], [ 4515411.8, 3345034.2 ], [ 4515484.8, 3345115.2 ], [ 4515501.4, 3345122.5 ], [ 4515600.4, 3345047.7 ], [ 4515622.8, 3345081.2 ], [ 4515651.0, 3345104.9 ], [ 4515697.4, 3345098.6 ], [ 4515743.9, 3345040.6 ], [ 4515965.1, 3345209.5 ], [ 4515810.7, 3345366.4 ], [ 4515809.8, 3345389.6 ], [ 4515843.7, 3345421.6 ], [ 4515868.1, 3345421.5 ], [ 4515934.6, 3345358.8 ], [ 4516030.1, 3345401.4 ], [ 4516343.3, 3345593.7 ], [ 4516361.3, 3345592.6 ], [ 4516388.6, 3345565.2 ], [ 4516406.2, 3345590.0 ], [ 4516500.4, 3345672.4 ], [ 4516567.7, 3345712.6 ], [ 4516527.7, 3345838.9 ], [ 4516530.9, 3345853.6 ], [ 4516542.8, 3345862.8 ], [ 4516999.5, 3345851.4 ], [ 4516997.1, 3345913.0 ], [ 4517023.1, 3345991.8 ], [ 4517036.7, 3346009.7 ], [ 4517082.1, 3346036.8 ], [ 4517103.0, 3346033.1 ], [ 4517194.2, 3345948.1 ], [ 4517199.3, 3345906.9 ], [ 4517209.8, 3345890.2 ], [ 4517208.5, 3345846.0 ], [ 4517323.2, 3345839.8 ], [ 4517339.4, 3345831.6 ], [ 4517343.5, 3345714.2 ], [ 4517483.2, 3345652.6 ], [ 4517494.3, 3345705.3 ], [ 4517530.0, 3345717.4 ], [ 4517520.4, 3345827.1 ], [ 4517529.3, 3345846.8 ], [ 4517630.6, 3345846.4 ], [ 4517718.1, 3345887.6 ], [ 4517774.7, 3345868.5 ], [ 4517785.0, 3345855.3 ], [ 4517823.6, 3345711.4 ], [ 4517811.8, 3345693.5 ], [ 4517762.6, 3345684.9 ], [ 4517740.8, 3345654.1 ], [ 4517741.4, 3345637.7 ], [ 4517801.0, 3345591.1 ], [ 4517882.8, 3345566.5 ], [ 4517950.5, 3345556.7 ], [ 4517970.1, 3345563.6 ], [ 4518080.3, 3345681.0 ], [ 4518193.5, 3345863.5 ], [ 4518138.1, 3345891.6 ], [ 4518134.7, 3345912.1 ], [ 4518148.2, 3345931.7 ], [ 4518166.6, 3345933.9 ], [ 4518224.9, 3345912.8 ], [ 4518242.7, 3345918.4 ], [ 4518492.7, 3345879.3 ], [ 4518433.0, 3346047.4 ], [ 4518368.1, 3346053.6 ], [ 4518354.2, 3346064.7 ], [ 4518354.6, 3346085.7 ], [ 4518368.9, 3346096.3 ], [ 4518352.1, 3346168.0 ], [ 4518357.6, 3346184.3 ], [ 4518374.5, 3346193.1 ], [ 4518438.7, 3346201.8 ], [ 4518546.8, 3346202.0 ], [ 4518544.9, 3346233.2 ], [ 4518559.3, 3346248.9 ], [ 4518634.4, 3346250.9 ], [ 4518701.4, 3346262.6 ], [ 4518723.2, 3346251.8 ], [ 4518834.4, 3346298.3 ], [ 4518735.3, 3346464.3 ], [ 4518735.8, 3346487.5 ], [ 4518941.8, 3346631.5 ], [ 4518990.1, 3346681.6 ], [ 4519014.3, 3346679.2 ], [ 4519024.9, 3346653.1 ], [ 4519059.7, 3346663.2 ], [ 4519226.5, 3346818.3 ], [ 4519246.6, 3346825.4 ], [ 4519284.7, 3346816.1 ], [ 4519351.7, 3346679.5 ], [ 4519374.8, 3346672.0 ], [ 4519412.3, 3346673.9 ], [ 4519430.7, 3346648.8 ], [ 4519476.0, 3346667.4 ], [ 4519568.9, 3346653.6 ], [ 4519594.1, 3346659.6 ], [ 4519735.9, 3346646.8 ], [ 4519865.8, 3346646.0 ], [ 4519876.7, 3346627.1 ], [ 4519861.5, 3346593.4 ], [ 4519777.1, 3346539.5 ], [ 4519735.1, 3346522.2 ], [ 4519630.3, 3346499.6 ], [ 4519594.4, 3346457.6 ], [ 4519499.1, 3346462.0 ], [ 4519473.9, 3346451.8 ], [ 4519516.7, 3346387.2 ], [ 4519519.9, 3346370.7 ], [ 4519492.1, 3346344.5 ], [ 4519489.8, 3346304.8 ], [ 4519463.1, 3346277.8 ], [ 4519470.5, 3346235.3 ], [ 4519435.9, 3346213.9 ], [ 4519393.8, 3346142.4 ], [ 4519351.4, 3346118.2 ], [ 4519332.4, 3346097.4 ], [ 4519207.2, 3346057.9 ], [ 4519140.4, 3346009.8 ], [ 4519072.1, 3345987.6 ], [ 4519010.8, 3345944.9 ], [ 4518943.4, 3345851.0 ], [ 4518901.8, 3345834.8 ], [ 4518874.8, 3345809.1 ], [ 4518849.8, 3345763.8 ], [ 4518854.8, 3345713.3 ], [ 4518827.6, 3345699.4 ], [ 4518855.6, 3345624.6 ], [ 4518852.1, 3345597.0 ], [ 4518791.2, 3345461.8 ], [ 4518673.1, 3345348.6 ], [ 4518665.8, 3345328.1 ], [ 4518630.4, 3345307.3 ], [ 4518609.3, 3345310.8 ], [ 4518530.4, 3345423.3 ], [ 4518386.6, 3345306.8 ], [ 4518435.9, 3345232.4 ], [ 4518435.2, 3345218.5 ], [ 4518423.1, 3345206.1 ], [ 4518282.4, 3345166.7 ], [ 4518234.0, 3345172.3 ], [ 4518145.8, 3345150.8 ], [ 4518018.9, 3345140.7 ], [ 4518002.7, 3345148.5 ], [ 4517960.2, 3345220.3 ], [ 4517853.8, 3345136.8 ], [ 4517838.3, 3345062.2 ], [ 4517754.3, 3344955.9 ], [ 4517793.0, 3344941.4 ], [ 4517835.9, 3344941.8 ], [ 4517847.7, 3344932.8 ], [ 4517850.4, 3344914.6 ], [ 4517819.7, 3344838.4 ], [ 4517756.9, 3344743.7 ], [ 4517725.7, 3344718.9 ], [ 4517664.6, 3344693.7 ], [ 4517660.1, 3344678.3 ], [ 4517662.0, 3344662.9 ], [ 4517712.8, 3344606.6 ], [ 4517834.4, 3344440.8 ], [ 4517846.9, 3344385.2 ], [ 4517835.8, 3344347.1 ], [ 4517870.1, 3344283.8 ], [ 4517864.7, 3344248.1 ], [ 4517823.9, 3344204.3 ], [ 4517804.0, 3344168.6 ], [ 4517772.0, 3344059.2 ], [ 4517773.6, 3343988.9 ], [ 4517796.9, 3343983.5 ], [ 4517806.6, 3343964.2 ], [ 4517836.6, 3343968.5 ], [ 4517901.2, 3343935.1 ], [ 4517922.0, 3343935.1 ], [ 4517943.5, 3343974.5 ], [ 4517910.9, 3343972.8 ], [ 4517892.4, 3343980.0 ], [ 4517868.9, 3344020.3 ], [ 4517869.1, 3344035.3 ], [ 4517914.7, 3344071.7 ], [ 4517966.6, 3344090.2 ], [ 4517983.2, 3344083.1 ], [ 4517999.3, 3344048.8 ], [ 4517981.2, 3343998.6 ], [ 4518065.6, 3343969.2 ], [ 4518084.4, 3343974.3 ], [ 4518104.2, 3344010.0 ], [ 4518123.2, 3344214.4 ], [ 4518134.0, 3344232.8 ], [ 4518118.4, 3344254.0 ], [ 4518130.0, 3344318.9 ], [ 4518104.9, 3344324.7 ], [ 4518095.4, 3344335.6 ], [ 4518101.2, 3344403.3 ], [ 4518094.3, 3344427.8 ], [ 4518075.0, 3344426.9 ], [ 4518061.8, 3344438.6 ], [ 4518069.2, 3344475.8 ], [ 4518089.3, 3344486.6 ], [ 4518109.6, 3344474.1 ], [ 4518135.4, 3344477.2 ], [ 4518153.5, 3344493.1 ], [ 4518164.4, 3344521.0 ], [ 4518244.5, 3344565.4 ], [ 4518333.4, 3344663.7 ], [ 4518402.2, 3344770.7 ], [ 4518463.9, 3344767.3 ], [ 4518492.9, 3344776.4 ], [ 4518559.1, 3344828.4 ], [ 4518684.0, 3344965.8 ], [ 4518703.5, 3344970.2 ], [ 4518748.8, 3344956.0 ], [ 4518890.1, 3345045.2 ], [ 4518980.1, 3345087.4 ], [ 4519149.8, 3345227.2 ], [ 4519157.7, 3345260.2 ], [ 4519156.5, 3345403.2 ], [ 4519179.3, 3345530.2 ], [ 4519187.4, 3345542.1 ], [ 4519211.6, 3345543.5 ], [ 4519268.9, 3345489.8 ], [ 4519290.7, 3345484.3 ], [ 4519479.0, 3345533.6 ], [ 4519570.7, 3345581.5 ], [ 4519608.7, 3345610.2 ], [ 4519699.1, 3345689.2 ], [ 4519757.3, 3345753.5 ], [ 4519770.9, 3345758.2 ], [ 4519787.2, 3345751.1 ], [ 4519816.3, 3345706.4 ], [ 4519831.7, 3345662.2 ], [ 4519841.1, 3345599.0 ], [ 4519925.0, 3345685.6 ], [ 4519980.5, 3345726.4 ], [ 4519942.2, 3345788.3 ], [ 4519944.8, 3345805.2 ], [ 4519962.0, 3345825.4 ], [ 4520000.7, 3345851.3 ], [ 4520084.2, 3345874.0 ], [ 4520021.9, 3345989.5 ], [ 4520024.5, 3346009.2 ], [ 4520048.5, 3346029.1 ], [ 4520107.5, 3346049.3 ], [ 4520199.0, 3346100.5 ], [ 4520266.9, 3346107.9 ], [ 4520443.7, 3346108.7 ], [ 4520613.6, 3346145.5 ], [ 4520698.6, 3346140.9 ], [ 4520734.1, 3346152.8 ], [ 4520752.4, 3346142.7 ], [ 4520757.4, 3346111.9 ], [ 4520810.8, 3346112.5 ], [ 4520836.5, 3346142.8 ], [ 4520858.0, 3346144.9 ], [ 4520908.1, 3346111.0 ], [ 4520914.9, 3346076.4 ], [ 4520980.5, 3346095.6 ], [ 4520965.1, 3346157.5 ], [ 4520974.2, 3346172.4 ], [ 4521002.2, 3346182.0 ], [ 4520993.3, 3346224.8 ], [ 4521087.4, 3346318.5 ], [ 4521086.8, 3346336.6 ], [ 4521103.6, 3346350.0 ], [ 4521172.2, 3346335.0 ], [ 4521232.9, 3346186.4 ], [ 4521251.4, 3346181.5 ], [ 4521291.8, 3346177.8 ], [ 4521393.2, 3346209.0 ], [ 4521490.3, 3346198.8 ], [ 4521490.9, 3346228.9 ], [ 4521503.5, 3346242.3 ], [ 4521632.0, 3346270.4 ], [ 4521632.9, 3346311.9 ], [ 4521614.3, 3346332.8 ], [ 4521545.4, 3346334.9 ], [ 4521536.9, 3346313.5 ], [ 4521521.1, 3346305.1 ], [ 4521487.2, 3346316.0 ], [ 4521481.5, 3346337.2 ], [ 4521490.1, 3346349.6 ], [ 4521507.4, 3346354.1 ], [ 4521520.3, 3346421.5 ], [ 4521407.5, 3346465.9 ], [ 4521391.8, 3346489.2 ], [ 4521148.1, 3346472.9 ], [ 4521023.3, 3346418.7 ], [ 4520919.8, 3346395.1 ], [ 4520766.4, 3346542.4 ], [ 4520738.1, 3346592.4 ], [ 4520736.2, 3346612.6 ], [ 4520745.6, 3346623.9 ], [ 4520763.8, 3346625.9 ], [ 4520925.6, 3346540.1 ], [ 4520968.2, 3346526.4 ], [ 4521384.4, 3346575.0 ], [ 4521428.2, 3346589.4 ], [ 4521423.8, 3346657.6 ], [ 4521434.1, 3346674.4 ], [ 4521504.1, 3346703.3 ], [ 4521569.4, 3346689.7 ], [ 4521618.0, 3346697.1 ], [ 4521669.3, 3346765.1 ], [ 4521994.2, 3346900.6 ], [ 4522014.3, 3346917.0 ], [ 4522008.9, 3346942.4 ], [ 4522022.6, 3346958.8 ], [ 4522079.1, 3346962.0 ], [ 4522118.9, 3346976.4 ], [ 4522247.3, 3346978.6 ], [ 4522300.9, 3346990.8 ], [ 4522396.3, 3347044.5 ], [ 4522388.7, 3347067.0 ], [ 4522392.6, 3347080.6 ], [ 4522447.1, 3347121.8 ], [ 4522470.9, 3347119.3 ], [ 4522493.8, 3347085.6 ], [ 4522589.2, 3347138.8 ], [ 4522487.5, 3347296.5 ], [ 4522487.6, 3347320.4 ], [ 4522639.0, 3347441.0 ], [ 4522736.9, 3347481.9 ], [ 4522819.6, 3347538.9 ], [ 4522513.7, 3347739.0 ], [ 4522432.1, 3347672.5 ], [ 4522413.8, 3347674.0 ], [ 4522382.1, 3347701.0 ], [ 4522381.1, 3347722.1 ], [ 4522430.7, 3347791.3 ], [ 4522401.3, 3347815.5 ], [ 4522413.3, 3347853.4 ], [ 4522536.3, 3347989.5 ], [ 4522553.8, 3347993.9 ], [ 4522566.5, 3347986.6 ], [ 4522859.7, 3347649.3 ], [ 4522971.7, 3347708.2 ], [ 4523014.2, 3347709.8 ], [ 4523202.0, 3347523.0 ], [ 4523407.3, 3347648.0 ], [ 4523454.9, 3348126.0 ], [ 4522999.5, 3348435.6 ], [ 4522786.5, 3348271.1 ], [ 4522763.6, 3348268.7 ], [ 4522454.3, 3348484.3 ], [ 4522412.2, 3348529.2 ], [ 4522360.1, 3348559.0 ], [ 4522352.5, 3348571.6 ], [ 4522362.1, 3348594.4 ], [ 4522482.7, 3348660.0 ], [ 4522565.5, 3348663.7 ], [ 4522614.5, 3348686.9 ], [ 4522662.6, 3348736.4 ], [ 4522717.4, 3348817.1 ], [ 4522759.8, 3348948.8 ], [ 4522766.1, 3349119.0 ], [ 4522775.3, 3349166.8 ], [ 4522788.3, 3349186.9 ], [ 4522822.6, 3349200.3 ], [ 4522905.1, 3349257.0 ], [ 4523015.7, 3349244.3 ], [ 4523065.8, 3349212.8 ] ], [ [ 4523561.6, 3348730.6 ], [ 4523527.3, 3348691.2 ], [ 4523512.3, 3348692.6 ], [ 4523480.2, 3348714.8 ], [ 4523457.7, 3348691.6 ], [ 4523434.0, 3348696.2 ], [ 4523397.6, 3348645.3 ], [ 4523446.5, 3348603.8 ], [ 4523448.0, 3348577.1 ], [ 4523475.6, 3348572.9 ], [ 4523493.1, 3348556.9 ], [ 4523510.9, 3348572.2 ], [ 4523528.6, 3348569.5 ], [ 4523557.4, 3348599.3 ], [ 4523549.1, 3348637.7 ], [ 4523597.4, 3348707.5 ], [ 4523561.6, 3348730.6 ] ], [ [ 4521568.3, 3346616.0 ], [ 4521519.2, 3346605.7 ], [ 4521495.3, 3346610.3 ], [ 4521475.7, 3346591.1 ], [ 4521476.1, 3346566.0 ], [ 4521579.3, 3346560.6 ], [ 4521637.6, 3346565.8 ], [ 4521716.6, 3346613.0 ], [ 4521640.4, 3346632.0 ], [ 4521627.5, 3346660.7 ], [ 4521568.3, 3346616.0 ] ], [ [ 4522729.7, 3346358.3 ], [ 4522780.7, 3346267.8 ], [ 4522834.5, 3346218.1 ], [ 4522882.1, 3346073.2 ], [ 4522892.6, 3346068.1 ], [ 4522957.9, 3346089.0 ], [ 4523030.1, 3346059.3 ], [ 4523107.4, 3346088.9 ], [ 4523210.6, 3346082.7 ], [ 4523242.8, 3346094.2 ], [ 4523369.5, 3346173.5 ], [ 4523418.2, 3346213.1 ], [ 4523442.3, 3346277.2 ], [ 4523440.8, 3346313.2 ], [ 4523425.7, 3346355.1 ], [ 4523381.6, 3346407.0 ], [ 4523324.3, 3346435.7 ], [ 4523281.3, 3346442.7 ], [ 4523216.1, 3346406.8 ], [ 4523154.4, 3346341.7 ], [ 4523100.3, 3346335.9 ], [ 4523053.8, 3346349.9 ], [ 4522967.1, 3346409.6 ], [ 4522887.4, 3346443.4 ], [ 4522836.1, 3346479.2 ], [ 4522812.5, 3346482.4 ], [ 4522765.2, 3346445.3 ], [ 4522729.3, 3346376.1 ], [ 4522729.7, 3346358.3 ] ], [ [ 4526062.7, 3346323.1 ], [ 4526010.4, 3346284.8 ], [ 4525926.4, 3346295.8 ], [ 4525891.2, 3346293.1 ], [ 4525839.1, 3346242.0 ], [ 4525749.3, 3346190.9 ], [ 4525687.6, 3346171.6 ], [ 4525643.1, 3346145.3 ], [ 4525609.1, 3346056.8 ], [ 4525536.5, 3346000.4 ], [ 4525506.1, 3345933.4 ], [ 4525478.5, 3345702.2 ], [ 4525450.5, 3345639.8 ], [ 4525463.1, 3345587.5 ], [ 4525500.4, 3345536.3 ], [ 4525522.5, 3345540.1 ], [ 4525594.8, 3345606.9 ], [ 4525589.3, 3345663.9 ], [ 4525612.0, 3345715.2 ], [ 4525670.8, 3345753.3 ], [ 4525710.4, 3345817.3 ], [ 4525793.6, 3345861.6 ], [ 4525846.9, 3345953.0 ], [ 4525851.4, 3345978.5 ], [ 4525840.6, 3346038.5 ], [ 4525849.1, 3346065.0 ], [ 4525898.5, 3346090.9 ], [ 4525925.8, 3346127.5 ], [ 4526048.6, 3346227.3 ], [ 4526101.8, 3346279.9 ], [ 4526153.3, 3346348.7 ], [ 4526138.6, 3346360.4 ], [ 4526062.7, 3346323.1 ] ], [ [ 4526362.5, 3345991.7 ], [ 4526386.6, 3345965.5 ], [ 4526428.0, 3345976.5 ], [ 4526495.6, 3345965.9 ], [ 4526616.7, 3346007.8 ], [ 4526621.8, 3346027.1 ], [ 4526611.8, 3346044.7 ], [ 4526573.3, 3346061.2 ], [ 4526517.4, 3346068.0 ], [ 4526483.8, 3346122.7 ], [ 4526401.1, 3346089.1 ], [ 4526372.7, 3346049.7 ], [ 4526361.3, 3346019.5 ], [ 4526362.5, 3345991.7 ] ], [ [ 4529465.7, 3345780.5 ], [ 4529327.7, 3345737.1 ], [ 4529318.7, 3345718.1 ], [ 4529322.6, 3345708.4 ], [ 4529341.6, 3345712.1 ], [ 4529354.6, 3345704.6 ], [ 4529370.9, 3345664.9 ], [ 4529450.2, 3345687.3 ], [ 4529483.5, 3345715.4 ], [ 4529483.9, 3345737.0 ], [ 4529465.7, 3345780.5 ] ], [ [ 4528950.1, 3345684.6 ], [ 4528957.6, 3345696.2 ], [ 4528940.0, 3345707.6 ], [ 4528928.4, 3345740.2 ], [ 4528832.0, 3345708.9 ], [ 4528839.8, 3345683.5 ], [ 4528829.9, 3345664.9 ], [ 4528776.0, 3345669.4 ], [ 4528767.5, 3345662.1 ], [ 4528768.4, 3345632.3 ], [ 4528787.2, 3345585.9 ], [ 4528839.9, 3345567.5 ], [ 4528865.5, 3345579.6 ], [ 4528882.6, 3345566.8 ], [ 4528944.3, 3345589.7 ], [ 4528921.7, 3345664.2 ], [ 4528929.7, 3345680.4 ], [ 4528950.1, 3345684.6 ] ], [ [ 4527257.6, 3345525.0 ], [ 4527254.3, 3345591.1 ], [ 4527238.5, 3345613.7 ], [ 4527184.5, 3345630.4 ], [ 4526979.9, 3345540.8 ], [ 4526857.6, 3345411.1 ], [ 4526850.6, 3345372.6 ], [ 4526853.1, 3345311.4 ], [ 4526796.0, 3345126.0 ], [ 4526785.9, 3345047.0 ], [ 4526799.1, 3344886.1 ], [ 4526820.5, 3344834.3 ], [ 4526840.3, 3344732.9 ], [ 4526819.8, 3344694.3 ], [ 4526807.7, 3344644.9 ], [ 4526723.9, 3344539.1 ], [ 4526698.9, 3344465.8 ], [ 4526614.9, 3344419.3 ], [ 4526550.9, 3344407.9 ], [ 4526460.2, 3344408.1 ], [ 4526416.8, 3344421.3 ], [ 4526345.0, 3344426.5 ], [ 4526297.4, 3344392.1 ], [ 4526213.2, 3344383.3 ], [ 4526183.0, 3344386.7 ], [ 4526128.1, 3344413.2 ], [ 4526112.7, 3344413.1 ], [ 4526032.7, 3344369.8 ], [ 4525937.8, 3344382.9 ], [ 4525856.1, 3344411.2 ], [ 4525798.4, 3344394.1 ], [ 4525740.8, 3344349.5 ], [ 4525712.7, 3344315.7 ], [ 4525701.8, 3344249.7 ], [ 4525675.3, 3344190.0 ], [ 4525684.7, 3344174.0 ], [ 4525716.6, 3344157.1 ], [ 4525719.5, 3344125.4 ], [ 4525700.9, 3344105.5 ], [ 4525671.8, 3344110.1 ], [ 4525640.1, 3344092.0 ], [ 4525574.6, 3344015.3 ], [ 4525549.3, 3343939.4 ], [ 4525537.9, 3343849.3 ], [ 4525547.1, 3343847.3 ], [ 4525654.7, 3343891.9 ], [ 4525708.7, 3343884.2 ], [ 4525762.8, 3343943.0 ], [ 4525891.7, 3343998.4 ], [ 4525974.2, 3344046.6 ], [ 4526028.9, 3344056.1 ], [ 4526112.0, 3344031.3 ], [ 4526162.3, 3344031.0 ], [ 4526248.8, 3344078.3 ], [ 4526355.5, 3344045.7 ], [ 4526386.0, 3344059.5 ], [ 4526385.1, 3344092.3 ], [ 4526396.8, 3344109.1 ], [ 4526445.8, 3344121.0 ], [ 4526481.1, 3344093.8 ], [ 4526504.4, 3344053.0 ], [ 4526535.0, 3344025.6 ], [ 4526555.6, 3344020.3 ], [ 4526629.5, 3344032.6 ], [ 4526668.2, 3344008.7 ], [ 4526696.9, 3343965.4 ], [ 4526700.5, 3343925.4 ], [ 4526678.1, 3343915.6 ], [ 4526635.3, 3343937.2 ], [ 4526609.4, 3343933.9 ], [ 4526574.5, 3343904.0 ], [ 4526570.6, 3343888.0 ], [ 4526538.5, 3343848.5 ], [ 4526536.0, 3343818.6 ], [ 4526521.8, 3343807.5 ], [ 4526470.8, 3343814.5 ], [ 4526443.2, 3343827.3 ], [ 4526363.7, 3343797.4 ], [ 4526269.0, 3343797.9 ], [ 4526254.2, 3343789.7 ], [ 4526276.1, 3343765.1 ], [ 4526328.0, 3343746.1 ], [ 4526374.0, 3343714.7 ], [ 4526428.1, 3343653.6 ], [ 4526458.5, 3343643.1 ], [ 4526495.8, 3343643.7 ], [ 4526544.5, 3343661.5 ], [ 4526636.5, 3343787.1 ], [ 4526711.6, 3343858.5 ], [ 4526750.5, 3343876.5 ], [ 4526781.1, 3343947.3 ], [ 4526774.2, 3344007.4 ], [ 4526783.4, 3344031.6 ], [ 4526834.7, 3344086.9 ], [ 4526913.3, 3344113.1 ], [ 4526932.0, 3344132.5 ], [ 4526954.0, 3344178.5 ], [ 4526981.7, 3344274.5 ], [ 4527032.8, 3344305.3 ], [ 4527050.7, 3344324.5 ], [ 4527095.8, 3344400.6 ], [ 4527127.9, 3344598.5 ], [ 4527152.0, 3344656.6 ], [ 4527158.6, 3344740.8 ], [ 4527132.7, 3344875.1 ], [ 4527102.3, 3344931.1 ], [ 4527095.3, 3344961.2 ], [ 4527049.3, 3345022.2 ], [ 4527051.6, 3345038.7 ], [ 4527078.7, 3345074.1 ], [ 4527088.1, 3345110.0 ], [ 4527076.3, 3345200.3 ], [ 4527084.5, 3345222.9 ], [ 4527089.3, 3345314.1 ], [ 4527101.1, 3345341.1 ], [ 4527152.4, 3345405.0 ], [ 4527165.9, 3345449.8 ], [ 4527257.6, 3345525.0 ] ], [ [ 4529232.7, 3345304.6 ], [ 4529272.3, 3345222.1 ], [ 4529346.0, 3345251.7 ], [ 4529322.0, 3345345.7 ], [ 4529280.9, 3345332.7 ], [ 4529257.9, 3345339.6 ], [ 4529247.9, 3345354.0 ], [ 4529198.2, 3345343.5 ], [ 4529232.7, 3345304.6 ] ], [ [ 4528802.2, 3344902.5 ], [ 4528952.9, 3344938.4 ], [ 4528987.5, 3344933.9 ], [ 4529007.7, 3344896.9 ], [ 4529004.4, 3344787.1 ], [ 4529015.1, 3344749.3 ], [ 4529031.5, 3344735.4 ], [ 4529090.7, 3344715.2 ], [ 4529099.7, 3344759.3 ], [ 4529094.3, 3344788.4 ], [ 4529077.8, 3344800.7 ], [ 4529047.1, 3344849.9 ], [ 4529055.6, 3344872.1 ], [ 4529051.3, 3344908.0 ], [ 4529057.3, 3344944.9 ], [ 4529043.3, 3344987.5 ], [ 4529048.7, 3345011.9 ], [ 4529068.7, 3345030.6 ], [ 4529086.6, 3345036.0 ], [ 4529118.2, 3345034.6 ], [ 4529159.9, 3345016.3 ], [ 4529178.1, 3345020.4 ], [ 4529219.1, 3345047.2 ], [ 4529258.0, 3345050.9 ], [ 4529271.2, 3345076.1 ], [ 4529211.0, 3345101.2 ], [ 4529136.0, 3345115.1 ], [ 4529097.5, 3345110.5 ], [ 4529007.1, 3345076.3 ], [ 4528799.3, 3345079.8 ], [ 4528745.5, 3345107.4 ], [ 4528670.2, 3345183.8 ], [ 4528648.8, 3345165.2 ], [ 4528684.9, 3345069.6 ], [ 4528721.3, 3345007.8 ], [ 4528786.1, 3344934.6 ], [ 4528802.2, 3344902.5 ] ], [ [ 4529505.2, 3344646.2 ], [ 4529521.3, 3344635.6 ], [ 4529555.7, 3344638.8 ], [ 4529590.1, 3344597.7 ], [ 4529682.0, 3344559.3 ], [ 4529710.0, 3344646.1 ], [ 4529671.3, 3344675.2 ], [ 4529646.4, 3344666.7 ], [ 4529561.8, 3344707.9 ], [ 4529505.2, 3344646.2 ] ], [ [ 4527610.1, 3344162.0 ], [ 4527526.3, 3344154.1 ], [ 4527472.9, 3344090.5 ], [ 4527402.6, 3344090.6 ], [ 4527367.0, 3344076.2 ], [ 4527358.7, 3344048.5 ], [ 4527454.3, 3344011.4 ], [ 4527463.2, 3343996.1 ], [ 4527460.2, 3343982.2 ], [ 4527424.7, 3343958.1 ], [ 4527382.5, 3343968.9 ], [ 4527315.9, 3343948.0 ], [ 4527243.2, 3343864.1 ], [ 4527234.0, 3343839.8 ], [ 4527257.5, 3343820.5 ], [ 4527264.0, 3343802.7 ], [ 4527227.0, 3343734.9 ], [ 4527179.3, 3343717.0 ], [ 4527133.8, 3343612.5 ], [ 4527063.0, 3343603.7 ], [ 4527063.3, 3343566.9 ], [ 4527048.1, 3343552.0 ], [ 4527016.5, 3343554.1 ], [ 4526974.5, 3343580.3 ], [ 4526969.3, 3343599.1 ], [ 4526982.7, 3343631.3 ], [ 4526962.6, 3343655.3 ], [ 4526960.4, 3343672.1 ], [ 4526986.8, 3343707.0 ], [ 4527045.4, 3343758.0 ], [ 4527071.3, 3343750.3 ], [ 4527083.9, 3343709.6 ], [ 4527126.4, 3343730.7 ], [ 4527130.3, 3343743.3 ], [ 4527113.1, 3343790.5 ], [ 4527122.0, 3343845.2 ], [ 4527089.2, 3343834.4 ], [ 4527058.9, 3343834.7 ], [ 4527030.4, 3343866.2 ], [ 4527025.4, 3343903.7 ], [ 4527008.0, 3343907.5 ], [ 4526958.9, 3343863.5 ], [ 4526950.3, 3343836.6 ], [ 4526954.6, 3343820.7 ], [ 4527000.4, 3343802.4 ], [ 4527006.4, 3343770.0 ], [ 4526983.7, 3343745.4 ], [ 4526931.3, 3343714.8 ], [ 4526884.4, 3343654.2 ], [ 4526895.7, 3343635.1 ], [ 4526922.7, 3343640.5 ], [ 4526942.3, 3343621.4 ], [ 4526943.9, 3343552.7 ], [ 4526962.2, 3343531.9 ], [ 4526957.5, 3343477.2 ], [ 4526944.0, 3343431.6 ], [ 4526962.6, 3343399.1 ], [ 4526960.8, 3343376.7 ], [ 4526903.1, 3343295.3 ], [ 4526873.5, 3343222.1 ], [ 4526804.1, 3343137.9 ], [ 4526741.8, 3343104.1 ], [ 4526677.9, 3343035.2 ], [ 4526561.3, 3342952.4 ], [ 4526556.3, 3342925.9 ], [ 4526567.2, 3342884.4 ], [ 4526556.0, 3342867.3 ], [ 4526534.6, 3342855.8 ], [ 4526518.6, 3342827.6 ], [ 4526491.1, 3342811.7 ], [ 4526433.7, 3342803.0 ], [ 4526340.7, 3342829.3 ], [ 4526311.8, 3342860.0 ], [ 4526277.4, 3342832.8 ], [ 4526217.3, 3342837.9 ], [ 4526135.5, 3342827.0 ], [ 4526121.7, 3342817.8 ], [ 4526201.0, 3342798.0 ], [ 4526316.0, 3342790.7 ], [ 4526359.8, 3342765.0 ], [ 4526442.8, 3342777.6 ], [ 4526508.7, 3342757.3 ], [ 4526529.6, 3342760.4 ], [ 4526560.7, 3342786.5 ], [ 4526631.6, 3342825.6 ], [ 4526681.2, 3342821.1 ], [ 4526764.8, 3342869.7 ], [ 4526807.1, 3342909.5 ], [ 4526829.4, 3342919.8 ], [ 4526873.3, 3343006.3 ], [ 4526976.2, 3343096.0 ], [ 4526993.6, 3343122.4 ], [ 4527012.6, 3343204.2 ], [ 4527083.4, 3343328.3 ], [ 4527105.0, 3343432.0 ], [ 4527132.4, 3343452.8 ], [ 4527151.0, 3343451.3 ], [ 4527161.8, 3343436.2 ], [ 4527151.1, 3343352.8 ], [ 4527175.9, 3343275.1 ], [ 4527193.3, 3343279.6 ], [ 4527211.0, 3343262.7 ], [ 4527235.9, 3343262.1 ], [ 4527244.1, 3343232.0 ], [ 4527259.8, 3343230.7 ], [ 4527270.5, 3343258.9 ], [ 4527317.6, 3343317.4 ], [ 4527350.1, 3343344.0 ], [ 4527391.1, 3343362.6 ], [ 4527430.8, 3343364.9 ], [ 4527468.6, 3343314.4 ], [ 4527512.0, 3343362.5 ], [ 4527498.3, 3343426.5 ], [ 4527550.7, 3343495.6 ], [ 4527560.9, 3343669.0 ], [ 4527568.6, 3343705.1 ], [ 4527585.9, 3343731.7 ], [ 4527622.7, 3343743.0 ], [ 4527660.3, 3343785.0 ], [ 4527704.3, 3343782.0 ], [ 4527825.9, 3343831.1 ], [ 4527862.8, 3343835.8 ], [ 4527912.6, 3343829.2 ], [ 4527930.8, 3343843.1 ], [ 4527936.1, 3343857.8 ], [ 4527925.7, 3343870.6 ], [ 4527849.3, 3343875.3 ], [ 4527831.0, 3343906.7 ], [ 4527837.6, 3343923.1 ], [ 4527857.8, 3343937.5 ], [ 4527927.7, 3343955.2 ], [ 4527927.1, 3343963.9 ], [ 4527885.8, 3343961.2 ], [ 4527862.0, 3343971.1 ], [ 4527852.6, 3343994.3 ], [ 4527867.8, 3344016.4 ], [ 4527889.0, 3344031.3 ], [ 4527956.7, 3344035.6 ], [ 4527936.7, 3344067.3 ], [ 4527853.6, 3344072.6 ], [ 4527821.3, 3344150.2 ], [ 4527830.6, 3344189.3 ], [ 4527854.5, 3344209.7 ], [ 4527913.1, 3344234.3 ], [ 4527904.1, 3344248.0 ], [ 4527865.0, 3344272.3 ], [ 4527808.9, 3344277.1 ], [ 4527711.0, 3344208.1 ], [ 4527610.1, 3344162.0 ] ], [ [ 4528301.0, 3343181.6 ], [ 4528331.8, 3343185.1 ], [ 4528335.8, 3343200.9 ], [ 4528326.3, 3343209.2 ], [ 4528301.7, 3343208.9 ], [ 4528292.1, 3343197.9 ], [ 4528301.0, 3343181.6 ] ], [ [ 4525135.3, 3342712.7 ], [ 4525053.1, 3342779.3 ], [ 4524926.2, 3342821.1 ], [ 4524886.7, 3342852.1 ], [ 4524686.8, 3342892.8 ], [ 4524648.6, 3342887.6 ], [ 4524590.6, 3342861.2 ], [ 4524566.0, 3342838.2 ], [ 4524526.6, 3342640.3 ], [ 4524517.8, 3342493.1 ], [ 4524508.9, 3342462.1 ], [ 4524490.4, 3342436.7 ], [ 4524499.0, 3342410.5 ], [ 4524538.8, 3342374.6 ], [ 4524538.5, 3342357.3 ], [ 4524523.4, 3342339.0 ], [ 4524559.9, 3342292.0 ], [ 4524580.5, 3342289.5 ], [ 4524623.6, 3342339.7 ], [ 4524597.9, 3342367.0 ], [ 4524601.5, 3342391.5 ], [ 4524744.0, 3342502.2 ], [ 4524771.6, 3342499.6 ], [ 4524791.4, 3342529.5 ], [ 4524767.7, 3342553.5 ], [ 4524762.9, 3342577.3 ], [ 4524773.6, 3342608.2 ], [ 4524789.2, 3342622.9 ], [ 4524811.0, 3342631.1 ], [ 4524848.7, 3342627.2 ], [ 4524876.7, 3342616.0 ], [ 4524904.5, 3342591.5 ], [ 4524951.8, 3342582.4 ], [ 4524960.5, 3342637.8 ], [ 4525000.9, 3342678.5 ], [ 4525009.8, 3342703.2 ], [ 4525037.3, 3342701.5 ], [ 4525053.8, 3342685.2 ], [ 4525066.5, 3342653.9 ], [ 4525036.2, 3342566.8 ], [ 4525016.7, 3342539.3 ], [ 4524989.7, 3342532.2 ], [ 4524977.1, 3342515.2 ], [ 4524960.1, 3342463.7 ], [ 4524946.8, 3342458.4 ], [ 4524930.3, 3342464.8 ], [ 4524910.9, 3342505.5 ], [ 4524821.1, 3342433.5 ], [ 4524835.6, 3342410.4 ], [ 4524881.7, 3342397.3 ], [ 4524896.3, 3342385.7 ], [ 4524916.9, 3342300.2 ], [ 4524909.3, 3342279.7 ], [ 4524887.0, 3342269.7 ], [ 4524859.5, 3342277.6 ], [ 4524810.0, 3342339.1 ], [ 4524810.2, 3342362.4 ], [ 4524802.2, 3342371.5 ], [ 4524728.3, 3342423.0 ], [ 4524684.4, 3342382.5 ], [ 4524666.8, 3342297.2 ], [ 4524789.3, 3342247.6 ], [ 4524802.2, 3342226.3 ], [ 4524763.0, 3342104.6 ], [ 4524741.5, 3342101.3 ], [ 4524726.0, 3342122.1 ], [ 4524655.0, 3342102.3 ], [ 4524660.2, 3342075.8 ], [ 4524737.0, 3342095.4 ], [ 4524759.6, 3342081.4 ], [ 4524761.7, 3342044.5 ], [ 4524745.2, 3341993.5 ], [ 4524728.4, 3341981.7 ], [ 4524700.2, 3341989.6 ], [ 4524691.1, 3341958.1 ], [ 4524721.4, 3341937.1 ], [ 4524714.4, 3341904.0 ], [ 4524699.4, 3341893.2 ], [ 4524667.3, 3341896.0 ], [ 4524651.9, 3341904.3 ], [ 4524647.1, 3341922.6 ], [ 4524598.2, 3341920.0 ], [ 4524644.3, 3341753.8 ], [ 4524650.7, 3341670.6 ], [ 4524627.5, 3341657.0 ], [ 4524318.2, 3341694.7 ], [ 4524313.2, 3341644.9 ], [ 4524391.0, 3341634.9 ], [ 4524406.3, 3341625.5 ], [ 4524405.5, 3341550.2 ], [ 4524535.4, 3341526.1 ], [ 4524553.6, 3341602.7 ], [ 4524567.7, 3341608.0 ], [ 4524628.4, 3341598.3 ], [ 4524646.4, 3341581.1 ], [ 4524671.4, 3341580.3 ], [ 4524678.4, 3341635.4 ], [ 4524697.5, 3341648.3 ], [ 4525257.6, 3341578.7 ], [ 4525275.3, 3341712.5 ], [ 4525294.6, 3341723.5 ], [ 4525329.8, 3341765.6 ], [ 4525358.7, 3341823.0 ], [ 4525384.3, 3341827.7 ], [ 4525394.4, 3341856.8 ], [ 4525405.3, 3342012.0 ], [ 4525415.8, 3342051.6 ], [ 4525305.5, 3342031.8 ], [ 4525285.8, 3342039.0 ], [ 4525263.5, 3342073.7 ], [ 4525261.5, 3342096.0 ], [ 4525292.0, 3342175.3 ], [ 4525249.9, 3342164.6 ], [ 4525237.0, 3342107.2 ], [ 4525220.9, 3342093.8 ], [ 4525197.1, 3342098.8 ], [ 4525188.2, 3342120.2 ], [ 4525136.5, 3342119.6 ], [ 4525124.1, 3342141.6 ], [ 4525092.9, 3342123.8 ], [ 4525059.9, 3342127.7 ], [ 4525047.7, 3342140.2 ], [ 4525048.4, 3342157.6 ], [ 4525079.6, 3342183.4 ], [ 4525092.4, 3342206.1 ], [ 4525109.5, 3342211.3 ], [ 4525133.8, 3342196.9 ], [ 4525161.9, 3342192.7 ], [ 4525215.6, 3342203.5 ], [ 4525304.2, 3342255.2 ], [ 4525412.4, 3342348.1 ], [ 4525430.1, 3342352.9 ], [ 4525443.1, 3342345.6 ], [ 4525448.4, 3342331.8 ], [ 4525439.3, 3342267.3 ], [ 4525473.1, 3342262.1 ], [ 4525668.7, 3342300.5 ], [ 4525685.9, 3342296.3 ], [ 4525692.8, 3342270.1 ], [ 4525678.1, 3342249.8 ], [ 4525656.5, 3342240.7 ], [ 4525656.4, 3342126.5 ], [ 4525706.4, 3342134.7 ], [ 4525722.4, 3342127.0 ], [ 4525739.2, 3342104.9 ], [ 4525746.9, 3342155.9 ], [ 4525796.6, 3342186.6 ], [ 4525815.8, 3342252.3 ], [ 4525910.5, 3342293.6 ], [ 4525928.5, 3342290.1 ], [ 4525940.1, 3342271.6 ], [ 4526042.2, 3342354.4 ], [ 4526009.1, 3342432.4 ], [ 4526022.6, 3342463.1 ], [ 4526042.2, 3342468.2 ], [ 4526069.4, 3342449.9 ], [ 4526075.5, 3342432.5 ], [ 4526066.2, 3342416.6 ], [ 4526084.5, 3342395.2 ], [ 4526165.6, 3342443.3 ], [ 4526143.1, 3342469.6 ], [ 4526154.0, 3342492.3 ], [ 4526234.9, 3342494.5 ], [ 4526241.4, 3342537.6 ], [ 4526209.0, 3342525.8 ], [ 4526095.8, 3342545.1 ], [ 4526087.2, 3342582.8 ], [ 4526097.5, 3342601.6 ], [ 4526131.4, 3342630.3 ], [ 4526068.1, 3342694.3 ], [ 4526038.0, 3342690.1 ], [ 4526018.1, 3342707.1 ], [ 4525984.0, 3342694.1 ], [ 4525957.8, 3342725.4 ], [ 4525854.6, 3342677.1 ], [ 4525838.6, 3342684.8 ], [ 4525833.0, 3342706.9 ], [ 4525792.8, 3342710.4 ], [ 4525784.1, 3342733.6 ], [ 4525719.8, 3342708.6 ], [ 4525725.2, 3342668.9 ], [ 4525695.8, 3342649.6 ], [ 4525677.1, 3342657.7 ], [ 4525633.9, 3342723.8 ], [ 4525564.8, 3342687.9 ], [ 4525580.2, 3342655.1 ], [ 4525573.9, 3342641.9 ], [ 4525557.1, 3342635.4 ], [ 4525453.0, 3342649.5 ], [ 4525397.2, 3342723.4 ], [ 4525359.4, 3342715.5 ], [ 4525263.9, 3342672.4 ], [ 4525189.6, 3342669.3 ], [ 4525152.8, 3342685.2 ], [ 4525135.3, 3342712.7 ] ], [ [ 4526961.1, 3342737.9 ], [ 4526918.4, 3342696.9 ], [ 4526886.8, 3342679.4 ], [ 4526792.0, 3342667.4 ], [ 4526744.9, 3342686.9 ], [ 4526718.0, 3342662.3 ], [ 4526673.4, 3342568.7 ], [ 4526611.9, 3342504.9 ], [ 4526670.5, 3342522.9 ], [ 4526716.8, 3342582.1 ], [ 4526774.7, 3342631.5 ], [ 4526820.1, 3342651.6 ], [ 4526861.6, 3342656.0 ], [ 4526882.3, 3342648.1 ], [ 4526940.2, 3342678.8 ], [ 4526970.4, 3342728.9 ], [ 4526970.5, 3342736.3 ], [ 4526961.1, 3342737.9 ] ], [ [ 4526315.7, 3342657.0 ], [ 4526300.9, 3342661.9 ], [ 4526247.1, 3342648.8 ], [ 4526207.5, 3342666.8 ], [ 4526182.4, 3342630.9 ], [ 4526206.7, 3342614.3 ], [ 4526306.2, 3342574.3 ], [ 4526339.7, 3342575.7 ], [ 4526388.0, 3342539.2 ], [ 4526423.0, 3342523.1 ], [ 4526445.5, 3342528.7 ], [ 4526443.4, 3342545.8 ], [ 4526365.7, 3342574.7 ], [ 4526325.5, 3342609.9 ], [ 4526315.7, 3342657.0 ] ], [ [ 4527763.7, 3341844.0 ], [ 4527775.3, 3341838.3 ], [ 4527851.5, 3341843.8 ], [ 4527852.8, 3341878.6 ], [ 4527817.6, 3341957.2 ], [ 4527774.4, 3341956.4 ], [ 4527763.7, 3341844.0 ] ], [ [ 4524080.8, 3341663.1 ], [ 4524129.2, 3341745.7 ], [ 4524247.1, 3341911.5 ], [ 4524361.2, 3341949.9 ], [ 4524418.9, 3341942.1 ], [ 4524439.1, 3341916.1 ], [ 4524474.1, 3341935.7 ], [ 4524484.5, 3341947.3 ], [ 4524483.3, 3342063.9 ], [ 4524526.3, 3342137.9 ], [ 4524510.8, 3342236.7 ], [ 4524472.2, 3342287.6 ], [ 4524449.9, 3342302.4 ], [ 4524441.2, 3342301.5 ], [ 4524408.4, 3342265.9 ], [ 4524383.2, 3342255.2 ], [ 4524365.1, 3342259.2 ], [ 4524352.6, 3342281.7 ], [ 4524250.5, 3342274.7 ], [ 4524248.2, 3342253.4 ], [ 4524238.0, 3342242.4 ], [ 4524179.9, 3342239.4 ], [ 4524115.0, 3342266.9 ], [ 4524081.8, 3342322.7 ], [ 4524075.9, 3342356.1 ], [ 4524080.0, 3342409.6 ], [ 4524139.0, 3342566.2 ], [ 4524129.7, 3342803.2 ], [ 4524141.5, 3342917.0 ], [ 4524173.9, 3342997.2 ], [ 4524187.7, 3343106.0 ], [ 4524217.4, 3343156.7 ], [ 4524346.3, 3343250.0 ], [ 4524369.2, 3343280.8 ], [ 4524405.2, 3343455.1 ], [ 4524390.9, 3343593.5 ], [ 4524457.7, 3343718.3 ], [ 4524448.8, 3343779.8 ], [ 4524477.1, 3343875.0 ], [ 4524477.3, 3343899.2 ], [ 4524469.1, 3343932.4 ], [ 4524433.0, 3343967.5 ], [ 4524346.6, 3344028.4 ], [ 4524230.5, 3344083.6 ], [ 4524144.2, 3344109.1 ], [ 4524105.1, 3344140.8 ], [ 4524093.6, 3344187.4 ], [ 4524095.2, 3344265.4 ], [ 4524113.8, 3344346.2 ], [ 4524132.0, 3344362.7 ], [ 4524170.2, 3344353.6 ], [ 4524174.8, 3344382.1 ], [ 4524130.9, 3344453.5 ], [ 4524079.8, 3344472.7 ], [ 4524045.2, 3344467.9 ], [ 4524003.5, 3344369.5 ], [ 4523954.3, 3344299.8 ], [ 4523947.6, 3344270.9 ], [ 4523979.5, 3344217.9 ], [ 4523983.7, 3344182.5 ], [ 4523880.8, 3344069.0 ], [ 4523760.6, 3343874.3 ], [ 4523738.8, 3343773.7 ], [ 4523760.5, 3343702.2 ], [ 4523749.3, 3343644.8 ], [ 4523720.6, 3343597.1 ], [ 4523630.1, 3343517.1 ], [ 4523589.1, 3343468.2 ], [ 4523565.2, 3343375.8 ], [ 4523492.3, 3343282.9 ], [ 4523466.8, 3343233.9 ], [ 4523432.2, 3343110.6 ], [ 4523327.7, 3342951.6 ], [ 4523269.2, 3342921.8 ], [ 4523189.3, 3342901.4 ], [ 4523141.2, 3342859.0 ], [ 4523118.3, 3342810.4 ], [ 4523084.3, 3342801.8 ], [ 4522993.0, 3342811.8 ], [ 4522952.9, 3342824.0 ], [ 4522881.4, 3342866.1 ], [ 4522843.4, 3342912.7 ], [ 4522816.5, 3342956.9 ], [ 4522811.5, 3342982.2 ], [ 4522821.2, 3343010.5 ], [ 4522874.3, 3343053.4 ], [ 4522876.5, 3343075.3 ], [ 4522861.9, 3343095.0 ], [ 4522848.2, 3343099.2 ], [ 4522792.5, 3343101.0 ], [ 4522736.0, 3343085.9 ], [ 4522663.3, 3343080.7 ], [ 4522588.5, 3343092.6 ], [ 4522457.4, 3343019.5 ], [ 4522325.9, 3342960.6 ], [ 4522221.9, 3342861.7 ], [ 4522129.2, 3342820.9 ], [ 4522078.5, 3342781.0 ], [ 4522052.1, 3342755.2 ], [ 4521916.1, 3342570.8 ], [ 4521838.2, 3342499.7 ], [ 4521817.9, 3342494.1 ], [ 4521654.4, 3342532.0 ], [ 4521626.8, 3342527.3 ], [ 4521450.6, 3342427.4 ], [ 4521423.0, 3342385.5 ], [ 4521360.7, 3342230.8 ], [ 4521327.9, 3342170.8 ], [ 4521317.6, 3342104.6 ], [ 4521323.9, 3342092.2 ], [ 4521390.3, 3342071.0 ], [ 4521436.5, 3342037.1 ], [ 4521464.1, 3341971.2 ], [ 4521476.0, 3341916.4 ], [ 4521439.5, 3341876.0 ], [ 4521401.3, 3341852.5 ], [ 4521230.3, 3341794.3 ], [ 4521233.9, 3341779.5 ], [ 4521353.2, 3341813.9 ], [ 4521437.3, 3341850.4 ], [ 4521457.1, 3341841.1 ], [ 4521463.1, 3341816.6 ], [ 4521498.7, 3341814.5 ], [ 4521574.2, 3341833.1 ], [ 4521648.3, 3341808.7 ], [ 4521668.0, 3341809.4 ], [ 4521686.8, 3341838.9 ], [ 4521683.3, 3341872.5 ], [ 4521637.4, 3341902.0 ], [ 4521608.0, 3341932.9 ], [ 4521595.3, 3341985.9 ], [ 4521605.7, 3342034.9 ], [ 4521598.1, 3342120.5 ], [ 4521606.4, 3342150.5 ], [ 4521623.0, 3342165.1 ], [ 4521818.5, 3342210.3 ], [ 4521841.4, 3342242.0 ], [ 4521852.8, 3342281.9 ], [ 4521877.1, 3342292.9 ], [ 4521929.4, 3342283.3 ], [ 4522003.0, 3342239.4 ], [ 4522057.4, 3342186.9 ], [ 4522070.0, 3342141.9 ], [ 4522156.9, 3342078.6 ], [ 4522175.7, 3342077.6 ], [ 4522183.5, 3342088.0 ], [ 4522180.0, 3342113.6 ], [ 4522156.7, 3342152.2 ], [ 4522159.9, 3342172.6 ], [ 4522173.2, 3342183.8 ], [ 4522230.1, 3342189.8 ], [ 4522298.7, 3342173.7 ], [ 4522322.8, 3342214.4 ], [ 4522352.4, 3342234.6 ], [ 4522390.0, 3342228.7 ], [ 4522472.9, 3342195.0 ], [ 4522511.2, 3342220.3 ], [ 4522581.6, 3342232.9 ], [ 4522717.2, 3342208.0 ], [ 4522828.6, 3342147.3 ], [ 4522880.1, 3342130.2 ], [ 4522942.7, 3342127.7 ], [ 4523022.8, 3342135.9 ], [ 4523142.8, 3342121.0 ], [ 4523452.9, 3341964.0 ], [ 4523500.1, 3341924.1 ], [ 4523514.7, 3341875.0 ], [ 4523507.2, 3341846.9 ], [ 4523484.9, 3341830.7 ], [ 4523442.2, 3341821.1 ], [ 4523347.8, 3341820.5 ], [ 4523251.6, 3341841.7 ], [ 4523169.4, 3341814.3 ], [ 4523074.5, 3341805.1 ], [ 4522991.2, 3341778.2 ], [ 4522921.2, 3341712.9 ], [ 4522808.9, 3341700.6 ], [ 4522709.8, 3341627.8 ], [ 4522594.2, 3341614.7 ], [ 4522496.7, 3341563.9 ], [ 4522386.2, 3341570.1 ], [ 4522323.6, 3341637.4 ], [ 4522305.6, 3341678.6 ], [ 4522295.6, 3341686.2 ], [ 4522279.5, 3341677.7 ], [ 4522242.9, 3341623.2 ], [ 4522232.3, 3341566.1 ], [ 4522294.5, 3341355.5 ], [ 4522348.9, 3341237.7 ], [ 4522348.1, 3341207.0 ], [ 4522246.6, 3341058.1 ], [ 4522220.1, 3341034.3 ], [ 4522052.4, 3341023.6 ], [ 4522004.2, 3340997.2 ], [ 4521930.4, 3340909.6 ], [ 4521924.5, 3340862.7 ], [ 4521932.5, 3340834.0 ], [ 4521938.3, 3340904.6 ], [ 4522013.9, 3340994.4 ], [ 4522054.7, 3341013.0 ], [ 4522203.9, 3341018.3 ], [ 4522228.3, 3341027.4 ], [ 4522347.2, 3341177.9 ], [ 4522385.2, 3341206.3 ], [ 4522405.2, 3341205.8 ], [ 4522461.3, 3341184.2 ], [ 4522516.1, 3341142.9 ], [ 4522546.3, 3341138.2 ], [ 4522569.3, 3341144.7 ], [ 4522602.7, 3341120.5 ], [ 4522646.3, 3341111.0 ], [ 4522705.2, 3341060.7 ], [ 4522729.8, 3341049.8 ], [ 4522768.4, 3341048.6 ], [ 4522847.3, 3341055.4 ], [ 4522889.1, 3341069.1 ], [ 4522967.5, 3341122.7 ], [ 4522996.5, 3341129.6 ], [ 4523293.8, 3341048.3 ], [ 4523329.5, 3341045.5 ], [ 4523381.9, 3341062.6 ], [ 4523439.0, 3341064.3 ], [ 4523462.0, 3341069.8 ], [ 4523583.9, 3341148.8 ], [ 4523627.1, 3341225.0 ], [ 4523651.0, 3341239.9 ], [ 4523752.0, 3341171.3 ], [ 4523801.8, 3341208.2 ], [ 4523907.0, 3341363.3 ], [ 4523833.5, 3341428.5 ], [ 4523833.3, 3341455.9 ], [ 4523995.1, 3341571.7 ], [ 4524080.8, 3341663.1 ] ], [ [ 4520969.2, 3341293.9 ], [ 4520935.0, 3341280.5 ], [ 4520833.4, 3341119.8 ], [ 4520781.0, 3341065.9 ], [ 4520749.3, 3341046.3 ], [ 4520696.8, 3341039.7 ], [ 4520648.2, 3341057.1 ], [ 4520619.2, 3341083.7 ], [ 4520605.3, 3341108.5 ], [ 4520592.1, 3341190.1 ], [ 4520550.9, 3341331.8 ], [ 4520561.5, 3341350.3 ], [ 4520708.0, 3341409.3 ], [ 4520746.8, 3341435.2 ], [ 4520887.2, 3341602.8 ], [ 4520910.1, 3341594.9 ], [ 4520924.4, 3341555.8 ], [ 4520993.5, 3341485.6 ], [ 4521034.6, 3341526.3 ], [ 4521051.8, 3341525.3 ], [ 4521068.6, 3341510.3 ], [ 4521098.7, 3341528.3 ], [ 4521167.2, 3341465.8 ], [ 4521175.6, 3341491.9 ], [ 4521260.2, 3341559.6 ], [ 4521171.9, 3341762.7 ], [ 4521177.0, 3341787.5 ], [ 4521141.7, 3341875.6 ], [ 4521119.8, 3341885.1 ], [ 4521109.6, 3341905.8 ], [ 4520943.8, 3342079.9 ], [ 4520825.5, 3342010.3 ], [ 4520729.0, 3342085.9 ], [ 4520647.3, 3342116.4 ], [ 4520583.3, 3342119.4 ], [ 4520329.6, 3342086.3 ], [ 4520332.1, 3342077.1 ], [ 4520451.4, 3342076.6 ], [ 4520529.2, 3342061.0 ], [ 4520661.9, 3342000.7 ], [ 4520679.4, 3341986.8 ], [ 4520691.2, 3341952.5 ], [ 4520662.4, 3341916.2 ], [ 4520669.1, 3341906.6 ], [ 4520812.0, 3341775.2 ], [ 4520819.0, 3341760.0 ], [ 4520815.2, 3341747.0 ], [ 4520832.8, 3341751.7 ], [ 4520876.9, 3341737.6 ], [ 4520912.1, 3341704.9 ], [ 4520913.8, 3341680.6 ], [ 4520878.5, 3341626.4 ], [ 4520745.5, 3341464.1 ], [ 4520709.1, 3341435.1 ], [ 4520679.5, 3341422.2 ], [ 4520661.9, 3341425.1 ], [ 4520652.3, 3341447.3 ], [ 4520669.7, 3341483.5 ], [ 4520637.7, 3341503.1 ], [ 4520579.8, 3341518.8 ], [ 4520562.4, 3341510.2 ], [ 4520529.8, 3341443.0 ], [ 4520460.5, 3341410.5 ], [ 4520395.9, 3341346.6 ], [ 4520344.8, 3341337.0 ], [ 4520244.7, 3341364.7 ], [ 4520154.9, 3341365.3 ], [ 4520128.8, 3341355.8 ], [ 4520095.8, 3341297.2 ], [ 4520040.9, 3341300.8 ], [ 4520034.9, 3341287.2 ], [ 4520038.3, 3341243.4 ], [ 4520011.0, 3341215.7 ], [ 4519902.6, 3341205.8 ], [ 4519889.4, 3341197.6 ], [ 4519882.0, 3341180.5 ], [ 4519889.2, 3341156.6 ], [ 4519953.6, 3341062.7 ], [ 4519958.1, 3340990.7 ], [ 4520001.1, 3340914.5 ], [ 4520006.7, 3340890.3 ], [ 4520002.6, 3340855.9 ], [ 4519992.4, 3340838.0 ], [ 4520097.2, 3340805.0 ], [ 4520111.2, 3340808.8 ], [ 4520193.4, 3340902.3 ], [ 4520265.5, 3340909.3 ], [ 4520314.6, 3340935.1 ], [ 4520344.5, 3340938.7 ], [ 4520379.8, 3340926.7 ], [ 4520450.5, 3340929.1 ], [ 4520509.7, 3340882.6 ], [ 4520531.3, 3340834.3 ], [ 4520533.6, 3340738.2 ], [ 4520553.2, 3340630.3 ], [ 4520538.2, 3340593.0 ], [ 4520443.7, 3340484.2 ], [ 4520479.3, 3340350.1 ], [ 4520465.0, 3340280.1 ], [ 4520517.7, 3340132.7 ], [ 4520576.1, 3340117.2 ], [ 4520608.5, 3340122.1 ], [ 4520622.4, 3340111.0 ], [ 4520624.5, 3340096.7 ], [ 4520606.8, 3340040.2 ], [ 4520608.3, 3340011.4 ], [ 4520647.7, 3339935.4 ], [ 4520651.6, 3339907.8 ], [ 4520599.2, 3339833.1 ], [ 4520515.4, 3339741.2 ], [ 4520497.4, 3339694.9 ], [ 4520464.8, 3339668.8 ], [ 4520391.0, 3339550.6 ], [ 4520359.9, 3339479.5 ], [ 4520353.2, 3339393.2 ], [ 4520279.2, 3339365.4 ], [ 4520266.0, 3339352.9 ], [ 4520262.9, 3339278.2 ], [ 4520230.1, 3339235.7 ], [ 4520207.4, 3339241.8 ], [ 4520180.6, 3339292.7 ], [ 4520201.7, 3339356.4 ], [ 4520246.1, 3339442.2 ], [ 4520255.0, 3339479.5 ], [ 4520292.0, 3339521.0 ], [ 4520293.9, 3339543.8 ], [ 4520234.7, 3339667.8 ], [ 4520196.7, 3339714.5 ], [ 4520130.9, 3339721.0 ], [ 4519993.9, 3339699.6 ], [ 4519969.4, 3339691.9 ], [ 4519951.4, 3339659.2 ], [ 4519934.3, 3339652.9 ], [ 4519900.1, 3339672.3 ], [ 4519900.6, 3339732.2 ], [ 4519852.4, 3339742.5 ], [ 4519837.4, 3339737.7 ], [ 4519810.3, 3339703.4 ], [ 4519824.4, 3339681.0 ], [ 4519814.0, 3339659.0 ], [ 4519799.8, 3339656.0 ], [ 4519775.9, 3339664.9 ], [ 4519757.6, 3339646.6 ], [ 4519733.7, 3339637.9 ], [ 4519682.0, 3339642.8 ], [ 4519686.5, 3339620.2 ], [ 4519753.2, 3339483.7 ], [ 4519852.4, 3339480.1 ], [ 4519923.2, 3339444.5 ], [ 4519983.7, 3339431.8 ], [ 4520002.1, 3339387.9 ], [ 4520000.1, 3339326.3 ], [ 4520007.5, 3339296.0 ], [ 4520084.9, 3339187.0 ], [ 4520090.7, 3339159.2 ], [ 4520227.2, 3339102.6 ], [ 4520258.3, 3339094.8 ], [ 4520322.2, 3339134.3 ], [ 4520343.1, 3339217.9 ], [ 4520439.6, 3339258.3 ], [ 4520503.1, 3339323.8 ], [ 4520579.9, 3339336.2 ], [ 4520613.8, 3339333.0 ], [ 4520673.9, 3339310.8 ], [ 4520696.9, 3339288.3 ], [ 4520692.0, 3339267.8 ], [ 4520639.8, 3339225.8 ], [ 4520577.2, 3339157.3 ], [ 4520520.4, 3339067.0 ], [ 4520476.5, 3339037.1 ], [ 4520458.0, 3338999.8 ], [ 4520490.2, 3338881.0 ], [ 4520483.7, 3338860.2 ], [ 4520447.9, 3338846.9 ], [ 4520389.8, 3338844.4 ], [ 4520316.1, 3338860.9 ], [ 4520233.9, 3338830.4 ], [ 4520189.9, 3338777.2 ], [ 4520168.3, 3338691.9 ], [ 4520173.0, 3338632.7 ], [ 4520185.2, 3338606.2 ], [ 4520242.4, 3338579.7 ], [ 4520355.4, 3338566.6 ], [ 4520394.5, 3338512.1 ], [ 4520391.1, 3338498.3 ], [ 4520376.4, 3338488.5 ], [ 4520265.5, 3338488.1 ], [ 4520231.6, 3338457.9 ], [ 4520225.6, 3338437.0 ], [ 4520238.6, 3338393.8 ], [ 4520239.8, 3338343.4 ], [ 4520208.1, 3338255.3 ], [ 4520192.9, 3338150.8 ], [ 4520203.2, 3338117.2 ], [ 4520238.1, 3338100.5 ], [ 4520256.0, 3338105.4 ], [ 4520286.6, 3338145.6 ], [ 4520326.6, 3338176.2 ], [ 4520343.1, 3338229.0 ], [ 4520359.0, 3338246.8 ], [ 4520418.7, 3338278.5 ], [ 4520467.0, 3338332.6 ], [ 4520506.0, 3338348.2 ], [ 4520585.4, 3338399.2 ], [ 4520651.2, 3338421.2 ], [ 4520683.2, 3338407.3 ], [ 4520701.8, 3338371.5 ], [ 4520797.8, 3338272.2 ], [ 4520921.9, 3338221.8 ], [ 4521098.7, 3338094.7 ], [ 4521130.5, 3338085.8 ], [ 4521137.6, 3338055.3 ], [ 4521206.1, 3338059.5 ], [ 4521235.8, 3338080.1 ], [ 4521254.9, 3338072.6 ], [ 4521288.5, 3338077.9 ], [ 4521399.2, 3338010.8 ], [ 4521495.6, 3338010.2 ], [ 4521527.7, 3338023.7 ], [ 4521613.9, 3338097.4 ], [ 4521682.2, 3338114.4 ], [ 4521691.5, 3338147.4 ], [ 4521690.1, 3338216.2 ], [ 4521679.4, 3338223.4 ], [ 4521665.1, 3338213.7 ], [ 4521643.4, 3338214.9 ], [ 4521632.9, 3338225.3 ], [ 4521629.0, 3338246.5 ], [ 4521642.1, 3338274.6 ], [ 4521688.7, 3338312.0 ], [ 4521690.6, 3338323.4 ], [ 4521681.9, 3338344.0 ], [ 4521669.0, 3338349.1 ], [ 4521598.9, 3338329.6 ], [ 4521562.3, 3338346.4 ], [ 4521501.1, 3338474.9 ], [ 4521466.5, 3338511.6 ], [ 4521386.3, 3338551.9 ], [ 4521354.5, 3338585.5 ], [ 4521323.1, 3338601.8 ], [ 4521280.3, 3338579.0 ], [ 4521275.8, 3338558.9 ], [ 4521288.3, 3338511.4 ], [ 4521316.5, 3338486.2 ], [ 4521374.2, 3338457.3 ], [ 4521389.3, 3338441.3 ], [ 4521399.3, 3338409.9 ], [ 4521394.6, 3338374.2 ], [ 4521383.8, 3338356.7 ], [ 4521321.8, 3338329.6 ], [ 4521303.6, 3338296.5 ], [ 4521309.2, 3338263.1 ], [ 4521345.1, 3338205.4 ], [ 4521339.5, 3338185.4 ], [ 4521321.8, 3338177.5 ], [ 4521290.4, 3338186.4 ], [ 4521270.9, 3338200.8 ], [ 4521256.7, 3338184.2 ], [ 4521238.2, 3338185.9 ], [ 4521179.2, 3338267.1 ], [ 4521015.3, 3338320.0 ], [ 4520945.9, 3338377.0 ], [ 4520868.9, 3338414.2 ], [ 4520853.2, 3338437.5 ], [ 4520805.2, 3338673.5 ], [ 4520815.4, 3338840.8 ], [ 4520803.5, 3338947.9 ], [ 4520810.6, 3338991.7 ], [ 4520833.6, 3339010.5 ], [ 4520835.7, 3339038.8 ], [ 4520862.9, 3339077.0 ], [ 4520892.2, 3339142.8 ], [ 4520896.7, 3339196.2 ], [ 4520889.3, 3339276.5 ], [ 4520874.1, 3339302.6 ], [ 4520850.7, 3339321.8 ], [ 4520710.7, 3339385.3 ], [ 4520675.5, 3339476.7 ], [ 4520565.0, 3339665.9 ], [ 4520562.2, 3339699.9 ], [ 4520577.9, 3339743.0 ], [ 4520602.0, 3339767.6 ], [ 4520626.5, 3339779.9 ], [ 4520671.6, 3339775.6 ], [ 4520694.2, 3339766.0 ], [ 4520731.0, 3339718.8 ], [ 4520808.0, 3339668.5 ], [ 4520866.3, 3339606.3 ], [ 4520914.6, 3339503.3 ], [ 4520945.7, 3339469.4 ], [ 4520975.0, 3339463.5 ], [ 4520997.6, 3339471.7 ], [ 4521048.5, 3339533.9 ], [ 4521094.8, 3339555.1 ], [ 4521142.2, 3339525.3 ], [ 4521230.2, 3339504.5 ], [ 4521261.2, 3339433.9 ], [ 4521315.7, 3339403.7 ], [ 4521567.3, 3339364.2 ], [ 4521557.8, 3339386.5 ], [ 4521493.2, 3339419.6 ], [ 4521483.1, 3339446.9 ], [ 4521491.1, 3339479.2 ], [ 4521520.5, 3339521.2 ], [ 4521584.5, 3339547.2 ], [ 4521567.5, 3339571.3 ], [ 4521497.2, 3339569.4 ], [ 4521456.4, 3339593.8 ], [ 4521347.4, 3339584.9 ], [ 4521254.5, 3339606.2 ], [ 4521236.8, 3339618.9 ], [ 4521244.6, 3339662.2 ], [ 4521297.4, 3339700.5 ], [ 4521338.5, 3339713.9 ], [ 4521330.8, 3339768.0 ], [ 4521251.8, 3339775.7 ], [ 4521222.3, 3339790.3 ], [ 4521211.7, 3339805.4 ], [ 4521243.5, 3340048.3 ], [ 4521256.0, 3340061.9 ], [ 4521277.7, 3340064.2 ], [ 4521306.2, 3340094.2 ], [ 4521347.5, 3340181.7 ], [ 4521409.3, 3340263.4 ], [ 4521440.9, 3340270.4 ], [ 4521480.3, 3340247.7 ], [ 4521505.9, 3340244.3 ], [ 4521529.8, 3340254.7 ], [ 4521543.4, 3340275.6 ], [ 4521545.8, 3340325.2 ], [ 4521517.3, 3340349.8 ], [ 4521514.4, 3340367.7 ], [ 4521552.1, 3340408.7 ], [ 4521566.4, 3340433.1 ], [ 4521586.6, 3340508.1 ], [ 4521640.2, 3340581.8 ], [ 4521668.7, 3340603.8 ], [ 4521733.7, 3340630.9 ], [ 4521913.4, 3340656.8 ], [ 4521944.1, 3340667.5 ], [ 4521970.7, 3340702.5 ], [ 4521972.5, 3340746.4 ], [ 4521960.6, 3340747.3 ], [ 4521958.7, 3340701.9 ], [ 4521922.3, 3340676.6 ], [ 4521715.8, 3340638.1 ], [ 4521650.2, 3340605.6 ], [ 4521593.4, 3340547.8 ], [ 4521552.8, 3340432.3 ], [ 4521514.4, 3340390.4 ], [ 4521386.7, 3340394.6 ], [ 4521328.5, 3340368.5 ], [ 4521243.7, 3340301.4 ], [ 4521225.9, 3340279.2 ], [ 4521178.4, 3340164.9 ], [ 4521178.4, 3340130.2 ], [ 4521188.8, 3340101.3 ], [ 4521223.6, 3340057.8 ], [ 4521199.1, 3339879.2 ], [ 4521186.4, 3339865.7 ], [ 4521167.9, 3339866.8 ], [ 4521088.0, 3339919.7 ], [ 4521062.5, 3339949.2 ], [ 4520913.0, 3340207.4 ], [ 4520911.5, 3340260.7 ], [ 4520927.0, 3340330.1 ], [ 4520961.9, 3340412.7 ], [ 4520940.1, 3340513.1 ], [ 4520972.4, 3340592.1 ], [ 4520964.5, 3340634.6 ], [ 4520924.0, 3340689.2 ], [ 4520929.5, 3340735.0 ], [ 4520945.3, 3340761.2 ], [ 4520978.4, 3340790.3 ], [ 4521018.0, 3340793.3 ], [ 4521074.7, 3340771.2 ], [ 4521093.2, 3340779.0 ], [ 4521099.8, 3340800.2 ], [ 4521099.1, 3340828.5 ], [ 4521068.7, 3340898.0 ], [ 4521065.9, 3340926.6 ], [ 4521068.4, 3340959.1 ], [ 4521096.5, 3341053.2 ], [ 4521107.5, 3341133.3 ], [ 4521105.8, 3341180.8 ], [ 4521047.6, 3341256.7 ], [ 4521006.1, 3341285.0 ], [ 4520969.2, 3341293.9 ] ], [ [ 4522095.7, 3340281.9 ], [ 4522059.7, 3340170.7 ], [ 4522051.2, 3340119.0 ], [ 4522053.9, 3340094.0 ], [ 4522089.0, 3340072.0 ], [ 4522122.6, 3340071.6 ], [ 4522170.8, 3340104.9 ], [ 4522204.7, 3340102.4 ], [ 4522307.4, 3340200.3 ], [ 4522296.7, 3340229.3 ], [ 4522263.6, 3340219.5 ], [ 4522231.6, 3340196.9 ], [ 4522192.0, 3340203.5 ], [ 4522164.6, 3340219.9 ], [ 4522104.3, 3340287.9 ], [ 4522095.7, 3340281.9 ] ], [ [ 4522173.9, 3339603.3 ], [ 4522178.6, 3339552.8 ], [ 4522169.9, 3339536.8 ], [ 4522156.0, 3339532.3 ], [ 4522090.8, 3339541.4 ], [ 4522070.1, 3339519.3 ], [ 4522105.0, 3339471.5 ], [ 4522173.9, 3339448.5 ], [ 4522216.0, 3339470.5 ], [ 4522174.1, 3339530.5 ], [ 4522181.0, 3339547.1 ], [ 4522198.0, 3339553.0 ], [ 4522198.8, 3339596.3 ], [ 4522209.9, 3339617.4 ], [ 4522199.8, 3339678.9 ], [ 4522130.4, 3339728.2 ], [ 4522108.3, 3339736.7 ], [ 4522084.6, 3339732.7 ], [ 4522090.7, 3339708.3 ], [ 4522087.3, 3339673.1 ], [ 4522158.6, 3339632.7 ], [ 4522173.9, 3339603.3 ] ], [ [ 4525612.3, 3339472.2 ], [ 4525013.1, 3339331.6 ], [ 4525016.5, 3339284.1 ], [ 4525355.8, 3339363.1 ], [ 4525590.1, 3339408.3 ], [ 4525612.3, 3339472.2 ] ], [ [ 4524915.6, 3339274.1 ], [ 4524909.8, 3339309.0 ], [ 4524397.7, 3339189.3 ], [ 4524164.5, 3338965.0 ], [ 4524197.8, 3338927.2 ], [ 4524274.1, 3338996.0 ], [ 4524426.5, 3339159.3 ], [ 4524915.6, 3339274.1 ] ], [ [ 4521810.4, 3339054.9 ], [ 4521788.2, 3339048.7 ], [ 4521773.5, 3339029.1 ], [ 4521771.7, 3339005.4 ], [ 4521837.5, 3338874.0 ], [ 4521841.1, 3338827.5 ], [ 4521855.6, 3338821.3 ], [ 4521871.0, 3338832.8 ], [ 4521876.7, 3338860.8 ], [ 4521866.3, 3339000.2 ], [ 4521846.6, 3339047.8 ], [ 4521810.4, 3339054.9 ] ], [ [ 4523043.8, 3338676.4 ], [ 4523057.7, 3338597.4 ], [ 4523095.6, 3338540.8 ], [ 4523109.3, 3338539.0 ], [ 4523114.1, 3338568.5 ], [ 4523134.1, 3338584.8 ], [ 4523163.7, 3338587.5 ], [ 4523187.6, 3338574.5 ], [ 4523207.7, 3338586.8 ], [ 4523264.2, 3338576.0 ], [ 4523283.4, 3338590.9 ], [ 4523158.1, 3338680.5 ], [ 4523086.9, 3338759.3 ], [ 4523077.6, 3338754.9 ], [ 4523043.8, 3338676.4 ] ], [ [ 4522008.2, 3338579.8 ], [ 4521994.6, 3338587.7 ], [ 4521966.5, 3338572.0 ], [ 4521914.3, 3338493.3 ], [ 4521890.1, 3338483.5 ], [ 4521839.1, 3338479.9 ], [ 4521771.6, 3338443.5 ], [ 4521756.8, 3338428.5 ], [ 4521753.2, 3338412.9 ], [ 4521766.6, 3338383.4 ], [ 4521936.8, 3338403.5 ], [ 4521955.2, 3338422.4 ], [ 4521993.7, 3338491.0 ], [ 4522020.1, 3338558.5 ], [ 4522008.2, 3338579.8 ] ], [ [ 4522651.7, 3338082.5 ], [ 4522625.8, 3338021.1 ], [ 4522630.2, 3337995.1 ], [ 4522653.9, 3337981.3 ], [ 4522696.5, 3338000.2 ], [ 4522743.8, 3338037.4 ], [ 4522762.0, 3338087.0 ], [ 4522743.7, 3338102.4 ], [ 4522710.9, 3338089.7 ], [ 4522651.7, 3338082.5 ] ], [ [ 4522247.1, 3337984.2 ], [ 4522133.6, 3337960.4 ], [ 4522116.9, 3337972.8 ], [ 4522102.0, 3338022.4 ], [ 4522065.5, 3338045.5 ], [ 4521945.9, 3338017.7 ], [ 4521926.2, 3338024.4 ], [ 4521894.4, 3338060.3 ], [ 4521861.2, 3338070.7 ], [ 4521807.3, 3338069.8 ], [ 4521738.2, 3338037.8 ], [ 4521721.4, 3337942.1 ], [ 4521684.9, 3337881.8 ], [ 4521725.6, 3337888.6 ], [ 4521757.2, 3337883.0 ], [ 4521770.9, 3337871.2 ], [ 4521782.2, 3337842.4 ], [ 4521804.2, 3337842.1 ], [ 4521826.8, 3337852.4 ], [ 4521848.7, 3337875.1 ], [ 4521889.8, 3337875.0 ], [ 4521918.9, 3337886.4 ], [ 4521972.3, 3337928.6 ], [ 4522008.7, 3337913.0 ], [ 4522042.2, 3337909.4 ], [ 4522072.0, 3337913.3 ], [ 4522121.7, 3337940.9 ], [ 4522167.2, 3337923.0 ], [ 4522241.4, 3337926.0 ], [ 4522290.0, 3337957.8 ], [ 4522282.7, 3337980.9 ], [ 4522247.1, 3337984.2 ] ], [ [ 4519882.8, 3338036.4 ], [ 4519894.1, 3338067.2 ], [ 4519925.7, 3338076.7 ], [ 4519962.1, 3338111.8 ], [ 4519979.0, 3338136.1 ], [ 4519983.3, 3338157.4 ], [ 4519973.1, 3338227.1 ], [ 4519986.5, 3338325.2 ], [ 4519955.3, 3338355.8 ], [ 4519937.7, 3338360.1 ], [ 4519901.0, 3338342.1 ], [ 4519846.8, 3338292.2 ], [ 4519798.3, 3338232.8 ], [ 4519771.6, 3338175.8 ], [ 4519752.6, 3338026.8 ], [ 4519761.1, 3338005.6 ], [ 4519778.4, 3337996.1 ], [ 4519814.0, 3337992.3 ], [ 4519854.7, 3337996.6 ], [ 4519882.8, 3338036.4 ] ], [ [ 4519473.0, 3338052.8 ], [ 4519425.0, 3338032.3 ], [ 4519379.0, 3337982.6 ], [ 4519368.5, 3337961.4 ], [ 4519383.3, 3337936.2 ], [ 4519404.4, 3337934.9 ], [ 4519457.4, 3337951.5 ], [ 4519506.4, 3337987.0 ], [ 4519491.3, 3338050.0 ], [ 4519473.0, 3338052.8 ] ], [ [ 4518375.8, 3338042.1 ], [ 4518347.8, 3338084.9 ], [ 4518373.4, 3338121.7 ], [ 4518375.6, 3338141.4 ], [ 4518280.2, 3338124.0 ], [ 4518253.6, 3338142.7 ], [ 4518253.8, 3338163.7 ], [ 4518270.6, 3338195.9 ], [ 4518237.4, 3338202.3 ], [ 4518227.9, 3338220.8 ], [ 4518246.3, 3338244.4 ], [ 4518243.2, 3338385.3 ], [ 4518195.1, 3338377.0 ], [ 4518188.5, 3338331.0 ], [ 4518136.9, 3338263.9 ], [ 4518141.7, 3338226.8 ], [ 4518135.9, 3338213.7 ], [ 4518072.6, 3338204.3 ], [ 4518027.1, 3338181.4 ], [ 4518027.4, 3338135.4 ], [ 4518018.7, 3338119.1 ], [ 4517960.7, 3338064.8 ], [ 4517942.8, 3338063.6 ], [ 4517925.7, 3338079.1 ], [ 4517916.3, 3338102.3 ], [ 4517917.3, 3338133.3 ], [ 4517907.2, 3338148.6 ], [ 4517912.2, 3338166.3 ], [ 4517945.3, 3338184.2 ], [ 4517986.4, 3338221.9 ], [ 4518047.2, 3338245.7 ], [ 4518097.3, 3338317.8 ], [ 4518097.1, 3338358.6 ], [ 4518070.4, 3338387.3 ], [ 4518066.1, 3338406.0 ], [ 4518108.2, 3338512.9 ], [ 4518064.4, 3338545.3 ], [ 4518043.6, 3338545.6 ], [ 4517972.1, 3338513.3 ], [ 4517957.2, 3338513.2 ], [ 4517942.9, 3338529.5 ], [ 4517941.8, 3338570.8 ], [ 4517953.3, 3338599.9 ], [ 4518027.7, 3338686.5 ], [ 4518166.0, 3338729.9 ], [ 4518201.8, 3338767.7 ], [ 4518229.6, 3338782.9 ], [ 4518261.3, 3338779.9 ], [ 4518292.8, 3338742.4 ], [ 4518317.3, 3338729.4 ], [ 4518387.5, 3338727.8 ], [ 4518431.2, 3338750.3 ], [ 4518449.5, 3338806.5 ], [ 4518443.8, 3338823.3 ], [ 4518423.4, 3338838.8 ], [ 4518421.2, 3338866.1 ], [ 4518466.6, 3338973.7 ], [ 4518472.5, 3339031.8 ], [ 4518566.3, 3339190.1 ], [ 4518596.6, 3339194.5 ], [ 4518640.9, 3339180.2 ], [ 4518658.7, 3339202.9 ], [ 4518672.1, 3339207.8 ], [ 4518747.9, 3339167.0 ], [ 4518897.0, 3339177.1 ], [ 4518914.3, 3339187.0 ], [ 4518933.0, 3339217.4 ], [ 4518992.2, 3339277.7 ], [ 4518998.5, 3339372.0 ], [ 4519015.2, 3339429.9 ], [ 4519004.3, 3339458.8 ], [ 4518961.0, 3339448.6 ], [ 4518888.3, 3339469.2 ], [ 4518831.7, 3339457.9 ], [ 4518813.8, 3339471.8 ], [ 4518801.0, 3339525.1 ], [ 4518417.1, 3339502.6 ], [ 4518378.8, 3339546.0 ], [ 4518352.7, 3339551.7 ], [ 4518349.0, 3339574.3 ], [ 4518266.6, 3339608.0 ], [ 4518255.7, 3339621.5 ], [ 4518257.9, 3339638.6 ], [ 4518320.6, 3339742.2 ], [ 4518339.2, 3339760.7 ], [ 4518362.2, 3339821.5 ], [ 4518393.6, 3339831.5 ], [ 4518438.0, 3339817.0 ], [ 4518485.1, 3339813.0 ], [ 4518551.6, 3339873.3 ], [ 4518530.2, 3339964.5 ], [ 4518508.5, 3339962.8 ], [ 4518495.8, 3339970.8 ], [ 4518490.1, 3339985.6 ], [ 4518496.3, 3340001.3 ], [ 4518559.7, 3340033.7 ], [ 4518698.8, 3340015.5 ], [ 4518713.8, 3340099.0 ], [ 4518569.5, 3340115.0 ], [ 4518545.9, 3340111.0 ], [ 4518490.5, 3340087.6 ], [ 4518442.5, 3340047.4 ], [ 4518382.8, 3340033.7 ], [ 4518368.8, 3339946.9 ], [ 4518369.2, 3339894.8 ], [ 4518353.0, 3339876.4 ], [ 4518290.8, 3339886.7 ], [ 4518190.6, 3339930.6 ], [ 4518125.0, 3339943.6 ], [ 4518096.4, 3339943.8 ], [ 4518015.9, 3339907.1 ], [ 4518011.8, 3339891.8 ], [ 4518022.9, 3339862.0 ], [ 4518080.1, 3339801.8 ], [ 4518102.8, 3339703.9 ], [ 4518097.2, 3339687.6 ], [ 4518073.4, 3339665.6 ], [ 4518118.8, 3339609.9 ], [ 4518106.2, 3339589.3 ], [ 4518045.8, 3339576.1 ], [ 4518012.1, 3339576.9 ], [ 4517883.3, 3339606.5 ], [ 4517774.1, 3339678.1 ], [ 4517712.4, 3339755.2 ], [ 4517691.7, 3339793.9 ], [ 4517685.9, 3339827.8 ], [ 4517701.2, 3339923.1 ], [ 4517690.9, 3339950.8 ], [ 4517670.2, 3339970.2 ], [ 4517638.5, 3339984.9 ], [ 4517508.5, 3340018.2 ], [ 4517446.4, 3340007.4 ], [ 4517414.9, 3339910.5 ], [ 4517385.0, 3339860.3 ], [ 4517350.2, 3339846.0 ], [ 4517234.6, 3339824.4 ], [ 4517160.0, 3339793.4 ], [ 4517090.7, 3339752.3 ], [ 4517042.7, 3339702.3 ], [ 4517025.6, 3339658.2 ], [ 4517032.1, 3339601.8 ], [ 4517080.4, 3339604.8 ], [ 4517102.0, 3339590.1 ], [ 4517150.7, 3339538.0 ], [ 4517193.6, 3339448.5 ], [ 4517206.9, 3339440.4 ], [ 4517261.9, 3339440.7 ], [ 4517356.7, 3339406.0 ], [ 4517369.1, 3339395.7 ], [ 4517372.8, 3339375.3 ], [ 4517352.0, 3339344.1 ], [ 4517290.8, 3339318.2 ], [ 4517223.2, 3339311.0 ], [ 4517183.8, 3339281.1 ], [ 4517115.5, 3339194.0 ], [ 4517105.6, 3339176.4 ], [ 4517099.8, 3339135.5 ], [ 4517058.7, 3339119.8 ], [ 4517012.8, 3339082.3 ], [ 4516949.2, 3338987.3 ], [ 4516940.0, 3338929.8 ], [ 4516893.0, 3338896.6 ], [ 4516893.3, 3338882.2 ], [ 4516927.2, 3338857.9 ], [ 4516964.9, 3338798.2 ], [ 4516989.4, 3338789.0 ], [ 4517104.8, 3338792.2 ], [ 4517154.1, 3338815.0 ], [ 4517195.3, 3338813.3 ], [ 4517273.5, 3338866.9 ], [ 4517297.9, 3338864.4 ], [ 4517328.8, 3338844.2 ], [ 4517356.6, 3338814.5 ], [ 4517369.3, 3338788.4 ], [ 4517384.6, 3338692.3 ], [ 4517423.8, 3338598.0 ], [ 4517415.9, 3338546.2 ], [ 4517373.5, 3338501.4 ], [ 4517381.7, 3338477.9 ], [ 4517489.6, 3338438.3 ], [ 4517546.7, 3338433.3 ], [ 4517704.2, 3338447.2 ], [ 4517835.1, 3338473.8 ], [ 4517892.0, 3338469.1 ], [ 4517909.8, 3338459.7 ], [ 4517912.0, 3338435.2 ], [ 4517861.6, 3338399.0 ], [ 4517853.1, 3338371.6 ], [ 4517851.6, 3338282.4 ], [ 4517884.5, 3338187.0 ], [ 4517882.0, 3338168.8 ], [ 4517862.9, 3338158.5 ], [ 4517825.7, 3338171.6 ], [ 4517762.8, 3338140.8 ], [ 4517687.9, 3338158.9 ], [ 4517656.1, 3338159.2 ], [ 4517624.1, 3338148.9 ], [ 4517602.2, 3338105.0 ], [ 4517596.6, 3338067.5 ], [ 4517578.7, 3338025.0 ], [ 4517586.7, 3337997.1 ], [ 4517631.4, 3337965.4 ], [ 4517706.8, 3337962.6 ], [ 4517742.8, 3337925.9 ], [ 4517925.2, 3337858.4 ], [ 4517991.8, 3337811.4 ], [ 4518016.1, 3337754.9 ], [ 4518083.0, 3337741.4 ], [ 4518136.0, 3337759.6 ], [ 4518180.2, 3337794.0 ], [ 4518212.4, 3337847.3 ], [ 4518236.4, 3337841.8 ], [ 4518253.7, 3337805.7 ], [ 4518310.0, 3337820.1 ], [ 4518291.0, 3337856.1 ], [ 4518293.4, 3337900.2 ], [ 4518277.0, 3337906.8 ], [ 4518270.6, 3337919.6 ], [ 4518275.5, 3337936.5 ], [ 4518297.8, 3337957.1 ], [ 4518460.6, 3337962.9 ], [ 4518433.6, 3338005.3 ], [ 4518375.8, 3338042.1 ] ], [ [ 4519007.9, 3337818.0 ], [ 4519074.5, 3337766.8 ], [ 4519197.9, 3337711.4 ], [ 4519227.8, 3337706.0 ], [ 4519277.4, 3337710.3 ], [ 4519311.3, 3337721.8 ], [ 4519333.7, 3337735.5 ], [ 4519364.7, 3337777.2 ], [ 4519391.2, 3337797.1 ], [ 4519432.8, 3337803.2 ], [ 4519498.7, 3337794.3 ], [ 4519459.3, 3337856.5 ], [ 4519356.9, 3337876.2 ], [ 4519303.7, 3337863.3 ], [ 4519002.2, 3337890.6 ], [ 4518995.7, 3337838.0 ], [ 4519007.9, 3337818.0 ] ], [ [ 4516562.4, 3339263.5 ], [ 4516510.3, 3339183.0 ], [ 4516766.4, 3339092.4 ], [ 4516787.5, 3339210.2 ], [ 4516562.4, 3339263.5 ] ], [ [ 4516714.6, 3339500.5 ], [ 4516946.0, 3339773.7 ], [ 4516970.6, 3339780.0 ], [ 4517086.2, 3339923.2 ], [ 4517474.6, 3340303.6 ], [ 4517491.6, 3340309.8 ], [ 4517759.0, 3340553.4 ], [ 4517782.0, 3340544.9 ], [ 4517788.9, 3340525.7 ], [ 4517858.9, 3340443.2 ], [ 4517874.0, 3340408.3 ], [ 4517877.4, 3340369.1 ], [ 4517864.4, 3340248.8 ], [ 4517879.2, 3340009.0 ], [ 4517901.3, 3339984.9 ], [ 4517931.8, 3339993.0 ], [ 4517901.7, 3340026.0 ], [ 4517911.4, 3340120.7 ], [ 4517907.8, 3340164.4 ], [ 4517915.0, 3340178.0 ], [ 4517899.5, 3340204.7 ], [ 4517890.1, 3340260.7 ], [ 4517900.1, 3340369.4 ], [ 4517913.1, 3340413.6 ], [ 4517876.6, 3340465.9 ], [ 4517810.1, 3340526.6 ], [ 4517806.3, 3340560.9 ], [ 4517825.3, 3340587.0 ], [ 4517843.8, 3340596.7 ], [ 4517894.3, 3340597.1 ], [ 4517893.8, 3340620.2 ], [ 4517876.4, 3340621.9 ], [ 4517863.7, 3340634.3 ], [ 4517866.2, 3340655.2 ], [ 4518211.4, 3341003.2 ], [ 4518159.2, 3341041.5 ], [ 4517831.1, 3340729.9 ], [ 4517807.8, 3340725.4 ], [ 4517768.5, 3340749.0 ], [ 4517617.3, 3340939.5 ], [ 4517527.0, 3341000.3 ], [ 4517517.7, 3341014.5 ], [ 4517530.0, 3341039.3 ], [ 4517579.7, 3341038.1 ], [ 4517764.2, 3341140.4 ], [ 4517578.9, 3341175.8 ], [ 4517570.8, 3341198.0 ], [ 4517593.4, 3341228.7 ], [ 4517574.6, 3341240.6 ], [ 4517572.7, 3341259.0 ], [ 4517470.6, 3341331.8 ], [ 4517426.2, 3341280.5 ], [ 4517473.2, 3341239.7 ], [ 4517476.6, 3341216.7 ], [ 4517342.0, 3341006.7 ], [ 4517325.5, 3340999.5 ], [ 4517307.7, 3341007.9 ], [ 4517274.0, 3340961.2 ], [ 4517302.1, 3340931.2 ], [ 4517300.3, 3340909.4 ], [ 4517273.5, 3340899.7 ], [ 4517210.9, 3340948.1 ], [ 4517141.8, 3340859.4 ], [ 4517224.2, 3340772.0 ], [ 4517337.9, 3340921.5 ], [ 4517365.1, 3340925.1 ], [ 4517477.0, 3340817.1 ], [ 4517521.6, 3340717.4 ], [ 4517573.2, 3340646.4 ], [ 4517605.2, 3340621.8 ], [ 4517636.7, 3340556.4 ], [ 4517650.0, 3340590.0 ], [ 4517530.9, 3340778.0 ], [ 4517474.9, 3340890.5 ], [ 4517499.8, 3340946.6 ], [ 4517571.4, 3340938.0 ], [ 4517640.6, 3340872.0 ], [ 4517706.4, 3340772.0 ], [ 4517722.1, 3340697.8 ], [ 4517750.0, 3340660.8 ], [ 4517720.1, 3340604.6 ], [ 4517721.5, 3340580.6 ], [ 4517511.7, 3340371.2 ], [ 4517494.2, 3340365.0 ], [ 4517478.2, 3340374.2 ], [ 4517156.2, 3340051.4 ], [ 4517121.5, 3340037.8 ], [ 4517041.6, 3339954.2 ], [ 4516727.4, 3339588.0 ], [ 4516720.5, 3339539.8 ], [ 4516697.8, 3339493.0 ], [ 4516714.6, 3339500.5 ] ], [ [ 4516179.0, 3339970.2 ], [ 4516030.4, 3340186.3 ], [ 4515776.5, 3339992.2 ], [ 4515866.1, 3339811.6 ], [ 4515893.5, 3339788.5 ], [ 4515898.5, 3339774.5 ], [ 4515890.8, 3339757.9 ], [ 4515855.3, 3339736.4 ], [ 4515862.7, 3339711.6 ], [ 4515853.8, 3339696.2 ], [ 4515730.6, 3339633.7 ], [ 4515748.0, 3339596.2 ], [ 4516012.4, 3339737.1 ], [ 4516096.5, 3339791.7 ], [ 4516137.4, 3339845.9 ], [ 4516179.0, 3339970.2 ] ], [ [ 4516836.8, 3340104.6 ], [ 4516872.6, 3340109.3 ], [ 4516946.0, 3340151.1 ], [ 4516999.3, 3340147.3 ], [ 4517043.2, 3340170.7 ], [ 4517139.9, 3340175.4 ], [ 4517169.2, 3340184.3 ], [ 4517197.5, 3340244.8 ], [ 4517258.2, 3340288.8 ], [ 4517304.8, 3340408.9 ], [ 4517319.8, 3340426.3 ], [ 4517346.7, 3340438.8 ], [ 4517348.0, 3340462.0 ], [ 4517330.2, 3340476.9 ], [ 4517306.4, 3340482.5 ], [ 4517182.3, 3340455.6 ], [ 4517097.6, 3340387.9 ], [ 4517023.5, 3340265.7 ], [ 4516906.7, 3340242.0 ], [ 4516877.5, 3340231.2 ], [ 4516834.2, 3340200.5 ], [ 4516821.6, 3340186.8 ], [ 4516813.4, 3340158.9 ], [ 4516818.1, 3340128.1 ], [ 4516836.8, 3340104.6 ] ], [ [ 4516622.4, 3340473.9 ], [ 4516605.2, 3340491.9 ], [ 4516559.3, 3340488.8 ], [ 4516527.7, 3340464.6 ], [ 4516506.0, 3340417.6 ], [ 4516471.0, 3340375.1 ], [ 4516462.5, 3340313.7 ], [ 4516466.7, 3340298.9 ], [ 4516498.0, 3340269.1 ], [ 4516546.9, 3340262.0 ], [ 4516613.5, 3340286.7 ], [ 4516681.6, 3340325.3 ], [ 4516682.7, 3340361.5 ], [ 4516651.6, 3340394.8 ], [ 4516622.4, 3340473.9 ] ], [ [ 4516567.7, 3340546.3 ], [ 4516613.6, 3340584.1 ], [ 4516708.5, 3340585.3 ], [ 4516735.0, 3340632.4 ], [ 4516821.9, 3340641.6 ], [ 4516873.8, 3340693.7 ], [ 4516861.0, 3340708.1 ], [ 4516860.4, 3340722.2 ], [ 4516890.0, 3340777.0 ], [ 4516907.8, 3340838.7 ], [ 4516950.8, 3340895.2 ], [ 4516954.9, 3340944.0 ], [ 4516931.0, 3341002.1 ], [ 4516884.6, 3341048.9 ], [ 4516867.9, 3341059.8 ], [ 4516836.5, 3341062.5 ], [ 4516818.4, 3341083.6 ], [ 4516593.7, 3340936.9 ], [ 4516573.1, 3340936.0 ], [ 4516550.0, 3340970.1 ], [ 4516564.8, 3341032.1 ], [ 4516517.1, 3341044.0 ], [ 4516506.4, 3341060.9 ], [ 4516533.1, 3341183.4 ], [ 4516470.8, 3341196.6 ], [ 4516459.3, 3341171.9 ], [ 4516464.3, 3340986.0 ], [ 4516394.1, 3340952.2 ], [ 4516362.5, 3340923.4 ], [ 4516376.5, 3340896.1 ], [ 4516375.0, 3340878.7 ], [ 4516322.9, 3340840.7 ], [ 4516308.8, 3340811.6 ], [ 4516263.3, 3340768.7 ], [ 4516312.4, 3340711.2 ], [ 4516324.6, 3340669.3 ], [ 4516358.8, 3340661.5 ], [ 4516446.3, 3340662.0 ], [ 4516501.1, 3340622.2 ], [ 4516567.7, 3340546.3 ] ], [ [ 4518626.3, 3341319.2 ], [ 4518628.2, 3341285.9 ], [ 4518702.8, 3341354.4 ], [ 4519220.3, 3341746.3 ], [ 4519224.2, 3341767.1 ], [ 4519238.0, 3341778.5 ], [ 4519439.5, 3341751.2 ], [ 4519474.6, 3341764.6 ], [ 4520053.2, 3341777.0 ], [ 4520184.7, 3341795.2 ], [ 4520340.6, 3341789.3 ], [ 4520637.7, 3341610.4 ], [ 4520679.9, 3341592.6 ], [ 4520734.6, 3341584.6 ], [ 4520734.2, 3341620.9 ], [ 4520705.5, 3341667.1 ], [ 4520705.2, 3341685.0 ], [ 4520718.3, 3341697.2 ], [ 4520778.1, 3341704.1 ], [ 4520804.9, 3341722.5 ], [ 4520810.9, 3341742.1 ], [ 4520783.0, 3341737.6 ], [ 4520731.2, 3341757.8 ], [ 4520694.3, 3341790.5 ], [ 4520641.4, 3341878.1 ], [ 4520593.6, 3341897.4 ], [ 4520582.7, 3341870.6 ], [ 4520592.5, 3341776.4 ], [ 4520664.5, 3341701.1 ], [ 4520657.0, 3341674.5 ], [ 4520642.1, 3341665.0 ], [ 4520434.3, 3341773.5 ], [ 4520422.9, 3341793.4 ], [ 4520373.7, 3341801.4 ], [ 4520357.2, 3341816.6 ], [ 4520239.5, 3341817.9 ], [ 4520226.7, 3341829.3 ], [ 4520225.9, 3341846.4 ], [ 4519249.8, 3341823.7 ], [ 4519230.7, 3341811.5 ], [ 4519209.2, 3341779.0 ], [ 4519161.0, 3341744.6 ], [ 4519114.9, 3341742.1 ], [ 4518773.0, 3341478.2 ], [ 4518739.3, 3341478.8 ], [ 4518732.9, 3341462.5 ], [ 4518677.8, 3341410.5 ], [ 4518656.2, 3341410.0 ], [ 4518642.9, 3341429.0 ], [ 4518569.1, 3341372.7 ], [ 4518626.3, 3341319.2 ] ], [ [ 4516542.3, 3341461.6 ], [ 4516632.7, 3341501.9 ], [ 4516614.5, 3341525.7 ], [ 4516569.1, 3341555.8 ], [ 4516528.8, 3341570.9 ], [ 4516473.3, 3341576.7 ], [ 4516446.2, 3341571.6 ], [ 4516421.2, 3341549.3 ], [ 4516444.9, 3341534.3 ], [ 4516453.4, 3341510.9 ], [ 4516473.3, 3341495.2 ], [ 4516526.3, 3341487.0 ], [ 4516542.3, 3341461.6 ] ], [ [ 4518483.1, 3341726.8 ], [ 4518565.0, 3341745.1 ], [ 4518665.7, 3341727.8 ], [ 4518705.8, 3341733.4 ], [ 4518774.1, 3341767.7 ], [ 4518838.4, 3341827.1 ], [ 4518989.6, 3341870.8 ], [ 4519011.4, 3341883.1 ], [ 4519117.0, 3342014.2 ], [ 4519139.2, 3342030.5 ], [ 4519153.9, 3342062.8 ], [ 4519191.6, 3342111.2 ], [ 4519208.9, 3342154.5 ], [ 4519198.5, 3342352.5 ], [ 4519215.8, 3342430.7 ], [ 4519235.2, 3342464.3 ], [ 4519277.0, 3342471.3 ], [ 4519299.9, 3342461.0 ], [ 4519348.4, 3342391.7 ], [ 4519377.1, 3342334.7 ], [ 4519402.0, 3342308.5 ], [ 4519568.2, 3342253.9 ], [ 4519592.9, 3342218.2 ], [ 4519630.1, 3342194.5 ], [ 4519712.6, 3342182.9 ], [ 4519787.0, 3342190.8 ], [ 4519795.4, 3342200.1 ], [ 4519793.5, 3342230.8 ], [ 4519805.5, 3342269.6 ], [ 4519822.3, 3342279.9 ], [ 4519854.6, 3342276.8 ], [ 4519848.8, 3342297.6 ], [ 4519761.5, 3342341.5 ], [ 4519703.9, 3342411.0 ], [ 4519629.1, 3342584.0 ], [ 4519611.4, 3342684.5 ], [ 4519565.8, 3342759.4 ], [ 4519497.7, 3342790.7 ], [ 4519474.6, 3342782.6 ], [ 4519392.0, 3342688.8 ], [ 4519240.9, 3342615.7 ], [ 4519147.8, 3342542.3 ], [ 4519109.9, 3342453.8 ], [ 4519111.0, 3342409.0 ], [ 4519065.2, 3342353.2 ], [ 4519044.9, 3342308.0 ], [ 4519052.8, 3342257.8 ], [ 4519078.8, 3342221.8 ], [ 4519094.8, 3342180.1 ], [ 4519087.6, 3342131.2 ], [ 4519066.2, 3342096.5 ], [ 4518998.4, 3342094.8 ], [ 4518936.6, 3342040.4 ], [ 4518932.7, 3342011.0 ], [ 4518852.5, 3341908.6 ], [ 4518864.4, 3341879.3 ], [ 4518848.7, 3341851.2 ], [ 4518824.4, 3341841.6 ], [ 4518713.7, 3341846.0 ], [ 4518625.1, 3341880.2 ], [ 4518589.7, 3341920.6 ], [ 4518562.7, 3341990.3 ], [ 4518537.5, 3342015.7 ], [ 4518455.1, 3342020.4 ], [ 4518314.0, 3341951.0 ], [ 4518302.3, 3341939.1 ], [ 4518287.1, 3341895.5 ], [ 4518290.2, 3341823.0 ], [ 4518255.9, 3341760.2 ], [ 4518242.8, 3341719.0 ], [ 4518282.3, 3341644.4 ], [ 4518295.5, 3341638.8 ], [ 4518328.7, 3341649.1 ], [ 4518483.1, 3341726.8 ] ], [ [ 4516028.8, 3341935.6 ], [ 4515957.2, 3341892.5 ], [ 4515942.6, 3341843.8 ], [ 4515945.0, 3341817.5 ], [ 4515955.0, 3341802.3 ], [ 4516011.1, 3341764.7 ], [ 4516056.4, 3341751.3 ], [ 4516097.9, 3341752.5 ], [ 4516123.5, 3341777.1 ], [ 4516137.2, 3341818.2 ], [ 4516129.9, 3341872.6 ], [ 4516077.2, 3341919.9 ], [ 4516056.2, 3341932.8 ], [ 4516028.8, 3341935.6 ] ], [ [ 4515491.1, 3341888.3 ], [ 4515511.2, 3341943.3 ], [ 4515350.3, 3341999.8 ], [ 4515295.2, 3342055.3 ], [ 4515223.1, 3342060.0 ], [ 4515143.9, 3342076.6 ], [ 4515083.9, 3342070.7 ], [ 4515012.0, 3342038.8 ], [ 4514957.9, 3342027.4 ], [ 4514967.7, 3342008.6 ], [ 4514989.6, 3341996.9 ], [ 4514992.5, 3341979.1 ], [ 4514939.0, 3341930.9 ], [ 4514946.7, 3341908.2 ], [ 4514966.3, 3341915.6 ], [ 4514985.2, 3341902.3 ], [ 4515019.3, 3341919.7 ], [ 4515021.9, 3341934.5 ], [ 4515035.7, 3341945.4 ], [ 4515049.9, 3341944.5 ], [ 4515069.0, 3341929.1 ], [ 4515079.1, 3341933.2 ], [ 4515084.3, 3341986.7 ], [ 4515098.6, 3342005.7 ], [ 4515113.6, 3342009.9 ], [ 4515150.4, 3341993.4 ], [ 4515168.3, 3341971.6 ], [ 4515168.2, 3341953.4 ], [ 4515150.8, 3341926.7 ], [ 4515221.6, 3341927.4 ], [ 4515304.5, 3341909.2 ], [ 4515317.2, 3341915.8 ], [ 4515320.8, 3341952.3 ], [ 4515342.6, 3341962.2 ], [ 4515371.1, 3341944.1 ], [ 4515394.1, 3341944.9 ], [ 4515428.9, 3341931.9 ], [ 4515491.1, 3341888.3 ] ], [ [ 4515655.6, 3342221.4 ], [ 4515770.5, 3342275.9 ], [ 4515806.8, 3342312.5 ], [ 4515818.4, 3342372.1 ], [ 4515843.2, 3342392.9 ], [ 4515860.3, 3342423.0 ], [ 4515851.8, 3342458.9 ], [ 4515794.5, 3342493.4 ], [ 4515776.3, 3342527.8 ], [ 4515753.0, 3342636.0 ], [ 4515758.4, 3342676.3 ], [ 4515772.0, 3342699.3 ], [ 4515837.6, 3342729.6 ], [ 4515863.5, 3342727.3 ], [ 4515874.2, 3342712.8 ], [ 4515870.4, 3342695.1 ], [ 4515906.6, 3342641.4 ], [ 4515943.8, 3342648.7 ], [ 4515959.0, 3342640.2 ], [ 4515967.1, 3342586.3 ], [ 4515979.7, 3342562.8 ], [ 4516031.3, 3342554.4 ], [ 4516039.9, 3342562.3 ], [ 4516012.8, 3342654.4 ], [ 4516016.8, 3342670.9 ], [ 4516125.9, 3342739.4 ], [ 4516151.4, 3342742.7 ], [ 4516173.1, 3342724.1 ], [ 4516199.7, 3342778.4 ], [ 4516190.5, 3342801.5 ], [ 4516159.9, 3342813.1 ], [ 4516128.8, 3342806.3 ], [ 4516073.6, 3342774.0 ], [ 4516055.2, 3342774.1 ], [ 4516027.3, 3342736.0 ], [ 4515990.5, 3342719.1 ], [ 4515977.3, 3342725.3 ], [ 4515953.7, 3342759.8 ], [ 4515891.7, 3342794.7 ], [ 4515737.3, 3342834.3 ], [ 4515649.1, 3342880.9 ], [ 4515582.6, 3342895.3 ], [ 4515552.9, 3342888.8 ], [ 4515528.8, 3342869.2 ], [ 4515520.6, 3342839.2 ], [ 4515529.3, 3342808.9 ], [ 4515565.9, 3342789.3 ], [ 4515623.0, 3342790.8 ], [ 4515648.8, 3342748.0 ], [ 4515582.0, 3342562.8 ], [ 4515593.3, 3342484.3 ], [ 4515572.3, 3342381.2 ], [ 4515568.0, 3342294.0 ], [ 4515576.0, 3342270.1 ], [ 4515594.3, 3342250.4 ], [ 4515655.6, 3342221.4 ] ], [ [ 4520259.2, 3342871.5 ], [ 4520239.7, 3342785.8 ], [ 4520224.4, 3342769.9 ], [ 4520158.6, 3342745.8 ], [ 4520121.7, 3342638.7 ], [ 4520091.2, 3342597.8 ], [ 4520087.9, 3342569.4 ], [ 4520094.5, 3342558.7 ], [ 4520197.6, 3342505.7 ], [ 4520297.6, 3342424.9 ], [ 4520330.3, 3342426.8 ], [ 4520367.6, 3342444.4 ], [ 4520382.0, 3342475.6 ], [ 4520368.1, 3342752.1 ], [ 4520345.2, 3342809.1 ], [ 4520300.1, 3342879.1 ], [ 4520281.5, 3342893.6 ], [ 4520269.2, 3342889.0 ], [ 4520259.2, 3342871.5 ] ], [ [ 4517380.0, 3342272.4 ], [ 4517389.7, 3342267.2 ], [ 4517412.0, 3342272.0 ], [ 4517438.2, 3342293.3 ], [ 4517474.5, 3342407.1 ], [ 4517514.7, 3342441.4 ], [ 4517536.0, 3342471.7 ], [ 4517548.0, 3342517.1 ], [ 4517527.0, 3342542.9 ], [ 4517398.3, 3342496.7 ], [ 4517380.2, 3342475.3 ], [ 4517376.8, 3342445.5 ], [ 4517434.3, 3342422.4 ], [ 4517446.6, 3342402.3 ], [ 4517426.2, 3342370.1 ], [ 4517345.7, 3342330.7 ], [ 4517372.6, 3342326.0 ], [ 4517386.9, 3342314.3 ], [ 4517389.5, 3342297.4 ], [ 4517380.0, 3342272.4 ] ], [ [ 4519518.9, 3341604.0 ], [ 4519425.6, 3341585.4 ], [ 4519372.6, 3341632.0 ], [ 4519348.3, 3341634.9 ], [ 4519338.8, 3341624.4 ], [ 4519342.8, 3341600.4 ], [ 4519366.5, 3341591.5 ], [ 4519375.5, 3341573.5 ], [ 4519347.7, 3341488.2 ], [ 4519491.7, 3341436.2 ], [ 4519544.9, 3341408.0 ], [ 4519593.9, 3341333.6 ], [ 4519583.0, 3341244.0 ], [ 4519661.5, 3341268.0 ], [ 4519670.5, 3341281.5 ], [ 4519669.4, 3341301.6 ], [ 4519631.4, 3341380.3 ], [ 4519551.2, 3341462.2 ], [ 4519521.3, 3341549.7 ], [ 4519518.9, 3341604.0 ] ], [ [ 4519903.3, 3340449.9 ], [ 4520048.4, 3340462.3 ], [ 4520133.6, 3340431.5 ], [ 4520159.2, 3340443.1 ], [ 4520166.3, 3340465.2 ], [ 4520149.1, 3340486.2 ], [ 4520004.2, 3340550.6 ], [ 4519947.1, 3340557.4 ], [ 4519868.2, 3340550.7 ], [ 4519851.8, 3340530.5 ], [ 4519855.2, 3340511.6 ], [ 4519882.4, 3340467.8 ], [ 4519903.3, 3340449.9 ] ], [ [ 4519066.6, 3340171.9 ], [ 4519157.6, 3340087.2 ], [ 4519232.0, 3340089.9 ], [ 4519244.0, 3340100.2 ], [ 4519230.0, 3340132.8 ], [ 4519142.2, 3340208.3 ], [ 4519077.9, 3340214.6 ], [ 4519066.3, 3340202.7 ], [ 4519066.6, 3340171.9 ] ], [ [ 4519247.9, 3339553.1 ], [ 4519246.3, 3339530.7 ], [ 4519258.1, 3339514.0 ], [ 4519280.2, 3339516.1 ], [ 4519365.7, 3339576.1 ], [ 4519403.1, 3339655.1 ], [ 4519395.6, 3339701.7 ], [ 4519370.0, 3339734.0 ], [ 4519343.1, 3339748.5 ], [ 4519308.1, 3339748.8 ], [ 4519281.7, 3339622.4 ], [ 4519264.5, 3339572.3 ], [ 4519247.9, 3339553.1 ] ], [ [ 4519193.5, 3339181.2 ], [ 4519153.1, 3339089.3 ], [ 4519151.3, 3339069.1 ], [ 4519167.3, 3339055.9 ], [ 4519221.0, 3339068.6 ], [ 4519264.0, 3339115.3 ], [ 4519290.0, 3339173.8 ], [ 4519284.3, 3339233.7 ], [ 4519294.8, 3339270.0 ], [ 4519310.2, 3339300.6 ], [ 4519354.2, 3339339.3 ], [ 4519290.2, 3339348.7 ], [ 4519260.9, 3339280.2 ], [ 4519259.1, 3339233.2 ], [ 4519193.5, 3339181.2 ] ], [ [ 4519566.4, 3338842.7 ], [ 4519632.7, 3338810.8 ], [ 4519663.4, 3338814.5 ], [ 4519678.3, 3338837.0 ], [ 4519610.7, 3338971.3 ], [ 4519592.1, 3339025.4 ], [ 4519579.8, 3339039.1 ], [ 4519557.6, 3339028.2 ], [ 4519549.6, 3338917.7 ], [ 4519566.4, 3338842.7 ] ], [ [ 4518973.7, 3338601.7 ], [ 4518972.0, 3338499.5 ], [ 4518980.5, 3338484.8 ], [ 4519005.9, 3338482.8 ], [ 4519036.2, 3338517.7 ], [ 4519054.2, 3338565.2 ], [ 4519048.0, 3338637.7 ], [ 4519022.4, 3338638.2 ], [ 4518988.2, 3338621.4 ], [ 4518973.7, 3338601.7 ] ], [ [ 4516136.6, 3342958.0 ], [ 4516124.8, 3343112.3 ], [ 4516145.9, 3343158.7 ], [ 4516118.5, 3343170.7 ], [ 4516093.2, 3343115.9 ], [ 4516106.8, 3343105.7 ], [ 4516111.5, 3343089.2 ], [ 4516070.4, 3342948.5 ], [ 4516148.0, 3342928.0 ], [ 4516136.6, 3342958.0 ] ], [ [ 4520564.0, 3343437.2 ], [ 4520536.9, 3343628.4 ], [ 4520478.5, 3343591.0 ], [ 4520487.7, 3343241.0 ], [ 4520552.4, 3343270.8 ], [ 4520549.0, 3343414.6 ], [ 4520564.0, 3343437.2 ] ], [ [ 4519655.9, 3343572.5 ], [ 4519714.7, 3343633.3 ], [ 4519729.3, 3343689.7 ], [ 4519724.7, 3343717.6 ], [ 4519693.3, 3343753.8 ], [ 4519671.0, 3343739.8 ], [ 4519696.4, 3343704.6 ], [ 4519698.1, 3343688.4 ], [ 4519656.7, 3343609.9 ], [ 4519634.3, 3343609.1 ], [ 4519574.5, 3343651.1 ], [ 4519478.0, 3343608.1 ], [ 4519465.2, 3343597.4 ], [ 4519465.4, 3343584.7 ], [ 4519490.2, 3343540.2 ], [ 4519551.4, 3343540.4 ], [ 4519574.4, 3343515.2 ], [ 4519646.3, 3343535.2 ], [ 4519655.9, 3343572.5 ] ], [ [ 4517064.7, 3343637.3 ], [ 4517119.0, 3343954.7 ], [ 4517120.0, 3344012.0 ], [ 4517092.7, 3344006.1 ], [ 4517035.1, 3343579.4 ], [ 4517178.3, 3343552.9 ], [ 4517182.3, 3343578.8 ], [ 4517085.7, 3343597.6 ], [ 4517070.6, 3343609.7 ], [ 4517064.7, 3343637.3 ] ], [ [ 4520528.6, 3343965.3 ], [ 4520535.0, 3343929.3 ], [ 4520576.4, 3343981.8 ], [ 4520528.6, 3343965.3 ] ], [ [ 4522731.5, 3343716.4 ], [ 4522741.0, 3343567.4 ], [ 4522800.0, 3343501.7 ], [ 4522826.2, 3343522.3 ], [ 4522819.1, 3343566.0 ], [ 4522846.1, 3343633.2 ], [ 4522792.9, 3343690.7 ], [ 4522789.8, 3343718.2 ], [ 4522776.2, 3343728.0 ], [ 4522731.5, 3343716.4 ] ], [ [ 4522965.5, 3344305.8 ], [ 4522895.8, 3344304.3 ], [ 4522881.0, 3344313.3 ], [ 4522874.1, 3344332.4 ], [ 4522857.2, 3344323.9 ], [ 4522870.1, 3344280.3 ], [ 4522860.6, 3344222.2 ], [ 4522789.5, 3344144.8 ], [ 4522784.1, 3344136.8 ], [ 4522789.2, 3344130.4 ], [ 4522886.1, 3344145.4 ], [ 4522926.0, 3344170.6 ], [ 4522939.6, 3344192.4 ], [ 4522970.1, 3344291.5 ], [ 4522965.5, 3344305.8 ] ], [ [ 4523731.0, 3344367.9 ], [ 4523782.2, 3344390.0 ], [ 4523814.6, 3344373.2 ], [ 4523834.3, 3344378.2 ], [ 4523854.1, 3344409.0 ], [ 4523852.6, 3344423.9 ], [ 4523824.2, 3344470.7 ], [ 4523789.0, 3344469.2 ], [ 4523705.9, 3344434.5 ], [ 4523685.6, 3344385.9 ], [ 4523695.9, 3344367.7 ], [ 4523731.0, 3344367.9 ] ], [ [ 4523236.0, 3344439.7 ], [ 4523261.2, 3344483.7 ], [ 4523302.7, 3344499.3 ], [ 4523323.1, 3344534.1 ], [ 4523323.6, 3344550.1 ], [ 4523314.4, 3344575.2 ], [ 4523285.1, 3344611.1 ], [ 4523232.4, 3344624.3 ], [ 4523202.9, 3344437.2 ], [ 4523236.0, 3344439.7 ] ], [ [ 4519758.6, 3344512.7 ], [ 4519751.1, 3344634.7 ], [ 4519759.7, 3344677.9 ], [ 4519724.4, 3344673.7 ], [ 4519709.2, 3344692.2 ], [ 4519690.8, 3344858.3 ], [ 4519708.8, 3344907.3 ], [ 4519655.9, 3344891.1 ], [ 4519651.2, 3344873.0 ], [ 4519682.4, 3344804.2 ], [ 4519678.1, 3344778.4 ], [ 4519650.9, 3344733.7 ], [ 4519664.1, 3344682.6 ], [ 4519667.1, 3344600.9 ], [ 4519706.6, 3344473.2 ], [ 4519739.1, 3344459.0 ], [ 4519749.2, 3344468.8 ], [ 4519758.6, 3344512.7 ] ], [ [ 4523094.9, 3344855.9 ], [ 4523110.1, 3344848.9 ], [ 4523141.9, 3344903.6 ], [ 4523164.7, 3345018.6 ], [ 4523137.5, 3345076.5 ], [ 4523127.6, 3345122.2 ], [ 4523139.9, 3345204.4 ], [ 4523077.4, 3345228.1 ], [ 4523065.5, 3345245.9 ], [ 4523085.7, 3345350.5 ], [ 4523131.9, 3345425.7 ], [ 4523140.8, 3345483.3 ], [ 4523138.6, 3345549.7 ], [ 4523127.2, 3345574.2 ], [ 4523091.2, 3345613.3 ], [ 4522957.6, 3345664.6 ], [ 4522915.9, 3345693.3 ], [ 4522885.5, 3345753.5 ], [ 4522861.8, 3345843.5 ], [ 4522802.9, 3345794.4 ], [ 4522814.6, 3345723.6 ], [ 4522852.6, 3345630.3 ], [ 4522869.0, 3345605.5 ], [ 4522894.7, 3345590.2 ], [ 4522933.7, 3345581.1 ], [ 4522973.6, 3345559.8 ], [ 4523011.9, 3345527.8 ], [ 4523018.4, 3345510.9 ], [ 4522992.6, 3345437.2 ], [ 4522976.5, 3345413.9 ], [ 4522968.0, 3345368.8 ], [ 4522991.4, 3345261.0 ], [ 4523027.5, 3345213.2 ], [ 4523018.2, 3345099.8 ], [ 4522996.5, 3345021.7 ], [ 4522973.8, 3344999.0 ], [ 4522974.7, 3344984.5 ], [ 4522989.9, 3344967.7 ], [ 4522995.8, 3344922.3 ], [ 4523051.7, 3344934.6 ], [ 4523075.2, 3344925.9 ], [ 4523094.9, 3344855.9 ] ], [ [ 4523799.2, 3345018.9 ], [ 4523852.1, 3345028.7 ], [ 4523925.1, 3345028.3 ], [ 4523944.5, 3345015.5 ], [ 4523963.1, 3344987.2 ], [ 4524044.4, 3344932.2 ], [ 4524062.3, 3344958.8 ], [ 4524054.5, 3345003.4 ], [ 4524032.1, 3345034.8 ], [ 4524002.4, 3345051.9 ], [ 4523994.1, 3345082.0 ], [ 4524009.9, 3345101.0 ], [ 4524048.0, 3345100.9 ], [ 4524078.1, 3345121.4 ], [ 4524093.3, 3345149.7 ], [ 4524099.6, 3345194.3 ], [ 4524152.4, 3345240.5 ], [ 4524210.4, 3345237.1 ], [ 4524252.6, 3345218.1 ], [ 4524288.7, 3345216.6 ], [ 4524325.2, 3345227.0 ], [ 4524406.5, 3345284.4 ], [ 4524464.8, 3345296.8 ], [ 4524555.2, 3345258.3 ], [ 4524673.2, 3345246.2 ], [ 4524770.4, 3345283.6 ], [ 4524895.1, 3345260.2 ], [ 4525068.2, 3345323.6 ], [ 4525093.9, 3345348.8 ], [ 4525079.9, 3345377.9 ], [ 4525049.9, 3345401.6 ], [ 4524970.9, 3345423.4 ], [ 4524744.9, 3345404.5 ], [ 4524685.9, 3345374.2 ], [ 4524663.8, 3345373.4 ], [ 4524601.2, 3345430.9 ], [ 4524546.6, 3345507.7 ], [ 4524449.7, 3345550.9 ], [ 4524397.7, 3345516.9 ], [ 4524302.4, 3345521.7 ], [ 4524290.4, 3345513.7 ], [ 4524282.4, 3345471.6 ], [ 4524265.5, 3345446.0 ], [ 4524211.7, 3345427.1 ], [ 4524169.5, 3345421.9 ], [ 4524117.6, 3345392.0 ], [ 4524100.5, 3345396.1 ], [ 4524091.8, 3345411.4 ], [ 4524010.9, 3345436.8 ], [ 4523849.6, 3345544.2 ], [ 4523851.4, 3345604.7 ], [ 4523797.2, 3345739.7 ], [ 4523823.8, 3345814.3 ], [ 4523810.6, 3345929.9 ], [ 4523781.8, 3345979.1 ], [ 4523757.1, 3345981.3 ], [ 4523738.1, 3345967.0 ], [ 4523732.6, 3345926.6 ], [ 4523753.9, 3345898.0 ], [ 4523787.2, 3345885.2 ], [ 4523792.4, 3345864.0 ], [ 4523762.3, 3345820.5 ], [ 4523705.3, 3345777.4 ], [ 4523679.4, 3345708.6 ], [ 4523612.4, 3345645.8 ], [ 4523600.0, 3345602.1 ], [ 4523599.8, 3345544.3 ], [ 4523566.6, 3345449.6 ], [ 4523582.2, 3345387.2 ], [ 4523628.0, 3345285.6 ], [ 4523659.8, 3345227.7 ], [ 4523697.2, 3345205.3 ], [ 4523722.3, 3345173.8 ], [ 4523767.3, 3345057.0 ], [ 4523784.6, 3345028.2 ], [ 4523799.2, 3345018.9 ] ], [ [ 4523977.9, 3345949.5 ], [ 4524077.9, 3345934.0 ], [ 4524097.3, 3345940.9 ], [ 4524078.6, 3345976.6 ], [ 4524022.1, 3346031.3 ], [ 4523997.7, 3346023.9 ], [ 4523944.8, 3346049.0 ], [ 4523977.9, 3345949.5 ] ], [ [ 4524242.8, 3346075.2 ], [ 4524281.8, 3345985.8 ], [ 4524310.9, 3345968.2 ], [ 4524344.1, 3345973.5 ], [ 4524365.3, 3345992.4 ], [ 4524361.6, 3346020.6 ], [ 4524297.0, 3346104.7 ], [ 4524243.8, 3346147.0 ], [ 4524193.3, 3346173.8 ], [ 4524168.4, 3346173.1 ], [ 4524163.6, 3346164.5 ], [ 4524171.2, 3346143.4 ], [ 4524242.8, 3346075.2 ] ], [ [ 4525123.1, 3345112.4 ], [ 4525130.2, 3345051.4 ], [ 4525111.7, 3345003.4 ], [ 4525117.6, 3344973.3 ], [ 4525133.5, 3344963.0 ], [ 4525192.7, 3344985.4 ], [ 4525191.3, 3345093.8 ], [ 4525204.8, 3345116.4 ], [ 4525240.2, 3345143.4 ], [ 4525243.1, 3345156.5 ], [ 4525216.8, 3345172.9 ], [ 4525162.8, 3345124.5 ], [ 4525123.1, 3345112.4 ] ], [ [ 4524707.4, 3344732.6 ], [ 4524685.3, 3344712.3 ], [ 4524625.4, 3344725.5 ], [ 4524579.4, 3344709.6 ], [ 4524508.5, 3344648.6 ], [ 4524474.6, 3344636.9 ], [ 4524501.1, 3344556.1 ], [ 4524547.1, 3344543.2 ], [ 4524580.5, 3344515.1 ], [ 4524600.1, 3344557.2 ], [ 4524649.5, 3344606.2 ], [ 4524674.9, 3344645.7 ], [ 4524731.2, 3344686.1 ], [ 4524751.2, 3344754.2 ], [ 4524738.9, 3344770.0 ], [ 4524721.5, 3344767.5 ], [ 4524707.4, 3344732.6 ] ], [ [ 4524286.4, 3344170.2 ], [ 4524332.5, 3344148.8 ], [ 4524347.8, 3344155.4 ], [ 4524350.7, 3344184.2 ], [ 4524336.9, 3344221.5 ], [ 4524303.9, 3344273.3 ], [ 4524247.8, 3344325.1 ], [ 4524237.7, 3344321.2 ], [ 4524232.6, 3344279.5 ], [ 4524241.3, 3344246.7 ], [ 4524267.9, 3344217.6 ], [ 4524286.4, 3344170.2 ] ], [ [ 4524686.9, 3343817.4 ], [ 4524728.6, 3343750.9 ], [ 4524761.3, 3343760.1 ], [ 4524768.6, 3343785.4 ], [ 4524733.0, 3343885.4 ], [ 4524706.0, 3343875.4 ], [ 4524670.9, 3343900.3 ], [ 4524674.8, 3343938.9 ], [ 4524693.4, 3343989.3 ], [ 4524692.2, 3344045.0 ], [ 4524683.0, 3344077.7 ], [ 4524660.1, 3344064.5 ], [ 4524639.6, 3344029.6 ], [ 4524638.0, 3343985.5 ], [ 4524650.9, 3343925.5 ], [ 4524641.6, 3343902.9 ], [ 4524695.5, 3343861.3 ], [ 4524697.8, 3343846.7 ], [ 4524686.9, 3343817.4 ] ], [ [ 4526512.0, 3343356.0 ], [ 4526464.4, 3343356.0 ], [ 4526421.9, 3343336.7 ], [ 4526366.6, 3343286.6 ], [ 4526356.3, 3343269.4 ], [ 4526359.8, 3343261.0 ], [ 4526429.0, 3343305.2 ], [ 4526475.4, 3343311.8 ], [ 4526569.1, 3343366.9 ], [ 4526638.5, 3343371.2 ], [ 4526710.9, 3343415.2 ], [ 4526848.6, 3343459.9 ], [ 4526826.9, 3343483.8 ], [ 4526824.6, 3343532.0 ], [ 4526802.2, 3343560.6 ], [ 4526783.7, 3343566.1 ], [ 4526761.2, 3343554.8 ], [ 4526712.3, 3343498.7 ], [ 4526691.3, 3343435.1 ], [ 4526658.7, 3343425.8 ], [ 4526626.2, 3343403.6 ], [ 4526586.5, 3343396.0 ], [ 4526562.0, 3343376.4 ], [ 4526512.0, 3343356.0 ] ], [ [ 4517160.6, 3344276.2 ], [ 4517197.8, 3344273.2 ], [ 4517262.0, 3344310.5 ], [ 4517280.9, 3344341.3 ], [ 4517279.2, 3344381.7 ], [ 4517291.4, 3344434.6 ], [ 4517319.1, 3344461.2 ], [ 4517367.7, 3344477.2 ], [ 4517379.7, 3344468.8 ], [ 4517396.2, 3344432.8 ], [ 4517453.9, 3344451.7 ], [ 4517441.6, 3344493.7 ], [ 4517426.6, 3344503.2 ], [ 4517423.3, 3344519.9 ], [ 4517385.3, 3344574.0 ], [ 4517354.1, 3344600.6 ], [ 4517269.6, 3344607.2 ], [ 4517254.5, 3344571.0 ], [ 4517224.7, 3344567.7 ], [ 4517159.8, 3344299.9 ], [ 4517138.9, 3344283.2 ], [ 4517116.4, 3344300.4 ], [ 4517109.5, 3344354.6 ], [ 4517131.9, 3344659.6 ], [ 4517100.9, 3344708.0 ], [ 4517107.9, 3344648.1 ], [ 4517089.7, 3344626.5 ], [ 4516994.1, 3344609.9 ], [ 4516952.0, 3344612.1 ], [ 4516896.4, 3344630.9 ], [ 4516823.2, 3344602.7 ], [ 4516832.0, 3344486.9 ], [ 4516827.4, 3344458.7 ], [ 4516805.7, 3344404.2 ], [ 4516765.0, 3344365.5 ], [ 4516763.0, 3344311.3 ], [ 4516785.3, 3344268.0 ], [ 4516848.3, 3344232.8 ], [ 4517021.4, 3344229.0 ], [ 4517062.3, 3344233.6 ], [ 4517160.6, 3344276.2 ] ], [ [ 4516139.2, 3344624.6 ], [ 4516246.6, 3344682.0 ], [ 4516206.3, 3344711.1 ], [ 4516101.0, 3344669.9 ], [ 4516082.6, 3344660.3 ], [ 4516001.3, 3344574.8 ], [ 4515931.2, 3344615.5 ], [ 4515950.3, 3344495.1 ], [ 4515959.1, 3344477.7 ], [ 4515986.1, 3344460.7 ], [ 4516026.4, 3344470.4 ], [ 4516060.4, 3344538.4 ], [ 4516106.7, 3344599.7 ], [ 4516139.2, 3344624.6 ] ], [ [ 4516285.3, 3344764.6 ], [ 4516296.8, 3344710.7 ], [ 4516351.5, 3344740.8 ], [ 4516438.6, 3344747.5 ], [ 4516512.5, 3344781.7 ], [ 4516542.6, 3344766.0 ], [ 4516556.6, 3344748.7 ], [ 4516613.9, 3344633.7 ], [ 4516641.1, 3344637.7 ], [ 4516676.4, 3344649.2 ], [ 4516723.6, 3344731.0 ], [ 4516769.6, 3344761.3 ], [ 4516827.4, 3344774.4 ], [ 4516829.3, 3344806.3 ], [ 4516785.2, 3344830.4 ], [ 4516757.8, 3344859.5 ], [ 4516739.3, 3344827.6 ], [ 4516693.3, 3344794.7 ], [ 4516629.0, 3344790.9 ], [ 4516607.9, 3344799.8 ], [ 4516530.8, 3344864.5 ], [ 4516505.3, 3344876.6 ], [ 4516472.7, 3344876.0 ], [ 4516408.5, 3344823.5 ], [ 4516334.4, 3344799.4 ], [ 4516285.3, 3344764.6 ] ], [ [ 4516938.1, 3344865.0 ], [ 4516958.8, 3344848.6 ], [ 4517012.6, 3344839.1 ], [ 4517044.7, 3344796.1 ], [ 4517070.6, 3344782.3 ], [ 4517094.0, 3344803.1 ], [ 4517109.5, 3344863.4 ], [ 4517088.3, 3344916.8 ], [ 4517028.7, 3344945.1 ], [ 4517007.9, 3344947.4 ], [ 4516977.2, 3344939.0 ], [ 4516965.2, 3344925.7 ], [ 4516938.1, 3344865.0 ] ], [ [ 4515432.9, 3339157.6 ], [ 4515531.5, 3338870.6 ], [ 4515553.0, 3338800.2 ], [ 4515637.3, 3338842.5 ], [ 4515526.7, 3339178.5 ], [ 4515432.9, 3339157.6 ] ], [ [ 4514930.5, 3339128.5 ], [ 4514904.1, 3339111.6 ], [ 4514898.9, 3339080.2 ], [ 4514910.1, 3339065.6 ], [ 4514969.2, 3339039.1 ], [ 4515003.8, 3338993.8 ], [ 4515027.9, 3338997.1 ], [ 4515043.4, 3339038.8 ], [ 4515031.3, 3339056.6 ], [ 4514997.2, 3339092.2 ], [ 4514930.5, 3339128.5 ] ], [ [ 4517683.7, 3337333.5 ], [ 4517568.4, 3337320.0 ], [ 4517515.3, 3337274.7 ], [ 4517490.3, 3337160.1 ], [ 4517476.7, 3337144.2 ], [ 4517453.2, 3337149.3 ], [ 4517446.6, 3337164.9 ], [ 4517395.6, 3337217.2 ], [ 4517383.2, 3337204.4 ], [ 4517375.6, 3337172.0 ], [ 4517343.3, 3337152.6 ], [ 4517354.1, 3337098.6 ], [ 4517349.0, 3337075.2 ], [ 4517334.9, 3337064.9 ], [ 4517267.4, 3337054.1 ], [ 4517139.9, 3337175.0 ], [ 4517091.5, 3337168.9 ], [ 4516990.0, 3337013.4 ], [ 4517009.5, 3336987.9 ], [ 4517012.3, 3336955.1 ], [ 4517001.8, 3336932.7 ], [ 4516974.2, 3336914.4 ], [ 4516972.7, 3336864.7 ], [ 4516980.4, 3336836.8 ], [ 4517008.9, 3336796.2 ], [ 4517004.4, 3336779.2 ], [ 4516986.4, 3336769.9 ], [ 4517005.1, 3336716.9 ], [ 4517083.8, 3336792.6 ], [ 4517116.8, 3336802.2 ], [ 4517070.6, 3336817.8 ], [ 4517052.4, 3336842.8 ], [ 4517063.7, 3336867.8 ], [ 4517111.2, 3336875.6 ], [ 4517067.0, 3336905.8 ], [ 4517065.1, 3336923.5 ], [ 4517076.1, 3336938.1 ], [ 4517097.4, 3336939.8 ], [ 4517193.4, 3336875.7 ], [ 4517269.7, 3336943.7 ], [ 4517373.4, 3336896.5 ], [ 4517406.4, 3336918.7 ], [ 4517379.6, 3337014.1 ], [ 4517430.9, 3337048.5 ], [ 4517487.2, 3337023.9 ], [ 4517511.2, 3336996.1 ], [ 4517547.8, 3336993.1 ], [ 4517562.9, 3336938.5 ], [ 4517598.7, 3336936.5 ], [ 4517611.0, 3336960.6 ], [ 4517629.4, 3336970.1 ], [ 4517660.2, 3336961.6 ], [ 4517709.8, 3336897.6 ], [ 4517687.3, 3336843.0 ], [ 4517835.6, 3336895.2 ], [ 4517857.1, 3336914.2 ], [ 4517797.8, 3337013.5 ], [ 4517803.8, 3337036.9 ], [ 4517839.5, 3337055.2 ], [ 4517962.6, 3337089.2 ], [ 4518034.5, 3337078.5 ], [ 4518194.7, 3336998.4 ], [ 4518264.9, 3336985.4 ], [ 4518307.8, 3336989.4 ], [ 4518325.0, 3337004.0 ], [ 4518330.5, 3337067.9 ], [ 4518359.2, 3337151.7 ], [ 4518350.2, 3337208.6 ], [ 4518355.6, 3337241.3 ], [ 4518396.6, 3337261.5 ], [ 4518525.7, 3337261.7 ], [ 4518557.4, 3337283.5 ], [ 4518562.7, 3337306.9 ], [ 4518545.8, 3337341.9 ], [ 4518542.0, 3337377.5 ], [ 4518484.3, 3337428.5 ], [ 4518450.5, 3337444.8 ], [ 4518384.5, 3337459.5 ], [ 4518311.1, 3337446.8 ], [ 4518253.2, 3337426.0 ], [ 4518224.8, 3337392.9 ], [ 4518204.1, 3337383.9 ], [ 4518162.1, 3337392.9 ], [ 4518128.0, 3337412.8 ], [ 4518084.1, 3337451.5 ], [ 4518060.5, 3337495.3 ], [ 4518073.2, 3337555.5 ], [ 4518113.1, 3337605.2 ], [ 4518088.0, 3337623.4 ], [ 4518055.4, 3337629.7 ], [ 4517954.1, 3337570.8 ], [ 4517843.9, 3337531.0 ], [ 4517784.6, 3337440.5 ], [ 4517736.9, 3337387.9 ], [ 4517683.7, 3337333.5 ] ], [ [ 4528427.8, 3346418.5 ], [ 4528379.4, 3346408.8 ], [ 4528356.1, 3346395.3 ], [ 4528348.8, 3346350.3 ], [ 4528469.2, 3346303.0 ], [ 4528488.2, 3346304.5 ], [ 4528514.9, 3346321.3 ], [ 4528524.4, 3346337.7 ], [ 4528515.2, 3346384.8 ], [ 4528459.4, 3346413.8 ], [ 4528427.8, 3346418.5 ] ], [ [ 4527680.1, 3346405.1 ], [ 4527709.1, 3346452.8 ], [ 4527669.6, 3346475.0 ], [ 4527641.9, 3346433.2 ], [ 4527680.1, 3346405.1 ] ] ] } },
{ "type": "Feature", "properties": { "id": "forest_46569", "state": "Mecklenburg-Vorpommern", "area_ha": 11883.96, "unfragmented": true, "image": "forest_46569.webp", "real_width_m": 15811.7, "real_height_m": 19255.6, "pixel_width": 1581, "pixel_height": 1925, "centroid_x": 4535373.7, "centroid_y": 3357271.8 }, "geometry": { "type": "Polygon", "coordinates": [ [ [ 4540762.3, 3351425.2 ], [ 4540746.6, 3351405.3 ], [ 4540650.7, 3351375.7 ], [ 4540614.0, 3351372.6 ], [ 4540582.8, 3351381.4 ], [ 4540549.1, 3351405.9 ], [ 4540470.1, 3351427.3 ], [ 4540361.5, 3351419.7 ], [ 4540327.7, 3351361.6 ], [ 4540322.4, 3351329.2 ], [ 4540303.3, 3351319.0 ], [ 4540240.2, 3351325.9 ], [ 4540221.6, 3351377.3 ], [ 4540195.5, 3351376.6 ], [ 4540189.6, 3351346.4 ], [ 4540159.9, 3351342.2 ], [ 4540149.0, 3351355.0 ], [ 4540148.1, 3351385.6 ], [ 4540112.1, 3351412.6 ], [ 4540078.5, 3351378.3 ], [ 4540078.2, 3351360.6 ], [ 4540064.9, 3351348.8 ], [ 4540018.4, 3351367.1 ], [ 4539998.7, 3351346.0 ], [ 4539946.7, 3351356.0 ], [ 4539930.8, 3351324.8 ], [ 4539905.9, 3351319.8 ], [ 4539868.7, 3351255.4 ], [ 4539850.1, 3351247.3 ], [ 4539820.6, 3351203.1 ], [ 4539831.3, 3351185.2 ], [ 4539822.5, 3351162.0 ], [ 4539799.8, 3351154.7 ], [ 4539677.0, 3351247.1 ], [ 4539642.9, 3351220.3 ], [ 4539598.5, 3351249.8 ], [ 4539569.3, 3351227.4 ], [ 4539540.7, 3351239.0 ], [ 4539535.7, 3351260.3 ], [ 4539598.4, 3351384.1 ], [ 4539558.7, 3351403.2 ], [ 4539541.6, 3351431.0 ], [ 4539539.0, 3351445.6 ], [ 4539551.7, 3351481.6 ], [ 4539295.5, 3351702.2 ], [ 4539296.8, 3351720.3 ], [ 4539338.8, 3351783.5 ], [ 4539337.2, 3351798.5 ], [ 4539319.0, 3351821.5 ], [ 4539318.4, 3351848.4 ], [ 4539421.0, 3351963.3 ], [ 4539440.7, 3352011.2 ], [ 4539420.3, 3352053.9 ], [ 4539428.4, 3352080.7 ], [ 4539399.6, 3352090.9 ], [ 4539342.3, 3352072.5 ], [ 4539324.9, 3352055.8 ], [ 4539306.2, 3352057.3 ], [ 4539197.1, 3352021.5 ], [ 4539176.9, 3352006.0 ], [ 4539104.2, 3352035.0 ], [ 4539041.1, 3351957.5 ], [ 4539025.6, 3351949.5 ], [ 4539011.9, 3351953.2 ], [ 4538967.7, 3351994.1 ], [ 4538940.0, 3352039.7 ], [ 4538917.6, 3352013.9 ], [ 4538792.6, 3351915.2 ], [ 4538729.8, 3351868.4 ], [ 4538709.4, 3351866.9 ], [ 4538581.7, 3351531.1 ], [ 4538639.9, 3351508.9 ], [ 4538652.8, 3351491.0 ], [ 4538632.4, 3351418.7 ], [ 4538621.2, 3351403.7 ], [ 4538615.4, 3351365.2 ], [ 4538622.8, 3351358.8 ], [ 4538719.0, 3351348.4 ], [ 4538744.5, 3351323.6 ], [ 4538738.8, 3351303.0 ], [ 4538646.0, 3351212.0 ], [ 4538744.3, 3351178.0 ], [ 4538755.5, 3351156.5 ], [ 4538742.8, 3351109.8 ], [ 4538732.9, 3351099.5 ], [ 4538682.2, 3351110.0 ], [ 4538634.6, 3351079.2 ], [ 4538581.4, 3351082.5 ], [ 4538545.8, 3351031.5 ], [ 4538622.1, 3350913.8 ], [ 4538613.6, 3350865.8 ], [ 4538600.9, 3350853.0 ], [ 4538583.0, 3350853.9 ], [ 4538521.6, 3350892.8 ], [ 4538512.7, 3350870.5 ], [ 4538552.6, 3350842.6 ], [ 4538559.9, 3350819.0 ], [ 4538552.3, 3350790.7 ], [ 4538510.8, 3350762.0 ], [ 4538496.3, 3350688.3 ], [ 4538587.3, 3350608.6 ], [ 4538593.2, 3350593.1 ], [ 4538533.8, 3350272.4 ], [ 4538518.9, 3350261.7 ], [ 4538504.2, 3350263.9 ], [ 4538340.4, 3350391.5 ], [ 4538293.5, 3350059.2 ], [ 4538283.8, 3350043.9 ], [ 4538256.3, 3350046.5 ], [ 4538239.4, 3350080.8 ], [ 4538143.1, 3350179.6 ], [ 4538120.8, 3350150.5 ], [ 4538095.7, 3350145.3 ], [ 4538008.2, 3350208.6 ], [ 4537983.0, 3350104.7 ], [ 4537942.9, 3350010.0 ], [ 4537963.3, 3349984.7 ], [ 4537948.4, 3349948.3 ], [ 4537953.1, 3349925.8 ], [ 4537940.7, 3349904.1 ], [ 4537927.0, 3349900.6 ], [ 4537870.7, 3349914.4 ], [ 4537854.6, 3349931.6 ], [ 4537939.8, 3350149.4 ], [ 4537891.7, 3350169.2 ], [ 4537865.2, 3350128.5 ], [ 4537767.8, 3350036.8 ], [ 4537786.3, 3350011.4 ], [ 4537767.4, 3349978.0 ], [ 4537772.4, 3349961.4 ], [ 4537766.4, 3349948.7 ], [ 4537738.2, 3349933.5 ], [ 4537719.7, 3349945.2 ], [ 4537719.6, 3349968.8 ], [ 4537618.5, 3349965.9 ], [ 4537537.6, 3349871.6 ], [ 4537518.0, 3349836.9 ], [ 4537587.8, 3349798.3 ], [ 4537613.0, 3349793.5 ], [ 4537640.5, 3349817.1 ], [ 4537647.7, 3349841.2 ], [ 4537677.3, 3349850.0 ], [ 4537690.4, 3349876.8 ], [ 4537710.0, 3349883.7 ], [ 4537743.4, 3349847.2 ], [ 4537764.8, 3349847.4 ], [ 4537800.4, 3349826.2 ], [ 4537826.9, 3349779.4 ], [ 4537844.7, 3349726.5 ], [ 4537867.9, 3349591.7 ], [ 4537868.8, 3349231.9 ], [ 4537918.2, 3348964.3 ], [ 4537929.3, 3348946.8 ], [ 4537914.8, 3348924.4 ], [ 4537619.7, 3348835.7 ], [ 4537157.8, 3348751.7 ], [ 4536943.9, 3348683.3 ], [ 4536628.2, 3348677.8 ], [ 4535889.9, 3348479.6 ], [ 4535868.6, 3348484.4 ], [ 4535861.5, 3348501.4 ], [ 4535868.1, 3348523.9 ], [ 4535910.0, 3348563.8 ], [ 4535920.8, 3348626.4 ], [ 4535918.1, 3348669.2 ], [ 4535904.2, 3348703.3 ], [ 4535882.8, 3348725.8 ], [ 4535854.5, 3348729.8 ], [ 4535842.6, 3348743.3 ], [ 4535843.1, 3348757.8 ], [ 4535860.6, 3348783.9 ], [ 4535851.6, 3348823.0 ], [ 4535855.8, 3348839.0 ], [ 4535880.7, 3348849.6 ], [ 4535929.7, 3348829.1 ], [ 4535978.8, 3348777.3 ], [ 4536048.2, 3348774.7 ], [ 4536145.5, 3348795.5 ], [ 4536165.8, 3348809.7 ], [ 4536178.2, 3348841.2 ], [ 4536179.0, 3348912.4 ], [ 4536147.8, 3348910.8 ], [ 4536137.0, 3348936.0 ], [ 4536256.5, 3349128.8 ], [ 4536338.8, 3349218.6 ], [ 4536429.5, 3349279.5 ], [ 4536453.3, 3349304.7 ], [ 4536464.7, 3349322.1 ], [ 4536468.4, 3349383.0 ], [ 4536482.4, 3349401.8 ], [ 4536546.8, 3349407.7 ], [ 4536577.3, 3349418.1 ], [ 4536589.0, 3349432.5 ], [ 4536620.6, 3349529.0 ], [ 4536664.5, 3349574.4 ], [ 4536714.6, 3349600.4 ], [ 4536736.0, 3349630.7 ], [ 4536810.5, 3349810.8 ], [ 4536806.1, 3349881.6 ], [ 4536785.8, 3349909.7 ], [ 4536709.3, 3349975.2 ], [ 4536669.1, 3350004.5 ], [ 4536625.0, 3350021.1 ], [ 4536594.6, 3350001.3 ], [ 4536551.7, 3349894.7 ], [ 4536495.4, 3349810.9 ], [ 4536483.8, 3349774.0 ], [ 4536498.4, 3349719.2 ], [ 4536493.7, 3349700.9 ], [ 4536434.7, 3349657.4 ], [ 4536389.3, 3349578.2 ], [ 4536329.2, 3349549.3 ], [ 4536305.5, 3349504.1 ], [ 4536293.3, 3349449.7 ], [ 4536201.3, 3349426.7 ], [ 4536161.7, 3349330.0 ], [ 4536213.2, 3349332.9 ], [ 4536237.9, 3349344.1 ], [ 4536247.2, 3349371.2 ], [ 4536335.7, 3349464.5 ], [ 4536399.1, 3349501.0 ], [ 4536427.6, 3349490.8 ], [ 4536459.0, 3349436.5 ], [ 4536454.3, 3349392.7 ], [ 4536347.1, 3349324.9 ], [ 4536229.7, 3349226.8 ], [ 4536199.8, 3349220.2 ], [ 4536133.4, 3349241.1 ], [ 4536072.7, 3349233.1 ], [ 4536037.9, 3349121.9 ], [ 4536009.1, 3349072.9 ], [ 4535977.2, 3348988.9 ], [ 4535869.7, 3348913.3 ], [ 4535859.5, 3348863.6 ], [ 4535782.2, 3348831.8 ], [ 4535707.4, 3348733.4 ], [ 4535641.6, 3348685.6 ], [ 4535617.6, 3348649.7 ], [ 4535594.0, 3348592.6 ], [ 4535590.6, 3348568.6 ], [ 4535598.2, 3348551.5 ], [ 4535612.5, 3348540.0 ], [ 4535657.4, 3348536.6 ], [ 4535692.1, 3348555.7 ], [ 4535710.1, 3348552.2 ], [ 4535774.3, 3348473.2 ], [ 4535774.5, 3348454.7 ], [ 4535760.5, 3348442.5 ], [ 4535223.8, 3348294.7 ], [ 4534772.1, 3348133.8 ], [ 4534524.9, 3348031.3 ], [ 4534220.7, 3347982.0 ], [ 4533895.9, 3347908.8 ], [ 4533688.3, 3347903.2 ], [ 4532636.8, 3347917.4 ], [ 4532388.1, 3348070.0 ], [ 4532365.8, 3348095.2 ], [ 4532250.1, 3348179.0 ], [ 4532213.5, 3348149.7 ], [ 4532193.3, 3348105.3 ], [ 4532424.1, 3347959.4 ], [ 4532433.6, 3347944.1 ], [ 4532425.7, 3347924.2 ], [ 4532312.1, 3347912.8 ], [ 4532239.7, 3347889.0 ], [ 4531541.1, 3347564.5 ], [ 4531439.9, 3347538.5 ], [ 4531421.5, 3347558.2 ], [ 4531416.8, 3347611.3 ], [ 4531423.6, 3347670.0 ], [ 4531440.0, 3347683.3 ], [ 4531492.6, 3347684.3 ], [ 4531511.3, 3347710.0 ], [ 4531529.5, 3347719.8 ], [ 4531538.7, 3347769.9 ], [ 4531508.9, 3347763.1 ], [ 4531452.6, 3347726.1 ], [ 4531428.9, 3347730.9 ], [ 4531422.4, 3347747.4 ], [ 4531427.0, 3347913.8 ], [ 4531390.0, 3347917.7 ], [ 4531383.5, 3347944.6 ], [ 4531420.0, 3347962.9 ], [ 4531450.6, 3347998.4 ], [ 4531490.0, 3348022.1 ], [ 4531496.7, 3348038.9 ], [ 4531531.3, 3348062.6 ], [ 4531590.5, 3348081.3 ], [ 4531676.1, 3348078.7 ], [ 4531721.3, 3348093.7 ], [ 4531733.1, 3348112.9 ], [ 4531736.9, 3348157.2 ], [ 4531770.5, 3348223.4 ], [ 4531757.0, 3348229.8 ], [ 4531634.9, 3348209.8 ], [ 4531590.3, 3348194.5 ], [ 4531560.1, 3348195.6 ], [ 4531534.1, 3348215.3 ], [ 4531514.7, 3348253.8 ], [ 4531501.7, 3348316.5 ], [ 4531449.4, 3348322.6 ], [ 4531418.8, 3348338.4 ], [ 4531338.5, 3348409.7 ], [ 4531345.1, 3348447.9 ], [ 4531417.6, 3348539.5 ], [ 4531466.4, 3348711.9 ], [ 4531571.6, 3348813.6 ], [ 4531618.4, 3348878.1 ], [ 4531594.3, 3348889.4 ], [ 4531527.7, 3348809.7 ], [ 4531442.0, 3348796.6 ], [ 4531396.7, 3348770.3 ], [ 4531286.2, 3348618.4 ], [ 4531248.0, 3348555.8 ], [ 4531271.9, 3348439.1 ], [ 4531227.1, 3348354.1 ], [ 4531196.0, 3348329.1 ], [ 4531166.8, 3348325.7 ], [ 4531138.5, 3348337.5 ], [ 4531050.1, 3348283.2 ], [ 4531043.5, 3348271.9 ], [ 4531039.8, 3348253.8 ], [ 4531051.8, 3348184.5 ], [ 4531035.2, 3348125.3 ], [ 4531044.2, 3348099.3 ], [ 4531037.4, 3348034.8 ], [ 4531004.8, 3347967.4 ], [ 4530973.2, 3347798.7 ], [ 4530946.2, 3347794.8 ], [ 4530871.6, 3347850.9 ], [ 4530782.3, 3347857.8 ], [ 4530684.5, 3347786.9 ], [ 4530689.3, 3347770.5 ], [ 4530680.9, 3347755.7 ], [ 4530656.7, 3347745.2 ], [ 4530640.3, 3347752.6 ], [ 4530090.2, 3349063.9 ], [ 4530093.3, 3349081.2 ], [ 4530108.2, 3349090.7 ], [ 4530217.3, 3349089.1 ], [ 4530228.3, 3349273.3 ], [ 4530140.4, 3349279.5 ], [ 4530127.8, 3349144.9 ], [ 4530088.2, 3349121.8 ], [ 4530064.4, 3349127.7 ], [ 4529569.0, 3350312.2 ], [ 4529574.4, 3350332.4 ], [ 4529597.8, 3350338.0 ], [ 4529663.4, 3350276.4 ], [ 4529701.6, 3350253.9 ], [ 4529762.3, 3350252.0 ], [ 4529811.6, 3350327.2 ], [ 4529802.2, 3350354.7 ], [ 4529826.5, 3350376.6 ], [ 4529857.9, 3350447.1 ], [ 4529870.3, 3350493.4 ], [ 4529856.1, 3350548.5 ], [ 4529816.5, 3350611.8 ], [ 4529788.3, 3350623.8 ], [ 4529726.7, 3350621.3 ], [ 4529645.4, 3350578.1 ], [ 4529664.9, 3350538.2 ], [ 4529663.9, 3350466.1 ], [ 4529654.5, 3350451.5 ], [ 4529636.2, 3350441.8 ], [ 4529560.7, 3350442.4 ], [ 4529505.2, 3350468.1 ], [ 4528682.2, 3352428.9 ], [ 4528635.9, 3352543.7 ], [ 4528637.0, 3352562.4 ], [ 4528619.3, 3352585.5 ], [ 4528615.2, 3352615.0 ], [ 4528623.3, 3352631.5 ], [ 4528637.3, 3352636.4 ], [ 4528674.5, 3352626.8 ], [ 4528679.1, 3352605.9 ], [ 4528663.1, 3352572.8 ], [ 4528767.5, 3352506.4 ], [ 4528788.3, 3352452.6 ], [ 4528808.9, 3352447.5 ], [ 4528831.8, 3352427.6 ], [ 4528880.7, 3352469.3 ], [ 4528901.4, 3352528.1 ], [ 4528918.5, 3352534.2 ], [ 4528935.8, 3352527.4 ], [ 4528956.7, 3352501.1 ], [ 4528958.4, 3352487.4 ], [ 4528925.9, 3352431.3 ], [ 4528909.9, 3352368.5 ], [ 4528930.0, 3352308.0 ], [ 4528961.2, 3352285.6 ], [ 4529053.0, 3352254.6 ], [ 4529306.1, 3352216.4 ], [ 4529432.9, 3352161.8 ], [ 4529496.3, 3352152.5 ], [ 4529535.0, 3352133.1 ], [ 4529557.8, 3352103.1 ], [ 4529568.4, 3352036.7 ], [ 4529608.3, 3351956.1 ], [ 4529676.3, 3351927.3 ], [ 4529701.3, 3351887.1 ], [ 4529811.6, 3351817.1 ], [ 4529957.2, 3351678.4 ], [ 4529989.4, 3351638.5 ], [ 4530022.3, 3351572.0 ], [ 4530101.2, 3351462.2 ], [ 4530131.2, 3351407.8 ], [ 4530158.8, 3351310.8 ], [ 4530081.9, 3351155.1 ], [ 4530077.5, 3351127.9 ], [ 4530080.5, 3351066.5 ], [ 4530105.9, 3351025.8 ], [ 4530126.7, 3350867.2 ], [ 4530078.1, 3350788.9 ], [ 4530080.1, 3350750.1 ], [ 4530097.5, 3350716.1 ], [ 4530116.4, 3350691.0 ], [ 4530139.5, 3350677.1 ], [ 4530190.7, 3350601.5 ], [ 4530204.4, 3350589.6 ], [ 4530219.0, 3350597.2 ], [ 4530235.7, 3350592.9 ], [ 4530270.0, 3350544.3 ], [ 4530270.5, 3350520.4 ], [ 4530239.6, 3350507.1 ], [ 4530241.7, 3350494.4 ], [ 4530269.2, 3350418.1 ], [ 4530306.3, 3350377.2 ], [ 4530391.0, 3350359.8 ], [ 4530453.0, 3350330.8 ], [ 4530532.1, 3350324.6 ], [ 4530635.2, 3350439.5 ], [ 4530683.7, 3350446.0 ], [ 4530850.8, 3350379.0 ], [ 4531165.7, 3350375.4 ], [ 4531239.6, 3350357.3 ], [ 4531352.4, 3350282.5 ], [ 4531383.0, 3350249.3 ], [ 4531446.3, 3350091.8 ], [ 4531493.7, 3349912.7 ], [ 4531529.7, 3349860.1 ], [ 4531577.7, 3349748.1 ], [ 4531633.4, 3349697.4 ], [ 4531665.0, 3349682.6 ], [ 4531742.0, 3349745.8 ], [ 4531962.2, 3349764.5 ], [ 4532036.7, 3349749.5 ], [ 4532036.9, 3349721.8 ], [ 4531974.7, 3349662.1 ], [ 4531911.4, 3349478.1 ], [ 4531928.7, 3349383.0 ], [ 4531924.0, 3349335.9 ], [ 4531903.6, 3349297.9 ], [ 4531880.5, 3349293.0 ], [ 4531833.6, 3349326.7 ], [ 4531805.8, 3349357.8 ], [ 4531782.1, 3349438.8 ], [ 4531770.5, 3349450.4 ], [ 4531721.7, 3349463.4 ], [ 4531726.6, 3349419.0 ], [ 4531720.2, 3349375.7 ], [ 4531811.1, 3349329.1 ], [ 4531857.6, 3349268.5 ], [ 4531861.0, 3349231.4 ], [ 4531845.9, 3349189.6 ], [ 4531892.6, 3349183.3 ], [ 4531983.4, 3349091.4 ], [ 4532007.3, 3349086.5 ], [ 4531968.3, 3349138.1 ], [ 4531965.1, 3349154.3 ], [ 4531974.7, 3349180.0 ], [ 4532002.5, 3349194.8 ], [ 4532136.3, 3349143.4 ], [ 4532167.1, 3349090.4 ], [ 4532185.5, 3349080.5 ], [ 4532239.1, 3349073.7 ], [ 4532242.9, 3349097.3 ], [ 4532274.2, 3349110.7 ], [ 4532309.6, 3349100.1 ], [ 4532302.3, 3349124.1 ], [ 4532307.8, 3349140.7 ], [ 4532352.4, 3349151.2 ], [ 4532390.7, 3349209.0 ], [ 4532476.2, 3349267.2 ], [ 4532496.3, 3349330.3 ], [ 4532489.0, 3349370.5 ], [ 4532497.9, 3349386.5 ], [ 4532582.5, 3349402.6 ], [ 4532755.0, 3349405.9 ], [ 4532792.2, 3349418.4 ], [ 4532822.9, 3349442.5 ], [ 4532850.8, 3349490.0 ], [ 4532876.5, 3349576.1 ], [ 4532882.8, 3349674.7 ], [ 4532875.6, 3349714.1 ], [ 4532857.4, 3349752.9 ], [ 4532775.4, 3349871.8 ], [ 4532736.3, 3349906.0 ], [ 4532598.4, 3349971.3 ], [ 4532567.1, 3349971.0 ], [ 4532553.5, 3349982.4 ], [ 4532550.2, 3350071.1 ], [ 4532534.5, 3350111.8 ], [ 4532544.8, 3350127.7 ], [ 4532567.8, 3350133.3 ], [ 4532585.6, 3350149.7 ], [ 4532598.0, 3350199.7 ], [ 4532573.4, 3350211.9 ], [ 4532565.5, 3350224.5 ], [ 4532564.1, 3350268.0 ], [ 4532581.8, 3350284.7 ], [ 4532555.5, 3350345.7 ], [ 4532510.9, 3350321.0 ], [ 4532514.2, 3350298.3 ], [ 4532496.7, 3350276.1 ], [ 4532460.1, 3350261.2 ], [ 4532385.2, 3350252.2 ], [ 4532330.1, 3350257.0 ], [ 4532283.3, 3350279.7 ], [ 4532249.6, 3350307.7 ], [ 4532215.7, 3350319.3 ], [ 4532161.9, 3350308.7 ], [ 4532099.4, 3350311.6 ], [ 4531985.7, 3350298.6 ], [ 4531928.3, 3350269.3 ], [ 4531852.9, 3350251.0 ], [ 4531821.2, 3350207.8 ], [ 4531798.3, 3350203.3 ], [ 4531762.8, 3350245.0 ], [ 4531776.5, 3350291.0 ], [ 4531742.9, 3350368.2 ], [ 4531699.9, 3350403.6 ], [ 4531698.3, 3350447.6 ], [ 4531661.8, 3350511.6 ], [ 4531620.2, 3350544.6 ], [ 4531600.0, 3350553.6 ], [ 4531484.2, 3350570.0 ], [ 4531336.8, 3350648.4 ], [ 4531181.7, 3350696.0 ], [ 4531152.9, 3350711.1 ], [ 4530995.2, 3350836.1 ], [ 4530909.7, 3350866.9 ], [ 4530771.4, 3350949.8 ], [ 4530630.6, 3350975.2 ], [ 4530544.0, 3351002.6 ], [ 4530436.4, 3351016.8 ], [ 4530362.5, 3350997.0 ], [ 4530345.6, 3351000.4 ], [ 4530308.3, 3351038.7 ], [ 4530300.4, 3351214.5 ], [ 4530344.7, 3351316.2 ], [ 4530249.8, 3351331.6 ], [ 4530237.7, 3351339.4 ], [ 4530198.3, 3351532.4 ], [ 4530148.7, 3351640.1 ], [ 4530047.1, 3351790.1 ], [ 4529867.9, 3351924.6 ], [ 4529844.2, 3352010.0 ], [ 4529845.0, 3352044.6 ], [ 4529854.5, 3352090.4 ], [ 4529879.0, 3352135.6 ], [ 4529891.0, 3352146.0 ], [ 4529908.9, 3352144.9 ], [ 4529995.4, 3352179.0 ], [ 4530025.9, 3352197.6 ], [ 4529987.9, 3352565.3 ], [ 4529932.7, 3352692.1 ], [ 4529949.0, 3352749.0 ], [ 4529964.1, 3352854.8 ], [ 4529947.6, 3352917.7 ], [ 4529955.2, 3352999.2 ], [ 4529937.2, 3353058.5 ], [ 4529953.5, 3353075.1 ], [ 4530118.1, 3353114.4 ], [ 4530192.0, 3353326.3 ], [ 4530196.4, 3353369.2 ], [ 4530156.7, 3353429.4 ], [ 4530153.9, 3353451.7 ], [ 4530203.6, 3353514.1 ], [ 4530206.0, 3353535.6 ], [ 4530186.8, 3353553.7 ], [ 4530170.9, 3353552.1 ], [ 4530113.7, 3353518.7 ], [ 4530096.1, 3353519.5 ], [ 4530084.1, 3353536.5 ], [ 4530086.5, 3353602.2 ], [ 4529979.4, 3353585.4 ], [ 4529963.1, 3353591.5 ], [ 4529956.8, 3353611.2 ], [ 4529972.0, 3353655.2 ], [ 4529991.4, 3353694.0 ], [ 4530030.8, 3353727.2 ], [ 4530038.3, 3353793.7 ], [ 4530072.7, 3353822.7 ], [ 4530080.5, 3353856.0 ], [ 4530232.3, 3353906.5 ], [ 4530354.1, 3353979.1 ], [ 4530371.7, 3353981.6 ], [ 4530386.8, 3353966.9 ], [ 4530382.9, 3353926.0 ], [ 4530419.8, 3353842.2 ], [ 4530416.8, 3353746.2 ], [ 4530429.5, 3353699.4 ], [ 4530428.3, 3353675.2 ], [ 4530409.6, 3353634.4 ], [ 4530418.7, 3353539.9 ], [ 4530442.1, 3353475.4 ], [ 4530498.7, 3353390.0 ], [ 4530540.1, 3353368.8 ], [ 4530554.8, 3353372.8 ], [ 4530594.0, 3353418.6 ], [ 4530617.0, 3353411.5 ], [ 4530697.0, 3353423.1 ], [ 4530760.5, 3353397.8 ], [ 4530773.4, 3353400.1 ], [ 4530787.7, 3353421.8 ], [ 4530687.1, 3353550.9 ], [ 4530631.5, 3353505.8 ], [ 4530611.0, 3353504.1 ], [ 4530600.5, 3353513.5 ], [ 4530565.6, 3353598.7 ], [ 4530572.7, 3353627.2 ], [ 4530627.1, 3353734.7 ], [ 4530684.6, 3353750.1 ], [ 4530739.4, 3353804.3 ], [ 4530781.3, 3353789.4 ], [ 4530805.8, 3353794.6 ], [ 4530818.2, 3353812.9 ], [ 4530827.0, 3353857.7 ], [ 4530821.6, 3353932.7 ], [ 4530787.5, 3353990.3 ], [ 4530764.6, 3354004.2 ], [ 4530710.6, 3354003.3 ], [ 4530606.1, 3353976.4 ], [ 4530441.4, 3354002.3 ], [ 4530424.6, 3354024.1 ], [ 4530432.3, 3354040.4 ], [ 4530536.4, 3354120.6 ], [ 4530723.0, 3354234.1 ], [ 4530876.6, 3354277.3 ], [ 4530997.7, 3354289.3 ], [ 4531074.3, 3354188.2 ], [ 4531208.3, 3354043.1 ], [ 4531204.7, 3354017.0 ], [ 4531131.1, 3353963.0 ], [ 4531223.0, 3353806.6 ], [ 4531247.8, 3353716.4 ], [ 4531223.9, 3353678.9 ], [ 4531197.0, 3353670.7 ], [ 4531201.8, 3353654.8 ], [ 4531193.7, 3353639.4 ], [ 4531151.3, 3353625.8 ], [ 4531171.3, 3353411.6 ], [ 4531231.8, 3353427.6 ], [ 4531214.2, 3353620.4 ], [ 4531231.4, 3353641.0 ], [ 4531287.4, 3353639.2 ], [ 4531295.7, 3353626.9 ], [ 4531300.9, 3353562.6 ], [ 4531348.9, 3353565.9 ], [ 4531367.7, 3353551.1 ], [ 4531372.6, 3353499.8 ], [ 4531303.5, 3353319.3 ], [ 4531351.2, 3353252.3 ], [ 4531359.9, 3353278.1 ], [ 4531327.1, 3353342.4 ], [ 4531402.3, 3353542.6 ], [ 4531424.9, 3353550.0 ], [ 4531528.4, 3353523.3 ], [ 4531544.1, 3353508.0 ], [ 4531502.2, 3353332.6 ], [ 4531405.2, 3353274.2 ], [ 4531384.1, 3353209.4 ], [ 4531494.9, 3353277.1 ], [ 4531511.7, 3353274.5 ], [ 4531533.3, 3353257.0 ], [ 4531575.5, 3353285.5 ], [ 4531631.7, 3353306.5 ], [ 4531710.6, 3353292.7 ], [ 4531723.5, 3353297.2 ], [ 4531761.6, 3353334.6 ], [ 4531766.5, 3353387.7 ], [ 4531783.6, 3353403.9 ], [ 4531836.1, 3353389.9 ], [ 4531929.8, 3353316.5 ], [ 4531927.2, 3353295.2 ], [ 4531820.3, 3353165.4 ], [ 4531899.6, 3353078.9 ], [ 4531955.6, 3353047.7 ], [ 4531970.9, 3353012.4 ], [ 4531967.4, 3352995.0 ], [ 4531941.5, 3352987.1 ], [ 4531883.2, 3353024.5 ], [ 4531816.3, 3353019.4 ], [ 4531811.9, 3352994.6 ], [ 4531748.8, 3352859.8 ], [ 4531724.9, 3352773.5 ], [ 4531726.8, 3352718.6 ], [ 4531712.4, 3352695.4 ], [ 4531681.8, 3352694.9 ], [ 4531636.3, 3352743.0 ], [ 4531530.9, 3352756.6 ], [ 4531529.0, 3352731.8 ], [ 4531611.3, 3352676.9 ], [ 4531615.8, 3352662.9 ], [ 4531608.9, 3352641.3 ], [ 4531769.8, 3352442.4 ], [ 4531771.4, 3352424.4 ], [ 4531751.2, 3352398.8 ], [ 4531726.2, 3352398.4 ], [ 4531514.9, 3352504.5 ], [ 4531470.9, 3352585.6 ], [ 4531447.5, 3352591.4 ], [ 4531438.2, 3352601.8 ], [ 4531423.4, 3352703.2 ], [ 4531398.9, 3352745.8 ], [ 4531364.9, 3352738.5 ], [ 4531344.8, 3352684.8 ], [ 4531327.7, 3352680.5 ], [ 4531315.1, 3352687.3 ], [ 4531268.0, 3352739.4 ], [ 4531262.9, 3352770.7 ], [ 4531273.0, 3352785.1 ], [ 4531348.6, 3352830.9 ], [ 4531262.9, 3352906.4 ], [ 4531215.2, 3352883.3 ], [ 4531163.5, 3352814.9 ], [ 4531168.9, 3352781.8 ], [ 4531245.3, 3352707.3 ], [ 4531294.5, 3352626.9 ], [ 4531286.9, 3352597.6 ], [ 4531257.8, 3352565.7 ], [ 4531192.6, 3352391.6 ], [ 4531198.0, 3352314.3 ], [ 4531255.3, 3352305.4 ], [ 4531306.9, 3352286.4 ], [ 4531323.7, 3352262.1 ], [ 4531415.8, 3352244.1 ], [ 4531451.7, 3352171.7 ], [ 4531526.6, 3352097.1 ], [ 4531542.0, 3352048.6 ], [ 4531533.7, 3351994.9 ], [ 4531556.8, 3351977.1 ], [ 4531579.7, 3351942.3 ], [ 4531605.6, 3351879.6 ], [ 4531576.1, 3351786.9 ], [ 4531540.8, 3351737.0 ], [ 4531542.8, 3351709.0 ], [ 4531600.1, 3351635.9 ], [ 4531671.6, 3351600.2 ], [ 4531713.7, 3351640.2 ], [ 4531754.5, 3351659.6 ], [ 4531846.7, 3351647.3 ], [ 4531863.2, 3351633.7 ], [ 4531856.6, 3351606.0 ], [ 4531786.0, 3351572.6 ], [ 4531776.0, 3351528.8 ], [ 4531759.3, 3351507.9 ], [ 4531721.7, 3351500.0 ], [ 4531676.2, 3351507.4 ], [ 4531653.1, 3351495.6 ], [ 4531625.7, 3351494.3 ], [ 4531607.3, 3351446.5 ], [ 4531645.8, 3351407.4 ], [ 4531709.2, 3351386.9 ], [ 4531726.3, 3351279.7 ], [ 4531772.0, 3351270.0 ], [ 4531850.8, 3351342.8 ], [ 4531891.7, 3351394.7 ], [ 4531909.8, 3351397.5 ], [ 4531923.7, 3351385.6 ], [ 4531933.6, 3351317.5 ], [ 4531976.2, 3351248.7 ], [ 4531988.9, 3351208.4 ], [ 4531963.5, 3351135.4 ], [ 4531965.3, 3351087.1 ], [ 4531913.7, 3350941.0 ], [ 4531891.4, 3350935.2 ], [ 4531835.1, 3350961.1 ], [ 4531808.5, 3350955.4 ], [ 4531789.3, 3350927.5 ], [ 4531822.2, 3350869.7 ], [ 4531955.7, 3350794.7 ], [ 4531980.7, 3350792.1 ], [ 4531926.5, 3350836.3 ], [ 4531915.2, 3350863.6 ], [ 4531929.5, 3350923.9 ], [ 4531960.4, 3350976.0 ], [ 4532021.0, 3351044.1 ], [ 4532027.1, 3351064.1 ], [ 4532052.8, 3351071.0 ], [ 4532068.8, 3351098.8 ], [ 4532130.4, 3351088.7 ], [ 4532240.5, 3351093.2 ], [ 4532269.6, 3351242.9 ], [ 4532300.5, 3351277.0 ], [ 4532325.5, 3351462.0 ], [ 4532298.7, 3351521.0 ], [ 4532253.8, 3351519.1 ], [ 4532194.5, 3351547.4 ], [ 4532188.9, 3351567.9 ], [ 4532199.9, 3351582.1 ], [ 4532275.5, 3351573.1 ], [ 4532292.0, 3351579.9 ], [ 4532357.4, 3351575.8 ], [ 4532401.1, 3351493.5 ], [ 4532440.3, 3351509.5 ], [ 4532454.5, 3351508.0 ], [ 4532499.9, 3351439.4 ], [ 4532491.5, 3351416.8 ], [ 4532377.8, 3351358.6 ], [ 4532363.6, 3351180.6 ], [ 4532347.6, 3351097.7 ], [ 4532335.8, 3351084.0 ], [ 4532295.6, 3351069.3 ], [ 4532305.4, 3351037.5 ], [ 4532429.5, 3351090.2 ], [ 4532509.5, 3351148.9 ], [ 4532600.9, 3351180.9 ], [ 4532623.2, 3351176.1 ], [ 4532657.2, 3351132.9 ], [ 4532713.2, 3351179.5 ], [ 4532730.5, 3351184.3 ], [ 4532745.7, 3351174.6 ], [ 4532900.8, 3350911.6 ], [ 4532932.2, 3350932.6 ], [ 4532760.2, 3351209.7 ], [ 4532768.1, 3351225.0 ], [ 4533008.1, 3351423.6 ], [ 4532935.2, 3351511.0 ], [ 4532937.9, 3351540.5 ], [ 4532980.8, 3351625.4 ], [ 4533000.0, 3351646.7 ], [ 4532928.9, 3351757.8 ], [ 4532934.8, 3351783.9 ], [ 4532991.4, 3351790.4 ], [ 4533078.2, 3351772.5 ], [ 4533160.7, 3351747.7 ], [ 4533249.0, 3351691.9 ], [ 4533306.6, 3351686.9 ], [ 4533415.3, 3351707.4 ], [ 4533432.1, 3351699.5 ], [ 4533437.3, 3351685.5 ], [ 4533517.9, 3351671.0 ], [ 4533586.7, 3351689.3 ], [ 4533634.4, 3351683.8 ], [ 4533783.3, 3351795.6 ], [ 4533838.3, 3351791.8 ], [ 4533867.1, 3351807.4 ], [ 4533884.5, 3351853.4 ], [ 4533856.8, 3351876.5 ], [ 4533819.6, 3351883.8 ], [ 4533798.8, 3351904.1 ], [ 4533713.4, 3351873.3 ], [ 4533715.2, 3351850.4 ], [ 4533689.8, 3351819.2 ], [ 4533599.7, 3351781.9 ], [ 4533572.9, 3351762.1 ], [ 4533558.8, 3351739.0 ], [ 4533504.1, 3351727.0 ], [ 4533457.5, 3351699.6 ], [ 4533436.7, 3351706.3 ], [ 4533431.9, 3351727.6 ], [ 4533536.9, 3352038.1 ], [ 4533510.1, 3352053.5 ], [ 4533236.3, 3352130.5 ], [ 4533229.6, 3352149.6 ], [ 4533258.9, 3352354.6 ], [ 4533070.5, 3352385.2 ], [ 4533055.9, 3352399.4 ], [ 4533075.5, 3352469.4 ], [ 4533088.2, 3352479.9 ], [ 4533106.6, 3352481.0 ], [ 4533097.6, 3352657.1 ], [ 4533028.2, 3352670.1 ], [ 4532954.1, 3352643.6 ], [ 4532918.5, 3352667.9 ], [ 4532875.3, 3352675.8 ], [ 4532840.3, 3352740.0 ], [ 4532811.4, 3352830.4 ], [ 4532821.8, 3352870.3 ], [ 4532889.5, 3352908.2 ], [ 4532907.6, 3352909.6 ], [ 4532922.5, 3352896.6 ], [ 4533018.9, 3352933.5 ], [ 4533044.6, 3352953.3 ], [ 4533006.2, 3353015.4 ], [ 4533011.5, 3353032.1 ], [ 4533039.4, 3353055.4 ], [ 4532907.5, 3353204.8 ], [ 4532902.8, 3353225.1 ], [ 4532913.8, 3353238.8 ], [ 4533028.9, 3353298.9 ], [ 4532999.1, 3353334.9 ], [ 4533016.3, 3353364.1 ], [ 4533011.7, 3353404.6 ], [ 4533019.3, 3353459.9 ], [ 4532981.0, 3353461.7 ], [ 4532971.8, 3353477.1 ], [ 4532975.2, 3353495.0 ], [ 4532990.8, 3353505.0 ], [ 4533044.5, 3353503.3 ], [ 4533125.6, 3353542.8 ], [ 4533133.6, 3353610.4 ], [ 4533181.0, 3353655.7 ], [ 4532974.0, 3353688.5 ], [ 4532960.9, 3353700.9 ], [ 4532961.5, 3353718.9 ], [ 4533031.1, 3353763.3 ], [ 4533047.8, 3353758.3 ], [ 4533060.2, 3353740.4 ], [ 4533141.1, 3353729.2 ], [ 4533158.8, 3353734.1 ], [ 4533185.7, 3353755.0 ], [ 4533192.0, 3353787.4 ], [ 4533231.5, 3353837.9 ], [ 4533267.5, 3353857.4 ], [ 4533281.1, 3353853.7 ], [ 4533290.5, 3353839.1 ], [ 4533518.3, 3353662.0 ], [ 4533537.1, 3353667.0 ], [ 4533667.8, 3353632.4 ], [ 4533692.8, 3353730.3 ], [ 4533703.1, 3353741.1 ], [ 4533717.9, 3353742.8 ], [ 4533734.3, 3353728.6 ], [ 4533737.7, 3353682.6 ], [ 4533768.0, 3353646.6 ], [ 4533767.9, 3353607.1 ], [ 4534061.3, 3353529.8 ], [ 4534077.8, 3353519.7 ], [ 4534091.6, 3353490.3 ], [ 4534065.3, 3353465.3 ], [ 4534097.1, 3353406.9 ], [ 4534092.8, 3353385.2 ], [ 4534138.5, 3353291.6 ], [ 4534389.5, 3353312.6 ], [ 4534404.8, 3353299.3 ], [ 4534419.9, 3353233.8 ], [ 4534470.5, 3353238.2 ], [ 4534458.1, 3353301.1 ], [ 4534439.7, 3353318.4 ], [ 4534439.3, 3353335.9 ], [ 4534457.0, 3353349.6 ], [ 4534515.0, 3353351.5 ], [ 4534618.7, 3353319.8 ], [ 4534630.4, 3353275.1 ], [ 4534734.8, 3353242.7 ], [ 4534874.6, 3353221.2 ], [ 4534944.4, 3353238.8 ], [ 4535004.2, 3353276.0 ], [ 4535074.5, 3353271.4 ], [ 4535134.2, 3353253.3 ], [ 4535152.5, 3353237.8 ], [ 4535169.1, 3353205.7 ], [ 4535184.7, 3353041.4 ], [ 4535340.8, 3353076.1 ], [ 4535270.6, 3353273.1 ], [ 4535276.1, 3353334.8 ], [ 4535291.8, 3353349.0 ], [ 4536246.3, 3353293.8 ], [ 4536264.1, 3353277.3 ], [ 4536665.6, 3352681.0 ], [ 4536730.9, 3352637.6 ], [ 4537144.3, 3352367.5 ], [ 4537426.2, 3352496.6 ], [ 4537456.5, 3352496.1 ], [ 4537462.6, 3352469.8 ], [ 4537415.8, 3352435.5 ], [ 4537401.8, 3352408.3 ], [ 4537396.8, 3352376.4 ], [ 4537408.4, 3352347.1 ], [ 4537468.8, 3352277.8 ], [ 4537478.7, 3352244.0 ], [ 4537475.1, 3352205.2 ], [ 4537482.9, 3352176.7 ], [ 4537513.0, 3352166.1 ], [ 4537517.0, 3352142.7 ], [ 4537504.0, 3352127.4 ], [ 4537466.9, 3352108.0 ], [ 4537460.3, 3352027.0 ], [ 4537468.0, 3352003.2 ], [ 4537447.9, 3351946.1 ], [ 4537414.7, 3351916.0 ], [ 4537383.7, 3351922.7 ], [ 4537354.9, 3351911.1 ], [ 4537318.7, 3351855.8 ], [ 4537317.7, 3351779.9 ], [ 4537275.5, 3351702.5 ], [ 4537247.9, 3351695.7 ], [ 4537222.9, 3351664.1 ], [ 4537209.7, 3351626.1 ], [ 4537206.2, 3351573.1 ], [ 4537157.5, 3351495.1 ], [ 4537124.4, 3351407.9 ], [ 4537127.4, 3351361.0 ], [ 4537141.3, 3351342.7 ], [ 4537185.1, 3351321.8 ], [ 4537202.2, 3351288.2 ], [ 4537264.7, 3351217.1 ], [ 4537259.9, 3351168.1 ], [ 4537248.0, 3351153.5 ], [ 4537201.2, 3351130.7 ], [ 4537144.6, 3351062.1 ], [ 4537127.7, 3351024.0 ], [ 4537126.2, 3350976.5 ], [ 4537114.9, 3350948.6 ], [ 4537008.3, 3350877.2 ], [ 4536910.8, 3350729.2 ], [ 4536898.1, 3350703.1 ], [ 4536898.9, 3350636.0 ], [ 4536841.1, 3350569.8 ], [ 4536825.4, 3350506.4 ], [ 4536776.8, 3350412.5 ], [ 4536765.6, 3350298.0 ], [ 4536756.1, 3350282.3 ], [ 4536714.5, 3350250.6 ], [ 4536692.3, 3350212.6 ], [ 4536676.4, 3350133.0 ], [ 4536701.1, 3350080.9 ], [ 4536727.4, 3350066.9 ], [ 4536759.8, 3350064.7 ], [ 4536881.4, 3350081.8 ], [ 4536907.5, 3350100.8 ], [ 4536951.8, 3350156.7 ], [ 4537050.7, 3350225.5 ], [ 4537064.7, 3350253.2 ], [ 4537115.5, 3350485.0 ], [ 4537129.6, 3350498.5 ], [ 4537123.8, 3350523.1 ], [ 4537138.8, 3350665.4 ], [ 4537155.2, 3350704.6 ], [ 4537176.1, 3350725.1 ], [ 4537212.7, 3350738.6 ], [ 4537364.3, 3350832.8 ], [ 4537373.8, 3350857.0 ], [ 4537390.7, 3351027.2 ], [ 4537438.6, 3351141.6 ], [ 4537488.1, 3351231.8 ], [ 4537498.2, 3351269.5 ], [ 4537483.7, 3351305.9 ], [ 4537378.5, 3351397.8 ], [ 4537308.6, 3351525.1 ], [ 4537308.2, 3351551.0 ], [ 4537333.1, 3351569.6 ], [ 4537365.6, 3351566.5 ], [ 4537390.2, 3351573.3 ], [ 4537486.5, 3351639.2 ], [ 4537641.4, 3351587.7 ], [ 4537696.9, 3351625.1 ], [ 4537730.3, 3351678.1 ], [ 4537638.9, 3351726.2 ], [ 4537630.2, 3351737.7 ], [ 4537632.0, 3351755.5 ], [ 4537788.1, 3352027.2 ], [ 4537829.3, 3352130.5 ], [ 4537853.3, 3352137.0 ], [ 4537926.1, 3352097.2 ], [ 4537991.1, 3352226.7 ], [ 4537953.8, 3352262.8 ], [ 4537952.1, 3352286.6 ], [ 4537794.8, 3352380.2 ], [ 4537791.4, 3352645.3 ], [ 4537720.1, 3352649.0 ], [ 4537649.6, 3352624.6 ], [ 4537600.7, 3352651.1 ], [ 4537568.9, 3352596.7 ], [ 4537546.6, 3352589.3 ], [ 4537521.7, 3352609.4 ], [ 4537520.2, 3352656.6 ], [ 4537509.5, 3352674.6 ], [ 4537439.1, 3352714.0 ], [ 4537397.5, 3352757.5 ], [ 4537370.1, 3352754.4 ], [ 4537294.5, 3352672.6 ], [ 4537276.8, 3352630.6 ], [ 4537282.0, 3352605.3 ], [ 4537293.7, 3352585.3 ], [ 4537333.8, 3352585.4 ], [ 4537355.4, 3352573.5 ], [ 4537380.1, 3352570.3 ], [ 4537422.1, 3352579.8 ], [ 4537459.9, 3352540.5 ], [ 4537457.5, 3352515.9 ], [ 4537156.1, 3352378.3 ], [ 4537134.5, 3352379.7 ], [ 4536668.6, 3352685.7 ], [ 4536271.6, 3353284.1 ], [ 4536396.6, 3353423.3 ], [ 4536392.7, 3353444.4 ], [ 4536408.3, 3353475.6 ], [ 4536401.1, 3353517.1 ], [ 4536425.3, 3353544.5 ], [ 4536403.1, 3353617.3 ], [ 4536366.8, 3353651.0 ], [ 4536354.6, 3353688.2 ], [ 4536369.9, 3353748.3 ], [ 4536378.4, 3353856.7 ], [ 4536411.4, 3353881.3 ], [ 4536454.8, 3353947.3 ], [ 4536501.8, 3353956.8 ], [ 4536525.3, 3353940.8 ], [ 4536532.9, 3353924.3 ], [ 4536533.7, 3353862.8 ], [ 4536557.4, 3353801.0 ], [ 4536566.7, 3353796.7 ], [ 4536577.3, 3353798.2 ], [ 4536584.1, 3353817.6 ], [ 4536597.8, 3353826.9 ], [ 4536855.3, 3353868.6 ], [ 4537054.6, 3353952.3 ], [ 4537146.7, 3354011.4 ], [ 4537255.6, 3354113.0 ], [ 4537266.1, 3354239.0 ], [ 4537300.3, 3354311.1 ], [ 4537305.0, 3354422.6 ], [ 4537324.1, 3354474.8 ], [ 4537338.8, 3354485.4 ], [ 4537353.4, 3354483.3 ], [ 4537364.6, 3354469.0 ], [ 4537370.1, 3354389.0 ], [ 4537398.7, 3354335.3 ], [ 4537416.2, 3354236.9 ], [ 4537460.0, 3354179.7 ], [ 4537493.9, 3354161.7 ], [ 4537584.9, 3354172.0 ], [ 4537601.2, 3354180.6 ], [ 4537601.2, 3354250.5 ], [ 4537621.1, 3354329.4 ], [ 4537629.8, 3354464.3 ], [ 4537657.5, 3354561.3 ], [ 4537689.5, 3354633.6 ], [ 4537732.9, 3354703.3 ], [ 4537789.8, 3354773.7 ], [ 4537997.6, 3354944.8 ], [ 4538052.4, 3355006.0 ], [ 4538069.4, 3355039.9 ], [ 4538080.5, 3355116.5 ], [ 4538073.0, 3355131.0 ], [ 4538064.5, 3355216.8 ], [ 4537985.9, 3355319.8 ], [ 4538016.6, 3355395.7 ], [ 4537983.7, 3355446.8 ], [ 4537907.4, 3355514.9 ], [ 4537868.7, 3355585.0 ], [ 4537846.5, 3355681.6 ], [ 4537813.5, 3355696.8 ], [ 4537755.4, 3355708.1 ], [ 4537693.7, 3355700.4 ], [ 4537654.2, 3355652.6 ], [ 4537633.0, 3355586.9 ], [ 4537632.5, 3355534.0 ], [ 4537645.8, 3355458.9 ], [ 4537633.0, 3355423.4 ], [ 4537268.5, 3355262.6 ], [ 4537175.6, 3355168.6 ], [ 4537107.4, 3355058.4 ], [ 4537052.4, 3355010.7 ], [ 4537019.9, 3354920.2 ], [ 4537012.7, 3354857.8 ], [ 4536989.8, 3354818.0 ], [ 4536858.5, 3354739.9 ], [ 4536788.2, 3354640.9 ], [ 4536753.2, 3354556.3 ], [ 4536729.1, 3354466.8 ], [ 4536678.9, 3354372.1 ], [ 4536504.3, 3354233.2 ], [ 4536437.6, 3354209.7 ], [ 4536363.7, 3354215.3 ], [ 4536344.2, 3354208.8 ], [ 4536290.1, 3354132.7 ], [ 4536261.2, 3354111.5 ], [ 4536179.2, 3354099.2 ], [ 4536164.0, 3354103.0 ], [ 4536062.0, 3354175.1 ], [ 4536041.6, 3354206.1 ], [ 4536024.9, 3354316.9 ], [ 4535952.7, 3354376.8 ], [ 4535951.6, 3354484.1 ], [ 4535940.4, 3354551.7 ], [ 4535978.7, 3354595.8 ], [ 4535966.2, 3354619.6 ], [ 4535971.9, 3354636.4 ], [ 4536042.1, 3354658.6 ], [ 4536059.4, 3354653.5 ], [ 4536353.0, 3354297.3 ], [ 4536588.1, 3354484.9 ], [ 4536338.7, 3354793.7 ], [ 4536290.1, 3354756.4 ], [ 4536276.2, 3354754.0 ], [ 4536246.9, 3354722.8 ], [ 4536232.3, 3354720.7 ], [ 4536217.7, 3354730.5 ], [ 4536212.6, 3354744.6 ], [ 4536217.7, 3354758.6 ], [ 4536259.4, 3354784.6 ], [ 4536216.9, 3354846.4 ], [ 4536213.7, 3354864.2 ], [ 4536252.5, 3354899.8 ], [ 4535782.5, 3355482.1 ], [ 4535213.2, 3355113.5 ], [ 4535131.2, 3355080.9 ], [ 4535114.3, 3355087.3 ], [ 4535096.7, 3355111.8 ], [ 4535006.2, 3355068.9 ], [ 4534939.8, 3355075.8 ], [ 4534875.0, 3355092.4 ], [ 4534864.6, 3355101.9 ], [ 4534860.1, 3355136.0 ], [ 4534834.9, 3355193.9 ], [ 4534850.7, 3355287.9 ], [ 4534849.3, 3355337.2 ], [ 4534835.4, 3355396.8 ], [ 4534817.8, 3355433.3 ], [ 4534809.7, 3355515.5 ], [ 4534799.8, 3355546.1 ], [ 4534731.0, 3355606.0 ], [ 4534691.6, 3355619.4 ], [ 4534568.8, 3355627.6 ], [ 4534536.6, 3355621.7 ], [ 4534516.1, 3355602.5 ], [ 4534503.0, 3355572.4 ], [ 4534490.3, 3355565.4 ], [ 4534404.4, 3355608.8 ], [ 4534346.2, 3355577.6 ], [ 4534135.2, 3355356.2 ], [ 4534118.7, 3355298.5 ], [ 4534163.1, 3355208.0 ], [ 4534306.5, 3355134.6 ], [ 4534381.2, 3355124.6 ], [ 4534422.1, 3355090.1 ], [ 4534420.6, 3354926.4 ], [ 4534442.9, 3354807.6 ], [ 4534476.3, 3354759.3 ], [ 4534473.9, 3354629.9 ], [ 4534495.8, 3354563.1 ], [ 4534478.3, 3354547.2 ], [ 4534402.6, 3354539.4 ], [ 4534411.2, 3354323.0 ], [ 4534404.6, 3354305.8 ], [ 4534148.5, 3354276.8 ], [ 4534044.9, 3354235.1 ], [ 4534051.2, 3354179.7 ], [ 4534034.1, 3354139.2 ], [ 4533990.0, 3354142.4 ], [ 4533855.9, 3354113.8 ], [ 4533878.7, 3354019.5 ], [ 4533872.6, 3354002.7 ], [ 4533859.7, 3353996.1 ], [ 4533837.8, 3354006.8 ], [ 4533707.2, 3354315.8 ], [ 4533673.0, 3354379.6 ], [ 4533304.4, 3354816.5 ], [ 4533248.6, 3354924.8 ], [ 4533171.2, 3355114.8 ], [ 4533161.2, 3355177.2 ], [ 4533194.5, 3355341.5 ], [ 4533238.5, 3355405.1 ], [ 4533276.9, 3355431.7 ], [ 4533295.0, 3355427.8 ], [ 4533303.5, 3355407.7 ], [ 4533275.2, 3355373.5 ], [ 4533260.3, 3355326.4 ], [ 4533266.1, 3355309.0 ], [ 4533284.0, 3355301.3 ], [ 4533344.9, 3355302.5 ], [ 4533422.8, 3355275.3 ], [ 4533503.1, 3355280.3 ], [ 4533576.0, 3355266.4 ], [ 4533694.3, 3355304.0 ], [ 4533755.1, 3355271.9 ], [ 4533806.7, 3355266.5 ], [ 4534058.4, 3355308.1 ], [ 4534080.7, 3355329.2 ], [ 4534092.4, 3355390.5 ], [ 4534075.4, 3355437.1 ], [ 4534037.7, 3355458.9 ], [ 4534028.0, 3355473.0 ], [ 4534023.2, 3355500.1 ], [ 4534045.7, 3355573.0 ], [ 4534059.3, 3355579.4 ], [ 4534162.9, 3355573.0 ], [ 4534229.5, 3355589.1 ], [ 4534292.3, 3355589.2 ], [ 4534309.1, 3355605.0 ], [ 4534325.0, 3355641.0 ], [ 4534368.9, 3355649.7 ], [ 4534378.8, 3355676.6 ], [ 4534372.3, 3355724.2 ], [ 4534315.6, 3355789.1 ], [ 4534181.8, 3355848.0 ], [ 4534073.4, 3355857.0 ], [ 4534035.7, 3355851.7 ], [ 4534001.3, 3355840.4 ], [ 4533964.6, 3355806.5 ], [ 4533921.9, 3355822.5 ], [ 4533899.9, 3355842.6 ], [ 4533804.6, 3355834.0 ], [ 4533718.6, 3355791.0 ], [ 4533685.2, 3355799.9 ], [ 4533675.1, 3355811.0 ], [ 4533680.6, 3355835.6 ], [ 4533763.0, 3355895.0 ], [ 4533790.9, 3355925.9 ], [ 4533929.1, 3355906.4 ], [ 4533975.0, 3355927.9 ], [ 4533958.7, 3355937.9 ], [ 4533954.2, 3355954.5 ], [ 4533996.9, 3356051.1 ], [ 4533882.7, 3356099.8 ], [ 4533870.1, 3356119.4 ], [ 4533895.1, 3356389.1 ], [ 4533911.4, 3356432.2 ], [ 4533947.2, 3356473.9 ], [ 4534011.0, 3356471.2 ], [ 4534049.6, 3356503.9 ], [ 4534139.9, 3356520.9 ], [ 4534182.6, 3356554.6 ], [ 4534420.2, 3356677.8 ], [ 4534448.5, 3356671.6 ], [ 4534475.7, 3356638.8 ], [ 4534566.3, 3356419.4 ], [ 4534633.4, 3356395.4 ], [ 4534670.5, 3356395.3 ], [ 4534708.6, 3356428.7 ], [ 4534750.7, 3356499.4 ], [ 4534764.2, 3356504.7 ], [ 4534780.9, 3356498.1 ], [ 4534810.0, 3356442.6 ], [ 4534809.0, 3356424.1 ], [ 4534797.7, 3356414.0 ], [ 4534782.7, 3356413.5 ], [ 4534702.3, 3356342.4 ], [ 4534702.6, 3356309.4 ], [ 4534689.7, 3356291.6 ], [ 4534618.2, 3356275.3 ], [ 4534565.4, 3356239.3 ], [ 4534547.6, 3356243.1 ], [ 4534535.8, 3356258.4 ], [ 4534482.9, 3356173.3 ], [ 4534476.2, 3356145.6 ], [ 4534355.1, 3356050.3 ], [ 4534274.5, 3356035.4 ], [ 4534324.1, 3355962.5 ], [ 4534324.1, 3355944.1 ], [ 4534312.5, 3355932.3 ], [ 4534332.4, 3355911.9 ], [ 4534522.9, 3355871.1 ], [ 4535067.8, 3356109.8 ], [ 4535136.9, 3356155.9 ], [ 4535363.2, 3356352.1 ], [ 4535535.1, 3356418.3 ], [ 4535512.2, 3356455.5 ], [ 4535469.8, 3356468.9 ], [ 4535464.3, 3356481.8 ], [ 4535469.3, 3356499.8 ], [ 4535431.8, 3356524.9 ], [ 4535427.5, 3356544.6 ], [ 4535466.5, 3356604.3 ], [ 4535483.1, 3356608.9 ], [ 4535503.7, 3356600.1 ], [ 4535590.6, 3356708.8 ], [ 4535650.1, 3356808.6 ], [ 4535671.3, 3356809.8 ], [ 4535714.9, 3356779.1 ], [ 4535751.2, 3356718.8 ], [ 4535828.9, 3356749.3 ], [ 4535880.5, 3356804.6 ], [ 4535761.8, 3356915.6 ], [ 4535700.0, 3357014.2 ], [ 4535610.2, 3357262.1 ], [ 4535617.9, 3357314.3 ], [ 4535629.5, 3357331.1 ], [ 4535656.9, 3357344.5 ], [ 4535685.1, 3357340.7 ], [ 4535753.6, 3357316.6 ], [ 4535883.5, 3357251.0 ], [ 4535922.1, 3357163.0 ], [ 4535940.7, 3357252.5 ], [ 4535937.8, 3357285.6 ], [ 4535909.8, 3357269.2 ], [ 4535883.5, 3357271.7 ], [ 4535863.4, 3357301.1 ], [ 4535831.7, 3357300.7 ], [ 4535784.2, 3357324.2 ], [ 4535761.4, 3357361.8 ], [ 4535653.8, 3357387.8 ], [ 4535608.0, 3357341.6 ], [ 4535525.2, 3357319.9 ], [ 4535506.5, 3357325.4 ], [ 4535457.8, 3357424.8 ], [ 4535495.3, 3357565.2 ], [ 4535457.8, 3357619.4 ], [ 4535428.3, 3357627.6 ], [ 4535405.0, 3357674.2 ], [ 4535387.7, 3357680.9 ], [ 4535382.2, 3357702.1 ], [ 4535218.0, 3357892.0 ], [ 4535110.2, 3357781.9 ], [ 4535085.0, 3357781.6 ], [ 4535062.9, 3357800.0 ], [ 4535063.8, 3357821.4 ], [ 4535186.5, 3357921.4 ], [ 4535148.8, 3357965.6 ], [ 4535109.1, 3357974.9 ], [ 4535100.0, 3357994.0 ], [ 4535104.4, 3358010.3 ], [ 4535036.8, 3358086.5 ], [ 4534979.1, 3358054.5 ], [ 4534962.4, 3358061.0 ], [ 4534944.9, 3358085.4 ], [ 4534885.4, 3358070.8 ], [ 4534869.5, 3358075.5 ], [ 4534854.4, 3358062.9 ], [ 4534839.7, 3358061.8 ], [ 4534806.0, 3358091.5 ], [ 4534783.5, 3358142.8 ], [ 4534780.5, 3358159.6 ], [ 4534788.0, 3358172.7 ], [ 4534840.9, 3358216.1 ], [ 4534897.4, 3358240.0 ], [ 4534908.8, 3358332.5 ], [ 4535034.5, 3358480.0 ], [ 4535031.6, 3358488.1 ], [ 4534927.7, 3358457.3 ], [ 4534944.4, 3358439.4 ], [ 4534943.4, 3358417.9 ], [ 4534894.9, 3358377.9 ], [ 4534877.5, 3358373.5 ], [ 4534811.9, 3358439.9 ], [ 4534814.1, 3358467.6 ], [ 4534771.5, 3358498.8 ], [ 4534766.5, 3358521.8 ], [ 4534840.9, 3358617.7 ], [ 4534855.9, 3358625.9 ], [ 4535094.2, 3358534.4 ], [ 4535199.6, 3358636.8 ], [ 4535236.5, 3358824.1 ], [ 4535252.9, 3358840.9 ], [ 4535302.3, 3358866.4 ], [ 4535455.0, 3359098.9 ], [ 4535483.1, 3359192.1 ], [ 4535492.8, 3359203.5 ], [ 4535511.3, 3359205.0 ], [ 4535565.0, 3359182.4 ], [ 4535607.3, 3359097.9 ], [ 4535717.3, 3359134.3 ], [ 4535745.6, 3359202.4 ], [ 4535758.5, 3359214.7 ], [ 4535938.1, 3359277.8 ], [ 4535954.3, 3359274.6 ], [ 4535993.6, 3359239.3 ], [ 4536011.2, 3359258.5 ], [ 4536062.9, 3359421.0 ], [ 4536002.7, 3359512.5 ], [ 4535977.3, 3359528.0 ], [ 4535977.8, 3359545.4 ], [ 4535992.3, 3359567.4 ], [ 4535994.7, 3359603.7 ], [ 4535949.8, 3359649.8 ], [ 4535963.4, 3359674.0 ], [ 4535998.9, 3359672.0 ], [ 4535991.5, 3359798.7 ], [ 4535965.7, 3359987.5 ], [ 4535971.1, 3360001.3 ], [ 4535987.0, 3360009.8 ], [ 4535952.9, 3360062.1 ], [ 4535934.7, 3360111.9 ], [ 4535919.0, 3360183.7 ], [ 4535919.7, 3360258.8 ], [ 4535925.8, 3360271.2 ], [ 4536106.1, 3360306.6 ], [ 4536113.4, 3360322.1 ], [ 4536091.2, 3360346.7 ], [ 4536091.7, 3360376.0 ], [ 4536145.9, 3360401.7 ], [ 4536175.0, 3360398.9 ], [ 4536191.6, 3360381.2 ], [ 4536180.9, 3360351.7 ], [ 4536192.4, 3360227.3 ], [ 4536198.6, 3360215.8 ], [ 4536220.6, 3360214.5 ], [ 4536285.3, 3360175.6 ], [ 4536293.1, 3360195.1 ], [ 4536276.7, 3360207.1 ], [ 4536272.0, 3360225.3 ], [ 4536300.5, 3360292.7 ], [ 4536308.0, 3360331.2 ], [ 4536303.2, 3360345.7 ], [ 4536238.4, 3360362.3 ], [ 4536230.9, 3360375.2 ], [ 4536233.4, 3360389.9 ], [ 4536257.3, 3360405.4 ], [ 4536297.4, 3360452.8 ], [ 4536385.0, 3360533.4 ], [ 4536401.8, 3360582.0 ], [ 4536412.7, 3360591.8 ], [ 4536434.1, 3360589.2 ], [ 4536454.0, 3360560.4 ], [ 4536438.6, 3360507.5 ], [ 4536453.2, 3360502.0 ], [ 4536482.0, 3360524.7 ], [ 4536511.0, 3360522.3 ], [ 4536574.1, 3360614.7 ], [ 4536692.4, 3360692.0 ], [ 4536682.6, 3360731.4 ], [ 4536652.7, 3360754.2 ], [ 4536659.8, 3360780.1 ], [ 4536682.4, 3360783.7 ], [ 4536723.9, 3360760.3 ], [ 4536744.5, 3360693.1 ], [ 4536772.6, 3360668.9 ], [ 4536821.9, 3360671.8 ], [ 4536879.7, 3360647.1 ], [ 4536935.1, 3360673.0 ], [ 4536980.1, 3360637.0 ], [ 4537066.5, 3360649.6 ], [ 4537090.4, 3360630.5 ], [ 4537128.9, 3360643.0 ], [ 4537111.7, 3360683.9 ], [ 4537121.2, 3360746.8 ], [ 4537062.9, 3360731.8 ], [ 4537036.0, 3360753.8 ], [ 4537032.1, 3360769.7 ], [ 4537050.4, 3360816.1 ], [ 4537118.0, 3360829.2 ], [ 4537117.4, 3360886.5 ], [ 4537123.9, 3360899.1 ], [ 4537143.5, 3360908.2 ], [ 4537169.4, 3360907.1 ], [ 4537193.1, 3360885.3 ], [ 4537225.2, 3360873.1 ], [ 4537262.3, 3360877.7 ], [ 4537303.6, 3360866.6 ], [ 4537317.2, 3360870.0 ], [ 4537286.7, 3360933.7 ], [ 4537271.7, 3361000.0 ], [ 4537233.1, 3360978.5 ], [ 4537197.4, 3360922.1 ], [ 4537184.7, 3360915.0 ], [ 4537112.5, 3360943.3 ], [ 4537029.1, 3360939.0 ], [ 4536947.5, 3360867.6 ], [ 4536905.9, 3360887.8 ], [ 4536882.2, 3360913.4 ], [ 4536870.7, 3360913.8 ], [ 4536865.4, 3360907.2 ], [ 4536869.9, 3360868.3 ], [ 4536886.2, 3360858.1 ], [ 4536892.1, 3360842.9 ], [ 4536884.6, 3360807.6 ], [ 4536868.8, 3360791.7 ], [ 4536792.8, 3360804.0 ], [ 4536767.2, 3360788.4 ], [ 4536635.0, 3360814.9 ], [ 4536558.6, 3360801.1 ], [ 4536520.7, 3360770.0 ], [ 4536544.8, 3360723.0 ], [ 4536536.8, 3360699.8 ], [ 4536488.0, 3360683.5 ], [ 4536479.3, 3360661.0 ], [ 4536464.1, 3360652.5 ], [ 4536432.6, 3360669.1 ], [ 4536377.1, 3360670.2 ], [ 4536367.7, 3360689.1 ], [ 4536390.7, 3360803.7 ], [ 4536363.7, 3360864.2 ], [ 4536323.1, 3360873.2 ], [ 4536305.8, 3360898.0 ], [ 4536319.5, 3360918.0 ], [ 4536369.6, 3360921.3 ], [ 4536378.6, 3360946.9 ], [ 4536378.1, 3360977.9 ], [ 4536366.9, 3361022.6 ], [ 4536357.3, 3361046.3 ], [ 4536314.1, 3361085.1 ], [ 4536189.6, 3361235.2 ], [ 4536160.5, 3361409.5 ], [ 4536168.9, 3361467.4 ], [ 4536164.7, 3361487.5 ], [ 4536152.5, 3361501.7 ], [ 4536117.2, 3361503.3 ], [ 4536104.5, 3361511.2 ], [ 4536086.9, 3361583.0 ], [ 4536061.4, 3361609.8 ], [ 4535987.0, 3361605.5 ], [ 4535969.2, 3361593.1 ], [ 4535939.3, 3361550.3 ], [ 4535905.8, 3361530.4 ], [ 4535885.9, 3361532.3 ], [ 4535611.8, 3361870.0 ], [ 4535597.5, 3361860.3 ], [ 4535275.9, 3361798.8 ], [ 4535245.0, 3361758.6 ], [ 4535220.6, 3361746.4 ], [ 4535202.0, 3361724.0 ], [ 4535180.0, 3361667.1 ], [ 4535020.7, 3361648.1 ], [ 4534946.3, 3361556.3 ], [ 4534916.0, 3361483.4 ], [ 4534897.6, 3361465.1 ], [ 4534846.0, 3361474.6 ], [ 4534800.8, 3361500.0 ], [ 4534802.9, 3361523.8 ], [ 4534833.3, 3361545.3 ], [ 4534847.5, 3361569.6 ], [ 4534832.6, 3361600.4 ], [ 4534812.2, 3361608.8 ], [ 4534792.1, 3361605.3 ], [ 4534745.5, 3361566.5 ], [ 4534728.3, 3361563.0 ], [ 4534676.3, 3361576.4 ], [ 4534636.7, 3361632.4 ], [ 4534621.2, 3361642.0 ], [ 4534604.2, 3361646.2 ], [ 4534582.0, 3361639.0 ], [ 4534515.3, 3361591.5 ], [ 4534446.6, 3361560.1 ], [ 4534338.9, 3361392.8 ], [ 4534323.2, 3361356.8 ], [ 4534322.0, 3361326.1 ], [ 4534285.9, 3361236.7 ], [ 4534281.2, 3361075.2 ], [ 4534287.5, 3361055.3 ], [ 4534277.5, 3360980.4 ], [ 4534291.2, 3360936.1 ], [ 4534319.0, 3360931.4 ], [ 4534344.4, 3360941.6 ], [ 4534360.1, 3360934.9 ], [ 4534374.8, 3360894.2 ], [ 4534406.9, 3360849.9 ], [ 4534422.9, 3360847.8 ], [ 4534439.6, 3360856.2 ], [ 4534449.8, 3360876.2 ], [ 4534466.4, 3360883.2 ], [ 4534544.9, 3360854.2 ], [ 4534565.6, 3360910.2 ], [ 4534608.4, 3360918.8 ], [ 4534647.3, 3360860.1 ], [ 4534643.6, 3360793.6 ], [ 4534627.2, 3360785.4 ], [ 4534413.1, 3360783.9 ], [ 4534397.2, 3360768.2 ], [ 4534407.0, 3360670.8 ], [ 4534388.3, 3360611.7 ], [ 4534370.9, 3360496.5 ], [ 4534353.0, 3360481.4 ], [ 4534279.8, 3360495.0 ], [ 4534251.0, 3360534.7 ], [ 4534224.0, 3360506.7 ], [ 4534203.7, 3360503.4 ], [ 4534157.6, 3360536.9 ], [ 4534124.8, 3360536.6 ], [ 4534099.1, 3360579.9 ], [ 4534089.2, 3360582.9 ], [ 4534005.6, 3360571.5 ], [ 4534017.8, 3360529.9 ], [ 4534014.3, 3360512.7 ], [ 4533989.1, 3360502.1 ], [ 4533928.1, 3360441.2 ], [ 4533910.4, 3360437.6 ], [ 4533821.3, 3360478.9 ], [ 4533818.1, 3360591.8 ], [ 4533797.4, 3360625.8 ], [ 4533770.0, 3360644.4 ], [ 4533709.0, 3360644.5 ], [ 4533701.4, 3360578.3 ], [ 4533681.9, 3360554.7 ], [ 4533650.3, 3360477.2 ], [ 4533684.7, 3360456.7 ], [ 4533689.2, 3360435.9 ], [ 4533620.8, 3360364.6 ], [ 4533673.1, 3360332.5 ], [ 4533822.5, 3360326.1 ], [ 4533843.4, 3360414.8 ], [ 4533919.7, 3360432.8 ], [ 4533941.8, 3360430.2 ], [ 4533951.5, 3360418.7 ], [ 4533951.5, 3360403.6 ], [ 4534026.7, 3360351.5 ], [ 4534020.4, 3360324.9 ], [ 4534025.4, 3360289.8 ], [ 4534011.0, 3360253.0 ], [ 4534026.6, 3360185.8 ], [ 4534058.4, 3360162.8 ], [ 4534078.2, 3360180.3 ], [ 4534098.6, 3360172.6 ], [ 4534103.6, 3360158.6 ], [ 4534095.5, 3360108.9 ], [ 4534112.8, 3360064.7 ], [ 4534153.1, 3360059.4 ], [ 4534185.5, 3359990.0 ], [ 4534210.6, 3359984.2 ], [ 4534240.3, 3359933.2 ], [ 4534241.1, 3359889.4 ], [ 4534177.9, 3359814.3 ], [ 4534163.3, 3359777.4 ], [ 4534147.0, 3359711.6 ], [ 4534137.6, 3359598.9 ], [ 4534141.7, 3359547.0 ], [ 4534161.3, 3359466.0 ], [ 4534201.2, 3359364.6 ], [ 4534227.8, 3359226.9 ], [ 4534266.0, 3359162.3 ], [ 4534267.0, 3359141.3 ], [ 4534251.0, 3359087.3 ], [ 4534256.6, 3359041.1 ], [ 4534330.3, 3358927.2 ], [ 4534344.9, 3358876.0 ], [ 4534340.0, 3358855.1 ], [ 4534291.4, 3358787.9 ], [ 4534273.5, 3358704.7 ], [ 4534220.6, 3358674.8 ], [ 4534219.1, 3358653.5 ], [ 4534199.5, 3358639.1 ], [ 4534168.6, 3358636.7 ], [ 4534116.6, 3358611.0 ], [ 4534089.1, 3358626.8 ], [ 4533882.7, 3358513.6 ], [ 4533882.4, 3358489.2 ], [ 4533859.8, 3358467.1 ], [ 4533839.7, 3358465.0 ], [ 4533821.3, 3358482.1 ], [ 4533565.9, 3358329.7 ], [ 4533507.2, 3358238.2 ], [ 4533493.0, 3358228.6 ], [ 4532859.3, 3358302.0 ], [ 4532803.5, 3358317.4 ], [ 4531501.8, 3358864.5 ], [ 4531082.6, 3358942.2 ], [ 4531041.3, 3358977.7 ], [ 4531017.4, 3359017.1 ], [ 4530952.2, 3359326.0 ], [ 4530967.5, 3359344.4 ], [ 4530990.6, 3359337.9 ], [ 4531029.6, 3359245.6 ], [ 4531069.1, 3359116.6 ], [ 4531062.9, 3359061.8 ], [ 4531071.8, 3359032.2 ], [ 4531089.2, 3359012.7 ], [ 4531118.2, 3359003.0 ], [ 4531147.6, 3359003.5 ], [ 4531207.4, 3359036.6 ], [ 4531225.7, 3359064.2 ], [ 4531247.8, 3359160.2 ], [ 4531267.2, 3359179.6 ], [ 4531313.1, 3359290.5 ], [ 4531373.5, 3359318.4 ], [ 4531481.1, 3359389.8 ], [ 4531504.7, 3359397.0 ], [ 4531611.2, 3359363.3 ], [ 4531648.1, 3359370.9 ], [ 4531712.9, 3359406.1 ], [ 4531822.1, 3359497.2 ], [ 4531841.9, 3359500.5 ], [ 4532002.1, 3359368.7 ], [ 4532008.2, 3359340.8 ], [ 4531999.8, 3359306.3 ], [ 4531946.1, 3359255.8 ], [ 4531929.2, 3359231.4 ], [ 4531925.8, 3359209.9 ], [ 4531935.0, 3359170.1 ], [ 4531967.1, 3359119.0 ], [ 4532001.1, 3359090.2 ], [ 4532119.6, 3359046.8 ], [ 4532171.0, 3359045.7 ], [ 4532190.6, 3359053.2 ], [ 4532205.4, 3359069.6 ], [ 4532205.6, 3359107.7 ], [ 4532219.9, 3359164.1 ], [ 4532239.7, 3359188.7 ], [ 4532283.5, 3359216.2 ], [ 4532333.2, 3359271.5 ], [ 4532389.4, 3359347.0 ], [ 4532430.9, 3359426.9 ], [ 4532446.5, 3359527.7 ], [ 4532455.9, 3359826.7 ], [ 4532502.1, 3359918.1 ], [ 4532532.9, 3359961.0 ], [ 4532553.6, 3359970.1 ], [ 4532602.5, 3359972.2 ], [ 4532618.9, 3359979.0 ], [ 4532638.1, 3360001.1 ], [ 4532633.3, 3360080.2 ], [ 4532608.6, 3360158.4 ], [ 4532610.7, 3360182.5 ], [ 4532595.9, 3360210.4 ], [ 4532601.6, 3360268.7 ], [ 4532614.4, 3360287.5 ], [ 4532676.8, 3360319.6 ], [ 4532692.5, 3360342.2 ], [ 4532697.4, 3360362.4 ], [ 4532674.0, 3360539.7 ], [ 4532684.0, 3360556.7 ], [ 4532720.2, 3360582.3 ], [ 4532759.9, 3360704.8 ], [ 4532719.3, 3360785.8 ], [ 4532678.1, 3360919.6 ], [ 4532649.1, 3360974.9 ], [ 4532636.1, 3361111.6 ], [ 4532619.3, 3361188.5 ], [ 4532623.7, 3361206.6 ], [ 4532678.9, 3361279.4 ], [ 4532719.8, 3361354.8 ], [ 4532748.0, 3361453.5 ], [ 4532768.8, 3361470.1 ], [ 4532802.3, 3361448.0 ], [ 4532857.8, 3361452.9 ], [ 4532912.9, 3361483.4 ], [ 4532968.5, 3361499.0 ], [ 4533042.1, 3361559.1 ], [ 4533099.5, 3361551.6 ], [ 4533318.5, 3361634.1 ], [ 4533356.6, 3361663.7 ], [ 4533403.0, 3361728.3 ], [ 4533409.5, 3361762.5 ], [ 4533405.7, 3361801.8 ], [ 4533390.3, 3361835.8 ], [ 4533397.9, 3361860.4 ], [ 4533417.3, 3361868.2 ], [ 4533437.9, 3361865.1 ], [ 4533472.4, 3361841.4 ], [ 4533511.4, 3361829.7 ], [ 4533552.8, 3361833.7 ], [ 4533595.6, 3361854.7 ], [ 4533653.4, 3361907.4 ], [ 4533731.7, 3362072.6 ], [ 4533761.6, 3362204.5 ], [ 4533755.2, 3362222.8 ], [ 4533734.2, 3362229.9 ], [ 4533700.3, 3362224.6 ], [ 4533624.3, 3362262.0 ], [ 4533558.1, 3362357.5 ], [ 4533534.4, 3362427.8 ], [ 4533541.4, 3362465.4 ], [ 4533597.5, 3362552.9 ], [ 4533625.5, 3362676.7 ], [ 4533602.4, 3362895.9 ], [ 4533582.4, 3362924.9 ], [ 4533576.2, 3362970.9 ], [ 4533549.8, 3362960.2 ], [ 4533528.2, 3362908.8 ], [ 4533525.7, 3362767.0 ], [ 4533507.7, 3362732.7 ], [ 4533494.4, 3362722.5 ], [ 4533445.7, 3362723.9 ], [ 4533431.0, 3362714.2 ], [ 4533432.7, 3362675.3 ], [ 4533380.7, 3362643.3 ], [ 4533365.3, 3362620.5 ], [ 4533353.0, 3362572.3 ], [ 4533354.7, 3362501.3 ], [ 4533272.0, 3362296.5 ], [ 4533266.1, 3362216.7 ], [ 4533227.0, 3362153.1 ], [ 4533203.6, 3362135.0 ], [ 4533147.1, 3362125.4 ], [ 4533027.8, 3362071.0 ], [ 4532965.1, 3362027.9 ], [ 4532945.9, 3362005.1 ], [ 4532932.0, 3361951.3 ], [ 4532946.5, 3361880.4 ], [ 4532994.9, 3361780.7 ], [ 4533053.0, 3361696.3 ], [ 4533061.4, 3361664.6 ], [ 4533057.3, 3361647.3 ], [ 4533038.4, 3361637.6 ], [ 4532997.8, 3361648.0 ], [ 4532933.3, 3361622.4 ], [ 4532833.3, 3361660.2 ], [ 4532705.9, 3361647.5 ], [ 4532639.8, 3361651.1 ], [ 4532611.5, 3361661.5 ], [ 4532547.7, 3361716.9 ], [ 4532534.8, 3361711.3 ], [ 4532522.6, 3361703.2 ], [ 4532516.2, 3361664.8 ], [ 4532498.2, 3361623.5 ], [ 4532428.2, 3361563.0 ], [ 4532429.1, 3361498.8 ], [ 4532413.5, 3361455.1 ], [ 4532277.7, 3361284.0 ], [ 4532271.2, 3361255.8 ], [ 4532275.8, 3361238.9 ], [ 4532315.9, 3361165.6 ], [ 4532319.0, 3361139.4 ], [ 4532310.7, 3361116.0 ], [ 4532273.6, 3361081.1 ], [ 4532263.8, 3361052.1 ], [ 4532275.5, 3361003.3 ], [ 4532318.8, 3360926.7 ], [ 4532381.9, 3360862.8 ], [ 4532400.3, 3360807.6 ], [ 4532435.5, 3360770.1 ], [ 4532469.0, 3360703.0 ], [ 4532521.5, 3360684.5 ], [ 4532538.0, 3360670.8 ], [ 4532544.2, 3360651.1 ], [ 4532538.7, 3360522.0 ], [ 4532557.6, 3360456.8 ], [ 4532543.9, 3360432.3 ], [ 4532474.9, 3360403.8 ], [ 4532404.5, 3360362.6 ], [ 4532389.1, 3360345.6 ], [ 4532378.8, 3360277.4 ], [ 4532321.3, 3360253.2 ], [ 4532285.6, 3360201.2 ], [ 4532281.7, 3360172.8 ], [ 4532322.9, 3360091.1 ], [ 4532328.8, 3360063.5 ], [ 4532325.6, 3360043.4 ], [ 4532281.7, 3359970.6 ], [ 4532286.2, 3359942.0 ], [ 4532300.1, 3359918.7 ], [ 4532291.2, 3359878.2 ], [ 4532239.9, 3359851.1 ], [ 4532174.0, 3359844.5 ], [ 4532120.1, 3359852.0 ], [ 4532059.2, 3359895.3 ], [ 4532014.6, 3359979.1 ], [ 4531959.0, 3360034.4 ], [ 4531900.4, 3360162.3 ], [ 4531900.6, 3360179.2 ], [ 4531935.3, 3360260.9 ], [ 4531938.1, 3360281.8 ], [ 4531929.9, 3360308.3 ], [ 4531898.5, 3360348.3 ], [ 4531796.4, 3360439.1 ], [ 4531783.8, 3360460.6 ], [ 4531785.9, 3360507.7 ], [ 4531822.4, 3360553.1 ], [ 4531869.2, 3360642.7 ], [ 4531874.8, 3360666.3 ], [ 4531872.0, 3360787.0 ], [ 4531887.4, 3360871.5 ], [ 4531892.0, 3360975.7 ], [ 4531902.0, 3361010.5 ], [ 4531950.7, 3361084.4 ], [ 4531962.1, 3361187.3 ], [ 4531953.7, 3361234.7 ], [ 4531932.0, 3361287.3 ], [ 4531901.3, 3361320.5 ], [ 4531876.8, 3361333.1 ], [ 4531827.9, 3361342.3 ], [ 4531770.6, 3361342.6 ], [ 4531726.4, 3361306.8 ], [ 4531672.2, 3361176.9 ], [ 4531638.7, 3361131.4 ], [ 4531601.9, 3361024.0 ], [ 4531596.0, 3360933.7 ], [ 4531606.9, 3360910.3 ], [ 4531672.4, 3360840.5 ], [ 4531673.5, 3360811.9 ], [ 4531656.1, 3360790.3 ], [ 4531501.9, 3360721.7 ], [ 4531462.8, 3360686.5 ], [ 4531444.7, 3360658.9 ], [ 4531435.9, 3360631.8 ], [ 4531447.2, 3360553.8 ], [ 4531431.8, 3360391.8 ], [ 4531456.9, 3360359.4 ], [ 4531454.6, 3360339.2 ], [ 4531432.6, 3360311.9 ], [ 4531410.9, 3360313.3 ], [ 4531401.1, 3360328.9 ], [ 4531403.5, 3360375.9 ], [ 4531370.7, 3360385.5 ], [ 4531297.8, 3360213.3 ], [ 4531279.0, 3360189.6 ], [ 4531186.3, 3360136.2 ], [ 4531048.6, 3360098.5 ], [ 4531001.0, 3360096.3 ], [ 4530872.3, 3360170.7 ], [ 4530743.7, 3360182.5 ], [ 4530634.7, 3360219.9 ], [ 4530612.9, 3360271.6 ], [ 4530388.4, 3360595.4 ], [ 4530147.9, 3360793.3 ], [ 4530021.9, 3361043.3 ], [ 4530006.2, 3361142.1 ], [ 4529984.9, 3361209.4 ], [ 4529447.6, 3362034.6 ], [ 4529454.0, 3362054.7 ], [ 4529470.7, 3362060.7 ], [ 4529547.4, 3362037.4 ], [ 4529636.8, 3362035.2 ], [ 4529734.2, 3362006.4 ], [ 4529800.4, 3362001.9 ], [ 4529851.5, 3361980.2 ], [ 4529960.7, 3361968.9 ], [ 4529992.4, 3361985.1 ], [ 4530006.1, 3362037.7 ], [ 4530005.8, 3362075.0 ], [ 4529988.6, 3362098.0 ], [ 4529931.2, 3362107.5 ], [ 4529849.1, 3362146.4 ], [ 4529756.6, 3362154.1 ], [ 4529691.6, 3362146.2 ], [ 4529651.9, 3362150.8 ], [ 4529606.8, 3362185.1 ], [ 4529575.0, 3362232.8 ], [ 4529570.6, 3362324.8 ], [ 4529629.3, 3362490.3 ], [ 4529639.6, 3362577.5 ], [ 4529632.9, 3362606.5 ], [ 4529594.2, 3362636.1 ], [ 4529589.0, 3362653.0 ], [ 4529613.4, 3362684.5 ], [ 4529647.1, 3362774.1 ], [ 4529699.6, 3362844.1 ], [ 4529720.8, 3362898.4 ], [ 4529718.8, 3362919.5 ], [ 4529686.4, 3362979.3 ], [ 4529680.2, 3363075.8 ], [ 4529656.5, 3363117.6 ], [ 4529658.5, 3363135.9 ], [ 4529721.6, 3363185.8 ], [ 4529937.4, 3363227.7 ], [ 4529990.2, 3363257.1 ], [ 4530036.0, 3363313.3 ], [ 4530087.5, 3363424.2 ], [ 4530090.9, 3363456.4 ], [ 4530082.6, 3363510.7 ], [ 4530064.1, 3363529.6 ], [ 4529993.1, 3363466.8 ], [ 4529983.8, 3363448.2 ], [ 4529974.9, 3363371.3 ], [ 4529896.9, 3363320.4 ], [ 4529711.2, 3363274.2 ], [ 4529642.7, 3363289.9 ], [ 4529585.5, 3363267.9 ], [ 4529568.7, 3363246.9 ], [ 4529554.0, 3363205.8 ], [ 4529533.6, 3363094.9 ], [ 4529541.1, 3363035.6 ], [ 4529578.2, 3362981.5 ], [ 4529571.2, 3362889.5 ], [ 4529563.1, 3362871.5 ], [ 4529509.3, 3362822.8 ], [ 4529488.9, 3362821.5 ], [ 4529453.9, 3362844.2 ], [ 4529081.2, 3362805.3 ], [ 4529131.9, 3362358.9 ], [ 4529392.0, 3362390.5 ], [ 4529396.5, 3362412.2 ], [ 4529411.3, 3362421.8 ], [ 4529435.0, 3362409.0 ], [ 4529421.7, 3362331.6 ], [ 4529396.3, 3362289.8 ], [ 4529405.1, 3362139.3 ], [ 4529394.6, 3362124.1 ], [ 4529376.2, 3362122.3 ], [ 4529339.9, 3362156.2 ], [ 4529237.3, 3362205.9 ], [ 4529216.5, 3362233.8 ], [ 4529192.8, 3362226.7 ], [ 4529094.5, 3362272.3 ], [ 4529083.3, 3362301.5 ], [ 4529098.9, 3362332.7 ], [ 4529015.0, 3362370.9 ], [ 4528999.2, 3362336.1 ], [ 4528987.1, 3362327.2 ], [ 4528940.1, 3362343.6 ], [ 4528934.0, 3362366.6 ], [ 4528994.9, 3362484.2 ], [ 4528945.6, 3362534.6 ], [ 4528925.9, 3362513.3 ], [ 4528954.0, 3362487.5 ], [ 4528958.7, 3362471.1 ], [ 4528949.4, 3362454.4 ], [ 4528932.8, 3362450.1 ], [ 4528850.3, 3362490.8 ], [ 4528820.5, 3362526.5 ], [ 4528819.9, 3362544.9 ], [ 4528770.6, 3362560.7 ], [ 4528749.6, 3362546.9 ], [ 4528721.8, 3362559.2 ], [ 4528716.7, 3362573.0 ], [ 4528722.1, 3362592.7 ], [ 4528701.7, 3362615.0 ], [ 4528708.6, 3362639.9 ], [ 4528703.9, 3362661.1 ], [ 4528776.0, 3362738.8 ], [ 4528860.7, 3362882.3 ], [ 4528867.4, 3362903.5 ], [ 4528854.1, 3362944.8 ], [ 4528771.6, 3363059.6 ], [ 4528708.5, 3363175.4 ], [ 4528656.6, 3363293.6 ], [ 4528525.6, 3363506.1 ], [ 4528440.0, 3363568.2 ], [ 4528429.5, 3363597.9 ], [ 4528436.1, 3363757.0 ], [ 4528427.2, 3363779.2 ], [ 4528406.4, 3363768.4 ], [ 4528384.9, 3363769.7 ], [ 4528363.2, 3363792.6 ], [ 4528365.5, 3363827.3 ], [ 4528385.9, 3363850.2 ], [ 4528324.2, 3363941.1 ], [ 4528267.2, 3363971.7 ], [ 4527952.3, 3364099.1 ], [ 4527863.7, 3364109.1 ], [ 4527856.2, 3364131.8 ], [ 4527892.3, 3364196.4 ], [ 4527843.0, 3364281.6 ], [ 4527847.1, 3364304.7 ], [ 4528344.5, 3364575.3 ], [ 4528362.3, 3364559.2 ], [ 4528357.3, 3364538.8 ], [ 4528232.7, 3364440.5 ], [ 4528211.7, 3364408.2 ], [ 4528181.4, 3364408.1 ], [ 4528149.6, 3364253.7 ], [ 4528191.7, 3364243.3 ], [ 4528202.4, 3364222.4 ], [ 4528258.6, 3364212.4 ], [ 4528388.0, 3364170.5 ], [ 4528396.1, 3364196.6 ], [ 4528368.9, 3364231.6 ], [ 4528369.7, 3364255.8 ], [ 4528332.0, 3364285.1 ], [ 4528326.2, 3364297.7 ], [ 4528329.0, 3364311.2 ], [ 4528346.3, 3364328.0 ], [ 4528366.0, 3364332.9 ], [ 4528498.3, 3364174.7 ], [ 4528587.5, 3364238.9 ], [ 4528613.9, 3364234.9 ], [ 4528665.4, 3364249.8 ], [ 4528737.0, 3364220.1 ], [ 4528748.6, 3364208.2 ], [ 4528718.4, 3364084.3 ], [ 4528794.0, 3364059.4 ], [ 4528812.8, 3364119.3 ], [ 4528830.3, 3364131.3 ], [ 4528900.1, 3364104.8 ], [ 4528931.1, 3364247.3 ], [ 4528968.8, 3364363.3 ], [ 4528890.5, 3364354.7 ], [ 4528876.5, 3364375.3 ], [ 4528886.5, 3364432.7 ], [ 4528392.1, 3364564.2 ], [ 4528377.7, 3364579.6 ], [ 4528382.7, 3364600.0 ], [ 4530315.9, 3365652.4 ], [ 4530471.2, 3365725.6 ], [ 4530620.2, 3365756.4 ], [ 4530631.6, 3365743.6 ], [ 4530637.0, 3365714.7 ], [ 4531006.5, 3365443.9 ], [ 4531657.2, 3365813.6 ], [ 4531624.1, 3365913.4 ], [ 4531627.2, 3365933.3 ], [ 4531696.9, 3365959.7 ], [ 4531708.3, 3365981.1 ], [ 4531763.5, 3366004.7 ], [ 4531823.7, 3366044.5 ], [ 4531845.2, 3366042.5 ], [ 4531935.9, 3365975.4 ], [ 4532010.3, 3366070.3 ], [ 4532030.1, 3366067.0 ], [ 4532109.9, 3366007.6 ], [ 4532199.4, 3366077.3 ], [ 4532267.9, 3366096.8 ], [ 4532299.4, 3366137.5 ], [ 4532313.9, 3366137.4 ], [ 4532353.7, 3366115.8 ], [ 4532405.9, 3366156.2 ], [ 4532280.4, 3366346.7 ], [ 4532277.5, 3366364.7 ], [ 4532449.9, 3366494.1 ], [ 4532501.1, 3366519.6 ], [ 4532587.0, 3366540.2 ], [ 4532980.3, 3366572.3 ], [ 4533036.1, 3366582.9 ], [ 4533100.7, 3366609.1 ], [ 4533371.3, 3366760.7 ], [ 4533431.9, 3366786.8 ], [ 4533499.7, 3366794.1 ], [ 4533598.3, 3366785.5 ], [ 4534555.3, 3366572.4 ], [ 4534572.2, 3366555.0 ], [ 4534563.0, 3366532.6 ], [ 4534577.2, 3366415.8 ], [ 4534509.9, 3366236.2 ], [ 4534359.2, 3366098.4 ], [ 4534372.5, 3366015.7 ], [ 4534367.7, 3365998.1 ], [ 4534278.0, 3365943.6 ], [ 4534217.2, 3365944.8 ], [ 4534162.9, 3365976.8 ], [ 4534140.7, 3366052.5 ], [ 4534183.6, 3366112.8 ], [ 4534228.1, 3366153.4 ], [ 4534290.4, 3366156.5 ], [ 4534283.6, 3366207.3 ], [ 4534198.5, 3366236.6 ], [ 4533989.9, 3366231.1 ], [ 4533848.2, 3366027.0 ], [ 4533759.0, 3365810.5 ], [ 4533749.6, 3365799.7 ], [ 4533731.9, 3365798.0 ], [ 4533718.7, 3365809.8 ], [ 4533703.4, 3365866.8 ], [ 4533709.2, 3365929.6 ], [ 4533674.1, 3365951.3 ], [ 4533652.8, 3366018.7 ], [ 4533663.9, 3366044.8 ], [ 4533714.9, 3366066.7 ], [ 4533740.9, 3366104.9 ], [ 4533737.8, 3366143.2 ], [ 4533710.2, 3366218.9 ], [ 4533683.6, 3366251.0 ], [ 4533681.3, 3366304.0 ], [ 4533672.2, 3366321.0 ], [ 4533656.6, 3366315.0 ], [ 4533628.2, 3366256.7 ], [ 4533577.5, 3366209.8 ], [ 4533534.7, 3366201.2 ], [ 4533519.4, 3366207.4 ], [ 4533479.1, 3366193.1 ], [ 4533468.2, 3366176.2 ], [ 4533470.7, 3366152.8 ], [ 4533494.2, 3366129.8 ], [ 4533552.5, 3366110.8 ], [ 4533591.9, 3366054.5 ], [ 4533504.1, 3365799.6 ], [ 4533555.1, 3365789.7 ], [ 4533627.3, 3365731.9 ], [ 4533696.2, 3365633.8 ], [ 4533716.8, 3365630.6 ], [ 4533766.1, 3365664.6 ], [ 4533782.0, 3365658.6 ], [ 4533800.0, 3365635.7 ], [ 4533820.5, 3365598.1 ], [ 4533798.0, 3365514.0 ], [ 4533830.7, 3365461.2 ], [ 4533864.6, 3365352.6 ], [ 4533904.2, 3365336.3 ], [ 4533986.2, 3365272.7 ], [ 4534003.2, 3365245.2 ], [ 4534013.0, 3365150.0 ], [ 4534076.0, 3365062.6 ], [ 4534080.1, 3364977.4 ], [ 4534141.8, 3364955.1 ], [ 4534166.7, 3364918.9 ], [ 4534176.4, 3364804.1 ], [ 4534152.4, 3364742.6 ], [ 4534197.1, 3364675.5 ], [ 4534217.8, 3364576.0 ], [ 4534204.4, 3364556.0 ], [ 4534188.9, 3364498.0 ], [ 4534168.3, 3364472.0 ], [ 4534151.9, 3364464.2 ], [ 4534133.1, 3364470.9 ], [ 4534067.8, 3364443.5 ], [ 4534047.9, 3364401.0 ], [ 4534086.2, 3364320.6 ], [ 4534107.5, 3364292.3 ], [ 4534130.4, 3364277.1 ], [ 4534158.1, 3364264.7 ], [ 4534193.3, 3364267.8 ], [ 4534271.1, 3364219.4 ], [ 4534319.9, 3364200.6 ], [ 4534348.5, 3364224.8 ], [ 4534317.9, 3364330.6 ], [ 4534295.2, 3364379.4 ], [ 4534307.8, 3364396.2 ], [ 4534392.3, 3364430.0 ], [ 4534380.2, 3364473.4 ], [ 4534356.3, 3364460.6 ], [ 4534339.5, 3364463.9 ], [ 4534323.8, 3364513.5 ], [ 4534294.2, 3364526.7 ], [ 4534297.9, 3364579.6 ], [ 4534309.9, 3364601.6 ], [ 4534435.0, 3364723.2 ], [ 4534471.0, 3364780.4 ], [ 4534482.6, 3364838.1 ], [ 4534465.7, 3364945.6 ], [ 4534524.4, 3365050.7 ], [ 4534614.0, 3365266.8 ], [ 4534600.6, 3365311.3 ], [ 4534547.1, 3365348.9 ], [ 4534478.2, 3365338.1 ], [ 4534422.4, 3365384.6 ], [ 4534417.0, 3365401.2 ], [ 4534464.3, 3365514.5 ], [ 4534491.8, 3365551.7 ], [ 4534529.0, 3365571.1 ], [ 4534568.6, 3365573.6 ], [ 4534611.7, 3365545.6 ], [ 4534642.6, 3365655.2 ], [ 4534552.2, 3365643.0 ], [ 4534538.7, 3365657.3 ], [ 4534529.1, 3365707.3 ], [ 4534538.0, 3365726.5 ], [ 4534553.0, 3365734.6 ], [ 4534576.3, 3365732.6 ], [ 4534610.1, 3365716.3 ], [ 4534638.2, 3365716.9 ], [ 4534671.9, 3365887.1 ], [ 4534695.7, 3365922.8 ], [ 4534700.7, 3365981.2 ], [ 4534676.3, 3366121.5 ], [ 4534701.7, 3366201.9 ], [ 4534751.1, 3366250.4 ], [ 4534723.3, 3366469.1 ], [ 4534729.6, 3366486.1 ], [ 4534742.7, 3366492.5 ], [ 4535388.7, 3366093.4 ], [ 4535399.0, 3366074.6 ], [ 4535388.5, 3366055.4 ], [ 4535416.1, 3366009.6 ], [ 4535455.8, 3365995.7 ], [ 4535468.6, 3366000.9 ], [ 4535477.4, 3366020.2 ], [ 4535497.9, 3366023.7 ], [ 4535582.8, 3365960.4 ], [ 4535636.1, 3365908.2 ], [ 4535688.4, 3365837.0 ], [ 4535688.4, 3365819.6 ], [ 4535661.2, 3365796.3 ], [ 4535663.2, 3365784.9 ], [ 4535694.3, 3365776.7 ], [ 4535716.4, 3365781.5 ], [ 4535728.0, 3365774.6 ], [ 4535858.8, 3365574.1 ], [ 4535889.7, 3365540.2 ], [ 4536007.4, 3365454.9 ], [ 4536108.8, 3365415.1 ], [ 4536124.4, 3365213.6 ], [ 4536142.1, 3365209.3 ], [ 4536150.9, 3365197.3 ], [ 4536169.5, 3365032.7 ], [ 4536164.3, 3364834.4 ], [ 4536241.8, 3364867.5 ], [ 4536303.8, 3364854.3 ], [ 4536387.4, 3364693.3 ], [ 4536489.2, 3364667.0 ], [ 4536550.6, 3364670.8 ], [ 4536792.0, 3364779.6 ], [ 4536865.9, 3364778.6 ], [ 4536880.4, 3364768.5 ], [ 4536832.7, 3364181.9 ], [ 4536860.8, 3363907.3 ], [ 4536917.6, 3363805.1 ], [ 4536937.9, 3363735.5 ], [ 4536946.3, 3363562.7 ], [ 4536930.4, 3363548.9 ], [ 4536913.0, 3363552.5 ], [ 4536892.2, 3363602.7 ], [ 4536879.5, 3363607.6 ], [ 4536846.5, 3363589.0 ], [ 4536815.0, 3363551.1 ], [ 4536796.7, 3363549.3 ], [ 4536780.9, 3363571.8 ], [ 4536798.6, 3363614.3 ], [ 4536794.9, 3363628.9 ], [ 4536755.1, 3363648.9 ], [ 4536718.1, 3363647.3 ], [ 4536625.0, 3363675.9 ], [ 4536612.1, 3363669.6 ], [ 4536599.7, 3363615.6 ], [ 4536693.6, 3363538.9 ], [ 4536696.5, 3363452.4 ], [ 4536673.4, 3363438.6 ], [ 4536591.6, 3363447.2 ], [ 4536563.9, 3363442.1 ], [ 4536488.0, 3363404.6 ], [ 4536465.3, 3363401.8 ], [ 4536442.9, 3363358.3 ], [ 4536438.5, 3363327.4 ], [ 4536406.3, 3363298.7 ], [ 4536443.8, 3363283.1 ], [ 4536482.3, 3363335.8 ], [ 4536516.2, 3363339.7 ], [ 4536578.5, 3363278.7 ], [ 4536617.6, 3363365.8 ], [ 4536690.3, 3363388.9 ], [ 4536718.6, 3363403.2 ], [ 4536749.9, 3363435.7 ], [ 4536779.6, 3363442.2 ], [ 4536797.6, 3363430.7 ], [ 4536798.1, 3363409.0 ], [ 4536765.3, 3363375.3 ], [ 4536744.6, 3363365.3 ], [ 4536716.1, 3363325.9 ], [ 4536708.0, 3363306.0 ], [ 4536711.4, 3363293.9 ], [ 4536812.8, 3363218.7 ], [ 4536853.5, 3363211.8 ], [ 4536873.6, 3363222.0 ], [ 4536905.9, 3363266.1 ], [ 4536908.6, 3363281.2 ], [ 4536898.7, 3363310.4 ], [ 4536927.0, 3363360.8 ], [ 4536942.8, 3363369.0 ], [ 4536959.6, 3363362.7 ], [ 4536979.4, 3363249.8 ], [ 4536994.0, 3363095.5 ], [ 4536977.5, 3363037.9 ], [ 4536913.1, 3362895.1 ], [ 4536893.9, 3362830.1 ], [ 4536876.2, 3362819.6 ], [ 4536837.9, 3362834.8 ], [ 4536823.5, 3362826.7 ], [ 4536809.7, 3362829.4 ], [ 4536777.2, 3362850.6 ], [ 4536775.4, 3362874.1 ], [ 4536717.4, 3362904.3 ], [ 4536680.1, 3362964.5 ], [ 4536645.5, 3362966.0 ], [ 4536624.1, 3362976.7 ], [ 4536562.3, 3362958.8 ], [ 4536550.8, 3362967.9 ], [ 4536531.6, 3363012.8 ], [ 4536419.5, 3362942.8 ], [ 4536378.7, 3362868.9 ], [ 4536315.8, 3362881.1 ], [ 4536293.3, 3362914.8 ], [ 4536008.6, 3362804.3 ], [ 4535993.8, 3362819.2 ], [ 4535969.0, 3362915.4 ], [ 4535885.7, 3362880.3 ], [ 4535871.6, 3362881.6 ], [ 4535859.7, 3362894.3 ], [ 4535868.3, 3362925.6 ], [ 4535909.2, 3362958.3 ], [ 4535906.1, 3363005.2 ], [ 4535914.7, 3363058.9 ], [ 4535930.9, 3363099.8 ], [ 4535929.7, 3363166.0 ], [ 4535885.3, 3363184.1 ], [ 4535874.4, 3363203.0 ], [ 4535855.4, 3363204.6 ], [ 4535821.4, 3363176.9 ], [ 4535786.5, 3363163.7 ], [ 4535775.8, 3363146.1 ], [ 4535802.3, 3363126.5 ], [ 4535847.8, 3363110.1 ], [ 4535857.4, 3363095.8 ], [ 4535853.7, 3363078.9 ], [ 4535797.9, 3363000.8 ], [ 4535833.7, 3362946.4 ], [ 4535832.4, 3362925.8 ], [ 4535759.7, 3362889.2 ], [ 4535722.0, 3362896.2 ], [ 4535707.2, 3362889.3 ], [ 4535690.1, 3362862.0 ], [ 4535630.0, 3362850.0 ], [ 4535615.0, 3362834.3 ], [ 4535618.3, 3362825.9 ], [ 4535651.0, 3362824.5 ], [ 4535696.6, 3362785.7 ], [ 4535740.8, 3362762.1 ], [ 4535738.0, 3362735.8 ], [ 4535690.8, 3362677.0 ], [ 4535708.3, 3362630.8 ], [ 4535724.9, 3362635.5 ], [ 4535808.4, 3362623.4 ], [ 4535820.3, 3362605.3 ], [ 4535808.3, 3362570.9 ], [ 4535813.8, 3362564.6 ], [ 4535845.4, 3362571.2 ], [ 4535861.7, 3362557.4 ], [ 4535874.3, 3362015.9 ], [ 4535900.5, 3362031.1 ], [ 4535920.5, 3362027.7 ], [ 4535963.6, 3361942.8 ], [ 4536097.1, 3361833.1 ], [ 4536187.3, 3361879.5 ], [ 4536206.3, 3361927.5 ], [ 4536202.5, 3361988.2 ], [ 4536224.7, 3362018.6 ], [ 4536208.4, 3362068.2 ], [ 4536176.2, 3362068.7 ], [ 4536163.8, 3362093.1 ], [ 4536171.2, 3362105.5 ], [ 4536192.7, 3362115.1 ], [ 4536201.2, 3362136.6 ], [ 4536255.5, 3362151.5 ], [ 4536268.4, 3362140.2 ], [ 4536334.1, 3361985.6 ], [ 4536370.1, 3361977.9 ], [ 4536382.2, 3361966.9 ], [ 4536387.9, 3361935.8 ], [ 4536360.1, 3361879.7 ], [ 4536425.9, 3361751.2 ], [ 4536565.4, 3361799.4 ], [ 4536747.3, 3361828.3 ], [ 4536777.2, 3361811.0 ], [ 4536804.2, 3361759.1 ], [ 4537032.5, 3361719.5 ], [ 4537041.9, 3361743.6 ], [ 4537062.2, 3361751.8 ], [ 4537095.8, 3361746.2 ], [ 4537148.1, 3361703.6 ], [ 4537170.7, 3361697.5 ], [ 4537197.1, 3361713.1 ], [ 4537212.1, 3361712.3 ], [ 4537328.8, 3361593.3 ], [ 4537559.2, 3361406.6 ], [ 4537626.8, 3361323.4 ], [ 4537656.9, 3361304.3 ], [ 4537690.9, 3361294.5 ], [ 4537697.9, 3361278.6 ], [ 4537681.4, 3361220.9 ], [ 4537688.4, 3361209.0 ], [ 4537729.8, 3361270.5 ], [ 4537724.7, 3361292.5 ], [ 4537733.3, 3361307.7 ], [ 4537832.0, 3361341.9 ], [ 4537857.3, 3361343.7 ], [ 4537898.0, 3361335.4 ], [ 4538095.6, 3361202.5 ], [ 4538099.1, 3361185.1 ], [ 4538088.6, 3361170.8 ], [ 4538035.7, 3361166.8 ], [ 4538046.1, 3361125.0 ], [ 4538075.8, 3361089.7 ], [ 4538096.4, 3361039.1 ], [ 4538101.4, 3360958.6 ], [ 4538081.2, 3360898.6 ], [ 4538112.1, 3360808.6 ], [ 4538155.2, 3360789.6 ], [ 4538163.5, 3360778.6 ], [ 4538163.1, 3360705.9 ], [ 4538150.8, 3360694.8 ], [ 4538072.6, 3360667.4 ], [ 4538057.2, 3360544.7 ], [ 4538023.4, 3360509.1 ], [ 4538028.6, 3360476.9 ], [ 4538003.9, 3360440.8 ], [ 4537853.1, 3360322.0 ], [ 4537835.8, 3360320.0 ], [ 4537822.3, 3360329.7 ], [ 4537779.3, 3360313.4 ], [ 4537746.7, 3360317.8 ], [ 4537727.9, 3360292.5 ], [ 4537697.2, 3360280.4 ], [ 4537695.9, 3360263.2 ], [ 4537760.1, 3360294.9 ], [ 4537802.2, 3360304.8 ], [ 4537905.5, 3360261.5 ], [ 4537926.9, 3360264.5 ], [ 4537979.0, 3360325.6 ], [ 4538012.7, 3360393.2 ], [ 4538045.7, 3360409.1 ], [ 4538059.2, 3360472.6 ], [ 4538071.3, 3360480.3 ], [ 4538095.3, 3360479.1 ], [ 4538117.3, 3360492.4 ], [ 4538154.5, 3360575.8 ], [ 4538144.7, 3360630.1 ], [ 4538169.8, 3360687.6 ], [ 4538188.5, 3360698.8 ], [ 4538208.5, 3360687.2 ], [ 4538245.4, 3360830.9 ], [ 4538297.5, 3360914.4 ], [ 4538303.5, 3360935.8 ], [ 4538298.1, 3360961.4 ], [ 4538272.2, 3361004.8 ], [ 4538192.0, 3360977.9 ], [ 4538171.6, 3360985.6 ], [ 4538121.7, 3361122.4 ], [ 4538096.5, 3361161.6 ], [ 4538102.1, 3361182.6 ], [ 4538122.9, 3361188.6 ], [ 4538244.2, 3361146.8 ], [ 4538289.8, 3361139.5 ], [ 4538343.4, 3361145.8 ], [ 4538404.8, 3361171.6 ], [ 4538497.1, 3361228.3 ], [ 4538738.5, 3361488.7 ], [ 4538766.0, 3361513.3 ], [ 4538797.6, 3361527.6 ], [ 4539749.8, 3361548.2 ], [ 4540640.0, 3361589.9 ], [ 4542376.0, 3361630.7 ], [ 4542410.7, 3361637.9 ], [ 4542431.1, 3361654.0 ], [ 4542571.7, 3361818.3 ], [ 4542596.0, 3361834.6 ], [ 4542865.0, 3361921.3 ], [ 4542982.8, 3362020.0 ], [ 4543098.2, 3362064.7 ], [ 4543326.7, 3362193.6 ], [ 4543341.3, 3362193.8 ], [ 4543381.4, 3362171.4 ], [ 4543637.9, 3361723.7 ], [ 4543651.9, 3361676.0 ], [ 4543654.7, 3361629.0 ], [ 4543638.6, 3361530.6 ], [ 4543543.8, 3361274.8 ], [ 4543524.1, 3361266.9 ], [ 4543434.9, 3361289.5 ], [ 4543420.5, 3361312.2 ], [ 4543402.7, 3361317.5 ], [ 4543348.5, 3361261.6 ], [ 4543308.1, 3361234.2 ], [ 4543281.5, 3361201.1 ], [ 4543270.2, 3361161.9 ], [ 4543277.5, 3361108.8 ], [ 4543259.6, 3361059.1 ], [ 4543222.8, 3361016.8 ], [ 4543225.2, 3360986.5 ], [ 4543236.6, 3360977.5 ], [ 4543278.0, 3360977.5 ], [ 4543324.5, 3361124.3 ], [ 4543345.6, 3361155.7 ], [ 4543371.1, 3361146.5 ], [ 4543370.2, 3361120.7 ], [ 4543454.8, 3361090.0 ], [ 4543467.2, 3361078.6 ], [ 4543467.9, 3361061.7 ], [ 4543418.3, 3360911.8 ], [ 4543404.8, 3360769.6 ], [ 4543389.1, 3360754.5 ], [ 4543318.1, 3360749.1 ], [ 4543307.6, 3360676.6 ], [ 4543411.9, 3360680.1 ], [ 4543423.5, 3360665.9 ], [ 4543433.8, 3360606.4 ], [ 4543416.3, 3360593.7 ], [ 4543311.7, 3360599.4 ], [ 4543262.2, 3360529.0 ], [ 4543141.6, 3360531.4 ], [ 4543132.9, 3360419.0 ], [ 4543121.6, 3360411.5 ], [ 4543064.7, 3360404.7 ], [ 4543037.4, 3360417.5 ], [ 4543033.4, 3360370.0 ], [ 4543065.1, 3360346.3 ], [ 4543072.0, 3360307.9 ], [ 4543003.4, 3360244.1 ], [ 4542782.1, 3360243.8 ], [ 4542744.1, 3360191.6 ], [ 4542718.6, 3360183.7 ], [ 4542666.6, 3360211.4 ], [ 4542605.7, 3360022.7 ], [ 4542487.3, 3359807.6 ], [ 4542385.7, 3359812.5 ], [ 4542372.5, 3359837.7 ], [ 4542395.0, 3359908.0 ], [ 4542341.3, 3359891.3 ], [ 4542327.8, 3359893.6 ], [ 4542252.1, 3359949.9 ], [ 4542232.5, 3359953.6 ], [ 4542175.1, 3360003.5 ], [ 4542045.9, 3359795.3 ], [ 4542110.2, 3359766.7 ], [ 4542130.0, 3359793.0 ], [ 4542151.8, 3359792.8 ], [ 4542286.2, 3359714.1 ], [ 4542294.2, 3359700.2 ], [ 4542294.2, 3359669.6 ], [ 4542342.3, 3359645.2 ], [ 4542413.5, 3359639.2 ], [ 4542463.1, 3359565.1 ], [ 4542464.2, 3359549.3 ], [ 4542427.9, 3359433.8 ], [ 4542393.7, 3359357.9 ], [ 4542330.8, 3359302.2 ], [ 4542303.1, 3359300.8 ], [ 4542294.2, 3359288.9 ], [ 4542330.5, 3359201.4 ], [ 4542313.6, 3359171.8 ], [ 4542296.7, 3359113.8 ], [ 4542349.7, 3359114.5 ], [ 4542382.7, 3359092.5 ], [ 4542387.2, 3359075.9 ], [ 4542367.3, 3359010.1 ], [ 4542399.1, 3359002.2 ], [ 4542510.9, 3359007.6 ], [ 4542696.4, 3359199.3 ], [ 4542692.1, 3359262.3 ], [ 4542666.5, 3359277.3 ], [ 4542610.0, 3359271.7 ], [ 4542477.8, 3359329.8 ], [ 4542465.7, 3359343.2 ], [ 4542473.9, 3359397.8 ], [ 4542512.5, 3359508.9 ], [ 4542568.1, 3359591.7 ], [ 4542576.5, 3359635.4 ], [ 4542592.2, 3359644.3 ], [ 4542736.9, 3359633.7 ], [ 4542844.5, 3359637.9 ], [ 4542853.7, 3359622.0 ], [ 4542866.5, 3359466.4 ], [ 4542850.0, 3359450.0 ], [ 4542759.8, 3359443.6 ], [ 4542762.5, 3359339.1 ], [ 4542790.9, 3359351.2 ], [ 4542808.4, 3359345.1 ], [ 4542814.9, 3359327.7 ], [ 4542799.7, 3359276.6 ], [ 4542878.7, 3359236.4 ], [ 4542921.7, 3359273.9 ], [ 4542949.3, 3359266.3 ], [ 4542966.4, 3359189.3 ], [ 4542957.4, 3359174.1 ], [ 4542936.0, 3359168.7 ], [ 4542957.8, 3359116.5 ], [ 4542992.8, 3359120.2 ], [ 4542995.8, 3359158.9 ], [ 4543030.3, 3359167.0 ], [ 4543053.5, 3359202.6 ], [ 4543071.0, 3359205.1 ], [ 4543088.8, 3359193.8 ], [ 4543091.4, 3359173.4 ], [ 4543045.4, 3359053.7 ], [ 4543057.4, 3358990.0 ], [ 4543055.1, 3358943.6 ], [ 4543028.7, 3358913.5 ], [ 4542989.3, 3358925.7 ], [ 4542981.5, 3358940.3 ], [ 4542984.4, 3359010.5 ], [ 4542951.3, 3359016.5 ], [ 4542937.9, 3359042.3 ], [ 4542901.6, 3359034.1 ], [ 4542909.9, 3358998.8 ], [ 4542890.0, 3358981.0 ], [ 4542854.4, 3358989.1 ], [ 4542764.6, 3358966.3 ], [ 4542648.9, 3358951.1 ], [ 4542363.6, 3358954.5 ], [ 4542364.8, 3358847.0 ], [ 4542257.9, 3358699.5 ], [ 4542238.4, 3358562.6 ], [ 4542177.1, 3358464.7 ], [ 4542153.8, 3358458.5 ], [ 4542136.1, 3358480.6 ], [ 4541944.3, 3358277.2 ], [ 4541831.7, 3358223.6 ], [ 4541807.9, 3358231.1 ], [ 4541655.7, 3358166.7 ], [ 4541676.4, 3358095.5 ], [ 4541671.2, 3358082.1 ], [ 4541655.3, 3358074.3 ], [ 4541629.3, 3358085.5 ], [ 4541607.5, 3358148.0 ], [ 4541410.8, 3358064.0 ], [ 4541377.3, 3358058.3 ], [ 4541323.0, 3358055.0 ], [ 4541255.6, 3358093.4 ], [ 4541239.5, 3358124.2 ], [ 4541255.7, 3358189.2 ], [ 4541327.1, 3358282.2 ], [ 4541333.0, 3358347.8 ], [ 4541383.5, 3358402.3 ], [ 4541364.2, 3358404.0 ], [ 4541333.2, 3358379.8 ], [ 4541307.4, 3358375.9 ], [ 4541238.6, 3358277.1 ], [ 4541147.8, 3358208.9 ], [ 4541089.2, 3358206.1 ], [ 4540989.8, 3358214.7 ], [ 4540974.7, 3358222.1 ], [ 4540969.2, 3358238.0 ], [ 4540978.5, 3358364.3 ], [ 4540997.3, 3358378.0 ], [ 4541029.8, 3358371.0 ], [ 4541049.8, 3358458.3 ], [ 4541020.2, 3358468.1 ], [ 4541011.5, 3358505.9 ], [ 4540941.6, 3358515.0 ], [ 4540926.8, 3358530.0 ], [ 4540911.8, 3358672.8 ], [ 4540942.4, 3358712.5 ], [ 4541004.9, 3358717.9 ], [ 4540970.0, 3358807.7 ], [ 4540932.4, 3358869.1 ], [ 4540895.7, 3358849.1 ], [ 4540605.8, 3358769.5 ], [ 4540612.0, 3358746.7 ], [ 4540607.2, 3358733.4 ], [ 4540583.2, 3358726.0 ], [ 4540545.1, 3358669.6 ], [ 4540509.0, 3358665.2 ], [ 4540502.2, 3358645.5 ], [ 4540512.2, 3358624.0 ], [ 4540537.8, 3358618.5 ], [ 4540558.1, 3358641.6 ], [ 4540597.2, 3358649.9 ], [ 4540610.0, 3358638.0 ], [ 4540620.6, 3358598.8 ], [ 4540607.5, 3358540.2 ], [ 4540590.0, 3358529.8 ], [ 4540562.2, 3358493.0 ], [ 4540554.9, 3358429.2 ], [ 4540527.9, 3358369.4 ], [ 4540512.6, 3358359.9 ], [ 4540498.3, 3358362.8 ], [ 4540456.6, 3358412.5 ], [ 4540452.3, 3358509.9 ], [ 4540411.1, 3358467.3 ], [ 4540381.6, 3358375.1 ], [ 4540361.7, 3358366.7 ], [ 4540342.5, 3358379.7 ], [ 4540297.1, 3358349.4 ], [ 4540310.6, 3358322.9 ], [ 4540301.3, 3358303.6 ], [ 4540272.6, 3358292.5 ], [ 4540214.5, 3358313.9 ], [ 4540206.5, 3358304.4 ], [ 4540226.8, 3358278.7 ], [ 4540233.2, 3358222.2 ], [ 4540205.6, 3358199.3 ], [ 4540159.1, 3358209.5 ], [ 4540111.5, 3358185.8 ], [ 4540085.2, 3358103.8 ], [ 4540155.8, 3358140.5 ], [ 4540239.7, 3358171.8 ], [ 4540265.5, 3358159.5 ], [ 4540293.7, 3358102.1 ], [ 4540212.8, 3357923.6 ], [ 4540157.1, 3357825.9 ], [ 4540158.0, 3357785.0 ], [ 4540224.4, 3357701.6 ], [ 4540223.1, 3357660.1 ], [ 4540249.1, 3357571.4 ], [ 4540302.4, 3357501.7 ], [ 4540288.4, 3357339.6 ], [ 4540303.2, 3357195.6 ], [ 4540285.2, 3357070.2 ], [ 4540297.6, 3357049.8 ], [ 4540289.3, 3356973.2 ], [ 4540318.3, 3356950.9 ], [ 4540354.6, 3356967.3 ], [ 4540387.3, 3357007.7 ], [ 4540387.9, 3357094.9 ], [ 4540417.4, 3357133.1 ], [ 4540461.9, 3357168.3 ], [ 4540479.5, 3357170.1 ], [ 4540496.2, 3357189.4 ], [ 4540513.6, 3357338.7 ], [ 4540527.4, 3357366.2 ], [ 4540617.4, 3357399.0 ], [ 4540629.5, 3357429.1 ], [ 4540711.2, 3357471.2 ], [ 4540727.7, 3357467.4 ], [ 4540743.0, 3357446.6 ], [ 4540741.9, 3357430.0 ], [ 4540728.0, 3357410.1 ], [ 4540741.9, 3357389.5 ], [ 4540748.7, 3357341.3 ], [ 4540709.9, 3357310.5 ], [ 4540678.1, 3357317.6 ], [ 4540635.6, 3357266.7 ], [ 4540633.3, 3357232.5 ], [ 4540698.0, 3357223.6 ], [ 4540726.2, 3357210.5 ], [ 4540795.7, 3357263.4 ], [ 4540808.0, 3357281.4 ], [ 4540808.2, 3357306.1 ], [ 4540833.3, 3357333.5 ], [ 4540858.5, 3357384.6 ], [ 4540891.4, 3357427.4 ], [ 4540916.8, 3357419.5 ], [ 4540930.6, 3357378.2 ], [ 4541072.4, 3357431.6 ], [ 4541098.0, 3357427.4 ], [ 4541111.8, 3357409.8 ], [ 4541151.9, 3357426.9 ], [ 4541227.1, 3357433.5 ], [ 4541300.1, 3357429.2 ], [ 4541338.5, 3357410.7 ], [ 4541341.5, 3357438.9 ], [ 4541387.3, 3357486.2 ], [ 4541454.7, 3357525.0 ], [ 4541476.8, 3357509.9 ], [ 4541496.7, 3357382.3 ], [ 4541521.5, 3357358.9 ], [ 4541613.8, 3357330.5 ], [ 4541622.7, 3357319.1 ], [ 4541621.0, 3357301.2 ], [ 4541592.3, 3357276.2 ], [ 4541550.3, 3357297.4 ], [ 4541515.7, 3357289.0 ], [ 4541474.7, 3357265.3 ], [ 4541477.5, 3357247.2 ], [ 4541470.6, 3357235.1 ], [ 4541428.2, 3357217.7 ], [ 4541483.3, 3357094.7 ], [ 4541475.6, 3357050.4 ], [ 4541464.5, 3357036.7 ], [ 4541443.6, 3357037.0 ], [ 4541413.2, 3357063.8 ], [ 4541381.4, 3357076.3 ], [ 4541325.7, 3357080.7 ], [ 4541267.2, 3357077.5 ], [ 4541160.2, 3357057.1 ], [ 4541157.8, 3357041.2 ], [ 4541186.9, 3356983.1 ], [ 4541209.4, 3356901.0 ], [ 4541214.1, 3356857.6 ], [ 4541194.8, 3356819.8 ], [ 4541170.3, 3356807.6 ], [ 4541147.2, 3356811.1 ], [ 4541131.4, 3356829.8 ], [ 4541127.4, 3356998.6 ], [ 4541008.8, 3357032.8 ], [ 4540948.2, 3357062.6 ], [ 4540921.3, 3357085.5 ], [ 4540737.5, 3357006.1 ], [ 4540677.3, 3356962.3 ], [ 4540643.2, 3356920.8 ], [ 4540621.1, 3356764.7 ], [ 4540603.4, 3356749.4 ], [ 4540400.5, 3356778.1 ], [ 4540385.1, 3356786.9 ], [ 4540347.7, 3356779.8 ], [ 4540335.3, 3356791.9 ], [ 4540328.4, 3356851.1 ], [ 4540316.6, 3356864.1 ], [ 4540319.0, 3356895.0 ], [ 4540297.5, 3356916.4 ], [ 4540254.9, 3356928.6 ], [ 4540227.6, 3356955.5 ], [ 4540204.7, 3356965.8 ], [ 4540164.2, 3356972.7 ], [ 4540149.3, 3356971.6 ], [ 4540103.5, 3356941.1 ], [ 4540018.2, 3356831.1 ], [ 4539993.4, 3356778.5 ], [ 4539975.6, 3356711.9 ], [ 4539974.7, 3356680.2 ], [ 4540013.0, 3356617.5 ], [ 4540013.2, 3356591.8 ], [ 4539923.0, 3356509.5 ], [ 4539841.2, 3356474.9 ], [ 4539790.0, 3356436.0 ], [ 4539695.1, 3356342.2 ], [ 4539649.4, 3356268.1 ], [ 4539605.7, 3356111.6 ], [ 4539552.8, 3355977.8 ], [ 4539545.2, 3355912.0 ], [ 4539521.8, 3355824.9 ], [ 4539532.5, 3355793.5 ], [ 4539523.7, 3355752.5 ], [ 4539487.6, 3355714.9 ], [ 4539317.9, 3355610.2 ], [ 4539266.2, 3355568.5 ], [ 4539182.3, 3355541.1 ], [ 4539175.8, 3355524.0 ], [ 4539153.4, 3355504.0 ], [ 4539132.3, 3355505.6 ], [ 4539104.9, 3355530.2 ], [ 4538964.0, 3355395.2 ], [ 4538947.4, 3355370.7 ], [ 4538972.5, 3355358.0 ], [ 4538979.1, 3355345.0 ], [ 4538933.5, 3355221.4 ], [ 4538972.5, 3355207.2 ], [ 4538983.2, 3355192.8 ], [ 4538962.7, 3355102.2 ], [ 4538971.2, 3355066.0 ], [ 4538996.3, 3355048.2 ], [ 4539028.3, 3355045.0 ], [ 4539108.3, 3355093.8 ], [ 4539133.7, 3355117.4 ], [ 4539149.8, 3355138.0 ], [ 4539156.9, 3355173.1 ], [ 4539174.5, 3355207.9 ], [ 4539261.4, 3355338.3 ], [ 4539291.0, 3355339.2 ], [ 4539390.7, 3355383.6 ], [ 4539459.5, 3355456.0 ], [ 4539541.6, 3355525.5 ], [ 4539604.0, 3355564.1 ], [ 4539718.1, 3355742.2 ], [ 4539723.8, 3355759.0 ], [ 4539717.9, 3355813.4 ], [ 4539735.6, 3355856.9 ], [ 4539756.2, 3355866.7 ], [ 4539743.6, 3355889.0 ], [ 4539773.4, 3355968.6 ], [ 4539888.4, 3356144.1 ], [ 4539929.7, 3356236.1 ], [ 4539955.0, 3356272.2 ], [ 4540070.6, 3356348.5 ], [ 4540133.3, 3356404.0 ], [ 4540157.0, 3356437.3 ], [ 4540181.1, 3356500.0 ], [ 4540200.4, 3356528.3 ], [ 4540218.7, 3356530.2 ], [ 4540230.4, 3356521.0 ], [ 4540237.5, 3356493.8 ], [ 4540257.9, 3356464.0 ], [ 4540260.7, 3356416.6 ], [ 4540303.5, 3356406.2 ], [ 4540315.8, 3356392.5 ], [ 4540315.3, 3356369.6 ], [ 4540264.4, 3356264.2 ], [ 4540293.8, 3356252.0 ], [ 4540336.5, 3356191.0 ], [ 4540377.3, 3356166.7 ], [ 4540437.8, 3356163.1 ], [ 4540449.7, 3356169.0 ], [ 4540450.7, 3356203.9 ], [ 4540466.0, 3356220.1 ], [ 4540537.8, 3356237.1 ], [ 4540575.6, 3356235.3 ], [ 4540591.3, 3356222.8 ], [ 4540609.7, 3356145.0 ], [ 4540521.5, 3356007.4 ], [ 4540435.0, 3355896.9 ], [ 4540373.9, 3355909.8 ], [ 4540350.1, 3355924.2 ], [ 4540204.8, 3355916.1 ], [ 4540125.2, 3355875.0 ], [ 4540017.8, 3355851.2 ], [ 4540000.9, 3355853.7 ], [ 4539989.9, 3355847.0 ], [ 4539982.8, 3355824.1 ], [ 4539957.2, 3355807.2 ], [ 4539787.1, 3355881.1 ], [ 4539776.6, 3355867.6 ], [ 4539763.3, 3355864.7 ], [ 4539774.4, 3355853.3 ], [ 4539777.0, 3355836.2 ], [ 4539810.0, 3355813.6 ], [ 4539814.3, 3355796.2 ], [ 4539758.5, 3355722.6 ], [ 4539765.3, 3355688.7 ], [ 4539708.7, 3355544.4 ], [ 4539753.1, 3355497.9 ], [ 4539758.3, 3355442.1 ], [ 4539871.0, 3355362.4 ], [ 4539877.7, 3355346.7 ], [ 4539873.3, 3355333.5 ], [ 4539773.9, 3355229.5 ], [ 4539753.8, 3355230.9 ], [ 4539722.1, 3355257.8 ], [ 4539699.2, 3355246.7 ], [ 4539703.5, 3355174.9 ], [ 4539684.7, 3355138.9 ], [ 4539670.1, 3355130.5 ], [ 4539535.5, 3355158.0 ], [ 4539508.0, 3355209.7 ], [ 4539542.3, 3355241.7 ], [ 4539466.2, 3355288.4 ], [ 4539378.4, 3355170.8 ], [ 4539457.1, 3355134.6 ], [ 4539543.2, 3355109.6 ], [ 4539559.7, 3355069.6 ], [ 4539507.4, 3354993.9 ], [ 4539489.1, 3354987.3 ], [ 4539280.0, 3355011.0 ], [ 4539268.0, 3354985.3 ], [ 4539244.9, 3354964.2 ], [ 4539223.0, 3354961.8 ], [ 4539189.9, 3354979.1 ], [ 4539146.0, 3354949.1 ], [ 4539124.6, 3354950.3 ], [ 4539137.1, 3354860.0 ], [ 4539145.2, 3354858.7 ], [ 4539161.0, 3354892.3 ], [ 4539186.8, 3354897.2 ], [ 4539205.0, 3354880.1 ], [ 4539199.4, 3354849.6 ], [ 4539619.1, 3354779.3 ], [ 4539633.3, 3354770.4 ], [ 4539637.3, 3354749.8 ], [ 4539716.7, 3354736.6 ], [ 4539728.1, 3354714.4 ], [ 4539706.3, 3354646.5 ], [ 4539690.9, 3354637.6 ], [ 4539635.5, 3354640.5 ], [ 4539634.2, 3354560.9 ], [ 4539838.3, 3354536.8 ], [ 4539815.3, 3354658.8 ], [ 4539850.5, 3354699.5 ], [ 4539901.0, 3354694.2 ], [ 4539942.5, 3354822.7 ], [ 4539955.6, 3354833.7 ], [ 4539978.3, 3354832.2 ], [ 4539999.3, 3354920.0 ], [ 4539990.6, 3354938.4 ], [ 4539997.8, 3354953.9 ], [ 4539958.4, 3355025.3 ], [ 4539969.5, 3355049.0 ], [ 4540064.5, 3355063.4 ], [ 4540103.4, 3355078.2 ], [ 4540167.4, 3355060.1 ], [ 4540181.2, 3355048.1 ], [ 4540181.2, 3355029.9 ], [ 4540144.9, 3354999.7 ], [ 4540215.1, 3355029.4 ], [ 4540233.9, 3355029.6 ], [ 4540246.1, 3355017.9 ], [ 4540268.8, 3354962.7 ], [ 4540330.9, 3354898.4 ], [ 4540378.2, 3354916.7 ], [ 4540392.5, 3354914.8 ], [ 4540475.8, 3354831.8 ], [ 4540490.7, 3354857.2 ], [ 4540515.5, 3354857.9 ], [ 4540573.7, 3354801.8 ], [ 4540568.6, 3354682.3 ], [ 4540560.2, 3354666.3 ], [ 4540542.7, 3354662.0 ], [ 4540486.4, 3354675.3 ], [ 4540454.7, 3354754.9 ], [ 4540388.2, 3354753.1 ], [ 4540383.9, 3354703.0 ], [ 4540409.0, 3354626.8 ], [ 4540413.0, 3354557.6 ], [ 4540394.3, 3354396.1 ], [ 4540441.7, 3354383.8 ], [ 4540469.9, 3354397.1 ], [ 4540544.9, 3354459.6 ], [ 4540669.3, 3354443.3 ], [ 4540677.3, 3354476.2 ], [ 4540691.1, 3354488.6 ], [ 4540804.8, 3354465.5 ], [ 4540936.8, 3354507.4 ], [ 4540957.8, 3354490.8 ], [ 4540955.2, 3354443.7 ], [ 4540984.5, 3354443.1 ], [ 4541005.3, 3354456.1 ], [ 4541067.9, 3354433.3 ], [ 4541076.0, 3354414.3 ], [ 4541048.8, 3354316.9 ], [ 4541032.0, 3354310.1 ], [ 4540952.4, 3354313.5 ], [ 4540940.5, 3354278.0 ], [ 4540904.8, 3354269.8 ], [ 4540900.9, 3354257.3 ], [ 4540922.5, 3354217.5 ], [ 4540908.9, 3354188.0 ], [ 4540889.5, 3354182.8 ], [ 4540838.7, 3354202.3 ], [ 4540785.1, 3354191.1 ], [ 4540826.8, 3354145.9 ], [ 4540834.7, 3354109.9 ], [ 4540866.0, 3354111.4 ], [ 4540881.6, 3354095.8 ], [ 4540890.2, 3354053.5 ], [ 4540878.1, 3354017.2 ], [ 4540866.5, 3354004.5 ], [ 4540838.8, 3353999.5 ], [ 4540863.4, 3353979.2 ], [ 4540896.1, 3353967.3 ], [ 4541012.8, 3353966.4 ], [ 4541139.3, 3353933.1 ], [ 4541232.6, 3353896.4 ], [ 4541336.7, 3353819.4 ], [ 4541452.8, 3353783.6 ], [ 4541461.1, 3353767.6 ], [ 4541457.0, 3353753.5 ], [ 4541375.0, 3353640.3 ], [ 4541332.8, 3353594.6 ], [ 4541472.8, 3353554.6 ], [ 4541488.9, 3353562.4 ], [ 4541502.6, 3353558.1 ], [ 4541530.8, 3353518.4 ], [ 4541528.9, 3353503.6 ], [ 4541514.1, 3353489.5 ], [ 4541516.4, 3353478.7 ], [ 4541575.1, 3353471.7 ], [ 4541653.1, 3353446.7 ], [ 4541703.2, 3353418.1 ], [ 4541734.2, 3353388.1 ], [ 4541734.1, 3353361.9 ], [ 4541780.4, 3353294.9 ], [ 4541814.0, 3353261.5 ], [ 4541810.7, 3353236.7 ], [ 4541724.7, 3353142.1 ], [ 4541708.3, 3353134.9 ], [ 4541639.2, 3353184.5 ], [ 4541561.2, 3353258.9 ], [ 4541529.9, 3353295.7 ], [ 4541504.5, 3353344.7 ], [ 4541409.1, 3353325.9 ], [ 4541405.1, 3353302.0 ], [ 4541388.8, 3353289.4 ], [ 4541279.9, 3353313.0 ], [ 4541259.1, 3353309.3 ], [ 4541239.4, 3353282.7 ], [ 4541241.6, 3353243.6 ], [ 4541223.5, 3353221.1 ], [ 4541175.6, 3353213.3 ], [ 4541067.3, 3353162.6 ], [ 4541046.9, 3353170.2 ], [ 4541043.0, 3353191.6 ], [ 4541108.0, 3353273.6 ], [ 4541070.0, 3353304.9 ], [ 4541057.3, 3353289.4 ], [ 4540983.7, 3353249.9 ], [ 4540967.1, 3353250.7 ], [ 4540949.0, 3353266.1 ], [ 4540932.9, 3353265.3 ], [ 4540860.9, 3353207.4 ], [ 4540824.2, 3353210.2 ], [ 4540816.3, 3353190.4 ], [ 4540839.0, 3353187.2 ], [ 4540849.9, 3353168.5 ], [ 4540827.3, 3353134.7 ], [ 4540809.5, 3353059.7 ], [ 4540808.3, 3353016.3 ], [ 4540821.8, 3352985.4 ], [ 4540832.0, 3352977.7 ], [ 4540917.3, 3352977.2 ], [ 4540941.8, 3352984.6 ], [ 4541021.8, 3352953.7 ], [ 4541097.7, 3352897.0 ], [ 4541124.5, 3352864.3 ], [ 4541182.4, 3352832.6 ], [ 4541185.4, 3352806.2 ], [ 4541158.3, 3352775.2 ], [ 4541138.0, 3352770.8 ], [ 4541068.5, 3352827.7 ], [ 4540972.8, 3352862.2 ], [ 4540942.5, 3352855.8 ], [ 4540848.2, 3352555.2 ], [ 4540823.2, 3352543.8 ], [ 4540783.9, 3352568.3 ], [ 4540743.2, 3352466.7 ], [ 4540729.9, 3352454.1 ], [ 4540711.8, 3352455.8 ], [ 4540499.4, 3352578.1 ], [ 4540366.8, 3352375.7 ], [ 4540334.8, 3352357.8 ], [ 4540241.0, 3352184.6 ], [ 4540218.2, 3352176.7 ], [ 4540175.6, 3352203.3 ], [ 4540081.3, 3352042.0 ], [ 4540139.8, 3351960.2 ], [ 4540176.1, 3351935.6 ], [ 4540184.7, 3351921.0 ], [ 4540135.8, 3351734.8 ], [ 4540476.4, 3351553.3 ], [ 4540490.9, 3351530.6 ], [ 4540487.3, 3351477.8 ], [ 4540600.3, 3351431.0 ], [ 4540618.2, 3351451.6 ], [ 4540633.6, 3351456.9 ], [ 4540746.5, 3351447.5 ], [ 4540762.3, 3351425.2 ] ], [ [ 4539949.3, 3352047.7 ], [ 4539983.7, 3352056.1 ], [ 4539987.2, 3352073.8 ], [ 4539970.6, 3352130.9 ], [ 4539905.9, 3352198.0 ], [ 4539708.8, 3352311.2 ], [ 4539697.1, 3352302.4 ], [ 4539708.8, 3352259.7 ], [ 4539703.3, 3352235.3 ], [ 4539688.6, 3352223.2 ], [ 4539653.3, 3352216.1 ], [ 4539607.5, 3352180.0 ], [ 4539606.7, 3352160.9 ], [ 4539630.0, 3352139.2 ], [ 4539719.9, 3352127.3 ], [ 4539760.4, 3352131.6 ], [ 4539774.8, 3352121.7 ], [ 4539778.1, 3352108.0 ], [ 4539768.2, 3352082.9 ], [ 4539797.7, 3352007.7 ], [ 4539773.0, 3351945.1 ], [ 4539797.3, 3351872.6 ], [ 4539867.9, 3351901.8 ], [ 4539976.1, 3351927.0 ], [ 4539978.4, 3351942.6 ], [ 4539942.0, 3352028.1 ], [ 4539949.3, 3352047.7 ] ], [ [ 4538578.2, 3352064.8 ], [ 4538591.7, 3352133.9 ], [ 4538611.7, 3352148.2 ], [ 4538994.8, 3352094.6 ], [ 4539083.6, 3352163.6 ], [ 4539109.6, 3352212.2 ], [ 4539099.0, 3352238.9 ], [ 4539073.3, 3352268.9 ], [ 4539071.5, 3352441.6 ], [ 4539052.6, 3352445.5 ], [ 4539043.6, 3352457.0 ], [ 4539043.7, 3352530.6 ], [ 4538987.9, 3352529.0 ], [ 4538957.0, 3352560.2 ], [ 4538949.2, 3352583.7 ], [ 4538916.7, 3352600.2 ], [ 4538884.8, 3352634.0 ], [ 4538906.4, 3352669.1 ], [ 4538960.4, 3352691.7 ], [ 4538991.1, 3352673.3 ], [ 4538992.8, 3352658.6 ], [ 4538981.9, 3352642.5 ], [ 4539028.1, 3352608.9 ], [ 4539040.6, 3352627.5 ], [ 4539069.8, 3352631.5 ], [ 4539066.5, 3352725.3 ], [ 4538953.9, 3352709.3 ], [ 4538852.7, 3352741.1 ], [ 4538808.7, 3352726.9 ], [ 4538797.0, 3352734.0 ], [ 4538769.0, 3352780.0 ], [ 4538767.2, 3352817.3 ], [ 4538783.1, 3352916.8 ], [ 4538794.6, 3352929.7 ], [ 4538818.1, 3352933.6 ], [ 4538819.3, 3352962.7 ], [ 4538764.9, 3352973.4 ], [ 4538758.7, 3352990.5 ], [ 4538769.6, 3353011.9 ], [ 4538733.8, 3353060.6 ], [ 4538736.4, 3353075.2 ], [ 4538792.9, 3353156.4 ], [ 4538795.7, 3353178.5 ], [ 4538764.4, 3353199.2 ], [ 4538688.1, 3353109.6 ], [ 4538670.3, 3353104.8 ], [ 4538649.3, 3353118.2 ], [ 4538574.3, 3353048.6 ], [ 4538591.7, 3353030.8 ], [ 4538591.2, 3353009.3 ], [ 4538551.5, 3352962.7 ], [ 4538487.7, 3352908.3 ], [ 4538492.6, 3352884.5 ], [ 4538486.9, 3352871.4 ], [ 4538381.8, 3352813.0 ], [ 4538338.2, 3352777.9 ], [ 4538363.9, 3352756.5 ], [ 4538359.8, 3352711.6 ], [ 4538334.8, 3352685.1 ], [ 4538311.4, 3352683.9 ], [ 4538304.4, 3352641.0 ], [ 4538291.5, 3352615.7 ], [ 4538298.5, 3352570.7 ], [ 4538264.6, 3352434.9 ], [ 4538268.7, 3352396.2 ], [ 4538215.2, 3352221.9 ], [ 4538201.0, 3352189.8 ], [ 4538174.8, 3352165.1 ], [ 4538313.8, 3352087.4 ], [ 4538328.9, 3352116.8 ], [ 4538347.5, 3352123.6 ], [ 4538578.2, 3352064.8 ] ], [ [ 4537700.5, 3353029.0 ], [ 4537661.6, 3352965.4 ], [ 4537727.0, 3352915.9 ], [ 4537746.8, 3352923.1 ], [ 4537790.0, 3352902.0 ], [ 4537789.6, 3352919.3 ], [ 4537755.6, 3352950.0 ], [ 4537770.2, 3352988.3 ], [ 4537700.5, 3353029.0 ] ], [ [ 4537798.3, 3353191.4 ], [ 4537834.7, 3353248.7 ], [ 4537870.2, 3353275.8 ], [ 4537899.8, 3353339.1 ], [ 4537948.3, 3353382.6 ], [ 4537952.6, 3353409.4 ], [ 4537946.6, 3353434.3 ], [ 4537924.9, 3353448.9 ], [ 4537894.6, 3353438.5 ], [ 4537877.9, 3353421.4 ], [ 4537786.5, 3353259.1 ], [ 4537770.2, 3353254.2 ], [ 4537725.3, 3353265.7 ], [ 4537699.6, 3353259.8 ], [ 4537687.3, 3353245.3 ], [ 4537693.1, 3353216.1 ], [ 4537707.6, 3353201.4 ], [ 4537752.8, 3353182.3 ], [ 4537798.3, 3353191.4 ] ], [ [ 4539548.1, 3353308.7 ], [ 4539567.4, 3353294.1 ], [ 4539583.7, 3353299.2 ], [ 4539591.6, 3353313.3 ], [ 4539594.6, 3353394.0 ], [ 4539626.8, 3353447.0 ], [ 4539639.6, 3353491.7 ], [ 4539628.8, 3353577.8 ], [ 4539643.6, 3353662.3 ], [ 4539611.8, 3353723.2 ], [ 4539613.3, 3353822.5 ], [ 4539605.4, 3353844.2 ], [ 4539580.3, 3353852.1 ], [ 4539538.0, 3353851.9 ], [ 4539521.4, 3353838.0 ], [ 4539454.6, 3353833.1 ], [ 4539434.4, 3353819.8 ], [ 4539429.9, 3353799.8 ], [ 4539442.8, 3353637.4 ], [ 4539463.2, 3353613.7 ], [ 4539472.2, 3353587.6 ], [ 4539543.5, 3353548.9 ], [ 4539565.7, 3353518.4 ], [ 4539574.1, 3353473.2 ], [ 4539570.9, 3353421.1 ], [ 4539533.4, 3353345.1 ], [ 4539548.1, 3353308.7 ] ], [ [ 4538009.0, 3353569.4 ], [ 4538058.2, 3353620.6 ], [ 4538064.9, 3353658.3 ], [ 4538060.3, 3353691.4 ], [ 4538039.4, 3353697.4 ], [ 4538016.3, 3353692.7 ], [ 4537947.3, 3353654.6 ], [ 4537946.1, 3353619.0 ], [ 4537967.4, 3353610.9 ], [ 4537988.8, 3353569.5 ], [ 4538009.0, 3353569.4 ] ], [ [ 4537736.7, 3353697.2 ], [ 4537730.9, 3353761.2 ], [ 4537712.5, 3353818.5 ], [ 4537669.4, 3353867.0 ], [ 4537609.4, 3353892.0 ], [ 4537543.4, 3353882.3 ], [ 4537478.1, 3353777.8 ], [ 4537471.8, 3353741.5 ], [ 4537482.7, 3353683.2 ], [ 4537546.7, 3353603.5 ], [ 4537572.3, 3353585.0 ], [ 4537671.4, 3353578.4 ], [ 4537704.5, 3353591.9 ], [ 4537730.5, 3353633.5 ], [ 4537736.7, 3353697.2 ] ], [ [ 4538235.4, 3353733.2 ], [ 4538232.0, 3353695.7 ], [ 4538239.7, 3353671.3 ], [ 4538299.4, 3353625.4 ], [ 4538343.6, 3353615.9 ], [ 4538398.0, 3353639.3 ], [ 4538438.1, 3353728.1 ], [ 4538516.7, 3353845.6 ], [ 4538526.0, 3353884.7 ], [ 4538518.3, 3353898.4 ], [ 4538487.2, 3353911.7 ], [ 4538483.6, 3353944.7 ], [ 4538462.4, 3353952.2 ], [ 4538440.3, 3353923.6 ], [ 4538376.0, 3353883.2 ], [ 4538317.1, 3353823.4 ], [ 4538301.5, 3353787.7 ], [ 4538250.5, 3353755.8 ], [ 4538235.4, 3353733.2 ] ], [ [ 4541105.4, 3353778.1 ], [ 4541062.3, 3353712.4 ], [ 4541044.0, 3353706.7 ], [ 4541004.7, 3353720.1 ], [ 4540989.6, 3353717.0 ], [ 4540933.4, 3353636.5 ], [ 4540872.4, 3353636.3 ], [ 4540837.7, 3353607.5 ], [ 4540954.4, 3353542.7 ], [ 4541015.8, 3353443.8 ], [ 4541084.4, 3353400.5 ], [ 4541187.8, 3353472.6 ], [ 4541180.0, 3353498.8 ], [ 4541264.7, 3353713.2 ], [ 4541172.7, 3353754.3 ], [ 4541138.2, 3353751.3 ], [ 4541105.4, 3353778.1 ] ], [ [ 4540349.6, 3353514.2 ], [ 4540314.9, 3353546.9 ], [ 4540308.1, 3353538.6 ], [ 4540379.6, 3353452.8 ], [ 4540394.5, 3353390.4 ], [ 4540386.9, 3353375.2 ], [ 4540366.6, 3353362.2 ], [ 4540488.4, 3353296.3 ], [ 4540525.2, 3353252.5 ], [ 4540553.9, 3353233.2 ], [ 4540558.5, 3353210.9 ], [ 4540575.3, 3353223.1 ], [ 4540621.0, 3353217.6 ], [ 4540637.0, 3353226.3 ], [ 4540708.0, 3353236.1 ], [ 4540716.2, 3353261.8 ], [ 4540707.4, 3353272.9 ], [ 4540708.4, 3353290.4 ], [ 4540747.0, 3353316.4 ], [ 4540816.5, 3353307.3 ], [ 4540840.5, 3353252.2 ], [ 4540866.0, 3353299.6 ], [ 4540982.6, 3353344.4 ], [ 4540935.6, 3353357.5 ], [ 4540767.5, 3353359.2 ], [ 4540681.8, 3353372.8 ], [ 4540627.0, 3353367.5 ], [ 4540490.0, 3353384.1 ], [ 4540422.6, 3353413.5 ], [ 4540349.6, 3353514.2 ] ], [ [ 4540346.2, 3354104.7 ], [ 4540481.7, 3354197.4 ], [ 4540533.1, 3354222.4 ], [ 4540548.3, 3354322.9 ], [ 4540387.7, 3354231.2 ], [ 4540312.4, 3354223.1 ], [ 4540238.5, 3354192.3 ], [ 4540183.3, 3354198.9 ], [ 4540173.2, 3354186.4 ], [ 4540192.0, 3354164.4 ], [ 4540194.2, 3354147.0 ], [ 4540164.5, 3354113.1 ], [ 4540165.3, 3354085.0 ], [ 4540146.5, 3354045.2 ], [ 4540233.5, 3354042.6 ], [ 4540346.2, 3354104.7 ] ], [ [ 4538115.8, 3354521.1 ], [ 4538146.2, 3354530.6 ], [ 4538097.6, 3354593.0 ], [ 4538042.2, 3354598.6 ], [ 4538020.8, 3354538.9 ], [ 4538025.0, 3354469.1 ], [ 4538111.1, 3354494.0 ], [ 4538115.8, 3354521.1 ] ], [ [ 4538355.3, 3354988.9 ], [ 4538345.1, 3355134.8 ], [ 4538279.1, 3355142.3 ], [ 4538239.6, 3355176.2 ], [ 4538231.8, 3355206.4 ], [ 4538207.8, 3355195.8 ], [ 4538176.4, 3355203.6 ], [ 4538165.8, 3355161.8 ], [ 4538182.6, 3355105.5 ], [ 4538210.9, 3355079.2 ], [ 4538281.5, 3355048.7 ], [ 4538355.3, 3354988.9 ] ], [ [ 4536934.1, 3356137.0 ], [ 4536957.9, 3356174.0 ], [ 4536921.0, 3356205.2 ], [ 4536915.7, 3356226.1 ], [ 4536902.0, 3356226.8 ], [ 4536891.8, 3356206.2 ], [ 4536900.2, 3356192.4 ], [ 4536898.8, 3356175.8 ], [ 4536871.4, 3356159.4 ], [ 4536862.2, 3356144.3 ], [ 4536872.5, 3356124.6 ], [ 4536869.6, 3356108.1 ], [ 4536852.4, 3356095.7 ], [ 4536831.9, 3356099.7 ], [ 4536817.2, 3356081.2 ], [ 4536838.3, 3356032.4 ], [ 4536811.4, 3355990.3 ], [ 4536815.2, 3355960.5 ], [ 4536828.8, 3355952.3 ], [ 4536862.2, 3355984.4 ], [ 4536917.2, 3355988.8 ], [ 4536923.7, 3356007.2 ], [ 4536889.0, 3356067.7 ], [ 4536913.1, 3356126.9 ], [ 4536934.1, 3356137.0 ] ], [ [ 4536206.8, 3356074.3 ], [ 4536205.9, 3356138.4 ], [ 4536163.5, 3356152.0 ], [ 4536178.1, 3356014.8 ], [ 4536197.7, 3355969.5 ], [ 4536242.5, 3356002.5 ], [ 4536206.8, 3356074.3 ] ], [ [ 4536432.9, 3356446.7 ], [ 4536415.5, 3356511.3 ], [ 4536448.5, 3356636.5 ], [ 4536429.5, 3356669.6 ], [ 4536442.4, 3356732.2 ], [ 4536436.0, 3356828.1 ], [ 4536403.5, 3356898.1 ], [ 4536420.3, 3357015.7 ], [ 4536416.9, 3357094.1 ], [ 4536474.0, 3357192.8 ], [ 4536548.9, 3357293.9 ], [ 4536570.0, 3357373.1 ], [ 4536608.2, 3357442.8 ], [ 4536674.1, 3357480.6 ], [ 4536718.6, 3357527.9 ], [ 4536764.3, 3357543.8 ], [ 4536784.4, 3357537.7 ], [ 4536790.5, 3357524.7 ], [ 4536786.0, 3357506.4 ], [ 4536819.7, 3357480.0 ], [ 4536863.9, 3357491.4 ], [ 4536890.8, 3357586.9 ], [ 4536954.1, 3357691.3 ], [ 4536978.5, 3357702.7 ], [ 4537018.4, 3357757.8 ], [ 4536952.1, 3357755.4 ], [ 4536914.4, 3357678.6 ], [ 4536891.5, 3357659.1 ], [ 4536850.9, 3357662.6 ], [ 4536821.4, 3357644.8 ], [ 4536773.1, 3357641.0 ], [ 4536770.4, 3357620.2 ], [ 4536760.4, 3357609.4 ], [ 4536742.2, 3357608.4 ], [ 4536727.8, 3357623.9 ], [ 4536623.4, 3357564.8 ], [ 4536582.7, 3357583.0 ], [ 4536474.2, 3357501.8 ], [ 4536465.0, 3357477.0 ], [ 4536408.8, 3357452.9 ], [ 4536356.8, 3357410.8 ], [ 4536296.5, 3357423.7 ], [ 4536278.8, 3357372.8 ], [ 4536321.1, 3357350.8 ], [ 4536330.2, 3357333.1 ], [ 4536284.2, 3357185.2 ], [ 4536283.1, 3357154.8 ], [ 4536299.9, 3357093.6 ], [ 4536301.3, 3356975.4 ], [ 4536284.7, 3356948.9 ], [ 4536268.6, 3356945.8 ], [ 4536222.2, 3356962.5 ], [ 4536192.4, 3356997.7 ], [ 4536189.1, 3357073.1 ], [ 4536076.4, 3357110.5 ], [ 4536020.4, 3357099.0 ], [ 4535973.9, 3357076.0 ], [ 4535955.1, 3357083.6 ], [ 4535941.2, 3357114.4 ], [ 4535911.3, 3357100.7 ], [ 4535929.9, 3356981.9 ], [ 4535966.5, 3356937.6 ], [ 4535988.4, 3356987.5 ], [ 4536044.6, 3357048.8 ], [ 4536061.0, 3357053.4 ], [ 4536083.5, 3357039.9 ], [ 4536091.5, 3357015.8 ], [ 4536139.0, 3356962.6 ], [ 4536217.3, 3356950.3 ], [ 4536282.0, 3356913.9 ], [ 4536319.8, 3356702.9 ], [ 4536254.0, 3356534.3 ], [ 4536344.2, 3356394.2 ], [ 4536370.9, 3356388.1 ], [ 4536414.0, 3356396.8 ], [ 4536431.0, 3356425.7 ], [ 4536432.9, 3356446.7 ] ], [ [ 4539732.4, 3357786.5 ], [ 4539826.3, 3357669.8 ], [ 4539847.1, 3357705.9 ], [ 4539876.8, 3357719.4 ], [ 4539877.1, 3357752.4 ], [ 4539901.5, 3357772.4 ], [ 4539920.1, 3357806.5 ], [ 4539948.9, 3357836.8 ], [ 4539978.9, 3357856.6 ], [ 4540022.3, 3357859.8 ], [ 4540002.8, 3357916.2 ], [ 4540011.9, 3358008.4 ], [ 4540024.3, 3358049.7 ], [ 4540040.7, 3358062.7 ], [ 4540053.2, 3358094.0 ], [ 4540012.6, 3358115.7 ], [ 4540006.5, 3358128.8 ], [ 4540010.5, 3358144.0 ], [ 4539969.4, 3358171.8 ], [ 4539962.5, 3358188.4 ], [ 4540003.4, 3358243.2 ], [ 4540010.1, 3358278.0 ], [ 4540028.4, 3358287.5 ], [ 4540109.1, 3358283.7 ], [ 4540119.6, 3358295.5 ], [ 4540163.2, 3358388.7 ], [ 4540143.9, 3358475.6 ], [ 4540153.3, 3358494.4 ], [ 4540178.6, 3358509.2 ], [ 4540297.4, 3358525.3 ], [ 4540374.4, 3358577.8 ], [ 4540414.8, 3358583.8 ], [ 4540443.2, 3358698.6 ], [ 4540466.3, 3358727.4 ], [ 4540508.6, 3358863.7 ], [ 4540528.2, 3358872.6 ], [ 4540563.5, 3358858.1 ], [ 4540593.2, 3358856.3 ], [ 4540617.9, 3358881.4 ], [ 4540595.9, 3359013.2 ], [ 4540529.7, 3359080.9 ], [ 4540511.7, 3359078.9 ], [ 4540500.0, 3359087.8 ], [ 4540462.5, 3359174.5 ], [ 4540467.7, 3359194.7 ], [ 4540503.1, 3359223.5 ], [ 4540519.8, 3359225.4 ], [ 4540629.3, 3359126.0 ], [ 4540671.3, 3359126.1 ], [ 4540679.8, 3359158.6 ], [ 4540664.0, 3359158.9 ], [ 4540613.9, 3359189.9 ], [ 4540584.9, 3359256.4 ], [ 4540585.7, 3359269.7 ], [ 4540601.3, 3359290.7 ], [ 4540620.9, 3359298.6 ], [ 4540638.1, 3359286.4 ], [ 4540650.5, 3359247.0 ], [ 4540692.6, 3359187.7 ], [ 4540692.2, 3359170.1 ], [ 4540711.3, 3359168.2 ], [ 4540748.6, 3359134.5 ], [ 4540823.8, 3359136.9 ], [ 4541101.4, 3359301.9 ], [ 4541090.7, 3359421.1 ], [ 4541043.1, 3359420.5 ], [ 4541028.3, 3359435.3 ], [ 4541038.8, 3359496.9 ], [ 4540937.5, 3359503.8 ], [ 4540832.7, 3359432.3 ], [ 4540811.1, 3359442.5 ], [ 4540782.0, 3359498.6 ], [ 4540692.1, 3359485.1 ], [ 4540655.4, 3359452.5 ], [ 4540640.9, 3359449.3 ], [ 4540625.3, 3359459.1 ], [ 4540606.0, 3359508.4 ], [ 4540624.4, 3359558.6 ], [ 4540738.3, 3359689.5 ], [ 4540741.6, 3359730.1 ], [ 4540767.5, 3359796.6 ], [ 4540828.7, 3359887.7 ], [ 4540843.2, 3360017.6 ], [ 4540828.6, 3360027.0 ], [ 4540825.3, 3360043.9 ], [ 4540878.2, 3360189.2 ], [ 4540883.7, 3360211.1 ], [ 4540870.8, 3360274.6 ], [ 4540909.2, 3360372.6 ], [ 4540908.8, 3360412.9 ], [ 4540858.0, 3360470.5 ], [ 4540851.8, 3360496.3 ], [ 4540915.0, 3360543.7 ], [ 4540941.5, 3360590.6 ], [ 4541015.5, 3360617.5 ], [ 4541047.1, 3360641.8 ], [ 4541062.4, 3360693.8 ], [ 4541055.4, 3360732.6 ], [ 4541040.6, 3360747.1 ], [ 4541014.1, 3360756.5 ], [ 4541005.3, 3360776.4 ], [ 4541011.7, 3360789.8 ], [ 4541090.0, 3360857.0 ], [ 4541059.2, 3360938.1 ], [ 4541011.6, 3360989.2 ], [ 4541005.7, 3361015.3 ], [ 4541030.7, 3361060.4 ], [ 4541067.0, 3361085.3 ], [ 4541075.9, 3361178.5 ], [ 4541098.3, 3361233.0 ], [ 4541099.0, 3361250.6 ], [ 4541085.0, 3361276.8 ], [ 4541090.8, 3361344.6 ], [ 4541080.2, 3361351.2 ], [ 4541053.7, 3361339.0 ], [ 4541001.4, 3361263.4 ], [ 4540918.1, 3361232.0 ], [ 4540863.8, 3361150.0 ], [ 4540877.6, 3361105.8 ], [ 4540933.5, 3361055.6 ], [ 4540956.9, 3361010.5 ], [ 4540995.9, 3360962.3 ], [ 4540944.3, 3360845.1 ], [ 4540936.4, 3360754.5 ], [ 4540920.5, 3360734.2 ], [ 4540907.7, 3360696.8 ], [ 4540889.2, 3360687.8 ], [ 4540870.1, 3360695.6 ], [ 4540863.6, 3360754.4 ], [ 4540841.9, 3360769.1 ], [ 4540784.6, 3360716.1 ], [ 4540782.7, 3360701.7 ], [ 4540795.3, 3360690.7 ], [ 4540821.2, 3360688.3 ], [ 4540832.2, 3360674.1 ], [ 4540808.3, 3360609.2 ], [ 4540797.4, 3360597.7 ], [ 4540734.1, 3360574.3 ], [ 4540714.7, 3360582.1 ], [ 4540706.0, 3360611.3 ], [ 4540716.4, 3360673.4 ], [ 4540636.1, 3360676.0 ], [ 4540593.6, 3360693.5 ], [ 4540568.4, 3360632.3 ], [ 4540563.3, 3360576.9 ], [ 4540573.8, 3360484.8 ], [ 4540569.6, 3360460.3 ], [ 4540549.8, 3360424.1 ], [ 4540643.5, 3360394.4 ], [ 4540655.6, 3360373.7 ], [ 4540641.6, 3360307.8 ], [ 4540642.9, 3360269.5 ], [ 4540615.9, 3360159.4 ], [ 4540598.3, 3360146.5 ], [ 4540565.7, 3360151.4 ], [ 4540541.9, 3360032.7 ], [ 4540517.8, 3359999.3 ], [ 4540559.1, 3359959.1 ], [ 4540544.4, 3359852.2 ], [ 4540566.8, 3359810.3 ], [ 4540566.4, 3359796.2 ], [ 4540551.8, 3359782.0 ], [ 4540519.4, 3359780.4 ], [ 4540503.6, 3359740.8 ], [ 4540468.4, 3359731.9 ], [ 4540450.0, 3359711.9 ], [ 4540486.1, 3359497.3 ], [ 4540485.8, 3359438.1 ], [ 4540506.4, 3359430.6 ], [ 4540513.7, 3359413.8 ], [ 4540475.2, 3359361.2 ], [ 4540508.7, 3359326.9 ], [ 4540496.2, 3359275.7 ], [ 4540484.3, 3359264.6 ], [ 4540453.1, 3359257.1 ], [ 4540423.1, 3359189.3 ], [ 4540427.4, 3359127.3 ], [ 4540454.9, 3359127.7 ], [ 4540466.8, 3359119.1 ], [ 4540472.5, 3359102.5 ], [ 4540467.1, 3359069.4 ], [ 4540490.1, 3359023.1 ], [ 4540480.5, 3358840.5 ], [ 4540443.8, 3358763.6 ], [ 4540441.3, 3358743.5 ], [ 4540316.5, 3358665.7 ], [ 4540287.5, 3358596.9 ], [ 4540223.9, 3358571.0 ], [ 4540140.4, 3358603.2 ], [ 4540075.6, 3358589.4 ], [ 4540029.1, 3358564.5 ], [ 4539996.4, 3358532.5 ], [ 4539967.9, 3358455.5 ], [ 4539890.3, 3358402.3 ], [ 4539762.9, 3358370.3 ], [ 4539739.6, 3358381.9 ], [ 4539701.0, 3358329.9 ], [ 4539686.1, 3358283.8 ], [ 4539673.8, 3358276.8 ], [ 4539651.6, 3358278.6 ], [ 4539622.5, 3358165.7 ], [ 4539589.7, 3358119.3 ], [ 4539584.6, 3358099.3 ], [ 4539572.8, 3358090.9 ], [ 4539571.4, 3358058.3 ], [ 4539601.0, 3358047.9 ], [ 4539596.1, 3358012.5 ], [ 4539724.2, 3358000.5 ], [ 4539741.8, 3357988.4 ], [ 4539743.7, 3357973.9 ], [ 4539723.3, 3357922.1 ], [ 4539755.7, 3357859.2 ], [ 4539732.4, 3357786.5 ] ], [ [ 4539446.0, 3358011.0 ], [ 4539444.8, 3358053.4 ], [ 4539418.1, 3358053.3 ], [ 4539418.2, 3358010.7 ], [ 4539446.0, 3358011.0 ] ], [ [ 4537120.5, 3358182.1 ], [ 4537177.5, 3358227.4 ], [ 4537206.4, 3358284.7 ], [ 4537198.1, 3358325.6 ], [ 4537219.1, 3358345.5 ], [ 4537222.4, 3358454.4 ], [ 4537266.8, 3358497.9 ], [ 4537262.0, 3358519.1 ], [ 4537245.8, 3358530.2 ], [ 4537212.7, 3358524.3 ], [ 4537195.3, 3358537.2 ], [ 4537194.2, 3358551.9 ], [ 4537223.2, 3358614.8 ], [ 4537206.9, 3358621.8 ], [ 4537153.5, 3358605.9 ], [ 4537088.6, 3358612.0 ], [ 4537159.5, 3358512.9 ], [ 4537154.4, 3358435.1 ], [ 4537128.9, 3358389.8 ], [ 4537101.5, 3358387.8 ], [ 4537046.4, 3358358.1 ], [ 4537032.9, 3358326.3 ], [ 4537073.4, 3358247.5 ], [ 4537078.1, 3358175.6 ], [ 4537102.4, 3358154.1 ], [ 4537120.5, 3358182.1 ] ], [ [ 4535762.5, 3358459.0 ], [ 4535805.3, 3358476.5 ], [ 4535878.0, 3358461.0 ], [ 4536010.7, 3358463.4 ], [ 4536064.5, 3358527.7 ], [ 4536082.4, 3358584.5 ], [ 4536166.1, 3358619.3 ], [ 4536202.7, 3358604.8 ], [ 4536213.6, 3358608.0 ], [ 4536236.4, 3358636.8 ], [ 4536227.8, 3358652.4 ], [ 4536213.4, 3358658.0 ], [ 4536175.2, 3358666.9 ], [ 4536149.8, 3358663.3 ], [ 4536089.9, 3358616.8 ], [ 4536070.8, 3358612.5 ], [ 4536013.2, 3358621.7 ], [ 4535953.1, 3358585.6 ], [ 4535839.4, 3358565.1 ], [ 4535771.1, 3358516.8 ], [ 4535657.2, 3358490.9 ], [ 4535561.5, 3358508.0 ], [ 4535489.6, 3358492.3 ], [ 4535425.7, 3358510.2 ], [ 4535321.3, 3358480.3 ], [ 4535315.9, 3358462.4 ], [ 4535339.5, 3358438.6 ], [ 4535378.7, 3358434.3 ], [ 4535411.8, 3358413.3 ], [ 4535523.0, 3358404.6 ], [ 4535661.5, 3358451.3 ], [ 4535762.5, 3358459.0 ] ], [ [ 4537466.3, 3358662.0 ], [ 4537547.2, 3358472.6 ], [ 4537546.9, 3358427.7 ], [ 4537535.8, 3358381.5 ], [ 4537559.8, 3358374.9 ], [ 4537584.8, 3358387.6 ], [ 4537630.7, 3358433.8 ], [ 4537677.0, 3358465.6 ], [ 4537746.5, 3358477.3 ], [ 4537769.8, 3358466.2 ], [ 4537772.3, 3358435.6 ], [ 4537754.5, 3358340.7 ], [ 4537649.8, 3358229.0 ], [ 4537698.6, 3358197.5 ], [ 4537720.0, 3358199.9 ], [ 4537759.8, 3358183.3 ], [ 4537791.0, 3358200.1 ], [ 4537823.5, 3358258.0 ], [ 4537882.9, 3358261.4 ], [ 4537886.0, 3358278.7 ], [ 4537847.4, 3358304.6 ], [ 4537840.1, 3358335.8 ], [ 4537851.4, 3358366.2 ], [ 4537893.3, 3358410.4 ], [ 4537929.6, 3358415.7 ], [ 4537982.3, 3358447.3 ], [ 4538000.1, 3358446.6 ], [ 4538012.4, 3358425.6 ], [ 4537988.4, 3358364.1 ], [ 4537988.0, 3358339.5 ], [ 4538005.8, 3358326.7 ], [ 4538063.9, 3358320.6 ], [ 4538132.1, 3358372.4 ], [ 4538291.6, 3358571.6 ], [ 4538324.9, 3358598.4 ], [ 4538320.5, 3358628.2 ], [ 4538263.8, 3358664.6 ], [ 4538256.5, 3358680.7 ], [ 4538317.9, 3358768.7 ], [ 4538287.8, 3358781.2 ], [ 4538264.7, 3358768.5 ], [ 4538210.3, 3358763.8 ], [ 4538177.0, 3358740.6 ], [ 4538095.7, 3358755.8 ], [ 4538060.4, 3358754.9 ], [ 4538026.5, 3358743.8 ], [ 4537986.0, 3358758.8 ], [ 4537973.8, 3358786.6 ], [ 4537939.2, 3358805.6 ], [ 4537890.3, 3358787.6 ], [ 4537826.2, 3358776.1 ], [ 4537773.7, 3358786.0 ], [ 4537758.4, 3358804.0 ], [ 4537762.6, 3358855.4 ], [ 4537742.1, 3358872.9 ], [ 4537690.5, 3358878.2 ], [ 4537673.7, 3358941.9 ], [ 4537568.8, 3359021.5 ], [ 4537539.0, 3359013.7 ], [ 4537489.3, 3358913.5 ], [ 4537489.2, 3358891.0 ], [ 4537508.0, 3358865.7 ], [ 4537498.7, 3358758.8 ], [ 4537517.0, 3358741.8 ], [ 4537610.6, 3358747.1 ], [ 4537673.0, 3358779.8 ], [ 4537739.9, 3358792.6 ], [ 4537772.2, 3358774.2 ], [ 4537775.9, 3358752.0 ], [ 4537699.3, 3358651.3 ], [ 4537657.1, 3358611.2 ], [ 4537615.2, 3358594.9 ], [ 4537537.1, 3358594.0 ], [ 4537490.6, 3358676.0 ], [ 4537466.3, 3358662.0 ] ], [ [ 4536999.8, 3358715.8 ], [ 4537078.7, 3358812.6 ], [ 4537103.2, 3358802.7 ], [ 4537133.1, 3358814.8 ], [ 4537202.5, 3358800.0 ], [ 4537263.2, 3358806.8 ], [ 4537282.2, 3358791.6 ], [ 4537300.8, 3358789.3 ], [ 4537309.9, 3358803.3 ], [ 4537289.1, 3358842.1 ], [ 4537183.6, 3358976.8 ], [ 4537235.8, 3359093.5 ], [ 4537267.3, 3359119.2 ], [ 4537302.0, 3359169.7 ], [ 4537302.9, 3359203.2 ], [ 4537281.0, 3359256.8 ], [ 4537227.9, 3359298.0 ], [ 4537174.2, 3359309.9 ], [ 4537117.3, 3359295.1 ], [ 4537049.8, 3359271.0 ], [ 4537033.2, 3359247.7 ], [ 4537013.8, 3359241.7 ], [ 4536967.9, 3359268.2 ], [ 4536944.2, 3359265.3 ], [ 4536924.7, 3359255.9 ], [ 4536892.2, 3359210.8 ], [ 4536878.8, 3359174.4 ], [ 4536856.7, 3358991.8 ], [ 4536865.4, 3358904.3 ], [ 4536893.8, 3358815.9 ], [ 4536887.2, 3358728.7 ], [ 4536891.5, 3358713.5 ], [ 4536913.6, 3358689.7 ], [ 4536932.5, 3358687.3 ], [ 4536977.9, 3358700.8 ], [ 4536999.8, 3358715.8 ] ], [ [ 4537420.9, 3359112.9 ], [ 4537449.7, 3359088.7 ], [ 4537494.1, 3359148.8 ], [ 4537562.8, 3359192.9 ], [ 4537578.6, 3359185.4 ], [ 4537600.7, 3359154.7 ], [ 4537651.3, 3359125.5 ], [ 4537669.0, 3359124.0 ], [ 4537729.9, 3359144.0 ], [ 4537786.1, 3359135.4 ], [ 4537803.4, 3359085.4 ], [ 4537788.9, 3359069.9 ], [ 4537731.3, 3359040.8 ], [ 4537742.0, 3359022.8 ], [ 4537781.0, 3359025.1 ], [ 4537824.1, 3359044.4 ], [ 4537813.0, 3359080.6 ], [ 4537830.5, 3359101.2 ], [ 4537913.8, 3359063.3 ], [ 4537978.3, 3359064.8 ], [ 4537973.6, 3359114.5 ], [ 4537912.5, 3359142.5 ], [ 4537873.9, 3359143.7 ], [ 4537830.9, 3359124.3 ], [ 4537788.5, 3359150.1 ], [ 4537785.5, 3359172.9 ], [ 4537792.5, 3359187.2 ], [ 4537910.0, 3359244.3 ], [ 4537904.7, 3359253.2 ], [ 4537872.0, 3359255.2 ], [ 4537770.9, 3359235.2 ], [ 4537742.1, 3359208.4 ], [ 4537699.0, 3359196.2 ], [ 4537688.3, 3359179.9 ], [ 4537672.1, 3359175.7 ], [ 4537654.1, 3359181.5 ], [ 4537624.9, 3359217.9 ], [ 4537596.0, 3359233.5 ], [ 4537572.8, 3359197.7 ], [ 4537557.8, 3359196.7 ], [ 4537530.7, 3359210.6 ], [ 4537513.7, 3359225.6 ], [ 4537504.7, 3359247.2 ], [ 4537452.7, 3359294.2 ], [ 4537450.8, 3359312.5 ], [ 4537462.9, 3359326.0 ], [ 4537414.1, 3359395.3 ], [ 4537379.8, 3359475.2 ], [ 4537298.4, 3359523.1 ], [ 4537270.5, 3359595.0 ], [ 4537254.2, 3359614.7 ], [ 4537248.5, 3359640.9 ], [ 4537254.4, 3359661.6 ], [ 4537273.3, 3359674.7 ], [ 4537335.2, 3359650.1 ], [ 4537412.0, 3359671.6 ], [ 4537426.5, 3359685.7 ], [ 4537420.1, 3359706.5 ], [ 4537398.7, 3359719.0 ], [ 4537387.6, 3359752.4 ], [ 4537435.8, 3359851.1 ], [ 4537386.8, 3359912.0 ], [ 4537355.9, 3359981.3 ], [ 4537336.0, 3359935.0 ], [ 4537319.7, 3359919.4 ], [ 4537310.7, 3359844.0 ], [ 4537289.3, 3359798.9 ], [ 4537254.3, 3359779.1 ], [ 4537236.5, 3359714.3 ], [ 4537193.8, 3359657.7 ], [ 4537120.8, 3359443.8 ], [ 4537244.4, 3359497.3 ], [ 4537266.7, 3359490.0 ], [ 4537268.9, 3359454.7 ], [ 4537251.6, 3359434.5 ], [ 4537225.7, 3359427.2 ], [ 4537218.5, 3359391.8 ], [ 4537238.1, 3359363.2 ], [ 4537282.8, 3359355.5 ], [ 4537356.8, 3359307.8 ], [ 4537372.6, 3359266.2 ], [ 4537381.5, 3359206.5 ], [ 4537420.9, 3359112.9 ] ], [ [ 4539253.2, 3360012.7 ], [ 4539216.9, 3359968.1 ], [ 4539290.2, 3359968.2 ], [ 4539328.4, 3359930.5 ], [ 4539331.7, 3359912.8 ], [ 4539310.1, 3359896.0 ], [ 4539209.5, 3359914.7 ], [ 4539167.7, 3359835.8 ], [ 4539179.9, 3359817.9 ], [ 4539235.4, 3359824.6 ], [ 4539262.9, 3359808.0 ], [ 4539269.0, 3359788.4 ], [ 4539253.1, 3359751.5 ], [ 4539204.7, 3359730.0 ], [ 4539146.7, 3359671.5 ], [ 4539176.5, 3359646.2 ], [ 4539208.5, 3359685.3 ], [ 4539271.9, 3359719.0 ], [ 4539301.2, 3359762.4 ], [ 4539335.4, 3359774.6 ], [ 4539372.1, 3359754.8 ], [ 4539384.6, 3359718.7 ], [ 4539538.9, 3359715.5 ], [ 4539553.7, 3359924.0 ], [ 4539620.9, 3360045.9 ], [ 4539506.8, 3360097.6 ], [ 4539489.5, 3360092.3 ], [ 4539486.0, 3360048.2 ], [ 4539457.5, 3360022.1 ], [ 4539399.9, 3360040.1 ], [ 4539340.7, 3360025.4 ], [ 4539284.3, 3360024.8 ], [ 4539253.2, 3360012.7 ] ], [ [ 4536696.8, 3360074.7 ], [ 4536773.3, 3360119.4 ], [ 4536789.5, 3360115.1 ], [ 4536806.7, 3360097.7 ], [ 4536828.5, 3360102.2 ], [ 4536855.9, 3360143.2 ], [ 4536871.6, 3360150.3 ], [ 4536997.2, 3360090.2 ], [ 4537026.8, 3360098.5 ], [ 4537035.2, 3360131.5 ], [ 4536971.7, 3360203.4 ], [ 4536908.3, 3360234.7 ], [ 4536896.5, 3360258.8 ], [ 4536916.2, 3360299.4 ], [ 4536964.9, 3360325.3 ], [ 4536959.3, 3360359.5 ], [ 4536933.7, 3360375.8 ], [ 4536928.4, 3360396.4 ], [ 4536936.5, 3360408.5 ], [ 4536960.3, 3360417.5 ], [ 4536983.3, 3360500.0 ], [ 4537019.1, 3360517.5 ], [ 4537043.3, 3360545.1 ], [ 4537040.7, 3360572.8 ], [ 4537021.3, 3360590.1 ], [ 4536802.7, 3360595.9 ], [ 4536779.1, 3360572.8 ], [ 4536773.9, 3360538.3 ], [ 4536797.6, 3360534.6 ], [ 4536817.7, 3360520.8 ], [ 4536826.6, 3360454.9 ], [ 4536814.1, 3360429.0 ], [ 4536796.9, 3360419.3 ], [ 4536766.3, 3360417.0 ], [ 4536735.4, 3360428.6 ], [ 4536710.1, 3360456.2 ], [ 4536696.6, 3360489.2 ], [ 4536671.8, 3360499.5 ], [ 4536545.2, 3360473.7 ], [ 4536527.0, 3360457.8 ], [ 4536528.1, 3360417.8 ], [ 4536561.1, 3360400.2 ], [ 4536638.7, 3360393.4 ], [ 4536655.7, 3360381.0 ], [ 4536652.3, 3360357.0 ], [ 4536620.3, 3360342.7 ], [ 4536624.2, 3360322.7 ], [ 4536666.1, 3360311.9 ], [ 4536687.9, 3360286.0 ], [ 4536686.9, 3360261.6 ], [ 4536670.0, 3360241.8 ], [ 4536700.0, 3360221.0 ], [ 4536704.6, 3360204.2 ], [ 4536686.4, 3360177.4 ], [ 4536663.7, 3360172.7 ], [ 4536668.0, 3360128.7 ], [ 4536689.6, 3360109.1 ], [ 4536687.9, 3360087.3 ], [ 4536696.8, 3360074.7 ] ], [ [ 4537413.6, 3360328.7 ], [ 4537424.9, 3360282.9 ], [ 4537508.6, 3360286.6 ], [ 4537550.0, 3360349.3 ], [ 4537710.0, 3360381.7 ], [ 4537709.9, 3360410.7 ], [ 4537696.5, 3360423.3 ], [ 4537647.0, 3360429.8 ], [ 4537593.9, 3360424.7 ], [ 4537527.5, 3360403.1 ], [ 4537496.0, 3360377.2 ], [ 4537449.4, 3360359.7 ], [ 4537413.6, 3360328.7 ] ], [ [ 4539953.5, 3359815.0 ], [ 4539915.8, 3359636.0 ], [ 4539932.5, 3359624.6 ], [ 4540034.2, 3359804.8 ], [ 4540019.7, 3359830.2 ], [ 4539993.3, 3359834.2 ], [ 4539953.5, 3359815.0 ] ], [ [ 4539124.2, 3359579.6 ], [ 4539060.7, 3359639.5 ], [ 4538938.6, 3359553.7 ], [ 4538989.5, 3359485.2 ], [ 4539124.2, 3359579.6 ] ], [ [ 4537927.0, 3359499.3 ], [ 4537792.3, 3359610.0 ], [ 4537776.0, 3359608.4 ], [ 4537732.0, 3359569.2 ], [ 4537736.8, 3359559.3 ], [ 4537850.1, 3359485.7 ], [ 4537927.0, 3359499.3 ] ], [ [ 4539653.8, 3359506.7 ], [ 4539661.7, 3359444.8 ], [ 4539685.4, 3359444.2 ], [ 4539692.8, 3359465.5 ], [ 4539724.0, 3359488.1 ], [ 4539740.3, 3359481.9 ], [ 4539768.4, 3359442.5 ], [ 4539832.5, 3359517.5 ], [ 4539826.9, 3359597.2 ], [ 4539774.5, 3359608.4 ], [ 4539653.8, 3359506.7 ] ], [ [ 4539232.9, 3359282.6 ], [ 4539308.7, 3359234.7 ], [ 4539317.1, 3359198.5 ], [ 4539354.2, 3359218.3 ], [ 4539405.8, 3359374.0 ], [ 4539392.2, 3359413.1 ], [ 4539333.9, 3359389.9 ], [ 4539250.1, 3359371.7 ], [ 4539238.3, 3359337.9 ], [ 4539232.9, 3359282.6 ] ], [ [ 4538699.3, 3359096.6 ], [ 4538534.0, 3359022.0 ], [ 4538512.6, 3359031.3 ], [ 4538495.7, 3359076.3 ], [ 4538477.1, 3359065.4 ], [ 4538464.5, 3359052.8 ], [ 4538475.5, 3358993.0 ], [ 4538436.0, 3358968.0 ], [ 4538401.8, 3358874.0 ], [ 4538401.6, 3358846.6 ], [ 4538495.6, 3358958.7 ], [ 4538637.0, 3359049.6 ], [ 4538706.6, 3359070.8 ], [ 4538733.1, 3359094.1 ], [ 4538699.3, 3359096.6 ] ], [ [ 4538661.1, 3360677.2 ], [ 4538667.9, 3360704.3 ], [ 4538684.8, 3360726.1 ], [ 4538651.8, 3360741.0 ], [ 4538598.3, 3360752.9 ], [ 4538568.6, 3360749.7 ], [ 4538536.1, 3360727.2 ], [ 4538548.8, 3360702.3 ], [ 4538606.5, 3360688.6 ], [ 4538649.5, 3360668.7 ], [ 4538661.1, 3360677.2 ] ], [ [ 4538428.9, 3360737.6 ], [ 4538370.4, 3360734.4 ], [ 4538315.9, 3360707.5 ], [ 4538326.7, 3360703.8 ], [ 4538445.4, 3360730.8 ], [ 4538428.9, 3360737.6 ] ], [ [ 4538838.8, 3360764.2 ], [ 4538895.3, 3360695.3 ], [ 4538924.0, 3360691.8 ], [ 4539015.0, 3360699.9 ], [ 4539035.8, 3360728.1 ], [ 4539030.4, 3360779.2 ], [ 4538903.4, 3360839.3 ], [ 4538823.9, 3360844.9 ], [ 4538674.8, 3360824.4 ], [ 4538605.3, 3360787.7 ], [ 4538665.2, 3360793.3 ], [ 4538706.0, 3360779.8 ], [ 4538757.7, 3360780.3 ], [ 4538793.6, 3360810.3 ], [ 4538815.9, 3360818.8 ], [ 4538833.3, 3360806.9 ], [ 4538838.8, 3360764.2 ] ], [ [ 4539066.4, 3360795.8 ], [ 4539103.0, 3360753.0 ], [ 4539195.2, 3360782.1 ], [ 4539212.8, 3360803.1 ], [ 4539259.9, 3360795.8 ], [ 4539280.8, 3360821.3 ], [ 4539323.5, 3360849.4 ], [ 4539324.7, 3360860.7 ], [ 4539202.1, 3360824.9 ], [ 4539186.5, 3360834.6 ], [ 4539170.0, 3360871.3 ], [ 4539082.9, 3360819.7 ], [ 4539066.4, 3360795.8 ] ], [ [ 4539903.8, 3361008.6 ], [ 4539763.3, 3360855.1 ], [ 4539802.7, 3360851.7 ], [ 4539853.2, 3360818.1 ], [ 4539883.5, 3360861.5 ], [ 4539889.6, 3360944.8 ], [ 4539903.8, 3361008.6 ] ], [ [ 4539542.0, 3360699.7 ], [ 4539590.9, 3360686.5 ], [ 4539632.2, 3360689.6 ], [ 4539649.3, 3360701.8 ], [ 4539652.6, 3360727.0 ], [ 4539646.6, 3360737.3 ], [ 4539630.6, 3360740.6 ], [ 4539593.8, 3360721.3 ], [ 4539548.4, 3360719.0 ], [ 4539540.2, 3360714.7 ], [ 4539542.0, 3360699.7 ] ], [ [ 4541161.5, 3359945.4 ], [ 4541206.4, 3359789.3 ], [ 4541269.2, 3359790.7 ], [ 4541270.3, 3359856.9 ], [ 4541367.2, 3359950.0 ], [ 4541351.0, 3360052.2 ], [ 4541332.4, 3360070.4 ], [ 4541331.7, 3360144.3 ], [ 4541308.2, 3360168.4 ], [ 4541297.3, 3360193.4 ], [ 4541298.5, 3360216.7 ], [ 4541315.5, 3360240.1 ], [ 4541313.5, 3360250.1 ], [ 4541280.9, 3360265.4 ], [ 4541174.9, 3360148.9 ], [ 4541161.5, 3359945.4 ] ], [ [ 4539911.2, 3357690.4 ], [ 4539925.2, 3357687.0 ], [ 4539965.7, 3357716.6 ], [ 4539970.2, 3357743.4 ], [ 4539964.7, 3357749.9 ], [ 4539949.6, 3357752.6 ], [ 4539936.8, 3357723.9 ], [ 4539904.7, 3357705.3 ], [ 4539911.2, 3357690.4 ] ], [ [ 4539228.9, 3357567.8 ], [ 4539165.3, 3357680.4 ], [ 4539137.4, 3357676.5 ], [ 4539104.8, 3357588.0 ], [ 4539109.2, 3357565.7 ], [ 4539137.9, 3357553.5 ], [ 4539147.9, 3357538.0 ], [ 4539146.0, 3357481.3 ], [ 4539127.6, 3357388.2 ], [ 4539174.6, 3357341.6 ], [ 4539188.2, 3357251.3 ], [ 4539269.9, 3357240.5 ], [ 4539274.9, 3357272.4 ], [ 4539228.4, 3357291.2 ], [ 4539184.2, 3357398.1 ], [ 4539237.3, 3357517.0 ], [ 4539300.5, 3357546.9 ], [ 4539241.0, 3357557.9 ], [ 4539228.9, 3357567.8 ] ], [ [ 4537483.8, 3357266.8 ], [ 4537441.4, 3357328.5 ], [ 4537369.8, 3357252.9 ], [ 4537387.5, 3357232.2 ], [ 4537387.4, 3357195.0 ], [ 4537379.3, 3357178.7 ], [ 4537361.7, 3357174.1 ], [ 4537318.5, 3357206.1 ], [ 4537274.5, 3357264.3 ], [ 4537249.9, 3357271.0 ], [ 4537230.1, 3357256.3 ], [ 4537197.3, 3357269.2 ], [ 4537167.9, 3357265.7 ], [ 4537143.4, 3357307.5 ], [ 4537115.3, 3357306.6 ], [ 4537103.0, 3357315.2 ], [ 4537102.9, 3357345.3 ], [ 4537066.3, 3357359.1 ], [ 4537053.2, 3357348.3 ], [ 4537038.1, 3357310.8 ], [ 4537002.8, 3357295.8 ], [ 4536975.2, 3357229.3 ], [ 4536950.6, 3357210.0 ], [ 4536957.5, 3357136.5 ], [ 4536984.7, 3357056.6 ], [ 4537113.0, 3357036.7 ], [ 4537208.8, 3357081.3 ], [ 4537221.6, 3357075.2 ], [ 4537274.3, 3357011.2 ], [ 4537329.0, 3357022.9 ], [ 4537361.3, 3357014.0 ], [ 4537401.5, 3357053.7 ], [ 4537500.3, 3357187.5 ], [ 4537486.7, 3357202.4 ], [ 4537483.8, 3357266.8 ] ], [ [ 4538515.7, 3356474.5 ], [ 4538534.9, 3356476.7 ], [ 4538544.0, 3356494.3 ], [ 4538540.2, 3356527.5 ], [ 4538529.7, 3356533.0 ], [ 4538499.9, 3356526.8 ], [ 4538495.8, 3356510.9 ], [ 4538499.1, 3356491.2 ], [ 4538515.7, 3356474.5 ] ], [ [ 4536771.9, 3361110.1 ], [ 4536706.2, 3361088.4 ], [ 4536680.1, 3361068.4 ], [ 4536676.3, 3361051.3 ], [ 4536704.3, 3361018.6 ], [ 4536840.0, 3361021.4 ], [ 4536847.0, 3361030.8 ], [ 4536841.5, 3361054.7 ], [ 4536771.9, 3361110.1 ] ], [ [ 4535696.3, 3361983.7 ], [ 4535779.2, 3362029.8 ], [ 4535784.3, 3362040.9 ], [ 4535753.7, 3362122.8 ], [ 4535723.8, 3362133.6 ], [ 4535715.2, 3362149.4 ], [ 4535750.0, 3362210.2 ], [ 4535738.2, 3362245.3 ], [ 4535747.9, 3362267.4 ], [ 4535745.6, 3362293.5 ], [ 4535733.7, 3362315.0 ], [ 4535717.7, 3362325.6 ], [ 4535647.2, 3362326.6 ], [ 4535624.3, 3362336.1 ], [ 4535610.0, 3362349.2 ], [ 4535605.1, 3362367.0 ], [ 4535618.4, 3362390.6 ], [ 4535644.2, 3362391.7 ], [ 4535685.6, 3362468.9 ], [ 4535704.1, 3362569.5 ], [ 4535700.7, 3362618.8 ], [ 4535614.4, 3362606.7 ], [ 4535521.3, 3362582.2 ], [ 4535513.5, 3362564.1 ], [ 4535513.8, 3362556.9 ], [ 4535553.9, 3362552.1 ], [ 4535570.4, 3362539.4 ], [ 4535599.0, 3362417.4 ], [ 4535589.2, 3362386.2 ], [ 4535551.3, 3362367.3 ], [ 4535565.1, 3362271.5 ], [ 4535631.3, 3362243.2 ], [ 4535640.7, 3362223.5 ], [ 4535633.2, 3362208.1 ], [ 4535615.8, 3362198.4 ], [ 4535570.0, 3362216.8 ], [ 4535548.3, 3362215.2 ], [ 4535539.2, 3362203.2 ], [ 4535541.9, 3362173.9 ], [ 4535514.3, 3362070.7 ], [ 4535516.7, 3362047.0 ], [ 4535566.3, 3361918.3 ], [ 4535613.9, 3361889.8 ], [ 4535650.3, 3361911.5 ], [ 4535696.3, 3361983.7 ] ], [ [ 4535102.7, 3362209.9 ], [ 4535091.7, 3362234.3 ], [ 4535053.8, 3362277.6 ], [ 4535024.9, 3362274.0 ], [ 4535018.9, 3362249.1 ], [ 4535043.7, 3362197.1 ], [ 4535043.0, 3362182.7 ], [ 4534976.8, 3362124.9 ], [ 4534917.1, 3362099.7 ], [ 4534889.2, 3362071.6 ], [ 4534861.8, 3362027.5 ], [ 4534857.7, 3361996.8 ], [ 4534874.3, 3361970.0 ], [ 4534888.7, 3361962.9 ], [ 4534924.0, 3361965.9 ], [ 4534943.4, 3362012.6 ], [ 4534975.8, 3362025.7 ], [ 4535003.5, 3362053.4 ], [ 4535021.7, 3362054.3 ], [ 4535032.8, 3362044.6 ], [ 4535035.3, 3362029.7 ], [ 4535005.6, 3361970.7 ], [ 4535001.1, 3361935.6 ], [ 4535021.7, 3361913.9 ], [ 4535036.6, 3361915.8 ], [ 4535100.1, 3362032.1 ], [ 4535110.3, 3362097.2 ], [ 4535130.8, 3362130.0 ], [ 4535103.8, 3362174.1 ], [ 4535102.7, 3362209.9 ] ], [ [ 4535217.0, 3362586.5 ], [ 4535191.8, 3362627.1 ], [ 4535169.0, 3362634.7 ], [ 4535138.1, 3362626.7 ], [ 4535123.8, 3362613.4 ], [ 4535090.7, 3362541.1 ], [ 4535041.8, 3362495.6 ], [ 4535030.9, 3362474.9 ], [ 4535030.9, 3362449.3 ], [ 4535038.1, 3362425.4 ], [ 4535068.4, 3362385.5 ], [ 4535106.4, 3362374.1 ], [ 4535123.8, 3362385.4 ], [ 4535142.2, 3362423.6 ], [ 4535198.2, 3362455.4 ], [ 4535217.0, 3362586.5 ] ], [ [ 4535507.0, 3362772.7 ], [ 4535567.4, 3362858.5 ], [ 4535583.9, 3362911.8 ], [ 4535652.8, 3363025.6 ], [ 4535702.4, 3363128.6 ], [ 4535754.8, 3363279.4 ], [ 4535759.5, 3363375.4 ], [ 4535786.2, 3363461.9 ], [ 4535914.5, 3363634.4 ], [ 4535937.9, 3363744.2 ], [ 4535921.4, 3363819.1 ], [ 4535928.8, 3363855.5 ], [ 4536004.5, 3363918.6 ], [ 4536013.6, 3363944.2 ], [ 4535983.8, 3364020.9 ], [ 4535939.2, 3364077.8 ], [ 4535914.3, 3364095.6 ], [ 4535903.5, 3364095.8 ], [ 4535865.9, 3364061.1 ], [ 4535837.7, 3364049.2 ], [ 4535770.4, 3364051.1 ], [ 4535737.1, 3364042.8 ], [ 4535685.4, 3364009.0 ], [ 4535634.2, 3363958.4 ], [ 4535608.5, 3363945.4 ], [ 4535591.4, 3363950.5 ], [ 4535555.5, 3363988.4 ], [ 4535496.4, 3364009.2 ], [ 4535456.4, 3364059.7 ], [ 4535442.9, 3364115.2 ], [ 4535425.3, 3364148.3 ], [ 4535425.2, 3364238.1 ], [ 4535412.0, 3364273.7 ], [ 4535375.5, 3364298.4 ], [ 4535364.2, 3364326.2 ], [ 4535365.8, 3364351.8 ], [ 4535386.6, 3364380.3 ], [ 4535383.2, 3364400.7 ], [ 4535357.1, 3364425.3 ], [ 4535359.2, 3364452.7 ], [ 4535346.8, 3364482.2 ], [ 4535303.1, 3364501.6 ], [ 4535289.7, 3364521.6 ], [ 4535298.4, 3364541.5 ], [ 4535342.3, 3364564.3 ], [ 4535372.7, 3364591.0 ], [ 4535442.8, 3364607.1 ], [ 4535455.8, 3364631.0 ], [ 4535457.8, 3364665.0 ], [ 4535448.4, 3364696.3 ], [ 4535462.2, 3364718.8 ], [ 4535504.8, 3364725.6 ], [ 4535567.5, 3364759.0 ], [ 4535572.1, 3364785.4 ], [ 4535563.6, 3364811.0 ], [ 4535519.8, 3364865.9 ], [ 4535455.9, 3364937.2 ], [ 4535419.3, 3364940.8 ], [ 4535388.3, 3364924.9 ], [ 4535298.5, 3364908.3 ], [ 4535271.7, 3364894.4 ], [ 4535209.7, 3364895.7 ], [ 4535146.3, 3364875.7 ], [ 4535117.4, 3364847.0 ], [ 4535108.6, 3364804.9 ], [ 4535115.2, 3364785.2 ], [ 4535174.3, 3364725.2 ], [ 4535165.1, 3364674.1 ], [ 4535187.7, 3364615.2 ], [ 4535170.0, 3364577.3 ], [ 4535121.3, 3364548.9 ], [ 4535074.3, 3364498.7 ], [ 4535082.0, 3364451.1 ], [ 4535133.3, 3364373.5 ], [ 4535137.3, 3364356.0 ], [ 4535083.5, 3364276.1 ], [ 4535063.2, 3364220.7 ], [ 4535072.4, 3364197.2 ], [ 4535136.8, 3364173.9 ], [ 4535149.4, 3364158.4 ], [ 4535143.3, 3364104.7 ], [ 4535109.1, 3364041.1 ], [ 4535105.2, 3364018.1 ], [ 4535121.6, 3363972.7 ], [ 4535159.5, 3363950.2 ], [ 4535208.5, 3363946.1 ], [ 4535282.2, 3363996.4 ], [ 4535302.2, 3364000.6 ], [ 4535364.2, 3363975.1 ], [ 4535377.2, 3363952.5 ], [ 4535375.5, 3363933.0 ], [ 4535342.4, 3363896.9 ], [ 4535303.6, 3363817.4 ], [ 4535234.5, 3363779.5 ], [ 4535226.2, 3363768.1 ], [ 4535211.2, 3363703.0 ], [ 4535206.7, 3363629.3 ], [ 4535213.2, 3363590.6 ], [ 4535224.2, 3363576.4 ], [ 4535250.1, 3363565.2 ], [ 4535255.8, 3363547.9 ], [ 4535132.0, 3363417.7 ], [ 4535122.3, 3363167.3 ], [ 4535130.3, 3363132.5 ], [ 4535199.3, 3363025.8 ], [ 4535210.2, 3362948.0 ], [ 4535234.7, 3362930.4 ], [ 4535272.8, 3362919.5 ], [ 4535294.5, 3362921.6 ], [ 4535331.8, 3362939.9 ], [ 4535340.0, 3362958.2 ], [ 4535339.5, 3363003.0 ], [ 4535350.2, 3363017.3 ], [ 4535437.6, 3363055.2 ], [ 4535452.4, 3363054.4 ], [ 4535463.4, 3363044.4 ], [ 4535463.4, 3362997.0 ], [ 4535430.6, 3362937.0 ], [ 4535420.4, 3362877.6 ], [ 4535351.2, 3362721.2 ], [ 4535357.5, 3362698.7 ], [ 4535406.8, 3362670.1 ], [ 4535422.6, 3362672.9 ], [ 4535461.5, 3362727.2 ], [ 4535507.0, 3362772.7 ] ], [ [ 4530860.4, 3363262.1 ], [ 4530760.7, 3363271.0 ], [ 4530748.6, 3363171.7 ], [ 4530837.5, 3363159.3 ], [ 4530915.5, 3363132.5 ], [ 4530946.4, 3363098.8 ], [ 4530948.9, 3363077.9 ], [ 4530936.1, 3363064.8 ], [ 4530921.3, 3363064.5 ], [ 4530862.6, 3363095.7 ], [ 4530835.8, 3363090.2 ], [ 4530820.1, 3363054.7 ], [ 4530825.5, 3363039.1 ], [ 4530859.7, 3363022.8 ], [ 4530901.2, 3362972.1 ], [ 4530914.3, 3362841.8 ], [ 4530923.3, 3362819.6 ], [ 4530954.3, 3362797.3 ], [ 4531072.9, 3362788.1 ], [ 4531114.9, 3362804.6 ], [ 4531147.2, 3362836.2 ], [ 4531120.0, 3362886.0 ], [ 4531014.4, 3362979.2 ], [ 4530979.0, 3363031.0 ], [ 4530988.4, 3363055.9 ], [ 4531025.5, 3363061.2 ], [ 4530991.5, 3363163.4 ], [ 4530978.6, 3363185.1 ], [ 4530860.4, 3363262.1 ] ], [ [ 4533165.3, 3362802.0 ], [ 4533161.3, 3362742.6 ], [ 4533149.0, 3362702.5 ], [ 4533084.6, 3362647.9 ], [ 4533066.5, 3362614.6 ], [ 4533068.5, 3362570.5 ], [ 4533084.7, 3362546.8 ], [ 4533098.4, 3362542.8 ], [ 4533152.0, 3362571.2 ], [ 4533189.2, 3362577.2 ], [ 4533224.2, 3362593.2 ], [ 4533264.4, 3362649.0 ], [ 4533269.9, 3362689.2 ], [ 4533313.1, 3362741.9 ], [ 4533321.6, 3362850.1 ], [ 4533313.7, 3362887.5 ], [ 4533294.4, 3362906.8 ], [ 4533273.6, 3362907.0 ], [ 4533165.3, 3362802.0 ] ], [ [ 4531194.7, 3362756.4 ], [ 4531177.6, 3362744.5 ], [ 4531173.3, 3362730.8 ], [ 4531171.6, 3362612.0 ], [ 4531187.0, 3362577.7 ], [ 4531304.2, 3362480.3 ], [ 4531333.4, 3362472.8 ], [ 4531392.3, 3362475.4 ], [ 4531533.3, 3362536.7 ], [ 4531538.0, 3362546.0 ], [ 4531444.5, 3362598.1 ], [ 4531380.4, 3362675.6 ], [ 4531354.9, 3362693.9 ], [ 4531194.7, 3362756.4 ] ], [ [ 4530575.8, 3363554.5 ], [ 4530557.8, 3363595.6 ], [ 4530492.5, 3363627.8 ], [ 4530457.9, 3363688.4 ], [ 4530423.4, 3363674.1 ], [ 4530502.2, 3363473.0 ], [ 4530530.2, 3363447.8 ], [ 4530542.7, 3363454.0 ], [ 4530534.8, 3363496.2 ], [ 4530575.9, 3363526.1 ], [ 4530575.8, 3363554.5 ] ], [ [ 4532388.2, 3363579.8 ], [ 4532430.0, 3363571.0 ], [ 4532490.5, 3363621.8 ], [ 4532517.7, 3363709.5 ], [ 4532501.3, 3363713.7 ], [ 4532488.3, 3363734.9 ], [ 4532414.3, 3363730.9 ], [ 4532416.2, 3363691.1 ], [ 4532434.8, 3363681.6 ], [ 4532438.2, 3363664.5 ], [ 4532388.2, 3363579.8 ] ], [ [ 4530429.6, 3363896.8 ], [ 4530412.1, 3363922.3 ], [ 4530386.6, 3363934.2 ], [ 4530292.4, 3363940.4 ], [ 4530255.0, 3363928.4 ], [ 4530229.9, 3363911.5 ], [ 4530209.3, 3363878.7 ], [ 4530200.3, 3363819.6 ], [ 4530211.1, 3363789.7 ], [ 4530236.1, 3363772.4 ], [ 4530287.3, 3363758.7 ], [ 4530370.2, 3363767.3 ], [ 4530410.6, 3363805.4 ], [ 4530429.6, 3363896.8 ] ], [ [ 4530687.9, 3363900.3 ], [ 4530733.4, 3363899.4 ], [ 4530778.8, 3363977.0 ], [ 4530787.4, 3364050.0 ], [ 4530779.7, 3364084.8 ], [ 4530787.8, 3364118.6 ], [ 4530818.5, 3364138.3 ], [ 4530863.9, 3364148.1 ], [ 4530878.8, 3364161.4 ], [ 4530887.6, 3364194.9 ], [ 4530881.8, 3364236.8 ], [ 4530898.0, 3364274.4 ], [ 4530946.0, 3364336.8 ], [ 4530971.0, 3364383.7 ], [ 4531012.1, 3364576.2 ], [ 4530955.1, 3364566.8 ], [ 4530911.1, 3364476.1 ], [ 4530897.8, 3364393.8 ], [ 4530834.1, 3364309.4 ], [ 4530815.1, 3364225.1 ], [ 4530751.2, 3364152.2 ], [ 4530724.3, 3364106.8 ], [ 4530746.2, 3364039.0 ], [ 4530718.3, 3363998.6 ], [ 4530687.9, 3363900.3 ] ], [ [ 4531688.0, 3364224.1 ], [ 4531652.6, 3364176.0 ], [ 4531637.0, 3364167.8 ], [ 4531603.7, 3364189.4 ], [ 4531568.2, 3364156.3 ], [ 4531612.3, 3364122.2 ], [ 4531654.1, 3364102.1 ], [ 4531743.3, 3364161.7 ], [ 4531755.3, 3364183.6 ], [ 4531754.8, 3364218.6 ], [ 4531720.9, 3364299.0 ], [ 4531681.2, 3364261.5 ], [ 4531688.0, 3364224.1 ] ], [ [ 4534996.4, 3364348.9 ], [ 4534982.9, 3364390.0 ], [ 4534949.3, 3364383.7 ], [ 4534938.2, 3364373.8 ], [ 4534940.3, 3364316.0 ], [ 4534928.6, 3364277.7 ], [ 4534906.7, 3364253.0 ], [ 4534867.9, 3364241.5 ], [ 4534865.2, 3364223.1 ], [ 4534872.8, 3364211.7 ], [ 4534900.4, 3364208.1 ], [ 4534919.7, 3364222.5 ], [ 4534941.4, 3364257.8 ], [ 4534978.6, 3364271.2 ], [ 4534983.7, 3364319.2 ], [ 4534996.4, 3364348.9 ] ], [ [ 4536601.7, 3364514.7 ], [ 4536613.5, 3364512.8 ], [ 4536642.9, 3364532.1 ], [ 4536640.8, 3364570.6 ], [ 4536622.2, 3364562.8 ], [ 4536601.7, 3364514.7 ] ], [ [ 4535641.9, 3364294.5 ], [ 4535704.9, 3364211.3 ], [ 4535797.7, 3364225.0 ], [ 4535878.2, 3364331.3 ], [ 4535879.4, 3364394.1 ], [ 4535868.5, 3364420.0 ], [ 4535846.2, 3364446.3 ], [ 4535772.0, 3364494.2 ], [ 4535720.1, 3364476.7 ], [ 4535699.7, 3364436.6 ], [ 4535672.6, 3364427.6 ], [ 4535652.4, 3364407.9 ], [ 4535636.2, 3364349.9 ], [ 4535641.9, 3364294.5 ] ], [ [ 4536446.6, 3364384.8 ], [ 4536452.8, 3364350.8 ], [ 4536421.0, 3364299.0 ], [ 4536420.2, 3364284.3 ], [ 4536473.3, 3364223.3 ], [ 4536475.7, 3364198.6 ], [ 4536447.7, 3364160.2 ], [ 4536377.8, 3364120.8 ], [ 4536382.0, 3364110.7 ], [ 4536434.2, 3364079.0 ], [ 4536446.9, 3364078.9 ], [ 4536538.2, 3364141.7 ], [ 4536577.0, 3364156.3 ], [ 4536575.6, 3364202.7 ], [ 4536582.5, 3364221.5 ], [ 4536626.6, 3364254.4 ], [ 4536642.9, 3364289.9 ], [ 4536641.3, 3364326.7 ], [ 4536623.5, 3364349.3 ], [ 4536573.7, 3364352.4 ], [ 4536507.4, 3364400.3 ], [ 4536478.4, 3364409.1 ], [ 4536451.1, 3364403.8 ], [ 4536446.6, 3364384.8 ] ], [ [ 4536758.4, 3364087.5 ], [ 4536786.4, 3364081.2 ], [ 4536790.7, 3364093.3 ], [ 4536739.0, 3364146.3 ], [ 4536717.4, 3364152.4 ], [ 4536715.4, 3364131.5 ], [ 4536758.4, 3364087.5 ] ], [ [ 4536153.8, 3364152.6 ], [ 4536114.5, 3364127.1 ], [ 4536080.1, 3363972.4 ], [ 4536081.7, 3363887.9 ], [ 4536060.5, 3363698.5 ], [ 4536046.5, 3363645.8 ], [ 4536048.5, 3363606.5 ], [ 4536005.2, 3363490.1 ], [ 4535986.2, 3363397.7 ], [ 4535987.5, 3363378.5 ], [ 4536002.4, 3363357.3 ], [ 4536014.4, 3363360.6 ], [ 4536028.0, 3363378.4 ], [ 4536098.5, 3363555.0 ], [ 4536164.0, 3363898.8 ], [ 4536192.4, 3363994.2 ], [ 4536196.7, 3364084.3 ], [ 4536189.0, 3364136.6 ], [ 4536184.9, 3364150.8 ], [ 4536153.8, 3364152.6 ] ], [ [ 4535913.2, 3363467.3 ], [ 4535900.5, 3363448.2 ], [ 4535921.5, 3363436.7 ], [ 4535930.9, 3363457.1 ], [ 4535913.2, 3363467.3 ] ], [ [ 4536070.2, 3364375.5 ], [ 4536055.3, 3364370.1 ], [ 4536043.0, 3364352.2 ], [ 4536036.4, 3364331.9 ], [ 4536039.7, 3364282.8 ], [ 4536078.1, 3364309.3 ], [ 4536087.1, 3364332.5 ], [ 4536089.6, 3364360.4 ], [ 4536070.2, 3364375.5 ] ], [ [ 4535362.2, 3365000.5 ], [ 4535350.0, 3365079.6 ], [ 4535384.5, 3365125.8 ], [ 4535353.4, 3365151.7 ], [ 4535348.1, 3365167.8 ], [ 4535367.2, 3365217.3 ], [ 4535383.1, 3365235.4 ], [ 4535406.7, 3365232.9 ], [ 4535435.0, 3365191.0 ], [ 4535453.1, 3365193.1 ], [ 4535465.1, 3365185.6 ], [ 4535465.9, 3365158.8 ], [ 4535537.5, 3365066.0 ], [ 4535567.5, 3365064.4 ], [ 4535588.7, 3365050.7 ], [ 4535614.3, 3365086.9 ], [ 4535635.7, 3365084.3 ], [ 4535651.8, 3365063.2 ], [ 4535694.1, 3365101.2 ], [ 4535718.6, 3365137.0 ], [ 4535734.5, 3365182.5 ], [ 4535700.5, 3365201.7 ], [ 4535665.3, 3365200.3 ], [ 4535650.4, 3365208.6 ], [ 4535642.3, 3365234.8 ], [ 4535660.7, 3365279.4 ], [ 4535560.5, 3365306.2 ], [ 4535543.7, 3365282.7 ], [ 4535520.3, 3365281.4 ], [ 4535463.8, 3365249.5 ], [ 4535413.6, 3365235.1 ], [ 4535393.6, 3365250.4 ], [ 4535384.4, 3365326.7 ], [ 4535370.9, 3365338.1 ], [ 4535329.7, 3365329.0 ], [ 4535293.8, 3365331.0 ], [ 4535236.8, 3365309.9 ], [ 4535201.9, 3365253.8 ], [ 4535224.4, 3365228.8 ], [ 4535214.7, 3365198.7 ], [ 4535183.7, 3365190.2 ], [ 4535157.3, 3365213.1 ], [ 4535122.2, 3365217.8 ], [ 4535114.2, 3365182.2 ], [ 4535126.5, 3365128.1 ], [ 4535166.6, 3365070.1 ], [ 4535250.3, 3365050.9 ], [ 4535268.8, 3365000.7 ], [ 4535301.5, 3364979.5 ], [ 4535333.9, 3364970.2 ], [ 4535362.2, 3365000.5 ] ], [ [ 4530605.2, 3365227.4 ], [ 4530564.9, 3365233.1 ], [ 4530551.1, 3365214.5 ], [ 4530553.0, 3365197.0 ], [ 4530645.1, 3365103.5 ], [ 4530702.2, 3365079.6 ], [ 4530759.3, 3365066.4 ], [ 4530885.2, 3365049.6 ], [ 4530948.4, 3365010.0 ], [ 4531002.5, 3364958.3 ], [ 4531024.1, 3364973.3 ], [ 4531017.9, 3365003.3 ], [ 4530999.3, 3365028.1 ], [ 4530880.5, 3365114.1 ], [ 4530797.9, 3365153.8 ], [ 4530734.5, 3365162.4 ], [ 4530699.7, 3365188.1 ], [ 4530605.2, 3365227.4 ] ], [ [ 4530499.2, 3365228.9 ], [ 4530540.9, 3365271.2 ], [ 4530508.6, 3365336.7 ], [ 4530461.0, 3365367.5 ], [ 4530442.9, 3365392.4 ], [ 4530437.9, 3365418.4 ], [ 4530454.8, 3365477.6 ], [ 4530449.8, 3365525.1 ], [ 4530394.1, 3365525.0 ], [ 4530376.4, 3365489.3 ], [ 4530375.0, 3365402.2 ], [ 4530499.2, 3365228.9 ] ], [ [ 4533542.1, 3366708.3 ], [ 4533511.6, 3366707.9 ], [ 4533474.1, 3366652.3 ], [ 4533466.8, 3366605.9 ], [ 4533468.8, 3366581.1 ], [ 4533510.7, 3366473.9 ], [ 4533592.0, 3366517.7 ], [ 4533604.7, 3366532.7 ], [ 4533612.2, 3366581.3 ], [ 4533603.4, 3366609.8 ], [ 4533556.5, 3366659.4 ], [ 4533542.1, 3366708.3 ] ], [ [ 4531547.4, 3362181.7 ], [ 4531565.0, 3362120.3 ], [ 4531607.4, 3362036.0 ], [ 4531637.8, 3362006.6 ], [ 4531656.6, 3361969.4 ], [ 4531688.7, 3361826.9 ], [ 4531689.5, 3361615.8 ], [ 4531723.9, 3361585.8 ], [ 4531787.6, 3361567.2 ], [ 4531804.4, 3361553.8 ], [ 4531813.4, 3361532.4 ], [ 4531813.0, 3361484.2 ], [ 4531838.9, 3361458.3 ], [ 4531896.7, 3361453.4 ], [ 4531940.1, 3361472.3 ], [ 4531981.0, 3361536.3 ], [ 4532050.7, 3361621.3 ], [ 4532311.5, 3361770.4 ], [ 4532342.4, 3361810.0 ], [ 4532349.3, 3361849.4 ], [ 4532337.3, 3361896.8 ], [ 4532302.7, 3361928.0 ], [ 4532233.0, 3361972.8 ], [ 4532141.6, 3361982.2 ], [ 4532097.7, 3362017.3 ], [ 4532045.1, 3362029.4 ], [ 4532009.2, 3362069.4 ], [ 4531978.1, 3362086.0 ], [ 4531914.9, 3362139.4 ], [ 4531855.3, 3362202.3 ], [ 4531819.7, 3362253.9 ], [ 4531800.2, 3362305.5 ], [ 4531800.9, 3362328.3 ], [ 4531769.1, 3362361.2 ], [ 4531717.0, 3362448.2 ], [ 4531641.5, 3362468.5 ], [ 4531595.4, 3362455.7 ], [ 4531538.1, 3362409.1 ], [ 4531518.6, 3362382.4 ], [ 4531518.7, 3362349.2 ], [ 4531545.6, 3362317.7 ], [ 4531557.3, 3362276.4 ], [ 4531547.4, 3362181.7 ] ], [ [ 4532902.2, 3362350.1 ], [ 4532969.2, 3362323.9 ], [ 4533006.1, 3362331.9 ], [ 4533031.6, 3362393.0 ], [ 4533035.9, 3362452.2 ], [ 4533017.3, 3362457.3 ], [ 4532995.5, 3362449.4 ], [ 4532905.5, 3362366.8 ], [ 4532902.2, 3362350.1 ] ], [ [ 4530615.5, 3361522.9 ], [ 4530580.7, 3361519.8 ], [ 4530538.4, 3361476.7 ], [ 4530514.7, 3361479.7 ], [ 4530419.5, 3361584.6 ], [ 4530426.7, 3361611.1 ], [ 4530487.0, 3361630.9 ], [ 4530487.4, 3361677.8 ], [ 4530447.8, 3361699.6 ], [ 4530430.6, 3361743.3 ], [ 4530410.4, 3361770.9 ], [ 4530359.8, 3361808.1 ], [ 4530330.7, 3361845.4 ], [ 4530172.8, 3361963.3 ], [ 4530138.3, 3361975.3 ], [ 4530111.7, 3361966.5 ], [ 4530099.7, 3361952.7 ], [ 4530136.1, 3361846.8 ], [ 4530163.0, 3361812.4 ], [ 4530179.1, 3361691.5 ], [ 4530256.0, 3361517.0 ], [ 4530267.6, 3361446.6 ], [ 4530332.9, 3361323.1 ], [ 4530352.5, 3361303.5 ], [ 4530369.0, 3361298.7 ], [ 4530466.3, 3361323.7 ], [ 4530488.6, 3361344.9 ], [ 4530620.2, 3361368.8 ], [ 4530639.6, 3361378.5 ], [ 4530658.9, 3361403.6 ], [ 4530665.7, 3361432.2 ], [ 4530662.6, 3361465.7 ], [ 4530615.5, 3361522.9 ] ], [ [ 4530896.9, 3361689.1 ], [ 4530859.1, 3361586.8 ], [ 4530832.3, 3361568.0 ], [ 4530799.6, 3361562.2 ], [ 4530738.8, 3361595.9 ], [ 4530719.5, 3361576.5 ], [ 4530771.8, 3361533.9 ], [ 4530858.8, 3361535.8 ], [ 4530925.7, 3361624.2 ], [ 4530946.7, 3361672.2 ], [ 4530953.0, 3361696.6 ], [ 4530944.5, 3361730.6 ], [ 4530869.4, 3361815.0 ], [ 4530833.4, 3361836.9 ], [ 4530803.3, 3361800.4 ], [ 4530831.3, 3361789.7 ], [ 4530892.3, 3361715.6 ], [ 4530896.9, 3361689.1 ] ], [ [ 4530974.4, 3360884.5 ], [ 4531002.0, 3360894.1 ], [ 4531013.6, 3360912.1 ], [ 4531013.2, 3360944.7 ], [ 4530902.0, 3361051.1 ], [ 4530794.4, 3361177.4 ], [ 4530773.0, 3361191.0 ], [ 4530735.4, 3361188.6 ], [ 4530715.6, 3361146.7 ], [ 4530722.9, 3361112.2 ], [ 4530745.5, 3361089.3 ], [ 4530834.5, 3361041.8 ], [ 4530936.7, 3360908.4 ], [ 4530974.4, 3360884.5 ] ], [ [ 4532894.5, 3360697.8 ], [ 4532998.7, 3360651.1 ], [ 4533030.2, 3360697.8 ], [ 4532914.9, 3360777.9 ], [ 4532868.4, 3360774.6 ], [ 4532864.0, 3360735.0 ], [ 4532891.4, 3360719.1 ], [ 4532894.5, 3360697.8 ] ], [ [ 4533446.8, 3360669.6 ], [ 4533357.5, 3360641.7 ], [ 4533237.7, 3360627.6 ], [ 4533277.0, 3360574.9 ], [ 4533330.3, 3360562.7 ], [ 4533357.0, 3360573.3 ], [ 4533373.7, 3360570.5 ], [ 4533456.7, 3360472.0 ], [ 4533517.3, 3360537.1 ], [ 4533508.7, 3360556.3 ], [ 4533521.2, 3360576.8 ], [ 4533576.6, 3360594.2 ], [ 4533589.0, 3360588.0 ], [ 4533600.9, 3360566.4 ], [ 4533619.0, 3360583.8 ], [ 4533647.8, 3360689.3 ], [ 4533636.1, 3360725.0 ], [ 4533611.5, 3360758.0 ], [ 4533572.6, 3360776.5 ], [ 4533517.0, 3360768.8 ], [ 4533477.2, 3360743.2 ], [ 4533446.8, 3360669.6 ] ], [ [ 4533194.1, 3360531.7 ], [ 4533179.6, 3360572.9 ], [ 4533137.5, 3360575.3 ], [ 4533127.3, 3360556.0 ], [ 4533129.2, 3360532.6 ], [ 4533149.4, 3360476.7 ], [ 4533252.2, 3360279.5 ], [ 4533299.2, 3360276.3 ], [ 4533354.0, 3360296.0 ], [ 4533381.5, 3360324.5 ], [ 4533383.4, 3360336.8 ], [ 4533364.2, 3360374.0 ], [ 4533264.0, 3360491.3 ], [ 4533194.1, 3360531.7 ] ], [ [ 4532842.3, 3359059.8 ], [ 4532835.7, 3359015.0 ], [ 4532751.7, 3358938.7 ], [ 4532733.2, 3358892.2 ], [ 4532716.6, 3358886.7 ], [ 4532687.2, 3358894.0 ], [ 4532643.7, 3358874.9 ], [ 4532634.0, 3358850.6 ], [ 4532632.6, 3358786.6 ], [ 4532573.7, 3358748.7 ], [ 4532569.5, 3358707.6 ], [ 4532582.5, 3358671.5 ], [ 4532608.7, 3358666.4 ], [ 4532697.1, 3358694.9 ], [ 4532732.7, 3358666.2 ], [ 4532740.2, 3358623.6 ], [ 4532740.5, 3358587.1 ], [ 4532727.8, 3358553.2 ], [ 4532704.7, 3358535.3 ], [ 4532591.9, 3358510.5 ], [ 4532572.7, 3358496.9 ], [ 4532587.2, 3358464.8 ], [ 4532683.2, 3358477.4 ], [ 4532730.1, 3358475.0 ], [ 4532744.7, 3358483.5 ], [ 4532869.9, 3358654.1 ], [ 4533030.1, 3358753.2 ], [ 4533051.4, 3358778.1 ], [ 4533067.0, 3358803.3 ], [ 4533074.7, 3358840.6 ], [ 4533065.6, 3358911.0 ], [ 4533070.4, 3358937.3 ], [ 4533102.0, 3359004.4 ], [ 4533124.3, 3359040.2 ], [ 4533189.3, 3359102.7 ], [ 4533218.1, 3359150.8 ], [ 4533254.3, 3359181.5 ], [ 4533270.4, 3359218.3 ], [ 4533312.9, 3359269.4 ], [ 4533327.1, 3359309.2 ], [ 4533363.7, 3359336.4 ], [ 4533365.6, 3359377.6 ], [ 4533356.6, 3359407.0 ], [ 4533318.1, 3359448.5 ], [ 4533212.7, 3359525.8 ], [ 4533162.9, 3359543.4 ], [ 4533106.3, 3359518.3 ], [ 4533078.5, 3359455.1 ], [ 4532988.5, 3359379.3 ], [ 4532945.2, 3359331.6 ], [ 4532963.7, 3359273.9 ], [ 4532956.2, 3359245.3 ], [ 4532927.6, 3359228.8 ], [ 4532905.7, 3359199.5 ], [ 4532852.9, 3359176.5 ], [ 4532843.7, 3359165.2 ], [ 4532856.3, 3359088.4 ], [ 4532842.3, 3359059.8 ] ], [ [ 4534030.8, 3354397.4 ], [ 4534124.5, 3354384.5 ], [ 4534148.1, 3354402.9 ], [ 4534156.0, 3354425.7 ], [ 4534141.4, 3354459.2 ], [ 4534103.2, 3354475.1 ], [ 4534028.5, 3354430.8 ], [ 4534030.8, 3354397.4 ] ], [ [ 4538466.6, 3351625.0 ], [ 4538449.8, 3351559.3 ], [ 4538522.8, 3351540.9 ], [ 4538526.9, 3351559.2 ], [ 4538497.9, 3351566.6 ], [ 4538486.0, 3351578.7 ], [ 4538492.9, 3351622.0 ], [ 4538466.6, 3351625.0 ] ], [ [ 4537136.0, 3350093.3 ], [ 4537134.9, 3350047.3 ], [ 4537184.8, 3350036.5 ], [ 4537202.1, 3350061.8 ], [ 4537176.6, 3350092.5 ], [ 4537136.0, 3350093.3 ] ], [ [ 4535142.2, 3349990.9 ], [ 4535157.6, 3350109.5 ], [ 4535229.6, 3350199.5 ], [ 4535300.4, 3350241.2 ], [ 4535328.9, 3350288.2 ], [ 4535335.0, 3350334.8 ], [ 4535305.4, 3350392.8 ], [ 4535257.7, 3350424.5 ], [ 4535228.4, 3350433.8 ], [ 4535197.7, 3350425.9 ], [ 4535144.9, 3350357.4 ], [ 4535091.0, 3350265.2 ], [ 4535089.2, 3350223.1 ], [ 4535069.2, 3350203.2 ], [ 4535054.6, 3350200.6 ], [ 4535039.4, 3350211.0 ], [ 4535033.6, 3350235.8 ], [ 4535039.4, 3350257.8 ], [ 4535026.2, 3350266.5 ], [ 4534985.1, 3350257.1 ], [ 4534972.9, 3350270.6 ], [ 4534972.4, 3350292.3 ], [ 4534940.9, 3350276.0 ], [ 4534936.0, 3350265.3 ], [ 4534964.2, 3350257.1 ], [ 4534985.8, 3350232.3 ], [ 4534981.7, 3350202.2 ], [ 4534987.3, 3350183.0 ], [ 4534978.3, 3350167.4 ], [ 4534957.6, 3350159.0 ], [ 4534945.6, 3350136.4 ], [ 4534916.9, 3350129.9 ], [ 4534900.0, 3350076.3 ], [ 4534896.4, 3349953.5 ], [ 4534853.9, 3349898.3 ], [ 4534833.2, 3349898.9 ], [ 4534790.0, 3349938.5 ], [ 4534752.6, 3349957.7 ], [ 4534737.9, 3349982.1 ], [ 4534722.0, 3350051.4 ], [ 4534659.1, 3350147.5 ], [ 4534624.2, 3350155.3 ], [ 4534546.7, 3350145.2 ], [ 4534528.4, 3350154.5 ], [ 4534524.1, 3350171.1 ], [ 4534538.6, 3350216.7 ], [ 4534553.2, 3350228.0 ], [ 4534585.6, 3350225.4 ], [ 4534622.1, 3350316.5 ], [ 4534654.4, 3350337.8 ], [ 4534664.4, 3350373.2 ], [ 4534489.8, 3350426.8 ], [ 4534478.4, 3350400.3 ], [ 4534443.1, 3350398.6 ], [ 4534347.4, 3350217.1 ], [ 4534348.0, 3350186.5 ], [ 4534321.2, 3350161.3 ], [ 4534266.7, 3350058.9 ], [ 4534372.7, 3350032.6 ], [ 4534380.6, 3350020.6 ], [ 4534386.3, 3349956.2 ], [ 4534438.1, 3349953.3 ], [ 4534453.7, 3349940.6 ], [ 4534456.3, 3349862.1 ], [ 4534524.0, 3349830.1 ], [ 4534563.5, 3349824.9 ], [ 4534574.2, 3349791.3 ], [ 4534659.3, 3349717.2 ], [ 4534773.6, 3349641.8 ], [ 4534926.7, 3349703.4 ], [ 4534985.3, 3349756.1 ], [ 4535014.2, 3349763.6 ], [ 4535043.3, 3349788.3 ], [ 4535056.2, 3349818.6 ], [ 4535053.2, 3349854.7 ], [ 4535066.6, 3349866.7 ], [ 4535090.5, 3349867.9 ], [ 4535085.1, 3349905.8 ], [ 4535142.2, 3349990.9 ] ], [ [ 4534251.4, 3349764.8 ], [ 4534272.6, 3349819.9 ], [ 4534058.6, 3349775.3 ], [ 4533878.6, 3349585.3 ], [ 4533936.9, 3349542.9 ], [ 4533943.4, 3349527.2 ], [ 4533883.5, 3349438.9 ], [ 4533954.3, 3349406.2 ], [ 4533963.6, 3349384.0 ], [ 4533765.3, 3349041.2 ], [ 4534032.9, 3348927.3 ], [ 4534033.0, 3348986.2 ], [ 4534008.2, 3348998.1 ], [ 4534001.5, 3349027.2 ], [ 4534025.9, 3349069.3 ], [ 4534026.3, 3349122.5 ], [ 4534059.3, 3349155.5 ], [ 4534090.0, 3349165.5 ], [ 4534226.9, 3349405.0 ], [ 4534300.0, 3349481.8 ], [ 4534217.9, 3349577.3 ], [ 4534221.2, 3349591.0 ], [ 4534263.4, 3349639.4 ], [ 4534207.9, 3349684.0 ], [ 4534202.3, 3349700.8 ], [ 4534251.4, 3349764.8 ] ], [ [ 4534781.8, 3349395.5 ], [ 4534788.9, 3349305.5 ], [ 4534819.1, 3349309.9 ], [ 4534833.8, 3349286.9 ], [ 4534819.1, 3349259.4 ], [ 4534795.7, 3349240.2 ], [ 4534789.8, 3349208.4 ], [ 4534776.7, 3349197.3 ], [ 4534686.0, 3349193.4 ], [ 4534587.3, 3349248.6 ], [ 4534496.4, 3349252.4 ], [ 4534462.2, 3349245.1 ], [ 4534481.9, 3349040.4 ], [ 4534664.6, 3349049.3 ], [ 4535162.6, 3349046.2 ], [ 4535177.5, 3349028.5 ], [ 4535174.8, 3348877.8 ], [ 4535164.6, 3348860.3 ], [ 4535135.3, 3348855.0 ], [ 4535118.7, 3348615.8 ], [ 4535190.3, 3348613.4 ], [ 4535192.1, 3348674.0 ], [ 4535206.4, 3348690.4 ], [ 4535334.9, 3348689.3 ], [ 4535268.7, 3349046.6 ], [ 4535197.0, 3349047.5 ], [ 4535182.7, 3349056.5 ], [ 4535180.7, 3349184.8 ], [ 4535015.4, 3349231.2 ], [ 4534987.7, 3349247.6 ], [ 4534946.8, 3349249.2 ], [ 4534921.2, 3349296.8 ], [ 4534856.3, 3349324.4 ], [ 4534840.1, 3349339.9 ], [ 4534832.8, 3349393.9 ], [ 4534781.8, 3349395.5 ] ], [ [ 4533650.4, 3348651.9 ], [ 4533653.5, 3348286.7 ], [ 4533684.7, 3348287.7 ], [ 4533688.0, 3348650.8 ], [ 4533650.4, 3348651.9 ] ], [ [ 4532245.1, 3348438.7 ], [ 4532253.0, 3348470.9 ], [ 4532272.1, 3348481.4 ], [ 4532341.4, 3348443.4 ], [ 4532372.3, 3348474.7 ], [ 4532401.9, 3348523.0 ], [ 4532292.4, 3348629.6 ], [ 4532216.5, 3348584.6 ], [ 4532188.1, 3348538.4 ], [ 4532133.5, 3348492.5 ], [ 4532174.6, 3348417.9 ], [ 4532199.5, 3348388.1 ], [ 4532245.1, 3348438.7 ] ], [ [ 4532124.1, 3348576.0 ], [ 4532206.7, 3348679.6 ], [ 4532266.5, 3348684.8 ], [ 4532283.2, 3348697.6 ], [ 4532286.3, 3348709.9 ], [ 4532257.8, 3348711.4 ], [ 4532243.8, 3348727.4 ], [ 4532264.5, 3348807.0 ], [ 4532265.4, 3348821.1 ], [ 4532252.0, 3348839.0 ], [ 4532196.2, 3348842.9 ], [ 4532174.9, 3348834.8 ], [ 4532134.2, 3348791.7 ], [ 4532059.2, 3348642.8 ], [ 4532052.1, 3348611.5 ], [ 4532089.1, 3348550.9 ], [ 4532124.1, 3348576.0 ] ], [ [ 4533688.1, 3348908.0 ], [ 4533700.7, 3349046.0 ], [ 4533706.1, 3349271.5 ], [ 4533772.4, 3349362.1 ], [ 4533752.1, 3349373.7 ], [ 4533736.7, 3349357.5 ], [ 4533715.6, 3349359.1 ], [ 4533705.8, 3349374.0 ], [ 4533705.9, 3349400.3 ], [ 4533691.2, 3349416.3 ], [ 4533712.1, 3349776.6 ], [ 4533650.3, 3349778.3 ], [ 4533637.5, 3349409.3 ], [ 4533643.6, 3349389.8 ], [ 4533640.3, 3349219.6 ], [ 4533529.2, 3349078.5 ], [ 4533545.6, 3349063.7 ], [ 4533599.4, 3349134.5 ], [ 4533616.5, 3349140.4 ], [ 4533629.8, 3349134.3 ], [ 4533636.5, 3349117.5 ], [ 4533630.8, 3348985.5 ], [ 4533657.1, 3348953.7 ], [ 4533655.7, 3348877.7 ], [ 4533688.1, 3348908.0 ] ], [ [ 4533931.8, 3350029.4 ], [ 4533887.6, 3350041.4 ], [ 4533800.3, 3350040.5 ], [ 4533719.1, 3350104.4 ], [ 4533727.1, 3350158.9 ], [ 4533730.3, 3350325.3 ], [ 4533728.0, 3350977.2 ], [ 4533520.4, 3351404.2 ], [ 4533425.2, 3351515.8 ], [ 4533392.2, 3351618.1 ], [ 4533377.6, 3351634.7 ], [ 4533335.0, 3351630.8 ], [ 4533382.3, 3351540.9 ], [ 4533452.3, 3351373.6 ], [ 4533553.4, 3351189.2 ], [ 4533669.3, 3350951.2 ], [ 4533673.8, 3350787.7 ], [ 4533652.9, 3350040.9 ], [ 4533670.7, 3350048.1 ], [ 4533683.7, 3350044.5 ], [ 4533741.3, 3349979.8 ], [ 4533831.5, 3349949.9 ], [ 4533927.5, 3349878.9 ], [ 4534056.3, 3349840.8 ], [ 4534099.8, 3349835.5 ], [ 4534163.2, 3349857.1 ], [ 4534174.8, 3349911.1 ], [ 4534163.4, 3349938.5 ], [ 4534125.2, 3349971.9 ], [ 4533988.9, 3349996.8 ], [ 4533931.8, 3350029.4 ] ], [ [ 4532263.0, 3350701.2 ], [ 4532220.6, 3350751.9 ], [ 4532172.2, 3350750.0 ], [ 4532157.9, 3350760.8 ], [ 4532155.5, 3350789.9 ], [ 4532165.6, 3350804.9 ], [ 4532216.6, 3350803.4 ], [ 4532214.8, 3350827.3 ], [ 4532166.4, 3350840.7 ], [ 4532131.7, 3350798.5 ], [ 4532130.8, 3350678.2 ], [ 4532202.4, 3350674.1 ], [ 4532220.3, 3350664.5 ], [ 4532225.8, 3350650.6 ], [ 4532265.0, 3350672.6 ], [ 4532263.0, 3350701.2 ] ], [ [ 4533149.7, 3351155.0 ], [ 4533142.6, 3351138.8 ], [ 4533129.8, 3351132.6 ], [ 4533073.7, 3351144.8 ], [ 4533059.4, 3351104.0 ], [ 4533014.6, 3351091.6 ], [ 4533004.6, 3350932.3 ], [ 4533509.1, 3350920.3 ], [ 4533521.6, 3351057.6 ], [ 4533472.6, 3351066.5 ], [ 4533442.3, 3351107.0 ], [ 4533149.7, 3351155.0 ] ], [ [ 4533708.3, 3351522.1 ], [ 4533761.0, 3351497.1 ], [ 4533781.8, 3351518.4 ], [ 4533783.3, 3351545.4 ], [ 4533794.7, 3351567.0 ], [ 4533809.6, 3351583.2 ], [ 4533835.2, 3351593.8 ], [ 4533855.1, 3351580.5 ], [ 4533878.3, 3351506.1 ], [ 4533893.7, 3351499.2 ], [ 4533905.8, 3351507.9 ], [ 4533907.7, 3351525.5 ], [ 4533884.4, 3351600.9 ], [ 4533884.3, 3351622.1 ], [ 4533896.0, 3351639.9 ], [ 4533892.5, 3351693.5 ], [ 4533876.8, 3351758.5 ], [ 4533723.1, 3351604.4 ], [ 4533697.8, 3351544.3 ], [ 4533708.3, 3351522.1 ] ], [ [ 4534334.6, 3351589.8 ], [ 4534497.4, 3351391.5 ], [ 4534499.0, 3351416.4 ], [ 4534555.5, 3351577.5 ], [ 4534567.4, 3351590.3 ], [ 4534653.7, 3351583.2 ], [ 4534760.8, 3351617.4 ], [ 4534944.2, 3351644.1 ], [ 4534996.4, 3351627.6 ], [ 4535051.2, 3351647.3 ], [ 4535111.1, 3351719.7 ], [ 4535085.1, 3351779.5 ], [ 4535042.6, 3351943.7 ], [ 4535054.7, 3351961.5 ], [ 4535103.8, 3351969.1 ], [ 4535117.9, 3351966.2 ], [ 4535128.2, 3351951.7 ], [ 4535117.1, 3351856.9 ], [ 4535127.2, 3351828.1 ], [ 4535183.8, 3351839.0 ], [ 4535206.7, 3351816.9 ], [ 4535226.7, 3351811.3 ], [ 4535245.9, 3351816.4 ], [ 4535286.8, 3351854.3 ], [ 4535322.3, 3351855.1 ], [ 4535374.0, 3351822.5 ], [ 4535380.2, 3351803.3 ], [ 4535369.9, 3351755.5 ], [ 4535373.6, 3351734.7 ], [ 4535430.6, 3351725.7 ], [ 4535445.9, 3351854.1 ], [ 4535421.5, 3351900.6 ], [ 4535398.4, 3351919.9 ], [ 4535265.0, 3351905.1 ], [ 4535247.0, 3351925.2 ], [ 4535266.9, 3352155.2 ], [ 4535292.5, 3352164.3 ], [ 4535352.2, 3352132.6 ], [ 4535411.3, 3352118.8 ], [ 4535484.5, 3352204.2 ], [ 4535523.4, 3352344.9 ], [ 4535527.6, 3352412.6 ], [ 4535514.1, 3352521.1 ], [ 4535524.1, 3352695.2 ], [ 4535506.6, 3352787.2 ], [ 4535471.5, 3352865.9 ], [ 4535432.4, 3352849.9 ], [ 4535416.8, 3352834.5 ], [ 4535380.7, 3352847.2 ], [ 4535342.9, 3352974.2 ], [ 4535233.3, 3352961.6 ], [ 4535234.4, 3352832.2 ], [ 4535212.6, 3352823.1 ], [ 4535149.0, 3352844.6 ], [ 4535139.4, 3352814.2 ], [ 4535299.0, 3352706.5 ], [ 4535305.8, 3352689.8 ], [ 4535300.5, 3352676.2 ], [ 4535280.5, 3352668.8 ], [ 4535221.3, 3352688.4 ], [ 4535057.7, 3352675.8 ], [ 4535036.1, 3352667.5 ], [ 4535033.9, 3352620.1 ], [ 4535060.4, 3352455.3 ], [ 4535138.6, 3352369.8 ], [ 4535144.9, 3352353.7 ], [ 4535137.6, 3352338.1 ], [ 4535041.6, 3352252.0 ], [ 4535018.3, 3352247.6 ], [ 4534977.7, 3352259.3 ], [ 4534943.1, 3352241.4 ], [ 4534934.0, 3352224.5 ], [ 4534948.4, 3352129.3 ], [ 4534957.4, 3352111.2 ], [ 4534945.0, 3352089.9 ], [ 4535017.0, 3351989.5 ], [ 4535017.3, 3351965.0 ], [ 4535002.1, 3351955.3 ], [ 4534721.0, 3351915.3 ], [ 4534706.3, 3351933.6 ], [ 4534711.0, 3352040.0 ], [ 4534689.7, 3352029.7 ], [ 4534673.0, 3352035.9 ], [ 4534606.1, 3352147.3 ], [ 4534555.8, 3352178.0 ], [ 4534507.3, 3352196.0 ], [ 4534421.3, 3352188.2 ], [ 4534347.4, 3352168.2 ], [ 4534376.8, 3352113.1 ], [ 4534368.6, 3352097.8 ], [ 4534339.8, 3352081.5 ], [ 4534376.5, 3352025.3 ], [ 4534401.5, 3352004.0 ], [ 4534402.5, 3351982.4 ], [ 4534391.8, 3351972.2 ], [ 4534273.1, 3351934.1 ], [ 4534251.4, 3351937.7 ], [ 4534231.8, 3351930.0 ], [ 4534207.8, 3351862.2 ], [ 4534169.7, 3351833.9 ], [ 4534334.6, 3351589.8 ] ], [ [ 4533593.4, 3352195.9 ], [ 4533602.0, 3352262.6 ], [ 4533595.5, 3352279.1 ], [ 4533579.1, 3352288.9 ], [ 4533487.2, 3352300.2 ], [ 4533435.6, 3352322.0 ], [ 4533400.3, 3352299.2 ], [ 4533402.8, 3352255.1 ], [ 4533416.1, 3352221.7 ], [ 4533440.2, 3352231.5 ], [ 4533459.0, 3352217.0 ], [ 4533450.4, 3352141.0 ], [ 4533482.9, 3352112.2 ], [ 4533496.4, 3352108.2 ], [ 4533533.8, 3352118.9 ], [ 4533564.6, 3352176.4 ], [ 4533593.4, 3352195.9 ] ], [ [ 4535600.5, 3352224.4 ], [ 4535623.6, 3352095.3 ], [ 4535654.3, 3352055.7 ], [ 4535578.9, 3351912.7 ], [ 4535811.1, 3351730.6 ], [ 4535819.4, 3351711.9 ], [ 4535811.7, 3351696.4 ], [ 4535594.6, 3351513.5 ], [ 4535552.5, 3351493.0 ], [ 4535525.5, 3351466.2 ], [ 4535519.4, 3351448.4 ], [ 4535972.8, 3351018.9 ], [ 4536119.2, 3351208.1 ], [ 4536099.9, 3351230.8 ], [ 4536100.5, 3351250.6 ], [ 4536217.8, 3351402.9 ], [ 4536242.4, 3351406.5 ], [ 4536374.5, 3351311.9 ], [ 4536407.1, 3351364.9 ], [ 4536463.3, 3352062.4 ], [ 4535630.1, 3352288.9 ], [ 4535605.6, 3352251.9 ], [ 4535600.5, 3352224.4 ] ], [ [ 4534717.2, 3350863.4 ], [ 4534704.9, 3350826.3 ], [ 4534645.0, 3350778.1 ], [ 4534622.3, 3350771.3 ], [ 4534600.0, 3350784.7 ], [ 4534576.8, 3350863.0 ], [ 4534544.6, 3350854.2 ], [ 4534547.2, 3350813.7 ], [ 4534518.1, 3350777.7 ], [ 4534514.4, 3350761.7 ], [ 4534514.7, 3350741.4 ], [ 4534526.3, 3350722.5 ], [ 4534537.9, 3350718.8 ], [ 4534568.2, 3350738.7 ], [ 4534592.9, 3350741.3 ], [ 4534641.9, 3350717.2 ], [ 4534714.3, 3350751.2 ], [ 4534734.0, 3350747.1 ], [ 4534768.7, 3350724.3 ], [ 4534794.0, 3350683.0 ], [ 4534830.6, 3350671.1 ], [ 4534850.0, 3350684.8 ], [ 4534857.3, 3350699.3 ], [ 4534744.5, 3350884.0 ], [ 4534715.5, 3350918.9 ], [ 4534717.2, 3350863.4 ] ], [ [ 4534450.2, 3350663.7 ], [ 4534221.8, 3350707.0 ], [ 4534204.0, 3350621.4 ], [ 4534222.3, 3350600.0 ], [ 4534209.8, 3350537.0 ], [ 4534440.6, 3350489.2 ], [ 4534454.3, 3350526.9 ], [ 4534457.3, 3350569.4 ], [ 4534450.2, 3350663.7 ] ], [ [ 4535193.1, 3350529.2 ], [ 4535240.5, 3350512.6 ], [ 4535371.1, 3350515.7 ], [ 4535378.1, 3350527.6 ], [ 4535375.1, 3350545.1 ], [ 4535338.9, 3350577.9 ], [ 4535193.1, 3350529.2 ] ], [ [ 4535434.5, 3350463.7 ], [ 4535485.6, 3350388.3 ], [ 4535476.9, 3350369.3 ], [ 4535444.1, 3350351.6 ], [ 4535459.3, 3350259.7 ], [ 4535542.9, 3350287.7 ], [ 4535651.6, 3350251.1 ], [ 4535706.7, 3350248.4 ], [ 4535767.6, 3350266.8 ], [ 4535783.4, 3350300.4 ], [ 4535739.0, 3350352.4 ], [ 4535708.5, 3350409.7 ], [ 4535535.2, 3350398.8 ], [ 4535483.5, 3350448.3 ], [ 4535475.9, 3350487.1 ], [ 4535434.5, 3350463.7 ] ], [ [ 4534399.0, 3350430.4 ], [ 4534373.7, 3350446.7 ], [ 4534355.2, 3350438.5 ], [ 4534309.4, 3350397.3 ], [ 4534253.8, 3350379.5 ], [ 4534215.0, 3350354.5 ], [ 4534172.9, 3350363.0 ], [ 4534137.8, 3350328.2 ], [ 4534102.0, 3350305.8 ], [ 4534103.4, 3350283.0 ], [ 4534199.7, 3350293.9 ], [ 4534277.5, 3350324.2 ], [ 4534367.6, 3350379.1 ], [ 4534395.0, 3350408.2 ], [ 4534399.0, 3350430.4 ] ], [ [ 4533370.6, 3353217.9 ], [ 4533340.2, 3353238.2 ], [ 4533321.8, 3353235.6 ], [ 4533271.6, 3353214.7 ], [ 4533231.0, 3353177.9 ], [ 4533213.7, 3353174.9 ], [ 4533164.0, 3353188.1 ], [ 4533143.4, 3353213.7 ], [ 4533139.4, 3353227.7 ], [ 4533148.9, 3353269.6 ], [ 4533117.8, 3353279.9 ], [ 4533064.8, 3353275.7 ], [ 4533049.0, 3353251.0 ], [ 4533058.8, 3353235.9 ], [ 4533057.2, 3353221.4 ], [ 4533016.6, 3353176.7 ], [ 4533014.0, 3353162.6 ], [ 4533128.2, 3353075.7 ], [ 4533182.5, 3353047.4 ], [ 4533235.5, 3353083.5 ], [ 4533347.8, 3353180.2 ], [ 4533386.0, 3353196.6 ], [ 4533370.6, 3353217.9 ] ], [ [ 4531246.3, 3351389.8 ], [ 4531174.1, 3351366.4 ], [ 4531159.3, 3351341.6 ], [ 4531171.5, 3351273.3 ], [ 4531208.7, 3351275.9 ], [ 4531287.1, 3351331.8 ], [ 4531286.4, 3351367.0 ], [ 4531246.3, 3351389.8 ] ], [ [ 4530570.9, 3351321.2 ], [ 4530546.6, 3351368.1 ], [ 4530535.4, 3351366.9 ], [ 4530449.0, 3351344.4 ], [ 4530470.6, 3351294.3 ], [ 4530490.1, 3351299.6 ], [ 4530507.8, 3351287.2 ], [ 4530549.2, 3351289.7 ], [ 4530570.9, 3351321.2 ] ], [ [ 4530605.1, 3351460.4 ], [ 4530598.6, 3351648.8 ], [ 4530614.6, 3351663.6 ], [ 4530677.4, 3351667.5 ], [ 4530672.2, 3351689.9 ], [ 4530643.3, 3351699.1 ], [ 4530636.9, 3351728.0 ], [ 4530599.1, 3351735.2 ], [ 4530587.9, 3351744.1 ], [ 4530584.7, 3351758.1 ], [ 4530598.9, 3351811.4 ], [ 4530569.2, 3351817.8 ], [ 4530558.7, 3351841.9 ], [ 4530504.1, 3351850.7 ], [ 4530494.0, 3351861.6 ], [ 4530493.2, 3351876.5 ], [ 4530508.8, 3351924.1 ], [ 4530526.3, 3351936.0 ], [ 4530570.0, 3351928.3 ], [ 4530576.2, 3351886.4 ], [ 4530613.0, 3351890.8 ], [ 4530634.2, 3351879.4 ], [ 4530656.1, 3351884.7 ], [ 4530712.6, 3351872.0 ], [ 4530735.2, 3351890.1 ], [ 4530750.8, 3351927.1 ], [ 4530736.3, 3351958.6 ], [ 4530739.9, 3351981.7 ], [ 4530790.7, 3352116.7 ], [ 4530768.3, 3352145.2 ], [ 4530701.7, 3352145.5 ], [ 4530649.2, 3352102.7 ], [ 4530621.8, 3352065.3 ], [ 4530588.4, 3352047.1 ], [ 4530559.0, 3352045.3 ], [ 4530370.1, 3352113.2 ], [ 4530307.0, 3352015.9 ], [ 4530283.1, 3352017.0 ], [ 4530241.6, 3352058.2 ], [ 4530217.0, 3352038.6 ], [ 4530265.8, 3351956.9 ], [ 4530331.9, 3351880.7 ], [ 4530352.0, 3351903.4 ], [ 4530376.2, 3351915.7 ], [ 4530465.9, 3351896.3 ], [ 4530479.1, 3351880.2 ], [ 4530473.0, 3351860.3 ], [ 4530409.4, 3351813.7 ], [ 4530379.4, 3351752.0 ], [ 4530424.0, 3351756.6 ], [ 4530438.8, 3351734.2 ], [ 4530424.3, 3351641.2 ], [ 4530414.0, 3351629.8 ], [ 4530385.5, 3351621.6 ], [ 4530394.1, 3351585.9 ], [ 4530410.2, 3351572.8 ], [ 4530411.4, 3351555.3 ], [ 4530393.8, 3351520.2 ], [ 4530364.8, 3351493.2 ], [ 4530432.6, 3351513.7 ], [ 4530470.6, 3351481.0 ], [ 4530493.0, 3351472.1 ], [ 4530544.6, 3351479.1 ], [ 4530605.1, 3351460.4 ] ], [ [ 4531281.6, 3349919.0 ], [ 4531205.1, 3349930.1 ], [ 4531192.6, 3349947.2 ], [ 4531205.0, 3350104.6 ], [ 4531201.9, 3350182.9 ], [ 4531167.3, 3350242.4 ], [ 4531061.4, 3350303.9 ], [ 4531029.6, 3350309.3 ], [ 4530993.5, 3350299.4 ], [ 4530959.7, 3350259.2 ], [ 4530890.3, 3350229.9 ], [ 4530881.4, 3350214.6 ], [ 4530880.1, 3350171.2 ], [ 4530892.3, 3350113.7 ], [ 4530913.4, 3350094.8 ], [ 4530962.9, 3350070.6 ], [ 4531005.8, 3350060.5 ], [ 4531025.7, 3350037.2 ], [ 4531056.2, 3350032.8 ], [ 4531163.3, 3349909.1 ], [ 4531269.0, 3349858.1 ], [ 4531286.7, 3349866.7 ], [ 4531293.4, 3349891.5 ], [ 4531281.6, 3349919.0 ] ], [ [ 4529604.9, 3351635.1 ], [ 4529580.2, 3351624.6 ], [ 4529573.2, 3351614.1 ], [ 4529575.1, 3351594.8 ], [ 4529602.7, 3351549.0 ], [ 4529635.5, 3351545.7 ], [ 4529660.6, 3351567.4 ], [ 4529659.8, 3351602.3 ], [ 4529637.8, 3351624.7 ], [ 4529604.9, 3351635.1 ] ], [ [ 4531519.3, 3347935.1 ], [ 4531537.9, 3347878.5 ], [ 4531580.9, 3347880.7 ], [ 4531584.8, 3347895.2 ], [ 4531611.9, 3347922.7 ], [ 4531635.9, 3347927.9 ], [ 4531638.1, 3347954.5 ], [ 4531570.7, 3347953.3 ], [ 4531546.5, 3347971.5 ], [ 4531516.6, 3347970.1 ], [ 4531519.3, 3347935.1 ] ], [ [ 4531703.7, 3347783.4 ], [ 4531719.1, 3347723.2 ], [ 4531732.1, 3347722.8 ], [ 4531744.0, 3347747.7 ], [ 4531775.3, 3347752.4 ], [ 4531778.4, 3347808.0 ], [ 4531720.9, 3347812.1 ], [ 4531715.9, 3347792.0 ], [ 4531703.7, 3347783.4 ] ], [ [ 4536982.0, 3349330.2 ], [ 4536934.8, 3349223.0 ], [ 4536920.9, 3349210.8 ], [ 4536782.5, 3349265.0 ], [ 4536766.3, 3349235.0 ], [ 4536750.7, 3349228.5 ], [ 4536677.3, 3349263.0 ], [ 4536647.0, 3349218.4 ], [ 4536636.1, 3349188.4 ], [ 4536643.5, 3349165.6 ], [ 4536623.3, 3349137.3 ], [ 4536890.4, 3349025.1 ], [ 4537015.0, 3349321.7 ], [ 4536982.0, 3349330.2 ] ] ] } },
{ "type": "Feature", "properties": { "id": "forest_46602", "state": "Mecklenburg-Vorpommern", "area_ha": 11758.92, "unfragmented": true, "image": "forest_46602.webp", "real_width_m": 18721.8, "real_height_m": 21117.3, "pixel_width": 1872, "pixel_height": 2111, "centroid_x": 4512900.8, "centroid_y": 3370063.3 }, "geometry": { "type": "Polygon", "coordinates": [ [ [ 4505703.2, 3379574.6 ], [ 4505772.5, 3379579.1 ], [ 4505776.6, 3379633.5 ], [ 4505732.8, 3379668.8 ], [ 4505727.2, 3379682.3 ], [ 4505736.6, 3379701.5 ], [ 4505757.9, 3379703.7 ], [ 4506356.9, 3379462.5 ], [ 4507179.8, 3379103.0 ], [ 4507458.8, 3378976.6 ], [ 4507471.4, 3378960.1 ], [ 4507464.8, 3378940.5 ], [ 4507635.7, 3378867.9 ], [ 4507949.7, 3378701.5 ], [ 4507991.5, 3378697.0 ], [ 4508282.4, 3378562.8 ], [ 4508433.6, 3378516.6 ], [ 4508894.1, 3378428.3 ], [ 4509090.5, 3378381.8 ], [ 4509352.5, 3378300.3 ], [ 4512697.9, 3376797.6 ], [ 4512822.9, 3376733.2 ], [ 4513037.9, 3376597.8 ], [ 4513150.7, 3376502.2 ], [ 4513324.5, 3376318.7 ], [ 4513399.9, 3376223.8 ], [ 4513533.1, 3375999.6 ], [ 4514049.7, 3374816.5 ], [ 4514123.8, 3374674.1 ], [ 4514237.2, 3374498.7 ], [ 4514389.0, 3374308.2 ], [ 4514455.8, 3374237.2 ], [ 4514769.8, 3373959.0 ], [ 4514837.7, 3373894.6 ], [ 4514853.9, 3373869.9 ], [ 4514927.7, 3373816.8 ], [ 4515412.0, 3373381.7 ], [ 4515682.1, 3373180.4 ], [ 4515689.5, 3373163.9 ], [ 4515672.0, 3373142.5 ], [ 4515575.2, 3373149.8 ], [ 4515528.1, 3373139.1 ], [ 4514975.3, 3372944.2 ], [ 4514918.2, 3372884.7 ], [ 4514882.3, 3372811.8 ], [ 4514839.4, 3372787.3 ], [ 4514820.3, 3372702.6 ], [ 4514784.6, 3372675.9 ], [ 4514789.7, 3372573.1 ], [ 4514776.1, 3372552.6 ], [ 4514752.0, 3372557.5 ], [ 4514722.7, 3372600.0 ], [ 4514724.3, 3372665.2 ], [ 4514700.1, 3372703.4 ], [ 4514652.5, 3372835.7 ], [ 4514623.1, 3372823.1 ], [ 4514615.4, 3372789.7 ], [ 4514661.8, 3372712.2 ], [ 4514675.6, 3372674.7 ], [ 4514670.2, 3372543.1 ], [ 4514679.4, 3372516.8 ], [ 4514643.1, 3372467.5 ], [ 4514661.2, 3372463.2 ], [ 4514772.4, 3372487.0 ], [ 4514787.1, 3372476.1 ], [ 4514791.4, 3372436.0 ], [ 4514798.6, 3372429.5 ], [ 4514850.5, 3372421.4 ], [ 4514865.6, 3372412.1 ], [ 4514876.1, 3372378.9 ], [ 4514879.8, 3372212.7 ], [ 4514864.5, 3372139.8 ], [ 4514849.9, 3372123.7 ], [ 4514773.5, 3372093.8 ], [ 4514754.0, 3372102.6 ], [ 4514657.1, 3372096.3 ], [ 4514596.6, 3371986.8 ], [ 4514493.2, 3371890.6 ], [ 4514450.5, 3371898.6 ], [ 4514338.2, 3371952.7 ], [ 4514334.6, 3371972.4 ], [ 4514365.2, 3372037.8 ], [ 4514355.3, 3372088.5 ], [ 4514266.5, 3372220.9 ], [ 4514253.8, 3372233.9 ], [ 4514219.7, 3372244.2 ], [ 4514185.1, 3372282.9 ], [ 4514106.0, 3372345.9 ], [ 4514056.5, 3372435.5 ], [ 4514024.7, 3372432.6 ], [ 4513991.4, 3372390.9 ], [ 4513963.2, 3372384.9 ], [ 4513931.0, 3372364.3 ], [ 4513920.5, 3372327.7 ], [ 4513965.4, 3372194.2 ], [ 4514020.7, 3372128.1 ], [ 4514045.5, 3372080.5 ], [ 4514117.1, 3372010.5 ], [ 4514146.5, 3371954.3 ], [ 4514172.3, 3371924.7 ], [ 4514227.9, 3371893.8 ], [ 4514236.1, 3371881.4 ], [ 4514235.8, 3371864.5 ], [ 4514211.3, 3371815.7 ], [ 4514183.4, 3371657.2 ], [ 4514221.3, 3371443.5 ], [ 4514204.7, 3371424.4 ], [ 4514172.0, 3371414.9 ], [ 4514144.8, 3371417.7 ], [ 4514110.4, 3371442.8 ], [ 4514087.9, 3371484.9 ], [ 4514079.1, 3371530.9 ], [ 4514080.7, 3371697.3 ], [ 4514071.1, 3371706.9 ], [ 4514069.0, 3371725.3 ], [ 4514075.9, 3371738.0 ], [ 4514128.3, 3371771.6 ], [ 4514042.2, 3371842.6 ], [ 4513924.5, 3371810.0 ], [ 4513891.1, 3371787.3 ], [ 4513899.5, 3371744.6 ], [ 4513985.7, 3371722.8 ], [ 4514009.6, 3371684.2 ], [ 4514008.1, 3371666.5 ], [ 4513856.9, 3371562.3 ], [ 4513871.0, 3371526.4 ], [ 4513868.9, 3371511.6 ], [ 4513783.0, 3371422.9 ], [ 4513730.5, 3371349.7 ], [ 4513691.1, 3371338.1 ], [ 4513653.7, 3371289.7 ], [ 4513651.6, 3371234.4 ], [ 4513738.3, 3370988.7 ], [ 4513736.4, 3370975.1 ], [ 4513718.5, 3370955.0 ], [ 4513762.9, 3370835.0 ], [ 4513757.1, 3370819.2 ], [ 4513739.7, 3370808.2 ], [ 4513813.9, 3370752.1 ], [ 4513878.3, 3370679.9 ], [ 4513895.9, 3370692.8 ], [ 4513985.9, 3370701.3 ], [ 4514096.1, 3370726.1 ], [ 4514152.6, 3370749.9 ], [ 4514240.1, 3370745.0 ], [ 4514254.1, 3370735.1 ], [ 4514257.3, 3370721.7 ], [ 4514247.6, 3370613.7 ], [ 4514203.1, 3370558.2 ], [ 4514170.0, 3370543.4 ], [ 4514114.1, 3370536.2 ], [ 4514063.5, 3370541.7 ], [ 4513956.7, 3370523.6 ], [ 4513899.7, 3370546.6 ], [ 4513870.1, 3370601.2 ], [ 4513809.0, 3370606.7 ], [ 4513814.3, 3370548.5 ], [ 4513778.3, 3370433.0 ], [ 4513735.0, 3370380.9 ], [ 4513684.3, 3370340.2 ], [ 4513658.8, 3370303.5 ], [ 4513781.6, 3370365.7 ], [ 4513894.1, 3370409.0 ], [ 4513930.1, 3370453.7 ], [ 4513983.8, 3370477.1 ], [ 4513998.1, 3370473.7 ], [ 4514007.9, 3370458.5 ], [ 4514005.1, 3370444.0 ], [ 4513984.5, 3370425.1 ], [ 4513989.7, 3370387.7 ], [ 4514053.0, 3370353.5 ], [ 4514061.1, 3370334.0 ], [ 4514042.0, 3370314.6 ], [ 4513832.8, 3370307.1 ], [ 4513781.1, 3370295.3 ], [ 4513751.4, 3370208.6 ], [ 4513765.8, 3370201.5 ], [ 4513902.8, 3370224.6 ], [ 4514094.0, 3370232.5 ], [ 4514216.6, 3370265.6 ], [ 4514346.9, 3370382.0 ], [ 4514366.9, 3370430.6 ], [ 4514396.4, 3370564.2 ], [ 4514481.7, 3370649.2 ], [ 4514540.3, 3370686.3 ], [ 4514608.2, 3370712.0 ], [ 4514625.4, 3370707.8 ], [ 4514633.4, 3370695.4 ], [ 4514665.6, 3370692.7 ], [ 4514750.3, 3370713.4 ], [ 4514787.8, 3370732.4 ], [ 4514867.1, 3370808.2 ], [ 4514880.9, 3370812.4 ], [ 4514903.5, 3370793.9 ], [ 4514935.1, 3370716.4 ], [ 4515046.2, 3370642.7 ], [ 4515092.0, 3370591.6 ], [ 4515277.0, 3370507.7 ], [ 4515440.0, 3370458.5 ], [ 4515573.1, 3370401.6 ], [ 4515624.5, 3370389.9 ], [ 4515700.7, 3370416.9 ], [ 4515830.8, 3370421.1 ], [ 4515883.5, 3370373.9 ], [ 4515997.7, 3370306.2 ], [ 4516106.1, 3370201.5 ], [ 4516204.3, 3370141.3 ], [ 4516260.2, 3370128.9 ], [ 4516302.2, 3370141.8 ], [ 4516437.4, 3370217.9 ], [ 4516519.9, 3370208.5 ], [ 4516573.9, 3370226.4 ], [ 4516668.9, 3370329.1 ], [ 4516760.5, 3370447.2 ], [ 4516858.8, 3370476.2 ], [ 4516897.4, 3370516.4 ], [ 4516940.4, 3370521.1 ], [ 4516953.8, 3370530.9 ], [ 4516977.6, 3370625.5 ], [ 4517017.4, 3370709.1 ], [ 4517032.5, 3370759.8 ], [ 4517034.1, 3370783.3 ], [ 4517010.7, 3370853.8 ], [ 4516993.9, 3370860.1 ], [ 4516901.0, 3370950.2 ], [ 4516864.8, 3371024.0 ], [ 4516863.0, 3371076.3 ], [ 4516906.8, 3371195.5 ], [ 4516879.5, 3371310.9 ], [ 4516885.4, 3371334.1 ], [ 4516902.0, 3371352.9 ], [ 4516941.5, 3371374.0 ], [ 4516980.1, 3371383.3 ], [ 4517092.0, 3371379.3 ], [ 4517131.1, 3371368.1 ], [ 4517188.0, 3371332.7 ], [ 4517192.2, 3371312.3 ], [ 4517172.7, 3371289.0 ], [ 4517291.6, 3371287.6 ], [ 4517306.5, 3371293.8 ], [ 4517330.2, 3371335.1 ], [ 4517325.5, 3371416.4 ], [ 4517340.0, 3371430.7 ], [ 4517395.7, 3371558.2 ], [ 4517438.1, 3371594.9 ], [ 4517590.5, 3371641.3 ], [ 4517590.5, 3371709.7 ], [ 4517600.1, 3371724.5 ], [ 4517658.4, 3371723.5 ], [ 4517674.9, 3371740.5 ], [ 4517699.5, 3371743.2 ], [ 4517859.4, 3371702.0 ], [ 4517876.3, 3371707.8 ], [ 4517945.9, 3371693.9 ], [ 4517893.2, 3371807.6 ], [ 4517838.4, 3371955.8 ], [ 4517774.0, 3371954.0 ], [ 4517752.0, 3371976.7 ], [ 4517686.7, 3372221.9 ], [ 4517691.6, 3372238.2 ], [ 4517710.8, 3372255.7 ], [ 4517706.1, 3372282.2 ], [ 4517690.7, 3372289.9 ], [ 4517634.4, 3372379.4 ], [ 4517350.8, 3372479.9 ], [ 4517278.3, 3372486.9 ], [ 4517248.3, 3372474.3 ], [ 4517300.1, 3372278.8 ], [ 4517358.8, 3372199.1 ], [ 4517368.3, 3372161.1 ], [ 4517364.2, 3372146.8 ], [ 4517344.4, 3372137.8 ], [ 4517265.8, 3372144.9 ], [ 4517244.1, 3372157.0 ], [ 4517188.2, 3372347.6 ], [ 4517128.3, 3372326.0 ], [ 4517111.9, 3372312.4 ], [ 4517104.2, 3372255.2 ], [ 4517113.9, 3372208.8 ], [ 4517108.1, 3372192.3 ], [ 4517084.9, 3372186.4 ], [ 4517059.1, 3372205.7 ], [ 4517040.8, 3372241.0 ], [ 4517036.8, 3372331.7 ], [ 4517020.6, 3372414.0 ], [ 4517037.1, 3372426.9 ], [ 4517134.6, 3372439.0 ], [ 4517152.2, 3372474.0 ], [ 4517173.2, 3372491.3 ], [ 4517213.6, 3372496.6 ], [ 4517227.7, 3372546.6 ], [ 4517244.0, 3372559.0 ], [ 4517903.4, 3372340.5 ], [ 4517907.7, 3372317.0 ], [ 4517881.3, 3372295.4 ], [ 4517849.1, 3372206.0 ], [ 4517846.0, 3372163.7 ], [ 4517852.4, 3372131.1 ], [ 4517890.2, 3372066.2 ], [ 4517927.6, 3371911.6 ], [ 4517942.6, 3371897.3 ], [ 4517952.0, 3371899.2 ], [ 4517959.0, 3371939.7 ], [ 4517970.1, 3371957.1 ], [ 4518053.3, 3372021.1 ], [ 4518207.4, 3372079.7 ], [ 4518218.3, 3372093.2 ], [ 4518229.4, 3372138.5 ], [ 4518218.5, 3372180.4 ], [ 4518191.7, 3372218.3 ], [ 4518198.7, 3372235.5 ], [ 4518216.4, 3372241.1 ], [ 4518581.7, 3372144.4 ], [ 4518973.5, 3372072.5 ], [ 4521318.3, 3371775.3 ], [ 4521336.8, 3371759.1 ], [ 4521336.1, 3371715.5 ], [ 4521372.3, 3371682.3 ], [ 4521401.4, 3371682.9 ], [ 4521425.3, 3371697.6 ], [ 4521471.0, 3371748.3 ], [ 4521484.8, 3371754.0 ], [ 4522040.6, 3371683.1 ], [ 4522200.4, 3371655.9 ], [ 4522515.6, 3371575.1 ], [ 4522753.9, 3371488.3 ], [ 4522943.4, 3371402.4 ], [ 4523192.4, 3371269.2 ], [ 4523198.3, 3371253.1 ], [ 4523188.0, 3371231.5 ], [ 4523132.9, 3371208.3 ], [ 4522965.8, 3371219.0 ], [ 4522909.5, 3371235.4 ], [ 4522785.6, 3371308.2 ], [ 4522656.9, 3371364.1 ], [ 4522283.2, 3371356.8 ], [ 4521840.9, 3371429.1 ], [ 4521796.7, 3371443.6 ], [ 4521743.1, 3371393.8 ], [ 4521655.7, 3371379.9 ], [ 4521586.9, 3371359.7 ], [ 4521522.9, 3371322.4 ], [ 4521382.2, 3371223.8 ], [ 4521395.1, 3371149.1 ], [ 4521518.2, 3370780.6 ], [ 4521551.3, 3370810.8 ], [ 4521576.3, 3370808.7 ], [ 4521622.9, 3370728.2 ], [ 4521635.0, 3370605.9 ], [ 4521618.3, 3370587.4 ], [ 4521584.0, 3370586.6 ], [ 4521635.7, 3370442.7 ], [ 4521711.5, 3370461.3 ], [ 4521731.0, 3370454.2 ], [ 4521738.6, 3370442.7 ], [ 4521744.0, 3370393.2 ], [ 4521726.9, 3370310.9 ], [ 4521692.4, 3370288.3 ], [ 4521802.4, 3369913.2 ], [ 4521848.4, 3369945.4 ], [ 4521866.7, 3369942.9 ], [ 4521875.8, 3369931.0 ], [ 4521864.6, 3369835.4 ], [ 4521896.4, 3369697.4 ], [ 4521912.5, 3369662.1 ], [ 4521910.0, 3369644.7 ], [ 4521874.8, 3369631.3 ], [ 4521841.3, 3369633.9 ], [ 4521600.5, 3369609.7 ], [ 4521282.9, 3369788.3 ], [ 4521259.1, 3369731.7 ], [ 4521288.3, 3369670.1 ], [ 4521274.3, 3369646.7 ], [ 4521220.4, 3369658.7 ], [ 4521178.9, 3369680.3 ], [ 4521113.3, 3369699.3 ], [ 4521056.7, 3369665.7 ], [ 4520996.6, 3369666.7 ], [ 4520935.3, 3369697.5 ], [ 4520868.3, 3369761.4 ], [ 4520843.5, 3369769.6 ], [ 4520770.7, 3369753.0 ], [ 4520717.5, 3369774.1 ], [ 4520688.5, 3369771.2 ], [ 4520672.9, 3369727.5 ], [ 4520653.5, 3369717.2 ], [ 4520637.0, 3369725.5 ], [ 4520612.3, 3369770.3 ], [ 4520522.8, 3369701.1 ], [ 4520441.4, 3369602.4 ], [ 4520662.7, 3369411.0 ], [ 4520687.4, 3369340.6 ], [ 4520698.0, 3369239.4 ], [ 4520757.3, 3369088.1 ], [ 4520814.6, 3369025.0 ], [ 4520810.0, 3369008.3 ], [ 4520762.6, 3368964.7 ], [ 4520732.3, 3368924.1 ], [ 4520685.4, 3368911.9 ], [ 4520667.5, 3368923.4 ], [ 4520627.0, 3368923.6 ], [ 4520627.4, 3368902.0 ], [ 4520601.8, 3368812.1 ], [ 4520537.2, 3368751.8 ], [ 4520550.9, 3368739.6 ], [ 4520611.3, 3368745.5 ], [ 4520631.1, 3368763.2 ], [ 4520641.4, 3368793.3 ], [ 4520659.3, 3368804.6 ], [ 4520683.8, 3368803.4 ], [ 4520708.3, 3368784.9 ], [ 4520729.5, 3368802.4 ], [ 4520744.1, 3368803.3 ], [ 4520763.5, 3368914.3 ], [ 4520817.9, 3368956.2 ], [ 4520841.6, 3368943.8 ], [ 4520838.4, 3368908.2 ], [ 4520899.9, 3368858.3 ], [ 4520905.3, 3368844.4 ], [ 4520888.4, 3368790.0 ], [ 4520877.7, 3368780.1 ], [ 4520856.5, 3368782.2 ], [ 4520822.2, 3368815.0 ], [ 4520814.2, 3368792.4 ], [ 4520802.0, 3368784.0 ], [ 4520776.0, 3368794.5 ], [ 4520757.4, 3368792.5 ], [ 4520757.8, 3368772.4 ], [ 4520709.0, 3368683.2 ], [ 4520688.8, 3368683.2 ], [ 4520654.4, 3368708.3 ], [ 4520590.9, 3368687.1 ], [ 4520561.2, 3368666.8 ], [ 4520530.5, 3368628.4 ], [ 4520517.0, 3368623.6 ], [ 4520457.5, 3368651.6 ], [ 4520436.4, 3368670.2 ], [ 4520432.7, 3368691.6 ], [ 4520448.2, 3368714.5 ], [ 4520451.0, 3368770.6 ], [ 4520393.3, 3368857.2 ], [ 4520371.7, 3368866.1 ], [ 4520346.2, 3368858.1 ], [ 4520335.8, 3368844.1 ], [ 4520326.0, 3368720.7 ], [ 4520285.8, 3368651.4 ], [ 4520272.3, 3368610.4 ], [ 4520279.6, 3368589.4 ], [ 4520410.7, 3368488.4 ], [ 4520427.6, 3368446.6 ], [ 4520428.9, 3368393.3 ], [ 4520410.1, 3368369.2 ], [ 4520381.7, 3368352.1 ], [ 4520371.1, 3368307.7 ], [ 4520382.0, 3368278.7 ], [ 4520470.9, 3368212.2 ], [ 4520490.1, 3368174.9 ], [ 4520483.2, 3368158.5 ], [ 4520465.0, 3368152.2 ], [ 4520384.7, 3368182.4 ], [ 4520362.2, 3368165.7 ], [ 4520368.0, 3368135.8 ], [ 4520361.0, 3368095.8 ], [ 4520418.2, 3368036.0 ], [ 4520483.6, 3368003.8 ], [ 4520556.0, 3368026.8 ], [ 4520571.3, 3368059.6 ], [ 4520586.4, 3368069.2 ], [ 4520611.3, 3368067.2 ], [ 4520644.0, 3368034.2 ], [ 4520679.9, 3368037.9 ], [ 4520690.3, 3368027.9 ], [ 4520691.2, 3368010.2 ], [ 4520661.0, 3367972.3 ], [ 4520615.4, 3367955.6 ], [ 4520578.0, 3367964.3 ], [ 4520574.9, 3367935.4 ], [ 4520632.6, 3367879.5 ], [ 4520664.6, 3367874.5 ], [ 4520741.3, 3367894.8 ], [ 4520744.6, 3367916.4 ], [ 4520729.1, 3367940.7 ], [ 4520728.6, 3367973.9 ], [ 4520749.0, 3368009.9 ], [ 4520757.4, 3368059.0 ], [ 4520786.0, 3368139.5 ], [ 4520782.1, 3368160.8 ], [ 4520757.4, 3368172.6 ], [ 4520727.2, 3368172.1 ], [ 4520692.2, 3368156.6 ], [ 4520677.4, 3368159.3 ], [ 4520667.8, 3368170.8 ], [ 4520654.9, 3368238.7 ], [ 4520639.4, 3368255.1 ], [ 4520588.9, 3368254.8 ], [ 4520557.4, 3368279.6 ], [ 4520529.2, 3368278.8 ], [ 4520463.5, 3368336.2 ], [ 4520457.9, 3368353.0 ], [ 4520466.2, 3368378.5 ], [ 4520561.6, 3368450.0 ], [ 4520625.3, 3368475.2 ], [ 4520670.6, 3368479.3 ], [ 4520715.9, 3368521.7 ], [ 4520774.4, 3368558.2 ], [ 4520788.6, 3368559.2 ], [ 4520889.6, 3368493.3 ], [ 4520998.8, 3368366.4 ], [ 4520994.1, 3368339.3 ], [ 4520880.8, 3368268.4 ], [ 4520902.1, 3368240.5 ], [ 4520977.6, 3368176.5 ], [ 4521010.3, 3368120.2 ], [ 4521071.9, 3368092.0 ], [ 4521169.3, 3367991.6 ], [ 4521145.1, 3367843.8 ], [ 4521148.8, 3367820.1 ], [ 4521204.3, 3367869.4 ], [ 4521278.6, 3367840.5 ], [ 4521308.7, 3367867.6 ], [ 4521323.2, 3367865.1 ], [ 4521334.0, 3367850.5 ], [ 4521344.1, 3367696.2 ], [ 4521338.5, 3367679.5 ], [ 4521318.8, 3367672.5 ], [ 4521303.9, 3367681.9 ], [ 4521283.9, 3367752.0 ], [ 4521246.2, 3367747.2 ], [ 4521206.6, 3367729.3 ], [ 4521190.6, 3367710.2 ], [ 4521192.6, 3367653.0 ], [ 4521201.3, 3367635.2 ], [ 4521193.1, 3367615.9 ], [ 4521169.1, 3367613.7 ], [ 4521133.8, 3367649.7 ], [ 4521095.3, 3367503.2 ], [ 4521105.5, 3367438.7 ], [ 4521095.8, 3367383.6 ], [ 4521180.2, 3367383.3 ], [ 4521194.8, 3367373.9 ], [ 4521198.0, 3367356.7 ], [ 4521176.2, 3367271.8 ], [ 4521157.3, 3367264.1 ], [ 4521053.8, 3367291.2 ], [ 4521002.9, 3367211.2 ], [ 4520984.1, 3367203.8 ], [ 4520967.9, 3367212.8 ], [ 4520955.7, 3367235.3 ], [ 4520958.6, 3367308.4 ], [ 4520931.7, 3367327.7 ], [ 4520896.9, 3367286.3 ], [ 4520872.3, 3367190.4 ], [ 4520881.6, 3367026.1 ], [ 4520874.5, 3366975.8 ], [ 4520899.0, 3366974.5 ], [ 4520907.7, 3366954.9 ], [ 4520865.1, 3366825.5 ], [ 4520861.9, 3366777.8 ], [ 4520872.0, 3366744.8 ], [ 4520904.3, 3366691.2 ], [ 4521001.3, 3366649.0 ], [ 4521074.6, 3366634.1 ], [ 4521102.6, 3366654.5 ], [ 4521118.0, 3366685.7 ], [ 4521099.5, 3366752.3 ], [ 4521100.7, 3366778.9 ], [ 4521112.7, 3366807.0 ], [ 4521131.2, 3366821.7 ], [ 4521163.8, 3366827.3 ], [ 4521227.5, 3366830.3 ], [ 4521260.3, 3366820.6 ], [ 4521301.1, 3366825.1 ], [ 4521327.8, 3366846.2 ], [ 4521339.8, 3366875.6 ], [ 4521346.0, 3366940.0 ], [ 4521390.8, 3366960.4 ], [ 4521431.5, 3366940.8 ], [ 4521603.7, 3366940.0 ], [ 4521613.7, 3366926.4 ], [ 4521641.2, 3366811.7 ], [ 4521623.3, 3366791.7 ], [ 4521532.4, 3366784.5 ], [ 4521374.8, 3366601.9 ], [ 4521400.7, 3366520.8 ], [ 4521427.5, 3366477.1 ], [ 4521442.7, 3366468.1 ], [ 4521450.5, 3366445.1 ], [ 4521482.4, 3366411.4 ], [ 4521482.3, 3366393.8 ], [ 4521472.7, 3366383.4 ], [ 4521458.6, 3366381.1 ], [ 4521413.0, 3366396.3 ], [ 4521315.2, 3366453.9 ], [ 4521302.0, 3366516.8 ], [ 4521290.2, 3366533.9 ], [ 4521298.2, 3366558.3 ], [ 4521269.9, 3366630.4 ], [ 4521247.4, 3366624.2 ], [ 4521206.7, 3366645.5 ], [ 4521182.9, 3366639.0 ], [ 4521119.4, 3366598.1 ], [ 4521026.1, 3366572.3 ], [ 4521008.2, 3366556.0 ], [ 4521000.6, 3366528.6 ], [ 4521016.2, 3366510.7 ], [ 4521095.6, 3366487.4 ], [ 4521112.5, 3366453.8 ], [ 4521107.0, 3366435.5 ], [ 4521073.6, 3366408.1 ], [ 4521034.8, 3366347.6 ], [ 4521032.2, 3366310.5 ], [ 4521009.9, 3366281.7 ], [ 4520988.8, 3366280.3 ], [ 4520941.0, 3366307.8 ], [ 4520931.0, 3366335.1 ], [ 4520944.2, 3366401.2 ], [ 4520930.3, 3366413.9 ], [ 4520908.5, 3366416.7 ], [ 4520874.8, 3366393.9 ], [ 4520864.8, 3366317.1 ], [ 4520851.5, 3366296.8 ], [ 4520774.3, 3366259.2 ], [ 4520677.0, 3366280.2 ], [ 4520630.5, 3366221.6 ], [ 4520673.2, 3366173.8 ], [ 4520676.5, 3366136.6 ], [ 4520612.3, 3366083.4 ], [ 4520640.1, 3365973.3 ], [ 4520631.8, 3365957.6 ], [ 4520607.5, 3365950.8 ], [ 4520611.5, 3365923.3 ], [ 4520638.3, 3365925.7 ], [ 4520652.8, 3365915.6 ], [ 4520671.1, 3365838.8 ], [ 4520665.3, 3365822.5 ], [ 4520649.9, 3365815.2 ], [ 4520648.4, 3365756.3 ], [ 4520634.7, 3365746.8 ], [ 4520525.5, 3365725.5 ], [ 4520509.6, 3365742.8 ], [ 4520515.1, 3365789.8 ], [ 4520324.4, 3365757.9 ], [ 4520314.6, 3365661.7 ], [ 4520305.6, 3365646.0 ], [ 4520165.0, 3365648.2 ], [ 4520169.9, 3365493.3 ], [ 4520235.3, 3365477.9 ], [ 4520489.9, 3365463.8 ], [ 4520632.6, 3365464.0 ], [ 4520633.5, 3365546.9 ], [ 4520648.2, 3365556.1 ], [ 4520709.6, 3365564.6 ], [ 4520741.1, 3365595.3 ], [ 4520753.3, 3365636.1 ], [ 4520752.4, 3365689.9 ], [ 4520828.3, 3365760.0 ], [ 4520845.6, 3365754.2 ], [ 4520879.5, 3365709.9 ], [ 4520921.0, 3365690.9 ], [ 4520985.7, 3365693.2 ], [ 4521000.9, 3365684.1 ], [ 4520997.6, 3365603.1 ], [ 4520974.9, 3365567.5 ], [ 4520988.7, 3365532.8 ], [ 4521020.1, 3365531.1 ], [ 4521012.3, 3365580.9 ], [ 4521017.5, 3365603.6 ], [ 4521047.2, 3365639.7 ], [ 4521074.2, 3365640.0 ], [ 4521077.3, 3365666.7 ], [ 4521068.4, 3365719.1 ], [ 4521110.6, 3365770.9 ], [ 4521105.6, 3365820.6 ], [ 4521112.6, 3365837.4 ], [ 4521161.9, 3365866.8 ], [ 4521240.1, 3365884.9 ], [ 4521322.9, 3365865.1 ], [ 4521329.1, 3365844.7 ], [ 4521307.8, 3365791.1 ], [ 4521172.2, 3365613.9 ], [ 4521168.9, 3365551.2 ], [ 4521180.8, 3365542.1 ], [ 4521184.0, 3365527.5 ], [ 4521170.8, 3365510.0 ], [ 4521160.9, 3365468.6 ], [ 4521224.6, 3365471.3 ], [ 4521241.2, 3365453.4 ], [ 4521235.2, 3365431.5 ], [ 4521184.6, 3365388.4 ], [ 4521184.4, 3365370.1 ], [ 4521352.1, 3365400.3 ], [ 4521388.2, 3365364.7 ], [ 4521423.0, 3365286.2 ], [ 4521404.9, 3365269.1 ], [ 4521368.2, 3365273.7 ], [ 4521336.7, 3365298.4 ], [ 4521271.1, 3365311.3 ], [ 4521257.5, 3365295.3 ], [ 4521260.2, 3365254.2 ], [ 4521247.0, 3365237.2 ], [ 4521149.8, 3365250.0 ], [ 4521142.4, 3365167.6 ], [ 4521154.9, 3365145.2 ], [ 4521148.9, 3365116.2 ], [ 4521173.5, 3365111.1 ], [ 4521190.7, 3365095.3 ], [ 4521210.6, 3365042.4 ], [ 4521231.3, 3365020.5 ], [ 4521269.4, 3365003.8 ], [ 4521318.6, 3364945.2 ], [ 4521353.2, 3364934.3 ], [ 4521382.2, 3364946.1 ], [ 4521420.5, 3365052.0 ], [ 4521444.8, 3365054.8 ], [ 4521470.9, 3365024.3 ], [ 4521500.6, 3364960.8 ], [ 4521497.7, 3364942.8 ], [ 4521482.2, 3364933.2 ], [ 4521444.2, 3364938.9 ], [ 4521367.6, 3364885.0 ], [ 4521333.7, 3364844.7 ], [ 4521333.9, 3364797.0 ], [ 4521352.6, 3364762.4 ], [ 4521431.0, 3364717.8 ], [ 4521447.6, 3364716.0 ], [ 4521463.9, 3364728.3 ], [ 4521476.9, 3364799.7 ], [ 4521518.6, 3364902.5 ], [ 4521539.5, 3364903.3 ], [ 4521560.2, 3364878.6 ], [ 4521593.9, 3364861.8 ], [ 4521625.6, 3364859.8 ], [ 4521636.7, 3364850.3 ], [ 4521628.4, 3364783.8 ], [ 4521673.8, 3364431.1 ], [ 4521720.0, 3364442.3 ], [ 4521737.5, 3364421.5 ], [ 4521730.9, 3364357.2 ], [ 4521719.5, 3364343.0 ], [ 4521688.0, 3364329.2 ], [ 4521711.5, 3364188.0 ], [ 4521733.9, 3364114.1 ], [ 4521723.4, 3364051.5 ], [ 4521702.9, 3364044.2 ], [ 4521627.2, 3364063.0 ], [ 4521527.2, 3364053.3 ], [ 4521350.4, 3364012.7 ], [ 4521219.5, 3364053.6 ], [ 4521175.9, 3364055.6 ], [ 4521017.6, 3363979.2 ], [ 4520960.5, 3363961.5 ], [ 4520628.8, 3363928.6 ], [ 4520608.2, 3363938.5 ], [ 4520526.8, 3364119.3 ], [ 4520526.3, 3364136.1 ], [ 4520739.7, 3364347.1 ], [ 4520699.6, 3364430.8 ], [ 4520640.5, 3364503.6 ], [ 4520639.8, 3364524.1 ], [ 4520731.2, 3364608.0 ], [ 4520751.3, 3364602.2 ], [ 4520803.3, 3364540.3 ], [ 4520859.0, 3364599.6 ], [ 4520873.5, 3364597.5 ], [ 4520923.9, 3364559.6 ], [ 4520960.0, 3364598.3 ], [ 4520996.9, 3364662.3 ], [ 4521014.3, 3364661.8 ], [ 4521040.2, 3364644.4 ], [ 4521057.1, 3364772.4 ], [ 4521086.6, 3364903.5 ], [ 4521103.0, 3364918.1 ], [ 4521127.1, 3364911.0 ], [ 4521145.4, 3364919.1 ], [ 4521149.0, 3364931.3 ], [ 4521144.1, 3365005.4 ], [ 4521101.9, 3365017.5 ], [ 4521097.0, 3365043.5 ], [ 4521074.7, 3365042.4 ], [ 4521055.6, 3365029.1 ], [ 4521021.3, 3364958.6 ], [ 4521007.0, 3364954.3 ], [ 4520993.3, 3364960.1 ], [ 4520986.1, 3364980.2 ], [ 4521005.7, 3365037.5 ], [ 4521005.2, 3365062.8 ], [ 4520951.4, 3365119.0 ], [ 4520942.9, 3365157.4 ], [ 4520912.0, 3365175.4 ], [ 4520871.8, 3365173.7 ], [ 4520839.2, 3365147.1 ], [ 4520834.2, 3365132.0 ], [ 4520839.8, 3365120.1 ], [ 4520849.2, 3365114.1 ], [ 4520880.1, 3365130.8 ], [ 4520900.5, 3365132.4 ], [ 4520916.0, 3365118.3 ], [ 4520914.6, 3365100.7 ], [ 4520733.8, 3364930.6 ], [ 4520620.1, 3364851.7 ], [ 4520603.3, 3364856.4 ], [ 4520550.9, 3364914.5 ], [ 4520422.2, 3364797.9 ], [ 4520249.5, 3364599.3 ], [ 4520228.8, 3364595.3 ], [ 4520198.8, 3364616.5 ], [ 4519582.8, 3363489.2 ], [ 4519566.3, 3363480.9 ], [ 4519484.5, 3363479.0 ], [ 4519469.8, 3363493.6 ], [ 4519463.7, 3363532.3 ], [ 4519427.9, 3363533.0 ], [ 4519413.7, 3363547.0 ], [ 4519333.0, 3363542.7 ], [ 4519286.0, 3363521.1 ], [ 4519186.7, 3363527.8 ], [ 4519175.3, 3363411.2 ], [ 4519191.2, 3363308.3 ], [ 4519172.5, 3363291.4 ], [ 4519132.7, 3363302.8 ], [ 4519109.6, 3363322.9 ], [ 4519090.2, 3363452.1 ], [ 4519065.5, 3363486.7 ], [ 4519054.0, 3363532.6 ], [ 4519033.6, 3363567.6 ], [ 4519035.9, 3363601.1 ], [ 4519062.7, 3363659.0 ], [ 4519079.6, 3363743.5 ], [ 4519090.1, 3363753.8 ], [ 4519108.4, 3363753.9 ], [ 4519226.4, 3363674.8 ], [ 4519303.3, 3363718.0 ], [ 4519327.5, 3363756.2 ], [ 4519344.6, 3363757.3 ], [ 4519376.4, 3363740.3 ], [ 4519400.8, 3363772.8 ], [ 4519400.6, 3363800.1 ], [ 4519425.7, 3363814.0 ], [ 4519450.8, 3363803.7 ], [ 4519458.9, 3363759.6 ], [ 4519726.2, 3364270.7 ], [ 4519695.4, 3364308.3 ], [ 4519695.3, 3364330.0 ], [ 4519737.5, 3364356.0 ], [ 4519774.9, 3364363.6 ], [ 4519830.3, 3364477.0 ], [ 4519568.0, 3364645.1 ], [ 4519534.4, 3364600.1 ], [ 4519517.2, 3364597.6 ], [ 4519503.7, 3364608.3 ], [ 4519507.4, 3364645.4 ], [ 4519535.1, 3364676.6 ], [ 4519542.3, 3364721.5 ], [ 4519555.5, 3364743.8 ], [ 4519584.3, 3364764.6 ], [ 4519586.8, 3364791.9 ], [ 4519525.5, 3364942.0 ], [ 4519460.5, 3365058.8 ], [ 4519379.7, 3365104.9 ], [ 4519342.4, 3365112.5 ], [ 4519321.4, 3365108.8 ], [ 4519289.0, 3365080.0 ], [ 4519261.4, 3365011.0 ], [ 4519245.0, 3365003.0 ], [ 4519231.0, 3365007.5 ], [ 4519211.4, 3365047.0 ], [ 4519163.1, 3365066.3 ], [ 4519152.0, 3365084.0 ], [ 4519177.1, 3365129.7 ], [ 4519213.6, 3365150.7 ], [ 4519203.7, 3365190.0 ], [ 4519209.8, 3365238.8 ], [ 4519172.5, 3365281.1 ], [ 4519162.9, 3365303.1 ], [ 4519101.0, 3365312.2 ], [ 4519039.1, 3365292.1 ], [ 4519026.6, 3365245.0 ], [ 4519032.9, 3365214.2 ], [ 4519027.2, 3365196.9 ], [ 4518988.1, 3365164.7 ], [ 4518964.3, 3365130.8 ], [ 4518872.4, 3365066.0 ], [ 4518859.3, 3365043.0 ], [ 4518844.2, 3365035.2 ], [ 4518833.0, 3365008.5 ], [ 4518816.4, 3364996.1 ], [ 4518809.5, 3364964.4 ], [ 4518734.4, 3364953.6 ], [ 4518679.8, 3364930.5 ], [ 4518664.6, 3364900.3 ], [ 4518662.4, 3364876.5 ], [ 4518631.0, 3364830.4 ], [ 4518580.3, 3364785.0 ], [ 4518563.3, 3364778.4 ], [ 4518534.5, 3364776.4 ], [ 4518519.8, 3364783.3 ], [ 4518488.8, 3364851.8 ], [ 4518439.5, 3364896.7 ], [ 4518414.5, 3364947.5 ], [ 4518382.9, 3364967.4 ], [ 4518357.1, 3364973.4 ], [ 4518301.5, 3364969.6 ], [ 4518236.8, 3365026.4 ], [ 4518106.5, 3365042.2 ], [ 4518070.0, 3365023.6 ], [ 4518056.3, 3364995.7 ], [ 4518001.9, 3364982.7 ], [ 4517968.8, 3364958.1 ], [ 4517952.2, 3364959.9 ], [ 4517924.0, 3364981.0 ], [ 4517888.9, 3364979.5 ], [ 4517876.8, 3364970.8 ], [ 4517864.8, 3364937.1 ], [ 4517827.3, 3364913.1 ], [ 4517806.9, 3364885.0 ], [ 4517755.3, 3364839.4 ], [ 4517711.8, 3364811.4 ], [ 4517679.6, 3364761.5 ], [ 4517636.8, 3364737.5 ], [ 4517610.7, 3364712.8 ], [ 4517610.4, 3364589.8 ], [ 4517671.7, 3364491.3 ], [ 4517678.8, 3364462.6 ], [ 4517675.2, 3364435.1 ], [ 4517687.7, 3364396.4 ], [ 4517676.0, 3364369.3 ], [ 4517638.1, 3364330.3 ], [ 4517608.7, 3364283.2 ], [ 4517532.3, 3364239.3 ], [ 4517480.7, 3364238.7 ], [ 4517464.2, 3364252.0 ], [ 4517430.2, 3364319.3 ], [ 4517368.5, 3364372.0 ], [ 4517344.7, 3364379.6 ], [ 4517259.2, 3364351.6 ], [ 4517205.5, 3364243.6 ], [ 4517190.5, 3364229.4 ], [ 4517185.7, 3364207.4 ], [ 4517171.4, 3364198.3 ], [ 4517152.0, 3364199.3 ], [ 4517106.5, 3364246.8 ], [ 4517048.3, 3364344.7 ], [ 4517009.1, 3364376.0 ], [ 4516980.6, 3364434.0 ], [ 4517012.4, 3364513.1 ], [ 4517021.3, 3364619.6 ], [ 4517006.4, 3364748.3 ], [ 4517010.4, 3364808.3 ], [ 4517018.7, 3364839.1 ], [ 4517048.0, 3364883.1 ], [ 4517109.8, 3364956.1 ], [ 4517117.5, 3364985.5 ], [ 4517113.8, 3365003.7 ], [ 4517089.3, 3365014.4 ], [ 4517053.0, 3365003.2 ], [ 4517022.1, 3365004.3 ], [ 4516993.2, 3365014.5 ], [ 4516972.3, 3365032.8 ], [ 4516961.0, 3365056.6 ], [ 4516941.4, 3365174.8 ], [ 4516903.6, 3365251.3 ], [ 4516889.7, 3365331.6 ], [ 4516879.8, 3365346.7 ], [ 4516824.1, 3365363.1 ], [ 4516802.0, 3365362.3 ], [ 4516754.4, 3365351.0 ], [ 4516743.1, 3365339.2 ], [ 4516742.5, 3365272.8 ], [ 4516775.4, 3365213.2 ], [ 4516760.4, 3365189.1 ], [ 4516727.2, 3365179.3 ], [ 4516712.1, 3365185.2 ], [ 4516703.6, 3365198.7 ], [ 4516711.0, 3365269.7 ], [ 4516689.9, 3365310.1 ], [ 4516655.7, 3365412.2 ], [ 4516636.0, 3365428.7 ], [ 4516590.9, 3365428.0 ], [ 4516570.2, 3365412.3 ], [ 4516544.1, 3365360.6 ], [ 4516404.4, 3365317.8 ], [ 4516387.0, 3365329.8 ], [ 4516338.6, 3365443.9 ], [ 4516343.0, 3365467.7 ], [ 4516300.5, 3365586.4 ], [ 4516276.0, 3365721.1 ], [ 4516349.4, 3365925.3 ], [ 4516325.4, 3365937.5 ], [ 4516323.5, 3365961.0 ], [ 4516271.6, 3365970.3 ], [ 4516256.9, 3365990.0 ], [ 4516264.6, 3366012.0 ], [ 4516283.4, 3366021.4 ], [ 4516348.2, 3366008.7 ], [ 4516361.0, 3366072.6 ], [ 4516381.7, 3366121.1 ], [ 4516390.7, 3366196.0 ], [ 4516353.9, 3366204.8 ], [ 4516343.2, 3366223.2 ], [ 4516359.8, 3366339.0 ], [ 4516294.2, 3366331.3 ], [ 4516289.4, 3366300.1 ], [ 4516247.2, 3366274.1 ], [ 4516227.8, 3366225.3 ], [ 4516192.4, 3366208.0 ], [ 4516149.9, 3366208.5 ], [ 4516143.5, 3366186.4 ], [ 4516131.8, 3366177.3 ], [ 4516110.3, 3366177.8 ], [ 4516095.4, 3366189.1 ], [ 4516081.7, 3366228.3 ], [ 4516061.1, 3366218.0 ], [ 4516054.9, 3366200.0 ], [ 4516084.0, 3366132.9 ], [ 4516125.1, 3366089.4 ], [ 4516121.8, 3366063.1 ], [ 4516106.7, 3366052.7 ], [ 4516099.4, 3365856.1 ], [ 4515943.4, 3365789.5 ], [ 4515916.8, 3365730.8 ], [ 4515795.2, 3365685.3 ], [ 4515785.5, 3365552.9 ], [ 4515776.2, 3365537.0 ], [ 4515761.8, 3365533.1 ], [ 4515698.7, 3365549.2 ], [ 4515648.5, 3365542.4 ], [ 4515646.7, 3365528.0 ], [ 4515771.0, 3365493.6 ], [ 4515780.0, 3365468.9 ], [ 4515742.0, 3365391.1 ], [ 4515725.9, 3365382.1 ], [ 4515695.5, 3365391.8 ], [ 4515682.3, 3365421.2 ], [ 4515647.1, 3365454.8 ], [ 4515632.5, 3365460.3 ], [ 4515604.8, 3365456.3 ], [ 4515593.0, 3365445.3 ], [ 4515586.0, 3365426.8 ], [ 4515584.5, 3365353.5 ], [ 4515552.6, 3365280.8 ], [ 4515559.0, 3365254.5 ], [ 4515570.6, 3365244.9 ], [ 4515594.6, 3365254.9 ], [ 4515668.8, 3365319.0 ], [ 4515694.6, 3365311.3 ], [ 4515700.5, 3365291.3 ], [ 4515575.5, 3365157.6 ], [ 4515506.5, 3364978.3 ], [ 4515491.2, 3364970.9 ], [ 4515441.9, 3364975.8 ], [ 4515436.2, 3364814.7 ], [ 4515419.4, 3364797.5 ], [ 4514728.5, 3364871.9 ], [ 4514690.8, 3364902.2 ], [ 4514593.4, 3365054.2 ], [ 4514535.7, 3365127.5 ], [ 4514470.0, 3365187.1 ], [ 4514362.0, 3365227.0 ], [ 4514206.4, 3365237.8 ], [ 4514038.2, 3365265.2 ], [ 4514027.4, 3365277.8 ], [ 4514025.4, 3365298.5 ], [ 4514054.0, 3365318.7 ], [ 4513849.3, 3365616.8 ], [ 4513731.1, 3365541.4 ], [ 4513705.2, 3365547.8 ], [ 4513620.7, 3365704.5 ], [ 4513555.5, 3365932.7 ], [ 4513473.0, 3365881.0 ], [ 4513478.5, 3365854.2 ], [ 4513455.7, 3365837.6 ], [ 4513464.4, 3365726.3 ], [ 4513462.4, 3365658.2 ], [ 4513453.0, 3365644.0 ], [ 4513439.6, 3365640.3 ], [ 4513396.0, 3365650.8 ], [ 4513385.9, 3365666.3 ], [ 4513386.4, 3365693.4 ], [ 4513327.8, 3365726.9 ], [ 4513286.1, 3365694.4 ], [ 4513246.8, 3365681.2 ], [ 4513232.4, 3365683.8 ], [ 4513221.8, 3365698.5 ], [ 4513220.4, 3365731.2 ], [ 4513185.9, 3365752.0 ], [ 4513182.5, 3365773.6 ], [ 4513228.7, 3365848.2 ], [ 4513306.4, 3365863.3 ], [ 4513367.1, 3365972.1 ], [ 4513331.6, 3366004.3 ], [ 4513332.9, 3366028.4 ], [ 4513344.7, 3366036.5 ], [ 4513448.1, 3366054.3 ], [ 4513488.4, 3366072.2 ], [ 4513465.6, 3366238.5 ], [ 4513432.3, 3366234.3 ], [ 4513418.6, 3366239.7 ], [ 4513405.6, 3366286.4 ], [ 4513318.5, 3366274.4 ], [ 4513305.3, 3366278.6 ], [ 4513219.7, 3366376.7 ], [ 4513215.8, 3366413.0 ], [ 4513223.4, 3366430.5 ], [ 4513483.4, 3366668.5 ], [ 4513503.4, 3366743.3 ], [ 4513540.9, 3366823.3 ], [ 4513594.6, 3367113.6 ], [ 4513587.7, 3367141.7 ], [ 4513595.4, 3367284.6 ], [ 4513572.7, 3367388.7 ], [ 4513581.9, 3367482.5 ], [ 4513523.8, 3367856.9 ], [ 4513526.0, 3367963.4 ], [ 4513547.8, 3367973.6 ], [ 4513565.9, 3367957.8 ], [ 4513585.7, 3367783.0 ], [ 4513743.0, 3367635.8 ], [ 4513908.0, 3367738.3 ], [ 4513870.8, 3367782.8 ], [ 4513760.2, 3367969.4 ], [ 4513770.4, 3368021.0 ], [ 4513818.8, 3368131.6 ], [ 4513752.0, 3368158.6 ], [ 4513701.0, 3368161.3 ], [ 4513688.8, 3368175.1 ], [ 4513691.4, 3368193.3 ], [ 4513706.9, 3368203.2 ], [ 4513887.3, 3368227.7 ], [ 4513904.8, 3368222.4 ], [ 4513932.9, 3368161.7 ], [ 4513898.4, 3367910.0 ], [ 4514011.2, 3367831.4 ], [ 4514035.3, 3367874.3 ], [ 4514081.0, 3367880.7 ], [ 4514122.2, 3367864.0 ], [ 4514147.5, 3367830.5 ], [ 4514164.0, 3368014.6 ], [ 4514138.2, 3368027.2 ], [ 4514131.1, 3368043.3 ], [ 4514163.5, 3368247.1 ], [ 4514172.5, 3368261.4 ], [ 4514991.3, 3368380.1 ], [ 4515009.3, 3368370.6 ], [ 4515076.4, 3368273.0 ], [ 4515191.7, 3368190.8 ], [ 4515281.8, 3368254.5 ], [ 4515385.9, 3368384.8 ], [ 4515402.9, 3368387.8 ], [ 4515463.1, 3368363.5 ], [ 4515480.6, 3368363.3 ], [ 4515468.4, 3368398.5 ], [ 4515465.4, 3368471.8 ], [ 4515430.9, 3368685.5 ], [ 4515371.6, 3368715.7 ], [ 4515369.3, 3368730.1 ], [ 4515386.0, 3368777.7 ], [ 4515302.5, 3368833.1 ], [ 4515260.3, 3368805.7 ], [ 4515231.6, 3368804.1 ], [ 4515112.5, 3368842.4 ], [ 4515098.6, 3368895.2 ], [ 4515047.2, 3368921.4 ], [ 4515024.1, 3368910.4 ], [ 4515004.0, 3368917.8 ], [ 4514869.0, 3369152.3 ], [ 4514861.6, 3369200.8 ], [ 4514881.2, 3369223.3 ], [ 4514799.0, 3369411.9 ], [ 4514743.0, 3369358.5 ], [ 4514713.7, 3369312.3 ], [ 4514656.4, 3369296.3 ], [ 4514642.4, 3369298.4 ], [ 4514631.4, 3369312.0 ], [ 4514631.7, 3369402.2 ], [ 4514614.9, 3369402.0 ], [ 4514605.0, 3369370.5 ], [ 4514590.6, 3369359.1 ], [ 4514529.2, 3369369.3 ], [ 4514521.4, 3369402.1 ], [ 4514528.8, 3369418.4 ], [ 4514540.4, 3369426.7 ], [ 4514564.7, 3369426.9 ], [ 4514630.8, 3369502.7 ], [ 4514447.4, 3369488.8 ], [ 4514410.9, 3369478.4 ], [ 4514330.5, 3369445.7 ], [ 4514289.4, 3369403.7 ], [ 4514212.1, 3369351.4 ], [ 4513981.3, 3369286.0 ], [ 4513643.3, 3369484.7 ], [ 4513629.9, 3369536.3 ], [ 4513628.3, 3369629.2 ], [ 4513603.5, 3369647.3 ], [ 4513558.4, 3369661.1 ], [ 4513464.3, 3369664.8 ], [ 4513437.8, 3369647.4 ], [ 4513365.3, 3369487.8 ], [ 4513350.0, 3369477.9 ], [ 4513292.7, 3369467.0 ], [ 4513237.4, 3369468.7 ], [ 4513159.8, 3369525.6 ], [ 4513021.3, 3369584.5 ], [ 4512992.5, 3369588.2 ], [ 4512738.9, 3369522.1 ], [ 4512646.8, 3369473.1 ], [ 4512626.9, 3369479.7 ], [ 4512614.2, 3369504.9 ], [ 4512569.8, 3369469.7 ], [ 4512561.4, 3369452.6 ], [ 4512575.5, 3369427.2 ], [ 4512553.0, 3369377.8 ], [ 4512547.8, 3369252.3 ], [ 4512515.0, 3369142.3 ], [ 4512545.3, 3369018.3 ], [ 4512567.7, 3368981.5 ], [ 4512613.8, 3368932.0 ], [ 4512616.6, 3368914.5 ], [ 4512595.2, 3368898.0 ], [ 4512371.7, 3368898.8 ], [ 4512378.7, 3368800.0 ], [ 4512375.5, 3368751.5 ], [ 4512364.3, 3368737.0 ], [ 4512199.4, 3368718.0 ], [ 4512181.3, 3368727.7 ], [ 4512175.5, 3368757.6 ], [ 4512073.2, 3368755.9 ], [ 4512072.3, 3368707.9 ], [ 4512048.8, 3368681.3 ], [ 4511988.6, 3368649.5 ], [ 4511951.2, 3368606.8 ], [ 4511808.7, 3368517.7 ], [ 4511535.8, 3368432.6 ], [ 4511551.9, 3368367.2 ], [ 4511532.9, 3368347.1 ], [ 4511410.4, 3368333.3 ], [ 4511397.8, 3368345.1 ], [ 4511381.4, 3368407.4 ], [ 4511167.6, 3368351.4 ], [ 4511036.7, 3368342.2 ], [ 4510901.3, 3368318.2 ], [ 4510880.2, 3368306.9 ], [ 4510760.1, 3368393.6 ], [ 4510681.1, 3368376.9 ], [ 4510614.5, 3368394.8 ], [ 4510579.9, 3368427.2 ], [ 4510520.3, 3368455.9 ], [ 4510487.0, 3368459.9 ], [ 4510426.1, 3368441.4 ], [ 4510347.5, 3368441.6 ], [ 4510338.0, 3368439.4 ], [ 4510329.2, 3368422.8 ], [ 4510441.8, 3368275.8 ], [ 4510498.3, 3368270.6 ], [ 4510543.7, 3368281.2 ], [ 4510579.6, 3368305.3 ], [ 4510618.3, 3368296.7 ], [ 4510631.4, 3368279.0 ], [ 4510623.0, 3368251.9 ], [ 4510647.5, 3368218.3 ], [ 4510695.8, 3368183.8 ], [ 4510780.5, 3368166.1 ], [ 4510797.3, 3368155.2 ], [ 4510803.9, 3368135.8 ], [ 4510776.1, 3368049.9 ], [ 4510776.6, 3367993.0 ], [ 4510790.4, 3367961.4 ], [ 4510830.9, 3367921.6 ], [ 4510930.9, 3367868.1 ], [ 4510946.8, 3367850.9 ], [ 4511004.1, 3367888.3 ], [ 4511079.9, 3367866.7 ], [ 4511231.4, 3367779.8 ], [ 4511237.2, 3367753.3 ], [ 4511168.1, 3367671.8 ], [ 4511333.0, 3367517.7 ], [ 4511417.6, 3367612.6 ], [ 4511437.3, 3367616.8 ], [ 4511564.2, 3367527.3 ], [ 4511632.2, 3367447.6 ], [ 4511661.3, 3367369.2 ], [ 4511623.7, 3367192.7 ], [ 4511525.6, 3366940.3 ], [ 4511416.3, 3366830.3 ], [ 4511479.8, 3366776.7 ], [ 4511490.8, 3366771.7 ], [ 4511627.9, 3366786.2 ], [ 4511732.1, 3366713.0 ], [ 4511743.3, 3366717.5 ], [ 4511773.9, 3366808.5 ], [ 4511808.0, 3366822.5 ], [ 4511896.6, 3366773.2 ], [ 4511910.8, 3366744.6 ], [ 4512014.8, 3366712.6 ], [ 4512175.6, 3366870.6 ], [ 4512209.8, 3366915.6 ], [ 4512247.7, 3366993.7 ], [ 4512266.7, 3367003.3 ], [ 4512285.9, 3366995.2 ], [ 4512290.8, 3366972.0 ], [ 4512279.0, 3366928.3 ], [ 4512217.3, 3366836.2 ], [ 4512224.0, 3366814.4 ], [ 4512283.6, 3366750.9 ], [ 4512361.6, 3366644.1 ], [ 4512420.1, 3366603.1 ], [ 4512420.9, 3366520.4 ], [ 4512389.3, 3366459.4 ], [ 4512202.8, 3366293.6 ], [ 4512116.6, 3366017.9 ], [ 4512097.0, 3366005.6 ], [ 4512049.8, 3366019.4 ], [ 4512044.9, 3365984.7 ], [ 4512379.9, 3365988.8 ], [ 4512395.7, 3365982.3 ], [ 4512420.8, 3365931.9 ], [ 4512411.4, 3365847.7 ], [ 4512370.9, 3365774.9 ], [ 4512323.3, 3365710.7 ], [ 4512441.3, 3365607.2 ], [ 4512448.6, 3365588.1 ], [ 4512424.8, 3365538.1 ], [ 4512300.6, 3365437.7 ], [ 4512209.5, 3365427.1 ], [ 4512126.8, 3365377.0 ], [ 4511973.8, 3365330.1 ], [ 4511974.6, 3365243.6 ], [ 4511996.4, 3365231.2 ], [ 4511995.4, 3365209.6 ], [ 4511876.4, 3365075.2 ], [ 4511797.6, 3365004.6 ], [ 4511770.9, 3365006.9 ], [ 4511744.0, 3365053.5 ], [ 4511677.8, 3365105.5 ], [ 4511631.5, 3365111.3 ], [ 4511621.8, 3365105.1 ], [ 4511656.7, 3365054.8 ], [ 4511639.5, 3365018.2 ], [ 4511622.2, 3365012.4 ], [ 4511571.2, 3365026.4 ], [ 4511554.7, 3365004.8 ], [ 4511553.1, 3364967.2 ], [ 4511539.2, 3364956.4 ], [ 4511525.1, 3364957.5 ], [ 4511490.5, 3364979.3 ], [ 4511424.9, 3364914.0 ], [ 4511420.2, 3364893.6 ], [ 4511404.2, 3364886.1 ], [ 4511347.3, 3364817.0 ], [ 4511304.6, 3364784.3 ], [ 4511350.3, 3364657.4 ], [ 4511428.1, 3364504.8 ], [ 4511485.3, 3364358.7 ], [ 4511468.6, 3364339.2 ], [ 4511224.6, 3364203.3 ], [ 4511076.9, 3364248.8 ], [ 4511108.9, 3364146.0 ], [ 4511086.6, 3364086.5 ], [ 4510999.0, 3364063.3 ], [ 4510864.3, 3364093.3 ], [ 4510858.9, 3364110.1 ], [ 4510885.2, 3364207.7 ], [ 4510923.0, 3364298.0 ], [ 4510915.1, 3364321.0 ], [ 4510928.5, 3364336.2 ], [ 4510944.8, 3364383.1 ], [ 4510815.4, 3364423.5 ], [ 4510797.5, 3364359.1 ], [ 4510784.8, 3364346.1 ], [ 4510696.9, 3364369.2 ], [ 4510672.9, 3364305.9 ], [ 4510631.4, 3364243.8 ], [ 4510593.4, 3364205.2 ], [ 4510516.9, 3364155.2 ], [ 4510488.1, 3364077.6 ], [ 4510446.3, 3364009.6 ], [ 4510412.2, 3363998.4 ], [ 4510258.8, 3364041.4 ], [ 4510226.7, 3364026.2 ], [ 4510177.8, 3364034.1 ], [ 4510165.9, 3364005.3 ], [ 4510143.4, 3364004.6 ], [ 4510122.7, 3363978.3 ], [ 4510087.2, 3363973.7 ], [ 4510067.8, 3363992.4 ], [ 4510081.7, 3364038.3 ], [ 4510072.4, 3364054.0 ], [ 4510044.2, 3364067.7 ], [ 4510013.1, 3364059.4 ], [ 4510010.8, 3364030.5 ], [ 4510000.4, 3364016.4 ], [ 4509982.9, 3364014.5 ], [ 4509970.4, 3364024.3 ], [ 4509938.3, 3363925.0 ], [ 4509888.0, 3363895.8 ], [ 4509889.0, 3363863.9 ], [ 4509916.9, 3363826.5 ], [ 4509933.2, 3363825.1 ], [ 4510007.0, 3363773.0 ], [ 4510098.7, 3363754.4 ], [ 4510144.4, 3363730.7 ], [ 4510192.5, 3363671.0 ], [ 4510228.2, 3363650.0 ], [ 4510299.2, 3363659.5 ], [ 4510356.1, 3363643.8 ], [ 4510377.4, 3363610.8 ], [ 4510451.4, 3363580.6 ], [ 4510466.9, 3363556.0 ], [ 4510521.5, 3363504.0 ], [ 4510523.0, 3363483.0 ], [ 4510500.7, 3363463.2 ], [ 4510482.6, 3363462.2 ], [ 4510424.4, 3363528.9 ], [ 4510287.7, 3363435.9 ], [ 4510357.4, 3363422.6 ], [ 4510380.8, 3363396.0 ], [ 4510374.3, 3363372.8 ], [ 4510326.6, 3363341.8 ], [ 4510387.7, 3363292.0 ], [ 4510395.6, 3363276.5 ], [ 4510369.2, 3363211.3 ], [ 4510345.7, 3363187.7 ], [ 4510324.4, 3363190.1 ], [ 4510241.7, 3363272.1 ], [ 4510212.1, 3363291.3 ], [ 4510194.4, 3363282.7 ], [ 4510180.8, 3363285.8 ], [ 4510150.4, 3363320.0 ], [ 4510085.3, 3363281.6 ], [ 4510059.1, 3363289.4 ], [ 4510058.3, 3363185.3 ], [ 4509936.3, 3363122.7 ], [ 4509823.2, 3363031.0 ], [ 4509797.8, 3362976.3 ], [ 4509813.2, 3362960.7 ], [ 4509809.9, 3362942.5 ], [ 4509714.9, 3362856.8 ], [ 4509677.6, 3362812.4 ], [ 4509641.3, 3362788.2 ], [ 4509658.3, 3362746.9 ], [ 4509630.5, 3362704.0 ], [ 4509616.9, 3362697.7 ], [ 4509555.9, 3362701.2 ], [ 4509534.4, 3362695.2 ], [ 4509467.9, 3362656.4 ], [ 4509493.2, 3362587.3 ], [ 4509566.2, 3362587.0 ], [ 4509617.8, 3362566.4 ], [ 4509626.8, 3362556.0 ], [ 4509618.8, 3362506.5 ], [ 4509578.8, 3362419.9 ], [ 4509572.9, 3362391.4 ], [ 4509589.5, 3362293.3 ], [ 4509589.0, 3362246.1 ], [ 4509595.0, 3362231.1 ], [ 4509718.3, 3362157.6 ], [ 4509719.6, 3362137.5 ], [ 4509677.2, 3362040.9 ], [ 4509732.5, 3362030.2 ], [ 4509753.3, 3362037.7 ], [ 4509770.1, 3362023.5 ], [ 4509764.3, 3361980.7 ], [ 4509743.3, 3361965.4 ], [ 4509734.3, 3361905.7 ], [ 4509737.3, 3361864.0 ], [ 4509780.1, 3361822.3 ], [ 4509801.3, 3361788.3 ], [ 4509855.1, 3361759.0 ], [ 4509973.6, 3361721.2 ], [ 4510002.8, 3361699.5 ], [ 4510066.6, 3361675.7 ], [ 4510147.0, 3361804.3 ], [ 4510170.9, 3361810.5 ], [ 4510188.2, 3361799.5 ], [ 4510193.2, 3361781.8 ], [ 4510150.2, 3361653.6 ], [ 4510348.5, 3361597.4 ], [ 4510443.7, 3361662.0 ], [ 4510507.5, 3361658.7 ], [ 4510546.0, 3361688.9 ], [ 4510567.4, 3361696.0 ], [ 4510621.8, 3361689.9 ], [ 4510649.6, 3361709.8 ], [ 4510662.3, 3361730.6 ], [ 4510661.7, 3361744.5 ], [ 4510652.5, 3361765.9 ], [ 4510593.8, 3361804.4 ], [ 4510592.9, 3361830.3 ], [ 4510610.4, 3361873.7 ], [ 4510629.9, 3361883.0 ], [ 4510688.9, 3361868.6 ], [ 4510701.1, 3361854.8 ], [ 4510705.7, 3361820.9 ], [ 4510766.9, 3361794.1 ], [ 4510751.1, 3361891.4 ], [ 4510719.9, 3361958.2 ], [ 4510721.0, 3361988.8 ], [ 4510731.4, 3362011.4 ], [ 4510745.7, 3362021.6 ], [ 4510768.7, 3362076.6 ], [ 4510873.2, 3362106.0 ], [ 4510919.4, 3362100.4 ], [ 4510940.1, 3362082.0 ], [ 4510909.4, 3361944.9 ], [ 4510923.9, 3361922.5 ], [ 4510961.5, 3361917.7 ], [ 4510973.4, 3361903.9 ], [ 4510956.1, 3361815.7 ], [ 4510991.1, 3361799.4 ], [ 4511027.7, 3361808.3 ], [ 4511036.6, 3361880.1 ], [ 4511060.6, 3361892.4 ], [ 4511132.1, 3361864.9 ], [ 4511139.6, 3361851.9 ], [ 4511139.8, 3361799.6 ], [ 4511176.0, 3361785.6 ], [ 4511191.0, 3361889.7 ], [ 4511209.9, 3361896.7 ], [ 4511270.3, 3361885.0 ], [ 4511277.3, 3361869.7 ], [ 4511281.5, 3361750.2 ], [ 4511276.4, 3361654.6 ], [ 4511302.3, 3361564.8 ], [ 4511328.1, 3361571.2 ], [ 4511345.9, 3361560.8 ], [ 4511400.9, 3361428.4 ], [ 4511476.5, 3361449.3 ], [ 4511497.0, 3361436.1 ], [ 4511671.0, 3360729.7 ], [ 4511497.4, 3360456.6 ], [ 4511484.2, 3360451.6 ], [ 4511467.9, 3360457.8 ], [ 4511460.1, 3360480.6 ], [ 4511404.6, 3360536.8 ], [ 4511380.3, 3360515.5 ], [ 4511341.3, 3360443.8 ], [ 4511395.4, 3360417.5 ], [ 4511451.3, 3360427.8 ], [ 4511463.5, 3360414.1 ], [ 4511462.8, 3360399.4 ], [ 4511025.8, 3359698.7 ], [ 4510979.5, 3359644.2 ], [ 4510931.5, 3359607.6 ], [ 4509935.7, 3359108.5 ], [ 4509917.7, 3359127.8 ], [ 4509924.7, 3359481.4 ], [ 4509864.0, 3359484.9 ], [ 4509848.5, 3359497.2 ], [ 4509820.0, 3359729.9 ], [ 4509507.5, 3359614.4 ], [ 4509541.9, 3359423.7 ], [ 4509592.1, 3359264.2 ], [ 4509589.9, 3359246.1 ], [ 4509370.8, 3359165.7 ], [ 4509386.2, 3359141.9 ], [ 4509378.8, 3359121.6 ], [ 4509143.9, 3358980.9 ], [ 4509133.9, 3358859.2 ], [ 4509089.4, 3358824.2 ], [ 4509068.2, 3358821.3 ], [ 4509047.2, 3358839.9 ], [ 4509016.5, 3358846.5 ], [ 4508752.2, 3358821.7 ], [ 4508751.5, 3358767.6 ], [ 4508744.9, 3358755.3 ], [ 4508669.3, 3358742.2 ], [ 4508647.2, 3358754.4 ], [ 4508639.1, 3358816.0 ], [ 4508476.8, 3358795.3 ], [ 4508423.6, 3358772.6 ], [ 4508418.5, 3358753.0 ], [ 4508403.9, 3358742.6 ], [ 4508241.7, 3358748.3 ], [ 4508235.3, 3358698.7 ], [ 4508225.2, 3358681.4 ], [ 4508195.3, 3358670.3 ], [ 4508178.0, 3358676.7 ], [ 4508172.2, 3358697.8 ], [ 4508185.7, 3358720.2 ], [ 4508218.0, 3358874.4 ], [ 4508217.5, 3358939.4 ], [ 4508275.0, 3359059.8 ], [ 4508280.4, 3359086.5 ], [ 4508276.9, 3359216.4 ], [ 4508242.3, 3359313.0 ], [ 4508238.4, 3359349.8 ], [ 4508268.0, 3359518.8 ], [ 4508299.3, 3359641.4 ], [ 4508293.8, 3359696.0 ], [ 4508304.5, 3359793.7 ], [ 4508299.7, 3359829.1 ], [ 4508336.0, 3359938.0 ], [ 4508334.1, 3359971.6 ], [ 4508314.0, 3360008.3 ], [ 4508313.6, 3360052.6 ], [ 4508251.8, 3360133.9 ], [ 4508245.0, 3360212.3 ], [ 4508274.0, 3360368.3 ], [ 4508306.9, 3360442.3 ], [ 4508321.4, 3360522.7 ], [ 4508321.7, 3360690.1 ], [ 4508338.4, 3360940.2 ], [ 4508350.2, 3360953.0 ], [ 4508467.7, 3361005.4 ], [ 4508465.2, 3361098.1 ], [ 4508369.9, 3361112.0 ], [ 4508348.5, 3361139.1 ], [ 4508327.4, 3361189.0 ], [ 4508351.5, 3361241.7 ], [ 4508343.4, 3361284.4 ], [ 4508327.6, 3361313.0 ], [ 4508334.6, 3361363.6 ], [ 4508394.9, 3361435.4 ], [ 4508430.0, 3361519.5 ], [ 4508435.6, 3361614.8 ], [ 4508430.6, 3361659.9 ], [ 4508409.6, 3361727.2 ], [ 4508455.6, 3361859.7 ], [ 4508455.4, 3361890.3 ], [ 4508440.0, 3361935.0 ], [ 4508406.7, 3361981.4 ], [ 4508354.2, 3361989.2 ], [ 4508315.0, 3361971.3 ], [ 4508220.2, 3362015.8 ], [ 4508192.6, 3362061.4 ], [ 4508203.0, 3362115.2 ], [ 4508226.1, 3362152.1 ], [ 4508265.3, 3362160.9 ], [ 4508367.1, 3362235.6 ], [ 4508488.1, 3362290.6 ], [ 4508530.1, 3362350.7 ], [ 4508586.7, 3362491.8 ], [ 4508594.3, 3362532.6 ], [ 4508587.9, 3362614.0 ], [ 4508753.5, 3362792.5 ], [ 4508770.1, 3362859.3 ], [ 4508758.0, 3362902.6 ], [ 4508763.2, 3362919.6 ], [ 4508861.5, 3362959.1 ], [ 4508898.4, 3363003.6 ], [ 4508995.7, 3363283.2 ], [ 4509008.1, 3363396.8 ], [ 4509023.7, 3363406.3 ], [ 4509190.4, 3363425.9 ], [ 4509199.5, 3363485.7 ], [ 4509180.8, 3363576.3 ], [ 4509187.1, 3363589.2 ], [ 4509218.8, 3363612.5 ], [ 4509189.0, 3363632.5 ], [ 4509190.4, 3363657.2 ], [ 4509291.3, 3363724.5 ], [ 4509291.8, 3363749.2 ], [ 4509328.0, 3363777.3 ], [ 4509348.3, 3363780.3 ], [ 4509362.3, 3363767.5 ], [ 4509488.9, 3363850.7 ], [ 4509543.4, 3363922.0 ], [ 4509618.1, 3363982.4 ], [ 4509656.5, 3364035.1 ], [ 4509674.3, 3364036.3 ], [ 4509731.0, 3364004.1 ], [ 4509752.2, 3364002.3 ], [ 4509790.2, 3363963.4 ], [ 4509837.9, 3364036.6 ], [ 4509805.0, 3364044.9 ], [ 4509777.2, 3364062.4 ], [ 4509734.0, 3364136.3 ], [ 4509735.5, 3364157.4 ], [ 4509863.0, 3364295.5 ], [ 4510051.0, 3364610.0 ], [ 4510144.8, 3364696.9 ], [ 4510198.6, 3364728.9 ], [ 4510083.3, 3364712.9 ], [ 4509973.2, 3364550.9 ], [ 4509837.3, 3364318.7 ], [ 4509766.0, 3364259.4 ], [ 4509745.3, 3364255.7 ], [ 4509655.9, 3364296.0 ], [ 4509657.8, 3364323.4 ], [ 4509770.9, 3364411.9 ], [ 4509835.5, 3364542.8 ], [ 4510150.2, 3364963.9 ], [ 4510199.4, 3365072.0 ], [ 4510159.4, 3365075.3 ], [ 4510145.9, 3365096.2 ], [ 4510157.0, 3365114.8 ], [ 4510152.3, 3365378.3 ], [ 4510083.3, 3366238.7 ], [ 4510091.4, 3366257.7 ], [ 4510122.5, 3366275.3 ], [ 4510119.5, 3366412.3 ], [ 4510083.1, 3366414.8 ], [ 4510069.5, 3366429.9 ], [ 4510048.5, 3366636.9 ], [ 4510017.2, 3366725.7 ], [ 4509981.8, 3366869.0 ], [ 4509962.8, 3366881.9 ], [ 4509936.4, 3366960.9 ], [ 4509691.5, 3367326.3 ], [ 4509690.6, 3367344.8 ], [ 4509703.0, 3367358.1 ], [ 4509799.6, 3367364.3 ], [ 4509820.6, 3367416.2 ], [ 4509749.4, 3367431.4 ], [ 4509668.2, 3367469.2 ], [ 4509577.1, 3367529.4 ], [ 4509543.5, 3367570.4 ], [ 4509384.1, 3367582.2 ], [ 4509341.6, 3367541.9 ], [ 4509352.9, 3367450.6 ], [ 4509342.0, 3367376.3 ], [ 4509318.5, 3367265.7 ], [ 4509296.7, 3367206.9 ], [ 4509281.5, 3367196.2 ], [ 4509207.3, 3367218.4 ], [ 4509187.9, 3367231.5 ], [ 4509184.9, 3367309.9 ], [ 4509165.1, 3367372.3 ], [ 4509178.3, 3367397.8 ], [ 4508704.5, 3367344.3 ], [ 4508692.9, 3367333.7 ], [ 4508579.2, 3367290.4 ], [ 4508565.2, 3367294.7 ], [ 4508556.4, 3367310.4 ], [ 4508562.3, 3367327.4 ], [ 4508585.7, 3367340.9 ], [ 4508564.8, 3367394.6 ], [ 4508623.0, 3367450.6 ], [ 4508579.5, 3367495.0 ], [ 4508524.6, 3367488.8 ], [ 4508502.5, 3367523.9 ], [ 4508469.1, 3367469.2 ], [ 4508460.5, 3367437.3 ], [ 4508461.6, 3367368.7 ], [ 4508444.2, 3367350.7 ], [ 4508267.6, 3367387.8 ], [ 4508086.3, 3367436.9 ], [ 4508087.1, 3367381.4 ], [ 4508077.5, 3367366.5 ], [ 4507953.0, 3367333.3 ], [ 4507994.1, 3367111.7 ], [ 4508067.7, 3367136.5 ], [ 4508086.6, 3367125.6 ], [ 4508086.8, 3367103.8 ], [ 4508038.8, 3367079.9 ], [ 4508014.6, 3366999.5 ], [ 4507914.0, 3366897.5 ], [ 4507894.5, 3366894.1 ], [ 4507828.8, 3366921.0 ], [ 4507853.5, 3366772.9 ], [ 4507847.0, 3366753.4 ], [ 4507749.9, 3366738.3 ], [ 4507730.3, 3366746.4 ], [ 4507720.4, 3366898.9 ], [ 4507699.6, 3366916.8 ], [ 4507639.0, 3366927.8 ], [ 4507628.2, 3366941.4 ], [ 4507589.5, 3367342.8 ], [ 4507606.4, 3367355.9 ], [ 4507768.0, 3367380.7 ], [ 4507858.4, 3367372.0 ], [ 4507849.8, 3367507.9 ], [ 4507946.4, 3367540.3 ], [ 4507979.2, 3367562.1 ], [ 4507954.8, 3367596.5 ], [ 4507915.2, 3367690.5 ], [ 4507915.6, 3367708.7 ], [ 4508020.5, 3367792.2 ], [ 4508080.2, 3367860.2 ], [ 4508199.1, 3368103.2 ], [ 4508230.3, 3368152.1 ], [ 4508089.4, 3368486.0 ], [ 4508072.2, 3368504.1 ], [ 4507895.9, 3368635.7 ], [ 4507723.6, 3368702.6 ], [ 4507683.6, 3368708.3 ], [ 4507668.8, 3368724.3 ], [ 4507701.8, 3368801.7 ], [ 4507843.0, 3369023.6 ], [ 4507830.1, 3369046.9 ], [ 4507851.8, 3369078.8 ], [ 4507830.2, 3369107.5 ], [ 4507830.2, 3369128.2 ], [ 4507859.1, 3369173.3 ], [ 4507904.0, 3369186.6 ], [ 4507902.0, 3369195.6 ], [ 4507859.8, 3369303.0 ], [ 4507805.2, 3369286.9 ], [ 4507791.7, 3369289.4 ], [ 4507755.5, 3369357.5 ], [ 4507638.2, 3369311.6 ], [ 4507634.5, 3369228.6 ], [ 4507659.9, 3369156.5 ], [ 4507690.4, 3369109.2 ], [ 4507683.0, 3369093.0 ], [ 4507642.0, 3369070.7 ], [ 4507611.9, 3369076.5 ], [ 4507392.9, 3369178.8 ], [ 4507374.6, 3369150.2 ], [ 4507350.0, 3369147.7 ], [ 4507300.0, 3369176.4 ], [ 4507294.7, 3369194.3 ], [ 4507304.7, 3369215.5 ], [ 4507248.4, 3369252.2 ], [ 4507229.5, 3369251.7 ], [ 4507197.8, 3369192.9 ], [ 4507185.3, 3369185.0 ], [ 4507134.5, 3369204.7 ], [ 4507121.7, 3369186.5 ], [ 4507105.5, 3369181.6 ], [ 4507049.2, 3369206.5 ], [ 4507042.8, 3369227.0 ], [ 4507073.0, 3369297.5 ], [ 4507096.5, 3369391.7 ], [ 4507101.8, 3369468.0 ], [ 4507127.2, 3369515.0 ], [ 4507154.3, 3369731.4 ], [ 4507168.8, 3369746.2 ], [ 4507220.2, 3369753.9 ], [ 4507223.5, 3369775.3 ], [ 4507197.0, 3369784.5 ], [ 4507186.0, 3369798.5 ], [ 4507172.5, 3369904.7 ], [ 4507182.9, 3369918.6 ], [ 4507200.3, 3369922.8 ], [ 4507274.4, 3369912.4 ], [ 4507369.9, 3370369.1 ], [ 4507383.8, 3370402.4 ], [ 4507379.6, 3370463.2 ], [ 4507342.6, 3370464.8 ], [ 4507328.4, 3370474.5 ], [ 4506969.8, 3370486.7 ], [ 4506959.9, 3370472.1 ], [ 4506910.9, 3370442.2 ], [ 4506694.6, 3370425.2 ], [ 4506540.2, 3370462.1 ], [ 4506518.7, 3370497.2 ], [ 4506555.5, 3370635.2 ], [ 4506490.5, 3370714.3 ], [ 4506486.6, 3370795.4 ], [ 4506428.1, 3370804.7 ], [ 4506408.8, 3370826.3 ], [ 4506384.9, 3370815.8 ], [ 4506405.9, 3370765.1 ], [ 4506416.7, 3370687.8 ], [ 4506453.4, 3370660.3 ], [ 4506451.4, 3370588.6 ], [ 4506484.8, 3370542.7 ], [ 4506489.2, 3370505.4 ], [ 4506483.5, 3370491.6 ], [ 4506517.5, 3370310.6 ], [ 4506532.1, 3370078.4 ], [ 4506509.3, 3370045.8 ], [ 4506500.5, 3369934.4 ], [ 4506486.3, 3369918.9 ], [ 4506468.7, 3369920.4 ], [ 4506457.8, 3369934.4 ], [ 4506445.7, 3370079.6 ], [ 4506394.8, 3370081.0 ], [ 4506314.2, 3369974.7 ], [ 4506225.2, 3369962.9 ], [ 4506305.6, 3369085.7 ], [ 4506526.0, 3368997.9 ], [ 4506545.6, 3368982.1 ], [ 4506549.0, 3368964.8 ], [ 4506525.5, 3368924.9 ], [ 4506479.8, 3368873.6 ], [ 4506508.9, 3368836.1 ], [ 4506509.2, 3368815.4 ], [ 4506310.9, 3368548.5 ], [ 4506251.7, 3368505.9 ], [ 4506196.3, 3368491.6 ], [ 4506135.9, 3368387.8 ], [ 4506063.9, 3368290.7 ], [ 4505965.7, 3368216.1 ], [ 4505939.4, 3368175.0 ], [ 4505896.8, 3368079.2 ], [ 4505867.1, 3367956.9 ], [ 4505840.4, 3367904.8 ], [ 4505840.2, 3367897.7 ], [ 4506302.6, 3367623.9 ], [ 4506307.7, 3367606.7 ], [ 4506276.3, 3367404.0 ], [ 4506147.3, 3367091.0 ], [ 4506065.8, 3366962.3 ], [ 4506041.3, 3366892.0 ], [ 4506022.2, 3366882.9 ], [ 4505919.9, 3366906.3 ], [ 4505869.2, 3366756.3 ], [ 4505870.4, 3366740.3 ], [ 4505837.9, 3366681.8 ], [ 4505820.8, 3366680.4 ], [ 4505704.1, 3366718.7 ], [ 4505402.5, 3366836.1 ], [ 4505353.0, 3366849.0 ], [ 4505287.6, 3366894.9 ], [ 4505283.9, 3366911.7 ], [ 4505291.9, 3366934.7 ], [ 4505462.8, 3367353.2 ], [ 4505496.7, 3367375.5 ], [ 4505542.9, 3367522.8 ], [ 4505504.3, 3367608.1 ], [ 4505497.5, 3367681.2 ], [ 4505511.6, 3367696.3 ], [ 4505578.8, 3367721.6 ], [ 4505641.2, 3367789.4 ], [ 4505712.9, 3367929.8 ], [ 4505752.6, 3368046.2 ], [ 4505793.9, 3368113.6 ], [ 4505830.2, 3368215.1 ], [ 4505877.8, 3368261.2 ], [ 4505909.7, 3368313.5 ], [ 4505954.5, 3368416.0 ], [ 4506019.0, 3368601.1 ], [ 4506022.0, 3368693.4 ], [ 4506038.2, 3368805.8 ], [ 4506058.5, 3368884.0 ], [ 4506084.9, 3368892.4 ], [ 4506323.1, 3368799.2 ], [ 4506349.0, 3368771.9 ], [ 4506427.3, 3368888.5 ], [ 4506292.9, 3368954.0 ], [ 4506096.8, 3369002.7 ], [ 4506077.9, 3369019.0 ], [ 4506067.8, 3369107.0 ], [ 4506074.1, 3369138.6 ], [ 4506059.7, 3369268.9 ], [ 4506044.6, 3369332.8 ], [ 4506059.6, 3369440.1 ], [ 4506039.5, 3369535.2 ], [ 4506046.4, 3369664.7 ], [ 4506029.7, 3369713.7 ], [ 4506040.5, 3369745.9 ], [ 4506097.3, 3369802.5 ], [ 4506099.2, 3369837.1 ], [ 4506064.0, 3369883.8 ], [ 4506051.3, 3369957.4 ], [ 4506070.7, 3370050.9 ], [ 4506053.3, 3370134.3 ], [ 4506009.5, 3370155.5 ], [ 4505998.6, 3370170.3 ], [ 4506020.4, 3370222.9 ], [ 4505989.5, 3370399.6 ], [ 4505991.5, 3370533.1 ], [ 4505986.5, 3370545.0 ], [ 4505959.5, 3370557.9 ], [ 4505952.0, 3370573.0 ], [ 4505962.3, 3370798.4 ], [ 4505927.5, 3370842.8 ], [ 4505902.8, 3370838.3 ], [ 4505887.6, 3370846.6 ], [ 4505854.6, 3370938.0 ], [ 4505856.5, 3370956.4 ], [ 4505870.4, 3370969.5 ], [ 4505850.8, 3371079.3 ], [ 4505818.0, 3371095.8 ], [ 4505796.9, 3371144.3 ], [ 4505842.2, 3371231.9 ], [ 4505800.7, 3371378.9 ], [ 4505735.8, 3371453.8 ], [ 4505740.4, 3371520.3 ], [ 4505588.7, 3371964.5 ], [ 4505447.8, 3372167.8 ], [ 4505356.7, 3372382.7 ], [ 4505198.6, 3372534.0 ], [ 4505197.2, 3372551.3 ], [ 4505212.5, 3372573.5 ], [ 4505198.2, 3372609.6 ], [ 4505167.1, 3372649.1 ], [ 4505123.1, 3372662.6 ], [ 4505039.2, 3372768.2 ], [ 4505005.3, 3372767.7 ], [ 4504994.4, 3372817.0 ], [ 4504887.1, 3372902.8 ], [ 4504839.9, 3372889.5 ], [ 4504822.8, 3372895.0 ], [ 4504803.6, 3372980.5 ], [ 4504733.7, 3373048.3 ], [ 4504636.2, 3373021.4 ], [ 4504618.0, 3373033.5 ], [ 4504611.4, 3373062.3 ], [ 4504731.1, 3373176.9 ], [ 4504842.1, 3373199.9 ], [ 4505005.6, 3373085.0 ], [ 4505107.3, 3373054.0 ], [ 4505122.6, 3373005.6 ], [ 4505306.4, 3372805.3 ], [ 4505309.7, 3372777.0 ], [ 4505296.2, 3372761.3 ], [ 4505276.0, 3372763.0 ], [ 4505246.6, 3372788.6 ], [ 4505221.2, 3372766.1 ], [ 4505262.4, 3372705.0 ], [ 4505290.3, 3372616.8 ], [ 4505338.1, 3372613.4 ], [ 4505381.6, 3372577.3 ], [ 4505431.2, 3372569.9 ], [ 4505448.5, 3372624.5 ], [ 4505460.9, 3372632.9 ], [ 4505475.7, 3372631.4 ], [ 4505494.9, 3372607.8 ], [ 4505520.3, 3372500.1 ], [ 4505575.4, 3372458.1 ], [ 4505626.6, 3372449.9 ], [ 4505733.3, 3372375.8 ], [ 4505845.4, 3372384.6 ], [ 4505884.0, 3372420.2 ], [ 4505900.5, 3372423.5 ], [ 4506005.3, 3372344.6 ], [ 4506039.8, 3372336.5 ], [ 4506043.6, 3372315.0 ], [ 4506000.9, 3372192.5 ], [ 4505976.0, 3372173.0 ], [ 4505937.1, 3372015.4 ], [ 4505896.6, 3371975.3 ], [ 4505915.3, 3371885.8 ], [ 4505858.5, 3371766.5 ], [ 4505871.9, 3371696.2 ], [ 4505957.0, 3371840.8 ], [ 4505976.3, 3371848.6 ], [ 4505993.4, 3371836.8 ], [ 4506107.1, 3371187.7 ], [ 4506199.6, 3371199.7 ], [ 4506236.6, 3371194.9 ], [ 4506245.6, 3371210.4 ], [ 4506293.5, 3371234.4 ], [ 4506277.9, 3371295.6 ], [ 4506227.8, 3371305.5 ], [ 4506191.0, 3371300.3 ], [ 4506193.2, 3371245.4 ], [ 4506174.3, 3371229.6 ], [ 4506153.6, 3371237.9 ], [ 4506122.4, 3371288.4 ], [ 4506087.0, 3371657.1 ], [ 4506039.2, 3371781.6 ], [ 4506045.2, 3371797.8 ], [ 4506061.1, 3371804.7 ], [ 4506140.4, 3371804.7 ], [ 4506175.7, 3371778.7 ], [ 4506175.5, 3371617.0 ], [ 4506228.6, 3371411.8 ], [ 4506281.9, 3371351.0 ], [ 4506302.4, 3371351.4 ], [ 4506344.3, 3371431.1 ], [ 4506395.1, 3371496.6 ], [ 4506459.4, 3371512.5 ], [ 4506473.8, 3371505.2 ], [ 4506528.7, 3371443.3 ], [ 4506536.8, 3371407.9 ], [ 4506561.9, 3371394.1 ], [ 4506587.8, 3371410.2 ], [ 4506605.7, 3371409.9 ], [ 4506710.9, 3371335.5 ], [ 4506822.6, 3371168.4 ], [ 4506831.5, 3370947.9 ], [ 4506915.6, 3370706.7 ], [ 4506874.4, 3370570.9 ], [ 4506898.3, 3370557.1 ], [ 4506903.6, 3370515.5 ], [ 4506959.4, 3370509.5 ], [ 4507000.7, 3370565.9 ], [ 4507017.7, 3370567.0 ], [ 4507058.1, 3370545.6 ], [ 4507094.2, 3370570.7 ], [ 4507070.3, 3370937.1 ], [ 4507113.7, 3370963.4 ], [ 4507169.7, 3370960.6 ], [ 4507254.4, 3370994.0 ], [ 4507291.6, 3370997.2 ], [ 4507423.3, 3371128.3 ], [ 4507450.2, 3371205.6 ], [ 4507639.6, 3371473.5 ], [ 4507622.3, 3371482.7 ], [ 4507568.3, 3371540.4 ], [ 4507567.1, 3371563.7 ], [ 4507618.3, 3371612.4 ], [ 4507634.9, 3371671.9 ], [ 4507711.3, 3371749.9 ], [ 4507727.2, 3371755.2 ], [ 4507772.7, 3371744.8 ], [ 4507780.8, 3371774.6 ], [ 4507751.0, 3371800.5 ], [ 4507744.2, 3371838.0 ], [ 4507777.4, 3371893.9 ], [ 4507797.2, 3371900.5 ], [ 4507838.3, 3371886.4 ], [ 4507923.7, 3371835.6 ], [ 4507934.8, 3371812.5 ], [ 4507988.8, 3371764.3 ], [ 4507930.1, 3371649.7 ], [ 4507868.3, 3371620.4 ], [ 4507836.5, 3371575.9 ], [ 4507821.6, 3371539.0 ], [ 4507808.5, 3371450.0 ], [ 4507842.1, 3371427.8 ], [ 4507860.0, 3371440.1 ], [ 4507884.5, 3371491.3 ], [ 4507992.9, 3371633.4 ], [ 4508013.3, 3371638.5 ], [ 4508036.4, 3371624.7 ], [ 4508101.9, 3371698.3 ], [ 4508011.6, 3371748.9 ], [ 4508003.5, 3371765.1 ], [ 4508007.8, 3371779.1 ], [ 4508084.9, 3371817.0 ], [ 4508082.6, 3371846.9 ], [ 4508119.0, 3371878.0 ], [ 4508137.2, 3371876.8 ], [ 4508166.6, 3371854.0 ], [ 4508197.0, 3371866.7 ], [ 4508188.8, 3372044.2 ], [ 4508262.2, 3372098.1 ], [ 4508267.1, 3372137.8 ], [ 4508247.9, 3372220.8 ], [ 4508320.2, 3372284.9 ], [ 4508195.2, 3372371.6 ], [ 4508146.9, 3372360.5 ], [ 4508118.2, 3372380.9 ], [ 4508112.6, 3372428.2 ], [ 4508139.4, 3372468.1 ], [ 4508226.6, 3372495.5 ], [ 4508274.4, 3372562.7 ], [ 4508272.4, 3372604.0 ], [ 4508187.7, 3372617.6 ], [ 4508167.7, 3372684.7 ], [ 4508133.5, 3372720.5 ], [ 4508124.3, 3372756.6 ], [ 4508190.5, 3372882.4 ], [ 4508317.3, 3373049.4 ], [ 4508332.1, 3373057.9 ], [ 4508357.2, 3373055.1 ], [ 4508419.0, 3372972.7 ], [ 4508475.1, 3372926.6 ], [ 4508480.7, 3372911.4 ], [ 4508446.8, 3372781.3 ], [ 4508353.2, 3372533.8 ], [ 4508374.3, 3372440.8 ], [ 4508441.5, 3372234.7 ], [ 4508445.1, 3372202.7 ], [ 4508389.8, 3372086.3 ], [ 4508368.7, 3371955.6 ], [ 4508392.8, 3371807.7 ], [ 4508412.5, 3371758.4 ], [ 4508573.5, 3371568.6 ], [ 4508601.4, 3371552.2 ], [ 4508668.0, 3371574.8 ], [ 4508784.3, 3371554.8 ], [ 4508964.4, 3371588.6 ], [ 4508980.6, 3371601.8 ], [ 4508989.7, 3371641.6 ], [ 4508958.5, 3371688.3 ], [ 4508945.4, 3371788.5 ], [ 4508819.3, 3371905.6 ], [ 4508766.9, 3372014.6 ], [ 4508767.0, 3372029.1 ], [ 4508779.6, 3372042.0 ], [ 4508890.9, 3372086.4 ], [ 4509055.4, 3372256.8 ], [ 4509169.6, 3372338.9 ], [ 4509248.0, 3372344.6 ], [ 4509287.2, 3372329.5 ], [ 4509334.7, 3372264.3 ], [ 4509439.8, 3372089.9 ], [ 4509577.0, 3372006.2 ], [ 4509618.9, 3371905.9 ], [ 4509707.2, 3371818.5 ], [ 4509736.7, 3371752.1 ], [ 4509728.6, 3371736.1 ], [ 4509672.8, 3371707.6 ], [ 4509596.2, 3371652.0 ], [ 4509522.0, 3371643.5 ], [ 4509465.0, 3371655.2 ], [ 4509403.7, 3371643.5 ], [ 4509329.7, 3371607.9 ], [ 4509281.2, 3371559.6 ], [ 4509211.7, 3371523.5 ], [ 4509188.9, 3371496.2 ], [ 4509179.8, 3371471.2 ], [ 4509147.3, 3371451.9 ], [ 4509165.2, 3371298.5 ], [ 4509187.4, 3371272.9 ], [ 4509202.7, 3371236.5 ], [ 4509291.2, 3371179.6 ], [ 4509356.9, 3371104.9 ], [ 4509498.0, 3371007.8 ], [ 4509544.0, 3370932.0 ], [ 4509586.5, 3370896.8 ], [ 4509668.9, 3370870.5 ], [ 4509698.5, 3370852.6 ], [ 4509730.8, 3370756.6 ], [ 4509772.1, 3370673.1 ], [ 4509767.1, 3370596.7 ], [ 4509781.3, 3370539.0 ], [ 4509808.0, 3370500.6 ], [ 4509856.9, 3370490.3 ], [ 4509904.0, 3370510.3 ], [ 4509909.8, 3370529.0 ], [ 4509906.9, 3370570.6 ], [ 4509887.5, 3370591.2 ], [ 4509881.3, 3370609.9 ], [ 4509907.7, 3370677.4 ], [ 4509931.7, 3370707.5 ], [ 4509935.3, 3370761.0 ], [ 4509970.4, 3370783.9 ], [ 4510027.9, 3370783.3 ], [ 4510057.7, 3370813.2 ], [ 4510070.9, 3370851.9 ], [ 4510052.5, 3370886.4 ], [ 4509963.4, 3370922.6 ], [ 4509944.4, 3370998.4 ], [ 4509941.8, 3371061.7 ], [ 4509989.6, 3371215.7 ], [ 4510033.9, 3371319.3 ], [ 4510078.6, 3371385.6 ], [ 4510112.3, 3371568.9 ], [ 4510159.9, 3371601.5 ], [ 4510289.8, 3371826.7 ], [ 4510317.3, 3371973.2 ], [ 4510324.3, 3372081.8 ], [ 4510299.3, 3372302.9 ], [ 4510299.4, 3372387.1 ], [ 4510239.2, 3372783.7 ], [ 4510189.7, 3372874.1 ], [ 4510061.9, 3372956.1 ], [ 4509933.8, 3372991.9 ], [ 4509823.8, 3372986.3 ], [ 4509735.5, 3372995.5 ], [ 4509707.5, 3373014.1 ], [ 4509677.3, 3372989.6 ], [ 4509654.3, 3372996.6 ], [ 4509604.7, 3372988.8 ], [ 4509555.5, 3372970.2 ], [ 4509483.2, 3372921.7 ], [ 4509398.2, 3372845.6 ], [ 4509305.7, 3372833.1 ], [ 4509228.7, 3372851.8 ], [ 4509216.2, 3372860.3 ], [ 4509201.9, 3372905.5 ], [ 4509090.1, 3373075.4 ], [ 4509035.9, 3373109.7 ], [ 4509030.6, 3373138.9 ], [ 4509038.3, 3373170.1 ], [ 4509060.1, 3373180.6 ], [ 4509135.0, 3373129.4 ], [ 4509166.5, 3373093.4 ], [ 4509275.8, 3373091.6 ], [ 4509286.7, 3373111.8 ], [ 4509308.3, 3373115.3 ], [ 4509321.3, 3373102.3 ], [ 4509335.2, 3373026.7 ], [ 4509367.0, 3373032.0 ], [ 4509393.9, 3373061.6 ], [ 4509472.3, 3373067.4 ], [ 4509509.3, 3373122.5 ], [ 4509533.2, 3373132.3 ], [ 4509547.6, 3373173.5 ], [ 4509510.5, 3373172.6 ], [ 4509494.8, 3373186.9 ], [ 4509492.9, 3373205.0 ], [ 4509567.2, 3373278.3 ], [ 4509569.2, 3373336.7 ], [ 4509592.2, 3373392.1 ], [ 4509602.6, 3373401.0 ], [ 4509673.8, 3373402.9 ], [ 4509683.5, 3373388.5 ], [ 4509685.0, 3373343.4 ], [ 4509832.9, 3373317.9 ], [ 4509876.8, 3373300.2 ], [ 4509917.9, 3373307.8 ], [ 4509948.4, 3373365.3 ], [ 4509951.9, 3373408.6 ], [ 4509976.4, 3373421.3 ], [ 4510011.6, 3373486.5 ], [ 4510033.3, 3373551.8 ], [ 4510027.4, 3373566.2 ], [ 4509974.5, 3373581.3 ], [ 4509962.8, 3373594.9 ], [ 4509961.3, 3373769.2 ], [ 4509949.0, 3373785.5 ], [ 4509947.0, 3373855.5 ], [ 4509926.4, 3373868.5 ], [ 4509921.6, 3373903.3 ], [ 4510069.4, 3373994.9 ], [ 4510244.7, 3374167.3 ], [ 4510339.0, 3374246.3 ], [ 4510370.8, 3374345.6 ], [ 4510375.6, 3374383.6 ], [ 4510390.3, 3374550.4 ], [ 4510386.4, 3374722.1 ], [ 4510305.3, 3374749.9 ], [ 4510207.2, 3374908.0 ], [ 4510049.9, 3374732.5 ], [ 4510118.1, 3374592.4 ], [ 4510128.0, 3374547.2 ], [ 4510187.4, 3374498.9 ], [ 4510206.6, 3374445.8 ], [ 4510207.1, 3374374.7 ], [ 4510197.3, 3374356.4 ], [ 4510041.0, 3374251.7 ], [ 4510025.0, 3374248.3 ], [ 4509977.9, 3374257.8 ], [ 4509963.0, 3374283.6 ], [ 4509994.7, 3374425.4 ], [ 4509742.1, 3374655.3 ], [ 4509629.7, 3374722.8 ], [ 4509583.0, 3374792.3 ], [ 4509531.2, 3374820.9 ], [ 4509496.5, 3374858.1 ], [ 4509480.0, 3374905.8 ], [ 4509422.2, 3374951.1 ], [ 4509244.4, 3374992.3 ], [ 4509169.3, 3374979.9 ], [ 4509063.0, 3374938.4 ], [ 4508991.1, 3374941.0 ], [ 4508926.0, 3374976.5 ], [ 4508876.1, 3375040.9 ], [ 4508843.3, 3375132.1 ], [ 4508698.4, 3375277.1 ], [ 4508597.9, 3375327.9 ], [ 4508603.7, 3375449.1 ], [ 4508616.3, 3375474.0 ], [ 4508582.1, 3375497.7 ], [ 4508569.2, 3375519.5 ], [ 4508574.2, 3375546.6 ], [ 4508548.8, 3375620.0 ], [ 4508556.3, 3375640.2 ], [ 4508575.9, 3375647.5 ], [ 4508596.9, 3375669.3 ], [ 4508621.1, 3375753.1 ], [ 4508595.2, 3375818.7 ], [ 4508597.4, 3375893.3 ], [ 4508572.8, 3375970.3 ], [ 4508553.2, 3375966.7 ], [ 4508533.9, 3375951.5 ], [ 4508519.9, 3375955.3 ], [ 4508510.3, 3375968.4 ], [ 4508510.3, 3375983.4 ], [ 4508525.0, 3375999.5 ], [ 4508532.2, 3376023.6 ], [ 4508525.1, 3376065.6 ], [ 4508500.4, 3376082.9 ], [ 4508452.9, 3376084.5 ], [ 4508442.2, 3376098.0 ], [ 4508437.9, 3376136.7 ], [ 4508412.3, 3376139.7 ], [ 4508379.0, 3376110.2 ], [ 4508366.3, 3376079.1 ], [ 4508364.5, 3376020.9 ], [ 4508382.8, 3375976.2 ], [ 4508459.6, 3375940.0 ], [ 4508483.3, 3375911.3 ], [ 4508509.7, 3375816.0 ], [ 4508450.1, 3375674.8 ], [ 4508382.4, 3375560.4 ], [ 4508385.2, 3375541.1 ], [ 4508410.3, 3375535.3 ], [ 4508419.9, 3375524.1 ], [ 4508422.2, 3375477.6 ], [ 4508486.0, 3375353.5 ], [ 4508489.6, 3375311.5 ], [ 4508468.1, 3375272.7 ], [ 4508411.4, 3375222.0 ], [ 4508373.0, 3375134.6 ], [ 4508345.9, 3375129.4 ], [ 4508334.8, 3375143.7 ], [ 4508266.8, 3375374.1 ], [ 4508134.0, 3375638.2 ], [ 4507955.7, 3375937.6 ], [ 4507849.0, 3376088.1 ], [ 4507685.4, 3376218.7 ], [ 4507560.3, 3376281.2 ], [ 4507417.3, 3376322.8 ], [ 4507357.6, 3376388.2 ], [ 4507298.3, 3376413.5 ], [ 4507264.6, 3376731.3 ], [ 4507221.9, 3376831.3 ], [ 4507233.3, 3376906.0 ], [ 4507256.5, 3376953.1 ], [ 4507237.8, 3377007.5 ], [ 4507206.0, 3377027.7 ], [ 4507175.8, 3377066.0 ], [ 4507143.2, 3377154.2 ], [ 4507109.9, 3377195.5 ], [ 4507093.4, 3377257.9 ], [ 4507106.2, 3377280.6 ], [ 4507102.5, 3377325.9 ], [ 4507070.6, 3377319.4 ], [ 4507038.0, 3377246.5 ], [ 4506989.3, 3377199.3 ], [ 4507056.4, 3377199.3 ], [ 4507069.2, 3377192.1 ], [ 4507100.9, 3377052.6 ], [ 4507093.0, 3377034.6 ], [ 4507036.8, 3377000.3 ], [ 4506997.6, 3376945.1 ], [ 4507019.5, 3376803.1 ], [ 4506943.4, 3376699.8 ], [ 4506943.8, 3376622.7 ], [ 4506984.8, 3376492.0 ], [ 4506972.7, 3376478.4 ], [ 4506954.4, 3376478.6 ], [ 4506850.7, 3376543.2 ], [ 4506843.5, 3376542.5 ], [ 4506802.9, 3376480.7 ], [ 4506780.8, 3376474.2 ], [ 4506672.2, 3376522.5 ], [ 4506393.5, 3376778.1 ], [ 4505339.6, 3377791.1 ], [ 4505120.8, 3378011.3 ], [ 4505090.0, 3378022.4 ], [ 4504981.0, 3378023.9 ], [ 4504917.2, 3378032.9 ], [ 4504806.4, 3378075.4 ], [ 4504799.4, 3378095.0 ], [ 4504832.6, 3378197.5 ], [ 4504794.0, 3378229.4 ], [ 4504781.6, 3378289.9 ], [ 4504735.5, 3378313.4 ], [ 4504683.0, 3378243.4 ], [ 4504656.6, 3378233.9 ], [ 4504640.3, 3378216.4 ], [ 4504617.7, 3378224.1 ], [ 4504518.1, 3378229.3 ], [ 4504506.2, 3378236.2 ], [ 4504476.5, 3378303.8 ], [ 4504478.7, 3378322.3 ], [ 4504496.8, 3378332.7 ], [ 4504526.4, 3378316.7 ], [ 4504558.4, 3378321.1 ], [ 4504568.1, 3378367.2 ], [ 4504553.8, 3378380.8 ], [ 4504554.5, 3378401.5 ], [ 4504566.9, 3378420.7 ], [ 4504582.6, 3378427.8 ], [ 4504605.8, 3378467.8 ], [ 4504691.6, 3378551.4 ], [ 4504712.0, 3378551.7 ], [ 4504817.8, 3378489.3 ], [ 4504843.4, 3378452.1 ], [ 4504888.9, 3378431.8 ], [ 4504902.5, 3378443.2 ], [ 4504900.3, 3378470.4 ], [ 4504863.3, 3378575.4 ], [ 4504852.6, 3378667.4 ], [ 4504854.4, 3378786.0 ], [ 4504839.6, 3378785.7 ], [ 4504826.2, 3378798.2 ], [ 4504828.3, 3378853.6 ], [ 4504848.9, 3378866.6 ], [ 4504936.8, 3378966.6 ], [ 4504959.0, 3379003.7 ], [ 4504992.2, 3379090.6 ], [ 4505181.3, 3379175.8 ], [ 4505179.8, 3379238.1 ], [ 4505009.7, 3379748.1 ], [ 4505022.4, 3379780.0 ], [ 4505042.1, 3379787.6 ], [ 4505169.1, 3379748.5 ], [ 4505273.0, 3379684.6 ], [ 4505585.2, 3379663.9 ], [ 4505639.6, 3379619.3 ], [ 4505688.8, 3379597.2 ], [ 4505703.2, 3379574.6 ] ], [ [ 4508678.0, 3377808.5 ], [ 4508321.1, 3377332.8 ], [ 4508288.6, 3377345.4 ], [ 4508088.0, 3377504.7 ], [ 4508051.0, 3377522.1 ], [ 4508008.3, 3377520.1 ], [ 4507951.0, 3377534.0 ], [ 4507928.5, 3377560.8 ], [ 4507889.3, 3377473.3 ], [ 4507920.3, 3377483.0 ], [ 4508116.5, 3377459.0 ], [ 4508287.9, 3377320.9 ], [ 4508284.4, 3377303.1 ], [ 4508071.0, 3377006.9 ], [ 4508048.6, 3376955.0 ], [ 4508304.7, 3377300.6 ], [ 4508326.4, 3377298.3 ], [ 4508554.7, 3377133.2 ], [ 4508562.7, 3377146.9 ], [ 4508353.0, 3377299.5 ], [ 4508344.3, 3377321.1 ], [ 4508637.9, 3377722.6 ], [ 4508678.0, 3377808.5 ] ], [ [ 4508886.8, 3377583.6 ], [ 4509093.7, 3377453.9 ], [ 4509112.8, 3377501.3 ], [ 4509115.6, 3377559.1 ], [ 4509088.7, 3377579.0 ], [ 4509093.6, 3377614.4 ], [ 4509125.4, 3377636.9 ], [ 4509165.4, 3377625.4 ], [ 4509195.8, 3377580.5 ], [ 4509171.7, 3377528.6 ], [ 4509170.4, 3377495.5 ], [ 4509205.0, 3377476.2 ], [ 4509209.2, 3377451.1 ], [ 4509265.3, 3377423.3 ], [ 4509282.6, 3377469.2 ], [ 4509280.4, 3377522.0 ], [ 4509300.2, 3377535.3 ], [ 4509321.3, 3377522.2 ], [ 4509332.7, 3377580.3 ], [ 4508987.9, 3377715.6 ], [ 4508886.8, 3377583.6 ] ], [ [ 4509635.0, 3377150.3 ], [ 4509624.1, 3377102.8 ], [ 4509692.1, 3377055.3 ], [ 4509746.9, 3377065.9 ], [ 4509772.8, 3377119.2 ], [ 4509774.8, 3377176.0 ], [ 4509769.6, 3377187.7 ], [ 4509733.6, 3377213.6 ], [ 4509699.8, 3377306.7 ], [ 4509663.3, 3377292.4 ], [ 4509651.0, 3377262.9 ], [ 4509673.7, 3377182.5 ], [ 4509654.7, 3377155.7 ], [ 4509635.0, 3377150.3 ] ], [ [ 4511254.8, 3377101.6 ], [ 4511209.6, 3377042.8 ], [ 4511169.1, 3376954.5 ], [ 4511172.5, 3376943.7 ], [ 4511257.2, 3376916.7 ], [ 4511278.4, 3376917.2 ], [ 4511294.3, 3376930.3 ], [ 4511305.4, 3376965.2 ], [ 4511290.7, 3377081.9 ], [ 4511283.0, 3377100.9 ], [ 4511267.3, 3377106.7 ], [ 4511254.8, 3377101.6 ] ], [ [ 4511003.6, 3376502.1 ], [ 4511022.4, 3376470.5 ], [ 4511104.7, 3376522.4 ], [ 4511115.8, 3376538.0 ], [ 4511110.4, 3376608.5 ], [ 4511148.9, 3376673.5 ], [ 4511169.4, 3376737.5 ], [ 4511170.7, 3376777.4 ], [ 4511148.6, 3376827.5 ], [ 4511109.1, 3376865.9 ], [ 4511094.4, 3376868.3 ], [ 4511083.9, 3376860.4 ], [ 4511061.0, 3376787.5 ], [ 4511071.2, 3376650.1 ], [ 4511092.3, 3376641.2 ], [ 4511096.8, 3376620.7 ], [ 4511033.9, 3376568.9 ], [ 4511008.7, 3376536.4 ], [ 4511003.6, 3376502.1 ] ], [ [ 4508924.4, 3376293.9 ], [ 4508909.9, 3376209.7 ], [ 4508890.2, 3376195.0 ], [ 4508869.7, 3376199.9 ], [ 4508860.3, 3376213.0 ], [ 4508786.2, 3376223.6 ], [ 4508693.6, 3376264.3 ], [ 4508664.5, 3376199.8 ], [ 4508670.0, 3376186.5 ], [ 4508696.1, 3376172.3 ], [ 4508710.5, 3376132.0 ], [ 4508708.4, 3376103.7 ], [ 4508689.6, 3376088.2 ], [ 4508692.8, 3376058.4 ], [ 4508712.0, 3376050.2 ], [ 4508744.9, 3376099.3 ], [ 4508772.6, 3376166.8 ], [ 4508822.1, 3376173.7 ], [ 4508842.6, 3376161.7 ], [ 4508856.4, 3376074.8 ], [ 4508901.7, 3375986.5 ], [ 4508933.6, 3375998.9 ], [ 4508990.7, 3376049.7 ], [ 4508997.1, 3376088.0 ], [ 4508994.0, 3376176.5 ], [ 4508970.3, 3376191.4 ], [ 4508960.1, 3376279.0 ], [ 4508924.4, 3376293.9 ] ], [ [ 4512858.9, 3375796.3 ], [ 4512778.9, 3375793.7 ], [ 4512696.3, 3375775.9 ], [ 4512683.5, 3375759.6 ], [ 4512701.7, 3375697.2 ], [ 4512686.6, 3375678.8 ], [ 4512594.3, 3375687.0 ], [ 4512561.0, 3375674.5 ], [ 4512530.3, 3375642.1 ], [ 4512454.9, 3375463.0 ], [ 4512465.2, 3375449.3 ], [ 4512495.1, 3375443.1 ], [ 4512535.6, 3375543.5 ], [ 4512609.8, 3375624.2 ], [ 4512681.0, 3375659.0 ], [ 4512691.3, 3375671.3 ], [ 4512708.9, 3375672.8 ], [ 4512741.8, 3375651.1 ], [ 4512787.1, 3375652.8 ], [ 4512852.3, 3375676.4 ], [ 4512904.1, 3375683.8 ], [ 4512981.1, 3375729.7 ], [ 4513000.1, 3375747.7 ], [ 4513023.9, 3375799.2 ], [ 4513024.0, 3375839.7 ], [ 4513019.0, 3375854.0 ], [ 4512992.5, 3375857.6 ], [ 4512970.8, 3375841.5 ], [ 4512858.9, 3375796.3 ] ], [ [ 4512333.0, 3375204.9 ], [ 4512196.0, 3375039.8 ], [ 4512184.5, 3375005.2 ], [ 4512189.6, 3374945.9 ], [ 4512146.0, 3374850.4 ], [ 4512153.0, 3374769.0 ], [ 4512187.0, 3374658.6 ], [ 4512155.9, 3374605.6 ], [ 4512140.0, 3374542.1 ], [ 4512145.6, 3374507.8 ], [ 4512192.4, 3374450.1 ], [ 4512216.1, 3374401.0 ], [ 4512279.2, 3374363.7 ], [ 4512314.7, 3374310.7 ], [ 4512443.3, 3374221.9 ], [ 4512459.8, 3374187.8 ], [ 4512456.0, 3374129.3 ], [ 4512494.4, 3374076.2 ], [ 4512631.5, 3374008.7 ], [ 4512707.1, 3374033.4 ], [ 4512787.3, 3373979.4 ], [ 4512801.9, 3373935.6 ], [ 4512803.6, 3373802.0 ], [ 4512809.8, 3373791.0 ], [ 4512840.8, 3373795.5 ], [ 4512883.6, 3373953.0 ], [ 4512882.7, 3373972.8 ], [ 4512850.9, 3374025.5 ], [ 4512770.5, 3374068.6 ], [ 4512696.3, 3374121.7 ], [ 4512582.0, 3374153.6 ], [ 4512562.9, 3374173.2 ], [ 4512509.2, 3374280.6 ], [ 4512474.3, 3374333.3 ], [ 4512443.7, 3374362.3 ], [ 4512396.0, 3374381.3 ], [ 4512303.1, 3374394.4 ], [ 4512297.1, 3374411.4 ], [ 4512305.4, 3374475.0 ], [ 4512286.9, 3374575.3 ], [ 4512231.1, 3374657.8 ], [ 4512227.6, 3374713.4 ], [ 4512199.2, 3374728.1 ], [ 4512190.1, 3374746.5 ], [ 4512191.3, 3374768.5 ], [ 4512228.2, 3374865.8 ], [ 4512348.0, 3374918.8 ], [ 4512393.8, 3374973.2 ], [ 4512461.7, 3375125.9 ], [ 4512469.2, 3375155.9 ], [ 4512461.4, 3375170.2 ], [ 4512463.9, 3375184.5 ], [ 4512501.8, 3375200.5 ], [ 4512530.4, 3375223.6 ], [ 4512541.4, 3375280.8 ], [ 4512532.3, 3375303.5 ], [ 4512489.1, 3375330.7 ], [ 4512443.7, 3375316.8 ], [ 4512426.2, 3375288.2 ], [ 4512333.0, 3375204.9 ] ], [ [ 4511122.3, 3374536.6 ], [ 4511101.8, 3374491.3 ], [ 4511105.3, 3374457.4 ], [ 4511184.3, 3374336.9 ], [ 4511184.3, 3374310.1 ], [ 4511166.2, 3374250.4 ], [ 4511168.2, 3374168.1 ], [ 4511311.1, 3374124.2 ], [ 4511420.6, 3374130.2 ], [ 4511443.1, 3374142.7 ], [ 4511448.8, 3374274.1 ], [ 4511412.0, 3374340.4 ], [ 4511224.1, 3374456.3 ], [ 4511122.3, 3374536.6 ] ], [ [ 4510480.6, 3375137.0 ], [ 4510443.6, 3375129.2 ], [ 4510382.9, 3375084.4 ], [ 4510354.1, 3375023.7 ], [ 4510344.2, 3374947.2 ], [ 4510376.0, 3374867.2 ], [ 4510451.5, 3374854.4 ], [ 4510612.0, 3374894.3 ], [ 4510662.7, 3374956.6 ], [ 4510697.4, 3374983.5 ], [ 4510753.6, 3375000.2 ], [ 4510774.9, 3375046.9 ], [ 4510752.3, 3375081.4 ], [ 4510669.2, 3375124.5 ], [ 4510480.6, 3375137.0 ] ], [ [ 4511735.8, 3373405.4 ], [ 4511639.7, 3373353.8 ], [ 4511657.9, 3373300.0 ], [ 4511733.5, 3373305.8 ], [ 4511777.9, 3373245.4 ], [ 4511781.0, 3373229.3 ], [ 4511773.3, 3373212.4 ], [ 4511802.3, 3373173.2 ], [ 4511781.2, 3373136.6 ], [ 4511830.3, 3373079.2 ], [ 4511816.0, 3373049.3 ], [ 4511950.5, 3372927.9 ], [ 4512028.2, 3372936.5 ], [ 4512083.4, 3372889.8 ], [ 4512083.9, 3372869.0 ], [ 4512003.0, 3372754.8 ], [ 4512040.9, 3372709.1 ], [ 4512133.8, 3372701.0 ], [ 4512198.7, 3372712.0 ], [ 4512285.2, 3372780.5 ], [ 4512403.3, 3372783.0 ], [ 4512468.8, 3372847.0 ], [ 4512402.2, 3373016.9 ], [ 4511931.9, 3373612.9 ], [ 4511888.6, 3373586.5 ], [ 4511776.3, 3373548.0 ], [ 4511726.6, 3373506.9 ], [ 4511747.1, 3373428.6 ], [ 4511735.8, 3373405.4 ] ], [ [ 4512692.4, 3373056.7 ], [ 4512741.7, 3373022.1 ], [ 4512767.2, 3373034.0 ], [ 4512832.0, 3373123.4 ], [ 4512889.2, 3373146.1 ], [ 4512806.4, 3373244.3 ], [ 4512721.4, 3373245.6 ], [ 4512662.1, 3373335.7 ], [ 4512583.1, 3373311.6 ], [ 4512500.4, 3373261.4 ], [ 4512516.7, 3373186.8 ], [ 4512643.0, 3373062.8 ], [ 4512692.4, 3373056.7 ] ], [ [ 4511329.9, 3372891.8 ], [ 4511328.8, 3372932.6 ], [ 4511348.2, 3373026.6 ], [ 4511346.4, 3373093.7 ], [ 4511333.9, 3373150.2 ], [ 4511315.7, 3373197.2 ], [ 4511245.5, 3373287.8 ], [ 4511193.4, 3373382.0 ], [ 4511183.1, 3373394.3 ], [ 4511143.9, 3373397.0 ], [ 4511123.4, 3373388.9 ], [ 4511093.4, 3373338.9 ], [ 4511093.4, 3373295.7 ], [ 4511140.9, 3373135.1 ], [ 4511185.3, 3373064.9 ], [ 4511174.5, 3373015.1 ], [ 4511176.3, 3372962.4 ], [ 4511209.2, 3372895.2 ], [ 4511182.3, 3372779.8 ], [ 4511198.0, 3372723.5 ], [ 4511184.1, 3372574.3 ], [ 4511200.2, 3372493.9 ], [ 4511217.0, 3372455.9 ], [ 4511241.8, 3372433.3 ], [ 4511302.1, 3372439.5 ], [ 4511321.2, 3372449.9 ], [ 4511344.1, 3372547.7 ], [ 4511343.2, 3372658.3 ], [ 4511361.8, 3372737.6 ], [ 4511361.6, 3372773.4 ], [ 4511329.9, 3372891.8 ] ], [ [ 4510118.5, 3373251.0 ], [ 4510072.6, 3373251.9 ], [ 4510050.7, 3373224.9 ], [ 4510070.7, 3373178.3 ], [ 4510218.2, 3373123.8 ], [ 4510219.9, 3373191.6 ], [ 4510177.4, 3373226.5 ], [ 4510118.5, 3373251.0 ] ], [ [ 4511182.8, 3372238.1 ], [ 4511118.8, 3372161.3 ], [ 4511101.7, 3372154.8 ], [ 4511052.5, 3372169.4 ], [ 4511028.7, 3372166.7 ], [ 4511017.1, 3372155.0 ], [ 4511072.9, 3372055.6 ], [ 4511183.1, 3372024.8 ], [ 4511208.1, 3372030.7 ], [ 4511263.3, 3372069.5 ], [ 4511322.8, 3372079.4 ], [ 4511448.3, 3371950.3 ], [ 4511482.5, 3371893.1 ], [ 4511491.4, 3371887.4 ], [ 4511555.3, 3371887.6 ], [ 4511565.6, 3371894.4 ], [ 4511568.7, 3371908.4 ], [ 4511542.1, 3371965.1 ], [ 4511550.1, 3371981.9 ], [ 4511574.1, 3371985.5 ], [ 4511580.5, 3371997.3 ], [ 4511584.3, 3372030.5 ], [ 4511575.6, 3372109.2 ], [ 4511538.3, 3372167.9 ], [ 4511455.7, 3372251.9 ], [ 4511423.8, 3372307.4 ], [ 4511407.1, 3372320.0 ], [ 4511382.3, 3372328.4 ], [ 4511358.7, 3372323.3 ], [ 4511324.3, 3372297.8 ], [ 4511273.6, 3372275.6 ], [ 4511221.1, 3372269.1 ], [ 4511182.8, 3372238.1 ] ], [ [ 4510759.2, 3371538.2 ], [ 4510731.7, 3371493.2 ], [ 4510719.6, 3371486.0 ], [ 4510723.2, 3371457.5 ], [ 4510705.1, 3371441.7 ], [ 4510640.4, 3371474.7 ], [ 4510628.7, 3371529.7 ], [ 4510558.5, 3371501.9 ], [ 4510562.0, 3371448.1 ], [ 4510542.3, 3371399.3 ], [ 4510529.8, 3371387.2 ], [ 4510492.4, 3371379.1 ], [ 4510492.4, 3371359.9 ], [ 4510578.0, 3371370.1 ], [ 4510593.0, 3371437.3 ], [ 4510617.4, 3371447.6 ], [ 4510635.2, 3371427.7 ], [ 4510633.6, 3371352.3 ], [ 4510718.5, 3371270.3 ], [ 4510778.1, 3371281.4 ], [ 4510956.1, 3371227.7 ], [ 4510991.5, 3371294.0 ], [ 4511022.3, 3371321.5 ], [ 4511054.5, 3371423.8 ], [ 4511054.1, 3371474.2 ], [ 4511015.6, 3371477.8 ], [ 4510923.9, 3371455.1 ], [ 4510882.3, 3371454.8 ], [ 4510864.3, 3371471.8 ], [ 4510870.8, 3371526.6 ], [ 4510759.2, 3371538.2 ] ], [ [ 4510269.5, 3371342.7 ], [ 4510399.7, 3371376.8 ], [ 4510396.5, 3371479.1 ], [ 4510258.2, 3371523.8 ], [ 4510131.1, 3371345.7 ], [ 4510269.5, 3371342.7 ] ], [ [ 4511731.1, 3370779.2 ], [ 4511685.7, 3370684.2 ], [ 4511684.7, 3370663.1 ], [ 4511714.6, 3370641.0 ], [ 4511733.6, 3370649.4 ], [ 4511767.1, 3370707.4 ], [ 4511811.4, 3370738.4 ], [ 4511821.7, 3370760.8 ], [ 4511806.3, 3370801.2 ], [ 4511783.6, 3370807.8 ], [ 4511731.1, 3370779.2 ] ], [ [ 4512095.1, 3370536.0 ], [ 4512040.0, 3370470.5 ], [ 4512125.3, 3370410.9 ], [ 4512156.7, 3370376.6 ], [ 4512182.9, 3370373.0 ], [ 4512199.8, 3370408.0 ], [ 4512181.6, 3370432.9 ], [ 4512142.8, 3370458.7 ], [ 4512095.1, 3370536.0 ] ], [ [ 4507958.6, 3370471.3 ], [ 4507832.2, 3370481.5 ], [ 4507815.6, 3370459.2 ], [ 4507728.9, 3370451.1 ], [ 4507705.3, 3370378.9 ], [ 4507867.0, 3370353.9 ], [ 4508028.9, 3370290.8 ], [ 4508042.6, 3370352.7 ], [ 4508035.5, 3370375.9 ], [ 4508050.4, 3370390.8 ], [ 4508098.0, 3370388.9 ], [ 4508108.6, 3370375.3 ], [ 4508107.6, 3370344.5 ], [ 4508165.2, 3370336.9 ], [ 4508172.6, 3370405.2 ], [ 4508150.6, 3370425.5 ], [ 4507977.0, 3370456.3 ], [ 4507958.6, 3370471.3 ] ], [ [ 4507376.9, 3370953.3 ], [ 4507378.6, 3370982.8 ], [ 4507352.8, 3370985.4 ], [ 4507349.6, 3370918.8 ], [ 4507339.4, 3370904.4 ], [ 4507195.1, 3370895.1 ], [ 4507172.4, 3370844.5 ], [ 4507179.4, 3370741.0 ], [ 4507227.2, 3370638.4 ], [ 4507361.4, 3370631.6 ], [ 4507379.8, 3370755.8 ], [ 4507381.1, 3370790.6 ], [ 4507371.4, 3370810.1 ], [ 4507395.2, 3370915.6 ], [ 4507376.9, 3370953.3 ] ], [ [ 4508528.0, 3370963.6 ], [ 4508544.0, 3370958.1 ], [ 4508568.8, 3370979.6 ], [ 4508610.2, 3371044.3 ], [ 4508602.9, 3371128.7 ], [ 4508567.5, 3371151.8 ], [ 4508553.8, 3371147.9 ], [ 4508528.7, 3371106.8 ], [ 4508506.0, 3371029.8 ], [ 4508511.0, 3370991.0 ], [ 4508528.0, 3370963.6 ] ], [ [ 4508608.2, 3371475.1 ], [ 4508582.7, 3371430.3 ], [ 4508620.3, 3371410.4 ], [ 4508681.9, 3371441.7 ], [ 4508608.2, 3371475.1 ] ], [ [ 4513618.3, 3370215.9 ], [ 4513625.2, 3370168.0 ], [ 4513666.9, 3370212.8 ], [ 4513645.8, 3370239.7 ], [ 4513618.3, 3370215.9 ] ], [ [ 4514502.7, 3370197.9 ], [ 4514554.8, 3370161.0 ], [ 4514783.6, 3370134.4 ], [ 4514795.7, 3370176.9 ], [ 4514773.1, 3370237.1 ], [ 4514674.2, 3370292.7 ], [ 4514562.5, 3370265.8 ], [ 4514510.9, 3370228.9 ], [ 4514502.7, 3370197.9 ] ], [ [ 4517303.0, 3369990.8 ], [ 4517222.1, 3369960.9 ], [ 4517154.6, 3369965.7 ], [ 4517133.5, 3369936.4 ], [ 4517142.3, 3369881.9 ], [ 4517160.8, 3369846.5 ], [ 4517206.3, 3369795.1 ], [ 4517230.0, 3369784.6 ], [ 4517270.6, 3369788.3 ], [ 4517305.9, 3369809.5 ], [ 4517366.2, 3369911.2 ], [ 4517355.3, 3369954.7 ], [ 4517339.5, 3369974.6 ], [ 4517303.0, 3369990.8 ] ], [ [ 4516193.1, 3369904.9 ], [ 4516138.6, 3369872.5 ], [ 4516118.4, 3369843.1 ], [ 4516131.4, 3369808.0 ], [ 4516156.4, 3369782.2 ], [ 4516176.3, 3369773.5 ], [ 4516207.5, 3369778.9 ], [ 4516219.5, 3369789.3 ], [ 4516236.1, 3369828.6 ], [ 4516235.6, 3369881.6 ], [ 4516226.3, 3369894.7 ], [ 4516193.1, 3369904.9 ] ], [ [ 4509506.2, 3369310.2 ], [ 4509490.4, 3369292.4 ], [ 4509481.2, 3369247.7 ], [ 4509463.1, 3369221.4 ], [ 4509448.5, 3369096.5 ], [ 4509460.4, 3369046.8 ], [ 4509483.1, 3369003.2 ], [ 4509550.0, 3368957.0 ], [ 4509582.5, 3368945.5 ], [ 4509607.4, 3368986.6 ], [ 4509652.5, 3369023.5 ], [ 4509680.0, 3369107.1 ], [ 4509644.6, 3369151.8 ], [ 4509599.5, 3369168.5 ], [ 4509531.4, 3369306.3 ], [ 4509506.2, 3369310.2 ] ], [ [ 4510336.7, 3367885.7 ], [ 4510302.6, 3367868.7 ], [ 4510344.8, 3367699.8 ], [ 4510373.8, 3367496.3 ], [ 4510403.6, 3367491.8 ], [ 4510414.6, 3367478.1 ], [ 4510415.1, 3367457.6 ], [ 4510459.4, 3367443.7 ], [ 4510467.4, 3367427.5 ], [ 4510466.5, 3367369.1 ], [ 4510489.4, 3367363.0 ], [ 4510511.9, 3367375.2 ], [ 4510539.2, 3367409.7 ], [ 4510578.0, 3367400.7 ], [ 4510623.6, 3367460.9 ], [ 4510623.5, 3367561.4 ], [ 4510580.0, 3367661.7 ], [ 4510583.5, 3367681.8 ], [ 4510654.4, 3367714.0 ], [ 4510710.0, 3367695.6 ], [ 4510720.8, 3367704.2 ], [ 4510722.8, 3367720.2 ], [ 4510674.0, 3367749.4 ], [ 4510671.1, 3367767.6 ], [ 4510679.7, 3367779.7 ], [ 4510608.3, 3367802.5 ], [ 4510597.9, 3367816.3 ], [ 4510602.9, 3367836.3 ], [ 4510516.1, 3367877.4 ], [ 4510492.3, 3367943.9 ], [ 4510468.8, 3367973.9 ], [ 4510427.3, 3368002.7 ], [ 4510383.7, 3368015.8 ], [ 4510342.3, 3368007.4 ], [ 4510325.3, 3367996.0 ], [ 4510322.8, 3367970.0 ], [ 4510348.7, 3367908.4 ], [ 4510336.7, 3367885.7 ] ], [ [ 4509399.1, 3367727.2 ], [ 4509416.8, 3367892.9 ], [ 4509385.4, 3367869.1 ], [ 4509352.7, 3367875.5 ], [ 4509334.7, 3367898.0 ], [ 4509310.3, 3367894.6 ], [ 4509234.8, 3367803.9 ], [ 4509217.0, 3367807.4 ], [ 4509203.3, 3367829.5 ], [ 4509169.5, 3367852.9 ], [ 4509003.4, 3367802.5 ], [ 4508992.7, 3367776.5 ], [ 4508977.8, 3367766.3 ], [ 4508950.8, 3367763.0 ], [ 4508870.4, 3367778.6 ], [ 4508836.1, 3367704.6 ], [ 4508794.9, 3367667.6 ], [ 4509141.7, 3367619.9 ], [ 4509218.0, 3367676.4 ], [ 4509247.6, 3367670.9 ], [ 4509283.6, 3367630.2 ], [ 4509313.9, 3367622.8 ], [ 4509342.4, 3367632.7 ], [ 4509376.2, 3367616.4 ], [ 4509490.7, 3367652.6 ], [ 4509472.5, 3367690.4 ], [ 4509418.4, 3367705.9 ], [ 4509399.1, 3367727.2 ] ], [ [ 4510580.5, 3367242.7 ], [ 4510513.0, 3367126.0 ], [ 4510491.5, 3367126.5 ], [ 4510441.0, 3367159.8 ], [ 4510400.7, 3367152.2 ], [ 4510363.7, 3367066.9 ], [ 4510377.6, 3367037.7 ], [ 4510478.2, 3367031.5 ], [ 4510501.3, 3367020.1 ], [ 4510568.6, 3366939.1 ], [ 4510644.3, 3366907.4 ], [ 4510665.6, 3366913.9 ], [ 4510709.2, 3367002.2 ], [ 4510698.2, 3367129.8 ], [ 4510682.2, 3367192.5 ], [ 4510647.4, 3367235.2 ], [ 4510602.2, 3367251.7 ], [ 4510580.5, 3367242.7 ] ], [ [ 4510602.2, 3366092.9 ], [ 4510625.0, 3366090.8 ], [ 4510651.5, 3366100.1 ], [ 4510694.5, 3366228.3 ], [ 4510706.0, 3366313.4 ], [ 4510704.2, 3366432.5 ], [ 4510728.0, 3366505.6 ], [ 4510758.8, 3366543.0 ], [ 4510757.3, 3366587.3 ], [ 4510731.2, 3366659.3 ], [ 4510710.6, 3366684.0 ], [ 4510685.4, 3366686.0 ], [ 4510616.7, 3366654.5 ], [ 4510603.8, 3366621.8 ], [ 4510653.3, 3366502.2 ], [ 4510651.7, 3366482.2 ], [ 4510627.3, 3366454.3 ], [ 4510594.0, 3366432.1 ], [ 4510484.7, 3366376.0 ], [ 4510448.7, 3366330.0 ], [ 4510426.3, 3366278.6 ], [ 4510419.8, 3366227.2 ], [ 4510426.3, 3366195.8 ], [ 4510458.4, 3366167.3 ], [ 4510518.9, 3366145.5 ], [ 4510602.2, 3366092.9 ] ], [ [ 4511895.4, 3366368.7 ], [ 4511885.4, 3366350.3 ], [ 4511849.9, 3366328.8 ], [ 4511814.9, 3366352.6 ], [ 4511733.7, 3366366.8 ], [ 4511711.7, 3366117.4 ], [ 4511796.9, 3366049.4 ], [ 4511956.1, 3366000.8 ], [ 4511973.8, 3366043.4 ], [ 4511931.5, 3366060.9 ], [ 4511923.6, 3366079.9 ], [ 4511961.7, 3366496.0 ], [ 4511880.2, 3366620.0 ], [ 4511813.3, 3366527.3 ], [ 4511902.3, 3366443.4 ], [ 4511895.4, 3366368.7 ] ], [ [ 4510533.8, 3365628.2 ], [ 4510567.6, 3365607.3 ], [ 4510672.7, 3365694.0 ], [ 4510694.2, 3365757.5 ], [ 4510679.9, 3365806.7 ], [ 4510598.3, 3365772.4 ], [ 4510593.8, 3365709.8 ], [ 4510533.8, 3365628.2 ] ], [ [ 4510207.5, 3364753.2 ], [ 4510307.9, 3364761.2 ], [ 4510381.1, 3364798.1 ], [ 4510489.5, 3364935.8 ], [ 4510527.3, 3365018.1 ], [ 4510527.9, 3365054.7 ], [ 4510515.4, 3365072.4 ], [ 4510493.4, 3365075.6 ], [ 4510462.1, 3365061.8 ], [ 4510382.8, 3365010.9 ], [ 4510235.9, 3364943.5 ], [ 4510188.6, 3364898.5 ], [ 4510157.4, 3364842.7 ], [ 4510158.5, 3364816.4 ], [ 4510173.3, 3364787.5 ], [ 4510207.5, 3364753.2 ] ], [ [ 4509891.2, 3363351.1 ], [ 4509929.0, 3363311.3 ], [ 4509998.7, 3363332.2 ], [ 4509991.1, 3363360.3 ], [ 4509965.7, 3363375.9 ], [ 4509891.2, 3363351.1 ] ], [ [ 4509162.1, 3362026.2 ], [ 4509089.5, 3361945.8 ], [ 4509007.1, 3361931.9 ], [ 4508996.1, 3361903.0 ], [ 4508938.9, 3361890.0 ], [ 4508915.0, 3361848.2 ], [ 4508827.7, 3361773.0 ], [ 4508820.5, 3361729.5 ], [ 4508775.3, 3361707.0 ], [ 4508791.4, 3361666.7 ], [ 4508817.9, 3361674.8 ], [ 4508830.3, 3361667.6 ], [ 4508836.9, 3361650.0 ], [ 4508849.1, 3361653.2 ], [ 4508892.6, 3361706.5 ], [ 4508961.0, 3361711.9 ], [ 4509008.1, 3361726.3 ], [ 4509034.6, 3361747.0 ], [ 4509049.7, 3361773.5 ], [ 4509052.3, 3361801.0 ], [ 4509041.9, 3361845.7 ], [ 4509057.1, 3361865.6 ], [ 4509106.3, 3361851.5 ], [ 4509134.7, 3361866.4 ], [ 4509285.3, 3361865.6 ], [ 4509300.3, 3361871.8 ], [ 4509313.7, 3361924.6 ], [ 4509299.9, 3361960.2 ], [ 4509312.1, 3362018.9 ], [ 4509228.7, 3362026.6 ], [ 4509202.3, 3362055.3 ], [ 4509201.7, 3362076.0 ], [ 4509323.5, 3362244.8 ], [ 4509450.4, 3362253.2 ], [ 4509475.1, 3362284.7 ], [ 4509442.4, 3362297.7 ], [ 4509420.3, 3362327.6 ], [ 4509380.9, 3362348.7 ], [ 4509348.3, 3362343.7 ], [ 4509308.9, 3362275.2 ], [ 4509301.6, 3362242.7 ], [ 4509230.6, 3362185.3 ], [ 4509180.8, 3362164.2 ], [ 4509162.1, 3362026.2 ] ], [ [ 4510102.1, 3360728.3 ], [ 4510152.1, 3360726.5 ], [ 4510157.5, 3360732.1 ], [ 4510154.9, 3360769.4 ], [ 4510120.0, 3360807.5 ], [ 4510132.7, 3360867.0 ], [ 4510120.2, 3360884.0 ], [ 4510079.3, 3360878.7 ], [ 4510060.8, 3360867.9 ], [ 4510046.5, 3360847.8 ], [ 4510041.4, 3360814.5 ], [ 4510060.2, 3360755.6 ], [ 4510102.1, 3360728.3 ] ], [ [ 4510688.7, 3360669.5 ], [ 4510660.1, 3360649.1 ], [ 4510632.4, 3360662.8 ], [ 4510491.3, 3360462.2 ], [ 4510564.5, 3360402.9 ], [ 4510567.8, 3360387.9 ], [ 4510558.4, 3360356.3 ], [ 4510567.9, 3360337.3 ], [ 4510639.8, 3360314.4 ], [ 4510687.9, 3360316.5 ], [ 4510703.0, 3360307.0 ], [ 4510700.3, 3360265.7 ], [ 4510681.3, 3360227.2 ], [ 4510688.9, 3360215.2 ], [ 4510699.8, 3360121.2 ], [ 4510712.8, 3360100.1 ], [ 4510710.2, 3360082.6 ], [ 4510684.9, 3360073.2 ], [ 4510640.0, 3360101.8 ], [ 4510640.2, 3360119.3 ], [ 4510651.0, 3360132.5 ], [ 4510625.6, 3360156.3 ], [ 4510625.1, 3360200.3 ], [ 4510631.6, 3360215.3 ], [ 4510656.8, 3360229.3 ], [ 4510648.0, 3360242.4 ], [ 4510618.5, 3360262.6 ], [ 4510560.2, 3360248.8 ], [ 4510545.9, 3360253.1 ], [ 4510525.4, 3360283.7 ], [ 4510529.1, 3360321.2 ], [ 4510504.4, 3360333.6 ], [ 4510444.2, 3360341.4 ], [ 4510416.1, 3360323.3 ], [ 4510382.9, 3360264.6 ], [ 4510383.3, 3360178.2 ], [ 4510339.6, 3360132.0 ], [ 4510364.5, 3360018.1 ], [ 4510392.8, 3359966.6 ], [ 4510385.7, 3359933.9 ], [ 4510390.6, 3359916.3 ], [ 4510517.3, 3359843.6 ], [ 4510635.8, 3359750.3 ], [ 4510689.5, 3359729.9 ], [ 4510727.8, 3359725.7 ], [ 4510767.1, 3359729.2 ], [ 4510778.4, 3359739.0 ], [ 4510780.6, 3359776.7 ], [ 4510767.0, 3359830.5 ], [ 4510807.5, 3359871.3 ], [ 4510817.1, 3359966.2 ], [ 4510805.6, 3359976.5 ], [ 4510787.2, 3359968.8 ], [ 4510770.5, 3359974.5 ], [ 4510721.0, 3360046.8 ], [ 4510721.8, 3360067.5 ], [ 4510735.9, 3360077.9 ], [ 4510757.4, 3360077.8 ], [ 4510828.1, 3360121.4 ], [ 4510852.9, 3360101.1 ], [ 4510851.6, 3360058.7 ], [ 4511057.9, 3360059.7 ], [ 4511087.5, 3360273.7 ], [ 4511058.4, 3360284.2 ], [ 4510972.3, 3360270.5 ], [ 4510948.0, 3360278.1 ], [ 4510944.3, 3360260.6 ], [ 4510933.1, 3360251.6 ], [ 4510884.3, 3360249.7 ], [ 4510868.5, 3360256.2 ], [ 4510862.2, 3360274.7 ], [ 4510824.9, 3360269.4 ], [ 4510811.1, 3360274.6 ], [ 4510788.7, 3360313.7 ], [ 4510794.7, 3360336.2 ], [ 4510807.5, 3360342.4 ], [ 4510858.4, 3360340.5 ], [ 4510883.6, 3360351.1 ], [ 4510809.6, 3360390.4 ], [ 4510756.3, 3360443.0 ], [ 4510753.8, 3360464.1 ], [ 4510801.9, 3360543.2 ], [ 4510688.7, 3360669.5 ] ], [ [ 4508386.6, 3359632.8 ], [ 4508380.6, 3359740.2 ], [ 4508351.7, 3359740.1 ], [ 4508354.0, 3359646.9 ], [ 4508303.0, 3359444.1 ], [ 4508309.3, 3359277.1 ], [ 4508322.7, 3359237.3 ], [ 4508417.3, 3359244.5 ], [ 4508370.3, 3359521.4 ], [ 4508386.6, 3359632.8 ] ], [ [ 4517381.2, 3369511.5 ], [ 4517391.7, 3369488.2 ], [ 4517454.7, 3369454.7 ], [ 4517482.7, 3369447.3 ], [ 4517506.0, 3369456.7 ], [ 4517516.0, 3369474.4 ], [ 4517517.3, 3369526.6 ], [ 4517508.8, 3369537.5 ], [ 4517437.4, 3369574.1 ], [ 4517400.1, 3369566.1 ], [ 4517383.6, 3369547.5 ], [ 4517381.2, 3369511.5 ] ], [ [ 4516906.7, 3369437.2 ], [ 4516875.2, 3369424.4 ], [ 4516824.2, 3369367.8 ], [ 4516803.6, 3369253.1 ], [ 4516793.5, 3369239.3 ], [ 4516805.1, 3369226.0 ], [ 4516820.8, 3369167.6 ], [ 4516842.9, 3369149.8 ], [ 4516878.9, 3369137.0 ], [ 4517042.6, 3369116.5 ], [ 4517108.8, 3369150.7 ], [ 4517132.0, 3369152.5 ], [ 4517207.2, 3369116.8 ], [ 4517279.1, 3369114.1 ], [ 4517314.9, 3369092.1 ], [ 4517335.8, 3369052.5 ], [ 4517365.2, 3369045.1 ], [ 4517395.6, 3369007.6 ], [ 4517431.5, 3368995.6 ], [ 4517446.2, 3369012.7 ], [ 4517492.9, 3369191.4 ], [ 4517490.2, 3369239.0 ], [ 4517452.0, 3369348.4 ], [ 4517431.9, 3369370.2 ], [ 4517315.3, 3369401.0 ], [ 4517265.1, 3369379.9 ], [ 4517183.1, 3369434.1 ], [ 4517102.6, 3369405.8 ], [ 4517026.7, 3369423.9 ], [ 4516906.7, 3369437.2 ] ], [ [ 4517651.3, 3369014.6 ], [ 4517474.1, 3368913.3 ], [ 4517391.0, 3368814.1 ], [ 4517355.8, 3368729.5 ], [ 4517348.2, 3368654.3 ], [ 4517358.4, 3368558.2 ], [ 4517352.2, 3368479.5 ], [ 4517358.7, 3368453.8 ], [ 4517381.3, 3368433.1 ], [ 4517380.7, 3368355.6 ], [ 4517423.1, 3368316.7 ], [ 4517446.6, 3368311.5 ], [ 4517458.7, 3368342.5 ], [ 4517494.7, 3368355.1 ], [ 4517558.4, 3368347.7 ], [ 4517595.9, 3368326.1 ], [ 4517622.6, 3368289.7 ], [ 4517612.5, 3368204.0 ], [ 4517617.5, 3368193.7 ], [ 4517629.3, 3368192.4 ], [ 4517670.8, 3368226.2 ], [ 4517746.7, 3368251.4 ], [ 4517786.4, 3368282.6 ], [ 4517804.5, 3368324.5 ], [ 4517792.3, 3368395.7 ], [ 4517804.2, 3368416.4 ], [ 4517821.7, 3368417.6 ], [ 4517919.1, 3368382.7 ], [ 4517933.5, 3368359.6 ], [ 4518053.9, 3368314.5 ], [ 4518123.9, 3368444.3 ], [ 4518049.2, 3368479.3 ], [ 4518039.9, 3368493.4 ], [ 4518068.1, 3368563.3 ], [ 4518056.9, 3368574.4 ], [ 4518056.8, 3368592.6 ], [ 4518072.0, 3368628.8 ], [ 4518095.0, 3368635.8 ], [ 4518099.5, 3368648.6 ], [ 4518100.9, 3368698.1 ], [ 4518083.5, 3368705.7 ], [ 4518062.9, 3368695.7 ], [ 4517959.2, 3368474.5 ], [ 4517938.5, 3368474.5 ], [ 4517924.8, 3368490.0 ], [ 4517793.6, 3368547.5 ], [ 4517788.7, 3368564.6 ], [ 4517831.1, 3368698.3 ], [ 4517850.8, 3368823.2 ], [ 4517819.6, 3368886.8 ], [ 4517790.0, 3368916.3 ], [ 4517674.6, 3369009.5 ], [ 4517651.3, 3369014.6 ] ], [ [ 4517339.3, 3368221.7 ], [ 4517323.9, 3368277.7 ], [ 4517314.7, 3368275.6 ], [ 4517300.9, 3368230.4 ], [ 4517305.4, 3368207.3 ], [ 4517317.2, 3368194.5 ], [ 4517328.5, 3368196.0 ], [ 4517339.3, 3368221.7 ] ], [ [ 4515692.1, 3368276.1 ], [ 4515762.9, 3368283.3 ], [ 4515840.7, 3368389.6 ], [ 4515847.1, 3368432.2 ], [ 4515809.6, 3368511.6 ], [ 4515755.7, 3368559.2 ], [ 4515774.0, 3368621.4 ], [ 4515726.0, 3368655.7 ], [ 4515692.4, 3368632.5 ], [ 4515675.2, 3368631.6 ], [ 4515653.6, 3368655.0 ], [ 4515601.0, 3368673.9 ], [ 4515570.9, 3368620.0 ], [ 4515596.2, 3368528.7 ], [ 4515528.0, 3368438.4 ], [ 4515563.8, 3368368.9 ], [ 4515666.6, 3368285.2 ], [ 4515692.1, 3368276.1 ] ], [ [ 4517056.4, 3368670.3 ], [ 4517089.0, 3368610.5 ], [ 4517122.7, 3368615.2 ], [ 4517137.4, 3368635.8 ], [ 4517138.9, 3368709.5 ], [ 4517109.5, 3368811.5 ], [ 4517110.6, 3368863.1 ], [ 4517099.5, 3368870.9 ], [ 4517070.5, 3368868.9 ], [ 4516972.4, 3368895.9 ], [ 4516920.0, 3368886.3 ], [ 4516898.4, 3368872.8 ], [ 4516897.4, 3368849.0 ], [ 4516914.3, 3368816.3 ], [ 4516962.3, 3368756.8 ], [ 4516978.8, 3368719.3 ], [ 4517056.4, 3368670.3 ] ], [ [ 4516059.4, 3368892.5 ], [ 4516038.7, 3368906.6 ], [ 4516022.8, 3368900.5 ], [ 4516014.8, 3368854.2 ], [ 4515951.4, 3368832.8 ], [ 4515944.4, 3368796.8 ], [ 4516036.6, 3368751.5 ], [ 4516056.9, 3368797.4 ], [ 4516049.1, 3368844.8 ], [ 4516059.4, 3368892.5 ] ], [ [ 4515513.5, 3368833.8 ], [ 4515586.5, 3368946.2 ], [ 4515613.7, 3368947.9 ], [ 4515627.5, 3368967.6 ], [ 4515661.7, 3368981.4 ], [ 4515729.6, 3369057.7 ], [ 4515759.5, 3369075.1 ], [ 4515765.9, 3369095.6 ], [ 4515759.1, 3369109.0 ], [ 4515636.2, 3369197.7 ], [ 4515630.6, 3369159.0 ], [ 4515641.3, 3369125.6 ], [ 4515636.2, 3369108.8 ], [ 4515622.0, 3369100.1 ], [ 4515602.0, 3369100.9 ], [ 4515589.3, 3369112.0 ], [ 4515579.4, 3369145.7 ], [ 4515552.2, 3369138.8 ], [ 4515526.7, 3369101.0 ], [ 4515499.6, 3368986.8 ], [ 4515462.3, 3368959.5 ], [ 4515448.7, 3368916.5 ], [ 4515462.4, 3368886.1 ], [ 4515513.5, 3368833.8 ] ], [ [ 4516636.7, 3369178.9 ], [ 4516646.0, 3369151.7 ], [ 4516677.1, 3369140.0 ], [ 4516714.9, 3369150.0 ], [ 4516737.3, 3369168.7 ], [ 4516772.8, 3369238.3 ], [ 4516746.0, 3369266.8 ], [ 4516721.1, 3369272.4 ], [ 4516692.9, 3369264.7 ], [ 4516642.2, 3369206.3 ], [ 4516636.7, 3369178.9 ] ], [ [ 4516442.7, 3369087.2 ], [ 4516402.9, 3369167.1 ], [ 4516348.5, 3369150.0 ], [ 4516304.6, 3369164.1 ], [ 4516287.6, 3369152.7 ], [ 4516300.0, 3369097.6 ], [ 4516358.3, 3369035.9 ], [ 4516357.6, 3369016.2 ], [ 4516347.6, 3369003.1 ], [ 4516314.3, 3368986.4 ], [ 4516311.7, 3368934.6 ], [ 4516315.3, 3368920.7 ], [ 4516328.9, 3368913.5 ], [ 4516364.3, 3368946.4 ], [ 4516423.3, 3368965.5 ], [ 4516497.0, 3368932.2 ], [ 4516519.7, 3368934.2 ], [ 4516545.4, 3368950.4 ], [ 4516549.7, 3368972.7 ], [ 4516442.7, 3369087.2 ] ], [ [ 4517941.8, 3368108.2 ], [ 4517960.6, 3368105.9 ], [ 4517980.4, 3368119.1 ], [ 4517992.0, 3368139.2 ], [ 4517982.5, 3368179.0 ], [ 4517966.8, 3368187.8 ], [ 4517946.7, 3368186.4 ], [ 4517925.6, 3368169.2 ], [ 4517917.7, 3368149.1 ], [ 4517922.3, 3368127.1 ], [ 4517941.8, 3368108.2 ] ], [ [ 4516554.9, 3368107.2 ], [ 4516528.9, 3368100.1 ], [ 4516476.4, 3368067.1 ], [ 4516469.6, 3368019.0 ], [ 4516489.0, 3368002.4 ], [ 4516554.5, 3367986.5 ], [ 4516605.6, 3367998.9 ], [ 4516621.9, 3368016.4 ], [ 4516625.1, 3368055.4 ], [ 4516618.2, 3368075.2 ], [ 4516583.1, 3368104.3 ], [ 4516554.9, 3368107.2 ] ], [ [ 4519256.1, 3367747.6 ], [ 4519272.8, 3367724.9 ], [ 4519274.3, 3367708.0 ], [ 4519224.6, 3367639.4 ], [ 4519200.9, 3367635.6 ], [ 4519159.3, 3367672.8 ], [ 4519106.1, 3367634.1 ], [ 4519162.1, 3367597.3 ], [ 4519263.2, 3367607.5 ], [ 4519316.3, 3367700.8 ], [ 4519399.0, 3367758.6 ], [ 4519333.9, 3367754.9 ], [ 4519288.8, 3367772.8 ], [ 4519256.1, 3367747.6 ] ], [ [ 4518536.7, 3367574.4 ], [ 4518496.3, 3367613.7 ], [ 4518416.8, 3367609.1 ], [ 4518366.3, 3367571.1 ], [ 4518383.2, 3367518.1 ], [ 4518410.0, 3367502.3 ], [ 4518441.5, 3367500.6 ], [ 4518455.4, 3367484.6 ], [ 4518445.9, 3367459.1 ], [ 4518396.8, 3367426.7 ], [ 4518389.1, 3367399.1 ], [ 4518393.1, 3367381.5 ], [ 4518404.0, 3367364.0 ], [ 4518495.4, 3367335.6 ], [ 4518509.0, 3367301.3 ], [ 4518538.6, 3367293.0 ], [ 4518528.6, 3367329.5 ], [ 4518553.2, 3367365.3 ], [ 4518541.4, 3367423.8 ], [ 4518558.1, 3367437.0 ], [ 4518593.9, 3367436.4 ], [ 4518645.2, 3367393.9 ], [ 4518644.0, 3367358.7 ], [ 4518661.5, 3367330.8 ], [ 4518688.5, 3367322.4 ], [ 4518706.2, 3367351.0 ], [ 4518720.1, 3367398.6 ], [ 4518663.7, 3367445.8 ], [ 4518645.7, 3367474.6 ], [ 4518574.5, 3367495.3 ], [ 4518556.6, 3367516.5 ], [ 4518536.7, 3367574.4 ] ], [ [ 4517989.3, 3367441.1 ], [ 4517967.9, 3367429.5 ], [ 4517950.5, 3367405.4 ], [ 4517945.0, 3367384.6 ], [ 4517954.2, 3367331.1 ], [ 4517947.8, 3367273.3 ], [ 4517882.4, 3367091.5 ], [ 4517885.8, 3366920.2 ], [ 4517880.0, 3366880.5 ], [ 4517897.1, 3366862.3 ], [ 4517922.9, 3366861.9 ], [ 4517954.7, 3366846.7 ], [ 4517989.9, 3366790.1 ], [ 4518011.6, 3366776.6 ], [ 4518066.5, 3366770.9 ], [ 4518095.4, 3366751.8 ], [ 4518142.2, 3366664.4 ], [ 4518178.2, 3366643.7 ], [ 4518197.2, 3366592.3 ], [ 4518188.2, 3366576.3 ], [ 4518152.5, 3366558.7 ], [ 4518125.3, 3366534.6 ], [ 4518111.8, 3366511.9 ], [ 4518095.2, 3366456.9 ], [ 4518099.9, 3366374.3 ], [ 4518065.4, 3366252.4 ], [ 4517961.3, 3366068.7 ], [ 4517966.0, 3365955.5 ], [ 4517993.6, 3365880.0 ], [ 4518030.1, 3365817.3 ], [ 4518063.9, 3365795.7 ], [ 4518078.4, 3365775.7 ], [ 4518126.1, 3365586.8 ], [ 4518112.6, 3365506.3 ], [ 4518140.1, 3365447.4 ], [ 4518146.9, 3365444.2 ], [ 4518181.3, 3365485.9 ], [ 4518210.2, 3365480.7 ], [ 4518245.8, 3365435.6 ], [ 4518334.4, 3365362.8 ], [ 4518356.2, 3365314.1 ], [ 4518406.7, 3365253.6 ], [ 4518462.8, 3365239.8 ], [ 4518474.5, 3365250.7 ], [ 4518466.2, 3365290.9 ], [ 4518471.6, 3365315.2 ], [ 4518498.6, 3365353.4 ], [ 4518523.6, 3365373.2 ], [ 4518556.8, 3365437.6 ], [ 4518596.6, 3365470.1 ], [ 4518611.0, 3365471.3 ], [ 4518682.2, 3365443.5 ], [ 4518801.1, 3365445.9 ], [ 4518952.2, 3365486.3 ], [ 4519000.0, 3365486.5 ], [ 4519035.9, 3365536.5 ], [ 4518981.3, 3365672.0 ], [ 4519075.3, 3365767.6 ], [ 4519077.4, 3365786.0 ], [ 4519058.1, 3365796.7 ], [ 4519051.9, 3365810.4 ], [ 4519068.4, 3365886.6 ], [ 4519098.2, 3365908.3 ], [ 4519120.1, 3365898.0 ], [ 4519190.8, 3365888.5 ], [ 4519252.5, 3365835.7 ], [ 4519307.7, 3365833.1 ], [ 4519340.6, 3365915.6 ], [ 4519312.2, 3365963.0 ], [ 4519329.9, 3366058.9 ], [ 4519385.4, 3366161.5 ], [ 4519386.2, 3366210.5 ], [ 4519407.2, 3366284.6 ], [ 4519370.1, 3366347.1 ], [ 4519232.6, 3366398.6 ], [ 4519201.9, 3366457.6 ], [ 4519164.9, 3366488.1 ], [ 4519101.5, 3366513.2 ], [ 4519040.7, 3366506.9 ], [ 4519012.7, 3366512.5 ], [ 4518922.2, 3366550.1 ], [ 4518851.8, 3366551.0 ], [ 4518814.6, 3366574.8 ], [ 4518688.1, 3366540.1 ], [ 4518620.3, 3366552.5 ], [ 4518573.7, 3366543.7 ], [ 4518546.0, 3366514.0 ], [ 4518510.3, 3366491.2 ], [ 4518415.9, 3366445.3 ], [ 4518322.6, 3366504.3 ], [ 4518278.6, 3366569.0 ], [ 4518242.9, 3366588.4 ], [ 4518246.2, 3366614.8 ], [ 4518223.8, 3366624.1 ], [ 4518213.6, 3366638.2 ], [ 4518221.1, 3366667.4 ], [ 4518169.5, 3366697.6 ], [ 4518119.2, 3366774.7 ], [ 4518089.8, 3366795.0 ], [ 4518102.9, 3366874.2 ], [ 4518123.9, 3366919.2 ], [ 4518124.8, 3366996.1 ], [ 4518093.7, 3367074.8 ], [ 4518047.2, 3367137.2 ], [ 4518026.2, 3367148.9 ], [ 4518003.8, 3367212.0 ], [ 4518003.2, 3367268.6 ], [ 4518036.3, 3367316.5 ], [ 4518047.2, 3367360.5 ], [ 4518034.7, 3367421.4 ], [ 4518016.2, 3367440.4 ], [ 4517989.3, 3367441.1 ] ], [ [ 4518453.7, 3367054.1 ], [ 4518498.0, 3367047.2 ], [ 4518514.3, 3367068.1 ], [ 4518533.0, 3367072.8 ], [ 4518585.5, 3367054.9 ], [ 4518600.9, 3367063.0 ], [ 4518604.7, 3367087.0 ], [ 4518553.6, 3367112.7 ], [ 4518546.0, 3367137.5 ], [ 4518551.2, 3367153.4 ], [ 4518577.2, 3367160.7 ], [ 4518630.1, 3367128.7 ], [ 4518673.2, 3367162.4 ], [ 4518621.5, 3367175.8 ], [ 4518581.3, 3367213.4 ], [ 4518527.6, 3367190.4 ], [ 4518482.5, 3367185.7 ], [ 4518450.7, 3367097.2 ], [ 4518462.8, 3367076.8 ], [ 4518453.7, 3367054.1 ] ], [ [ 4518507.8, 3366910.2 ], [ 4518568.8, 3366905.1 ], [ 4518594.0, 3366933.8 ], [ 4518619.8, 3366940.5 ], [ 4518636.4, 3366934.2 ], [ 4518642.9, 3366920.8 ], [ 4518667.1, 3366931.6 ], [ 4518674.5, 3366964.4 ], [ 4518427.5, 3366999.9 ], [ 4518449.7, 3366955.1 ], [ 4518490.2, 3366937.0 ], [ 4518507.8, 3366910.2 ] ], [ [ 4519457.9, 3365886.2 ], [ 4519531.1, 3365876.7 ], [ 4519541.9, 3365847.2 ], [ 4519538.4, 3365828.7 ], [ 4519528.6, 3365817.5 ], [ 4519513.9, 3365815.2 ], [ 4519429.4, 3365847.0 ], [ 4519397.4, 3365714.5 ], [ 4519421.0, 3365650.0 ], [ 4519436.6, 3365626.1 ], [ 4519486.8, 3365590.8 ], [ 4519502.8, 3365542.9 ], [ 4519477.5, 3365504.5 ], [ 4519465.4, 3365463.9 ], [ 4519378.4, 3365439.8 ], [ 4519348.4, 3365398.5 ], [ 4519345.0, 3365376.8 ], [ 4519358.8, 3365358.6 ], [ 4519380.6, 3365363.2 ], [ 4519410.1, 3365397.6 ], [ 4519506.3, 3365418.0 ], [ 4519525.0, 3365415.2 ], [ 4519558.9, 3365385.8 ], [ 4519638.8, 3365469.3 ], [ 4519768.1, 3365482.3 ], [ 4519765.0, 3365640.7 ], [ 4519780.9, 3365661.9 ], [ 4519777.8, 3365825.5 ], [ 4519767.2, 3365851.8 ], [ 4519765.8, 3365883.3 ], [ 4519779.8, 3365916.3 ], [ 4519772.9, 3365945.2 ], [ 4519784.9, 3366035.5 ], [ 4519783.2, 3366135.9 ], [ 4519675.2, 3366145.8 ], [ 4519626.9, 3365975.1 ], [ 4519570.4, 3365961.4 ], [ 4519461.4, 3365894.5 ], [ 4519457.9, 3365886.2 ] ], [ [ 4515770.1, 3366360.1 ], [ 4515757.8, 3366396.6 ], [ 4515735.4, 3366402.7 ], [ 4515665.1, 3366411.9 ], [ 4515651.1, 3366404.5 ], [ 4515647.2, 3366392.5 ], [ 4515658.1, 3366353.7 ], [ 4515682.5, 3366330.8 ], [ 4515707.2, 3366320.4 ], [ 4515736.4, 3366324.7 ], [ 4515757.4, 3366337.4 ], [ 4515770.1, 3366360.1 ] ], [ [ 4515305.2, 3366388.8 ], [ 4515292.0, 3366431.0 ], [ 4515264.2, 3366453.3 ], [ 4515238.3, 3366456.0 ], [ 4515208.4, 3366447.1 ], [ 4515172.5, 3366418.3 ], [ 4515147.3, 3366351.0 ], [ 4515150.2, 3366310.2 ], [ 4515137.5, 3366294.8 ], [ 4515066.9, 3366274.3 ], [ 4515036.1, 3366255.2 ], [ 4515021.4, 3366256.6 ], [ 4514992.1, 3366312.0 ], [ 4514996.4, 3366345.3 ], [ 4514975.0, 3366364.7 ], [ 4514850.2, 3366284.7 ], [ 4514831.9, 3366282.2 ], [ 4514804.1, 3366320.0 ], [ 4514809.8, 3366336.7 ], [ 4514841.0, 3366361.8 ], [ 4514821.2, 3366397.9 ], [ 4514811.8, 3366447.9 ], [ 4514837.0, 3366486.5 ], [ 4514830.8, 3366519.8 ], [ 4514819.6, 3366537.6 ], [ 4514796.0, 3366545.6 ], [ 4514764.9, 3366539.4 ], [ 4514688.1, 3366493.3 ], [ 4514595.4, 3366384.2 ], [ 4514557.6, 3366353.1 ], [ 4514438.1, 3366156.2 ], [ 4514421.6, 3366151.5 ], [ 4514348.6, 3366165.0 ], [ 4514308.0, 3366215.3 ], [ 4514312.0, 3366229.5 ], [ 4514344.2, 3366262.1 ], [ 4514305.0, 3366296.5 ], [ 4514300.1, 3366310.7 ], [ 4514335.9, 3366359.7 ], [ 4514290.5, 3366403.3 ], [ 4514236.9, 3366410.1 ], [ 4514215.8, 3366457.4 ], [ 4514173.0, 3366483.6 ], [ 4514164.9, 3366498.7 ], [ 4514168.2, 3366512.6 ], [ 4514202.8, 3366552.1 ], [ 4514196.5, 3366651.9 ], [ 4514209.4, 3366664.0 ], [ 4514252.3, 3366671.4 ], [ 4514256.0, 3366708.4 ], [ 4514303.6, 3366760.5 ], [ 4514286.5, 3366839.7 ], [ 4514213.6, 3366838.1 ], [ 4514144.0, 3366821.0 ], [ 4514114.7, 3366831.4 ], [ 4514110.1, 3367109.4 ], [ 4514053.0, 3367191.4 ], [ 4514027.4, 3367132.3 ], [ 4514026.7, 3366960.3 ], [ 4514051.5, 3366890.9 ], [ 4514019.0, 3366852.1 ], [ 4514064.8, 3366820.7 ], [ 4514065.8, 3366759.9 ], [ 4514056.6, 3366745.4 ], [ 4513981.0, 3366709.4 ], [ 4513969.0, 3366689.3 ], [ 4513978.9, 3366563.9 ], [ 4514104.4, 3366571.6 ], [ 4514115.6, 3366586.2 ], [ 4514133.9, 3366587.2 ], [ 4514146.7, 3366574.0 ], [ 4514157.4, 3366502.4 ], [ 4514148.5, 3366488.0 ], [ 4514032.1, 3366414.2 ], [ 4514045.4, 3366345.1 ], [ 4514035.2, 3366300.4 ], [ 4514022.4, 3366290.4 ], [ 4513943.0, 3366266.6 ], [ 4513909.4, 3366204.3 ], [ 4513941.0, 3366186.6 ], [ 4513974.7, 3366204.7 ], [ 4514036.1, 3366193.2 ], [ 4514122.7, 3366250.6 ], [ 4514148.2, 3366245.4 ], [ 4514160.9, 3366215.9 ], [ 4514119.0, 3366180.3 ], [ 4514138.2, 3366136.8 ], [ 4514112.3, 3366099.1 ], [ 4514137.5, 3366067.8 ], [ 4514296.1, 3366080.1 ], [ 4514353.5, 3366027.1 ], [ 4514358.2, 3366004.0 ], [ 4514346.4, 3365942.9 ], [ 4514368.0, 3365863.2 ], [ 4514356.1, 3365807.7 ], [ 4514364.1, 3365693.0 ], [ 4514473.4, 3365596.7 ], [ 4514551.0, 3365555.7 ], [ 4514607.1, 3365549.6 ], [ 4514672.4, 3365495.6 ], [ 4514697.9, 3365464.4 ], [ 4514705.8, 3365434.2 ], [ 4514742.2, 3365481.7 ], [ 4514758.4, 3365489.7 ], [ 4514820.2, 3365488.7 ], [ 4514987.7, 3365529.2 ], [ 4514941.0, 3365710.6 ], [ 4514953.0, 3365876.0 ], [ 4514948.3, 3365924.5 ], [ 4514956.4, 3365943.6 ], [ 4514989.1, 3365965.7 ], [ 4515019.9, 3365999.6 ], [ 4514897.2, 3366178.0 ], [ 4514896.6, 3366201.9 ], [ 4514909.9, 3366213.3 ], [ 4514930.3, 3366216.2 ], [ 4514960.9, 3366195.9 ], [ 4515009.8, 3366219.2 ], [ 4515025.2, 3366210.3 ], [ 4515047.2, 3366172.9 ], [ 4515070.7, 3366159.9 ], [ 4515098.0, 3366163.4 ], [ 4515149.9, 3366202.3 ], [ 4515175.0, 3366286.0 ], [ 4515257.7, 3366313.5 ], [ 4515305.2, 3366388.8 ] ], [ [ 4515629.1, 3365619.2 ], [ 4515649.1, 3365618.2 ], [ 4515660.9, 3365628.5 ], [ 4515660.9, 3365666.6 ], [ 4515648.5, 3365675.6 ], [ 4515618.3, 3365666.5 ], [ 4515613.9, 3365634.4 ], [ 4515629.1, 3365619.2 ] ], [ [ 4514108.1, 3365909.1 ], [ 4514061.8, 3365938.2 ], [ 4513917.4, 3365810.4 ], [ 4514041.1, 3365685.9 ], [ 4514116.0, 3365744.7 ], [ 4514088.0, 3365779.2 ], [ 4514086.3, 3365797.3 ], [ 4514172.6, 3365878.7 ], [ 4514147.3, 3365900.6 ], [ 4514108.1, 3365909.1 ] ], [ [ 4513565.7, 3366737.4 ], [ 4513545.8, 3366713.1 ], [ 4513526.0, 3366651.2 ], [ 4513610.5, 3366645.5 ], [ 4513586.6, 3366721.0 ], [ 4513565.7, 3366737.4 ] ], [ [ 4513697.2, 3367145.9 ], [ 4513721.1, 3367194.6 ], [ 4513744.4, 3367318.6 ], [ 4513765.2, 3367365.4 ], [ 4513685.3, 3367394.5 ], [ 4513694.7, 3367326.2 ], [ 4513681.2, 3367218.0 ], [ 4513644.8, 3367116.8 ], [ 4513697.2, 3367145.9 ] ], [ [ 4515373.5, 3367347.1 ], [ 4515372.2, 3367287.6 ], [ 4515359.7, 3367267.7 ], [ 4515338.8, 3367260.1 ], [ 4515071.5, 3367296.2 ], [ 4514973.0, 3367261.2 ], [ 4514955.9, 3367268.1 ], [ 4514921.7, 3367314.7 ], [ 4514902.0, 3367328.1 ], [ 4514857.7, 3367329.6 ], [ 4514824.7, 3367318.5 ], [ 4514770.3, 3367277.0 ], [ 4514757.4, 3367253.4 ], [ 4514749.1, 3367200.4 ], [ 4514770.0, 3367167.4 ], [ 4514854.3, 3367130.8 ], [ 4514870.1, 3367111.6 ], [ 4514879.0, 3367074.1 ], [ 4514865.6, 3366938.6 ], [ 4514871.5, 3366882.7 ], [ 4514901.6, 3366815.0 ], [ 4514960.2, 3366784.1 ], [ 4514986.7, 3366747.0 ], [ 4514988.2, 3366732.6 ], [ 4515073.0, 3366669.6 ], [ 4515307.4, 3366584.2 ], [ 4515413.8, 3366698.3 ], [ 4515554.1, 3366751.9 ], [ 4515533.3, 3366819.4 ], [ 4515581.7, 3366932.9 ], [ 4515654.5, 3367004.5 ], [ 4515677.3, 3367007.4 ], [ 4515740.6, 3366972.9 ], [ 4515811.3, 3366982.1 ], [ 4515813.1, 3367016.7 ], [ 4515835.2, 3367036.8 ], [ 4515919.0, 3367044.2 ], [ 4515923.5, 3367127.4 ], [ 4515848.9, 3367118.7 ], [ 4515831.2, 3367127.6 ], [ 4515817.8, 3367152.9 ], [ 4515853.6, 3367246.2 ], [ 4515855.2, 3367284.5 ], [ 4515846.4, 3367312.0 ], [ 4515811.9, 3367327.4 ], [ 4515724.1, 3367297.3 ], [ 4515696.6, 3367302.7 ], [ 4515673.7, 3367321.1 ], [ 4515645.0, 3367374.9 ], [ 4515648.5, 3367394.3 ], [ 4515680.5, 3367445.6 ], [ 4515671.2, 3367479.4 ], [ 4515629.2, 3367520.9 ], [ 4515606.9, 3367527.9 ], [ 4515578.1, 3367521.3 ], [ 4515556.1, 3367503.9 ], [ 4515541.4, 3367445.1 ], [ 4515520.9, 3367412.9 ], [ 4515498.9, 3367399.6 ], [ 4515404.3, 3367381.6 ], [ 4515383.2, 3367367.6 ], [ 4515373.5, 3367347.1 ] ], [ [ 4514214.8, 3367507.5 ], [ 4514309.6, 3367700.1 ], [ 4514232.2, 3367744.6 ], [ 4514132.5, 3367539.1 ], [ 4514214.8, 3367507.5 ] ], [ [ 4515843.2, 3367571.2 ], [ 4515872.6, 3367525.7 ], [ 4515900.9, 3367503.7 ], [ 4515955.3, 3367487.2 ], [ 4515985.5, 3367488.3 ], [ 4516019.4, 3367503.0 ], [ 4516063.9, 3367545.9 ], [ 4516065.6, 3367558.3 ], [ 4516055.8, 3367599.1 ], [ 4516032.5, 3367645.4 ], [ 4516002.2, 3367672.8 ], [ 4515954.5, 3367681.3 ], [ 4515903.7, 3367669.8 ], [ 4515835.4, 3367615.1 ], [ 4515843.2, 3367571.2 ] ], [ [ 4516289.9, 3366684.9 ], [ 4516316.0, 3366638.5 ], [ 4516381.7, 3366664.0 ], [ 4516362.4, 3366717.7 ], [ 4516361.8, 3366770.9 ], [ 4516340.8, 3366843.8 ], [ 4516304.9, 3366845.5 ], [ 4516288.7, 3366808.5 ], [ 4516281.9, 3366751.9 ], [ 4516289.9, 3366684.9 ] ], [ [ 4515827.1, 3366667.5 ], [ 4515815.7, 3366679.4 ], [ 4515793.2, 3366678.2 ], [ 4515779.9, 3366668.0 ], [ 4515775.9, 3366628.8 ], [ 4515790.3, 3366610.9 ], [ 4515812.9, 3366602.9 ], [ 4515829.2, 3366615.0 ], [ 4515835.4, 3366633.7 ], [ 4515827.1, 3366667.5 ] ], [ [ 4517673.0, 3366589.9 ], [ 4517672.7, 3366577.8 ], [ 4517806.2, 3366387.1 ], [ 4517825.5, 3366384.5 ], [ 4517844.1, 3366428.8 ], [ 4517728.3, 3366581.5 ], [ 4517673.0, 3366589.9 ] ], [ [ 4515037.2, 3364998.6 ], [ 4515059.6, 3364990.2 ], [ 4515100.1, 3364998.8 ], [ 4515166.9, 3364990.0 ], [ 4515218.4, 3365015.8 ], [ 4515239.2, 3365036.5 ], [ 4515235.1, 3365042.4 ], [ 4515183.6, 3365038.3 ], [ 4515155.2, 3365054.9 ], [ 4515143.1, 3365116.2 ], [ 4515159.8, 3365199.1 ], [ 4515145.0, 3365224.8 ], [ 4515081.2, 3365201.7 ], [ 4515062.8, 3365181.2 ], [ 4515051.6, 3365157.2 ], [ 4515047.7, 3365112.3 ], [ 4515028.7, 3365044.0 ], [ 4515027.5, 3365018.8 ], [ 4515037.2, 3364998.6 ] ], [ [ 4517190.0, 3364645.6 ], [ 4517220.0, 3364580.5 ], [ 4517255.4, 3364592.5 ], [ 4517256.5, 3364694.3 ], [ 4517274.2, 3364745.1 ], [ 4517174.5, 3364745.1 ], [ 4517190.0, 3364645.6 ] ], [ [ 4519245.0, 3370238.5 ], [ 4519286.3, 3370303.6 ], [ 4519302.6, 3370313.4 ], [ 4519321.8, 3370313.1 ], [ 4519397.1, 3370286.1 ], [ 4519425.1, 3370289.6 ], [ 4519438.7, 3370304.2 ], [ 4519451.9, 3370327.8 ], [ 4519460.3, 3370383.0 ], [ 4519461.2, 3370516.3 ], [ 4519484.1, 3370537.4 ], [ 4519644.4, 3370614.6 ], [ 4519654.6, 3370653.1 ], [ 4519638.4, 3370681.8 ], [ 4519607.5, 3370687.3 ], [ 4519539.1, 3370656.5 ], [ 4519480.3, 3370653.5 ], [ 4519441.5, 3370669.2 ], [ 4519374.8, 3370744.1 ], [ 4519295.0, 3370763.0 ], [ 4519270.2, 3370753.1 ], [ 4519255.1, 3370736.8 ], [ 4519240.4, 3370700.9 ], [ 4519221.8, 3370608.5 ], [ 4519188.5, 3370581.6 ], [ 4519109.5, 3370554.1 ], [ 4519026.1, 3370550.1 ], [ 4518989.3, 3370561.0 ], [ 4518920.1, 3370516.2 ], [ 4518842.2, 3370489.2 ], [ 4518798.9, 3370447.4 ], [ 4518739.9, 3370451.4 ], [ 4518699.3, 3370429.9 ], [ 4518649.0, 3370423.2 ], [ 4518634.0, 3370438.1 ], [ 4518628.5, 3370485.0 ], [ 4518651.8, 3370568.9 ], [ 4518751.1, 3370724.5 ], [ 4518823.6, 3370858.5 ], [ 4518770.8, 3370895.2 ], [ 4518761.5, 3370919.7 ], [ 4518775.8, 3370949.5 ], [ 4518739.3, 3371000.2 ], [ 4518696.6, 3371021.1 ], [ 4518657.1, 3371024.4 ], [ 4518571.8, 3370962.3 ], [ 4518541.6, 3370978.4 ], [ 4518511.7, 3371031.6 ], [ 4518435.5, 3371004.3 ], [ 4518371.3, 3371024.0 ], [ 4518272.9, 3371112.7 ], [ 4518080.7, 3371185.6 ], [ 4518037.4, 3371304.3 ], [ 4517999.9, 3371287.7 ], [ 4517992.3, 3371247.6 ], [ 4517974.8, 3371214.2 ], [ 4517905.7, 3371168.9 ], [ 4517872.3, 3371139.0 ], [ 4517844.7, 3371099.6 ], [ 4517834.8, 3371032.4 ], [ 4517847.1, 3370976.4 ], [ 4517886.3, 3370918.1 ], [ 4517916.8, 3370913.5 ], [ 4517939.6, 3370900.5 ], [ 4518033.1, 3370812.8 ], [ 4518309.4, 3370808.3 ], [ 4518345.2, 3370793.4 ], [ 4518380.5, 3370729.3 ], [ 4518360.8, 3370651.4 ], [ 4518349.0, 3370637.9 ], [ 4518331.0, 3370637.8 ], [ 4518251.3, 3370672.7 ], [ 4518168.4, 3370626.5 ], [ 4518123.0, 3370464.2 ], [ 4518113.0, 3370382.8 ], [ 4518122.4, 3370328.8 ], [ 4518329.4, 3370209.8 ], [ 4518366.2, 3370203.6 ], [ 4518444.5, 3370225.6 ], [ 4518480.1, 3370223.0 ], [ 4518555.9, 3370163.3 ], [ 4518603.1, 3370146.3 ], [ 4518653.5, 3370163.1 ], [ 4518740.2, 3370172.7 ], [ 4518820.4, 3370210.8 ], [ 4518911.8, 3370239.7 ], [ 4518926.7, 3370233.1 ], [ 4519013.0, 3370133.3 ], [ 4519045.0, 3370132.3 ], [ 4519080.6, 3370174.3 ], [ 4519170.9, 3370189.6 ], [ 4519200.6, 3370215.8 ], [ 4519245.0, 3370238.5 ] ], [ [ 4517304.1, 3370723.2 ], [ 4517362.7, 3370751.8 ], [ 4517417.9, 3370749.6 ], [ 4517443.4, 3370730.6 ], [ 4517459.9, 3370730.6 ], [ 4517516.7, 3370770.4 ], [ 4517423.2, 3370796.5 ], [ 4517398.5, 3370834.3 ], [ 4517401.7, 3370848.5 ], [ 4517416.6, 3370858.5 ], [ 4517600.9, 3370890.0 ], [ 4517633.9, 3370885.7 ], [ 4517646.1, 3370868.5 ], [ 4517641.9, 3370768.5 ], [ 4517693.7, 3370765.0 ], [ 4517797.7, 3370811.4 ], [ 4517772.2, 3370876.4 ], [ 4517725.7, 3370900.4 ], [ 4517601.4, 3370918.5 ], [ 4517342.9, 3370882.7 ], [ 4517300.4, 3370890.0 ], [ 4517250.2, 3370911.2 ], [ 4517240.5, 3370879.2 ], [ 4517203.8, 3370878.9 ], [ 4517144.7, 3370970.1 ], [ 4517155.0, 3370998.7 ], [ 4517185.0, 3370998.4 ], [ 4517188.4, 3371016.3 ], [ 4517176.3, 3371046.5 ], [ 4517197.2, 3371099.0 ], [ 4517223.3, 3371126.2 ], [ 4517203.7, 3371147.9 ], [ 4517179.6, 3371154.1 ], [ 4517165.8, 3371139.3 ], [ 4517153.2, 3371080.1 ], [ 4517130.3, 3371045.2 ], [ 4517081.6, 3371037.0 ], [ 4517060.3, 3371020.4 ], [ 4517065.3, 3370946.8 ], [ 4517030.1, 3370868.0 ], [ 4517067.6, 3370862.6 ], [ 4517083.7, 3370904.2 ], [ 4517121.4, 3370909.9 ], [ 4517132.1, 3370895.5 ], [ 4517146.4, 3370806.7 ], [ 4517175.0, 3370831.3 ], [ 4517235.5, 3370829.2 ], [ 4517279.7, 3370768.8 ], [ 4517286.7, 3370739.8 ], [ 4517304.1, 3370723.2 ] ], [ [ 4519704.8, 3371283.1 ], [ 4519741.3, 3371271.9 ], [ 4519799.2, 3371281.5 ], [ 4519894.7, 3371353.0 ], [ 4519931.5, 3371428.5 ], [ 4519967.7, 3371456.6 ], [ 4519999.0, 3371461.3 ], [ 4520032.5, 3371455.5 ], [ 4520115.8, 3371406.1 ], [ 4520143.5, 3371412.6 ], [ 4520172.9, 3371433.3 ], [ 4520185.2, 3371446.9 ], [ 4520185.8, 3371467.1 ], [ 4520031.5, 3371560.2 ], [ 4520005.6, 3371567.3 ], [ 4519883.2, 3371517.8 ], [ 4519803.7, 3371520.2 ], [ 4519682.1, 3371500.6 ], [ 4519606.2, 3371518.2 ], [ 4519537.7, 3371512.5 ], [ 4519496.3, 3371546.4 ], [ 4519475.4, 3371607.4 ], [ 4519394.0, 3371611.2 ], [ 4519374.5, 3371630.5 ], [ 4519351.0, 3371620.4 ], [ 4519383.4, 3371540.6 ], [ 4519449.8, 3371539.6 ], [ 4519489.4, 3371489.1 ], [ 4519490.3, 3371472.6 ], [ 4519468.9, 3371411.4 ], [ 4519476.9, 3371383.9 ], [ 4519490.5, 3371370.6 ], [ 4519609.9, 3371336.1 ], [ 4519704.8, 3371283.1 ] ], [ [ 4519920.9, 3371289.7 ], [ 4519921.9, 3371265.7 ], [ 4519941.7, 3371228.1 ], [ 4519987.3, 3371223.1 ], [ 4520016.4, 3371250.6 ], [ 4520042.8, 3371324.8 ], [ 4520028.1, 3371344.2 ], [ 4519993.5, 3371346.0 ], [ 4519959.8, 3371333.1 ], [ 4519920.9, 3371289.7 ] ], [ [ 4519785.0, 3371111.0 ], [ 4519801.4, 3370988.0 ], [ 4519764.4, 3370904.9 ], [ 4519792.8, 3370879.0 ], [ 4519865.0, 3370876.3 ], [ 4519906.7, 3370889.8 ], [ 4519939.0, 3370921.8 ], [ 4519985.5, 3370989.3 ], [ 4519979.8, 3371037.8 ], [ 4519944.6, 3371081.4 ], [ 4519869.5, 3371145.2 ], [ 4519830.7, 3371151.4 ], [ 4519802.3, 3371144.6 ], [ 4519790.0, 3371130.2 ], [ 4519785.0, 3371111.0 ] ], [ [ 4519590.0, 3370379.7 ], [ 4519621.0, 3370264.2 ], [ 4519638.9, 3370246.5 ], [ 4519661.3, 3370258.6 ], [ 4519678.9, 3370293.6 ], [ 4519738.9, 3370331.1 ], [ 4519785.5, 3370423.8 ], [ 4519818.8, 3370455.9 ], [ 4519814.6, 3370483.1 ], [ 4519800.8, 3370503.3 ], [ 4519769.2, 3370515.7 ], [ 4519725.2, 3370486.1 ], [ 4519653.6, 3370474.7 ], [ 4519626.6, 3370457.5 ], [ 4519597.7, 3370420.4 ], [ 4519590.0, 3370379.7 ] ], [ [ 4517782.8, 3372329.2 ], [ 4517763.0, 3372344.1 ], [ 4517727.5, 3372295.0 ], [ 4517748.5, 3372281.1 ], [ 4517749.4, 3372257.5 ], [ 4517774.8, 3372237.2 ], [ 4517793.9, 3372279.3 ], [ 4517782.8, 3372329.2 ] ] ] } },
{ "type": "Feature", "properties": { "id": "forest_47590", "state": "Mecklenburg-Vorpommern", "area_ha": 5750.56, "unfragmented": true, "image": "forest_47590.webp", "real_width_m": 14586.2, "real_height_m": 10568.7, "pixel_width": 1458, "pixel_height": 1056, "centroid_x": 4596175.9, "centroid_y": 3399203.1 }, "geometry": { "type": "Polygon", "coordinates": [ [ [ 4595405.9, 3404260.2 ], [ 4595776.1, 3404276.5 ], [ 4596215.6, 3404251.9 ], [ 4596402.2, 3404213.6 ], [ 4596415.7, 3404197.1 ], [ 4596414.2, 3404164.9 ], [ 4596443.6, 3404054.7 ], [ 4596423.9, 3404040.3 ], [ 4596341.5, 3404046.3 ], [ 4596521.9, 3403746.8 ], [ 4596691.7, 3403490.0 ], [ 4596736.1, 3403491.9 ], [ 4596751.2, 3403483.3 ], [ 4596807.0, 3403320.6 ], [ 4596882.3, 3403343.7 ], [ 4596942.6, 3403294.5 ], [ 4596974.7, 3403340.7 ], [ 4597017.1, 3403331.8 ], [ 4597087.7, 3403358.0 ], [ 4597134.2, 3403344.2 ], [ 4597159.4, 3403382.6 ], [ 4597177.1, 3403384.9 ], [ 4597191.3, 3403373.5 ], [ 4597195.2, 3403355.8 ], [ 4597168.9, 3403289.7 ], [ 4597231.8, 3403269.3 ], [ 4597242.7, 3403257.3 ], [ 4597302.3, 3403054.4 ], [ 4597324.0, 3402826.1 ], [ 4597354.8, 3402726.8 ], [ 4597431.8, 3402583.3 ], [ 4597775.1, 3401999.0 ], [ 4597799.5, 3401939.6 ], [ 4597829.1, 3401804.0 ], [ 4597928.8, 3401606.6 ], [ 4597993.3, 3401492.5 ], [ 4598068.8, 3401406.0 ], [ 4598058.1, 3401381.8 ], [ 4597984.2, 3401355.0 ], [ 4597947.5, 3401260.8 ], [ 4597936.1, 3401248.8 ], [ 4597713.4, 3401222.0 ], [ 4597825.8, 3400812.1 ], [ 4597838.6, 3400789.4 ], [ 4597875.1, 3400789.7 ], [ 4597893.4, 3400742.7 ], [ 4598162.0, 3400818.3 ], [ 4598175.7, 3400815.4 ], [ 4598194.8, 3400796.9 ], [ 4598183.9, 3400660.0 ], [ 4598204.4, 3400652.6 ], [ 4598209.0, 3400631.8 ], [ 4598102.1, 3400508.6 ], [ 4598087.5, 3400480.2 ], [ 4598089.1, 3400432.5 ], [ 4598052.8, 3400356.8 ], [ 4598069.4, 3400277.4 ], [ 4598122.6, 3400198.0 ], [ 4598145.4, 3400187.4 ], [ 4598189.1, 3400204.1 ], [ 4598244.6, 3400285.3 ], [ 4598258.6, 3400289.7 ], [ 4598280.8, 3400282.3 ], [ 4598296.1, 3400318.4 ], [ 4598317.5, 3400338.6 ], [ 4598338.4, 3400341.9 ], [ 4598357.3, 3400334.4 ], [ 4598383.5, 3400284.6 ], [ 4598308.4, 3400072.6 ], [ 4598291.6, 3400064.7 ], [ 4598265.6, 3400079.8 ], [ 4598186.1, 3400077.4 ], [ 4598176.0, 3400057.9 ], [ 4598181.0, 3400030.9 ], [ 4598212.7, 3399999.3 ], [ 4598246.7, 3399990.9 ], [ 4598287.4, 3399997.6 ], [ 4598322.4, 3399961.1 ], [ 4598438.0, 3399920.2 ], [ 4598478.5, 3399932.6 ], [ 4598475.1, 3399957.5 ], [ 4598485.2, 3399971.1 ], [ 4598590.3, 3400013.3 ], [ 4598500.1, 3400165.1 ], [ 4598498.2, 3400183.2 ], [ 4598517.9, 3400198.2 ], [ 4598610.5, 3400171.7 ], [ 4598722.3, 3400185.1 ], [ 4598719.3, 3400208.7 ], [ 4598689.2, 3400210.9 ], [ 4598677.6, 3400232.1 ], [ 4598722.6, 3400413.9 ], [ 4598736.5, 3400429.9 ], [ 4598954.2, 3400363.2 ], [ 4599078.5, 3400264.9 ], [ 4599251.2, 3400419.4 ], [ 4599272.3, 3400423.6 ], [ 4599580.6, 3400173.9 ], [ 4599624.6, 3400168.9 ], [ 4599658.0, 3400139.5 ], [ 4599658.9, 3400111.6 ], [ 4599926.9, 3399896.4 ], [ 4599934.7, 3399880.3 ], [ 4599927.8, 3399863.7 ], [ 4599869.5, 3399845.5 ], [ 4599906.3, 3399775.0 ], [ 4599972.5, 3399796.6 ], [ 4599984.3, 3399787.7 ], [ 4600001.0, 3399749.6 ], [ 4599999.1, 3399733.4 ], [ 4599970.0, 3399700.1 ], [ 4599936.8, 3399687.2 ], [ 4599656.9, 3399810.7 ], [ 4599646.7, 3399796.7 ], [ 4599630.4, 3399791.1 ], [ 4599574.8, 3399806.1 ], [ 4599562.9, 3399796.3 ], [ 4599562.7, 3399782.0 ], [ 4599575.0, 3399766.0 ], [ 4599621.6, 3399740.1 ], [ 4599628.9, 3399718.0 ], [ 4599614.8, 3399701.9 ], [ 4599542.2, 3399689.4 ], [ 4599517.5, 3399616.4 ], [ 4599727.6, 3399578.4 ], [ 4599739.1, 3399568.7 ], [ 4599741.7, 3399553.9 ], [ 4599710.8, 3399409.3 ], [ 4599692.8, 3399404.5 ], [ 4599544.7, 3399430.9 ], [ 4599516.4, 3399363.7 ], [ 4599551.9, 3399350.7 ], [ 4599564.5, 3399371.4 ], [ 4599580.8, 3399377.2 ], [ 4599678.6, 3399355.1 ], [ 4599692.2, 3399333.9 ], [ 4599680.7, 3399302.2 ], [ 4599868.3, 3399225.5 ], [ 4599996.2, 3399194.3 ], [ 4600197.5, 3399191.1 ], [ 4600215.9, 3399178.1 ], [ 4600229.5, 3399155.3 ], [ 4600315.0, 3398917.7 ], [ 4600493.6, 3398972.8 ], [ 4600498.9, 3399019.7 ], [ 4600508.1, 3399030.0 ], [ 4600524.9, 3399032.1 ], [ 4600720.1, 3398867.7 ], [ 4600946.2, 3398762.0 ], [ 4600960.4, 3398729.3 ], [ 4600955.1, 3398654.9 ], [ 4600968.4, 3398620.5 ], [ 4601635.7, 3398373.1 ], [ 4602078.7, 3398278.5 ], [ 4602273.2, 3398305.9 ], [ 4602335.0, 3398321.4 ], [ 4602307.0, 3398432.7 ], [ 4602310.3, 3398446.4 ], [ 4602324.7, 3398456.2 ], [ 4602379.7, 3398451.8 ], [ 4602395.5, 3398390.5 ], [ 4602419.5, 3398385.2 ], [ 4602430.3, 3398355.9 ], [ 4602914.9, 3398472.5 ], [ 4602931.6, 3398451.1 ], [ 4602930.6, 3398164.5 ], [ 4602950.3, 3398151.9 ], [ 4602989.0, 3398098.1 ], [ 4603022.3, 3398114.9 ], [ 4603057.6, 3398096.0 ], [ 4603064.0, 3398076.0 ], [ 4603052.1, 3398042.4 ], [ 4603088.5, 3398012.5 ], [ 4603198.2, 3398004.0 ], [ 4603213.7, 3397991.9 ], [ 4603229.3, 3397960.7 ], [ 4603357.6, 3397969.0 ], [ 4603400.4, 3397915.1 ], [ 4603432.4, 3397913.0 ], [ 4603489.4, 3397847.5 ], [ 4603682.8, 3397898.0 ], [ 4603764.6, 3397905.7 ], [ 4603820.5, 3397818.6 ], [ 4603825.1, 3397763.3 ], [ 4603883.1, 3397743.8 ], [ 4603897.0, 3397775.1 ], [ 4603873.1, 3397787.3 ], [ 4603866.5, 3397804.5 ], [ 4603888.4, 3397855.2 ], [ 4603917.5, 3397885.2 ], [ 4603952.1, 3397906.3 ], [ 4604006.0, 3397887.6 ], [ 4604009.5, 3397873.4 ], [ 4603995.9, 3397841.6 ], [ 4603996.4, 3397813.4 ], [ 4604041.1, 3397789.0 ], [ 4604049.5, 3397772.7 ], [ 4604013.9, 3397697.2 ], [ 4603924.8, 3397622.0 ], [ 4603843.4, 3397539.7 ], [ 4603705.1, 3397453.2 ], [ 4603308.2, 3397151.2 ], [ 4603170.5, 3396981.1 ], [ 4603116.2, 3396858.9 ], [ 4603002.7, 3396532.6 ], [ 4602965.6, 3396401.5 ], [ 4602899.5, 3396297.2 ], [ 4602741.0, 3396123.3 ], [ 4602662.9, 3396091.0 ], [ 4602497.6, 3396046.8 ], [ 4602448.1, 3396009.7 ], [ 4602375.2, 3395917.6 ], [ 4602368.4, 3395893.1 ], [ 4602375.5, 3395612.7 ], [ 4602363.9, 3395513.7 ], [ 4602184.0, 3395077.9 ], [ 4602165.9, 3395067.3 ], [ 4602105.6, 3395070.9 ], [ 4602078.5, 3395034.5 ], [ 4602077.4, 3394956.8 ], [ 4602130.8, 3394950.5 ], [ 4602145.7, 3394936.5 ], [ 4602140.8, 3394887.6 ], [ 4602131.4, 3394873.0 ], [ 4602043.6, 3394873.3 ], [ 4602027.7, 3394881.3 ], [ 4602020.9, 3394980.5 ], [ 4602008.8, 3394994.7 ], [ 4602004.3, 3395036.8 ], [ 4601929.0, 3395053.7 ], [ 4601909.8, 3395034.6 ], [ 4601895.9, 3395032.2 ], [ 4601878.0, 3395047.5 ], [ 4601833.2, 3395058.4 ], [ 4601791.9, 3394980.6 ], [ 4601771.0, 3394879.1 ], [ 4602005.1, 3394874.4 ], [ 4602022.6, 3394856.5 ], [ 4602013.4, 3394831.4 ], [ 4601273.1, 3394838.5 ], [ 4601254.8, 3394848.6 ], [ 4601252.0, 3394866.0 ], [ 4601280.8, 3394979.2 ], [ 4601279.2, 3395027.0 ], [ 4601318.7, 3395117.4 ], [ 4601342.5, 3395214.1 ], [ 4601318.4, 3395250.0 ], [ 4601316.9, 3395264.4 ], [ 4601324.7, 3395276.5 ], [ 4601384.4, 3395309.5 ], [ 4601396.5, 3395896.3 ], [ 4601135.4, 3395907.0 ], [ 4601126.9, 3395837.3 ], [ 4601150.0, 3395685.3 ], [ 4601140.4, 3395670.6 ], [ 4601080.2, 3395643.7 ], [ 4601062.2, 3395646.9 ], [ 4601053.6, 3395658.9 ], [ 4601039.0, 3395790.6 ], [ 4600891.1, 3395723.1 ], [ 4600852.3, 3395386.9 ], [ 4600859.1, 3395243.6 ], [ 4600846.3, 3395231.5 ], [ 4600812.0, 3395230.2 ], [ 4600749.9, 3395236.1 ], [ 4600727.0, 3395251.1 ], [ 4600716.3, 3395286.3 ], [ 4600719.4, 3395302.1 ], [ 4600817.8, 3395388.5 ], [ 4600778.0, 3395671.6 ], [ 4600745.3, 3395657.5 ], [ 4600669.4, 3395654.8 ], [ 4600647.5, 3395670.7 ], [ 4600647.3, 3395978.9 ], [ 4600581.0, 3396096.4 ], [ 4600584.0, 3396112.8 ], [ 4600605.3, 3396131.8 ], [ 4600570.4, 3396133.1 ], [ 4600548.8, 3396118.5 ], [ 4600504.8, 3396120.4 ], [ 4600475.3, 3396106.3 ], [ 4600459.2, 3396120.4 ], [ 4600460.0, 3396141.7 ], [ 4600311.0, 3396155.3 ], [ 4600293.5, 3396172.9 ], [ 4600300.5, 3396193.3 ], [ 4600330.7, 3396202.9 ], [ 4600376.3, 3396204.1 ], [ 4600424.1, 3396191.2 ], [ 4600463.8, 3396327.4 ], [ 4600284.6, 3396395.0 ], [ 4600222.2, 3396396.2 ], [ 4600185.9, 3396387.3 ], [ 4600102.6, 3396342.6 ], [ 4600103.6, 3396207.8 ], [ 4600113.4, 3396188.9 ], [ 4600099.2, 3396169.0 ], [ 4600029.7, 3396169.0 ], [ 4599957.2, 3396186.5 ], [ 4599892.3, 3396186.1 ], [ 4599786.4, 3396167.3 ], [ 4599685.6, 3396177.6 ], [ 4599614.5, 3396175.0 ], [ 4599428.3, 3396104.3 ], [ 4599285.0, 3396088.5 ], [ 4598973.9, 3396024.6 ], [ 4598948.9, 3396006.5 ], [ 4598888.9, 3396012.1 ], [ 4598867.5, 3395970.7 ], [ 4598817.0, 3395945.6 ], [ 4598753.4, 3395997.2 ], [ 4598613.8, 3396008.0 ], [ 4598597.8, 3396026.2 ], [ 4598612.8, 3396052.4 ], [ 4598648.4, 3396065.5 ], [ 4598685.8, 3396064.3 ], [ 4598758.0, 3396034.9 ], [ 4598748.0, 3396151.9 ], [ 4598757.2, 3396221.3 ], [ 4598696.1, 3396212.0 ], [ 4598641.7, 3396242.1 ], [ 4598632.9, 3396264.7 ], [ 4598649.0, 3396316.0 ], [ 4598673.3, 3396332.2 ], [ 4598741.8, 3396327.3 ], [ 4598763.1, 3396356.3 ], [ 4598835.9, 3396378.4 ], [ 4598878.6, 3396374.9 ], [ 4598898.8, 3396362.3 ], [ 4598924.1, 3396396.3 ], [ 4598825.8, 3396445.8 ], [ 4598810.3, 3396444.6 ], [ 4598795.6, 3396413.0 ], [ 4598773.7, 3396405.6 ], [ 4598757.6, 3396409.8 ], [ 4598733.8, 3396436.9 ], [ 4598717.0, 3396435.8 ], [ 4598570.0, 3396273.7 ], [ 4598597.5, 3396235.1 ], [ 4598593.1, 3396212.5 ], [ 4598504.9, 3396118.8 ], [ 4598485.1, 3396117.9 ], [ 4598451.1, 3396139.6 ], [ 4598403.5, 3396086.3 ], [ 4598546.0, 3396071.4 ], [ 4598566.6, 3396045.5 ], [ 4598527.0, 3395809.5 ], [ 4598500.9, 3395800.6 ], [ 4598443.1, 3395846.5 ], [ 4598415.3, 3395859.5 ], [ 4598393.2, 3395858.7 ], [ 4598380.4, 3395847.4 ], [ 4598378.0, 3395829.1 ], [ 4598389.6, 3395802.0 ], [ 4598445.2, 3395764.4 ], [ 4598522.0, 3395752.1 ], [ 4598537.9, 3395730.4 ], [ 4598573.6, 3395740.5 ], [ 4598713.2, 3395900.9 ], [ 4598731.6, 3395902.4 ], [ 4598743.0, 3395892.9 ], [ 4598843.8, 3395890.4 ], [ 4598856.5, 3395883.0 ], [ 4598857.7, 3395856.1 ], [ 4598772.0, 3395765.4 ], [ 4598750.9, 3395678.3 ], [ 4598745.5, 3395596.4 ], [ 4598713.3, 3395485.2 ], [ 4598698.4, 3395470.2 ], [ 4598588.7, 3395456.8 ], [ 4598538.8, 3395476.9 ], [ 4598431.2, 3395479.0 ], [ 4598368.7, 3395501.9 ], [ 4598349.7, 3395523.6 ], [ 4598348.1, 3395540.9 ], [ 4598393.9, 3395605.9 ], [ 4598406.1, 3395648.7 ], [ 4598300.6, 3395669.9 ], [ 4598241.0, 3395710.8 ], [ 4598169.9, 3395513.8 ], [ 4598088.3, 3395486.4 ], [ 4597937.3, 3395488.0 ], [ 4597861.4, 3395577.2 ], [ 4597709.9, 3395675.2 ], [ 4597545.4, 3395633.9 ], [ 4597527.5, 3395637.1 ], [ 4597483.8, 3395771.3 ], [ 4597491.5, 3395794.7 ], [ 4597574.8, 3395820.4 ], [ 4597644.1, 3395762.7 ], [ 4597681.9, 3395742.7 ], [ 4597693.5, 3395776.5 ], [ 4597777.4, 3395824.9 ], [ 4597758.6, 3395880.0 ], [ 4597730.0, 3395876.5 ], [ 4597714.9, 3395886.9 ], [ 4597707.2, 3395941.6 ], [ 4597678.3, 3395988.2 ], [ 4597679.0, 3396006.5 ], [ 4597704.7, 3396041.7 ], [ 4597682.3, 3396111.3 ], [ 4597548.5, 3395967.4 ], [ 4597531.9, 3395963.0 ], [ 4597507.2, 3395970.3 ], [ 4597489.8, 3395955.2 ], [ 4597485.9, 3395915.9 ], [ 4597510.6, 3395862.7 ], [ 4597503.1, 3395851.1 ], [ 4597456.6, 3395825.2 ], [ 4597443.2, 3395824.7 ], [ 4597382.9, 3395851.5 ], [ 4597280.7, 3395828.8 ], [ 4597154.5, 3395865.6 ], [ 4597102.8, 3395860.9 ], [ 4597000.3, 3395871.2 ], [ 4596970.8, 3395866.8 ], [ 4596758.6, 3395799.7 ], [ 4596609.4, 3395764.6 ], [ 4596549.7, 3395721.2 ], [ 4596455.7, 3395720.5 ], [ 4596386.4, 3395701.5 ], [ 4596367.3, 3395592.6 ], [ 4596358.0, 3395578.2 ], [ 4596215.8, 3395580.0 ], [ 4596236.4, 3395499.1 ], [ 4596207.5, 3395429.9 ], [ 4596263.9, 3395376.4 ], [ 4596270.8, 3395360.3 ], [ 4596230.1, 3395239.9 ], [ 4596363.1, 3395112.6 ], [ 4596445.0, 3395063.6 ], [ 4596524.3, 3395062.9 ], [ 4596635.6, 3395121.2 ], [ 4597014.6, 3395157.0 ], [ 4597115.1, 3395038.0 ], [ 4597368.7, 3394969.5 ], [ 4597397.7, 3394932.6 ], [ 4597509.3, 3394857.8 ], [ 4597692.8, 3394962.8 ], [ 4597696.4, 3394975.9 ], [ 4597676.7, 3394994.0 ], [ 4597595.6, 3395332.5 ], [ 4597598.5, 3395349.9 ], [ 4597613.3, 3395359.5 ], [ 4597798.7, 3395388.9 ], [ 4597818.3, 3395382.2 ], [ 4597823.6, 3395362.2 ], [ 4597739.6, 3394960.2 ], [ 4597855.6, 3394915.5 ], [ 4597864.9, 3394904.5 ], [ 4597864.1, 3394886.7 ], [ 4597838.7, 3394851.3 ], [ 4597783.7, 3394725.8 ], [ 4597544.5, 3394627.8 ], [ 4597486.1, 3394613.9 ], [ 4597458.1, 3394592.5 ], [ 4597326.2, 3394158.1 ], [ 4597609.1, 3394079.5 ], [ 4597621.4, 3394059.1 ], [ 4597604.8, 3394019.5 ], [ 4597583.9, 3394015.3 ], [ 4597308.2, 3394096.7 ], [ 4596961.8, 3394136.7 ], [ 4596854.5, 3394141.9 ], [ 4596781.5, 3394166.0 ], [ 4596760.8, 3394023.9 ], [ 4596779.5, 3394016.9 ], [ 4596789.1, 3394001.6 ], [ 4596786.1, 3393896.3 ], [ 4596861.3, 3393896.8 ], [ 4596876.7, 3393875.3 ], [ 4596861.5, 3393811.2 ], [ 4596776.2, 3393766.6 ], [ 4596759.5, 3393780.9 ], [ 4596758.8, 3393822.1 ], [ 4596698.7, 3393819.6 ], [ 4596682.8, 3393837.3 ], [ 4596683.8, 3394021.2 ], [ 4596703.3, 3394039.4 ], [ 4596721.1, 3394181.7 ], [ 4596356.5, 3394291.4 ], [ 4596315.5, 3394285.4 ], [ 4596286.1, 3394269.4 ], [ 4596208.6, 3394248.9 ], [ 4596164.7, 3394245.1 ], [ 4596117.9, 3394226.7 ], [ 4595962.7, 3394125.0 ], [ 4595815.1, 3394066.8 ], [ 4595836.9, 3393998.9 ], [ 4595824.5, 3393975.6 ], [ 4595560.4, 3393906.3 ], [ 4595534.5, 3393945.9 ], [ 4595525.7, 3393979.3 ], [ 4595474.8, 3394055.2 ], [ 4595478.6, 3394076.7 ], [ 4595499.8, 3394090.7 ], [ 4595462.6, 3394198.5 ], [ 4595485.7, 3394213.8 ], [ 4595514.2, 3394192.8 ], [ 4595728.5, 3394235.5 ], [ 4595716.8, 3394338.7 ], [ 4595606.7, 3394383.2 ], [ 4595543.6, 3394484.2 ], [ 4595461.4, 3394497.2 ], [ 4595415.1, 3394418.2 ], [ 4595398.1, 3394412.1 ], [ 4595382.3, 3394420.9 ], [ 4595221.0, 3394912.5 ], [ 4595221.5, 3394927.4 ], [ 4595263.2, 3394955.1 ], [ 4595498.4, 3394992.2 ], [ 4595626.7, 3395176.9 ], [ 4595667.4, 3395203.4 ], [ 4595676.2, 3395248.2 ], [ 4595702.3, 3395288.3 ], [ 4595727.1, 3395297.2 ], [ 4595810.4, 3395285.4 ], [ 4595862.0, 3395297.8 ], [ 4595847.2, 3395342.3 ], [ 4595810.5, 3395387.2 ], [ 4595807.5, 3395400.8 ], [ 4595813.3, 3395413.5 ], [ 4595865.6, 3395454.7 ], [ 4595874.2, 3395521.6 ], [ 4595981.2, 3395573.4 ], [ 4596039.0, 3395585.7 ], [ 4596132.1, 3395585.1 ], [ 4596144.2, 3395675.0 ], [ 4595876.5, 3395667.2 ], [ 4595807.3, 3395608.7 ], [ 4595760.6, 3395602.2 ], [ 4595727.3, 3395531.0 ], [ 4595739.6, 3395458.6 ], [ 4595691.0, 3395430.6 ], [ 4595669.3, 3395436.4 ], [ 4595561.2, 3395547.2 ], [ 4595430.0, 3395490.5 ], [ 4595341.5, 3395479.0 ], [ 4595232.5, 3395522.3 ], [ 4595201.7, 3395527.3 ], [ 4595039.0, 3395506.1 ], [ 4594954.1, 3395521.5 ], [ 4594978.4, 3395379.3 ], [ 4594968.8, 3395357.2 ], [ 4594645.6, 3395327.3 ], [ 4594623.9, 3395339.7 ], [ 4594615.9, 3395404.2 ], [ 4594480.2, 3395389.4 ], [ 4594446.9, 3395394.3 ], [ 4594393.5, 3395429.4 ], [ 4594346.0, 3395499.2 ], [ 4594299.7, 3395496.8 ], [ 4594299.4, 3395468.2 ], [ 4594283.0, 3395455.3 ], [ 4594145.3, 3395454.5 ], [ 4594126.0, 3395461.3 ], [ 4594061.6, 3395533.9 ], [ 4593802.4, 3395522.5 ], [ 4593736.5, 3395554.4 ], [ 4593671.6, 3395626.5 ], [ 4593595.6, 3395674.3 ], [ 4593586.6, 3395688.9 ], [ 4593588.8, 3395702.5 ], [ 4593668.2, 3395826.2 ], [ 4593680.4, 3395878.8 ], [ 4593680.8, 3395907.4 ], [ 4593618.9, 3396012.0 ], [ 4593652.7, 3396096.4 ], [ 4593495.0, 3396205.4 ], [ 4593485.6, 3396222.1 ], [ 4593490.6, 3396250.9 ], [ 4593509.4, 3396260.7 ], [ 4593544.2, 3396234.3 ], [ 4593572.5, 3396223.7 ], [ 4593586.0, 3396227.4 ], [ 4593613.3, 3396283.2 ], [ 4593660.1, 3396332.9 ], [ 4593607.9, 3396332.3 ], [ 4593534.7, 3396371.8 ], [ 4593518.4, 3396365.9 ], [ 4593501.0, 3396370.9 ], [ 4593474.5, 3396397.3 ], [ 4593476.1, 3396438.5 ], [ 4593412.9, 3396466.4 ], [ 4593297.1, 3396501.2 ], [ 4593284.9, 3396522.6 ], [ 4593321.6, 3396568.6 ], [ 4593326.5, 3396595.8 ], [ 4593343.7, 3396606.0 ], [ 4593378.0, 3396607.4 ], [ 4593463.5, 3396578.3 ], [ 4593618.5, 3396569.1 ], [ 4593716.6, 3396579.6 ], [ 4593733.8, 3396558.1 ], [ 4593717.9, 3396509.5 ], [ 4593771.5, 3396533.1 ], [ 4593837.6, 3396579.3 ], [ 4593844.4, 3396598.5 ], [ 4593797.4, 3396619.4 ], [ 4593770.2, 3396622.3 ], [ 4593697.4, 3396608.6 ], [ 4593447.5, 3396637.7 ], [ 4593429.1, 3396654.3 ], [ 4593432.5, 3396672.2 ], [ 4593450.1, 3396682.3 ], [ 4593483.7, 3396768.9 ], [ 4593517.3, 3396790.6 ], [ 4593751.5, 3396803.9 ], [ 4593729.5, 3396958.8 ], [ 4593648.2, 3397013.5 ], [ 4593630.2, 3397058.8 ], [ 4593581.2, 3397080.9 ], [ 4593531.3, 3397084.0 ], [ 4593502.0, 3397058.7 ], [ 4593488.5, 3396996.5 ], [ 4593435.5, 3396923.4 ], [ 4593437.0, 3396900.2 ], [ 4593447.9, 3396882.5 ], [ 4593442.1, 3396852.9 ], [ 4593391.0, 3396790.4 ], [ 4593360.0, 3396789.3 ], [ 4593348.6, 3396806.9 ], [ 4593350.1, 3396850.5 ], [ 4593357.9, 3396866.0 ], [ 4593375.7, 3396876.7 ], [ 4593353.2, 3396966.0 ], [ 4593326.2, 3396963.3 ], [ 4593299.1, 3397004.5 ], [ 4593303.1, 3397022.0 ], [ 4593350.6, 3397092.6 ], [ 4593299.8, 3397122.9 ], [ 4593294.2, 3397170.7 ], [ 4593280.0, 3397185.7 ], [ 4593238.7, 3397205.0 ], [ 4593194.6, 3397322.5 ], [ 4593155.6, 3397357.1 ], [ 4593146.8, 3397454.1 ], [ 4593133.1, 3397463.8 ], [ 4593087.8, 3397442.7 ], [ 4593045.2, 3397437.5 ], [ 4592993.1, 3397457.9 ], [ 4592526.9, 3397479.2 ], [ 4592452.2, 3397463.3 ], [ 4592355.9, 3397484.0 ], [ 4592315.0, 3397482.7 ], [ 4592000.7, 3397662.7 ], [ 4591950.1, 3397697.6 ], [ 4591877.8, 3397768.8 ], [ 4591834.7, 3397853.5 ], [ 4591834.3, 3397880.7 ], [ 4591811.2, 3397895.7 ], [ 4591810.1, 3397972.9 ], [ 4591758.6, 3398111.2 ], [ 4591740.7, 3398130.3 ], [ 4591715.1, 3398142.7 ], [ 4591705.5, 3398212.5 ], [ 4591683.5, 3398250.4 ], [ 4591661.2, 3398270.6 ], [ 4591664.7, 3398288.4 ], [ 4591702.8, 3398325.2 ], [ 4591744.2, 3398330.7 ], [ 4591722.4, 3398352.1 ], [ 4591703.2, 3398391.6 ], [ 4591657.1, 3398373.4 ], [ 4591630.3, 3398341.9 ], [ 4591254.5, 3398331.6 ], [ 4591133.6, 3398384.7 ], [ 4591063.0, 3398457.8 ], [ 4590994.2, 3398489.9 ], [ 4590963.3, 3398569.3 ], [ 4590952.1, 3398630.5 ], [ 4590848.7, 3398860.4 ], [ 4590670.4, 3398975.6 ], [ 4590604.2, 3399001.7 ], [ 4590574.7, 3399053.3 ], [ 4590538.8, 3399047.6 ], [ 4590524.1, 3399029.3 ], [ 4590506.0, 3399027.9 ], [ 4590375.9, 3399103.1 ], [ 4590362.5, 3399090.7 ], [ 4590344.4, 3399091.3 ], [ 4590309.3, 3399125.9 ], [ 4590309.4, 3399150.9 ], [ 4590341.2, 3399175.0 ], [ 4590262.8, 3399277.4 ], [ 4590261.5, 3399294.7 ], [ 4590282.9, 3399344.2 ], [ 4590281.3, 3399355.6 ], [ 4590274.5, 3399361.8 ], [ 4590217.3, 3399311.4 ], [ 4590195.7, 3399314.1 ], [ 4590187.0, 3399334.0 ], [ 4590199.9, 3399380.8 ], [ 4590158.7, 3399433.9 ], [ 4590138.7, 3399442.4 ], [ 4590130.0, 3399475.1 ], [ 4590168.5, 3399577.1 ], [ 4590190.3, 3399587.7 ], [ 4590233.3, 3399575.6 ], [ 4590245.2, 3399563.2 ], [ 4590228.4, 3399480.9 ], [ 4590334.6, 3399432.8 ], [ 4590351.4, 3399389.0 ], [ 4590383.8, 3399385.1 ], [ 4590386.0, 3399406.4 ], [ 4590403.6, 3399420.1 ], [ 4590461.9, 3399412.7 ], [ 4590464.6, 3399429.3 ], [ 4590393.9, 3399443.6 ], [ 4590359.6, 3399429.6 ], [ 4590335.8, 3399440.7 ], [ 4590282.1, 3399501.0 ], [ 4590277.3, 3399518.4 ], [ 4590304.5, 3399549.5 ], [ 4590317.9, 3399553.1 ], [ 4590333.6, 3399545.6 ], [ 4590355.7, 3399563.3 ], [ 4590330.5, 3399585.0 ], [ 4590277.6, 3399574.2 ], [ 4590261.4, 3399593.5 ], [ 4590275.8, 3399630.4 ], [ 4590298.4, 3399652.5 ], [ 4590360.1, 3399675.9 ], [ 4590421.2, 3399677.9 ], [ 4590395.9, 3399779.2 ], [ 4590350.1, 3399884.7 ], [ 4590363.5, 3399985.1 ], [ 4590238.7, 3399968.9 ], [ 4590236.4, 3399935.4 ], [ 4590247.7, 3399901.8 ], [ 4590233.0, 3399887.1 ], [ 4590215.5, 3399889.3 ], [ 4590195.5, 3399904.2 ], [ 4590120.9, 3400024.3 ], [ 4590063.1, 3400097.6 ], [ 4589949.8, 3400142.6 ], [ 4589881.3, 3400199.0 ], [ 4589671.9, 3400278.7 ], [ 4589605.3, 3400276.5 ], [ 4589572.1, 3400286.4 ], [ 4589484.2, 3400348.5 ], [ 4589471.3, 3400369.1 ], [ 4589463.3, 3400431.7 ], [ 4589478.2, 3400483.3 ], [ 4589514.7, 3400501.3 ], [ 4589550.9, 3400533.3 ], [ 4589568.8, 3400579.4 ], [ 4589597.1, 3400622.1 ], [ 4589636.8, 3400652.3 ], [ 4589707.7, 3400686.2 ], [ 4589683.1, 3400728.5 ], [ 4589687.9, 3400748.1 ], [ 4589789.9, 3400827.2 ], [ 4589835.4, 3400840.1 ], [ 4589890.1, 3400897.1 ], [ 4589901.1, 3400919.5 ], [ 4589911.5, 3400989.0 ], [ 4589982.3, 3401197.2 ], [ 4589985.5, 3401294.2 ], [ 4589966.3, 3401431.5 ], [ 4589926.0, 3401496.8 ], [ 4589921.6, 3401590.2 ], [ 4589930.9, 3401607.8 ], [ 4589988.1, 3401636.1 ], [ 4590013.3, 3401795.5 ], [ 4590002.5, 3401932.7 ], [ 4589978.4, 3402006.7 ], [ 4589983.1, 3402088.9 ], [ 4589997.4, 3402116.2 ], [ 4590004.4, 3402200.9 ], [ 4589996.4, 3402232.5 ], [ 4589957.6, 3402305.3 ], [ 4589948.9, 3402361.9 ], [ 4589933.8, 3402384.4 ], [ 4589932.9, 3402410.7 ], [ 4589948.1, 3402432.2 ], [ 4589919.6, 3402508.4 ], [ 4589910.6, 3402604.1 ], [ 4589884.6, 3402650.6 ], [ 4589945.5, 3402770.0 ], [ 4589946.1, 3402829.0 ], [ 4589868.6, 3402818.2 ], [ 4589850.6, 3402838.8 ], [ 4589866.5, 3402871.6 ], [ 4589952.6, 3402882.7 ], [ 4589981.9, 3403058.8 ], [ 4589986.5, 3403137.6 ], [ 4589933.5, 3403215.0 ], [ 4589949.0, 3403271.7 ], [ 4589976.4, 3403274.5 ], [ 4590138.6, 3403168.8 ], [ 4590149.3, 3403196.9 ], [ 4590201.6, 3403274.0 ], [ 4590217.0, 3403288.7 ], [ 4590234.5, 3403288.5 ], [ 4590533.0, 3403085.3 ], [ 4590597.1, 3403050.6 ], [ 4590644.0, 3403038.2 ], [ 4590725.0, 3402984.5 ], [ 4590807.0, 3403101.2 ], [ 4590906.3, 3403086.1 ], [ 4590990.4, 3403122.1 ], [ 4591073.2, 3403170.1 ], [ 4591089.9, 3403171.1 ], [ 4591151.3, 3403126.4 ], [ 4591163.6, 3403140.0 ], [ 4591181.9, 3403139.5 ], [ 4591334.9, 3403028.7 ], [ 4591359.0, 3403029.0 ], [ 4591403.2, 3402989.2 ], [ 4591405.7, 3402965.5 ], [ 4591371.7, 3402925.5 ], [ 4591351.0, 3402925.6 ], [ 4591300.5, 3402964.3 ], [ 4591256.6, 3402915.1 ], [ 4591325.7, 3402849.6 ], [ 4591328.2, 3402810.3 ], [ 4591377.4, 3402803.2 ], [ 4591511.0, 3402959.7 ], [ 4591548.7, 3402981.9 ], [ 4591560.1, 3403001.1 ], [ 4591523.3, 3403032.8 ], [ 4591522.5, 3403054.0 ], [ 4591637.7, 3403180.8 ], [ 4591560.3, 3403360.6 ], [ 4591574.7, 3403382.9 ], [ 4591620.6, 3403373.4 ], [ 4591682.5, 3403398.7 ], [ 4591666.5, 3403434.8 ], [ 4591682.4, 3403457.1 ], [ 4591613.0, 3403568.7 ], [ 4591610.5, 3403586.6 ], [ 4591640.6, 3403613.6 ], [ 4591634.2, 3403629.5 ], [ 4591640.5, 3403645.9 ], [ 4591708.5, 3403696.0 ], [ 4591808.4, 3403809.5 ], [ 4591780.8, 3403841.1 ], [ 4591799.5, 3403876.1 ], [ 4591698.9, 3403992.7 ], [ 4591701.5, 3404009.6 ], [ 4591728.0, 3404047.1 ], [ 4591773.0, 3404041.6 ], [ 4591929.7, 3403980.6 ], [ 4591932.7, 3403963.6 ], [ 4591906.8, 3403900.3 ], [ 4591906.8, 3403878.8 ], [ 4591932.2, 3403810.5 ], [ 4591884.0, 3403740.1 ], [ 4591937.9, 3403689.8 ], [ 4591926.1, 3403663.9 ], [ 4591940.9, 3403644.1 ], [ 4591941.3, 3403629.7 ], [ 4591915.4, 3403601.3 ], [ 4591953.9, 3403557.6 ], [ 4591948.4, 3403532.2 ], [ 4592107.5, 3403370.0 ], [ 4592126.6, 3403378.9 ], [ 4592143.0, 3403370.2 ], [ 4592142.0, 3403340.2 ], [ 4592119.9, 3403322.0 ], [ 4592157.6, 3403297.9 ], [ 4592203.2, 3403311.6 ], [ 4592223.2, 3403342.3 ], [ 4592288.9, 3403342.7 ], [ 4592268.6, 3403408.1 ], [ 4592270.1, 3403424.4 ], [ 4592347.5, 3403533.1 ], [ 4592491.5, 3403776.9 ], [ 4592509.2, 3403778.3 ], [ 4592775.1, 3403682.9 ], [ 4593113.2, 3403460.2 ], [ 4593120.3, 3403448.3 ], [ 4593117.3, 3403431.5 ], [ 4592654.5, 3402978.6 ], [ 4592628.5, 3402979.0 ], [ 4592583.8, 3403025.6 ], [ 4592580.2, 3403042.1 ], [ 4592676.3, 3403139.9 ], [ 4592716.4, 3403165.7 ], [ 4592683.9, 3403189.5 ], [ 4592479.2, 3402993.0 ], [ 4592554.7, 3402892.6 ], [ 4592548.2, 3402876.5 ], [ 4592489.8, 3402818.7 ], [ 4592471.7, 3402815.4 ], [ 4592459.4, 3402823.8 ], [ 4592419.0, 3402935.8 ], [ 4592386.5, 3402924.8 ], [ 4592307.5, 3402836.2 ], [ 4592399.4, 3402750.1 ], [ 4592396.4, 3402729.5 ], [ 4592366.5, 3402700.9 ], [ 4592348.3, 3402698.0 ], [ 4592329.5, 3402709.8 ], [ 4592255.1, 3402673.5 ], [ 4592240.8, 3402676.4 ], [ 4592225.9, 3402692.8 ], [ 4592195.2, 3402683.1 ], [ 4592113.6, 3402760.0 ], [ 4592059.0, 3402708.7 ], [ 4592198.2, 3402568.2 ], [ 4592203.9, 3402547.0 ], [ 4592002.1, 3402344.1 ], [ 4591998.2, 3402327.0 ], [ 4591974.7, 3402303.3 ], [ 4592163.1, 3402107.5 ], [ 4592321.1, 3402243.4 ], [ 4592341.8, 3402245.4 ], [ 4592370.6, 3402221.6 ], [ 4592424.5, 3402264.7 ], [ 4592431.1, 3402297.3 ], [ 4592454.2, 3402303.9 ], [ 4592663.1, 3402096.8 ], [ 4592785.0, 3402216.9 ], [ 4592733.5, 3402270.6 ], [ 4592733.2, 3402288.6 ], [ 4592745.1, 3402302.0 ], [ 4592768.1, 3402301.2 ], [ 4592821.5, 3402252.7 ], [ 4592846.2, 3402256.3 ], [ 4592915.2, 3402206.4 ], [ 4592996.6, 3402274.3 ], [ 4593074.5, 3402357.3 ], [ 4593140.5, 3402463.1 ], [ 4593107.8, 3402509.2 ], [ 4593115.3, 3402586.5 ], [ 4593192.6, 3402664.0 ], [ 4593210.7, 3402666.1 ], [ 4593231.0, 3402648.2 ], [ 4593295.2, 3402707.9 ], [ 4593267.0, 3402738.2 ], [ 4593263.5, 3402752.8 ], [ 4593352.7, 3402858.8 ], [ 4593352.6, 3402872.8 ], [ 4593328.0, 3402910.0 ], [ 4593331.2, 3402927.9 ], [ 4593377.7, 3402972.9 ], [ 4593394.8, 3402971.5 ], [ 4593411.9, 3402955.6 ], [ 4593499.1, 3403039.5 ], [ 4593419.5, 3403123.3 ], [ 4593416.3, 3403148.3 ], [ 4593437.8, 3403169.2 ], [ 4593451.8, 3403172.7 ], [ 4593499.8, 3403143.4 ], [ 4593612.3, 3403257.6 ], [ 4593537.2, 3403340.5 ], [ 4593487.8, 3403415.2 ], [ 4593337.6, 3403297.2 ], [ 4593217.6, 3403382.0 ], [ 4593210.8, 3403398.6 ], [ 4593218.5, 3403414.7 ], [ 4593307.1, 3403419.8 ], [ 4593391.6, 3403443.9 ], [ 4593669.0, 3403571.1 ], [ 4593834.7, 3403709.9 ], [ 4594086.2, 3403974.9 ], [ 4594172.2, 3404030.3 ], [ 4595014.1, 3404330.0 ], [ 4595067.1, 3404335.3 ], [ 4595125.3, 3404328.8 ], [ 4595405.9, 3404260.2 ] ], [ [ 4595719.5, 3404104.3 ], [ 4595705.7, 3404043.6 ], [ 4595689.3, 3404037.5 ], [ 4595618.2, 3404052.6 ], [ 4595597.3, 3404002.7 ], [ 4595643.6, 3403992.3 ], [ 4595671.5, 3403977.0 ], [ 4595676.0, 3403953.1 ], [ 4595655.6, 3403939.7 ], [ 4595577.6, 3403950.1 ], [ 4595316.3, 3404048.8 ], [ 4595245.2, 3404072.1 ], [ 4595207.9, 3404071.3 ], [ 4595212.6, 3403943.6 ], [ 4595223.4, 3403876.2 ], [ 4595213.1, 3403861.1 ], [ 4595178.6, 3403852.6 ], [ 4595191.9, 3403586.7 ], [ 4595226.9, 3403597.1 ], [ 4595245.1, 3403587.3 ], [ 4595260.2, 3403497.8 ], [ 4595337.1, 3403540.6 ], [ 4595453.2, 3403548.8 ], [ 4595471.3, 3403524.2 ], [ 4595544.1, 3403478.4 ], [ 4595574.6, 3403431.9 ], [ 4595596.1, 3403421.5 ], [ 4595616.4, 3403426.3 ], [ 4595637.3, 3403445.9 ], [ 4595745.6, 3403475.9 ], [ 4595693.4, 3403567.1 ], [ 4595697.7, 3403680.7 ], [ 4595835.5, 3403733.4 ], [ 4595818.7, 3403791.9 ], [ 4595824.3, 3403809.2 ], [ 4595875.2, 3403829.1 ], [ 4595902.8, 3403863.3 ], [ 4595978.0, 3403894.8 ], [ 4595969.3, 3403955.7 ], [ 4595929.7, 3403952.1 ], [ 4595918.5, 3403960.7 ], [ 4595910.2, 3403986.8 ], [ 4595866.5, 3403988.3 ], [ 4595847.1, 3404025.3 ], [ 4595763.3, 3404136.9 ], [ 4595707.2, 3404176.0 ], [ 4595674.5, 3404181.8 ], [ 4595658.5, 3404166.7 ], [ 4595668.0, 3404132.3 ], [ 4595709.6, 3404126.7 ], [ 4595719.5, 3404104.3 ] ], [ [ 4594987.1, 3403414.9 ], [ 4594940.4, 3403500.0 ], [ 4594916.7, 3403495.4 ], [ 4594947.2, 3403423.4 ], [ 4594939.0, 3403386.2 ], [ 4595075.4, 3403199.9 ], [ 4595095.5, 3403207.2 ], [ 4595079.5, 3403267.4 ], [ 4595096.7, 3403297.9 ], [ 4594987.1, 3403414.9 ] ], [ [ 4594095.8, 3403482.6 ], [ 4594197.2, 3403515.9 ], [ 4594317.2, 3403509.3 ], [ 4594343.6, 3403583.5 ], [ 4594397.1, 3403597.6 ], [ 4594439.9, 3403584.2 ], [ 4594449.9, 3403573.1 ], [ 4594442.4, 3403496.9 ], [ 4594512.5, 3403483.0 ], [ 4594530.2, 3403541.6 ], [ 4594565.1, 3403558.8 ], [ 4594382.7, 3403618.2 ], [ 4594160.5, 3403630.1 ], [ 4593975.4, 3403699.8 ], [ 4593953.9, 3403642.7 ], [ 4594030.5, 3403557.6 ], [ 4594058.2, 3403565.4 ], [ 4594074.2, 3403558.2 ], [ 4594095.8, 3403482.6 ] ], [ [ 4594800.2, 3403710.9 ], [ 4594922.2, 3403686.7 ], [ 4594945.7, 3403776.6 ], [ 4594958.9, 3403799.7 ], [ 4595001.5, 3403836.1 ], [ 4594983.2, 3403908.7 ], [ 4594853.2, 3403855.8 ], [ 4594762.5, 3403849.5 ], [ 4594767.8, 3403801.8 ], [ 4594736.9, 3403747.0 ], [ 4594761.4, 3403726.2 ], [ 4594800.2, 3403710.9 ] ], [ [ 4594979.8, 3403170.7 ], [ 4594969.9, 3403036.3 ], [ 4594985.0, 3402950.8 ], [ 4595096.1, 3402963.7 ], [ 4595107.5, 3403022.3 ], [ 4595077.5, 3403088.1 ], [ 4595034.4, 3403142.6 ], [ 4594997.2, 3403171.2 ], [ 4594979.8, 3403170.7 ] ], [ [ 4593867.9, 3402942.8 ], [ 4593856.8, 3402985.7 ], [ 4593842.0, 3402985.2 ], [ 4593827.5, 3402944.4 ], [ 4593809.8, 3402933.4 ], [ 4593790.8, 3402942.0 ], [ 4593782.3, 3402964.2 ], [ 4593630.9, 3402960.8 ], [ 4593701.1, 3402772.4 ], [ 4593798.1, 3402798.1 ], [ 4593849.0, 3402882.6 ], [ 4593930.2, 3402862.3 ], [ 4593995.7, 3402908.2 ], [ 4593882.0, 3402927.5 ], [ 4593867.9, 3402942.8 ] ], [ [ 4594300.3, 3402774.2 ], [ 4594259.4, 3402761.2 ], [ 4594259.9, 3402681.1 ], [ 4594327.0, 3402682.4 ], [ 4594328.4, 3402725.9 ], [ 4594337.7, 3402740.8 ], [ 4594436.9, 3402771.7 ], [ 4594411.5, 3402830.9 ], [ 4594333.5, 3402847.3 ], [ 4594307.9, 3402819.5 ], [ 4594315.5, 3402792.5 ], [ 4594300.3, 3402774.2 ] ], [ [ 4595132.3, 3402550.8 ], [ 4595147.3, 3402338.1 ], [ 4595139.3, 3402319.1 ], [ 4595140.5, 3402291.1 ], [ 4595159.7, 3402258.3 ], [ 4595210.7, 3402060.0 ], [ 4595203.2, 3402044.2 ], [ 4595186.7, 3402038.8 ], [ 4595103.6, 3402065.7 ], [ 4595112.9, 3402034.1 ], [ 4595099.1, 3401940.0 ], [ 4594996.0, 3401887.4 ], [ 4594900.2, 3401876.6 ], [ 4594786.7, 3401889.0 ], [ 4594597.5, 3401872.1 ], [ 4594530.6, 3401857.7 ], [ 4594514.1, 3401873.8 ], [ 4594481.2, 3402005.7 ], [ 4594167.8, 3402110.0 ], [ 4594188.8, 3402025.1 ], [ 4594190.6, 3401979.3 ], [ 4594293.0, 3401929.9 ], [ 4594304.5, 3401916.4 ], [ 4594300.3, 3401895.9 ], [ 4594227.3, 3401809.5 ], [ 4594269.2, 3401753.5 ], [ 4594312.7, 3401795.5 ], [ 4594333.7, 3401794.6 ], [ 4594344.2, 3401778.5 ], [ 4594499.4, 3401859.9 ], [ 4594586.1, 3401814.3 ], [ 4594593.6, 3401802.5 ], [ 4594590.8, 3401785.4 ], [ 4594539.2, 3401727.3 ], [ 4594440.0, 3401641.9 ], [ 4594389.8, 3401624.5 ], [ 4594190.2, 3401584.1 ], [ 4594130.9, 3401559.0 ], [ 4593860.4, 3401422.1 ], [ 4593649.4, 3401248.1 ], [ 4593648.9, 3401216.0 ], [ 4593851.8, 3401075.1 ], [ 4594040.1, 3401014.8 ], [ 4594155.9, 3400997.8 ], [ 4594299.9, 3401001.9 ], [ 4594492.8, 3401059.5 ], [ 4594480.9, 3401128.5 ], [ 4594525.6, 3401177.3 ], [ 4594511.8, 3401232.3 ], [ 4594534.9, 3401328.0 ], [ 4594618.8, 3401375.3 ], [ 4594846.1, 3401334.5 ], [ 4595115.4, 3401353.3 ], [ 4595128.3, 3401337.8 ], [ 4595131.0, 3401253.2 ], [ 4595117.4, 3401241.6 ], [ 4595063.3, 3401243.0 ], [ 4595037.4, 3401233.8 ], [ 4595029.1, 3401215.2 ], [ 4595032.5, 3401198.4 ], [ 4595048.7, 3401185.6 ], [ 4595114.2, 3401174.2 ], [ 4595159.8, 3401178.4 ], [ 4595184.5, 3401164.0 ], [ 4595271.8, 3401197.5 ], [ 4595183.4, 3401230.4 ], [ 4595172.1, 3401254.7 ], [ 4595181.6, 3401273.6 ], [ 4595238.2, 3401290.4 ], [ 4595252.3, 3401287.1 ], [ 4595263.1, 3401273.0 ], [ 4595349.9, 3401296.3 ], [ 4595366.6, 3401294.1 ], [ 4595394.3, 3401242.9 ], [ 4595418.9, 3401248.1 ], [ 4595433.8, 3401237.3 ], [ 4595455.7, 3401173.0 ], [ 4595457.1, 3401138.1 ], [ 4595405.3, 3400988.6 ], [ 4595378.0, 3400961.3 ], [ 4595340.2, 3400886.1 ], [ 4595167.3, 3400843.9 ], [ 4595172.6, 3400821.9 ], [ 4595167.0, 3400808.3 ], [ 4595075.3, 3400736.1 ], [ 4594976.9, 3400673.6 ], [ 4594898.8, 3400591.8 ], [ 4594863.5, 3400573.0 ], [ 4594785.9, 3400571.0 ], [ 4594725.1, 3400547.5 ], [ 4594700.1, 3400515.3 ], [ 4594711.7, 3400483.2 ], [ 4594726.9, 3400469.9 ], [ 4594863.4, 3400456.1 ], [ 4594876.7, 3400446.2 ], [ 4594884.4, 3400418.7 ], [ 4595069.5, 3400378.4 ], [ 4595086.4, 3400409.2 ], [ 4595059.3, 3400457.2 ], [ 4595062.7, 3400478.3 ], [ 4595147.1, 3400533.7 ], [ 4595224.5, 3400608.8 ], [ 4595245.2, 3400607.9 ], [ 4595303.1, 3400560.2 ], [ 4595359.2, 3400587.8 ], [ 4595395.6, 3400566.8 ], [ 4595420.9, 3400649.2 ], [ 4595396.3, 3400683.7 ], [ 4595395.7, 3400701.8 ], [ 4595412.4, 3400715.1 ], [ 4595454.6, 3400715.3 ], [ 4595521.6, 3400820.8 ], [ 4595526.8, 3400864.2 ], [ 4595542.5, 3400880.1 ], [ 4595567.0, 3400889.4 ], [ 4595561.4, 3400920.2 ], [ 4595602.8, 3400975.2 ], [ 4595577.1, 3400979.4 ], [ 4595565.5, 3400993.4 ], [ 4595580.4, 3401199.4 ], [ 4595545.2, 3401274.2 ], [ 4595556.4, 3401292.6 ], [ 4595591.5, 3401304.9 ], [ 4595495.0, 3401399.6 ], [ 4595412.3, 3401537.7 ], [ 4595340.1, 3401682.9 ], [ 4595333.5, 3401717.6 ], [ 4595336.2, 3401759.1 ], [ 4595379.9, 3401843.5 ], [ 4595385.5, 3401884.1 ], [ 4595376.5, 3401951.4 ], [ 4595382.6, 3401997.5 ], [ 4595421.1, 3402142.3 ], [ 4595463.5, 3402233.2 ], [ 4595450.2, 3402296.1 ], [ 4595479.5, 3402377.8 ], [ 4595521.5, 3402389.4 ], [ 4595550.9, 3402415.9 ], [ 4595549.3, 3402496.9 ], [ 4595557.7, 3402537.9 ], [ 4595521.6, 3402529.6 ], [ 4595502.5, 3402541.2 ], [ 4595470.5, 3402540.1 ], [ 4595456.7, 3402550.9 ], [ 4595451.8, 3402573.7 ], [ 4595191.4, 3402575.3 ], [ 4595132.3, 3402550.8 ] ], [ [ 4596129.1, 3402490.9 ], [ 4596093.6, 3402405.4 ], [ 4596168.2, 3402374.7 ], [ 4596177.7, 3402349.5 ], [ 4596002.7, 3401995.2 ], [ 4595975.1, 3401910.0 ], [ 4595971.0, 3401856.3 ], [ 4596050.2, 3401576.6 ], [ 4596033.3, 3401532.6 ], [ 4596278.7, 3401401.7 ], [ 4596295.4, 3401422.2 ], [ 4596300.3, 3401511.3 ], [ 4596311.3, 3401557.3 ], [ 4596365.6, 3401655.7 ], [ 4596387.4, 3401679.4 ], [ 4596410.0, 3401677.4 ], [ 4596446.5, 3401730.0 ], [ 4596475.3, 3401828.8 ], [ 4596477.6, 3401887.9 ], [ 4596508.7, 3401923.4 ], [ 4596477.6, 3401934.6 ], [ 4596471.2, 3401954.6 ], [ 4596519.0, 3402082.7 ], [ 4596579.6, 3402193.5 ], [ 4596607.1, 3402343.2 ], [ 4596300.2, 3402486.8 ], [ 4596279.0, 3402488.4 ], [ 4596224.3, 3402458.1 ], [ 4596129.1, 3402490.9 ] ], [ [ 4597096.1, 3402286.8 ], [ 4597010.5, 3402310.5 ], [ 4596966.3, 3402215.7 ], [ 4597021.9, 3402189.8 ], [ 4597043.0, 3402232.8 ], [ 4597065.4, 3402238.9 ], [ 4597333.5, 3402109.0 ], [ 4597345.0, 3402095.2 ], [ 4597344.1, 3402080.6 ], [ 4597320.0, 3402067.5 ], [ 4597298.7, 3402023.5 ], [ 4597276.2, 3402017.4 ], [ 4596944.2, 3402170.0 ], [ 4596821.2, 3401957.1 ], [ 4596783.6, 3401876.1 ], [ 4596660.1, 3401780.8 ], [ 4596466.0, 3401518.5 ], [ 4596472.5, 3401487.8 ], [ 4596539.1, 3401455.4 ], [ 4596550.6, 3401441.7 ], [ 4596520.7, 3401351.9 ], [ 4596469.6, 3401301.6 ], [ 4596477.1, 3401277.5 ], [ 4596533.5, 3401235.7 ], [ 4596544.4, 3401204.3 ], [ 4596555.8, 3401197.0 ], [ 4596608.3, 3401207.5 ], [ 4596707.6, 3401160.5 ], [ 4596738.5, 3401166.2 ], [ 4596819.2, 3401209.6 ], [ 4596932.0, 3401167.1 ], [ 4597051.2, 3401137.0 ], [ 4597121.9, 3401138.2 ], [ 4597139.0, 3401179.7 ], [ 4597158.7, 3401187.4 ], [ 4597248.7, 3401158.8 ], [ 4597257.5, 3401142.8 ], [ 4597249.3, 3401107.9 ], [ 4597373.7, 3401154.8 ], [ 4597474.4, 3401300.2 ], [ 4597364.1, 3401282.9 ], [ 4597308.8, 3401304.5 ], [ 4597297.1, 3401283.4 ], [ 4597235.2, 3401273.1 ], [ 4597221.9, 3401277.9 ], [ 4597213.6, 3401293.2 ], [ 4597280.1, 3401406.5 ], [ 4597280.8, 3401431.3 ], [ 4597293.2, 3401446.7 ], [ 4597437.2, 3401510.2 ], [ 4597526.5, 3401598.0 ], [ 4597602.1, 3401649.2 ], [ 4597629.3, 3401684.8 ], [ 4597635.3, 3401774.2 ], [ 4597643.3, 3401789.7 ], [ 4597656.4, 3401794.7 ], [ 4597680.0, 3401789.6 ], [ 4597695.5, 3401754.9 ], [ 4597707.7, 3401810.3 ], [ 4597692.0, 3401905.2 ], [ 4597663.5, 3401959.6 ], [ 4597600.7, 3401960.6 ], [ 4597575.5, 3401974.8 ], [ 4597573.5, 3401949.0 ], [ 4597550.4, 3401940.7 ], [ 4597412.0, 3402003.3 ], [ 4597405.2, 3402043.8 ], [ 4597425.6, 3402061.4 ], [ 4597534.5, 3402008.8 ], [ 4597528.1, 3402027.1 ], [ 4597532.2, 3402062.2 ], [ 4597525.4, 3402084.3 ], [ 4597496.9, 3402105.9 ], [ 4597486.2, 3402125.0 ], [ 4597457.7, 3402111.9 ], [ 4597431.8, 3402121.3 ], [ 4597424.3, 3402188.5 ], [ 4597362.6, 3402219.3 ], [ 4597341.8, 3402267.0 ], [ 4597307.9, 3402216.5 ], [ 4597284.6, 3402213.8 ], [ 4597178.4, 3402266.1 ], [ 4597171.7, 3402281.9 ], [ 4597178.4, 3402297.7 ], [ 4597162.5, 3402346.0 ], [ 4597117.4, 3402332.5 ], [ 4597121.3, 3402297.5 ], [ 4597096.1, 3402286.8 ] ], [ [ 4595855.5, 3402461.9 ], [ 4595788.7, 3402445.8 ], [ 4595787.3, 3402430.0 ], [ 4595773.0, 3402418.3 ], [ 4595754.8, 3402421.7 ], [ 4595742.8, 3402436.7 ], [ 4595671.4, 3402404.5 ], [ 4595685.4, 3402363.4 ], [ 4595719.5, 3402340.0 ], [ 4595723.8, 3402320.6 ], [ 4595711.5, 3402297.7 ], [ 4595633.1, 3402253.1 ], [ 4595685.3, 3402154.1 ], [ 4595685.1, 3402139.1 ], [ 4595675.1, 3402127.4 ], [ 4595694.0, 3402088.7 ], [ 4595723.6, 3402069.7 ], [ 4595753.9, 3402062.3 ], [ 4595773.2, 3402067.8 ], [ 4595873.5, 3402146.3 ], [ 4595848.9, 3402180.3 ], [ 4595847.7, 3402197.5 ], [ 4595893.7, 3402226.5 ], [ 4595902.8, 3402259.2 ], [ 4595930.7, 3402300.0 ], [ 4595923.0, 3402425.5 ], [ 4595855.5, 3402461.9 ] ], [ [ 4596322.0, 3400957.2 ], [ 4596495.0, 3400939.1 ], [ 4596538.9, 3401026.8 ], [ 4596292.3, 3401067.7 ], [ 4596322.0, 3400957.2 ] ], [ [ 4596283.3, 3400790.3 ], [ 4596244.0, 3400940.2 ], [ 4596209.2, 3400934.4 ], [ 4596221.4, 3400897.6 ], [ 4596218.7, 3400883.0 ], [ 4596156.3, 3400843.8 ], [ 4596025.8, 3400814.3 ], [ 4595957.1, 3400810.7 ], [ 4595882.7, 3400824.8 ], [ 4595931.0, 3400669.2 ], [ 4596031.4, 3400601.2 ], [ 4596137.4, 3400597.2 ], [ 4596171.6, 3400548.2 ], [ 4596220.8, 3400538.1 ], [ 4596274.5, 3400542.2 ], [ 4596285.7, 3400554.5 ], [ 4596282.7, 3400573.9 ], [ 4596271.3, 3400587.7 ], [ 4596140.1, 3400638.4 ], [ 4596118.8, 3400681.2 ], [ 4596129.0, 3400696.1 ], [ 4596283.3, 3400790.3 ] ], [ [ 4596700.6, 3400457.4 ], [ 4596742.4, 3400393.1 ], [ 4596775.6, 3400401.1 ], [ 4596892.5, 3400362.8 ], [ 4596910.6, 3400364.1 ], [ 4596917.1, 3400417.9 ], [ 4596944.1, 3400454.8 ], [ 4596913.4, 3400501.1 ], [ 4596829.2, 3400503.8 ], [ 4596732.3, 3400531.1 ], [ 4596739.0, 3400473.8 ], [ 4596700.6, 3400457.4 ] ], [ [ 4593201.7, 3400363.0 ], [ 4593219.7, 3400434.0 ], [ 4593214.1, 3400468.5 ], [ 4593030.2, 3400332.9 ], [ 4592986.8, 3400342.3 ], [ 4592980.7, 3400356.1 ], [ 4592984.9, 3400370.5 ], [ 4593011.4, 3400385.5 ], [ 4593037.2, 3400415.3 ], [ 4593030.6, 3400434.7 ], [ 4592989.5, 3400453.4 ], [ 4592979.9, 3400469.1 ], [ 4592978.6, 3400501.2 ], [ 4593009.6, 3400554.0 ], [ 4593011.0, 3400609.3 ], [ 4592921.5, 3400667.4 ], [ 4592731.6, 3400690.2 ], [ 4592458.3, 3400798.2 ], [ 4591896.7, 3400982.5 ], [ 4591791.8, 3400899.1 ], [ 4591604.1, 3400943.4 ], [ 4591503.9, 3400899.3 ], [ 4591424.2, 3400761.2 ], [ 4591441.0, 3400680.6 ], [ 4591456.1, 3400647.1 ], [ 4591531.6, 3400582.6 ], [ 4591620.8, 3400547.7 ], [ 4591799.6, 3400498.0 ], [ 4592061.9, 3400319.7 ], [ 4592250.9, 3400248.9 ], [ 4592283.6, 3400244.8 ], [ 4592442.7, 3400260.1 ], [ 4592667.6, 3400233.6 ], [ 4592712.4, 3400220.4 ], [ 4592760.4, 3400224.4 ], [ 4592824.6, 3400284.0 ], [ 4592919.4, 3400341.4 ], [ 4592941.1, 3400341.7 ], [ 4592952.6, 3400323.2 ], [ 4592940.6, 3400299.3 ], [ 4592977.8, 3400240.5 ], [ 4592979.2, 3400227.0 ], [ 4592895.0, 3400119.9 ], [ 4592968.2, 3400086.4 ], [ 4592975.0, 3400069.4 ], [ 4592969.5, 3400043.2 ], [ 4593042.5, 3400038.4 ], [ 4593049.8, 3400009.3 ], [ 4593140.7, 3400019.2 ], [ 4593132.9, 3400034.4 ], [ 4593134.9, 3400061.4 ], [ 4593089.2, 3400082.0 ], [ 4593082.2, 3400101.7 ], [ 4593161.5, 3400256.7 ], [ 4593201.7, 3400363.0 ] ], [ [ 4595824.4, 3400320.6 ], [ 4595747.8, 3400211.8 ], [ 4595707.2, 3400180.3 ], [ 4595676.0, 3400176.3 ], [ 4595680.9, 3400157.5 ], [ 4595673.9, 3400140.5 ], [ 4595710.3, 3400040.6 ], [ 4596037.2, 3400004.4 ], [ 4596126.4, 3400003.0 ], [ 4596188.3, 3400010.6 ], [ 4596188.0, 3400039.7 ], [ 4596238.3, 3400103.5 ], [ 4596211.7, 3400136.9 ], [ 4596158.0, 3400092.7 ], [ 4596136.3, 3400092.5 ], [ 4595987.0, 3400273.1 ], [ 4595928.8, 3400325.4 ], [ 4595877.7, 3400354.0 ], [ 4595847.1, 3400354.1 ], [ 4595832.6, 3400347.6 ], [ 4595824.4, 3400320.6 ] ], [ [ 4595399.6, 3400312.9 ], [ 4595389.9, 3400320.4 ], [ 4595318.9, 3400316.3 ], [ 4595295.9, 3400293.2 ], [ 4595317.3, 3400246.5 ], [ 4595268.3, 3400184.2 ], [ 4595296.0, 3400090.1 ], [ 4595283.8, 3400062.0 ], [ 4595267.8, 3400054.2 ], [ 4595203.6, 3400062.3 ], [ 4595159.3, 3400032.2 ], [ 4595136.0, 3400000.0 ], [ 4595237.9, 3399991.2 ], [ 4595284.4, 3399997.8 ], [ 4595427.8, 3400048.5 ], [ 4595479.5, 3400091.6 ], [ 4595512.0, 3400164.9 ], [ 4595497.2, 3400213.5 ], [ 4595414.4, 3400258.4 ], [ 4595399.6, 3400312.9 ] ], [ [ 4593310.3, 3399958.5 ], [ 4593153.6, 3400014.2 ], [ 4593161.2, 3399973.7 ], [ 4593236.5, 3399941.4 ], [ 4593239.9, 3399925.0 ], [ 4593222.8, 3399837.7 ], [ 4593264.2, 3399819.5 ], [ 4593354.8, 3399873.7 ], [ 4593397.1, 3399942.3 ], [ 4593310.3, 3399958.5 ] ], [ [ 4596894.4, 3399962.8 ], [ 4596590.0, 3399851.8 ], [ 4596572.3, 3399856.6 ], [ 4596562.7, 3399874.0 ], [ 4596495.7, 3399884.0 ], [ 4596390.0, 3399918.5 ], [ 4596391.9, 3399834.3 ], [ 4596488.6, 3399840.9 ], [ 4596500.7, 3399832.8 ], [ 4596522.1, 3399791.6 ], [ 4596585.5, 3399795.6 ], [ 4596910.3, 3399913.7 ], [ 4596894.4, 3399962.8 ] ], [ [ 4598891.3, 3399821.5 ], [ 4598946.3, 3399745.7 ], [ 4599082.3, 3399693.1 ], [ 4599180.1, 3399793.8 ], [ 4599196.4, 3399840.3 ], [ 4599096.1, 3399872.1 ], [ 4599035.2, 3399910.4 ], [ 4598968.0, 3399969.6 ], [ 4598865.5, 3399952.9 ], [ 4598742.7, 3399914.0 ], [ 4598794.9, 3399872.9 ], [ 4598850.8, 3399849.4 ], [ 4598891.3, 3399821.5 ] ], [ [ 4599236.1, 3399761.8 ], [ 4599152.3, 3399684.9 ], [ 4599163.5, 3399658.1 ], [ 4599253.5, 3399607.3 ], [ 4599324.3, 3399591.7 ], [ 4599354.8, 3399623.3 ], [ 4599330.9, 3399631.9 ], [ 4599236.1, 3399761.8 ] ], [ [ 4596653.5, 3399528.0 ], [ 4596630.2, 3399604.1 ], [ 4596406.0, 3399603.6 ], [ 4596423.9, 3399591.3 ], [ 4596550.3, 3399553.9 ], [ 4596625.1, 3399509.5 ], [ 4596653.5, 3399528.0 ] ], [ [ 4595236.4, 3399523.8 ], [ 4595350.2, 3399615.5 ], [ 4595411.4, 3399602.4 ], [ 4595432.2, 3399590.7 ], [ 4595451.6, 3399572.9 ], [ 4595465.9, 3399539.7 ], [ 4595490.3, 3399596.8 ], [ 4595552.4, 3399666.6 ], [ 4595567.4, 3399697.5 ], [ 4595481.7, 3399670.9 ], [ 4595415.4, 3399746.2 ], [ 4595308.9, 3399626.7 ], [ 4595219.3, 3399594.3 ], [ 4595118.3, 3399591.6 ], [ 4594984.2, 3399621.7 ], [ 4595000.0, 3399590.9 ], [ 4595008.4, 3399530.8 ], [ 4595021.0, 3399499.3 ], [ 4595033.7, 3399480.7 ], [ 4595084.1, 3399460.3 ], [ 4595116.0, 3399459.6 ], [ 4595236.4, 3399523.8 ] ], [ [ 4597713.5, 3399463.0 ], [ 4597543.8, 3399389.6 ], [ 4597639.6, 3399147.5 ], [ 4597760.9, 3399181.4 ], [ 4597838.6, 3399309.3 ], [ 4597866.7, 3399321.4 ], [ 4597845.6, 3399396.4 ], [ 4597794.8, 3399387.4 ], [ 4597761.5, 3399392.6 ], [ 4597738.8, 3399410.2 ], [ 4597713.5, 3399463.0 ] ], [ [ 4596711.1, 3399302.2 ], [ 4596671.8, 3399447.8 ], [ 4596622.1, 3399409.6 ], [ 4596449.0, 3399360.3 ], [ 4595931.3, 3399324.3 ], [ 4595846.8, 3399297.2 ], [ 4595691.0, 3399372.7 ], [ 4595572.5, 3399356.6 ], [ 4595529.0, 3399336.2 ], [ 4595558.2, 3399257.8 ], [ 4595551.4, 3399241.2 ], [ 4595534.5, 3399235.2 ], [ 4595301.2, 3399258.1 ], [ 4595213.2, 3399284.9 ], [ 4595143.9, 3399315.8 ], [ 4595032.9, 3399327.6 ], [ 4594865.7, 3399335.5 ], [ 4594618.4, 3399334.1 ], [ 4594540.0, 3399318.2 ], [ 4594497.8, 3399318.0 ], [ 4594437.3, 3399327.9 ], [ 4594250.9, 3399411.9 ], [ 4594059.9, 3399461.2 ], [ 4594019.5, 3399441.9 ], [ 4593807.1, 3399435.7 ], [ 4593657.9, 3399453.1 ], [ 4593630.0, 3399466.8 ], [ 4593612.3, 3399513.6 ], [ 4593461.5, 3399586.1 ], [ 4593400.2, 3399597.8 ], [ 4593321.5, 3399582.3 ], [ 4593277.3, 3399591.6 ], [ 4593251.5, 3399637.2 ], [ 4593249.1, 3399690.4 ], [ 4593222.5, 3399682.3 ], [ 4592666.7, 3399674.0 ], [ 4592622.5, 3399687.5 ], [ 4592611.2, 3399700.6 ], [ 4592635.7, 3399764.3 ], [ 4592443.7, 3399785.4 ], [ 4592222.2, 3399830.6 ], [ 4592168.0, 3399855.8 ], [ 4592145.6, 3399852.3 ], [ 4592078.3, 3399877.9 ], [ 4591915.4, 3399959.6 ], [ 4591841.2, 3400048.3 ], [ 4591839.3, 3400093.5 ], [ 4591815.4, 3400088.5 ], [ 4591798.5, 3400094.2 ], [ 4591742.4, 3400152.8 ], [ 4591495.6, 3400187.8 ], [ 4591487.3, 3400212.8 ], [ 4591550.5, 3400329.5 ], [ 4591514.1, 3400342.4 ], [ 4591431.1, 3400341.8 ], [ 4591213.7, 3400404.3 ], [ 4591192.9, 3400366.2 ], [ 4591139.3, 3400370.1 ], [ 4591123.4, 3400391.2 ], [ 4591138.0, 3400438.9 ], [ 4591055.8, 3400461.3 ], [ 4591049.2, 3400442.9 ], [ 4591033.4, 3400435.2 ], [ 4590885.2, 3400453.6 ], [ 4590871.8, 3400464.6 ], [ 4590859.3, 3400501.6 ], [ 4590818.5, 3400487.9 ], [ 4590824.2, 3400459.1 ], [ 4590798.7, 3400394.9 ], [ 4590765.9, 3400367.0 ], [ 4590745.4, 3400337.5 ], [ 4590703.3, 3400223.9 ], [ 4590652.4, 3400209.3 ], [ 4590639.0, 3400214.0 ], [ 4590630.7, 3400229.5 ], [ 4590584.2, 3400231.5 ], [ 4590582.9, 3400208.7 ], [ 4590570.0, 3400195.5 ], [ 4590570.8, 3400170.4 ], [ 4590585.9, 3400154.7 ], [ 4590593.9, 3400089.8 ], [ 4590650.2, 3400076.7 ], [ 4590692.0, 3400046.2 ], [ 4590684.3, 3399989.9 ], [ 4590707.5, 3399983.0 ], [ 4590715.5, 3399966.5 ], [ 4590691.4, 3399807.9 ], [ 4590706.6, 3399793.2 ], [ 4590722.6, 3399718.1 ], [ 4590897.4, 3399244.5 ], [ 4590907.8, 3399238.7 ], [ 4590930.4, 3399285.5 ], [ 4591034.0, 3399318.4 ], [ 4591054.3, 3399316.4 ], [ 4591205.0, 3399247.5 ], [ 4591220.8, 3399232.3 ], [ 4591232.5, 3399202.4 ], [ 4591242.8, 3399130.3 ], [ 4591365.4, 3399080.7 ], [ 4591376.0, 3399070.3 ], [ 4591379.5, 3399050.2 ], [ 4591566.1, 3398975.5 ], [ 4591660.3, 3398917.7 ], [ 4591691.4, 3398878.0 ], [ 4591797.0, 3398775.2 ], [ 4591938.7, 3398687.8 ], [ 4592003.1, 3398660.4 ], [ 4592361.8, 3398548.6 ], [ 4592634.3, 3398347.7 ], [ 4592801.3, 3398256.4 ], [ 4592850.4, 3398264.6 ], [ 4593036.7, 3398212.9 ], [ 4593101.4, 3398165.0 ], [ 4593227.1, 3398121.1 ], [ 4593240.2, 3398099.6 ], [ 4593232.6, 3398079.5 ], [ 4593154.3, 3398049.0 ], [ 4593192.3, 3398036.3 ], [ 4593280.9, 3397968.8 ], [ 4593304.7, 3397911.3 ], [ 4593412.4, 3397892.6 ], [ 4593465.0, 3397814.4 ], [ 4593518.9, 3397779.1 ], [ 4593567.8, 3397720.8 ], [ 4593607.9, 3397616.0 ], [ 4593624.7, 3397607.3 ], [ 4593658.8, 3397606.8 ], [ 4593676.5, 3397594.4 ], [ 4593700.3, 3397512.1 ], [ 4594223.2, 3397694.0 ], [ 4594243.1, 3397691.2 ], [ 4594431.8, 3397105.8 ], [ 4594421.7, 3397066.9 ], [ 4594389.0, 3397017.9 ], [ 4594502.6, 3397060.7 ], [ 4594460.4, 3397072.7 ], [ 4594443.7, 3397091.0 ], [ 4594442.2, 3397105.8 ], [ 4594496.3, 3397222.5 ], [ 4594738.6, 3397602.4 ], [ 4594690.6, 3397659.0 ], [ 4594682.2, 3397683.5 ], [ 4594690.5, 3397719.7 ], [ 4594729.1, 3397770.2 ], [ 4594809.3, 3397799.6 ], [ 4594829.0, 3397814.3 ], [ 4594925.0, 3397773.1 ], [ 4594960.5, 3397769.2 ], [ 4594995.9, 3397776.8 ], [ 4595027.8, 3397792.9 ], [ 4595124.1, 3397901.6 ], [ 4595176.9, 3397917.3 ], [ 4595161.5, 3397932.5 ], [ 4595169.3, 3397956.0 ], [ 4595338.7, 3398012.9 ], [ 4595359.7, 3398005.0 ], [ 4595407.3, 3397932.3 ], [ 4595464.6, 3397946.4 ], [ 4595545.8, 3397886.6 ], [ 4595613.6, 3397905.2 ], [ 4595601.4, 3397969.9 ], [ 4595636.2, 3397994.5 ], [ 4595863.9, 3397967.7 ], [ 4595889.1, 3397927.0 ], [ 4596219.4, 3396871.0 ], [ 4596230.4, 3396856.5 ], [ 4596228.7, 3396841.9 ], [ 4596367.4, 3396419.8 ], [ 4596379.2, 3396406.6 ], [ 4596377.4, 3396388.9 ], [ 4596479.0, 3396067.5 ], [ 4596553.2, 3396065.7 ], [ 4596450.5, 3396416.4 ], [ 4596439.3, 3396431.2 ], [ 4596441.3, 3396446.0 ], [ 4596294.9, 3396881.5 ], [ 4596085.5, 3397568.7 ], [ 4596087.1, 3397585.5 ], [ 4596100.2, 3397596.2 ], [ 4596747.4, 3397794.3 ], [ 4596762.8, 3397809.0 ], [ 4596778.2, 3397808.3 ], [ 4597121.5, 3397918.3 ], [ 4597138.6, 3397917.5 ], [ 4597772.6, 3398115.4 ], [ 4597756.0, 3398160.6 ], [ 4597701.3, 3398138.1 ], [ 4596764.3, 3397855.5 ], [ 4596749.9, 3397844.7 ], [ 4596735.5, 3397846.4 ], [ 4596101.6, 3397630.6 ], [ 4596078.2, 3397636.7 ], [ 4596032.6, 3397740.8 ], [ 4595990.2, 3397773.4 ], [ 4595931.8, 3397951.0 ], [ 4595937.4, 3397973.7 ], [ 4595961.2, 3397995.1 ], [ 4596267.3, 3398149.1 ], [ 4596442.8, 3398249.2 ], [ 4596948.8, 3398394.6 ], [ 4597062.0, 3398483.6 ], [ 4597135.8, 3398654.2 ], [ 4597140.8, 3398692.9 ], [ 4596919.9, 3398618.7 ], [ 4596905.2, 3398633.4 ], [ 4596838.3, 3398862.0 ], [ 4596804.4, 3398852.0 ], [ 4596756.3, 3398865.4 ], [ 4596725.6, 3398863.6 ], [ 4596704.9, 3398854.9 ], [ 4596681.3, 3398810.9 ], [ 4596662.1, 3398802.3 ], [ 4596454.8, 3398894.4 ], [ 4596454.8, 3398921.6 ], [ 4596497.6, 3398942.8 ], [ 4596476.4, 3398996.2 ], [ 4596430.1, 3399012.3 ], [ 4596423.7, 3399029.8 ], [ 4596428.1, 3399043.4 ], [ 4596626.5, 3399102.2 ], [ 4596603.4, 3399256.4 ], [ 4596615.8, 3399267.6 ], [ 4596711.1, 3399302.2 ] ], [ [ 4597420.7, 3398489.8 ], [ 4597621.1, 3398212.3 ], [ 4597719.4, 3398252.1 ], [ 4597689.3, 3398315.2 ], [ 4597648.6, 3398373.8 ], [ 4597629.4, 3398453.1 ], [ 4597571.7, 3398478.8 ], [ 4597420.7, 3398489.8 ] ], [ [ 4601643.9, 3397923.1 ], [ 4601591.1, 3397885.7 ], [ 4601645.5, 3397847.6 ], [ 4601706.0, 3397765.2 ], [ 4601873.2, 3397710.1 ], [ 4601952.0, 3397647.0 ], [ 4601980.2, 3397662.2 ], [ 4602015.6, 3397748.7 ], [ 4602004.2, 3397768.1 ], [ 4601752.5, 3397834.4 ], [ 4601678.6, 3397875.7 ], [ 4601670.4, 3397890.7 ], [ 4601675.8, 3397908.2 ], [ 4601643.9, 3397923.1 ] ], [ [ 4603217.0, 3397797.0 ], [ 4603131.9, 3397767.0 ], [ 4603041.6, 3397760.6 ], [ 4602928.1, 3397789.7 ], [ 4602848.4, 3397761.8 ], [ 4602791.7, 3397753.4 ], [ 4602553.3, 3397762.8 ], [ 4602330.6, 3397784.7 ], [ 4602330.4, 3397767.7 ], [ 4602363.0, 3397726.1 ], [ 4602406.7, 3397611.0 ], [ 4602431.6, 3397576.6 ], [ 4602452.9, 3397513.6 ], [ 4602483.9, 3397484.2 ], [ 4602477.4, 3397446.3 ], [ 4602435.9, 3397415.0 ], [ 4602431.5, 3397389.8 ], [ 4602460.1, 3397356.4 ], [ 4602502.0, 3397281.5 ], [ 4602543.1, 3397250.4 ], [ 4602603.1, 3397251.8 ], [ 4602619.9, 3397317.7 ], [ 4602653.0, 3397351.3 ], [ 4602690.7, 3397379.1 ], [ 4602784.0, 3397425.8 ], [ 4602942.1, 3397442.9 ], [ 4602995.1, 3397462.6 ], [ 4603089.3, 3397515.5 ], [ 4603330.8, 3397567.7 ], [ 4603359.1, 3397627.8 ], [ 4603374.4, 3397728.2 ], [ 4603309.4, 3397845.7 ], [ 4603217.0, 3397797.0 ] ], [ [ 4598732.9, 3397357.0 ], [ 4598796.1, 3397352.8 ], [ 4598838.4, 3397371.2 ], [ 4598807.3, 3397470.1 ], [ 4598372.1, 3397499.0 ], [ 4598414.4, 3397378.0 ], [ 4598472.5, 3397376.1 ], [ 4598567.5, 3397254.5 ], [ 4598695.9, 3397149.0 ], [ 4598743.5, 3397141.0 ], [ 4598759.7, 3397151.5 ], [ 4598779.1, 3397220.1 ], [ 4598763.2, 3397271.7 ], [ 4598710.3, 3397328.8 ], [ 4598714.7, 3397349.3 ], [ 4598732.9, 3397357.0 ] ], [ [ 4597111.6, 3397492.1 ], [ 4597239.2, 3397528.3 ], [ 4597166.2, 3397760.5 ], [ 4597044.4, 3397725.1 ], [ 4597111.6, 3397492.1 ] ], [ [ 4597324.1, 3397662.4 ], [ 4597339.7, 3397659.5 ], [ 4597360.7, 3397667.5 ], [ 4597414.6, 3397647.9 ], [ 4597463.2, 3397665.0 ], [ 4597524.4, 3397630.7 ], [ 4597504.9, 3397704.3 ], [ 4597349.3, 3397795.5 ], [ 4597318.4, 3397771.8 ], [ 4597303.3, 3397747.6 ], [ 4597303.4, 3397695.6 ], [ 4597324.1, 3397662.4 ] ], [ [ 4600282.1, 3397507.9 ], [ 4600281.9, 3397494.5 ], [ 4600480.7, 3397496.1 ], [ 4600481.8, 3397532.1 ], [ 4600282.1, 3397507.9 ] ], [ [ 4599835.3, 3397077.1 ], [ 4599654.2, 3396976.6 ], [ 4599563.1, 3396895.3 ], [ 4599528.5, 3396854.6 ], [ 4599503.9, 3396842.9 ], [ 4599476.2, 3396840.3 ], [ 4599448.4, 3396857.1 ], [ 4599433.3, 3396855.3 ], [ 4599413.4, 3396826.7 ], [ 4599396.8, 3396820.8 ], [ 4599360.5, 3396844.2 ], [ 4599268.9, 3396851.1 ], [ 4599263.6, 3396841.1 ], [ 4599295.1, 3396814.0 ], [ 4599301.3, 3396793.3 ], [ 4599274.6, 3396733.3 ], [ 4599314.8, 3396691.1 ], [ 4599340.7, 3396625.0 ], [ 4599369.1, 3396614.1 ], [ 4599377.7, 3396589.4 ], [ 4599398.1, 3396578.0 ], [ 4599427.4, 3396578.9 ], [ 4599436.5, 3396608.0 ], [ 4599478.7, 3396618.7 ], [ 4599500.2, 3396640.8 ], [ 4599507.2, 3396682.6 ], [ 4599520.1, 3396688.4 ], [ 4599570.3, 3396685.3 ], [ 4599572.4, 3396710.9 ], [ 4599586.7, 3396722.1 ], [ 4599604.5, 3396718.7 ], [ 4599640.6, 3396683.3 ], [ 4599884.8, 3396674.3 ], [ 4599894.4, 3397088.4 ], [ 4599835.3, 3397077.1 ] ], [ [ 4601487.4, 3396800.0 ], [ 4601453.0, 3396707.4 ], [ 4601439.4, 3396591.3 ], [ 4601451.6, 3396462.6 ], [ 4601502.1, 3396309.6 ], [ 4601493.4, 3396293.9 ], [ 4601406.6, 3396248.8 ], [ 4601398.8, 3395961.8 ], [ 4601548.8, 3395957.0 ], [ 4601551.4, 3396011.3 ], [ 4601597.5, 3396082.3 ], [ 4601624.2, 3396099.8 ], [ 4601642.2, 3396097.4 ], [ 4601657.5, 3396080.4 ], [ 4601732.1, 3396084.2 ], [ 4601763.3, 3396071.6 ], [ 4601770.9, 3396055.0 ], [ 4601766.6, 3395896.3 ], [ 4601751.5, 3395887.7 ], [ 4601613.9, 3395888.3 ], [ 4601564.6, 3395755.6 ], [ 4601564.2, 3395563.9 ], [ 4601645.7, 3395551.2 ], [ 4601726.9, 3395567.4 ], [ 4601863.8, 3395571.6 ], [ 4601879.9, 3395578.8 ], [ 4601930.3, 3395644.4 ], [ 4602034.6, 3395875.4 ], [ 4602045.5, 3395986.6 ], [ 4602022.7, 3396011.6 ], [ 4602018.0, 3396028.9 ], [ 4602044.8, 3396075.8 ], [ 4602058.4, 3396167.1 ], [ 4602032.9, 3396262.9 ], [ 4602007.3, 3396324.8 ], [ 4601978.1, 3396346.5 ], [ 4601971.9, 3396359.8 ], [ 4602006.0, 3396485.4 ], [ 4602009.4, 3396574.3 ], [ 4601978.3, 3396702.7 ], [ 4601889.7, 3396790.7 ], [ 4601783.1, 3396850.7 ], [ 4601675.6, 3396877.2 ], [ 4601594.4, 3396872.1 ], [ 4601530.0, 3396849.6 ], [ 4601487.4, 3396800.0 ] ], [ [ 4598143.2, 3396443.5 ], [ 4598188.9, 3396495.4 ], [ 4598230.7, 3396504.1 ], [ 4598253.4, 3396493.6 ], [ 4598256.9, 3396457.7 ], [ 4598304.0, 3396481.9 ], [ 4598447.6, 3396491.2 ], [ 4598462.9, 3396542.2 ], [ 4598466.6, 3396602.7 ], [ 4598417.5, 3396683.4 ], [ 4598373.6, 3396680.6 ], [ 4598282.4, 3396652.6 ], [ 4598265.9, 3396661.0 ], [ 4598254.8, 3396690.4 ], [ 4598228.4, 3396689.1 ], [ 4598238.8, 3396659.1 ], [ 4598234.4, 3396641.6 ], [ 4598174.7, 3396600.6 ], [ 4598161.4, 3396569.6 ], [ 4598120.9, 3396533.9 ], [ 4598072.0, 3396508.7 ], [ 4597967.9, 3396505.4 ], [ 4597945.0, 3396491.6 ], [ 4597938.2, 3396471.0 ], [ 4597948.3, 3396435.8 ], [ 4598021.3, 3396453.4 ], [ 4598043.2, 3396466.2 ], [ 4598143.2, 3396443.5 ] ], [ [ 4597945.4, 3396618.8 ], [ 4597934.7, 3396768.8 ], [ 4597791.7, 3396807.5 ], [ 4597782.2, 3396823.0 ], [ 4597785.0, 3396889.2 ], [ 4597623.2, 3396910.4 ], [ 4597400.9, 3397004.5 ], [ 4597290.9, 3396966.0 ], [ 4597327.0, 3396926.0 ], [ 4597390.7, 3396923.6 ], [ 4597411.0, 3396856.3 ], [ 4597482.1, 3396773.9 ], [ 4597485.1, 3396758.3 ], [ 4597466.7, 3396659.7 ], [ 4597493.0, 3396531.0 ], [ 4597523.4, 3396534.8 ], [ 4597539.1, 3396527.6 ], [ 4597574.6, 3396449.9 ], [ 4597634.2, 3396446.1 ], [ 4597842.8, 3396583.9 ], [ 4597945.4, 3396618.8 ] ], [ [ 4599986.7, 3396798.8 ], [ 4599969.4, 3396657.6 ], [ 4600265.7, 3396645.1 ], [ 4600266.1, 3396693.3 ], [ 4600097.9, 3396718.4 ], [ 4600040.8, 3396791.4 ], [ 4599986.7, 3396798.8 ] ], [ [ 4597900.1, 3396114.3 ], [ 4597941.5, 3396066.1 ], [ 4597949.3, 3396027.2 ], [ 4598012.0, 3395956.6 ], [ 4598034.1, 3395967.5 ], [ 4597970.2, 3396168.2 ], [ 4597900.1, 3396114.3 ] ], [ [ 4595541.3, 3396123.1 ], [ 4595499.8, 3396171.3 ], [ 4595480.4, 3396169.4 ], [ 4595475.8, 3396133.3 ], [ 4595500.9, 3396101.9 ], [ 4595524.0, 3396096.2 ], [ 4595542.0, 3396113.0 ], [ 4595541.3, 3396123.1 ] ], [ [ 4594339.8, 3396158.3 ], [ 4594433.9, 3396138.4 ], [ 4594372.8, 3396277.7 ], [ 4594377.1, 3396297.3 ], [ 4594393.3, 3396307.0 ], [ 4594214.7, 3396347.2 ], [ 4594193.3, 3396121.6 ], [ 4594313.1, 3396116.0 ], [ 4594315.8, 3396147.1 ], [ 4594339.8, 3396158.3 ] ], [ [ 4595819.4, 3396347.3 ], [ 4595738.9, 3396600.9 ], [ 4595613.0, 3396571.0 ], [ 4595664.7, 3396369.7 ], [ 4595819.4, 3396347.3 ] ], [ [ 4594252.7, 3396450.9 ], [ 4594246.7, 3396637.0 ], [ 4594201.3, 3396733.3 ], [ 4594151.3, 3396747.6 ], [ 4594138.5, 3396725.8 ], [ 4594095.8, 3396700.9 ], [ 4594054.2, 3396704.3 ], [ 4594048.3, 3396682.6 ], [ 4594070.7, 3396668.5 ], [ 4594085.8, 3396627.9 ], [ 4594079.7, 3396608.0 ], [ 4594029.6, 3396603.2 ], [ 4594020.0, 3396584.0 ], [ 4593977.4, 3396571.6 ], [ 4593954.2, 3396586.5 ], [ 4593924.9, 3396581.5 ], [ 4593911.8, 3396562.7 ], [ 4594211.9, 3396430.2 ], [ 4594223.4, 3396456.8 ], [ 4594241.0, 3396459.1 ], [ 4594252.7, 3396450.9 ] ], [ [ 4596020.0, 3397186.4 ], [ 4595968.9, 3397320.6 ], [ 4595780.7, 3397257.8 ], [ 4595792.9, 3397201.7 ], [ 4595787.9, 3397066.3 ], [ 4595866.3, 3397022.1 ], [ 4595883.3, 3396951.0 ], [ 4595917.8, 3396970.9 ], [ 4595923.9, 3396993.7 ], [ 4595916.8, 3397052.3 ], [ 4595896.4, 3397088.0 ], [ 4595897.1, 3397105.6 ], [ 4595930.2, 3397123.1 ], [ 4595948.6, 3397164.5 ], [ 4596020.0, 3397186.4 ] ], [ [ 4590474.5, 3400240.4 ], [ 4590490.5, 3400292.2 ], [ 4590486.1, 3400301.4 ], [ 4590457.2, 3400312.6 ], [ 4590442.1, 3400244.2 ], [ 4590418.1, 3400205.6 ], [ 4590445.7, 3400182.0 ], [ 4590463.2, 3400144.7 ], [ 4590473.9, 3400145.1 ], [ 4590494.7, 3400211.0 ], [ 4590476.1, 3400222.1 ], [ 4590474.5, 3400240.4 ] ], [ [ 4591904.7, 3400135.2 ], [ 4592018.4, 3400062.2 ], [ 4592037.6, 3400069.1 ], [ 4592067.5, 3400105.2 ], [ 4592034.5, 3400137.5 ], [ 4591958.2, 3400181.5 ], [ 4591920.5, 3400195.5 ], [ 4591870.2, 3400201.6 ], [ 4591842.6, 3400191.0 ], [ 4591826.7, 3400161.0 ], [ 4591904.7, 3400135.2 ] ], [ [ 4594452.4, 3399799.4 ], [ 4594335.1, 3399798.4 ], [ 4594507.2, 3399760.8 ], [ 4594573.1, 3399766.3 ], [ 4594616.5, 3399755.3 ], [ 4594680.1, 3399757.8 ], [ 4594735.4, 3399692.9 ], [ 4594784.1, 3399687.5 ], [ 4594822.1, 3399670.1 ], [ 4594833.6, 3399669.7 ], [ 4594886.3, 3399727.0 ], [ 4594830.6, 3399792.1 ], [ 4594733.0, 3399816.0 ], [ 4594643.6, 3399791.6 ], [ 4594583.9, 3399807.7 ], [ 4594538.4, 3399779.6 ], [ 4594501.8, 3399789.3 ], [ 4594484.6, 3399816.1 ], [ 4594452.4, 3399799.4 ] ], [ [ 4594126.4, 3399731.2 ], [ 4594064.1, 3399737.6 ], [ 4594036.9, 3399686.2 ], [ 4594116.2, 3399574.5 ], [ 4594125.9, 3399573.6 ], [ 4594173.0, 3399606.5 ], [ 4594182.6, 3399625.2 ], [ 4594182.1, 3399650.8 ], [ 4594161.6, 3399707.1 ], [ 4594126.4, 3399731.2 ] ], [ [ 4594978.3, 3400041.1 ], [ 4594936.9, 3400198.1 ], [ 4594853.4, 3400195.9 ], [ 4594797.1, 3400173.1 ], [ 4594789.2, 3400110.1 ], [ 4594978.3, 3400041.1 ] ], [ [ 4591836.6, 3401161.7 ], [ 4591744.4, 3401164.4 ], [ 4591710.6, 3401087.0 ], [ 4591694.0, 3401077.0 ], [ 4591678.3, 3401080.7 ], [ 4591555.4, 3401166.0 ], [ 4591508.3, 3401126.7 ], [ 4591578.0, 3401081.0 ], [ 4591783.2, 3401003.4 ], [ 4591815.1, 3401001.6 ], [ 4591842.6, 3401086.8 ], [ 4591836.6, 3401161.7 ] ], [ [ 4593017.9, 3401713.9 ], [ 4593084.7, 3401708.2 ], [ 4593118.6, 3401864.7 ], [ 4593168.5, 3401909.4 ], [ 4593108.5, 3402084.8 ], [ 4593006.6, 3402022.0 ], [ 4592791.6, 3401949.0 ], [ 4592776.5, 3401958.6 ], [ 4592718.2, 3402043.2 ], [ 4592658.5, 3401983.8 ], [ 4592633.9, 3401983.1 ], [ 4592496.6, 3402104.9 ], [ 4592491.5, 3402120.4 ], [ 4592498.7, 3402154.6 ], [ 4592484.4, 3402171.4 ], [ 4592315.5, 3402002.6 ], [ 4592492.6, 3401829.0 ], [ 4592486.9, 3401806.1 ], [ 4592451.6, 3401788.5 ], [ 4592411.5, 3401778.3 ], [ 4592356.6, 3401782.6 ], [ 4592365.0, 3401757.8 ], [ 4592350.1, 3401740.4 ], [ 4592497.8, 3401555.4 ], [ 4592667.9, 3401594.4 ], [ 4592685.7, 3401590.8 ], [ 4592694.7, 3401575.2 ], [ 4592688.8, 3401480.5 ], [ 4592705.4, 3401448.3 ], [ 4592790.9, 3401480.9 ], [ 4592808.7, 3401476.6 ], [ 4592923.6, 3401316.9 ], [ 4592988.1, 3401250.3 ], [ 4593001.2, 3401217.0 ], [ 4593017.4, 3401222.8 ], [ 4592985.4, 3401322.3 ], [ 4592997.3, 3401480.2 ], [ 4592994.0, 3401691.8 ], [ 4593001.6, 3401708.7 ], [ 4593017.9, 3401713.9 ] ], [ [ 4593408.0, 3402383.6 ], [ 4593404.2, 3402395.2 ], [ 4593304.3, 3402372.6 ], [ 4593144.3, 3402244.0 ], [ 4593125.8, 3402138.9 ], [ 4593143.5, 3402120.7 ], [ 4593281.9, 3402267.5 ], [ 4593408.0, 3402383.6 ] ], [ [ 4591237.3, 3402759.1 ], [ 4591241.2, 3402822.9 ], [ 4591161.7, 3402835.4 ], [ 4591117.0, 3402760.2 ], [ 4591194.1, 3402714.1 ], [ 4591204.7, 3402717.8 ], [ 4591237.3, 3402759.1 ] ], [ [ 4591913.9, 3402856.1 ], [ 4591983.8, 3402787.5 ], [ 4592047.7, 3402835.7 ], [ 4592050.9, 3402881.0 ], [ 4591976.5, 3402957.9 ], [ 4591937.1, 3402965.4 ], [ 4591904.8, 3402936.7 ], [ 4591904.9, 3402900.5 ], [ 4591913.9, 3402856.1 ] ], [ [ 4595864.0, 3394803.9 ], [ 4595904.2, 3394710.3 ], [ 4596091.1, 3394828.7 ], [ 4596147.5, 3394833.4 ], [ 4596197.1, 3394823.7 ], [ 4596249.2, 3394837.0 ], [ 4596277.7, 3394821.3 ], [ 4596297.8, 3394827.1 ], [ 4596313.6, 3394820.7 ], [ 4596344.9, 3394730.8 ], [ 4596407.6, 3394760.1 ], [ 4596454.4, 3394813.9 ], [ 4596516.3, 3394845.7 ], [ 4596608.5, 3394845.0 ], [ 4596640.1, 3394875.3 ], [ 4596639.7, 3394963.0 ], [ 4596534.2, 3395017.7 ], [ 4596358.8, 3395008.3 ], [ 4596331.9, 3395026.8 ], [ 4596300.0, 3395081.0 ], [ 4596233.9, 3395049.0 ], [ 4596218.8, 3395059.0 ], [ 4596203.2, 3395095.5 ], [ 4596046.5, 3395117.7 ], [ 4595904.5, 3395239.6 ], [ 4595874.8, 3395219.3 ], [ 4595843.9, 3395125.4 ], [ 4595818.0, 3394991.1 ], [ 4595864.0, 3394803.9 ] ], [ [ 4596687.8, 3394731.9 ], [ 4596968.0, 3394637.9 ], [ 4596981.4, 3394625.5 ], [ 4596973.5, 3394598.9 ], [ 4596778.6, 3394508.9 ], [ 4596857.8, 3394219.2 ], [ 4597266.3, 3394170.9 ], [ 4597371.1, 3394499.3 ], [ 4597291.8, 3394483.4 ], [ 4597278.8, 3394496.5 ], [ 4597263.7, 3394550.7 ], [ 4597275.5, 3394564.0 ], [ 4597377.7, 3394591.7 ], [ 4597393.6, 3394668.1 ], [ 4597149.2, 3394679.3 ], [ 4597043.7, 3394636.2 ], [ 4597027.4, 3394654.8 ], [ 4597032.7, 3394724.5 ], [ 4597008.2, 3394749.2 ], [ 4596942.1, 3394771.9 ], [ 4596916.4, 3394793.8 ], [ 4596883.3, 3394840.3 ], [ 4596849.9, 3394839.1 ], [ 4596745.3, 3394761.5 ], [ 4596687.8, 3394731.9 ] ], [ [ 4595973.8, 3394307.1 ], [ 4595895.9, 3394357.3 ], [ 4595875.5, 3394352.0 ], [ 4595850.7, 3394326.4 ], [ 4595853.8, 3394303.5 ], [ 4595944.0, 3394225.6 ], [ 4595986.5, 3394268.6 ], [ 4595988.3, 3394282.7 ], [ 4595973.8, 3394307.1 ] ] ] } },
{ "type": "Feature", "properties": { "id": "forest_47823", "state": "Mecklenburg-Vorpommern", "area_ha": 7043.98, "unfragmented": true, "image": "forest_47823.webp", "real_width_m": 12787.9, "real_height_m": 10397.3, "pixel_width": 1278, "pixel_height": 1039, "centroid_x": 4400026.0, "centroid_y": 3352836.5 }, "geometry": { "type": "Polygon", "coordinates": [ [ [ 4401795.5, 3358221.3 ], [ 4402127.7, 3358134.5 ], [ 4402167.2, 3358052.9 ], [ 4402171.2, 3358015.7 ], [ 4402162.6, 3357956.7 ], [ 4402433.0, 3357810.9 ], [ 4402454.6, 3357808.8 ], [ 4402506.1, 3357930.6 ], [ 4402528.8, 3357940.9 ], [ 4402993.7, 3357670.7 ], [ 4403099.2, 3357598.4 ], [ 4403192.1, 3357583.6 ], [ 4403293.8, 3357554.2 ], [ 4403342.3, 3357552.5 ], [ 4403579.0, 3357485.0 ], [ 4403675.2, 3357518.1 ], [ 4403695.4, 3357516.8 ], [ 4403706.7, 3357507.2 ], [ 4403874.8, 3356972.5 ], [ 4403870.1, 3356951.1 ], [ 4403853.1, 3356943.9 ], [ 4403464.8, 3356961.6 ], [ 4403226.7, 3356921.3 ], [ 4403214.8, 3356918.4 ], [ 4403231.9, 3356816.4 ], [ 4403221.9, 3356797.9 ], [ 4402961.5, 3356730.5 ], [ 4402953.2, 3356586.7 ], [ 4402933.8, 3356463.7 ], [ 4402941.0, 3356414.3 ], [ 4403030.5, 3356191.3 ], [ 4403225.1, 3355936.4 ], [ 4403298.2, 3355956.7 ], [ 4403694.6, 3355909.9 ], [ 4403829.4, 3355874.3 ], [ 4403835.7, 3355910.8 ], [ 4403856.3, 3355922.9 ], [ 4404026.4, 3355887.1 ], [ 4404186.5, 3355824.6 ], [ 4404243.3, 3355828.1 ], [ 4404388.4, 3355791.4 ], [ 4404544.9, 3355732.2 ], [ 4404599.5, 3355699.6 ], [ 4404604.6, 3355685.5 ], [ 4404596.3, 3355635.6 ], [ 4404619.3, 3355624.8 ], [ 4404632.4, 3355607.9 ], [ 4404626.7, 3355552.3 ], [ 4404681.9, 3355542.9 ], [ 4404698.6, 3355532.6 ], [ 4404703.1, 3355519.0 ], [ 4404695.3, 3355473.8 ], [ 4404799.7, 3355454.1 ], [ 4404847.4, 3355481.2 ], [ 4404956.7, 3355487.7 ], [ 4405052.0, 3355414.3 ], [ 4405212.5, 3355309.4 ], [ 4405215.2, 3355295.9 ], [ 4405197.2, 3355232.5 ], [ 4405164.4, 3355149.1 ], [ 4405149.3, 3355141.3 ], [ 4405090.1, 3355145.6 ], [ 4405087.3, 3355105.7 ], [ 4405240.8, 3355095.8 ], [ 4405257.5, 3355077.3 ], [ 4405252.6, 3354980.9 ], [ 4405267.9, 3354962.1 ], [ 4405268.4, 3354945.5 ], [ 4405160.7, 3354790.2 ], [ 4405437.3, 3354716.5 ], [ 4405443.7, 3354693.9 ], [ 4405408.7, 3354642.8 ], [ 4405403.7, 3354613.8 ], [ 4405424.0, 3354581.3 ], [ 4405432.2, 3354607.9 ], [ 4405459.8, 3354619.0 ], [ 4405481.1, 3354609.7 ], [ 4405503.7, 3354581.9 ], [ 4405511.8, 3354532.6 ], [ 4405496.7, 3354486.9 ], [ 4405292.8, 3354381.3 ], [ 4405279.4, 3354386.2 ], [ 4405239.2, 3354432.1 ], [ 4405202.2, 3354450.4 ], [ 4405160.1, 3354513.0 ], [ 4404976.8, 3354373.0 ], [ 4405070.1, 3354252.5 ], [ 4405064.7, 3354225.1 ], [ 4404853.4, 3354106.6 ], [ 4404637.2, 3354005.7 ], [ 4404527.9, 3353964.4 ], [ 4404571.3, 3353890.5 ], [ 4404599.5, 3353923.8 ], [ 4404653.0, 3353925.2 ], [ 4404729.6, 3353820.1 ], [ 4405182.5, 3353938.2 ], [ 4405199.1, 3353936.0 ], [ 4405313.1, 3353812.1 ], [ 4405318.7, 3353795.0 ], [ 4405302.9, 3353776.2 ], [ 4405166.1, 3353736.8 ], [ 4405401.4, 3353483.4 ], [ 4405405.4, 3353460.1 ], [ 4405367.9, 3353431.4 ], [ 4405186.0, 3353449.3 ], [ 4405035.3, 3353441.9 ], [ 4404975.6, 3353449.9 ], [ 4404666.3, 3353529.4 ], [ 4404641.4, 3353528.0 ], [ 4404559.1, 3353497.8 ], [ 4404311.3, 3353431.7 ], [ 4404280.6, 3353238.3 ], [ 4404362.9, 3353151.1 ], [ 4404366.3, 3353195.5 ], [ 4404373.8, 3353207.5 ], [ 4404390.5, 3353212.3 ], [ 4404419.8, 3353202.8 ], [ 4404429.0, 3353189.2 ], [ 4404448.4, 3353100.0 ], [ 4404508.9, 3353085.2 ], [ 4404526.7, 3353109.0 ], [ 4404616.0, 3353146.4 ], [ 4404631.9, 3353165.7 ], [ 4404671.1, 3353176.7 ], [ 4404764.8, 3353177.5 ], [ 4404786.6, 3353162.8 ], [ 4404808.0, 3353044.9 ], [ 4404970.7, 3353048.6 ], [ 4405060.9, 3353068.0 ], [ 4405151.8, 3353071.6 ], [ 4405165.8, 3353060.4 ], [ 4405187.1, 3352993.8 ], [ 4405233.2, 3352989.9 ], [ 4405257.0, 3352947.6 ], [ 4405468.3, 3352894.8 ], [ 4405493.5, 3352864.4 ], [ 4405529.2, 3352867.0 ], [ 4405564.5, 3352838.2 ], [ 4405602.1, 3352824.3 ], [ 4405661.1, 3352824.4 ], [ 4405677.7, 3352814.7 ], [ 4405687.7, 3352794.7 ], [ 4405834.5, 3352786.4 ], [ 4405846.9, 3352774.0 ], [ 4405856.8, 3352728.7 ], [ 4406000.3, 3352723.2 ], [ 4406011.8, 3352710.7 ], [ 4406024.8, 3352646.1 ], [ 4406388.9, 3352769.1 ], [ 4406402.2, 3352757.2 ], [ 4406403.5, 3352742.8 ], [ 4406327.3, 3352576.4 ], [ 4405959.9, 3352082.1 ], [ 4405902.2, 3352021.7 ], [ 4405497.5, 3351776.7 ], [ 4405471.4, 3351784.4 ], [ 4405464.6, 3351819.2 ], [ 4405419.4, 3351813.1 ], [ 4405423.9, 3351773.4 ], [ 4405408.5, 3351756.2 ], [ 4405134.2, 3351716.3 ], [ 4405058.3, 3351692.8 ], [ 4404724.3, 3351447.8 ], [ 4404664.6, 3351373.7 ], [ 4404381.7, 3350693.8 ], [ 4404358.3, 3350690.9 ], [ 4404246.4, 3350767.5 ], [ 4404169.5, 3350636.3 ], [ 4404155.1, 3350635.4 ], [ 4404113.2, 3350654.5 ], [ 4404089.4, 3350598.5 ], [ 4404068.2, 3350597.6 ], [ 4404033.6, 3350622.2 ], [ 4404019.2, 3350589.2 ], [ 4404003.8, 3350579.4 ], [ 4403939.9, 3350612.4 ], [ 4403903.1, 3350547.6 ], [ 4403957.5, 3350499.3 ], [ 4404026.6, 3350478.1 ], [ 4404111.3, 3350434.6 ], [ 4404141.5, 3350410.9 ], [ 4404146.2, 3350389.8 ], [ 4404134.2, 3350376.1 ], [ 4404079.9, 3350354.9 ], [ 4404099.3, 3350294.4 ], [ 4404086.0, 3350277.5 ], [ 4404064.6, 3350277.1 ], [ 4404024.6, 3350084.0 ], [ 4404008.2, 3350078.6 ], [ 4403897.2, 3350104.7 ], [ 4403886.6, 3350075.2 ], [ 4403866.3, 3350068.7 ], [ 4403829.5, 3349968.2 ], [ 4403719.8, 3349950.2 ], [ 4403673.5, 3349924.7 ], [ 4403672.0, 3349903.9 ], [ 4403696.7, 3349900.0 ], [ 4403706.9, 3349885.5 ], [ 4403694.4, 3349781.9 ], [ 4403817.1, 3349737.5 ], [ 4403827.3, 3349712.0 ], [ 4403726.5, 3349571.8 ], [ 4403590.4, 3349355.0 ], [ 4403459.2, 3349202.7 ], [ 4403426.2, 3349177.6 ], [ 4403394.5, 3349165.1 ], [ 4403200.1, 3349162.0 ], [ 4403151.3, 3349152.0 ], [ 4403105.0, 3349129.5 ], [ 4402967.9, 3349034.1 ], [ 4402711.4, 3348917.0 ], [ 4402640.7, 3348897.7 ], [ 4402507.8, 3348877.4 ], [ 4402451.1, 3348859.4 ], [ 4402413.4, 3348826.5 ], [ 4402245.5, 3348559.8 ], [ 4402184.6, 3348504.6 ], [ 4402032.8, 3348407.2 ], [ 4401984.4, 3348367.9 ], [ 4401941.3, 3348304.2 ], [ 4401877.8, 3348172.5 ], [ 4401861.7, 3348167.9 ], [ 4401793.6, 3348175.5 ], [ 4401728.7, 3348063.4 ], [ 4401707.1, 3348059.4 ], [ 4401672.5, 3348078.5 ], [ 4401611.1, 3348023.5 ], [ 4401555.4, 3347994.4 ], [ 4401402.5, 3347997.6 ], [ 4401308.4, 3347975.0 ], [ 4401289.0, 3347980.2 ], [ 4401205.2, 3347970.3 ], [ 4401281.3, 3347886.7 ], [ 4401274.3, 3347864.0 ], [ 4401232.6, 3347839.0 ], [ 4401208.9, 3347844.2 ], [ 4401107.4, 3347948.7 ], [ 4401043.0, 3347905.8 ], [ 4401046.4, 3347878.5 ], [ 4401018.2, 3347857.1 ], [ 4401004.2, 3347858.9 ], [ 4400964.8, 3347886.8 ], [ 4400935.3, 3347866.5 ], [ 4400917.9, 3347865.7 ], [ 4400859.2, 3347928.3 ], [ 4400803.7, 3347908.2 ], [ 4400804.2, 3347889.1 ], [ 4400792.2, 3347877.0 ], [ 4400646.9, 3347857.9 ], [ 4400641.9, 3347833.8 ], [ 4400623.8, 3347824.0 ], [ 4400588.0, 3347830.2 ], [ 4400576.1, 3347845.6 ], [ 4400515.7, 3347841.9 ], [ 4400392.0, 3347856.0 ], [ 4399478.4, 3347981.3 ], [ 4399179.9, 3348027.9 ], [ 4399149.9, 3348038.6 ], [ 4399146.3, 3347994.1 ], [ 4399122.8, 3347980.6 ], [ 4399110.1, 3347987.1 ], [ 4399072.9, 3348040.9 ], [ 4398928.3, 3348048.8 ], [ 4398868.0, 3348025.7 ], [ 4398852.3, 3348038.8 ], [ 4398847.9, 3348078.2 ], [ 4398375.5, 3348143.2 ], [ 4398343.9, 3348160.2 ], [ 4398306.5, 3348198.7 ], [ 4398240.2, 3348230.1 ], [ 4398081.1, 3348264.7 ], [ 4397911.9, 3348321.4 ], [ 4397806.9, 3348348.0 ], [ 4397717.8, 3348386.4 ], [ 4397560.2, 3348426.8 ], [ 4397376.2, 3348440.0 ], [ 4397372.9, 3348413.0 ], [ 4397359.0, 3348400.9 ], [ 4397282.1, 3348416.1 ], [ 4397269.8, 3348424.0 ], [ 4397265.5, 3348441.6 ], [ 4397294.6, 3348495.1 ], [ 4397140.0, 3348523.4 ], [ 4397101.4, 3348518.0 ], [ 4397089.6, 3348532.3 ], [ 4397093.2, 3348556.4 ], [ 4396961.1, 3348605.3 ], [ 4396954.7, 3348620.7 ], [ 4396959.9, 3348657.8 ], [ 4396935.6, 3348661.0 ], [ 4396914.1, 3348549.1 ], [ 4396900.9, 3348536.1 ], [ 4396882.6, 3348537.7 ], [ 4396748.8, 3348648.2 ], [ 4396302.8, 3348961.1 ], [ 4396259.8, 3349003.1 ], [ 4396242.8, 3349029.4 ], [ 4396245.5, 3349047.3 ], [ 4396257.2, 3349056.3 ], [ 4396299.2, 3349060.3 ], [ 4396423.2, 3349221.6 ], [ 4396408.5, 3349233.0 ], [ 4396394.2, 3349281.2 ], [ 4396305.4, 3349354.9 ], [ 4396202.5, 3349620.5 ], [ 4396131.8, 3349685.7 ], [ 4395952.9, 3349775.3 ], [ 4395925.2, 3349772.8 ], [ 4395881.1, 3349742.5 ], [ 4395857.4, 3349750.4 ], [ 4395632.5, 3350051.9 ], [ 4395373.4, 3350524.8 ], [ 4395336.8, 3350578.8 ], [ 4395267.6, 3350651.2 ], [ 4395088.8, 3350768.7 ], [ 4395087.3, 3350795.0 ], [ 4395119.2, 3350821.4 ], [ 4395044.8, 3350879.7 ], [ 4395032.2, 3350869.6 ], [ 4395014.8, 3350870.6 ], [ 4394917.4, 3350941.7 ], [ 4394882.2, 3350904.5 ], [ 4394868.2, 3350905.6 ], [ 4394840.6, 3350925.9 ], [ 4394841.0, 3350947.6 ], [ 4394905.1, 3351022.5 ], [ 4394866.7, 3351051.9 ], [ 4394867.9, 3351078.8 ], [ 4394907.9, 3351118.3 ], [ 4394922.6, 3351115.9 ], [ 4394959.3, 3351086.3 ], [ 4394971.7, 3351101.0 ], [ 4394281.4, 3351662.2 ], [ 4394277.7, 3351685.4 ], [ 4394340.7, 3351794.8 ], [ 4394100.3, 3351920.7 ], [ 4394075.1, 3351942.3 ], [ 4394053.2, 3351985.4 ], [ 4394009.1, 3352145.9 ], [ 4393965.3, 3352194.5 ], [ 4393968.9, 3352211.1 ], [ 4394047.5, 3352291.8 ], [ 4394073.6, 3352332.4 ], [ 4394183.1, 3352590.7 ], [ 4394213.7, 3352672.4 ], [ 4394239.0, 3352843.2 ], [ 4394204.2, 3352938.2 ], [ 4394047.3, 3353227.0 ], [ 4393968.4, 3353435.4 ], [ 4393869.4, 3353923.9 ], [ 4393850.9, 3354100.1 ], [ 4393833.5, 3354181.0 ], [ 4393615.6, 3354502.3 ], [ 4393621.1, 3354523.4 ], [ 4393710.7, 3354611.5 ], [ 4393734.0, 3354604.5 ], [ 4393811.3, 3354508.8 ], [ 4393807.7, 3354482.3 ], [ 4393890.3, 3354396.7 ], [ 4394012.1, 3354502.1 ], [ 4394032.4, 3354506.5 ], [ 4394126.1, 3354420.1 ], [ 4394362.0, 3354299.8 ], [ 4394384.2, 3354246.4 ], [ 4394401.9, 3354135.3 ], [ 4394413.4, 3354106.1 ], [ 4394434.8, 3354081.9 ], [ 4394498.6, 3354042.1 ], [ 4394528.1, 3354014.4 ], [ 4394558.7, 3353946.9 ], [ 4394623.6, 3353897.0 ], [ 4394658.0, 3353858.4 ], [ 4394653.8, 3353841.5 ], [ 4394605.5, 3353778.1 ], [ 4394527.3, 3353714.4 ], [ 4394476.6, 3353656.0 ], [ 4394444.9, 3353575.6 ], [ 4394497.0, 3353504.6 ], [ 4394619.4, 3353483.1 ], [ 4394630.4, 3353458.9 ], [ 4394731.6, 3353398.2 ], [ 4394767.5, 3353445.6 ], [ 4394745.1, 3353467.8 ], [ 4394757.8, 3353492.0 ], [ 4394844.0, 3353525.6 ], [ 4394945.3, 3353491.5 ], [ 4394947.5, 3353470.3 ], [ 4394894.9, 3353361.2 ], [ 4394944.4, 3353328.7 ], [ 4394940.8, 3353292.1 ], [ 4394920.9, 3353283.3 ], [ 4394875.4, 3353299.3 ], [ 4394864.9, 3353320.1 ], [ 4394879.4, 3353358.3 ], [ 4394844.3, 3353391.5 ], [ 4394817.8, 3353391.2 ], [ 4394794.5, 3353378.0 ], [ 4394777.0, 3353353.2 ], [ 4394774.0, 3353334.5 ], [ 4394779.2, 3353309.9 ], [ 4394836.1, 3353235.1 ], [ 4394836.8, 3353217.5 ], [ 4394801.4, 3353196.4 ], [ 4394766.7, 3353206.4 ], [ 4394746.0, 3353199.6 ], [ 4394745.7, 3353176.5 ], [ 4394795.3, 3353120.5 ], [ 4394798.4, 3353105.8 ], [ 4394720.3, 3353028.2 ], [ 4394794.0, 3352942.5 ], [ 4394792.4, 3352922.2 ], [ 4394756.7, 3352891.5 ], [ 4394819.7, 3352816.1 ], [ 4394862.0, 3352851.9 ], [ 4394875.7, 3352854.9 ], [ 4394931.4, 3352808.2 ], [ 4395002.4, 3352880.9 ], [ 4394971.4, 3352914.2 ], [ 4394970.9, 3352937.4 ], [ 4395018.5, 3352983.0 ], [ 4395036.3, 3353013.3 ], [ 4395054.0, 3353018.6 ], [ 4395098.1, 3353004.4 ], [ 4395109.0, 3352991.8 ], [ 4395117.0, 3352940.5 ], [ 4395079.9, 3352869.7 ], [ 4395106.9, 3352821.7 ], [ 4395189.6, 3352785.2 ], [ 4395319.6, 3352754.8 ], [ 4395348.2, 3352654.9 ], [ 4395495.8, 3352663.0 ], [ 4395503.0, 3352687.2 ], [ 4395522.8, 3352695.5 ], [ 4395538.3, 3352688.8 ], [ 4395589.6, 3352635.3 ], [ 4395654.0, 3352650.4 ], [ 4395649.8, 3352685.0 ], [ 4395673.1, 3352698.1 ], [ 4395877.9, 3352662.2 ], [ 4395961.2, 3352633.8 ], [ 4396088.5, 3352572.9 ], [ 4396179.8, 3352691.1 ], [ 4396091.1, 3352876.3 ], [ 4396092.8, 3352898.2 ], [ 4396108.7, 3352907.7 ], [ 4396309.0, 3352928.2 ], [ 4396247.6, 3353029.7 ], [ 4396248.0, 3353048.0 ], [ 4396258.6, 3353058.3 ], [ 4396497.7, 3353082.7 ], [ 4396460.1, 3353148.4 ], [ 4396413.8, 3353135.5 ], [ 4396395.8, 3353145.9 ], [ 4396316.3, 3353274.3 ], [ 4396163.9, 3353562.2 ], [ 4396167.5, 3353582.8 ], [ 4396186.7, 3353591.1 ], [ 4396251.9, 3353551.3 ], [ 4396234.6, 3353602.5 ], [ 4396248.9, 3353721.8 ], [ 4396115.7, 3353750.7 ], [ 4396102.2, 3353767.6 ], [ 4396104.8, 3353782.1 ], [ 4396119.8, 3353794.3 ], [ 4396099.7, 3353842.2 ], [ 4396107.8, 3353853.8 ], [ 4396154.2, 3353877.9 ], [ 4396158.5, 3353939.1 ], [ 4396124.4, 3353945.0 ], [ 4396111.2, 3353957.8 ], [ 4396119.5, 3354034.5 ], [ 4396058.9, 3354112.2 ], [ 4396059.4, 3354128.9 ], [ 4396071.0, 3354143.5 ], [ 4396053.6, 3354179.3 ], [ 4396089.0, 3354216.5 ], [ 4396092.7, 3354240.0 ], [ 4396118.8, 3354268.0 ], [ 4396135.5, 3354274.5 ], [ 4396152.8, 3354265.6 ], [ 4396202.3, 3354598.6 ], [ 4396165.8, 3354653.3 ], [ 4395956.8, 3354789.5 ], [ 4395910.6, 3354777.9 ], [ 4395833.5, 3354783.1 ], [ 4395824.9, 3354801.7 ], [ 4395830.6, 3354912.2 ], [ 4395794.1, 3354936.1 ], [ 4395787.2, 3354949.1 ], [ 4395790.0, 3354963.6 ], [ 4395810.8, 3354988.2 ], [ 4395844.5, 3355015.5 ], [ 4395795.8, 3355098.3 ], [ 4395797.1, 3355116.6 ], [ 4395808.3, 3355126.4 ], [ 4395879.4, 3355142.4 ], [ 4395954.3, 3355193.2 ], [ 4395962.6, 3355205.9 ], [ 4395960.5, 3355221.2 ], [ 4395930.9, 3355292.0 ], [ 4395969.3, 3355322.8 ], [ 4395989.9, 3355361.2 ], [ 4395887.0, 3355454.8 ], [ 4395772.4, 3355523.8 ], [ 4395724.2, 3355476.0 ], [ 4395709.9, 3355478.1 ], [ 4395678.3, 3355501.7 ], [ 4395552.0, 3355468.8 ], [ 4395554.5, 3355414.8 ], [ 4395540.0, 3355404.5 ], [ 4395515.3, 3355406.8 ], [ 4395500.8, 3355420.5 ], [ 4395485.9, 3355499.2 ], [ 4395333.3, 3355534.4 ], [ 4395302.1, 3355673.9 ], [ 4395208.9, 3355653.3 ], [ 4395155.7, 3355701.2 ], [ 4395087.3, 3355688.5 ], [ 4395027.6, 3355693.0 ], [ 4395015.6, 3355700.2 ], [ 4395010.5, 3355720.4 ], [ 4395029.6, 3355774.8 ], [ 4395010.4, 3355806.7 ], [ 4394948.7, 3356031.2 ], [ 4394960.3, 3356048.9 ], [ 4395094.7, 3356094.1 ], [ 4395089.4, 3356225.2 ], [ 4395056.3, 3356231.2 ], [ 4395044.4, 3356252.0 ], [ 4395029.3, 3356249.8 ], [ 4394881.2, 3356284.3 ], [ 4394837.8, 3356422.1 ], [ 4394843.5, 3356441.6 ], [ 4394895.5, 3356448.8 ], [ 4394939.5, 3356464.6 ], [ 4394956.5, 3356463.1 ], [ 4394976.4, 3356448.5 ], [ 4395055.8, 3356270.1 ], [ 4395157.4, 3356320.1 ], [ 4395148.0, 3356359.2 ], [ 4395169.0, 3356381.1 ], [ 4395132.6, 3356456.0 ], [ 4395141.0, 3356470.7 ], [ 4395177.7, 3356489.6 ], [ 4395192.4, 3356486.8 ], [ 4395225.8, 3356457.9 ], [ 4395337.4, 3356420.5 ], [ 4395364.2, 3356395.6 ], [ 4395392.5, 3356340.8 ], [ 4395692.6, 3356278.1 ], [ 4395727.4, 3356349.3 ], [ 4395740.9, 3356360.9 ], [ 4395871.1, 3356331.8 ], [ 4395898.4, 3356390.6 ], [ 4395974.1, 3356383.5 ], [ 4395987.2, 3356363.9 ], [ 4395971.3, 3356317.2 ], [ 4395955.6, 3356310.6 ], [ 4395917.4, 3356316.4 ], [ 4396007.5, 3356255.5 ], [ 4396110.3, 3356238.7 ], [ 4396144.4, 3356218.1 ], [ 4396150.7, 3356194.9 ], [ 4396128.9, 3356163.8 ], [ 4396189.3, 3356115.4 ], [ 4396185.0, 3356058.0 ], [ 4396251.2, 3356016.5 ], [ 4396295.3, 3356002.7 ], [ 4396396.2, 3355989.1 ], [ 4396541.0, 3355914.2 ], [ 4396552.6, 3355891.4 ], [ 4396860.5, 3355696.5 ], [ 4396892.9, 3355639.1 ], [ 4396883.3, 3355623.2 ], [ 4396855.2, 3355615.4 ], [ 4396188.6, 3355641.3 ], [ 4396134.4, 3355377.9 ], [ 4396117.6, 3355364.2 ], [ 4396068.5, 3355364.3 ], [ 4396066.5, 3355349.8 ], [ 4396112.2, 3355334.3 ], [ 4396122.3, 3355319.1 ], [ 4396082.4, 3355098.3 ], [ 4396108.6, 3355068.5 ], [ 4396149.6, 3355066.1 ], [ 4396168.3, 3355074.9 ], [ 4396205.1, 3355113.1 ], [ 4396221.6, 3355117.3 ], [ 4396520.3, 3355035.2 ], [ 4397036.6, 3354881.9 ], [ 4397111.8, 3354846.8 ], [ 4397118.1, 3354830.5 ], [ 4397112.6, 3354801.6 ], [ 4397184.5, 3354770.5 ], [ 4397260.1, 3354793.5 ], [ 4397401.3, 3354780.4 ], [ 4397423.1, 3354815.3 ], [ 4397436.0, 3354822.5 ], [ 4397565.1, 3354813.6 ], [ 4397640.0, 3354836.4 ], [ 4397722.8, 3354798.5 ], [ 4397734.5, 3354772.7 ], [ 4397764.7, 3354762.5 ], [ 4397992.3, 3354715.4 ], [ 4398069.7, 3354726.3 ], [ 4398090.1, 3354714.9 ], [ 4398094.4, 3354632.4 ], [ 4398121.9, 3354540.5 ], [ 4398127.0, 3354388.8 ], [ 4398106.8, 3354369.9 ], [ 4398032.6, 3354366.9 ], [ 4398011.9, 3354398.7 ], [ 4397992.5, 3354410.3 ], [ 4397915.5, 3354396.3 ], [ 4397659.0, 3354417.7 ], [ 4397474.4, 3354413.5 ], [ 4397190.0, 3354436.6 ], [ 4397116.7, 3354497.3 ], [ 4397062.5, 3354507.3 ], [ 4397066.8, 3354490.3 ], [ 4397060.9, 3354477.3 ], [ 4397023.7, 3354471.0 ], [ 4396977.1, 3354514.6 ], [ 4396909.0, 3354519.7 ], [ 4396831.9, 3354553.2 ], [ 4396805.3, 3354524.0 ], [ 4396724.8, 3354500.7 ], [ 4396702.3, 3354504.5 ], [ 4396651.4, 3354539.8 ], [ 4396542.5, 3354413.0 ], [ 4396634.4, 3354312.7 ], [ 4396630.5, 3354286.2 ], [ 4396650.0, 3354244.9 ], [ 4396657.1, 3354197.0 ], [ 4396678.0, 3354195.0 ], [ 4396688.3, 3354181.3 ], [ 4396699.5, 3354069.0 ], [ 4396742.7, 3354069.1 ], [ 4397004.0, 3353946.4 ], [ 4397713.2, 3353870.3 ], [ 4397934.3, 3353795.6 ], [ 4398435.2, 3353677.0 ], [ 4398452.5, 3353689.2 ], [ 4398432.4, 3353818.1 ], [ 4398438.6, 3353859.6 ], [ 4398453.4, 3353889.6 ], [ 4398484.5, 3353895.8 ], [ 4398444.4, 3353904.1 ], [ 4398432.7, 3353914.3 ], [ 4398406.9, 3354042.5 ], [ 4398453.3, 3354311.2 ], [ 4398449.5, 3354332.7 ], [ 4398438.2, 3354346.3 ], [ 4398399.5, 3354363.7 ], [ 4398363.9, 3354364.4 ], [ 4398333.8, 3354387.8 ], [ 4398286.4, 3354686.6 ], [ 4398308.2, 3354701.9 ], [ 4398494.2, 3354670.6 ], [ 4398712.2, 3354667.6 ], [ 4398766.8, 3354646.1 ], [ 4398771.0, 3354633.0 ], [ 4398763.9, 3354605.1 ], [ 4398769.6, 3354588.8 ], [ 4398787.5, 3354579.4 ], [ 4398920.7, 3354584.7 ], [ 4398984.5, 3354572.9 ], [ 4399018.8, 3354584.5 ], [ 4399538.0, 3354491.6 ], [ 4399551.1, 3354478.6 ], [ 4399570.2, 3354377.8 ], [ 4399734.3, 3354352.0 ], [ 4399695.8, 3354425.4 ], [ 4399700.9, 3354443.1 ], [ 4399721.6, 3354450.3 ], [ 4400179.6, 3354379.6 ], [ 4400509.9, 3354284.0 ], [ 4400603.7, 3354244.5 ], [ 4400644.1, 3354220.5 ], [ 4400652.1, 3354202.1 ], [ 4400621.1, 3354116.6 ], [ 4400598.9, 3354008.4 ], [ 4400648.5, 3353999.7 ], [ 4400720.0, 3354034.5 ], [ 4400838.5, 3354010.3 ], [ 4400867.4, 3353947.1 ], [ 4400876.8, 3353858.7 ], [ 4400937.2, 3353590.1 ], [ 4400971.9, 3353580.3 ], [ 4401107.0, 3353619.9 ], [ 4401214.8, 3353701.4 ], [ 4401262.1, 3353680.1 ], [ 4401398.6, 3353588.8 ], [ 4401428.3, 3353589.7 ], [ 4401450.5, 3353626.6 ], [ 4401478.8, 3353626.2 ], [ 4401487.9, 3353615.2 ], [ 4401516.5, 3353508.6 ], [ 4401571.3, 3353453.1 ], [ 4401576.3, 3353413.0 ], [ 4401597.9, 3353402.3 ], [ 4401632.4, 3353415.9 ], [ 4401649.6, 3353411.6 ], [ 4401732.8, 3353322.7 ], [ 4401801.3, 3353223.6 ], [ 4401870.0, 3353164.2 ], [ 4401899.4, 3353124.5 ], [ 4401999.0, 3353094.2 ], [ 4402030.2, 3353047.3 ], [ 4402027.2, 3353033.1 ], [ 4402012.0, 3353018.8 ], [ 4402076.1, 3352901.4 ], [ 4402116.7, 3352921.8 ], [ 4402097.2, 3353022.8 ], [ 4402103.7, 3353065.0 ], [ 4402090.4, 3353168.4 ], [ 4402097.3, 3353183.8 ], [ 4402109.6, 3353189.6 ], [ 4402181.9, 3353198.6 ], [ 4402200.0, 3353187.8 ], [ 4402243.8, 3352973.4 ], [ 4402267.8, 3352980.4 ], [ 4402283.0, 3352972.1 ], [ 4402299.5, 3352894.8 ], [ 4402492.4, 3352785.1 ], [ 4402505.3, 3352798.4 ], [ 4402520.3, 3352798.6 ], [ 4402635.6, 3352758.3 ], [ 4402648.1, 3352737.8 ], [ 4402699.3, 3352728.7 ], [ 4402700.0, 3352756.2 ], [ 4402719.0, 3352767.0 ], [ 4402846.2, 3352743.6 ], [ 4402806.0, 3352951.5 ], [ 4402815.5, 3352966.7 ], [ 4402848.4, 3352981.7 ], [ 4402870.0, 3353030.4 ], [ 4402892.9, 3353039.3 ], [ 4402907.2, 3353036.2 ], [ 4402964.9, 3352890.8 ], [ 4402974.3, 3352714.9 ], [ 4402983.7, 3352696.4 ], [ 4402951.5, 3352630.4 ], [ 4402946.1, 3352592.4 ], [ 4402923.4, 3352574.9 ], [ 4402910.8, 3352535.6 ], [ 4402970.5, 3352474.3 ], [ 4403027.3, 3352232.8 ], [ 4403018.9, 3352130.5 ], [ 4403044.3, 3352092.5 ], [ 4403085.8, 3351894.5 ], [ 4403093.7, 3351817.1 ], [ 4403083.1, 3351803.5 ], [ 4403069.5, 3351800.9 ], [ 4402850.3, 3351830.5 ], [ 4402796.3, 3351852.1 ], [ 4402754.4, 3351839.1 ], [ 4402727.5, 3351851.1 ], [ 4402678.3, 3351843.9 ], [ 4402661.8, 3351848.4 ], [ 4402624.1, 3351880.4 ], [ 4402537.5, 3351923.7 ], [ 4402459.9, 3351900.4 ], [ 4402357.6, 3351901.4 ], [ 4402348.6, 3351916.2 ], [ 4402344.3, 3351987.5 ], [ 4402270.3, 3352367.6 ], [ 4402257.3, 3352396.8 ], [ 4402219.9, 3352403.6 ], [ 4402321.3, 3351935.4 ], [ 4402320.7, 3351887.6 ], [ 4402402.4, 3351523.8 ], [ 4402492.1, 3351548.2 ], [ 4402460.1, 3351690.5 ], [ 4402452.8, 3351795.8 ], [ 4402471.2, 3351816.7 ], [ 4402596.7, 3351794.7 ], [ 4402722.3, 3351787.9 ], [ 4402825.8, 3351760.4 ], [ 4403056.4, 3351726.1 ], [ 4403135.9, 3351694.6 ], [ 4403224.2, 3351676.8 ], [ 4403167.8, 3351942.3 ], [ 4403126.5, 3352203.8 ], [ 4403132.7, 3352222.8 ], [ 4403157.3, 3352233.3 ], [ 4403151.0, 3352263.8 ], [ 4403117.7, 3352275.9 ], [ 4403108.0, 3352287.1 ], [ 4403072.5, 3352464.7 ], [ 4403077.1, 3352482.6 ], [ 4403097.4, 3352490.8 ], [ 4403092.8, 3352544.9 ], [ 4403067.2, 3352559.0 ], [ 4403049.8, 3352582.9 ], [ 4402917.1, 3353257.2 ], [ 4402818.5, 3353608.1 ], [ 4402730.8, 3353625.9 ], [ 4402747.8, 3353555.2 ], [ 4402775.3, 3353550.1 ], [ 4402786.5, 3353537.0 ], [ 4402843.7, 3353353.4 ], [ 4402866.0, 3353253.8 ], [ 4402861.1, 3353234.5 ], [ 4402833.0, 3353220.6 ], [ 4402837.7, 3353186.8 ], [ 4402829.1, 3353172.3 ], [ 4402762.5, 3353138.4 ], [ 4402729.4, 3353150.6 ], [ 4402730.5, 3353175.2 ], [ 4402759.4, 3353191.2 ], [ 4402739.8, 3353301.7 ], [ 4402698.9, 3353315.0 ], [ 4402685.6, 3353328.7 ], [ 4402679.3, 3353370.1 ], [ 4402657.1, 3353377.8 ], [ 4402638.8, 3353398.3 ], [ 4402621.7, 3353464.6 ], [ 4402625.3, 3353559.2 ], [ 4402642.2, 3353570.6 ], [ 4402687.2, 3353568.5 ], [ 4402674.4, 3353637.5 ], [ 4402639.8, 3353643.2 ], [ 4402628.5, 3353655.8 ], [ 4402625.1, 3353762.3 ], [ 4402572.3, 3353882.0 ], [ 4402568.0, 3353945.3 ], [ 4402606.1, 3354000.4 ], [ 4402692.4, 3354012.8 ], [ 4402703.5, 3353999.2 ], [ 4402703.3, 3353941.7 ], [ 4402718.6, 3353892.9 ], [ 4402773.1, 3353855.8 ], [ 4402733.3, 3354051.7 ], [ 4402703.9, 3354107.9 ], [ 4402645.8, 3354122.0 ], [ 4402252.4, 3354356.2 ], [ 4402221.5, 3354366.5 ], [ 4402212.1, 3354384.7 ], [ 4402221.2, 3354439.3 ], [ 4402133.4, 3354455.8 ], [ 4402085.8, 3354496.1 ], [ 4402065.2, 3354524.3 ], [ 4401956.7, 3354534.6 ], [ 4401929.6, 3354501.4 ], [ 4401904.6, 3354402.2 ], [ 4401891.6, 3354389.9 ], [ 4401819.9, 3354399.2 ], [ 4401781.0, 3354418.3 ], [ 4401735.4, 3354470.4 ], [ 4401731.3, 3354502.9 ], [ 4401758.5, 3354553.0 ], [ 4401782.2, 3354689.6 ], [ 4401737.2, 3354689.8 ], [ 4401727.3, 3354700.3 ], [ 4401723.7, 3354726.4 ], [ 4401671.4, 3354742.9 ], [ 4401601.1, 3354791.1 ], [ 4401510.6, 3354825.1 ], [ 4401465.8, 3354875.4 ], [ 4401429.2, 3354932.7 ], [ 4401420.4, 3354982.5 ], [ 4401332.4, 3354986.7 ], [ 4401299.5, 3354999.1 ], [ 4401109.7, 3355034.8 ], [ 4401099.1, 3355047.2 ], [ 4401065.9, 3355145.2 ], [ 4400981.9, 3355112.9 ], [ 4400966.4, 3355075.5 ], [ 4400948.4, 3355067.3 ], [ 4400462.5, 3355159.7 ], [ 4400451.9, 3355174.2 ], [ 4400455.6, 3355191.8 ], [ 4400522.1, 3355212.7 ], [ 4400542.4, 3355243.0 ], [ 4400587.0, 3355383.6 ], [ 4400601.4, 3355401.0 ], [ 4400638.6, 3355407.9 ], [ 4400652.8, 3355442.7 ], [ 4400543.6, 3355458.0 ], [ 4400533.8, 3355419.9 ], [ 4400499.0, 3355391.7 ], [ 4400484.8, 3355389.3 ], [ 4400446.8, 3355401.9 ], [ 4400406.3, 3355190.2 ], [ 4400384.9, 3355173.6 ], [ 4399784.6, 3355285.5 ], [ 4399773.6, 3355304.2 ], [ 4399772.4, 3355375.3 ], [ 4399784.2, 3355446.0 ], [ 4399779.2, 3355472.0 ], [ 4399655.6, 3355453.0 ], [ 4399646.0, 3355402.6 ], [ 4399692.5, 3355394.2 ], [ 4399706.7, 3355377.5 ], [ 4399697.9, 3355318.9 ], [ 4399676.6, 3355304.0 ], [ 4399004.4, 3355431.6 ], [ 4398993.5, 3355450.2 ], [ 4399015.7, 3355619.2 ], [ 4399031.0, 3355652.4 ], [ 4399069.6, 3355843.8 ], [ 4398771.6, 3355916.4 ], [ 4398594.9, 3356063.3 ], [ 4398180.5, 3356363.7 ], [ 4397951.6, 3356548.5 ], [ 4397904.6, 3356580.8 ], [ 4397872.1, 3356592.7 ], [ 4397799.1, 3356647.3 ], [ 4397676.8, 3356503.8 ], [ 4397650.6, 3356502.0 ], [ 4397485.2, 3356654.5 ], [ 4397489.7, 3356675.9 ], [ 4397590.8, 3356789.3 ], [ 4397549.1, 3356816.0 ], [ 4397305.2, 3356541.0 ], [ 4397260.6, 3356522.3 ], [ 4397229.7, 3356430.2 ], [ 4397208.0, 3356392.6 ], [ 4397164.3, 3356350.1 ], [ 4397149.6, 3356350.6 ], [ 4397137.0, 3356363.4 ], [ 4397146.8, 3356408.3 ], [ 4397053.9, 3356427.1 ], [ 4397035.3, 3356353.5 ], [ 4397014.6, 3356340.3 ], [ 4396293.6, 3356496.9 ], [ 4396262.9, 3356493.2 ], [ 4396257.5, 3356477.2 ], [ 4396194.7, 3356412.5 ], [ 4396163.1, 3356401.8 ], [ 4396120.4, 3356402.0 ], [ 4396021.7, 3356412.8 ], [ 4395882.9, 3356476.5 ], [ 4395479.8, 3356574.9 ], [ 4395471.8, 3356589.5 ], [ 4395472.9, 3356626.9 ], [ 4395431.6, 3356637.7 ], [ 4395413.6, 3356652.3 ], [ 4395387.1, 3356658.5 ], [ 4395316.8, 3356694.9 ], [ 4395302.5, 3356707.3 ], [ 4395300.1, 3356721.6 ], [ 4395307.0, 3356734.3 ], [ 4395324.0, 3356739.9 ], [ 4395435.0, 3356710.0 ], [ 4395470.0, 3356775.1 ], [ 4395500.4, 3356779.5 ], [ 4395517.3, 3356847.6 ], [ 4395389.5, 3356908.9 ], [ 4395301.7, 3356986.3 ], [ 4395207.3, 3357054.1 ], [ 4395142.5, 3356797.5 ], [ 4395149.1, 3356763.1 ], [ 4395142.5, 3356724.4 ], [ 4395168.2, 3356637.7 ], [ 4395160.1, 3356625.9 ], [ 4395120.1, 3356604.8 ], [ 4395123.3, 3356548.1 ], [ 4395097.0, 3356532.6 ], [ 4395079.6, 3356544.0 ], [ 4395000.4, 3356681.5 ], [ 4394972.1, 3356704.2 ], [ 4394916.4, 3356676.2 ], [ 4394898.1, 3356678.6 ], [ 4394750.6, 3356819.4 ], [ 4394633.9, 3356776.8 ], [ 4394612.3, 3356780.6 ], [ 4394577.4, 3356837.7 ], [ 4394556.4, 3356858.1 ], [ 4394474.5, 3356903.4 ], [ 4394429.3, 3356952.6 ], [ 4394392.0, 3356980.2 ], [ 4394347.7, 3357035.9 ], [ 4394343.1, 3357049.4 ], [ 4394350.2, 3357065.5 ], [ 4394406.4, 3357092.6 ], [ 4394334.1, 3357186.0 ], [ 4394293.0, 3357163.4 ], [ 4394348.1, 3357086.3 ], [ 4394348.4, 3357067.8 ], [ 4394293.0, 3357038.2 ], [ 4394272.8, 3357042.0 ], [ 4394248.4, 3357092.0 ], [ 4394209.8, 3357261.0 ], [ 4394321.9, 3357354.8 ], [ 4394345.9, 3357355.6 ], [ 4394630.2, 3357025.8 ], [ 4394822.6, 3357096.4 ], [ 4394809.3, 3357133.0 ], [ 4394830.1, 3357155.2 ], [ 4394811.9, 3357235.6 ], [ 4394821.8, 3357249.5 ], [ 4394852.7, 3357262.5 ], [ 4394856.6, 3357312.0 ], [ 4394830.2, 3357331.8 ], [ 4394790.6, 3357302.4 ], [ 4394776.9, 3357300.1 ], [ 4394739.5, 3357332.1 ], [ 4394697.3, 3357297.9 ], [ 4394674.0, 3357298.5 ], [ 4394644.2, 3357284.2 ], [ 4394480.7, 3357441.8 ], [ 4394439.5, 3357410.4 ], [ 4394415.2, 3357412.8 ], [ 4394407.6, 3357425.2 ], [ 4394411.3, 3357442.7 ], [ 4394523.0, 3357551.7 ], [ 4394588.5, 3357591.5 ], [ 4394674.5, 3357613.7 ], [ 4395411.3, 3357640.1 ], [ 4395665.4, 3357617.4 ], [ 4396110.0, 3357547.7 ], [ 4396592.7, 3357516.0 ], [ 4396604.9, 3357504.3 ], [ 4396607.6, 3357485.6 ], [ 4396585.4, 3357236.4 ], [ 4396707.5, 3357240.2 ], [ 4396722.2, 3357226.0 ], [ 4396723.3, 3357200.2 ], [ 4396915.0, 3357179.9 ], [ 4397360.2, 3357151.2 ], [ 4397378.7, 3357362.0 ], [ 4397392.9, 3357377.3 ], [ 4397427.8, 3357382.5 ], [ 4397504.0, 3357360.2 ], [ 4397509.7, 3357339.5 ], [ 4397483.1, 3357296.7 ], [ 4397554.2, 3357254.9 ], [ 4397601.6, 3357304.7 ], [ 4397754.4, 3357282.9 ], [ 4397767.4, 3357265.8 ], [ 4397784.7, 3357144.1 ], [ 4397961.8, 3357116.4 ], [ 4397945.6, 3357218.6 ], [ 4397904.2, 3357221.1 ], [ 4397890.4, 3357268.0 ], [ 4397828.6, 3357276.9 ], [ 4397817.2, 3357302.2 ], [ 4397861.2, 3357400.4 ], [ 4397875.0, 3357412.4 ], [ 4397961.7, 3357408.1 ], [ 4397977.0, 3357394.9 ], [ 4397975.9, 3357373.8 ], [ 4398063.3, 3357353.4 ], [ 4398146.0, 3357687.4 ], [ 4398609.3, 3357740.5 ], [ 4398629.2, 3357726.0 ], [ 4398640.7, 3357662.7 ], [ 4399025.0, 3357660.8 ], [ 4399121.5, 3357601.1 ], [ 4399221.3, 3357569.3 ], [ 4399294.7, 3357624.6 ], [ 4399311.0, 3357618.4 ], [ 4399364.6, 3357559.1 ], [ 4399404.5, 3357589.8 ], [ 4399423.0, 3357590.7 ], [ 4399487.5, 3357534.8 ], [ 4399531.4, 3357505.2 ], [ 4399599.5, 3357475.1 ], [ 4399632.6, 3357444.4 ], [ 4399637.3, 3357418.6 ], [ 4399609.5, 3357389.1 ], [ 4399718.1, 3357280.9 ], [ 4399763.3, 3357314.7 ], [ 4399783.8, 3357314.7 ], [ 4399824.3, 3357272.5 ], [ 4399821.8, 3357249.1 ], [ 4399894.4, 3357177.5 ], [ 4399928.7, 3357187.3 ], [ 4399987.3, 3357230.6 ], [ 4400007.3, 3357231.1 ], [ 4400208.3, 3357042.1 ], [ 4400340.8, 3357204.0 ], [ 4400346.0, 3357216.7 ], [ 4400341.3, 3357320.3 ], [ 4400351.0, 3357338.6 ], [ 4400368.2, 3357341.8 ], [ 4400410.1, 3357328.2 ], [ 4400453.5, 3357361.7 ], [ 4400616.4, 3357340.7 ], [ 4400638.2, 3357523.2 ], [ 4400653.1, 3357541.5 ], [ 4400673.3, 3357538.1 ], [ 4400819.8, 3357426.4 ], [ 4400860.2, 3357354.9 ], [ 4400957.2, 3357352.7 ], [ 4400951.0, 3357486.7 ], [ 4400871.0, 3357514.7 ], [ 4400815.8, 3357543.8 ], [ 4400725.5, 3357619.2 ], [ 4400709.5, 3357653.1 ], [ 4400717.4, 3357687.9 ], [ 4400727.5, 3357698.3 ], [ 4400745.5, 3357699.0 ], [ 4400888.5, 3357641.1 ], [ 4400982.2, 3357619.8 ], [ 4401000.7, 3357633.3 ], [ 4401116.6, 3357625.0 ], [ 4401133.2, 3357606.1 ], [ 4401130.0, 3357551.6 ], [ 4401211.8, 3357523.5 ], [ 4401258.9, 3357515.6 ], [ 4401267.0, 3357701.6 ], [ 4401280.7, 3357712.0 ], [ 4401340.8, 3357720.3 ], [ 4401340.1, 3357749.4 ], [ 4401354.8, 3357764.6 ], [ 4401423.0, 3357763.5 ], [ 4401409.5, 3357773.5 ], [ 4401406.2, 3357790.7 ], [ 4401434.1, 3357815.2 ], [ 4401355.0, 3357957.6 ], [ 4401358.8, 3357974.6 ], [ 4401377.4, 3357983.7 ], [ 4401459.6, 3357967.6 ], [ 4401474.4, 3357956.9 ], [ 4401477.8, 3357873.1 ], [ 4401495.6, 3357868.1 ], [ 4401503.8, 3357853.1 ], [ 4401497.8, 3357749.5 ], [ 4401672.4, 3357694.4 ], [ 4401717.5, 3357882.2 ], [ 4401734.7, 3357895.3 ], [ 4401771.4, 3357889.0 ], [ 4401797.2, 3357992.1 ], [ 4401818.2, 3357998.3 ], [ 4401942.4, 3357968.6 ], [ 4401951.6, 3358033.2 ], [ 4401675.5, 3358101.4 ], [ 4401661.8, 3358111.7 ], [ 4401663.4, 3358163.9 ], [ 4401671.9, 3358178.8 ], [ 4401688.4, 3358183.2 ], [ 4401756.5, 3358162.2 ], [ 4401769.2, 3358212.0 ], [ 4401795.5, 3358221.3 ] ], [ [ 4402876.6, 3357151.2 ], [ 4403071.9, 3357135.6 ], [ 4403075.4, 3357214.1 ], [ 4402901.1, 3357188.8 ], [ 4402877.2, 3357172.8 ], [ 4402876.6, 3357151.2 ] ], [ [ 4400165.7, 3356469.9 ], [ 4400114.3, 3356413.6 ], [ 4400093.1, 3356417.5 ], [ 4400084.0, 3356438.7 ], [ 4399963.2, 3356309.5 ], [ 4399946.3, 3356313.0 ], [ 4399918.0, 3356346.6 ], [ 4399923.1, 3356363.8 ], [ 4399985.5, 3356439.5 ], [ 4399945.1, 3356459.2 ], [ 4399891.5, 3356417.2 ], [ 4399784.5, 3356460.7 ], [ 4399747.8, 3356413.4 ], [ 4399729.7, 3356368.6 ], [ 4399810.3, 3356276.5 ], [ 4399813.3, 3356259.8 ], [ 4399803.0, 3356244.9 ], [ 4399851.2, 3356177.7 ], [ 4399894.1, 3356222.4 ], [ 4399914.1, 3356223.1 ], [ 4399938.9, 3356201.4 ], [ 4400008.4, 3356253.8 ], [ 4400025.9, 3356257.8 ], [ 4400166.1, 3356135.6 ], [ 4400208.4, 3356166.1 ], [ 4400243.6, 3356142.2 ], [ 4400285.5, 3356179.8 ], [ 4400299.4, 3356183.3 ], [ 4400314.9, 3356174.6 ], [ 4400399.8, 3356062.7 ], [ 4400460.5, 3356101.6 ], [ 4400364.3, 3356276.2 ], [ 4400368.5, 3356293.5 ], [ 4400428.9, 3356350.2 ], [ 4400319.5, 3356552.0 ], [ 4400165.7, 3356469.9 ] ], [ [ 4401099.6, 3356313.9 ], [ 4401052.4, 3356045.7 ], [ 4401039.0, 3356014.8 ], [ 4401047.7, 3355993.0 ], [ 4400995.9, 3355719.4 ], [ 4401041.0, 3355711.6 ], [ 4401057.8, 3355841.3 ], [ 4401066.7, 3355853.2 ], [ 4401101.3, 3355868.6 ], [ 4401105.5, 3355887.4 ], [ 4401125.5, 3355902.8 ], [ 4401134.7, 3355923.4 ], [ 4401140.9, 3355982.1 ], [ 4401102.3, 3355991.1 ], [ 4401091.9, 3356006.1 ], [ 4401137.2, 3356293.8 ], [ 4401132.4, 3356304.9 ], [ 4401099.6, 3356313.9 ] ], [ [ 4399335.9, 3355609.5 ], [ 4399389.1, 3355549.3 ], [ 4399446.9, 3355619.9 ], [ 4399464.5, 3355620.1 ], [ 4399543.3, 3355586.9 ], [ 4399614.7, 3355616.7 ], [ 4399621.3, 3355631.4 ], [ 4399235.8, 3355701.1 ], [ 4399335.9, 3355609.5 ] ], [ [ 4400070.9, 3355491.8 ], [ 4399981.6, 3355466.7 ], [ 4399991.1, 3355434.0 ], [ 4400058.1, 3355440.7 ], [ 4400096.0, 3355399.9 ], [ 4400095.5, 3355383.2 ], [ 4400070.8, 3355332.9 ], [ 4400079.1, 3355324.3 ], [ 4400099.7, 3355322.8 ], [ 4400150.5, 3355333.8 ], [ 4400188.8, 3355294.7 ], [ 4400204.3, 3355349.2 ], [ 4400216.4, 3355357.6 ], [ 4400236.7, 3355357.3 ], [ 4400239.4, 3355400.2 ], [ 4400218.6, 3355412.7 ], [ 4400209.6, 3355439.5 ], [ 4400220.9, 3355456.9 ], [ 4400244.9, 3355457.9 ], [ 4400251.2, 3355512.0 ], [ 4400081.2, 3355543.5 ], [ 4400081.4, 3355509.1 ], [ 4400070.9, 3355491.8 ] ], [ [ 4403285.8, 3354994.5 ], [ 4403265.3, 3354959.5 ], [ 4403223.5, 3354773.5 ], [ 4403228.2, 3354762.6 ], [ 4403541.1, 3354484.4 ], [ 4403569.6, 3354446.8 ], [ 4403601.9, 3354454.3 ], [ 4403656.9, 3354441.0 ], [ 4403688.8, 3354541.8 ], [ 4403760.6, 3354583.7 ], [ 4403736.3, 3354623.8 ], [ 4403738.5, 3354644.6 ], [ 4403837.0, 3354718.6 ], [ 4403864.0, 3354712.9 ], [ 4403901.0, 3354646.9 ], [ 4404026.6, 3354701.7 ], [ 4404029.8, 3354733.4 ], [ 4404010.1, 3354740.4 ], [ 4403993.2, 3354777.0 ], [ 4403989.8, 3354835.7 ], [ 4403957.1, 3354867.1 ], [ 4403930.7, 3354908.7 ], [ 4403902.1, 3354919.2 ], [ 4403878.1, 3354938.5 ], [ 4403857.2, 3354978.2 ], [ 4403814.2, 3354969.5 ], [ 4403754.8, 3355021.4 ], [ 4403434.6, 3355044.5 ], [ 4403402.7, 3355041.3 ], [ 4403285.8, 3354994.5 ] ], [ [ 4403483.8, 3353744.2 ], [ 4403533.1, 3353517.7 ], [ 4403647.4, 3353566.0 ], [ 4403564.5, 3353758.6 ], [ 4403483.8, 3353744.2 ] ], [ [ 4403743.2, 3351702.6 ], [ 4403607.9, 3351645.9 ], [ 4403609.2, 3351608.5 ], [ 4403660.9, 3351586.5 ], [ 4403675.0, 3351527.7 ], [ 4403780.6, 3351532.5 ], [ 4403743.2, 3351702.6 ] ], [ [ 4398398.6, 3351439.5 ], [ 4398232.6, 3352306.1 ], [ 4398225.9, 3352313.3 ], [ 4398138.3, 3352273.2 ], [ 4398213.6, 3352108.1 ], [ 4398265.8, 3351851.6 ], [ 4398279.6, 3351850.0 ], [ 4398291.0, 3351837.2 ], [ 4398360.9, 3351430.7 ], [ 4398391.4, 3351427.9 ], [ 4398403.6, 3351416.1 ], [ 4398452.8, 3351219.9 ], [ 4398452.4, 3351184.0 ], [ 4398442.4, 3351152.4 ], [ 4398489.9, 3351140.2 ], [ 4398480.6, 3351302.8 ], [ 4398441.5, 3351406.0 ], [ 4398408.0, 3351425.6 ], [ 4398398.6, 3351439.5 ] ], [ [ 4400732.8, 3351362.9 ], [ 4400803.7, 3351370.4 ], [ 4400858.8, 3351360.6 ], [ 4400883.8, 3351338.6 ], [ 4401051.2, 3350465.5 ], [ 4401086.2, 3350461.3 ], [ 4400910.0, 3351350.4 ], [ 4400864.7, 3351383.4 ], [ 4400808.4, 3351396.9 ], [ 4400735.1, 3351383.6 ], [ 4400728.5, 3351372.2 ], [ 4400732.8, 3351362.9 ] ], [ [ 4402501.6, 3351034.3 ], [ 4402647.6, 3350288.2 ], [ 4402706.2, 3350282.8 ], [ 4402675.0, 3350461.2 ], [ 4402682.3, 3350477.6 ], [ 4402704.3, 3350483.8 ], [ 4402703.3, 3350511.6 ], [ 4402653.1, 3350761.0 ], [ 4402638.3, 3350792.4 ], [ 4402596.8, 3350824.2 ], [ 4402581.2, 3350913.2 ], [ 4402558.3, 3350979.8 ], [ 4402575.7, 3351040.6 ], [ 4402501.6, 3351034.3 ] ], [ [ 4401880.8, 3350882.9 ], [ 4402005.4, 3350232.6 ], [ 4402024.1, 3350235.5 ], [ 4402032.7, 3350242.9 ], [ 4402034.1, 3350259.3 ], [ 4402008.6, 3350435.7 ], [ 4401959.7, 3350666.8 ], [ 4401912.9, 3350877.8 ], [ 4401880.8, 3350882.9 ] ], [ [ 4399132.4, 3350218.5 ], [ 4399138.9, 3350237.8 ], [ 4399044.2, 3350222.9 ], [ 4399027.4, 3350227.2 ], [ 4399018.9, 3350242.3 ], [ 4399011.2, 3350312.4 ], [ 4398976.9, 3350336.5 ], [ 4398903.8, 3350246.4 ], [ 4398826.1, 3350243.7 ], [ 4398839.3, 3350209.7 ], [ 4398835.6, 3350192.2 ], [ 4398780.6, 3350145.4 ], [ 4398715.7, 3350114.8 ], [ 4398682.3, 3350047.6 ], [ 4398626.1, 3350008.4 ], [ 4398633.6, 3349984.8 ], [ 4398629.6, 3349968.2 ], [ 4398671.7, 3349899.5 ], [ 4398662.0, 3349852.3 ], [ 4398676.3, 3349845.3 ], [ 4398682.6, 3349831.8 ], [ 4398669.7, 3349674.6 ], [ 4398728.1, 3349596.6 ], [ 4398719.5, 3349557.9 ], [ 4398693.6, 3349548.8 ], [ 4398713.3, 3349472.4 ], [ 4398762.9, 3349460.8 ], [ 4398775.9, 3349489.3 ], [ 4398843.7, 3349510.4 ], [ 4398848.1, 3349601.8 ], [ 4398890.8, 3349646.6 ], [ 4398914.8, 3349639.0 ], [ 4398958.5, 3349550.3 ], [ 4399002.7, 3349553.3 ], [ 4399045.9, 3349574.3 ], [ 4399043.0, 3349591.3 ], [ 4399050.0, 3349603.3 ], [ 4399090.6, 3349615.6 ], [ 4399114.7, 3349638.9 ], [ 4399208.6, 3349605.5 ], [ 4399264.6, 3349555.5 ], [ 4399310.2, 3349614.5 ], [ 4399216.7, 3349678.8 ], [ 4399207.8, 3349702.2 ], [ 4399182.7, 3349718.3 ], [ 4399182.5, 3349735.7 ], [ 4399217.4, 3349819.1 ], [ 4399163.9, 3349838.9 ], [ 4399152.6, 3349825.8 ], [ 4399135.2, 3349824.9 ], [ 4399123.4, 3349834.2 ], [ 4399121.0, 3349851.8 ], [ 4399223.5, 3349949.5 ], [ 4399396.6, 3350045.0 ], [ 4399352.2, 3350059.2 ], [ 4399249.3, 3350156.8 ], [ 4399208.9, 3350156.4 ], [ 4399192.4, 3350177.8 ], [ 4399141.0, 3350193.3 ], [ 4399132.4, 3350218.5 ] ], [ [ 4400466.8, 3349879.1 ], [ 4400461.2, 3349821.5 ], [ 4400444.0, 3349805.4 ], [ 4400249.3, 3349830.6 ], [ 4400216.6, 3349700.8 ], [ 4400197.3, 3349644.5 ], [ 4400187.3, 3349634.8 ], [ 4400139.1, 3349641.1 ], [ 4400118.4, 3349609.2 ], [ 4400101.3, 3349602.0 ], [ 4400015.5, 3349652.9 ], [ 4399989.5, 3349647.7 ], [ 4399974.6, 3349622.3 ], [ 4400008.6, 3349602.0 ], [ 4400016.5, 3349586.9 ], [ 4399995.3, 3349544.1 ], [ 4400032.7, 3349520.6 ], [ 4400040.3, 3349505.5 ], [ 4400007.5, 3349445.6 ], [ 4400099.4, 3349390.3 ], [ 4400107.0, 3349373.6 ], [ 4400094.3, 3349335.5 ], [ 4400051.2, 3349295.6 ], [ 4399993.4, 3349200.1 ], [ 4399952.1, 3349174.9 ], [ 4400084.3, 3349115.0 ], [ 4400121.6, 3349107.5 ], [ 4400133.1, 3349117.0 ], [ 4400150.0, 3349116.2 ], [ 4400196.0, 3349093.1 ], [ 4400202.4, 3349080.0 ], [ 4400198.1, 3349062.2 ], [ 4400267.9, 3349034.2 ], [ 4400292.1, 3349041.3 ], [ 4400303.9, 3349032.0 ], [ 4400307.0, 3349017.3 ], [ 4400437.3, 3348972.3 ], [ 4400478.5, 3348978.5 ], [ 4400501.3, 3349000.7 ], [ 4400537.3, 3349014.6 ], [ 4400551.5, 3349012.8 ], [ 4400593.8, 3348935.9 ], [ 4400626.4, 3348952.4 ], [ 4400644.8, 3348950.0 ], [ 4400716.8, 3348831.3 ], [ 4400740.3, 3348825.7 ], [ 4400757.9, 3348842.4 ], [ 4400673.8, 3349022.1 ], [ 4400674.4, 3349040.7 ], [ 4400692.9, 3349052.7 ], [ 4400754.2, 3349045.6 ], [ 4400784.8, 3349062.9 ], [ 4400858.3, 3349134.0 ], [ 4400899.0, 3349248.1 ], [ 4400943.1, 3349341.2 ], [ 4400897.2, 3349359.1 ], [ 4400895.2, 3349411.6 ], [ 4400912.2, 3349423.2 ], [ 4400954.3, 3349421.6 ], [ 4400972.0, 3349439.4 ], [ 4401004.8, 3349440.0 ], [ 4401010.0, 3349543.0 ], [ 4400866.7, 3349563.9 ], [ 4400857.8, 3349579.8 ], [ 4400866.3, 3349681.1 ], [ 4400827.4, 3349687.5 ], [ 4400818.5, 3349710.8 ], [ 4400829.8, 3349725.2 ], [ 4400863.4, 3349731.0 ], [ 4400879.2, 3349744.1 ], [ 4400961.3, 3349748.1 ], [ 4400971.6, 3349790.7 ], [ 4400801.0, 3349782.3 ], [ 4400727.3, 3349791.7 ], [ 4400572.5, 3349790.5 ], [ 4400554.3, 3349806.5 ], [ 4400546.7, 3349880.0 ], [ 4400466.8, 3349879.1 ] ], [ [ 4402124.9, 3349063.3 ], [ 4402168.0, 3348979.8 ], [ 4402171.6, 3348932.4 ], [ 4402160.7, 3348918.5 ], [ 4402082.2, 3348885.7 ], [ 4402064.0, 3348890.8 ], [ 4402056.5, 3348909.8 ], [ 4402060.2, 3348937.5 ], [ 4402087.6, 3348989.3 ], [ 4402055.1, 3349009.5 ], [ 4402018.9, 3348913.5 ], [ 4401997.8, 3348901.6 ], [ 4401961.7, 3348922.5 ], [ 4401891.3, 3349024.8 ], [ 4401872.1, 3349001.7 ], [ 4401855.0, 3348996.5 ], [ 4401842.1, 3349002.9 ], [ 4401813.7, 3349042.8 ], [ 4401788.6, 3349030.8 ], [ 4401895.7, 3348852.8 ], [ 4401873.1, 3348770.3 ], [ 4402054.8, 3348660.9 ], [ 4402243.4, 3348735.6 ], [ 4402291.3, 3348716.1 ], [ 4402273.0, 3348742.5 ], [ 4402271.9, 3348759.4 ], [ 4402355.1, 3348870.1 ], [ 4402330.4, 3348904.5 ], [ 4402299.1, 3348892.3 ], [ 4402284.4, 3348894.3 ], [ 4402250.7, 3348941.2 ], [ 4402233.0, 3348939.7 ], [ 4402220.0, 3348951.7 ], [ 4402233.7, 3349024.4 ], [ 4402218.1, 3349047.8 ], [ 4402227.2, 3349065.4 ], [ 4402251.9, 3349076.6 ], [ 4402242.6, 3349117.7 ], [ 4402229.1, 3349124.2 ], [ 4402146.9, 3349120.0 ], [ 4402128.1, 3349110.4 ], [ 4402120.3, 3349091.1 ], [ 4402124.9, 3349063.3 ] ], [ [ 4398849.3, 3348723.8 ], [ 4398853.4, 3348756.7 ], [ 4398833.5, 3348766.3 ], [ 4398829.6, 3348790.7 ], [ 4398816.6, 3348807.1 ], [ 4398825.9, 3348829.2 ], [ 4398813.3, 3348977.8 ], [ 4398737.6, 3348974.1 ], [ 4398719.0, 3348983.9 ], [ 4398701.3, 3349176.5 ], [ 4398572.5, 3349109.9 ], [ 4398590.3, 3349002.3 ], [ 4398553.2, 3348952.2 ], [ 4398728.0, 3348648.9 ], [ 4398756.9, 3348648.6 ], [ 4398774.5, 3348633.5 ], [ 4398840.2, 3348653.7 ], [ 4398825.0, 3348677.8 ], [ 4398823.1, 3348704.6 ], [ 4398831.4, 3348719.5 ], [ 4398849.3, 3348723.8 ] ], [ [ 4399589.3, 3349574.1 ], [ 4399546.5, 3349601.2 ], [ 4399458.3, 3349480.5 ], [ 4399438.6, 3349477.4 ], [ 4399399.4, 3349496.8 ], [ 4399374.8, 3349454.4 ], [ 4399443.2, 3349412.0 ], [ 4399488.1, 3349373.7 ], [ 4399558.9, 3349448.5 ], [ 4399537.9, 3349467.6 ], [ 4399535.4, 3349484.8 ], [ 4399589.3, 3349574.1 ] ], [ [ 4399605.2, 3349627.2 ], [ 4399684.7, 3349679.5 ], [ 4399679.2, 3349696.5 ], [ 4399653.2, 3349692.8 ], [ 4399608.3, 3349657.3 ], [ 4399588.0, 3349630.5 ], [ 4399605.2, 3349627.2 ] ], [ [ 4397740.3, 3350232.1 ], [ 4397760.8, 3350294.7 ], [ 4397751.3, 3350395.6 ], [ 4397640.0, 3350797.8 ], [ 4397610.5, 3350871.2 ], [ 4397584.7, 3350993.3 ], [ 4397541.1, 3351088.2 ], [ 4397516.4, 3351229.3 ], [ 4397491.7, 3351289.7 ], [ 4397378.3, 3351709.5 ], [ 4397351.8, 3351770.6 ], [ 4397292.3, 3351851.2 ], [ 4397290.5, 3351865.9 ], [ 4397298.4, 3351878.4 ], [ 4397209.2, 3351966.0 ], [ 4396980.8, 3352094.4 ], [ 4396944.1, 3351977.5 ], [ 4396987.6, 3351943.5 ], [ 4396992.5, 3351922.4 ], [ 4396894.9, 3351850.4 ], [ 4396861.2, 3351771.3 ], [ 4396979.0, 3351848.4 ], [ 4397076.7, 3351898.9 ], [ 4397107.0, 3351909.5 ], [ 4397165.3, 3351913.8 ], [ 4397187.7, 3351904.3 ], [ 4397248.7, 3351842.1 ], [ 4397327.0, 3351735.0 ], [ 4397355.7, 3351677.9 ], [ 4397579.2, 3350869.6 ], [ 4397640.3, 3350704.2 ], [ 4397657.3, 3350576.8 ], [ 4397719.2, 3350390.7 ], [ 4397732.3, 3350292.2 ], [ 4397728.4, 3350264.6 ], [ 4397715.1, 3350232.1 ], [ 4397680.1, 3350207.0 ], [ 4397714.1, 3350201.2 ], [ 4397740.3, 3350232.1 ] ], [ [ 4397115.1, 3351600.3 ], [ 4396856.3, 3351677.4 ], [ 4396904.9, 3351646.2 ], [ 4397146.5, 3351524.5 ], [ 4397227.0, 3351414.7 ], [ 4397256.7, 3351350.6 ], [ 4397337.5, 3350726.9 ], [ 4397304.1, 3350546.8 ], [ 4397234.4, 3350317.4 ], [ 4397247.3, 3350276.9 ], [ 4397309.9, 3350224.8 ], [ 4397289.6, 3350254.2 ], [ 4397276.6, 3350304.5 ], [ 4397334.8, 3350508.0 ], [ 4397416.6, 3350629.8 ], [ 4397419.1, 3350643.5 ], [ 4397383.9, 3350769.4 ], [ 4397392.5, 3350918.2 ], [ 4397341.4, 3351234.0 ], [ 4397295.7, 3351318.3 ], [ 4397268.8, 3351394.9 ], [ 4397221.8, 3351474.9 ], [ 4397189.4, 3351495.2 ], [ 4397138.4, 3351584.8 ], [ 4397115.1, 3351600.3 ] ], [ [ 4397039.1, 3350861.1 ], [ 4396987.9, 3350892.3 ], [ 4396943.4, 3350805.9 ], [ 4396924.5, 3350735.5 ], [ 4396907.7, 3350722.8 ], [ 4396782.9, 3350720.0 ], [ 4396647.9, 3350736.5 ], [ 4396492.9, 3350778.8 ], [ 4396351.7, 3350765.4 ], [ 4396299.3, 3350784.6 ], [ 4396290.0, 3350799.0 ], [ 4396289.3, 3350831.6 ], [ 4396268.8, 3350842.3 ], [ 4396246.4, 3350879.0 ], [ 4396245.4, 3350900.5 ], [ 4396261.2, 3350914.5 ], [ 4396469.2, 3350818.3 ], [ 4396575.2, 3350825.2 ], [ 4396568.5, 3350901.4 ], [ 4396540.3, 3350894.0 ], [ 4396524.3, 3350900.0 ], [ 4396510.3, 3350953.5 ], [ 4396460.6, 3350972.3 ], [ 4396442.0, 3351007.7 ], [ 4396424.3, 3351015.1 ], [ 4396411.6, 3351038.0 ], [ 4396418.8, 3351126.2 ], [ 4396426.2, 3351139.0 ], [ 4396443.8, 3351144.0 ], [ 4396495.4, 3351126.7 ], [ 4396517.4, 3351104.9 ], [ 4396524.7, 3351105.7 ], [ 4396532.1, 3351129.3 ], [ 4396524.9, 3351224.7 ], [ 4396470.2, 3351233.6 ], [ 4396450.9, 3351229.1 ], [ 4396395.4, 3351180.0 ], [ 4396263.7, 3351117.2 ], [ 4396164.9, 3351087.8 ], [ 4396136.4, 3351062.1 ], [ 4396112.9, 3350701.4 ], [ 4396119.5, 3350619.9 ], [ 4396187.0, 3350561.6 ], [ 4396198.9, 3350517.7 ], [ 4396226.9, 3350496.8 ], [ 4396677.2, 3350358.2 ], [ 4397097.5, 3350270.6 ], [ 4397134.4, 3350410.1 ], [ 4397140.1, 3350484.4 ], [ 4397118.8, 3350579.4 ], [ 4397067.2, 3350687.8 ], [ 4397038.1, 3350792.0 ], [ 4397039.1, 3350861.1 ] ], [ [ 4396080.1, 3351227.6 ], [ 4396261.5, 3351380.9 ], [ 4396645.3, 3351734.6 ], [ 4396697.4, 3351824.7 ], [ 4396675.8, 3351827.7 ], [ 4396305.1, 3351471.6 ], [ 4395481.5, 3350751.1 ], [ 4395433.2, 3350730.4 ], [ 4395418.4, 3350744.5 ], [ 4395337.6, 3350973.2 ], [ 4395172.8, 3351331.5 ], [ 4395289.0, 3351475.7 ], [ 4395311.9, 3351519.7 ], [ 4395439.4, 3351671.7 ], [ 4395375.1, 3351748.1 ], [ 4395303.8, 3351711.5 ], [ 4395123.9, 3351502.2 ], [ 4395108.4, 3351494.4 ], [ 4395094.9, 3351498.1 ], [ 4394940.7, 3351694.9 ], [ 4394660.8, 3352116.5 ], [ 4394593.3, 3352276.5 ], [ 4394568.8, 3352297.0 ], [ 4394552.8, 3352281.9 ], [ 4394606.8, 3352110.2 ], [ 4394777.2, 3351881.4 ], [ 4394773.9, 3351861.2 ], [ 4394735.4, 3351829.3 ], [ 4394745.0, 3351806.4 ], [ 4394786.5, 3351841.2 ], [ 4394801.3, 3351842.8 ], [ 4394813.8, 3351834.6 ], [ 4395102.6, 3351395.9 ], [ 4395129.5, 3351287.4 ], [ 4395280.1, 3350977.7 ], [ 4395359.8, 3350786.8 ], [ 4395397.0, 3350598.0 ], [ 4396080.1, 3351227.6 ] ], [ [ 4395503.0, 3352112.1 ], [ 4395594.7, 3351990.7 ], [ 4395635.1, 3352032.3 ], [ 4395649.5, 3352036.5 ], [ 4395663.3, 3352030.5 ], [ 4395703.3, 3351976.2 ], [ 4395786.7, 3352065.5 ], [ 4395399.3, 3352600.1 ], [ 4395296.6, 3352528.8 ], [ 4395558.2, 3352181.7 ], [ 4395555.3, 3352158.2 ], [ 4395503.0, 3352112.1 ] ], [ [ 4397347.5, 3352640.0 ], [ 4397452.8, 3352120.6 ], [ 4397504.0, 3352100.3 ], [ 4397557.3, 3352120.3 ], [ 4397539.4, 3352293.0 ], [ 4397514.8, 3352283.4 ], [ 4397496.5, 3352294.2 ], [ 4397472.3, 3352407.8 ], [ 4397482.6, 3352427.1 ], [ 4397524.5, 3352444.6 ], [ 4397470.0, 3352586.6 ], [ 4397430.7, 3352579.5 ], [ 4397414.4, 3352602.1 ], [ 4397426.2, 3352620.2 ], [ 4397514.1, 3352649.1 ], [ 4397498.4, 3352719.4 ], [ 4397347.5, 3352640.0 ] ], [ [ 4399397.7, 3352656.1 ], [ 4399548.2, 3352611.4 ], [ 4399546.5, 3352800.5 ], [ 4399558.9, 3352820.2 ], [ 4399589.1, 3352817.5 ], [ 4399601.5, 3352791.7 ], [ 4399625.8, 3352794.6 ], [ 4399641.5, 3352822.9 ], [ 4399676.6, 3352822.6 ], [ 4399738.2, 3352788.6 ], [ 4399749.1, 3352766.3 ], [ 4399728.6, 3352747.5 ], [ 4399709.9, 3352559.5 ], [ 4399975.2, 3352448.8 ], [ 4399980.9, 3352424.4 ], [ 4399927.8, 3352336.6 ], [ 4399954.3, 3352323.7 ], [ 4400050.0, 3352465.1 ], [ 4400067.8, 3352469.1 ], [ 4400105.7, 3352454.7 ], [ 4400160.9, 3352525.7 ], [ 4400205.6, 3352640.4 ], [ 4400292.1, 3352639.5 ], [ 4400304.5, 3352631.5 ], [ 4400308.6, 3352613.6 ], [ 4400346.3, 3352612.3 ], [ 4400349.4, 3352694.9 ], [ 4400364.7, 3352740.3 ], [ 4400234.0, 3352764.9 ], [ 4400227.7, 3352723.9 ], [ 4400203.6, 3352710.4 ], [ 4400186.0, 3352711.4 ], [ 4400137.2, 3352778.3 ], [ 4400133.7, 3352837.5 ], [ 4400124.8, 3352852.9 ], [ 4400105.5, 3352856.0 ], [ 4400084.7, 3352880.5 ], [ 4400039.7, 3352894.1 ], [ 4400028.2, 3352907.4 ], [ 4399866.7, 3352930.1 ], [ 4399857.6, 3352944.8 ], [ 4399857.9, 3352990.2 ], [ 4399841.1, 3353020.6 ], [ 4399826.1, 3353031.1 ], [ 4399750.3, 3353009.9 ], [ 4399685.1, 3353006.3 ], [ 4399641.0, 3353020.5 ], [ 4399607.5, 3353052.5 ], [ 4399566.6, 3353064.6 ], [ 4399552.4, 3353059.7 ], [ 4399527.6, 3353017.6 ], [ 4399495.3, 3353004.3 ], [ 4399462.3, 3353022.0 ], [ 4399453.0, 3353081.5 ], [ 4399444.7, 3353084.5 ], [ 4399409.3, 3353068.9 ], [ 4399377.9, 3353096.7 ], [ 4399355.2, 3353093.6 ], [ 4399279.6, 3353044.9 ], [ 4399195.5, 3353049.9 ], [ 4399184.2, 3353040.6 ], [ 4399175.4, 3353008.6 ], [ 4399176.9, 3352992.0 ], [ 4399193.7, 3352977.9 ], [ 4399192.1, 3352959.5 ], [ 4399159.0, 3352938.1 ], [ 4399118.9, 3352927.9 ], [ 4399170.3, 3352753.9 ], [ 4399338.2, 3352753.2 ], [ 4399370.0, 3352727.3 ], [ 4399397.7, 3352656.1 ] ], [ [ 4398287.7, 3352941.3 ], [ 4398194.4, 3353440.7 ], [ 4398145.4, 3353445.3 ], [ 4398257.4, 3352943.7 ], [ 4398287.7, 3352941.3 ] ], [ [ 4398834.0, 3353366.9 ], [ 4398880.8, 3353361.0 ], [ 4398872.0, 3353375.5 ], [ 4398816.9, 3353693.2 ], [ 4398814.6, 3353743.0 ], [ 4398799.0, 3353788.9 ], [ 4398812.3, 3353809.4 ], [ 4398850.4, 3353814.9 ], [ 4398852.3, 3353830.4 ], [ 4398748.7, 3353848.1 ], [ 4398840.2, 3353387.2 ], [ 4398834.0, 3353366.9 ] ], [ [ 4396879.1, 3353465.2 ], [ 4396968.2, 3353478.0 ], [ 4397000.3, 3353466.7 ], [ 4396991.2, 3353506.1 ], [ 4397033.1, 3353656.6 ], [ 4397016.2, 3353730.8 ], [ 4397034.7, 3353802.6 ], [ 4397013.1, 3353851.8 ], [ 4396984.7, 3353875.3 ], [ 4396768.8, 3353970.4 ], [ 4396664.2, 3353705.8 ], [ 4396760.0, 3353667.2 ], [ 4396770.2, 3353652.2 ], [ 4396716.7, 3353492.1 ], [ 4396853.2, 3353446.2 ], [ 4396879.1, 3353465.2 ] ], [ [ 4396937.1, 3352118.0 ], [ 4396220.7, 3352498.3 ], [ 4396201.9, 3352493.4 ], [ 4396178.6, 3352458.7 ], [ 4396162.7, 3352450.9 ], [ 4396155.7, 3352410.5 ], [ 4396118.3, 3352374.6 ], [ 4396015.5, 3352365.3 ], [ 4395986.0, 3352375.3 ], [ 4395923.4, 3352346.3 ], [ 4395891.4, 3352188.0 ], [ 4396030.1, 3352344.5 ], [ 4396120.8, 3352355.7 ], [ 4396188.2, 3352413.7 ], [ 4396244.8, 3352401.1 ], [ 4396296.5, 3352413.3 ], [ 4396394.7, 3352355.9 ], [ 4396930.1, 3352086.1 ], [ 4396937.1, 3352118.0 ] ], [ [ 4396709.5, 3351115.3 ], [ 4396767.8, 3350936.0 ], [ 4396821.3, 3350931.2 ], [ 4396879.1, 3350896.1 ], [ 4396941.5, 3351059.2 ], [ 4396927.5, 3351097.7 ], [ 4396893.7, 3351103.1 ], [ 4396804.1, 3351076.8 ], [ 4396743.7, 3351111.3 ], [ 4396709.5, 3351115.3 ] ], [ [ 4400094.8, 3350986.7 ], [ 4400058.7, 3350972.3 ], [ 4399999.1, 3350975.6 ], [ 4399970.6, 3350881.7 ], [ 4400036.9, 3350845.8 ], [ 4400090.8, 3350855.7 ], [ 4400133.1, 3350986.6 ], [ 4400094.8, 3350986.7 ] ], [ [ 4398753.0, 3350784.7 ], [ 4398753.9, 3350601.7 ], [ 4398956.3, 3350604.8 ], [ 4398966.3, 3350787.3 ], [ 4398753.0, 3350784.7 ] ], [ [ 4399317.3, 3350611.3 ], [ 4399350.4, 3350573.8 ], [ 4399360.7, 3350532.0 ], [ 4399468.5, 3350625.9 ], [ 4399377.3, 3350683.7 ], [ 4399317.3, 3350611.3 ] ], [ [ 4401154.1, 3352059.8 ], [ 4401558.3, 3351986.8 ], [ 4401558.3, 3352031.4 ], [ 4401445.2, 3352056.1 ], [ 4401432.9, 3352068.1 ], [ 4401430.2, 3352087.9 ], [ 4401383.5, 3352101.2 ], [ 4401379.1, 3352122.2 ], [ 4401395.1, 3352145.8 ], [ 4401212.4, 3352144.8 ], [ 4401140.8, 3352131.4 ], [ 4401154.1, 3352059.8 ] ], [ [ 4394729.8, 3353310.5 ], [ 4394657.1, 3353367.8 ], [ 4394664.5, 3353307.4 ], [ 4394699.0, 3353268.8 ], [ 4394729.8, 3353310.5 ] ] ] } }
]
}
