{"type":"Topology","objects":{"data":{"type":"GeometryCollection","geometries":[{"type":"MultiPolygon","arcs":[[[0,1,2,3,4,5,6,7,8,9,10,11,12,13,14,15,16,17,18,19,20,21,22,23,24,25,26,27,28,29,30,31,32,33,34,35,36,37,38,39,40,41,42,43,44,45,46,47,48,49],[50]],[[51]],[[52]],[[53]],[[54]],[[55,56]],[[57]],[[58,59]],[[60,61]],[[62,63]],[[64]],[[65]],[[66,67]],[[68]],[[69]],[[70,71]],[[72,73,74,75,76,77]],[[78,79,80,81]]],"properties":{"GEN":"Schleswig-Holstein","AGS":"01","NUTS":"DEF"}},{"type":"MultiPolygon","arcs":[[[-5,82,-3,83,84,85,86,87,88,-9,89,-7,90],[91]],[[-51]],[[92]],[[93]]],"properties":{"GEN":"Hamburg","AGS":"02","NUTS":"DE6"}},{"type":"MultiPolygon","arcs":[[[94,95,96,97,98,99,100,101,102,103,104,105,106,107,108,109,110,111,112,113,114,115,116,117,118,119,120,121,122,123,124,125,126,127,128,129,130,131,132,133,134,135,136,137,138,139,140,141,142,143,144,145,146,147,-88,148,149,-85,150,-1,151,152,153,154,155,156,157,158,159,160,161,162,163,164,165,166,167,168,169,170,171,172,173,174,175,176,177,178,179,180,181,182,183,184,185,186,187,188,189,190,191,192,193,194,195,196],[197,198],[199,200,201],[202,203,204,205,206,207,208,209,210,211]],[[212]],[[213]],[[214,215]],[[216]],[[217]],[[218,219,220,221,222,223]],[[224]],[[225,226]],[[227]],[[228]],[[229]]],"properties":{"GEN":"Niedersachsen","AGS":"03","NUTS":"DE9"}},{"type":"MultiPolygon","arcs":[[[-209,230,-207,231,-205,232,-203,233,-211,234]],[[-198,235]],[[-201,236,237]],[[-162,238,239,-166,240,-164,241]]],"properties":{"GEN":"Bremen","AGS":"04","NUTS":"DE5"}},{"type":"MultiPolygon","arcs":[[[242,243,244,245,246,247,248,249,250,251,252,253,254,255,256,257,258,259,260,261,262,263,264,265,266,267,268,269,270,271,272,273,274,275,-101,276,-99,277,-97,278,279,-197,280,281,-194,282,-192,283,-190,284,-188,285,286]],[[287]],[[288]],[[289]],[[290]],[[291]]],"properties":{"GEN":"Nordrhein-Westfalen","AGS":"05","NUTS":"DEA"}},{"type":"Polygon","arcs":[[292,293,294,295,296,297,298,299,300,301,302,303,304,305,306,307,308,309,310,311,312,313,314,315,316,317,318,319,320,321,322,323,324,325,326,327,328,329,330,331,332,333,334,335,336,337,338,339,340,341,342,343,344,345,346,347,348,349,350,351,352,353,354,355,356,357,358,359,360,361,362,-116,363,-114,364,365,-111,366,-109,367,-107,368,-105,369,370,371,-275,372,-273,373,-271,374,-269,375,-267,376,-265,377,378,379,-261,380,-259,381,-257,382,383,384,385,386,387,388,389,390,391,392,393],[394,395],[396,397],[398]],"properties":{"GEN":"Hessen","AGS":"06","NUTS":"DE7"}},{"type":"Polygon","arcs":[[399,400,401,402,403,404,405,406,407,408,409,410,411,412,413,-303,414,-301,415,-299,416,-297,417,-295,418,-293,419,-393,420,-391,421,-389,422,423,-386,424,-384,425,-255,426,-253,427,-251,428,-249,429,-247,430,-245,431,-243,432,433,434,435,436,437,438,439,440,441,442,443,444,445,446,447,448,449,450,451,452,453,454,455,456,457,458,459,460,461,462,463,464,465,466,467,468,469,470,471,472,473,474,475,476,477,478]],"properties":{"GEN":"Rheinland-Pfalz","AGS":"07","NUTS":"DEB"}},{"type":"MultiPolygon","arcs":[[[479,480,481,482,483,484,485,486,487,488,489,490,491,492,493,494,495,496,497,498,499,500,501,502,503,504,505,506,507,508,509,510,511,512,513,514,515,516,517,518,519,520,521,522,523,524,525,526,527,528,529,530,531,532,533,534,-325,535,536,-322,537,-320,538,-318,539,-316,540,541,-313,542,-311,543,544,-308,545,546,-411,547,548,-408,549,550,-405,551]],[[552]],[[394,553]],[[-397,554]],[[555]],[[556]],[[557]],[[558,559]],[[560]]],"properties":{"GEN":"Baden-Württemberg","AGS":"08","NUTS":"DE1"}},{"type":"MultiPolygon","arcs":[[[561,562,563,564,565,566,567,568,569,570,571,572,573,574,575,576,577,578,579,580,581,582,583,584,585,586,587,588,589,-340,590,-338,591,-336,592,-334,593,-332,594,-330,595,-531,596,597,-528,598,-526,599,-524,600,601,-521,602,-519,603,-517,604,-515,605,-513,606,-511,607,-509,608,-507,609,-505,610,611,-502,612,-500,613,-498,614,-496,615,-494,616,-492,617,618,619,620],[621]],[[622,623]],[[624]]],"properties":{"GEN":"Bayern","AGS":"09","NUTS":"DE2"}},{"type":"Polygon","arcs":[[-403,625,-401,626,-479,627,-477,628,-475,629]],"properties":{"GEN":"Saarland","AGS":"10","NUTS":"DEC"}},{"type":"MultiPolygon","arcs":[[[630,631,632,633,634,635,636,637,638,639,640,641,642,643,644,645,646,647],[648]],[[649,650]],[[651,652]],[[653]]],"properties":{"GEN":"Berlin","AGS":"11","NUTS":"DE3"}},{"type":"MultiPolygon","arcs":[[[654,655,656,657,658,659,660,661,662,663,664,665,666,667,668,669,670,671,672,673,674,675,676,677,678,679,-141,680,681,682,683,684,685,686,687,688,689,690,691,692,693,694,695,696,697,698,699,700,701,702],[703,649],[-652,704],[-654],[705,706],[707],[708,709,710,-633,711,-631,712,-647,713,-645,714,-643,715,-641,716,-639,717,-637]],[[-649]],[[718,719]],[[720,721]],[[722]],[[723]],[[724]],[[725,726]]],"properties":{"GEN":"Brandenburg","AGS":"12","NUTS":"DE4"}},{"type":"MultiPolygon","arcs":[[[727,728,729,730,731,732,733,734,735,736,737,738,739,740,741,742,743,744,745,746,747,748,749,750,751,752,753,754,755,756,757,758,759,760,-13,761,-11,762,-147,763,-145,764,-143,765,766,-679,767,-677,768,-675,769,-673,770,-671,771,772,773,774,775,776,777,778,779,780,781,782,783,784,785,786]],[[787]],[[788]],[[789]],[[790]],[[791]],[[792]],[[793]],[[794]],[[795]],[[796]],[[797]],[[798]],[[799]],[[800]],[[801]],[[802]],[[803]],[[804]],[[805]],[[806]],[[807]],[[808]],[[809,810]],[[811]],[[812]],[[813]],[[814]],[[815]],[[816]],[[817]],[[818]],[[819]],[[820]],[[821]],[[822]],[[823]],[[824]],[[825]],[[826]],[[827]],[[828]],[[829]],[[830]],[[831]],[[832]],[[833]],[[834]],[[835,836]],[[837]],[[838,839]],[[840]],[[841,842]],[[843]],[[844]],[[845]],[[846]],[[847]],[[848]],[[849]],[[850]],[[851]],[[852]],[[853]],[[854]],[[855]],[[856]],[[857,858]],[[859,860]],[[861]],[[862]],[[863]],[[864]],[[865]],[[866]],[[867]],[[868,869]],[[870]],[[871]],[[872,873]],[[874,875,876]],[[877]],[[878,879]],[[880,881]],[[882]],[[883]],[[884]],[[885]],[[886]],[[887]],[[888]],[[889,890]],[[891]],[[892,893]],[[894]],[[895,896]],[[897]],[[898,899]],[[900,901,902,903]],[[904]],[[905,906]],[[907,908,909,910,911,912,913,914,915,916,917,918,919,920,921,922,923,924,925]]],"properties":{"GEN":"Mecklenburg-Vorpommern","AGS":"13","NUTS":"DE8"}},{"type":"MultiPolygon","arcs":[[[926,927,928,929,930,931,932,933,934,935,936,937,938,939,940,941,942,943,944,945,946,947,948,949,950,951,-566,952,-564,953,-562,954,955,-668,956,-666,957,-664,958,-662,959,960,961,962,963,964,965,966,967,968,969,970,971,972,973,974,975,976,977],[978],[979,980],[981],[982]],[[983]],[[984,-706]],[[985,986]],[[987]]],"properties":{"GEN":"Sachsen","AGS":"14","NUTS":"DED"}},{"type":"MultiPolygon","arcs":[[[988,989,990,991,992,993,994,995,996,997,998,-976,999,-974,1000,-972,1001,-970,1002,1003,-967,1004,-965,1005,-963,1006,-961,1007,-660,1008,1009,1010,-656,1011,1012,-702,1013,-700,1014,-698,1015,-696,1016,-694,1017,-692,1018,-690,1019,-688,1020,-686,1021,-684,1022,-137,1023,-135,1024,-133,1025,1026,1027,-129,1028,1029,1030,1031,1032,1033,1034,1035,1036,1037,1038,1039,1040,1041,1042,1043,1044,1045],[-984],[-719,1046],[1047,1048],[1049,-987],[1050,-721],[-723],[1051],[1052,1053],[1054],[-988],[-727,1055]],[[1056]],[[-981,1057]],[[1058,1059]],[[1060]],[[-983]],[[1061]],[[1062]],[[1063]]],"properties":{"GEN":"Sachsen-Anhalt","AGS":"15","NUTS":"DEE"}},{"type":"MultiPolygon","arcs":[[[-943,1064,1065,-940,1066,-938,1067,-936,1068,1069,-933,1070,1071,-930,1072,-928,1073,-978,1074,-998,1075,1076,-995,1077,-993,1078,1079,-990,1080,1081,-1045,1082,-1043,1083,-1041,1084,-1039,1085,-1037,1086,-1035,1087,-1033,1088,-1031,1089,1090,-127,1091,1092,-124,1093,-122,1094,-120,1095,-118,1096,1097,-361,1098,-359,1099,-357,1100,-355,1101,-353,1102,-351,1103,-349,1104,1105,-346,1106,-344,1107,-342,1108,-589,1109,-587,1110,-585,1111,-583,1112,-581,1113,-579,1114,-577,1115,-575,1116,-573,1117,-571,1118,-569,1119,1120,-949,1121,-947,1122,-945,1123],[1124,-1059],[1125],[-1064]],[[1126,-1049]],[[1052,1127]]],"properties":{"GEN":"Thüringen","AGS":"16","NUTS":"DEG"}},{"type":"MultiPolygon","arcs":[[[-48,1128,-46,1129,-44,1130,-42,1131,-40,1132,-38,1133,-36,1134,-34,1135,-32,1136,-30,1137,1138,-27,1139,-25,1140,1141,1142,1143,1144],[-53],[-54],[-55],[1145,1146],[-58],[-60,1147],[1148,-61],[1149,-64],[-65],[-66],[-68,1150],[-69],[-70],[1151,-72],[-77,1152,-75,1153,-73,1154]],[[1155,1156,-22,1157,-20,1158,-18,1159,-16,1160,1161],[1162,-80,1163,-82]]],"properties":{"GEN":"Schleswig-Holstein","AGS":"01","NUTS":"DEF"}},{"type":"Polygon","arcs":[[1164,1165,1166,1167],[-93],[-94]],"properties":{"GEN":"Hamburg","AGS":"02","NUTS":"DE6"}},{"type":"MultiPolygon","arcs":[[[-185,1168,-183,1169,1170,-180,1171,-178,1172,1173,1174,-174,1175,-172,1176,-170,1177,-168,1178,1179,-160,1180,-1168,1181,1182],[-213],[1183,-216],[-217],[-218],[1184,-222,1185,-220,1186,-224],[-225],[1187,-226],[-228],[-229],[-230]],[[1188,-1166,1189,1190,1191,-156,1192,-154,1193,-1144]]],"properties":{"GEN":"Niedersachsen","AGS":"03","NUTS":"DE9"}},{"type":"Polygon","arcs":[[1194]],"properties":{"GEN":"Niedersachsen","AGS":"03","NUTS":"DE9"}},{"type":"Polygon","arcs":[[1195,-483,1196,-481,1197],[-556],[-557],[1198,-560]],"properties":{"GEN":"Baden-Württemberg","AGS":"08","NUTS":"DE1"}},{"type":"Polygon","arcs":[[-918,1199,-916,1200,-914,1201,-912,1202,1203,1204,-908,1205,1206,-924,1207,-922,1208,-920,1209,-1156,1210,-760,1211,-758,1212,-756,1213,-754,1214,-752,1215,1216,-749,1217,-747,1218,-745,1219,-743,1220,1221,-740,1222,-738,1223,1224,1225,-734,1226,-732,1227,-730,1228,-728,1229,1230,1231,-784,1232,-782,1233,1234,-779,1235,-777,1236,-775,1237,-773,1238],[-788],[-789],[-790],[-791],[-792],[-793],[-794],[-795],[-796],[-797],[-798],[-799],[-800],[-801],[-802],[-803],[-804],[-805],[-806],[-807],[-808],[-809],[1239,-811],[-812],[-813],[-814],[-815],[-816],[-817],[-818],[-819],[-820],[-821],[-822],[-823],[-824],[-825],[-826],[-827],[-828],[-829],[-830],[-831],[-832],[-833],[-834],[-835],[1240,-837],[-838],[1241,-840],[-841],[1242,-843],[-844],[-845],[-846],[-847],[-848],[-849],[-850],[-851],[-852],[-853],[-854],[-855],[-856],[-857],[1243,857],[1244,-861],[-862],[-863],[-864],[-865],[-866],[-867],[-868],[1245,868],[-871],[-872],[-874,1246],[1247,-876,1248],[-878],[-880,1249],[1250,-881],[-883],[-884],[-885],[-886],[-887],[-888],[-889],[1251,1252],[-892],[1253,-893],[-895],[1254,-896],[-898],[1255,-900],[1256,-902,1257,-904],[-905],[1258,-907]],"properties":{"GEN":"Mecklenburg-Vorpommern","AGS":"13","NUTS":"DE8"}},{"type":"MultiPolygon","arcs":[[[-473,1259,-471,1260,1261,1262,1263,-466,1264,-464,1265,-462,1266,-460,1267,1268,1269,1270,1271,1272,-453,1273,1274,1275,1276]],[[-448,1277,1278,-445,1279,1280,1281,-441,1282,1283,1284,1285,1286,1287,1288,1289]]],"properties":{"GEN":"Deutsch-Luxemburgisches Hoheitsgebiet (Rheinland-Pfalz)","AGS":"07","NUTS":"DEZ"}},{"type":"Polygon","arcs":[[1290]],"properties":{"GEN":"Deutsch-Luxemburgisches Hoheitsgebiet (Saarland)","AGS":"10","NUTS":"DEZ"}},{"type":"Polygon","arcs":[[-490,1291,-488,1292,1293,-485,1294,1295],[-553],[-558]],"properties":{"GEN":"Baden-Württemberg (Bodensee)","AGS":"08","NUTS":"DE1"}},{"type":"Polygon","arcs":[[-620,1296,1297,1298],[1299],[622,1300]],"properties":{"GEN":"Bayern (Bodensee)","AGS":"09","NUTS":"DE2"}}]}},"arcs":[[[4291258.1,3389913.7],[4299512.9,3384160.2]],[[4299512.9,3384160.2],[4303113.9,3383362.8]],[[4303113.9,3383362.8],[4303943.6,3385622.8],[4303415.6,3386132.5]],[[4303415.6,3386132.5],[4305866.8,3391562.7],[4305813.1,3389851]],[[4305813.1,3389851],[4307516.8,3389209.4],[4307183.2,3388202.9],[4309396.6,3386302],[4313667.9,3390593.7],[4314842.3,3393888.2],[4315778.4,3394225.9],[4320061.4,3393411.7],[4320974.8,3397115],[4325577.8,3396894.8],[4324988.9,3397872.3],[4326119.5,3399112.1],[4325572.7,3400390.2],[4326412.7,3401449.1],[4328644.4,3400966.8],[4328998.1,3400644.3]],[[4328998.1,3400644.3],[4331875,3403572.9],[4332374.7,3403445.6],[4333786.9,3402638.8]],[[4333786.9,3402638.8],[4333658.7,3401712.9],[4332991.3,3400176.8],[4332377.3,3400565.9],[4331360.5,3399686],[4331499.5,3398099.1],[4330249.2,3396994.8],[4333954,3394157],[4333545.2,3392330.8],[4335684.4,3391810.5],[4333500.1,3389513.1],[4334331.8,3386281.2],[4331721,3386473.7],[4331099.9,3385596.1],[4330790.5,3384076.1]],[[4330790.5,3384076.1],[4331624.2,3383338.4],[4330838.9,3382043.1]],[[4330838.9,3382043.1],[4331071.4,3380874.6],[4332191.3,3381088.3],[4331772.6,3379426.7],[4333462.8,3378211.7],[4334958,3379153.1],[4335856.2,3377570.5],[4335485.8,3376851.6],[4336720.9,3376531.8],[4336837.2,3374998.6],[4338558.3,3374175.8],[4338890.1,3372949.9],[4340866.8,3371465.5],[4340903,3370649],[4341579.2,3370623.1],[4341746.3,3371645.1],[4342612.8,3371381.9],[4342126,3369762.5]],[[4342126,3369762.5],[4341461.1,3369693.9],[4342785.1,3368693.6],[4345914.3,3368622.1],[4349007.7,3366022.6],[4354505.6,3362928.8],[4358004.7,3362436.2],[4359324.3,3361491.1],[4360606.7,3361904.8]],[[4360606.7,3361904.8],[4360865.5,3363459.5],[4362050.8,3364220.7],[4362086.2,3368749.5],[4363000.3,3372081.7],[4364415.2,3372818],[4367037.5,3372146.1],[4367600,3374720.7],[4368880.1,3374476.4],[4369265.9,3375063.2],[4371200.8,3375325],[4372627.1,3376643.3],[4373160.1,3378355.3],[4374793,3379035.9],[4375661.2,3378749.4],[4374942.9,3379589.2],[4376166.4,3381980.7],[4375560.2,3385585.1],[4376634.8,3385648.4],[4377361.1,3384488.5],[4378231.1,3384445.6],[4381326.4,3385268.6],[4382171.3,3386663.9],[4381738.5,3388387.5],[4382475.3,3391693.2],[4384128.8,3394779],[4383042.5,3395767.9],[4383227.6,3397863.1],[4381768.9,3398299.5],[4381935.5,3399482],[4380813.3,3399910.4],[4377196.1,3399520.9],[4377307.6,3400132.2],[4375454.2,3400712.8],[4374510.8,3401741.3],[4374230.5,3403796.5],[4371875.7,3404962.4],[4371045.7,3404705],[4371973.7,3409723.9],[4371196,3413052],[4370240.5,3414330.9]],[[4370240.5,3414330.9],[4370234.5,3416262.5],[4371778.5,3418768.6],[4373594.9,3419043]],[[4373594.9,3419043],[4374856.9,3421018],[4376730.2,3421415.9],[4376796.1,3422336.8],[4378476.7,3423362.3],[4378939.3,3424459.8],[4380907.5,3423431.1],[4380269.3,3422159.1],[4380921.5,3421506]],[[4380921.5,3421506],[4384654.2,3422889.8],[4382612.6,3424029.2],[4380016.3,3424293.9],[4379816.2,3425615.7],[4380737.3,3427091],[4378932.2,3429523.4]],[[4378932.2,3429523.4],[4378728,3431214.9],[4377459.6,3432173.3],[4374064.2,3432401.4]],[[4374064.2,3432401.4],[4373580.9,3431955.4]],[[4373580.9,3431955.4],[4372765.3,3432436.8],[4370845.3,3435460.7]],[[4370845.3,3435460.7],[4371395.1,3435847.6],[4371057.8,3436555.6],[4370430.1,3436465.9],[4370204.9,3438135.9],[4370633.2,3439283.6],[4372842.8,3441261.2],[4373511.8,3442994.9],[4376983,3442827.9],[4377592.7,3442290.9],[4378476.9,3442697.1],[4383199.8,3448522.9],[4384178.6,3448659.8],[4383934.5,3449035.2],[4390607.8,3453709.1],[4390717,3454410.6],[4392294,3455016.5],[4390760.6,3471047.2],[4391635.4,3472738.7],[4394164.4,3474711.2]],[[4394164.4,3474711.2],[4394459.8,3476320.5],[4393674.3,3477085.4]],[[4393674.3,3477085.4],[4393112.3,3476398.6],[4393013.2,3477282.6],[4391819.5,3476629.3],[4391064.6,3474966.9],[4387515.8,3473946.9],[4387013.9,3475399.1],[4384971,3475359.4],[4384859.5,3475894.3],[4384454.3,3475429.9],[4381474.5,3475433.9],[4379986.1,3473851.9],[4377704.3,3472763],[4372555.7,3467654.8],[4370570,3466898.2],[4369116.2,3467270.9],[4366860.7,3466712.4],[4365361.9,3467393.3],[4365146.8,3468524.1],[4363393.9,3469633.4],[4362575,3471407],[4359603.5,3473382.5],[4352196.4,3476106.5],[4346157.8,3480021.5],[4341793.5,3481051.9],[4339102.1,3479961.7],[4338913.6,3479162],[4335689.3,3478640.7],[4333621.7,3474813],[4333749.4,3473320.7],[4332592.1,3472788.8],[4332334.1,3471037.9],[4330864.1,3472995.3],[4333445.4,3475981.4],[4333247,3478475.7],[4331972.8,3481023.3],[4333929.1,3483291],[4329905.8,3486415.9],[4316104.1,3483992.3],[4315675.1,3483067.4],[4314587.4,3482721.1],[4312285.7,3482383.6],[4312391.1,3482931.2],[4311610.2,3483336.7],[4312950.2,3485522.3],[4320019.3,3489583.5]],[[4320019.3,3489583.5],[4322807.4,3493798.9],[4323070.1,3505451]],[[4323070.1,3505451],[4323813.1,3505927.8],[4323168.3,3506415.6],[4323387.6,3508938.1],[4320328.8,3512402.2],[4319406,3517191.7],[4318240.2,3519319.6],[4315209.8,3521312.4],[4314567.9,3518612.6],[4312745.3,3516945.8],[4313055.1,3516317.5],[4311482,3516476.6],[4310209.3,3517149],[4307690.6,3521304.2],[4304739.6,3524301.4]],[[4304739.6,3524301.4],[4295598.3,3527727.9],[4297115.4,3530519.1],[4294801.7,3531335.2],[4288710.2,3526266.7],[4286482.1,3525232.9],[4284269.5,3524743],[4283159.1,3526430.3],[4281333.4,3526108.7],[4280757.9,3524117.9],[4278754.8,3522568.7],[4278779.2,3521801.7],[4275556.2,3522800],[4275642.8,3521992.2],[4274080.8,3523168.9],[4272766.5,3522906],[4271876.2,3525317],[4272183.7,3527401.9],[4265973.2,3530033.4],[4259848.3,3530002.8],[4257744.6,3531638.6],[4253490,3533487.4],[4249914.3,3533807.3],[4247806,3532924.7],[4245558,3534090.6],[4243940.2,3533871.7],[4242504.3,3532559.2],[4241096.4,3533052.2],[4239351.2,3532622.5],[4236331,3534662],[4233560.9,3534800.6]],[[4233560.9,3534800.6],[4233360.8,3532869],[4231133.5,3532075.3]],[[4231133.5,3532075.3],[4225628,3531840.3],[4224906.3,3531627],[4223647.8,3530930.1],[4219893.1,3531337.4]],[[4219893.1,3531337.4],[4217217.6,3532861.1],[4216258.8,3534091.8],[4216000.5,3540248.9],[4215403,3541366.1]],[[4215403,3541366.1],[4217312.8,3544675.7],[4221252.3,3546781.3],[4220170.3,3548722.1],[4218638.4,3548880.8]],[[4218638.4,3548880.8],[4218416.2,3550085.6],[4222802.3,3549983.7]],[[4222802.3,3549983.7],[4219450.9,3551415.9],[4217588.3,3549179.6],[4211689.3,3534699.7],[4210131.9,3517610.4]],[[4210131.9,3517610.4],[4210722.8,3516429.2],[4211352.8,3516474.2],[4211570.5,3518829.3],[4211089.6,3521304.8],[4211624.4,3523157.9],[4211493.7,3527618.4],[4212217.9,3529389.4],[4213908.4,3529925.3],[4214462.5,3531868.3],[4216009.8,3531202.9],[4216986.8,3529130.8],[4219215.1,3527934.9],[4219690.6,3528758.7],[4221820.7,3529305.6],[4225203.8,3531689.5],[4231426.7,3532037.2],[4231975.1,3531160.4],[4231585,3527015.7],[4233898.7,3524503.6],[4234664.5,3521864.6],[4236137.1,3521294.8],[4237222.6,3518922.9],[4237023.8,3517823.4],[4238073.7,3515438],[4236390.9,3514619.6],[4239815.2,3512916.8],[4240453.9,3509049.6],[4245305.7,3505491.6],[4246499.1,3502737.2],[4247642.6,3501647.9],[4245567.8,3500390.1],[4243992.6,3500398.7],[4244291.4,3499628.8],[4244724.3,3499396.9],[4247664.1,3501631.2],[4248911,3500985.5],[4249421,3499581.9],[4247883.6,3495868.3],[4248351.1,3493775],[4247956.3,3492080.5],[4246422.1,3490339.5],[4243638.1,3488704.3],[4244437,3487311.9]],[[4244437,3487311.9],[4243605.3,3485575],[4245879.9,3484428.2]],[[4245879.9,3484428.2],[4249451,3484300.6],[4250988,3485288.5],[4251741,3487706.6],[4252914.9,3488683.4],[4252767.9,3490154.7]],[[4252767.9,3490154.7],[4255121.9,3491362.2],[4255650.2,3491210.8]],[[4255650.2,3491210.8],[4257156.2,3486885.8],[4256384.3,3486327.3],[4257394.3,3485819.4],[4256466.3,3485725]],[[4256466.3,3485725],[4256221.2,3484466.6],[4253337.9,3483473.6]],[[4253337.9,3483473.6],[4252747.6,3481841.4],[4250368,3479518.9],[4247660,3478179.4],[4246571,3477934.3],[4243812.6,3478908.4],[4239092.9,3477769.7],[4234828.3,3477941.1],[4233151.6,3475962.9],[4233234.7,3477155.2],[4232687.6,3477134.4],[4232183.7,3474165.8],[4232986.3,3474556.6]],[[4232986.3,3474556.6],[4232935,3475368.7],[4233148.5,3475950.5]],[[4233148.5,3475950.5],[4234017.3,3474540.8],[4235849.9,3474774.2],[4235976.2,3473058.7],[4233361.2,3472171.8],[4232769.1,3471007],[4231324.6,3471782.1]],[[4231324.6,3471782.1],[4230119.8,3471457.8],[4230000,3468324.5],[4235339.3,3462850.1]],[[4235339.3,3462850.1],[4235374.5,3464355.1],[4238860.5,3466002.7],[4240801.8,3465416.6]],[[4240801.8,3465416.6],[4241020.2,3464585.8],[4244277.2,3465630.6],[4245420.2,3464519.3],[4245340.9,3457717.7]],[[4245340.9,3457717.7],[4243612.9,3454950.4],[4243120,3452778.7],[4244329.4,3449194.2],[4246131.2,3447401.5],[4246335.8,3446408.9],[4248619.5,3447943.4],[4250754.5,3447805.8],[4252204.1,3443235.7],[4254214.1,3440716.8],[4252632.5,3440213.5],[4253735.4,3439913.6],[4253826.9,3440268.2],[4254280.4,3440383.1]],[[4254280.4,3440383.1],[4253929.9,3440019],[4254575.5,3439771.7],[4254155.3,3437846.3],[4253048.4,3436905.5]],[[4253048.4,3436905.5],[4250609.8,3436250.1],[4250445.5,3436877.4]],[[4250445.5,3436877.4],[4247754.7,3437906.5],[4245537.6,3437475.5],[4244791.2,3436542.2],[4246365.8,3432684.3]],[[4246365.8,3432684.3],[4247082,3433014.8],[4246444.9,3432634.1]],[[4246444.9,3432634.1],[4248842.5,3431464.9],[4248929.4,3430853.8]],[[4248929.4,3430853.8],[4247691.2,3429935.2],[4248911.3,3428454.5],[4248597.9,3427635.3],[4249911.7,3424814.3],[4253674.4,3420892.6],[4256491.6,3421820.5],[4256705.2,3419558.1]],[[4256705.2,3419558.1],[4268364.6,3419500.3],[4271636,3418928.1],[4274271.7,3417577],[4276208,3416168.7]],[[4276208,3416168.7],[4278760.9,3412471.3],[4283598.2,3402876.4],[4287050.7,3400149.3],[4289779.6,3395151.9],[4290357,3391542.8],[4291258.1,3389913.7]],[[4332261.1,3395697.6],[4332130.2,3395707.1],[4332240.4,3395747.4],[4332261.1,3395697.6]],[[4328618.6,3400811.1],[4328668.5,3400716.4],[4328720.3,3400756.2],[4328618.6,3400811.1]],[[4235724.8,3463876.5],[4235604.3,3464161],[4235463.7,3464199.9],[4235724.8,3463876.5]],[[4224428.2,3492222.9],[4224731.6,3492478.8],[4224332,3492255.8],[4224428.2,3492222.9]],[[4241688.3,3504066.7],[4241319.2,3504216],[4240998.9,3503993.1],[4241688.3,3504066.7]],[[4238394.5,3484714.4],[4239478.8,3485409.3],[4239570.7,3485457.7],[4237788.8,3485313.8]],[[4237788.8,3485313.8],[4238394.5,3484714.4]],[[4227751.7,3485139.7],[4226633.6,3485295],[4227168.2,3484652.6],[4227751.7,3485139.7]],[[4237958.5,3508988.8],[4235932.6,3508540.3],[4236051.2,3508155.5]],[[4236051.2,3508155.5],[4237881.5,3508160.9],[4237958.5,3508988.8]],[[4244077,3495023.6],[4242648.1,3494607.6],[4244640.3,3493641.8],[4245398.3,3493955.7]],[[4245398.3,3493955.7],[4244077,3495023.6]],[[4236056.4,3440835.3],[4235371.4,3441165.9]],[[4235371.4,3441165.9],[4234974.7,3440952.8],[4234414.6,3439902.7],[4234514.3,3438965],[4235181.4,3438404.2],[4235937.7,3438619.2],[4234614.4,3439300.5],[4235857.7,3439704.2],[4235121.2,3440016],[4236056.4,3440835.3]],[[4239374.7,3505002.5],[4237930.9,3504384.9],[4237688.9,3503632],[4238241.6,3503122.8],[4239604,3504059.6],[4239374.7,3505002.5]],[[4185253.1,3455730.2],[4181635.7,3455841.1],[4183244.7,3453477.2],[4184376.5,3453372.7],[4184325,3454822.6],[4185364.2,3454982],[4185253.1,3455730.2]],[[4227599,3497866.2],[4226102.1,3497503.6],[4224556.4,3497743.9]],[[4224556.4,3497743.9],[4227064.5,3495504.5],[4228720.5,3495606.7],[4227599,3497866.2]],[[4234712.7,3505977.5],[4233902.1,3506445],[4230755.4,3504869],[4226731.9,3504337.7],[4225991.2,3503154.9],[4227181.9,3502151.3],[4229595.1,3504003.4],[4233622.1,3504508.2],[4234712.7,3505977.5]],[[4211527.2,3508000.3],[4214686.3,3503227.3],[4217759.1,3503393.5],[4216677.2,3503631.9],[4216575.7,3504848.9],[4215208,3505983.1],[4213798.8,3509931.8],[4213871.3,3511117.6],[4215172.5,3512751],[4213543.1,3511709.8],[4211527.2,3508000.3]],[[4235882.4,3490226.2],[4235907.5,3490145.6],[4236033.5,3489990.3],[4236708.5,3489222.5],[4236713.9,3489126.4],[4236892.7,3489056.2]],[[4236892.7,3489056.2],[4235893.7,3490216.3],[4237218.2,3493144.4],[4237310.2,3494742],[4236673.2,3494975.7],[4229587.1,3492416.7],[4229696.4,3490311.6],[4231525,3487988.5],[4234772.1,3488356.8],[4235882.4,3490226.2]],[[4217905.6,3511795],[4221097,3510740.6],[4223266.7,3509263.9]],[[4223266.7,3509263.9],[4228476.9,3509187.2],[4229493.1,3512340.7]],[[4229493.1,3512340.7],[4230567.9,3513410]],[[4230567.9,3513410],[4229589.7,3514556.3],[4229891.2,3516082.1],[4228746.8,3517005],[4225956.8,3517648.8]],[[4225956.8,3517648.8],[4225399.7,3517125.7]],[[4225399.7,3517125.7],[4222417,3517306.9],[4219696,3516680.8],[4218438.3,3515371.8],[4217539.1,3512771.2],[4217905.6,3511795]],[[4388848.6,3480840.3],[4387299.6,3481699.9]],[[4387299.6,3481699.9],[4387298,3482399],[4389002.9,3482896],[4389227.9,3482353.8],[4389997.6,3483459.9],[4390736.3,3482601.8],[4390863.7,3483123.9],[4392011.2,3482749.7],[4392187.9,3482154],[4391179,3481905.6]],[[4391179,3481905.6],[4392482.3,3481599.7]],[[4392482.3,3481599.7],[4392072.1,3478737.2],[4393705.7,3477901.5],[4397225.6,3477843.8],[4398061.8,3478687],[4400917.3,3479103.5],[4406269.5,3478067.3],[4405247.3,3481292.7],[4402235.3,3485761.7],[4400876.2,3489674],[4400875.9,3488919.4],[4400363.6,3489314.8],[4400805.6,3489701.5],[4399928.9,3489339.4],[4398248.3,3489917.4],[4396798.4,3491207.5],[4389836.7,3492539.4],[4387700.3,3489830.9],[4386474.8,3486687.2],[4386462.5,3482195.8],[4388155.4,3481046],[4388848.6,3480840.3]],[[4305813.1,3389851],[4305874.7,3391559.1],[4305120.8,3390773],[4304807.7,3388367],[4304338.3,3388500.7],[4304151.4,3386848.6],[4303415.6,3386132.5]],[[4303113.9,3383362.8],[4306045.4,3382983.5]],[[4306045.4,3382983.5],[4305457.7,3381511.9],[4306490.8,3379011.5],[4305814.5,3379371.3],[4305314.3,3377852.6],[4306706.2,3376937.6],[4306529.2,3376082],[4307908.1,3376247.5],[4307704.4,3373531.3],[4311815.2,3369091.6]],[[4311815.2,3369091.6],[4312287.4,3370752.3],[4314641.8,3372102.1],[4315876.8,3369836.2]],[[4315876.8,3369836.2],[4315067.1,3367356.8],[4317152.2,3368127.9]],[[4317152.2,3368127.9],[4317265.2,3369066.6],[4319399.2,3368223.4],[4319434.5,3367321.3],[4319892.7,3367414],[4320727.7,3368666.5],[4322942.1,3369716.1],[4321970.5,3370463.1],[4322478.1,3371079.1],[4324013.3,3370951.1],[4323787.6,3372083.2],[4324428.1,3372900.2],[4326536.9,3371546.3],[4328175.7,3368809.3],[4330123.7,3368236.5],[4332662.6,3365433.3],[4336742.4,3365350.5]],[[4336742.4,3365350.5],[4338255,3367838],[4342126,3369762.5]],[[4330838.9,3382043.1],[4331635.9,3383711.1],[4330790.5,3384076.1]],[[4333786.9,3402638.8],[4331941.2,3403552.6],[4328998.1,3400644.3]],[[4328618.6,3400811.1],[4328723.8,3400751.3],[4328642.7,3400751.1],[4328618.6,3400811.1]],[[4223877.9,3424697],[4221874.7,3425653.3],[4221581,3424013.3],[4223736,3423919],[4223877.9,3424697]],[[4219952.2,3429014.9],[4218332,3429669.4],[4216803.7,3427504],[4217634.8,3427139.6],[4219952.2,3429014.9]],[[4251287,3241060.5],[4250886,3239773.6],[4255085,3238287.6]],[[4255085,3238287.6],[4257924.6,3236393.8],[4256380.6,3234995.4],[4255204.7,3235372.4]],[[4255204.7,3235372.4],[4255812.6,3233816.6],[4255728.6,3230813.5],[4254099.1,3230847],[4253563.4,3232185.7],[4253115.4,3231562.8],[4251649.8,3232141],[4252682.3,3231359.7],[4253344.4,3229693.8]],[[4253344.4,3229693.8],[4254092.5,3229524.9],[4253430,3228414.8],[4253290.1,3225622.3]],[[4253290.1,3225622.3],[4253753.2,3225195.1],[4257164,3227063.3],[4257159.7,3226010.7],[4258059.4,3226100.4],[4258545.2,3225417.3],[4259843.8,3225106.8],[4261404.8,3225911.6],[4261354.8,3225429.2],[4263048,3224666.2],[4263399.7,3223537.8],[4261787.3,3222152.8],[4261682,3220840.4],[4263104.7,3221194.2],[4263003.5,3220567.9],[4264505,3219929.1],[4265733.2,3218057],[4264854.6,3217872.3],[4264348.6,3216903.6],[4264515.8,3214073.6],[4265850.1,3211712.3],[4264625.4,3210594.2],[4265848.9,3209928.8],[4264394.5,3208159.7],[4265212.2,3207270.8],[4265136.7,3206411],[4266636.4,3205825.8],[4267202.1,3207413.3],[4270063.9,3207774],[4270606.2,3206932.3],[4271111.7,3207358.4],[4271950.2,3205462.9],[4270885.5,3205231.7],[4270340.2,3204324.4],[4271295.9,3203996.7],[4271084.6,3202426.4],[4271939.9,3201456],[4273639.6,3201651.5],[4275055.7,3200969.6],[4275658.4,3199943.4],[4275856.8,3196857.7],[4275200,3194176.9],[4274352.7,3194076.9],[4275191.8,3193975.3],[4277243.5,3195156.2],[4280011.6,3194102.6],[4283758.2,3194869.6],[4283768.1,3193971],[4281949.6,3192513.9],[4282586.8,3191056.6],[4281504.2,3189158.7],[4282357.9,3188310.8],[4282062.2,3187586.1],[4283005.3,3187304.6],[4280633.6,3185189.6],[4279739.2,3183391.8],[4278472.8,3183259.8]],[[4278472.8,3183259.8],[4277864.7,3181719.9],[4279147.8,3180333.2]],[[4279147.8,3180333.2],[4278659.3,3179008.5],[4279643.6,3177189.3],[4278572.6,3175647.3],[4279302.1,3173840.8],[4278160,3173170.9],[4277709.2,3171220.4],[4280534.4,3170824.2],[4282079.7,3171375.7]],[[4282079.7,3171375.7],[4282978.3,3170808.8]],[[4282978.3,3170808.8],[4283957.6,3171638.3],[4285994,3172032.9],[4285818.3,3169498]],[[4285818.3,3169498],[4287479.1,3168494],[4289364,3170087.3]],[[4289364,3170087.3],[4291220.7,3168311.1],[4293874.6,3168802.3],[4295101.5,3169666.6]],[[4295101.5,3169666.6],[4295989.9,3166430.4],[4298867.6,3164152.3],[4299565.3,3162899.6],[4299094.3,3161809.3],[4296414.8,3163588.6],[4295122.4,3163550.6],[4295244.1,3161890.5],[4296635.7,3160091.6]],[[4296635.7,3160091.6],[4294811.8,3159849.6],[4293906.2,3160841.9],[4294760.3,3159215.5],[4294548.6,3157821.3],[4293757,3156860.1],[4292624.9,3157107.6]],[[4292624.9,3157107.6],[4292177.2,3156489.1],[4294476,3152411.9]],[[4294476,3152411.9],[4296247.4,3151117.3],[4295238.4,3149724.3],[4295102.2,3148241.2],[4296288.4,3145336.5],[4295247.5,3144489.4],[4295376.5,3143740],[4293918,3143982.7],[4292646.2,3143090.4],[4292391.3,3143663.7],[4291613.4,3143546],[4290235.4,3141101.6],[4291482.8,3139997.3],[4289561,3138801.7]],[[4289561,3138801.7],[4290900.9,3136664.6]],[[4290900.9,3136664.6],[4291858.1,3136901.2],[4293392.5,3134933.9]],[[4293392.5,3134933.9],[4295465.1,3135090.9],[4295855.2,3134666.9]],[[4295855.2,3134666.9],[4295435.3,3134946]],[[4295435.3,3134946],[4295090.3,3133513.5],[4296196.1,3134291.7],[4297432.7,3133457.2],[4297950.8,3134129.8],[4302305.8,3131603],[4304822,3132894],[4305210.9,3135336.9],[4304488.2,3134821.2],[4305130,3136206.4],[4304499,3136298.4],[4304855,3135761.1],[4302729,3134316.5],[4302643.1,3135390.7],[4300235.1,3139329.7],[4302784.5,3139849.3],[4305048.3,3141913.9],[4306386.9,3142214.7]],[[4306386.9,3142214.7],[4307034.6,3141705],[4306758.6,3144138.9],[4308761.9,3144343.7],[4309919.9,3143556.3]],[[4309919.9,3143556.3],[4309861.7,3141446.6],[4310757.8,3140204.5],[4311661.3,3140127.1],[4310617.2,3144858],[4311853.2,3144807],[4312548.8,3143661.5],[4312851.2,3144909.2],[4314424.9,3145589.3],[4314683.9,3144049.6],[4316224.1,3142380.4]],[[4316224.1,3142380.4],[4316020.7,3140493.8]],[[4316020.7,3140493.8],[4318611.1,3142750.1],[4321027.5,3143649.5],[4321659.5,3145552.2],[4323633.2,3145455.3],[4324615.6,3146756.8]],[[4324615.6,3146756.8],[4324388.3,3146882.7],[4324451.6,3147152.6],[4324203.5,3147280.9],[4324237.3,3147320.1]],[[4324237.3,3147320.1],[4325105.5,3147147.8],[4325861.2,3145295.7],[4326574.6,3147103.3],[4329138.3,3146613.6],[4330181.3,3147208.9],[4331594.5,3146593.4],[4330735.4,3147995.8],[4333119.9,3148412.9],[4333928.8,3150176.8],[4333376.6,3151055.9]],[[4333376.6,3151055.9],[4334991.9,3152861.3],[4336070.8,3152009.4]],[[4336070.8,3152009.4],[4336069.5,3151047.9],[4337190.4,3151135.3],[4337994.9,3152591.7],[4341823.5,3153729.8],[4342399.7,3156104.3],[4344754.9,3156585.6],[4345135.9,3157994.8],[4346533.1,3159254.1],[4346804.9,3160445.6],[4346245.5,3160703.4]],[[4346245.5,3160703.4],[4347231,3161410.5],[4346778.1,3164239.5],[4351644.2,3164511.9]],[[4351644.2,3164511.9],[4355358.8,3162580.9],[4357002.2,3160472.5],[4358027.1,3161086.3],[4359780.4,3160835],[4361613.3,3161815.8],[4362873.8,3163405.2],[4364100.6,3162996.2]],[[4364100.6,3162996.2],[4365797.9,3161119.3],[4366796.9,3161335],[4367165.3,3163265.8],[4365252.7,3163931.7],[4364866.9,3165235.5],[4364894.8,3166601.2],[4365960.5,3166425.9]],[[4365960.5,3166425.9],[4365205.4,3167844.9],[4368267.7,3168930.8]],[[4368267.7,3168930.8],[4367861.1,3169985.3]],[[4367861.1,3169985.3],[4369572.7,3170288.6],[4367254.1,3173313.3],[4367207,3177924.8]],[[4367207,3177924.8],[4365356.4,3179603],[4364407.5,3183138.6]],[[4364407.5,3183138.6],[4361704.1,3184416.8],[4360935.4,3185876.9]],[[4360935.4,3185876.9],[4361321.5,3187822.9],[4360576.6,3189135.8],[4361564.3,3191892.5]],[[4361564.3,3191892.5],[4360715.9,3192694.3],[4360917.8,3193322.2],[4362434.5,3193891],[4363399.5,3195701.4]],[[4363399.5,3195701.4],[4364583.2,3196023]],[[4364583.2,3196023],[4365715.6,3197869.3],[4365564,3200030],[4363166.6,3201315.6]],[[4363166.6,3201315.6],[4363151.6,3203338.1],[4363969.1,3204518.7],[4365764.9,3205456.6],[4365098.9,3206035.8],[4363620.4,3205468],[4363598.7,3206496],[4362655.8,3206688.3],[4362640.4,3207654.4],[4361336.6,3207286.6],[4359513.5,3210589.2],[4361725.6,3211751.8],[4362227.1,3210972.4],[4364069.9,3211098.1],[4363757.4,3211416.1],[4364877.4,3211894.3],[4365040.8,3212728.1],[4365977.3,3212937.5],[4365459.2,3214838.3],[4368193.6,3215584.4],[4377892.4,3215612.7],[4381418.7,3216908],[4387170.2,3216693.5],[4387534.1,3220019.6],[4385569,3220867.9],[4385548.8,3221876],[4387979.2,3222224.3],[4390661.2,3224747.1],[4392532.2,3225436.5],[4392510.5,3226505.1],[4393587.5,3227604.8],[4393546.1,3229711.2],[4391879,3229599.8],[4390729.7,3230301.1],[4390291.6,3232681],[4391049,3232862.5],[4391180.8,3233905.4],[4394477.9,3235006.6],[4395218.1,3235994.4],[4394311.2,3237603.1],[4393317.5,3237289.7],[4392898.6,3240171.5],[4392152.3,3240792],[4391230.7,3240554.4],[4390028.1,3242530.5],[4391785.3,3244103.8],[4391657.5,3245025.7],[4390030.3,3246973.6],[4389246.8,3246903.8],[4389284.9,3247889.4],[4388339.2,3247724.7],[4388024.8,3248478.3],[4392846.8,3249359.7],[4393326.3,3250314.2],[4393813.5,3250078.4],[4394138.7,3252205.8],[4393583,3252088.3],[4392276.8,3253668.3],[4391548.8,3253367.7],[4390562.4,3254268.4],[4390103.1,3253637.3],[4390335.7,3254676],[4384462.8,3261632.2],[4384496.6,3263423.1],[4384972.7,3263420],[4385496.7,3265598.8],[4387223.8,3266222.8],[4389524.2,3265725.6],[4386025.3,3269900.1],[4384552.1,3273557],[4385225.4,3275228.9],[4384689.1,3276013],[4387096.8,3277962.6],[4387156.6,3279885.2],[4386329.7,3280083.6],[4383352.5,3278269.9],[4383671.7,3278810],[4382283.3,3280135],[4380396.1,3284202.6],[4377354.2,3288214.4],[4377050.1,3290044.9],[4374852.6,3289745.9],[4374443.9,3293559.9],[4373410.6,3294231.3],[4371966.8,3297535],[4372044.4,3301492.5],[4373018,3303066.1],[4372530.9,3303965.4],[4374662.4,3304175.6],[4374921.1,3304922.3],[4377267.8,3304622.2],[4379336.1,3305569.6],[4380614.9,3304479.5],[4381456.6,3305644.2],[4384325.4,3305298.9],[4386152.2,3308283.4],[4387335.3,3308564.2],[4388338,3311882.3],[4394914.1,3312116.4],[4394570.4,3310654.6],[4395802,3310217.2],[4398696.1,3310973.7],[4398694,3311477.2],[4403137.4,3310573.5],[4404457.3,3308549.8],[4406296,3308670.9],[4407880.3,3309697.6],[4408222.5,3308125],[4409454.8,3308521.8],[4414178,3311456.5],[4415719.9,3311533.4],[4416902.5,3313317.3],[4419838.3,3315477],[4422182.7,3315762.4],[4421293.9,3317830.7]],[[4421293.9,3317830.7],[4422492.9,3323046.4],[4423409.4,3323285.3],[4425507.4,3322247.6]],[[4425507.4,3322247.6],[4425648.6,3323847.7]],[[4425648.6,3323847.7],[4428213.7,3326304.1],[4426887.2,3326502.4],[4424779.4,3328220],[4423040.8,3327573.1],[4421770.2,3327882.7],[4418200.2,3330944]],[[4418200.2,3330944],[4414941.8,3330197.2],[4411740.3,3328220.6]],[[4411740.3,3328220.6],[4410547.5,3328366.9],[4406309.9,3332808.5]],[[4406309.9,3332808.5],[4405741.3,3335608.5]],[[4405741.3,3335608.5],[4404280.5,3337279.4],[4402368.5,3338043.9],[4400265.2,3337131.6]],[[4400265.2,3337131.6],[4399421.1,3339346.4],[4400575.3,3340457.5],[4400736.4,3342198.1],[4396985.6,3343232.3],[4397516.2,3343881.8],[4397102.4,3344392.3]],[[4397102.4,3344392.3],[4393838.9,3345635.8],[4391975.6,3347926.6],[4389641.1,3352603.8]],[[4389641.1,3352603.8],[4388334.2,3353059.8],[4387572.8,3357435.7],[4386470.5,3358156.8],[4386834.3,3358833.3],[4384901.2,3359374],[4384611.5,3358796.6]],[[4384611.5,3358796.6],[4383259.8,3359381.3],[4382836.4,3360406.5],[4380902.4,3358860.4],[4379644.7,3358968.4]],[[4379644.7,3358968.4],[4380147.7,3357719.3],[4379663.9,3357384.2],[4378706.7,3358007.2],[4378977,3356953.3],[4377826.2,3356737.9],[4376728.1,3355545.5],[4376028.1,3356409.6],[4373948.9,3356660.6],[4371516.9,3358311.5],[4371862.8,3359260.2],[4370130.2,3359589.2],[4369541.8,3361135],[4367699.2,3362669.5]],[[4367699.2,3362669.5],[4362387.6,3362639.1],[4359248.4,3361508.5],[4358022.6,3362430.7],[4354113.2,3363109.1],[4345604.1,3368727],[4343058.6,3368585.5],[4341313.3,3369511.3],[4338178.3,3367773.1],[4336742.4,3365350.5]],[[4317152.2,3368127.9],[4314795.9,3367565.9],[4315876.8,3369836.2]],[[4315876.8,3369836.2],[4314275.1,3372243.7],[4311843.9,3370247],[4311815.2,3369091.6]],[[4306045.4,3382983.5],[4299512.9,3384160.2]],[[4291258.1,3389913.7],[4288101.9,3398950.2],[4282897.4,3403845.7],[4279331.7,3411436.9],[4276208,3416168.7]],[[4276208,3416168.7],[4273148,3418070.5]],[[4273148,3418070.5],[4273306.4,3416885.7]],[[4273306.4,3416885.7],[4267017.8,3418027.5],[4261875,3417767.6],[4256748.9,3415484.4]],[[4256748.9,3415484.4],[4256474.8,3414581.8],[4253819.5,3415285.6]],[[4253819.5,3415285.6],[4248028,3414044.7],[4240340.8,3415147.8],[4237409.8,3417271.8],[4235669.5,3419813.8]],[[4235669.5,3419813.8],[4234947.6,3419645.7],[4234662.7,3421323.1],[4229910.2,3420309]],[[4229910.2,3420309],[4227176.4,3416050.4],[4226613.6,3416353.5]],[[4226613.6,3416353.5],[4225484.9,3413577.1],[4223546.4,3405813.6],[4220839.4,3399574.6],[4220776.8,3395497.3]],[[4220776.8,3395497.3],[4223393.2,3389426.7],[4224050.3,3389804.1]],[[4224050.3,3389804.1],[4227826,3388178.8]],[[4227826,3388178.8],[4229863.9,3389500.1],[4231827.1,3389176],[4229559,3386100.5],[4230275.8,3383953.4],[4231314.6,3383944.8]],[[4231314.6,3383944.8],[4230708.4,3381431.3]],[[4230708.4,3381431.3],[4231503.1,3378955.6],[4228276.4,3376060.5]],[[4228276.4,3376060.5],[4226336.9,3376580.6],[4222530.7,3374946.9],[4220902.3,3374888.6],[4222170.3,3377822.2],[4224990.6,3379675.7]],[[4224990.6,3379675.7],[4224904.3,3382069.1],[4222966.7,3383105.4],[4222786.9,3384409.8]],[[4222786.9,3384409.8],[4221826.1,3383569.9]],[[4221826.1,3383569.9],[4219185.6,3383851.4],[4214865.8,3385802.6],[4213891.6,3386375.2],[4211337.6,3390254.3],[4209252.7,3391165.9],[4207923.3,3390815.8],[4205994.4,3389412.8],[4204593.3,3387400.4]],[[4204593.3,3387400.4],[4203386.6,3380622],[4208870,3380763.1],[4209353.3,3379858.9],[4209147.5,3373949.7],[4207800.9,3371791.5],[4207429.7,3369724.4]],[[4207429.7,3369724.4],[4204580.7,3367010.8],[4201418.1,3367674]],[[4201418.1,3367674],[4198245.1,3372661.1],[4197172,3373259.7],[4194730.6,3372390.4],[4192811.4,3375251.4],[4192479.3,3379316.5],[4194487.6,3378845.1],[4198469.1,3379955.9],[4199270.6,3380749.4]],[[4199270.6,3380749.4],[4199749,3382960.6],[4197773.6,3387323.8]],[[4197773.6,3387323.8],[4198850.4,3388023.4],[4198481.6,3389806],[4196660.6,3389463.8],[4194467,3394576.3],[4193537.4,3394923.1]],[[4193537.4,3394923.1],[4191698.8,3394376.8],[4190314.4,3398936.5]],[[4190314.4,3398936.5],[4190953.8,3401520.6],[4189913.3,3402146.9],[4182730.1,3403186.5],[4175044.3,3402466.3]],[[4175044.3,3402466.3],[4172655.2,3401543.3],[4170454.8,3401469.3],[4169410.1,3402043.5],[4157597,3398787]],[[4157597,3398787],[4154551.7,3400199.9]],[[4154551.7,3400199.9],[4146627.8,3400894.5],[4138836.3,3399144.3]],[[4138836.3,3399144.3],[4134684.4,3396160.2],[4133850.5,3394905],[4132896.3,3395090.8],[4132200,3393081]],[[4132200,3393081],[4128343.7,3389648.2],[4128082.7,3388704],[4130797.4,3385251]],[[4130797.4,3385251],[4130854.2,3384392.8],[4127783.3,3383226.3]],[[4127783.3,3383226.3],[4127200.4,3384469.4],[4126351,3383939.5],[4124440.2,3386007.2],[4124299.3,3384408.8],[4125276.7,3381748.7],[4123526.8,3379141.4],[4122308.2,3372560]],[[4122308.2,3372560],[4122176.4,3368183.3],[4121264.1,3366733.8]],[[4121264.1,3366733.8],[4121247.8,3364922.4],[4122789,3362631.7],[4124503.9,3362959.3],[4125147.6,3362470.6],[4137881.7,3361507.4],[4137440,3360182.5]],[[4137440,3360182.5],[4133844,3360241.2],[4135125.4,3348737.4],[4135092.1,3346851.2],[4134412,3345836.7],[4135676.3,3344875.1],[4134067.5,3344523.2],[4132246.1,3340331.1],[4132441.9,3338482.9],[4133736.7,3337502.4],[4133358.8,3333950.1],[4134259.5,3325634.8],[4131564.7,3318448.7],[4124821.2,3308501.7],[4125137.9,3307186.9],[4123585.9,3304155.5],[4121762.4,3285628.2],[4120620.8,3284482.6],[4116370.4,3286169.6],[4114836.6,3285420.6],[4112526.7,3285610],[4112191.1,3286393.2],[4109463.8,3287238],[4105960.5,3286769.7],[4103426.4,3287421.8],[4100556.8,3286746.3],[4098308.5,3284901.1],[4099410.5,3283410.4],[4098701,3280513.1],[4101811.2,3277366.1],[4099064,3277667.9],[4098328.8,3276061.5],[4095955.9,3276703.2],[4097449.3,3273036.2],[4096744,3269206.5],[4100379.4,3266565.3],[4107253.3,3265772.7],[4107086.6,3264689.1],[4113070.8,3262819.7],[4114476.4,3263674.5],[4115648.7,3266082.1],[4116627,3266227.8],[4117739.6,3261924.3],[4119332.4,3258915.9],[4120862.7,3258486.3],[4121659.9,3255580.4],[4121568.6,3253164],[4118175.6,3246630.2],[4118238.2,3244585.5],[4120630.6,3240878.8]],[[4120630.6,3240878.8],[4123104.8,3241027.9],[4124487.1,3242950.5]],[[4124487.1,3242950.5],[4126880.9,3243430.9],[4136569.7,3242788.4],[4137955.9,3244548.5],[4141024.2,3245341.5],[4142781.6,3247618.7],[4143509.7,3247242.4],[4143953.4,3247963.9],[4145515.5,3248047.3],[4146397.3,3250175.7],[4151096.6,3253061.1],[4152902.1,3254021.9],[4155114.2,3254016.1],[4155674.4,3254961.5],[4156372.4,3254633.9],[4155731.9,3255076.2],[4156511.1,3257634.2],[4158049,3259520.3],[4155370.5,3260864.9],[4158241.7,3265534],[4161849.6,3263601.4]],[[4161849.6,3263601.4],[4163524.6,3263445.2],[4164801,3260661]],[[4164801,3260661],[4165423.9,3257061.7],[4171642,3253589.5],[4174092.9,3253231.5],[4177470.4,3254432],[4179445.8,3252717],[4180478,3252614.1],[4180747.4,3250726],[4181558.4,3250616.2],[4181206.2,3249209.8],[4183086.4,3246602.1],[4183995,3246318.2],[4183859.8,3245656.2],[4179948.2,3245578.4],[4179839,3243868.2],[4181595,3242291.5],[4179306.4,3241206.2],[4179310.6,3237069.3],[4178526.2,3236832.8],[4177445.7,3235087],[4178286.7,3232642],[4179664.4,3231654.4]],[[4179664.4,3231654.4],[4185357.2,3230989.8],[4185734.1,3229646.7],[4184293.5,3229682.1],[4183952.9,3229073.8]],[[4183952.9,3229073.8],[4184560.9,3224709.8],[4182093.5,3224837.1],[4181113.8,3223632.9]],[[4181113.8,3223632.9],[4177091.1,3222288.1],[4176034.2,3221370.3],[4178425.3,3218481]],[[4178425.3,3218481],[4178122.1,3217813.3],[4182473.8,3215911.8],[4183417.8,3217441.3],[4186159.9,3219427.1],[4186572.7,3218864.7],[4188440.1,3219339.5],[4190203.8,3218776.3],[4190444.4,3218058.7],[4194302.8,3220112.6],[4197106,3219592.2],[4199047.6,3223227.2],[4200916.6,3224981.3],[4202025.2,3224806.5],[4202396.9,3226088.4]],[[4202396.9,3226088.4],[4203780.9,3226367.2],[4203567.9,3225344.6]],[[4203567.9,3225344.6],[4205286.8,3224496.9],[4206252.8,3225314.3]],[[4206252.8,3225314.3],[4208924.5,3224418.9],[4209540.6,3223445.8],[4211730,3223579.5],[4212195,3226377.6],[4215169.4,3228422.2],[4217069.2,3228861],[4219598.8,3231635.9],[4215372,3233313.8],[4214530.2,3234926.5],[4215867,3236602.6],[4215793.7,3238139.5],[4216409.9,3238651.1],[4215770.3,3239828.4],[4216300.7,3240895.6],[4215814.6,3244763.8],[4216723.7,3246201.7],[4216049.1,3246399.3],[4214868.2,3251357.5],[4211674.8,3253906.6],[4206142.8,3256599.7],[4206922.2,3256852.3],[4206423.6,3257240.8],[4206872,3258728],[4206057.2,3260048.6],[4205647.3,3259631.1],[4205980.1,3260741.6],[4205252.2,3262146.6],[4208692.5,3261604.9],[4209719.4,3260526.6],[4212233.2,3261367.9],[4213445.7,3260635.9],[4213640.3,3261288.9],[4214277.6,3260972.9],[4215946.8,3262395.4],[4216334.4,3265817.7],[4217276.8,3266602.7],[4217904.7,3266375.1],[4219774.1,3268319.7],[4223021.4,3266498.3],[4229546.6,3269986.7],[4230817.1,3268377.6],[4232100.7,3268504.6],[4231760.9,3267776.5],[4232863.1,3266789.9],[4232524.1,3265020.3],[4233411,3262567.6],[4232817.3,3260147.5],[4233824,3258495.1],[4232886.6,3257373.2],[4232890.9,3254776.9],[4233513.3,3254364.2],[4234223.8,3255360],[4235665.1,3253896.7],[4238467.6,3255050],[4242943.7,3253951.1],[4243870.9,3254693.1],[4243895.3,3254284.6],[4245388.6,3254639.1],[4245630.5,3255723.9],[4245979.9,3255242.8],[4248634.5,3255244.1],[4249451.3,3256634.7],[4248851.8,3256746.8],[4250076.4,3256949.2],[4250402.3,3257776.4],[4252124.2,3258592.2],[4251565.5,3259015],[4252213.4,3260009.4],[4251554.4,3260638.2],[4254185.7,3261655.9],[4254618.5,3263510.5],[4256039.2,3264142.6],[4256692.1,3266088.8],[4259623.6,3265774.3],[4260736.9,3264395.8],[4262169.7,3264204.4],[4262454,3263244.6],[4261444.8,3263185.1],[4261576.9,3262451.1],[4260034.2,3261213.1],[4259433.7,3259691.2],[4260504.1,3258818.2],[4260445.6,3257306.4],[4261375.5,3257422.9],[4261493.2,3256330.5],[4260927.1,3254549.3],[4259399.4,3253379.5],[4259569.4,3251690.3],[4258614,3249917],[4256869.5,3248982.2],[4256900.3,3248161.2],[4254772.8,3248900.6],[4254120.4,3247273],[4252713.6,3246765.1],[4251975.4,3245162.7],[4251946.5,3242460.1],[4250247.4,3241531.4],[4250697.6,3240877.9],[4251287,3241060.5]],[[4228329.1,3344122.2],[4228545.6,3343939.3]],[[4228545.6,3343939.3],[4228465.1,3343810.3],[4228329.1,3344122.2]],[[4232166.9,3389910.2],[4231734.8,3389344.5]],[[4231734.8,3389344.5],[4231262.5,3389430.1]],[[4231262.5,3389430.1],[4231190.9,3389998.7],[4232166.9,3389910.2]],[[4234468.3,3330490.6],[4231678,3332268.3],[4231962.8,3333484.9],[4230907.8,3334243.2],[4231089.6,3335241.3],[4229359.9,3337569.1],[4228706.8,3340731],[4223002.3,3343051.8],[4221067.1,3344672.7],[4219604.1,3347538],[4221983,3347716.9],[4222816.3,3346294.4],[4224380.5,3345358.7],[4226040.3,3346403.3],[4227398.6,3345855.7],[4226208.2,3344444.2],[4226112.3,3343353.8],[4226918.4,3342655.6],[4229321.5,3344212],[4231791.6,3341651.9],[4234055.3,3342691.8],[4234437,3341597.2],[4235044.4,3342427.9],[4236020.4,3342116],[4236964.8,3341095.3],[4236849.8,3340233.4],[4238149.5,3340360.2],[4239156.2,3339577.5],[4239559.5,3340153.1],[4241204.1,3339762.1],[4242698.7,3340179]],[[4242698.7,3340179],[4244950.1,3336484.9],[4247647.6,3337236.7]],[[4247647.6,3337236.7],[4248187.5,3336571.2],[4248797.2,3337894.1]],[[4248797.2,3337894.1],[4250399.5,3338718.5],[4252934.4,3335731.9]],[[4252934.4,3335731.9],[4250510.1,3334715.3],[4251544.5,3332952.3],[4253395.3,3332490.6],[4251386.8,3331240.3],[4251522.3,3328460.8],[4252607.9,3326940.8],[4250286.9,3325213.4],[4249577.5,3323311],[4246755.8,3323367.4],[4244970.8,3325534.3],[4244959.4,3326399.3],[4244655.8,3325835.8]],[[4244655.8,3325835.8],[4245055.2,3324461],[4243702.1,3323724.5],[4243791.9,3324563]],[[4243791.9,3324563],[4243024.8,3323917.3],[4241937.7,3324229.2]],[[4241937.7,3324229.2],[4241096.3,3325382.7],[4239041.6,3326336],[4238561.9,3327883]],[[4238561.9,3327883],[4237569,3326328.4],[4236437,3326482.3],[4236059.2,3325751.5]],[[4236059.2,3325751.5],[4234554.8,3327035.4],[4234468.3,3330490.6]],[[4221132.9,3386377],[4221268.7,3386333.2],[4221167.1,3386433.6],[4221132.9,3386377]],[[4293620.8,3161234.2],[4293609.5,3161461.6],[4293521.7,3161423.6],[4293620.8,3161234.2]],[[4113681.3,3391302.9],[4113714.8,3391518.9],[4113703.1,3391555.7]],[[4113703.1,3391555.7],[4113447.5,3391428.7],[4113681.3,3391302.9]],[[4115573.2,3397416.1],[4116416.6,3398291.8],[4113756.6,3397491.1],[4114366.1,3395866.8],[4115866.2,3395505.2],[4115573.2,3397416.1]],[[4151344.9,3404855.6],[4151574,3405710.4],[4149028.8,3406287.8],[4146727.8,3405329.2],[4147009.6,3404604.2],[4151344.9,3404855.6]],[[4184708.6,3410455.2],[4184590.9,3410027.2]],[[4184590.9,3410027.2],[4185440.5,3410149.5]],[[4185440.5,3410149.5],[4185060,3410287.1],[4184905,3410420]],[[4184905,3410420],[4187163.2,3409501.9],[4187452.5,3409994.4],[4187265.5,3409238.4],[4187672.4,3409621.3]],[[4187672.4,3409621.3],[4187420.9,3410156.6]],[[4187420.9,3410156.6],[4186234.7,3410741],[4181263,3411720.7],[4179080.2,3411063.8],[4180272.4,3409288.9],[4180936.1,3411098.9],[4183558,3410073.6],[4184708.6,3410455.2]],[[4129635.9,3400888.9],[4129180.2,3401637.6],[4127026.8,3401878.9],[4113757.1,3400178],[4113044.6,3399622.7],[4113491.8,3399172.7],[4122179.8,3400501],[4122502.2,3399992.4],[4129635.9,3400888.9]],[[4170881,3410655.4],[4168275.7,3410132.6],[4167309.5,3408999.2],[4167345.4,3407615.7],[4168169.1,3407313.3],[4168977.2,3408623.3],[4173947.9,3408572.7],[4177414.7,3410127.8]],[[4177414.7,3410127.8],[4170881,3410655.4]],[[4162659.1,3408361.9],[4155023.6,3408227.9],[4154099.1,3407319.6],[4153389,3404892],[4156321,3404651.3],[4156157.7,3405827.7],[4156862.9,3406808.9],[4164281.2,3406979.1],[4165541.3,3407697.5],[4162659.1,3408361.9]],[[4145896,3405071.4],[4135347.8,3405332],[4131959.8,3403629.5],[4133240.4,3402463.2],[4134097.4,3402943.3],[4134118.8,3403672.3],[4135687.1,3402653],[4136701.2,3403425.7],[4140797.9,3403016.6],[4145859.2,3404231.2],[4145896,3405071.4]],[[4110489.3,3392845.5],[4106322,3394781],[4099670.3,3394018.7],[4098544.8,3392398.4],[4099538.2,3393028.4],[4100192.5,3390652.6],[4102813.2,3389338.7],[4103987.2,3387971.8],[4103859.9,3389269.7],[4104648.7,3389612.4],[4105066.5,3388096.5],[4105569.3,3388140.1],[4106229.4,3389203.8],[4103776.1,3391108.2],[4105844.5,3392355.9],[4110489.3,3392845.5]],[[4243791.9,3324563],[4243878.1,3323729.5],[4245073.3,3324503.3],[4244655.8,3325835.8]],[[4252934.4,3335731.9],[4251176.4,3338171.8],[4250097.5,3338724.9],[4248797.2,3337894.1]],[[4247647.6,3337236.7],[4244887.5,3336502],[4242698.7,3340179]],[[4234468.3,3330490.6],[4234615.5,3326952.7],[4236059.2,3325751.5]],[[4238561.9,3327883],[4239017,3326363.1],[4241937.7,3324229.2]],[[4228329.1,3344122.2],[4228243.5,3343995.9],[4228545.6,3343939.3]],[[4231734.8,3389344.5],[4231879.9,3389142.7],[4232098.8,3389212.3],[4232166.9,3389910.2]],[[4232166.9,3389910.2],[4231467.2,3390008.9],[4231262.5,3389430.1]],[[4224050.3,3389804.1],[4221191.7,3389289.5]],[[4221191.7,3389289.5],[4225354.9,3381713],[4224990.6,3379675.7]],[[4228276.4,3376060.5],[4229806.3,3377054.7],[4231585.8,3379527.6],[4230708.4,3381431.3]],[[4231314.6,3383944.8],[4230267.5,3383971.7],[4229589.6,3386390.6],[4231690,3389320.7],[4229856.2,3389498.1],[4227826,3388178.8]],[[4066583.8,3029622.4],[4066510,3030836.6],[4065842.7,3030759.7]],[[4065842.7,3030759.7],[4065308.8,3031673.8],[4064720.3,3033613.4]],[[4064720.3,3033613.4],[4065365.4,3034236.5],[4064598.4,3034042.5]],[[4064598.4,3034042.5],[4063982.2,3036561.6],[4066008.7,3037089.2]],[[4066008.7,3037089.2],[4066615.9,3036208.2]],[[4066615.9,3036208.2],[4066094.1,3035443.9],[4066470.1,3034721.4],[4067087.6,3034094]],[[4067087.6,3034094],[4067483.2,3034864.8]],[[4067483.2,3034864.8],[4068362.7,3034968.6],[4068506.2,3034057.9],[4069230.9,3033722.8],[4068458,3030936.8]],[[4068458,3030936.8],[4069468.2,3031680.7],[4070844.9,3031155],[4072501.9,3033415.6],[4073201.6,3032927.8],[4074164.2,3034430.7],[4076237.3,3034329.8],[4079523.6,3036281.6],[4079490.8,3034841.7],[4081126.7,3034516.6],[4080786.8,3032156.2],[4081662.2,3031405.9],[4082643.9,3031683.9],[4083167.8,3033818],[4084068,3034243.7],[4085331.6,3032728.1],[4086031.5,3030138.4],[4088504.6,3031945.8],[4091316.7,3032754.2],[4091693.5,3032393.1],[4091748,3033048.8],[4093369.5,3032610.1],[4093592.5,3033541],[4092315.2,3034142.8],[4091347.6,3036274.6],[4092585.5,3039311.5],[4091566.9,3039839.7],[4091687.4,3041044.6],[4090902.1,3040583.3],[4089859.9,3041085.6],[4089750.3,3041690],[4091283.7,3042719.8],[4091458.7,3043523.9],[4090810.3,3044098.3],[4090932.6,3044973.2],[4090045.3,3044509.1],[4089985.8,3045280.4],[4094049.3,3047117.7],[4094754.1,3044950.3],[4097800.6,3042721.4],[4098629.7,3042997.6],[4099597.1,3044080.6],[4101088.2,3044331],[4101445.1,3046088.7],[4100954.2,3046931.4],[4101553.6,3047999.5],[4100325,3048710],[4101057.7,3049754.8],[4100110.3,3050044.7],[4099986.7,3050829.5],[4101409.1,3051265.7],[4101252.1,3050781.3],[4101894.7,3050598.1],[4103394,3051362.3],[4102940.6,3053733.1],[4103566.6,3054398.9],[4105038.3,3054665.1],[4105385.3,3053914.8],[4106511.2,3053773.6],[4107329.8,3054838.5],[4108361.9,3054712.4],[4112655.4,3059135.3],[4113462.4,3057716],[4114995.5,3056770.4],[4115982.2,3057335.3],[4116866.6,3059606.7],[4119116.8,3058213.9],[4119672.4,3059791.7],[4120945.8,3059483.1],[4121042.3,3060203.2],[4122155.8,3060703.7],[4123223.9,3063573.2],[4123796.8,3063423.2],[4123816,3060608.3],[4128724.6,3060965.5],[4131616.3,3062345.6],[4132465.7,3061900.6],[4134278.7,3063253.5],[4134074.1,3064825.3],[4135053.6,3065533.8],[4135304.9,3066692.3],[4135092,3068475.3],[4134334.8,3068508.8],[4135601.9,3070722.4],[4137912.4,3070571.8],[4138786.9,3069691.4],[4139970,3069633],[4140857.5,3070499.7],[4142995.6,3070468.6],[4144623.6,3071715.5],[4145934,3071571.7],[4145902.6,3072493.6]],[[4145902.6,3072493.6],[4146047.4,3072067.7]],[[4146047.4,3072067.7],[4148216.4,3073440.4],[4150503.1,3072487.4],[4151239.9,3073066],[4150925.6,3074472.6],[4151779.9,3075656.1],[4155629.9,3075586.2],[4156143.8,3076093.5],[4155939.5,3077467.6],[4157154.3,3076950.9],[4157640.7,3078439.9],[4157428.6,3080155.6],[4156083.5,3081379.5],[4158976.8,3081881.7],[4161157.4,3084680.7],[4163443.1,3083870.4],[4162694.5,3084465.1],[4163749.6,3085186.1],[4162509.2,3086398],[4163273.8,3087735.9],[4162909.4,3088767.3],[4163454.7,3090057.5],[4162401,3090624.3],[4162565.5,3091430.3],[4161759.5,3092042.9],[4164695.7,3093287.7]],[[4164695.7,3093287.7],[4165884.1,3094664.2],[4167299.9,3094402.1],[4169035.4,3092794.5],[4169775.4,3092987.6],[4168624.5,3090681.7]],[[4168624.5,3090681.7],[4168251.2,3087923.4],[4171933.2,3086920.7],[4173771.2,3083789.5],[4177183.1,3083937.9],[4178569.3,3082225.9],[4177451,3076641.3],[4178778.3,3074119.3],[4182642.2,3070212.7],[4182457.5,3066888.2],[4183962.3,3066661.6],[4185351.9,3067872.8],[4186725.2,3067503.8],[4188572.8,3065495.9]],[[4188572.8,3065495.9],[4188990.2,3066711.3]],[[4188990.2,3066711.3],[4189770.2,3066541.5],[4191604.1,3070994.7],[4190254.2,3073181.8],[4190698.9,3073836.3],[4189499,3074487.7],[4189927.8,3074972.6],[4189106.9,3075891.8],[4189401.6,3076692.1],[4188828.8,3076882.3],[4191661.6,3078450.1],[4193065.5,3080994.2],[4196113.1,3083363],[4199291.5,3087112.5],[4200811.9,3087030.9],[4201699.1,3084662.1],[4204062.6,3085138.4],[4205422.8,3084542.5],[4206197.8,3084946],[4206403.2,3086035.9],[4207346.4,3086182.9],[4207549.5,3087953.1]],[[4207549.5,3087953.1],[4210849.5,3090834.7],[4212693.7,3090942.6],[4212018.7,3093258.5]],[[4212018.7,3093258.5],[4212945.4,3094304.6],[4212669.1,3096112.1],[4214086.6,3096427.1],[4213885.6,3097258.5],[4215415.4,3098531.1],[4216635.5,3100779.8],[4218432.3,3101994.7],[4217246.3,3104612.3],[4216320.2,3103916.6],[4216073.5,3104321.5],[4217740.2,3106787.6]],[[4217740.2,3106787.6],[4216069,3108121.3],[4216475.6,3109321],[4219512.2,3111306.5],[4226837.3,3110137.8],[4229291.4,3111736.8]],[[4229291.4,3111736.8],[4231330.7,3111783.4],[4231282.1,3112387.6],[4230062,3112541.5],[4229453.9,3114281],[4234135.9,3119197.8],[4233597.5,3119680],[4233598.3,3121512.3],[4234936.6,3122704.3],[4233048.1,3123822.4],[4232154.3,3127323.7],[4232849.9,3128550.8],[4231762.1,3129329.5],[4231772.2,3130115.5],[4229758.3,3130359.8],[4228891.3,3129405.2],[4225230.8,3128705.4]],[[4225230.8,3128705.4],[4225056.3,3127865.2],[4223887.3,3127095.7],[4222552.2,3127442.7],[4221751.6,3129466]],[[4221751.6,3129466],[4220277.3,3130593.7],[4222832.4,3133439.2]],[[4222832.4,3133439.2],[4224898.2,3137084.1],[4226082.4,3137860.1]],[[4226082.4,3137860.1],[4227203.7,3137404.8],[4227665.7,3138932],[4229273.6,3139910.2]],[[4229273.6,3139910.2],[4228908,3140909.5],[4230143.9,3141456.4],[4232765.5,3140938.7]],[[4232765.5,3140938.7],[4237757.9,3142886.7],[4239365.3,3142259.2],[4240012.1,3142596.4],[4241242.4,3141311.1],[4243725.1,3142981.2],[4247166.5,3142543.5],[4247315.8,3144919.9],[4248062.9,3145230.4],[4247890.3,3146540.5],[4247508.1,3147094],[4245798.7,3147162.7],[4246032.9,3148905]],[[4246032.9,3148905],[4243918.2,3152946.8],[4253013.3,3156931.1]],[[4253013.3,3156931.1],[4254276.2,3155021.6],[4255770.7,3154632.6],[4256915.7,3155153.9],[4257972.4,3154143.4],[4256865.3,3150845.3],[4257550.1,3150437.4]],[[4257550.1,3150437.4],[4257382.6,3149469.1],[4258030.8,3148595.7],[4260907.2,3149174.9]],[[4260907.2,3149174.9],[4261622.6,3148213.9],[4262440.4,3148355.1],[4264386.7,3150960.9],[4266533.3,3150198.3],[4266572.2,3152565],[4267176.8,3153513.1],[4268178.6,3153617.7],[4268238.4,3154352.8],[4269906.3,3154378.7]],[[4269906.3,3154378.7],[4271180.6,3156204.3],[4272998.5,3155973.6]],[[4272998.5,3155973.6],[4273588.7,3160436.9],[4274543.2,3160807.8],[4275773.4,3163103.6]],[[4275773.4,3163103.6],[4277573.5,3164689.6],[4275064.4,3167326.6]],[[4275064.4,3167326.6],[4277458,3167822.7],[4277751.1,3168620.9],[4279369.6,3168374.7],[4281312.9,3169073.1],[4282610.5,3170527.2]],[[4282610.5,3170527.2],[4282079.7,3171375.7]],[[4279147.8,3180333.2],[4277849.1,3181612.2],[4278472.8,3183259.8]],[[4253290.1,3225622.3],[4253427.1,3228399.5],[4254086.8,3229545.7],[4253344.4,3229693.8]],[[4255204.7,3235372.4],[4256213.3,3234937.4],[4257848.6,3236098.7],[4255085,3238287.6]],[[4255085,3238287.6],[4250804.6,3239828.1],[4251287,3241060.5]],[[4206252.8,3225314.3],[4205322.7,3224489.1],[4204446,3224776.6],[4203567.9,3225344.6]],[[4203567.9,3225344.6],[4203743.4,3226382.2],[4202396.9,3226088.4]],[[4178425.3,3218481],[4176059,3221503.1],[4181113.8,3223632.9]],[[4183952.9,3229073.8],[4185894.4,3230017.9],[4184695.5,3231465],[4182399.7,3230972.5],[4181292.7,3231758.6],[4179664.4,3231654.4]],[[4164801,3260661],[4163555.1,3263415.6],[4161849.6,3263601.4]],[[4124487.1,3242950.5],[4123353.2,3241137.6],[4120630.6,3240878.8]],[[4120630.6,3240878.8],[4118747.3,3239433.5],[4115336.1,3239495.1],[4112532.4,3234509.2],[4109557.7,3234066.8],[4107576.4,3231928.8],[4106974.9,3229089.6],[4105697,3228050.5],[4099196,3228148.2],[4098715.3,3225546.7],[4097968.2,3225344.4],[4098214.4,3224201],[4097257.5,3223316.9],[4094438.2,3222906.3],[4093808.8,3221011.5],[4093820.7,3219597.9],[4095623.7,3219540.1],[4098226.9,3218124.1],[4102085.5,3214577.4],[4101822.4,3214240.3],[4103105.7,3214023.9],[4103095,3210746.9],[4101032.7,3210240],[4100582.6,3207647.6],[4098842.7,3205597.6],[4095433.8,3203509.3],[4093720.5,3205774.1],[4092295.7,3205863.1],[4089427.8,3204331.1],[4086064.9,3203716.3],[4084272,3202477.5],[4083149.7,3202796.7],[4078061.1,3199613.7],[4076652.8,3200952.9],[4075328.5,3200366.9],[4075024.7,3201098.3],[4072533.1,3202127.9],[4072289.1,3200795.2],[4073685.3,3199767.1],[4073184.1,3198801.9],[4073445.7,3196971.4],[4070755.8,3197695],[4070269.8,3199141.4],[4069417.6,3199692.7],[4066594.2,3199652.1],[4066198.7,3201757],[4064913.8,3202526.7],[4063645.3,3201926],[4060181.1,3202162.7],[4058347.4,3203805.1],[4058918.2,3204792.4],[4056468.9,3206430.3],[4054460.9,3205756.9],[4053949.2,3206170.9],[4052900.5,3205201.4],[4055175.3,3204336.9],[4055590.3,3202525.3],[4057088.9,3201542.4],[4056934.9,3199219.9],[4052268.3,3200480.5],[4049992.7,3202333.3],[4049102.9,3201411.5],[4049346.6,3200923.1],[4047936,3199916],[4047505.3,3200214.9],[4045037.6,3198767.6],[4042906.3,3199552.2],[4041619.4,3198214],[4042445,3197347.3],[4041752.2,3197336.8],[4041714.1,3196773.2],[4043770.3,3195129.8],[4043381.4,3193747],[4044450.8,3193504.7],[4043849.4,3192454.8],[4044497.2,3192034.6],[4041604.1,3189821.1],[4041755.6,3188604.8],[4044449.3,3188476.8],[4047819.5,3185908.5],[4046470.6,3185074.6],[4046691.2,3181194.9],[4052505.6,3178865.6],[4050635.3,3175195.8],[4050363.3,3173398.3],[4054672,3168788.9],[4055886.6,3165601.5],[4058174.4,3162678.5],[4058725.4,3157671.4],[4057048.3,3150048.1],[4058540.4,3150054],[4057628.6,3148916.5],[4058292.3,3145617.4],[4055632.6,3143429.5],[4055909.1,3142904.3],[4054111.4,3142787.7],[4050703.4,3136476.1],[4046899.7,3133094.2],[4047713.6,3130834.1],[4046443.1,3130666.2],[4047143.3,3125177.7],[4048378.1,3124912.9],[4053069.7,3127401.5],[4054108.7,3126449.4],[4051106.1,3125156.6],[4053576.9,3123369],[4052677.9,3122328.5],[4047611.1,3121075.4],[4047199.6,3119932.9],[4045281.6,3119070],[4043515.7,3117011.5],[4042168,3116860.2],[4040720.3,3115788.5],[4038631.4,3113279],[4037618.9,3110440.1],[4036245.3,3110559.9],[4034696.9,3114186.3],[4033127.4,3112741.4],[4031317,3112617.9],[4032055.8,3111050.6],[4031986,3108878.5],[4033757.8,3107027.1],[4033540.2,3105371.1],[4032716.6,3104648.7],[4032997.6,3104026.5],[4037153.8,3105305],[4037967.4,3104254.7],[4042122.5,3104459],[4040468.3,3101596.6],[4041261,3101092.7],[4041247.6,3099094.1],[4043511.8,3098437],[4043687.3,3097574.6],[4046486.3,3097277.8],[4044999.2,3094237.5],[4045785.3,3091909.5],[4044652.7,3089085.5],[4043452.1,3089656],[4043374,3090348.9],[4040768,3089264.4],[4041003,3085671.9],[4039416.5,3084345.6],[4038156.3,3085414.4],[4037376.3,3084077.7],[4040948.6,3081221.4],[4040228.7,3080056.1],[4040784.9,3078317.5],[4041679,3077987.5],[4041077.9,3076402.8],[4041427.2,3074993.4],[4041858.8,3076076.7],[4043847.8,3075134.2],[4046772.8,3075125.4],[4050032.5,3068252.4],[4051610.4,3068453.9],[4051926.1,3068390.4],[4052078.2,3068247.8],[4052194.7,3067773.8],[4052151.9,3067641.3],[4051206.1,3066500.1],[4051384.7,3065783.7],[4052131,3065785.2],[4052261.1,3065747.3],[4052467.3,3065621.8],[4052566.9,3065601.2],[4053815.7,3065662.2],[4054233.2,3066446.3],[4054361.1,3066552.5],[4054555.5,3066590.6],[4054781.8,3066489.9],[4055520.8,3065598.8],[4056686.2,3065814.8],[4056871.7,3065783.8],[4057029.1,3065634.7],[4057400.6,3064676.4],[4057486.9,3064338.7],[4057472.5,3064183.5],[4055500.1,3061484.7],[4055584.9,3060848.7],[4054442,3057332.5],[4053585.5,3056127.5],[4052560.4,3056074.3],[4052327.9,3055274.8],[4051622.5,3054505.3],[4051481.3,3053502.5],[4051623.1,3053167.7],[4051887.1,3053039.5],[4052165.6,3052651.4],[4053369.6,3049388],[4055198.8,3050316.7],[4055870,3049748.7],[4056476.8,3050364.4],[4058412,3049474],[4059244.4,3049882.4],[4061018.9,3048410],[4062170.2,3048266.5],[4061115.4,3046803.4],[4061255.6,3045413.4],[4063446,3044551.6],[4063755.7,3042676.1],[4062758.8,3038663.2],[4060984.6,3036291.2],[4062209.4,3035231.3],[4062649.7,3033740.1],[4064808.3,3032169.9],[4065394,3029696.8],[4066583.8,3029622.4]],[[4055478.2,3060695.3],[4055384.2,3060857.4],[4055338.5,3060763.4],[4055478.2,3060695.3]],[[4051532.2,3053215.8],[4050771.5,3053175.4],[4051021.6,3052560.2],[4052066.7,3052418.3],[4052073.4,3052753.2],[4051532.2,3053215.8]],[[4051628.2,3068416.1],[4050044.4,3068220.2],[4051227.6,3066611.6],[4052147.6,3067727.2],[4051628.2,3068416.1]],[[4051874.1,3065011.9],[4057426.7,3064133.7],[4056872.2,3065732.8],[4055527.4,3065560.8],[4054560.9,3066553.7],[4054032.1,3065741.3],[4053878.3,3065643.2],[4053663.2,3065614.1],[4052573.9,3065578.1],[4052431.3,3065609.4],[4052100.8,3065773],[4051541.7,3065672.5],[4051352.8,3065772.7],[4051249.8,3065912.3],[4051195.2,3066503.7],[4049985.4,3066194.6],[4051095.2,3064858.5],[4050529.1,3064358.2],[4050938.6,3063935],[4051874.1,3065011.9]],[[4054832.7,3059518.7],[4053819.6,3060071.8],[4052131.3,3057800.7],[4050054.3,3056642.7],[4050203.1,3054807.3],[4050931.2,3054658],[4051203.4,3054304.9],[4051541.9,3054151.8],[4051603.7,3054598.4],[4052575.1,3056157.6],[4053630.5,3056201.1],[4054832.7,3059518.7]],[[4185737.3,3018138.5],[4184949.4,3018803.5],[4184016.6,3018278.5],[4184297.7,3018857.1],[4183572.1,3019747.9],[4180979.7,3019555.7],[4180962.4,3018780.6],[4179919,3018136.3],[4182496.1,3015389],[4180795.2,3014177.2],[4180758.1,3013390.2],[4179108.5,3013686.3],[4177567.9,3016029],[4177246.5,3014745.5],[4174907.2,3014065.7],[4174475.3,3012918.5],[4171775.7,3012303.3],[4171979.9,3011364.5],[4169784.2,3009871.3]],[[4169784.2,3009871.3],[4170280.9,3007817.3],[4173224.8,3005596.2]],[[4173224.8,3005596.2],[4172452.7,3004535.4]],[[4172452.7,3004535.4],[4172859,3001086.5],[4172239.2,3001149.8]],[[4172239.2,3001149.8],[4171145.6,3003184.2],[4169692.9,3002396.5],[4167577.6,3004053],[4166811.7,3002159.8],[4166169.6,3002024.3],[4166413.5,3001074],[4165732.7,3000687.9]],[[4165732.7,3000687.9],[4166239.1,2999143.9],[4164821.1,2998802.6]],[[4164821.1,2998802.6],[4163757.6,2999296.7],[4162594.1,2997577.4],[4161602.9,2997392.3]],[[4161602.9,2997392.3],[4161990.9,2995590.4],[4167339,2990826.1],[4168215.3,2987044.2],[4169556.5,2986557.7],[4175192.7,2987045.3],[4180021.3,2989551.2]],[[4180021.3,2989551.2],[4183291.3,2990054.7],[4190716.3,2993047.6]],[[4190716.3,2993047.6],[4195309.5,2992037.2],[4201560.9,2984334.8]],[[4201560.9,2984334.8],[4202825.8,2979420.2],[4201869.2,2975469.7],[4202716.8,2973829.2],[4204743.8,2972771.5],[4204296.6,2969383.5],[4206361.6,2965886.8],[4206944,2963540.1]],[[4206944,2963540.1],[4207896,2962721.3],[4210748.5,2962958],[4211444.9,2962265.2],[4208085.2,2957602]],[[4208085.2,2957602],[4204285.8,2956209.8],[4202538.7,2954803.4],[4202292.2,2953129],[4204355.7,2946783.1],[4205998,2944831.5]],[[4205998,2944831.5],[4206925.7,2942416.2]],[[4206925.7,2942416.2],[4208057.6,2942434.9],[4208733.1,2943155],[4210795.8,2942434.8],[4211179.1,2941324.9]],[[4211179.1,2941324.9],[4212140.5,2941149.9]],[[4212140.5,2941149.9],[4214356.7,2938299.8],[4215453,2936082.1]],[[4215453,2936082.1],[4217229.5,2935047.9],[4218987,2935301.6],[4219506.4,2936375.9],[4220217.8,2936007.1]],[[4220217.8,2936007.1],[4221086.3,2938052.9],[4220015,2943301.5],[4219102.4,2943619.9],[4219377.5,2945137.8],[4225487.9,2946741.8],[4226530.5,2946487.1]],[[4226530.5,2946487.1],[4225241.5,2946204.3]],[[4225241.5,2946204.3],[4224816.6,2945500.2],[4224812.1,2945383]],[[4224812.1,2945383],[4224934.8,2945480.2],[4225128.1,2945525.9],[4225430.5,2945447.2]],[[4225430.5,2945447.2],[4225504.9,2945537],[4225649.3,2945619.5],[4225888.3,2945905.8],[4226399.3,2946094.5],[4226662.8,2945977.1]],[[4226662.8,2945977.1],[4225441.3,2945438],[4225809.8,2944865.7],[4226107.6,2945369],[4226002.7,2944771.7]],[[4226002.7,2944771.7],[4225476,2945006.3]],[[4225476,2945006.3],[4225431,2945433.7]],[[4225431,2945433.7],[4225125.8,2945514.1],[4224799.7,2945325.2]],[[4224799.7,2945325.2],[4225564.7,2944338.7],[4226378.2,2944614.5],[4226892.8,2943820.7],[4226726.1,2942987.8],[4225799.8,2942740.5],[4225545.1,2941197.8],[4226243.4,2938989.5],[4227341.3,2938048.1],[4227077.8,2936658.4],[4229317.2,2935503.3],[4229300.1,2935021.7],[4228664.6,2935222.2],[4228890.3,2934754.3],[4230104.2,2935282.5],[4231161.1,2934467.7],[4232443.1,2934613.7],[4233977.3,2933881.3],[4234801,2935496.3],[4235700.8,2935316.3],[4235305.6,2933238.7],[4236361.1,2931619.4],[4237519.9,2932763.1],[4241320,2932876.4],[4241331.5,2930815.6],[4239558.6,2928802.2],[4238502,2928729.2],[4238834.2,2929718],[4237789.4,2930750]],[[4237789.4,2930750],[4235951.8,2929253.9],[4236632.5,2925132.5],[4236132.2,2924055.8]],[[4236132.2,2924055.8],[4234346,2923598.1],[4234140.7,2921809.8]],[[4234140.7,2921809.8],[4234963.9,2921086],[4235483.1,2920978.9]],[[4235483.1,2920978.9],[4236085.9,2922340.9],[4237663.7,2920945.4],[4240623.1,2923731.2]],[[4240623.1,2923731.2],[4241510.6,2926452.8],[4242219.6,2925585.1],[4243199.8,2926876],[4244979.4,2927554],[4243542.2,2929195.2],[4244398.7,2930869.1],[4245206.4,2930432.8],[4245059.1,2933044],[4246260,2932592.4],[4247558,2933553.4],[4247995.3,2932783.4],[4249654.8,2932212],[4251555.4,2932196.7],[4252219.5,2934574.8],[4253244.4,2935707.2],[4254267.7,2935081],[4255810.5,2935217.3]],[[4255810.5,2935217.3],[4256230.6,2933412.4],[4257254.1,2933642.7],[4257751.7,2934680.8],[4256968.6,2936047.3]],[[4256968.6,2936047.3],[4254747.1,2937092.5],[4254762.3,2938276.3]],[[4254762.3,2938276.3],[4253802.1,2939356.9],[4254130.2,2940679.3],[4254626.7,2939175.4]],[[4254626.7,2939175.4],[4255856.7,2939058.3],[4256107.2,2941115.8],[4254714.8,2943638.7]],[[4254714.8,2943638.7],[4253510.9,2943710.3]],[[4253510.9,2943710.3],[4253414.8,2945327.7],[4256136.5,2948091.3]],[[4256136.5,2948091.3],[4256283.5,2950094.2],[4255208.4,2951103.4],[4255307.9,2953797.7],[4258070,2954560.5],[4257615.2,2956155.3],[4258584.2,2956340.3],[4259768.1,2959250.1],[4258152.9,2960663.1],[4256645.9,2961071.8],[4257119.6,2962736.9],[4258664.8,2963668.2],[4258506.4,2964991.6],[4256769,2965436.9],[4255519.4,2964656],[4254572.3,2967717],[4255289.8,2968629.6],[4254650.5,2969539.4],[4255533.7,2970244.3],[4255202.4,2970982.2],[4253709.4,2969232.1],[4253091.5,2969548.2],[4253328.2,2970262],[4252880.5,2970140.3],[4253393.7,2970835.7]],[[4253393.7,2970835.7],[4252050.3,2970158.5],[4251668.3,2970882.4],[4252231.6,2971886.3]],[[4252231.6,2971886.3],[4251490.1,2973128.7],[4252730.6,2973193.8],[4251818.4,2974409],[4251463.5,2977899.1],[4250843.7,2977978.5],[4251504.1,2979582.2],[4250587.7,2982068.6],[4251148.5,2982976.5],[4250304.7,2987026.1],[4250941.6,2987649],[4251514.3,2986697.7]],[[4251514.3,2986697.7],[4252970.3,2987176.5],[4251827.3,2988443]],[[4251827.3,2988443],[4251497.6,2992468.5],[4250153.3,2993078.4],[4248358.3,2992646.6]],[[4248358.3,2992646.6],[4247735.2,2993238.8],[4248778.5,2995621.4],[4249360.8,2995731],[4249271.5,2998314.4]],[[4249271.5,2998314.4],[4250778.6,3000385.8],[4254590.8,3001216.2],[4255860.4,3000931.8],[4256447.4,3001802.7],[4257961.4,3001972.6],[4259686.2,3000620.3],[4260469.9,3000952.6],[4259608.7,2998481.5],[4260075.8,2997902.2],[4261072.9,2998777.3],[4261936.9,3001120.7],[4263068.5,3001869],[4262598.9,3003185.1],[4265360.9,3004441.5],[4268015.5,3003199],[4269294.2,3003622.9],[4271477.8,3002572.4],[4272912,3003429.4],[4273966.7,3002325.6],[4276408.9,3002216.1],[4277661.4,2998585.5],[4278928.4,2996972.2],[4283884.9,2998236.6],[4286152.4,2998119.4],[4286622.6,3000214.9],[4285785.5,3003807.3],[4287495,3005541.7],[4287280.4,3006312.1],[4285632.8,3006445.5],[4285144.2,3007161.8],[4285401.4,3009095.1],[4286454.3,3009266.5],[4284935,3012859.8],[4285432.3,3014680.3],[4286348.1,3013684.3],[4287718.2,3013703.8],[4288331.3,3012558.2],[4290700.9,3013475.4],[4291225.9,3012215.1],[4293922.8,3012495.7],[4295070.2,3013732],[4296997.8,3013587.5],[4297305.4,3014211.9],[4295115.9,3015536],[4296233.4,3017610.5],[4299850.4,3018773.1],[4303018.2,3022413.6],[4303014.5,3025495.5],[4301996.4,3027158],[4303541.4,3030553.5],[4303914,3032254.8],[4303311,3033616.1],[4303953.6,3034799.7],[4305395,3034054.6],[4306030.8,3034817.7],[4306977.4,3034686.3],[4307574.6,3034088.2],[4307347.5,3033381.6],[4311045.4,3031730.6]],[[4311045.4,3031730.6],[4311851.2,3033057.7],[4312692.2,3031870]],[[4312692.2,3031870],[4316976,3034601],[4318000.3,3034595.1],[4320280.4,3037215.3],[4320785.4,3038799.8],[4322307.8,3039398]],[[4322307.8,3039398],[4323918.8,3042581.3],[4323818.9,3046746.6]],[[4323818.9,3046746.6],[4325380.4,3049421.4],[4324276,3051076],[4324467.9,3054086.1],[4323626.5,3055645.2],[4325127.7,3057202.8],[4326750.4,3056469.2],[4326865.9,3057995.2]],[[4326865.9,3057995.2],[4325939.9,3060500.6],[4324583.9,3062434.9]],[[4324583.9,3062434.9],[4321154,3062766.1],[4319150.6,3061568.8]],[[4319150.6,3061568.8],[4317405.2,3061396.6],[4317438.1,3060479.6]],[[4317438.1,3060479.6],[4318789.1,3058831.4],[4318214.7,3057506.1],[4316029,3057463.7],[4314325.3,3058729.9]],[[4314325.3,3058729.9],[4312617,3058038],[4312298,3058828.5],[4312921.2,3060112.3]],[[4312921.2,3060112.3],[4312608.8,3062417.4],[4315619.7,3064853.2],[4314477.1,3065742.4]],[[4314477.1,3065742.4],[4316420.5,3068048.2]],[[4316420.5,3068048.2],[4316865.4,3070017.5],[4316726.7,3071579.4]],[[4316726.7,3071579.4],[4315348.3,3071975.5],[4316026.7,3073956.6],[4316580.8,3073632.1],[4317369.4,3074185.6],[4317013.7,3073309.7],[4317596.6,3073562.3],[4317792.1,3074932.1],[4317009.3,3076200.2],[4317942.2,3077558.9],[4317623.4,3078887.8],[4319345.6,3080232.2],[4320746.1,3079382.8],[4321367,3080679.3],[4322751.1,3080012.5],[4323729.1,3082402.8],[4322538.7,3081828.4],[4322526.4,3083693.7],[4325215.6,3086017.5],[4324721.1,3086830.2],[4324350.1,3086365.4],[4323889.4,3086821],[4324593.7,3087636.9],[4321967.9,3089914],[4320914.6,3089801.4],[4319731.4,3088252.8],[4318982.4,3088420.9],[4318813.5,3089041.3],[4320411.2,3091516.8],[4318641,3091397.8],[4317779.6,3090068.8],[4317489.9,3092567.4],[4319732,3091970.5],[4320355.4,3092459.5],[4321948.5,3091481],[4322739.7,3092490.1],[4323072.7,3091754.5],[4325416.4,3092460.3],[4325308.1,3092965.4],[4323991.6,3093019.1],[4324004.1,3093894.5],[4323225.1,3094200.6],[4323884.6,3095138.2],[4322357.6,3096585.2]],[[4322357.6,3096585.2],[4323501,3100096.9],[4326246.3,3099987.9],[4328263.9,3099117.8]],[[4328263.9,3099117.8],[4329486.7,3100110.7],[4330362,3099264.6],[4330231.4,3098400.6]],[[4330231.4,3098400.6],[4331373.8,3098016.8],[4332830.5,3099002.5],[4333023.2,3098329.3],[4334423.7,3098713],[4335410.2,3099553.7]],[[4335410.2,3099553.7],[4334522.5,3100832.1],[4335618.8,3100859.6],[4336052.2,3101582.7]],[[4336052.2,3101582.7],[4333950.3,3104217.1]],[[4333950.3,3104217.1],[4330851,3105276.9],[4331870.5,3106594.2],[4331070.8,3108206.6],[4332603.5,3109826.4],[4332236.1,3110787.6],[4333288.3,3110630],[4333219.8,3111761.3],[4331643.4,3111908.9],[4329257,3114335.6],[4329787.3,3115015.3],[4331252.5,3114841.7],[4332659.1,3115861.8],[4333952.7,3114469.7],[4333546.4,3112956.3],[4334957.6,3111304.3],[4335651.2,3111901.4],[4335259.3,3113841.8],[4335749.4,3114594.5],[4335029.6,3115436],[4335504.3,3117107.2],[4337057.8,3118195],[4337522.6,3119538.4],[4334775.1,3120130.2],[4334136.1,3121480.1],[4332787.4,3122341.2],[4331449.6,3121695.4],[4330757.3,3123192],[4328908.2,3122692],[4327316.3,3123956.2]],[[4327316.3,3123956.2],[4326089.6,3123713.7],[4325722.1,3124365.6],[4326504.8,3125752.1]],[[4326504.8,3125752.1],[4325330.2,3126846.1],[4324282.7,3126952.3],[4324253.7,3128157.1]],[[4324253.7,3128157.1],[4325178.8,3129448.6],[4323085.3,3129648.1]],[[4323085.3,3129648.1],[4321306.9,3130667.3],[4319093.6,3130390.5],[4319400.2,3131265.4],[4318906.3,3132099.4]],[[4318906.3,3132099.4],[4316852.2,3132684.3],[4317350,3135068.5],[4316089.6,3136565.5]],[[4316089.6,3136565.5],[4315654.9,3139566.7],[4316224.1,3142380.4]],[[4309919.9,3143556.3],[4307921.1,3144461.2],[4306648.5,3143994.5],[4307020.5,3141695.3],[4306386.9,3142214.7]],[[4295435.3,3134946],[4295772,3134592.6],[4295855.2,3134666.9]],[[4295855.2,3134666.9],[4295454.4,3135100.9],[4293392.5,3134933.9]],[[4290900.9,3136664.6],[4290287.2,3137487.7],[4289561,3138801.7]],[[4294476,3152411.9],[4292184.1,3156514.4],[4292624.9,3157107.6]],[[4296635.7,3160091.6],[4295138.8,3162150.9],[4295359.7,3163756],[4298977.5,3161809.9],[4299565.3,3162892.6],[4295911,3166547.3],[4295101.5,3169666.6]],[[4289364,3170087.3],[4288034.6,3168545.8],[4286931.8,3168583.3],[4285818.3,3169498]],[[4285818.3,3169498],[4286281.4,3171455.3],[4285791.9,3172045],[4282978.3,3170808.8]],[[4282978.3,3170808.8],[4282166.4,3171177.2],[4282610.5,3170527.2]],[[4275064.4,3167326.6],[4277589.7,3164734.6],[4275773.4,3163103.6]],[[4272998.5,3155973.6],[4271492.8,3156325.1],[4269906.3,3154378.7]],[[4260907.2,3149174.9],[4258647.3,3148418],[4257683.8,3148821.4],[4257550.1,3150437.4]],[[4253013.3,3156931.1],[4244727.8,3153729.2],[4243941.2,3152480],[4246032.9,3148905]],[[4232765.5,3140938.7],[4229814.8,3141372.6],[4228839.1,3140814],[4229273.6,3139910.2]],[[4226082.4,3137860.1],[4223756.4,3135688],[4222832.4,3133439.2]],[[4222832.4,3133439.2],[4220273.7,3130604.6],[4221751.6,3129466]],[[4221751.6,3129466],[4222535.1,3127459.5],[4224012.6,3127104.3],[4225230.8,3128705.4]],[[4229291.4,3111736.8],[4226991.1,3110146.2],[4220033.4,3111291.9],[4218816,3110426.2],[4217823.2,3110518.2],[4216008.8,3108676.6],[4217740.2,3106787.6]],[[4212018.7,3093258.5],[4212448.7,3090611.7],[4210785.6,3090781.3],[4207549.5,3087953.1]],[[4188990.2,3066711.3],[4187432.7,3063896.5],[4187368.1,3062364.7]],[[4187368.1,3062364.7],[4189453.8,3059422.6],[4189226.1,3057953.7],[4188354.1,3057046.9],[4190151.7,3055846.2]],[[4190151.7,3055846.2],[4188742.1,3051669.9]],[[4188742.1,3051669.9],[4189003,3050608.2]],[[4189003,3050608.2],[4187689,3050239.3],[4187018.4,3049462],[4187828.5,3049238.4]],[[4187828.5,3049238.4],[4187639.3,3048773.2],[4186533.1,3048488.7],[4184227.8,3049131.5]],[[4184227.8,3049131.5],[4183980.8,3050368.3],[4182215.8,3051329.7]],[[4182215.8,3051329.7],[4177943.2,3046362.3]],[[4177943.2,3046362.3],[4178396.9,3044899.9],[4177592.1,3044594.3],[4177587.7,3043393.9],[4178149.7,3041996.1],[4179738,3040647.4],[4179729.2,3039778.2],[4177169.4,3038170.2],[4178087.3,3037901.1],[4177942.6,3036462.8]],[[4177942.6,3036462.8],[4176333.7,3035076.8],[4177596.8,3034930.3]],[[4177596.8,3034930.3],[4177787.5,3033713.1],[4180538.6,3034007.1],[4179805.7,3032124.9],[4181816.4,3032309.5],[4181967.3,3031069.3],[4182362.5,3031559.9],[4182982.1,3031091.2],[4184110.3,3028011.1],[4183681.2,3026194.5],[4185916.4,3025631.5],[4185835.6,3023731.2],[4187018.4,3022590.4]],[[4187018.4,3022590.4],[4187123.1,3020074],[4185737.3,3018138.5]],[[4225582.3,2944808.5],[4225455.6,2944948.4]],[[4225455.6,2944948.4],[4225646.2,2944859.3],[4225582.3,2944808.5]],[[4225926.6,2946100.1],[4225866,2945931]],[[4225866,2945931],[4225774.6,2945907.4],[4225926.6,2946100.1]],[[4293570.3,3161307.2],[4293824.7,3161149],[4293804,3161034.9],[4293570.3,3161307.2]],[[4122977.4,2943760.7],[4123841.7,2939734.1],[4125797.8,2939451.1]],[[4125797.8,2939451.1],[4125516,2938738.3],[4126193,2938085.4],[4124472.3,2937404.4],[4123787.2,2933812.9],[4125072.9,2933677],[4125720.9,2932621.4],[4124348,2930690.6],[4121305.1,2929641.9],[4121953.3,2929010.5]],[[4121953.3,2929010.5],[4121737,2927983.3],[4122303.8,2927084.5]],[[4122303.8,2927084.5],[4124467.2,2926169.9],[4124950,2924223.5],[4124254,2923283.7],[4127210.2,2921951.1],[4129001.8,2921989.1],[4128915.2,2921405.8],[4129963.3,2921310],[4129702.8,2920146.3],[4131992.2,2921010.9],[4132309.7,2920541.9],[4131667.5,2920081.2],[4132331.1,2919204.5],[4131445.4,2918967.6],[4132360.3,2918110.5],[4132232.4,2917185.2],[4130386.8,2915345],[4130581.6,2914906.6],[4131455.1,2915342.1],[4131618.9,2914699.7],[4130525.3,2913803.6],[4130960.2,2912341.1],[4129289,2910667.9],[4128621.2,2911312.5],[4127069.6,2910762.1],[4127781.5,2909936.2],[4126375.9,2908575.4],[4126199.2,2907462],[4124993.8,2908450.4],[4124714.5,2907203.7],[4123553.6,2906221.7],[4124615.2,2904601.5],[4123938,2902786.7],[4126965.9,2900321.5],[4126735.4,2899427.9],[4127745.4,2897902.9],[4128637.2,2897366]],[[4128637.2,2897366],[4129106.4,2897732.2],[4128887.5,2898882.4],[4134789.6,2900035.5],[4134029.4,2899593],[4134461,2898719],[4133899.4,2897888.3],[4134840.7,2898315.7],[4135707,2897612.6],[4138257.5,2898275.9],[4138343,2896680.5],[4139099.7,2896612.5],[4139047.6,2896129.1],[4137795.6,2894613.4],[4139644,2892850],[4140521.6,2890132.4],[4143004.5,2888178.4],[4145744.6,2888424.7],[4147796.4,2887290.9],[4147872.6,2885201.6],[4150997,2883993.9],[4152686.4,2884473.3],[4152594.5,2885374.5],[4154441.7,2884570.1],[4155205.3,2885050.9],[4155204.7,2883760.8],[4157628.5,2883934.3],[4159809.6,2886043.8],[4164998.4,2882244.5],[4166684.1,2883999.5],[4168682.6,2883009.5],[4169981.4,2884867.6],[4172322.2,2883019.4],[4172891.6,2881302.4],[4174754.7,2881450.8],[4178305.7,2879794.6],[4179781.4,2877702.3],[4181041.8,2876985.6],[4183641.2,2876571.5],[4185439.5,2875486],[4188802.1,2875385.1],[4189137.1,2874243.4],[4190854.3,2875205.3],[4191558.7,2874132.6],[4195313.1,2877081],[4197638.7,2883878.9]],[[4197638.7,2883878.9],[4201181.9,2888827.6],[4202259.3,2894368.1],[4201975.7,2896246],[4204814.3,2902074],[4204131.9,2902632.5],[4203342,2901935],[4203667.8,2903576.5]],[[4203667.8,2903576.5],[4211075.2,2910058.4],[4210730.2,2911332.7],[4208726.4,2912410.7],[4208342.6,2913487.7]],[[4208342.6,2913487.7],[4211865.8,2918107.4],[4212126.1,2920674.9]],[[4212126.1,2920674.9],[4210051.3,2918969.5],[4209428.9,2920228.8],[4211852.1,2922152.9]],[[4211852.1,2922152.9],[4212768.3,2925830.3],[4212069.2,2926655.6]],[[4212069.2,2926655.6],[4208973.4,2926834.2],[4208058.7,2927598.4],[4208171.3,2928503.9]],[[4208171.3,2928503.9],[4209650.8,2929809.5],[4208178.8,2932299.5],[4206295.4,2939092.5]],[[4206295.4,2939092.5],[4206952.4,2942322.6],[4205998,2944831.5]],[[4205998,2944831.5],[4204154.3,2947192.9],[4202254.8,2953335.5],[4202890.8,2955282.8],[4208085.2,2957602]],[[4208085.2,2957602],[4211467.5,2962110.9],[4210845.6,2962940],[4208182,2962657.6],[4206944,2963540.1]],[[4201560.9,2984334.8],[4195133.7,2992179.9],[4190716.3,2993047.6]],[[4180021.3,2989551.2],[4175336.5,2987086.1],[4169286.4,2986575.7],[4167864,2987641.2],[4167019.6,2991268],[4161499.9,2996419.5],[4161602.9,2997392.3]],[[4164821.1,2998802.6],[4166316.3,2999237.9],[4165732.7,3000687.9]],[[4172239.2,3001149.8],[4172916.7,3001156.5],[4172452.7,3004535.4]],[[4173224.8,3005596.2],[4169888.4,3008400.2],[4169784.2,3009871.3]],[[4185737.3,3018138.5],[4187123.1,3020072.8],[4187018.4,3022590.4]],[[4177596.8,3034930.3],[4176804.7,3034697.1],[4176290.1,3035308.4],[4177942.6,3036462.8]],[[4177943.2,3046362.3],[4178932,3046994.8],[4178667.1,3047534.7],[4182215.8,3051329.7]],[[4184227.8,3049131.5],[4187637.1,3048770.8],[4187828.5,3049238.4]],[[4187828.5,3049238.4],[4187079.9,3049631.3],[4189003,3050608.2]],[[4188742.1,3051669.9],[4190172.8,3055215.3],[4190151.7,3055846.2]],[[4187368.1,3062364.7],[4187595.1,3064395.5],[4188572.8,3065495.9]],[[4168624.5,3090681.7],[4169802.1,3092898.8],[4168345.3,3093110.5],[4167296.3,3094403.2],[4165874.9,3094660.8],[4164695.7,3093287.7]],[[4146047.4,3072067.7],[4146091.5,3072349.8],[4145902.6,3072493.6]],[[4068458,3030936.8],[4069263.5,3033556.1],[4068466.1,3034896.7],[4067483.2,3034864.8]],[[4067087.6,3034094],[4066105.8,3035381.8],[4066615.9,3036208.2]],[[4066008.7,3037089.2],[4063992.6,3036576],[4064598.4,3034042.5]],[[4064720.3,3033613.4],[4065221.3,3031898.3],[4065842.7,3030759.7]],[[4066583.8,3029622.4],[4063476.3,3029697.6],[4062879.2,3028765.7],[4061749.4,3028813.7],[4062068.4,3027899.4],[4060644.1,3029424.6],[4060044.8,3029221.9],[4059965.2,3030018.6],[4058056,3029744.6],[4058228.6,3028790.8],[4057261.9,3028539],[4057385.8,3027790.8],[4056454.7,3026919.4],[4056750.1,3025004.6],[4055756.7,3023863.1],[4054393.7,3024097.5],[4051252,3023049.3],[4049748.2,3020946.6],[4048266.9,3020796.4],[4048279.3,3019730.8],[4047527.6,3019083.6],[4049041.7,3017410.3],[4048612.9,3015965.4],[4049167,3014817.6],[4047066.2,3014520.6],[4046816.7,3013769.9],[4045887.5,3014506.8],[4045898.7,3013681.2],[4045310.9,3013479.2],[4045841.9,3012586.2],[4044692.9,3012056.3],[4045254.9,3011223.1],[4046169.9,3011416.7],[4046243.7,3010490.8],[4045023.4,3009760.3],[4044324.6,3008302.2],[4044669.8,3006301]],[[4044669.8,3006301],[4043921.8,3005855.6],[4044434.4,3005213.9],[4043489.4,3005059.4]],[[4043489.4,3005059.4],[4043100.2,3003159.8],[4044041.2,3002991.8]],[[4044041.2,3002991.8],[4042760.2,3001476.1],[4043577,3001492.8]],[[4043577,3001492.8],[4043366.8,3000712.6]],[[4043366.8,3000712.6],[4044211.9,2999268.4]],[[4044211.9,2999268.4],[4043829.8,2998100.4]],[[4043829.8,2998100.4],[4044936.2,2997279.1]],[[4044936.2,2997279.1],[4044292.6,2996541.3]],[[4044292.6,2996541.3],[4043745.5,2996894]],[[4043745.5,2996894],[4045129,2995747.4]],[[4045129,2995747.4],[4044728.8,2994557.9]],[[4044728.8,2994557.9],[4044211.6,2994610.3]],[[4044211.6,2994610.3],[4046628.6,2992937.7],[4046005.9,2991389.5]],[[4046005.9,2991389.5],[4046843.7,2989537.9],[4047544.2,2989756.6],[4047064.9,2990647.7],[4047840.5,2991282.7]],[[4047840.5,2991282.7],[4048248.8,2988840.8]],[[4048248.8,2988840.8],[4048811.6,2989564.5],[4050094.8,2988928.7],[4049535.1,2988336.2],[4050140.8,2986612.7],[4049526.4,2985984.5],[4050480.8,2985404.5]],[[4050480.8,2985404.5],[4050528.7,2983352.8]],[[4050528.7,2983352.8],[4052444.8,2981114.3]],[[4052444.8,2981114.3],[4054532.4,2980336.8],[4054865.3,2979374.5],[4055914.6,2979710.8],[4056833.1,2975921.5]],[[4056833.1,2975921.5],[4057948.7,2977263.9]],[[4057948.7,2977263.9],[4059603.4,2977409.2]],[[4059603.4,2977409.2],[4061891,2974069.3]],[[4061891,2974069.3],[4064114.3,2972713.7]],[[4064114.3,2972713.7],[4065869,2972722.2]],[[4065869,2972722.2],[4067174.7,2973901]],[[4067174.7,2973901],[4069943.5,2971506.7]],[[4069943.5,2971506.7],[4070650.2,2972700],[4071298.6,2972189.9]],[[4071298.6,2972189.9],[4069481.6,2970082.7]],[[4069481.6,2970082.7],[4070246.9,2969327.4]],[[4070246.9,2969327.4],[4069693.2,2968359.7]],[[4069693.2,2968359.7],[4070275.5,2967046.4]],[[4070275.5,2967046.4],[4068920.1,2965979.4]],[[4068920.1,2965979.4],[4068918.5,2963809.7]],[[4068918.5,2963809.7],[4069957,2962667.8]],[[4069957,2962667.8],[4068422.7,2963013.1]],[[4068422.7,2963013.1],[4069084.9,2961510]],[[4069084.9,2961510],[4065639.2,2959266.7]],[[4065639.2,2959266.7],[4063273.6,2956668.9],[4063148.1,2956137.1],[4064111.3,2955498],[4062554.6,2951615.6]],[[4062554.6,2951615.6],[4059130.1,2948685]],[[4059130.1,2948685],[4059435.1,2946894.9],[4057691.3,2946575.2],[4059359.6,2944826],[4059195.1,2944023.8]],[[4059195.1,2944023.8],[4061507.3,2943523.1],[4061553.4,2943048.2]],[[4061553.4,2943048.2],[4062741,2943642.3],[4064264.6,2942358.4],[4065846.3,2942893.7],[4067266.9,2941351.6],[4068776.3,2941768.7],[4068882.4,2940934.7],[4070533.8,2942191],[4071688,2941740.1],[4072355,2942237.4],[4073402.1,2940136],[4075251.4,2939442.5],[4076172.1,2941493.7],[4077342.3,2942138.3],[4078312.3,2941788.4],[4078852.8,2943115.6],[4079617.4,2942136.2],[4081101.2,2942677.3],[4081477.6,2941206.9],[4082843.4,2943130.3],[4084760.1,2943856.6],[4085761.7,2943552.9],[4090661.4,2947134.4],[4092165.4,2946064.5],[4092511.8,2947125.8]],[[4092511.8,2947125.8],[4092844.1,2946814.1]],[[4092844.1,2946814.1],[4094421.8,2948750],[4095254.5,2948078.6],[4096722.1,2949559.2],[4099136.8,2949038.6],[4099022.4,2949687.8],[4099736.9,2949620.5],[4099491.9,2951106.4]],[[4099491.9,2951106.4],[4100094.3,2951523.6],[4100618.3,2951506.9],[4100791.3,2950373.2]],[[4100791.3,2950373.2],[4102525.7,2951468.5],[4103716.3,2951414.4],[4103242.7,2949804.2],[4106345.4,2951750.9],[4108573.4,2950650.1],[4110530.6,2947138],[4111482.8,2947785.7],[4111719.4,2947042.5],[4113074.8,2946584.7],[4115179.5,2947441.3],[4116646.2,2947081.6],[4116491.8,2945472.3],[4117631.5,2944171.4],[4119242,2944320.3],[4119437.4,2943034.4],[4121122.9,2943181.8],[4123492.4,2944937.4],[4122977.4,2943760.7]],[[4236472.6,2727608.5],[4237810.4,2727136],[4240206.2,2727980.9]],[[4240206.2,2727980.9],[4241238.3,2727715.3],[4245761.1,2730846.5],[4246453.6,2731835.4],[4245803.2,2732789],[4241458.7,2735545.2],[4241685.9,2736150.7],[4243075.2,2736502],[4247016,2734490.7],[4245976.1,2736068.9],[4244762.3,2736541.5],[4245184.8,2737188.1],[4252942.9,2732869.1],[4254071.5,2731216.3]],[[4254071.5,2731216.3],[4252787.4,2731011.2],[4252788.8,2730719.4]],[[4252788.8,2730719.4],[4254397.2,2730517.5],[4255342.2,2729299.7],[4255508.5,2728574.2],[4257722.9,2728853.8],[4257248.8,2728628]],[[4257248.8,2728628],[4259058.5,2727052.7],[4259497.9,2727265.8]],[[4259497.9,2727265.8],[4259211.1,2728137.1],[4259218.9,2728276.8],[4259327.1,2728464.8],[4262232.1,2728350.8],[4261475,2730722.7],[4259392.7,2732900.5],[4258966.7,2736001.2]],[[4258966.7,2736001.2],[4257170.9,2737600.3],[4256150.7,2737428],[4252042.8,2740235.1],[4248369,2743926.3]],[[4248369,2743926.3],[4249008.8,2745360.3],[4250651.1,2745060.9],[4256277.7,2740058.1]],[[4256277.7,2740058.1],[4262280,2737103.7],[4263822.6,2733362.8],[4267634.4,2730118.9],[4272082.4,2727694.6],[4276462.4,2728462],[4280600.7,2726234]],[[4280600.7,2726234],[4282822.1,2726481.2],[4284628.5,2724618.9]],[[4284628.5,2724618.9],[4284760.6,2723131.9],[4286317.1,2720188.4],[4287810.7,2719110.8]],[[4287810.7,2719110.8],[4290586.8,2719498.9],[4291907,2718530.9]],[[4291907,2718530.9],[4292960.6,2719980.5]],[[4292960.6,2719980.5],[4294204.2,2719647.5],[4293631.6,2720997.4]],[[4293631.6,2720997.4],[4294938.2,2721372.1],[4295289,2722109.4],[4297016.3,2721269.1],[4297838.4,2721927.3],[4298910.4,2720947.1],[4301885.5,2722652.3],[4301437,2721243],[4302113.8,2721073.5],[4304293.9,2724083.9],[4305608.4,2724708],[4305975.3,2725703.7],[4305474.3,2726018],[4307166.4,2726245.4],[4308075.3,2727113.4],[4308265,2728684.4],[4308830.9,2728433.4],[4309000.2,2729337.2],[4311556.6,2729159.4],[4313104.4,2727654.8],[4317948.7,2726498.4],[4319142.1,2726989.1],[4319250.5,2728021.6],[4321037.9,2729923.3],[4323104.8,2730466.4],[4323286.1,2728991.6],[4325491.2,2729603],[4326658.6,2727194.3]],[[4326658.6,2727194.3],[4326419.4,2725546.5],[4326792.5,2725058.1]],[[4326792.5,2725058.1],[4327134.1,2726794.9],[4328087.8,2727904],[4327764.4,2728874.2],[4329521.9,2728070.1]],[[4329521.9,2728070.1],[4330733.8,2729170.2],[4330646.1,2730798.6]],[[4330646.1,2730798.6],[4331497.6,2732148.7],[4329681.6,2733912.8],[4329928.5,2738437.5],[4327202.1,2739722.7],[4326970.3,2740852.1],[4325877.8,2741258.3],[4327853.5,2743428],[4329750.6,2743032.2],[4329297.6,2743676.8],[4329973.3,2744349.9],[4331338.5,2744016.8],[4330829.6,2745442.2],[4328697,2747644.5],[4329046.1,2748833],[4327922,2747878.5],[4328895.6,2750088.5],[4327225.4,2749117.2],[4326762.4,2750480.4],[4327858.9,2750419.6],[4329012.8,2751652.7],[4328149.4,2752357.5],[4329409.5,2755894.6],[4328851.1,2756607.5],[4329317.9,2757995.6],[4327707.9,2759354.9],[4327334.5,2760766.4],[4327871.7,2762022],[4329664.9,2762538.5],[4329930.4,2765615.4],[4331064.7,2767095.3],[4330550.3,2768826.5],[4331734.9,2771724.1],[4331740,2773416.8],[4331105.1,2773720.2],[4331495.4,2776015.1],[4331125.1,2777610.2],[4328999.3,2779860.3],[4327393.3,2785367],[4327331.2,2787996.9],[4325747.8,2791245.3],[4325881.6,2796433.7],[4324147.5,2797877.6],[4321711,2803321.2],[4320865.3,2803769.1],[4320988,2805571.9],[4320130,2806335],[4319413,2805452.5],[4318593.6,2806778.7],[4320243,2808933.4],[4322085.8,2810087.1],[4322310.4,2811663.6],[4324071.7,2812939.1],[4323065.3,2813713.6],[4323834.4,2814537.1],[4323324.3,2816005.5],[4325659.3,2815650.9],[4328777.7,2818244.5],[4329680,2818004.5],[4329822.5,2816888.9],[4330909.3,2815719.3],[4333747.8,2816206.2],[4333929.3,2817314.7],[4334646.8,2817093.7],[4334647.3,2817727.4],[4334048.4,2817555.4],[4334376.4,2817993.9],[4338861,2819845.2],[4338805,2821431.1],[4337838.1,2821325.1],[4338612.8,2821612.1],[4338064,2821927.6],[4339316,2821865.8],[4340026.4,2822919.8],[4342187.1,2822547.3],[4344061.8,2823333.6],[4343282.5,2824905.8],[4343332.2,2826062.8],[4344331.3,2826969],[4343941.1,2829310.3],[4342631.3,2830747.9],[4342916.6,2832332.1],[4343794.6,2832016.6],[4344831.5,2832889.4],[4342959.1,2834573.9],[4341658.7,2837077],[4340774.4,2837056.3],[4340905.6,2837664.8],[4340123.4,2838157.3],[4340606,2838479.6],[4339738,2839060.5],[4340504.8,2839890.8],[4339863.5,2840825.4],[4340725.7,2840768.3],[4341092.9,2841408.1],[4340785.8,2843405.8],[4344300.5,2841064],[4344374.3,2841747.3],[4345863.8,2841778.9],[4346583.5,2840729.1],[4346876.6,2837981.5],[4347611.8,2837784.9],[4348150.2,2839002.2],[4349684.3,2839385.5],[4349873,2841602],[4350913.4,2842847.9],[4351982.4,2842386.6],[4352792.9,2842978.8],[4353365.8,2842335.1],[4352668.5,2841507.3],[4352135.4,2841997.5],[4351845.9,2841112.8],[4352393.8,2840078.5],[4351100.1,2839462.2],[4351251.5,2838709.5],[4354091,2839192.3],[4356495.8,2841582.4]],[[4356495.8,2841582.4],[4357504.3,2841788.5],[4355729,2843388.6]],[[4355729,2843388.6],[4356573.8,2844026.4],[4355463.1,2844768.4],[4355230.6,2846159.9],[4354478.8,2846329.9],[4355139.5,2847100.8],[4354119.5,2846953.7],[4353967.5,2846115.6],[4353346.4,2847383.1],[4352739,2847220.1],[4352979.2,2847631.2],[4351602.7,2848365.1],[4352498.5,2849263.8]],[[4352498.5,2849263.8],[4351341.8,2851094.3],[4351897.7,2851496.6],[4352639.1,2850833.2],[4352938.2,2851548.2],[4352379.9,2852115.9],[4352935.1,2853019.3]],[[4352935.1,2853019.3],[4351936.7,2854062],[4354111.9,2855439.8]],[[4354111.9,2855439.8],[4353997.1,2857554.4],[4352315.4,2858281.9]],[[4352315.4,2858281.9],[4352379.8,2858928.8],[4354032,2859834],[4354312.5,2860887.1],[4353620.2,2863110.4]],[[4353620.2,2863110.4],[4354260.4,2864205.7],[4351887.8,2865961.5],[4353547.4,2866241.4]],[[4353547.4,2866241.4],[4354513.4,2867207.7],[4353096.6,2868979.3],[4354087.4,2869586.7]],[[4354087.4,2869586.7],[4353478.5,2870394.9],[4352563.5,2870433.7],[4351778,2872883.5]],[[4351778,2872883.5],[4350577.9,2872710.1]],[[4350577.9,2872710.1],[4350402,2873538.9],[4351168,2874015.9],[4349894.3,2875305.4],[4348934,2875093],[4348944.6,2876304.9]],[[4348944.6,2876304.9],[4346912.7,2876900.2]],[[4346912.7,2876900.2],[4347167.9,2877657.9],[4346278.3,2878306.5],[4346618.7,2879519.6],[4345350.9,2879929.5],[4345068.1,2879056.7],[4344492.8,2879192],[4343129.7,2879855],[4343255.4,2880611.6],[4342575,2881084.8],[4341879.5,2881051.5],[4341799,2880422.9],[4340395.7,2881383.1],[4339444.9,2880681.4],[4339751.4,2883188.3],[4340408.9,2883217.8],[4339876.9,2884150.4],[4338101.9,2884823.7],[4338600.2,2885474.4],[4339056.3,2885218.2],[4339298.2,2886609.4]],[[4339298.2,2886609.4],[4337660.1,2886251.5]],[[4337660.1,2886251.5],[4337275.2,2887239.6],[4336465.5,2886818.3],[4335901.5,2887159.7],[4336397.3,2887106.1],[4336731.4,2888938.4]],[[4336731.4,2888938.4],[4337635.2,2888601.7],[4337749,2888698.7]],[[4337749,2888698.7],[4337434.6,2889700.4],[4339769.4,2890690.5],[4339109.6,2892935.5],[4338393.8,2892955.2],[4336913.8,2894511.8],[4335361.3,2893649.4],[4335242.3,2895223.2],[4333931,2895590.7],[4334224.2,2896630.5],[4333258.4,2896141.2],[4332445.5,2897738.1],[4330102.4,2898430.7],[4330555.7,2898900.9],[4330163.8,2899759.8],[4331241.6,2899536.5],[4329727.8,2903778.5],[4330692.8,2904478.1],[4328958.3,2904986],[4329669.9,2904975.4],[4329322,2905959.9],[4329965.9,2906872.5],[4330548.3,2906867.4],[4329912.4,2906643.5],[4330195.1,2905496.6],[4330739.6,2905477.5],[4331873,2906236],[4331544.9,2906919.7],[4332400.3,2907580.9],[4330623.1,2909720],[4331572.3,2911502.3],[4331167.1,2912687.1],[4329948.3,2912411.8],[4328787.5,2913278.4],[4329221.4,2913641.6],[4328502.5,2914283.5],[4328764.7,2915562.9],[4329878.9,2915264.5],[4330056.5,2915887.3],[4329234.1,2916309.4],[4329517.9,2917357],[4328783.4,2918449],[4329837.7,2919448.9],[4331498.9,2918968.9],[4332744.2,2920274.3],[4331083.3,2921140.1]],[[4331083.3,2921140.1],[4332049.3,2920937.1]],[[4332049.3,2920937.1],[4332067.8,2922091.7],[4330657.1,2925014.1],[4329623.7,2925678.6],[4329111.7,2925081.6],[4327881.4,2926136.3],[4328616.3,2927806.5],[4329857.8,2927887.7],[4328266.4,2930952.3],[4329782.7,2933139.3],[4328654.3,2933589.3],[4326976.1,2933152.6],[4326708.7,2934945.4],[4327496.2,2935287.9],[4327330,2936609.8],[4325464,2936929.3],[4325441.7,2936073],[4323880.1,2935121.9],[4325140.4,2934058.3],[4324813.1,2933001.8],[4323040.3,2932351.9],[4322456.2,2930242.4],[4320439.6,2930387.7],[4319187.7,2929791.1],[4319004,2930336.7],[4317498.9,2929737.3],[4315852.4,2930114.3],[4314763.1,2931153.1],[4315576.8,2932872.6],[4314980.5,2934039.8],[4315721.6,2935913.6],[4315285.4,2937585.7],[4315745.4,2937582.9],[4315297,2938956.6],[4313609.9,2938870.6],[4314652.2,2941442.9],[4313593.3,2941600.4],[4311968.3,2940648],[4310817.7,2937022.8],[4308532.7,2937660.8],[4307839.6,2938460.5],[4307336.3,2938158.1],[4310061.5,2940557.7],[4309536.3,2942454.5],[4310842.7,2943371.4],[4310684.4,2943931.8],[4311806.5,2944150.8],[4310558,2947656.8],[4308748.8,2948670.4],[4308236.1,2951071.1],[4309495,2952331.9],[4308697.6,2952868.1],[4308930.5,2954412],[4306308.7,2956517.6],[4306570.3,2957612],[4303168.8,2955302.5],[4303035.9,2953824.3],[4302193.8,2952868.6],[4301355.7,2952862.7],[4300123.5,2957197.6],[4299418.8,2956073.9],[4297704.5,2956014.7],[4297628.4,2953463.2],[4295974.8,2952772.4],[4294464.2,2953456.3],[4293973.9,2954594.5],[4295185.1,2956818.3],[4293997.6,2957733.7],[4295547.5,2958563.2],[4295001.3,2958676.3],[4295449,2959424.1],[4294870.8,2959946.4],[4295834,2961527.5]],[[4295834,2961527.5],[4295706.5,2964360.5],[4290842.8,2962939]],[[4290842.8,2962939],[4290749.2,2963593.1],[4289354.2,2963155.7]],[[4289354.2,2963155.7],[4289578.3,2959162.2],[4288923,2959447.5],[4288156.7,2961707.4],[4286095.6,2961239.4],[4285876.6,2963424.8],[4285096.8,2964139],[4283515.5,2963977.9],[4282011.2,2962025.9],[4279508.2,2964275.4],[4277167.6,2962160.8]],[[4277167.6,2962160.8],[4275661.6,2963149.8],[4274315.8,2962061.5]],[[4274315.8,2962061.5],[4271745.5,2961977.4],[4272195.7,2959235.5]],[[4272195.7,2959235.5],[4270249.5,2958682.7],[4272183.5,2957826.6]],[[4272183.5,2957826.6],[4273524,2958160.1],[4275857.1,2957450.2],[4273706.8,2956437.8],[4274655.8,2954812.5],[4276326.3,2954934.1]],[[4276326.3,2954934.1],[4276705.2,2957879.2]],[[4276705.2,2957879.2],[4277724.2,2957621.2],[4277834.2,2956619.3],[4279060.3,2955620.4]],[[4279060.3,2955620.4],[4279195.7,2953301.4],[4278144.2,2952032.4]],[[4278144.2,2952032.4],[4278565.4,2951591.4],[4277464.9,2951200.6],[4279080.5,2949739.5],[4278104.1,2948255],[4276378.8,2947990.2],[4275271.4,2949713.8],[4273559.6,2948157.6],[4270742.3,2949370.1],[4269372.9,2947257.8],[4268388.3,2947152.7],[4268283.4,2946226.9],[4269330.4,2944923.2],[4267844.5,2944051.8],[4267439.2,2942543.4]],[[4267439.2,2942543.4],[4266724,2942587.5],[4266696.9,2941599.5]],[[4266696.9,2941599.5],[4266063.6,2941246.3],[4262735.2,2940441.9]],[[4262735.2,2940441.9],[4259717.6,2941121.1]],[[4259717.6,2941121.1],[4257381,2940460],[4256461.9,2941102.7],[4255748,2939028.9],[4254626.7,2939175.4]],[[4254626.7,2939175.4],[4254313.1,2940643.2],[4254006.6,2940683.1],[4253774.6,2939453.4],[4254762.3,2938276.3]],[[4254762.3,2938276.3],[4254681,2937172.9],[4256968.6,2936047.3]],[[4256968.6,2936047.3],[4257723.3,2934146.8],[4256269.6,2933384.4],[4255810.5,2935217.3]],[[4240623.1,2923731.2],[4237563.9,2920912.2],[4236389.5,2922281.2],[4235897.2,2922288.2],[4235483.1,2920978.9]],[[4235483.1,2920978.9],[4234140.7,2921809.8]],[[4236132.2,2924055.8],[4236580.2,2924846.9],[4235832.7,2928931],[4237789.4,2930750]],[[4224799.7,2945325.2],[4225431,2945433.7]],[[4225476,2945006.3],[4225685.5,2944872.2],[4226002.7,2944771.7]],[[4226662.8,2945977.1],[4225430.5,2945447.2]],[[4225430.5,2945447.2],[4224812.1,2945383]],[[4225241.5,2946204.3],[4225692.7,2946377.4],[4226035.5,2945988.2],[4226530.5,2946487.1]],[[4220217.8,2936007.1],[4219427.1,2936339.9],[4218261.9,2935096.8],[4215453,2936082.1]],[[4215453,2936082.1],[4212140.5,2941149.9]],[[4211179.1,2941324.9],[4209969.9,2943020.7],[4206925.7,2942416.2]],[[4206925.7,2942416.2],[4206295.4,2939092.5]],[[4208171.3,2928503.9],[4208045.5,2927633.6],[4208914.3,2926848.1],[4212069.2,2926655.6]],[[4212069.2,2926655.6],[4212780.5,2925753.7],[4211852.1,2922152.9]],[[4212126.1,2920674.9],[4211790.2,2917897.4],[4208342.6,2913487.7]],[[4208342.6,2913487.7],[4208699,2912435.4],[4210789.7,2911254.5],[4211017.2,2909853.9],[4208842.1,2908543.9],[4203667.8,2903576.5]],[[4197638.7,2883878.9],[4195601.9,2877470],[4191920.7,2874327.3],[4188867.8,2873075],[4184007,2865127.3],[4181035.5,2856872.2],[4179025.3,2854894.6],[4176229.8,2854589.6],[4174932.8,2851681.3],[4171900.5,2851489.4],[4170815.8,2847085.5],[4165646.9,2841134.7],[4161962.7,2839059.1],[4158893.5,2833166.5],[4158833.9,2824777.4],[4158058,2823407.1],[4155964.6,2822007.9],[4155586.3,2818106],[4153020.2,2811533.2],[4153691.9,2804054.9],[4149806.5,2801284],[4147565.3,2792532.3],[4145891.7,2791042.7],[4142492.2,2785669.4],[4142246.4,2783185.1],[4140566,2781409.6],[4139651.6,2771976.6],[4142601.3,2767893.6],[4143369.9,2764925.4],[4140307.5,2760371.2],[4140034.2,2756602.3],[4138167.5,2754608.5],[4138523.1,2750704.9],[4135810.6,2743813.9],[4136984.3,2738291.1],[4134156.9,2734626.7],[4134848,2730717.5],[4137987.1,2727414.1],[4138559.7,2725506],[4139844.9,2724074.4],[4139576,2722543.4],[4140747.4,2721952.3],[4140727.7,2721168.5],[4142046.6,2721179.6],[4143862,2723189.4],[4146064.1,2722566.8],[4146675.7,2723271.5],[4147494.4,2723499],[4145790.1,2722051.6],[4147084.2,2720246.4],[4146783.7,2719612.4],[4146620.7,2720244.8],[4146129.9,2719425.5],[4142856.3,2719246.2],[4145385.4,2716316.3],[4147392.7,2715924.7],[4154510.9,2718192.1],[4156225.7,2719696.4],[4157174.5,2721784],[4158590,2721093.3],[4160556,2721767.8],[4162365.4,2721571.7],[4163702.7,2719776.1],[4163718.2,2717500.6],[4166151.7,2716625.1],[4167366.7,2718172.7],[4171966.1,2717185.1],[4175468.8,2718661.7],[4177129.6,2717869.8],[4178747.7,2720597.6],[4180716.4,2720676.3],[4181707.8,2721981.7],[4182900.5,2721768.7],[4186001.5,2724681.9],[4187088.5,2724282.2],[4187572.8,2722868.3],[4189882.1,2723950.3],[4190475.5,2723272.4],[4192293.8,2723320.5],[4192927.1,2722779.1],[4192893.2,2720986.7],[4194834.5,2719113.9],[4199206.2,2718230.9],[4200320.5,2719474.1],[4202995.1,2718243.8],[4207697.8,2719754],[4207258.1,2720518.2],[4205606.8,2720154.2],[4204881.7,2722177.3],[4205776.8,2722330.3],[4206604.1,2723574.5],[4208800.5,2723786.6],[4209508,2725631.7],[4212541.8,2724483.2],[4213766.1,2723071.6],[4212816.3,2721792],[4214339,2721301.7],[4216064.3,2723209.3],[4215442.3,2726508.8],[4216343.9,2727518],[4216805.7,2726647.3],[4215993.8,2726009],[4216957.5,2725886],[4217924.2,2727148.2],[4216302,2729711.5],[4214105.7,2728571.9],[4212374,2729482.2],[4211279.4,2729022.6],[4211388.4,2728099.8],[4210712.8,2728784.5],[4210291.3,2728528.5],[4210624.3,2726887.4],[4207735.9,2727078.7],[4207655.3,2726540.9],[4206268.2,2727413.2],[4206226.6,2726160.3],[4205514.3,2727293],[4205702.6,2728265.3],[4204127.9,2727921.9],[4201205,2730242.8],[4202368.6,2731294.3],[4201189,2732893.8],[4202154,2734223.4],[4205020.9,2735526.5],[4204748.1,2737500.5],[4207315.4,2740868.5],[4209293.4,2741412.3],[4210022.8,2740766.9],[4210509.2,2741589.3],[4212505.7,2742286],[4213238.9,2741522.7],[4214328.5,2741921],[4214168.1,2742808.5],[4213202.8,2743157.5],[4213688.1,2744910.7],[4214221.8,2743916.1],[4216137.1,2744259.2],[4217457.1,2743712.9],[4217458.5,2740304.7],[4218356.3,2739235.4],[4219983.7,2740895.7],[4219476.6,2742829.6],[4220328.8,2743895.8],[4220352.5,2742928.1],[4222113.5,2742325.7],[4222634.8,2739177.2],[4223111.5,2738874.4],[4224550.3,2739925.9],[4225538.6,2739560.8],[4226571.1,2737977.9],[4225230.1,2737719.2],[4224265.5,2736012],[4224758.7,2735056.5],[4226127.5,2734445.1],[4225461.7,2731838],[4227654.6,2731438.7],[4230206.4,2729777.3],[4230851.3,2731616.3],[4231627.9,2731800.6],[4230435.7,2733030.8],[4228590.6,2733349.4],[4228642.3,2734638.5],[4229790.2,2735608.4],[4230867.5,2735565.3],[4230683,2736394.2],[4231447.8,2736796.3],[4231847.4,2735916.8],[4231284.3,2735270.1],[4232882.2,2734504.6],[4232332.9,2733947.8],[4234143.3,2733850.2],[4234516.1,2732868],[4236349.1,2732918.3],[4236382.3,2731794.1],[4234746.8,2732226.4],[4235202.6,2731666],[4234644.4,2730398.9],[4235938.4,2729792.2],[4236472.6,2727608.5]],[[4259287.9,2728072.6],[4259311,2728278.6],[4259251.4,2728318.2],[4259287.9,2728072.6]],[[4225455.6,2944948.4],[4225395.9,2944846.7],[4225582.3,2944808.5]],[[4225926.6,2946100.1],[4225766.3,2946077.3],[4225866,2945931]],[[4255256.2,2728924.1],[4255339.8,2729028.8],[4255216.3,2729297.3],[4255256.2,2728924.1]],[[4255297.4,2728689.2],[4255135.5,2729352.2],[4254954.8,2729509.7],[4254962,2729014.8],[4255297.4,2728689.2]],[[4260958.5,2732423.3],[4260432.7,2733032.1],[4259984.1,2732561.4],[4260958.5,2732423.3]],[[4252775.9,2730713.6],[4248954.4,2733205.8]],[[4248954.4,2733205.8],[4249196.4,2731515.5],[4251992.9,2730374],[4252775.9,2730713.6]],[[4223496.3,2734364.2],[4222361.1,2733648.5],[4220744,2734210.2],[4221595.6,2732497.3],[4220245.9,2731771.5],[4220595.8,2731147.8],[4222633.6,2732179.4],[4224695.5,2731620.5],[4223496.3,2734364.2]],[[4469839.9,3025703.2],[4469889.1,3026617.9],[4469100,3025967.6],[4467963.8,3026615.4],[4467374.1,3026409.3],[4467544.2,3025876.7],[4466672.4,3026379.5],[4466901,3025557.7],[4466074.6,3026908.1]],[[4466074.6,3026908.1],[4466339,3026470.3]],[[4466339,3026470.3],[4465717.4,3026200.7],[4465565.7,3027238.3],[4464642.3,3027413.6],[4464392.9,3028145.4],[4463117.4,3028007.9],[4463108.9,3028820.7],[4461391.2,3028556.9],[4462210.4,3030012.1],[4461766.9,3030465.4]],[[4461766.9,3030465.4],[4462060.6,3032780],[4461477.7,3032641.1]],[[4461477.7,3032641.1],[4460670.5,3033848],[4459580.2,3033302.7],[4459902.7,3034697.9]],[[4459902.7,3034697.9],[4458493.4,3036445.8]],[[4458493.4,3036445.8],[4454979.6,3035509.6],[4453664.1,3033777]],[[4453664.1,3033777],[4452681.1,3033868.8]],[[4452681.1,3033868.8],[4450743.3,3032472.6],[4450292.2,3032912.9],[4450760.8,3034076.3]],[[4450760.8,3034076.3],[4450203.1,3033657.8],[4448781.2,3035466.4],[4447526.4,3035630.7],[4446974.4,3034776.3],[4445569.5,3035260.8],[4446181.7,3034066.4],[4445001.6,3034640.6],[4442860.7,3033046],[4442386.4,3033840.2],[4440752.1,3032577.6],[4436615.6,3031820.6],[4434354.8,3033524.7],[4432849.5,3033217.1],[4431925.4,3031383.7],[4429090.4,3030227.5],[4428969.2,3032670.2],[4427430.1,3033042.9],[4426909.2,3032619.7],[4426093.2,3033172.6],[4426789.4,3034879],[4426287.7,3036585.2],[4424996.3,3036629.2],[4423592.6,3035310.8]],[[4423592.6,3035310.8],[4424122,3036504.6]],[[4424122,3036504.6],[4421848.5,3037933.2],[4422085.7,3039908.3],[4421488.3,3040545.5],[4421613.4,3042068.3],[4422198.3,3042387.5],[4421672.7,3043360.8],[4422856.1,3043247.1],[4423240.3,3044154],[4422257.3,3045660.8],[4420014.6,3046243.5],[4419422.6,3045796],[4418169.3,3046612.5],[4416504.9,3046385.5],[4416541.4,3045291.7],[4414735.9,3044921.1],[4414728.1,3042727.8],[4413311.6,3042642.6],[4412696.8,3041165.9],[4412492,3042317.4],[4409538.6,3041417.7],[4410129.5,3039053.8],[4409511.6,3038222.1],[4410769.1,3037532],[4411090.9,3036630.2],[4410474,3032759.9],[4411345,3032148.7],[4410907.9,3031327.4],[4411797.2,3030633.5],[4412377.6,3028426.1],[4410838.6,3027474.3],[4411920.9,3025676.7],[4410797.2,3025863.6],[4410476.7,3024126.7],[4411506.6,3022449.3],[4410161.8,3021521.7],[4410989.3,3018819.8],[4410344.3,3018064.7],[4406361.6,3020657.5],[4405700,3018136.7],[4404664.7,3018312.7],[4405384.1,3019450.1],[4403999.8,3019637.6],[4403551.3,3020318.1],[4403275.1,3019688.5],[4402632.2,3019877.5],[4401577.5,3022504],[4403563.5,3024891.6],[4402062.3,3027468.4],[4401189.6,3027748.5],[4400444.2,3027023]],[[4400444.2,3027023],[4400337,3028934.2],[4398536.7,3028789.1]],[[4398536.7,3028789.1],[4398293.4,3027263.2],[4397387.4,3027419.6],[4395246.9,3026383.6],[4394314.9,3027104],[4395260.2,3027233.6],[4394412.2,3027396.4],[4394532.9,3028218.1],[4391681,3028629.3],[4392098.1,3026952.3],[4391175,3026613.6],[4389051.5,3028951],[4389470.9,3029896],[4387650.5,3031553.4],[4384535.9,3030181.2],[4384090.1,3031557.8]],[[4384090.1,3031557.8],[4383296.7,3031999],[4382203.4,3030982]],[[4382203.4,3030982],[4380057.7,3031523.6],[4378218.4,3029996.1]],[[4378218.4,3029996.1],[4376867.2,3030653.2],[4374699.7,3027614.9]],[[4374699.7,3027614.9],[4371897.1,3028209]],[[4371897.1,3028209],[4371826.7,3026254.5]],[[4371826.7,3026254.5],[4372431.2,3026632.7],[4372925,3026106]],[[4372925,3026106],[4371862,3023913.3],[4372292.5,3023188.6],[4373834.2,3022921.9]],[[4373834.2,3022921.9],[4375836.6,3020399.1],[4378188.4,3020296.6],[4378326.1,3018923.4],[4380592.8,3018223.9],[4381350.9,3018577.3]],[[4381350.9,3018577.3],[4381758.6,3015822.9],[4379835.5,3014257.2],[4378599.2,3014540.6]],[[4378599.2,3014540.6],[4378091.2,3015799.1],[4376777,3015747],[4375889.8,3014575.8],[4374492,3014718.6],[4373228.7,3015776.4],[4372788.4,3014573],[4373195.9,3011450.9]],[[4373195.9,3011450.9],[4372225.5,3010488.5],[4370668.2,3011293.9]],[[4370668.2,3011293.9],[4370021.9,3012860.8],[4367955,3012584.2],[4368084.1,3013461.4],[4366414.1,3012520.7],[4364684.3,3012620],[4363595.6,3015057.1],[4364619.9,3015446.9],[4363651.1,3016895.5],[4364302.4,3017949.4],[4363131.6,3017910],[4364112,3020287.4],[4363196.5,3021955.2],[4363806,3024824.2],[4362527.8,3024638.6],[4360718.6,3025387.5],[4359749.2,3028172.9],[4358835.6,3028247.6],[4357638.3,3026553.9],[4357486.3,3027656.8],[4356840,3026906.5],[4356512.8,3027411.2],[4356006.5,3027025.3],[4355949.2,3029346.5],[4353975.7,3029457.2],[4352979,3032440.9],[4351330.7,3031297.2],[4349183.6,3031757.3],[4349075,3031334],[4348293.3,3033028.7],[4349707.3,3034858.5],[4347332.8,3035601.6],[4348081.2,3036437.9],[4347048,3036367],[4346383.5,3038119.3],[4344859.6,3039378.9],[4345224.9,3041302.7],[4344462.5,3042546.9],[4342735.7,3042300.1],[4339948.4,3043620.6],[4339196.2,3044590.2],[4337322.8,3044405.7],[4337461.3,3046598.7],[4335767,3047658.4],[4335457.3,3049221.5],[4333621.9,3048922.2],[4333550.1,3047856],[4331688.5,3048950.2],[4331399.4,3047949.3],[4330729.4,3047896.8],[4329555.4,3049345.9]],[[4329555.4,3049345.9],[4329948.2,3049960.3],[4328735,3050251.5],[4325958.4,3047062.3],[4326205.8,3046117.9]],[[4326205.8,3046117.9],[4325720.8,3046324.2]],[[4325720.8,3046324.2],[4323823.6,3044867.6],[4323379.9,3041028.5],[4322307.8,3039398]],[[4312692.2,3031870],[4311796.7,3033066.9],[4311045.4,3031730.6]],[[4249271.5,2998314.4],[4249352.5,2995712.7],[4247709.7,2993817.1],[4248358.3,2992646.6]],[[4251827.3,2988443],[4252934.2,2987448.2],[4252519.3,2986627.8],[4251514.3,2986697.7]],[[4252231.6,2971886.3],[4251783.1,2970461.9],[4253393.7,2970835.7]],[[4256136.5,2948091.3],[4253704.2,2945966.2],[4253510.9,2943710.3]],[[4254714.8,2943638.7],[4256095.2,2940925.5],[4257152.4,2940495.3],[4259717.6,2941121.1]],[[4262735.2,2940441.9],[4266696.9,2941599.5]],[[4266696.9,2941599.5],[4266490.7,2942171.8],[4267439.2,2942543.4]],[[4278144.2,2952032.4],[4279317.3,2953882.1],[4279060.3,2955620.4]],[[4276705.2,2957879.2],[4276304.7,2957240.5],[4276326.3,2954934.1]],[[4272183.5,2957826.6],[4270224.6,2958890.4],[4272195.7,2959235.5]],[[4272195.7,2959235.5],[4271716.1,2961960.8],[4274315.8,2962061.5]],[[4277167.6,2962160.8],[4279430.6,2964264.6],[4280299.5,2964019.8],[4280996.5,2962495.5],[4281907.3,2962016.4],[4283554.8,2964004],[4285213.7,2964099],[4285889.4,2963382.2],[4286058,2961282.2],[4288201.6,2961680.1],[4289496.4,2959159.1],[4289937.4,2959801.7],[4289134.5,2961522.7],[4289354.2,2963155.7]],[[4290842.8,2962939],[4295710.3,2964358.5],[4295834,2961527.5]],[[4332049.3,2920937.1],[4331465.7,2921193],[4331083.3,2921140.1]],[[4337749,2888698.7],[4336731.4,2888938.4]],[[4337660.1,2886251.5],[4338058.5,2886573.7],[4338828.7,2886413.9],[4339091.1,2886682.2],[4339298.2,2886609.4]],[[4346912.7,2876900.2],[4348301.2,2876762.6],[4348944.6,2876304.9]],[[4350577.9,2872710.1],[4351069.3,2873028.8],[4351778,2872883.5]],[[4354087.4,2869586.7],[4353124.1,2868910.9],[4354511.2,2867586.7],[4353547.4,2866241.4]],[[4353620.2,2863110.4],[4354213.6,2862348.2],[4354223.6,2860105.3],[4352498.6,2859245.2],[4352315.4,2858281.9]],[[4352315.4,2858281.9],[4353901.7,2857718.3],[4354111.9,2855439.8]],[[4352935.1,2853019.3],[4352409.6,2852631.4],[4352695.7,2850860.7],[4351638.9,2851524.8],[4351297.8,2850883.5],[4352498.5,2849263.8]],[[4355729,2843388.6],[4357478.4,2841660.1],[4356495.8,2841582.4]],[[4330646.1,2730798.6],[4330770.2,2729234.5],[4329521.9,2728070.1]],[[4326792.5,2725058.1],[4326658.6,2727194.3]],[[4293631.6,2720997.4],[4294198.2,2719641.2],[4292960.6,2719980.5]],[[4291907,2718530.9],[4291058.2,2719052]],[[4291058.2,2719052],[4291327,2717994.2],[4293849.5,2717085.1],[4294910.3,2715956.9]],[[4294910.3,2715956.9],[4296850.9,2715962.2],[4296959.8,2714338.8],[4297805,2715187.9],[4299353.6,2715281.6]],[[4299353.6,2715281.6],[4300909.8,2713377.1],[4302031.2,2717466.5],[4303352.7,2719528],[4304215.4,2720227.8],[4306114.7,2720279.3],[4307998,2718499.1],[4307507,2717477],[4307867.6,2716193.2],[4307121.6,2714915.1],[4309717.2,2714236.3],[4311543.5,2712777.2],[4312054.9,2714954.7],[4313968.4,2714288.5],[4315114.6,2712894.4],[4316560.9,2713847.1],[4318265,2713456.8],[4317900.3,2714396],[4318792.9,2714678.2],[4318382,2711920.5],[4320675.4,2709907.3],[4320046.9,2709428.1],[4321057.6,2707610.4],[4324376.6,2708224.4],[4325033.8,2705917.7],[4326281.4,2704707],[4327914.5,2705039.6],[4328083.9,2702988.5],[4328971.6,2701684.5],[4328083,2700371.6],[4326221.7,2699618.9],[4327514.7,2698439.1],[4328548.5,2693467.5],[4330018.9,2695786.3],[4331709.9,2694852.4],[4333537.8,2695044.5],[4333799.9,2696928.8],[4334699.2,2697088.8],[4334739,2697663.8],[4337065.3,2696332.8],[4338155.2,2697280.9],[4338847.8,2696508.3],[4338924.5,2695580.2],[4336092.4,2690338.7],[4337342.6,2688631.8],[4336072.2,2687126],[4334495.3,2686806.4],[4334029.1,2685069.5],[4334505.8,2684074.7],[4336237.1,2684833.1],[4338595.5,2684131.3],[4341122.6,2686093.8],[4342320.7,2686054.4],[4343376.9,2687412.8],[4344957.9,2688179.3],[4345999.2,2687969.5],[4347386.6,2689370.8],[4347993.1,2691558.5],[4350218.6,2693741.4],[4350832.1,2695857.7],[4352714.2,2696871.8],[4354005.4,2696404],[4353428.5,2697606.7],[4354034.8,2699995.6],[4356930.7,2702183.9],[4356157.2,2704482.5],[4356298.1,2707167],[4355972.7,2707792.5],[4354379.3,2707991.2],[4353515.4,2710111.4],[4355224.6,2715903],[4357832,2714209.4],[4364030.3,2713483.5],[4364706.6,2715954.2],[4366021.1,2717529.1],[4368802.1,2716363.6],[4373037,2716372.6],[4373323,2714819.5],[4377583.5,2714027.3],[4378566.1,2713038.1],[4378558.6,2712073.1],[4379603.4,2711453],[4380944.6,2712275.5],[4382242.7,2712160.4],[4382274.4,2712871.6],[4384188.2,2712783.7],[4385309.8,2713821],[4388075,2714147.7],[4388894.3,2712351.1],[4390022.3,2712177.5],[4390193.1,2711542],[4386741.6,2710026],[4386616.3,2708123.7],[4387482.8,2707680.9],[4389620.3,2708413.3],[4391676.5,2707963],[4391121,2706731.3],[4395257.4,2702316.5],[4395349.1,2701318.6],[4394164.2,2700285.3],[4394416,2698921],[4398697.4,2698291.2],[4405218.4,2698617.4],[4406191.6,2700492.2],[4411474.7,2702290.7],[4412112.7,2703001.6],[4415283.8,2702902.6],[4415627.2,2702426.4],[4413456.3,2699423.3],[4413537.9,2698726.2],[4416927.1,2699040.3],[4418432.5,2700144],[4418468.8,2702346.5],[4421364.4,2703622],[4422016.1,2704947.8],[4428258.1,2704471.7],[4427325.6,2706914.6],[4425858.7,2706910.5],[4425383.7,2707504.6],[4429681.2,2712647.8],[4430272.7,2711479.6],[4434500.6,2711277.9],[4435462.6,2711995],[4439509.3,2712468.9],[4440666.5,2713709.9],[4440506.3,2716959.3],[4441866.4,2719918.2],[4443954.1,2719909.4],[4444123.3,2721465.3],[4445964.7,2720311.5],[4455031.1,2721343.9],[4459797.4,2720350.9],[4460561.5,2722720.3],[4464947.9,2724108.1],[4469034.2,2724593.3],[4469652.7,2724136.1],[4472046.2,2725556.8],[4473093.5,2724018.3],[4475989,2724959.2],[4477643,2723995.8],[4480109,2724255.2],[4481165.1,2723640.9],[4484895.7,2724721.1],[4484874.4,2723219.6],[4486726.5,2723890.6],[4487098.2,2724684.2],[4486323.3,2727702],[4483901.5,2732018.2],[4483375.9,2734323.3],[4484958.2,2734294.1],[4486449.8,2735110.2],[4490339.4,2739186],[4490970.6,2738036],[4489315.9,2733745.4],[4490415.2,2732119.5],[4492592.6,2733375.3],[4496569.8,2734261],[4496611.4,2733562],[4497596,2733749.2],[4498537.6,2732861.3],[4504237.2,2734311.1],[4504365,2731943.9],[4508929.3,2726671.4],[4511682.6,2728029.4],[4514603.8,2727668.4],[4516874.9,2732352.4],[4518570.2,2732689.6],[4519959.8,2732061.3],[4522150.8,2733508.8],[4524965.8,2732928.3],[4526206.1,2733355.4],[4528170.4,2731573.4],[4529927.3,2732838.5],[4529774.9,2731397.2],[4528318.8,2730302.6],[4530069.2,2728270],[4530731.6,2728353.9],[4533432.7,2726107.9],[4532153.3,2725853.6],[4531103.7,2724737.9],[4531315.1,2723917],[4530161.1,2722328.6],[4531388.3,2719904.8],[4533200.5,2718625.6],[4535451.7,2718830.6],[4535814.1,2717158.4],[4538198.8,2716121.4],[4538358.8,2715250.5],[4540250.3,2713567.7],[4544652.5,2711281.8],[4545167.4,2711242.9],[4545524.2,2712413.5],[4546816.9,2711794.3],[4547551.6,2710127.5],[4549198.6,2712785.2],[4550738.4,2713457.3],[4550581.9,2716712.7],[4549301.6,2717890.9],[4551170.3,2721258.6],[4550001.5,2722496.5],[4550033.5,2723570.5],[4552045.7,2724056.7],[4551377.9,2725638.4],[4553956.2,2729494.8],[4552233.2,2733001],[4552357.3,2735196.9],[4549631.3,2737938.5],[4547511.4,2738984.8],[4546792.1,2738899],[4545563.5,2737321.6],[4544243.9,2737102.3],[4540561.6,2737305.4],[4539034.6,2738699.9],[4539924,2740870.6],[4541175.7,2741447.3],[4541124.7,2742625.2],[4541823,2743373.6],[4541601.5,2744095.6],[4540621.1,2744222.3],[4543105.8,2747361.7],[4545831.8,2753061.8],[4541222,2760962.7],[4540556.7,2763218.8],[4539411.4,2762736.5],[4538950,2764458],[4535670.7,2765322.3],[4533682.9,2771061.1],[4526678.4,2777352.4],[4525781.5,2781027.8],[4526384.3,2783034.5],[4528524.1,2782821.1],[4529358.5,2785418.2],[4531425.4,2786179.5],[4532007.2,2787583.4],[4532866,2787843.6],[4534384.2,2791677.2],[4540748.1,2792809.9],[4545402.1,2798401.2],[4549685.7,2800728.5],[4553212.1,2801025.1],[4556806.9,2802961.9],[4562731.6,2803145.8],[4567798.8,2806536.9],[4570462.8,2809952.5],[4573894.2,2812931.9],[4575550.4,2819163.6],[4574484.5,2821849.5],[4576494.1,2827972.9],[4575571.6,2829298.3],[4575764.1,2830916.1],[4574734,2832953],[4575628.7,2833793.7],[4576680.7,2832733.2],[4577541.8,2833005.9],[4577444.9,2833703.7],[4578497.3,2833800.9],[4579570.7,2834933.3],[4579840.6,2836959.1],[4581239.4,2836642.1],[4584461.7,2833917.2],[4585352.8,2833782.3],[4585974.3,2834846.5],[4586754.3,2834877.8],[4588559.1,2833358.2],[4590699.9,2832869.3],[4591578.4,2831249.2],[4596341.7,2829133.5],[4596731.9,2830522.8],[4597779.3,2831028.8],[4597393.1,2832641.3],[4598180.1,2833472.6],[4597565.8,2833633.2],[4598154.8,2835004.7],[4599306.6,2833808.5],[4601782.7,2836839.3],[4601341,2838775.5],[4602820,2840733.2],[4603079.2,2842283.5],[4601993.8,2844634.3],[4602295.5,2846965],[4601714.1,2849316.1],[4603186.6,2849395.5],[4603422.9,2850373.4],[4601704.1,2850325.8],[4601462.5,2851179.3],[4600214.2,2851822.5],[4601896.4,2853775.1],[4601911.3,2856290.2],[4603177.3,2858274.7],[4601227.3,2858438.3],[4600470.6,2859159],[4601248.1,2861010.3],[4599107.4,2863990.1],[4599427.3,2864593.3],[4597311.7,2864970.4],[4595084.4,2870595.1],[4593584.7,2869641.5],[4590245.2,2869697.5],[4590057.5,2870842.9],[4589003.5,2871131.1],[4586345,2876035.3],[4586874.9,2877069.9],[4585389.9,2876618],[4585252.1,2876284.4],[4585433.7,2876152.4],[4585479.6,2876023.6],[4585450,2875971],[4583917.1,2877493.4],[4584059.7,2878409.5],[4583072.1,2879430.3],[4582559.1,2878879.9],[4581841.6,2879343.6],[4580750.3,2878888.2],[4579665.8,2879624.3],[4577740.8,2878992.7],[4577968.8,2876000.6],[4577210.1,2875867],[4574276.5,2878111.5],[4571807.2,2879089.3],[4570017.1,2880646],[4570425.5,2882445.6],[4569695.6,2883797.9],[4570059.5,2884724.5],[4568933.2,2886709.8],[4569306.6,2887674.6],[4567723.7,2888447.9],[4565233,2891742.9],[4561074.2,2894866.9],[4557223.1,2894148.6],[4553238.6,2896286.5],[4552283.7,2897304.8],[4552670,2899572.6],[4552188.4,2900597.2],[4547607.2,2903685.7],[4547849.5,2905379.7],[4545764.1,2906501],[4545288,2908515],[4543786.7,2908769.9],[4543358,2910274.2],[4541806,2910210.4],[4541125.2,2911833.4],[4541270.2,2914684.6],[4539685.2,2914797],[4537034.9,2917798.9],[4535005.6,2918822.7],[4530238.6,2919369.5],[4530811.1,2917382.5],[4528356.4,2917928.9],[4527607.9,2918675.4],[4527172.3,2918173.4],[4523415.7,2918556.6],[4522890.5,2918836.6],[4523027.3,2920205.1],[4521281.4,2921789.7],[4521171.8,2923962.5],[4517984.7,2925994.9],[4517498.8,2927159.5],[4515366.6,2927230.1],[4513602.7,2928135],[4513319.6,2930958.4],[4511854.5,2932671.9],[4512585.6,2933674.2],[4512435.1,2937903.7],[4511814.5,2938884.8],[4510725.8,2938245.2],[4508347.9,2939484.2],[4508796.6,2939861.4],[4507242,2941744.4],[4507306.1,2944774.4],[4506355.8,2945900.6],[4506027.3,2948431.3],[4503675.8,2948182.2],[4504092.1,2949084.8],[4503279.8,2949324.5],[4503628,2950614.5],[4502788.7,2951191.6],[4503630.2,2953547.5],[4502975.8,2955764.2],[4500771.2,2955640.4],[4500212.8,2956508.9],[4497171.5,2957504.6],[4493977.5,2962957.2],[4494248.2,2963965.4],[4499051,2966720.5],[4498340.6,2969360.9],[4498995.2,2969944.9],[4498904.5,2972008.3],[4499605.9,2972951.8],[4500682.4,2972499],[4500601.4,2974654.9],[4501613.8,2974963.9],[4502214.5,2977465.1],[4504180.4,2979741.6],[4503939.1,2981843.1],[4498651.2,2983668.3],[4498260.5,2984746],[4499697.7,2985937.6],[4500292.9,2987455.1],[4499569.1,2988493.7],[4498615.3,2988365.8],[4497893.5,2989684.8],[4497298.8,2989881.9],[4495366.7,2988663.1],[4494927.3,2989382.9],[4495607.5,2989685.1],[4495313,2990677.7],[4493191.1,2990882.8],[4493031.2,2991994.8],[4490663.1,2992185.5],[4488592.1,2994556.6],[4487627.9,2993802.9],[4486941.3,2996066.8],[4485616,2996608.3],[4484213.2,2996181.8],[4483623.4,2996851.5],[4482894.3,2996505],[4483865.9,2998541.2],[4481713,3000247.5],[4481736.7,3000819.1],[4480658,3000430.2],[4480434.4,3001319.7],[4479135.5,3001201.9],[4478325.5,3002195.2],[4477904.1,3005781.4],[4478500.1,3006080.3],[4478226,3006718.3],[4479307.8,3008609.8],[4478684.1,3008732.6],[4478184.4,3010850.1],[4477281.5,3011590.7],[4477863.5,3011992.4],[4476830.5,3011981],[4476263.6,3013485.7],[4475149.3,3013273.5],[4475275.9,3014637.5],[4474066.5,3015374.1],[4474455.5,3015977.8],[4473771.8,3015374.2],[4472744.2,3015562.5],[4470088.7,3017706.9],[4470916.3,3018079.8],[4470559,3018824],[4473472.2,3020445.7],[4471981.1,3022923.5],[4472442.7,3023875.1],[4469839.9,3025703.2]],[[4355220.9,2715898.2],[4353295.8,2718315.3],[4353894,2719050.4],[4357281.4,2719103.5],[4356434.6,2718569.2],[4356624.9,2717498.5],[4356181,2717238.2],[4355220.9,2715898.2]],[[4300407,2713571.5],[4300432.7,2713582.3]],[[4300432.7,2713582.3],[4300434.2,2713598.7],[4300407,2713571.5]],[[4298169.2,2715117],[4298150.1,2715129.2],[4298145.1,2715106.5],[4298169.2,2715117]],[[4122303.8,2927084.5],[4121581.1,2928403.9],[4121953.3,2929010.5]],[[4125797.8,2939451.1],[4123838.3,2939740.9],[4123838.6,2942076.9],[4122977.4,2943760.7]],[[4100791.3,2950373.2],[4100330.1,2951610],[4099491.9,2951106.4]],[[4092844.1,2946814.1],[4092727,2947140.5],[4092511.8,2947125.8]],[[4061553.4,2943048.2],[4061609,2943479.3],[4059267.2,2944065.8],[4057705.1,2942469.3],[4058298.4,2934420.9],[4060358.9,2934497.4],[4062212.3,2935633.7],[4063053.8,2934451.1],[4064151.6,2933973.4],[4064791.3,2934338],[4066242.1,2932644.1],[4070034.9,2930451.5],[4071170.3,2928973.4],[4069875.6,2928076.7],[4069969.6,2926814.4],[4070794.3,2926639],[4071552.3,2925300],[4073224.4,2924886.7],[4072874.3,2923041.3],[4073726.1,2923344],[4074266.1,2922826.9],[4073137.3,2920935.9],[4072181.4,2921993.6],[4071399.3,2921711.3],[4071540.3,2920741.8],[4072371,2919324.8],[4073313.9,2919401.3],[4073074.4,2917876.7],[4074881,2915504],[4076558.5,2914770.1],[4077552.6,2913112.3],[4078766.9,2912951.9],[4078014.8,2910518],[4080053.8,2909487],[4079637.6,2908617.6],[4080305,2905640.2],[4082325,2905965.9],[4082864.4,2904497],[4081301.7,2902612.9],[4083173.4,2899775.6],[4086399,2900138.8],[4090075.7,2898097],[4091067.6,2898712.8],[4090914.1,2900485.7],[4092224.2,2901100.3],[4090618.9,2904966.5],[4092246.8,2905956.8],[4094611,2904305.1],[4097041.4,2905826.4],[4097982.7,2905682.2],[4099456.1,2903470.2],[4100613.9,2904124.6],[4103124,2901632.3],[4103924.4,2902186.7],[4104038.8,2901737.9],[4104890.7,2901945.5],[4104267.9,2899595.9],[4105801.9,2893176.8],[4106859.9,2893304.1],[4107334.4,2894411],[4108600.9,2895007.7],[4108011.7,2897122.4],[4109538,2897778.1],[4110442.5,2897360.4],[4109697.6,2895874.5],[4111336.5,2896205.3],[4111951.2,2894663.8],[4113654.2,2893698.3],[4114107.4,2894594],[4115627.4,2894832.2],[4116470,2893012.1],[4117045.1,2893916.8],[4119959.1,2894530.6],[4121426.2,2893664],[4122599.6,2893818.8],[4122628.4,2892972.7],[4123420.1,2892726.5],[4125901.1,2895800.1],[4128574,2895685.4],[4129105.2,2897719.3],[4128637.2,2897366]],[[4554383.2,3289274.8],[4555951.8,3288665.9]],[[4555951.8,3288665.9],[4555732.2,3288131.7],[4553780.9,3287752.7]],[[4553780.9,3287752.7],[4552740.5,3286166.2],[4550662.4,3287415.7],[4550352.6,3286294.8],[4549533.3,3285226.5],[4548293.9,3284567.5],[4544550.2,3284865.2],[4545054.3,3285201.9],[4544930.9,3286613.2],[4544269.2,3287784.1],[4544902.9,3288246.4],[4543038.9,3288534.3],[4543209.9,3286356.1],[4541746.2,3286242],[4541956.4,3284711.5],[4538994,3284741.3],[4537821.6,3282264.8],[4538983.3,3280191.2],[4535349,3281292.5],[4532997,3279910.5],[4533271.9,3279065.1],[4534413.9,3279532.5],[4534729.5,3278420.5],[4534289.4,3276114.2],[4533249.9,3276431.5],[4532549.5,3272066.7],[4534286.3,3272435.2],[4536076,3271346.5],[4532761,3267648.9],[4532318.5,3264657.5],[4533316.8,3263371.8],[4531042.8,3261149.6],[4531245.6,3260259.2],[4532520.7,3260467.4],[4532320.7,3259985.2],[4533628.1,3258724.5],[4534529.2,3258873.2],[4533824.2,3258146.9]],[[4533824.2,3258146.9],[4534079.8,3257686.8],[4534785.5,3258800]],[[4534785.5,3258800],[4536828.3,3258726.3],[4535875.5,3258764.4]],[[4535875.5,3258764.4],[4535942.1,3259482.3],[4538463.8,3261014.3],[4541746,3261787.6]],[[4541746,3261787.6],[4542086.9,3259998.9],[4543747.7,3260052],[4545223,3261395.7],[4546350.7,3259536.6],[4548412.7,3261036.5],[4550449.5,3259133.6],[4550368.8,3258531.6],[4551520.2,3258601.4],[4551652.9,3257414.1],[4553864.2,3257325.8],[4554262.6,3258462.7],[4553546.2,3261081],[4556531.9,3262459.2],[4557767.8,3259717.7],[4561730.7,3260431.2],[4561594.1,3259127.3],[4565456.6,3259854],[4566460.5,3257653.9],[4567960.8,3258590.2],[4568945.5,3258210.8],[4569310.9,3257060.3],[4568684.2,3254777.5]],[[4568684.2,3254777.5],[4569488.9,3253865.7],[4570945.9,3257082.6]],[[4570945.9,3257082.6],[4572371.4,3257235.7]],[[4572371.4,3257235.7],[4572887.2,3258374.5],[4571903.7,3259228.5]],[[4571903.7,3259228.5],[4575326.4,3261858.5],[4574647.7,3262827.6],[4575254.7,3264656.2]],[[4575254.7,3264656.2],[4574539,3264787.6],[4574302.9,3264909.4],[4574053.4,3265115.1]],[[4574053.4,3265115.1],[4575440.9,3264717.6],[4576302.1,3265728.8],[4576204.5,3265174.1]],[[4576204.5,3265174.1],[4576583.7,3265136.8],[4576285.2,3266236.3]],[[4576285.2,3266236.3],[4574401.2,3266652.9],[4572413.5,3268494.8]],[[4572413.5,3268494.8],[4572755.5,3267107.3],[4572289.5,3267043.9],[4572041,3268025.9]],[[4572041,3268025.9],[4568761.1,3269481.2],[4567231.1,3268843.9],[4567096.1,3268029.7],[4566299.7,3268457.9],[4567420.2,3271008.3],[4567519.7,3273029.9],[4569057.8,3275191.3],[4566940,3275123.8],[4566837.1,3276001.4],[4567664.3,3276505.1],[4564168.2,3277170.5],[4563722.9,3279524.4],[4561301.3,3281271.7],[4558638,3281619.9],[4557815.6,3283202.5],[4558303.5,3285349.2],[4559091.8,3285812.2],[4559359.9,3287548.9],[4557126.6,3288528.9],[4556883,3290298.9],[4555962.6,3289951.4]],[[4555962.6,3289951.4],[4556247.5,3290642.7],[4554383.2,3289274.8]],[[4553332.1,3286936.9],[4553360.4,3286942.2],[4553330.7,3286910.1],[4553332.1,3286936.9]],[[4550571.4,3287242],[4550569.8,3287228]],[[4550569.8,3287228],[4550569.9,3287239.1],[4550571.4,3287242]],[[4550550,3287197.5],[4550553.6,3287181.1]],[[4550553.6,3287181.1],[4550560.9,3287198.6],[4550550,3287197.5]],[[4558197.5,3284614.7],[4558308,3284673.5],[4558307.9,3284696.1],[4558197.5,3284614.7]],[[4511756.4,3209730.1],[4512493.1,3209562.2],[4516424.7,3210210.4]],[[4516424.7,3210210.4],[4517136.4,3206615.6],[4519598.8,3206674.3],[4520161.8,3205889.9],[4521442.9,3206356.8],[4521561.1,3207259.7],[4524560,3206900],[4524316.6,3205518.9],[4525716.5,3205268.5],[4525583.4,3203144],[4528079.7,3203459.1],[4528913.6,3202833.6],[4528973.9,3203549.6],[4530547.1,3203313.9],[4530798,3202343],[4530051.5,3202211],[4530196.9,3201208.2],[4529362.6,3201081.2],[4530262.8,3199997.5],[4533109.8,3199736],[4533380.5,3200442.9]],[[4533380.5,3200442.9],[4535731.3,3200864.2],[4535684.2,3201570.8]],[[4535684.2,3201570.8],[4537849.5,3200468.3]],[[4537849.5,3200468.3],[4537987.7,3199077.5],[4536141.2,3198404.1],[4539032.3,3192951]],[[4539032.3,3192951],[4538967.5,3191132.7],[4539699,3191056.1],[4538210.4,3188702.3],[4538810.7,3188473.3],[4538394,3187914.2],[4539373.2,3187460],[4538649.2,3186259.7],[4540479.9,3184972.5],[4541177.6,3183195.3],[4539815.1,3183407.7],[4540033.7,3182274.3],[4539462,3182810.1],[4538945.8,3182512.9],[4539596.6,3180452.9],[4539075.6,3179850.2]],[[4539075.6,3179850.2],[4532104.4,3175196]],[[4532104.4,3175196],[4534741.3,3170921.7],[4535300.5,3170677],[4536029.5,3171138.3],[4535448,3171847.7],[4536138.2,3171366.7],[4537045,3172363.9],[4538771.3,3169949.9],[4539515.6,3170255],[4540038,3169369.6],[4538842,3166605.4],[4540136.8,3165659.5],[4541854.9,3165634],[4542276.3,3163531.8],[4543569.3,3161965.5],[4543275.7,3158334.4],[4542647.4,3157887.7],[4541935.7,3158285.7],[4542063.8,3156025.9],[4543607.8,3153919],[4541686.7,3151166.3],[4542442.3,3150708.7],[4542894.8,3152117.6]],[[4542894.8,3152117.6],[4543406.2,3151846],[4544672.2,3147737.2],[4546682.9,3147504.3]],[[4546682.9,3147504.3],[4547161.6,3147614.8]],[[4547161.6,3147614.8],[4548111.1,3146627],[4548548.8,3147282.4],[4547743.2,3147767.4],[4547795.8,3148427.5]],[[4547795.8,3148427.5],[4549622,3148300.2],[4549532.2,3149592.3],[4552409.7,3151470.6],[4551791.2,3152659],[4552690.9,3152691.4],[4553050.9,3151800.6],[4554420,3152397],[4555925.8,3151495.4],[4555510.7,3152891.2],[4556077.3,3152756.6]],[[4556077.3,3152756.6],[4557312.8,3154778.1],[4559339.2,3152366.3]],[[4559339.2,3152366.3],[4558945.1,3151207.1],[4559718.8,3151928.7],[4560551.4,3151789],[4560562.5,3152344.2],[4560897.4,3151420.6],[4561789.5,3151426.8],[4561871.5,3151994.1],[4562672.1,3151050.5],[4561978.1,3151365.9],[4561851,3150295.1],[4564165.3,3149379.3],[4565885.9,3149562.3],[4566178.1,3147044.8],[4567208.9,3147078.3],[4567588.4,3145818.5],[4568106.4,3146943.9],[4569444.4,3147723.4],[4570796.7,3147633.4],[4571170.1,3145981.9],[4575887.7,3146184.6],[4576390.6,3146945.1],[4577368.4,3146115.1],[4577902.8,3146860.4],[4579478.9,3145759.6],[4581292.2,3145589.1],[4582395.7,3146824.7],[4583229.5,3146850.5],[4582999.8,3145438.6],[4583885,3145666.2],[4584547.9,3146796.7],[4586863.3,3146793],[4587916.7,3147648.5],[4587802.1,3148435.8],[4589817.8,3148335.2],[4590989.2,3147582.4],[4592375.3,3147863.2],[4596187.9,3150403.2],[4597340,3150032],[4597303.6,3148054.1],[4599414.7,3147818.6],[4599502.4,3150398.7],[4601187.5,3150551.2],[4600282.9,3151457],[4602208.6,3153150.9],[4601613.8,3154918.1],[4603276.9,3156160.4],[4602542.3,3156797.9],[4602684.9,3157822.4],[4601088.1,3159457],[4601409.7,3159910.5],[4603881.8,3159175.9],[4604802,3159797],[4603768.5,3161392.3],[4605240.1,3162193.6],[4605964.7,3164813.8],[4608319.9,3165067.8],[4607393,3166187.6],[4607804.2,3167314.6],[4612978.3,3167237.6],[4615550.4,3166030],[4617350.4,3166638.1],[4620857.4,3165402.9],[4621603.2,3163835.8],[4622189.9,3164297.8],[4622079.3,3165669.1],[4625163.5,3167271.7],[4625102.5,3168137.1],[4626726.8,3167740.6],[4629347,3168448.3],[4629721.6,3170066.1],[4632835.1,3170580.5],[4634013,3170076.7],[4635945.8,3171040.5],[4635824.6,3172363.1],[4636877.6,3172359.2],[4637381.9,3173296.3],[4639617.5,3172330.6],[4640495.5,3170039.3],[4644249.1,3170788.1],[4644925.9,3170399.2],[4646047.2,3171722.2],[4646066.7,3173314.6],[4647029,3173426.3],[4646178.7,3175592.8]],[[4646178.7,3175592.8],[4647124.1,3175602.7],[4648592.3,3174085.5]],[[4648592.3,3174085.5],[4650650,3176607.8],[4649540.5,3182002.9],[4649950.4,3183007.3],[4649118.5,3184609.7],[4648438.1,3184865.5],[4648273.4,3185978.2],[4644984.9,3187962.9],[4643297.9,3189813.1],[4642372.1,3191456.8],[4642799,3193260.5],[4641835.7,3193713.7],[4641899.1,3196171.4],[4641244.6,3197447.6],[4638540.3,3198207.9],[4637255.8,3200034.8],[4637140.1,3201954.9],[4638123.4,3202218.3],[4638066.6,3203106.7],[4638595.9,3202818.3],[4638453,3204148.5],[4640605.1,3205377],[4641772.9,3208070.3],[4642578.4,3208036],[4643837.5,3209484],[4644256.9,3212769.7],[4645337.8,3215090.5],[4644026.6,3217785],[4645047.5,3219830.8],[4644468.5,3220887.8],[4646620.7,3224180.8],[4646247.8,3226640.2],[4647101.1,3227928.6],[4645733.5,3230060.5],[4642810.2,3231329.4],[4641446.3,3233206.5],[4641100.5,3236428.5],[4642681.9,3239196.4],[4641127.2,3241978.7],[4642541.9,3243866.7],[4642908.1,3246670.9],[4641179.2,3248781.6],[4634571.6,3250248.8],[4633012.5,3251887.7],[4633500,3253922.4],[4632780.1,3255590.9],[4631701.2,3256314.6],[4630766.8,3261406.5],[4629427.1,3263650.4],[4630127.4,3267806.2],[4632165.3,3268968.6],[4635532.7,3274753],[4635319.1,3275795.7],[4633920,3276750],[4633194.8,3279041.4],[4633852.9,3281664.4],[4635267.4,3283820.2],[4633507.1,3285128.6],[4632135.4,3287756.1],[4622850.7,3292892.3],[4622258,3294300.9],[4620557.8,3295023.9],[4619980.5,3296453.2],[4614644.1,3302406.7],[4609589.9,3304665.5],[4605226.5,3309115],[4599947.9,3309688.1],[4598679.3,3311053.4],[4600953.1,3316807.2],[4599391.4,3321758.2],[4599272.4,3324924.8],[4606732.1,3329987.8],[4612237.2,3335786],[4613406.8,3338940.1],[4614396.1,3345971.5],[4612781.9,3349203.3],[4613333.3,3352554],[4615171.6,3353646.9],[4615283.3,3355098.7],[4617792.6,3359535.7],[4617358.2,3360893],[4615742.2,3360986.1],[4614561.9,3364550.7],[4615035.9,3366313.1],[4614445.1,3366930.7],[4610611.5,3364455]],[[4610611.5,3364455],[4608512,3364573.1],[4607741.3,3361634.5],[4605107.8,3360415.4]],[[4605107.8,3360415.4],[4605414.6,3358463.1],[4601895.7,3357778.1]],[[4601895.7,3357778.1],[4601112.4,3358525.1],[4598406.8,3359023.1],[4596119.7,3358079.5],[4594391.4,3358099.8],[4594980.1,3360500.5],[4600859.9,3367340.8]],[[4600859.9,3367340.8],[4602472.1,3370412.9],[4603139.5,3373192.4],[4602866.4,3376508.6],[4601633,3377778.5]],[[4601633,3377778.5],[4600449.2,3376452.1],[4598659.5,3376301.8],[4595737,3378176.9],[4594747.7,3378211.2],[4593787.8,3376023.3],[4593044,3375976.3],[4592313.8,3374615.7],[4590203.4,3374864.8],[4589756,3376591.1],[4587179.6,3376539.6],[4586814.4,3377008.3],[4583169.3,3376359.7],[4581330.8,3375246.5],[4580287,3376304.8],[4581146.5,3379021.3],[4578223.4,3380823.3],[4578779.6,3382214.2],[4577997.3,3382653.6],[4578306.6,3384248.7],[4574395.6,3385608.5],[4572662.6,3388648.9]],[[4572662.6,3388648.9],[4572763.2,3390018.2],[4572142,3390026.7],[4571300.3,3386926.4],[4571549.7,3384996.1]],[[4571549.7,3384996.1],[4572544.6,3384694.8],[4573192.7,3383289.5],[4574793.3,3383489.5],[4573953.6,3381816.5],[4571937.2,3380583.1],[4570096.9,3380933.8],[4569239,3381781.2],[4567303.6,3381140],[4564205,3378343.6],[4563520.7,3376721.1],[4562814.8,3377098.4],[4561981.5,3372831.7],[4560987,3373317.3],[4557062.9,3371484.8],[4557579,3368910],[4556800.5,3367536.4],[4555619.7,3367845.4],[4555088.5,3366127.5],[4555666.9,3366033.8],[4555736.9,3362582],[4554854.5,3362286.5],[4554285.4,3363356.1],[4554645.4,3362154.2],[4553215.7,3359247.7],[4551701.7,3358890.6],[4551390.2,3359850.7],[4550129.6,3359945.9],[4549942.4,3358970.1],[4550505,3358607.5],[4549577.7,3358073.6],[4548370.2,3355883],[4548249.9,3354040.4],[4546995.1,3353709.3],[4545105.8,3357383],[4543614,3356807.6],[4540893.2,3357512.1],[4539492,3355717.9],[4538006.6,3355307.1],[4536667,3350173.4],[4534865.1,3350687.1],[4533264,3353859.1],[4531384.1,3353209.4],[4531334.7,3353803.9],[4530122.9,3352176.7],[4529086.3,3352584.4],[4528232.1,3351985],[4528473.3,3349651.1],[4527181.1,3349621.5],[4526754,3347917.1],[4526045.4,3348246.6],[4524305.9,3347432.4],[4522757.1,3346083.8],[4522877.9,3345035.4],[4522040.2,3344106.4],[4521007.2,3344151.6],[4520297.5,3343453.1],[4519402.6,3343958.9],[4519117.2,3344998.9],[4517662.4,3344663.1],[4520122.3,3346604.4],[4519125.5,3347589.2],[4517227,3346849.7],[4517639.8,3345919.2],[4516160.1,3345916],[4516840.7,3346687.8],[4516508.8,3346997.3],[4515110.4,3346762.1],[4513542.6,3345042.6],[4511119.1,3347387],[4509084.1,3346275.1],[4508759.7,3346891.1],[4507846.2,3346004.7],[4505745.6,3345822.1],[4504030.5,3346931.7],[4505137.1,3349736.7],[4502784.8,3349370],[4499322.6,3350097.9],[4498895.1,3351177.2],[4499578,3352046.8],[4498554.9,3352840.4],[4496337.4,3352788.5],[4494920.8,3351590.9],[4489748.6,3353675.2],[4487845,3353285.2],[4487685.3,3352540.1],[4485586.7,3352545.5],[4484226.5,3351811.9],[4483013.1,3354511.4],[4480518.8,3355613.6],[4480624.2,3357479.1],[4478416,3358001.6],[4474925.7,3360137.1],[4471556.6,3359685.5],[4469917.1,3361670.1],[4469444.8,3363399.4],[4466880.3,3362868.3],[4466623,3361668],[4465439.5,3361163.6],[4464245.3,3363621.8],[4463438.1,3363568.6],[4463152.2,3362158.6],[4461397.7,3362259.6],[4461312.3,3361539.7],[4459645.2,3361788.1],[4459428.4,3364082.5],[4458220.9,3364540.7],[4457123.4,3364442.5],[4457952,3362121.5],[4455177.5,3360345.6],[4455753.2,3358896.2],[4455577.8,3356467.2],[4454502.5,3356449.8],[4454176.2,3355792.7],[4452586.2,3356170.9],[4450962.1,3353224.3],[4447236.6,3353967.9],[4447062.9,3352847.5],[4445262.5,3350515],[4440861,3350962.3],[4443308.9,3348944.4],[4443132.7,3348248.1],[4439175,3348030.6],[4436475.3,3346795.9],[4436346.5,3348438.6],[4435502.2,3348282.8],[4434493.2,3349745.7],[4430461.6,3349064.1],[4429757.4,3349442.8],[4427008,3346329.1],[4424619.1,3345547.3],[4425956.2,3340841.2],[4424705.3,3339223],[4425127.6,3337841.1],[4423725.3,3336289.3],[4421591,3335785.2],[4421445.7,3336378.3],[4419636.7,3336398],[4419630.5,3337233],[4418731.5,3337862.4],[4417246.4,3337421.6]],[[4417246.4,3337421.6],[4416117.1,3337891],[4415558.6,3337403],[4414368.6,3337760.8]],[[4414368.6,3337760.8],[4414151.5,3336584.3],[4414801.8,3335073.9]],[[4414801.8,3335073.9],[4414267.1,3334445.2],[4405741.3,3335608.5]],[[4406309.9,3332808.5],[4410806.2,3328222.7],[4411740.3,3328220.6]],[[4411740.3,3328220.6],[4415079.1,3330254.6],[4418200.2,3330944]],[[4418200.2,3330944],[4422161,3327713.4],[4424825.5,3328208.2],[4427366.6,3326354.3],[4430837.8,3326907.5],[4431127.1,3326220.9],[4430179.8,3323865]],[[4430179.8,3323865],[4431173,3323148.4],[4433554.9,3323487.5],[4434515.3,3320311.1],[4435289.4,3320129.9],[4438042.2,3321445.8],[4439542,3320646],[4440852.9,3318507.1]],[[4440852.9,3318507.1],[4445064,3317452.7],[4445191.1,3316273.3]],[[4445191.1,3316273.3],[4443656.4,3314130.9],[4444393,3312838.2],[4446976.6,3312753.4],[4448607.7,3311096.3],[4450923.8,3310987.5],[4454371.2,3309306.3],[4457084.5,3310971.5],[4460741.4,3310633.9],[4461171.8,3309601.8],[4463231.1,3309511.1],[4464025.7,3311631.6],[4463742.7,3309508.5],[4464640.6,3308445.7]],[[4464640.6,3308445.7],[4464221.8,3307013.8],[4467305.3,3308410]],[[4467305.3,3308410],[4468898,3309929.8],[4469817,3308202.8]],[[4469817,3308202.8],[4470269.2,3308648.1],[4471366.7,3308047.6],[4472271.5,3303573.5]],[[4472271.5,3303573.5],[4473226.9,3301924],[4472371.4,3299844.8],[4470758.8,3300177.1],[4471029.5,3298618.6],[4470337.1,3298342.6],[4470519.7,3297250.6],[4469890,3296904.7],[4471087.2,3294619.5],[4469681.4,3293370.8],[4470025.1,3292940],[4469465,3292222.6],[4470339.5,3292089.7],[4469995.5,3291543.6],[4471331.3,3290524],[4470875.2,3290152.1],[4471154.3,3289042.2],[4471942.7,3288952.6],[4471563.2,3288357.6],[4472457.6,3287032.3],[4472013.1,3283528.7],[4472428,3282287.4],[4470206,3281085.6],[4468069.9,3281825.4],[4468303.8,3277051.1],[4468856,3276225.7],[4467450.4,3274651],[4466364.1,3270936.2],[4468476.5,3272155.9],[4469515.6,3271466],[4468102.7,3269485.2],[4469346.9,3267385],[4471152.1,3268267],[4471850.7,3267975.7]],[[4471850.7,3267975.7],[4472735,3270635.2],[4474245.6,3270044.2]],[[4474245.6,3270044.2],[4474400.2,3268500.2],[4475130.8,3268146.7],[4474609.2,3267491.2],[4475291.8,3266653.7],[4477001.2,3267665.6],[4477889.3,3267094.5]],[[4477889.3,3267094.5],[4479220.3,3267805.9],[4479057.9,3267202.7],[4478108.6,3267031.5],[4477800.2,3265920.6],[4478414.9,3265354.6],[4479324.5,3265777.3]],[[4479324.5,3265777.3],[4478983.2,3264162.2],[4478249,3263688.6],[4478466.1,3262868.2],[4477633.9,3262647.8],[4477575,3260813.9],[4476677.7,3260375],[4477267.7,3259645.9]],[[4477267.7,3259645.9],[4475745,3258713.7],[4477672.5,3257525.1]],[[4477672.5,3257525.1],[4477009.6,3255404.3],[4478051.2,3254514.4],[4476539,3252966.4],[4478274.3,3250845.8],[4475360.4,3245238.1],[4474313.7,3240167.3],[4476084.5,3239335.2],[4476410.4,3238775.1],[4475568.6,3238474.4],[4477920.1,3237930.2],[4476940.5,3236561.2],[4474685.2,3235937.9],[4474448.7,3235437.1],[4475039.4,3235266.8],[4474262,3233959.3],[4474731.2,3232864],[4473380.9,3233031.5],[4472576.1,3231345.6],[4473843.4,3230460.7],[4474494.4,3228055.1],[4476059.1,3226956.1],[4476952.9,3223998.2],[4479844.9,3222631.7],[4480780.3,3220152],[4482837.7,3217825.6],[4484924.1,3217539.7],[4487758.9,3214828.6],[4489150.2,3214629.7],[4489840.3,3216710.7]],[[4489840.3,3216710.7],[4491194.3,3216595.9],[4492209.5,3214222.2]],[[4492209.5,3214222.2],[4495104.6,3213355.6],[4495425.7,3211371.8]],[[4495425.7,3211371.8],[4499820.2,3211120.7],[4500635.5,3211241.5]],[[4500635.5,3211241.5],[4500535.9,3212301],[4502607.9,3212659.6],[4502843.4,3214226.6]],[[4502843.4,3214226.6],[4504100.4,3214817.8],[4505170.2,3213756.5]],[[4505170.2,3213756.5],[4507199.9,3213437.4],[4508511.4,3212251]],[[4508511.4,3212251],[4511257.6,3211323],[4511756.4,3209730.1]],[[4550569.8,3287228],[4550566.8,3287238.6],[4550571.4,3287242]],[[4550550,3287197.5],[4550561.8,3287200.6],[4550553.6,3287181.1]],[[4546806.5,3147616.1],[4546802.4,3147649.3]],[[4546802.4,3147649.3],[4546955.5,3147633.9],[4546806.5,3147616.1]],[[4477191.9,3238672.1],[4477148,3238647],[4477025,3238825],[4477191.9,3238672.1]],[[4541746,3261787.6],[4540326.8,3261713.7],[4535949.6,3259491.9],[4535875.5,3258764.4]],[[4535875.5,3258764.4],[4536777.4,3258967.5],[4536631.2,3258578.9],[4534785.5,3258800]],[[4534785.5,3258800],[4534118.1,3257671.3],[4533824.2,3258146.9]],[[4553780.9,3287752.7],[4555737.1,3288135.4],[4555951.8,3288665.9]],[[4554383.2,3289274.8],[4556253.9,3290794.7],[4555962.6,3289951.4]],[[4572041,3268025.9],[4572717.7,3267010],[4572413.5,3268494.8]],[[4576285.2,3266236.3],[4576642.2,3265268],[4576204.5,3265174.1]],[[4574053.4,3265115.1],[4575254.7,3264656.2]],[[4571903.7,3259228.5],[4572851.2,3258194.1],[4572371.4,3257235.7]],[[4570945.9,3257082.6],[4569555.7,3253869.2],[4568684.2,3254777.5]],[[4475441.4,3238077.4],[4475391.2,3237974.5]],[[4475391.2,3237974.5],[4475456.4,3237954.9],[4475441.4,3238077.4]],[[4477471.1,3237530.9],[4477249.2,3237614.2]],[[4477249.2,3237614.2],[4477466.2,3237450.1],[4477471.1,3237530.9]],[[4470437.4,3308096.4],[4470528.6,3308304.2],[4470378.1,3308112.9],[4470437.4,3308096.4]],[[4477023.7,3237707.6],[4477167.1,3237811.6],[4476948,3237791.4],[4477023.7,3237707.6]],[[4476890,3237774.3],[4476556.1,3237912.9],[4476520.9,3237778.8],[4476890,3237774.3]],[[4475753.9,3237954.4],[4476408.9,3238079.9],[4475705,3238210]],[[4475705,3238210],[4475753.9,3237954.4]],[[4533490.6,3464183.9],[4530620.5,3464047.2],[4530635.6,3464982.1],[4528549,3466755.4],[4527342.7,3466701.2]],[[4527342.7,3466701.2],[4525822.3,3465197],[4526831.1,3466813.1]],[[4526831.1,3466813.1],[4528037.2,3467031.2],[4527206,3468042.1],[4526368.3,3466911.1],[4525030.3,3468076.9]],[[4525030.3,3468076.9],[4525040.7,3472598],[4528357.6,3470518.7]],[[4528357.6,3470518.7],[4527988,3470070.3],[4526305.8,3470930.3],[4525427.3,3469977.1],[4525615,3468278.8],[4527120.2,3469306.9],[4528160.6,3469140.9],[4529025.6,3470143.7],[4529585.3,3469488.2],[4529440,3467218.7],[4530652.7,3467564.2],[4534164.1,3465611.8],[4535209.3,3466269],[4537449.2,3466264.5],[4536635.9,3467099.8],[4538224.4,3468576.1],[4538237.6,3467644.9],[4537512.1,3467162.9],[4537469.2,3464825.2],[4535700.6,3465837],[4535497.4,3465397.6],[4536675.3,3465141.7],[4537671.8,3463970.2],[4541628.2,3463232]],[[4541628.2,3463232],[4542293.8,3462320.5],[4544173.3,3464340.7]],[[4544173.3,3464340.7],[4543686.4,3466211.9],[4542501.8,3467333.8],[4541181.8,3465893.8],[4540166.3,3467054.6],[4539862.7,3466291.4],[4540554.9,3465923],[4539886.5,3465079.6],[4539263.4,3467634.7],[4541807.3,3468834.4],[4541625.8,3467413.9],[4543598,3471540.3]],[[4543598,3471540.3],[4546147.3,3473135.1],[4546216,3474619.6]],[[4546216,3474619.6],[4549092.2,3475962.5],[4548979.2,3476368.8],[4551918.9,3476034.6]],[[4551918.9,3476034.6],[4553224.3,3477474.4],[4554078.1,3477547.9],[4556116.5,3475245.2],[4556950.8,3475420.7]],[[4556950.8,3475420.7],[4556612.5,3475756.7],[4558060.8,3477281.2]],[[4558060.8,3477281.2],[4560418.6,3477522.2],[4560039.7,3476198.4]],[[4560039.7,3476198.4],[4555922,3473643.6],[4559904.5,3475406.2],[4561359.2,3474637.9],[4561938.8,3475034.9],[4561729.7,3473929.3],[4558348,3471671.7],[4559412.8,3470656.1],[4559899.3,3471136.7],[4561317,3470934.8]],[[4561317,3470934.8],[4561987.2,3471616.9],[4562525.9,3470056.6],[4561845.5,3469920]],[[4561845.5,3469920],[4561303.5,3470652.2],[4560927.2,3470228],[4562661.1,3468678.1],[4563542.5,3469310.9],[4562857.6,3471293.7]],[[4562857.6,3471293.7],[4563036,3473629.7],[4563969.7,3475802.2],[4564760.3,3475224],[4565056.9,3475627],[4564247.5,3476218.1]],[[4564247.5,3476218.1],[4565896.7,3476838.2],[4563178.9,3478409.4]],[[4563178.9,3478409.4],[4561536.9,3481608.3],[4559455.9,3483244.8],[4556603.6,3482811.8]],[[4556603.6,3482811.8],[4555611.9,3483296.1],[4552714.9,3488360.6],[4552826.9,3491623.4]],[[4552826.9,3491623.4],[4554160.1,3491343.5],[4554743.2,3493896.4],[4558495.8,3496551.1],[4559083,3497881.4],[4558987,3501209.7],[4555965.8,3503605.2],[4546782.7,3501703.7],[4545111.1,3502004.7],[4544855.2,3501348.2],[4541979,3502390.3],[4540067.6,3504675.1],[4539014.6,3508299.1],[4539722.2,3510092.9],[4542357.2,3511558.8],[4542741.1,3513142.2],[4542079.8,3514046.8],[4533192.5,3512319.3],[4530797.2,3510721.8],[4528913.3,3508482.4],[4529473.9,3505438.1],[4529074.4,3503976.3],[4527714.6,3502019.4],[4525802.8,3500891.4],[4525467.5,3499240.7],[4526370.9,3499448.5],[4526349.9,3500000.4],[4526503.8,3499545.9],[4530252.4,3503379.3],[4529350.1,3506708.6],[4531743.1,3509002.2],[4532966.4,3509259.3],[4533352.8,3507316.4],[4531517.5,3502940.4],[4530968.8,3499343.3],[4536440.9,3502276.7],[4536070.2,3503565.3],[4537354.4,3504379.8],[4537842.7,3505818.5],[4538775.1,3506024.2],[4539773.1,3502447.2],[4540592.4,3501479.3],[4542553,3501092.3],[4544033.9,3499235.7],[4546376.3,3499617.5],[4547605.9,3499100],[4548432.4,3496852.3],[4547898.4,3496422.3],[4548595.2,3495419],[4547968.4,3491455.7],[4550975.5,3491048.5],[4550971.6,3488973.8],[4549567.9,3488067.4],[4551376.5,3487946.6],[4551786,3487220.5],[4550989.9,3486400.6],[4549389.5,3486383.9],[4549395.7,3485923.8],[4550862.6,3485827.7],[4550442.5,3484507.5],[4548894.2,3484656.5],[4548371.2,3485431.5],[4547814.8,3484852.4],[4546478.9,3485398.7],[4546967.4,3487294],[4547896.4,3487734.7],[4547249.3,3486373],[4548316.8,3486478.1],[4548903.7,3487450],[4548030.2,3487503],[4548319.8,3488350.2],[4546066.1,3488507.9],[4546784.3,3490753.8],[4547944.7,3491482.8],[4546609,3491810.4],[4544665,3490560.8],[4543971.2,3492118.9],[4542038.4,3492787.2],[4541617.9,3494198],[4542091,3495527.8],[4539723.7,3498467.8],[4539435.6,3499942.1],[4538000.5,3498795.2],[4538352.3,3498260.2],[4536827.2,3498613.2],[4537967.1,3498920.9],[4538943.5,3501846.6],[4537959.7,3502266.3],[4534330.9,3498842.6],[4535066.3,3497480.2],[4534813.9,3496193],[4535436.7,3495861.6],[4535039.7,3494632.6],[4533820.3,3495545.3],[4534274.1,3497075.3],[4533851.7,3497675.1],[4532990,3497688.1],[4530882.8,3498794.2],[4530929.6,3499082.9],[4526421.9,3497783.8],[4524443.5,3497816.5],[4524203.4,3497138.2],[4525031.2,3497302.7],[4525542.9,3496557.3],[4525682.5,3493101.1],[4526208.9,3493797.2],[4528308,3493187.3],[4530301.2,3494108.2],[4530206.8,3491275.8],[4530762,3490978.2],[4531533.9,3491552.5],[4532145.3,3490530.5],[4532918.1,3490734.4],[4530502.1,3489352.5],[4530876.1,3488723.5],[4528881.5,3488377.1],[4528502.9,3486904.6],[4528024.2,3487780.6],[4526592.4,3487498.6],[4525514.3,3484028.9],[4528007,3484274.9],[4529375.3,3485072.3],[4530052.1,3483295.8],[4531218.7,3482836.9],[4530749.3,3481673.6],[4531335.1,3480324.4],[4532948.2,3480010.9],[4530305.7,3478120.5],[4528704.6,3478980.1],[4527066.7,3478309.2],[4526164.2,3478758.8],[4524280.3,3478282.1],[4523547.5,3474110],[4524947.5,3473109.1],[4524790.3,3472505.5],[4523691.5,3472837.9],[4522863.9,3475569.9],[4521224.4,3476145.5],[4522064,3477410.3],[4521254.1,3479070.4],[4519057,3479012.9],[4517487.3,3480753.8],[4517233.5,3483396.7],[4517928.4,3484696.1],[4516689.6,3485551.6],[4515639.5,3485159.3],[4514857.8,3483864.1],[4510544.8,3482236.3],[4509143.3,3480985.4],[4508094.8,3476948.5],[4506287.8,3475379.2],[4504175.8,3475205.8],[4503744.6,3474331]],[[4503744.6,3474331],[4503676.2,3476495.3]],[[4503676.2,3476495.3],[4501953.1,3478270.1],[4502003.7,3480149.4],[4500943.8,3477358.6],[4500096.7,3477195.3],[4499305.4,3478696.5],[4499123.5,3477469.7],[4497724.4,3477411.6],[4497342.7,3480253.1],[4496372.4,3480183.2],[4496175.3,3478648.6],[4495319.7,3477511.1],[4495699.7,3476796.2],[4494931.2,3477044.4],[4496006.9,3478787.7],[4495393.8,3479897.7],[4497253,3480993.6],[4496742.2,3481684.3],[4495364.1,3481012.2],[4494471.5,3480908.2],[4494242.1,3481179],[4494136.6,3480689],[4493625,3480638.5],[4494532.9,3479277.2],[4491117.5,3476988.3],[4489785.5,3476958.9],[4489563.2,3475376.3],[4488347.4,3475430.6],[4488797.2,3477122],[4487831.9,3476852],[4486951.2,3477722.4],[4487053,3476953.1],[4485749.4,3476083.7],[4486997.1,3475173.6],[4486079.3,3474651.6],[4485897.8,3473120.1],[4481906.6,3471993.9],[4482363.8,3469139.8],[4479175.3,3467851.9],[4478749.5,3476861.2],[4480323.4,3477656.3],[4483190.2,3477913.5],[4484625.8,3476895.6],[4486874,3478902.3],[4489061.8,3478900.1],[4489438.8,3478288.4],[4489744.3,3479189.6],[4488411.5,3479669.8],[4488366.6,3480481.7],[4489177.8,3481046.7],[4490946,3480958.2],[4490502.3,3481352.5],[4490883.7,3482128.3]],[[4490883.7,3482128.3],[4492220.4,3483032.6],[4492662.3,3483038.1]],[[4492662.3,3483038.1],[4490760.9,3484038.2],[4490705.5,3484186.1]],[[4490705.5,3484186.1],[4492679.5,3483189.9],[4492699.4,3482907.1],[4492305.4,3482785.2],[4492866.8,3482289.7],[4493186.6,3481486.3],[4494091.6,3481175.7],[4494144.4,3482282.9],[4494334.2,3482782.6],[4495687.9,3483865.8],[4496103,3483877.8],[4497106.6,3483503.1],[4497540.4,3484018.4],[4497834.3,3483874.3],[4498922.3,3482111.8],[4500470.8,3481915.5],[4501844.8,3482519.5],[4502950.8,3481558.9],[4504833.5,3483242.3],[4507667.5,3482312.6],[4510946.3,3484012.1],[4510232.7,3484848.7],[4510014.2,3485337.6],[4510386.2,3485937.1],[4504466.1,3485103.9],[4494965,3484981.3],[4487713.6,3485989]],[[4487713.6,3485989],[4487863.8,3486649],[4487807.7,3486767.8]],[[4487807.7,3486767.8],[4487695.8,3485992.1],[4487147.7,3486086.5],[4484824.4,3487819.7],[4484984.2,3489089.7],[4484179.4,3489332.9],[4484694.9,3489671.7],[4483826.7,3489187.7],[4483124.7,3488138],[4480872.9,3481455.5],[4479145.9,3478648.4],[4477340.4,3477069.4],[4473063.5,3468021.2],[4463847.3,3461379.9],[4459688.6,3455056.2],[4458490.5,3454407.4],[4457697.4,3455151.3],[4458235.7,3453391.5]],[[4458235.7,3453391.5],[4457218.1,3455312.4]],[[4457218.1,3455312.4],[4456306.9,3454472.4],[4452338.2,3454214.4],[4442048.6,3450258.2],[4438276,3450392.1],[4436207.6,3451432.4],[4431032.7,3450883.5],[4426319.7,3445661.3],[4422581.2,3443948.7],[4420834.7,3441424.8],[4421416.6,3441934.6]],[[4421416.6,3441934.6],[4421661.7,3440016],[4421321.3,3439525.4],[4421377.8,3439086.6]],[[4421377.8,3439086.6],[4425965.1,3445183.3],[4427426,3443795.4],[4427328.9,3442320.7],[4426457.7,3441294],[4424624.1,3440760.2],[4424951.4,3438957.1],[4423604,3436939.5],[4422195.1,3436395.2],[4421240.3,3437388.2],[4420510.7,3436957.2],[4420473.2,3436466.6],[4421485.7,3436471],[4421545,3435789.1],[4419981.1,3434886.3],[4418767.2,3432880],[4419395.2,3432036.7],[4419041.6,3430323.9],[4418646,3430035.9],[4418668.4,3430812.6]],[[4418668.4,3430812.6],[4418137.2,3430205],[4417648.5,3430309.2],[4417502.5,3429674.9]],[[4417502.5,3429674.9],[4418379.5,3429911.5],[4418361.3,3425561.5],[4415939.2,3424026.1],[4416329.1,3422778.7],[4415918.3,3422306.4],[4415309.9,3422473.2],[4415397,3423635.9],[4413227.3,3424713.2],[4413399.8,3426241.9],[4412199,3426652.6],[4410557.2,3426216.2],[4408631.4,3428777.6],[4405549.2,3425608.7],[4403521.4,3426052.7],[4402490.7,3428216.7],[4402773.6,3430261.4],[4403368.5,3430238.9],[4403672.2,3431421.7],[4403203.7,3431889.1],[4402119.7,3431264.5],[4400576.2,3431686.7],[4398340.5,3434856],[4396096.7,3434213.2],[4392412.9,3434595.8],[4389059.5,3433660.6],[4380325.7,3428132.7]],[[4380325.7,3428132.7],[4380746.3,3426948.6],[4379857.3,3425752],[4379859,3424476.1],[4382665.6,3424012.6],[4384655,3422736.8],[4384019.7,3422961],[4380921.5,3421506]],[[4373594.9,3419043],[4371744.5,3418732.2],[4370239.9,3416305.3],[4370240.5,3414330.9]],[[4360606.7,3361904.8],[4362586.8,3362663.4],[4367699.2,3362669.5]],[[4379644.7,3358968.4],[4381561.8,3359201.3],[4382231.8,3360413.3],[4384611.5,3358796.6]],[[4389641.1,3352603.8],[4393136.2,3346354.3],[4395646.7,3344554.1],[4397102.4,3344392.3]],[[4400265.2,3337131.6],[4402773.4,3337967.7],[4404202.9,3337344.5],[4405741.3,3335608.5]],[[4405741.3,3335608.5],[4407399.4,3335042.5],[4409173.8,3335412.2],[4410517.3,3334746.2],[4412051.8,3335069.1],[4414334.4,3334466.8],[4414801.8,3335073.9]],[[4414368.6,3337760.8],[4417246.4,3337421.6]],[[4571549.7,3384996.1],[4571701,3389186.1],[4572711.2,3390086],[4572662.6,3388648.9]],[[4601633,3377778.5],[4602380.9,3377223.6],[4603141,3373249],[4602257.7,3369859.4],[4600859.9,3367340.8]],[[4601895.7,3357778.1],[4605484.3,3358497],[4605107.8,3360415.4]],[[4610611.5,3364455],[4611507.7,3365355.8],[4612445.7,3365185.4],[4613549.2,3366677.9],[4614778.1,3366887.9],[4614214.8,3368802.5],[4613160.1,3369482.1],[4613311.9,3371942.6],[4611658,3375548.1],[4611199.1,3380815.9],[4610316.4,3380861.3],[4609566.1,3385129.5],[4607941.4,3385903.8],[4605998.2,3391316.8],[4606664.5,3392690.1],[4606512.7,3398557.9],[4604219.4,3400247],[4604097,3402979.3],[4603150.5,3403656.7],[4603889.4,3405593],[4602667.3,3407322],[4602834.1,3412363.7],[4602312.8,3413411.7],[4603287.8,3415572.4],[4602309.3,3417466.1]],[[4602309.3,3417466.1],[4596138.2,3418978.6],[4583505.7,3418885.7],[4576961.1,3420221.3],[4574314.5,3422088.2]],[[4574314.5,3422088.2],[4572486.5,3422231.9],[4572160.6,3423520.2]],[[4572160.6,3423520.2],[4572537.3,3425613.4],[4573922.7,3425721],[4574417.5,3427574.7],[4576013.7,3429218.1],[4577505.9,3429524],[4578053.3,3430790.7],[4575719.7,3433800.9],[4573835.2,3434011.6],[4573846.5,3435345.8],[4572407.4,3437497.4],[4570831.1,3438656.9],[4569905.7,3438556.4],[4567385.7,3440685.3],[4567198.6,3442048.4]],[[4567198.6,3442048.4],[4566252.1,3442103]],[[4566252.1,3442103],[4568688.5,3444318.4],[4568840.5,3445071.9],[4568022.8,3445658],[4569089.3,3446273.9],[4569243.8,3449015],[4570082.6,3450265],[4569725.9,3450771.6],[4568614.8,3451225.2],[4567687.3,3452084],[4567299.9,3453046.1],[4565859.4,3453863.8],[4565973.8,3454436.7],[4564986.2,3453980.1],[4562485.1,3455287.5],[4562338.9,3456315.1]],[[4562338.9,3456315.1],[4563754.3,3456982.9],[4563008.5,3457790.8],[4562332.2,3457851.1]],[[4562332.2,3457851.1],[4559600.4,3455676.1],[4558991.3,3456021],[4559155.1,3455329.4],[4557703.9,3454026.7],[4554688.8,3452995.7],[4554462.5,3453651.1],[4554442.5,3452951]],[[4554442.5,3452951],[4551666,3452749.6],[4548712.6,3451569.1],[4548290.3,3450918.6],[4550109.9,3447753.3]],[[4550109.9,3447753.3],[4549544.8,3447352.5],[4547213.7,3448075.8]],[[4547213.7,3448075.8],[4544998.8,3453203.4],[4543536.8,3454175.2],[4544235.4,3457067.1]],[[4544235.4,3457067.1],[4542982.1,3457865.8],[4542540,3457911.7]],[[4542540,3457911.7],[4542995,3456639.6],[4541541.7,3457403.3],[4537609.8,3455327.2]],[[4537609.8,3455327.2],[4539102.2,3457481.7],[4540137.4,3458049.4]],[[4540137.4,3458049.4],[4541107.3,3457877.3],[4540708.6,3458291.1]],[[4540708.6,3458291.1],[4538251.3,3457890.2],[4535473.4,3463589.6],[4533490.6,3464183.9]],[[4418110.3,3432015.1],[4418135,3432031.7],[4418126.2,3432034.9],[4418110.3,3432015.1]],[[4418816.8,3431613.1],[4418844.5,3431637.6],[4418839.6,3431647.4],[4418816.8,3431613.1]],[[4538558.2,3456342.7],[4538572.4,3456363.9],[4538553.7,3456358.6],[4538558.2,3456342.7]],[[4538558.3,3456371],[4538564.4,3456416.8],[4538550.3,3456424.3],[4538558.3,3456371]],[[4531741.4,3498576.7],[4531767.8,3498582.6],[4531748.1,3498589.4],[4531741.4,3498576.7]],[[4417987.6,3430245],[4418039.1,3430254.6],[4417977.4,3430256.4],[4417987.6,3430245]],[[4561559.8,3473965.3],[4561568.3,3474003.9],[4561549.8,3474004.1],[4561559.8,3473965.3]],[[4532011.2,3498320.9],[4532029.9,3498346.4],[4531999.4,3498343.7],[4532011.2,3498320.9]],[[4514528.9,3485174.5],[4514557.1,3485187.8],[4514536.1,3485198.9],[4514528.9,3485174.5]],[[4520183.6,3491368.2],[4520214.5,3491403.7],[4520189.7,3491418.3],[4520183.6,3491368.2]],[[4494632.1,3481639.9],[4494667.5,3481667.3],[4494632.9,3481673.4],[4494632.1,3481639.9]],[[4485244.2,3474925.8],[4485271.6,3474940.3],[4485268.9,3474942.8],[4485244.2,3474925.8]],[[4418612,3432209.9],[4418603.2,3432266.9],[4418579.4,3432221],[4418612,3432209.9]],[[4585075.7,3435379],[4585103.6,3435397.1],[4585061.7,3435456.9],[4585075.7,3435379]],[[4491997.7,3482526.8],[4492041.7,3482558.7],[4492019.6,3482577.2],[4491997.7,3482526.8]],[[4539516.5,3456416.6],[4539519.3,3456469.9],[4539493.8,3456466.2],[4539516.5,3456416.6]],[[4489307.8,3477266.4],[4489252.5,3477337.7],[4489209.9,3477323.7],[4489307.8,3477266.4]],[[4578327.6,3428215],[4578257.3,3428211.5],[4578326.6,3428193.4],[4578327.6,3428215]],[[4493744.7,3480834],[4493791.9,3480871],[4493780.2,3480874.5],[4493744.7,3480834]],[[4569948.6,3448444.2],[4570008.8,3448468.6],[4569976.9,3448494.6],[4569948.6,3448444.2]],[[4485292,3475170.4],[4485354.2,3475205.9],[4485313.9,3475218.7],[4485292,3475170.4]],[[4510315,3484793],[4510358.7,3484826.7],[4510295,3484832.2],[4510315,3484793]],[[4566884.6,3460793.7],[4566925.3,3460895.6],[4566923,3461030.3]],[[4566923,3461030.3],[4566884.6,3460793.7]],[[4520047.4,3488504.1],[4520086.5,3488564.6],[4520027.8,3488540],[4520047.4,3488504.1]],[[4541424.4,3466608.8],[4541464.3,3466678.6],[4541430.9,3466679.3],[4541424.4,3466608.8]],[[4491996.5,3482591.2],[4491970.2,3482638.9],[4491936.7,3482619.2],[4491996.5,3482591.2]],[[4523017.6,3497256.6],[4523089.6,3497265.4],[4523047.5,3497311.4],[4523017.6,3497256.6]],[[4570029.5,3448977.2],[4569991.1,3449019],[4569972.3,3448963.4],[4570029.5,3448977.2]],[[4510137,3483165.8],[4510235.3,3483254.6],[4510069,3483157.8],[4510137,3483165.8]],[[4539971.4,3457674.8],[4540024.1,3457743.5],[4540008,3457787.7],[4539971.4,3457674.8]],[[4513796.7,3485131.4],[4513853.8,3485123.2],[4513809.7,3485223.9],[4513796.7,3485131.4]],[[4492779.2,3481983.1],[4492830.5,3482005],[4492783.7,3482107.8],[4492779.2,3481983.1]],[[4485265.4,3475625.7],[4485341.6,3475610.9],[4485332.4,3475674.5],[4485265.4,3475625.7]],[[4520831,3493915.1],[4520739.6,3493953.2],[4520737.3,3493902.7],[4520831,3493915.1]],[[4577226.7,3421033.4],[4577111,3421013.4],[4577149,3420987.2],[4577226.7,3421033.4]],[[4568217.7,3451668.5],[4568198,3451763.8],[4568100.1,3451854.9],[4568217.7,3451668.5]],[[4514480.2,3484863.3],[4514554.9,3484875.6],[4514534.9,3484933],[4514480.2,3484863.3]],[[4569793,3458465.2],[4569886.7,3458527.1],[4569791.7,3458517.5],[4569793,3458465.2]],[[4568557.3,3445595.9],[4568618.3,3445589.6],[4568605.7,3445636],[4568557.3,3445595.9]],[[4538647.7,3456374],[4538562.8,3456455.1],[4538592.5,3456355.8],[4538647.7,3456374]],[[4484133.9,3472686.6],[4484051.7,3472722.4],[4484069.1,3472685.2],[4484133.9,3472686.6]],[[4524182.8,3501008.5],[4524271.5,3500955.3],[4524245.6,3501131.2],[4524182.8,3501008.5]],[[4542191.3,3467336.2],[4542297.7,3467400.4],[4542213.2,3467437.9],[4542191.3,3467336.2]],[[4569869.6,3458559],[4569779.9,3458646],[4569751.7,3458542.9],[4569869.6,3458559]],[[4541788.3,3467143.7],[4541910.8,3467227.1],[4541768.7,3467212.7],[4541788.3,3467143.7]],[[4518035.3,3485784.3],[4518144.6,3485884.1],[4518000.5,3485863.3],[4518035.3,3485784.3]],[[4494448.7,3481138.3],[4494277.1,3481198.1],[4494470.5,3481073.1],[4494448.7,3481138.3]],[[4539807.8,3457208.9],[4539738.4,3457333.9],[4539669.9,3457365.5]],[[4539669.9,3457365.5],[4539672.7,3457247],[4539807.8,3457208.9]],[[4529280,3488870.5],[4529220.8,3488878.7],[4529057.1,3488820.2],[4529280,3488870.5]],[[4420557.2,3440849.4],[4420579.7,3440883],[4420699.1,3441217.6]],[[4420699.1,3441217.6],[4420559,3440918],[4420557.2,3440849.4]],[[4569617.6,3459004.3],[4569754.3,3459120.6],[4569599,3459050.8],[4569617.6,3459004.3]],[[4417990.1,3429264.6],[4417888.1,3429553.7],[4417850.8,3429552.4],[4417815.9,3429531.1],[4417825.2,3429483.2]],[[4417825.2,3429483.2],[4417990.1,3429264.6]],[[4540217.9,3465629.6],[4539878.7,3465742.8],[4540232.7,3465601.2],[4540217.9,3465629.6]],[[4528730.3,3488955.7],[4528884.4,3489092.9],[4528717.8,3488995.6],[4528730.3,3488955.7]],[[4514744.6,3485991.8],[4514952.9,3486047.3],[4514910.5,3486106.9],[4514744.6,3485991.8]],[[4485168.8,3475401.8],[4485314.7,3475534.3],[4485294.3,3475557],[4485168.8,3475401.8]],[[4497782.4,3483453.5],[4497848.6,3483675.6],[4497770.7,3483667.4],[4497782.4,3483453.5]],[[4585621.6,3433916.6],[4585768.5,3433867.4],[4585732.9,3433958.5],[4585621.6,3433916.6]],[[4524892.6,3500652.9],[4524788.7,3500910],[4524619.9,3500807.8],[4524892.6,3500652.9]],[[4580798.5,3433245.9],[4580992.2,3433210.8],[4580858.5,3433383.9],[4580798.5,3433245.9]],[[4520633.2,3489665.4],[4520844.5,3489755.9],[4520787.2,3489896.9],[4520633.2,3489665.4]],[[4534494,3497405.8],[4534638.5,3497613.1],[4534542.4,3497606.4],[4534494,3497405.8]],[[4510760.3,3484381.8],[4510832.2,3484539],[4510638.4,3484562.1],[4510760.3,3484381.8]],[[4494219.5,3482352.4],[4494335.7,3482338.5],[4494324.3,3482612.9],[4494219.5,3482352.4]],[[4485358.2,3476304.5],[4485035.9,3476438],[4484990.2,3476372.4],[4485358.2,3476304.5]],[[4511046.4,3484276.3],[4510891.4,3484307.7],[4511072.3,3483983.8],[4511046.4,3484276.3]],[[4485523,3473878.3],[4485349.8,3474647.5]],[[4485349.8,3474647.5],[4485404.5,3473985.4],[4485523,3473878.3]],[[4569904.4,3447901.6],[4569836.1,3448531.8],[4569753.6,3448138.6]],[[4569753.6,3448138.6],[4569904.4,3447901.6]],[[4485069.3,3476721.9],[4484666.5,3476865.2],[4484997.3,3476632.8],[4485069.3,3476721.9]],[[4485296.7,3475927],[4485124.4,3476070.6],[4485206.2,3475779.3],[4485296.7,3475927]],[[4585382.4,3434052.6],[4585284.2,3434461.6],[4585113.9,3434502.7],[4585382.4,3434052.6]],[[4513553.3,3485311],[4513791.6,3485470.3],[4513768.3,3485547.6],[4513553.3,3485311]],[[4414816.6,3426829.2],[4414484.2,3427049.5],[4414749.2,3426561],[4414816.6,3426829.2]],[[4417361.1,3429549.7],[4417284.3,3429874.6],[4417252.7,3429490.9],[4417361.1,3429549.7]],[[4488666.8,3477503.1],[4488901.4,3477678.8],[4488995.1,3477922.1],[4488666.8,3477503.1]],[[4523769.8,3484463.3],[4523378.4,3484394.3]],[[4523378.4,3484394.3],[4523507.7,3484377.1],[4523769.8,3484463.3]],[[4513845.5,3485199.7],[4514100.4,3485504.3],[4513899.9,3485554.8],[4513845.5,3485199.7]],[[4569766.8,3458935.7],[4569277.3,3458746.9],[4569833.1,3458699.9],[4569766.8,3458935.7]],[[4494118,3481035.8],[4493620.5,3481160.8],[4493490.1,3480967.8]],[[4493490.1,3480967.8],[4493919.1,3480979.5],[4493868.8,3480748.4],[4494118,3481035.8]],[[4529112.5,3488758.8],[4528690.7,3488754.9],[4528434.9,3488510.4]],[[4528434.9,3488510.4],[4528449,3488029.6]],[[4528449,3488029.6],[4529112.5,3488758.8]],[[4569705.1,3457983.6],[4569867.9,3458391.4],[4569469.9,3458417.5],[4569705.1,3457983.6]],[[4485561.2,3474350.3],[4485430.3,3475361.4]],[[4485430.3,3475361.4],[4485363.2,3474800.4],[4485561.2,3474350.3]],[[4513911.8,3485594.8],[4514167.2,3485524.6],[4514477.7,3485209.6]],[[4514477.7,3485209.6],[4514383.6,3485792.9],[4513911.8,3485594.8]],[[4566920.6,3461292],[4567203.3,3462120.5],[4566879,3462240.2],[4566920.6,3461292]],[[4419020.3,3437038.6],[4418405.8,3436369.9],[4418515,3436249.5],[4418951.3,3436270.5],[4419020.3,3437038.6]],[[4530031.8,3489495],[4529701.1,3489165.2],[4529288.5,3489181.1],[4529331.7,3488886.8],[4529978.9,3488964.5],[4530031.8,3489495]],[[4492587.7,3482516],[4492130.8,3482084.5],[4492732.6,3481959.2],[4492587.7,3482516]],[[4522923.8,3497438.7],[4523063,3498109.2],[4522697.8,3497761.1],[4522859.7,3496877.6],[4522923.8,3497438.7]],[[4529902.6,3481447.8],[4529590.8,3481959],[4529294,3481398.7],[4529902.6,3481447.8]],[[4576866.8,3467219.9],[4576285.4,3467452.6],[4575649.7,3466217.4],[4576096.1,3466404.3],[4576866.8,3467219.9]],[[4420261.5,3437801.6],[4420390.1,3440591.7],[4420080.7,3439904.1],[4420011.6,3439316.2]],[[4420011.6,3439316.2],[4420075.3,3437947.1],[4420261.5,3437801.6]],[[4498548.4,3481859.8],[4497895,3481803.2],[4497528.6,3480943.2],[4498239.4,3480957.6],[4498548.4,3481859.8]],[[4551613.2,3474663.3],[4551328.5,3475162.8],[4550648.5,3474503.3],[4549906.1,3473248],[4550249.5,3472689.2]],[[4550249.5,3472689.2],[4551613.2,3474663.3]],[[4578374.7,3442991.2],[4577574.3,3442118.5],[4578174.1,3441333.8],[4578718.8,3442536.8],[4578374.7,3442991.2]],[[4511314.2,3485746.8],[4510750,3485225.5],[4511066.2,3484483.2],[4511695.1,3485257.5],[4513171.2,3485321.8]],[[4513171.2,3485321.8],[4511314.2,3485746.8]],[[4495562.5,3483698.5],[4494816.3,3482781.5],[4494811.1,3482040.5],[4498288.8,3482259.6],[4497834.7,3483201.8],[4496238.3,3483733.3],[4495562.5,3483698.5]],[[4514666,3485038.8],[4514235,3485288.7],[4513884.9,3485088.5]],[[4513884.9,3485088.5],[4514007.9,3484696],[4516652.9,3486005.9],[4518323.1,3485921.9],[4519407.7,3486972.1],[4518753.2,3487935.4],[4517801.2,3486387.3],[4515528.9,3486403.3],[4514666,3485038.8]],[[4524376.7,3500811.8],[4524299.3,3503165.3],[4524379.6,3503244.8]],[[4524379.6,3503244.8],[4525176.3,3500449]],[[4525176.3,3500449],[4524338.3,3504123.6]],[[4524338.3,3504123.6],[4522634.3,3504065.7],[4521266.5,3502574.2],[4521497,3499686.4],[4519633.7,3491472],[4519773.9,3487714.9],[4520427.3,3490104.2],[4519955.6,3491529.7],[4520075.2,3492395.8],[4520696.6,3494230.5],[4521003.8,3494174.1],[4520715,3494578.6],[4521249.2,3494379.1],[4521212.7,3495562.9],[4522737.7,3496758.6],[4521989.8,3500082.6],[4522692.6,3500792.2],[4522080.2,3501700.4],[4523058.3,3501875.3],[4523985.1,3503613.9],[4523606,3502453],[4524040,3502129.9],[4524376.7,3500811.8]],[[4526918.2,3491977.6],[4524845.9,3490212.9],[4523556.4,3486148.9],[4527509.2,3487984.2],[4527601.9,3488914.7],[4530095.1,3489612.8],[4529552.4,3490969.4],[4529997.5,3491379.9],[4528410.7,3491150],[4528046.8,3491935.6],[4526918.2,3491977.6]],[[4412125.5,3429644.3],[4413706.6,3429787.6],[4414301.9,3429233.4],[4414692.2,3429100],[4414980.6,3429244.3]],[[4414980.6,3429244.3],[4414639.5,3431910.7],[4415800,3433218],[4415613.8,3429586.5],[4416608.4,3428807.4],[4418115.5,3431527.2],[4417957,3433332.6],[4418704,3433516.9],[4419055.2,3434789.1],[4418850.2,3436059.3],[4417264.7,3436243],[4411360.5,3433098.3],[4411417.2,3430725],[4412125.5,3429644.3]],[[4582787.7,3444408],[4583408.8,3441022.5],[4584239.2,3441509.3]],[[4584239.2,3441509.3],[4584029.1,3442118.9],[4584136.3,3442282.3]],[[4584136.3,3442282.3],[4585381.5,3441649.1],[4586049.8,3440134.3],[4585660.7,3439779.8]],[[4585660.7,3439779.8],[4586332.1,3439684.1],[4585813.5,3434300.8],[4586387.3,3433773.1],[4585759.6,3433357.9],[4584301.6,3434255.4]],[[4584301.6,3434255.4],[4584919.9,3435688.6],[4582329.7,3435534.7],[4581064.7,3434897.8]],[[4581064.7,3434897.8],[4581639.4,3434205.8],[4580980.9,3432320.9],[4580528.4,3432382.9],[4580758.6,3434426.9]],[[4580758.6,3434426.9],[4580159.6,3435064.3]],[[4580159.6,3435064.3],[4581575.7,3436433.8],[4580941.8,3436708.7]],[[4580941.8,3436708.7],[4580956.6,3438543.6],[4579639.9,3439005.9],[4577133.8,3438336.1],[4576522.4,3435729.4],[4578434.9,3433963.4],[4579688.5,3429438],[4578742.5,3427055.2],[4577608.6,3426760.6],[4576883.9,3425704.5],[4573138.7,3424886.9],[4572916.6,3423361.5],[4572437.6,3423262.6]],[[4572437.6,3423262.6],[4572719.9,3422486.1],[4574032.4,3422702.7]],[[4574032.4,3422702.7],[4575218.8,3421820.1],[4577493.8,3421641.4],[4578728.7,3422281.6],[4579509.2,3425156.5],[4581109.6,3424202.4],[4580853.8,3422941.5],[4579083.2,3423094.7],[4579014,3422505.6],[4580148.9,3422162.7],[4583538.3,3422911.7],[4585286.1,3425357.4],[4586649.9,3426010.5],[4588082,3425491.6],[4589517.8,3426166.1],[4591557.2,3425643.4],[4596470,3426345.8],[4598086.9,3425637.2]],[[4598086.9,3425637.2],[4597749.1,3429509.8],[4597255.8,3430628],[4595891.8,3430943.5],[4597344.8,3431225.9],[4598486.9,3432738.5]],[[4598486.9,3432738.5],[4595493.4,3434726.1],[4594997.5,3435876.6],[4582946.7,3446593.7],[4578420.8,3447966.9],[4574545.1,3450367.7],[4571446.7,3454016.4],[4569898.6,3457982.5],[4569686.8,3457968.6],[4569364.2,3458330.2],[4568737.1,3458472.5]],[[4568737.1,3458472.5],[4566337.1,3457585.7],[4565878.4,3456490.5],[4566450.8,3454096.4]],[[4566450.8,3454096.4],[4567505.9,3453886.3],[4567730.5,3452373.3],[4569826.9,3451309.6],[4570370.6,3450102.9]],[[4570370.6,3450102.9],[4569204.9,3444500.9]],[[4569204.9,3444500.9],[4567611.6,3442394.7],[4568026,3441114],[4570061.3,3441192.2],[4571229.3,3443331],[4573526.5,3444702],[4575121.7,3443629.9],[4574257.2,3443078.1],[4573510.6,3440833.5],[4574150.7,3439285.4],[4574942.9,3440484.4],[4576488.9,3440789],[4578019.7,3443460.3],[4577350.2,3444732.9]],[[4577350.2,3444732.9],[4576863.9,3444262.4],[4577408.4,3446314.6]],[[4577408.4,3446314.6],[4576940.6,3446578.5],[4580277.2,3446221.1],[4581180.2,3446857.8],[4580768.5,3446319],[4582787.7,3444408]],[[4504013.3,3101651.6],[4505770.3,3096105.9]],[[4505770.3,3096105.9],[4505433.9,3095344.7],[4507481.7,3093683.8],[4506724.8,3091262.2],[4505242.6,3091968.4],[4504885.6,3091441.4],[4502064.9,3090944.5],[4500709.6,3091406.2],[4499308.2,3090715.8],[4498421.8,3091645.3],[4497333.6,3091154.4],[4497608.5,3089959.5],[4495849.9,3089798],[4494094.2,3088412.5],[4494416.3,3087219],[4493087.8,3086392.6],[4492986.4,3084138.7],[4491447.3,3083705.7],[4490782.6,3084530.4],[4491026.1,3085646.4],[4490169,3084743.7],[4488339.9,3084643.3],[4488217.6,3085155.4],[4486396.8,3083322.2],[4486372.2,3081767.9],[4483555,3081149.9],[4482921,3082382.2],[4483232.5,3080962.4]],[[4483232.5,3080962.4],[4482423.6,3081875]],[[4482423.6,3081875],[4481584.2,3080075.1],[4481438.5,3080977.4],[4480252.4,3080244.7],[4479575.7,3080991.8],[4479073.7,3079920.4],[4479895.1,3078848.6],[4479830.3,3077663.4],[4482276.4,3077858.2],[4482465.8,3077162.2],[4480762.4,3074565.2],[4479112.5,3075333.4],[4478251.7,3074169.1],[4478190.9,3072018],[4478970.8,3071455.4],[4480677.2,3071956.8]],[[4480677.2,3071956.8],[4481352.7,3071045.7],[4480085.3,3069524.4]],[[4480085.3,3069524.4],[4481819.5,3066357.8],[4485103.6,3065889.8],[4484858.3,3063887.6]],[[4484858.3,3063887.6],[4483865.2,3063726.3],[4483564.1,3062540.5],[4482302.8,3061695.9],[4481156.6,3061579.7],[4481275,3060137.1],[4479771.7,3060387.8],[4479054.6,3059642.1],[4478845.7,3060308.4],[4477850.4,3060072.3]],[[4477850.4,3060072.3],[4476525,3061213.1],[4476041.3,3058187.2]],[[4476041.3,3058187.2],[4475476.9,3057839.2],[4474737.3,3058329.9]],[[4474737.3,3058329.9],[4474550,3059774]],[[4474550,3059774],[4473372.8,3059872.8],[4472782.7,3059317.6],[4473084.8,3057140.1]],[[4473084.8,3057140.1],[4470874.4,3056198.9],[4470382.3,3055153.3],[4471453.6,3054698.8],[4472014,3055086.8],[4471569.2,3054653.6],[4472147.6,3054449.3],[4473673.1,3054899.3],[4473865.5,3053755.4],[4471757.4,3053621.2],[4470897.7,3052741.4],[4469750.2,3054095.3],[4468602.7,3054072.6],[4467921.9,3051358]],[[4467921.9,3051358],[4464966.8,3050608.4],[4463936.3,3052629]],[[4463936.3,3052629],[4465136.5,3054159.6],[4465169.2,3055574.3],[4462895.7,3057608.8]],[[4462895.7,3057608.8],[4464063.3,3059155],[4462731.6,3060021],[4462461.6,3059232.9],[4461054.9,3058497.1]],[[4461054.9,3058497.1],[4461680.1,3057228.6],[4460251.4,3056115.5]],[[4460251.4,3056115.5],[4459719.1,3056602.4]],[[4459719.1,3056602.4],[4458616.6,3055034.4],[4457232.6,3054453.4],[4457982.9,3052550.1]],[[4457982.9,3052550.1],[4457477.4,3051264.6]],[[4457477.4,3051264.6],[4456898,3051633.8]],[[4456898,3051633.8],[4456636.9,3051035.5],[4454599.3,3050644.2],[4453656.8,3049221.4],[4454808.9,3046648.1],[4457050.5,3046751.3],[4456963.1,3047763.8],[4457943.3,3047496.4]],[[4457943.3,3047496.4],[4458199.5,3045621.6],[4460400.2,3043490.5],[4460008.1,3042566.2],[4459143.8,3042665.5],[4458538.1,3041762.6]],[[4458538.1,3041762.6],[4459050.6,3041671.5],[4459520.1,3039850.6],[4458163.2,3040926.4]],[[4458163.2,3040926.4],[4455066.1,3038460.1],[4456281,3037487.9]],[[4456281,3037487.9],[4457926.5,3037482.4],[4457404.4,3036508.7],[4458493.4,3036445.8]],[[4458493.4,3036445.8],[4459268.1,3035645.2],[4459902.7,3034697.9]],[[4461477.7,3032641.1],[4462057.1,3032787.1],[4461766.9,3030465.4]],[[4466339,3026470.3],[4466163.4,3026688.4],[4466074.6,3026908.1]],[[4469839.9,3025703.2],[4470624.1,3025044.2],[4471588,3025364.8],[4471833.2,3024793.4],[4476562.9,3025667.3],[4476756.4,3024498.8],[4477770.2,3024225.9],[4477403.7,3022477.1],[4477916.1,3020210.9],[4481664.8,3020118.2],[4482583.3,3018800.1],[4482597.4,3017832.8],[4481217.5,3018576.6],[4480693,3017417.8],[4482743.9,3015795.6],[4483298.8,3015969.5],[4484173.6,3015114.3],[4483571.6,3014815.4],[4484692.4,3014653],[4483903.3,3013735.6],[4484329,3012649.5],[4483401.4,3011889.6],[4484947,3009499.8],[4487967.9,3009402.4],[4486942.2,3010318.2],[4487960.1,3011558.5],[4486841.4,3013173.1],[4487040.5,3014448.6],[4487614.3,3014329.8],[4487283.5,3017119.6],[4488589.5,3016472],[4489277,3017147],[4488730.4,3019416.8],[4489939.6,3021951.8],[4491971.3,3022970.2],[4491781.8,3026054.1],[4494096.7,3026274.7],[4494837.7,3028444.6],[4496654,3029908.5],[4497532.6,3029111.9],[4498165.2,3029424.5],[4497861.8,3031750.4],[4499585.1,3034756.6],[4505799.2,3035920.8],[4506990.1,3037071],[4509117.7,3036565.9],[4510964.1,3037334.1],[4513448,3035233.3],[4513454.7,3036485.7],[4514960.3,3038030.6],[4515246.7,3039221.4],[4519461.9,3041283.2],[4520650,3039265.7],[4520324.6,3040636.5],[4521130.3,3042556.2],[4527249.6,3038612],[4527904.2,3038763.5],[4529767,3036881.5],[4530536.4,3036687.8],[4530089.3,3037500.2],[4533101.8,3038584.6],[4535443.2,3041597.5],[4535990.8,3048655.6],[4536752.4,3048890.1],[4537764.7,3047781.9],[4539837.1,3047755.9],[4543100.9,3049943.3],[4543445.9,3048597.8],[4547618.8,3048425.9],[4547546.4,3049852.9],[4548399.4,3050507.9],[4549810.2,3053744.2],[4549292.6,3055202.4],[4550174.3,3055996.7],[4549928,3056982.6],[4550944.9,3058464.6],[4553087.6,3058659.6],[4554053,3056694.1],[4556290.6,3057481.3],[4556269.4,3060526.9],[4556978.4,3060363.1],[4557154.8,3061038.7],[4559088.7,3061717.5],[4559886.2,3062787.2],[4559325.2,3065385.3],[4560813.3,3064987.6],[4562603.6,3061718.9],[4566207.4,3060245.5],[4568364.7,3063711],[4570211.2,3064580.9],[4570273.5,3065744.2],[4569321.2,3066184.6],[4570486,3067836],[4571182.8,3067867],[4571425,3068934.9],[4569931.8,3071852.2],[4571763.8,3072982.7],[4575367.6,3072759.4],[4577044.2,3073483.9],[4576863.2,3074266.7],[4578039.7,3075038],[4579615.2,3075413.5],[4582665.1,3073851.9],[4582726.9,3074825],[4584080.2,3075814.6],[4584992.5,3075150],[4586195.2,3076164.3],[4589668.4,3076066.8],[4591074,3075119.4],[4593058.2,3075533],[4593463.2,3077319.7],[4594782.9,3076822.3],[4596043.1,3077717.1],[4596277,3078605.7],[4595089.6,3080445],[4595898.8,3083084.9],[4598608.9,3082845.7],[4599752.7,3084093.7],[4599586.1,3084864.1],[4602071,3086385],[4603030.5,3085349.6],[4604003.6,3085477.7],[4604923.4,3084786.4],[4605628.4,3085549.4],[4608288.5,3085889.6],[4608982.7,3087444],[4618194.9,3091646.5],[4618958.1,3093581.8],[4618705.9,3094854],[4619983.5,3094952.3],[4621048.8,3095850.2],[4623743.2,3094739.2],[4626803.6,3095898.4],[4626746.8,3096793],[4629488.9,3096783.3],[4629208.1,3098699.9],[4630319.9,3099580.1],[4629871.6,3100946.7],[4623756.5,3102551.9],[4624102.9,3103309.1],[4623061.3,3103764.7],[4624805.6,3104741.5],[4624395.6,3106087.6],[4621802.7,3104990.7],[4619840.7,3106059],[4620463.8,3107489.8],[4619833.5,3108431.8],[4621172.1,3109097.3],[4621522.2,3110610.9],[4620566.1,3111927.1],[4621630.7,3111954.6],[4622417.2,3113730.4],[4623486.4,3113831],[4624986.9,3112097.9],[4626697.7,3112906.3],[4628192.2,3112238.4],[4628415.1,3110964.5],[4630135.7,3110153.3],[4631747,3110766.1],[4633189.5,3112251.8],[4635996.4,3111026.6],[4635723,3113255.5],[4636958.8,3113304.3],[4636417.2,3110905.1],[4638806.5,3110438.6],[4639381.2,3109787],[4639074.4,3109023.9],[4641117,3109867.5],[4642418.8,3108097.9],[4643694.3,3107465.6],[4643660,3104737.5],[4641427.4,3100417.8],[4641735.6,3099693.7],[4643003.7,3099212.8],[4647667.3,3101511.9],[4648035.5,3098624.9],[4646954.5,3097710.6],[4645987.7,3093180.4],[4649286.3,3092434.2],[4651118.1,3091304.3],[4652408.8,3091697],[4653507.8,3089681],[4655027,3090606.9],[4656630,3089568.8],[4658738.2,3089905],[4660391.7,3095204.9],[4659909.2,3097198.1],[4663036.7,3100967.5],[4663509.8,3102583.6],[4664870,3103634.7],[4665105,3107139.9],[4666232.3,3107646.5],[4665918.9,3109833.5],[4666726.6,3110163.8],[4666989.6,3112678],[4667893.1,3113878.5],[4667755.9,3115218.2],[4668833.6,3116133.9],[4668893.2,3118511],[4669657.4,3119199.7],[4669461.2,3123516.8],[4670598.5,3124347.2],[4669932.5,3126499.6],[4670610.3,3127406.3],[4669973.3,3128764.1],[4670763.9,3129373],[4670566.9,3131972.2],[4671198.3,3132551.5],[4670748,3134486.9],[4671247.2,3134671.1],[4671081.5,3136055.1],[4671836.9,3137706.9],[4672470,3138001.5],[4671403.7,3138642.5],[4672384.6,3139606.6],[4672504.2,3141388.2],[4671966.2,3141711],[4671780.7,3143546.3],[4670245.2,3144227.2],[4669913,3145958.8],[4668227.6,3147222.9],[4667321.5,3150293.7],[4666579.7,3150528.8],[4667723.1,3152155.6],[4666648.4,3152710.1],[4665787.4,3154447.3],[4666525,3154812.4],[4665702.1,3156054.1],[4666241.6,3156877.6],[4665548.7,3158441.6],[4666379.8,3158620.3],[4666547.2,3159651.5],[4664848.3,3162517.1],[4662983.5,3162944.3],[4662209.3,3164050.1],[4657715.2,3164386.9],[4653658.5,3167275],[4649390.1,3167918.1],[4648653.8,3169313.5],[4648783.5,3170548.2],[4647442.6,3171860],[4648592.3,3174085.5]],[[4648592.3,3174085.5],[4646953,3175698.6],[4646178.7,3175592.8]],[[4559339.2,3152366.3],[4558154.7,3153163.6],[4557368,3154775.7],[4556077.3,3152756.6]],[[4547795.8,3148427.5],[4548457.9,3146620.4],[4547161.6,3147614.8]],[[4546682.9,3147504.3],[4544768.2,3147659.9],[4543521.6,3151730.9],[4542894.8,3152117.6]],[[4532104.4,3175196],[4530268.5,3173993.8]],[[4530268.5,3173993.8],[4529766.9,3176399.7],[4528210.1,3177458.4],[4526964.1,3177289.8],[4527057.2,3176720.6],[4526208.8,3176949.2],[4526651.5,3175382.9],[4525082.8,3175115.3],[4525287.6,3174476.9],[4524642,3173853.7],[4523608,3175068.9],[4522593.5,3174426],[4521550.8,3174761.5],[4520795.7,3176924.1],[4519287.6,3175512.5],[4518941.1,3177576.3],[4517645.9,3178770.3],[4516557.3,3178434.5],[4516840.4,3177777.5],[4515897.9,3177110.8],[4514154.5,3176470],[4512861.7,3174413.8],[4508945.4,3175835.4],[4506901.1,3175737],[4505712.7,3174046.1],[4505538.2,3172367.1],[4504429.3,3171146.6],[4501669.9,3169958.8]],[[4501669.9,3169958.8],[4502599.8,3170590.6]],[[4502599.8,3170590.6],[4502671.5,3171871.1],[4501286.7,3171611.9],[4500731.2,3170717.9],[4499648.6,3171553.8],[4499292.9,3170353.5],[4498448.2,3170119.6],[4498410.6,3169518.9],[4497021.4,3169372.8],[4497094.7,3168758.1],[4494626.3,3169421.3],[4493905.2,3168992.6],[4494042,3168083.8],[4493019.9,3167600.4],[4492644.7,3167955.2],[4493143.2,3168926],[4491395.1,3168743.6],[4490229,3169463.7],[4489490,3169021.6],[4489809.3,3168263.8],[4489153.9,3168207.7],[4489080.8,3166290.1],[4486735.5,3166881.7],[4485011.8,3166785.3],[4485560.1,3166459.3],[4485072,3166271.6],[4482983.5,3166581.6],[4483293.8,3165904.6],[4481779.5,3165563.5],[4479985,3163591],[4477053.5,3163332.2]],[[4477053.5,3163332.2],[4476434.2,3164151.8],[4475820.1,3163533.9]],[[4475820.1,3163533.9],[4475757.7,3162002.5],[4474887.6,3161904.7],[4473770.4,3160155],[4473194.7,3160133.3],[4473117.5,3157309.4],[4474279.7,3156954.7],[4474014,3155031.7],[4472117.3,3154634.7],[4472153.4,3153253.3]],[[4472153.4,3153253.3],[4470314,3152464],[4470998.1,3151255.3]],[[4470998.1,3151255.3],[4470991.9,3149312.5],[4472906.4,3148892.8],[4473024.4,3147829.2],[4473605.8,3147897.9],[4473316.3,3147037.7],[4472212.9,3146624.6],[4472903.5,3144298.6],[4472778.9,3143995.6],[4472216.4,3143787.6],[4472463.5,3142764.6],[4473498.9,3143033],[4473025.6,3142633.6]],[[4473025.6,3142633.6],[4473067.9,3142611.9],[4473125.7,3142471.1]],[[4473125.7,3142471.1],[4473201.9,3142542.3],[4473318.7,3142511.7],[4473355.3,3142449.6],[4473422.1,3142486.5],[4473521.6,3142509.9],[4473618.8,3142489],[4473632.8,3142451.6],[4473658.2,3142453.8],[4473664.4,3142436.7]],[[4473664.4,3142436.7],[4473614.6,3142360.4],[4473118.9,3142460.2],[4473027.3,3142613.4],[4472938.9,3142011.4]],[[4472938.9,3142011.4],[4473126.5,3141856.4],[4473232,3141986.3],[4473453.3,3142165.8],[4473701.8,3142232.8]],[[4473701.8,3142232.8],[4473181.2,3141890.5],[4473616.2,3141580.4],[4473610.5,3141532.9],[4473543.5,3141208.2],[4473541.8,3141179.6],[4473936.9,3141140.1],[4473481.8,3139665.2],[4473921.9,3137808.5],[4470688.7,3136536],[4471462.6,3133486.6],[4472260.6,3133660.2],[4472520.4,3132777.7],[4472153,3130569.8],[4472664.4,3130592.8],[4472689.1,3129714.5],[4473801.5,3129689.8],[4474579.2,3127582.3],[4474079.1,3127261.3],[4474476.7,3125334.5],[4475032.8,3124887.5]],[[4475032.8,3124887.5],[4473993.8,3123719.4],[4473875.5,3122323.5],[4472936.5,3122151.3],[4473050.8,3121161.2],[4475726.5,3121499.2]],[[4475726.5,3121499.2],[4474697.5,3118805.6],[4474684.2,3116826.9]],[[4474684.2,3116826.9],[4477885.7,3115687.1],[4476982.7,3114474.5]],[[4476982.7,3114474.5],[4476436.8,3114765.9],[4476541.9,3113312.4],[4478806,3111997.3],[4480577.9,3112274.8]],[[4480577.9,3112274.8],[4481475.7,3111303.8],[4482421.4,3112138]],[[4482421.4,3112138],[4483560,3111819.9],[4484473.3,3112853.5],[4486061.9,3111896.2],[4485814.3,3110953.4],[4486383.6,3110319.8],[4487437.3,3110015.6],[4488662.1,3110834.4],[4489919.4,3109630.8],[4490643.1,3110242],[4492717.4,3110216.1],[4493279.6,3111049.7],[4493612.2,3109094.3],[4495934.5,3109108.2],[4496506.9,3108580.5],[4496513.8,3105591.5],[4497243.8,3104714.6],[4496906.5,3103684.4],[4497519.5,3103730.2],[4497382,3104772.5],[4499095.7,3104534.3],[4499261.4,3102472],[4498405.8,3101646.9],[4500377.9,3101614.6],[4502365.2,3099882.5],[4502189.5,3100734.6],[4504013.3,3101651.6]],[[4473328.4,3142359.4],[4473257.7,3142351.4],[4473314.1,3142362.6],[4473328.4,3142359.4]],[[4473277.5,3142396.5],[4473299.9,3142369.3]],[[4473299.9,3142369.3],[4473261.7,3142389.6],[4473277.5,3142396.5]],[[4473154.8,3144174.1],[4473157.4,3144169.6],[4473071.2,3144075.2],[4473154.8,3144174.1]],[[4518432,3177347.2],[4518505,3177221.4],[4518395.9,3177310],[4518432,3177347.2]],[[4473613.8,3141572.8],[4473542.7,3141572.5],[4473611.6,3141551],[4473613.8,3141572.8]],[[4546806.5,3147616.1],[4546868.6,3147640.4],[4546802.4,3147649.3]],[[4472738.3,3144008.8],[4472664.3,3144238.8],[4472679.5,3144006.6]],[[4472679.5,3144006.6],[4472738.3,3144008.8]],[[4473492,3141329.5],[4473215.8,3141556.3],[4473234.9,3141311.1],[4473492,3141329.5]],[[4419841.4,3136647.5],[4423276.8,3133666.2],[4423884.2,3133003.4],[4423931.7,3132659.5]],[[4423931.7,3132659.5],[4423397.6,3131853.2],[4422838,3132464.8],[4422612.3,3130613.1],[4421607,3130128.9],[4421472.4,3129033.4],[4419587.7,3126436.2],[4418726.7,3126001.5],[4418923.6,3126668.4],[4417544.5,3126920],[4416349.4,3124255.2],[4418156,3123856],[4418233.3,3122291.2],[4419264.8,3122240.7],[4419204,3122756.1],[4420987.8,3123317.7],[4422100,3122980.9],[4422351.1,3121225.8]],[[4422351.1,3121225.8],[4423692.7,3121160.1],[4423861.9,3118683.2]],[[4423861.9,3118683.2],[4424904.4,3118503.4],[4424163.3,3118220.8]],[[4424163.3,3118220.8],[4423985.1,3116262],[4422529.7,3116062.2],[4423586.6,3113935.3],[4423466.5,3112304],[4424918.5,3111794.7],[4425020.2,3111199.2],[4426796.8,3111293.5],[4426884.8,3111842],[4429233,3111280.8],[4429390.4,3112300.7],[4430115.9,3112011.1],[4431041.8,3113339.7],[4434096.3,3111986.4]],[[4434096.3,3111986.4],[4434319.6,3110786],[4435759.7,3112357]],[[4435759.7,3112357],[4436333.8,3111934.3],[4437809.7,3112359.4],[4438048,3111484],[4439539.8,3111218.3],[4440205.3,3107851],[4442416.5,3107791.5],[4443858.8,3106694.6],[4443433,3105975.7],[4444403.3,3104994.2],[4445267,3105264.9],[4445397.5,3106164.3],[4447537.2,3105422.9],[4453369.3,3106687.3],[4454038.7,3105475],[4454998,3105468.1],[4455109.2,3103648.9],[4457290,3104174.2],[4459723.7,3102428.1],[4459292,3099971.1],[4459600.9,3099527],[4461855.8,3099680.1],[4462651.7,3098354.1],[4462461.6,3097188.5],[4464117.4,3097707.5],[4465351.5,3097259],[4467849.8,3098239.9],[4470801.2,3097105.6],[4470762,3096533],[4472131.3,3096986.4],[4472989,3096383.5],[4472877.6,3097200.4],[4474255.8,3098356.1],[4475437.4,3096279.9],[4476470,3096608],[4476625.8,3094187.2],[4478285.3,3095782],[4478454.9,3096858.4],[4477817.7,3096836.7]],[[4477817.7,3096836.7],[4478269.2,3098338],[4481341.7,3102073.6]],[[4481341.7,3102073.6],[4481947.4,3104428.9],[4480965.3,3105742]],[[4480965.3,3105742],[4478830.8,3105428.3],[4479607.3,3106707.8],[4479280.7,3108555.9],[4480029.5,3109191.4],[4479781.2,3109878.1],[4480290.7,3109553.9],[4481299.6,3111069]],[[4481299.6,3111069],[4480577.9,3112274.8]],[[4476982.7,3114474.5],[4477890.4,3115662.2],[4474684.2,3116826.9]],[[4475726.5,3121499.2],[4472991.5,3121533.7],[4475032.8,3124887.5]],[[4473701.8,3142232.8],[4472938.9,3142011.4]],[[4473664.4,3142436.7],[4473125.7,3142471.1]],[[4473125.7,3142471.1],[4473025.6,3142633.6]],[[4470998.1,3151255.3],[4470301.9,3152046.3],[4472153.4,3153253.3]],[[4475820.1,3163533.9],[4476468.2,3164166.9],[4477053.5,3163332.2]],[[4502599.8,3170590.6],[4501890.5,3170330.6],[4501669.9,3169958.8]],[[4530268.5,3173993.8],[4539075.6,3179850.2]],[[4539032.3,3192951],[4536142.9,3198396.7],[4537996.1,3199126.2],[4537849.5,3200468.3]],[[4537849.5,3200468.3],[4536619.4,3201541.9],[4535684.2,3201570.8]],[[4535684.2,3201570.8],[4535358.2,3200647.5],[4533380.5,3200442.9]],[[4516424.7,3210210.4],[4514304.6,3209559.3],[4511756.4,3209730.1]],[[4511756.4,3209730.1],[4511551.1,3211214.1],[4508511.4,3212251]],[[4505170.2,3213756.5],[4504134.4,3214811.2],[4502843.4,3214226.6]],[[4500635.5,3211241.5],[4495425.7,3211371.8]],[[4492209.5,3214222.2],[4491207.6,3216588.8],[4489840.3,3216710.7]],[[4477672.5,3257525.1],[4475739.6,3258675.7],[4477267.7,3259645.9]],[[4479324.5,3265777.3],[4478366.6,3265369.2],[4477855.3,3266607.1],[4479250.8,3267754.8],[4477889.3,3267094.5]],[[4474245.6,3270044.2],[4472709.3,3270634.9],[4471850.7,3267975.7]],[[4472271.5,3303573.5],[4471460.1,3307882.7],[4470410.9,3308624.4],[4469817,3308202.8]],[[4467305.3,3308410],[4464045.4,3307095.8],[4464640.6,3308445.7]],[[4445191.1,3316273.3],[4445028.6,3317488.8],[4440852.9,3318507.1]],[[4430179.8,3323865],[4431138.3,3326305.8],[4430298.1,3327145.2],[4428173,3326442.4],[4425648.6,3323847.7]],[[4425507.4,3322247.6],[4422547.2,3323139.8],[4421293.9,3317830.7]],[[4363166.6,3201315.6],[4365411.7,3200231.5],[4365776.1,3198121.8],[4364583.2,3196023]],[[4363399.5,3195701.4],[4362443.9,3193899.9],[4360868.7,3193225],[4361564.3,3191892.5]],[[4361564.3,3191892.5],[4360576.4,3189154.7],[4361332.2,3187752.6],[4360935.4,3185876.9]],[[4360935.4,3185876.9],[4361822.2,3184289.2],[4364407.5,3183138.6]],[[4367207,3177924.8],[4367200.8,3173504.9],[4369054.3,3170426.5],[4372029.7,3170787.6]],[[4372029.7,3170787.6],[4372891.5,3170254.8],[4373804.3,3171215.1]],[[4373804.3,3171215.1],[4377395.8,3170165.7],[4377679.9,3168539.1],[4380468.4,3169520.7],[4382407.7,3167229.3],[4384834.3,3167839.5],[4384465.5,3167508.7],[4384269.1,3167050.3]],[[4384269.1,3167050.3],[4385875.1,3166447.9],[4385483.7,3164869.9]],[[4385483.7,3164869.9],[4383526.8,3165213.6]],[[4383526.8,3165213.6],[4382961.7,3166055.5],[4382210.5,3163542.9]],[[4382210.5,3163542.9],[4382273.6,3163497.3],[4382706.8,3163413.4],[4382804.9,3163550.1],[4382965.9,3163320.9],[4383439.4,3160424.8],[4384170.4,3160949.9],[4384566,3160025.1]],[[4384566,3160025.1],[4386769.1,3158960.9],[4385803.9,3158421]],[[4385803.9,3158421],[4385336.5,3157083.4],[4386639.1,3155517.4],[4386240.3,3154851.3],[4386907.7,3154941.7],[4388569.7,3152816.6],[4387772.3,3151592.4],[4388602,3149666],[4388235.8,3147284.5],[4389839.6,3146566.2],[4391098.5,3146983]],[[4391098.5,3146983],[4391383.3,3146365],[4389916.4,3145729.4],[4390991.3,3145604.2],[4393348.8,3146471.9],[4394012.5,3146046.9]],[[4394012.5,3146046.9],[4394053.8,3146982.2]],[[4394053.8,3146982.2],[4395484.3,3146981.9],[4398659.1,3145568.9]],[[4398659.1,3145568.9],[4398673.2,3145077.2],[4399416,3145333]],[[4399416,3145333],[4399781.3,3144340.1],[4401244.5,3144067.6],[4402610.1,3144593.8],[4403911.3,3144224.7]],[[4403911.3,3144224.7],[4406139.9,3145425.4],[4406604.8,3144565.6],[4407837.8,3144578.5],[4407904,3143445.8],[4408174.6,3144052.6],[4412918.5,3145221.2],[4413627.7,3143015.1],[4414296.1,3143255.6],[4414805.3,3142389.7],[4415454.8,3142988.8],[4415771.3,3142156],[4416264.5,3142756.8]],[[4416264.5,3142756.8],[4417993.9,3142365.4],[4418323.8,3141628.6],[4417771.1,3140571]],[[4417771.1,3140571],[4418507.3,3138036.1]],[[4418507.3,3138036.1],[4420542.9,3137521.6],[4419841.4,3136647.5]],[[4475441.4,3238077.4],[4475505,3238054.3],[4475391.2,3237974.5]],[[4382221.8,3163541.4],[4382344.3,3163568.9],[4382314.9,3163497.2]],[[4382314.9,3163497.2],[4382221.8,3163541.4]],[[4472679.5,3144006.6],[4472720.1,3144260.1],[4472738.3,3144008.8]],[[4477471.1,3237530.9],[4477266.2,3237541],[4477249.2,3237614.2]],[[4477149,3237712.2],[4476977.6,3237833.5],[4477192.6,3237791.3],[4477149,3237712.2]],[[4384611.5,3167439.4],[4384791.5,3167586.1]],[[4384791.5,3167586.1],[4384800.6,3167389.6],[4384611.5,3167439.4]],[[4476890,3237774.3],[4476673,3237961.7],[4476915.7,3237817.1],[4476890,3237774.3]],[[4475705,3238210],[4476380.6,3238100.3],[4475753.9,3237954.4]],[[4473328.4,3142359.4],[4473256.4,3142354.9],[4473315,3142358.5],[4473328.4,3142359.4]],[[4473299.9,3142369.3],[4473325.4,3142372.9],[4473277.5,3142396.5]],[[4385316.6,3159151.6],[4385283.3,3159171.1]],[[4385283.3,3159171.1],[4385359,3159027.5],[4385316.6,3159151.6]],[[4473154.8,3144174.1],[4473026.8,3144098.6],[4473103.9,3144097.6],[4473154.8,3144174.1]],[[4477191.9,3238672.1],[4477174.7,3238745.9],[4477074.1,3238679.1],[4477191.9,3238672.1]],[[4419503.3,3136749.8],[4419889.9,3137049.3],[4419929.2,3137092],[4419503.3,3136749.8]],[[4422174.7,3121883.5],[4421630.2,3121825.1],[4422111.3,3121382.2],[4422174.7,3121883.5]],[[4460251.4,3056115.5],[4461701.2,3057250.7],[4461054.9,3058497.1]],[[4461054.9,3058497.1],[4463232.8,3060128.4],[4464058.4,3059087.2],[4462895.7,3057608.8]],[[4463936.3,3052629],[4465122.3,3051112.8],[4464900.3,3050610.2],[4467921.9,3051358]],[[4473084.8,3057140.1],[4473102.7,3059682.9],[4474550,3059774]],[[4474737.3,3058329.9],[4475495.7,3057843.6],[4476041.3,3058187.2]],[[4476041.3,3058187.2],[4476515.5,3061209.2],[4477850.4,3060072.3]],[[4484858.3,3063887.6],[4484865.5,3066177.4],[4482222.8,3066239.9],[4480911.3,3067318],[4480085.3,3069524.4]],[[4480085.3,3069524.4],[4481349.6,3071006.7],[4480677.2,3071956.8]],[[4482423.6,3081875],[4482771.1,3080913.4],[4483232.5,3080962.4]],[[4505770.3,3096105.9],[4505053.7,3099474],[4504013.3,3101651.6]],[[4482421.4,3112138],[4481522,3111303.2],[4480874.9,3111496.3],[4481299.6,3111069]],[[4480965.3,3105742],[4481906.2,3104764.7],[4481873.1,3103635.2],[4481341.7,3102073.6]],[[4481341.7,3102073.6],[4478288.3,3098381.5],[4477817.7,3096836.7]],[[4435759.7,3112357],[4434280.6,3110788.3],[4434096.3,3111986.4]],[[4424163.3,3118220.8],[4424859.9,3118199.3],[4423861.9,3118683.2]],[[4423861.9,3118683.2],[4423677.8,3121183.4],[4422351.1,3121225.8]],[[4423931.7,3132659.5],[4419841.4,3136647.5]],[[4419841.4,3136647.5],[4420532.9,3137857.7],[4419149.5,3137535],[4418507.3,3138036.1]],[[4417771.1,3140571],[4418248.8,3142093.4],[4416264.5,3142756.8]],[[4403911.3,3144224.7],[4400402.9,3144170],[4399364,3144721.5],[4399416,3145333]],[[4398659.1,3145568.9],[4395083,3147052.2],[4394053.8,3146982.2]],[[4394012.5,3146046.9],[4393362.9,3146473.3],[4391870.6,3145637.2],[4389936.6,3145714.4],[4391394.4,3146485.9],[4391098.5,3146983]],[[4385803.9,3158421],[4386758.9,3158515.9],[4386752.5,3158999.6],[4384566,3160025.1]],[[4382210.5,3163542.9],[4382971.6,3166063.1],[4383526.8,3165213.6]],[[4385483.7,3164869.9],[4385925.8,3166374.4],[4384269.1,3167050.3]],[[4373804.3,3171215.1],[4373158.2,3170301.6],[4372029.7,3170787.6]],[[4372029.7,3170787.6],[4367861.1,3169985.3]],[[4368267.7,3168930.8],[4365341.9,3168121],[4365960.5,3166425.9]],[[4365960.5,3166425.9],[4364856.2,3166508.2],[4365239,3163945.7],[4367172.6,3163247.4],[4366553.2,3161063],[4365124.9,3161483.8],[4364100.6,3162996.2]],[[4351644.2,3164511.9],[4346735.4,3164219.3],[4347267.5,3161621.3],[4346245.5,3160703.4]],[[4336070.8,3152009.4],[4335026.1,3152884.5],[4333376.6,3151055.9]],[[4324237.3,3147320.1],[4324615.6,3146756.8]],[[4316020.7,3140493.8],[4316089.6,3136565.5]],[[4316089.6,3136565.5],[4317076.5,3135954.3],[4317452.2,3134165.4],[4316682.2,3132977.9],[4318906.3,3132099.4]],[[4323085.3,3129648.1],[4324770.6,3129773.7],[4325203.8,3129167.1],[4324253.7,3128157.1]],[[4326504.8,3125752.1],[4325798.8,3123945.3],[4327316.3,3123956.2]],[[4333950.3,3104217.1],[4334949.2,3103226.2],[4336052.2,3101582.7]],[[4335410.2,3099553.7],[4333493.7,3098304.9],[4332876.5,3099012.7],[4331208.3,3098004.5],[4330231.4,3098400.6]],[[4328263.9,3099117.8],[4326275.9,3099981.5],[4323597.5,3100141.6],[4322945.8,3099505.4],[4322357.6,3096585.2]],[[4316726.7,3071579.4],[4316866.6,3069727.1],[4316420.5,3068048.2]],[[4314477.1,3065742.4],[4315566.2,3064733.5],[4313546.9,3063581.4],[4312463.9,3062083.1],[4312921.2,3060112.3]],[[4312921.2,3060112.3],[4312407.5,3058144.5],[4314325.3,3058729.9]],[[4317438.1,3060479.6],[4317582.3,3061588.6],[4319150.6,3061568.8]],[[4324583.9,3062434.9],[4326865.9,3057995.2]],[[4323818.9,3046746.6],[4323928.1,3044957.1],[4325720.8,3046324.2]],[[4326205.8,3046117.9],[4326262.8,3047507.5],[4327375.3,3048114.9],[4328526.8,3050168.6],[4329548.3,3050328.2],[4330022.1,3049772.8],[4329555.4,3049345.9]],[[4370668.2,3011293.9],[4372368.1,3010493.4],[4373195.9,3011450.9]],[[4378599.2,3014540.6],[4379817.9,3014257.6],[4381474.1,3015118.3],[4381350.9,3018577.3]],[[4373834.2,3022921.9],[4371994.6,3023443.1],[4371912.3,3024794.8],[4372925,3026106]],[[4371826.7,3026254.5],[4371696.7,3027187.5],[4371897.1,3028209]],[[4374699.7,3027614.9],[4376891.4,3030666.1],[4378218.4,3029996.1]],[[4382203.4,3030982],[4383091.4,3032004.1],[4384090.1,3031557.8]],[[4398536.7,3028789.1],[4400354.5,3028925.6],[4400444.2,3027023]],[[4424122,3036504.6],[4423657.1,3035747.9],[4423592.6,3035310.8]],[[4450760.8,3034076.3],[4450624.3,3032481.5],[4452681.1,3033868.8]],[[4453664.1,3033777],[4454694.1,3035329.5],[4456445.4,3035662.6],[4457890,3036972.3],[4457920.9,3037486.8],[4456281,3037487.9]],[[4456281,3037487.9],[4455223,3038231.5],[4455570.8,3039235.7],[4457250.4,3039798],[4458163.2,3040926.4]],[[4458538.1,3041762.6],[4460413.7,3043130.2],[4458001.8,3045961.9],[4457943.3,3047496.4]],[[4456898,3051633.8],[4457125.3,3051094.8],[4457477.4,3051264.6]],[[4457982.9,3052550.1],[4457218.3,3054419.5],[4458666.7,3055107.5],[4459719.1,3056602.4]],[[4385316.6,3159151.6],[4385308.5,3159147.3],[4385281.9,3159169],[4385283.3,3159171.1]],[[4419503.3,3136749.8],[4419544.2,3136861.6],[4419817.3,3136631.8],[4419503.3,3136749.8]],[[4382314.9,3163497.2],[4382252.2,3163641.7],[4382221.8,3163541.4]],[[4384791.5,3167586.1],[4384563,3167570.2],[4384611.5,3167439.4]],[[4248929.4,3430853.8],[4248821.6,3431511.4],[4246444.9,3432634.1]],[[4246365.8,3432684.3],[4246159.6,3434090.6],[4244733.4,3436228.3],[4245338.4,3437360.6],[4247033.1,3437863.8],[4250445.5,3436877.4]],[[4253048.4,3436905.5],[4254104.1,3437754.4],[4254584.5,3439526.4],[4253904.7,3440074.9],[4254280.4,3440383.1]],[[4245340.9,3457717.7],[4245331.5,3464695.6],[4244268.9,3465630.7],[4241037.7,3464582],[4240801.8,3465416.6]],[[4235339.3,3462850.1],[4230393.7,3467730.9],[4229863.8,3469421],[4230333.8,3471604.3],[4231324.6,3471782.1]],[[4233148.5,3475950.5],[4232986.3,3474556.6]],[[4253337.9,3483473.6],[4256296.6,3484518.9],[4256466.3,3485725]],[[4255650.2,3491210.8],[4252767.9,3490154.7]],[[4245879.9,3484428.2],[4243614.5,3485558.7],[4244437,3487311.9]],[[4210131.9,3517610.4],[4211656.4,3534560.4],[4218619.6,3550934.6],[4220041.3,3551475.6],[4222802.3,3549983.7]],[[4222802.3,3549983.7],[4218405.3,3550070.8],[4218638.4,3548880.8]],[[4215403,3541366.1],[4216152.6,3538679.6],[4215921.1,3534996.5],[4216758.3,3533219.6],[4219893.1,3531337.4]],[[4231133.5,3532075.3],[4233528.9,3533154.5],[4233560.9,3534800.6]],[[4233560.9,3534800.6],[4228299.1,3535970.3],[4228636.6,3543954.8],[4226117,3543990.5],[4225076.3,3544815.8],[4223248.3,3547692.3],[4223745.1,3550136.9],[4223358.2,3550895.9],[4218461.6,3552687.2],[4213673.4,3551809.1],[4196124.7,3556568.7],[4189529.2,3537837.6],[4187785.4,3516161.1],[4188474.8,3505715.9],[4189425.6,3501266.5],[4201372.7,3471081.4],[4195708.3,3475428.5],[4187943.1,3477905.7],[4177916.3,3478092.1],[4170049.2,3475245.2],[4163792.1,3469690.5],[4160029.8,3462220.3],[4159295.8,3453887],[4161232.2,3446820.8],[4166452.7,3438750.5],[4171983.2,3434153.5],[4181130.8,3437106.3]],[[4181130.8,3437106.3],[4222627.8,3436737.3]],[[4222627.8,3436737.3],[4240085.4,3429315],[4242767.3,3422791.3],[4254861.1,3418840.1]],[[4254861.1,3418840.1],[4256705.2,3419558.1]],[[4238394.5,3484714.4],[4238039.1,3484948.2],[4237845.3,3485176.8],[4237788.8,3485313.8]],[[4237788.8,3485313.8],[4239328.2,3485386],[4238394.5,3484714.4]],[[4236051.2,3508155.5],[4237053.4,3509094.7],[4237958.5,3508988.8]],[[4244077,3495023.6],[4245088.3,3494473.6],[4245056.3,3493827.6],[4245398.3,3493955.7]],[[4235371.4,3441165.9],[4235502.8,3441159.1],[4235959.1,3441043.5],[4236056.4,3440835.3]],[[4224556.4,3497743.9],[4227599,3497866.2]],[[4236892.7,3489056.2],[4235882.4,3490226.2]],[[4225956.8,3517648.8],[4229722.8,3516347.9],[4229599.6,3514517.6],[4230567.9,3513410]],[[4229493.1,3512340.7],[4228509.8,3509210.5],[4223266.7,3509263.9]],[[4217905.6,3511795],[4217542.6,3512857.3],[4218189.5,3514893.1],[4220315.6,3516906.2],[4225399.7,3517125.7]],[[4394526.5,3444583.3],[4429858,3468889.6],[4429445.7,3470634.2]],[[4429445.7,3470634.2],[4427991.1,3470579.9],[4420904.5,3478896.4],[4408449.9,3489500.3],[4406634.1,3490332.4],[4405898,3492174.1],[4394823,3497273],[4385743.7,3496303.5],[4384398.9,3494770.1],[4374073.6,3493683],[4369887.3,3489958.4],[4363250.5,3489522.8],[4359354.1,3490571.1],[4342905.8,3498533.3],[4331910.3,3514631],[4326559,3517578],[4324326.5,3517799.9],[4314193,3526237.2],[4304739.6,3524301.4]],[[4323070.1,3505451],[4322777.3,3493697.1],[4320019.3,3489583.5]],[[4393674.3,3477085.4],[4394338.2,3476555.4],[4394164.4,3474711.2]],[[4370845.3,3435460.7],[4372620.2,3432563.4],[4373580.9,3431955.4]],[[4374064.2,3432401.4],[4377908.6,3431982.4],[4378993,3430676.9],[4378932.2,3429523.4]],[[4378932.2,3429523.4],[4380317,3428109],[4394526.5,3444583.3]],[[4392482.3,3481599.7],[4391622.6,3481612.3],[4391179,3481905.6]],[[4387299.6,3481699.9],[4388007.5,3481707.9],[4388848.6,3480840.3]],[[4227102.4,3416184.9],[4226391.1,3422934.2],[4225462.1,3425735.2]],[[4225462.1,3425735.2],[4215768.8,3436801]],[[4215768.8,3436801],[4196768,3436971.2]],[[4196768,3436971.2],[4217710.7,3421816.2],[4224593.1,3420744.3],[4227102.4,3416184.9]],[[4121264.1,3366733.8],[4122180.8,3368208.9],[4122308.2,3372560]],[[4127783.3,3383226.3],[4130717.1,3384275.4],[4130797.4,3385251]],[[4130797.4,3385251],[4128076.4,3388735.2],[4129853.8,3391243],[4132200,3393081]],[[4138836.3,3399144.3],[4146483.6,3400891],[4154551.7,3400199.9]],[[4157597,3398787],[4169417.9,3402044.3],[4172251.1,3401508.9],[4175044.3,3402466.3]],[[4175044.3,3402466.3],[4183237.2,3403215.1],[4190658.3,3401774.4],[4190991.8,3400949.1],[4190314.4,3398936.5]],[[4190314.4,3398936.5],[4191677.9,3394413],[4193537.4,3394923.1]],[[4197773.6,3387323.8],[4199749.8,3382952.2],[4199270.6,3380749.4]],[[4201418.1,3367674],[4204262.2,3367015.2],[4205262.8,3367332.8],[4207429.7,3369724.4]],[[4204593.3,3387400.4],[4207343,3390511.1],[4210361.6,3390915],[4211701.2,3389987.4],[4213937.6,3386331.7],[4219136.3,3383866.2],[4221826.1,3383569.9]],[[4222786.9,3384409.8],[4222664.4,3383466.6],[4224860.2,3382123.1],[4225282.7,3381097.2],[4225089.3,3382952.4],[4221191.7,3389289.5]],[[4221191.7,3389289.5],[4223063.3,3389738.3],[4220776.8,3395497.3]],[[4226613.6,3416353.5],[4227102.4,3416184.9]],[[4196768,3436971.2],[4181130.8,3437106.3]],[[4181130.8,3437106.3],[4169965.6,3433097.6],[4164754,3432551.6],[4159063.7,3430818.1],[4151115.9,3430532.5],[4141103.6,3427680.2],[4130201.8,3427059.2],[4121130.7,3423839.1],[4110582.6,3423120.8],[4105693.8,3422129.2],[4101638,3420568.7],[4096582.4,3417306.5],[4088567.1,3415245.1],[4081859.8,3410391.2],[4079879.6,3407980],[4083614.9,3394395.5],[4092660.4,3391541.1],[4096628.1,3388151.1],[4097496.3,3385527.1],[4099434.4,3385015.8],[4101256.2,3382378.7],[4100975.2,3381573.2],[4101828.6,3381860.8],[4101920,3381240.1],[4113766.6,3375601.6],[4114574.2,3374481.7],[4113754.5,3372361.9],[4114567.4,3365479.4],[4116642.3,3362776],[4124865.1,3358769.2],[4127510.7,3359507.5],[4137440,3360182.5]],[[4113703.1,3391555.7],[4113681.3,3391302.9]],[[4187420.9,3410156.6],[4187631.9,3409936.4],[4187672.4,3409621.3]],[[4184905,3410420],[4185440.5,3410149.5]],[[4184590.9,3410027.2],[4184534.6,3410125.9],[4184650.3,3410219.1],[4184708.6,3410455.2]],[[4170881,3410655.4],[4176798,3410365.1],[4177414.7,3410127.8]],[[4222627.8,3436737.3],[4215768.8,3436801]],[[4225462.1,3425735.2],[4227268.1,3416229.7],[4229910.2,3420309]],[[4229910.2,3420309],[4234137.8,3421357.4],[4234685.7,3421306.7],[4234664,3419964.8],[4235669.5,3419813.8]],[[4235669.5,3419813.8],[4237417.2,3417265.6],[4241039.9,3414794.3],[4243589,3414376.8],[4249001.8,3414048.7],[4253819.5,3415285.6]],[[4256748.9,3415484.4],[4258683.1,3416590.6],[4262584.8,3417838.6],[4268379.6,3417918.7],[4273306.4,3416885.7]],[[4273148,3418070.5],[4270404.9,3419233.6],[4258707.8,3419742],[4254861.1,3418840.1]],[[4160436,3438257.5],[4154237.3,3450845.5],[4151633.3,3450690.5],[4151112,3436354.8],[4160436,3438257.5]],[[4236472.6,2727608.5],[4237967.5,2726676.9],[4241420.9,2727524.1],[4247551.7,2730839.3],[4252962.8,2729945.3],[4254690.1,2728753.2],[4256303.3,2728216.5],[4257624.2,2728411.3],[4257248.8,2728628]],[[4252788.8,2730719.4],[4254071.5,2731216.3]],[[4240206.2,2727980.9],[4237943.6,2727109],[4236472.6,2727608.5]],[[4248954.4,2733205.8],[4250443.2,2732654.4],[4252775.9,2730713.6]],[[4574032.4,3422702.7],[4572714.2,3422492.8],[4572437.6,3423262.6]],[[4580941.8,3436708.7],[4581568.4,3436345.5],[4580159.6,3435064.3]],[[4580758.6,3434426.9],[4580492.2,3432418.1],[4580975.9,3432314.7],[4581640.4,3434216.2],[4581064.7,3434897.8]],[[4584301.6,3434255.4],[4585511.6,3433453.9],[4586271.7,3433463.3],[4585813.5,3434374.3],[4586330.4,3439697.7],[4585997.4,3439933.3],[4585689.4,3439733.6],[4585660.7,3439779.8]],[[4585660.7,3439779.8],[4585856.7,3440915.3],[4585014.9,3441905.4],[4584136.3,3442282.3]],[[4584136.3,3442282.3],[4584239.2,3441509.3]],[[4582787.7,3444408],[4580780.1,3446301.7],[4581391.7,3446641.9],[4581089.4,3446898.7],[4579637.1,3446164],[4576956.6,3446612.3],[4577408.4,3446314.6]],[[4577408.4,3446314.6],[4576872.5,3444235.7],[4577350.2,3444732.9]],[[4569204.9,3444500.9],[4569008.2,3445294.3],[4569623.3,3445980.1],[4570370.6,3450102.9]],[[4566450.8,3454096.4],[4565889.3,3456603.3],[4567522.1,3458196.8],[4568737.1,3458472.5]],[[4598486.9,3432738.5],[4599135.7,3439343.6],[4592644.3,3466963.1],[4585992.5,3470913.4],[4585487.7,3489264.6],[4580018,3508448.3],[4576766.6,3514555.8],[4571143,3520326],[4554387.5,3532519.2],[4548504.4,3535277.4],[4541968.5,3536226.3],[4534479.7,3535520.8],[4524693,3532886.4],[4518335.8,3529158.5],[4512275.1,3523914.1],[4498041.6,3518640.3],[4471179.3,3499197.5],[4469454.7,3492492.2],[4469999.3,3491798.1],[4467515.9,3484976.8],[4461686.7,3477467.9],[4447969,3471324.5],[4429445.7,3470634.2]],[[4394526.5,3444583.3],[4380325.7,3428132.7]],[[4417502.5,3429674.9],[4418668.4,3430812.6]],[[4421377.8,3439086.6],[4421416.6,3441934.6]],[[4457218.1,3455312.4],[4458004.9,3453458.4],[4458235.7,3453391.5]],[[4487807.7,3486767.8],[4487713.6,3485989]],[[4490705.5,3484186.1],[4492662.3,3483038.1]],[[4492662.3,3483038.1],[4490883.7,3482128.3]],[[4503676.2,3476495.3],[4503509.4,3474949],[4503744.6,3474331]],[[4552826.9,3491623.4],[4552486.8,3489357.3],[4553479.1,3486356.3],[4555435.6,3483454.6],[4556603.6,3482811.8]],[[4563178.9,3478409.4],[4565883.5,3476947],[4564247.5,3476218.1]],[[4562857.6,3471293.7],[4563537.8,3469291.9],[4562544,3468706.1],[4561146.1,3469888.9],[4560924.5,3470240.9],[4561040.4,3470499.4],[4561291.4,3470651.4],[4561845.5,3469920]],[[4561845.5,3469920],[4562529.6,3470063.9],[4561859.5,3471684],[4561317,3470934.8]],[[4560039.7,3476198.4],[4560435.1,3477510.6],[4558060.8,3477281.2]],[[4556950.8,3475420.7],[4556028.8,3475243.6],[4555072.1,3476981.7],[4553464.3,3477581.8],[4551918.9,3476034.6]],[[4551918.9,3476034.6],[4549030.2,3476391.9],[4546216,3474619.6]],[[4546216,3474619.6],[4546172.7,3473170.3],[4543598,3471540.3]],[[4544173.3,3464340.7],[4542306.8,3462322.3],[4541628.2,3463232]],[[4528357.6,3470518.7],[4525115.3,3472634.9],[4525030.3,3468076.9]],[[4526831.1,3466813.1],[4525814.9,3465208.5],[4527342.7,3466701.2]],[[4533490.6,3464183.9],[4535666.4,3463466.6],[4538117.3,3457978.3],[4539387,3457708.9],[4540108.2,3458185.4],[4540708.6,3458291.1]],[[4540708.6,3458291.1],[4541103,3457898.1],[4540137.4,3458049.4]],[[4540137.4,3458049.4],[4539080.2,3457465.5],[4537609.8,3455327.2]],[[4542540,3457911.7],[4544235.4,3457067.1]],[[4547213.7,3448075.8],[4549286.9,3447374],[4550109.9,3447753.3]],[[4550109.9,3447753.3],[4548262.9,3451023],[4549270.1,3451975.9],[4554442.5,3452951]],[[4562332.2,3457851.1],[4563367.2,3457542.8],[4563748,3456964.1],[4562338.9,3456315.1]],[[4566252.1,3442103],[4566660,3441799],[4567065.4,3442095.8],[4567198.6,3442048.4]],[[4572160.6,3423520.2],[4572539.2,3422195.4],[4574314.5,3422088.2]],[[4602309.3,3417466.1],[4598086.9,3425637.2]],[[4566923,3461030.3],[4566924.8,3460793.7],[4566884.6,3460793.7]],[[4539669.9,3457365.5],[4539807.8,3457208.9]],[[4420699.1,3441217.6],[4420557.2,3440849.4]],[[4417825.2,3429483.2],[4417989.6,3429500.4],[4417990.1,3429264.6]],[[4485349.8,3474647.5],[4485504.9,3474401.5],[4485523,3473878.3]],[[4569753.6,3448138.6],[4569952.9,3447942.9],[4569904.4,3447901.6]],[[4523378.4,3484394.3],[4523661.4,3484640.8],[4523769.8,3484463.3]],[[4493490.1,3480967.8],[4494118,3481035.8]],[[4529112.5,3488758.8],[4528612.9,3488441.7],[4528449,3488029.6]],[[4528434.9,3488510.4],[4529112.5,3488758.8]],[[4485430.3,3475361.4],[4485837.2,3475106.3],[4485438.3,3474902.3],[4485561.2,3474350.3]],[[4513911.8,3485594.8],[4514606.1,3485602.9],[4514477.7,3485209.6]],[[4420261.5,3437801.6],[4420011.6,3439316.2]],[[4420011.6,3439316.2],[4420436.5,3440535.5],[4420238.3,3439661.5],[4420261.5,3437801.6]],[[4551613.2,3474663.3],[4550544.8,3473608.8],[4550249.5,3472689.2]],[[4511314.2,3485746.8],[4512946.8,3485649.8],[4513171.2,3485321.8]],[[4513884.9,3485088.5],[4514666,3485038.8]],[[4524338.3,3504123.6],[4525036.5,3501804.4],[4525176.3,3500449]],[[4524379.6,3503244.8],[4524376.7,3500811.8]],[[4414980.6,3429244.3],[4412125.5,3429644.3]],[[4059130.1,2948685],[4060812.7,2949609.3],[4062554.6,2951615.6]],[[4065639.2,2959266.7],[4067127.9,2959843.1],[4069084.9,2961510]],[[4069084.9,2961510],[4069155.5,2961962.6],[4068422.7,2963013.1]],[[4068422.7,2963013.1],[4069505.1,2962372.7],[4069957,2962667.8]],[[4069957,2962667.8],[4069939.5,2962854.3],[4068918.5,2963809.7]],[[4068920.1,2965979.4],[4069961.1,2966604],[4070275.5,2967046.4]],[[4069693.2,2968359.7],[4069756.1,2968614.7],[4070191.8,2969116.8],[4070246.9,2969327.4]],[[4069481.6,2970082.7],[4070700.2,2970924.3],[4071360,2971744.6],[4071374.7,2971832.5],[4071298.6,2972189.9]],[[4069943.5,2971506.7],[4069581.2,2972327.9],[4067174.7,2973901]],[[4067174.7,2973901],[4066996.9,2973856.5],[4066567.7,2973548],[4065869,2972722.2]],[[4065869,2972722.2],[4064972.3,2973082.3],[4064608.5,2972987.2],[4064246.3,2972696.9],[4064114.3,2972713.7]],[[4064114.3,2972713.7],[4063839.2,2973325.4],[4061891,2974069.3]],[[4061891,2974069.3],[4061548.4,2974710.3],[4061007.1,2975300.5],[4060840.3,2975671.7],[4060601.7,2975921.5],[4060542.3,2976111.2],[4060187.1,2976443.7],[4059774.1,2977275.9],[4059603.4,2977409.2]],[[4059603.4,2977409.2],[4058584.5,2977432.4],[4057948.7,2977263.9]],[[4056833.1,2975921.5],[4056406.6,2976402.8],[4056653.2,2977628.5],[4056009.1,2979579.3],[4055890.1,2979728.2],[4055718.1,2979739.7],[4054883.2,2979363.6],[4054541.6,2980324.6],[4053930.2,2980775.4],[4052444.8,2981114.3]],[[4052444.8,2981114.3],[4052180.3,2981706.1],[4051426,2982764.1],[4050528.7,2983352.8]],[[4050528.7,2983352.8],[4050447,2984072.9],[4050360.3,2984224.7],[4050106.9,2984510.3],[4050131.8,2984620.2],[4050342.5,2984557.7],[4050412.7,2984563.5],[4050608.6,2984724.4],[4050623.2,2984911.7],[4050480.8,2985404.5]],[[4050480.8,2985404.5],[4050325.7,2985687.7],[4049549,2985922],[4049965.1,2986451.5],[4049571,2986190.1],[4049506.8,2986021.2],[4049550.5,2985897],[4050462.6,2985403.5],[4050087.2,2984558.5],[4050507.7,2983345],[4052414.4,2981113],[4053926.4,2980756.9],[4054877.9,2979335.5],[4055968.6,2979580.8],[4056622,2977618.6],[4056360.5,2976396.4],[4056789.7,2975907.7],[4057065.9,2975872.5],[4057567.2,2976156.4],[4057972.1,2977236],[4059591.2,2977381.9],[4060166.2,2976410.7],[4061847.2,2974080.5],[4064113.5,2972678.9],[4065875.5,2972691.2],[4067383.4,2973706.7],[4067770.8,2973407.7],[4068049.5,2972828.7],[4068333.7,2972607.2],[4069536.2,2972268.2],[4069873.7,2971399.4],[4070055.8,2971428],[4070301.3,2971754.1],[4070668,2972655.4],[4071352.2,2971833.5],[4070558.3,2970829.9],[4069584.1,2970351.4],[4069448.7,2970101.1],[4069545.5,2969815],[4070223.9,2969278],[4069740,2968680.2],[4069651.2,2968327.5],[4070210,2967026.4],[4069927.8,2966632.5],[4069143,2966288.7],[4068873.4,2965979.9],[4068863.1,2963820.2],[4069139.9,2963386.3],[4069934.5,2962709.9],[4069476.7,2962486.8],[4068919.4,2963141.6],[4068535.8,2963153.2],[4068387.2,2963074.6],[4068370.9,2962762.8],[4069098.5,2961639.6],[4068501.6,2961453.7],[4067098.5,2959926],[4065482.4,2959277.3],[4063142.7,2956710.3],[4063035.4,2956055.4],[4064011.2,2955497.1],[4062471.3,2951641],[4061562.3,2950785.5],[4060742.9,2949664.2],[4059702.6,2949425.9],[4059009.4,2948661.1],[4058902,2948105.8],[4059360.7,2946943.5],[4058439.1,2947205.6],[4057882.5,2946939.5],[4057577.2,2946572.3],[4057664.7,2946192.2],[4059242.3,2944805.7],[4059195.1,2944023.8]],[[4047840.5,2991282.7],[4047122.4,2990787.9],[4047200.9,2989918.6],[4047545,2989762],[4046930.4,2989455.5],[4046005.9,2991389.5]],[[4046005.9,2991389.5],[4046360.8,2992841],[4046610.6,2992878.6],[4046621.9,2992955.8],[4045524.9,2993314.2],[4045120.2,2994108],[4044211.6,2994610.3]],[[4044728.8,2994557.9],[4045105.9,2995511.7],[4045129,2995747.4]],[[4045129,2995747.4],[4045002.7,2995912.8],[4044331.2,2996019.5],[4044066.7,2996477.9],[4043737.3,2996840.9],[4043745.5,2996894]],[[4043745.5,2996894],[4043915.5,2996945.3],[4044095,2996626.5],[4044292.6,2996541.3]],[[4044936.2,2997279.1],[4044739.7,2997511.6],[4043829.8,2998100.4]],[[4043829.8,2998100.4],[4043820.8,2998341.2],[4044029.7,2998704],[4044050.8,2998911.4],[4044187.5,2999138.1],[4044211.9,2999268.4]],[[4044211.9,2999268.4],[4044096.5,2999627.9],[4043613.8,3000512.5],[4043366.8,3000712.6]],[[4043366.8,3000712.6],[4043341.7,3000888.3],[4043522.5,3001137.4],[4043588.2,3001347.7],[4043577,3001492.8]],[[4043577,3001492.8],[4043525.4,3001545.4],[4043429.7,3001577.4],[4043329.7,3001546.7],[4043123.7,3001134.9],[4042751.3,3001529.5],[4042888.6,3001942.2],[4042879.5,3002163.6],[4043200.7,3002023.7],[4043343.2,3002047],[4044041.2,3002991.8]],[[4044041.2,3002991.8],[4044000.5,3003128.5],[4043741.1,3003407.6],[4043100.8,3003167.7],[4043271.1,3003296.9],[4043567.3,3003886.3],[4043582.6,3004136.1],[4043419.6,3004393.3],[4043489.4,3005059.4]],[[4043489.4,3005059.4],[4043681.8,3005253.3],[4044195.8,3005064.9],[4044356.3,3005106.3],[4044430.7,3005200],[4044416.6,3005312.7],[4044379.8,3005372.1],[4044104.8,3005436.4],[4043923.6,3006056.3],[4044150.5,3006215.1],[4044520.1,3006197.2],[4044614.6,3006240.7],[4044669.8,3006301]],[[4044669.8,3006301],[4044675.9,3007401.1],[4044604.1,3007466],[4044334.9,3007490.5],[4044186.2,3007729],[4044855.2,3008612.1],[4044968,3009046.5],[4044955.6,3009222.5],[4044177.5,3007745.7],[4044650.5,3006299.9],[4044049,3006201.7],[4043906.5,3006041.4],[4044090.5,3005421.6],[4044407.9,3005185.2],[4043668.4,3005267.8],[4043471.7,3005084.3],[4043068.4,3003165.1],[4044022.7,3002979.3],[4042869.7,3002171.9],[4042731.4,3001529.4],[4043118.4,3001124.5],[4043569.4,3001479],[4043326.9,3000896.3],[4043351.3,3000715.8],[4044200.1,2999248.4],[4043806.4,2998361.4],[4043801.9,2998136.7],[4043824.2,2998075.5],[4044054.9,2997884.2],[4044891.9,2997322.9],[4044267.8,2996553.1],[4043923,2996952.8],[4043863.2,2996977.3],[4043798.9,2996958.1],[4043755.8,2996931.8],[4043728.4,2996880.8],[4043734.6,2996824.7],[4044157.7,2996312.8],[4044298,2996026.5],[4044421.1,2995953.5],[4044844.7,2995889.1],[4044993.1,2995900.3],[4045107,2995743.2],[4045074.2,2995464.2],[4044837.7,2995041.2],[4044721.6,2994569.1],[4044356.8,2994804.8],[4044321.2,2994802.9],[4044247.7,2994734.9],[4044203.7,2994663.6],[4044199.7,2994607.1],[4044324,2994375.3],[4044483.8,2994191.5],[4045107.6,2994095.4],[4045268.3,2993579.3],[4045518.2,2993302.2],[4046606.1,2992956.7],[4046599.4,2992886.7],[4046428.2,2992960.6],[4046349.2,2992873.5],[4045990.1,2991792.9],[4045989.3,2991333.3],[4046940.1,2989323],[4047619,2989724.3],[4047196.2,2990582.8],[4047867.9,2991032.2],[4047858.6,2989796.5],[4048142.3,2988856.4],[4048248.8,2988840.8]],[[4059195.1,2944023.8],[4057640.8,2942520.5],[4057269.6,2941863],[4057954.5,2938838.4],[4057723.4,2935032.8],[4057871.4,2934983.4],[4058034,2938793.9],[4057403.5,2941838.4],[4059195.1,2944023.8]],[[4284628.5,2724618.9],[4282795.6,2726493.8],[4280600.7,2726234]],[[4256277.7,2740058.1],[4250687.3,2745042.4],[4248946.9,2745299.5],[4248369,2743926.3]],[[4248369,2743926.3],[4251215,2740907],[4258966.7,2736001.2]],[[4259497.9,2727265.8],[4265121.3,2727513.1],[4275471,2723153.9],[4283009.1,2715444.9],[4287756.8,2714352.2]],[[4287756.8,2714352.2],[4291057.5,2719051.5],[4290461.7,2719503.3],[4287810.7,2719110.8]],[[4294910.3,2715956.9],[4292907.9,2717561.5],[4292102.8,2717363.8],[4291058.2,2719052]],[[4291058.2,2719052],[4287756.8,2714352.2]],[[4287756.8,2714352.2],[4296911.6,2712245.7],[4300509.6,2713352.6],[4300160.5,2714513.3],[4299353.6,2715281.6]],[[4298169.2,2715117],[4298155.7,2715105.4],[4298141.2,2715118.4],[4298169.2,2715117]],[[4300432.7,2713582.3],[4300398.9,2713534.4],[4300407,2713571.5]]],"bbox":[4031317,2684074.7,4672504.2,3556568.7]}