{
"type": "FeatureCollection",
"name": "forest_patches",
"crs": { "type": "name", "properties": { "name": "urn:ogc:def:crs:EPSG::3035" } },
"xy_coordinate_resolution": 0.1,
"features": [
{ "type": "Feature", "properties": { "id": "forest_43891", "state": "Nordrhein-Westfalen", "area_ha": 5952.33, "unfragmented": true, "image": "forest_43891.webp", "real_width_m": 10829.6, "real_height_m": 9878.0, "pixel_width": 1082, "pixel_height": 987, "centroid_x": 4220998.1, "centroid_y": 3106738.7 }, "geometry": { "type": "Polygon", "coordinates": [ [ [ 4221733.2, 3111921.6 ], [ 4221919.7, 3111823.1 ], [ 4221944.6, 3111825.4 ], [ 4221987.9, 3111785.6 ], [ 4221991.3, 3111768.7 ], [ 4221974.0, 3111736.9 ], [ 4221973.9, 3111715.2 ], [ 4221959.1, 3111704.6 ], [ 4221788.7, 3111676.3 ], [ 4221802.4, 3111635.3 ], [ 4221849.3, 3111636.4 ], [ 4221957.6, 3111657.4 ], [ 4222088.0, 3111649.5 ], [ 4222097.0, 3111627.9 ], [ 4222126.2, 3111620.0 ], [ 4222166.3, 3111583.2 ], [ 4222171.0, 3111569.4 ], [ 4222140.6, 3111532.8 ], [ 4222036.4, 3111473.2 ], [ 4222074.4, 3111445.1 ], [ 4222168.8, 3111525.9 ], [ 4222177.7, 3111538.5 ], [ 4222176.4, 3111565.0 ], [ 4222217.1, 3111608.2 ], [ 4222242.1, 3111611.4 ], [ 4222261.7, 3111595.8 ], [ 4222266.9, 3111571.6 ], [ 4222215.8, 3111517.1 ], [ 4222212.2, 3111492.7 ], [ 4222235.1, 3111470.7 ], [ 4222331.5, 3111441.3 ], [ 4222332.4, 3111358.6 ], [ 4222420.5, 3111337.6 ], [ 4222448.7, 3111222.0 ], [ 4222601.4, 3111228.5 ], [ 4222608.0, 3111361.7 ], [ 4222626.2, 3111372.6 ], [ 4222691.6, 3111371.5 ], [ 4222688.5, 3111457.1 ], [ 4222615.1, 3111480.7 ], [ 4222603.9, 3111493.9 ], [ 4222605.7, 3111511.1 ], [ 4222636.2, 3111561.2 ], [ 4222660.2, 3111561.7 ], [ 4222676.6, 3111539.6 ], [ 4222708.2, 3111517.2 ], [ 4222818.1, 3111485.9 ], [ 4223004.3, 3111500.5 ], [ 4223035.1, 3111520.0 ], [ 4223071.3, 3111522.9 ], [ 4223161.9, 3111578.8 ], [ 4223358.3, 3111739.5 ], [ 4223578.1, 3111873.8 ], [ 4223590.3, 3111892.0 ], [ 4223622.4, 3111902.2 ], [ 4223640.9, 3111884.3 ], [ 4223726.7, 3111914.6 ], [ 4223772.6, 3111918.2 ], [ 4223795.9, 3111904.3 ], [ 4223828.3, 3111841.5 ], [ 4223815.9, 3111768.2 ], [ 4223882.9, 3111715.0 ], [ 4223889.2, 3111698.5 ], [ 4223871.3, 3111670.4 ], [ 4223846.1, 3111652.3 ], [ 4223829.3, 3111655.5 ], [ 4223805.7, 3111676.9 ], [ 4223803.0, 3111584.9 ], [ 4223814.3, 3111548.4 ], [ 4223737.6, 3111441.8 ], [ 4223762.6, 3111430.0 ], [ 4223766.9, 3111408.7 ], [ 4223729.1, 3111357.9 ], [ 4223669.3, 3111250.3 ], [ 4223670.8, 3111189.7 ], [ 4223696.1, 3111125.7 ], [ 4223698.7, 3111094.9 ], [ 4223785.3, 3111104.0 ], [ 4223792.1, 3111124.7 ], [ 4223906.7, 3111199.4 ], [ 4224002.7, 3111253.3 ], [ 4224078.5, 3111283.4 ], [ 4224120.1, 3111269.7 ], [ 4224126.0, 3111252.1 ], [ 4224116.9, 3111236.2 ], [ 4224197.2, 3111271.7 ], [ 4224236.4, 3111277.5 ], [ 4224247.2, 3111263.2 ], [ 4224245.6, 3111248.8 ], [ 4224182.2, 3111178.8 ], [ 4224283.8, 3111197.9 ], [ 4224300.2, 3111191.0 ], [ 4224305.6, 3111170.7 ], [ 4224294.8, 3111156.7 ], [ 4224239.1, 3111133.5 ], [ 4224269.5, 3111099.3 ], [ 4224268.1, 3111085.0 ], [ 4224254.7, 3111073.3 ], [ 4224148.7, 3111059.7 ], [ 4224132.5, 3111072.8 ], [ 4224133.1, 3111092.6 ], [ 4224044.9, 3111074.0 ], [ 4224006.6, 3111061.0 ], [ 4223876.9, 3110991.3 ], [ 4223677.1, 3110922.4 ], [ 4223656.5, 3110928.8 ], [ 4223597.1, 3110995.0 ], [ 4223474.6, 3110987.3 ], [ 4223435.2, 3111082.2 ], [ 4223377.0, 3110944.7 ], [ 4223363.3, 3110932.2 ], [ 4223318.4, 3110939.3 ], [ 4223158.6, 3110992.4 ], [ 4223151.9, 3110944.0 ], [ 4223136.0, 3110929.3 ], [ 4223050.0, 3110945.0 ], [ 4223026.4, 3110927.0 ], [ 4222943.0, 3110929.2 ], [ 4222894.3, 3110907.6 ], [ 4222843.5, 3110908.2 ], [ 4222802.7, 3110880.5 ], [ 4222845.7, 3110868.3 ], [ 4222880.6, 3110887.4 ], [ 4222904.4, 3110877.6 ], [ 4222908.0, 3110860.9 ], [ 4222890.7, 3110774.0 ], [ 4222871.9, 3110723.8 ], [ 4222841.6, 3110716.9 ], [ 4222830.4, 3110697.7 ], [ 4222839.6, 3110682.1 ], [ 4222834.0, 3110665.0 ], [ 4222726.7, 3110612.0 ], [ 4222768.9, 3110574.3 ], [ 4222866.8, 3110601.5 ], [ 4222913.5, 3110562.6 ], [ 4222912.3, 3110533.1 ], [ 4222854.8, 3110444.6 ], [ 4222853.7, 3110329.2 ], [ 4222870.0, 3110307.2 ], [ 4222900.8, 3110283.1 ], [ 4223095.5, 3110250.5 ], [ 4223108.6, 3110237.9 ], [ 4223110.9, 3110212.0 ], [ 4223202.3, 3110205.1 ], [ 4223235.3, 3110220.1 ], [ 4223315.7, 3110217.3 ], [ 4223335.6, 3110197.1 ], [ 4223358.3, 3110205.1 ], [ 4223407.0, 3110194.5 ], [ 4223420.8, 3110179.0 ], [ 4223422.1, 3110161.6 ], [ 4223407.5, 3110144.6 ], [ 4223401.4, 3110116.2 ], [ 4223297.5, 3110058.9 ], [ 4223214.1, 3109986.8 ], [ 4223129.4, 3109898.5 ], [ 4223068.8, 3109852.7 ], [ 4222986.7, 3109817.5 ], [ 4222867.3, 3109801.2 ], [ 4222808.9, 3109741.9 ], [ 4222755.7, 3109702.5 ], [ 4222741.3, 3109701.5 ], [ 4222678.3, 3109730.4 ], [ 4222531.8, 3109841.6 ], [ 4222507.4, 3109815.5 ], [ 4222593.5, 3109755.3 ], [ 4222661.2, 3109690.7 ], [ 4222699.0, 3109672.3 ], [ 4222706.0, 3109653.7 ], [ 4222697.1, 3109632.6 ], [ 4222681.1, 3109616.7 ], [ 4222599.5, 3109571.7 ], [ 4222299.8, 3109458.0 ], [ 4222184.3, 3109422.5 ], [ 4222163.2, 3109427.0 ], [ 4222154.0, 3109453.0 ], [ 4222037.8, 3109580.9 ], [ 4221964.9, 3109627.5 ], [ 4221796.7, 3109843.4 ], [ 4221770.2, 3109848.7 ], [ 4221742.7, 3109891.7 ], [ 4221679.9, 3109852.7 ], [ 4221701.4, 3109815.6 ], [ 4221724.9, 3109810.8 ], [ 4221779.2, 3109773.0 ], [ 4221877.1, 3109642.2 ], [ 4221970.5, 3109536.0 ], [ 4222003.0, 3109465.2 ], [ 4222023.6, 3109463.7 ], [ 4222040.6, 3109448.7 ], [ 4222038.8, 3109421.1 ], [ 4221852.1, 3109353.6 ], [ 4221761.6, 3109352.6 ], [ 4221450.2, 3109545.8 ], [ 4221396.5, 3109630.9 ], [ 4221380.1, 3109640.0 ], [ 4221366.5, 3109602.1 ], [ 4221341.1, 3109594.6 ], [ 4221337.9, 3109581.5 ], [ 4221391.2, 3109495.4 ], [ 4221424.4, 3109484.4 ], [ 4221535.4, 3109406.2 ], [ 4221575.7, 3109422.2 ], [ 4221630.4, 3109395.6 ], [ 4221690.6, 3109337.7 ], [ 4221692.5, 3109322.9 ], [ 4221679.9, 3109300.9 ], [ 4221647.6, 3109277.4 ], [ 4221597.5, 3109267.2 ], [ 4221482.7, 3109215.3 ], [ 4221361.3, 3109146.4 ], [ 4221128.0, 3109054.0 ], [ 4220946.1, 3109010.4 ], [ 4220869.3, 3109005.7 ], [ 4220795.2, 3109035.8 ], [ 4220747.0, 3109106.0 ], [ 4220709.9, 3109181.1 ], [ 4220693.9, 3109279.4 ], [ 4220699.6, 3109328.9 ], [ 4220716.5, 3109344.6 ], [ 4220722.2, 3109472.2 ], [ 4220699.9, 3109569.0 ], [ 4220707.6, 3109637.6 ], [ 4220699.5, 3109714.8 ], [ 4220679.8, 3109800.6 ], [ 4220622.9, 3109812.1 ], [ 4220626.2, 3109767.8 ], [ 4220676.0, 3109662.4 ], [ 4220664.4, 3109588.6 ], [ 4220665.7, 3109508.5 ], [ 4220684.5, 3109441.2 ], [ 4220678.6, 3109400.7 ], [ 4220687.2, 3109361.5 ], [ 4220672.3, 3109345.5 ], [ 4220638.7, 3109345.9 ], [ 4220547.9, 3109370.4 ], [ 4220520.6, 3109350.6 ], [ 4220497.0, 3109356.0 ], [ 4220486.1, 3109349.4 ], [ 4220484.8, 3109329.1 ], [ 4220495.5, 3109315.1 ], [ 4220556.6, 3109305.3 ], [ 4220570.2, 3109328.5 ], [ 4220582.5, 3109334.5 ], [ 4220637.1, 3109325.2 ], [ 4220650.7, 3109316.1 ], [ 4220685.5, 3109129.8 ], [ 4220729.0, 3109019.2 ], [ 4220770.4, 3108975.7 ], [ 4220774.2, 3108961.6 ], [ 4220762.3, 3108943.8 ], [ 4220671.4, 3108901.9 ], [ 4220565.5, 3108890.2 ], [ 4220592.1, 3108852.7 ], [ 4220652.7, 3108855.5 ], [ 4220713.7, 3108868.7 ], [ 4220932.8, 3108954.4 ], [ 4220959.5, 3108973.6 ], [ 4221052.5, 3108980.3 ], [ 4221082.0, 3108973.6 ], [ 4221109.1, 3108990.2 ], [ 4221141.9, 3108991.2 ], [ 4221223.8, 3109026.3 ], [ 4221295.4, 3109036.5 ], [ 4221338.2, 3109060.6 ], [ 4221357.1, 3109059.2 ], [ 4221413.5, 3109090.4 ], [ 4221511.1, 3109124.3 ], [ 4221528.8, 3109147.1 ], [ 4221595.1, 3109169.5 ], [ 4221594.7, 3109187.5 ], [ 4221607.5, 3109200.0 ], [ 4221685.4, 3109208.9 ], [ 4221736.1, 3109232.4 ], [ 4221814.3, 3109224.9 ], [ 4222016.8, 3109315.5 ], [ 4222049.6, 3109326.4 ], [ 4222101.7, 3109326.7 ], [ 4222148.4, 3109338.3 ], [ 4222165.8, 3109331.8 ], [ 4222179.9, 3109299.4 ], [ 4222196.3, 3109279.5 ], [ 4222216.8, 3109268.2 ], [ 4222368.8, 3109269.4 ], [ 4222424.6, 3109259.2 ], [ 4222549.7, 3109205.9 ], [ 4222605.1, 3109191.9 ], [ 4222843.3, 3109178.6 ], [ 4223014.0, 3109179.0 ], [ 4223071.8, 3109158.9 ], [ 4223135.0, 3109107.7 ], [ 4223154.6, 3109080.4 ], [ 4223154.0, 3109039.0 ], [ 4223124.2, 3108995.7 ], [ 4223016.8, 3108906.2 ], [ 4222901.9, 3108829.5 ], [ 4222883.7, 3108830.3 ], [ 4222839.1, 3108863.0 ], [ 4222684.4, 3108890.3 ], [ 4222610.8, 3108826.9 ], [ 4222590.4, 3108832.3 ], [ 4222566.9, 3108862.9 ], [ 4222525.7, 3108842.9 ], [ 4222511.2, 3108846.0 ], [ 4222501.0, 3108858.6 ], [ 4222444.4, 3108832.6 ], [ 4222419.4, 3108843.3 ], [ 4222376.2, 3108833.2 ], [ 4222375.1, 3108819.0 ], [ 4222362.2, 3108807.0 ], [ 4222336.7, 3108815.5 ], [ 4222308.8, 3108804.1 ], [ 4222311.1, 3108774.1 ], [ 4222279.7, 3108755.3 ], [ 4222259.2, 3108757.7 ], [ 4222246.6, 3108776.5 ], [ 4222052.5, 3108554.0 ], [ 4222037.2, 3108545.9 ], [ 4221854.7, 3108561.4 ], [ 4221845.1, 3108583.4 ], [ 4221882.3, 3108691.6 ], [ 4221719.1, 3108746.0 ], [ 4221680.1, 3108619.1 ], [ 4221609.1, 3108611.0 ], [ 4221501.7, 3108578.0 ], [ 4221471.0, 3108575.9 ], [ 4221490.8, 3108479.6 ], [ 4221566.9, 3108478.5 ], [ 4221576.2, 3108464.0 ], [ 4221577.0, 3108415.9 ], [ 4221591.1, 3108415.4 ], [ 4221606.5, 3108428.9 ], [ 4221641.4, 3108427.2 ], [ 4221688.9, 3108449.9 ], [ 4221707.2, 3108446.1 ], [ 4221718.1, 3108432.6 ], [ 4221725.8, 3108367.7 ], [ 4221817.6, 3108335.4 ], [ 4221826.0, 3108319.4 ], [ 4221822.6, 3108284.8 ], [ 4221850.0, 3108279.9 ], [ 4221910.5, 3108316.7 ], [ 4221920.3, 3108353.9 ], [ 4221969.1, 3108361.1 ], [ 4221981.7, 3108349.5 ], [ 4221983.5, 3108334.5 ], [ 4222339.5, 3108138.9 ], [ 4222446.7, 3108102.7 ], [ 4222517.5, 3108089.5 ], [ 4222552.1, 3108006.3 ], [ 4222636.4, 3108041.1 ], [ 4222654.8, 3108040.3 ], [ 4222693.0, 3107964.9 ], [ 4222693.2, 3107947.7 ], [ 4222681.0, 3107935.7 ], [ 4222590.2, 3107899.3 ], [ 4222598.3, 3107876.3 ], [ 4222838.1, 3107964.4 ], [ 4222812.2, 3108016.6 ], [ 4222839.6, 3108050.5 ], [ 4222788.5, 3108148.6 ], [ 4222810.0, 3108184.6 ], [ 4222837.3, 3108181.7 ], [ 4222875.2, 3108213.9 ], [ 4222847.4, 3108257.0 ], [ 4222881.0, 3108351.6 ], [ 4222869.6, 3108403.8 ], [ 4222874.8, 3108420.6 ], [ 4222894.3, 3108428.0 ], [ 4222954.2, 3108410.1 ], [ 4223045.4, 3108360.1 ], [ 4223129.8, 3108247.0 ], [ 4223173.2, 3108069.9 ], [ 4223188.6, 3108024.0 ], [ 4223211.0, 3107993.9 ], [ 4223194.6, 3107904.1 ], [ 4223223.3, 3107765.4 ], [ 4223257.9, 3107655.7 ], [ 4223259.3, 3107570.4 ], [ 4223299.9, 3107534.5 ], [ 4223296.3, 3107487.8 ], [ 4223348.5, 3107336.4 ], [ 4223409.1, 3107257.0 ], [ 4223570.7, 3107080.6 ], [ 4223570.7, 3107055.5 ], [ 4223557.7, 3107043.2 ], [ 4223531.9, 3107051.9 ], [ 4223493.1, 3107035.6 ], [ 4223401.3, 3107040.5 ], [ 4223274.6, 3107011.6 ], [ 4223270.6, 3106995.3 ], [ 4223283.6, 3106980.4 ], [ 4223374.7, 3107007.7 ], [ 4223485.1, 3107004.5 ], [ 4223595.5, 3106942.7 ], [ 4223619.7, 3106884.3 ], [ 4223662.5, 3106884.4 ], [ 4223679.0, 3106871.8 ], [ 4223675.1, 3106847.0 ], [ 4223639.5, 3106826.3 ], [ 4223648.6, 3106790.6 ], [ 4223668.8, 3106760.4 ], [ 4223712.9, 3106779.9 ], [ 4223694.7, 3106823.9 ], [ 4223698.3, 3107016.1 ], [ 4223680.4, 3107126.1 ], [ 4223670.8, 3107145.1 ], [ 4223437.6, 3107307.4 ], [ 4223351.7, 3107500.2 ], [ 4223300.1, 3107700.7 ], [ 4223238.6, 3107868.0 ], [ 4223239.7, 3108144.1 ], [ 4223221.2, 3108194.2 ], [ 4223168.1, 3108278.3 ], [ 4223073.3, 3108402.9 ], [ 4223074.0, 3108422.9 ], [ 4223108.8, 3108468.4 ], [ 4223032.8, 3108563.6 ], [ 4222955.0, 3108629.9 ], [ 4222956.2, 3108648.2 ], [ 4223007.0, 3108726.5 ], [ 4222914.2, 3108813.0 ], [ 4222920.7, 3108835.9 ], [ 4223018.8, 3108902.6 ], [ 4223128.8, 3108994.4 ], [ 4223159.3, 3109040.4 ], [ 4223161.2, 3109078.0 ], [ 4223138.0, 3109110.8 ], [ 4223074.0, 3109162.6 ], [ 4223017.8, 3109182.7 ], [ 4222842.7, 3109182.7 ], [ 4222605.5, 3109196.0 ], [ 4222551.1, 3109209.7 ], [ 4222427.2, 3109262.8 ], [ 4222370.7, 3109273.5 ], [ 4222217.0, 3109272.9 ], [ 4222182.2, 3109303.6 ], [ 4222173.9, 3109329.1 ], [ 4222178.8, 3109345.1 ], [ 4222234.7, 3109374.4 ], [ 4222270.3, 3109372.1 ], [ 4222310.4, 3109348.3 ], [ 4222473.0, 3109390.0 ], [ 4222489.6, 3109383.5 ], [ 4222496.2, 3109367.5 ], [ 4222575.0, 3109403.4 ], [ 4222596.2, 3109388.7 ], [ 4222638.7, 3109377.8 ], [ 4222644.2, 3109357.4 ], [ 4222629.9, 3109337.7 ], [ 4222854.6, 3109368.5 ], [ 4222990.9, 3109372.2 ], [ 4223175.1, 3109341.8 ], [ 4223214.6, 3109344.5 ], [ 4223220.5, 3109366.2 ], [ 4223263.4, 3109390.8 ], [ 4223212.5, 3109429.2 ], [ 4223213.5, 3109450.5 ], [ 4223232.1, 3109461.0 ], [ 4223270.4, 3109449.3 ], [ 4223296.9, 3109451.9 ], [ 4223391.3, 3109416.1 ], [ 4223451.3, 3109405.2 ], [ 4223536.9, 3109368.8 ], [ 4223635.8, 3109231.0 ], [ 4223645.0, 3109195.4 ], [ 4223642.4, 3109134.8 ], [ 4223706.2, 3108996.3 ], [ 4223700.5, 3108972.8 ], [ 4223669.3, 3108962.0 ], [ 4223668.7, 3108911.2 ], [ 4223731.9, 3108923.8 ], [ 4223748.6, 3108916.9 ], [ 4223769.4, 3108894.5 ], [ 4223800.9, 3108824.8 ], [ 4223795.7, 3108799.6 ], [ 4223820.7, 3108807.5 ], [ 4223837.8, 3108802.0 ], [ 4223863.7, 3108734.8 ], [ 4223912.0, 3108665.0 ], [ 4223990.5, 3108599.1 ], [ 4224049.5, 3108534.2 ], [ 4224110.5, 3108497.1 ], [ 4224268.2, 3108445.5 ], [ 4224281.4, 3108433.6 ], [ 4224279.8, 3108412.6 ], [ 4224253.6, 3108390.8 ], [ 4224094.2, 3108301.7 ], [ 4224072.2, 3108243.2 ], [ 4224092.8, 3108221.4 ], [ 4224277.7, 3108350.7 ], [ 4224343.7, 3108407.1 ], [ 4224380.4, 3108420.0 ], [ 4224785.9, 3108427.2 ], [ 4224835.1, 3108434.9 ], [ 4224961.6, 3108475.0 ], [ 4225007.2, 3108476.3 ], [ 4225050.8, 3108391.3 ], [ 4225249.3, 3108111.5 ], [ 4225259.6, 3108076.8 ], [ 4225258.4, 3108032.4 ], [ 4225223.6, 3107932.8 ], [ 4225223.1, 3107796.8 ], [ 4225242.6, 3107720.1 ], [ 4225307.3, 3107558.4 ], [ 4225332.6, 3107460.6 ], [ 4225331.1, 3107150.8 ], [ 4225361.1, 3107060.3 ], [ 4225326.6, 3106893.4 ], [ 4225354.8, 3106739.8 ], [ 4225526.5, 3106462.9 ], [ 4225605.7, 3106195.0 ], [ 4225633.5, 3106162.3 ], [ 4225762.2, 3106096.7 ], [ 4225801.6, 3106063.9 ], [ 4225832.2, 3106007.0 ], [ 4225834.4, 3105890.9 ], [ 4225848.2, 3105866.2 ], [ 4225946.9, 3105800.7 ], [ 4226057.3, 3105665.1 ], [ 4226052.6, 3105641.2 ], [ 4226025.6, 3105632.0 ], [ 4225961.1, 3105699.6 ], [ 4225919.5, 3105671.8 ], [ 4225864.0, 3105659.9 ], [ 4225844.7, 3105646.6 ], [ 4225812.6, 3105597.4 ], [ 4225900.5, 3105520.9 ], [ 4225987.5, 3105491.6 ], [ 4226071.6, 3105449.2 ], [ 4226071.7, 3105431.5 ], [ 4226040.5, 3105373.1 ], [ 4226034.3, 3105322.2 ], [ 4226055.3, 3105289.1 ], [ 4226155.8, 3105227.7 ], [ 4226178.9, 3105193.1 ], [ 4226249.4, 3104683.2 ], [ 4226347.3, 3104437.2 ], [ 4226689.8, 3104113.3 ], [ 4226728.4, 3104062.2 ], [ 4226732.3, 3104044.3 ], [ 4226717.8, 3104028.2 ], [ 4226696.6, 3104032.3 ], [ 4226672.1, 3104061.3 ], [ 4226647.7, 3104038.5 ], [ 4226650.0, 3103979.7 ], [ 4226686.1, 3103919.1 ], [ 4226722.5, 3103920.1 ], [ 4226750.3, 3103898.8 ], [ 4226792.5, 3103932.7 ], [ 4226818.9, 3103935.7 ], [ 4226904.3, 3103827.1 ], [ 4226898.8, 3103799.8 ], [ 4226855.9, 3103781.6 ], [ 4226844.4, 3103672.4 ], [ 4226856.3, 3103655.4 ], [ 4226851.4, 3103598.5 ], [ 4226836.3, 3103588.4 ], [ 4226812.6, 3103588.7 ], [ 4226678.6, 3103480.3 ], [ 4226674.5, 3103459.5 ], [ 4226719.0, 3103402.1 ], [ 4226723.2, 3103384.1 ], [ 4226658.3, 3103326.2 ], [ 4226661.0, 3103311.6 ], [ 4226653.8, 3103298.5 ], [ 4226586.9, 3103270.7 ], [ 4226581.3, 3103252.9 ], [ 4226568.5, 3103245.0 ], [ 4226493.6, 3103238.3 ], [ 4226415.3, 3103253.2 ], [ 4226398.0, 3103237.4 ], [ 4226448.0, 3103218.7 ], [ 4226467.3, 3103223.2 ], [ 4226497.7, 3103216.1 ], [ 4226504.6, 3103199.4 ], [ 4226495.6, 3103167.4 ], [ 4226476.6, 3103151.0 ], [ 4226432.3, 3103161.4 ], [ 4226280.4, 3103253.2 ], [ 4226133.3, 3103327.3 ], [ 4226082.2, 3103361.1 ], [ 4226042.4, 3103401.4 ], [ 4225934.6, 3103423.1 ], [ 4225786.7, 3103520.3 ], [ 4225779.3, 3103533.2 ], [ 4225778.5, 3103589.6 ], [ 4225724.5, 3103840.6 ], [ 4225734.2, 3103903.6 ], [ 4225801.0, 3104043.7 ], [ 4226005.0, 3104285.8 ], [ 4225976.7, 3104376.4 ], [ 4225979.9, 3104432.0 ], [ 4226048.4, 3104553.1 ], [ 4226117.9, 3104636.9 ], [ 4226122.8, 3104677.3 ], [ 4226113.7, 3104719.1 ], [ 4226085.2, 3104770.8 ], [ 4225991.4, 3104845.8 ], [ 4225986.4, 3104871.0 ], [ 4226007.8, 3104900.1 ], [ 4225974.1, 3104967.4 ], [ 4225841.1, 3105072.2 ], [ 4225832.2, 3105090.4 ], [ 4225773.4, 3105142.3 ], [ 4225748.3, 3105150.4 ], [ 4225704.2, 3105226.2 ], [ 4225682.0, 3105224.0 ], [ 4225667.7, 3105233.0 ], [ 4225666.5, 3105264.2 ], [ 4225473.2, 3105425.7 ], [ 4225410.1, 3105457.0 ], [ 4225294.2, 3105491.0 ], [ 4225089.6, 3105502.7 ], [ 4224952.7, 3105485.1 ], [ 4224948.5, 3105464.3 ], [ 4224932.5, 3105456.5 ], [ 4224909.8, 3105461.9 ], [ 4224900.3, 3105478.7 ], [ 4224823.4, 3105478.7 ], [ 4224720.1, 3105493.6 ], [ 4224705.7, 3105508.6 ], [ 4224691.7, 3105635.7 ], [ 4224663.6, 3105664.3 ], [ 4224631.9, 3105666.9 ], [ 4224655.3, 3105620.7 ], [ 4224668.2, 3105560.5 ], [ 4224670.4, 3105501.4 ], [ 4224597.9, 3105467.6 ], [ 4224531.8, 3105460.1 ], [ 4224513.5, 3105442.1 ], [ 4224482.4, 3105435.0 ], [ 4224475.4, 3105426.3 ], [ 4224479.1, 3105416.9 ], [ 4224514.8, 3105405.0 ], [ 4224578.6, 3105410.3 ], [ 4224681.9, 3105436.7 ], [ 4224779.5, 3105439.9 ], [ 4224971.1, 3105406.9 ], [ 4224983.5, 3105426.4 ], [ 4225001.0, 3105431.6 ], [ 4225032.9, 3105426.8 ], [ 4225050.8, 3105415.8 ], [ 4225081.8, 3105418.1 ], [ 4225187.7, 3105381.3 ], [ 4225201.5, 3105366.6 ], [ 4225114.1, 3105121.9 ], [ 4225152.8, 3105094.3 ], [ 4225155.9, 3105073.5 ], [ 4225133.4, 3105051.6 ], [ 4225091.6, 3105064.5 ], [ 4225078.4, 3105027.2 ], [ 4225175.6, 3104961.2 ], [ 4225184.5, 3104947.7 ], [ 4225164.1, 3104710.1 ], [ 4225231.2, 3104648.0 ], [ 4225302.6, 3104513.9 ], [ 4225444.4, 3104353.9 ], [ 4225469.2, 3104317.4 ], [ 4225505.4, 3104224.4 ], [ 4225480.7, 3104129.1 ], [ 4225515.2, 3104051.1 ], [ 4225479.1, 3103986.7 ], [ 4225438.0, 3103948.7 ], [ 4225422.3, 3103920.6 ], [ 4225392.3, 3103738.4 ], [ 4225424.5, 3103689.4 ], [ 4225414.9, 3103658.3 ], [ 4225407.1, 3103569.9 ], [ 4225367.6, 3103523.7 ], [ 4225387.4, 3103441.5 ], [ 4225569.1, 3103517.5 ], [ 4225572.4, 3103599.9 ], [ 4225548.8, 3103630.3 ], [ 4225542.0, 3103714.7 ], [ 4225552.4, 3103737.9 ], [ 4225546.8, 3103766.2 ], [ 4225565.5, 3103817.2 ], [ 4225544.2, 3103874.4 ], [ 4225545.7, 3103956.4 ], [ 4225597.4, 3104106.2 ], [ 4225667.3, 3104229.9 ], [ 4225678.7, 3104263.1 ], [ 4225629.4, 3104373.0 ], [ 4225604.5, 3104543.6 ], [ 4225599.5, 3104665.5 ], [ 4225612.4, 3104976.8 ], [ 4225622.1, 3104995.0 ], [ 4225644.2, 3104998.2 ], [ 4225644.1, 3105045.3 ], [ 4225549.8, 3105111.0 ], [ 4225550.4, 3105184.4 ], [ 4225559.9, 3105217.5 ], [ 4225613.1, 3105225.9 ], [ 4225626.8, 3105221.1 ], [ 4225634.9, 3105201.3 ], [ 4225618.6, 3105174.0 ], [ 4225622.1, 3105166.3 ], [ 4225642.3, 3105153.3 ], [ 4225646.5, 3105132.2 ], [ 4225700.5, 3105100.0 ], [ 4225722.2, 3105071.4 ], [ 4225739.4, 3105023.1 ], [ 4225823.1, 3104975.3 ], [ 4225881.1, 3104953.4 ], [ 4225907.6, 3104928.7 ], [ 4225947.6, 3104845.0 ], [ 4225935.7, 3104796.3 ], [ 4225946.1, 3104756.6 ], [ 4226005.3, 3104706.3 ], [ 4226036.1, 3104707.2 ], [ 4226054.7, 3104679.6 ], [ 4226050.7, 3104657.5 ], [ 4226030.4, 3104632.8 ], [ 4225981.1, 3104630.4 ], [ 4225954.4, 3104592.6 ], [ 4225891.7, 3104437.4 ], [ 4225899.6, 3104380.3 ], [ 4225920.5, 3104343.7 ], [ 4225918.9, 3104316.0 ], [ 4225898.9, 3104280.4 ], [ 4225822.4, 3104199.8 ], [ 4225787.6, 3104139.3 ], [ 4225746.2, 3104098.5 ], [ 4225719.9, 3104100.9 ], [ 4225663.8, 3103960.3 ], [ 4225637.3, 3103860.4 ], [ 4225713.7, 3103543.2 ], [ 4225708.2, 3103522.8 ], [ 4225733.1, 3103474.7 ], [ 4225730.5, 3103455.2 ], [ 4225740.9, 3103428.9 ], [ 4225773.0, 3103391.3 ], [ 4225800.7, 3103393.2 ], [ 4225918.3, 3103295.5 ], [ 4225963.0, 3103277.8 ], [ 4225970.9, 3103251.6 ], [ 4225944.3, 3103212.1 ], [ 4225901.2, 3103207.2 ], [ 4225885.9, 3103217.1 ], [ 4225883.3, 3103235.2 ], [ 4225802.8, 3103279.7 ], [ 4225683.9, 3103211.1 ], [ 4225666.7, 3103222.5 ], [ 4225657.8, 3103267.5 ], [ 4225523.2, 3103160.9 ], [ 4225520.9, 3103126.9 ], [ 4225500.4, 3103071.9 ], [ 4225558.4, 3102987.4 ], [ 4225552.6, 3102957.5 ], [ 4225562.0, 3102927.1 ], [ 4225641.3, 3102906.8 ], [ 4225673.6, 3102924.6 ], [ 4225707.0, 3102908.7 ], [ 4225711.7, 3102884.0 ], [ 4225656.1, 3102797.8 ], [ 4225666.9, 3102784.2 ], [ 4225762.2, 3102753.1 ], [ 4225773.2, 3102739.9 ], [ 4225760.6, 3102694.9 ], [ 4225699.4, 3102610.4 ], [ 4225671.1, 3102588.0 ], [ 4225671.4, 3102550.7 ], [ 4225683.0, 3102527.9 ], [ 4225749.7, 3102558.4 ], [ 4225781.6, 3102549.0 ], [ 4225790.7, 3102533.1 ], [ 4225781.7, 3102513.3 ], [ 4225703.1, 3102473.0 ], [ 4225715.4, 3102422.9 ], [ 4225703.1, 3102401.5 ], [ 4225681.6, 3102402.8 ], [ 4225644.1, 3102437.1 ], [ 4225557.9, 3102573.6 ], [ 4225501.7, 3102736.2 ], [ 4225482.8, 3102822.6 ], [ 4225471.8, 3102839.1 ], [ 4225406.5, 3102887.6 ], [ 4225356.6, 3102909.0 ], [ 4225343.2, 3102906.0 ], [ 4225293.3, 3102919.5 ], [ 4225145.2, 3103031.4 ], [ 4225137.1, 3103042.4 ], [ 4225135.9, 3103067.4 ], [ 4225064.3, 3103174.2 ], [ 4225065.2, 3103191.8 ], [ 4225093.6, 3103223.6 ], [ 4225095.1, 3103253.5 ], [ 4225062.7, 3103320.2 ], [ 4225064.3, 3103347.2 ], [ 4225051.8, 3103361.1 ], [ 4225045.9, 3103404.1 ], [ 4225106.4, 3103520.8 ], [ 4225114.4, 3103554.3 ], [ 4225075.5, 3103615.7 ], [ 4225039.5, 3103829.9 ], [ 4225011.9, 3103913.6 ], [ 4225016.7, 3103926.4 ], [ 4225068.9, 3103972.5 ], [ 4225223.9, 3104145.5 ], [ 4225219.3, 3104152.3 ], [ 4225190.7, 3104154.7 ], [ 4225130.1, 3104115.9 ], [ 4225104.7, 3104124.2 ], [ 4225101.5, 3104145.7 ], [ 4225148.5, 3104276.5 ], [ 4225139.3, 3104290.2 ], [ 4225119.5, 3104286.9 ], [ 4225106.8, 3104268.3 ], [ 4225063.2, 3104051.2 ], [ 4224986.4, 3103952.6 ], [ 4224960.6, 3103949.5 ], [ 4224932.8, 3103971.8 ], [ 4224846.1, 3104076.1 ], [ 4224804.9, 3104185.5 ], [ 4224757.4, 3104270.8 ], [ 4224769.1, 3104307.0 ], [ 4224848.1, 3104372.5 ], [ 4224886.8, 3104442.6 ], [ 4224861.4, 3104461.6 ], [ 4224833.9, 3104415.3 ], [ 4224787.5, 3104379.4 ], [ 4224742.7, 3104324.4 ], [ 4224715.9, 3104318.1 ], [ 4224552.1, 3104475.9 ], [ 4224518.0, 3104469.9 ], [ 4224453.8, 3104509.1 ], [ 4224374.8, 3104541.2 ], [ 4224359.7, 3104565.8 ], [ 4224294.8, 3104628.5 ], [ 4224256.1, 3104737.7 ], [ 4224242.5, 3104757.7 ], [ 4224120.6, 3104826.5 ], [ 4224061.3, 3104849.2 ], [ 4224010.1, 3104883.7 ], [ 4223987.2, 3104888.9 ], [ 4223910.7, 3104872.2 ], [ 4223852.4, 3104887.6 ], [ 4223806.5, 3104931.6 ], [ 4223741.0, 3105031.2 ], [ 4223657.5, 3105123.6 ], [ 4223622.6, 3105142.2 ], [ 4223674.4, 3105007.4 ], [ 4223699.6, 3104980.4 ], [ 4223736.7, 3104958.1 ], [ 4223740.7, 3104940.0 ], [ 4223734.3, 3104927.5 ], [ 4223668.4, 3104918.6 ], [ 4223536.6, 3104856.6 ], [ 4223470.6, 3104844.7 ], [ 4223374.9, 3104811.6 ], [ 4223313.1, 3104809.5 ], [ 4223201.5, 3104788.3 ], [ 4223187.6, 3104766.3 ], [ 4223202.3, 3104693.2 ], [ 4223421.6, 3104737.1 ], [ 4223437.0, 3104756.1 ], [ 4223657.5, 3104813.4 ], [ 4223706.5, 3104836.3 ], [ 4223806.1, 3104858.0 ], [ 4223890.6, 3104833.5 ], [ 4223921.7, 3104795.4 ], [ 4223976.5, 3104790.6 ], [ 4224049.4, 3104767.0 ], [ 4224059.6, 3104751.5 ], [ 4224056.3, 3104728.6 ], [ 4224129.6, 3104662.2 ], [ 4224188.4, 3104561.4 ], [ 4224264.9, 3104492.9 ], [ 4224294.8, 3104521.3 ], [ 4224317.8, 3104519.4 ], [ 4224354.5, 3104481.3 ], [ 4224364.4, 3104431.6 ], [ 4224450.6, 3104369.0 ], [ 4224516.0, 3104295.6 ], [ 4224581.1, 3104245.1 ], [ 4224582.1, 3104221.7 ], [ 4224557.7, 3104198.7 ], [ 4224485.2, 3104175.3 ], [ 4224499.1, 3104157.0 ], [ 4224546.4, 3104122.4 ], [ 4224570.6, 3104143.0 ], [ 4224646.6, 3104127.5 ], [ 4224750.0, 3104049.2 ], [ 4224797.3, 3103933.5 ], [ 4224829.1, 3103880.8 ], [ 4224884.4, 3103816.5 ], [ 4224871.9, 3103771.5 ], [ 4224884.9, 3103685.6 ], [ 4224876.2, 3103665.6 ], [ 4224854.4, 3103662.6 ], [ 4224801.0, 3103695.4 ], [ 4224816.1, 3103781.3 ], [ 4224806.3, 3103839.6 ], [ 4224783.4, 3103852.4 ], [ 4224719.6, 3103850.6 ], [ 4224702.3, 3103861.4 ], [ 4224659.0, 3103864.3 ], [ 4224632.7, 3103849.0 ], [ 4224508.1, 3103848.7 ], [ 4224488.0, 3103860.7 ], [ 4224384.5, 3103864.9 ], [ 4224323.8, 3103885.6 ], [ 4224272.6, 3103889.5 ], [ 4224026.0, 3103861.5 ], [ 4224008.3, 3103873.2 ], [ 4224003.4, 3103897.4 ], [ 4223754.5, 3103852.6 ], [ 4223507.2, 3103766.9 ], [ 4223427.0, 3103813.6 ], [ 4223341.7, 3103821.4 ], [ 4223209.7, 3103751.7 ], [ 4223203.4, 3103730.5 ], [ 4223211.3, 3103708.4 ], [ 4223255.1, 3103728.7 ], [ 4223321.8, 3103730.8 ], [ 4223334.3, 3103713.6 ], [ 4223323.9, 3103691.9 ], [ 4223333.4, 3103658.7 ], [ 4223359.3, 3103600.3 ], [ 4223393.4, 3103634.7 ], [ 4223410.5, 3103632.6 ], [ 4223426.8, 3103618.3 ], [ 4223422.5, 3103590.9 ], [ 4223370.4, 3103534.6 ], [ 4223335.8, 3103486.4 ], [ 4223331.8, 3103467.0 ], [ 4223312.7, 3103458.0 ], [ 4223083.1, 3103553.7 ], [ 4223077.2, 3103591.2 ], [ 4223103.9, 3103616.7 ], [ 4223054.5, 3103667.7 ], [ 4223016.0, 3103652.2 ], [ 4223048.3, 3103584.9 ], [ 4223043.5, 3103568.0 ], [ 4223031.4, 3103560.5 ], [ 4222863.3, 3103577.4 ], [ 4222729.9, 3103579.4 ], [ 4222672.3, 3103783.9 ], [ 4222683.5, 3103853.6 ], [ 4222658.7, 3103932.1 ], [ 4222634.1, 3103929.9 ], [ 4222654.1, 3103884.5 ], [ 4222639.3, 3103861.5 ], [ 4222593.4, 3103862.2 ], [ 4222579.1, 3103881.0 ], [ 4222534.4, 3103880.7 ], [ 4222535.5, 3103788.1 ], [ 4222619.8, 3103811.5 ], [ 4222642.0, 3103802.2 ], [ 4222646.4, 3103735.1 ], [ 4222682.8, 3103599.4 ], [ 4222673.1, 3103587.8 ], [ 4222644.9, 3103577.5 ], [ 4222577.4, 3103603.5 ], [ 4222545.5, 3103592.1 ], [ 4222420.7, 3103664.0 ], [ 4222336.8, 3103695.5 ], [ 4222269.5, 3103750.9 ], [ 4222231.5, 3103762.1 ], [ 4222185.9, 3103800.5 ], [ 4222173.3, 3103830.8 ], [ 4222115.2, 3103855.7 ], [ 4222066.6, 3103928.4 ], [ 4222070.0, 3103962.4 ], [ 4222095.1, 3104005.6 ], [ 4222037.8, 3104011.2 ], [ 4222029.1, 3103988.0 ], [ 4222008.9, 3103982.9 ], [ 4221872.8, 3104059.4 ], [ 4221852.0, 3104079.5 ], [ 4221821.4, 3104132.8 ], [ 4221579.9, 3104313.9 ], [ 4221512.8, 3104417.4 ], [ 4221461.5, 3104458.1 ], [ 4221461.6, 3104518.1 ], [ 4221416.6, 3104541.5 ], [ 4221412.1, 3104504.3 ], [ 4221387.8, 3104494.1 ], [ 4221317.4, 3104526.0 ], [ 4221059.5, 3104598.7 ], [ 4220907.7, 3104672.0 ], [ 4220768.3, 3104691.5 ], [ 4220724.3, 3104716.0 ], [ 4220631.2, 3104798.5 ], [ 4220625.6, 3104799.7 ], [ 4220634.6, 3104733.5 ], [ 4220627.4, 3104721.1 ], [ 4220610.4, 3104716.0 ], [ 4220486.4, 3104753.6 ], [ 4220434.9, 3104789.5 ], [ 4220384.9, 3104800.7 ], [ 4220338.0, 3104832.1 ], [ 4220245.1, 3104846.6 ], [ 4220230.0, 3104860.9 ], [ 4220145.5, 3104856.4 ], [ 4220061.3, 3104833.4 ], [ 4220012.9, 3104866.5 ], [ 4219997.6, 3104886.0 ], [ 4219963.1, 3105017.5 ], [ 4219871.0, 3105050.3 ], [ 4219867.6, 3105022.3 ], [ 4219956.9, 3104888.5 ], [ 4219987.6, 3104806.1 ], [ 4220013.3, 3104793.3 ], [ 4220011.9, 3104771.4 ], [ 4219867.0, 3104716.3 ], [ 4219669.9, 3104608.9 ], [ 4219603.7, 3104535.6 ], [ 4219511.4, 3104497.7 ], [ 4219416.1, 3104515.0 ], [ 4219391.4, 3104533.6 ], [ 4219352.7, 3104543.0 ], [ 4219331.7, 3104555.3 ], [ 4219274.9, 3104616.9 ], [ 4219264.9, 3104610.8 ], [ 4219244.0, 3104555.7 ], [ 4219340.9, 3104516.5 ], [ 4219352.9, 3104503.6 ], [ 4219351.3, 3104484.2 ], [ 4219366.1, 3104452.7 ], [ 4219359.7, 3104417.2 ], [ 4219341.3, 3104387.5 ], [ 4219311.8, 3104363.1 ], [ 4219373.1, 3104303.1 ], [ 4219486.7, 3104413.3 ], [ 4219481.0, 3104447.4 ], [ 4219490.0, 3104462.5 ], [ 4219523.2, 3104460.4 ], [ 4219624.1, 3104480.8 ], [ 4219647.9, 3104529.6 ], [ 4219692.4, 3104570.5 ], [ 4219765.7, 3104601.6 ], [ 4219853.8, 3104670.1 ], [ 4219874.8, 3104669.6 ], [ 4220037.3, 3104724.5 ], [ 4220124.3, 3104784.0 ], [ 4220229.0, 3104773.9 ], [ 4220300.6, 3104748.9 ], [ 4220396.5, 3104727.6 ], [ 4220526.5, 3104674.9 ], [ 4220552.1, 3104672.5 ], [ 4220573.7, 3104683.4 ], [ 4220649.1, 3104666.3 ], [ 4220710.4, 3104613.0 ], [ 4220758.1, 3104608.1 ], [ 4220799.8, 3104592.4 ], [ 4220916.5, 3104587.7 ], [ 4221002.8, 3104538.7 ], [ 4221004.0, 3104515.0 ], [ 4220949.7, 3104433.4 ], [ 4221084.2, 3104341.2 ], [ 4221093.8, 3104322.6 ], [ 4221027.0, 3104224.6 ], [ 4220990.7, 3104192.7 ], [ 4221011.3, 3104173.2 ], [ 4220999.9, 3104144.2 ], [ 4221105.8, 3104003.7 ], [ 4221175.5, 3104021.6 ], [ 4221225.8, 3104044.9 ], [ 4221257.0, 3104077.6 ], [ 4221273.3, 3104082.0 ], [ 4221301.4, 3104072.7 ], [ 4221310.5, 3104057.2 ], [ 4221398.2, 3103982.0 ], [ 4221404.5, 3103980.9 ], [ 4221408.0, 3103996.4 ], [ 4221433.3, 3104026.7 ], [ 4221520.9, 3104022.3 ], [ 4221609.2, 3103963.8 ], [ 4221628.4, 3103876.6 ], [ 4221616.5, 3103862.5 ], [ 4221579.5, 3103851.2 ], [ 4221540.3, 3103862.4 ], [ 4221527.1, 3103875.1 ], [ 4221506.2, 3103872.8 ], [ 4221496.3, 3103846.9 ], [ 4221484.6, 3103838.7 ], [ 4221309.8, 3103817.8 ], [ 4221262.3, 3103818.6 ], [ 4221212.1, 3103835.0 ], [ 4221152.1, 3103866.6 ], [ 4221104.8, 3103862.2 ], [ 4221209.2, 3103799.5 ], [ 4221219.5, 3103784.9 ], [ 4221213.0, 3103764.7 ], [ 4221129.4, 3103707.8 ], [ 4221138.0, 3103694.8 ], [ 4221281.8, 3103742.4 ], [ 4221456.7, 3103750.3 ], [ 4221475.7, 3103770.8 ], [ 4221579.7, 3103785.1 ], [ 4221599.6, 3103771.0 ], [ 4221850.9, 3103823.2 ], [ 4221869.1, 3103802.3 ], [ 4221852.2, 3103753.3 ], [ 4221839.7, 3103747.1 ], [ 4221770.5, 3103748.5 ], [ 4221765.7, 3103729.2 ], [ 4221902.7, 3103697.3 ], [ 4221943.6, 3103762.8 ], [ 4221979.2, 3103771.6 ], [ 4222153.0, 3103622.8 ], [ 4222167.9, 3103630.5 ], [ 4222182.4, 3103627.5 ], [ 4222268.7, 3103560.0 ], [ 4222289.3, 3103595.8 ], [ 4222308.7, 3103601.4 ], [ 4222464.8, 3103549.5 ], [ 4222612.5, 3103519.0 ], [ 4222627.1, 3103496.1 ], [ 4222731.1, 3103471.6 ], [ 4222792.4, 3103441.5 ], [ 4222801.4, 3103428.0 ], [ 4222802.2, 3103400.4 ], [ 4222780.5, 3103388.6 ], [ 4222643.3, 3103419.7 ], [ 4222597.9, 3103369.1 ], [ 4222594.3, 3103347.8 ], [ 4222562.7, 3103334.6 ], [ 4222447.2, 3103374.7 ], [ 4222433.6, 3103407.7 ], [ 4222394.3, 3103451.2 ], [ 4222302.8, 3103511.2 ], [ 4222273.2, 3103437.5 ], [ 4222251.5, 3103426.7 ], [ 4222150.6, 3103473.9 ], [ 4222136.9, 3103457.4 ], [ 4222119.1, 3103457.1 ], [ 4221970.3, 3103529.7 ], [ 4221949.1, 3103483.8 ], [ 4221926.1, 3103477.6 ], [ 4221810.1, 3103536.5 ], [ 4221794.5, 3103554.2 ], [ 4221742.6, 3103584.3 ], [ 4221716.4, 3103534.8 ], [ 4221758.5, 3103514.1 ], [ 4221766.4, 3103490.5 ], [ 4221714.0, 3103438.4 ], [ 4221697.3, 3103439.7 ], [ 4221581.5, 3103498.7 ], [ 4221553.2, 3103470.0 ], [ 4221507.0, 3103476.7 ], [ 4221490.2, 3103468.8 ], [ 4221408.3, 3103468.1 ], [ 4221356.5, 3103451.9 ], [ 4221358.4, 3103433.8 ], [ 4221406.8, 3103432.3 ], [ 4221486.0, 3103444.0 ], [ 4221522.0, 3103440.0 ], [ 4221533.9, 3103427.6 ], [ 4221535.2, 3103400.7 ], [ 4221517.4, 3103379.7 ], [ 4221404.5, 3103383.6 ], [ 4221193.9, 3103374.1 ], [ 4221057.5, 3103391.0 ], [ 4221027.2, 3103399.7 ], [ 4221015.5, 3103413.2 ], [ 4221019.9, 3103433.9 ], [ 4221048.2, 3103451.7 ], [ 4221046.6, 3103476.6 ], [ 4221022.6, 3103517.9 ], [ 4220989.2, 3103495.1 ], [ 4220965.3, 3103503.2 ], [ 4220964.8, 3103559.3 ], [ 4220929.0, 3103639.7 ], [ 4220877.4, 3103690.3 ], [ 4220761.5, 3103587.8 ], [ 4220785.4, 3103572.9 ], [ 4220840.2, 3103512.0 ], [ 4220843.3, 3103488.4 ], [ 4220794.4, 3103448.5 ], [ 4220770.8, 3103446.6 ], [ 4220643.9, 3103359.0 ], [ 4220666.8, 3103314.5 ], [ 4220744.7, 3103360.0 ], [ 4220757.4, 3103355.0 ], [ 4220772.3, 3103333.8 ], [ 4220800.5, 3103338.9 ], [ 4220823.5, 3103309.4 ], [ 4220960.6, 3103372.4 ], [ 4220990.7, 3103344.0 ], [ 4220994.8, 3103326.5 ], [ 4220987.5, 3103314.0 ], [ 4220937.8, 3103283.9 ], [ 4221064.0, 3103265.1 ], [ 4221134.3, 3103304.9 ], [ 4221165.3, 3103309.0 ], [ 4221196.2, 3103326.3 ], [ 4221215.4, 3103321.6 ], [ 4221368.3, 3103347.4 ], [ 4221447.6, 3103344.0 ], [ 4221454.6, 3103360.8 ], [ 4221471.9, 3103366.6 ], [ 4221775.7, 3103285.7 ], [ 4221786.3, 3103295.0 ], [ 4221803.8, 3103294.7 ], [ 4221861.8, 3103257.7 ], [ 4221865.1, 3103243.5 ], [ 4221852.7, 3103226.0 ], [ 4221852.6, 3103204.2 ], [ 4221833.6, 3103193.2 ], [ 4221792.2, 3103196.8 ], [ 4221757.5, 3103210.9 ], [ 4221706.6, 3103210.5 ], [ 4221669.5, 3103205.3 ], [ 4221657.6, 3103185.7 ], [ 4221610.4, 3103170.1 ], [ 4221568.7, 3103178.7 ], [ 4221547.0, 3103167.1 ], [ 4221498.4, 3103180.3 ], [ 4221489.3, 3103164.1 ], [ 4221476.7, 3103158.7 ], [ 4221355.4, 3103196.8 ], [ 4221331.1, 3103189.6 ], [ 4221342.3, 3103138.9 ], [ 4221325.5, 3103122.1 ], [ 4221322.1, 3103100.5 ], [ 4221312.5, 3103090.2 ], [ 4221098.6, 3103035.8 ], [ 4220876.7, 3102964.8 ], [ 4220781.8, 3102899.8 ], [ 4220734.3, 3102811.4 ], [ 4220693.9, 3102796.7 ], [ 4220638.7, 3102711.5 ], [ 4220620.9, 3102707.0 ], [ 4220607.7, 3102714.9 ], [ 4220535.1, 3102678.7 ], [ 4220522.0, 3102682.6 ], [ 4220475.0, 3102727.3 ], [ 4220423.0, 3102820.4 ], [ 4220416.5, 3102894.1 ], [ 4220455.5, 3103002.1 ], [ 4220459.5, 3103041.2 ], [ 4220447.8, 3103104.7 ], [ 4220423.4, 3103133.1 ], [ 4220395.2, 3103150.4 ], [ 4220379.1, 3103118.9 ], [ 4220407.3, 3103085.8 ], [ 4220414.5, 3103010.8 ], [ 4220383.9, 3102959.3 ], [ 4220371.9, 3102913.9 ], [ 4220380.7, 3102852.7 ], [ 4220407.1, 3102767.9 ], [ 4220491.3, 3102635.9 ], [ 4220545.5, 3102592.9 ], [ 4220544.8, 3102568.0 ], [ 4220532.5, 3102559.7 ], [ 4220479.7, 3102555.2 ], [ 4220138.3, 3102484.4 ], [ 4219970.9, 3102471.4 ], [ 4219897.4, 3102489.4 ], [ 4219838.3, 3102529.6 ], [ 4219828.8, 3102588.4 ], [ 4219795.1, 3102638.8 ], [ 4219787.5, 3102634.8 ], [ 4219799.2, 3102557.1 ], [ 4219786.6, 3102539.9 ], [ 4219595.7, 3102514.0 ], [ 4219457.4, 3102476.2 ], [ 4219434.9, 3102484.8 ], [ 4219391.2, 3102524.6 ], [ 4219309.6, 3102558.6 ], [ 4219250.4, 3102594.1 ], [ 4219229.5, 3102590.9 ], [ 4219201.7, 3102612.0 ], [ 4219143.6, 3102637.1 ], [ 4219024.8, 3102673.0 ], [ 4218981.5, 3102752.4 ], [ 4218967.8, 3102729.3 ], [ 4219009.4, 3102646.1 ], [ 4219122.5, 3102579.5 ], [ 4219153.9, 3102545.5 ], [ 4219155.2, 3102521.2 ], [ 4219132.7, 3102507.4 ], [ 4219041.1, 3102543.2 ], [ 4218881.7, 3102548.5 ], [ 4218856.9, 3102557.1 ], [ 4218820.0, 3102613.5 ], [ 4218799.0, 3102625.1 ], [ 4218544.2, 3102678.4 ], [ 4218530.0, 3102691.2 ], [ 4218394.2, 3102701.4 ], [ 4218307.9, 3102721.8 ], [ 4218239.8, 3102723.9 ], [ 4218202.3, 3102750.5 ], [ 4218188.1, 3102838.5 ], [ 4218112.2, 3102921.7 ], [ 4218068.4, 3102888.8 ], [ 4218116.5, 3102819.2 ], [ 4218221.6, 3102695.9 ], [ 4218270.7, 3102669.2 ], [ 4218529.7, 3102636.0 ], [ 4218543.9, 3102624.0 ], [ 4218543.8, 3102605.5 ], [ 4218525.8, 3102592.9 ], [ 4218322.7, 3102578.1 ], [ 4218127.5, 3102580.8 ], [ 4218040.8, 3102587.2 ], [ 4217990.1, 3102599.6 ], [ 4217962.7, 3102618.6 ], [ 4217962.6, 3102682.3 ], [ 4217832.6, 3102683.2 ], [ 4217817.6, 3102705.2 ], [ 4217833.1, 3102747.7 ], [ 4217754.9, 3102765.9 ], [ 4217741.2, 3102775.8 ], [ 4217745.6, 3102821.6 ], [ 4217722.9, 3102836.8 ], [ 4217723.4, 3102858.3 ], [ 4217828.5, 3102939.8 ], [ 4217885.7, 3103007.5 ], [ 4217849.9, 3103040.2 ], [ 4217857.8, 3103076.8 ], [ 4217778.1, 3103097.9 ], [ 4217734.3, 3103134.6 ], [ 4217713.3, 3103130.8 ], [ 4217675.7, 3103148.8 ], [ 4217667.2, 3103213.8 ], [ 4217609.7, 3103296.2 ], [ 4217602.7, 3103274.0 ], [ 4217609.7, 3103202.4 ], [ 4217648.7, 3103119.6 ], [ 4217635.6, 3103059.4 ], [ 4217603.1, 3103013.1 ], [ 4217566.6, 3103011.8 ], [ 4217380.4, 3102947.4 ], [ 4217336.3, 3102939.2 ], [ 4217367.6, 3102816.5 ], [ 4217358.6, 3102796.9 ], [ 4217273.4, 3102792.5 ], [ 4217265.6, 3102770.2 ], [ 4217224.6, 3102760.0 ], [ 4217141.7, 3102700.3 ], [ 4217088.0, 3102682.0 ], [ 4217091.4, 3102666.1 ], [ 4217082.3, 3102650.9 ], [ 4216934.8, 3102571.4 ], [ 4216821.6, 3102486.8 ], [ 4216804.3, 3102487.4 ], [ 4216789.7, 3102503.3 ], [ 4216771.0, 3102500.1 ], [ 4216687.3, 3102455.2 ], [ 4216629.9, 3102471.8 ], [ 4216608.1, 3102496.9 ], [ 4216598.4, 3102558.5 ], [ 4216633.8, 3102728.6 ], [ 4216647.0, 3102740.0 ], [ 4216666.9, 3102738.8 ], [ 4216667.3, 3102780.0 ], [ 4216674.8, 3102794.1 ], [ 4216763.0, 3102801.0 ], [ 4216791.0, 3102830.0 ], [ 4216798.3, 3102851.0 ], [ 4216776.1, 3102852.0 ], [ 4216733.4, 3102881.6 ], [ 4216692.6, 3103002.7 ], [ 4216654.4, 3102982.8 ], [ 4216642.0, 3102989.6 ], [ 4216611.6, 3103036.3 ], [ 4216580.7, 3103020.7 ], [ 4216561.7, 3103030.1 ], [ 4216513.3, 3103147.3 ], [ 4216493.5, 3103258.8 ], [ 4216590.8, 3103323.2 ], [ 4216825.6, 3103408.5 ], [ 4216994.6, 3103486.9 ], [ 4217180.9, 3103498.0 ], [ 4217202.7, 3103507.3 ], [ 4217111.0, 3103546.9 ], [ 4217061.4, 3103593.7 ], [ 4217025.0, 3103568.6 ], [ 4217024.4, 3103554.7 ], [ 4217012.5, 3103542.3 ], [ 4216833.8, 3103493.7 ], [ 4216838.3, 3103467.7 ], [ 4216827.0, 3103453.2 ], [ 4216803.8, 3103446.9 ], [ 4216790.5, 3103451.9 ], [ 4216769.0, 3103497.5 ], [ 4216709.3, 3103480.0 ], [ 4216720.0, 3103451.6 ], [ 4216710.1, 3103431.9 ], [ 4216687.5, 3103422.8 ], [ 4216640.1, 3103423.0 ], [ 4216626.8, 3103403.5 ], [ 4216533.8, 3103380.0 ], [ 4216480.9, 3103333.9 ], [ 4216459.4, 3103334.6 ], [ 4216449.6, 3103347.2 ], [ 4216436.5, 3103398.8 ], [ 4216415.1, 3103561.8 ], [ 4216432.2, 3103715.0 ], [ 4216453.7, 3103731.6 ], [ 4216462.8, 3103773.9 ], [ 4216456.0, 3103808.8 ], [ 4216420.6, 3103837.8 ], [ 4216426.5, 3103923.7 ], [ 4216454.1, 3103963.3 ], [ 4216513.9, 3104001.1 ], [ 4216531.9, 3104003.0 ], [ 4216546.4, 3103987.3 ], [ 4216557.2, 3103990.0 ], [ 4216596.5, 3104032.0 ], [ 4216666.1, 3104082.8 ], [ 4216721.4, 3104086.9 ], [ 4216729.0, 3104104.5 ], [ 4216709.4, 3104127.4 ], [ 4216709.5, 3104148.2 ], [ 4216681.1, 3104165.1 ], [ 4216676.5, 3104186.3 ], [ 4216685.3, 3104198.2 ], [ 4216755.8, 3104238.6 ], [ 4216774.1, 3104237.8 ], [ 4216795.0, 3104218.0 ], [ 4216802.7, 3104176.2 ], [ 4216830.0, 3104187.5 ], [ 4216887.8, 3104164.9 ], [ 4216902.2, 3104168.4 ], [ 4216935.2, 3104158.1 ], [ 4216944.7, 3104195.2 ], [ 4216912.9, 3104225.2 ], [ 4216852.0, 3104209.6 ], [ 4216812.0, 3104240.4 ], [ 4216781.5, 3104253.1 ], [ 4216781.7, 3104275.0 ], [ 4216802.5, 3104288.8 ], [ 4216817.7, 3104378.0 ], [ 4216808.7, 3104396.9 ], [ 4216754.0, 3104381.8 ], [ 4216733.0, 3104391.7 ], [ 4216719.9, 3104423.3 ], [ 4216730.6, 3104442.0 ], [ 4216734.1, 3104504.8 ], [ 4216750.3, 3104517.8 ], [ 4216795.2, 3104515.6 ], [ 4216797.1, 3104545.0 ], [ 4216810.3, 3104557.9 ], [ 4216868.7, 3104547.8 ], [ 4216884.2, 3104612.1 ], [ 4216896.6, 3104624.1 ], [ 4216989.7, 3104632.7 ], [ 4217023.4, 3104627.1 ], [ 4217084.2, 3104652.4 ], [ 4217129.7, 3104701.7 ], [ 4217123.0, 3104724.2 ], [ 4217130.1, 3104740.6 ], [ 4217201.0, 3104772.7 ], [ 4217224.2, 3104769.1 ], [ 4217255.7, 3104723.8 ], [ 4217227.4, 3104836.8 ], [ 4217248.5, 3104895.1 ], [ 4217268.6, 3104926.8 ], [ 4217300.3, 3104956.4 ], [ 4217352.4, 3104978.6 ], [ 4217377.4, 3105108.2 ], [ 4217160.6, 3104999.7 ], [ 4217113.4, 3104952.3 ], [ 4217084.9, 3104951.1 ], [ 4217061.6, 3104968.2 ], [ 4216986.6, 3104907.0 ], [ 4217002.0, 3104877.7 ], [ 4216997.2, 3104857.8 ], [ 4216920.0, 3104808.2 ], [ 4216973.7, 3104759.6 ], [ 4216975.9, 3104735.5 ], [ 4216965.4, 3104725.7 ], [ 4216894.9, 3104706.7 ], [ 4216894.3, 3104690.1 ], [ 4216883.9, 3104679.4 ], [ 4216836.5, 3104665.4 ], [ 4216799.3, 3104665.6 ], [ 4216706.6, 3104703.5 ], [ 4216674.9, 3104665.6 ], [ 4216619.4, 3104679.7 ], [ 4216461.3, 3104454.3 ], [ 4216431.1, 3104376.3 ], [ 4216445.9, 3104356.8 ], [ 4216430.7, 3104306.8 ], [ 4216439.2, 3104291.8 ], [ 4216435.1, 3104276.3 ], [ 4216399.8, 3104254.6 ], [ 4216345.3, 3104257.6 ], [ 4216317.0, 3104208.9 ], [ 4216366.9, 3104167.0 ], [ 4216403.8, 3104164.4 ], [ 4216472.4, 3104219.6 ], [ 4216482.3, 3104265.6 ], [ 4216499.3, 3104276.7 ], [ 4216540.1, 3104263.0 ], [ 4216612.5, 3104272.5 ], [ 4216625.9, 3104257.3 ], [ 4216626.1, 3104226.2 ], [ 4216578.2, 3104195.1 ], [ 4216546.3, 3104157.4 ], [ 4216402.5, 3104056.2 ], [ 4216361.7, 3104053.0 ], [ 4216347.0, 3104043.1 ], [ 4216327.3, 3104015.9 ], [ 4216340.0, 3104002.5 ], [ 4216339.2, 3103984.0 ], [ 4216310.2, 3103961.5 ], [ 4216292.9, 3103959.8 ], [ 4216281.5, 3103968.0 ], [ 4216195.0, 3104103.4 ], [ 4216162.7, 3104170.3 ], [ 4216110.8, 3104241.5 ], [ 4216074.7, 3104317.0 ], [ 4216087.1, 3104362.2 ], [ 4216130.6, 3104454.7 ], [ 4216170.3, 3104515.7 ], [ 4216285.2, 3104620.0 ], [ 4216334.0, 3104771.1 ], [ 4216412.0, 3104858.9 ], [ 4216451.8, 3104932.0 ], [ 4216474.9, 3104939.7 ], [ 4216504.2, 3104915.2 ], [ 4216556.5, 3104976.1 ], [ 4216549.7, 3105040.3 ], [ 4216572.6, 3105141.9 ], [ 4216623.7, 3105170.4 ], [ 4216651.5, 3105154.3 ], [ 4216677.1, 3105184.2 ], [ 4216667.3, 3105200.9 ], [ 4216669.4, 3105215.6 ], [ 4216628.9, 3105263.6 ], [ 4216629.9, 3105277.7 ], [ 4216660.1, 3105325.8 ], [ 4216646.4, 3105338.5 ], [ 4216645.9, 3105357.0 ], [ 4216763.5, 3105476.2 ], [ 4216790.1, 3105520.2 ], [ 4216797.5, 3105553.8 ], [ 4216823.0, 3105605.4 ], [ 4216898.9, 3105697.3 ], [ 4216917.2, 3105708.3 ], [ 4216944.8, 3105698.8 ], [ 4216956.7, 3105685.1 ], [ 4216961.2, 3105651.0 ], [ 4216995.0, 3105624.2 ], [ 4217031.5, 3105605.4 ], [ 4217072.1, 3105599.6 ], [ 4217137.4, 3105504.6 ], [ 4217168.3, 3105489.0 ], [ 4217181.2, 3105451.7 ], [ 4217196.9, 3105453.2 ], [ 4217208.6, 3105471.5 ], [ 4217199.5, 3105581.5 ], [ 4217163.6, 3105605.7 ], [ 4217133.5, 3105659.7 ], [ 4217094.6, 3105690.5 ], [ 4217088.0, 3105709.1 ], [ 4217110.8, 3105768.7 ], [ 4217135.9, 3105797.4 ], [ 4217112.9, 3105838.3 ], [ 4217120.4, 3105858.3 ], [ 4217137.8, 3105869.0 ], [ 4217141.4, 3105890.4 ], [ 4217161.8, 3105900.4 ], [ 4217187.3, 3105878.7 ], [ 4217224.8, 3105889.9 ], [ 4217277.3, 3105877.3 ], [ 4217318.8, 3105879.5 ], [ 4217331.5, 3105895.0 ], [ 4217330.0, 3105940.2 ], [ 4217339.5, 3105962.9 ], [ 4217368.3, 3106001.7 ], [ 4217412.2, 3106035.9 ], [ 4217493.3, 3106074.0 ], [ 4217546.8, 3106088.0 ], [ 4217570.3, 3106073.6 ], [ 4217648.5, 3106095.3 ], [ 4217678.1, 3106065.3 ], [ 4217725.4, 3106103.5 ], [ 4217789.1, 3106180.4 ], [ 4217789.3, 3106193.2 ], [ 4217767.5, 3106194.6 ], [ 4217626.2, 3106143.3 ], [ 4217510.3, 3106156.4 ], [ 4217406.6, 3106143.8 ], [ 4217385.2, 3106161.0 ], [ 4217391.2, 3106181.4 ], [ 4217422.2, 3106196.1 ], [ 4217430.4, 3106207.7 ], [ 4217433.7, 3106253.7 ], [ 4217515.1, 3106365.3 ], [ 4217536.9, 3106368.3 ], [ 4217584.1, 3106330.1 ], [ 4217607.2, 3106352.3 ], [ 4217604.1, 3106376.2 ], [ 4217650.0, 3106464.1 ], [ 4217769.2, 3106626.2 ], [ 4217821.0, 3106653.3 ], [ 4217785.9, 3106668.4 ], [ 4217778.4, 3106691.7 ], [ 4217790.0, 3106705.5 ], [ 4217811.6, 3106709.1 ], [ 4217803.2, 3106729.4 ], [ 4217809.0, 3106748.3 ], [ 4217870.1, 3106809.1 ], [ 4217889.0, 3106838.4 ], [ 4217869.0, 3106860.3 ], [ 4217831.7, 3106867.6 ], [ 4217727.8, 3106867.5 ], [ 4217717.1, 3106855.3 ], [ 4217699.9, 3106853.8 ], [ 4217659.7, 3106904.3 ], [ 4217617.3, 3106887.1 ], [ 4217584.0, 3106924.1 ], [ 4217532.9, 3107141.4 ], [ 4217510.8, 3107165.3 ], [ 4217510.3, 3107186.0 ], [ 4217550.9, 3107238.5 ], [ 4217574.6, 3107245.2 ], [ 4217620.1, 3107297.4 ], [ 4217712.3, 3107319.9 ], [ 4217698.5, 3107379.0 ], [ 4217517.4, 3107339.6 ], [ 4217487.6, 3107304.7 ], [ 4217461.6, 3107256.5 ], [ 4217439.5, 3107239.9 ], [ 4217416.4, 3107242.5 ], [ 4217330.5, 3107330.1 ], [ 4217349.8, 3107372.0 ], [ 4217349.6, 3107394.5 ], [ 4217322.5, 3107503.2 ], [ 4217353.6, 3107607.2 ], [ 4217395.2, 3107662.4 ], [ 4217437.6, 3107703.2 ], [ 4217643.4, 3107853.8 ], [ 4217657.4, 3107859.1 ], [ 4217674.3, 3107851.7 ], [ 4217703.7, 3107886.1 ], [ 4217739.1, 3107888.9 ], [ 4217724.1, 3107934.8 ], [ 4217723.8, 3108006.8 ], [ 4217758.8, 3108074.4 ], [ 4217785.0, 3108160.0 ], [ 4218017.7, 3108296.4 ], [ 4218090.0, 3108315.1 ], [ 4218201.0, 3108358.9 ], [ 4218217.9, 3108352.2 ], [ 4218246.2, 3108303.1 ], [ 4218297.1, 3108296.1 ], [ 4218308.8, 3108287.5 ], [ 4218328.2, 3108246.2 ], [ 4218321.0, 3108225.6 ], [ 4218288.6, 3108207.0 ], [ 4218247.0, 3108212.3 ], [ 4218164.4, 3108167.5 ], [ 4218198.4, 3108099.1 ], [ 4218194.2, 3108085.4 ], [ 4218154.5, 3108046.0 ], [ 4218167.1, 3107975.1 ], [ 4218214.8, 3107956.3 ], [ 4218364.5, 3108028.1 ], [ 4218352.6, 3108089.1 ], [ 4218356.0, 3108105.3 ], [ 4218440.3, 3108155.4 ], [ 4218467.2, 3108188.1 ], [ 4218536.3, 3108193.3 ], [ 4218632.1, 3108179.7 ], [ 4218639.0, 3108206.0 ], [ 4218604.9, 3108237.6 ], [ 4218588.0, 3108265.0 ], [ 4218592.1, 3108281.4 ], [ 4218626.1, 3108315.1 ], [ 4218587.9, 3108354.3 ], [ 4218575.8, 3108396.7 ], [ 4218602.2, 3108482.0 ], [ 4218650.4, 3108530.4 ], [ 4218657.8, 3108549.0 ], [ 4218762.2, 3108615.7 ], [ 4218798.3, 3108652.6 ], [ 4218800.9, 3108670.1 ], [ 4218730.0, 3108738.5 ], [ 4218712.5, 3108805.4 ], [ 4218610.1, 3108831.6 ], [ 4218582.8, 3108794.1 ], [ 4218570.0, 3108716.3 ], [ 4218544.7, 3108670.9 ], [ 4218515.6, 3108656.9 ], [ 4218499.1, 3108659.6 ], [ 4218394.6, 3108592.4 ], [ 4218331.7, 3108578.3 ], [ 4218310.7, 3108584.8 ], [ 4218301.4, 3108612.4 ], [ 4218249.9, 3108632.3 ], [ 4218149.9, 3108616.5 ], [ 4218138.9, 3108515.1 ], [ 4218105.0, 3108453.3 ], [ 4218068.5, 3108423.9 ], [ 4218060.6, 3108398.4 ], [ 4217848.5, 3108292.6 ], [ 4217832.2, 3108273.0 ], [ 4217786.0, 3108245.5 ], [ 4217760.9, 3108248.5 ], [ 4217682.7, 3108342.6 ], [ 4217664.6, 3108336.3 ], [ 4217651.0, 3108341.4 ], [ 4217618.4, 3108418.2 ], [ 4217617.6, 3108462.8 ], [ 4217597.6, 3108534.4 ], [ 4217613.7, 3108639.8 ], [ 4217609.2, 3108686.8 ], [ 4217642.7, 3108738.0 ], [ 4217629.8, 3108757.5 ], [ 4217628.6, 3108791.1 ], [ 4217697.7, 3108856.0 ], [ 4217766.5, 3108845.8 ], [ 4217886.6, 3108914.1 ], [ 4217963.0, 3108972.8 ], [ 4217972.1, 3109021.5 ], [ 4218028.9, 3109051.4 ], [ 4218057.1, 3109107.2 ], [ 4218135.3, 3109143.3 ], [ 4218164.5, 3109198.9 ], [ 4218164.3, 3109234.8 ], [ 4218143.7, 3109278.4 ], [ 4218054.7, 3109334.2 ], [ 4218022.1, 3109364.4 ], [ 4218000.2, 3109407.7 ], [ 4217947.3, 3109399.7 ], [ 4217991.3, 3109242.3 ], [ 4218013.8, 3109227.5 ], [ 4218011.6, 3109182.7 ], [ 4217986.7, 3109161.5 ], [ 4217916.4, 3109063.0 ], [ 4217901.8, 3109063.4 ], [ 4217889.0, 3109074.4 ], [ 4217804.2, 3109030.9 ], [ 4217758.2, 3109023.7 ], [ 4217737.0, 3109029.1 ], [ 4217686.8, 3109063.3 ], [ 4217666.8, 3109063.8 ], [ 4217674.7, 3109021.1 ], [ 4217655.7, 3108989.8 ], [ 4217620.7, 3108974.3 ], [ 4217587.9, 3108976.7 ], [ 4217605.2, 3108869.8 ], [ 4217593.1, 3108853.1 ], [ 4217562.2, 3108851.5 ], [ 4217528.5, 3108631.0 ], [ 4217559.7, 3108600.8 ], [ 4217564.6, 3108585.7 ], [ 4217559.5, 3108569.6 ], [ 4217540.2, 3108558.8 ], [ 4217548.4, 3108515.7 ], [ 4217542.7, 3108423.9 ], [ 4217564.9, 3108424.1 ], [ 4217578.8, 3108412.1 ], [ 4217591.4, 3108310.2 ], [ 4217654.1, 3108287.8 ], [ 4217695.5, 3108221.3 ], [ 4217722.8, 3108146.4 ], [ 4217716.2, 3108124.5 ], [ 4217724.1, 3108103.9 ], [ 4217719.2, 3108075.1 ], [ 4217689.5, 3108050.8 ], [ 4217651.6, 3107981.0 ], [ 4217634.6, 3107966.7 ], [ 4217605.2, 3107958.4 ], [ 4217592.5, 3107964.9 ], [ 4217586.4, 3107981.4 ], [ 4217624.8, 3108079.9 ], [ 4217630.4, 3108114.7 ], [ 4217620.8, 3108146.0 ], [ 4217612.4, 3108149.0 ], [ 4217568.6, 3108122.8 ], [ 4217483.2, 3108111.2 ], [ 4217443.6, 3108113.6 ], [ 4217338.7, 3108146.1 ], [ 4217285.8, 3108145.1 ], [ 4217267.3, 3108122.5 ], [ 4217299.6, 3108016.8 ], [ 4217297.2, 3107949.8 ], [ 4217323.4, 3107930.0 ], [ 4217350.0, 3107862.4 ], [ 4217392.2, 3107836.3 ], [ 4217396.4, 3107815.5 ], [ 4217351.5, 3107771.4 ], [ 4217264.4, 3107708.2 ], [ 4217253.3, 3107674.4 ], [ 4217214.4, 3107610.9 ], [ 4217226.6, 3107579.6 ], [ 4217205.3, 3107514.8 ], [ 4217168.9, 3107513.5 ], [ 4217143.7, 3107560.9 ], [ 4217115.2, 3107555.4 ], [ 4217096.2, 3107527.9 ], [ 4217076.3, 3107523.9 ], [ 4217035.4, 3107535.2 ], [ 4216912.5, 3107627.9 ], [ 4216806.9, 3107648.6 ], [ 4216743.7, 3107683.0 ], [ 4216736.6, 3107705.5 ], [ 4216768.2, 3107807.5 ], [ 4216576.8, 3107836.8 ], [ 4216554.6, 3107842.9 ], [ 4216545.5, 3107853.9 ], [ 4216559.5, 3107914.8 ], [ 4216571.7, 3107928.4 ], [ 4216704.7, 3107939.2 ], [ 4216809.4, 3107981.3 ], [ 4216840.6, 3107962.6 ], [ 4216846.7, 3107946.8 ], [ 4216808.2, 3107890.4 ], [ 4216790.9, 3107879.2 ], [ 4216807.8, 3107808.8 ], [ 4216822.0, 3107809.3 ], [ 4216859.3, 3107843.8 ], [ 4216918.7, 3107811.4 ], [ 4216938.9, 3107846.0 ], [ 4216972.9, 3107868.2 ], [ 4217019.6, 3107991.1 ], [ 4217003.8, 3108045.6 ], [ 4217030.7, 3108089.1 ], [ 4217025.5, 3108109.3 ], [ 4216996.5, 3108146.2 ], [ 4216958.1, 3108167.6 ], [ 4216899.9, 3108185.7 ], [ 4216902.1, 3108163.7 ], [ 4216881.4, 3108150.8 ], [ 4216849.0, 3108171.5 ], [ 4216805.9, 3108299.3 ], [ 4216776.9, 3108214.1 ], [ 4216776.8, 3108175.1 ], [ 4216781.2, 3108165.2 ], [ 4216803.9, 3108164.2 ], [ 4216817.1, 3108145.4 ], [ 4216849.4, 3108145.8 ], [ 4216860.8, 3108120.3 ], [ 4216804.8, 3108012.2 ], [ 4216769.9, 3107978.1 ], [ 4216719.4, 3107966.1 ], [ 4216661.0, 3107967.0 ], [ 4216582.7, 3107992.1 ], [ 4216534.2, 3108026.6 ], [ 4216503.8, 3107988.0 ], [ 4216482.7, 3107983.2 ], [ 4216380.6, 3108085.8 ], [ 4216372.0, 3108085.6 ], [ 4216343.2, 3108054.9 ], [ 4216320.4, 3108055.1 ], [ 4216283.3, 3108023.6 ], [ 4216240.6, 3108027.1 ], [ 4216211.8, 3108067.6 ], [ 4216214.1, 3108088.8 ], [ 4216256.0, 3108138.7 ], [ 4216195.4, 3108169.3 ], [ 4216179.7, 3108195.9 ], [ 4216173.1, 3108263.8 ], [ 4216190.3, 3108312.7 ], [ 4216178.4, 3108392.7 ], [ 4216209.9, 3108416.9 ], [ 4216227.5, 3108419.9 ], [ 4216270.6, 3108371.6 ], [ 4216390.5, 3108486.5 ], [ 4216485.6, 3108559.5 ], [ 4216471.6, 3108579.8 ], [ 4216379.5, 3108629.7 ], [ 4216334.5, 3108620.0 ], [ 4216306.0, 3108600.8 ], [ 4216259.0, 3108586.0 ], [ 4216241.3, 3108591.5 ], [ 4216234.3, 3108604.8 ], [ 4216262.2, 3108672.6 ], [ 4216254.2, 3108699.1 ], [ 4216271.3, 3108721.5 ], [ 4216225.2, 3108763.1 ], [ 4216222.1, 3108782.8 ], [ 4216295.4, 3108858.9 ], [ 4216276.4, 3108877.5 ], [ 4216279.2, 3108899.0 ], [ 4216370.1, 3108986.6 ], [ 4216397.8, 3109034.0 ], [ 4216422.9, 3109107.8 ], [ 4216403.9, 3109116.5 ], [ 4216396.1, 3109132.0 ], [ 4216400.2, 3109173.6 ], [ 4216422.0, 3109237.6 ], [ 4216473.9, 3109319.0 ], [ 4216534.3, 3109362.4 ], [ 4216597.4, 3109370.6 ], [ 4216626.6, 3109386.8 ], [ 4216747.9, 3109393.8 ], [ 4216823.3, 3109438.3 ], [ 4216924.9, 3109513.0 ], [ 4216990.5, 3109594.2 ], [ 4217004.5, 3109640.1 ], [ 4217052.2, 3109721.8 ], [ 4217053.9, 3109748.8 ], [ 4217069.0, 3109757.8 ], [ 4217088.6, 3109750.6 ], [ 4217108.6, 3109779.0 ], [ 4217118.5, 3109816.5 ], [ 4217132.9, 3109826.9 ], [ 4217155.4, 3109818.1 ], [ 4217190.5, 3109729.1 ], [ 4217212.5, 3109694.2 ], [ 4217207.6, 3109677.2 ], [ 4217180.2, 3109653.3 ], [ 4217155.5, 3109613.7 ], [ 4217149.0, 3109585.9 ], [ 4217254.0, 3109514.8 ], [ 4217294.7, 3109575.3 ], [ 4217316.1, 3109586.7 ], [ 4217335.3, 3109577.7 ], [ 4217341.3, 3109552.4 ], [ 4217376.8, 3109560.7 ], [ 4217456.5, 3109543.5 ], [ 4217466.8, 3109529.3 ], [ 4217463.4, 3109512.0 ], [ 4217415.1, 3109488.4 ], [ 4217454.3, 3109413.8 ], [ 4217548.9, 3109440.0 ], [ 4217607.1, 3109474.6 ], [ 4217604.4, 3109491.5 ], [ 4217630.7, 3109552.8 ], [ 4217763.9, 3109676.0 ], [ 4217640.7, 3109731.6 ], [ 4217628.2, 3109747.4 ], [ 4217701.5, 3109991.6 ], [ 4217726.0, 3110003.0 ], [ 4217774.3, 3109968.7 ], [ 4217773.3, 3109951.1 ], [ 4217740.4, 3109886.4 ], [ 4217716.6, 3109801.8 ], [ 4217786.7, 3109772.6 ], [ 4217804.9, 3109845.5 ], [ 4217843.3, 3109913.2 ], [ 4217866.2, 3109915.6 ], [ 4217956.2, 3109853.9 ], [ 4218061.6, 3109954.6 ], [ 4218056.0, 3109970.1 ], [ 4218061.3, 3109983.8 ], [ 4218159.2, 3110079.1 ], [ 4218070.7, 3110142.3 ], [ 4218036.3, 3110224.2 ], [ 4218055.0, 3110240.8 ], [ 4218224.4, 3110261.8 ], [ 4218209.2, 3110291.5 ], [ 4218171.9, 3110426.5 ], [ 4218184.0, 3110466.2 ], [ 4218204.6, 3110472.2 ], [ 4218425.8, 3110424.2 ], [ 4218443.9, 3110235.9 ], [ 4218430.3, 3110225.8 ], [ 4218360.0, 3110219.0 ], [ 4218338.0, 3110209.1 ], [ 4218303.6, 3110212.8 ], [ 4218252.5, 3110198.3 ], [ 4218256.5, 3110173.3 ], [ 4218334.5, 3110073.9 ], [ 4218431.7, 3110140.2 ], [ 4218455.3, 3110131.7 ], [ 4218461.4, 3110098.8 ], [ 4218481.5, 3110107.5 ], [ 4218470.7, 3110207.7 ], [ 4218478.7, 3110223.5 ], [ 4218610.8, 3110250.6 ], [ 4218627.6, 3110237.7 ], [ 4218631.5, 3110205.2 ], [ 4218661.8, 3110239.6 ], [ 4218751.4, 3110314.3 ], [ 4218744.9, 3110370.2 ], [ 4218752.2, 3110385.7 ], [ 4218793.7, 3110393.9 ], [ 4218866.4, 3110423.3 ], [ 4218912.8, 3110450.9 ], [ 4218922.3, 3110463.0 ], [ 4218916.0, 3110504.1 ], [ 4218961.4, 3110622.2 ], [ 4219026.8, 3110698.6 ], [ 4219220.0, 3111090.8 ], [ 4219272.9, 3111141.8 ], [ 4219497.2, 3111318.4 ], [ 4219648.2, 3111327.1 ], [ 4219810.1, 3111318.8 ], [ 4219856.6, 3111329.5 ], [ 4219924.7, 3111361.8 ], [ 4219972.0, 3111369.0 ], [ 4220018.7, 3111330.1 ], [ 4220028.6, 3111287.3 ], [ 4220013.7, 3111264.2 ], [ 4219930.7, 3111242.2 ], [ 4219920.3, 3111229.3 ], [ 4219919.5, 3111212.7 ], [ 4219931.9, 3111197.4 ], [ 4219967.5, 3111203.3 ], [ 4219992.9, 3111228.1 ], [ 4220013.0, 3111222.9 ], [ 4220031.4, 3111151.9 ], [ 4220023.0, 3111127.0 ], [ 4220031.6, 3111087.3 ], [ 4220050.0, 3111061.9 ], [ 4220211.2, 3110917.7 ], [ 4220222.6, 3110930.8 ], [ 4220093.7, 3111067.5 ], [ 4220062.2, 3111136.3 ], [ 4220083.5, 3111214.9 ], [ 4220097.0, 3111226.7 ], [ 4220114.7, 3111224.6 ], [ 4220213.3, 3111149.6 ], [ 4220295.7, 3111120.5 ], [ 4220301.7, 3111103.0 ], [ 4220293.3, 3111083.3 ], [ 4220260.7, 3111064.0 ], [ 4220390.0, 3111081.3 ], [ 4220506.5, 3111026.1 ], [ 4220604.6, 3111008.8 ], [ 4220677.3, 3111018.5 ], [ 4220764.8, 3111049.2 ], [ 4220504.9, 3111052.8 ], [ 4220340.5, 3111118.8 ], [ 4220330.7, 3111143.6 ], [ 4220345.1, 3111158.5 ], [ 4220591.8, 3111238.4 ], [ 4220561.1, 3111339.5 ], [ 4220533.7, 3111318.8 ], [ 4220510.3, 3111333.9 ], [ 4220512.6, 3111469.4 ], [ 4220504.2, 3111518.3 ], [ 4220516.4, 3111538.3 ], [ 4220537.8, 3111546.3 ], [ 4220553.9, 3111540.9 ], [ 4220644.1, 3111431.1 ], [ 4220678.8, 3111427.0 ], [ 4220784.7, 3111453.8 ], [ 4220893.4, 3111466.5 ], [ 4220883.6, 3111599.7 ], [ 4220894.4, 3111619.9 ], [ 4221084.8, 3111675.4 ], [ 4221487.4, 3111839.4 ], [ 4221490.5, 3111855.6 ], [ 4221482.9, 3111872.4 ], [ 4221382.9, 3111986.2 ], [ 4221289.3, 3112122.2 ], [ 4221163.0, 3112240.1 ], [ 4221159.4, 3112264.3 ], [ 4221174.6, 3112279.4 ], [ 4221214.5, 3112275.1 ], [ 4221309.2, 3112217.1 ], [ 4221493.3, 3112151.5 ], [ 4221572.6, 3112084.1 ], [ 4221640.2, 3112054.8 ], [ 4221689.6, 3112019.4 ], [ 4221713.8, 3111992.1 ], [ 4221711.8, 3111955.5 ], [ 4221733.2, 3111921.6 ] ], [ [ 4221279.3, 3111589.2 ], [ 4221188.6, 3111535.9 ], [ 4221170.2, 3111545.7 ], [ 4221151.5, 3111586.4 ], [ 4220985.8, 3111515.1 ], [ 4220994.2, 3111471.3 ], [ 4221071.6, 3111473.7 ], [ 4221081.2, 3111463.0 ], [ 4221091.2, 3111421.8 ], [ 4221162.3, 3111458.9 ], [ 4221183.1, 3111486.6 ], [ 4221243.1, 3111525.8 ], [ 4221313.6, 3111559.4 ], [ 4221279.3, 3111589.2 ] ], [ [ 4219684.7, 3110763.1 ], [ 4219651.6, 3110773.4 ], [ 4219640.9, 3110730.5 ], [ 4219645.5, 3110708.2 ], [ 4219751.8, 3110699.5 ], [ 4219778.8, 3110725.6 ], [ 4219829.4, 3110733.2 ], [ 4219816.6, 3110765.1 ], [ 4219821.6, 3110789.6 ], [ 4219768.9, 3110826.7 ], [ 4219742.9, 3110892.4 ], [ 4219726.4, 3110897.0 ], [ 4219694.6, 3110886.6 ], [ 4219690.9, 3110876.5 ], [ 4219715.0, 3110789.9 ], [ 4219705.3, 3110767.8 ], [ 4219684.7, 3110763.1 ] ], [ [ 4222563.8, 3110267.5 ], [ 4222580.2, 3110224.9 ], [ 4222619.9, 3110181.0 ], [ 4222631.0, 3110116.5 ], [ 4222654.2, 3110087.2 ], [ 4222652.1, 3110017.8 ], [ 4222674.8, 3109924.5 ], [ 4222690.2, 3109906.6 ], [ 4222718.2, 3109903.5 ], [ 4222748.6, 3109854.2 ], [ 4222798.0, 3109820.2 ], [ 4222808.5, 3109871.8 ], [ 4222727.4, 3109938.3 ], [ 4222661.4, 3110220.7 ], [ 4222623.9, 3110248.9 ], [ 4222607.3, 3110288.8 ], [ 4222575.7, 3110281.9 ], [ 4222563.8, 3110267.5 ] ], [ [ 4221690.6, 3110235.0 ], [ 4221679.2, 3110240.7 ], [ 4221682.9, 3110222.8 ], [ 4221669.1, 3110200.0 ], [ 4221621.7, 3110196.0 ], [ 4221627.4, 3110028.0 ], [ 4221690.4, 3110045.4 ], [ 4221711.4, 3110059.0 ], [ 4221730.6, 3110087.0 ], [ 4221735.4, 3110145.2 ], [ 4221690.6, 3110235.0 ] ], [ [ 4220726.9, 3110162.1 ], [ 4220703.9, 3110261.8 ], [ 4220681.7, 3110250.0 ], [ 4220668.2, 3110229.9 ], [ 4220674.9, 3110195.0 ], [ 4220653.1, 3110175.9 ], [ 4220628.2, 3110081.9 ], [ 4220715.5, 3110117.8 ], [ 4220726.9, 3110162.1 ] ], [ [ 4219277.1, 3109820.8 ], [ 4219256.6, 3109803.5 ], [ 4219229.9, 3109803.3 ], [ 4219210.5, 3109813.7 ], [ 4219181.7, 3109804.6 ], [ 4219173.9, 3109754.0 ], [ 4219245.2, 3109750.2 ], [ 4219274.2, 3109718.4 ], [ 4219405.2, 3109677.5 ], [ 4219446.8, 3109671.4 ], [ 4219472.2, 3109716.3 ], [ 4219373.1, 3109751.2 ], [ 4219332.4, 3109818.3 ], [ 4219302.3, 3109826.9 ], [ 4219277.1, 3109820.8 ] ], [ [ 4216500.6, 3108980.7 ], [ 4216581.8, 3108921.9 ], [ 4216624.1, 3108932.7 ], [ 4216668.0, 3108898.3 ], [ 4216733.2, 3108774.3 ], [ 4216764.1, 3108740.2 ], [ 4216755.8, 3108698.2 ], [ 4216744.8, 3108682.2 ], [ 4216734.5, 3108583.5 ], [ 4216711.2, 3108533.3 ], [ 4216653.9, 3108454.3 ], [ 4216722.6, 3108469.9 ], [ 4216757.7, 3108513.0 ], [ 4216803.9, 3108609.3 ], [ 4216908.3, 3108735.0 ], [ 4216925.0, 3108831.0 ], [ 4216938.7, 3108860.6 ], [ 4216975.2, 3108897.8 ], [ 4216989.3, 3108900.0 ], [ 4217006.5, 3108889.8 ], [ 4217082.6, 3108957.7 ], [ 4216988.0, 3109044.8 ], [ 4216854.7, 3108901.6 ], [ 4216835.9, 3108853.0 ], [ 4216811.8, 3108851.9 ], [ 4216791.9, 3108879.7 ], [ 4216753.6, 3108878.2 ], [ 4216708.4, 3108974.2 ], [ 4216721.1, 3109120.6 ], [ 4216729.6, 3109146.8 ], [ 4216740.5, 3109162.8 ], [ 4216775.5, 3109175.8 ], [ 4216785.4, 3109187.5 ], [ 4216774.3, 3109217.6 ], [ 4216774.7, 3109250.6 ], [ 4216742.9, 3109261.1 ], [ 4216730.6, 3109248.9 ], [ 4216713.2, 3109247.0 ], [ 4216694.3, 3109270.2 ], [ 4216677.8, 3109276.5 ], [ 4216613.4, 3109270.1 ], [ 4216557.5, 3109243.1 ], [ 4216536.7, 3109223.3 ], [ 4216482.1, 3109085.1 ], [ 4216526.9, 3109066.0 ], [ 4216536.9, 3109050.9 ], [ 4216500.6, 3108980.7 ] ], [ [ 4217152.7, 3108932.7 ], [ 4217111.0, 3108812.6 ], [ 4217096.6, 3108793.3 ], [ 4216966.7, 3108736.3 ], [ 4217002.0, 3108601.2 ], [ 4217070.7, 3108665.3 ], [ 4217182.5, 3108688.4 ], [ 4217237.1, 3108775.2 ], [ 4217257.0, 3108894.8 ], [ 4217152.7, 3108932.7 ] ], [ [ 4217115.2, 3107824.9 ], [ 4217107.7, 3107805.3 ], [ 4217110.8, 3107755.0 ], [ 4217149.8, 3107767.8 ], [ 4217230.0, 3107833.2 ], [ 4217263.6, 3107871.0 ], [ 4217215.3, 3108043.3 ], [ 4217155.6, 3107971.4 ], [ 4217116.7, 3107951.4 ], [ 4217115.2, 3107824.9 ] ], [ [ 4219595.9, 3109277.4 ], [ 4219698.4, 3109251.0 ], [ 4219720.7, 3109315.3 ], [ 4219694.4, 3109347.0 ], [ 4219660.3, 3109322.6 ], [ 4219604.5, 3109318.1 ], [ 4219595.9, 3109277.4 ] ], [ [ 4219874.8, 3109251.4 ], [ 4219851.9, 3109208.5 ], [ 4219895.0, 3109176.2 ], [ 4220070.3, 3109086.1 ], [ 4220122.7, 3109043.7 ], [ 4220162.9, 3109103.4 ], [ 4220145.8, 3109150.7 ], [ 4220105.9, 3109171.1 ], [ 4220036.7, 3109176.9 ], [ 4219962.7, 3109201.7 ], [ 4219874.8, 3109251.4 ] ], [ [ 4220337.8, 3108894.4 ], [ 4220383.0, 3108950.0 ], [ 4220347.8, 3108992.1 ], [ 4220315.3, 3109009.7 ], [ 4220279.9, 3108961.7 ], [ 4220307.9, 3108933.9 ], [ 4220296.0, 3108901.7 ], [ 4220337.8, 3108894.4 ] ], [ [ 4221044.8, 3108271.1 ], [ 4221076.5, 3108256.4 ], [ 4221101.1, 3108365.6 ], [ 4221062.0, 3108345.9 ], [ 4221044.8, 3108271.1 ] ], [ [ 4221520.9, 3108242.7 ], [ 4221427.6, 3108160.6 ], [ 4221397.7, 3108105.9 ], [ 4221376.6, 3108083.2 ], [ 4221356.7, 3108076.7 ], [ 4221334.3, 3108043.5 ], [ 4221328.6, 3107946.8 ], [ 4221312.3, 3107853.9 ], [ 4221154.3, 3107689.1 ], [ 4221150.2, 3107645.4 ], [ 4221201.6, 3107641.9 ], [ 4221205.0, 3107685.2 ], [ 4221252.7, 3107735.3 ], [ 4221310.0, 3107779.8 ], [ 4221367.9, 3107892.2 ], [ 4221377.2, 3107953.9 ], [ 4221373.2, 3108063.3 ], [ 4221390.0, 3108078.3 ], [ 4221413.4, 3108084.7 ], [ 4221457.1, 3108143.6 ], [ 4221546.2, 3108217.3 ], [ 4221520.9, 3108242.7 ] ], [ [ 4220525.8, 3107561.0 ], [ 4220390.6, 3107704.7 ], [ 4220339.4, 3107736.8 ], [ 4220100.4, 3107924.1 ], [ 4220004.8, 3107954.7 ], [ 4219792.6, 3107956.9 ], [ 4219792.1, 3107928.2 ], [ 4219931.7, 3107931.7 ], [ 4219983.5, 3107923.5 ], [ 4220039.3, 3107900.3 ], [ 4220096.8, 3107893.8 ], [ 4220125.6, 3107872.8 ], [ 4220161.6, 3107820.8 ], [ 4220177.8, 3107818.9 ], [ 4220196.3, 3107801.2 ], [ 4220231.9, 3107785.4 ], [ 4220355.6, 3107688.2 ], [ 4220412.1, 3107611.5 ], [ 4220456.0, 3107579.0 ], [ 4220487.0, 3107544.2 ], [ 4220577.5, 3107501.0 ], [ 4220581.7, 3107483.3 ], [ 4220571.1, 3107468.5 ], [ 4220407.0, 3107424.1 ], [ 4220312.6, 3107363.3 ], [ 4220247.9, 3107297.2 ], [ 4220268.5, 3107271.5 ], [ 4220319.7, 3107319.4 ], [ 4220344.3, 3107331.4 ], [ 4220358.8, 3107353.9 ], [ 4220405.7, 3107384.2 ], [ 4220604.4, 3107436.7 ], [ 4220660.7, 3107438.2 ], [ 4220716.2, 3107463.6 ], [ 4220742.1, 3107459.3 ], [ 4220806.7, 3107467.5 ], [ 4220859.8, 3107478.0 ], [ 4220896.0, 3107494.5 ], [ 4220917.8, 3107482.9 ], [ 4220992.6, 3107491.6 ], [ 4221045.2, 3107512.5 ], [ 4221077.9, 3107518.4 ], [ 4221119.2, 3107513.5 ], [ 4221128.5, 3107522.9 ], [ 4221085.8, 3107541.4 ], [ 4221086.5, 3107586.9 ], [ 4221030.9, 3107587.7 ], [ 4221027.4, 3107570.3 ], [ 4221013.1, 3107560.2 ], [ 4220943.2, 3107558.0 ], [ 4220841.6, 3107527.7 ], [ 4220743.7, 3107512.2 ], [ 4220566.9, 3107546.7 ], [ 4220525.8, 3107561.0 ] ], [ [ 4221169.0, 3107520.8 ], [ 4221201.4, 3107497.0 ], [ 4221235.9, 3107433.9 ], [ 4221394.2, 3107318.6 ], [ 4221445.5, 3107255.3 ], [ 4221453.1, 3107234.7 ], [ 4221469.7, 3107231.8 ], [ 4221490.1, 3107214.5 ], [ 4221518.9, 3107168.7 ], [ 4221513.0, 3107142.6 ], [ 4221480.2, 3107136.5 ], [ 4221478.9, 3107075.7 ], [ 4221493.7, 3106950.5 ], [ 4221532.5, 3106907.8 ], [ 4221533.4, 3106723.7 ], [ 4221541.3, 3106703.8 ], [ 4221598.1, 3106637.8 ], [ 4221605.9, 3106608.1 ], [ 4221640.7, 3106542.4 ], [ 4221639.3, 3106440.8 ], [ 4221605.7, 3106355.6 ], [ 4221605.1, 3106294.6 ], [ 4221659.3, 3106113.5 ], [ 4221686.6, 3106063.8 ], [ 4221682.4, 3105998.0 ], [ 4221746.2, 3105965.4 ], [ 4221770.4, 3105967.5 ], [ 4221790.6, 3105952.3 ], [ 4221829.0, 3105896.4 ], [ 4221833.0, 3105843.5 ], [ 4221869.2, 3105805.3 ], [ 4221956.5, 3105735.9 ], [ 4221995.1, 3105678.3 ], [ 4222044.7, 3105570.3 ], [ 4222030.2, 3105550.7 ], [ 4221984.4, 3105545.6 ], [ 4221991.7, 3105441.9 ], [ 4222072.2, 3105486.9 ], [ 4222086.5, 3105483.0 ], [ 4222105.0, 3105457.8 ], [ 4222120.0, 3105452.7 ], [ 4222125.1, 3105575.6 ], [ 4222043.8, 3105742.1 ], [ 4221933.5, 3105863.0 ], [ 4221832.5, 3105949.8 ], [ 4221810.2, 3105977.6 ], [ 4221742.5, 3106108.7 ], [ 4221715.1, 3106192.4 ], [ 4221690.3, 3106237.4 ], [ 4221677.2, 3106297.9 ], [ 4221678.4, 3106392.8 ], [ 4221669.2, 3106444.6 ], [ 4221687.8, 3106567.6 ], [ 4221667.1, 3106646.6 ], [ 4221624.9, 3106717.9 ], [ 4221598.0, 3106786.6 ], [ 4221583.3, 3106924.3 ], [ 4221587.4, 3107084.1 ], [ 4221612.4, 3107198.0 ], [ 4221606.5, 3107226.3 ], [ 4221506.6, 3107330.3 ], [ 4221453.5, 3107374.1 ], [ 4221377.8, 3107414.4 ], [ 4221295.0, 3107474.3 ], [ 4221246.3, 3107524.4 ], [ 4221211.6, 3107529.0 ], [ 4221190.7, 3107547.6 ], [ 4221178.0, 3107545.3 ], [ 4221169.0, 3107520.8 ] ], [ [ 4222456.1, 3107094.7 ], [ 4222531.5, 3107087.3 ], [ 4222691.4, 3107229.1 ], [ 4222686.1, 3107284.3 ], [ 4222609.6, 3107265.0 ], [ 4222550.0, 3107185.7 ], [ 4222456.1, 3107094.7 ] ], [ [ 4223734.2, 3106763.2 ], [ 4223755.8, 3106731.3 ], [ 4223840.9, 3106757.9 ], [ 4223934.7, 3106753.3 ], [ 4223897.9, 3106789.1 ], [ 4223799.7, 3106817.1 ], [ 4223793.0, 3106797.4 ], [ 4223776.0, 3106787.5 ], [ 4223767.8, 3106771.0 ], [ 4223734.2, 3106763.2 ] ], [ [ 4223701.4, 3106625.8 ], [ 4223788.5, 3106414.3 ], [ 4223815.8, 3106412.6 ], [ 4223843.1, 3106437.2 ], [ 4223806.5, 3106507.3 ], [ 4223805.7, 3106559.1 ], [ 4223790.3, 3106577.3 ], [ 4223771.5, 3106648.0 ], [ 4223701.4, 3106625.8 ] ], [ [ 4223395.0, 3106426.2 ], [ 4223355.6, 3106422.6 ], [ 4223348.8, 3106393.2 ], [ 4223508.5, 3106377.0 ], [ 4223554.6, 3106359.9 ], [ 4223718.6, 3106323.2 ], [ 4223704.7, 3106352.2 ], [ 4223682.2, 3106363.2 ], [ 4223550.4, 3106397.5 ], [ 4223395.0, 3106426.2 ] ], [ [ 4224102.3, 3106197.0 ], [ 4224139.2, 3106142.7 ], [ 4224192.0, 3106244.9 ], [ 4224160.0, 3106300.3 ], [ 4224102.3, 3106197.0 ] ], [ [ 4223951.2, 3106078.9 ], [ 4224032.7, 3105988.4 ], [ 4224079.1, 3106072.0 ], [ 4224050.5, 3106086.4 ], [ 4224013.2, 3106120.4 ], [ 4223982.6, 3106126.1 ], [ 4223973.2, 3106122.5 ], [ 4223951.2, 3106078.9 ] ], [ [ 4224101.5, 3105992.4 ], [ 4224071.3, 3105953.7 ], [ 4224079.5, 3105922.3 ], [ 4224075.1, 3105868.4 ], [ 4224124.8, 3105864.6 ], [ 4224128.8, 3105911.4 ], [ 4224122.7, 3105953.5 ], [ 4224101.5, 3105992.4 ] ], [ [ 4224246.7, 3105571.2 ], [ 4224322.7, 3105514.6 ], [ 4224352.6, 3105551.6 ], [ 4224317.7, 3105586.9 ], [ 4224246.7, 3105571.2 ] ], [ [ 4223544.5, 3105541.8 ], [ 4223541.1, 3105354.7 ], [ 4223555.1, 3105338.1 ], [ 4223565.9, 3105297.5 ], [ 4223587.0, 3105359.3 ], [ 4223583.9, 3105420.8 ], [ 4223595.6, 3105509.4 ], [ 4223572.9, 3105533.6 ], [ 4223544.5, 3105541.8 ] ], [ [ 4223385.3, 3105321.9 ], [ 4223354.2, 3105300.2 ], [ 4223278.0, 3105270.2 ], [ 4223308.8, 3105223.4 ], [ 4223363.5, 3105227.9 ], [ 4223372.3, 3105262.0 ], [ 4223411.3, 3105271.9 ], [ 4223433.3, 3105314.3 ], [ 4223385.3, 3105321.9 ] ], [ [ 4222262.8, 3105291.9 ], [ 4222226.8, 3105328.8 ], [ 4222206.1, 3105335.8 ], [ 4222186.2, 3105365.5 ], [ 4222108.9, 3105330.1 ], [ 4222131.9, 3105276.2 ], [ 4222220.9, 3105179.0 ], [ 4222286.2, 3105137.8 ], [ 4222296.9, 3105118.6 ], [ 4222290.8, 3105102.2 ], [ 4222274.6, 3105095.5 ], [ 4222231.5, 3105109.7 ], [ 4222170.9, 3105113.8 ], [ 4222119.1, 3105087.9 ], [ 4222122.5, 3105059.4 ], [ 4222131.5, 3105053.2 ], [ 4222181.7, 3105063.0 ], [ 4222241.5, 3105056.0 ], [ 4222277.9, 3105041.9 ], [ 4222376.1, 3104989.8 ], [ 4222457.3, 3104883.4 ], [ 4222464.8, 3104884.0 ], [ 4222455.9, 3104895.6 ], [ 4222439.1, 3105007.3 ], [ 4222422.7, 3105038.3 ], [ 4222420.2, 3105072.3 ], [ 4222374.9, 3105133.8 ], [ 4222355.0, 3105180.3 ], [ 4222300.0, 3105249.0 ], [ 4222274.8, 3105268.6 ], [ 4222262.8, 3105291.9 ] ], [ [ 4222726.6, 3105010.6 ], [ 4222773.4, 3104963.0 ], [ 4222799.3, 3104910.6 ], [ 4222861.7, 3104935.6 ], [ 4222819.7, 3105036.2 ], [ 4222777.9, 3105070.2 ], [ 4222686.0, 3105111.8 ], [ 4222660.3, 3105171.4 ], [ 4222623.9, 3105160.9 ], [ 4222616.1, 3105103.5 ], [ 4222639.1, 3105053.9 ], [ 4222679.2, 3105040.6 ], [ 4222726.6, 3105010.6 ] ], [ [ 4223305.4, 3104996.7 ], [ 4223352.9, 3104903.3 ], [ 4223383.1, 3104898.3 ], [ 4223326.0, 3105024.4 ], [ 4223305.4, 3104996.7 ] ], [ [ 4222713.2, 3104884.5 ], [ 4222543.1, 3104967.2 ], [ 4222494.0, 3104888.7 ], [ 4222475.1, 3104880.6 ], [ 4222485.0, 3104859.3 ], [ 4222578.7, 3104780.9 ], [ 4222655.6, 3104745.9 ], [ 4222705.9, 3104738.4 ], [ 4222729.2, 3104725.3 ], [ 4222762.2, 3104722.3 ], [ 4222842.1, 3104697.2 ], [ 4222866.6, 3104710.3 ], [ 4222940.6, 3104707.0 ], [ 4223013.5, 3104716.1 ], [ 4223089.6, 3104749.5 ], [ 4223095.1, 3104779.0 ], [ 4223076.6, 3104797.1 ], [ 4223017.7, 3104794.0 ], [ 4223001.4, 3104816.2 ], [ 4222960.2, 3104820.9 ], [ 4222851.1, 3104869.4 ], [ 4222844.0, 3104855.9 ], [ 4222827.1, 3104850.4 ], [ 4222713.2, 3104884.5 ] ], [ [ 4222042.6, 3105038.7 ], [ 4222061.4, 3105093.6 ], [ 4222018.4, 3105133.8 ], [ 4221917.8, 3105140.6 ], [ 4221891.4, 3105110.2 ], [ 4221887.1, 3105086.0 ], [ 4221898.1, 3105066.1 ], [ 4222042.6, 3105038.7 ] ], [ [ 4218066.4, 3105034.9 ], [ 4217989.6, 3105081.6 ], [ 4217996.2, 3105033.1 ], [ 4218166.1, 3104958.9 ], [ 4218186.2, 3104966.7 ], [ 4218255.2, 3104943.3 ], [ 4218267.5, 3104927.0 ], [ 4218264.0, 3104898.3 ], [ 4218348.4, 3104869.2 ], [ 4218363.9, 3104919.9 ], [ 4218349.1, 3104929.1 ], [ 4218345.6, 3104946.1 ], [ 4218177.5, 3105011.4 ], [ 4218161.5, 3105027.9 ], [ 4218066.4, 3105034.9 ] ], [ [ 4219423.8, 3104898.5 ], [ 4219478.2, 3104826.9 ], [ 4219532.1, 3104866.1 ], [ 4219472.8, 3104935.4 ], [ 4219423.8, 3104898.5 ] ], [ [ 4217880.5, 3105113.8 ], [ 4217913.7, 3105119.6 ], [ 4217940.9, 3105154.4 ], [ 4217841.1, 3105211.9 ], [ 4217770.6, 3105233.8 ], [ 4217819.3, 3105154.6 ], [ 4217826.4, 3105126.0 ], [ 4217880.5, 3105113.8 ] ], [ [ 4216986.4, 3105225.3 ], [ 4216996.6, 3105260.9 ], [ 4217031.1, 3105302.8 ], [ 4217072.9, 3105325.6 ], [ 4217034.5, 3105350.7 ], [ 4216947.0, 3105330.6 ], [ 4216925.6, 3105281.7 ], [ 4216966.4, 3105222.9 ], [ 4216986.4, 3105225.3 ] ], [ [ 4217451.7, 3105379.5 ], [ 4217540.0, 3105268.5 ], [ 4217600.3, 3105365.3 ], [ 4217615.1, 3105375.3 ], [ 4217693.7, 3105387.7 ], [ 4217939.5, 3105366.5 ], [ 4218001.7, 3105413.8 ], [ 4218020.2, 3105443.7 ], [ 4218010.6, 3105551.1 ], [ 4217827.2, 3105579.4 ], [ 4217693.2, 3105579.5 ], [ 4217593.5, 3105532.5 ], [ 4217571.4, 3105536.5 ], [ 4217510.1, 3105509.9 ], [ 4217505.5, 3105480.9 ], [ 4217531.3, 3105419.0 ], [ 4217530.1, 3105405.2 ], [ 4217517.7, 3105393.3 ], [ 4217451.7, 3105379.5 ] ], [ [ 4219924.0, 3105283.9 ], [ 4219946.4, 3105283.4 ], [ 4219955.3, 3105303.3 ], [ 4219889.7, 3105346.2 ], [ 4219839.9, 3105363.5 ], [ 4219848.6, 3105324.7 ], [ 4219924.0, 3105283.9 ] ], [ [ 4219227.6, 3105178.7 ], [ 4219234.4, 3105114.4 ], [ 4219281.1, 3105132.8 ], [ 4219266.2, 3105183.0 ], [ 4219227.6, 3105178.7 ] ], [ [ 4218312.9, 3106024.1 ], [ 4218360.6, 3106084.9 ], [ 4218415.1, 3106121.1 ], [ 4218477.6, 3106150.0 ], [ 4218503.8, 3106176.0 ], [ 4218630.0, 3106201.7 ], [ 4218664.4, 3106222.2 ], [ 4218772.5, 3106262.6 ], [ 4218789.9, 3106279.5 ], [ 4218949.1, 3106278.6 ], [ 4218952.1, 3106293.8 ], [ 4218879.3, 3106312.5 ], [ 4218831.7, 3106314.4 ], [ 4218770.0, 3106294.2 ], [ 4218669.4, 3106325.0 ], [ 4218647.8, 3106317.5 ], [ 4218616.7, 3106280.5 ], [ 4218623.2, 3106255.0 ], [ 4218604.2, 3106227.4 ], [ 4218532.1, 3106204.2 ], [ 4218514.3, 3106214.0 ], [ 4218481.5, 3106271.8 ], [ 4218349.3, 3106202.6 ], [ 4218247.1, 3106130.0 ], [ 4218304.7, 3106022.8 ], [ 4218312.9, 3106024.1 ] ], [ [ 4219192.3, 3106349.9 ], [ 4219213.6, 3106316.6 ], [ 4219297.5, 3106351.9 ], [ 4219267.7, 3106391.1 ], [ 4219192.3, 3106349.9 ] ], [ [ 4218006.9, 3106389.2 ], [ 4218036.9, 3106406.4 ], [ 4218089.6, 3106418.5 ], [ 4218117.4, 3106447.9 ], [ 4218141.5, 3106459.0 ], [ 4218165.4, 3106456.3 ], [ 4218188.8, 3106503.8 ], [ 4218285.5, 3106577.6 ], [ 4218297.2, 3106612.2 ], [ 4218328.3, 3106615.0 ], [ 4218407.5, 3106678.5 ], [ 4218241.0, 3106780.7 ], [ 4218225.6, 3106715.7 ], [ 4218118.1, 3106632.5 ], [ 4218108.7, 3106589.0 ], [ 4218073.9, 3106530.4 ], [ 4218078.3, 3106513.4 ], [ 4218060.4, 3106484.4 ], [ 4218060.2, 3106462.6 ], [ 4218006.7, 3106433.5 ], [ 4218006.9, 3106389.2 ] ], [ [ 4220863.3, 3106764.7 ], [ 4220894.9, 3106762.1 ], [ 4220884.6, 3106843.8 ], [ 4220845.0, 3106854.2 ], [ 4220847.2, 3106787.2 ], [ 4220863.3, 3106764.7 ] ], [ [ 4218860.7, 3106835.8 ], [ 4218885.9, 3106888.6 ], [ 4218765.0, 3106959.8 ], [ 4218695.0, 3107015.3 ], [ 4218670.7, 3107042.8 ], [ 4218643.3, 3107113.9 ], [ 4218631.6, 3107241.3 ], [ 4218664.7, 3107282.7 ], [ 4218686.0, 3107290.4 ], [ 4218714.1, 3107359.8 ], [ 4218703.0, 3107389.9 ], [ 4218719.4, 3107434.0 ], [ 4218708.5, 3107615.3 ], [ 4218664.0, 3107658.4 ], [ 4218642.9, 3107664.0 ], [ 4218589.0, 3107647.9 ], [ 4218532.8, 3107691.3 ], [ 4218387.5, 3107633.4 ], [ 4218394.1, 3107595.8 ], [ 4218387.2, 3107579.6 ], [ 4218297.9, 3107552.8 ], [ 4218294.0, 3107543.7 ], [ 4218322.9, 3107467.3 ], [ 4218304.8, 3107391.8 ], [ 4218332.8, 3107315.6 ], [ 4218368.9, 3107319.3 ], [ 4218386.0, 3107298.6 ], [ 4218410.5, 3107293.7 ], [ 4218415.9, 3107272.6 ], [ 4218387.8, 3107245.1 ], [ 4218297.1, 3107200.6 ], [ 4218251.9, 3107187.3 ], [ 4218249.3, 3107138.7 ], [ 4218218.4, 3107123.4 ], [ 4218220.3, 3107107.2 ], [ 4218207.3, 3107084.9 ], [ 4218221.3, 3107074.1 ], [ 4218230.5, 3107050.3 ], [ 4218225.6, 3106973.8 ], [ 4218250.2, 3106995.2 ], [ 4218264.6, 3106991.2 ], [ 4218273.1, 3106978.9 ], [ 4218254.9, 3106917.4 ], [ 4218296.4, 3106899.2 ], [ 4218318.7, 3106923.0 ], [ 4218333.4, 3106920.5 ], [ 4218349.5, 3106903.9 ], [ 4218394.6, 3106923.5 ], [ 4218477.6, 3106920.4 ], [ 4218548.0, 3106949.7 ], [ 4218566.5, 3106949.5 ], [ 4218603.3, 3107016.3 ], [ 4218642.0, 3107019.7 ], [ 4218774.2, 3106893.3 ], [ 4218831.8, 3106845.0 ], [ 4218860.7, 3106835.8 ] ], [ [ 4219388.2, 3107229.7 ], [ 4219398.3, 3107216.2 ], [ 4219433.8, 3107218.5 ], [ 4219476.8, 3107242.4 ], [ 4219528.9, 3107287.0 ], [ 4219618.0, 3107305.0 ], [ 4219634.3, 3107319.2 ], [ 4219615.7, 3107358.2 ], [ 4219539.9, 3107333.9 ], [ 4219494.6, 3107296.6 ], [ 4219388.2, 3107229.7 ] ], [ [ 4221035.6, 3107301.9 ], [ 4221133.1, 3107244.2 ], [ 4221162.9, 3107238.3 ], [ 4221170.9, 3107196.6 ], [ 4221187.5, 3107191.8 ], [ 4221226.8, 3107215.7 ], [ 4221203.1, 3107277.2 ], [ 4221250.4, 3107324.9 ], [ 4221156.5, 3107445.9 ], [ 4221125.5, 3107450.7 ], [ 4221098.0, 3107412.8 ], [ 4221071.6, 3107416.4 ], [ 4221022.6, 3107369.2 ], [ 4220980.8, 3107302.7 ], [ 4221035.6, 3107301.9 ] ], [ [ 4220440.7, 3106977.8 ], [ 4220449.3, 3106956.2 ], [ 4220510.4, 3106981.5 ], [ 4220493.0, 3107002.8 ], [ 4220478.3, 3107007.7 ], [ 4220450.7, 3106997.0 ], [ 4220440.7, 3106977.8 ] ], [ [ 4219251.0, 3106661.9 ], [ 4219303.8, 3106611.2 ], [ 4219373.2, 3106601.0 ], [ 4219396.8, 3106606.7 ], [ 4219406.5, 3106639.8 ], [ 4219312.0, 3106670.2 ], [ 4219268.0, 3106694.3 ], [ 4219251.0, 3106661.9 ] ], [ [ 4221264.4, 3106654.3 ], [ 4221227.4, 3106631.9 ], [ 4221178.2, 3106654.1 ], [ 4221133.1, 3106605.8 ], [ 4221214.7, 3106562.4 ], [ 4221249.7, 3106616.7 ], [ 4221310.6, 3106668.3 ], [ 4221293.2, 3106673.4 ], [ 4221267.9, 3106663.6 ], [ 4221264.4, 3106654.3 ] ], [ [ 4221195.8, 3106214.3 ], [ 4221138.5, 3106200.4 ], [ 4221062.8, 3106168.6 ], [ 4220918.2, 3106077.4 ], [ 4220907.0, 3106059.4 ], [ 4220910.7, 3106049.6 ], [ 4220930.2, 3106047.3 ], [ 4221067.4, 3106104.0 ], [ 4221082.0, 3106137.0 ], [ 4221126.2, 3106157.9 ], [ 4221223.2, 3106175.5 ], [ 4221195.8, 3106214.3 ] ], [ [ 4220591.6, 3106147.6 ], [ 4220663.3, 3106158.9 ], [ 4220696.8, 3106152.6 ], [ 4220700.2, 3106194.7 ], [ 4220629.4, 3106210.3 ], [ 4220561.4, 3106191.0 ], [ 4220525.0, 3106154.4 ], [ 4220538.8, 3106128.0 ], [ 4220591.6, 3106147.6 ] ], [ [ 4220514.1, 3108151.7 ], [ 4220473.5, 3108114.9 ], [ 4220479.4, 3108090.5 ], [ 4220474.4, 3108077.4 ], [ 4220459.1, 3108069.4 ], [ 4220441.5, 3108072.6 ], [ 4220434.7, 3108052.1 ], [ 4220522.2, 3108029.1 ], [ 4220534.3, 3108106.0 ], [ 4220526.2, 3108150.2 ], [ 4220514.1, 3108151.7 ] ], [ [ 4218948.9, 3108142.5 ], [ 4218802.4, 3108180.7 ], [ 4218721.0, 3108193.2 ], [ 4218719.6, 3108185.2 ], [ 4218812.9, 3108153.2 ], [ 4218951.9, 3108128.5 ], [ 4218948.9, 3108142.5 ] ], [ [ 4217701.9, 3104713.6 ], [ 4217639.4, 3104676.8 ], [ 4217660.4, 3104625.4 ], [ 4217864.9, 3104754.0 ], [ 4217800.6, 3104802.0 ], [ 4217695.1, 3104774.1 ], [ 4217712.5, 3104736.1 ], [ 4217701.9, 3104713.6 ] ], [ [ 4218690.8, 3104597.1 ], [ 4218420.4, 3104507.9 ], [ 4218327.1, 3104458.6 ], [ 4218321.0, 3104439.6 ], [ 4218395.8, 3104469.5 ], [ 4218447.3, 3104480.5 ], [ 4218481.5, 3104508.5 ], [ 4218530.4, 3104514.2 ], [ 4218544.3, 3104527.4 ], [ 4218711.4, 3104584.8 ], [ 4218726.9, 3104602.0 ], [ 4218766.1, 3104607.3 ], [ 4218768.8, 3104626.1 ], [ 4218708.4, 3104657.0 ], [ 4218715.3, 3104699.4 ], [ 4218610.6, 3104748.2 ], [ 4218595.5, 3104747.8 ], [ 4218626.3, 3104675.7 ], [ 4218705.3, 3104629.5 ], [ 4218705.4, 3104608.0 ], [ 4218690.8, 3104597.1 ] ], [ [ 4219279.9, 3104639.7 ], [ 4219290.4, 3104647.7 ], [ 4219272.0, 3104679.4 ], [ 4219243.1, 3104705.9 ], [ 4219236.6, 3104702.1 ], [ 4219279.9, 3104639.7 ] ], [ [ 4217244.5, 3104448.0 ], [ 4217247.8, 3104493.5 ], [ 4217214.8, 3104468.3 ], [ 4217244.5, 3104448.0 ] ], [ [ 4219175.9, 3104275.1 ], [ 4219144.6, 3104263.5 ], [ 4219113.8, 3104272.3 ], [ 4218913.9, 3104267.1 ], [ 4218831.6, 3104241.5 ], [ 4218814.7, 3104205.1 ], [ 4218818.6, 3104188.6 ], [ 4218909.9, 3104215.9 ], [ 4219001.5, 3104227.6 ], [ 4219024.8, 3104213.8 ], [ 4219024.0, 3104196.1 ], [ 4218980.6, 3104108.2 ], [ 4218949.4, 3104066.4 ], [ 4218942.3, 3103985.9 ], [ 4218975.4, 3103983.6 ], [ 4218980.0, 3104028.2 ], [ 4218992.7, 3104058.3 ], [ 4219109.4, 3104194.9 ], [ 4219201.9, 3104237.5 ], [ 4219175.9, 3104275.1 ] ], [ [ 4220648.0, 3104085.0 ], [ 4220349.5, 3104065.7 ], [ 4220287.3, 3104071.8 ], [ 4220271.9, 3104026.1 ], [ 4220444.0, 3104022.1 ], [ 4220564.3, 3104029.2 ], [ 4220747.4, 3103981.6 ], [ 4220759.6, 3104000.6 ], [ 4220779.5, 3104007.6 ], [ 4220871.2, 3103992.2 ], [ 4220881.7, 3104037.1 ], [ 4220816.8, 3104058.9 ], [ 4220714.6, 3104059.7 ], [ 4220648.0, 3104085.0 ] ], [ [ 4221419.6, 3103963.1 ], [ 4221418.6, 3103952.5 ], [ 4221450.6, 3103899.2 ], [ 4221493.4, 3103901.5 ], [ 4221553.6, 3103936.3 ], [ 4221517.2, 3103938.0 ], [ 4221470.6, 3103986.8 ], [ 4221433.8, 3103963.3 ], [ 4221419.6, 3103963.1 ] ], [ [ 4220567.1, 3103907.0 ], [ 4220540.0, 3103920.9 ], [ 4220469.5, 3103889.7 ], [ 4220405.9, 3103917.6 ], [ 4220392.2, 3103895.4 ], [ 4220466.0, 3103862.4 ], [ 4220507.4, 3103854.5 ], [ 4220552.4, 3103867.3 ], [ 4220567.1, 3103907.0 ] ], [ [ 4217486.9, 3103354.6 ], [ 4217523.0, 3103329.4 ], [ 4217633.5, 3103368.8 ], [ 4217621.7, 3103402.7 ], [ 4217486.9, 3103354.6 ] ], [ [ 4218669.2, 3102932.8 ], [ 4218748.4, 3102858.2 ], [ 4218912.7, 3102754.7 ], [ 4218937.8, 3102784.3 ], [ 4218820.7, 3102861.3 ], [ 4218742.5, 3102946.4 ], [ 4218690.3, 3102970.5 ], [ 4218669.2, 3102932.8 ] ], [ [ 4222043.6, 3104593.6 ], [ 4222085.8, 3104492.5 ], [ 4222146.4, 3104504.1 ], [ 4222182.3, 3104441.6 ], [ 4222201.6, 3104439.6 ], [ 4222241.6, 3104445.0 ], [ 4222294.0, 3104473.2 ], [ 4222329.8, 3104512.7 ], [ 4222395.4, 3104558.7 ], [ 4222386.0, 3104584.1 ], [ 4222393.4, 3104608.0 ], [ 4222346.4, 3104633.5 ], [ 4222326.6, 3104642.0 ], [ 4222312.3, 3104639.4 ], [ 4222250.9, 3104607.4 ], [ 4222190.0, 3104660.4 ], [ 4222138.9, 3104645.2 ], [ 4222043.6, 3104593.6 ] ], [ [ 4222476.9, 3104389.2 ], [ 4222478.5, 3104364.0 ], [ 4222532.7, 3104379.3 ], [ 4222577.9, 3104358.6 ], [ 4222629.8, 3104365.2 ], [ 4222638.9, 3104388.9 ], [ 4222607.9, 3104387.6 ], [ 4222587.6, 3104401.4 ], [ 4222564.2, 3104402.6 ], [ 4222554.7, 3104413.6 ], [ 4222476.9, 3104389.2 ] ], [ [ 4223940.3, 3104363.0 ], [ 4223910.8, 3104350.8 ], [ 4223932.6, 3104296.1 ], [ 4223955.7, 3104297.5 ], [ 4224003.3, 3104354.0 ], [ 4223990.7, 3104366.0 ], [ 4223940.3, 3104363.0 ] ], [ [ 4221940.6, 3104355.2 ], [ 4221889.2, 3104372.3 ], [ 4221882.2, 3104311.0 ], [ 4221871.3, 3104290.0 ], [ 4221931.4, 3104256.3 ], [ 4221940.6, 3104355.2 ] ], [ [ 4222288.0, 3103857.8 ], [ 4222374.4, 3103823.3 ], [ 4222429.8, 3103836.8 ], [ 4222409.2, 3103880.7 ], [ 4222413.9, 3103906.3 ], [ 4222428.0, 3103918.8 ], [ 4222416.9, 3103938.3 ], [ 4222304.0, 3103930.4 ], [ 4222276.1, 3103911.4 ], [ 4222288.0, 3103857.8 ] ], [ [ 4224442.0, 3107704.3 ], [ 4224412.0, 3107735.8 ], [ 4224348.0, 3107719.7 ], [ 4224351.7, 3107708.1 ], [ 4224374.6, 3107690.8 ], [ 4224406.8, 3107684.1 ], [ 4224437.4, 3107695.4 ], [ 4224442.0, 3107704.3 ] ], [ [ 4223793.0, 3108796.9 ], [ 4223660.3, 3108723.1 ], [ 4223635.2, 3108698.1 ], [ 4223684.6, 3108685.5 ], [ 4223799.4, 3108760.9 ], [ 4223788.4, 3108777.6 ], [ 4223793.0, 3108796.9 ] ], [ [ 4223388.0, 3109352.3 ], [ 4223319.9, 3109351.8 ], [ 4223348.3, 3109312.3 ], [ 4223450.6, 3109277.0 ], [ 4223475.1, 3109317.4 ], [ 4223388.0, 3109352.3 ] ], [ [ 4222072.9, 3109138.0 ], [ 4222146.4, 3109184.7 ], [ 4222110.0, 3109218.0 ], [ 4222082.8, 3109186.5 ], [ 4222036.0, 3109157.4 ], [ 4222019.3, 3109157.2 ], [ 4222001.0, 3109170.8 ], [ 4221937.1, 3109132.1 ], [ 4222000.6, 3109052.2 ], [ 4222072.9, 3109138.0 ] ], [ [ 4221210.6, 3109331.9 ], [ 4221252.0, 3109313.6 ], [ 4221314.2, 3109381.8 ], [ 4221235.8, 3109424.8 ], [ 4221210.6, 3109331.9 ] ] ] } },
{ "type": "Feature", "properties": { "id": "forest_44678", "state": "Nordrhein-Westfalen", "area_ha": 5360.47, "unfragmented": true, "image": "forest_44678.webp", "real_width_m": 10314.7, "real_height_m": 11677.4, "pixel_width": 1031, "pixel_height": 1167, "centroid_x": 4221708.4, "centroid_y": 3130697.0 }, "geometry": { "type": "Polygon", "coordinates": [ [ [ 4222154.5, 3136869.2 ], [ 4222275.0, 3136684.4 ], [ 4222281.6, 3136589.9 ], [ 4222321.7, 3136517.1 ], [ 4222328.8, 3136448.5 ], [ 4222363.7, 3136409.9 ], [ 4222380.1, 3136368.6 ], [ 4222400.9, 3136351.9 ], [ 4222406.5, 3136022.2 ], [ 4222417.5, 3135912.5 ], [ 4222448.8, 3135775.8 ], [ 4222547.7, 3135485.6 ], [ 4222541.0, 3135465.7 ], [ 4222524.2, 3135459.9 ], [ 4222513.0, 3135441.1 ], [ 4222498.3, 3135438.6 ], [ 4222483.2, 3135449.3 ], [ 4222461.2, 3135509.3 ], [ 4222435.8, 3135502.1 ], [ 4222449.5, 3135461.5 ], [ 4222484.9, 3135399.1 ], [ 4222529.5, 3135247.3 ], [ 4222529.3, 3135111.7 ], [ 4222518.6, 3135080.4 ], [ 4222492.0, 3135041.7 ], [ 4222522.7, 3135031.3 ], [ 4222547.0, 3135120.4 ], [ 4222549.8, 3135218.3 ], [ 4222529.4, 3135314.3 ], [ 4222537.7, 3135333.9 ], [ 4222558.8, 3135337.2 ], [ 4222584.2, 3135314.7 ], [ 4222606.5, 3135309.6 ], [ 4222629.9, 3135231.2 ], [ 4222623.2, 3135188.6 ], [ 4222606.7, 3135163.2 ], [ 4222604.5, 3135130.9 ], [ 4222591.6, 3135102.8 ], [ 4222579.4, 3135026.4 ], [ 4222554.8, 3134970.4 ], [ 4222536.4, 3134890.6 ], [ 4222500.0, 3134801.0 ], [ 4222446.1, 3134628.3 ], [ 4222436.9, 3134616.5 ], [ 4222422.3, 3134613.3 ], [ 4222391.7, 3134631.0 ], [ 4222382.0, 3134586.8 ], [ 4222368.1, 3134572.8 ], [ 4222341.7, 3134335.4 ], [ 4222349.2, 3134252.7 ], [ 4222437.0, 3134024.9 ], [ 4222446.8, 3133985.4 ], [ 4222451.9, 3133896.6 ], [ 4222514.5, 3133692.2 ], [ 4222551.0, 3133615.9 ], [ 4222660.7, 3133470.8 ], [ 4222659.3, 3133456.1 ], [ 4222639.5, 3133432.5 ], [ 4222639.6, 3133414.5 ], [ 4222686.1, 3133416.2 ], [ 4222735.0, 3133403.6 ], [ 4222745.2, 3133394.5 ], [ 4222895.3, 3133114.6 ], [ 4222915.7, 3133058.3 ], [ 4222959.5, 3133009.3 ], [ 4222967.9, 3132959.4 ], [ 4222969.7, 3132846.1 ], [ 4222986.1, 3132834.0 ], [ 4223019.6, 3132728.5 ], [ 4223076.0, 3132645.9 ], [ 4223127.2, 3132630.4 ], [ 4223130.5, 3132609.7 ], [ 4223147.8, 3132591.7 ], [ 4223166.0, 3132552.3 ], [ 4223172.6, 3132523.0 ], [ 4223158.1, 3132503.9 ], [ 4223134.9, 3132509.2 ], [ 4223109.1, 3132545.3 ], [ 4223093.8, 3132551.6 ], [ 4223015.0, 3132637.7 ], [ 4222975.3, 3132700.6 ], [ 4222864.2, 3132691.9 ], [ 4222699.8, 3132773.4 ], [ 4222688.2, 3132841.4 ], [ 4222679.0, 3132852.3 ], [ 4222635.1, 3132849.1 ], [ 4222545.6, 3132893.6 ], [ 4222513.9, 3132862.1 ], [ 4222499.1, 3132821.9 ], [ 4222518.9, 3132799.8 ], [ 4222505.3, 3132753.3 ], [ 4222548.2, 3132750.0 ], [ 4222553.5, 3132779.2 ], [ 4222571.8, 3132788.8 ], [ 4222627.7, 3132760.0 ], [ 4222633.1, 3132742.4 ], [ 4222626.2, 3132729.2 ], [ 4222587.6, 3132726.0 ], [ 4222568.5, 3132710.7 ], [ 4222579.4, 3132680.8 ], [ 4222581.5, 3132643.3 ], [ 4222624.8, 3132612.0 ], [ 4222630.5, 3132594.6 ], [ 4222614.2, 3132567.6 ], [ 4222600.9, 3132561.2 ], [ 4222596.8, 3132506.7 ], [ 4222580.9, 3132484.5 ], [ 4222558.6, 3132480.7 ], [ 4222537.6, 3132427.7 ], [ 4222506.9, 3132382.5 ], [ 4222510.9, 3132319.9 ], [ 4222412.3, 3132221.5 ], [ 4222388.2, 3132214.5 ], [ 4222273.2, 3132231.4 ], [ 4222136.1, 3132232.9 ], [ 4221985.0, 3132190.7 ], [ 4221786.7, 3132173.7 ], [ 4221786.4, 3132159.6 ], [ 4222413.7, 3132144.7 ], [ 4222429.7, 3132137.2 ], [ 4222435.0, 3132120.3 ], [ 4222392.6, 3131969.5 ], [ 4222393.8, 3131934.2 ], [ 4222338.1, 3131884.4 ], [ 4222211.7, 3131869.0 ], [ 4222159.8, 3131854.8 ], [ 4222008.1, 3131845.0 ], [ 4221956.4, 3131825.5 ], [ 4221960.4, 3131806.4 ], [ 4221951.6, 3131791.9 ], [ 4221868.9, 3131752.2 ], [ 4221647.4, 3131689.9 ], [ 4221627.8, 3131697.1 ], [ 4221617.5, 3131718.7 ], [ 4221530.9, 3131638.3 ], [ 4221535.5, 3131622.3 ], [ 4221529.5, 3131609.2 ], [ 4221455.7, 3131553.6 ], [ 4221498.2, 3131506.9 ], [ 4221504.8, 3131485.3 ], [ 4221481.1, 3131448.5 ], [ 4221489.9, 3131422.0 ], [ 4221474.4, 3131396.1 ], [ 4221521.2, 3131355.4 ], [ 4221525.7, 3131328.5 ], [ 4221515.0, 3131318.0 ], [ 4221488.3, 3131314.7 ], [ 4221428.2, 3131284.3 ], [ 4221372.4, 3131283.2 ], [ 4221273.9, 3131227.9 ], [ 4221285.4, 3131202.9 ], [ 4221335.9, 3131171.7 ], [ 4221327.3, 3131125.5 ], [ 4221333.4, 3131093.0 ], [ 4221384.6, 3131146.4 ], [ 4221416.2, 3131154.1 ], [ 4221434.1, 3131142.8 ], [ 4221419.5, 3131027.5 ], [ 4221425.5, 3130902.7 ], [ 4221455.0, 3130857.2 ], [ 4221522.2, 3130780.5 ], [ 4221539.7, 3130741.6 ], [ 4221540.6, 3130698.8 ], [ 4221499.7, 3130606.8 ], [ 4221420.5, 3130499.1 ], [ 4221399.6, 3130426.0 ], [ 4221377.4, 3130397.6 ], [ 4221387.5, 3130227.5 ], [ 4221370.3, 3130167.9 ], [ 4221346.6, 3130139.6 ], [ 4221258.5, 3130066.5 ], [ 4221219.8, 3129978.2 ], [ 4221258.2, 3130015.9 ], [ 4221272.4, 3130017.9 ], [ 4221289.6, 3130007.1 ], [ 4221361.8, 3130074.8 ], [ 4221389.7, 3130113.3 ], [ 4221464.7, 3130158.3 ], [ 4221482.1, 3130160.5 ], [ 4221495.5, 3130149.3 ], [ 4221531.7, 3130076.8 ], [ 4221525.8, 3130046.0 ], [ 4221535.6, 3129982.0 ], [ 4221565.8, 3129878.7 ], [ 4221602.0, 3129878.0 ], [ 4221669.5, 3130015.1 ], [ 4221700.1, 3130044.7 ], [ 4221643.7, 3130046.3 ], [ 4221601.8, 3130076.1 ], [ 4221509.6, 3130193.7 ], [ 4221482.2, 3130256.7 ], [ 4221467.3, 3130346.1 ], [ 4221474.2, 3130400.5 ], [ 4221464.2, 3130424.5 ], [ 4221475.1, 3130469.5 ], [ 4221510.3, 3130548.8 ], [ 4221533.2, 3130595.7 ], [ 4221559.4, 3130600.8 ], [ 4221597.5, 3130655.8 ], [ 4221635.8, 3130691.3 ], [ 4221657.9, 3130758.7 ], [ 4221640.1, 3130789.6 ], [ 4221623.9, 3130846.5 ], [ 4221575.1, 3130924.3 ], [ 4221554.9, 3130942.8 ], [ 4221556.1, 3131061.0 ], [ 4221581.6, 3131171.7 ], [ 4221558.9, 3131198.5 ], [ 4221557.2, 3131213.4 ], [ 4221617.3, 3131280.7 ], [ 4221656.3, 3131301.2 ], [ 4221677.2, 3131334.8 ], [ 4221700.4, 3131340.4 ], [ 4221714.2, 3131353.0 ], [ 4221756.2, 3131408.0 ], [ 4221876.7, 3131481.1 ], [ 4221977.1, 3131521.1 ], [ 4222012.5, 3131523.8 ], [ 4222036.0, 3131545.0 ], [ 4222081.1, 3131556.2 ], [ 4222163.0, 3131546.2 ], [ 4222179.1, 3131529.6 ], [ 4222223.1, 3131542.7 ], [ 4222239.9, 3131529.2 ], [ 4222243.7, 3131472.3 ], [ 4222257.0, 3131457.0 ], [ 4222285.6, 3131362.7 ], [ 4222314.8, 3131316.3 ], [ 4222305.6, 3131292.6 ], [ 4222367.5, 3131059.4 ], [ 4222379.5, 3130992.4 ], [ 4222371.2, 3130969.3 ], [ 4222382.6, 3130941.5 ], [ 4222409.7, 3130911.4 ], [ 4222462.6, 3130804.5 ], [ 4222490.4, 3130779.9 ], [ 4222470.2, 3130703.0 ], [ 4222464.8, 3130633.4 ], [ 4222550.1, 3130377.6 ], [ 4222554.4, 3130343.3 ], [ 4222572.6, 3130308.6 ], [ 4222589.4, 3130297.3 ], [ 4222621.5, 3130248.6 ], [ 4222746.9, 3130157.7 ], [ 4222753.4, 3130133.1 ], [ 4222835.0, 3130089.9 ], [ 4222968.7, 3130057.0 ], [ 4222994.8, 3130036.6 ], [ 4223011.6, 3130056.8 ], [ 4223020.8, 3130096.7 ], [ 4223031.8, 3130110.6 ], [ 4222979.3, 3130182.4 ], [ 4222882.3, 3130251.4 ], [ 4222864.8, 3130234.9 ], [ 4222838.9, 3130241.5 ], [ 4222817.2, 3130228.1 ], [ 4222797.0, 3130232.4 ], [ 4222684.7, 3130330.1 ], [ 4222628.1, 3130464.8 ], [ 4222604.6, 3130447.6 ], [ 4222587.8, 3130448.3 ], [ 4222557.2, 3130480.9 ], [ 4222530.4, 3130494.1 ], [ 4222520.1, 3130518.8 ], [ 4222525.5, 3130581.4 ], [ 4222506.1, 3130648.3 ], [ 4222510.2, 3130743.7 ], [ 4222498.1, 3130786.4 ], [ 4222520.8, 3130860.1 ], [ 4222487.3, 3130880.3 ], [ 4222468.9, 3130992.2 ], [ 4222430.3, 3131038.8 ], [ 4222406.8, 3131207.3 ], [ 4222365.7, 3131283.8 ], [ 4222370.1, 3131305.3 ], [ 4222362.3, 3131352.8 ], [ 4222332.5, 3131438.2 ], [ 4222325.4, 3131508.5 ], [ 4222337.5, 3131549.5 ], [ 4222377.9, 3131603.7 ], [ 4222438.0, 3131631.0 ], [ 4222460.7, 3131630.6 ], [ 4222467.8, 3131664.0 ], [ 4222501.5, 3131673.2 ], [ 4222656.3, 3131773.3 ], [ 4222679.6, 3131757.9 ], [ 4222700.3, 3131757.9 ], [ 4222712.1, 3131745.1 ], [ 4222736.8, 3131764.1 ], [ 4222754.0, 3131765.9 ], [ 4222779.5, 3131727.0 ], [ 4222767.8, 3131704.9 ], [ 4222685.5, 3131692.5 ], [ 4222647.6, 3131667.7 ], [ 4222668.5, 3131591.7 ], [ 4222588.7, 3131509.2 ], [ 4222626.8, 3131419.9 ], [ 4222666.8, 3131387.0 ], [ 4222704.9, 3131318.4 ], [ 4222702.9, 3131300.6 ], [ 4222664.8, 3131255.4 ], [ 4222744.0, 3131090.9 ], [ 4222776.8, 3131074.7 ], [ 4222793.4, 3131057.1 ], [ 4222793.5, 3130989.3 ], [ 4222763.8, 3130910.3 ], [ 4222786.0, 3130854.5 ], [ 4222832.5, 3130854.5 ], [ 4222842.8, 3130844.1 ], [ 4222853.1, 3130808.9 ], [ 4222883.7, 3130799.9 ], [ 4222892.8, 3130743.5 ], [ 4222913.7, 3130717.0 ], [ 4222911.4, 3130660.6 ], [ 4222936.4, 3130606.9 ], [ 4222992.1, 3130539.7 ], [ 4223047.0, 3130507.7 ], [ 4223106.1, 3130521.5 ], [ 4223115.9, 3130534.6 ], [ 4223130.5, 3130538.2 ], [ 4223186.1, 3130513.8 ], [ 4223238.9, 3130507.8 ], [ 4223327.6, 3130464.5 ], [ 4223348.8, 3130472.2 ], [ 4223363.6, 3130461.8 ], [ 4223432.4, 3130453.0 ], [ 4223438.8, 3130484.8 ], [ 4223550.9, 3130679.2 ], [ 4223615.2, 3130774.4 ], [ 4223645.9, 3130804.9 ], [ 4223582.6, 3130836.4 ], [ 4223493.9, 3130862.3 ], [ 4223477.9, 3130854.4 ], [ 4223391.3, 3130865.8 ], [ 4223377.6, 3130878.3 ], [ 4223376.8, 3130893.2 ], [ 4223398.4, 3130933.2 ], [ 4223520.2, 3131041.8 ], [ 4223545.1, 3131046.3 ], [ 4223580.3, 3131106.6 ], [ 4223605.5, 3131105.9 ], [ 4223629.8, 3131066.3 ], [ 4223742.3, 3131305.6 ], [ 4223755.7, 3131316.9 ], [ 4223769.9, 3131316.3 ], [ 4223826.4, 3131283.3 ], [ 4224021.7, 3131320.1 ], [ 4224155.5, 3131312.2 ], [ 4224249.4, 3131275.9 ], [ 4224272.7, 3131286.6 ], [ 4224353.5, 3131223.0 ], [ 4224366.9, 3131232.9 ], [ 4224381.2, 3131231.8 ], [ 4224441.8, 3131192.6 ], [ 4224451.3, 3131140.1 ], [ 4224499.9, 3131088.5 ], [ 4224550.6, 3131106.0 ], [ 4224572.4, 3131091.0 ], [ 4224594.8, 3130939.6 ], [ 4224592.2, 3130890.5 ], [ 4224574.6, 3130856.8 ], [ 4224576.8, 3130824.0 ], [ 4224545.5, 3130804.5 ], [ 4224532.0, 3130783.8 ], [ 4224555.1, 3130763.6 ], [ 4224609.0, 3130739.0 ], [ 4224628.3, 3130710.6 ], [ 4224632.0, 3130689.0 ], [ 4224620.3, 3130670.6 ], [ 4224589.3, 3130668.7 ], [ 4224580.2, 3130589.2 ], [ 4224526.3, 3130419.7 ], [ 4224528.4, 3130395.6 ], [ 4224510.8, 3130384.1 ], [ 4224467.8, 3130294.6 ], [ 4224453.8, 3130285.3 ], [ 4224335.9, 3130316.5 ], [ 4224321.5, 3130301.9 ], [ 4224307.3, 3130300.5 ], [ 4224139.6, 3130369.4 ], [ 4224121.3, 3130329.2 ], [ 4224121.3, 3130249.3 ], [ 4224148.3, 3130239.1 ], [ 4224162.2, 3130260.9 ], [ 4224183.1, 3130263.2 ], [ 4224378.5, 3130141.1 ], [ 4224374.2, 3130098.1 ], [ 4224382.5, 3130085.7 ], [ 4224386.2, 3130043.5 ], [ 4224423.7, 3130009.0 ], [ 4224441.5, 3129958.8 ], [ 4224502.4, 3129890.5 ], [ 4224513.9, 3129848.4 ], [ 4224494.7, 3129775.9 ], [ 4224443.2, 3129693.5 ], [ 4224378.9, 3129659.5 ], [ 4224173.9, 3129520.7 ], [ 4224149.9, 3129514.0 ], [ 4224082.0, 3129515.5 ], [ 4223941.7, 3129564.4 ], [ 4223834.9, 3129561.8 ], [ 4223649.2, 3129467.7 ], [ 4223583.2, 3129419.7 ], [ 4223517.4, 3129399.6 ], [ 4223405.8, 3129390.6 ], [ 4223398.7, 3129351.8 ], [ 4223436.1, 3129289.4 ], [ 4223589.2, 3129351.5 ], [ 4223751.4, 3129458.8 ], [ 4223830.2, 3129477.0 ], [ 4223910.1, 3129484.3 ], [ 4224059.1, 3129468.5 ], [ 4224159.7, 3129433.1 ], [ 4224200.4, 3129466.0 ], [ 4224269.8, 3129495.3 ], [ 4224366.5, 3129565.6 ], [ 4224384.3, 3129590.6 ], [ 4224436.7, 3129624.5 ], [ 4224479.1, 3129679.1 ], [ 4224504.2, 3129680.6 ], [ 4224529.2, 3129656.9 ], [ 4224611.9, 3129714.0 ], [ 4224621.1, 3129738.4 ], [ 4224593.0, 3129792.0 ], [ 4224580.6, 3129861.9 ], [ 4224511.0, 3129959.9 ], [ 4224497.3, 3129999.3 ], [ 4224496.0, 3130039.6 ], [ 4224531.1, 3130187.7 ], [ 4224558.3, 3130248.5 ], [ 4224547.4, 3130262.2 ], [ 4224548.2, 3130276.3 ], [ 4224614.4, 3130382.4 ], [ 4224631.2, 3130387.3 ], [ 4224648.9, 3130380.1 ], [ 4224717.6, 3130426.0 ], [ 4224844.4, 3130533.1 ], [ 4224860.5, 3130556.8 ], [ 4225005.9, 3130656.9 ], [ 4225061.6, 3130667.8 ], [ 4225080.7, 3130659.8 ], [ 4225084.8, 3130639.6 ], [ 4225187.1, 3130586.1 ], [ 4225352.0, 3130607.6 ], [ 4225378.9, 3130596.5 ], [ 4225380.7, 3130572.8 ], [ 4225420.4, 3130528.6 ], [ 4225471.4, 3130398.7 ], [ 4225489.7, 3130406.3 ], [ 4225505.9, 3130398.3 ], [ 4225572.6, 3130282.4 ], [ 4225571.1, 3130264.1 ], [ 4225546.2, 3130245.7 ], [ 4225544.5, 3130228.7 ], [ 4225527.3, 3130211.0 ], [ 4225555.4, 3130172.4 ], [ 4225575.7, 3130190.6 ], [ 4225593.4, 3130193.4 ], [ 4225646.3, 3130144.3 ], [ 4225645.1, 3130122.7 ], [ 4225626.0, 3130106.2 ], [ 4225691.0, 3129917.7 ], [ 4225794.8, 3129948.9 ], [ 4225849.8, 3129953.0 ], [ 4225890.0, 3129947.9 ], [ 4225962.1, 3129920.4 ], [ 4225984.1, 3129923.4 ], [ 4226063.8, 3130004.6 ], [ 4226084.8, 3130048.1 ], [ 4226153.5, 3130063.7 ], [ 4226224.3, 3130142.3 ], [ 4226246.9, 3130134.8 ], [ 4226256.7, 3130097.4 ], [ 4226272.7, 3130088.2 ], [ 4226306.6, 3130104.6 ], [ 4226414.8, 3130090.1 ], [ 4226565.9, 3130109.3 ], [ 4226627.2, 3130096.5 ], [ 4226680.3, 3130074.4 ], [ 4226694.9, 3130093.6 ], [ 4226743.7, 3130101.2 ], [ 4226761.6, 3130084.0 ], [ 4226762.8, 3129977.4 ], [ 4226748.9, 3129966.1 ], [ 4226687.1, 3129959.9 ], [ 4226637.9, 3129923.8 ], [ 4226633.0, 3129864.1 ], [ 4226767.8, 3129814.4 ], [ 4226901.0, 3129783.1 ], [ 4226909.7, 3129817.8 ], [ 4226923.2, 3129828.0 ], [ 4227010.7, 3129810.9 ], [ 4227040.8, 3129877.5 ], [ 4227063.0, 3129887.0 ], [ 4227081.6, 3129873.8 ], [ 4227080.9, 3129850.5 ], [ 4227102.6, 3129815.5 ], [ 4227120.1, 3129810.4 ], [ 4227127.5, 3129797.7 ], [ 4227123.0, 3129780.0 ], [ 4226984.9, 3129606.7 ], [ 4226979.3, 3129564.7 ], [ 4226948.9, 3129530.4 ], [ 4226945.1, 3129494.6 ], [ 4226953.4, 3129470.0 ], [ 4226892.7, 3129385.5 ], [ 4226865.6, 3129291.4 ], [ 4226777.6, 3129205.5 ], [ 4226555.2, 3129122.8 ], [ 4226561.2, 3129073.9 ], [ 4226546.1, 3129056.6 ], [ 4226310.0, 3129066.2 ], [ 4226454.0, 3128918.1 ], [ 4226602.6, 3128711.3 ], [ 4226656.3, 3128679.4 ], [ 4226804.3, 3128662.1 ], [ 4226815.6, 3128637.9 ], [ 4226800.5, 3128608.0 ], [ 4226695.2, 3128559.7 ], [ 4226618.7, 3128557.5 ], [ 4226615.5, 3128537.9 ], [ 4226597.8, 3128526.9 ], [ 4226508.5, 3128581.8 ], [ 4226492.5, 3128563.0 ], [ 4226479.1, 3128559.3 ], [ 4226443.6, 3128588.6 ], [ 4226436.6, 3128584.2 ], [ 4226442.0, 3128522.8 ], [ 4226419.0, 3128461.6 ], [ 4226390.9, 3128462.0 ], [ 4226382.8, 3128494.7 ], [ 4226344.4, 3128471.7 ], [ 4226274.9, 3128479.2 ], [ 4226259.5, 3128443.3 ], [ 4226241.5, 3128433.0 ], [ 4226141.6, 3128460.2 ], [ 4226136.7, 3128481.4 ], [ 4226153.0, 3128505.7 ], [ 4226128.1, 3128517.6 ], [ 4226102.7, 3128565.0 ], [ 4226081.7, 3128576.6 ], [ 4226063.8, 3128562.0 ], [ 4226039.6, 3128562.6 ], [ 4225991.3, 3128597.6 ], [ 4225978.7, 3128573.5 ], [ 4225945.0, 3128572.4 ], [ 4225930.5, 3128560.0 ], [ 4225935.5, 3128529.8 ], [ 4225917.5, 3128503.5 ], [ 4225876.9, 3128507.9 ], [ 4225831.6, 3128524.9 ], [ 4225802.1, 3128488.6 ], [ 4225746.9, 3128507.4 ], [ 4225742.5, 3128490.4 ], [ 4225727.1, 3128482.1 ], [ 4225636.7, 3128491.0 ], [ 4225628.9, 3128482.8 ], [ 4225651.2, 3128455.0 ], [ 4225638.4, 3128429.5 ], [ 4225619.8, 3128421.5 ], [ 4225587.7, 3128432.9 ], [ 4225600.5, 3128325.4 ], [ 4225644.8, 3128243.6 ], [ 4225686.3, 3128250.7 ], [ 4225723.8, 3128245.9 ], [ 4225747.5, 3128263.8 ], [ 4225763.5, 3128263.6 ], [ 4225773.2, 3128277.4 ], [ 4225798.1, 3128290.2 ], [ 4225842.9, 3128288.5 ], [ 4225955.6, 3128234.0 ], [ 4226026.8, 3128179.9 ], [ 4226143.4, 3128112.3 ], [ 4226157.9, 3128144.3 ], [ 4226176.8, 3128151.8 ], [ 4226247.5, 3128109.9 ], [ 4226273.1, 3128119.7 ], [ 4226319.0, 3128103.8 ], [ 4226330.1, 3128085.7 ], [ 4226322.6, 3128055.9 ], [ 4226413.1, 3128021.6 ], [ 4226466.0, 3127983.4 ], [ 4226438.9, 3127888.3 ], [ 4226426.4, 3127875.4 ], [ 4226385.1, 3127875.6 ], [ 4226374.2, 3127890.2 ], [ 4226375.9, 3127920.2 ], [ 4226277.3, 3127974.7 ], [ 4226259.8, 3127964.0 ], [ 4226202.1, 3127969.3 ], [ 4226179.9, 3127954.7 ], [ 4226167.4, 3127896.3 ], [ 4226083.0, 3127854.1 ], [ 4226009.6, 3127874.3 ], [ 4225995.7, 3127894.4 ], [ 4225880.0, 3127908.4 ], [ 4225846.6, 3127927.8 ], [ 4225798.0, 3127919.2 ], [ 4225702.2, 3127978.3 ], [ 4225638.6, 3127983.6 ], [ 4225611.8, 3127976.3 ], [ 4225565.0, 3127892.5 ], [ 4225502.0, 3127869.0 ], [ 4225494.3, 3127850.2 ], [ 4225427.7, 3127796.6 ], [ 4225425.3, 3127786.4 ], [ 4225484.1, 3127768.7 ], [ 4225536.4, 3127739.7 ], [ 4225542.2, 3127717.0 ], [ 4225616.1, 3127625.8 ], [ 4225612.8, 3127601.3 ], [ 4225572.2, 3127583.2 ], [ 4225556.4, 3127564.0 ], [ 4225688.8, 3127512.4 ], [ 4225702.0, 3127535.5 ], [ 4225726.8, 3127542.0 ], [ 4225797.4, 3127532.1 ], [ 4225906.6, 3127500.2 ], [ 4225959.9, 3127495.1 ], [ 4225972.2, 3127471.3 ], [ 4225946.7, 3127422.9 ], [ 4225999.7, 3127392.7 ], [ 4226004.0, 3127374.9 ], [ 4225996.5, 3127362.2 ], [ 4225864.7, 3127334.9 ], [ 4225795.7, 3127341.9 ], [ 4225709.9, 3127338.4 ], [ 4225596.0, 3127368.1 ], [ 4225541.7, 3127371.1 ], [ 4225446.0, 3127399.9 ], [ 4225428.5, 3127377.9 ], [ 4225405.5, 3127381.2 ], [ 4225354.1, 3127440.2 ], [ 4225327.9, 3127492.4 ], [ 4225361.1, 3127530.9 ], [ 4225383.4, 3127538.6 ], [ 4225430.3, 3127639.6 ], [ 4225430.2, 3127662.6 ], [ 4225400.1, 3127683.6 ], [ 4225397.7, 3127707.7 ], [ 4225352.6, 3127723.7 ], [ 4225326.4, 3127689.4 ], [ 4225293.9, 3127688.1 ], [ 4225279.1, 3127697.7 ], [ 4225276.1, 3127715.2 ], [ 4225285.0, 3127731.2 ], [ 4225268.5, 3127748.3 ], [ 4225268.6, 3127770.8 ], [ 4225315.3, 3127852.1 ], [ 4225059.1, 3127762.1 ], [ 4225046.8, 3127747.9 ], [ 4225025.4, 3127749.9 ], [ 4224945.8, 3127721.7 ], [ 4224802.8, 3127659.7 ], [ 4224783.2, 3127664.0 ], [ 4224760.9, 3127697.4 ], [ 4224568.8, 3127568.1 ], [ 4224586.2, 3127501.8 ], [ 4224547.0, 3127427.6 ], [ 4224530.7, 3127422.7 ], [ 4224490.0, 3127433.3 ], [ 4224468.8, 3127364.9 ], [ 4224535.9, 3127327.5 ], [ 4224619.2, 3127248.2 ], [ 4224616.7, 3127228.3 ], [ 4224523.6, 3127123.0 ], [ 4224543.6, 3127096.8 ], [ 4224606.3, 3127078.2 ], [ 4224613.8, 3127051.3 ], [ 4224590.1, 3127032.6 ], [ 4224529.6, 3127032.0 ], [ 4224512.0, 3127049.9 ], [ 4224438.3, 3127087.6 ], [ 4224414.8, 3127080.8 ], [ 4224389.5, 3127092.5 ], [ 4224385.6, 3127026.1 ], [ 4224372.8, 3127013.3 ], [ 4224354.2, 3127014.2 ], [ 4224349.9, 3126999.9 ], [ 4224372.2, 3126976.4 ], [ 4224415.0, 3126956.3 ], [ 4224463.4, 3126949.6 ], [ 4224472.7, 3126970.3 ], [ 4224488.9, 3126978.1 ], [ 4224538.8, 3126957.2 ], [ 4224613.9, 3126951.9 ], [ 4224626.2, 3126939.2 ], [ 4224629.2, 3126902.3 ], [ 4224660.9, 3126895.6 ], [ 4224709.5, 3126893.1 ], [ 4224736.7, 3126906.7 ], [ 4224752.4, 3126905.2 ], [ 4224887.8, 3126973.3 ], [ 4224945.2, 3126994.0 ], [ 4224943.5, 3127006.1 ], [ 4224918.5, 3127019.7 ], [ 4224896.2, 3127045.9 ], [ 4224887.3, 3127070.6 ], [ 4224889.9, 3127097.1 ], [ 4224871.6, 3127124.2 ], [ 4224877.7, 3127137.4 ], [ 4224958.6, 3127208.3 ], [ 4225035.4, 3127239.1 ], [ 4225210.8, 3127275.0 ], [ 4225228.0, 3127270.9 ], [ 4225236.0, 3127259.0 ], [ 4225226.4, 3127190.9 ], [ 4225168.5, 3127181.8 ], [ 4225145.7, 3127138.3 ], [ 4225079.5, 3127135.0 ], [ 4225057.3, 3127107.7 ], [ 4225107.8, 3127086.0 ], [ 4225253.1, 3126991.8 ], [ 4225330.0, 3126914.5 ], [ 4225344.9, 3126924.0 ], [ 4225417.8, 3126922.6 ], [ 4225404.3, 3126941.5 ], [ 4225342.2, 3126968.9 ], [ 4225278.0, 3127025.3 ], [ 4225272.6, 3127046.0 ], [ 4225287.4, 3127061.5 ], [ 4225348.2, 3127056.8 ], [ 4225474.7, 3127074.2 ], [ 4225488.8, 3127095.1 ], [ 4225585.5, 3127109.7 ], [ 4225648.6, 3127077.3 ], [ 4225659.6, 3127052.2 ], [ 4225752.0, 3127076.9 ], [ 4225797.9, 3127081.6 ], [ 4225907.9, 3127146.2 ], [ 4225924.9, 3127146.6 ], [ 4225953.6, 3127111.7 ], [ 4225983.0, 3127104.5 ], [ 4225986.9, 3127079.6 ], [ 4225951.6, 3127055.5 ], [ 4225816.3, 3126994.6 ], [ 4225826.2, 3126934.0 ], [ 4225871.4, 3126949.5 ], [ 4225889.2, 3126947.0 ], [ 4225952.2, 3126974.3 ], [ 4225995.5, 3127008.9 ], [ 4226141.5, 3127167.7 ], [ 4226162.6, 3127165.6 ], [ 4226183.6, 3127141.8 ], [ 4226271.2, 3127146.2 ], [ 4226286.9, 3127127.3 ], [ 4226275.3, 3127105.6 ], [ 4226213.3, 3127086.2 ], [ 4226189.4, 3127049.4 ], [ 4226003.4, 3126844.1 ], [ 4225892.5, 3126743.1 ], [ 4225862.7, 3126660.8 ], [ 4225799.0, 3126562.9 ], [ 4225777.9, 3126459.3 ], [ 4225753.3, 3126397.2 ], [ 4225729.2, 3126398.6 ], [ 4225681.2, 3126448.0 ], [ 4225530.9, 3126416.4 ], [ 4225511.5, 3126394.9 ], [ 4225439.3, 3126387.1 ], [ 4225424.1, 3126369.1 ], [ 4225332.3, 3126355.0 ], [ 4225309.5, 3126339.4 ], [ 4225182.0, 3126359.7 ], [ 4225157.2, 3126388.5 ], [ 4225157.0, 3126409.1 ], [ 4225063.7, 3126433.8 ], [ 4225037.3, 3126428.7 ], [ 4225011.5, 3126402.5 ], [ 4224970.2, 3126399.4 ], [ 4224922.6, 3126406.2 ], [ 4224868.2, 3126433.6 ], [ 4224781.3, 3126399.7 ], [ 4224604.6, 3126366.9 ], [ 4224623.7, 3126341.0 ], [ 4224607.0, 3126318.5 ], [ 4224605.2, 3126288.9 ], [ 4224573.3, 3126249.6 ], [ 4224533.1, 3126223.3 ], [ 4224536.9, 3126213.8 ], [ 4224554.2, 3126213.8 ], [ 4224582.6, 3126197.7 ], [ 4224603.2, 3126215.5 ], [ 4224635.4, 3126274.7 ], [ 4224703.2, 3126332.6 ], [ 4224754.6, 3126360.0 ], [ 4224838.3, 3126368.0 ], [ 4224894.9, 3126361.7 ], [ 4224957.2, 3126338.3 ], [ 4225073.8, 3126323.8 ], [ 4225176.0, 3126301.2 ], [ 4225182.0, 3126280.9 ], [ 4225168.5, 3126261.4 ], [ 4225142.1, 3126248.5 ], [ 4225120.8, 3126251.7 ], [ 4225084.8, 3126241.1 ], [ 4225063.5, 3126227.7 ], [ 4225014.4, 3126174.2 ], [ 4225030.9, 3126159.8 ], [ 4225066.9, 3126157.4 ], [ 4225119.3, 3126168.6 ], [ 4225142.3, 3126211.1 ], [ 4225173.1, 3126229.0 ], [ 4225226.0, 3126241.4 ], [ 4225255.3, 3126233.3 ], [ 4225396.4, 3126244.5 ], [ 4225618.9, 3126248.4 ], [ 4225716.7, 3126264.6 ], [ 4225803.8, 3126316.1 ], [ 4225832.3, 3126344.3 ], [ 4225885.6, 3126450.5 ], [ 4225931.7, 3126575.6 ], [ 4225954.7, 3126616.7 ], [ 4226018.1, 3126693.7 ], [ 4226005.6, 3126707.8 ], [ 4226007.3, 3126725.4 ], [ 4226144.8, 3126882.7 ], [ 4226221.1, 3126931.1 ], [ 4226313.3, 3126972.0 ], [ 4226332.0, 3126960.4 ], [ 4226342.4, 3126914.7 ], [ 4226561.1, 3126901.2 ], [ 4226578.4, 3126887.8 ], [ 4226579.0, 3126872.8 ], [ 4226570.0, 3126860.9 ], [ 4226541.8, 3126853.0 ], [ 4226526.6, 3126837.4 ], [ 4226471.7, 3126830.8 ], [ 4226466.1, 3126792.8 ], [ 4226430.0, 3126785.0 ], [ 4226465.7, 3126741.0 ], [ 4226462.1, 3126719.5 ], [ 4226441.6, 3126709.8 ], [ 4226490.8, 3126647.4 ], [ 4226479.6, 3126609.6 ], [ 4226334.2, 3126504.1 ], [ 4226248.8, 3126462.8 ], [ 4226293.5, 3126417.3 ], [ 4226354.0, 3126419.5 ], [ 4226372.4, 3126408.4 ], [ 4226370.6, 3126383.9 ], [ 4226333.1, 3126358.5 ], [ 4226342.9, 3126338.8 ], [ 4226338.4, 3126321.2 ], [ 4226278.7, 3126282.6 ], [ 4226351.8, 3126230.6 ], [ 4226353.0, 3126189.3 ], [ 4226372.2, 3126148.4 ], [ 4226386.4, 3126163.6 ], [ 4226422.9, 3126169.5 ], [ 4226472.2, 3126136.0 ], [ 4226476.6, 3126121.7 ], [ 4226468.1, 3126105.3 ], [ 4226453.8, 3126100.8 ], [ 4226423.4, 3126107.1 ], [ 4226374.4, 3126131.6 ], [ 4226368.5, 3126107.2 ], [ 4226344.4, 3126085.4 ], [ 4226255.5, 3126054.7 ], [ 4226216.9, 3126051.2 ], [ 4226145.8, 3126059.3 ], [ 4226135.9, 3126073.0 ], [ 4226131.8, 3126124.9 ], [ 4226096.2, 3126122.0 ], [ 4226081.5, 3126141.1 ], [ 4226087.4, 3126157.8 ], [ 4226127.9, 3126183.1 ], [ 4226155.7, 3126245.8 ], [ 4226116.8, 3126285.6 ], [ 4226050.9, 3126195.9 ], [ 4226056.1, 3126156.4 ], [ 4226074.1, 3126140.2 ], [ 4226066.4, 3126117.3 ], [ 4225972.3, 3126102.7 ], [ 4225946.3, 3126114.6 ], [ 4225916.3, 3126110.6 ], [ 4225912.2, 3126102.2 ], [ 4225910.8, 3126089.3 ], [ 4225928.3, 3126074.2 ], [ 4226024.3, 3126066.2 ], [ 4226039.9, 3126051.2 ], [ 4226029.1, 3126025.5 ], [ 4225964.0, 3126018.6 ], [ 4225940.3, 3125999.6 ], [ 4225960.5, 3125986.3 ], [ 4225982.4, 3125935.3 ], [ 4225979.4, 3125917.9 ], [ 4225931.9, 3125893.4 ], [ 4225903.1, 3125909.7 ], [ 4225875.2, 3125875.7 ], [ 4225848.5, 3125885.1 ], [ 4225779.7, 3125790.2 ], [ 4225791.2, 3125777.3 ], [ 4225789.8, 3125760.0 ], [ 4225758.4, 3125731.2 ], [ 4225643.9, 3125706.0 ], [ 4225606.8, 3125735.3 ], [ 4225601.7, 3125752.7 ], [ 4225558.7, 3125802.1 ], [ 4225450.9, 3125747.5 ], [ 4225469.9, 3125735.2 ], [ 4225475.1, 3125721.2 ], [ 4225444.7, 3125668.4 ], [ 4225349.8, 3125604.7 ], [ 4225253.8, 3125565.1 ], [ 4225236.4, 3125575.8 ], [ 4225202.8, 3125663.6 ], [ 4225215.9, 3125684.5 ], [ 4225255.7, 3125690.7 ], [ 4225254.1, 3125814.2 ], [ 4225100.1, 3125793.3 ], [ 4225018.1, 3125810.2 ], [ 4224996.1, 3125825.2 ], [ 4224961.4, 3125780.3 ], [ 4224908.1, 3125731.1 ], [ 4224908.1, 3125684.5 ], [ 4224990.1, 3125698.5 ], [ 4225001.8, 3125686.1 ], [ 4225025.8, 3125622.2 ], [ 4225094.1, 3125658.3 ], [ 4225083.6, 3125681.1 ], [ 4225096.3, 3125698.8 ], [ 4225158.2, 3125691.9 ], [ 4225167.3, 3125678.6 ], [ 4225167.9, 3125656.1 ], [ 4225130.1, 3125635.6 ], [ 4225147.8, 3125585.0 ], [ 4225151.5, 3125545.7 ], [ 4225286.7, 3125537.7 ], [ 4225370.3, 3125541.2 ], [ 4225386.5, 3125533.9 ], [ 4225414.9, 3125475.2 ], [ 4225413.4, 3125457.6 ], [ 4225334.0, 3125407.9 ], [ 4225264.3, 3125343.4 ], [ 4225155.0, 3125358.5 ], [ 4225100.4, 3125340.6 ], [ 4225069.4, 3125350.6 ], [ 4225057.9, 3125363.9 ], [ 4224972.5, 3125322.6 ], [ 4224923.1, 3125314.9 ], [ 4224899.6, 3125300.4 ], [ 4224838.2, 3125319.3 ], [ 4224821.3, 3125333.7 ], [ 4224768.3, 3125342.1 ], [ 4224754.3, 3125330.5 ], [ 4224731.0, 3125338.6 ], [ 4224646.0, 3125314.0 ], [ 4224627.8, 3125325.2 ], [ 4224596.5, 3125413.9 ], [ 4224377.8, 3125420.4 ], [ 4224375.4, 3125400.2 ], [ 4224361.6, 3125387.7 ], [ 4224269.3, 3125394.9 ], [ 4224262.1, 3125384.2 ], [ 4224264.2, 3125331.7 ], [ 4224250.6, 3125321.3 ], [ 4224216.9, 3125316.3 ], [ 4224154.8, 3125371.5 ], [ 4224147.6, 3125394.5 ], [ 4224165.2, 3125410.7 ], [ 4224246.3, 3125423.3 ], [ 4224261.8, 3125418.7 ], [ 4224247.6, 3125540.2 ], [ 4224296.8, 3125608.0 ], [ 4224312.6, 3125614.6 ], [ 4224399.2, 3125613.8 ], [ 4224408.6, 3125674.5 ], [ 4224398.6, 3125690.1 ], [ 4224406.8, 3125710.5 ], [ 4224400.8, 3125823.6 ], [ 4224391.6, 3125842.9 ], [ 4224149.5, 3125839.0 ], [ 4224141.1, 3125814.3 ], [ 4224128.9, 3125805.8 ], [ 4223972.1, 3125793.7 ], [ 4223953.7, 3125803.2 ], [ 4223845.9, 3125820.7 ], [ 4223746.8, 3125828.7 ], [ 4223758.4, 3125700.4 ], [ 4223739.3, 3125600.7 ], [ 4223726.7, 3125587.2 ], [ 4223586.9, 3125584.8 ], [ 4223378.7, 3125564.4 ], [ 4223144.3, 3125485.4 ], [ 4223152.1, 3125428.5 ], [ 4223140.5, 3125410.6 ], [ 4223105.9, 3125403.4 ], [ 4223087.2, 3125414.1 ], [ 4222989.2, 3125386.8 ], [ 4223019.1, 3125306.0 ], [ 4223012.7, 3125286.1 ], [ 4222898.8, 3125255.2 ], [ 4222854.3, 3125254.1 ], [ 4222856.7, 3125232.8 ], [ 4222841.8, 3125217.5 ], [ 4222772.1, 3125236.3 ], [ 4222713.7, 3125272.3 ], [ 4222654.6, 3125202.6 ], [ 4222636.1, 3125203.7 ], [ 4222562.7, 3125243.0 ], [ 4222533.6, 3125208.7 ], [ 4222509.1, 3125209.4 ], [ 4222478.8, 3125250.3 ], [ 4222448.3, 3125260.1 ], [ 4222448.9, 3125287.6 ], [ 4222521.6, 3125304.3 ], [ 4222554.6, 3125327.8 ], [ 4222629.3, 3125357.9 ], [ 4222703.9, 3125370.6 ], [ 4222743.0, 3125434.9 ], [ 4222784.2, 3125466.1 ], [ 4222855.8, 3125479.9 ], [ 4222907.5, 3125506.0 ], [ 4222943.6, 3125541.7 ], [ 4222961.4, 3125572.6 ], [ 4222965.0, 3125636.2 ], [ 4222947.6, 3125671.7 ], [ 4222937.6, 3125681.5 ], [ 4222940.9, 3125638.8 ], [ 4222929.6, 3125622.4 ], [ 4222902.3, 3125607.8 ], [ 4222866.3, 3125603.8 ], [ 4222808.5, 3125583.6 ], [ 4222787.1, 3125596.6 ], [ 4222766.2, 3125668.6 ], [ 4222645.0, 3125625.0 ], [ 4222617.3, 3125577.2 ], [ 4222602.9, 3125568.5 ], [ 4222457.1, 3125569.3 ], [ 4222290.7, 3125600.2 ], [ 4222279.7, 3125621.4 ], [ 4222297.6, 3125727.0 ], [ 4222161.4, 3125753.6 ], [ 4222108.6, 3125774.1 ], [ 4221984.4, 3125841.7 ], [ 4221934.7, 3125881.4 ], [ 4221918.1, 3125907.3 ], [ 4221910.0, 3125931.8 ], [ 4221914.0, 3125945.2 ], [ 4222028.5, 3126058.8 ], [ 4221947.7, 3126139.6 ], [ 4221910.6, 3126140.2 ], [ 4221833.3, 3126211.1 ], [ 4221818.2, 3126246.4 ], [ 4221814.8, 3126332.1 ], [ 4221732.4, 3126435.6 ], [ 4221700.0, 3126497.1 ], [ 4221701.1, 3126515.2 ], [ 4221712.0, 3126525.1 ], [ 4221805.7, 3126532.1 ], [ 4221792.9, 3126667.1 ], [ 4221809.5, 3126725.2 ], [ 4221788.1, 3126776.2 ], [ 4221768.4, 3126783.9 ], [ 4221679.4, 3126789.3 ], [ 4221668.2, 3126802.4 ], [ 4221669.0, 3126831.3 ], [ 4221592.4, 3126856.8 ], [ 4221475.6, 3126848.0 ], [ 4221323.6, 3126820.9 ], [ 4221295.6, 3126810.9 ], [ 4221248.0, 3126778.1 ], [ 4221127.2, 3126731.8 ], [ 4221102.3, 3126734.9 ], [ 4221094.0, 3126754.5 ], [ 4221103.0, 3126770.0 ], [ 4221221.0, 3126845.1 ], [ 4221277.3, 3126890.8 ], [ 4221394.3, 3126944.1 ], [ 4221495.8, 3126964.7 ], [ 4221712.0, 3126959.9 ], [ 4221775.3, 3126967.6 ], [ 4221828.7, 3126988.3 ], [ 4221864.2, 3126990.9 ], [ 4221913.6, 3126967.8 ], [ 4221995.0, 3126951.3 ], [ 4222142.1, 3126926.2 ], [ 4222213.8, 3126929.6 ], [ 4222313.2, 3126880.8 ], [ 4222365.9, 3126874.6 ], [ 4222428.9, 3126789.0 ], [ 4222589.8, 3126723.3 ], [ 4222639.7, 3126712.6 ], [ 4222656.2, 3126718.0 ], [ 4222588.3, 3126731.0 ], [ 4222529.8, 3126756.8 ], [ 4222519.1, 3126775.4 ], [ 4222526.4, 3126792.0 ], [ 4222515.7, 3126802.1 ], [ 4222378.1, 3126895.2 ], [ 4222247.3, 3126960.8 ], [ 4222138.5, 3126974.2 ], [ 4222101.7, 3126953.7 ], [ 4222045.3, 3126968.8 ], [ 4222032.5, 3126984.1 ], [ 4222011.1, 3126992.0 ], [ 4222006.0, 3127022.6 ], [ 4221953.7, 3127054.5 ], [ 4221931.7, 3127102.9 ], [ 4222013.1, 3127171.8 ], [ 4222085.7, 3127272.1 ], [ 4221745.6, 3127330.8 ], [ 4221715.2, 3127342.6 ], [ 4221701.4, 3127323.3 ], [ 4221684.5, 3127320.4 ], [ 4221625.4, 3127345.7 ], [ 4221600.8, 3127371.0 ], [ 4221466.3, 3127418.8 ], [ 4221450.5, 3127433.2 ], [ 4221401.4, 3127391.5 ], [ 4221309.9, 3127266.4 ], [ 4221282.2, 3127263.5 ], [ 4221272.4, 3127282.8 ], [ 4221277.5, 3127512.4 ], [ 4221328.7, 3127599.8 ], [ 4221308.0, 3127672.6 ], [ 4221186.1, 3127628.8 ], [ 4221170.2, 3127438.4 ], [ 4221154.3, 3127419.1 ], [ 4221078.7, 3127416.1 ], [ 4220873.3, 3127426.8 ], [ 4220665.1, 3127420.1 ], [ 4220648.6, 3127412.1 ], [ 4220566.6, 3127424.4 ], [ 4220572.4, 3127403.8 ], [ 4220558.0, 3127388.1 ], [ 4220480.4, 3127388.4 ], [ 4220462.7, 3127397.9 ], [ 4220459.4, 3127423.9 ], [ 4220443.9, 3127429.7 ], [ 4220436.9, 3127442.2 ], [ 4220446.3, 3127464.3 ], [ 4220504.8, 3127480.3 ], [ 4220541.1, 3127465.9 ], [ 4220606.9, 3127476.0 ], [ 4220625.1, 3127469.4 ], [ 4220689.8, 3127486.2 ], [ 4220714.6, 3127494.7 ], [ 4220711.0, 3127512.4 ], [ 4220722.0, 3127526.9 ], [ 4220766.1, 3127541.7 ], [ 4220822.0, 3127542.0 ], [ 4220873.5, 3127561.5 ], [ 4220889.7, 3127584.1 ], [ 4221054.7, 3127597.6 ], [ 4221050.4, 3127633.2 ], [ 4221059.5, 3127647.7 ], [ 4221094.7, 3127651.0 ], [ 4221175.1, 3127677.6 ], [ 4221209.5, 3127707.4 ], [ 4221252.5, 3127724.5 ], [ 4221369.9, 3127844.3 ], [ 4221431.3, 3127879.8 ], [ 4221580.6, 3127908.7 ], [ 4221722.2, 3127950.5 ], [ 4221817.4, 3127966.6 ], [ 4221832.8, 3127960.7 ], [ 4221874.7, 3127920.9 ], [ 4221936.8, 3127992.0 ], [ 4221962.1, 3128061.5 ], [ 4221883.8, 3128236.0 ], [ 4221801.9, 3128283.0 ], [ 4221795.6, 3128309.4 ], [ 4221805.6, 3128319.8 ], [ 4221863.4, 3128338.3 ], [ 4222132.7, 3128398.8 ], [ 4222104.1, 3128429.7 ], [ 4222095.6, 3128466.7 ], [ 4222075.0, 3128504.0 ], [ 4222084.0, 3128595.3 ], [ 4222049.6, 3128644.9 ], [ 4222019.9, 3128729.8 ], [ 4222004.9, 3128743.5 ], [ 4221936.8, 3128742.1 ], [ 4221921.3, 3128636.4 ], [ 4221904.6, 3128621.1 ], [ 4221863.2, 3128609.0 ], [ 4221839.4, 3128617.3 ], [ 4221817.0, 3128662.9 ], [ 4221644.2, 3128738.5 ], [ 4221630.8, 3128720.5 ], [ 4221497.0, 3128664.4 ], [ 4221373.3, 3128661.9 ], [ 4221346.7, 3128686.7 ], [ 4221290.5, 3128592.9 ], [ 4221271.5, 3128582.2 ], [ 4221254.8, 3128590.0 ], [ 4221092.0, 3128785.6 ], [ 4221056.9, 3128770.4 ], [ 4221031.4, 3128768.5 ], [ 4220942.7, 3128806.4 ], [ 4220768.3, 3128841.0 ], [ 4220673.1, 3128499.1 ], [ 4220632.4, 3128417.4 ], [ 4220605.3, 3128339.7 ], [ 4220555.4, 3128252.3 ], [ 4220546.9, 3128215.9 ], [ 4220535.6, 3128204.9 ], [ 4220537.4, 3128182.6 ], [ 4220622.6, 3128208.1 ], [ 4220667.7, 3128195.9 ], [ 4220759.8, 3128148.2 ], [ 4220893.7, 3128106.4 ], [ 4220933.1, 3128078.2 ], [ 4220917.3, 3128000.9 ], [ 4220902.9, 3127990.8 ], [ 4220825.7, 3127974.9 ], [ 4220807.0, 3127953.6 ], [ 4220689.6, 3127941.7 ], [ 4220658.6, 3127919.0 ], [ 4220403.4, 3127830.4 ], [ 4220370.6, 3127798.8 ], [ 4220379.0, 3127763.6 ], [ 4220360.7, 3127745.0 ], [ 4220340.5, 3127751.7 ], [ 4220319.3, 3127797.8 ], [ 4220314.5, 3127840.3 ], [ 4220320.1, 3127874.2 ], [ 4220285.8, 3127875.5 ], [ 4220223.0, 3127747.6 ], [ 4220211.7, 3127703.0 ], [ 4220207.3, 3127607.7 ], [ 4220187.8, 3127573.2 ], [ 4220186.0, 3127552.9 ], [ 4220215.4, 3127488.2 ], [ 4220237.5, 3127467.9 ], [ 4220296.2, 3127455.9 ], [ 4220390.4, 3127460.4 ], [ 4220406.1, 3127446.1 ], [ 4220404.5, 3127428.3 ], [ 4220390.2, 3127417.6 ], [ 4220308.6, 3127404.4 ], [ 4220304.0, 3127387.6 ], [ 4220288.6, 3127379.5 ], [ 4220266.8, 3127387.4 ], [ 4220258.3, 3127408.0 ], [ 4220239.4, 3127399.6 ], [ 4220199.8, 3127407.7 ], [ 4220183.4, 3127403.3 ], [ 4220171.2, 3127369.9 ], [ 4220083.7, 3127304.9 ], [ 4220122.6, 3127206.5 ], [ 4220110.1, 3127182.0 ], [ 4220088.9, 3127183.7 ], [ 4220005.1, 3127262.1 ], [ 4219971.6, 3127252.3 ], [ 4219957.1, 3127255.6 ], [ 4219948.0, 3127267.3 ], [ 4219942.4, 3127304.2 ], [ 4220028.4, 3127431.8 ], [ 4220018.5, 3127440.8 ], [ 4219974.2, 3127462.2 ], [ 4219835.5, 3127560.0 ], [ 4219790.0, 3127607.1 ], [ 4219700.3, 3127489.7 ], [ 4219701.2, 3127462.6 ], [ 4219689.4, 3127454.4 ], [ 4219658.1, 3127452.9 ], [ 4219537.7, 3127571.8 ], [ 4219477.2, 3127593.5 ], [ 4219482.1, 3127570.8 ], [ 4219472.6, 3127555.3 ], [ 4219454.7, 3127552.2 ], [ 4219432.7, 3127565.0 ], [ 4219278.6, 3127757.8 ], [ 4219275.0, 3127772.3 ], [ 4219284.5, 3127788.2 ], [ 4219377.2, 3127830.4 ], [ 4219384.7, 3127847.4 ], [ 4219416.0, 3127861.2 ], [ 4219413.7, 3127932.6 ], [ 4219433.1, 3127952.7 ], [ 4219424.8, 3127985.1 ], [ 4219412.5, 3128010.0 ], [ 4219197.8, 3128283.6 ], [ 4219126.1, 3128307.4 ], [ 4219117.1, 3128332.2 ], [ 4219141.8, 3128356.9 ], [ 4219179.5, 3128352.5 ], [ 4219208.4, 3128360.6 ], [ 4219239.1, 3128342.7 ], [ 4219290.6, 3128274.5 ], [ 4219351.7, 3128307.1 ], [ 4219368.2, 3128300.3 ], [ 4219390.3, 3128271.1 ], [ 4219447.6, 3128305.0 ], [ 4219413.9, 3128402.3 ], [ 4219375.1, 3128434.2 ], [ 4219369.1, 3128453.9 ], [ 4219385.4, 3128471.1 ], [ 4219458.0, 3128482.4 ], [ 4219454.9, 3128502.7 ], [ 4219440.6, 3128528.6 ], [ 4219411.3, 3128517.5 ], [ 4219396.8, 3128520.9 ], [ 4219306.7, 3128485.6 ], [ 4219293.3, 3128454.7 ], [ 4219242.6, 3128444.6 ], [ 4219257.9, 3128430.8 ], [ 4219257.9, 3128410.5 ], [ 4219223.4, 3128366.9 ], [ 4219203.3, 3128362.2 ], [ 4219161.6, 3128409.4 ], [ 4219097.4, 3128509.1 ], [ 4219099.9, 3128529.7 ], [ 4219123.3, 3128551.6 ], [ 4219092.7, 3128593.1 ], [ 4219097.9, 3128606.3 ], [ 4219122.8, 3128625.2 ], [ 4219253.5, 3128657.9 ], [ 4219343.6, 3128623.2 ], [ 4219476.3, 3128612.5 ], [ 4219589.0, 3128572.7 ], [ 4219588.3, 3128592.1 ], [ 4219608.4, 3128621.0 ], [ 4219442.2, 3128741.4 ], [ 4219415.4, 3128779.0 ], [ 4219398.4, 3128759.1 ], [ 4219374.7, 3128762.0 ], [ 4219349.3, 3128786.9 ], [ 4219355.0, 3128811.0 ], [ 4219386.8, 3128814.4 ], [ 4219415.3, 3128799.1 ], [ 4219575.9, 3128874.3 ], [ 4219592.5, 3128869.4 ], [ 4219618.0, 3128840.8 ], [ 4219750.0, 3128964.6 ], [ 4219907.5, 3128960.5 ], [ 4220054.9, 3129053.7 ], [ 4219983.6, 3129060.3 ], [ 4219963.8, 3129071.6 ], [ 4219954.9, 3129083.1 ], [ 4219952.3, 3129108.1 ], [ 4219960.7, 3129128.1 ], [ 4219935.2, 3129138.8 ], [ 4219915.2, 3129131.8 ], [ 4219897.2, 3129102.0 ], [ 4219837.1, 3129095.2 ], [ 4219816.4, 3129083.4 ], [ 4219775.2, 3129038.8 ], [ 4219729.1, 3129007.6 ], [ 4219662.3, 3129003.5 ], [ 4219583.9, 3128958.8 ], [ 4219481.0, 3128933.9 ], [ 4219459.9, 3128914.7 ], [ 4219399.9, 3128902.9 ], [ 4219384.8, 3128882.6 ], [ 4219343.2, 3128878.2 ], [ 4219291.1, 3128908.2 ], [ 4219226.7, 3128979.0 ], [ 4219226.6, 3128999.1 ], [ 4219255.2, 3129031.3 ], [ 4219072.2, 3129114.4 ], [ 4219028.9, 3128994.6 ], [ 4219069.6, 3128992.9 ], [ 4219081.5, 3128980.4 ], [ 4219082.1, 3128966.6 ], [ 4219044.0, 3128928.5 ], [ 4219023.8, 3128925.6 ], [ 4219001.1, 3128941.8 ], [ 4218996.5, 3128974.8 ], [ 4218970.4, 3129010.6 ], [ 4218976.3, 3129036.4 ], [ 4218968.2, 3129059.3 ], [ 4218996.1, 3129107.2 ], [ 4219006.0, 3129152.5 ], [ 4218993.9, 3129222.0 ], [ 4218844.2, 3129148.0 ], [ 4218767.7, 3129127.7 ], [ 4218754.1, 3129132.8 ], [ 4218746.2, 3129149.0 ], [ 4218756.5, 3129176.1 ], [ 4218811.0, 3129213.8 ], [ 4218819.0, 3129240.7 ], [ 4218836.3, 3129244.2 ], [ 4218878.2, 3129228.5 ], [ 4218956.0, 3129255.8 ], [ 4218948.0, 3129287.2 ], [ 4218953.2, 3129303.7 ], [ 4219020.5, 3129325.1 ], [ 4219026.4, 3129328.3 ], [ 4219022.7, 3129340.8 ], [ 4218833.3, 3129370.8 ], [ 4218762.2, 3129375.1 ], [ 4218746.6, 3129402.6 ], [ 4218752.5, 3129493.0 ], [ 4218678.2, 3129509.9 ], [ 4218640.0, 3129474.1 ], [ 4218601.8, 3129484.1 ], [ 4218585.3, 3129479.5 ], [ 4218553.2, 3129414.8 ], [ 4218519.3, 3129387.4 ], [ 4218496.4, 3129388.7 ], [ 4218378.2, 3129333.6 ], [ 4218342.3, 3129321.1 ], [ 4218328.1, 3129323.5 ], [ 4218317.3, 3129337.6 ], [ 4218322.7, 3129358.0 ], [ 4218430.2, 3129427.9 ], [ 4218458.0, 3129438.4 ], [ 4218489.0, 3129471.6 ], [ 4218506.7, 3129504.3 ], [ 4218537.2, 3129519.2 ], [ 4218553.9, 3129538.3 ], [ 4218533.6, 3129553.5 ], [ 4218445.6, 3129571.6 ], [ 4218373.3, 3129574.6 ], [ 4218365.5, 3129556.5 ], [ 4218349.7, 3129549.7 ], [ 4218228.0, 3129558.6 ], [ 4218241.6, 3129535.4 ], [ 4218285.7, 3129533.5 ], [ 4218343.3, 3129515.7 ], [ 4218348.0, 3129498.5 ], [ 4218325.3, 3129436.8 ], [ 4218212.6, 3129403.1 ], [ 4218200.0, 3129389.7 ], [ 4218091.1, 3129343.3 ], [ 4218005.5, 3129330.4 ], [ 4217983.5, 3129334.9 ], [ 4217974.2, 3129350.1 ], [ 4217967.0, 3129415.8 ], [ 4217977.9, 3129518.4 ], [ 4217997.7, 3129538.9 ], [ 4218118.1, 3129593.8 ], [ 4218132.5, 3129627.4 ], [ 4218148.4, 3129635.2 ], [ 4218144.4, 3129665.6 ], [ 4218096.0, 3129809.6 ], [ 4218009.3, 3129974.2 ], [ 4217921.3, 3129905.0 ], [ 4217874.0, 3129891.1 ], [ 4217854.4, 3129904.2 ], [ 4217767.4, 3129864.6 ], [ 4217747.3, 3129869.2 ], [ 4217702.2, 3130035.1 ], [ 4217629.3, 3130166.4 ], [ 4217588.5, 3130404.3 ], [ 4217603.3, 3130688.8 ], [ 4217589.1, 3130730.3 ], [ 4217555.3, 3130771.8 ], [ 4217552.5, 3130786.4 ], [ 4217559.7, 3130799.5 ], [ 4217586.5, 3130811.4 ], [ 4217653.3, 3130866.6 ], [ 4217661.6, 3130884.2 ], [ 4217694.5, 3130905.5 ], [ 4217687.8, 3130924.0 ], [ 4217619.4, 3130904.5 ], [ 4217550.5, 3130868.9 ], [ 4217503.6, 3130876.0 ], [ 4217479.0, 3130929.8 ], [ 4217458.8, 3130921.9 ], [ 4217441.4, 3130926.5 ], [ 4217411.8, 3130990.0 ], [ 4217367.1, 3131046.1 ], [ 4217337.0, 3131142.7 ], [ 4217349.1, 3131167.4 ], [ 4217340.0, 3131201.4 ], [ 4217311.1, 3131196.3 ], [ 4217294.6, 3131205.0 ], [ 4217286.9, 3131241.3 ], [ 4217229.8, 3131312.2 ], [ 4217210.9, 3131370.4 ], [ 4217204.9, 3131419.3 ], [ 4217216.4, 3131437.3 ], [ 4217243.6, 3131432.5 ], [ 4217351.3, 3131444.5 ], [ 4217368.0, 3131431.2 ], [ 4217394.6, 3131353.3 ], [ 4217498.9, 3131345.3 ], [ 4217486.8, 3131462.8 ], [ 4217509.2, 3131564.1 ], [ 4217531.1, 3131578.3 ], [ 4217593.7, 3131564.7 ], [ 4217638.3, 3131722.7 ], [ 4217586.4, 3131740.5 ], [ 4217486.5, 3131722.4 ], [ 4217379.0, 3131720.4 ], [ 4217368.4, 3131734.7 ], [ 4217363.0, 3131806.1 ], [ 4217308.9, 3131829.1 ], [ 4217279.0, 3131854.9 ], [ 4217234.7, 3131995.0 ], [ 4217192.2, 3132010.6 ], [ 4217184.3, 3132030.8 ], [ 4217201.9, 3132052.3 ], [ 4217204.4, 3132072.1 ], [ 4217248.0, 3132118.4 ], [ 4217417.6, 3132193.4 ], [ 4217329.9, 3132374.3 ], [ 4217341.8, 3132546.2 ], [ 4217383.6, 3132641.1 ], [ 4217401.9, 3132651.1 ], [ 4217429.2, 3132639.6 ], [ 4217475.4, 3132715.1 ], [ 4217492.8, 3132720.0 ], [ 4217509.2, 3132737.3 ], [ 4217534.3, 3132730.5 ], [ 4217540.3, 3132704.2 ], [ 4217453.0, 3132544.4 ], [ 4217542.7, 3132521.4 ], [ 4217625.8, 3132654.4 ], [ 4217720.7, 3132750.6 ], [ 4217531.4, 3132936.5 ], [ 4217535.9, 3132957.3 ], [ 4217583.6, 3132995.7 ], [ 4217571.7, 3133030.1 ], [ 4217598.1, 3133075.5 ], [ 4217584.6, 3133082.7 ], [ 4217513.3, 3133061.2 ], [ 4217493.1, 3133073.0 ], [ 4217449.6, 3133041.8 ], [ 4217354.0, 3133028.3 ], [ 4217277.7, 3133032.4 ], [ 4217263.7, 3133051.2 ], [ 4217272.7, 3133092.7 ], [ 4217188.9, 3133106.7 ], [ 4217141.6, 3133141.5 ], [ 4217044.4, 3133168.7 ], [ 4217006.7, 3133187.8 ], [ 4216897.4, 3133206.3 ], [ 4216876.0, 3133240.0 ], [ 4216893.9, 3133275.0 ], [ 4216820.6, 3133352.2 ], [ 4216812.8, 3133386.0 ], [ 4216824.0, 3133403.4 ], [ 4216892.7, 3133396.6 ], [ 4216955.0, 3133307.8 ], [ 4216993.0, 3133276.5 ], [ 4217036.6, 3133260.7 ], [ 4217059.8, 3133305.9 ], [ 4217034.5, 3133330.8 ], [ 4217023.3, 3133408.4 ], [ 4217048.2, 3133476.0 ], [ 4217070.1, 3133486.2 ], [ 4217177.0, 3133451.7 ], [ 4217210.8, 3133563.5 ], [ 4217143.5, 3133619.1 ], [ 4217085.1, 3133640.6 ], [ 4217076.0, 3133656.4 ], [ 4217081.9, 3133673.6 ], [ 4217117.4, 3133706.7 ], [ 4217108.4, 3133741.6 ], [ 4217115.4, 3133811.9 ], [ 4217130.6, 3133827.2 ], [ 4217230.9, 3133838.9 ], [ 4217262.9, 3133939.4 ], [ 4217356.7, 3134068.4 ], [ 4217308.7, 3134103.2 ], [ 4217275.6, 3134065.1 ], [ 4217221.9, 3134029.7 ], [ 4217155.6, 3134000.3 ], [ 4217114.1, 3134002.4 ], [ 4217078.4, 3134032.7 ], [ 4217073.0, 3134050.2 ], [ 4217079.9, 3134063.3 ], [ 4217162.9, 3134110.4 ], [ 4217296.2, 3134213.5 ], [ 4217306.8, 3134229.0 ], [ 4217304.9, 3134250.0 ], [ 4217289.6, 3134259.4 ], [ 4217156.0, 3134251.7 ], [ 4217143.7, 3134264.9 ], [ 4217147.6, 3134285.9 ], [ 4217264.3, 3134350.7 ], [ 4217376.5, 3134366.4 ], [ 4217394.0, 3134360.2 ], [ 4217399.9, 3134339.0 ], [ 4217355.0, 3134291.4 ], [ 4217392.8, 3134285.4 ], [ 4217418.7, 3134267.6 ], [ 4217478.5, 3134306.0 ], [ 4217499.7, 3134304.8 ], [ 4217509.6, 3134282.5 ], [ 4217492.9, 3134257.2 ], [ 4217401.8, 3134188.7 ], [ 4217376.4, 3134159.2 ], [ 4217503.2, 3134096.9 ], [ 4217579.2, 3134021.2 ], [ 4217705.6, 3134113.4 ], [ 4217842.6, 3134178.1 ], [ 4217861.3, 3134208.6 ], [ 4217858.1, 3134271.9 ], [ 4217905.3, 3134295.7 ], [ 4217889.5, 3134325.1 ], [ 4217901.3, 3134346.4 ], [ 4217935.7, 3134357.3 ], [ 4217953.3, 3134352.0 ], [ 4218005.9, 3134295.0 ], [ 4218045.9, 3134227.3 ], [ 4218064.5, 3134162.6 ], [ 4218071.1, 3134015.5 ], [ 4218052.5, 3134005.5 ], [ 4217908.2, 3134006.8 ], [ 4217893.0, 3133993.1 ], [ 4217885.4, 3133904.5 ], [ 4217842.1, 3133799.0 ], [ 4217733.5, 3133617.0 ], [ 4217643.0, 3133508.6 ], [ 4217660.4, 3133435.7 ], [ 4217674.3, 3133428.1 ], [ 4217686.6, 3133401.2 ], [ 4217680.1, 3133384.8 ], [ 4217642.5, 3133357.7 ], [ 4217652.1, 3133322.6 ], [ 4217701.9, 3133260.4 ], [ 4217727.1, 3133207.7 ], [ 4217721.9, 3133191.3 ], [ 4217699.6, 3133175.0 ], [ 4217800.6, 3133036.5 ], [ 4217800.6, 3133016.4 ], [ 4217775.9, 3132995.7 ], [ 4217869.5, 3132887.8 ], [ 4217973.2, 3132977.5 ], [ 4217915.5, 3133072.0 ], [ 4217918.0, 3133093.0 ], [ 4217996.9, 3133151.5 ], [ 4218012.5, 3133201.7 ], [ 4218049.9, 3133217.5 ], [ 4218081.3, 3133218.6 ], [ 4218087.9, 3133237.3 ], [ 4218076.4, 3133353.5 ], [ 4218067.2, 3133370.9 ], [ 4218070.7, 3133581.8 ], [ 4218065.2, 3133602.3 ], [ 4218083.1, 3133618.8 ], [ 4218120.8, 3133704.8 ], [ 4218153.5, 3133722.3 ], [ 4218188.3, 3133810.4 ], [ 4218202.2, 3133814.6 ], [ 4218225.2, 3133806.7 ], [ 4218235.8, 3133821.0 ], [ 4218253.8, 3133823.1 ], [ 4218280.4, 3133785.4 ], [ 4218184.4, 3133630.9 ], [ 4218185.3, 3133576.7 ], [ 4218161.4, 3133528.2 ], [ 4218139.4, 3133417.2 ], [ 4218155.0, 3133389.2 ], [ 4218156.1, 3133303.8 ], [ 4218179.7, 3133302.0 ], [ 4218190.6, 3133293.3 ], [ 4218197.5, 3133247.4 ], [ 4218392.1, 3133236.7 ], [ 4218453.6, 3133173.5 ], [ 4218479.3, 3133162.1 ], [ 4218480.2, 3133135.4 ], [ 4218455.9, 3133110.6 ], [ 4218516.1, 3133052.1 ], [ 4218722.2, 3133242.5 ], [ 4218738.2, 3133305.1 ], [ 4218799.7, 3133362.7 ], [ 4218818.5, 3133514.8 ], [ 4218764.6, 3133637.2 ], [ 4218816.8, 3133686.2 ], [ 4218848.3, 3133737.4 ], [ 4218873.6, 3133752.5 ], [ 4218893.1, 3133748.1 ], [ 4218981.8, 3133629.5 ], [ 4219027.0, 3133553.4 ], [ 4219049.5, 3133537.3 ], [ 4219095.6, 3133407.9 ], [ 4219152.9, 3133444.8 ], [ 4219179.8, 3133442.7 ], [ 4219193.9, 3133426.7 ], [ 4219200.3, 3133376.3 ], [ 4219196.9, 3133269.7 ], [ 4219218.6, 3133087.8 ], [ 4219175.8, 3132932.0 ], [ 4219187.7, 3132877.8 ], [ 4219181.8, 3132825.4 ], [ 4219202.2, 3132721.3 ], [ 4219221.1, 3132531.0 ], [ 4219205.6, 3132287.0 ], [ 4219233.7, 3132241.7 ], [ 4219239.6, 3132217.4 ], [ 4219345.9, 3132215.7 ], [ 4219358.9, 3132239.3 ], [ 4219365.0, 3132375.9 ], [ 4219349.4, 3132419.4 ], [ 4219364.3, 3132444.5 ], [ 4219372.3, 3132480.8 ], [ 4219384.4, 3132490.5 ], [ 4219282.0, 3132869.2 ], [ 4219290.1, 3132916.8 ], [ 4219368.3, 3133043.0 ], [ 4219384.1, 3133091.0 ], [ 4219396.2, 3133231.4 ], [ 4219393.7, 3133438.5 ], [ 4219410.7, 3133450.4 ], [ 4219552.5, 3133448.7 ], [ 4219613.6, 3133431.2 ], [ 4219701.5, 3133373.7 ], [ 4219806.4, 3133275.6 ], [ 4219860.3, 3133251.1 ], [ 4219877.7, 3133219.8 ], [ 4219934.3, 3133229.9 ], [ 4219925.8, 3133301.8 ], [ 4219836.2, 3133367.6 ], [ 4219745.0, 3133461.0 ], [ 4219738.9, 3133476.8 ], [ 4219746.3, 3133492.6 ], [ 4219737.1, 3133509.8 ], [ 4219744.3, 3133528.3 ], [ 4219730.8, 3133538.3 ], [ 4219715.0, 3133546.1 ], [ 4219700.1, 3133520.8 ], [ 4219679.7, 3133517.7 ], [ 4219596.1, 3133560.0 ], [ 4219590.1, 3133580.3 ], [ 4219606.2, 3133599.6 ], [ 4219511.2, 3133627.1 ], [ 4219500.1, 3133595.9 ], [ 4219482.3, 3133586.8 ], [ 4219373.7, 3133603.0 ], [ 4219320.4, 3133622.6 ], [ 4219222.8, 3133743.7 ], [ 4219223.1, 3133764.8 ], [ 4219258.4, 3133797.6 ], [ 4219234.5, 3133853.7 ], [ 4219239.3, 3133867.0 ], [ 4219259.2, 3133881.0 ], [ 4219221.0, 3133978.6 ], [ 4219207.2, 3134044.7 ], [ 4219211.3, 3134058.5 ], [ 4219255.9, 3134100.1 ], [ 4219318.0, 3134140.9 ], [ 4219557.7, 3134245.1 ], [ 4219580.1, 3134260.0 ], [ 4219587.4, 3134276.3 ], [ 4219552.7, 3134245.9 ], [ 4219460.5, 3134253.3 ], [ 4219417.8, 3134273.8 ], [ 4219407.8, 3134322.5 ], [ 4219372.4, 3134324.6 ], [ 4219353.5, 3134312.0 ], [ 4219336.7, 3134312.5 ], [ 4219318.4, 3134328.7 ], [ 4219315.1, 3134348.1 ], [ 4219201.6, 3134413.4 ], [ 4219193.2, 3134435.0 ], [ 4219206.0, 3134451.2 ], [ 4219321.1, 3134463.2 ], [ 4219313.6, 3134497.6 ], [ 4219324.0, 3134575.6 ], [ 4219319.3, 3134594.1 ], [ 4219304.6, 3134605.1 ], [ 4219256.1, 3134607.4 ], [ 4219248.5, 3134620.2 ], [ 4219247.6, 3134660.5 ], [ 4219209.9, 3134660.6 ], [ 4219174.3, 3134673.1 ], [ 4219148.9, 3134637.3 ], [ 4219122.5, 3134640.4 ], [ 4219034.4, 3134741.3 ], [ 4218960.0, 3134871.0 ], [ 4218904.5, 3134933.0 ], [ 4218905.3, 3134967.9 ], [ 4218865.2, 3135065.8 ], [ 4218837.5, 3135170.9 ], [ 4218797.1, 3135411.4 ], [ 4218805.8, 3135532.8 ], [ 4218811.8, 3135552.8 ], [ 4218839.6, 3135582.2 ], [ 4218856.6, 3135670.4 ], [ 4218855.1, 3135700.3 ], [ 4218825.8, 3135737.3 ], [ 4218822.6, 3135769.2 ], [ 4218744.9, 3135781.7 ], [ 4218735.7, 3135796.0 ], [ 4218709.0, 3135808.5 ], [ 4218710.5, 3135837.3 ], [ 4218804.4, 3135964.4 ], [ 4218831.7, 3135962.5 ], [ 4218854.1, 3135925.6 ], [ 4218879.2, 3135955.8 ], [ 4218882.1, 3135980.1 ], [ 4218907.6, 3135990.0 ], [ 4218937.2, 3136026.9 ], [ 4218939.8, 3136047.2 ], [ 4219006.3, 3136115.4 ], [ 4219006.4, 3136141.7 ], [ 4219080.6, 3136217.3 ], [ 4219064.0, 3136281.4 ], [ 4219068.6, 3136297.7 ], [ 4219199.6, 3136381.6 ], [ 4219222.6, 3136373.8 ], [ 4219248.0, 3136341.7 ], [ 4219251.7, 3136316.8 ], [ 4219239.4, 3136304.1 ], [ 4219148.5, 3136267.1 ], [ 4219211.1, 3136175.1 ], [ 4219375.3, 3136268.5 ], [ 4219398.9, 3136262.6 ], [ 4219420.9, 3136213.9 ], [ 4219614.5, 3136284.1 ], [ 4219628.5, 3136279.2 ], [ 4219636.2, 3136266.5 ], [ 4219639.0, 3136180.3 ], [ 4219889.9, 3136158.4 ], [ 4220034.7, 3136157.2 ], [ 4220049.0, 3136223.1 ], [ 4219787.5, 3136434.7 ], [ 4219786.5, 3136455.8 ], [ 4219833.7, 3136518.6 ], [ 4219857.0, 3136516.6 ], [ 4219988.8, 3136381.5 ], [ 4220012.1, 3136371.2 ], [ 4220062.8, 3136365.1 ], [ 4220097.6, 3136309.4 ], [ 4220146.0, 3136264.5 ], [ 4220218.6, 3136232.2 ], [ 4220293.2, 3136225.7 ], [ 4220454.9, 3136248.3 ], [ 4220568.7, 3136321.3 ], [ 4220636.7, 3136344.3 ], [ 4220718.1, 3136341.3 ], [ 4220953.0, 3136300.0 ], [ 4220992.9, 3136306.5 ], [ 4221027.2, 3136334.6 ], [ 4221063.8, 3136403.8 ], [ 4221085.9, 3136429.7 ], [ 4221291.3, 3136599.1 ], [ 4221486.5, 3136721.5 ], [ 4221614.2, 3136769.4 ], [ 4221732.8, 3136788.0 ], [ 4221915.5, 3136793.9 ], [ 4221931.7, 3136786.3 ], [ 4221936.2, 3136765.5 ], [ 4221955.2, 3136753.8 ], [ 4221961.7, 3136740.4 ], [ 4222067.2, 3136752.4 ], [ 4222072.8, 3136773.8 ], [ 4222116.8, 3136830.1 ], [ 4222106.3, 3136847.8 ], [ 4222109.0, 3136862.6 ], [ 4222136.9, 3136880.0 ], [ 4222154.5, 3136869.2 ] ], [ [ 4221155.9, 3136302.8 ], [ 4221150.2, 3136237.8 ], [ 4221155.8, 3136228.8 ], [ 4221166.0, 3136237.7 ], [ 4221200.9, 3136342.3 ], [ 4221182.5, 3136344.3 ], [ 4221155.9, 3136302.8 ] ], [ [ 4221053.4, 3136202.4 ], [ 4221013.7, 3136198.7 ], [ 4220980.4, 3136178.7 ], [ 4220971.9, 3136133.3 ], [ 4220979.4, 3136123.3 ], [ 4221013.8, 3136121.0 ], [ 4221030.2, 3136148.7 ], [ 4221063.2, 3136180.6 ], [ 4221103.4, 3136190.9 ], [ 4221108.5, 3136218.0 ], [ 4221095.3, 3136219.6 ], [ 4221053.4, 3136202.4 ] ], [ [ 4220910.9, 3136012.2 ], [ 4220931.5, 3136002.5 ], [ 4220941.9, 3136056.8 ], [ 4220912.1, 3136083.7 ], [ 4220910.9, 3136012.2 ] ], [ [ 4218977.2, 3135753.9 ], [ 4219019.1, 3135781.6 ], [ 4219104.2, 3135884.2 ], [ 4219051.2, 3135910.7 ], [ 4219009.6, 3135837.4 ], [ 4218977.2, 3135753.9 ] ], [ [ 4220905.0, 3135825.8 ], [ 4220894.8, 3135772.8 ], [ 4220936.9, 3135788.2 ], [ 4220951.3, 3135777.6 ], [ 4220954.0, 3135763.4 ], [ 4220935.1, 3135730.9 ], [ 4220875.5, 3135709.5 ], [ 4220876.0, 3135689.6 ], [ 4220846.3, 3135611.3 ], [ 4220795.5, 3135381.1 ], [ 4220801.2, 3135338.5 ], [ 4220792.3, 3135312.9 ], [ 4220797.5, 3135303.8 ], [ 4220878.1, 3135426.0 ], [ 4220884.6, 3135473.2 ], [ 4220942.8, 3135652.1 ], [ 4220963.3, 3135666.0 ], [ 4220981.5, 3135725.3 ], [ 4220990.1, 3135788.4 ], [ 4220973.5, 3135796.2 ], [ 4220969.6, 3135817.7 ], [ 4221014.3, 3135895.9 ], [ 4220942.6, 3135877.3 ], [ 4220934.1, 3135871.3 ], [ 4220929.4, 3135845.2 ], [ 4220905.0, 3135825.8 ] ], [ [ 4221716.6, 3135658.1 ], [ 4221683.5, 3135596.1 ], [ 4221730.3, 3135573.3 ], [ 4221770.6, 3135639.8 ], [ 4221726.2, 3135663.0 ], [ 4221716.6, 3135658.1 ] ], [ [ 4221606.9, 3135630.0 ], [ 4221588.9, 3135647.3 ], [ 4221591.0, 3135626.8 ], [ 4221598.3, 3135621.6 ], [ 4221606.9, 3135630.0 ] ], [ [ 4219118.8, 3135421.7 ], [ 4219078.1, 3135459.6 ], [ 4219057.3, 3135390.8 ], [ 4219050.6, 3135306.8 ], [ 4219062.3, 3135238.7 ], [ 4219079.5, 3135243.8 ], [ 4219100.5, 3135268.9 ], [ 4219119.0, 3135274.1 ], [ 4219136.9, 3135296.0 ], [ 4219155.3, 3135297.3 ], [ 4219148.5, 3135348.3 ], [ 4219155.5, 3135411.7 ], [ 4219118.8, 3135421.7 ] ], [ [ 4220454.6, 3135755.1 ], [ 4220489.8, 3135796.1 ], [ 4220472.8, 3135814.3 ], [ 4220438.5, 3135779.9 ], [ 4220418.6, 3135776.4 ], [ 4220396.4, 3135737.5 ], [ 4220407.7, 3135728.6 ], [ 4220439.0, 3135752.6 ], [ 4220454.6, 3135755.1 ] ], [ [ 4219848.6, 3134870.5 ], [ 4219907.2, 3134886.6 ], [ 4219904.3, 3134938.8 ], [ 4219820.1, 3134939.0 ], [ 4219831.5, 3134887.0 ], [ 4219848.6, 3134870.5 ] ], [ [ 4221614.0, 3134765.4 ], [ 4221662.5, 3134747.6 ], [ 4221731.3, 3134727.8 ], [ 4221729.3, 3134757.2 ], [ 4221705.4, 3134819.0 ], [ 4221677.2, 3134815.6 ], [ 4221622.6, 3134790.6 ], [ 4221614.0, 3134765.4 ] ], [ [ 4219355.9, 3134707.0 ], [ 4219342.2, 3134632.5 ], [ 4219370.2, 3134654.6 ], [ 4219388.9, 3134712.7 ], [ 4219355.9, 3134707.0 ] ], [ [ 4219405.2, 3134379.0 ], [ 4219512.0, 3134338.6 ], [ 4219524.7, 3134353.7 ], [ 4219542.1, 3134355.5 ], [ 4219565.8, 3134327.5 ], [ 4219580.8, 3134331.6 ], [ 4219598.4, 3134351.7 ], [ 4219570.4, 3134389.8 ], [ 4219543.5, 3134372.9 ], [ 4219514.5, 3134380.4 ], [ 4219495.2, 3134370.2 ], [ 4219409.4, 3134401.2 ], [ 4219405.2, 3134379.0 ] ], [ [ 4220272.7, 3134226.8 ], [ 4220277.5, 3134185.8 ], [ 4220266.3, 3134125.8 ], [ 4220275.9, 3134092.8 ], [ 4220297.9, 3134171.5 ], [ 4220312.8, 3134194.0 ], [ 4220299.8, 3134228.5 ], [ 4220272.7, 3134226.8 ] ], [ [ 4221562.4, 3134131.6 ], [ 4221565.8, 3134048.1 ], [ 4221601.1, 3134057.7 ], [ 4221626.1, 3134042.3 ], [ 4221657.8, 3134043.7 ], [ 4221687.1, 3134056.2 ], [ 4221666.0, 3134059.8 ], [ 4221632.9, 3134090.2 ], [ 4221595.1, 3134096.7 ], [ 4221562.4, 3134131.6 ] ], [ [ 4219966.9, 3134197.4 ], [ 4219849.1, 3134206.2 ], [ 4219844.8, 3134200.5 ], [ 4219920.7, 3134186.1 ], [ 4219934.9, 3134166.0 ], [ 4219966.9, 3134197.4 ] ], [ [ 4219767.0, 3133940.1 ], [ 4219991.4, 3134017.5 ], [ 4220023.9, 3134007.7 ], [ 4220044.2, 3133974.3 ], [ 4220050.0, 3133935.3 ], [ 4220065.3, 3133940.2 ], [ 4220084.7, 3133973.1 ], [ 4220065.6, 3134004.9 ], [ 4220013.2, 3134040.4 ], [ 4219800.7, 3133968.1 ], [ 4219763.7, 3133949.3 ], [ 4219767.0, 3133940.1 ] ], [ [ 4220380.6, 3133897.7 ], [ 4220421.6, 3133781.7 ], [ 4220461.2, 3133809.7 ], [ 4220405.7, 3133906.9 ], [ 4220380.6, 3133897.7 ] ], [ [ 4219635.1, 3133633.0 ], [ 4219614.7, 3133600.8 ], [ 4219698.5, 3133568.4 ], [ 4219709.3, 3133593.5 ], [ 4219699.6, 3133606.6 ], [ 4219635.1, 3133633.0 ] ], [ [ 4221033.7, 3133427.4 ], [ 4221056.1, 3133278.4 ], [ 4221075.1, 3133280.1 ], [ 4221078.1, 3133301.3 ], [ 4221066.0, 3133321.7 ], [ 4221055.0, 3133385.3 ], [ 4221056.3, 3133420.7 ], [ 4221043.6, 3133438.7 ], [ 4221040.2, 3133463.1 ], [ 4221032.8, 3133456.1 ], [ 4221033.7, 3133427.4 ] ], [ [ 4221697.3, 3133425.5 ], [ 4221729.5, 3133350.0 ], [ 4221807.1, 3133364.0 ], [ 4221806.8, 3133377.9 ], [ 4221780.5, 3133374.9 ], [ 4221765.9, 3133384.3 ], [ 4221758.2, 3133433.2 ], [ 4221697.3, 3133425.5 ] ], [ [ 4220118.0, 3132885.5 ], [ 4220145.4, 3132833.0 ], [ 4220156.0, 3132834.5 ], [ 4220160.7, 3132850.7 ], [ 4220138.5, 3132957.0 ], [ 4220139.4, 3133018.5 ], [ 4220125.3, 3133040.1 ], [ 4220078.5, 3133058.4 ], [ 4220059.7, 3133134.7 ], [ 4220037.1, 3133173.4 ], [ 4220016.7, 3133165.9 ], [ 4220026.3, 3133128.4 ], [ 4220021.7, 3133109.8 ], [ 4220106.4, 3133027.4 ], [ 4220108.7, 3132961.9 ], [ 4220121.8, 3132902.7 ], [ 4220118.0, 3132885.5 ] ], [ [ 4221861.6, 3133058.5 ], [ 4221881.0, 3133070.0 ], [ 4221881.7, 3133108.8 ], [ 4221825.8, 3133104.7 ], [ 4221824.7, 3133078.6 ], [ 4221861.6, 3133058.5 ] ], [ [ 4221664.8, 3132871.4 ], [ 4221699.3, 3132857.0 ], [ 4221719.4, 3132914.7 ], [ 4221686.7, 3132927.4 ], [ 4221664.8, 3132871.4 ] ], [ [ 4222123.5, 3132566.6 ], [ 4222187.3, 3132580.8 ], [ 4222173.8, 3132623.6 ], [ 4222115.8, 3132607.2 ], [ 4222123.5, 3132566.6 ] ], [ [ 4221510.8, 3132483.6 ], [ 4221551.2, 3132480.0 ], [ 4221551.6, 3132551.1 ], [ 4221512.5, 3132552.5 ], [ 4221510.8, 3132483.6 ] ], [ [ 4220047.3, 3132300.0 ], [ 4220060.3, 3132211.7 ], [ 4220088.9, 3132202.0 ], [ 4220089.6, 3132289.6 ], [ 4220076.7, 3132324.1 ], [ 4220077.9, 3132381.1 ], [ 4220056.7, 3132354.8 ], [ 4220056.1, 3132315.4 ], [ 4220047.3, 3132300.0 ] ], [ [ 4221443.4, 3132203.7 ], [ 4221353.8, 3132183.9 ], [ 4221357.4, 3132170.8 ], [ 4221394.7, 3132178.2 ], [ 4221438.7, 3132162.9 ], [ 4221443.4, 3132203.7 ] ], [ [ 4217883.2, 3132127.5 ], [ 4218001.6, 3132221.6 ], [ 4218073.9, 3132256.5 ], [ 4218109.7, 3132309.7 ], [ 4218104.1, 3132323.0 ], [ 4218086.3, 3132325.6 ], [ 4218043.8, 3132357.4 ], [ 4217972.5, 3132258.2 ], [ 4217868.2, 3132174.6 ], [ 4217797.2, 3132170.2 ], [ 4217745.1, 3132235.0 ], [ 4217640.3, 3132173.4 ], [ 4217708.9, 3132059.0 ], [ 4217749.1, 3132021.0 ], [ 4217839.3, 3132071.4 ], [ 4217833.8, 3132098.5 ], [ 4217840.1, 3132111.9 ], [ 4217883.2, 3132127.5 ] ], [ [ 4220082.8, 3132021.1 ], [ 4220098.1, 3131995.4 ], [ 4220124.5, 3131987.2 ], [ 4220123.7, 3132134.3 ], [ 4220103.3, 3132157.9 ], [ 4220075.0, 3132139.1 ], [ 4220073.2, 3132110.3 ], [ 4220095.2, 3132073.6 ], [ 4220079.3, 3132047.6 ], [ 4220082.8, 3132021.1 ] ], [ [ 4218199.1, 3132868.2 ], [ 4218180.2, 3132919.2 ], [ 4218156.2, 3132932.0 ], [ 4218144.1, 3132964.3 ], [ 4218156.1, 3132994.7 ], [ 4218149.4, 3133039.3 ], [ 4218140.0, 3133046.9 ], [ 4218123.4, 3133037.4 ], [ 4218139.1, 3132922.1 ], [ 4218146.8, 3132739.8 ], [ 4218173.9, 3132711.3 ], [ 4218203.0, 3132792.9 ], [ 4218199.1, 3132868.2 ] ], [ [ 4217287.7, 3133296.6 ], [ 4217359.2, 3133313.3 ], [ 4217377.3, 3133324.6 ], [ 4217477.7, 3133313.1 ], [ 4217484.2, 3133322.0 ], [ 4217460.9, 3133499.2 ], [ 4217306.4, 3133491.4 ], [ 4217303.4, 3133437.4 ], [ 4217294.4, 3133421.5 ], [ 4217238.5, 3133405.1 ], [ 4217169.5, 3133406.1 ], [ 4217166.0, 3133375.2 ], [ 4217175.9, 3133341.5 ], [ 4217199.1, 3133289.3 ], [ 4217234.6, 3133246.8 ], [ 4217287.7, 3133296.6 ] ], [ [ 4221202.5, 3131836.0 ], [ 4221208.5, 3131818.2 ], [ 4221226.8, 3131821.7 ], [ 4221215.2, 3131845.1 ], [ 4221202.5, 3131836.0 ] ], [ [ 4218444.0, 3131782.0 ], [ 4218479.0, 3131527.2 ], [ 4218570.1, 3131555.5 ], [ 4218543.6, 3131797.3 ], [ 4218444.0, 3131782.0 ] ], [ [ 4219212.7, 3131563.6 ], [ 4219215.3, 3131461.4 ], [ 4219170.8, 3131325.0 ], [ 4219150.0, 3131278.6 ], [ 4219094.0, 3131200.8 ], [ 4219107.0, 3131181.8 ], [ 4219096.5, 3131038.4 ], [ 4219097.3, 3130891.6 ], [ 4219088.7, 3130800.0 ], [ 4219080.7, 3130787.5 ], [ 4219065.5, 3130783.0 ], [ 4219275.9, 3130588.3 ], [ 4219300.4, 3130557.1 ], [ 4219298.8, 3130617.8 ], [ 4219271.3, 3130616.0 ], [ 4219143.1, 3130730.4 ], [ 4219135.6, 3130829.8 ], [ 4219163.6, 3131009.0 ], [ 4219158.1, 3131096.2 ], [ 4219169.7, 3131118.0 ], [ 4219155.4, 3131144.0 ], [ 4219158.3, 3131174.6 ], [ 4219169.5, 3131191.9 ], [ 4219187.3, 3131194.6 ], [ 4219239.6, 3131232.0 ], [ 4219269.2, 3131265.1 ], [ 4219274.5, 3131300.6 ], [ 4219269.6, 3131419.6 ], [ 4219279.9, 3131507.1 ], [ 4219291.5, 3131516.6 ], [ 4219306.5, 3131516.4 ], [ 4219434.5, 3131436.5 ], [ 4219346.3, 3131608.7 ], [ 4219363.4, 3131649.2 ], [ 4219366.9, 3131720.5 ], [ 4219229.1, 3131647.8 ], [ 4219195.7, 3131610.0 ], [ 4219212.7, 3131563.6 ] ], [ [ 4219864.9, 3131576.0 ], [ 4219896.4, 3131536.2 ], [ 4219933.0, 3131562.9 ], [ 4219898.6, 3131599.8 ], [ 4219864.9, 3131576.0 ] ], [ [ 4220374.2, 3131564.4 ], [ 4220402.2, 3131562.1 ], [ 4220425.6, 3131543.7 ], [ 4220447.5, 3131543.4 ], [ 4220449.4, 3131579.3 ], [ 4220436.6, 3131588.0 ], [ 4220383.8, 3131595.4 ], [ 4220367.0, 3131584.0 ], [ 4220374.2, 3131564.4 ] ], [ [ 4219483.2, 3130992.3 ], [ 4219554.8, 3130988.4 ], [ 4219562.8, 3131019.5 ], [ 4219478.3, 3131036.7 ], [ 4219470.9, 3131027.6 ], [ 4219473.8, 3131000.0 ], [ 4219483.2, 3130992.3 ] ], [ [ 4219817.8, 3130899.8 ], [ 4219845.5, 3130926.0 ], [ 4219842.6, 3130932.7 ], [ 4219808.7, 3130929.1 ], [ 4219817.8, 3130899.8 ] ], [ [ 4219637.2, 3130647.4 ], [ 4219652.2, 3130661.0 ], [ 4219630.0, 3130687.1 ], [ 4219613.0, 3130677.8 ], [ 4219637.2, 3130647.4 ] ], [ [ 4218248.2, 3130320.1 ], [ 4218237.1, 3130304.7 ], [ 4218240.9, 3130280.9 ], [ 4218222.7, 3130265.6 ], [ 4218199.9, 3130266.8 ], [ 4218119.0, 3130296.8 ], [ 4218115.3, 3130246.9 ], [ 4218090.0, 3130223.4 ], [ 4218061.2, 3130230.4 ], [ 4218041.8, 3130281.2 ], [ 4218036.1, 3130248.9 ], [ 4218017.8, 3130235.8 ], [ 4218018.3, 3130170.0 ], [ 4217985.3, 3130122.9 ], [ 4218010.1, 3130103.3 ], [ 4218051.4, 3130104.9 ], [ 4218086.2, 3130119.4 ], [ 4218101.7, 3130148.9 ], [ 4218152.7, 3130177.7 ], [ 4218263.9, 3130217.2 ], [ 4218284.3, 3130239.0 ], [ 4218343.4, 3130267.1 ], [ 4218369.1, 3130288.5 ], [ 4218371.5, 3130354.5 ], [ 4218352.9, 3130374.1 ], [ 4218336.6, 3130370.3 ], [ 4218268.8, 3130320.8 ], [ 4218248.2, 3130320.1 ] ], [ [ 4220004.0, 3130048.6 ], [ 4220025.9, 3130025.7 ], [ 4220024.1, 3130054.3 ], [ 4220004.0, 3130048.6 ] ], [ [ 4220423.5, 3129975.3 ], [ 4220397.9, 3129960.0 ], [ 4220374.7, 3129970.7 ], [ 4220294.5, 3129972.2 ], [ 4220276.4, 3129956.5 ], [ 4220211.9, 3129954.8 ], [ 4220211.1, 3129928.1 ], [ 4220237.7, 3129899.3 ], [ 4220281.9, 3129891.8 ], [ 4220310.5, 3129876.7 ], [ 4220329.0, 3129880.8 ], [ 4220371.2, 3129870.7 ], [ 4220384.8, 3129859.2 ], [ 4220427.7, 3129861.2 ], [ 4220467.1, 3129850.9 ], [ 4220447.0, 3129873.2 ], [ 4220428.4, 3129914.7 ], [ 4220423.5, 3129975.3 ] ], [ [ 4219671.9, 3129858.0 ], [ 4219686.1, 3129908.9 ], [ 4219678.2, 3129925.5 ], [ 4219535.1, 3129872.8 ], [ 4219512.1, 3129830.5 ], [ 4219469.7, 3129796.8 ], [ 4219501.1, 3129763.0 ], [ 4219499.3, 3129741.3 ], [ 4219383.4, 3129622.7 ], [ 4219399.6, 3129587.8 ], [ 4219397.2, 3129570.2 ], [ 4219282.7, 3129476.6 ], [ 4219292.1, 3129456.8 ], [ 4219283.8, 3129438.0 ], [ 4219242.2, 3129419.4 ], [ 4219211.0, 3129392.6 ], [ 4219146.8, 3129389.6 ], [ 4219148.9, 3129347.4 ], [ 4219160.9, 3129338.3 ], [ 4219173.3, 3129352.8 ], [ 4219260.1, 3129386.7 ], [ 4219302.1, 3129383.6 ], [ 4219334.5, 3129352.7 ], [ 4219377.2, 3129422.4 ], [ 4219368.7, 3129437.6 ], [ 4219371.6, 3129451.5 ], [ 4219439.5, 3129530.8 ], [ 4219452.7, 3129558.8 ], [ 4219509.4, 3129602.7 ], [ 4219526.2, 3129661.9 ], [ 4219553.4, 3129681.2 ], [ 4219577.9, 3129724.1 ], [ 4219647.0, 3129757.0 ], [ 4219674.2, 3129784.4 ], [ 4219671.9, 3129858.0 ] ], [ [ 4220933.9, 3129723.3 ], [ 4220954.6, 3129720.9 ], [ 4221000.6, 3129736.8 ], [ 4221014.4, 3129780.7 ], [ 4220997.1, 3129782.8 ], [ 4220985.8, 3129763.0 ], [ 4220933.9, 3129723.3 ] ], [ [ 4220962.8, 3129636.4 ], [ 4220836.8, 3129320.9 ], [ 4220838.9, 3129304.9 ], [ 4220999.4, 3129362.4 ], [ 4220994.5, 3129368.4 ], [ 4220891.7, 3129333.0 ], [ 4220878.4, 3129337.6 ], [ 4220870.0, 3129352.8 ], [ 4220955.7, 3129571.3 ], [ 4220968.7, 3129578.4 ], [ 4220986.1, 3129574.7 ], [ 4221019.6, 3129538.7 ], [ 4220962.8, 3129636.4 ] ], [ [ 4221118.5, 3129538.2 ], [ 4221147.0, 3129486.7 ], [ 4221226.8, 3129531.6 ], [ 4221235.6, 3129545.2 ], [ 4221220.6, 3129588.3 ], [ 4221210.4, 3129594.0 ], [ 4221118.5, 3129538.2 ] ], [ [ 4221606.1, 3129416.4 ], [ 4221594.7, 3129366.9 ], [ 4221603.0, 3129353.5 ], [ 4221635.2, 3129351.8 ], [ 4221654.3, 3129318.3 ], [ 4221663.3, 3129314.8 ], [ 4221690.1, 3129359.6 ], [ 4221613.7, 3129451.3 ], [ 4221588.8, 3129437.0 ], [ 4221606.1, 3129416.4 ] ], [ [ 4221454.9, 3129309.5 ], [ 4221461.9, 3129372.1 ], [ 4221376.7, 3129385.2 ], [ 4221374.9, 3129314.8 ], [ 4221454.9, 3129309.5 ] ], [ [ 4219948.3, 3129351.1 ], [ 4219926.4, 3129353.3 ], [ 4219904.1, 3129219.6 ], [ 4219909.3, 3129214.1 ], [ 4219931.4, 3129231.2 ], [ 4219956.4, 3129227.3 ], [ 4219962.3, 3129254.8 ], [ 4219996.2, 3129292.0 ], [ 4219958.9, 3129317.8 ], [ 4219948.3, 3129351.1 ] ], [ [ 4224114.5, 3129285.9 ], [ 4224149.6, 3129206.7 ], [ 4224220.4, 3129096.0 ], [ 4224231.6, 3129053.6 ], [ 4224196.8, 3128937.0 ], [ 4224248.6, 3129000.2 ], [ 4224315.0, 3129007.5 ], [ 4224308.3, 3129038.4 ], [ 4224321.9, 3129057.2 ], [ 4224287.1, 3129133.1 ], [ 4224193.0, 3129236.1 ], [ 4224175.3, 3129238.3 ], [ 4224149.7, 3129261.1 ], [ 4224141.8, 3129283.8 ], [ 4224149.8, 3129342.1 ], [ 4224117.4, 3129334.4 ], [ 4224114.5, 3129285.9 ] ], [ [ 4220517.2, 3129104.8 ], [ 4220481.2, 3129093.3 ], [ 4220466.7, 3129072.4 ], [ 4220463.1, 3128978.3 ], [ 4220497.1, 3128977.3 ], [ 4220517.2, 3129104.8 ] ], [ [ 4221044.9, 3129203.8 ], [ 4221031.7, 3129270.6 ], [ 4221023.4, 3129270.1 ], [ 4221015.5, 3129202.4 ], [ 4221032.2, 3129184.3 ], [ 4221044.9, 3129203.8 ] ], [ [ 4219203.2, 3129256.5 ], [ 4219182.9, 3129310.5 ], [ 4219163.7, 3129320.6 ], [ 4219137.3, 3129300.9 ], [ 4219142.4, 3129284.5 ], [ 4219128.3, 3129262.4 ], [ 4219132.4, 3129239.3 ], [ 4219203.2, 3129256.5 ] ], [ [ 4218776.8, 3129797.8 ], [ 4218803.7, 3129819.5 ], [ 4218838.3, 3129864.5 ], [ 4218809.2, 3129883.2 ], [ 4218741.8, 3129870.3 ], [ 4218719.8, 3129858.2 ], [ 4218713.3, 3129826.3 ], [ 4218728.5, 3129791.7 ], [ 4218720.8, 3129766.3 ], [ 4218750.1, 3129773.7 ], [ 4218756.4, 3129791.9 ], [ 4218776.8, 3129797.8 ] ], [ [ 4221465.1, 3128865.9 ], [ 4221427.4, 3128821.1 ], [ 4221378.6, 3128805.2 ], [ 4221361.9, 3128717.8 ], [ 4221388.4, 3128716.7 ], [ 4221445.7, 3128749.3 ], [ 4221496.7, 3128810.9 ], [ 4221465.1, 3128865.9 ] ], [ [ 4225704.7, 3128821.0 ], [ 4225252.1, 3128710.5 ], [ 4225241.8, 3128670.2 ], [ 4225256.2, 3128650.2 ], [ 4225379.2, 3128642.5 ], [ 4225412.0, 3128645.0 ], [ 4225421.8, 3128667.1 ], [ 4225457.9, 3128676.5 ], [ 4225673.2, 3128660.9 ], [ 4225775.2, 3128640.6 ], [ 4225768.4, 3128717.5 ], [ 4225654.5, 3128725.8 ], [ 4225638.2, 3128739.5 ], [ 4225637.7, 3128754.1 ], [ 4225649.7, 3128767.5 ], [ 4225748.3, 3128776.8 ], [ 4225764.5, 3128784.3 ], [ 4225759.4, 3128819.9 ], [ 4225704.7, 3128821.0 ] ], [ [ 4225806.7, 3128738.9 ], [ 4225828.6, 3128744.9 ], [ 4225848.8, 3128738.1 ], [ 4225919.4, 3128683.9 ], [ 4226022.5, 3128682.5 ], [ 4226035.8, 3128728.5 ], [ 4225997.2, 3128742.2 ], [ 4225996.1, 3128778.5 ], [ 4225916.2, 3128792.7 ], [ 4225802.2, 3128783.0 ], [ 4225806.7, 3128738.9 ] ], [ [ 4219628.6, 3128573.7 ], [ 4219657.0, 3128549.3 ], [ 4219660.5, 3128523.6 ], [ 4219733.2, 3128518.3 ], [ 4219746.3, 3128529.3 ], [ 4219746.7, 3128537.8 ], [ 4219675.2, 3128557.1 ], [ 4219662.6, 3128576.9 ], [ 4219632.3, 3128579.8 ], [ 4219628.6, 3128573.7 ] ], [ [ 4220400.2, 3128164.0 ], [ 4220428.1, 3128176.1 ], [ 4220427.9, 3128207.7 ], [ 4220392.7, 3128216.5 ], [ 4220383.3, 3128168.0 ], [ 4220400.2, 3128164.0 ] ], [ [ 4224486.6, 3128536.8 ], [ 4224490.8, 3128430.2 ], [ 4224629.7, 3128423.3 ], [ 4224670.3, 3128392.9 ], [ 4224688.5, 3128394.2 ], [ 4224627.8, 3128533.2 ], [ 4224486.6, 3128536.8 ] ], [ [ 4223717.3, 3128439.0 ], [ 4223713.1, 3128415.4 ], [ 4223639.6, 3128350.5 ], [ 4223732.4, 3128284.8 ], [ 4223797.6, 3128345.5 ], [ 4223807.9, 3128367.4 ], [ 4223887.6, 3128386.1 ], [ 4223717.3, 3128439.0 ] ], [ [ 4223933.6, 3128320.5 ], [ 4223904.9, 3128287.1 ], [ 4223886.4, 3128287.6 ], [ 4223870.8, 3128305.7 ], [ 4223852.3, 3128288.5 ], [ 4223874.4, 3128263.2 ], [ 4223857.5, 3128223.7 ], [ 4223910.9, 3128240.8 ], [ 4223960.8, 3128227.8 ], [ 4223978.6, 3128242.5 ], [ 4223978.9, 3128266.0 ], [ 4223933.6, 3128320.5 ] ], [ [ 4223594.2, 3127983.1 ], [ 4223639.7, 3127972.1 ], [ 4223637.0, 3128016.6 ], [ 4223645.5, 3128042.9 ], [ 4223615.5, 3128106.7 ], [ 4223547.4, 3128075.1 ], [ 4223550.5, 3128036.9 ], [ 4223583.9, 3128004.0 ], [ 4223594.2, 3127983.1 ] ], [ [ 4224112.8, 3127984.2 ], [ 4224121.7, 3127923.5 ], [ 4224103.2, 3127870.6 ], [ 4224109.7, 3127862.4 ], [ 4224139.3, 3127909.5 ], [ 4224155.2, 3127917.1 ], [ 4224171.7, 3127910.6 ], [ 4224196.9, 3127870.0 ], [ 4224192.5, 3127813.6 ], [ 4224176.5, 3127780.0 ], [ 4224203.0, 3127724.8 ], [ 4224198.2, 3127707.8 ], [ 4224180.4, 3127699.7 ], [ 4224191.1, 3127670.6 ], [ 4224189.2, 3127558.2 ], [ 4224161.9, 3127487.6 ], [ 4224162.3, 3127461.8 ], [ 4224144.3, 3127434.0 ], [ 4224184.6, 3127426.9 ], [ 4224213.6, 3127453.1 ], [ 4224225.0, 3127565.7 ], [ 4224232.2, 3127681.7 ], [ 4224217.3, 3127792.5 ], [ 4224219.1, 3127875.2 ], [ 4224174.8, 3127970.7 ], [ 4224156.8, 3128029.0 ], [ 4224144.4, 3128044.3 ], [ 4224120.3, 3128014.8 ], [ 4224112.8, 3127984.2 ] ], [ [ 4222311.0, 3127506.7 ], [ 4222296.8, 3127511.7 ], [ 4222187.5, 3127483.7 ], [ 4222205.4, 3127471.7 ], [ 4222285.9, 3127492.6 ], [ 4222311.0, 3127506.7 ] ], [ [ 4222892.8, 3127769.2 ], [ 4222971.4, 3127782.6 ], [ 4223035.4, 3127837.0 ], [ 4222995.1, 3127879.7 ], [ 4222887.8, 3127819.6 ], [ 4222892.8, 3127769.2 ] ], [ [ 4223610.2, 3127794.8 ], [ 4223638.7, 3127771.8 ], [ 4223670.4, 3127783.1 ], [ 4223746.7, 3127831.1 ], [ 4223717.5, 3127878.8 ], [ 4223691.1, 3127886.6 ], [ 4223642.6, 3127877.9 ], [ 4223597.8, 3127846.9 ], [ 4223610.2, 3127794.8 ] ], [ [ 4222904.5, 3127040.7 ], [ 4222929.6, 3127092.2 ], [ 4222925.4, 3127123.2 ], [ 4222917.0, 3127134.1 ], [ 4222890.0, 3127140.1 ], [ 4222904.5, 3127040.7 ] ], [ [ 4224255.2, 3127067.0 ], [ 4224264.7, 3127049.8 ], [ 4224300.8, 3127054.6 ], [ 4224286.7, 3127078.8 ], [ 4224255.2, 3127067.0 ] ], [ [ 4223764.3, 3127025.2 ], [ 4223789.2, 3126971.5 ], [ 4223795.0, 3126973.5 ], [ 4223789.8, 3127034.7 ], [ 4223764.3, 3127025.2 ] ], [ [ 4225419.7, 3126868.4 ], [ 4225571.6, 3126804.1 ], [ 4225606.6, 3126842.4 ], [ 4225542.8, 3126869.8 ], [ 4225478.7, 3126877.6 ], [ 4225462.0, 3126903.9 ], [ 4225419.2, 3126921.2 ], [ 4225422.7, 3126894.6 ], [ 4225401.5, 3126882.4 ], [ 4225419.7, 3126868.4 ] ], [ [ 4225348.1, 3126637.1 ], [ 4225398.7, 3126632.6 ], [ 4225458.2, 3126682.2 ], [ 4225434.2, 3126700.0 ], [ 4225350.1, 3126651.6 ], [ 4225348.1, 3126637.1 ] ], [ [ 4222130.6, 3126467.4 ], [ 4222157.2, 3126472.0 ], [ 4222105.8, 3126563.4 ], [ 4222086.0, 3126557.1 ], [ 4222130.6, 3126467.4 ] ], [ [ 4222357.2, 3126279.1 ], [ 4222428.1, 3126260.7 ], [ 4222419.7, 3126294.8 ], [ 4222372.3, 3126304.0 ], [ 4222357.2, 3126279.1 ] ], [ [ 4225623.8, 3126129.7 ], [ 4225561.8, 3126121.4 ], [ 4225568.1, 3126045.3 ], [ 4225584.1, 3126031.9 ], [ 4225584.2, 3126008.9 ], [ 4225609.4, 3126007.2 ], [ 4225708.9, 3126036.6 ], [ 4225700.4, 3126128.3 ], [ 4225623.8, 3126129.7 ] ], [ [ 4222287.6, 3126122.0 ], [ 4222213.7, 3126128.9 ], [ 4222212.7, 3126106.1 ], [ 4222255.8, 3126094.3 ], [ 4222288.3, 3126098.8 ], [ 4222293.4, 3126106.3 ], [ 4222287.6, 3126122.0 ] ] ] } },
{ "type": "Feature", "properties": { "id": "forest_56542", "state": "Nordrhein-Westfalen", "area_ha": 14426.63, "unfragmented": true, "image": "forest_56542.webp", "real_width_m": 21835.8, "real_height_m": 13433.0, "pixel_width": 2183, "pixel_height": 1343, "centroid_x": 4201915.2, "centroid_y": 3111082.0 }, "geometry": { "type": "Polygon", "coordinates": [ [ [ 4208361.4, 3117246.4 ], [ 4208401.8, 3117130.5 ], [ 4208463.4, 3117151.4 ], [ 4208483.6, 3117139.9 ], [ 4208579.4, 3116834.3 ], [ 4208648.3, 3116700.3 ], [ 4208683.6, 3116669.4 ], [ 4208688.9, 3116633.3 ], [ 4208815.4, 3116519.9 ], [ 4208934.4, 3116463.2 ], [ 4208959.8, 3116438.0 ], [ 4208948.9, 3116407.3 ], [ 4208917.5, 3116406.5 ], [ 4208917.7, 3116341.5 ], [ 4208802.5, 3116169.5 ], [ 4208954.5, 3116129.1 ], [ 4208970.0, 3116113.8 ], [ 4208919.5, 3115871.3 ], [ 4208925.8, 3115653.8 ], [ 4208939.8, 3115642.4 ], [ 4208946.2, 3115605.4 ], [ 4208967.1, 3115604.6 ], [ 4209003.1, 3115617.6 ], [ 4209010.0, 3115701.8 ], [ 4209057.5, 3115880.6 ], [ 4209035.5, 3116001.5 ], [ 4209045.6, 3116048.3 ], [ 4209057.5, 3116057.5 ], [ 4209072.5, 3116057.0 ], [ 4209107.2, 3116027.7 ], [ 4209115.1, 3116052.2 ], [ 4209128.2, 3116063.4 ], [ 4209173.3, 3116057.7 ], [ 4209189.6, 3116077.9 ], [ 4209219.0, 3116073.1 ], [ 4209218.7, 3116085.5 ], [ 4209183.7, 3116124.0 ], [ 4209192.7, 3116153.1 ], [ 4209160.0, 3116244.7 ], [ 4209169.5, 3116297.5 ], [ 4209164.1, 3116336.9 ], [ 4209128.9, 3116376.6 ], [ 4209129.0, 3116397.2 ], [ 4209139.2, 3116406.8 ], [ 4209228.0, 3116434.9 ], [ 4209271.5, 3116466.2 ], [ 4209302.8, 3116510.0 ], [ 4209279.4, 3116534.9 ], [ 4209274.9, 3116577.8 ], [ 4209284.6, 3116589.2 ], [ 4209326.6, 3116604.6 ], [ 4209324.7, 3116629.6 ], [ 4209332.4, 3116642.2 ], [ 4209670.3, 3116812.1 ], [ 4209693.9, 3116804.1 ], [ 4209696.6, 3116782.5 ], [ 4209593.7, 3116620.6 ], [ 4209575.1, 3116613.2 ], [ 4209551.7, 3116625.2 ], [ 4209449.9, 3116526.2 ], [ 4209316.8, 3116377.3 ], [ 4209295.1, 3116327.6 ], [ 4209298.4, 3116278.3 ], [ 4209325.6, 3116223.0 ], [ 4209342.7, 3116209.2 ], [ 4209486.8, 3116166.8 ], [ 4209403.9, 3116218.9 ], [ 4209383.1, 3116246.3 ], [ 4209378.3, 3116276.4 ], [ 4209387.2, 3116308.9 ], [ 4209434.0, 3116355.8 ], [ 4209454.2, 3116348.3 ], [ 4209468.3, 3116305.2 ], [ 4209498.5, 3116285.4 ], [ 4209692.5, 3116267.6 ], [ 4209890.1, 3116234.0 ], [ 4210013.4, 3116235.0 ], [ 4210083.5, 3116245.2 ], [ 4210298.7, 3116314.5 ], [ 4210362.2, 3116322.3 ], [ 4210442.8, 3116305.3 ], [ 4210486.2, 3116236.0 ], [ 4210527.1, 3116211.3 ], [ 4210601.3, 3116202.9 ], [ 4210769.3, 3116221.9 ], [ 4210943.4, 3116142.3 ], [ 4210938.5, 3116115.5 ], [ 4210770.3, 3116002.5 ], [ 4210758.6, 3115985.1 ], [ 4210744.6, 3115927.1 ], [ 4210736.7, 3115845.6 ], [ 4210724.7, 3115837.0 ], [ 4210691.1, 3115840.1 ], [ 4210661.3, 3115828.1 ], [ 4210540.7, 3115678.7 ], [ 4210534.1, 3115662.3 ], [ 4210538.7, 3115594.0 ], [ 4210525.7, 3115519.9 ], [ 4210532.9, 3115446.1 ], [ 4210520.2, 3115425.3 ], [ 4210470.4, 3115389.3 ], [ 4210464.0, 3115371.5 ], [ 4210475.2, 3115360.4 ], [ 4210518.0, 3115374.7 ], [ 4210535.5, 3115370.4 ], [ 4210603.8, 3115265.9 ], [ 4210699.1, 3115305.8 ], [ 4210772.8, 3115395.9 ], [ 4210796.1, 3115387.1 ], [ 4210811.0, 3115336.6 ], [ 4210860.2, 3115329.7 ], [ 4210875.6, 3115310.9 ], [ 4210865.2, 3115258.4 ], [ 4210833.4, 3115201.9 ], [ 4210657.5, 3115010.8 ], [ 4210625.1, 3114939.7 ], [ 4210618.1, 3114896.4 ], [ 4210630.8, 3114858.4 ], [ 4210723.7, 3114760.9 ], [ 4210746.7, 3114695.2 ], [ 4210780.9, 3114646.5 ], [ 4210810.3, 3114578.5 ], [ 4210864.0, 3114541.9 ], [ 4210879.7, 3114519.3 ], [ 4210871.2, 3114389.7 ], [ 4210835.1, 3114312.7 ], [ 4210801.6, 3114187.2 ], [ 4210812.5, 3114134.3 ], [ 4210844.6, 3114100.7 ], [ 4210870.1, 3114088.1 ], [ 4210902.2, 3114085.1 ], [ 4210996.7, 3114100.1 ], [ 4211054.1, 3114087.9 ], [ 4211078.4, 3114066.3 ], [ 4211074.4, 3114046.0 ], [ 4210990.6, 3113902.9 ], [ 4210969.1, 3113852.0 ], [ 4210966.0, 3113816.0 ], [ 4210991.0, 3113702.1 ], [ 4211044.2, 3113585.4 ], [ 4211082.7, 3113448.4 ], [ 4211100.5, 3113269.3 ], [ 4211098.1, 3113204.4 ], [ 4211107.1, 3113157.7 ], [ 4211127.8, 3113119.2 ], [ 4211205.3, 3113021.9 ], [ 4211239.0, 3112933.3 ], [ 4211240.6, 3112894.7 ], [ 4211230.6, 3112848.0 ], [ 4211164.2, 3112709.4 ], [ 4211148.3, 3112654.3 ], [ 4211143.6, 3112587.6 ], [ 4211150.9, 3112406.8 ], [ 4211171.3, 3112241.4 ], [ 4211265.3, 3111917.6 ], [ 4211287.3, 3111816.6 ], [ 4211289.7, 3111656.3 ], [ 4211299.8, 3111593.1 ], [ 4211270.3, 3111486.5 ], [ 4211200.0, 3111300.0 ], [ 4211187.4, 3111287.3 ], [ 4211166.5, 3111290.0 ], [ 4211157.5, 3111309.1 ], [ 4211219.5, 3111530.3 ], [ 4211199.8, 3111747.6 ], [ 4211171.5, 3111863.0 ], [ 4211063.7, 3112152.4 ], [ 4211048.4, 3112248.9 ], [ 4211041.7, 3112422.8 ], [ 4211019.8, 3112479.1 ], [ 4210989.8, 3112523.9 ], [ 4211001.8, 3112547.6 ], [ 4210990.9, 3112623.1 ], [ 4211041.2, 3112771.6 ], [ 4211012.2, 3112784.5 ], [ 4210958.2, 3112660.6 ], [ 4210940.7, 3112635.2 ], [ 4210923.4, 3112631.6 ], [ 4210868.5, 3112669.9 ], [ 4210824.2, 3112689.7 ], [ 4210661.3, 3112742.9 ], [ 4210593.2, 3112783.1 ], [ 4210440.2, 3112924.6 ], [ 4210418.4, 3112910.1 ], [ 4210443.5, 3112859.9 ], [ 4210562.6, 3112722.3 ], [ 4210614.1, 3112692.7 ], [ 4210637.3, 3112696.9 ], [ 4210794.8, 3112623.7 ], [ 4210885.6, 3112595.6 ], [ 4210936.5, 3112564.7 ], [ 4210963.9, 3112537.8 ], [ 4210962.9, 3112504.9 ], [ 4210980.4, 3112417.6 ], [ 4210975.3, 3112276.9 ], [ 4210981.2, 3112247.7 ], [ 4210995.1, 3112236.2 ], [ 4211012.2, 3112183.0 ], [ 4211010.4, 3112154.2 ], [ 4211029.3, 3112116.2 ], [ 4211031.1, 3112066.9 ], [ 4211019.9, 3112048.1 ], [ 4210971.2, 3112039.1 ], [ 4211014.2, 3111943.2 ], [ 4211040.6, 3111847.7 ], [ 4211050.7, 3111831.0 ], [ 4211086.8, 3111843.0 ], [ 4211103.4, 3111836.0 ], [ 4211134.9, 3111757.9 ], [ 4211126.3, 3111702.3 ], [ 4211136.7, 3111662.9 ], [ 4211129.8, 3111591.4 ], [ 4211135.3, 3111559.8 ], [ 4211118.9, 3111464.6 ], [ 4211118.5, 3111376.1 ], [ 4211105.1, 3111319.2 ], [ 4211093.2, 3111305.0 ], [ 4211071.3, 3111306.9 ], [ 4210974.3, 3111395.4 ], [ 4210834.7, 3111493.2 ], [ 4210789.3, 3111579.5 ], [ 4210758.2, 3111614.3 ], [ 4210734.4, 3111512.7 ], [ 4210634.5, 3111463.6 ], [ 4210777.3, 3111450.0 ], [ 4210813.2, 3111426.7 ], [ 4210827.3, 3111408.1 ], [ 4210822.8, 3111390.4 ], [ 4210804.6, 3111375.5 ], [ 4210789.6, 3111335.8 ], [ 4210836.3, 3111327.1 ], [ 4210890.3, 3111343.9 ], [ 4210957.2, 3111316.1 ], [ 4210995.5, 3111291.1 ], [ 4211010.0, 3111265.2 ], [ 4211008.8, 3111247.4 ], [ 4210994.8, 3111236.4 ], [ 4210976.8, 3111238.1 ], [ 4210962.8, 3111219.0 ], [ 4211000.3, 3111090.5 ], [ 4211022.0, 3111076.3 ], [ 4211038.2, 3110973.9 ], [ 4211158.7, 3110794.2 ], [ 4211177.4, 3110802.6 ], [ 4211196.2, 3110794.1 ], [ 4211238.3, 3110664.5 ], [ 4211264.6, 3110632.1 ], [ 4211302.4, 3110618.4 ], [ 4211308.4, 3110593.0 ], [ 4211290.3, 3110578.3 ], [ 4211228.3, 3110582.5 ], [ 4211184.0, 3110671.5 ], [ 4211108.3, 3110723.1 ], [ 4211036.7, 3110664.2 ], [ 4211019.1, 3110662.2 ], [ 4210882.7, 3110727.1 ], [ 4210778.9, 3110761.6 ], [ 4210768.0, 3110774.5 ], [ 4210769.1, 3110791.1 ], [ 4210682.3, 3110816.0 ], [ 4210655.9, 3110833.3 ], [ 4210549.8, 3110873.6 ], [ 4210437.4, 3110944.5 ], [ 4210426.8, 3110935.1 ], [ 4210413.5, 3110898.9 ], [ 4210618.1, 3110744.8 ], [ 4210663.7, 3110716.7 ], [ 4210738.8, 3110714.8 ], [ 4210789.3, 3110697.6 ], [ 4210833.6, 3110693.2 ], [ 4210928.2, 3110619.6 ], [ 4210977.2, 3110590.9 ], [ 4211000.9, 3110589.8 ], [ 4211055.5, 3110530.7 ], [ 4211090.6, 3110449.6 ], [ 4211087.0, 3110435.9 ], [ 4211072.4, 3110426.3 ], [ 4210983.3, 3110421.3 ], [ 4210909.0, 3110406.2 ], [ 4210745.8, 3110427.6 ], [ 4210565.7, 3110464.3 ], [ 4210559.0, 3110454.6 ], [ 4210573.0, 3110416.9 ], [ 4210615.2, 3110407.1 ], [ 4210666.3, 3110361.9 ], [ 4210691.8, 3110359.1 ], [ 4210789.0, 3110306.9 ], [ 4210803.9, 3110338.4 ], [ 4210820.2, 3110345.6 ], [ 4210897.2, 3110310.4 ], [ 4211072.3, 3110406.6 ], [ 4211089.5, 3110427.3 ], [ 4211106.8, 3110423.9 ], [ 4211139.3, 3110386.4 ], [ 4211129.9, 3110363.4 ], [ 4210979.1, 3110293.9 ], [ 4210868.5, 3110217.9 ], [ 4210801.6, 3110157.0 ], [ 4210743.5, 3110079.6 ], [ 4210700.5, 3109969.3 ], [ 4210642.5, 3109750.7 ], [ 4210644.4, 3109685.2 ], [ 4210673.6, 3109534.7 ], [ 4210672.8, 3109454.9 ], [ 4210655.0, 3109443.2 ], [ 4210630.3, 3109454.8 ], [ 4210570.8, 3109543.1 ], [ 4210500.6, 3109618.6 ], [ 4210501.9, 3109645.9 ], [ 4210463.1, 3109717.7 ], [ 4210405.4, 3109883.6 ], [ 4210408.5, 3109897.1 ], [ 4210422.1, 3109908.3 ], [ 4210406.2, 3109937.1 ], [ 4210406.2, 3109951.9 ], [ 4210450.8, 3109984.5 ], [ 4210474.6, 3109983.5 ], [ 4210490.4, 3109957.9 ], [ 4210509.3, 3109981.4 ], [ 4210572.0, 3109961.5 ], [ 4210591.4, 3109982.7 ], [ 4210615.1, 3109987.9 ], [ 4210671.6, 3110109.8 ], [ 4210614.3, 3110141.2 ], [ 4210592.8, 3110162.3 ], [ 4210590.4, 3110176.2 ], [ 4210608.1, 3110235.9 ], [ 4210537.0, 3110257.4 ], [ 4210501.2, 3110197.5 ], [ 4210484.0, 3110196.6 ], [ 4210443.1, 3110214.6 ], [ 4210393.1, 3110271.6 ], [ 4210395.5, 3110297.4 ], [ 4210355.0, 3110348.5 ], [ 4210345.6, 3110357.0 ], [ 4210319.1, 3110358.3 ], [ 4210280.2, 3110398.0 ], [ 4210221.3, 3110346.2 ], [ 4210144.6, 3110300.7 ], [ 4210127.9, 3110307.4 ], [ 4210081.2, 3110376.0 ], [ 4209968.1, 3110229.2 ], [ 4209920.0, 3110136.4 ], [ 4209787.2, 3110093.1 ], [ 4209780.3, 3110069.7 ], [ 4209743.8, 3110053.8 ], [ 4209752.1, 3110011.1 ], [ 4209711.8, 3109977.8 ], [ 4209742.1, 3109916.9 ], [ 4209742.6, 3109902.0 ], [ 4209733.6, 3109890.2 ], [ 4209690.7, 3109871.8 ], [ 4209728.4, 3109783.5 ], [ 4209751.8, 3109778.3 ], [ 4209757.5, 3109747.7 ], [ 4209802.7, 3109697.4 ], [ 4209893.5, 3109701.6 ], [ 4209916.2, 3109654.4 ], [ 4209851.4, 3109590.6 ], [ 4209819.0, 3109574.9 ], [ 4209845.0, 3109511.1 ], [ 4209839.3, 3109490.7 ], [ 4209752.1, 3109461.5 ], [ 4209741.5, 3109432.3 ], [ 4209713.3, 3109425.8 ], [ 4209709.6, 3109386.5 ], [ 4209625.5, 3109256.1 ], [ 4209629.1, 3109224.5 ], [ 4209623.2, 3109210.7 ], [ 4209598.3, 3109204.9 ], [ 4209545.1, 3109234.6 ], [ 4209521.4, 3109177.1 ], [ 4209520.5, 3109141.7 ], [ 4209488.6, 3109129.9 ], [ 4209472.3, 3109138.2 ], [ 4209464.6, 3109154.1 ], [ 4209474.0, 3109228.0 ], [ 4209490.6, 3109277.3 ], [ 4209507.1, 3109300.9 ], [ 4209495.8, 3109314.5 ], [ 4209495.7, 3109329.0 ], [ 4209507.9, 3109342.2 ], [ 4209575.5, 3109368.0 ], [ 4209618.4, 3109356.0 ], [ 4209637.6, 3109474.9 ], [ 4209641.9, 3109589.6 ], [ 4209632.2, 3109685.3 ], [ 4209621.8, 3109694.5 ], [ 4209592.8, 3109763.6 ], [ 4209560.5, 3109859.5 ], [ 4209537.8, 3109887.8 ], [ 4209507.9, 3109953.7 ], [ 4209513.5, 3109967.2 ], [ 4209532.2, 3109978.8 ], [ 4209528.7, 3110142.0 ], [ 4209545.9, 3110232.0 ], [ 4209626.5, 3110414.9 ], [ 4209682.9, 3110635.3 ], [ 4209712.0, 3110684.5 ], [ 4209678.1, 3110767.2 ], [ 4209664.1, 3110841.7 ], [ 4209655.4, 3110850.4 ], [ 4209641.4, 3110847.6 ], [ 4209629.6, 3110666.7 ], [ 4209601.7, 3110572.9 ], [ 4209590.9, 3110504.9 ], [ 4209573.8, 3110458.7 ], [ 4209507.5, 3110359.6 ], [ 4209519.1, 3110346.7 ], [ 4209520.0, 3110332.7 ], [ 4209476.9, 3110255.9 ], [ 4209426.9, 3110140.5 ], [ 4209412.8, 3110069.8 ], [ 4209418.9, 3110016.1 ], [ 4209482.7, 3109895.5 ], [ 4209559.8, 3109723.9 ], [ 4209574.8, 3109614.1 ], [ 4209566.0, 3109514.7 ], [ 4209545.4, 3109423.1 ], [ 4209529.7, 3109409.4 ], [ 4209512.4, 3109412.8 ], [ 4209471.4, 3109465.9 ], [ 4209392.4, 3109431.0 ], [ 4209301.8, 3109465.5 ], [ 4209297.0, 3109448.2 ], [ 4209327.5, 3109358.6 ], [ 4209366.1, 3109313.6 ], [ 4209431.0, 3109262.3 ], [ 4209428.5, 3109231.0 ], [ 4209398.3, 3109198.3 ], [ 4209318.0, 3109201.5 ], [ 4209251.7, 3109218.1 ], [ 4209223.6, 3109235.6 ], [ 4209218.2, 3109221.4 ], [ 4209236.4, 3109208.4 ], [ 4209240.3, 3109190.9 ], [ 4209229.9, 3109176.3 ], [ 4209211.0, 3109173.4 ], [ 4209161.4, 3109215.1 ], [ 4209154.0, 3109232.7 ], [ 4209163.9, 3109311.5 ], [ 4209165.0, 3109426.5 ], [ 4209144.5, 3109427.9 ], [ 4209042.8, 3109336.3 ], [ 4209020.0, 3109336.8 ], [ 4208931.7, 3109303.1 ], [ 4208949.9, 3109183.8 ], [ 4209067.1, 3109226.6 ], [ 4209084.9, 3109225.4 ], [ 4209095.9, 3109211.5 ], [ 4209130.3, 3109079.3 ], [ 4209162.7, 3109088.8 ], [ 4209179.6, 3109076.2 ], [ 4209191.8, 3108940.4 ], [ 4209178.5, 3108923.3 ], [ 4209144.3, 3108920.1 ], [ 4209154.7, 3108849.9 ], [ 4209224.8, 3108845.6 ], [ 4209249.9, 3108799.6 ], [ 4209352.1, 3108809.2 ], [ 4209371.9, 3108860.9 ], [ 4209368.5, 3108883.4 ], [ 4209350.5, 3108915.3 ], [ 4209353.1, 3108933.6 ], [ 4209376.4, 3108943.0 ], [ 4209422.9, 3108922.2 ], [ 4209481.2, 3108874.2 ], [ 4209504.3, 3108833.2 ], [ 4209481.1, 3108793.4 ], [ 4209412.7, 3108780.5 ], [ 4209403.4, 3108763.8 ], [ 4209406.6, 3108748.6 ], [ 4209509.1, 3108700.3 ], [ 4209560.5, 3108647.1 ], [ 4209588.3, 3108605.7 ], [ 4209611.9, 3108612.4 ], [ 4209625.5, 3108607.6 ], [ 4209668.5, 3108541.6 ], [ 4209686.1, 3108550.5 ], [ 4209703.1, 3108546.9 ], [ 4209748.1, 3108508.6 ], [ 4209752.2, 3108487.5 ], [ 4209673.1, 3108409.4 ], [ 4209641.7, 3108363.7 ], [ 4209620.7, 3108199.7 ], [ 4209612.8, 3108187.6 ], [ 4209599.1, 3108182.9 ], [ 4209580.0, 3108189.4 ], [ 4209567.1, 3108211.4 ], [ 4209545.2, 3108217.8 ], [ 4209450.4, 3108292.9 ], [ 4209249.5, 3108121.6 ], [ 4209249.0, 3108015.1 ], [ 4209232.4, 3107977.4 ], [ 4209166.8, 3107892.0 ], [ 4209058.9, 3107782.9 ], [ 4209041.0, 3107779.1 ], [ 4209025.1, 3107790.1 ], [ 4208960.1, 3107907.0 ], [ 4208950.5, 3107894.9 ], [ 4208940.6, 3107846.1 ], [ 4208971.5, 3107765.8 ], [ 4209001.8, 3107721.3 ], [ 4209037.0, 3107721.2 ], [ 4209056.1, 3107731.4 ], [ 4209072.6, 3107723.3 ], [ 4209078.1, 3107692.4 ], [ 4209139.8, 3107579.2 ], [ 4209167.0, 3107502.9 ], [ 4209177.7, 3107488.7 ], [ 4209216.7, 3107468.3 ], [ 4209214.9, 3107440.6 ], [ 4208914.1, 3107162.5 ], [ 4208891.0, 3107165.8 ], [ 4208851.7, 3107222.3 ], [ 4208852.5, 3107239.1 ], [ 4208869.9, 3107255.6 ], [ 4208869.4, 3107293.3 ], [ 4208835.7, 3107288.4 ], [ 4208723.9, 3107244.5 ], [ 4208640.0, 3107225.2 ], [ 4208589.3, 3107200.7 ], [ 4208534.5, 3107105.2 ], [ 4208474.3, 3107032.4 ], [ 4208528.5, 3106951.0 ], [ 4208535.4, 3106969.6 ], [ 4208608.5, 3107023.0 ], [ 4208653.5, 3107078.8 ], [ 4208684.8, 3107079.3 ], [ 4208714.3, 3107063.4 ], [ 4208722.3, 3107048.2 ], [ 4208696.3, 3106963.6 ], [ 4208700.2, 3106936.2 ], [ 4208627.7, 3106852.6 ], [ 4208611.6, 3106845.1 ], [ 4208595.2, 3106851.8 ], [ 4208530.0, 3106945.1 ], [ 4208522.3, 3106925.8 ], [ 4208456.1, 3106886.9 ], [ 4208333.8, 3106836.9 ], [ 4208363.7, 3106824.1 ], [ 4208366.5, 3106799.6 ], [ 4208314.6, 3106771.8 ], [ 4208293.5, 3106773.8 ], [ 4208275.4, 3106796.2 ], [ 4208257.6, 3106797.7 ], [ 4208247.9, 3106808.5 ], [ 4208237.0, 3106908.2 ], [ 4208242.2, 3106928.0 ], [ 4208253.6, 3106937.3 ], [ 4208296.3, 3106932.9 ], [ 4208307.2, 3107032.3 ], [ 4208259.3, 3107060.6 ], [ 4208256.7, 3107093.2 ], [ 4208230.7, 3107103.0 ], [ 4208222.1, 3107122.4 ], [ 4208240.9, 3107195.9 ], [ 4208282.4, 3107269.1 ], [ 4208314.6, 3107308.3 ], [ 4208323.7, 3107335.8 ], [ 4208328.8, 3107375.2 ], [ 4208311.0, 3107414.2 ], [ 4208277.6, 3107453.0 ], [ 4208298.8, 3107525.9 ], [ 4208294.2, 3107632.8 ], [ 4208307.8, 3107647.6 ], [ 4208366.8, 3107659.4 ], [ 4208377.0, 3107731.4 ], [ 4208373.9, 3107748.3 ], [ 4208302.1, 3107742.2 ], [ 4208266.3, 3107758.7 ], [ 4208237.9, 3107916.6 ], [ 4208243.9, 3108047.1 ], [ 4208273.4, 3108234.0 ], [ 4208316.6, 3108364.8 ], [ 4208397.6, 3108510.2 ], [ 4208522.7, 3108634.2 ], [ 4208546.0, 3108673.8 ], [ 4208547.8, 3108735.5 ], [ 4208527.9, 3108807.6 ], [ 4208564.5, 3108868.2 ], [ 4208563.6, 3108917.4 ], [ 4208578.0, 3108976.8 ], [ 4208555.6, 3108964.5 ], [ 4208519.5, 3108870.6 ], [ 4208488.9, 3108840.2 ], [ 4208467.4, 3108841.2 ], [ 4208422.0, 3108910.2 ], [ 4208273.5, 3109045.8 ], [ 4208241.1, 3109118.2 ], [ 4208238.0, 3109196.1 ], [ 4208282.9, 3109308.3 ], [ 4208320.4, 3109372.6 ], [ 4208396.3, 3109475.6 ], [ 4208405.6, 3109531.4 ], [ 4208408.5, 3109671.2 ], [ 4208453.5, 3109746.8 ], [ 4208475.1, 3109765.6 ], [ 4208599.7, 3109831.6 ], [ 4208701.8, 3109863.4 ], [ 4208842.1, 3109893.4 ], [ 4208935.5, 3109971.6 ], [ 4208973.1, 3110029.9 ], [ 4208992.9, 3110077.9 ], [ 4209010.0, 3110087.6 ], [ 4209023.4, 3110138.7 ], [ 4209020.6, 3110199.5 ], [ 4209037.0, 3110283.1 ], [ 4209001.1, 3110491.0 ], [ 4209017.4, 3110567.3 ], [ 4209030.2, 3110585.1 ], [ 4209030.2, 3110611.9 ], [ 4209022.8, 3110642.7 ], [ 4209008.8, 3110653.4 ], [ 4208958.9, 3110612.6 ], [ 4208933.0, 3110570.4 ], [ 4208911.7, 3110566.5 ], [ 4208777.4, 3110714.5 ], [ 4208745.0, 3110830.0 ], [ 4208746.0, 3110884.0 ], [ 4208766.6, 3110998.5 ], [ 4208760.6, 3111034.9 ], [ 4208697.7, 3111174.0 ], [ 4208636.3, 3111270.2 ], [ 4208548.4, 3111492.4 ], [ 4208461.6, 3111630.6 ], [ 4208343.6, 3111748.6 ], [ 4208254.9, 3111815.0 ], [ 4208224.6, 3111866.3 ], [ 4208220.6, 3111912.1 ], [ 4208237.4, 3111977.1 ], [ 4208219.1, 3112113.6 ], [ 4208197.4, 3112197.1 ], [ 4208139.3, 3112278.1 ], [ 4208103.1, 3112375.0 ], [ 4208097.5, 3112427.0 ], [ 4208108.4, 3112530.1 ], [ 4208121.6, 3112546.8 ], [ 4208214.1, 3112568.0 ], [ 4208307.3, 3112572.1 ], [ 4208379.7, 3112609.8 ], [ 4208356.9, 3112697.9 ], [ 4208312.1, 3112777.5 ], [ 4208266.5, 3112833.8 ], [ 4208194.5, 3112974.3 ], [ 4208081.9, 3113008.4 ], [ 4208069.0, 3113025.7 ], [ 4208030.8, 3113025.0 ], [ 4208015.8, 3113034.4 ], [ 4207880.3, 3113012.1 ], [ 4207785.5, 3112983.8 ], [ 4207613.4, 3112906.4 ], [ 4207706.6, 3112834.1 ], [ 4207892.5, 3112769.3 ], [ 4208037.0, 3112600.8 ], [ 4208054.1, 3112515.5 ], [ 4208034.8, 3112375.3 ], [ 4208186.1, 3112206.9 ], [ 4208214.0, 3112113.1 ], [ 4208232.3, 3111973.1 ], [ 4208213.7, 3111931.7 ], [ 4208199.5, 3111929.7 ], [ 4208171.8, 3111942.5 ], [ 4208164.8, 3111879.4 ], [ 4208178.2, 3111819.2 ], [ 4208256.0, 3111702.2 ], [ 4208308.0, 3111673.7 ], [ 4208413.1, 3111594.7 ], [ 4208491.9, 3111496.6 ], [ 4208510.1, 3111451.4 ], [ 4208531.1, 3111328.1 ], [ 4208659.6, 3111095.2 ], [ 4208690.2, 3111014.6 ], [ 4208713.1, 3111010.8 ], [ 4208723.3, 3110995.6 ], [ 4208704.4, 3110894.1 ], [ 4208673.8, 3110849.3 ], [ 4208678.3, 3110715.4 ], [ 4208696.4, 3110702.6 ], [ 4208747.0, 3110628.0 ], [ 4208794.5, 3110595.5 ], [ 4208812.0, 3110572.4 ], [ 4208873.4, 3110523.7 ], [ 4208926.6, 3110503.4 ], [ 4208938.9, 3110481.5 ], [ 4208938.8, 3110378.7 ], [ 4208950.4, 3110279.1 ], [ 4208941.3, 3110209.6 ], [ 4208940.3, 3110109.1 ], [ 4208909.9, 3109995.1 ], [ 4208863.3, 3109927.0 ], [ 4208837.9, 3109936.1 ], [ 4208809.9, 3110000.4 ], [ 4208754.1, 3109973.9 ], [ 4208681.4, 3109972.4 ], [ 4208586.5, 3109934.2 ], [ 4208550.1, 3109936.2 ], [ 4208538.9, 3109960.8 ], [ 4208558.6, 3109978.0 ], [ 4208590.8, 3110045.1 ], [ 4208578.4, 3110055.5 ], [ 4208525.8, 3110009.4 ], [ 4208486.8, 3109996.7 ], [ 4208467.5, 3110003.2 ], [ 4208442.6, 3110088.3 ], [ 4208457.9, 3110316.4 ], [ 4208433.8, 3110410.3 ], [ 4208393.8, 3110387.3 ], [ 4208409.0, 3110260.8 ], [ 4208382.6, 3110159.6 ], [ 4208379.4, 3110030.7 ], [ 4208368.5, 3110013.4 ], [ 4208326.6, 3110006.5 ], [ 4208263.1, 3110037.6 ], [ 4208254.3, 3110057.2 ], [ 4208267.8, 3110079.8 ], [ 4208197.7, 3110146.9 ], [ 4208172.7, 3110103.2 ], [ 4208153.8, 3110095.1 ], [ 4208054.0, 3110153.0 ], [ 4208031.9, 3110157.6 ], [ 4208022.9, 3110148.7 ], [ 4208032.3, 3110129.6 ], [ 4208142.5, 3110063.7 ], [ 4208199.0, 3110018.9 ], [ 4208263.7, 3109934.9 ], [ 4208288.2, 3109883.7 ], [ 4208273.6, 3109796.0 ], [ 4208292.4, 3109791.1 ], [ 4208302.9, 3109776.0 ], [ 4208292.1, 3109706.6 ], [ 4208320.4, 3109696.8 ], [ 4208329.4, 3109682.1 ], [ 4208326.1, 3109607.8 ], [ 4208334.2, 3109532.9 ], [ 4208296.8, 3109453.7 ], [ 4208239.5, 3109378.6 ], [ 4208196.3, 3109294.2 ], [ 4208178.5, 3109283.3 ], [ 4208162.0, 3109289.4 ], [ 4208140.4, 3109336.9 ], [ 4208094.6, 3109378.8 ], [ 4208002.7, 3109527.0 ], [ 4207997.1, 3109525.0 ], [ 4207998.8, 3109498.6 ], [ 4208072.2, 3109344.6 ], [ 4208114.6, 3109287.5 ], [ 4208149.3, 3109202.0 ], [ 4208151.7, 3109080.8 ], [ 4208196.6, 3108980.0 ], [ 4208333.9, 3108860.8 ], [ 4208438.3, 3108788.9 ], [ 4208458.5, 3108737.3 ], [ 4208422.5, 3108666.1 ], [ 4208383.3, 3108647.8 ], [ 4208417.6, 3108644.9 ], [ 4208436.1, 3108622.1 ], [ 4208411.8, 3108567.9 ], [ 4208367.6, 3108524.4 ], [ 4208334.5, 3108533.2 ], [ 4208249.6, 3108423.3 ], [ 4208248.2, 3108404.8 ], [ 4208229.1, 3108380.3 ], [ 4208221.5, 3108334.9 ], [ 4208196.2, 3108266.2 ], [ 4208186.3, 3108144.3 ], [ 4208177.6, 3108133.5 ], [ 4208154.1, 3108126.2 ], [ 4208145.5, 3108109.3 ], [ 4208159.5, 3108090.0 ], [ 4208152.8, 3108016.1 ], [ 4208145.7, 3107986.4 ], [ 4208127.3, 3107975.5 ], [ 4208121.8, 3107942.7 ], [ 4208139.8, 3107925.6 ], [ 4208145.4, 3107795.2 ], [ 4208167.7, 3107684.4 ], [ 4208156.5, 3107667.6 ], [ 4208120.6, 3107664.2 ], [ 4208120.1, 3107658.6 ], [ 4208129.1, 3107637.3 ], [ 4208165.8, 3107606.7 ], [ 4208169.6, 3107560.5 ], [ 4208141.6, 3107399.3 ], [ 4208125.7, 3107384.7 ], [ 4208105.0, 3107390.7 ], [ 4208044.4, 3107489.8 ], [ 4208055.2, 3107564.8 ], [ 4208045.4, 3107605.6 ], [ 4207969.5, 3107632.4 ], [ 4207908.0, 3107643.0 ], [ 4207883.5, 3107657.8 ], [ 4207886.4, 3107723.3 ], [ 4207870.5, 3107743.7 ], [ 4207875.2, 3107848.5 ], [ 4207788.1, 3107880.6 ], [ 4207770.7, 3107828.6 ], [ 4207741.3, 3107783.5 ], [ 4207695.9, 3107741.6 ], [ 4207647.4, 3107718.1 ], [ 4207630.4, 3107721.9 ], [ 4207602.1, 3107752.1 ], [ 4207492.5, 3107781.2 ], [ 4207452.7, 3107769.4 ], [ 4207420.0, 3107736.6 ], [ 4207405.0, 3107737.8 ], [ 4207392.2, 3107750.6 ], [ 4207323.2, 3107729.1 ], [ 4207378.3, 3107604.6 ], [ 4207364.6, 3107579.3 ], [ 4207334.8, 3107580.7 ], [ 4207304.5, 3107596.8 ], [ 4207288.4, 3107617.7 ], [ 4207236.6, 3107757.2 ], [ 4207220.3, 3107826.7 ], [ 4207194.2, 3107832.6 ], [ 4207160.6, 3107881.7 ], [ 4207103.4, 3107922.7 ], [ 4206881.3, 3108031.1 ], [ 4206808.4, 3108086.6 ], [ 4206703.9, 3108181.6 ], [ 4206664.6, 3108228.3 ], [ 4206515.9, 3108438.2 ], [ 4206424.4, 3108508.2 ], [ 4206167.8, 3108634.7 ], [ 4205829.9, 3108688.4 ], [ 4205740.8, 3108710.2 ], [ 4205710.4, 3108727.7 ], [ 4205667.2, 3108770.5 ], [ 4205569.2, 3108907.1 ], [ 4205550.6, 3108942.3 ], [ 4205539.8, 3108992.8 ], [ 4205546.1, 3109021.0 ], [ 4205584.7, 3109084.1 ], [ 4205601.7, 3109130.9 ], [ 4205599.9, 3109223.0 ], [ 4205571.9, 3109337.3 ], [ 4205603.6, 3109463.2 ], [ 4205644.1, 3109559.5 ], [ 4205669.4, 3109586.5 ], [ 4205677.2, 3109638.0 ], [ 4205669.0, 3109666.6 ], [ 4205656.2, 3109675.1 ], [ 4205640.9, 3109599.4 ], [ 4205576.9, 3109519.3 ], [ 4205522.1, 3109408.9 ], [ 4205500.3, 3109409.8 ], [ 4205444.8, 3109443.1 ], [ 4205384.3, 3109493.6 ], [ 4205335.7, 3109515.3 ], [ 4205527.1, 3109379.4 ], [ 4205551.5, 3109244.8 ], [ 4205555.2, 3109165.2 ], [ 4205495.7, 3108999.2 ], [ 4205553.2, 3108846.1 ], [ 4205639.0, 3108712.0 ], [ 4205716.6, 3108643.2 ], [ 4205817.6, 3108602.3 ], [ 4206044.7, 3108568.9 ], [ 4206121.1, 3108569.0 ], [ 4206144.5, 3108580.1 ], [ 4206237.3, 3108557.0 ], [ 4206389.3, 3108500.2 ], [ 4206501.9, 3108402.0 ], [ 4206558.6, 3108300.0 ], [ 4206639.5, 3108183.3 ], [ 4206757.4, 3108076.6 ], [ 4206888.5, 3107976.5 ], [ 4206921.4, 3107966.6 ], [ 4207070.9, 3107884.1 ], [ 4207147.4, 3107825.7 ], [ 4207171.5, 3107816.3 ], [ 4207177.6, 3107803.0 ], [ 4207172.4, 3107758.6 ], [ 4207200.5, 3107544.9 ], [ 4207200.0, 3107492.8 ], [ 4207226.3, 3107404.4 ], [ 4207228.6, 3107357.6 ], [ 4207238.7, 3107339.3 ], [ 4207236.1, 3107306.6 ], [ 4207221.9, 3107289.9 ], [ 4207040.8, 3107240.1 ], [ 4206959.1, 3107189.4 ], [ 4206928.6, 3107199.8 ], [ 4206877.1, 3107174.4 ], [ 4206834.2, 3107183.0 ], [ 4206680.5, 3107073.2 ], [ 4206490.7, 3106976.0 ], [ 4206466.5, 3106981.7 ], [ 4206407.7, 3106958.3 ], [ 4206340.6, 3106952.3 ], [ 4206323.8, 3106958.3 ], [ 4206303.5, 3107094.3 ], [ 4206329.9, 3107216.6 ], [ 4206356.1, 3107282.7 ], [ 4206356.6, 3107344.9 ], [ 4206331.3, 3107447.7 ], [ 4206318.8, 3107549.2 ], [ 4206285.4, 3107683.0 ], [ 4206300.1, 3107805.3 ], [ 4206284.3, 3107928.8 ], [ 4206237.3, 3108072.4 ], [ 4206172.6, 3108171.2 ], [ 4206121.5, 3108213.9 ], [ 4206054.0, 3108253.2 ], [ 4206055.8, 3108229.4 ], [ 4206140.6, 3108158.6 ], [ 4206200.3, 3108029.1 ], [ 4206205.8, 3107956.9 ], [ 4206242.0, 3107891.2 ], [ 4206236.7, 3107790.7 ], [ 4206214.5, 3107673.6 ], [ 4206215.2, 3107589.2 ], [ 4206240.0, 3107588.4 ], [ 4206251.9, 3107574.3 ], [ 4206259.5, 3107458.1 ], [ 4206286.1, 3107392.5 ], [ 4206297.6, 3107310.1 ], [ 4206269.3, 3107255.9 ], [ 4206239.3, 3107160.9 ], [ 4206239.6, 3107076.8 ], [ 4206199.7, 3106972.6 ], [ 4206128.8, 3106949.6 ], [ 4206102.2, 3106922.6 ], [ 4206084.3, 3106919.9 ], [ 4206028.0, 3106962.0 ], [ 4205980.0, 3107020.6 ], [ 4205951.7, 3107003.5 ], [ 4205906.0, 3107010.4 ], [ 4205873.2, 3107057.3 ], [ 4205786.8, 3107135.4 ], [ 4205782.3, 3107153.3 ], [ 4205794.1, 3107175.9 ], [ 4205677.7, 3107203.6 ], [ 4205306.5, 3107181.0 ], [ 4205175.1, 3107273.2 ], [ 4205189.1, 3107234.0 ], [ 4205235.4, 3107154.9 ], [ 4205252.4, 3107141.1 ], [ 4205409.1, 3107115.9 ], [ 4205581.4, 3107138.9 ], [ 4205669.4, 3107137.0 ], [ 4205758.4, 3107122.9 ], [ 4205817.1, 3107088.3 ], [ 4205865.0, 3107046.6 ], [ 4205900.4, 3106996.2 ], [ 4205927.3, 3106936.4 ], [ 4205922.7, 3106914.6 ], [ 4205897.8, 3106895.0 ], [ 4205878.9, 3106893.5 ], [ 4205868.1, 3106870.0 ], [ 4205893.5, 3106877.1 ], [ 4205937.2, 3106860.8 ], [ 4205950.8, 3106828.4 ], [ 4205945.2, 3106770.4 ], [ 4205890.3, 3106515.6 ], [ 4205894.7, 3106469.8 ], [ 4205883.2, 3106436.8 ], [ 4205856.2, 3106431.7 ], [ 4205771.0, 3106489.4 ], [ 4205640.5, 3106508.1 ], [ 4205589.9, 3106524.2 ], [ 4205570.3, 3106514.5 ], [ 4205560.6, 3106497.3 ], [ 4205562.3, 3106483.1 ], [ 4205579.1, 3106464.7 ], [ 4205757.5, 3106430.4 ], [ 4205824.0, 3106395.4 ], [ 4205837.9, 3106374.8 ], [ 4205828.0, 3106273.3 ], [ 4205773.9, 3106074.8 ], [ 4205778.3, 3106015.6 ], [ 4205820.0, 3105890.7 ], [ 4205814.9, 3105873.3 ], [ 4205798.6, 3105865.6 ], [ 4205751.6, 3105869.6 ], [ 4205679.1, 3105923.3 ], [ 4205510.0, 3106172.5 ], [ 4205472.7, 3106210.4 ], [ 4205441.9, 3106219.8 ], [ 4205430.5, 3106214.4 ], [ 4205482.4, 3106161.2 ], [ 4205502.2, 3106103.7 ], [ 4205604.4, 3105957.1 ], [ 4205625.1, 3105913.0 ], [ 4205736.4, 3105802.1 ], [ 4205769.0, 3105787.6 ], [ 4205777.2, 3105775.3 ], [ 4205773.8, 3105757.3 ], [ 4205729.8, 3105710.1 ], [ 4205667.1, 3105589.6 ], [ 4205640.8, 3105463.5 ], [ 4205590.0, 3105405.5 ], [ 4205571.7, 3105337.6 ], [ 4205540.8, 3105299.2 ], [ 4205491.4, 3105276.0 ], [ 4205369.1, 3105265.6 ], [ 4205234.9, 3105236.5 ], [ 4205193.2, 3105250.1 ], [ 4205163.9, 3105292.4 ], [ 4205150.2, 3105350.5 ], [ 4204931.4, 3105301.8 ], [ 4204854.2, 3105300.3 ], [ 4204786.6, 3105318.0 ], [ 4204774.3, 3105261.0 ], [ 4204752.3, 3105250.2 ], [ 4204735.2, 3105263.0 ], [ 4204712.0, 3105332.1 ], [ 4204726.1, 3105352.8 ], [ 4204759.5, 3105350.6 ], [ 4204755.8, 3105403.1 ], [ 4204701.9, 3105399.0 ], [ 4204671.1, 3105442.0 ], [ 4204618.7, 3105414.3 ], [ 4204514.4, 3105385.9 ], [ 4204603.7, 3105140.2 ], [ 4204589.7, 3105125.4 ], [ 4204509.3, 3105111.7 ], [ 4204536.9, 3105086.9 ], [ 4204540.5, 3105065.6 ], [ 4204506.1, 3105029.6 ], [ 4204511.0, 3105010.7 ], [ 4204492.8, 3104964.7 ], [ 4204397.3, 3104847.8 ], [ 4204405.3, 3104824.9 ], [ 4204375.6, 3104785.3 ], [ 4204366.8, 3104701.6 ], [ 4204344.1, 3104685.6 ], [ 4204349.0, 3104599.0 ], [ 4204341.0, 3104555.2 ], [ 4204328.5, 3104542.5 ], [ 4204304.2, 3104543.2 ], [ 4204289.5, 3104557.3 ], [ 4204295.0, 3104625.1 ], [ 4204253.5, 3104802.9 ], [ 4204097.9, 3104766.8 ], [ 4204107.7, 3104730.9 ], [ 4204107.3, 3104686.7 ], [ 4204095.2, 3104675.3 ], [ 4204058.9, 3104667.0 ], [ 4204068.1, 3104575.1 ], [ 4204089.8, 3104566.0 ], [ 4204103.6, 3104515.1 ], [ 4204078.8, 3104489.9 ], [ 4204053.7, 3104488.4 ], [ 4204039.5, 3104498.8 ], [ 4204013.4, 3104587.6 ], [ 4204002.5, 3104756.6 ], [ 4204046.3, 3105076.3 ], [ 4204027.1, 3105339.8 ], [ 4204015.4, 3105375.5 ], [ 4203944.3, 3105482.7 ], [ 4203920.4, 3105499.8 ], [ 4203784.5, 3105505.8 ], [ 4203653.1, 3105495.7 ], [ 4203608.4, 3105504.9 ], [ 4203559.3, 3105530.6 ], [ 4203503.9, 3105625.3 ], [ 4203481.1, 3105712.7 ], [ 4203481.2, 3105754.6 ], [ 4203472.2, 3105769.4 ], [ 4203480.7, 3105817.2 ], [ 4203522.1, 3105910.6 ], [ 4203577.1, 3105981.4 ], [ 4203636.6, 3106025.8 ], [ 4203779.2, 3106089.0 ], [ 4203895.6, 3106113.0 ], [ 4203944.0, 3106132.6 ], [ 4204092.0, 3106167.8 ], [ 4204082.3, 3106193.9 ], [ 4204021.3, 3106182.2 ], [ 4203889.6, 3106174.2 ], [ 4203770.3, 3106146.1 ], [ 4203688.7, 3106109.8 ], [ 4203541.0, 3106010.8 ], [ 4203474.5, 3105940.8 ], [ 4203433.0, 3105844.5 ], [ 4203410.1, 3105710.4 ], [ 4203422.9, 3105632.1 ], [ 4203436.5, 3105600.7 ], [ 4203434.1, 3105583.9 ], [ 4203390.5, 3105554.3 ], [ 4203370.7, 3105555.6 ], [ 4203269.0, 3105489.4 ], [ 4203258.6, 3105473.4 ], [ 4203140.0, 3105404.8 ], [ 4203121.1, 3105414.6 ], [ 4203113.2, 3105438.5 ], [ 4203094.7, 3105575.9 ], [ 4203147.2, 3105845.4 ], [ 4203140.2, 3105871.4 ], [ 4203154.7, 3105922.8 ], [ 4203153.1, 3105999.5 ], [ 4203137.3, 3106065.8 ], [ 4203072.6, 3106071.4 ], [ 4203068.2, 3106021.3 ], [ 4203084.3, 3105928.2 ], [ 4203052.4, 3105831.2 ], [ 4203015.7, 3105758.8 ], [ 4202999.7, 3105676.9 ], [ 4202997.6, 3105653.7 ], [ 4203006.0, 3105634.4 ], [ 4202991.6, 3105579.1 ], [ 4203001.1, 3105500.5 ], [ 4203022.3, 3105446.2 ], [ 4203027.8, 3105390.1 ], [ 4203019.3, 3105374.0 ], [ 4203001.7, 3105369.7 ], [ 4202985.3, 3105383.6 ], [ 4202916.8, 3105590.6 ], [ 4202894.6, 3105754.4 ], [ 4202902.6, 3105800.8 ], [ 4202933.9, 3105811.7 ], [ 4202960.4, 3105909.4 ], [ 4202920.1, 3106006.6 ], [ 4202960.2, 3106060.8 ], [ 4202986.6, 3106114.7 ], [ 4202931.0, 3106121.5 ], [ 4202905.7, 3106090.6 ], [ 4202883.0, 3106088.2 ], [ 4202747.2, 3106212.7 ], [ 4202683.2, 3106158.8 ], [ 4202637.5, 3106067.2 ], [ 4202330.5, 3105965.0 ], [ 4202304.2, 3105965.2 ], [ 4202289.0, 3105978.0 ], [ 4202270.6, 3106150.8 ], [ 4202283.0, 3106180.2 ], [ 4202266.5, 3106197.3 ], [ 4202267.5, 3106219.3 ], [ 4202287.4, 3106243.0 ], [ 4202324.5, 3106339.9 ], [ 4202356.7, 3106354.2 ], [ 4202341.5, 3106365.6 ], [ 4202306.8, 3106373.0 ], [ 4202284.0, 3106339.6 ], [ 4202193.2, 3106330.0 ], [ 4202174.3, 3106346.1 ], [ 4202178.8, 3106370.4 ], [ 4202367.4, 3106443.8 ], [ 4202441.5, 3106409.8 ], [ 4202450.8, 3106392.8 ], [ 4202476.3, 3106395.0 ], [ 4202684.6, 3106493.4 ], [ 4202683.0, 3106502.9 ], [ 4202617.8, 3106564.5 ], [ 4202480.9, 3106645.4 ], [ 4202423.5, 3106762.1 ], [ 4202365.9, 3106582.2 ], [ 4202350.2, 3106575.6 ], [ 4202234.0, 3106577.3 ], [ 4202227.9, 3106443.7 ], [ 4202211.1, 3106435.9 ], [ 4202097.9, 3106436.2 ], [ 4202077.0, 3106451.5 ], [ 4202076.2, 3106498.6 ], [ 4201883.2, 3106517.3 ], [ 4201864.4, 3106532.4 ], [ 4201864.6, 3106546.7 ], [ 4201876.8, 3106559.5 ], [ 4201991.5, 3106579.8 ], [ 4201987.1, 3106804.2 ], [ 4201865.3, 3106779.3 ], [ 4201756.4, 3106780.0 ], [ 4201733.9, 3106749.5 ], [ 4201672.4, 3106709.0 ], [ 4201651.0, 3106651.5 ], [ 4201662.6, 3106639.3 ], [ 4201663.9, 3106625.1 ], [ 4201637.6, 3106595.4 ], [ 4201631.1, 3106576.3 ], [ 4201645.1, 3106457.4 ], [ 4201635.3, 3106443.0 ], [ 4201617.1, 3106437.3 ], [ 4201635.3, 3106377.9 ], [ 4201632.1, 3106363.3 ], [ 4201616.7, 3106353.2 ], [ 4201557.6, 3106350.0 ], [ 4201543.7, 3106337.7 ], [ 4201421.1, 3106304.3 ], [ 4201399.6, 3106321.9 ], [ 4201393.5, 3106355.1 ], [ 4201398.2, 3106384.9 ], [ 4201486.2, 3106528.7 ], [ 4201505.7, 3106589.3 ], [ 4201583.0, 3106685.4 ], [ 4201579.6, 3106706.4 ], [ 4201607.7, 3106756.4 ], [ 4201607.0, 3106811.0 ], [ 4201589.4, 3106802.2 ], [ 4201581.4, 3106759.7 ], [ 4201552.1, 3106719.8 ], [ 4201389.5, 3106578.8 ], [ 4201313.5, 3106462.8 ], [ 4201294.6, 3106453.5 ], [ 4201274.0, 3106471.3 ], [ 4201277.0, 3106523.3 ], [ 4201315.2, 3106565.6 ], [ 4201344.4, 3106621.1 ], [ 4201317.1, 3106680.0 ], [ 4201198.1, 3106621.7 ], [ 4201179.7, 3106621.3 ], [ 4201113.0, 3106743.1 ], [ 4200978.8, 3106725.5 ], [ 4200967.3, 3106742.9 ], [ 4200970.3, 3106788.7 ], [ 4200837.6, 3106872.6 ], [ 4200860.3, 3106961.0 ], [ 4200878.5, 3106971.5 ], [ 4200922.0, 3106965.5 ], [ 4200932.4, 3107024.7 ], [ 4200974.0, 3107081.1 ], [ 4200989.5, 3107085.7 ], [ 4201060.8, 3107068.8 ], [ 4201080.0, 3107081.4 ], [ 4201208.7, 3107099.3 ], [ 4201244.5, 3107176.1 ], [ 4201258.8, 3107185.3 ], [ 4201331.7, 3107153.4 ], [ 4201346.7, 3107181.3 ], [ 4201362.1, 3107188.4 ], [ 4201446.1, 3107164.5 ], [ 4201455.5, 3107145.6 ], [ 4201440.1, 3107078.7 ], [ 4201458.4, 3107053.5 ], [ 4201512.2, 3107009.4 ], [ 4201530.2, 3107021.7 ], [ 4201560.6, 3107017.0 ], [ 4201733.0, 3107146.1 ], [ 4201871.5, 3107224.0 ], [ 4202020.8, 3107240.0 ], [ 4202031.5, 3107221.7 ], [ 4202021.8, 3107202.9 ], [ 4201942.6, 3107167.3 ], [ 4201875.2, 3107158.0 ], [ 4201800.5, 3107113.4 ], [ 4201825.4, 3107073.8 ], [ 4201825.4, 3107055.4 ], [ 4201768.3, 3107000.5 ], [ 4201727.8, 3106974.6 ], [ 4201802.5, 3106919.1 ], [ 4201867.6, 3106964.4 ], [ 4201881.1, 3106959.9 ], [ 4201928.1, 3106915.2 ], [ 4201934.1, 3106922.3 ], [ 4201923.2, 3106997.1 ], [ 4201908.2, 3107029.1 ], [ 4201910.7, 3107044.9 ], [ 4201955.7, 3107089.1 ], [ 4201950.0, 3107105.1 ], [ 4201957.4, 3107120.6 ], [ 4202078.9, 3107187.3 ], [ 4202097.2, 3107186.8 ], [ 4202109.7, 3107169.5 ], [ 4202158.9, 3107164.3 ], [ 4202197.1, 3107078.5 ], [ 4202271.4, 3107082.1 ], [ 4202221.3, 3107229.7 ], [ 4202332.8, 3107424.6 ], [ 4202298.5, 3107440.9 ], [ 4202289.9, 3107452.8 ], [ 4202299.8, 3107537.0 ], [ 4202253.8, 3107533.1 ], [ 4202240.7, 3107538.7 ], [ 4202182.7, 3107629.3 ], [ 4202166.2, 3107690.7 ], [ 4202182.5, 3107738.2 ], [ 4202086.5, 3107790.8 ], [ 4202008.4, 3107761.1 ], [ 4202010.3, 3107647.0 ], [ 4202022.7, 3107633.7 ], [ 4202020.8, 3107615.5 ], [ 4202070.9, 3107478.3 ], [ 4202066.2, 3107460.9 ], [ 4202050.1, 3107452.8 ], [ 4201820.8, 3107525.3 ], [ 4201769.0, 3107640.0 ], [ 4201642.6, 3107617.3 ], [ 4201623.0, 3107648.5 ], [ 4201601.5, 3107718.3 ], [ 4201619.1, 3107733.7 ], [ 4201749.9, 3107736.9 ], [ 4201817.3, 3107832.3 ], [ 4201904.4, 3107911.2 ], [ 4201927.8, 3107907.8 ], [ 4201966.3, 3107862.4 ], [ 4202135.1, 3107935.8 ], [ 4202215.3, 3107988.3 ], [ 4202234.6, 3107981.1 ], [ 4202306.6, 3107898.4 ], [ 4202303.5, 3107876.7 ], [ 4202262.3, 3107836.2 ], [ 4202310.2, 3107783.7 ], [ 4202455.9, 3107932.5 ], [ 4202551.3, 3107993.1 ], [ 4202588.3, 3108036.0 ], [ 4202613.9, 3108111.5 ], [ 4202632.0, 3108120.4 ], [ 4202659.8, 3108114.4 ], [ 4202671.0, 3108096.8 ], [ 4202658.8, 3108069.7 ], [ 4202660.6, 3108005.3 ], [ 4202640.9, 3107936.2 ], [ 4202625.0, 3107912.8 ], [ 4202574.8, 3107889.1 ], [ 4202533.2, 3107857.2 ], [ 4202553.2, 3107792.9 ], [ 4202565.0, 3107704.7 ], [ 4202562.5, 3107660.2 ], [ 4202544.8, 3107630.0 ], [ 4202548.0, 3107589.2 ], [ 4202584.4, 3107495.6 ], [ 4202640.6, 3107280.7 ], [ 4202633.5, 3107262.1 ], [ 4202568.6, 3107219.2 ], [ 4202576.0, 3107207.2 ], [ 4202615.4, 3107189.9 ], [ 4202639.9, 3107167.1 ], [ 4202705.5, 3107034.0 ], [ 4202774.9, 3106948.6 ], [ 4202786.1, 3106897.8 ], [ 4202745.5, 3106873.6 ], [ 4202803.1, 3106819.2 ], [ 4202824.3, 3106845.7 ], [ 4202866.7, 3106935.7 ], [ 4202815.6, 3107035.4 ], [ 4202732.1, 3107163.7 ], [ 4202709.0, 3107230.1 ], [ 4202692.9, 3107344.1 ], [ 4202654.1, 3107517.4 ], [ 4202636.2, 3107727.4 ], [ 4202654.0, 3107764.3 ], [ 4202700.7, 3107817.6 ], [ 4202697.5, 3107950.4 ], [ 4202732.8, 3108109.8 ], [ 4202748.9, 3108117.0 ], [ 4202804.2, 3108110.9 ], [ 4202815.0, 3108086.3 ], [ 4202803.4, 3108048.4 ], [ 4202831.7, 3108042.3 ], [ 4202856.3, 3108123.9 ], [ 4202883.1, 3108124.4 ], [ 4202979.4, 3108164.6 ], [ 4202977.4, 3108266.1 ], [ 4202954.7, 3108272.1 ], [ 4202946.5, 3108291.2 ], [ 4203036.7, 3108536.8 ], [ 4202979.0, 3108609.9 ], [ 4202909.2, 3108594.3 ], [ 4202890.4, 3108601.1 ], [ 4202884.5, 3108614.9 ], [ 4202888.9, 3108629.3 ], [ 4202938.9, 3108664.7 ], [ 4202921.7, 3108719.0 ], [ 4202951.6, 3108738.8 ], [ 4202857.0, 3108864.5 ], [ 4202762.6, 3108845.7 ], [ 4202744.8, 3108849.9 ], [ 4202736.8, 3108862.4 ], [ 4202734.0, 3108913.4 ], [ 4202745.1, 3108933.6 ], [ 4202789.1, 3108943.8 ], [ 4202782.1, 3108988.5 ], [ 4202785.8, 3109099.9 ], [ 4202805.5, 3109120.0 ], [ 4202806.5, 3109180.9 ], [ 4202741.7, 3109202.3 ], [ 4202730.7, 3109215.8 ], [ 4202759.1, 3109295.0 ], [ 4202853.5, 3109361.5 ], [ 4202924.8, 3109379.2 ], [ 4203006.8, 3109429.7 ], [ 4202932.0, 3109513.9 ], [ 4202726.4, 3109421.7 ], [ 4202712.4, 3109431.5 ], [ 4202672.2, 3109525.3 ], [ 4202606.3, 3109509.4 ], [ 4202588.5, 3109496.4 ], [ 4202552.9, 3109501.4 ], [ 4202533.9, 3109491.6 ], [ 4202623.6, 3109227.8 ], [ 4202618.9, 3109210.4 ], [ 4202594.2, 3109188.3 ], [ 4202597.0, 3109104.7 ], [ 4202613.9, 3109098.1 ], [ 4202620.1, 3109084.8 ], [ 4202628.8, 3108936.4 ], [ 4202517.9, 3108840.3 ], [ 4202532.7, 3108814.7 ], [ 4202524.8, 3108793.7 ], [ 4202496.7, 3108784.8 ], [ 4202413.3, 3108727.7 ], [ 4202382.4, 3108727.5 ], [ 4202359.3, 3108706.8 ], [ 4202313.0, 3108684.5 ], [ 4202180.0, 3108538.2 ], [ 4202158.1, 3108538.9 ], [ 4202147.6, 3108558.2 ], [ 4202184.7, 3108681.3 ], [ 4202112.9, 3108671.0 ], [ 4202084.7, 3108690.9 ], [ 4202040.3, 3108615.5 ], [ 4202019.0, 3108614.5 ], [ 4201997.3, 3108635.0 ], [ 4201879.8, 3108550.2 ], [ 4201792.9, 3108585.3 ], [ 4201783.6, 3108609.2 ], [ 4201750.7, 3108599.8 ], [ 4201677.0, 3108619.2 ], [ 4201593.8, 3108516.3 ], [ 4201458.2, 3108448.4 ], [ 4201471.6, 3108415.0 ], [ 4201451.1, 3108381.5 ], [ 4201434.5, 3108373.9 ], [ 4201435.8, 3108353.4 ], [ 4201421.7, 3108339.8 ], [ 4201436.4, 3108293.6 ], [ 4201429.3, 3108273.2 ], [ 4201414.5, 3108267.7 ], [ 4201296.7, 3108269.9 ], [ 4201277.6, 3108245.8 ], [ 4201260.2, 3108241.4 ], [ 4201238.0, 3108251.1 ], [ 4201227.4, 3108272.5 ], [ 4201219.4, 3108305.8 ], [ 4201220.9, 3108357.6 ], [ 4201275.0, 3108447.7 ], [ 4201320.1, 3108493.9 ], [ 4201369.1, 3108528.1 ], [ 4201446.3, 3108562.7 ], [ 4201493.9, 3108531.8 ], [ 4201533.1, 3108597.9 ], [ 4201556.6, 3108661.5 ], [ 4201514.4, 3108709.6 ], [ 4201494.2, 3108708.1 ], [ 4201283.6, 3108628.1 ], [ 4201174.5, 3108560.6 ], [ 4201145.2, 3108517.4 ], [ 4201098.1, 3108406.1 ], [ 4201083.8, 3108395.8 ], [ 4201069.6, 3108397.5 ], [ 4201058.1, 3108410.8 ], [ 4201051.9, 3108523.8 ], [ 4201031.1, 3108549.6 ], [ 4201015.6, 3108539.4 ], [ 4200951.0, 3108535.2 ], [ 4200886.5, 3108541.0 ], [ 4200806.9, 3108581.0 ], [ 4200792.2, 3108581.2 ], [ 4200790.5, 3108571.9 ], [ 4200825.1, 3108539.4 ], [ 4200950.3, 3108366.7 ], [ 4200944.1, 3108347.5 ], [ 4200831.5, 3108243.2 ], [ 4200814.8, 3108247.1 ], [ 4200695.7, 3108334.9 ], [ 4200668.2, 3108302.6 ], [ 4200642.3, 3108304.3 ], [ 4200535.9, 3108408.7 ], [ 4200489.6, 3108490.7 ], [ 4200469.0, 3108646.3 ], [ 4200481.7, 3108695.6 ], [ 4200511.8, 3108735.0 ], [ 4200561.0, 3108830.2 ], [ 4200772.7, 3109001.0 ], [ 4200906.8, 3109060.6 ], [ 4200922.6, 3109074.2 ], [ 4201009.8, 3109095.1 ], [ 4201039.1, 3109123.9 ], [ 4201086.2, 3109137.0 ], [ 4201117.2, 3109203.4 ], [ 4201139.9, 3109218.3 ], [ 4201175.7, 3109227.7 ], [ 4201193.3, 3109253.4 ], [ 4201244.9, 3109260.5 ], [ 4201295.1, 3109248.8 ], [ 4201344.8, 3109254.4 ], [ 4201388.1, 3109237.4 ], [ 4201440.6, 3109228.8 ], [ 4201547.2, 3109233.8 ], [ 4201620.0, 3109244.3 ], [ 4201643.8, 3109259.6 ], [ 4201761.7, 3109262.7 ], [ 4201851.5, 3109292.6 ], [ 4201848.7, 3109314.0 ], [ 4201637.0, 3109295.4 ], [ 4201554.8, 3109275.4 ], [ 4201433.2, 3109269.4 ], [ 4201226.1, 3109303.5 ], [ 4201161.3, 3109294.0 ], [ 4201122.9, 3109305.3 ], [ 4201104.1, 3109431.4 ], [ 4201090.3, 3109648.1 ], [ 4201075.1, 3109705.2 ], [ 4201117.6, 3109793.4 ], [ 4201220.3, 3109910.2 ], [ 4201285.8, 3109946.3 ], [ 4201338.8, 3109960.5 ], [ 4201410.9, 3109996.5 ], [ 4201568.0, 3110042.7 ], [ 4201587.3, 3110040.8 ], [ 4201621.3, 3110014.7 ], [ 4201702.2, 3109918.5 ], [ 4201783.8, 3109872.7 ], [ 4201808.5, 3109863.0 ], [ 4201949.4, 3109856.9 ], [ 4201962.6, 3109849.8 ], [ 4201968.2, 3109835.8 ], [ 4202025.0, 3109838.1 ], [ 4202045.3, 3109851.9 ], [ 4202128.0, 3109854.7 ], [ 4202219.0, 3109882.2 ], [ 4202260.6, 3109879.9 ], [ 4202410.4, 3109952.1 ], [ 4202414.8, 3109964.9 ], [ 4202408.2, 3109990.6 ], [ 4202439.3, 3110040.0 ], [ 4202470.9, 3110054.6 ], [ 4202547.8, 3110166.0 ], [ 4202521.2, 3110185.8 ], [ 4202376.9, 3109995.7 ], [ 4202229.7, 3109962.7 ], [ 4202138.3, 3109964.7 ], [ 4202134.1, 3109941.1 ], [ 4202117.0, 3109929.0 ], [ 4201931.3, 3109910.5 ], [ 4201904.2, 3109913.9 ], [ 4201878.9, 3109904.9 ], [ 4201831.7, 3109921.2 ], [ 4201822.5, 3109938.4 ], [ 4201758.7, 3109979.6 ], [ 4201725.0, 3109993.1 ], [ 4201710.4, 3109984.9 ], [ 4201696.0, 3109988.0 ], [ 4201656.2, 3110026.9 ], [ 4201651.8, 3110048.9 ], [ 4201637.3, 3110064.6 ], [ 4201639.1, 3110085.2 ], [ 4201738.5, 3110203.1 ], [ 4201795.5, 3110239.9 ], [ 4201875.7, 3110351.2 ], [ 4201955.6, 3110424.0 ], [ 4201991.5, 3110470.4 ], [ 4202011.5, 3110531.1 ], [ 4202027.5, 3110542.8 ], [ 4202048.7, 3110618.0 ], [ 4202066.4, 3110646.7 ], [ 4202032.1, 3110737.1 ], [ 4202010.3, 3110653.6 ], [ 4201990.9, 3110616.4 ], [ 4201992.6, 3110559.7 ], [ 4201971.4, 3110544.4 ], [ 4201952.9, 3110501.2 ], [ 4201889.0, 3110458.6 ], [ 4201859.3, 3110449.5 ], [ 4201826.7, 3110386.2 ], [ 4201755.5, 3110282.2 ], [ 4201646.9, 3110186.7 ], [ 4201553.6, 3110133.5 ], [ 4201477.6, 3110103.2 ], [ 4201438.3, 3110104.1 ], [ 4201406.5, 3110120.3 ], [ 4201337.2, 3110192.4 ], [ 4201319.8, 3110367.7 ], [ 4201264.1, 3110362.5 ], [ 4201266.2, 3110232.0 ], [ 4201310.9, 3110178.7 ], [ 4201311.9, 3110158.1 ], [ 4201283.0, 3110117.7 ], [ 4201242.5, 3110086.7 ], [ 4201143.5, 3110060.5 ], [ 4201128.1, 3110049.1 ], [ 4201101.7, 3109981.1 ], [ 4201023.7, 3109847.9 ], [ 4200994.2, 3109741.6 ], [ 4200984.1, 3109596.4 ], [ 4201022.3, 3109596.8 ], [ 4201035.4, 3109576.6 ], [ 4201017.7, 3109433.5 ], [ 4201002.1, 3109417.1 ], [ 4201041.4, 3109330.6 ], [ 4201031.4, 3109312.8 ], [ 4201008.5, 3109305.4 ], [ 4200992.7, 3109314.4 ], [ 4200910.1, 3109461.3 ], [ 4200807.3, 3109548.1 ], [ 4200734.3, 3109650.7 ], [ 4200698.7, 3109855.6 ], [ 4200579.5, 3110046.0 ], [ 4200581.8, 3110127.3 ], [ 4200622.3, 3110235.1 ], [ 4200614.1, 3110351.4 ], [ 4200602.9, 3110353.0 ], [ 4200585.8, 3110336.6 ], [ 4200555.5, 3110219.8 ], [ 4200519.1, 3110182.5 ], [ 4200499.2, 3110173.8 ], [ 4200483.3, 3110181.9 ], [ 4200475.4, 3110200.6 ], [ 4200337.4, 3110246.5 ], [ 4200328.7, 3110265.1 ], [ 4200340.7, 3110298.8 ], [ 4200228.8, 3110331.6 ], [ 4200146.3, 3110380.0 ], [ 4200117.7, 3110405.9 ], [ 4200080.9, 3110371.0 ], [ 4200057.5, 3110371.8 ], [ 4200039.6, 3110394.4 ], [ 4200022.9, 3110458.3 ], [ 4200071.3, 3110626.1 ], [ 4200065.7, 3110686.3 ], [ 4200084.2, 3110702.8 ], [ 4200053.9, 3110792.8 ], [ 4200014.4, 3110786.1 ], [ 4200035.9, 3110712.9 ], [ 4200027.5, 3110683.5 ], [ 4200030.0, 3110644.6 ], [ 4200014.9, 3110578.3 ], [ 4199967.6, 3110493.1 ], [ 4199968.6, 3110445.2 ], [ 4199989.3, 3110364.9 ], [ 4200016.4, 3110367.3 ], [ 4200042.9, 3110328.3 ], [ 4200042.1, 3110310.3 ], [ 4200026.1, 3110296.0 ], [ 4200045.3, 3110272.0 ], [ 4200079.9, 3110270.9 ], [ 4200095.0, 3110249.1 ], [ 4200142.1, 3110240.8 ], [ 4200158.1, 3110215.3 ], [ 4200186.1, 3110205.3 ], [ 4200240.5, 3110169.5 ], [ 4200248.3, 3110156.9 ], [ 4200321.9, 3110133.5 ], [ 4200332.2, 3110115.4 ], [ 4200321.6, 3110088.5 ], [ 4200420.8, 3110037.4 ], [ 4200449.8, 3110012.0 ], [ 4200521.4, 3109921.5 ], [ 4200627.3, 3109715.8 ], [ 4200750.6, 3109517.8 ], [ 4200816.3, 3109440.2 ], [ 4200819.7, 3109421.2 ], [ 4200955.5, 3109242.5 ], [ 4200979.1, 3109234.6 ], [ 4200981.4, 3109200.5 ], [ 4200969.6, 3109183.8 ], [ 4200949.2, 3109184.0 ], [ 4200931.8, 3109175.5 ], [ 4200921.9, 3109160.1 ], [ 4200804.0, 3109104.1 ], [ 4200789.1, 3109102.8 ], [ 4200776.9, 3109111.3 ], [ 4200654.0, 3109054.4 ], [ 4200632.7, 3109064.6 ], [ 4200609.8, 3109118.2 ], [ 4200533.9, 3109078.3 ], [ 4200492.9, 3109094.3 ], [ 4200452.4, 3109122.9 ], [ 4200419.8, 3109126.3 ], [ 4200409.8, 3109109.8 ], [ 4200412.8, 3109060.1 ], [ 4200386.1, 3109038.2 ], [ 4200379.2, 3109020.2 ], [ 4200401.7, 3108946.6 ], [ 4200405.3, 3108876.7 ], [ 4200373.1, 3108811.9 ], [ 4200350.9, 3108802.7 ], [ 4200301.7, 3108840.7 ], [ 4200264.2, 3108969.9 ], [ 4200237.4, 3109018.6 ], [ 4200246.5, 3109041.0 ], [ 4200273.0, 3109044.0 ], [ 4200282.6, 3109079.9 ], [ 4200330.9, 3109113.4 ], [ 4200286.0, 3109164.0 ], [ 4200279.2, 3109188.2 ], [ 4200257.7, 3109208.9 ], [ 4200050.3, 3109202.7 ], [ 4199911.2, 3109390.2 ], [ 4199901.7, 3109427.9 ], [ 4199915.4, 3109516.7 ], [ 4199942.4, 3109618.2 ], [ 4199987.2, 3109676.1 ], [ 4199989.3, 3109701.7 ], [ 4199971.7, 3109747.2 ], [ 4199938.2, 3109785.5 ], [ 4199892.3, 3109870.2 ], [ 4199839.0, 3109929.9 ], [ 4199777.1, 3110040.0 ], [ 4199772.1, 3110082.8 ], [ 4199788.1, 3110195.0 ], [ 4199738.6, 3110347.2 ], [ 4199706.7, 3110372.8 ], [ 4199577.6, 3110416.1 ], [ 4199461.5, 3110520.5 ], [ 4199419.3, 3110582.9 ], [ 4199335.9, 3110614.9 ], [ 4199310.7, 3110659.8 ], [ 4199294.2, 3110711.9 ], [ 4199327.0, 3110846.2 ], [ 4199370.3, 3110912.5 ], [ 4199541.4, 3111079.1 ], [ 4199735.0, 3111183.3 ], [ 4199873.1, 3111277.0 ], [ 4199962.4, 3111303.9 ], [ 4200065.8, 3111283.3 ], [ 4200145.5, 3111277.7 ], [ 4200209.6, 3111293.7 ], [ 4200265.8, 3111322.3 ], [ 4200349.4, 3111387.0 ], [ 4200465.1, 3111454.4 ], [ 4200652.3, 3111522.5 ], [ 4200701.6, 3111549.1 ], [ 4200724.8, 3111542.1 ], [ 4200835.9, 3111620.6 ], [ 4200908.9, 3111692.1 ], [ 4200873.1, 3111727.8 ], [ 4200868.4, 3111745.3 ], [ 4200878.4, 3111760.3 ], [ 4200937.6, 3111785.2 ], [ 4200937.0, 3111813.0 ], [ 4200903.0, 3111850.9 ], [ 4200865.9, 3111844.7 ], [ 4200849.9, 3111851.3 ], [ 4200806.4, 3111929.9 ], [ 4200817.5, 3111948.3 ], [ 4200885.0, 3111972.8 ], [ 4200887.6, 3111998.2 ], [ 4200878.6, 3112029.8 ], [ 4200835.3, 3112080.4 ], [ 4200846.3, 3112152.0 ], [ 4200862.6, 3112169.8 ], [ 4200933.1, 3112177.4 ], [ 4200940.6, 3112237.8 ], [ 4200837.2, 3112237.3 ], [ 4200839.0, 3112202.6 ], [ 4200828.5, 3112192.7 ], [ 4200807.5, 3112190.0 ], [ 4200788.6, 3112204.5 ], [ 4200780.2, 3112255.2 ], [ 4200877.0, 3112374.0 ], [ 4200999.0, 3112399.8 ], [ 4201013.0, 3112453.7 ], [ 4200994.3, 3112470.1 ], [ 4200992.9, 3112519.8 ], [ 4200927.8, 3112562.8 ], [ 4200872.2, 3112585.5 ], [ 4200579.9, 3112427.4 ], [ 4200602.2, 3112386.4 ], [ 4200602.4, 3112343.5 ], [ 4200587.5, 3112322.9 ], [ 4200559.8, 3112311.7 ], [ 4200477.0, 3112321.0 ], [ 4200355.6, 3112351.9 ], [ 4200256.5, 3112277.7 ], [ 4200354.6, 3112213.8 ], [ 4200356.8, 3112198.9 ], [ 4200337.8, 3112150.4 ], [ 4200387.7, 3112137.5 ], [ 4200404.4, 3112123.1 ], [ 4200392.6, 3112047.5 ], [ 4200396.2, 3112026.3 ], [ 4200442.2, 3111968.3 ], [ 4200456.9, 3111925.8 ], [ 4200483.2, 3111916.4 ], [ 4200500.8, 3111889.0 ], [ 4200495.7, 3111868.0 ], [ 4200473.7, 3111860.7 ], [ 4200480.3, 3111813.3 ], [ 4200509.1, 3111834.8 ], [ 4200517.0, 3111856.5 ], [ 4200534.6, 3111861.0 ], [ 4200573.0, 3111820.6 ], [ 4200572.0, 3111795.9 ], [ 4200595.1, 3111783.5 ], [ 4200606.7, 3111743.5 ], [ 4200603.4, 3111729.2 ], [ 4200588.3, 3111719.3 ], [ 4200553.0, 3111724.7 ], [ 4200549.8, 3111707.0 ], [ 4200571.8, 3111701.5 ], [ 4200582.3, 3111686.3 ], [ 4200568.7, 3111605.7 ], [ 4200622.0, 3111603.9 ], [ 4200663.5, 3111588.6 ], [ 4200686.7, 3111570.3 ], [ 4200683.3, 3111545.8 ], [ 4200649.1, 3111526.6 ], [ 4200505.4, 3111478.8 ], [ 4200446.6, 3111450.9 ], [ 4200347.1, 3111391.5 ], [ 4200261.9, 3111325.8 ], [ 4200206.9, 3111298.0 ], [ 4200144.1, 3111282.8 ], [ 4200067.4, 3111288.2 ], [ 4199961.2, 3111308.9 ], [ 4199870.6, 3111281.7 ], [ 4199725.6, 3111183.5 ], [ 4199544.1, 3111087.3 ], [ 4199484.4, 3111034.3 ], [ 4199336.5, 3110878.0 ], [ 4199320.7, 3110842.7 ], [ 4199289.3, 3110717.8 ], [ 4199306.6, 3110656.4 ], [ 4199335.7, 3110606.6 ], [ 4199415.1, 3110579.8 ], [ 4199454.0, 3110521.6 ], [ 4199479.7, 3110497.0 ], [ 4199483.8, 3110476.5 ], [ 4199470.5, 3110456.1 ], [ 4199512.9, 3110419.9 ], [ 4199518.7, 3110389.7 ], [ 4199607.4, 3110347.5 ], [ 4199617.0, 3110326.2 ], [ 4199681.8, 3110312.2 ], [ 4199716.8, 3110332.8 ], [ 4199739.4, 3110324.6 ], [ 4199783.1, 3110195.0 ], [ 4199767.1, 3110083.9 ], [ 4199772.1, 3110039.0 ], [ 4199836.0, 3109925.3 ], [ 4199888.8, 3109866.2 ], [ 4199982.4, 3109709.1 ], [ 4199983.1, 3109680.3 ], [ 4199937.1, 3109618.5 ], [ 4199902.1, 3109480.6 ], [ 4199896.7, 3109425.4 ], [ 4199909.1, 3109383.7 ], [ 4199999.6, 3109262.9 ], [ 4200003.1, 3109245.8 ], [ 4199948.1, 3109191.7 ], [ 4199947.2, 3109163.2 ], [ 4199915.3, 3109143.0 ], [ 4199915.8, 3109124.9 ], [ 4199900.4, 3109111.3 ], [ 4199933.7, 3109011.5 ], [ 4199874.3, 3108923.0 ], [ 4199887.4, 3108911.9 ], [ 4199900.1, 3108872.0 ], [ 4199951.3, 3108812.3 ], [ 4199981.2, 3108806.6 ], [ 4199989.0, 3108787.4 ], [ 4199964.7, 3108740.5 ], [ 4199947.5, 3108664.0 ], [ 4199876.9, 3108627.1 ], [ 4199886.4, 3108594.4 ], [ 4199907.4, 3108564.6 ], [ 4199950.4, 3108535.8 ], [ 4199933.0, 3108447.6 ], [ 4199960.6, 3108437.6 ], [ 4199987.6, 3108395.2 ], [ 4199953.6, 3108162.1 ], [ 4199994.1, 3108054.1 ], [ 4199985.2, 3108038.1 ], [ 4199971.1, 3108033.8 ], [ 4199964.4, 3108004.5 ], [ 4200006.2, 3107993.0 ], [ 4200017.5, 3107939.2 ], [ 4200155.1, 3107901.0 ], [ 4200204.2, 3107900.9 ], [ 4200218.7, 3107886.2 ], [ 4200205.7, 3107824.0 ], [ 4200188.7, 3107816.5 ], [ 4200147.6, 3107824.8 ], [ 4200124.3, 3107771.5 ], [ 4200097.5, 3107766.0 ], [ 4200075.3, 3107732.3 ], [ 4200058.5, 3107729.3 ], [ 4200015.4, 3107747.6 ], [ 4199926.3, 3107819.2 ], [ 4199786.4, 3107911.6 ], [ 4199751.5, 3107958.8 ], [ 4199742.6, 3108017.4 ], [ 4199730.0, 3108035.3 ], [ 4199734.6, 3108127.2 ], [ 4199751.4, 3108176.5 ], [ 4199772.0, 3108188.7 ], [ 4199819.8, 3108280.8 ], [ 4199825.6, 3108340.7 ], [ 4199811.4, 3108390.4 ], [ 4199769.2, 3108474.5 ], [ 4199761.8, 3108545.1 ], [ 4199704.3, 3108610.5 ], [ 4199708.4, 3108626.7 ], [ 4199755.8, 3108690.1 ], [ 4199710.6, 3108728.3 ], [ 4199711.8, 3108743.2 ], [ 4199728.9, 3108768.7 ], [ 4199613.2, 3108847.2 ], [ 4199585.2, 3108846.9 ], [ 4199553.7, 3108883.4 ], [ 4199512.1, 3108994.8 ], [ 4199360.6, 3109113.2 ], [ 4199327.9, 3109194.2 ], [ 4199334.6, 3109296.9 ], [ 4199279.2, 3109435.7 ], [ 4199243.9, 3109617.2 ], [ 4199225.0, 3109627.2 ], [ 4199201.2, 3109681.4 ], [ 4199205.4, 3109728.6 ], [ 4199127.4, 3109808.2 ], [ 4198983.4, 3109902.4 ], [ 4198947.6, 3109939.7 ], [ 4198918.0, 3109988.4 ], [ 4198905.7, 3110069.1 ], [ 4198921.1, 3110202.1 ], [ 4198903.7, 3110297.9 ], [ 4198910.8, 3110490.3 ], [ 4198893.2, 3110495.5 ], [ 4198885.6, 3110512.2 ], [ 4198891.0, 3110537.9 ], [ 4198909.0, 3110548.0 ], [ 4198909.7, 3110564.3 ], [ 4198884.8, 3110601.7 ], [ 4198845.3, 3110579.5 ], [ 4198824.2, 3110582.0 ], [ 4198752.2, 3110717.4 ], [ 4198715.8, 3110764.0 ], [ 4198689.4, 3110786.2 ], [ 4198660.3, 3110769.1 ], [ 4198643.5, 3110771.5 ], [ 4198551.7, 3110848.0 ], [ 4198553.1, 3110815.4 ], [ 4198603.7, 3110759.0 ], [ 4198645.3, 3110734.6 ], [ 4198672.3, 3110696.1 ], [ 4198689.0, 3110647.6 ], [ 4198688.7, 3110583.3 ], [ 4198680.4, 3110544.9 ], [ 4198724.4, 3110509.7 ], [ 4198764.1, 3110454.7 ], [ 4198767.0, 3110350.1 ], [ 4198801.1, 3110183.4 ], [ 4198806.4, 3110112.7 ], [ 4198832.5, 3110002.5 ], [ 4198871.1, 3109917.5 ], [ 4198913.3, 3109871.0 ], [ 4198959.8, 3109836.7 ], [ 4198980.7, 3109839.9 ], [ 4199048.6, 3109802.6 ], [ 4199180.2, 3109634.3 ], [ 4199184.7, 3109538.1 ], [ 4199199.0, 3109462.4 ], [ 4199266.2, 3109306.2 ], [ 4199275.1, 3109264.1 ], [ 4199281.4, 3109148.1 ], [ 4199249.9, 3109118.2 ], [ 4199056.6, 3109124.7 ], [ 4198920.5, 3109146.2 ], [ 4198860.6, 3109144.7 ], [ 4198692.6, 3109098.1 ], [ 4198656.0, 3109079.2 ], [ 4198572.7, 3109136.4 ], [ 4198554.0, 3109159.3 ], [ 4198531.5, 3109167.6 ], [ 4198460.2, 3109272.3 ], [ 4198443.1, 3109336.7 ], [ 4198431.2, 3109416.4 ], [ 4198424.7, 3109568.0 ], [ 4198434.9, 3109585.6 ], [ 4198418.4, 3109627.6 ], [ 4198390.2, 3109654.6 ], [ 4198315.5, 3109671.9 ], [ 4198233.2, 3109709.1 ], [ 4198210.2, 3109727.9 ], [ 4198207.1, 3109749.1 ], [ 4198183.3, 3109762.9 ], [ 4198045.8, 3109802.5 ], [ 4198022.4, 3109816.0 ], [ 4197942.9, 3109928.0 ], [ 4197811.6, 3110177.6 ], [ 4197715.1, 3110466.8 ], [ 4197644.5, 3110549.3 ], [ 4197600.5, 3110547.6 ], [ 4197506.3, 3110571.7 ], [ 4197447.9, 3110599.7 ], [ 4197405.0, 3110637.3 ], [ 4197371.7, 3110631.0 ], [ 4197389.9, 3110597.0 ], [ 4197397.0, 3110563.6 ], [ 4197389.9, 3110549.3 ], [ 4197355.7, 3110524.1 ], [ 4197422.9, 3110521.2 ], [ 4197625.4, 3110454.4 ], [ 4197679.0, 3110403.9 ], [ 4197755.6, 3110275.4 ], [ 4197786.2, 3110204.5 ], [ 4197809.2, 3110107.8 ], [ 4197811.1, 3110059.0 ], [ 4197801.3, 3110041.5 ], [ 4197733.5, 3110009.4 ], [ 4197785.2, 3109989.2 ], [ 4197913.8, 3109876.5 ], [ 4197940.5, 3109864.5 ], [ 4197971.1, 3109796.9 ], [ 4198022.9, 3109735.2 ], [ 4198068.4, 3109723.6 ], [ 4198078.7, 3109713.7 ], [ 4198138.2, 3109702.4 ], [ 4198219.3, 3109667.5 ], [ 4198312.2, 3109606.0 ], [ 4198362.8, 3109523.1 ], [ 4198387.4, 3109516.9 ], [ 4198396.2, 3109471.3 ], [ 4198375.4, 3109393.7 ], [ 4198366.1, 3109311.5 ], [ 4198380.5, 3109251.0 ], [ 4198427.9, 3109169.2 ], [ 4198504.4, 3109093.6 ], [ 4198566.5, 3109053.6 ], [ 4198574.1, 3109036.8 ], [ 4198566.2, 3109020.1 ], [ 4198465.3, 3108944.5 ], [ 4198417.9, 3108929.7 ], [ 4198367.9, 3108941.4 ], [ 4198229.9, 3108996.0 ], [ 4198142.7, 3109082.1 ], [ 4198125.5, 3109115.7 ], [ 4198042.4, 3109226.2 ], [ 4198015.6, 3109247.1 ], [ 4197969.4, 3109272.0 ], [ 4197946.6, 3109262.1 ], [ 4197856.5, 3109289.3 ], [ 4198005.5, 3109219.4 ], [ 4198027.6, 3109148.5 ], [ 4198051.2, 3109118.9 ], [ 4198132.5, 3109047.0 ], [ 4198203.5, 3109000.9 ], [ 4198223.2, 3108973.8 ], [ 4198245.3, 3108962.4 ], [ 4198275.7, 3108925.8 ], [ 4198274.6, 3108902.0 ], [ 4198127.0, 3108828.2 ], [ 4198058.7, 3108804.1 ], [ 4197917.3, 3108788.9 ], [ 4197808.0, 3108791.6 ], [ 4197803.0, 3108787.7 ], [ 4197828.6, 3108774.6 ], [ 4197845.9, 3108728.7 ], [ 4197826.1, 3108677.2 ], [ 4197779.8, 3108626.9 ], [ 4197718.4, 3108593.1 ], [ 4197439.9, 3108511.9 ], [ 4197363.8, 3108536.2 ], [ 4197218.4, 3108386.9 ], [ 4197225.6, 3108360.9 ], [ 4197169.1, 3108277.6 ], [ 4197276.3, 3108271.0 ], [ 4197321.2, 3108253.1 ], [ 4197553.1, 3108289.7 ], [ 4197553.7, 3108338.1 ], [ 4197570.5, 3108352.3 ], [ 4197670.3, 3108319.9 ], [ 4197694.7, 3108328.0 ], [ 4197729.4, 3108409.8 ], [ 4197720.1, 3108467.0 ], [ 4197784.3, 3108554.8 ], [ 4197818.3, 3108561.9 ], [ 4197831.8, 3108550.4 ], [ 4197833.5, 3108536.2 ], [ 4197890.5, 3108614.9 ], [ 4198025.9, 3108698.0 ], [ 4198090.8, 3108724.8 ], [ 4198182.8, 3108801.7 ], [ 4198231.8, 3108834.4 ], [ 4198278.4, 3108853.9 ], [ 4198327.3, 3108858.6 ], [ 4198410.1, 3108881.4 ], [ 4198448.8, 3108881.1 ], [ 4198487.7, 3108905.7 ], [ 4198611.9, 3108950.5 ], [ 4198771.4, 3109023.7 ], [ 4198959.8, 3109042.6 ], [ 4199043.6, 3109022.6 ], [ 4199050.6, 3109054.5 ], [ 4199070.2, 3109063.3 ], [ 4199126.4, 3109044.2 ], [ 4199126.8, 3108998.7 ], [ 4199224.6, 3108981.1 ], [ 4199236.3, 3109025.6 ], [ 4199261.5, 3109032.2 ], [ 4199303.6, 3109004.6 ], [ 4199334.7, 3108999.7 ], [ 4199371.0, 3108958.7 ], [ 4199370.9, 3108936.3 ], [ 4199412.5, 3108922.7 ], [ 4199516.1, 3108837.7 ], [ 4199598.1, 3108700.2 ], [ 4199616.7, 3108635.5 ], [ 4199677.2, 3108540.4 ], [ 4199693.6, 3108460.5 ], [ 4199679.4, 3108444.4 ], [ 4199644.5, 3108445.9 ], [ 4199497.8, 3108506.8 ], [ 4199438.1, 3108544.4 ], [ 4199296.5, 3108549.5 ], [ 4199201.4, 3108530.0 ], [ 4199084.9, 3108518.0 ], [ 4199096.3, 3108461.9 ], [ 4199128.5, 3108467.1 ], [ 4199144.8, 3108459.7 ], [ 4199193.9, 3108463.7 ], [ 4199269.6, 3108456.0 ], [ 4199301.9, 3108469.4 ], [ 4199362.8, 3108472.8 ], [ 4199452.7, 3108460.3 ], [ 4199521.7, 3108421.6 ], [ 4199622.0, 3108320.2 ], [ 4199657.7, 3108294.0 ], [ 4199674.1, 3108248.5 ], [ 4199681.6, 3108197.1 ], [ 4199655.5, 3108109.3 ], [ 4199656.8, 3108064.8 ], [ 4199646.9, 3108054.2 ], [ 4199625.1, 3108050.0 ], [ 4199568.8, 3108056.5 ], [ 4199513.0, 3108083.7 ], [ 4199485.8, 3108072.0 ], [ 4199496.2, 3107989.4 ], [ 4199554.8, 3107990.4 ], [ 4199627.1, 3107943.5 ], [ 4199651.9, 3107907.3 ], [ 4199679.6, 3107926.8 ], [ 4199697.3, 3107925.1 ], [ 4199771.4, 3107813.0 ], [ 4199809.9, 3107779.9 ], [ 4199811.9, 3107755.8 ], [ 4199789.6, 3107736.1 ], [ 4199912.2, 3107638.7 ], [ 4199970.6, 3107561.1 ], [ 4199984.1, 3107520.6 ], [ 4200000.2, 3107507.7 ], [ 4200035.9, 3107294.4 ], [ 4200057.6, 3107247.2 ], [ 4200134.6, 3107180.5 ], [ 4200161.0, 3107177.5 ], [ 4200179.6, 3107196.3 ], [ 4200235.3, 3107209.4 ], [ 4200250.7, 3107206.5 ], [ 4200396.9, 3107113.7 ], [ 4200483.9, 3107019.3 ], [ 4200499.1, 3106986.5 ], [ 4200492.6, 3106960.1 ], [ 4200415.4, 3106941.5 ], [ 4200407.0, 3106917.7 ], [ 4200345.9, 3106854.3 ], [ 4200290.1, 3106835.0 ], [ 4200267.8, 3106804.4 ], [ 4200246.9, 3106798.7 ], [ 4200224.3, 3106812.6 ], [ 4200217.2, 3106826.6 ], [ 4200184.8, 3107146.0 ], [ 4200167.7, 3107158.2 ], [ 4200195.3, 3106858.0 ], [ 4200187.4, 3106842.6 ], [ 4200170.8, 3106837.7 ], [ 4200147.7, 3106846.3 ], [ 4200134.0, 3106880.3 ], [ 4200072.0, 3106962.3 ], [ 4200061.3, 3107000.5 ], [ 4200060.9, 3107050.2 ], [ 4200027.6, 3107072.9 ], [ 4199995.4, 3107055.5 ], [ 4199854.1, 3107093.6 ], [ 4199842.6, 3107105.3 ], [ 4199829.4, 3107157.5 ], [ 4199641.8, 3107102.4 ], [ 4199660.6, 3107043.3 ], [ 4199648.1, 3107023.4 ], [ 4199404.0, 3106949.4 ], [ 4199261.1, 3106944.7 ], [ 4199216.2, 3106884.2 ], [ 4199257.3, 3106873.3 ], [ 4199290.5, 3106853.5 ], [ 4199414.2, 3106840.4 ], [ 4199537.8, 3106913.2 ], [ 4199712.8, 3106927.9 ], [ 4199766.3, 3106923.4 ], [ 4199855.1, 3106893.2 ], [ 4199907.1, 3106837.6 ], [ 4199949.9, 3106743.4 ], [ 4199966.7, 3106729.8 ], [ 4199987.6, 3106681.1 ], [ 4199981.5, 3106660.2 ], [ 4199957.2, 3106647.6 ], [ 4199999.2, 3106555.3 ], [ 4200014.1, 3106496.6 ], [ 4200045.5, 3106348.3 ], [ 4200038.9, 3106292.3 ], [ 4199978.2, 3106206.8 ], [ 4199744.2, 3105958.7 ], [ 4199722.8, 3105955.9 ], [ 4199691.9, 3105988.8 ], [ 4199664.8, 3105996.6 ], [ 4199643.6, 3105994.4 ], [ 4199602.3, 3105973.2 ], [ 4199593.0, 3105945.4 ], [ 4199597.0, 3105923.3 ], [ 4199608.9, 3105909.2 ], [ 4199648.1, 3105908.4 ], [ 4199684.1, 3105861.7 ], [ 4199673.8, 3105834.0 ], [ 4199646.3, 3105814.7 ], [ 4199630.2, 3105779.4 ], [ 4199629.7, 3105718.6 ], [ 4199645.5, 3105589.8 ], [ 4199639.2, 3105552.4 ], [ 4199670.8, 3105532.6 ], [ 4199698.6, 3105579.5 ], [ 4199714.5, 3105587.1 ], [ 4199746.3, 3105570.2 ], [ 4199755.0, 3105552.2 ], [ 4199698.1, 3105446.3 ], [ 4199711.6, 3105430.3 ], [ 4199705.8, 3105410.5 ], [ 4199633.7, 3105343.4 ], [ 4199532.2, 3105284.4 ], [ 4199421.1, 3105243.8 ], [ 4199314.1, 3105245.7 ], [ 4199298.4, 3105254.3 ], [ 4199295.3, 3105275.2 ], [ 4199325.1, 3105320.2 ], [ 4199334.6, 3105350.4 ], [ 4199327.5, 3105435.4 ], [ 4199300.5, 3105504.7 ], [ 4199216.3, 3105636.2 ], [ 4199205.8, 3105673.1 ], [ 4199157.2, 3105715.2 ], [ 4199160.9, 3105777.2 ], [ 4199189.8, 3105856.7 ], [ 4199124.9, 3105867.1 ], [ 4199115.3, 3105749.7 ], [ 4199204.2, 3105531.1 ], [ 4199242.9, 3105521.4 ], [ 4199261.4, 3105478.8 ], [ 4199262.5, 3105455.2 ], [ 4199237.7, 3105426.8 ], [ 4199241.5, 3105393.6 ], [ 4199210.8, 3105280.9 ], [ 4199187.6, 3105272.8 ], [ 4199094.5, 3105288.0 ], [ 4198996.1, 3105247.3 ], [ 4198944.7, 3105159.1 ], [ 4198929.6, 3105061.5 ], [ 4198938.0, 3105029.8 ], [ 4198998.8, 3104907.4 ], [ 4199085.1, 3104813.6 ], [ 4199147.8, 3104760.9 ], [ 4199191.0, 3104703.3 ], [ 4199215.3, 3104636.1 ], [ 4199214.3, 3104564.7 ], [ 4199177.1, 3104496.0 ], [ 4199126.8, 3104450.5 ], [ 4199096.6, 3104434.1 ], [ 4199004.1, 3104410.9 ], [ 4198907.7, 3104332.9 ], [ 4198833.2, 3104292.6 ], [ 4198780.6, 3104248.6 ], [ 4198714.8, 3104164.0 ], [ 4198658.9, 3104035.6 ], [ 4198637.9, 3103999.7 ], [ 4198625.5, 3103992.1 ], [ 4198607.9, 3103995.9 ], [ 4198599.0, 3104011.5 ], [ 4198617.7, 3104113.4 ], [ 4198640.9, 3104205.2 ], [ 4198680.1, 3104256.9 ], [ 4198703.4, 3104340.0 ], [ 4198380.9, 3104396.5 ], [ 4198259.3, 3104072.9 ], [ 4198238.6, 3104058.7 ], [ 4198203.9, 3104078.3 ], [ 4197896.8, 3104160.2 ], [ 4197834.8, 3104196.2 ], [ 4197813.3, 3104227.3 ], [ 4197827.2, 3104319.9 ], [ 4197818.9, 3104387.8 ], [ 4197823.4, 3104404.8 ], [ 4197782.0, 3104425.8 ], [ 4197766.1, 3104424.7 ], [ 4197769.3, 3104334.5 ], [ 4197759.3, 3104243.3 ], [ 4197750.4, 3104231.3 ], [ 4197735.8, 3104227.7 ], [ 4197706.5, 3104239.5 ], [ 4197658.0, 3104243.7 ], [ 4197645.7, 3104256.2 ], [ 4197675.8, 3104370.6 ], [ 4197649.3, 3104452.3 ], [ 4197564.5, 3104445.0 ], [ 4197504.9, 3104451.7 ], [ 4197345.4, 3104498.2 ], [ 4197326.2, 3104495.7 ], [ 4197296.5, 3104460.9 ], [ 4197296.8, 3104446.5 ], [ 4197271.0, 3104398.4 ], [ 4197265.0, 3104350.2 ], [ 4197285.4, 3104340.5 ], [ 4197294.2, 3104308.4 ], [ 4197287.5, 3104291.2 ], [ 4197270.0, 3104285.1 ], [ 4197169.2, 3104331.1 ], [ 4197039.5, 3104365.8 ], [ 4197026.5, 3104381.8 ], [ 4197034.1, 3104409.3 ], [ 4197006.1, 3104420.0 ], [ 4197001.6, 3104390.7 ], [ 4196989.2, 3104376.9 ], [ 4196925.7, 3104385.3 ], [ 4196824.3, 3104452.5 ], [ 4196730.8, 3104475.1 ], [ 4196689.4, 3104510.1 ], [ 4196664.0, 3104571.9 ], [ 4196584.5, 3104846.5 ], [ 4196586.9, 3104958.5 ], [ 4196605.2, 3105028.9 ], [ 4196653.9, 3105143.4 ], [ 4196704.0, 3105219.0 ], [ 4196754.4, 3105282.2 ], [ 4196867.8, 3105388.1 ], [ 4196918.2, 3105461.3 ], [ 4196938.8, 3105551.3 ], [ 4196920.0, 3105772.8 ], [ 4196929.7, 3105843.5 ], [ 4196943.8, 3105852.2 ], [ 4197164.9, 3105881.1 ], [ 4197115.1, 3105941.3 ], [ 4197137.0, 3106046.8 ], [ 4197091.9, 3106048.6 ], [ 4197077.5, 3106069.1 ], [ 4197097.3, 3106140.0 ], [ 4197137.7, 3106224.5 ], [ 4197161.7, 3106302.0 ], [ 4197175.2, 3106314.8 ], [ 4197196.1, 3106315.6 ], [ 4197199.8, 3106327.5 ], [ 4197208.5, 3106385.6 ], [ 4197177.8, 3106396.0 ], [ 4197161.9, 3106429.2 ], [ 4197163.8, 3106448.7 ], [ 4197185.1, 3106470.5 ], [ 4197243.0, 3106494.5 ], [ 4197265.6, 3106490.3 ], [ 4197276.6, 3106468.9 ], [ 4197295.1, 3106475.4 ], [ 4197367.4, 3106516.5 ], [ 4197379.1, 3106549.4 ], [ 4197424.9, 3106558.4 ], [ 4197342.1, 3106573.6 ], [ 4197234.6, 3106569.7 ], [ 4196984.3, 3106466.9 ], [ 4196983.7, 3106377.5 ], [ 4196991.2, 3106338.6 ], [ 4196978.6, 3106321.4 ], [ 4197028.6, 3106322.0 ], [ 4197041.7, 3106309.3 ], [ 4197041.2, 3106289.7 ], [ 4197076.2, 3106291.9 ], [ 4197090.4, 3106272.2 ], [ 4197061.6, 3106204.1 ], [ 4197035.6, 3106198.3 ], [ 4197011.7, 3106169.0 ], [ 4197033.8, 3106145.9 ], [ 4197033.5, 3106124.2 ], [ 4197008.5, 3106104.9 ], [ 4196987.6, 3106110.7 ], [ 4196980.7, 3106152.4 ], [ 4196992.7, 3106168.8 ], [ 4196980.2, 3106185.0 ], [ 4196976.8, 3106241.0 ], [ 4196961.8, 3106299.9 ], [ 4196974.5, 3106319.9 ], [ 4196950.1, 3106330.4 ], [ 4196916.6, 3106433.4 ], [ 4196953.0, 3106682.5 ], [ 4196923.7, 3106959.3 ], [ 4196954.6, 3107027.1 ], [ 4196992.9, 3107196.1 ], [ 4197009.4, 3107344.3 ], [ 4197001.3, 3107389.9 ], [ 4196945.0, 3107434.7 ], [ 4196937.3, 3107433.3 ], [ 4196934.7, 3107421.1 ], [ 4196969.5, 3107376.4 ], [ 4196977.2, 3107314.9 ], [ 4196963.7, 3107239.6 ], [ 4196967.6, 3107183.0 ], [ 4196947.5, 3107153.3 ], [ 4196950.8, 3107129.2 ], [ 4196925.8, 3107064.4 ], [ 4196893.8, 3107024.0 ], [ 4196876.8, 3107018.2 ], [ 4196499.8, 3107225.1 ], [ 4196175.3, 3107521.4 ], [ 4196096.8, 3107613.6 ], [ 4196049.5, 3107749.5 ], [ 4196037.9, 3107865.9 ], [ 4196051.8, 3107998.7 ], [ 4196036.7, 3108101.1 ], [ 4196045.4, 3108229.6 ], [ 4196013.8, 3108379.8 ], [ 4195998.0, 3108402.2 ], [ 4195988.1, 3108409.2 ], [ 4195958.4, 3108408.2 ], [ 4195933.0, 3108386.4 ], [ 4195931.6, 3108232.9 ], [ 4195915.8, 3108112.9 ], [ 4195882.9, 3107933.2 ], [ 4195872.7, 3107917.3 ], [ 4195853.9, 3107910.5 ], [ 4195782.9, 3107920.1 ], [ 4195670.5, 3107966.8 ], [ 4195434.3, 3108103.1 ], [ 4195390.4, 3108139.2 ], [ 4195312.8, 3108238.6 ], [ 4195135.0, 3108358.3 ], [ 4195054.8, 3108373.9 ], [ 4194979.7, 3108341.0 ], [ 4194956.6, 3108340.9 ], [ 4194944.6, 3108365.7 ], [ 4194971.1, 3108442.6 ], [ 4194963.4, 3108459.6 ], [ 4194945.9, 3108470.4 ], [ 4194852.7, 3108407.2 ], [ 4194805.0, 3108385.2 ], [ 4194660.7, 3108396.1 ], [ 4194634.2, 3108375.5 ], [ 4194550.7, 3108352.1 ], [ 4194332.3, 3108258.4 ], [ 4194188.3, 3108176.8 ], [ 4194083.1, 3108139.8 ], [ 4193955.8, 3108081.5 ], [ 4193908.7, 3108077.9 ], [ 4193813.5, 3108094.7 ], [ 4193777.9, 3108106.3 ], [ 4193733.4, 3108134.9 ], [ 4193687.2, 3108143.9 ], [ 4193677.5, 3108155.4 ], [ 4193677.5, 3108170.4 ], [ 4193704.0, 3108194.6 ], [ 4193706.8, 3108208.9 ], [ 4193698.2, 3108226.2 ], [ 4193679.7, 3108233.6 ], [ 4193614.7, 3108237.1 ], [ 4193560.1, 3108230.4 ], [ 4193451.9, 3108159.3 ], [ 4193428.5, 3108159.6 ], [ 4193397.3, 3108181.0 ], [ 4193377.4, 3108223.7 ], [ 4193373.0, 3108253.6 ], [ 4193416.4, 3108375.4 ], [ 4193440.7, 3108398.9 ], [ 4193578.6, 3108490.4 ], [ 4193615.6, 3108484.3 ], [ 4193728.4, 3108412.0 ], [ 4193765.3, 3108407.2 ], [ 4193775.2, 3108384.8 ], [ 4194038.1, 3108363.7 ], [ 4194051.8, 3108385.5 ], [ 4194080.6, 3108386.8 ], [ 4194016.9, 3108417.3 ], [ 4193874.3, 3108411.0 ], [ 4193850.6, 3108426.4 ], [ 4193796.5, 3108426.3 ], [ 4193741.4, 3108526.1 ], [ 4193687.5, 3108663.8 ], [ 4193679.1, 3108662.6 ], [ 4193722.8, 3108519.7 ], [ 4193706.9, 3108497.6 ], [ 4193692.5, 3108498.4 ], [ 4193670.3, 3108516.1 ], [ 4193593.3, 3108609.8 ], [ 4193571.6, 3108623.1 ], [ 4193486.8, 3108609.6 ], [ 4193383.3, 3108558.1 ], [ 4193361.8, 3108561.9 ], [ 4193355.1, 3108586.1 ], [ 4193440.3, 3108745.3 ], [ 4193504.9, 3108809.0 ], [ 4193586.6, 3108837.3 ], [ 4193586.8, 3108862.5 ], [ 4193571.4, 3108875.1 ], [ 4193461.8, 3108845.4 ], [ 4193416.2, 3108825.5 ], [ 4193182.4, 3108638.8 ], [ 4193161.0, 3108639.7 ], [ 4193150.9, 3108662.2 ], [ 4193223.7, 3108788.1 ], [ 4193321.9, 3108988.5 ], [ 4193338.5, 3109010.0 ], [ 4193406.4, 3109058.1 ], [ 4193431.0, 3109054.3 ], [ 4193530.6, 3109081.8 ], [ 4193576.9, 3109076.2 ], [ 4193582.6, 3109089.9 ], [ 4193599.5, 3109097.1 ], [ 4193689.9, 3109062.9 ], [ 4193703.2, 3109047.4 ], [ 4193700.6, 3109005.7 ], [ 4193740.6, 3108989.7 ], [ 4193749.8, 3108979.0 ], [ 4193749.4, 3108918.1 ], [ 4193779.1, 3108978.2 ], [ 4193798.2, 3108995.4 ], [ 4193798.5, 3109028.1 ], [ 4193811.6, 3109041.3 ], [ 4193851.5, 3109028.1 ], [ 4193926.9, 3109058.1 ], [ 4194022.3, 3109017.6 ], [ 4194051.1, 3109014.3 ], [ 4194051.2, 3109048.0 ], [ 4194038.7, 3109095.4 ], [ 4194007.9, 3109128.8 ], [ 4193983.7, 3109132.2 ], [ 4193960.7, 3109167.4 ], [ 4193903.4, 3109166.6 ], [ 4193888.5, 3109172.9 ], [ 4193881.6, 3109185.7 ], [ 4193876.9, 3109248.4 ], [ 4193916.4, 3109269.9 ], [ 4193918.0, 3109293.9 ], [ 4193964.4, 3109343.5 ], [ 4193939.3, 3109403.9 ], [ 4193914.1, 3109405.9 ], [ 4193901.5, 3109431.2 ], [ 4193911.2, 3109453.1 ], [ 4193943.6, 3109462.2 ], [ 4193910.1, 3109466.7 ], [ 4193858.6, 3109460.7 ], [ 4193814.0, 3109475.6 ], [ 4193795.5, 3109468.9 ], [ 4193794.9, 3109447.7 ], [ 4193773.7, 3109435.3 ], [ 4193760.2, 3109439.9 ], [ 4193710.2, 3109490.5 ], [ 4193650.8, 3109475.8 ], [ 4193587.7, 3109479.9 ], [ 4193570.4, 3109501.7 ], [ 4193586.0, 3109546.9 ], [ 4193536.0, 3109570.8 ], [ 4193526.7, 3109592.1 ], [ 4193548.1, 3109638.9 ], [ 4193623.0, 3109627.5 ], [ 4193679.8, 3109632.4 ], [ 4193702.0, 3109645.5 ], [ 4193755.2, 3109704.7 ], [ 4193757.5, 3109836.7 ], [ 4193769.0, 3109869.1 ], [ 4193726.2, 3109883.5 ], [ 4193713.6, 3109821.6 ], [ 4193690.9, 3109811.2 ], [ 4193624.4, 3109856.0 ], [ 4193618.6, 3109876.1 ], [ 4193594.3, 3109898.2 ], [ 4193606.4, 3109928.6 ], [ 4193626.1, 3109934.4 ], [ 4193674.0, 3109980.0 ], [ 4193661.4, 3110001.8 ], [ 4193680.2, 3110035.1 ], [ 4193695.2, 3110042.6 ], [ 4193883.2, 3110045.3 ], [ 4193968.1, 3110042.7 ], [ 4194049.3, 3110022.7 ], [ 4194090.2, 3110025.7 ], [ 4194203.2, 3110128.3 ], [ 4194203.5, 3110153.4 ], [ 4194194.0, 3110158.0 ], [ 4194149.0, 3110132.6 ], [ 4194134.5, 3110141.6 ], [ 4194127.8, 3110165.6 ], [ 4194243.9, 3110275.1 ], [ 4194264.5, 3110279.5 ], [ 4194275.4, 3110296.9 ], [ 4194264.7, 3110341.9 ], [ 4194247.9, 3110378.6 ], [ 4194241.9, 3110376.5 ], [ 4194210.3, 3110341.0 ], [ 4194194.4, 3110299.4 ], [ 4194170.3, 3110270.8 ], [ 4194110.6, 3110246.1 ], [ 4194052.4, 3110243.0 ], [ 4194031.2, 3110225.1 ], [ 4193994.4, 3110231.7 ], [ 4193982.8, 3110252.1 ], [ 4193903.0, 3110250.7 ], [ 4193861.1, 3110241.5 ], [ 4193693.9, 3110272.7 ], [ 4193611.0, 3110277.5 ], [ 4193531.5, 3110271.2 ], [ 4193503.1, 3110292.2 ], [ 4193505.4, 3110322.3 ], [ 4193479.0, 3110334.1 ], [ 4193469.7, 3110349.0 ], [ 4193485.2, 3110471.2 ], [ 4193472.4, 3110494.6 ], [ 4193480.2, 3110537.2 ], [ 4193491.9, 3110556.9 ], [ 4193480.3, 3110559.6 ], [ 4193394.9, 3110332.3 ], [ 4193396.8, 3110303.7 ], [ 4193379.7, 3110270.7 ], [ 4193351.8, 3110249.4 ], [ 4193333.2, 3110248.8 ], [ 4193265.9, 3110189.3 ], [ 4193223.3, 3110198.8 ], [ 4193189.8, 3110195.0 ], [ 4193175.2, 3110181.7 ], [ 4193133.9, 3110172.7 ], [ 4193079.8, 3110199.1 ], [ 4193062.4, 3110215.6 ], [ 4193058.9, 3110275.1 ], [ 4193062.9, 3110296.0 ], [ 4193076.0, 3110307.6 ], [ 4193129.4, 3110300.9 ], [ 4193157.0, 3110408.7 ], [ 4193096.4, 3110436.3 ], [ 4193076.3, 3110453.8 ], [ 4193073.2, 3110468.3 ], [ 4192916.6, 3110597.0 ], [ 4192911.8, 3110619.4 ], [ 4192933.2, 3110649.3 ], [ 4192894.6, 3110697.0 ], [ 4192801.6, 3110710.4 ], [ 4192715.8, 3110739.0 ], [ 4192680.3, 3110785.9 ], [ 4192607.1, 3110778.6 ], [ 4192566.2, 3110789.6 ], [ 4192519.7, 3110816.1 ], [ 4192512.8, 3110835.6 ], [ 4192535.2, 3110889.1 ], [ 4192500.9, 3110960.8 ], [ 4192459.2, 3110996.6 ], [ 4192409.5, 3111025.7 ], [ 4192379.0, 3110970.4 ], [ 4192364.9, 3110966.6 ], [ 4192327.9, 3110975.5 ], [ 4192310.1, 3110908.3 ], [ 4192323.8, 3110891.5 ], [ 4192317.3, 3110871.5 ], [ 4192297.0, 3110866.1 ], [ 4192241.4, 3110888.9 ], [ 4192228.2, 3110847.3 ], [ 4192302.5, 3110818.7 ], [ 4192313.4, 3110800.0 ], [ 4192345.5, 3110781.0 ], [ 4192348.2, 3110760.6 ], [ 4192319.2, 3110723.2 ], [ 4192138.6, 3110790.3 ], [ 4192112.3, 3110764.5 ], [ 4192091.2, 3110760.7 ], [ 4192074.3, 3110766.7 ], [ 4192061.8, 3110756.2 ], [ 4192038.6, 3110756.9 ], [ 4192016.4, 3110796.0 ], [ 4192008.0, 3110850.9 ], [ 4191996.8, 3110867.1 ], [ 4192000.9, 3110884.4 ], [ 4191964.9, 3110921.1 ], [ 4191911.0, 3110877.9 ], [ 4191886.6, 3110879.7 ], [ 4191878.8, 3110892.0 ], [ 4191871.3, 3110961.4 ], [ 4191892.6, 3111093.9 ], [ 4191925.8, 3111153.6 ], [ 4191936.5, 3111248.4 ], [ 4191892.0, 3111269.9 ], [ 4191839.6, 3111121.9 ], [ 4191815.0, 3111080.9 ], [ 4191800.8, 3111071.9 ], [ 4191778.1, 3111017.4 ], [ 4191751.8, 3111010.1 ], [ 4191736.5, 3111019.6 ], [ 4191731.9, 3111033.8 ], [ 4191787.4, 3111127.7 ], [ 4191814.4, 3111198.7 ], [ 4191828.8, 3111288.5 ], [ 4191867.5, 3111349.4 ], [ 4191945.7, 3111404.0 ], [ 4192005.5, 3111409.0 ], [ 4192015.3, 3111393.9 ], [ 4192012.6, 3111379.6 ], [ 4191975.4, 3111349.4 ], [ 4191949.3, 3111308.8 ], [ 4192006.3, 3111263.2 ], [ 4192068.2, 3111319.7 ], [ 4192123.6, 3111318.3 ], [ 4192158.6, 3111334.4 ], [ 4192152.8, 3111366.6 ], [ 4192168.9, 3111385.1 ], [ 4192222.0, 3111388.7 ], [ 4192289.3, 3111381.2 ], [ 4192392.4, 3111390.1 ], [ 4192383.0, 3111456.6 ], [ 4192323.5, 3111450.1 ], [ 4192282.1, 3111431.6 ], [ 4192268.1, 3111436.9 ], [ 4192260.7, 3111449.9 ], [ 4192269.6, 3111489.9 ], [ 4192258.4, 3111501.6 ], [ 4192257.5, 3111516.2 ], [ 4192309.7, 3111603.9 ], [ 4192338.6, 3111702.5 ], [ 4192354.5, 3111805.9 ], [ 4192363.9, 3111816.5 ], [ 4192407.3, 3111832.4 ], [ 4192400.6, 3111875.7 ], [ 4192340.3, 3111920.7 ], [ 4192325.9, 3111924.8 ], [ 4192313.5, 3111917.7 ], [ 4192286.7, 3111868.8 ], [ 4192224.7, 3111794.9 ], [ 4192301.6, 3111726.1 ], [ 4192308.3, 3111709.2 ], [ 4192260.8, 3111614.1 ], [ 4192224.0, 3111585.8 ], [ 4192231.7, 3111561.8 ], [ 4192219.2, 3111544.0 ], [ 4192178.0, 3111537.9 ], [ 4192137.2, 3111544.3 ], [ 4192127.1, 3111562.0 ], [ 4192137.2, 3111600.3 ], [ 4192121.1, 3111607.6 ], [ 4192029.2, 3111695.1 ], [ 4192002.5, 3111733.4 ], [ 4192000.5, 3111752.4 ], [ 4191969.0, 3111736.6 ], [ 4191941.2, 3111742.8 ], [ 4191933.2, 3111698.7 ], [ 4191990.5, 3111679.8 ], [ 4192014.3, 3111641.0 ], [ 4192002.6, 3111606.0 ], [ 4191964.7, 3111562.7 ], [ 4191976.0, 3111541.3 ], [ 4191967.7, 3111514.3 ], [ 4191929.2, 3111496.3 ], [ 4191909.2, 3111503.6 ], [ 4191879.7, 3111495.4 ], [ 4191862.2, 3111464.6 ], [ 4191826.7, 3111430.7 ], [ 4191798.2, 3111436.6 ], [ 4191747.6, 3111428.6 ], [ 4191726.7, 3111407.3 ], [ 4191701.8, 3111333.6 ], [ 4191665.6, 3111282.4 ], [ 4191675.4, 3111266.2 ], [ 4191672.1, 3111251.7 ], [ 4191587.3, 3111155.8 ], [ 4191592.4, 3111131.3 ], [ 4191538.2, 3111068.1 ], [ 4191536.0, 3111044.5 ], [ 4191475.8, 3110969.6 ], [ 4191421.7, 3110928.4 ], [ 4191395.4, 3110935.8 ], [ 4191377.3, 3110991.5 ], [ 4191313.1, 3110969.9 ], [ 4191225.4, 3110976.7 ], [ 4191209.5, 3110908.4 ], [ 4191185.6, 3110897.6 ], [ 4191079.2, 3110947.4 ], [ 4191058.6, 3110973.8 ], [ 4191045.9, 3111015.5 ], [ 4191034.2, 3111029.8 ], [ 4191037.6, 3111048.1 ], [ 4191096.5, 3111117.8 ], [ 4191140.2, 3111269.9 ], [ 4191189.5, 3111379.2 ], [ 4191303.0, 3111527.9 ], [ 4191288.6, 3111545.1 ], [ 4191203.8, 3111479.5 ], [ 4191099.7, 3111345.0 ], [ 4191087.2, 3111295.7 ], [ 4191089.1, 3111207.3 ], [ 4191077.0, 3111150.3 ], [ 4191064.5, 3111136.6 ], [ 4191049.6, 3111135.9 ], [ 4191007.0, 3111158.7 ], [ 4190984.5, 3111179.8 ], [ 4190978.8, 3111207.9 ], [ 4190901.2, 3111250.7 ], [ 4190869.5, 3111203.9 ], [ 4190844.7, 3111202.9 ], [ 4190777.0, 3111268.7 ], [ 4190681.2, 3111337.3 ], [ 4190677.9, 3111314.7 ], [ 4190804.7, 3111166.5 ], [ 4190806.5, 3111146.4 ], [ 4190860.2, 3111056.9 ], [ 4190857.4, 3111035.2 ], [ 4190833.6, 3111027.4 ], [ 4190799.3, 3111047.7 ], [ 4190676.6, 3110974.0 ], [ 4190659.4, 3110978.4 ], [ 4190638.1, 3111009.4 ], [ 4190578.6, 3110979.9 ], [ 4190558.2, 3110994.0 ], [ 4190547.8, 3111056.7 ], [ 4190360.9, 3110880.4 ], [ 4190375.7, 3110820.6 ], [ 4190353.2, 3110790.2 ], [ 4190410.6, 3110727.9 ], [ 4190410.2, 3110703.3 ], [ 4190293.7, 3110634.7 ], [ 4190215.1, 3110573.8 ], [ 4190069.6, 3110386.1 ], [ 4190115.8, 3110234.5 ], [ 4190226.5, 3110271.1 ], [ 4190249.2, 3110263.8 ], [ 4190262.9, 3110244.4 ], [ 4190418.6, 3110208.7 ], [ 4190427.2, 3110143.5 ], [ 4190411.3, 3110071.2 ], [ 4190376.7, 3109977.8 ], [ 4190331.9, 3109946.6 ], [ 4190284.6, 3109941.8 ], [ 4190218.0, 3109952.9 ], [ 4190096.4, 3109991.1 ], [ 4189897.5, 3110010.0 ], [ 4189874.2, 3110001.6 ], [ 4189833.4, 3109967.5 ], [ 4189810.3, 3109964.4 ], [ 4189750.6, 3109901.3 ], [ 4189705.0, 3109877.4 ], [ 4189645.5, 3109875.3 ], [ 4189591.9, 3109887.7 ], [ 4189563.6, 3109906.8 ], [ 4189569.2, 3109930.5 ], [ 4189610.9, 3109958.4 ], [ 4189686.7, 3110030.8 ], [ 4189723.8, 3110101.4 ], [ 4189778.8, 3110114.9 ], [ 4189785.6, 3110164.8 ], [ 4189754.6, 3110176.9 ], [ 4189731.7, 3110226.9 ], [ 4189737.9, 3110247.7 ], [ 4189725.0, 3110271.2 ], [ 4189702.1, 3110262.3 ], [ 4189684.3, 3110278.4 ], [ 4189641.5, 3110282.2 ], [ 4189628.0, 3110291.1 ], [ 4189611.5, 3110324.1 ], [ 4189607.1, 3110382.0 ], [ 4189589.4, 3110401.0 ], [ 4189599.6, 3110454.4 ], [ 4189563.0, 3110477.7 ], [ 4189551.8, 3110515.4 ], [ 4189532.7, 3110518.7 ], [ 4189500.1, 3110502.6 ], [ 4189474.3, 3110515.1 ], [ 4189472.5, 3110569.0 ], [ 4189485.7, 3110630.5 ], [ 4189522.1, 3110700.9 ], [ 4189564.7, 3110747.6 ], [ 4189585.7, 3110746.7 ], [ 4189691.5, 3110802.9 ], [ 4189789.0, 3110843.0 ], [ 4189852.2, 3110821.9 ], [ 4189951.3, 3110830.5 ], [ 4189970.3, 3110833.4 ], [ 4189980.4, 3110856.1 ], [ 4190033.9, 3110879.2 ], [ 4190025.7, 3110897.3 ], [ 4189989.3, 3110887.2 ], [ 4189975.2, 3110890.4 ], [ 4189958.9, 3110927.5 ], [ 4189962.6, 3110944.0 ], [ 4189998.0, 3110992.7 ], [ 4190014.3, 3111041.0 ], [ 4190015.2, 3111098.9 ], [ 4190001.8, 3111151.1 ], [ 4189981.9, 3111181.6 ], [ 4189953.7, 3111204.1 ], [ 4189859.6, 3111243.5 ], [ 4189830.3, 3111264.5 ], [ 4189807.3, 3111307.2 ], [ 4189809.6, 3111356.9 ], [ 4189834.7, 3111398.0 ], [ 4189934.1, 3111469.1 ], [ 4189989.4, 3111525.3 ], [ 4190067.9, 3111643.4 ], [ 4190197.1, 3111783.0 ], [ 4190291.0, 3111949.2 ], [ 4190369.4, 3112030.8 ], [ 4190400.7, 3112074.0 ], [ 4190439.0, 3112170.9 ], [ 4190492.2, 3112431.3 ], [ 4190522.5, 3112478.9 ], [ 4190558.3, 3112514.6 ], [ 4190617.4, 3112545.6 ], [ 4190669.9, 3112554.4 ], [ 4190700.6, 3112554.5 ], [ 4190844.6, 3112522.0 ], [ 4190875.4, 3112528.8 ], [ 4190909.4, 3112561.4 ], [ 4190935.3, 3112610.0 ], [ 4190985.4, 3112675.3 ], [ 4191215.9, 3112875.8 ], [ 4191396.4, 3113007.8 ], [ 4191558.3, 3113094.3 ], [ 4191707.7, 3113069.3 ], [ 4191721.5, 3113058.4 ], [ 4191723.0, 3113038.9 ], [ 4191782.4, 3113027.8 ], [ 4191814.8, 3113030.6 ], [ 4191888.6, 3113011.2 ], [ 4191978.0, 3112969.0 ], [ 4192061.5, 3112949.1 ], [ 4192082.5, 3112953.6 ], [ 4192136.6, 3112915.3 ], [ 4192154.2, 3112936.4 ], [ 4192184.2, 3112931.8 ], [ 4192196.2, 3112911.8 ], [ 4192187.7, 3112847.9 ], [ 4192173.3, 3112808.4 ], [ 4192258.8, 3112833.4 ], [ 4192271.9, 3112826.9 ], [ 4192278.2, 3112810.8 ], [ 4192319.7, 3112811.2 ], [ 4192362.1, 3112786.9 ], [ 4192380.0, 3112785.7 ], [ 4192453.1, 3112834.7 ], [ 4192526.9, 3112860.4 ], [ 4192622.8, 3112914.3 ], [ 4192679.7, 3112897.6 ], [ 4192731.0, 3112897.3 ], [ 4192746.5, 3112877.8 ], [ 4192822.1, 3112882.4 ], [ 4192889.8, 3112901.7 ], [ 4192917.0, 3112901.5 ], [ 4192929.8, 3112892.0 ], [ 4192935.0, 3112875.8 ], [ 4192953.8, 3112878.0 ], [ 4192968.9, 3112868.1 ], [ 4192978.1, 3112825.9 ], [ 4192971.5, 3112802.4 ], [ 4193009.9, 3112798.4 ], [ 4193022.4, 3112780.8 ], [ 4193140.8, 3112834.3 ], [ 4193124.8, 3112878.5 ], [ 4193126.6, 3112892.3 ], [ 4193168.9, 3112918.9 ], [ 4193162.5, 3112948.0 ], [ 4193190.2, 3112981.2 ], [ 4193218.3, 3112987.0 ], [ 4193246.3, 3113073.1 ], [ 4193213.9, 3113104.9 ], [ 4193220.2, 3113161.1 ], [ 4193213.2, 3113184.7 ], [ 4193287.7, 3113251.8 ], [ 4193257.9, 3113276.0 ], [ 4193206.1, 3113344.1 ], [ 4193176.3, 3113351.0 ], [ 4193166.4, 3113362.1 ], [ 4193166.3, 3113506.4 ], [ 4193122.8, 3113504.3 ], [ 4193102.8, 3113521.3 ], [ 4193098.8, 3113558.1 ], [ 4193110.0, 3113572.9 ], [ 4193191.2, 3113599.6 ], [ 4193250.1, 3113607.6 ], [ 4193245.7, 3113692.3 ], [ 4193237.6, 3113715.1 ], [ 4193125.9, 3113721.8 ], [ 4193112.4, 3113780.7 ], [ 4193117.9, 3113797.9 ], [ 4193134.4, 3113805.2 ], [ 4193308.0, 3113799.5 ], [ 4193326.8, 3113786.7 ], [ 4193440.7, 3113802.1 ], [ 4193496.6, 3113818.8 ], [ 4193572.9, 3113850.4 ], [ 4193668.6, 3113919.1 ], [ 4193828.2, 3113968.7 ], [ 4193930.7, 3114037.4 ], [ 4194061.6, 3114086.7 ], [ 4194118.3, 3114098.7 ], [ 4194190.1, 3114097.9 ], [ 4194251.3, 3114075.5 ], [ 4194313.8, 3114097.5 ], [ 4194331.6, 3114093.9 ], [ 4194340.0, 3114070.7 ], [ 4194313.9, 3114023.8 ], [ 4194311.2, 3113984.0 ], [ 4194496.1, 3113852.2 ], [ 4194511.4, 3113858.4 ], [ 4194524.8, 3113853.9 ], [ 4194625.2, 3113732.2 ], [ 4194758.5, 3113638.9 ], [ 4194760.9, 3113608.2 ], [ 4194783.6, 3113621.6 ], [ 4194817.3, 3113621.4 ], [ 4195047.1, 3113516.6 ], [ 4195059.7, 3113490.4 ], [ 4195106.5, 3113438.3 ], [ 4195102.7, 3113417.4 ], [ 4195071.5, 3113389.6 ], [ 4195108.3, 3113357.8 ], [ 4195255.9, 3113263.5 ], [ 4195286.9, 3113252.7 ], [ 4195307.6, 3113260.4 ], [ 4195359.2, 3113242.4 ], [ 4195381.6, 3113253.5 ], [ 4195395.9, 3113251.2 ], [ 4195474.5, 3113182.4 ], [ 4195533.4, 3113149.2 ], [ 4195473.6, 3113223.7 ], [ 4195441.4, 3113294.3 ], [ 4195416.5, 3113306.9 ], [ 4195342.0, 3113409.2 ], [ 4195275.8, 3113450.5 ], [ 4195270.5, 3113464.2 ], [ 4195275.4, 3113478.7 ], [ 4195081.9, 3113601.3 ], [ 4195059.9, 3113592.3 ], [ 4194907.0, 3113633.0 ], [ 4194882.0, 3113611.6 ], [ 4194855.6, 3113616.8 ], [ 4194837.9, 3113652.0 ], [ 4194817.1, 3113660.8 ], [ 4194796.4, 3113693.4 ], [ 4194746.5, 3113715.1 ], [ 4194703.8, 3113755.3 ], [ 4194665.8, 3113808.9 ], [ 4194605.5, 3113855.5 ], [ 4194582.8, 3113895.9 ], [ 4194510.7, 3113977.1 ], [ 4194503.4, 3113999.5 ], [ 4194515.0, 3114020.6 ], [ 4194544.5, 3114022.9 ], [ 4194628.9, 3114144.1 ], [ 4194672.4, 3114187.9 ], [ 4194708.2, 3114208.4 ], [ 4194685.6, 3114240.8 ], [ 4194693.9, 3114264.3 ], [ 4194847.5, 3114262.0 ], [ 4194889.4, 3114272.0 ], [ 4194957.1, 3114307.9 ], [ 4194977.4, 3114304.7 ], [ 4194996.0, 3114326.1 ], [ 4195042.3, 3114449.2 ], [ 4195061.5, 3114457.3 ], [ 4195188.4, 3114595.2 ], [ 4195233.5, 3114618.5 ], [ 4195287.1, 3114628.1 ], [ 4195375.6, 3114657.7 ], [ 4195415.9, 3114682.8 ], [ 4195476.7, 3114743.5 ], [ 4195547.7, 3114770.3 ], [ 4195541.0, 3114799.0 ], [ 4195474.9, 3114836.1 ], [ 4195471.5, 3114854.2 ], [ 4195486.7, 3114870.0 ], [ 4195526.0, 3114867.5 ], [ 4195685.4, 3114822.4 ], [ 4195745.9, 3114814.8 ], [ 4195878.1, 3114765.7 ], [ 4195886.2, 3114745.8 ], [ 4195868.8, 3114686.2 ], [ 4195941.5, 3114636.4 ], [ 4195953.9, 3114610.8 ], [ 4195974.4, 3114519.4 ], [ 4195997.7, 3114502.1 ], [ 4196027.5, 3114515.2 ], [ 4196110.5, 3114590.3 ], [ 4196109.5, 3114608.8 ], [ 4196132.4, 3114640.3 ], [ 4196174.0, 3114685.0 ], [ 4196200.6, 3114700.1 ], [ 4196316.3, 3114710.7 ], [ 4196374.9, 3114689.4 ], [ 4196387.1, 3114667.9 ], [ 4196583.4, 3114646.3 ], [ 4196640.1, 3114632.3 ], [ 4196666.6, 3114610.5 ], [ 4196725.2, 3114451.5 ], [ 4196750.4, 3114460.3 ], [ 4196767.6, 3114454.2 ], [ 4196818.8, 3114351.5 ], [ 4196851.5, 3114372.5 ], [ 4196850.5, 3114473.8 ], [ 4196863.5, 3114486.1 ], [ 4196882.3, 3114485.7 ], [ 4196896.9, 3114540.3 ], [ 4196954.6, 3114616.2 ], [ 4196952.1, 3114651.1 ], [ 4197028.0, 3114685.5 ], [ 4197038.0, 3114710.8 ], [ 4197068.9, 3114715.1 ], [ 4197084.8, 3114775.9 ], [ 4197116.6, 3114782.6 ], [ 4197152.8, 3114742.1 ], [ 4197221.6, 3114702.9 ], [ 4197327.5, 3114575.7 ], [ 4197401.0, 3114518.0 ], [ 4197422.0, 3114489.0 ], [ 4197493.8, 3114425.1 ], [ 4197558.4, 3114388.9 ], [ 4197581.9, 3114356.2 ], [ 4197652.0, 3114313.4 ], [ 4197698.0, 3114252.9 ], [ 4197695.6, 3114202.2 ], [ 4197664.9, 3114169.0 ], [ 4197641.6, 3114167.0 ], [ 4197632.4, 3114155.7 ], [ 4197586.9, 3114083.3 ], [ 4197556.8, 3114007.2 ], [ 4197553.0, 3113962.0 ], [ 4197574.0, 3113875.0 ], [ 4197573.1, 3113801.5 ], [ 4197603.7, 3113829.4 ], [ 4197626.1, 3113958.2 ], [ 4197639.8, 3113996.2 ], [ 4197629.4, 3114017.5 ], [ 4197650.4, 3114064.3 ], [ 4197700.8, 3114089.1 ], [ 4197778.4, 3114195.6 ], [ 4197807.0, 3114254.7 ], [ 4197822.3, 3114263.1 ], [ 4197836.1, 3114259.9 ], [ 4197869.6, 3114222.7 ], [ 4197906.0, 3114209.7 ], [ 4197954.4, 3114154.2 ], [ 4198020.2, 3114106.7 ], [ 4198020.8, 3114089.2 ], [ 4198007.4, 3114072.0 ], [ 4197992.3, 3114064.5 ], [ 4197977.1, 3114069.1 ], [ 4197952.2, 3114032.6 ], [ 4198082.3, 3113935.6 ], [ 4198096.9, 3113943.4 ], [ 4198113.3, 3113938.7 ], [ 4198181.1, 3113876.7 ], [ 4198232.6, 3113811.5 ], [ 4198266.3, 3113830.9 ], [ 4198287.7, 3113827.3 ], [ 4198337.9, 3113705.2 ], [ 4198393.7, 3113654.5 ], [ 4198449.7, 3113626.8 ], [ 4198489.6, 3113580.9 ], [ 4198541.5, 3113544.7 ], [ 4198585.7, 3113470.0 ], [ 4198578.4, 3113454.6 ], [ 4198532.8, 3113416.9 ], [ 4198553.8, 3113381.1 ], [ 4198647.1, 3113307.5 ], [ 4198684.7, 3113265.3 ], [ 4198733.1, 3113174.7 ], [ 4198765.9, 3113037.2 ], [ 4198795.6, 3113037.1 ], [ 4198808.9, 3113154.0 ], [ 4198805.3, 3113199.5 ], [ 4198817.6, 3113215.5 ], [ 4198816.6, 3113266.3 ], [ 4198978.5, 3113314.7 ], [ 4198975.7, 3113323.6 ], [ 4198963.3, 3113330.6 ], [ 4198837.9, 3113344.1 ], [ 4198804.8, 3113356.3 ], [ 4198761.4, 3113385.4 ], [ 4198705.5, 3113454.5 ], [ 4198612.5, 3113518.4 ], [ 4198536.4, 3113598.5 ], [ 4198478.4, 3113696.7 ], [ 4198387.9, 3113757.3 ], [ 4198347.3, 3113853.7 ], [ 4198293.3, 3113916.4 ], [ 4198193.3, 3114074.2 ], [ 4198167.3, 3114102.9 ], [ 4198063.0, 3114169.4 ], [ 4197996.9, 3114190.9 ], [ 4197956.9, 3114217.3 ], [ 4197937.4, 3114219.4 ], [ 4197914.2, 3114243.6 ], [ 4197814.2, 3114305.3 ], [ 4197784.7, 3114318.6 ], [ 4197764.7, 3114316.6 ], [ 4197685.8, 3114363.2 ], [ 4197649.9, 3114389.0 ], [ 4197643.6, 3114402.6 ], [ 4197648.2, 3114418.0 ], [ 4197566.8, 3114496.7 ], [ 4197547.6, 3114481.8 ], [ 4197526.8, 3114484.4 ], [ 4197506.1, 3114502.6 ], [ 4197471.7, 3114557.7 ], [ 4197376.6, 3114642.9 ], [ 4197374.4, 3114662.9 ], [ 4197397.3, 3114686.8 ], [ 4197324.0, 3114782.7 ], [ 4197227.9, 3114846.7 ], [ 4197145.9, 3114871.9 ], [ 4197137.9, 3114849.1 ], [ 4197123.1, 3114840.0 ], [ 4197052.8, 3114856.1 ], [ 4197001.0, 3114854.3 ], [ 4196986.8, 3114864.1 ], [ 4196983.7, 3114880.5 ], [ 4196942.0, 3114880.9 ], [ 4196872.9, 3114910.7 ], [ 4196841.3, 3114915.1 ], [ 4196829.3, 3114894.6 ], [ 4196801.2, 3114891.9 ], [ 4196723.5, 3114926.1 ], [ 4196703.9, 3114969.4 ], [ 4196697.5, 3115003.1 ], [ 4196702.2, 3115017.3 ], [ 4196745.8, 3115032.2 ], [ 4196822.8, 3115035.8 ], [ 4196833.7, 3115072.8 ], [ 4196776.8, 3115079.7 ], [ 4196724.3, 3115106.5 ], [ 4196723.9, 3115127.3 ], [ 4196758.0, 3115179.6 ], [ 4196727.8, 3115206.1 ], [ 4196727.9, 3115230.2 ], [ 4196759.7, 3115261.8 ], [ 4196861.0, 3115335.1 ], [ 4196955.6, 3115371.8 ], [ 4196967.0, 3115385.7 ], [ 4197014.9, 3115405.1 ], [ 4197240.3, 3115392.8 ], [ 4197310.6, 3115373.2 ], [ 4197323.0, 3115359.4 ], [ 4197399.4, 3115335.0 ], [ 4197680.9, 3115341.4 ], [ 4197768.1, 3115382.3 ], [ 4197844.3, 3115383.3 ], [ 4198067.9, 3115278.9 ], [ 4198238.9, 3115182.6 ], [ 4198355.1, 3115138.8 ], [ 4198427.7, 3115126.8 ], [ 4198437.6, 3115111.9 ], [ 4198435.4, 3115051.1 ], [ 4198562.3, 3115065.8 ], [ 4198612.9, 3115036.1 ], [ 4198642.7, 3115031.8 ], [ 4198670.1, 3115156.8 ], [ 4198695.6, 3115183.8 ], [ 4198729.1, 3115193.0 ], [ 4198806.1, 3115174.9 ], [ 4198940.5, 3115198.2 ], [ 4198952.9, 3115181.3 ], [ 4198948.1, 3115164.3 ], [ 4198896.5, 3115130.3 ], [ 4198867.5, 3115081.7 ], [ 4198779.1, 3115058.3 ], [ 4198749.2, 3115023.0 ], [ 4198743.1, 3114988.6 ], [ 4198769.4, 3114881.6 ], [ 4198763.6, 3114791.3 ], [ 4198773.5, 3114768.7 ], [ 4198774.9, 3114720.9 ], [ 4198767.7, 3114703.9 ], [ 4198779.4, 3114692.0 ], [ 4198837.3, 3114679.3 ], [ 4198875.6, 3114662.2 ], [ 4198908.0, 3114641.7 ], [ 4198911.8, 3114620.2 ], [ 4198892.9, 3114599.1 ], [ 4198747.0, 3114538.5 ], [ 4198755.8, 3114503.0 ], [ 4198744.3, 3114449.3 ], [ 4198717.3, 3114427.2 ], [ 4198687.6, 3114431.8 ], [ 4198641.3, 3114331.9 ], [ 4198705.7, 3114301.4 ], [ 4198714.6, 3114278.5 ], [ 4198683.7, 3114227.2 ], [ 4198646.4, 3114185.0 ], [ 4198659.5, 3114167.8 ], [ 4198658.2, 3114149.5 ], [ 4198575.3, 3114050.8 ], [ 4198583.8, 3114007.0 ], [ 4198637.6, 3114014.5 ], [ 4198715.4, 3113979.0 ], [ 4198762.1, 3114058.6 ], [ 4198828.6, 3114120.6 ], [ 4198830.1, 3114148.4 ], [ 4198916.9, 3114179.3 ], [ 4198987.9, 3114235.8 ], [ 4198986.9, 3114256.2 ], [ 4198954.7, 3114281.9 ], [ 4198955.1, 3114311.4 ], [ 4198984.2, 3114376.0 ], [ 4199046.0, 3114401.0 ], [ 4199073.6, 3114388.1 ], [ 4199092.8, 3114342.7 ], [ 4199121.0, 3114342.4 ], [ 4199134.5, 3114330.2 ], [ 4199135.5, 3114315.4 ], [ 4199106.9, 3114254.6 ], [ 4199155.4, 3114254.3 ], [ 4199169.3, 3114289.5 ], [ 4199191.4, 3114297.4 ], [ 4199277.5, 3114257.1 ], [ 4199317.2, 3114224.3 ], [ 4199388.5, 3114217.6 ], [ 4199442.2, 3114200.5 ], [ 4199455.7, 3114188.0 ], [ 4199474.2, 3114107.2 ], [ 4199531.1, 3114129.8 ], [ 4199531.5, 3114158.1 ], [ 4199585.5, 3114197.0 ], [ 4199587.0, 3114214.8 ], [ 4199496.2, 3114170.7 ], [ 4199475.5, 3114171.5 ], [ 4199465.0, 3114185.6 ], [ 4199466.2, 3114199.8 ], [ 4199505.2, 3114243.4 ], [ 4199599.3, 3114258.2 ], [ 4199669.3, 3114260.2 ], [ 4199678.9, 3114322.0 ], [ 4199694.3, 3114330.9 ], [ 4199717.8, 3114327.4 ], [ 4199796.0, 3114253.7 ], [ 4199884.5, 3114202.5 ], [ 4199944.5, 3114185.7 ], [ 4199997.5, 3114134.0 ], [ 4200055.4, 3114111.3 ], [ 4200081.9, 3114121.7 ], [ 4200095.6, 3114118.7 ], [ 4200170.8, 3114053.6 ], [ 4200175.4, 3114000.1 ], [ 4200262.9, 3113976.5 ], [ 4200319.8, 3114008.0 ], [ 4200334.6, 3114008.9 ], [ 4200348.5, 3113997.0 ], [ 4200358.1, 3113962.0 ], [ 4200393.7, 3113953.5 ], [ 4200439.1, 3113956.6 ], [ 4200587.9, 3113883.7 ], [ 4200689.5, 3113703.7 ], [ 4200688.0, 3113686.6 ], [ 4200674.2, 3113674.0 ], [ 4200678.3, 3113665.9 ], [ 4200706.2, 3113621.2 ], [ 4200752.3, 3113577.5 ], [ 4200751.2, 3113558.9 ], [ 4200734.0, 3113544.8 ], [ 4200790.9, 3113427.8 ], [ 4200812.5, 3113426.4 ], [ 4200826.3, 3113415.8 ], [ 4200833.2, 3113354.0 ], [ 4200854.5, 3113342.0 ], [ 4200862.5, 3113410.8 ], [ 4200902.5, 3113445.2 ], [ 4200910.6, 3113494.4 ], [ 4200929.1, 3113505.9 ], [ 4200977.2, 3113469.7 ], [ 4201077.3, 3113423.2 ], [ 4201335.0, 3113394.2 ], [ 4201426.2, 3113317.9 ], [ 4201553.0, 3113141.1 ], [ 4201663.3, 3113023.4 ], [ 4201832.2, 3112902.9 ], [ 4201915.9, 3112855.6 ], [ 4201982.8, 3112844.4 ], [ 4202034.0, 3112864.8 ], [ 4202086.2, 3112869.2 ], [ 4202146.4, 3112912.9 ], [ 4202221.6, 3112950.3 ], [ 4202267.6, 3112962.4 ], [ 4202301.7, 3112956.3 ], [ 4202396.5, 3112823.7 ], [ 4202439.0, 3112802.4 ], [ 4202474.5, 3112772.7 ], [ 4202478.9, 3112756.0 ], [ 4202472.2, 3112743.0 ], [ 4202500.9, 3112711.0 ], [ 4202607.2, 3112630.3 ], [ 4202616.9, 3112614.4 ], [ 4202625.3, 3112546.3 ], [ 4202642.3, 3112545.6 ], [ 4202657.4, 3112560.5 ], [ 4202665.6, 3112586.4 ], [ 4202685.7, 3112594.1 ], [ 4202740.9, 3112577.8 ], [ 4202837.1, 3112525.6 ], [ 4202969.3, 3112515.4 ], [ 4203124.3, 3112556.2 ], [ 4203270.1, 3112637.5 ], [ 4203308.9, 3112636.0 ], [ 4203541.4, 3112476.4 ], [ 4203630.6, 3112445.0 ], [ 4203651.7, 3112449.3 ], [ 4203667.6, 3112441.4 ], [ 4203672.9, 3112384.9 ], [ 4203632.9, 3112332.4 ], [ 4203682.3, 3112207.7 ], [ 4203728.3, 3112129.0 ], [ 4203794.5, 3112071.4 ], [ 4203872.4, 3111984.9 ], [ 4203896.5, 3111994.7 ], [ 4203880.0, 3112045.0 ], [ 4203849.1, 3112117.0 ], [ 4203809.8, 3112165.1 ], [ 4203761.7, 3112284.4 ], [ 4203733.5, 3112302.0 ], [ 4203725.1, 3112356.4 ], [ 4203741.6, 3112375.3 ], [ 4203766.1, 3112367.3 ], [ 4203775.4, 3112385.5 ], [ 4203839.5, 3112432.5 ], [ 4203829.0, 3112453.8 ], [ 4203838.4, 3112480.4 ], [ 4203829.9, 3112494.2 ], [ 4203831.7, 3112508.2 ], [ 4203894.9, 3112553.7 ], [ 4203965.2, 3112586.8 ], [ 4204074.5, 3112619.7 ], [ 4204158.5, 3112624.6 ], [ 4204208.3, 3112617.2 ], [ 4204223.6, 3112602.8 ], [ 4204219.3, 3112576.6 ], [ 4204250.0, 3112533.8 ], [ 4204318.6, 3112482.8 ], [ 4204341.0, 3112453.7 ], [ 4204361.5, 3112446.1 ], [ 4204378.6, 3112464.8 ], [ 4204454.2, 3112462.4 ], [ 4204619.2, 3112491.2 ], [ 4204693.5, 3112514.4 ], [ 4204750.4, 3112511.4 ], [ 4204779.1, 3112489.2 ], [ 4204800.7, 3112486.3 ], [ 4204818.2, 3112473.1 ], [ 4204854.3, 3112477.0 ], [ 4204966.0, 3112565.6 ], [ 4205004.9, 3112615.2 ], [ 4205047.4, 3112699.6 ], [ 4205033.2, 3112709.8 ], [ 4205000.2, 3112683.7 ], [ 4204963.5, 3112614.9 ], [ 4204923.9, 3112561.2 ], [ 4204862.5, 3112502.6 ], [ 4204823.0, 3112492.1 ], [ 4204798.2, 3112495.7 ], [ 4204730.9, 3112528.6 ], [ 4204624.9, 3112527.1 ], [ 4204542.7, 3112511.4 ], [ 4204522.7, 3112526.2 ], [ 4204427.3, 3112523.7 ], [ 4204413.7, 3112533.2 ], [ 4204357.1, 3112625.4 ], [ 4204370.9, 3112658.3 ], [ 4204370.3, 3112682.0 ], [ 4204431.5, 3112751.3 ], [ 4204435.2, 3112778.6 ], [ 4204487.8, 3112859.0 ], [ 4204481.3, 3112888.0 ], [ 4204505.4, 3112947.3 ], [ 4204511.1, 3112985.6 ], [ 4204527.1, 3113006.4 ], [ 4204542.2, 3113054.6 ], [ 4204575.7, 3113089.6 ], [ 4204602.5, 3113133.8 ], [ 4204770.1, 3113251.3 ], [ 4204795.2, 3113286.1 ], [ 4204812.0, 3113328.2 ], [ 4204825.9, 3113337.4 ], [ 4204836.2, 3113461.5 ], [ 4204819.6, 3113478.1 ], [ 4204822.3, 3113554.7 ], [ 4204810.2, 3113594.5 ], [ 4204780.2, 3113637.1 ], [ 4204710.7, 3113679.0 ], [ 4204722.9, 3113601.9 ], [ 4204698.6, 3113581.6 ], [ 4204661.8, 3113496.1 ], [ 4204653.5, 3113411.8 ], [ 4204625.8, 3113371.4 ], [ 4204612.1, 3113330.1 ], [ 4204614.4, 3113305.3 ], [ 4204595.1, 3113286.7 ], [ 4204604.4, 3113254.6 ], [ 4204580.6, 3113231.5 ], [ 4204504.2, 3113118.0 ], [ 4204477.0, 3113111.9 ], [ 4204453.4, 3113027.3 ], [ 4204438.1, 3113015.3 ], [ 4204450.4, 3112993.0 ], [ 4204445.4, 3112960.7 ], [ 4204432.1, 3112949.2 ], [ 4204394.2, 3112951.9 ], [ 4204380.5, 3112967.3 ], [ 4204384.4, 3112990.8 ], [ 4204424.1, 3113017.1 ], [ 4204411.7, 3113034.7 ], [ 4204401.8, 3113153.9 ], [ 4204381.2, 3113161.4 ], [ 4204375.1, 3113181.5 ], [ 4204384.7, 3113199.8 ], [ 4204438.1, 3113224.9 ], [ 4204439.9, 3113281.7 ], [ 4204465.4, 3113371.6 ], [ 4204439.1, 3113380.8 ], [ 4204388.2, 3113508.7 ], [ 4204336.9, 3113454.8 ], [ 4204269.9, 3113359.4 ], [ 4204231.6, 3113331.3 ], [ 4204209.1, 3113301.4 ], [ 4204044.5, 3113237.5 ], [ 4204060.8, 3113147.5 ], [ 4204051.5, 3113129.2 ], [ 4203894.3, 3113112.2 ], [ 4203878.4, 3113121.3 ], [ 4203875.0, 3113139.3 ], [ 4203833.6, 3113143.5 ], [ 4203824.2, 3113159.1 ], [ 4203827.8, 3113181.7 ], [ 4203870.9, 3113199.6 ], [ 4203883.3, 3113224.1 ], [ 4203840.1, 3113226.6 ], [ 4203821.4, 3113207.3 ], [ 4203734.8, 3113196.6 ], [ 4203710.1, 3113139.1 ], [ 4203663.7, 3113134.3 ], [ 4203618.7, 3112935.9 ], [ 4203561.2, 3112904.5 ], [ 4203473.5, 3112877.6 ], [ 4203335.8, 3112789.8 ], [ 4203315.1, 3112806.4 ], [ 4203305.4, 3112875.9 ], [ 4203294.7, 3112898.7 ], [ 4203305.3, 3112914.0 ], [ 4203329.2, 3112920.1 ], [ 4203354.6, 3112973.9 ], [ 4203373.0, 3113092.8 ], [ 4203385.8, 3113105.1 ], [ 4203401.1, 3113105.6 ], [ 4203407.0, 3113243.8 ], [ 4203434.0, 3113300.3 ], [ 4203376.4, 3113334.9 ], [ 4203322.6, 3113290.3 ], [ 4203267.5, 3113213.7 ], [ 4203221.6, 3112967.4 ], [ 4203265.2, 3112924.1 ], [ 4203247.2, 3112815.0 ], [ 4203179.8, 3112771.7 ], [ 4203147.5, 3112762.0 ], [ 4202969.3, 3112756.1 ], [ 4202965.9, 3112688.8 ], [ 4202948.8, 3112671.8 ], [ 4202879.9, 3112669.7 ], [ 4202794.1, 3112694.1 ], [ 4202778.9, 3112714.1 ], [ 4202582.6, 3112848.9 ], [ 4202556.3, 3112854.2 ], [ 4202468.1, 3112960.6 ], [ 4202486.0, 3112993.2 ], [ 4202573.5, 3113056.2 ], [ 4202526.0, 3113112.0 ], [ 4202479.6, 3113073.3 ], [ 4202465.5, 3113043.1 ], [ 4202416.0, 3113008.9 ], [ 4202349.8, 3113008.8 ], [ 4202275.8, 3113057.4 ], [ 4202252.5, 3113115.1 ], [ 4202242.3, 3113115.9 ], [ 4202236.2, 3113055.4 ], [ 4202228.4, 3113043.0 ], [ 4202187.1, 3113038.0 ], [ 4202150.3, 3113022.5 ], [ 4202057.9, 3112950.6 ], [ 4201973.3, 3112945.3 ], [ 4201935.3, 3112955.2 ], [ 4201887.4, 3112981.7 ], [ 4201864.2, 3112975.6 ], [ 4201814.8, 3113014.4 ], [ 4201730.7, 3113100.0 ], [ 4201659.3, 3113152.7 ], [ 4201639.4, 3113183.2 ], [ 4201594.2, 3113207.3 ], [ 4201505.1, 3113315.8 ], [ 4201382.7, 3113429.3 ], [ 4201354.4, 3113442.2 ], [ 4201308.9, 3113410.6 ], [ 4201253.7, 3113425.4 ], [ 4201223.8, 3113417.5 ], [ 4201138.6, 3113474.1 ], [ 4201088.7, 3113492.2 ], [ 4201038.6, 3113550.1 ], [ 4201000.8, 3113568.4 ], [ 4200956.0, 3113612.7 ], [ 4200929.2, 3113619.5 ], [ 4200745.3, 3113765.5 ], [ 4200727.7, 3113783.3 ], [ 4200613.5, 3113992.9 ], [ 4200573.9, 3114028.3 ], [ 4200502.2, 3114050.1 ], [ 4200432.6, 3114059.1 ], [ 4200414.4, 3114060.2 ], [ 4200376.9, 3114046.8 ], [ 4200356.6, 3114031.9 ], [ 4200333.8, 3114045.0 ], [ 4200329.8, 3114071.3 ], [ 4200341.0, 3114091.2 ], [ 4200407.3, 3114114.4 ], [ 4200425.4, 3114110.4 ], [ 4200441.8, 3114144.4 ], [ 4200461.1, 3114156.7 ], [ 4200399.7, 3114265.8 ], [ 4200311.3, 3114446.9 ], [ 4200310.3, 3114464.0 ], [ 4200322.8, 3114478.8 ], [ 4200330.9, 3114515.5 ], [ 4200386.7, 3114609.8 ], [ 4200464.3, 3114696.4 ], [ 4200587.3, 3114793.3 ], [ 4200493.5, 3114891.1 ], [ 4200490.7, 3114910.7 ], [ 4200714.9, 3115254.2 ], [ 4200730.9, 3115261.9 ], [ 4200747.4, 3115255.3 ], [ 4200897.3, 3115094.9 ], [ 4200980.8, 3115156.7 ], [ 4200998.1, 3115155.5 ], [ 4201018.7, 3115136.0 ], [ 4201075.5, 3115166.6 ], [ 4201094.7, 3115164.5 ], [ 4201340.9, 3115262.5 ], [ 4201362.7, 3115259.7 ], [ 4201371.8, 3115240.8 ], [ 4201389.8, 3115263.1 ], [ 4201384.8, 3115339.6 ], [ 4201392.1, 3115355.5 ], [ 4201412.3, 3115360.5 ], [ 4201478.1, 3115329.9 ], [ 4201490.0, 3115361.9 ], [ 4201488.5, 3115379.4 ], [ 4201452.4, 3115412.1 ], [ 4201447.1, 3115425.7 ], [ 4201465.3, 3115449.4 ], [ 4201532.0, 3115433.7 ], [ 4201565.1, 3115393.7 ], [ 4201576.1, 3115358.5 ], [ 4201596.8, 3115347.1 ], [ 4201609.7, 3115283.0 ], [ 4201629.9, 3115261.1 ], [ 4201655.5, 3115271.9 ], [ 4201658.5, 3115341.6 ], [ 4201666.0, 3115357.2 ], [ 4201790.5, 3115411.0 ], [ 4201807.6, 3115410.9 ], [ 4201824.2, 3115392.4 ], [ 4201829.5, 3115373.2 ], [ 4201828.8, 3115346.9 ], [ 4201812.2, 3115302.2 ], [ 4201833.4, 3115302.6 ], [ 4201846.1, 3115284.8 ], [ 4201834.7, 3115250.6 ], [ 4201839.7, 3115230.9 ], [ 4201847.3, 3115225.4 ], [ 4201960.8, 3115260.7 ], [ 4201974.9, 3115259.1 ], [ 4202036.1, 3115157.5 ], [ 4202051.7, 3115146.3 ], [ 4202114.0, 3115007.1 ], [ 4202130.7, 3114993.2 ], [ 4202193.3, 3114827.8 ], [ 4202213.4, 3114724.6 ], [ 4202233.0, 3114708.4 ], [ 4202240.3, 3114651.2 ], [ 4202257.9, 3114599.7 ], [ 4202288.9, 3114575.3 ], [ 4202382.9, 3114555.3 ], [ 4202426.5, 3114519.9 ], [ 4202417.5, 3114543.9 ], [ 4202431.0, 3114563.4 ], [ 4202424.2, 3114590.8 ], [ 4202400.0, 3114588.6 ], [ 4202386.7, 3114599.6 ], [ 4202109.5, 3115137.6 ], [ 4202113.6, 3115162.8 ], [ 4202082.2, 3115226.8 ], [ 4202096.8, 3115259.3 ], [ 4202130.5, 3115262.2 ], [ 4202118.7, 3115324.4 ], [ 4202126.1, 3115343.4 ], [ 4202213.9, 3115366.7 ], [ 4202222.8, 3115391.6 ], [ 4202360.9, 3115463.8 ], [ 4202345.8, 3115586.2 ], [ 4202264.2, 3115509.9 ], [ 4202213.2, 3115484.0 ], [ 4202170.0, 3115474.4 ], [ 4202087.6, 3115483.4 ], [ 4202071.2, 3115497.8 ], [ 4202071.4, 3115512.8 ], [ 4202084.6, 3115525.7 ], [ 4202065.2, 3115604.9 ], [ 4202068.1, 3115622.1 ], [ 4202104.3, 3115635.6 ], [ 4202173.1, 3115633.6 ], [ 4202197.4, 3115647.7 ], [ 4202217.4, 3115645.6 ], [ 4202229.7, 3115632.8 ], [ 4202254.7, 3115698.7 ], [ 4202251.6, 3115750.9 ], [ 4202265.2, 3115767.3 ], [ 4202364.4, 3115771.9 ], [ 4202401.2, 3115735.2 ], [ 4202559.2, 3115760.0 ], [ 4202572.4, 3115863.4 ], [ 4202585.4, 3115874.9 ], [ 4202605.7, 3115871.5 ], [ 4202653.7, 3115826.6 ], [ 4202654.4, 3115784.3 ], [ 4202665.0, 3115772.7 ], [ 4202693.6, 3115767.2 ], [ 4202703.1, 3115752.8 ], [ 4202697.3, 3115680.6 ], [ 4202702.5, 3115555.1 ], [ 4202724.8, 3115344.8 ], [ 4202753.8, 3115364.2 ], [ 4202791.9, 3115370.7 ], [ 4202833.8, 3115362.8 ], [ 4202944.9, 3115314.5 ], [ 4202982.8, 3115363.4 ], [ 4202995.0, 3115369.3 ], [ 4203034.6, 3115472.6 ], [ 4203044.4, 3115482.5 ], [ 4203282.2, 3115520.9 ], [ 4203425.1, 3115533.7 ], [ 4203436.0, 3115660.6 ], [ 4203452.6, 3115678.3 ], [ 4203472.4, 3115673.6 ], [ 4203520.4, 3115616.2 ], [ 4203527.6, 3115576.4 ], [ 4203586.1, 3115450.7 ], [ 4203624.4, 3115450.6 ], [ 4203618.2, 3115494.4 ], [ 4203628.5, 3115512.8 ], [ 4203728.9, 3115507.0 ], [ 4203752.6, 3115667.7 ], [ 4203941.8, 3115705.7 ], [ 4203933.9, 3115793.3 ], [ 4203951.3, 3115804.4 ], [ 4204006.7, 3115800.2 ], [ 4204009.4, 3115822.5 ], [ 4204027.2, 3115833.8 ], [ 4204072.8, 3115829.5 ], [ 4204128.7, 3115812.7 ], [ 4204144.9, 3115827.7 ], [ 4204162.7, 3115829.9 ], [ 4204253.9, 3115782.6 ], [ 4204291.2, 3115732.0 ], [ 4204360.4, 3115609.4 ], [ 4204412.0, 3115630.3 ], [ 4204429.3, 3115628.3 ], [ 4204456.8, 3115588.3 ], [ 4204469.6, 3115551.5 ], [ 4204502.8, 3115528.3 ], [ 4204545.7, 3115514.7 ], [ 4204777.6, 3115512.9 ], [ 4204777.0, 3115586.0 ], [ 4204791.3, 3115614.5 ], [ 4204842.4, 3115610.5 ], [ 4204886.3, 3115628.1 ], [ 4204988.2, 3115638.7 ], [ 4205021.4, 3115620.5 ], [ 4205054.6, 3115625.7 ], [ 4205025.4, 3115645.8 ], [ 4205021.7, 3115723.6 ], [ 4204999.0, 3115783.3 ], [ 4205002.3, 3115799.7 ], [ 4205023.4, 3115823.1 ], [ 4205038.3, 3115824.4 ], [ 4205132.2, 3115793.8 ], [ 4205215.9, 3115799.5 ], [ 4205235.5, 3115783.0 ], [ 4205292.5, 3115776.1 ], [ 4205247.1, 3115801.1 ], [ 4205216.4, 3115801.5 ], [ 4205205.1, 3115819.8 ], [ 4205089.7, 3115841.3 ], [ 4205080.1, 3115852.7 ], [ 4205079.9, 3115867.6 ], [ 4205042.6, 3115887.7 ], [ 4205039.6, 3115905.6 ], [ 4205140.1, 3115978.8 ], [ 4205293.4, 3116153.1 ], [ 4205402.0, 3116244.8 ], [ 4205445.8, 3116266.0 ], [ 4205465.5, 3116258.2 ], [ 4205498.3, 3116178.5 ], [ 4205553.6, 3116105.8 ], [ 4205553.8, 3116091.0 ], [ 4205541.2, 3116075.9 ], [ 4205605.5, 3116029.6 ], [ 4205659.2, 3116017.6 ], [ 4205831.9, 3116027.9 ], [ 4205920.5, 3116061.6 ], [ 4205869.1, 3116072.1 ], [ 4205724.2, 3116061.0 ], [ 4205624.8, 3116067.1 ], [ 4205595.8, 3116084.0 ], [ 4205580.6, 3116102.7 ], [ 4205544.4, 3116198.2 ], [ 4205543.9, 3116222.1 ], [ 4205556.2, 3116235.1 ], [ 4205573.7, 3116235.9 ], [ 4205666.9, 3116167.5 ], [ 4205697.2, 3116202.5 ], [ 4205745.8, 3116235.3 ], [ 4205932.0, 3116324.7 ], [ 4205949.1, 3116322.3 ], [ 4205960.6, 3116308.1 ], [ 4206000.8, 3116342.6 ], [ 4206060.1, 3116333.0 ], [ 4206075.7, 3116313.2 ], [ 4206065.8, 3116293.6 ], [ 4205997.9, 3116268.9 ], [ 4206001.1, 3116250.5 ], [ 4206259.4, 3116309.6 ], [ 4206269.7, 3116341.9 ], [ 4206304.8, 3116387.9 ], [ 4206336.1, 3116448.3 ], [ 4206360.6, 3116447.8 ], [ 4206419.0, 3116390.1 ], [ 4206513.0, 3116448.4 ], [ 4206498.6, 3116544.0 ], [ 4206417.5, 3116568.9 ], [ 4206358.5, 3116611.9 ], [ 4206358.4, 3116626.1 ], [ 4206370.1, 3116639.2 ], [ 4206450.5, 3116661.2 ], [ 4206474.9, 3116651.7 ], [ 4206486.5, 3116609.1 ], [ 4206579.0, 3116648.1 ], [ 4206596.7, 3116647.9 ], [ 4206668.2, 3116557.4 ], [ 4206759.8, 3116573.0 ], [ 4206792.2, 3116554.2 ], [ 4206839.0, 3116558.5 ], [ 4206988.2, 3116539.1 ], [ 4207030.7, 3116590.3 ], [ 4207054.2, 3116649.9 ], [ 4207084.9, 3116687.6 ], [ 4207272.3, 3116743.1 ], [ 4207287.9, 3116754.8 ], [ 4207283.1, 3116819.6 ], [ 4207297.6, 3116877.7 ], [ 4207346.9, 3116923.6 ], [ 4207377.4, 3116978.9 ], [ 4207406.3, 3117067.8 ], [ 4207423.9, 3117079.0 ], [ 4207446.4, 3117064.1 ], [ 4207446.6, 3117022.4 ], [ 4207499.6, 3117051.2 ], [ 4207522.1, 3117040.0 ], [ 4207609.8, 3116700.8 ], [ 4207604.2, 3116684.3 ], [ 4207591.9, 3116677.4 ], [ 4207542.3, 3116683.3 ], [ 4207526.6, 3116638.6 ], [ 4207554.5, 3116625.6 ], [ 4207561.2, 3116603.3 ], [ 4207495.5, 3116511.5 ], [ 4207509.0, 3116489.5 ], [ 4207494.9, 3116459.5 ], [ 4207523.6, 3116440.3 ], [ 4207552.6, 3116471.5 ], [ 4207573.0, 3116475.6 ], [ 4207615.0, 3116424.1 ], [ 4207654.7, 3116437.4 ], [ 4207702.6, 3116441.9 ], [ 4207718.7, 3116465.9 ], [ 4207738.9, 3116546.7 ], [ 4207739.5, 3116592.4 ], [ 4207752.0, 3116605.1 ], [ 4207766.4, 3116605.8 ], [ 4207806.8, 3116570.4 ], [ 4207831.6, 3116530.2 ], [ 4207830.2, 3116507.1 ], [ 4207808.5, 3116448.8 ], [ 4207807.3, 3116344.9 ], [ 4207830.6, 3116342.1 ], [ 4207857.9, 3116380.7 ], [ 4207875.3, 3116386.5 ], [ 4207925.8, 3116363.6 ], [ 4207989.2, 3116318.6 ], [ 4208018.7, 3116428.2 ], [ 4208031.9, 3116433.3 ], [ 4208089.6, 3116426.5 ], [ 4208128.1, 3116487.6 ], [ 4208136.9, 3116519.6 ], [ 4208150.1, 3116524.7 ], [ 4208198.4, 3116519.0 ], [ 4208210.4, 3116510.2 ], [ 4208214.0, 3116495.8 ], [ 4208245.1, 3116504.0 ], [ 4208276.6, 3116473.4 ], [ 4208300.1, 3116472.0 ], [ 4208338.1, 3116400.9 ], [ 4208301.3, 3116263.6 ], [ 4208315.8, 3116193.7 ], [ 4208353.0, 3116158.9 ], [ 4208387.5, 3116181.9 ], [ 4208489.0, 3116192.8 ], [ 4208500.3, 3116184.3 ], [ 4208512.9, 3116150.4 ], [ 4208567.8, 3116117.8 ], [ 4208613.6, 3116193.9 ], [ 4208627.9, 3116201.7 ], [ 4208611.8, 3116255.6 ], [ 4208619.0, 3116271.6 ], [ 4208632.0, 3116277.2 ], [ 4208621.8, 3116418.1 ], [ 4208591.3, 3116461.0 ], [ 4208530.4, 3116521.8 ], [ 4208482.3, 3116586.9 ], [ 4208478.6, 3116604.9 ], [ 4208457.5, 3116625.7 ], [ 4208342.4, 3116965.9 ], [ 4208286.1, 3117070.3 ], [ 4208220.5, 3117159.5 ], [ 4208221.8, 3117179.6 ], [ 4208249.9, 3117214.4 ], [ 4208255.7, 3117265.2 ], [ 4208251.7, 3117298.1 ], [ 4208223.1, 3117375.7 ], [ 4208221.4, 3117409.7 ], [ 4208230.9, 3117425.0 ], [ 4208255.3, 3117425.1 ], [ 4208305.5, 3117377.7 ], [ 4208307.3, 3117360.5 ], [ 4208290.5, 3117340.1 ], [ 4208361.4, 3117246.4 ] ], [ [ 4207556.6, 3116134.3 ], [ 4207582.2, 3116171.2 ], [ 4207589.8, 3116197.6 ], [ 4207583.3, 3116207.0 ], [ 4207496.5, 3116186.3 ], [ 4207293.0, 3116104.7 ], [ 4207273.6, 3116113.5 ], [ 4207246.7, 3116169.5 ], [ 4207202.3, 3116193.7 ], [ 4207201.4, 3116167.5 ], [ 4207171.8, 3116147.6 ], [ 4207153.7, 3115969.3 ], [ 4207291.2, 3115954.1 ], [ 4207304.9, 3115937.4 ], [ 4207299.6, 3115899.3 ], [ 4207364.8, 3115885.3 ], [ 4207398.1, 3115980.1 ], [ 4207462.5, 3116102.6 ], [ 4207493.6, 3116117.9 ], [ 4207546.9, 3116104.5 ], [ 4207556.6, 3116134.3 ] ], [ [ 4206665.5, 3116092.0 ], [ 4206621.4, 3116200.0 ], [ 4206555.2, 3116132.5 ], [ 4206538.6, 3116128.4 ], [ 4206425.8, 3116203.0 ], [ 4206372.2, 3116109.8 ], [ 4206452.8, 3116058.4 ], [ 4206458.3, 3116033.9 ], [ 4206448.2, 3116022.8 ], [ 4206396.8, 3116007.1 ], [ 4206365.3, 3115964.3 ], [ 4206322.8, 3115971.9 ], [ 4206297.6, 3115958.1 ], [ 4206292.1, 3115808.4 ], [ 4206275.9, 3115791.4 ], [ 4206101.3, 3115838.2 ], [ 4205979.8, 3115844.7 ], [ 4205862.9, 3115865.4 ], [ 4205692.5, 3115867.1 ], [ 4205729.6, 3115842.0 ], [ 4205839.3, 3115808.7 ], [ 4205883.6, 3115782.4 ], [ 4205978.1, 3115579.3 ], [ 4206022.0, 3115524.3 ], [ 4206078.2, 3115490.4 ], [ 4206403.9, 3115652.5 ], [ 4206428.0, 3115720.3 ], [ 4206441.3, 3115730.9 ], [ 4206478.9, 3115721.1 ], [ 4206551.5, 3115717.8 ], [ 4206673.2, 3115690.0 ], [ 4206744.1, 3115663.9 ], [ 4206808.6, 3115694.4 ], [ 4206694.0, 3115939.8 ], [ 4206680.1, 3115949.0 ], [ 4206649.4, 3116012.9 ], [ 4206665.5, 3116092.0 ] ], [ [ 4208451.3, 3115758.7 ], [ 4208330.9, 3115661.2 ], [ 4208301.9, 3115624.7 ], [ 4208362.2, 3115656.0 ], [ 4208389.4, 3115660.5 ], [ 4208408.3, 3115652.2 ], [ 4208418.9, 3115633.1 ], [ 4208402.1, 3115552.5 ], [ 4208370.3, 3115541.0 ], [ 4208323.6, 3115505.8 ], [ 4208119.3, 3115480.4 ], [ 4208143.4, 3115448.8 ], [ 4208181.7, 3115422.0 ], [ 4208294.6, 3115416.4 ], [ 4208454.4, 3115382.1 ], [ 4208466.0, 3115503.0 ], [ 4208507.4, 3115733.5 ], [ 4208538.1, 3115761.0 ], [ 4208587.3, 3115772.9 ], [ 4208584.9, 3115807.2 ], [ 4208451.3, 3115758.7 ] ], [ [ 4208646.0, 3115744.0 ], [ 4208601.9, 3115740.4 ], [ 4208599.5, 3115679.4 ], [ 4208646.7, 3115688.1 ], [ 4208646.0, 3115744.0 ] ], [ [ 4210021.0, 3115570.8 ], [ 4210050.9, 3115580.9 ], [ 4210062.6, 3115599.6 ], [ 4210042.5, 3115629.9 ], [ 4210008.2, 3115638.2 ], [ 4209991.8, 3115594.0 ], [ 4210021.0, 3115570.8 ] ], [ [ 4209654.6, 3115383.2 ], [ 4209654.2, 3115341.3 ], [ 4209605.4, 3115249.6 ], [ 4209596.6, 3115177.9 ], [ 4209720.5, 3115026.8 ], [ 4209745.2, 3115041.0 ], [ 4209797.6, 3115053.9 ], [ 4210031.1, 3115054.0 ], [ 4210007.8, 3115089.8 ], [ 4210039.3, 3115226.1 ], [ 4210005.4, 3115251.2 ], [ 4209865.5, 3115396.8 ], [ 4209683.0, 3115531.8 ], [ 4209566.9, 3115461.7 ], [ 4209643.0, 3115410.9 ], [ 4209654.6, 3115383.2 ] ], [ [ 4202922.6, 3115053.9 ], [ 4202887.6, 3115071.9 ], [ 4202885.9, 3114989.3 ], [ 4202945.3, 3114993.7 ], [ 4202954.6, 3115004.3 ], [ 4202974.9, 3115007.9 ], [ 4203004.0, 3114993.4 ], [ 4203016.3, 3115023.4 ], [ 4202922.6, 3115053.9 ] ], [ [ 4206303.2, 3115004.8 ], [ 4206310.4, 3114987.3 ], [ 4206382.4, 3114960.2 ], [ 4206487.7, 3114937.2 ], [ 4206544.7, 3114910.7 ], [ 4206568.9, 3114948.5 ], [ 4206529.1, 3114970.9 ], [ 4206317.1, 3115022.5 ], [ 4206303.2, 3115004.8 ] ], [ [ 4209850.9, 3114983.0 ], [ 4209867.9, 3114944.4 ], [ 4209974.6, 3114978.5 ], [ 4209956.3, 3115001.4 ], [ 4209850.9, 3114983.0 ] ], [ [ 4209681.2, 3114920.0 ], [ 4209661.9, 3114945.8 ], [ 4209576.5, 3114896.1 ], [ 4209600.0, 3114867.5 ], [ 4209681.2, 3114920.0 ] ], [ [ 4209259.6, 3114844.3 ], [ 4209187.6, 3114904.8 ], [ 4209100.6, 3114883.8 ], [ 4209061.1, 3114920.8 ], [ 4208994.2, 3114916.0 ], [ 4209002.0, 3114875.4 ], [ 4208995.1, 3114858.7 ], [ 4208909.9, 3114833.8 ], [ 4209018.4, 3114570.8 ], [ 4209015.9, 3114554.2 ], [ 4208991.1, 3114531.2 ], [ 4209073.6, 3114405.3 ], [ 4209126.8, 3114558.6 ], [ 4209341.4, 3114720.4 ], [ 4209400.1, 3114731.8 ], [ 4209351.0, 3114825.2 ], [ 4209259.6, 3114844.3 ] ], [ [ 4208890.9, 3114409.8 ], [ 4208885.1, 3114415.9 ], [ 4208857.4, 3114398.4 ], [ 4208751.0, 3114362.3 ], [ 4208723.3, 3114332.6 ], [ 4208731.7, 3114314.4 ], [ 4208760.2, 3114328.1 ], [ 4208770.7, 3114341.9 ], [ 4208795.6, 3114349.1 ], [ 4208805.7, 3114369.9 ], [ 4208853.6, 3114386.3 ], [ 4208890.9, 3114409.8 ] ], [ [ 4207505.3, 3114381.9 ], [ 4207450.7, 3114426.4 ], [ 4207428.8, 3114427.4 ], [ 4207251.0, 3114538.4 ], [ 4207241.7, 3114550.3 ], [ 4207243.6, 3114568.8 ], [ 4207122.8, 3114649.9 ], [ 4207102.5, 3114624.8 ], [ 4207079.1, 3114626.6 ], [ 4206953.2, 3114732.2 ], [ 4206921.8, 3114770.5 ], [ 4206894.1, 3114546.8 ], [ 4206875.7, 3114538.8 ], [ 4206815.3, 3114545.8 ], [ 4206803.5, 3114559.8 ], [ 4206803.8, 3114580.8 ], [ 4206736.5, 3114573.9 ], [ 4206727.9, 3114377.9 ], [ 4206718.9, 3114361.7 ], [ 4206233.5, 3114253.0 ], [ 4206187.7, 3114235.6 ], [ 4206231.8, 3114139.5 ], [ 4206374.1, 3114181.3 ], [ 4206392.2, 3114178.7 ], [ 4206432.2, 3114073.6 ], [ 4206672.1, 3114124.4 ], [ 4206811.2, 3114113.8 ], [ 4206854.0, 3114201.0 ], [ 4206878.6, 3114227.9 ], [ 4206909.4, 3114245.2 ], [ 4206935.1, 3114229.0 ], [ 4206984.1, 3114300.7 ], [ 4207011.7, 3114312.1 ], [ 4207042.4, 3114365.3 ], [ 4207108.8, 3114365.5 ], [ 4207126.5, 3114344.9 ], [ 4207117.2, 3114279.3 ], [ 4207245.3, 3114275.0 ], [ 4207324.7, 3114190.0 ], [ 4207326.4, 3114169.6 ], [ 4207286.7, 3114108.3 ], [ 4207291.8, 3114092.2 ], [ 4207308.6, 3114081.2 ], [ 4207342.6, 3114192.5 ], [ 4207505.3, 3114381.9 ] ], [ [ 4209815.2, 3114129.6 ], [ 4209791.9, 3114101.0 ], [ 4209820.6, 3114060.5 ], [ 4209851.0, 3114136.0 ], [ 4209815.2, 3114129.6 ] ], [ [ 4209447.4, 3114032.3 ], [ 4209410.4, 3114080.5 ], [ 4209369.6, 3114061.3 ], [ 4209412.1, 3114008.9 ], [ 4209447.4, 3114032.3 ] ], [ [ 4207233.6, 3113995.7 ], [ 4207153.2, 3114048.9 ], [ 4207143.0, 3114040.0 ], [ 4207226.5, 3113985.8 ], [ 4207233.6, 3113995.7 ] ], [ [ 4205157.0, 3114047.7 ], [ 4205177.9, 3114075.4 ], [ 4205148.9, 3114099.8 ], [ 4205062.0, 3113980.9 ], [ 4205086.7, 3113988.3 ], [ 4205157.0, 3114047.7 ] ], [ [ 4203419.8, 3114041.9 ], [ 4203328.2, 3113984.5 ], [ 4203281.0, 3113960.3 ], [ 4203366.7, 3113961.5 ], [ 4203385.2, 3113942.8 ], [ 4203423.7, 3113938.3 ], [ 4203429.2, 3114002.2 ], [ 4203419.8, 3114041.9 ] ], [ [ 4202374.6, 3114044.3 ], [ 4202375.9, 3114083.8 ], [ 4202290.5, 3114045.3 ], [ 4202374.6, 3114044.3 ] ], [ [ 4200928.8, 3114097.0 ], [ 4200972.8, 3114121.9 ], [ 4200878.4, 3114129.5 ], [ 4200743.4, 3114157.9 ], [ 4200742.4, 3114139.6 ], [ 4200849.7, 3114107.7 ], [ 4200928.8, 3114097.0 ] ], [ [ 4203000.2, 3114113.2 ], [ 4203070.3, 3114128.0 ], [ 4203076.5, 3114163.9 ], [ 4203023.2, 3114152.8 ], [ 4203018.1, 3114132.9 ], [ 4203000.2, 3114113.2 ] ], [ [ 4204195.5, 3114156.9 ], [ 4204182.9, 3114151.8 ], [ 4204120.5, 3114156.9 ], [ 4204017.8, 3114127.2 ], [ 4204047.1, 3114117.3 ], [ 4204163.1, 3114138.8 ], [ 4204213.4, 3114103.0 ], [ 4204226.4, 3114106.0 ], [ 4204231.1, 3114115.1 ], [ 4204214.7, 3114130.1 ], [ 4204210.8, 3114145.0 ], [ 4204234.6, 3114175.3 ], [ 4204231.8, 3114192.2 ], [ 4204209.5, 3114185.3 ], [ 4204195.5, 3114156.9 ] ], [ [ 4205282.7, 3114270.7 ], [ 4205395.3, 3114164.5 ], [ 4205406.2, 3114172.2 ], [ 4205312.4, 3114268.4 ], [ 4205319.1, 3114291.5 ], [ 4205361.4, 3114317.1 ], [ 4205350.1, 3114322.4 ], [ 4205322.7, 3114312.1 ], [ 4205282.7, 3114270.7 ] ], [ [ 4208910.4, 3114103.3 ], [ 4208908.3, 3114118.0 ], [ 4208874.0, 3114089.5 ], [ 4208887.5, 3114094.7 ], [ 4208910.4, 3114103.3 ] ], [ [ 4203498.4, 3114443.1 ], [ 4203486.4, 3114404.5 ], [ 4203555.2, 3114388.3 ], [ 4203560.6, 3114425.9 ], [ 4203498.4, 3114443.1 ] ], [ [ 4204833.6, 3114600.9 ], [ 4204818.0, 3114648.1 ], [ 4204766.0, 3114622.1 ], [ 4204774.2, 3114598.7 ], [ 4204794.7, 3114580.9 ], [ 4204833.6, 3114600.9 ] ], [ [ 4208786.8, 3114525.8 ], [ 4208821.2, 3114580.1 ], [ 4208797.8, 3114608.2 ], [ 4208783.0, 3114602.0 ], [ 4208769.2, 3114574.7 ], [ 4208785.9, 3114553.4 ], [ 4208786.8, 3114525.8 ] ], [ [ 4208077.6, 3114471.2 ], [ 4208073.2, 3114420.4 ], [ 4208169.4, 3114430.6 ], [ 4208171.8, 3114454.7 ], [ 4208077.6, 3114471.2 ] ], [ [ 4203267.3, 3114870.1 ], [ 4203309.3, 3114944.8 ], [ 4203298.6, 3114966.5 ], [ 4203266.8, 3114980.6 ], [ 4203225.9, 3114883.9 ], [ 4203241.4, 3114873.2 ], [ 4203246.1, 3114847.9 ], [ 4203267.3, 3114870.1 ] ], [ [ 4204887.5, 3114912.7 ], [ 4204896.1, 3114872.3 ], [ 4204934.3, 3114903.3 ], [ 4204940.0, 3114922.5 ], [ 4204927.6, 3114939.0 ], [ 4204887.5, 3114912.7 ] ], [ [ 4209400.6, 3115143.5 ], [ 4209369.6, 3115145.0 ], [ 4209355.0, 3115132.1 ], [ 4209381.3, 3115113.9 ], [ 4209400.3, 3115119.8 ], [ 4209400.6, 3115143.5 ] ], [ [ 4203701.2, 3115139.3 ], [ 4203654.1, 3115190.9 ], [ 4203656.4, 3115231.0 ], [ 4203645.4, 3115288.8 ], [ 4203573.7, 3115289.2 ], [ 4203562.6, 3115236.8 ], [ 4203608.9, 3115220.9 ], [ 4203631.2, 3115197.2 ], [ 4203652.5, 3115187.8 ], [ 4203667.5, 3115146.0 ], [ 4203701.2, 3115139.3 ] ], [ [ 4206347.2, 3115249.6 ], [ 4206308.4, 3115185.8 ], [ 4206600.6, 3115362.3 ], [ 4206703.8, 3115384.3 ], [ 4206716.7, 3115377.9 ], [ 4206749.0, 3115332.3 ], [ 4206824.0, 3115183.0 ], [ 4206929.3, 3115266.2 ], [ 4206871.3, 3115380.8 ], [ 4206879.2, 3115397.2 ], [ 4206928.3, 3115426.2 ], [ 4206880.1, 3115532.4 ], [ 4206690.0, 3115443.9 ], [ 4206670.5, 3115451.0 ], [ 4206617.0, 3115529.5 ], [ 4206533.9, 3115484.2 ], [ 4206410.2, 3115482.3 ], [ 4206398.6, 3115377.2 ], [ 4206347.2, 3115249.6 ] ], [ [ 4208178.3, 3115386.2 ], [ 4208160.6, 3115389.1 ], [ 4208148.0, 3115337.6 ], [ 4208164.3, 3115324.2 ], [ 4208178.3, 3115386.2 ] ], [ [ 4205849.1, 3115686.6 ], [ 4205778.2, 3115729.9 ], [ 4205831.4, 3115673.6 ], [ 4205849.1, 3115686.6 ] ], [ [ 4206528.7, 3116255.6 ], [ 4206478.6, 3116353.9 ], [ 4206463.0, 3116350.7 ], [ 4206513.6, 3116258.9 ], [ 4206528.7, 3116255.6 ] ], [ [ 4206619.5, 3116375.4 ], [ 4206645.4, 3116322.5 ], [ 4206713.5, 3116343.0 ], [ 4206707.2, 3116386.2 ], [ 4206619.5, 3116375.4 ] ], [ [ 4206890.3, 3116394.4 ], [ 4206905.2, 3116384.0 ], [ 4206912.7, 3116392.1 ], [ 4206919.1, 3116450.6 ], [ 4206856.2, 3116468.4 ], [ 4206735.4, 3116479.3 ], [ 4206746.6, 3116402.7 ], [ 4206788.7, 3116402.9 ], [ 4206843.8, 3116391.1 ], [ 4206890.3, 3116394.4 ] ], [ [ 4207328.4, 3116430.6 ], [ 4207235.7, 3116409.1 ], [ 4207195.7, 3116379.1 ], [ 4207224.1, 3116363.3 ], [ 4207248.9, 3116362.5 ], [ 4207259.9, 3116329.3 ], [ 4207299.3, 3116315.2 ], [ 4207358.6, 3116333.7 ], [ 4207450.2, 3116378.9 ], [ 4207433.9, 3116403.8 ], [ 4207403.0, 3116405.0 ], [ 4207388.3, 3116421.7 ], [ 4207360.6, 3116420.2 ], [ 4207328.4, 3116430.6 ] ], [ [ 4202547.5, 3115455.9 ], [ 4202555.0, 3115512.0 ], [ 4202519.0, 3115480.2 ], [ 4202521.5, 3115458.4 ], [ 4202547.5, 3115455.9 ] ], [ [ 4201022.8, 3114617.6 ], [ 4201021.2, 3114634.3 ], [ 4200935.4, 3114620.3 ], [ 4200918.0, 3114611.7 ], [ 4200907.2, 3114588.5 ], [ 4200934.8, 3114582.7 ], [ 4200993.7, 3114591.6 ], [ 4201014.0, 3114602.4 ], [ 4201022.8, 3114617.6 ] ], [ [ 4202839.6, 3113903.5 ], [ 4202836.9, 3113875.9 ], [ 4202843.9, 3113855.4 ], [ 4202900.3, 3113867.1 ], [ 4202889.6, 3113915.2 ], [ 4202839.6, 3113903.5 ] ], [ [ 4205787.9, 3113857.1 ], [ 4205775.7, 3113844.3 ], [ 4205830.4, 3113777.1 ], [ 4205844.2, 3113788.7 ], [ 4205787.9, 3113857.1 ] ], [ [ 4210419.3, 3113810.2 ], [ 4210436.8, 3113784.6 ], [ 4210479.6, 3113810.1 ], [ 4210466.0, 3113840.9 ], [ 4210419.3, 3113810.2 ] ], [ [ 4207911.0, 3113796.2 ], [ 4207883.9, 3113773.3 ], [ 4207880.4, 3113743.8 ], [ 4207932.4, 3113713.4 ], [ 4207971.7, 3113706.0 ], [ 4207994.5, 3113743.5 ], [ 4207993.2, 3113760.4 ], [ 4207931.9, 3113793.3 ], [ 4207911.0, 3113796.2 ] ], [ [ 4206551.9, 3113751.5 ], [ 4206522.1, 3113771.3 ], [ 4206472.3, 3113724.0 ], [ 4206415.4, 3113689.7 ], [ 4206354.4, 3113638.3 ], [ 4206337.0, 3113618.1 ], [ 4206353.8, 3113561.2 ], [ 4206444.3, 3113603.9 ], [ 4206489.0, 3113614.3 ], [ 4206596.7, 3113580.9 ], [ 4206722.6, 3113558.9 ], [ 4206820.6, 3113499.6 ], [ 4206834.0, 3113506.0 ], [ 4206752.3, 3113569.8 ], [ 4206610.7, 3113593.3 ], [ 4206559.7, 3113609.5 ], [ 4206556.2, 3113636.6 ], [ 4206530.9, 3113663.7 ], [ 4206535.6, 3113713.3 ], [ 4206551.9, 3113751.5 ] ], [ [ 4208755.6, 3113649.8 ], [ 4208789.5, 3113595.1 ], [ 4208831.6, 3113604.4 ], [ 4208785.4, 3113669.8 ], [ 4208755.6, 3113649.8 ] ], [ [ 4209555.5, 3113642.3 ], [ 4209602.7, 3113579.1 ], [ 4209629.6, 3113595.0 ], [ 4209577.4, 3113660.9 ], [ 4209555.5, 3113642.3 ] ], [ [ 4206106.6, 3113543.8 ], [ 4206063.8, 3113539.7 ], [ 4206050.9, 3113545.8 ], [ 4205981.4, 3113525.9 ], [ 4205968.5, 3113513.2 ], [ 4205889.1, 3113483.9 ], [ 4205865.0, 3113484.5 ], [ 4205848.8, 3113506.2 ], [ 4205818.8, 3113491.9 ], [ 4205798.9, 3113474.0 ], [ 4205815.1, 3113459.1 ], [ 4205816.2, 3113433.5 ], [ 4205786.9, 3113317.4 ], [ 4205756.4, 3113263.5 ], [ 4205732.2, 3113163.1 ], [ 4205738.3, 3113145.6 ], [ 4205731.3, 3113129.7 ], [ 4205644.7, 3113123.1 ], [ 4205500.6, 3113092.7 ], [ 4205314.5, 3113044.6 ], [ 4205269.6, 3113026.0 ], [ 4205193.8, 3112974.9 ], [ 4205075.6, 3112835.7 ], [ 4205057.6, 3112767.3 ], [ 4205157.1, 3112863.8 ], [ 4205183.6, 3112872.7 ], [ 4205262.8, 3112961.5 ], [ 4205425.5, 3113006.0 ], [ 4205672.4, 3113087.7 ], [ 4205691.9, 3113083.2 ], [ 4205727.5, 3113029.4 ], [ 4205764.6, 3113000.5 ], [ 4205894.0, 3112969.9 ], [ 4205899.1, 3112979.0 ], [ 4205869.8, 3112979.7 ], [ 4205765.1, 3113027.6 ], [ 4205744.8, 3113063.2 ], [ 4205799.9, 3113155.1 ], [ 4205796.5, 3113208.0 ], [ 4205830.8, 3113331.7 ], [ 4205838.8, 3113431.6 ], [ 4205863.7, 3113455.5 ], [ 4206144.8, 3113511.2 ], [ 4206167.1, 3113528.9 ], [ 4206166.7, 3113534.6 ], [ 4206106.6, 3113543.8 ] ], [ [ 4210897.8, 3113345.5 ], [ 4210863.9, 3113220.2 ], [ 4210859.8, 3113100.8 ], [ 4210878.5, 3113020.1 ], [ 4210923.9, 3113014.7 ], [ 4210903.1, 3113159.2 ], [ 4210907.9, 3113203.2 ], [ 4210918.6, 3113212.2 ], [ 4210937.3, 3113212.6 ], [ 4210933.5, 3113334.4 ], [ 4210925.8, 3113343.8 ], [ 4210897.8, 3113345.5 ] ], [ [ 4209373.6, 3113038.1 ], [ 4209341.1, 3113248.9 ], [ 4209337.2, 3113319.0 ], [ 4209302.7, 3113255.9 ], [ 4209260.1, 3113246.6 ], [ 4209281.9, 3113229.2 ], [ 4209308.1, 3113158.6 ], [ 4209308.3, 3113064.9 ], [ 4209316.7, 3113017.6 ], [ 4209344.0, 3112951.5 ], [ 4209386.9, 3112900.1 ], [ 4209421.7, 3112917.0 ], [ 4209419.5, 3112933.8 ], [ 4209427.0, 3112945.2 ], [ 4209373.6, 3113038.1 ] ], [ [ 4210801.9, 3112929.7 ], [ 4210833.7, 3112868.9 ], [ 4210875.8, 3112887.8 ], [ 4210832.6, 3112942.8 ], [ 4210807.3, 3112959.1 ], [ 4210801.9, 3112929.7 ] ], [ [ 4209013.1, 3113023.2 ], [ 4208946.9, 3113025.6 ], [ 4208934.8, 3112971.6 ], [ 4209010.5, 3112971.9 ], [ 4209013.1, 3113023.2 ] ], [ [ 4208655.2, 3113018.8 ], [ 4208431.6, 3113216.5 ], [ 4208425.7, 3113211.1 ], [ 4208442.9, 3113183.7 ], [ 4208563.3, 3113079.4 ], [ 4208567.4, 3113058.7 ], [ 4208552.1, 3113044.1 ], [ 4208574.7, 3113003.9 ], [ 4208655.2, 3113018.8 ] ], [ [ 4206648.9, 3113114.0 ], [ 4206635.2, 3113107.3 ], [ 4206602.7, 3113046.7 ], [ 4206619.5, 3113026.8 ], [ 4206680.8, 3113093.1 ], [ 4206648.9, 3113114.0 ] ], [ [ 4209917.2, 3113171.6 ], [ 4209941.2, 3113114.3 ], [ 4209984.1, 3113135.5 ], [ 4209961.3, 3113193.6 ], [ 4209917.2, 3113171.6 ] ], [ [ 4206558.3, 3112823.7 ], [ 4206588.1, 3112765.7 ], [ 4206637.5, 3112803.5 ], [ 4206609.6, 3112823.5 ], [ 4206558.3, 3112823.7 ] ], [ [ 4206829.6, 3112822.9 ], [ 4206748.4, 3112820.2 ], [ 4206743.2, 3112778.7 ], [ 4206803.2, 3112764.1 ], [ 4206829.6, 3112822.9 ] ], [ [ 4205625.4, 3113506.0 ], [ 4205575.8, 3113533.8 ], [ 4205557.1, 3113515.1 ], [ 4205636.1, 3113476.1 ], [ 4205625.4, 3113506.0 ] ], [ [ 4202111.3, 3113849.7 ], [ 4202089.7, 3113877.9 ], [ 4202074.7, 3113866.7 ], [ 4202045.9, 3113778.4 ], [ 4202103.2, 3113796.3 ], [ 4202120.8, 3113811.2 ], [ 4202111.3, 3113849.7 ] ], [ [ 4203890.9, 3113513.4 ], [ 4203885.4, 3113499.1 ], [ 4203915.1, 3113501.2 ], [ 4203941.5, 3113532.2 ], [ 4203916.0, 3113534.7 ], [ 4203890.9, 3113513.4 ] ], [ [ 4202222.2, 3113509.2 ], [ 4202204.3, 3113499.4 ], [ 4202156.2, 3113375.6 ], [ 4202161.7, 3113336.2 ], [ 4202191.5, 3113266.0 ], [ 4202190.7, 3113243.2 ], [ 4202215.3, 3113178.0 ], [ 4202220.8, 3113241.4 ], [ 4202241.7, 3113283.1 ], [ 4202248.3, 3113339.3 ], [ 4202232.9, 3113396.2 ], [ 4202219.0, 3113419.0 ], [ 4202222.2, 3113509.2 ] ], [ [ 4203059.4, 3113134.4 ], [ 4203054.0, 3113088.8 ], [ 4203063.8, 3113077.6 ], [ 4203101.0, 3113093.1 ], [ 4203112.8, 3113130.5 ], [ 4203081.7, 3113173.8 ], [ 4203059.4, 3113134.4 ] ], [ [ 4204789.2, 3112562.7 ], [ 4204816.4, 3112563.4 ], [ 4204841.8, 3112582.6 ], [ 4204864.7, 3112611.7 ], [ 4204853.2, 3112630.0 ], [ 4204793.4, 3112601.6 ], [ 4204797.0, 3112578.4 ], [ 4204789.2, 3112562.7 ] ], [ [ 4205996.7, 3112416.1 ], [ 4205948.8, 3112417.1 ], [ 4206015.5, 3112329.6 ], [ 4206028.6, 3112300.2 ], [ 4206045.9, 3112340.5 ], [ 4206030.3, 3112423.1 ], [ 4206033.5, 3112443.1 ], [ 4205996.7, 3112416.1 ] ], [ [ 4207815.7, 3112305.4 ], [ 4207782.7, 3112267.8 ], [ 4207805.4, 3112235.8 ], [ 4207849.3, 3112272.7 ], [ 4207830.0, 3112305.9 ], [ 4207815.7, 3112305.4 ] ], [ [ 4205018.1, 3112150.0 ], [ 4205124.9, 3112055.3 ], [ 4205198.7, 3111964.1 ], [ 4205171.3, 3112048.8 ], [ 4205127.4, 3112123.0 ], [ 4205088.1, 3112174.2 ], [ 4205058.7, 3112192.6 ], [ 4205036.6, 3112192.2 ], [ 4205015.9, 3112218.4 ], [ 4205005.5, 3112190.4 ], [ 4205018.1, 3112150.0 ] ], [ [ 4206504.1, 3112040.0 ], [ 4206528.0, 3111890.0 ], [ 4206544.3, 3111883.2 ], [ 4206548.5, 3111895.3 ], [ 4206536.8, 3111967.3 ], [ 4206510.6, 3112046.7 ], [ 4206504.1, 3112040.0 ] ], [ [ 4204470.7, 3111899.6 ], [ 4204451.1, 3111863.5 ], [ 4204454.3, 3111767.5 ], [ 4204448.7, 3111744.3 ], [ 4204456.5, 3111719.3 ], [ 4204385.5, 3111661.3 ], [ 4204349.8, 3111518.8 ], [ 4204345.9, 3111449.5 ], [ 4204350.3, 3111411.1 ], [ 4204356.8, 3111407.0 ], [ 4204365.3, 3111409.2 ], [ 4204468.6, 3111576.1 ], [ 4204470.6, 3111611.4 ], [ 4204485.3, 3111626.6 ], [ 4204506.0, 3111622.5 ], [ 4204549.1, 3111573.9 ], [ 4204583.3, 3111564.7 ], [ 4204618.3, 3111494.6 ], [ 4204639.3, 3111492.4 ], [ 4204613.0, 3111565.7 ], [ 4204597.0, 3111650.9 ], [ 4204562.2, 3111702.0 ], [ 4204533.8, 3111717.3 ], [ 4204504.3, 3111784.8 ], [ 4204470.7, 3111899.6 ] ], [ [ 4206506.7, 3111764.1 ], [ 4206617.8, 3111780.6 ], [ 4206652.5, 3111766.1 ], [ 4206730.3, 3111768.3 ], [ 4206733.2, 3111775.6 ], [ 4206719.5, 3111786.4 ], [ 4206644.4, 3111790.5 ], [ 4206599.0, 3111817.6 ], [ 4206575.3, 3111789.7 ], [ 4206497.4, 3111777.8 ], [ 4206496.3, 3111769.5 ], [ 4206506.7, 3111764.1 ] ], [ [ 4207459.5, 3111761.5 ], [ 4207406.1, 3111764.3 ], [ 4207385.4, 3111741.3 ], [ 4207412.1, 3111703.1 ], [ 4207456.2, 3111675.2 ], [ 4207463.9, 3111654.5 ], [ 4207453.5, 3111461.4 ], [ 4207475.9, 3111458.6 ], [ 4207486.6, 3111448.9 ], [ 4207508.2, 3111357.1 ], [ 4207569.7, 3111228.2 ], [ 4207598.1, 3111196.6 ], [ 4207622.7, 3111144.9 ], [ 4207670.7, 3111073.0 ], [ 4207688.4, 3111057.9 ], [ 4207724.6, 3110983.4 ], [ 4207754.5, 3110995.1 ], [ 4207731.9, 3111034.7 ], [ 4207711.6, 3111095.6 ], [ 4207644.1, 3111218.3 ], [ 4207564.3, 3111339.8 ], [ 4207546.1, 3111382.1 ], [ 4207529.4, 3111449.1 ], [ 4207489.5, 3111762.6 ], [ 4207480.2, 3111777.8 ], [ 4207459.5, 3111761.5 ] ], [ [ 4207849.3, 3111674.3 ], [ 4207882.8, 3111614.6 ], [ 4207904.0, 3111623.8 ], [ 4207869.4, 3111686.0 ], [ 4207849.3, 3111674.3 ] ], [ [ 4207918.0, 3111027.7 ], [ 4207941.6, 3110958.4 ], [ 4207976.1, 3110987.4 ], [ 4207962.6, 3111040.4 ], [ 4207942.2, 3111069.0 ], [ 4207909.8, 3111081.5 ], [ 4207918.0, 3111027.7 ] ], [ [ 4207356.9, 3110968.7 ], [ 4207327.3, 3110981.8 ], [ 4207301.1, 3111006.3 ], [ 4207318.4, 3110970.3 ], [ 4207368.0, 3110907.8 ], [ 4207394.1, 3110890.3 ], [ 4207423.5, 3110882.9 ], [ 4207446.4, 3110863.8 ], [ 4207490.9, 3110807.3 ], [ 4207501.0, 3110776.7 ], [ 4207503.8, 3110692.8 ], [ 4207479.1, 3110628.3 ], [ 4207492.7, 3110580.3 ], [ 4207495.1, 3110528.7 ], [ 4207487.0, 3110491.3 ], [ 4207494.0, 3110442.7 ], [ 4207566.7, 3110228.5 ], [ 4207568.8, 3110174.6 ], [ 4207564.0, 3110153.0 ], [ 4207541.8, 3110130.8 ], [ 4207483.4, 3109886.8 ], [ 4207486.7, 3109839.4 ], [ 4207512.3, 3109741.8 ], [ 4207510.2, 3109642.2 ], [ 4207414.2, 3109449.4 ], [ 4207309.3, 3109291.8 ], [ 4207255.4, 3109243.5 ], [ 4207248.5, 3109227.8 ], [ 4207255.3, 3109204.7 ], [ 4207282.0, 3109204.7 ], [ 4207294.1, 3109192.1 ], [ 4207299.8, 3109150.6 ], [ 4207290.6, 3109138.9 ], [ 4207270.1, 3109133.0 ], [ 4207304.3, 3108983.2 ], [ 4207322.2, 3108972.2 ], [ 4207387.3, 3108827.1 ], [ 4207398.6, 3108767.0 ], [ 4207384.6, 3108748.8 ], [ 4207375.1, 3108657.8 ], [ 4207357.9, 3108620.9 ], [ 4207235.9, 3108493.2 ], [ 4207189.1, 3108422.5 ], [ 4207199.7, 3108412.5 ], [ 4207201.5, 3108395.4 ], [ 4207162.4, 3108321.5 ], [ 4207152.7, 3108247.3 ], [ 4207140.5, 3108233.5 ], [ 4207122.1, 3108233.8 ], [ 4207040.2, 3108274.9 ], [ 4206961.2, 3108354.8 ], [ 4206933.5, 3108431.7 ], [ 4206911.7, 3108451.9 ], [ 4206909.6, 3108553.6 ], [ 4206887.3, 3108610.6 ], [ 4206898.3, 3108633.2 ], [ 4206873.3, 3108681.7 ], [ 4206773.6, 3108820.9 ], [ 4206705.8, 3108880.2 ], [ 4206634.6, 3108925.3 ], [ 4206582.4, 3108974.3 ], [ 4206558.5, 3108976.6 ], [ 4206539.1, 3109022.1 ], [ 4206539.8, 3109049.6 ], [ 4206521.7, 3109101.0 ], [ 4206516.3, 3109169.8 ], [ 4206527.7, 3109480.7 ], [ 4206523.4, 3109593.1 ], [ 4206564.7, 3109726.6 ], [ 4206575.8, 3109808.6 ], [ 4206599.6, 3109873.2 ], [ 4206614.8, 3109883.3 ], [ 4206603.0, 3109919.9 ], [ 4206604.7, 3109949.9 ], [ 4206634.5, 3109990.6 ], [ 4206828.7, 3110059.7 ], [ 4206807.3, 3110094.4 ], [ 4206721.6, 3110056.7 ], [ 4206704.2, 3110056.2 ], [ 4206602.7, 3110008.4 ], [ 4206587.6, 3109984.3 ], [ 4206569.5, 3109982.4 ], [ 4206455.1, 3110111.2 ], [ 4206416.6, 3110142.3 ], [ 4206394.3, 3110178.5 ], [ 4206368.0, 3110285.8 ], [ 4206368.4, 3110383.1 ], [ 4206382.8, 3110401.1 ], [ 4206404.4, 3110402.4 ], [ 4206414.3, 3110413.2 ], [ 4206458.8, 3110490.5 ], [ 4206504.8, 3110545.1 ], [ 4206532.4, 3110667.4 ], [ 4206545.9, 3110800.5 ], [ 4206588.4, 3110852.5 ], [ 4206609.3, 3110865.4 ], [ 4206610.2, 3110880.5 ], [ 4206600.6, 3110920.6 ], [ 4206541.7, 3110981.4 ], [ 4206487.3, 3111094.1 ], [ 4206340.4, 3111193.6 ], [ 4206334.2, 3111185.2 ], [ 4206341.3, 3111165.0 ], [ 4206410.2, 3111091.7 ], [ 4206446.5, 3111037.5 ], [ 4206501.9, 3110875.3 ], [ 4206507.9, 3110820.2 ], [ 4206495.0, 3110628.6 ], [ 4206484.6, 3110580.7 ], [ 4206456.6, 3110527.9 ], [ 4206463.0, 3110502.0 ], [ 4206417.5, 3110439.6 ], [ 4206402.9, 3110437.3 ], [ 4206364.3, 3110450.8 ], [ 4206288.7, 3110498.6 ], [ 4206273.5, 3110491.6 ], [ 4206314.7, 3110439.3 ], [ 4206327.5, 3110408.7 ], [ 4206324.4, 3110197.5 ], [ 4206382.4, 3110149.7 ], [ 4206553.6, 3109898.8 ], [ 4206559.3, 3109762.1 ], [ 4206506.6, 3109566.8 ], [ 4206498.9, 3109294.3 ], [ 4206486.9, 3109273.7 ], [ 4206484.3, 3109150.2 ], [ 4206474.9, 3109135.6 ], [ 4206457.8, 3109132.4 ], [ 4206395.1, 3109168.6 ], [ 4206467.0, 3109122.2 ], [ 4206483.4, 3109103.9 ], [ 4206524.0, 3108942.5 ], [ 4206557.6, 3108880.0 ], [ 4206598.8, 3108839.3 ], [ 4206749.9, 3108737.9 ], [ 4206821.6, 3108663.5 ], [ 4206855.4, 3108578.2 ], [ 4206871.1, 3108409.8 ], [ 4206906.6, 3108333.3 ], [ 4206954.8, 3108277.3 ], [ 4207008.2, 3108231.0 ], [ 4207152.6, 3108138.1 ], [ 4207185.6, 3108064.5 ], [ 4207231.4, 3108084.8 ], [ 4207173.9, 3108174.7 ], [ 4207159.8, 3108225.2 ], [ 4207166.5, 3108284.9 ], [ 4207182.6, 3108297.5 ], [ 4207216.4, 3108293.8 ], [ 4207242.0, 3108358.0 ], [ 4207281.4, 3108425.4 ], [ 4207323.1, 3108491.1 ], [ 4207411.2, 3108602.4 ], [ 4207438.9, 3108681.8 ], [ 4207441.3, 3108775.5 ], [ 4207397.1, 3108962.4 ], [ 4207354.6, 3109096.8 ], [ 4207348.3, 3109178.3 ], [ 4207354.6, 3109214.2 ], [ 4207378.8, 3109267.2 ], [ 4207500.0, 3109497.8 ], [ 4207495.8, 3109514.1 ], [ 4207504.5, 3109552.6 ], [ 4207543.5, 3109654.5 ], [ 4207555.6, 3109765.3 ], [ 4207533.2, 3109760.6 ], [ 4207520.3, 3109766.0 ], [ 4207509.4, 3109801.3 ], [ 4207528.8, 3109823.8 ], [ 4207528.2, 3109860.1 ], [ 4207549.0, 3109939.4 ], [ 4207580.4, 3109972.8 ], [ 4207584.7, 3110072.1 ], [ 4207600.4, 3110148.9 ], [ 4207595.9, 3110182.0 ], [ 4207580.4, 3110209.4 ], [ 4207558.0, 3110363.6 ], [ 4207501.2, 3110502.4 ], [ 4207525.4, 3110619.1 ], [ 4207544.4, 3110664.4 ], [ 4207549.1, 3110731.3 ], [ 4207509.0, 3110771.6 ], [ 4207506.3, 3110788.8 ], [ 4207519.2, 3110806.8 ], [ 4207465.6, 3110877.9 ], [ 4207356.9, 3110968.7 ] ], [ [ 4208402.6, 3110800.7 ], [ 4208456.0, 3110708.7 ], [ 4208492.1, 3110727.2 ], [ 4208432.5, 3110825.4 ], [ 4208408.9, 3110821.0 ], [ 4208402.6, 3110800.7 ] ], [ [ 4208142.7, 3110734.9 ], [ 4208134.7, 3110735.1 ], [ 4208155.3, 3110692.9 ], [ 4208155.2, 3110676.5 ], [ 4208129.7, 3110658.9 ], [ 4208091.3, 3110653.3 ], [ 4208093.1, 3110631.2 ], [ 4208176.6, 3110633.3 ], [ 4208262.7, 3110602.0 ], [ 4208277.4, 3110622.7 ], [ 4208184.8, 3110668.7 ], [ 4208142.7, 3110734.9 ] ], [ [ 4208521.7, 3110619.7 ], [ 4208573.3, 3110550.8 ], [ 4208583.3, 3110524.7 ], [ 4208607.0, 3110538.6 ], [ 4208546.7, 3110635.7 ], [ 4208521.7, 3110619.7 ] ], [ [ 4208002.1, 3110432.1 ], [ 4208036.3, 3110372.6 ], [ 4208054.4, 3110380.4 ], [ 4208017.1, 3110444.8 ], [ 4208002.1, 3110432.1 ] ], [ [ 4207873.7, 3110359.5 ], [ 4207850.6, 3110381.2 ], [ 4207756.5, 3110304.4 ], [ 4207766.6, 3110289.4 ], [ 4207873.7, 3110359.5 ] ], [ [ 4207780.3, 3109018.7 ], [ 4207790.6, 3108961.5 ], [ 4207832.6, 3108961.9 ], [ 4207825.6, 3109019.1 ], [ 4207780.3, 3109018.7 ] ], [ [ 4208050.0, 3108825.1 ], [ 4208071.3, 3108828.9 ], [ 4208104.4, 3108855.2 ], [ 4208084.5, 3108878.8 ], [ 4208050.0, 3108901.6 ], [ 4208021.0, 3108888.1 ], [ 4208010.9, 3108871.4 ], [ 4208031.6, 3108833.5 ], [ 4208050.0, 3108825.1 ] ], [ [ 4206020.7, 3109060.2 ], [ 4206001.0, 3109129.6 ], [ 4205970.9, 3109119.3 ], [ 4206003.5, 3109009.3 ], [ 4206017.5, 3109004.8 ], [ 4206020.7, 3109060.2 ] ], [ [ 4206032.7, 3109438.8 ], [ 4206031.2, 3109462.4 ], [ 4205897.2, 3109455.4 ], [ 4205896.1, 3109431.5 ], [ 4206032.7, 3109438.8 ] ], [ [ 4204905.5, 3109679.2 ], [ 4204902.9, 3109692.3 ], [ 4204836.9, 3109673.3 ], [ 4204767.7, 3109666.7 ], [ 4204779.1, 3109649.9 ], [ 4204905.5, 3109679.2 ] ], [ [ 4204419.1, 3109628.4 ], [ 4204374.4, 3109692.9 ], [ 4204336.0, 3109664.8 ], [ 4204372.6, 3109614.4 ], [ 4204419.1, 3109628.4 ] ], [ [ 4201701.5, 3109629.4 ], [ 4201717.0, 3109664.6 ], [ 4201633.9, 3109674.8 ], [ 4201626.3, 3109651.0 ], [ 4201701.5, 3109629.4 ] ], [ [ 4203388.8, 3109681.5 ], [ 4203411.6, 3109652.8 ], [ 4203458.9, 3109669.5 ], [ 4203441.4, 3109713.5 ], [ 4203388.8, 3109681.5 ] ], [ [ 4205968.0, 3109869.2 ], [ 4205968.7, 3109894.3 ], [ 4205892.7, 3109886.2 ], [ 4205892.6, 3109858.9 ], [ 4205968.0, 3109869.2 ] ], [ [ 4205160.4, 3109891.7 ], [ 4205181.3, 3109939.4 ], [ 4205111.0, 3109958.1 ], [ 4205106.8, 3109917.5 ], [ 4205133.1, 3109911.2 ], [ 4205160.4, 3109891.7 ] ], [ [ 4202843.2, 3109892.4 ], [ 4202972.4, 3109981.4 ], [ 4202990.8, 3109991.6 ], [ 4202974.4, 3110008.9 ], [ 4202845.3, 3109908.2 ], [ 4202843.2, 3109892.4 ] ], [ [ 4203458.1, 3110059.0 ], [ 4203429.5, 3110086.1 ], [ 4203365.2, 3110036.3 ], [ 4203418.4, 3110010.4 ], [ 4203458.1, 3110059.0 ] ], [ [ 4206148.6, 3110312.9 ], [ 4206065.3, 3110387.2 ], [ 4206040.7, 3110372.7 ], [ 4206112.5, 3110319.0 ], [ 4206178.9, 3110241.6 ], [ 4206191.3, 3110251.2 ], [ 4206148.6, 3110312.9 ] ], [ [ 4203777.1, 3110245.5 ], [ 4203927.9, 3110414.8 ], [ 4203937.7, 3110426.3 ], [ 4203919.0, 3110435.3 ], [ 4203762.1, 3110256.3 ], [ 4203777.1, 3110245.5 ] ], [ [ 4202505.0, 3110298.2 ], [ 4202477.2, 3110319.0 ], [ 4202439.2, 3110252.0 ], [ 4202481.4, 3110243.4 ], [ 4202505.0, 3110298.2 ] ], [ [ 4205176.2, 3110452.9 ], [ 4205176.4, 3110370.8 ], [ 4205202.6, 3110366.2 ], [ 4205192.8, 3110459.6 ], [ 4205181.6, 3110461.6 ], [ 4205176.2, 3110452.9 ] ], [ [ 4203059.0, 3110458.1 ], [ 4203048.0, 3110483.5 ], [ 4203029.0, 3110489.5 ], [ 4203028.5, 3110463.5 ], [ 4203036.3, 3110449.2 ], [ 4203054.4, 3110450.3 ], [ 4203059.0, 3110458.1 ] ], [ [ 4205373.8, 3110498.4 ], [ 4205380.5, 3110474.7 ], [ 4205477.0, 3110498.9 ], [ 4205491.6, 3110510.4 ], [ 4205471.3, 3110528.5 ], [ 4205373.8, 3110498.4 ] ], [ [ 4206017.0, 3110594.3 ], [ 4206060.9, 3110514.8 ], [ 4206080.7, 3110559.9 ], [ 4206034.0, 3110614.2 ], [ 4206017.0, 3110594.3 ] ], [ [ 4204399.0, 3110673.7 ], [ 4204281.8, 3110711.4 ], [ 4204304.4, 3110684.0 ], [ 4204437.4, 3110651.7 ], [ 4204435.9, 3110659.2 ], [ 4204399.0, 3110673.7 ] ], [ [ 4201320.6, 3110682.3 ], [ 4201294.3, 3110746.6 ], [ 4201289.0, 3110687.8 ], [ 4201241.5, 3110512.4 ], [ 4201299.6, 3110499.6 ], [ 4201312.2, 3110518.4 ], [ 4201329.6, 3110590.4 ], [ 4201320.6, 3110682.3 ] ], [ [ 4200787.9, 3110631.6 ], [ 4200779.3, 3110684.4 ], [ 4200728.7, 3110664.7 ], [ 4200730.5, 3110618.8 ], [ 4200787.9, 3110631.6 ] ], [ [ 4200266.6, 3110758.4 ], [ 4200270.7, 3110968.5 ], [ 4200242.5, 3110967.8 ], [ 4200230.1, 3110768.0 ], [ 4200266.6, 3110758.4 ] ], [ [ 4200358.8, 3110996.0 ], [ 4200397.3, 3110771.5 ], [ 4200433.1, 3110778.4 ], [ 4200474.1, 3110845.2 ], [ 4200407.2, 3111253.6 ], [ 4200349.4, 3111278.6 ], [ 4200270.5, 3111231.0 ], [ 4200297.2, 3111045.7 ], [ 4200287.4, 3110997.6 ], [ 4200338.5, 3111007.7 ], [ 4200358.8, 3110996.0 ] ], [ [ 4200681.0, 3111104.9 ], [ 4200654.6, 3111081.4 ], [ 4200620.1, 3110976.3 ], [ 4200567.1, 3110920.9 ], [ 4200547.7, 3110883.3 ], [ 4200553.9, 3110834.1 ], [ 4200535.2, 3110791.2 ], [ 4200585.4, 3110763.4 ], [ 4200589.1, 3110794.8 ], [ 4200645.9, 3110896.7 ], [ 4200667.0, 3110944.7 ], [ 4200672.3, 3110978.0 ], [ 4200691.0, 3110988.4 ], [ 4200736.5, 3111071.5 ], [ 4201017.6, 3111459.6 ], [ 4200979.1, 3111478.8 ], [ 4200935.8, 3111488.4 ], [ 4200870.6, 3111387.2 ], [ 4200837.0, 3111371.5 ], [ 4200816.6, 3111318.6 ], [ 4200682.6, 3111125.7 ], [ 4200681.0, 3111104.9 ] ], [ [ 4203197.6, 3111499.9 ], [ 4203217.3, 3111453.1 ], [ 4203288.2, 3111504.8 ], [ 4203246.6, 3111549.2 ], [ 4203197.6, 3111499.9 ] ], [ [ 4203904.9, 3111560.0 ], [ 4204000.7, 3111485.5 ], [ 4204009.5, 3111512.1 ], [ 4203975.1, 3111545.4 ], [ 4203922.8, 3111563.9 ], [ 4203904.9, 3111560.0 ] ], [ [ 4205740.8, 3111431.9 ], [ 4205750.6, 3111403.6 ], [ 4205836.2, 3111410.0 ], [ 4205810.2, 3111454.7 ], [ 4205744.6, 3111440.9 ], [ 4205740.8, 3111431.9 ] ], [ [ 4206646.4, 3111564.2 ], [ 4206795.7, 3111333.5 ], [ 4206808.9, 3111347.2 ], [ 4206659.8, 3111568.4 ], [ 4206646.4, 3111564.2 ] ], [ [ 4204330.3, 3111180.0 ], [ 4204350.0, 3111212.9 ], [ 4204348.7, 3111226.1 ], [ 4204336.4, 3111231.0 ], [ 4204324.3, 3111215.0 ], [ 4204330.3, 3111180.0 ] ], [ [ 4205569.6, 3111199.6 ], [ 4205614.3, 3111160.8 ], [ 4205629.2, 3111165.5 ], [ 4205569.6, 3111199.6 ] ], [ [ 4203465.7, 3110999.9 ], [ 4203365.4, 3110990.4 ], [ 4203354.0, 3110967.6 ], [ 4203356.2, 3110948.4 ], [ 4203393.0, 3110934.7 ], [ 4203436.7, 3110937.9 ], [ 4203470.1, 3110916.0 ], [ 4203490.6, 3110984.0 ], [ 4203465.7, 3110999.9 ] ], [ [ 4204892.6, 3110963.4 ], [ 4204906.9, 3110937.9 ], [ 4204957.9, 3110938.5 ], [ 4204972.3, 3110958.6 ], [ 4204892.6, 3110963.4 ] ], [ [ 4203891.9, 3110962.6 ], [ 4203901.8, 3110951.0 ], [ 4203940.1, 3110934.1 ], [ 4204034.4, 3110854.8 ], [ 4204121.6, 3110763.1 ], [ 4204132.6, 3110763.3 ], [ 4204134.4, 3110771.2 ], [ 4204038.2, 3110873.9 ], [ 4203943.3, 3110943.0 ], [ 4203891.9, 3110962.6 ] ], [ [ 4206345.8, 3110788.4 ], [ 4206374.0, 3110825.8 ], [ 4206345.4, 3110884.5 ], [ 4206357.2, 3110914.5 ], [ 4206341.9, 3110924.9 ], [ 4206317.8, 3110912.3 ], [ 4206315.1, 3110884.9 ], [ 4206295.3, 3110860.4 ], [ 4206326.1, 3110799.6 ], [ 4206345.8, 3110788.4 ] ], [ [ 4201533.7, 3110808.4 ], [ 4201522.6, 3110890.2 ], [ 4201458.7, 3110831.3 ], [ 4201486.0, 3110768.5 ], [ 4201533.7, 3110808.4 ] ], [ [ 4201912.2, 3110922.5 ], [ 4202003.3, 3110866.7 ], [ 4202008.4, 3110879.4 ], [ 4201997.3, 3110901.8 ], [ 4202005.5, 3110922.7 ], [ 4201935.9, 3110959.6 ], [ 4201912.2, 3110922.5 ] ], [ [ 4206926.2, 3111073.8 ], [ 4206979.3, 3111066.2 ], [ 4206977.4, 3111119.2 ], [ 4206924.2, 3111106.4 ], [ 4206926.2, 3111073.8 ] ], [ [ 4207006.9, 3110773.2 ], [ 4207031.6, 3110770.4 ], [ 4207027.5, 3110791.8 ], [ 4206831.3, 3110903.7 ], [ 4206795.3, 3110935.6 ], [ 4206795.6, 3110906.8 ], [ 4207006.9, 3110773.2 ] ], [ [ 4206815.8, 3110544.3 ], [ 4206907.3, 3110534.3 ], [ 4206902.8, 3110593.7 ], [ 4206813.2, 3110595.0 ], [ 4206815.8, 3110544.3 ] ], [ [ 4206922.4, 3109161.2 ], [ 4206940.1, 3109107.1 ], [ 4207010.3, 3109140.1 ], [ 4207002.9, 3109180.0 ], [ 4206922.4, 3109161.2 ] ], [ [ 4207110.4, 3111612.8 ], [ 4206997.0, 3111622.6 ], [ 4206996.3, 3111605.6 ], [ 4207109.0, 3111601.1 ], [ 4207110.4, 3111612.8 ] ], [ [ 4201764.4, 3111804.9 ], [ 4201757.1, 3111788.7 ], [ 4201778.7, 3111726.6 ], [ 4201808.7, 3111719.6 ], [ 4201781.6, 3111790.0 ], [ 4201764.4, 3111804.9 ] ], [ [ 4204846.9, 3112030.6 ], [ 4204799.7, 3112086.6 ], [ 4204763.1, 3112050.8 ], [ 4204799.1, 3111991.6 ], [ 4204846.9, 3112030.6 ] ], [ [ 4203140.5, 3112160.9 ], [ 4203097.3, 3112172.1 ], [ 4203086.4, 3112138.4 ], [ 4203128.2, 3112086.3 ], [ 4203140.5, 3112160.9 ] ], [ [ 4202721.0, 3112444.0 ], [ 4202653.9, 3112446.9 ], [ 4202653.4, 3112426.6 ], [ 4202664.9, 3112398.8 ], [ 4202661.4, 3112378.2 ], [ 4202670.3, 3112342.0 ], [ 4202694.5, 3112281.9 ], [ 4202727.6, 3112226.8 ], [ 4202749.2, 3112250.2 ], [ 4202721.0, 3112444.0 ] ], [ [ 4202364.5, 3112359.1 ], [ 4202349.3, 3112386.8 ], [ 4202285.4, 3112362.7 ], [ 4202301.1, 3112334.0 ], [ 4202364.5, 3112359.1 ] ], [ [ 4201526.9, 3112353.7 ], [ 4201552.7, 3112412.3 ], [ 4201546.0, 3112442.6 ], [ 4201515.0, 3112425.7 ], [ 4201506.4, 3112373.8 ], [ 4201526.9, 3112353.7 ] ], [ [ 4201121.8, 3112472.6 ], [ 4201156.3, 3112667.5 ], [ 4201156.0, 3112721.7 ], [ 4201173.9, 3112867.5 ], [ 4201132.5, 3112913.8 ], [ 4201094.4, 3112887.2 ], [ 4201118.6, 3112851.7 ], [ 4201120.2, 3112815.9 ], [ 4201086.4, 3112547.6 ], [ 4201092.6, 3112534.1 ], [ 4201086.8, 3112476.0 ], [ 4201121.8, 3112472.6 ] ], [ [ 4196379.6, 3112706.5 ], [ 4196277.2, 3112867.3 ], [ 4196233.7, 3113006.7 ], [ 4196235.9, 3113113.7 ], [ 4196246.2, 3113189.5 ], [ 4196275.7, 3113243.3 ], [ 4196328.8, 3113311.0 ], [ 4196328.4, 3113329.9 ], [ 4196262.2, 3113337.0 ], [ 4196273.5, 3113312.1 ], [ 4196268.8, 3113295.2 ], [ 4196235.5, 3113265.7 ], [ 4196208.1, 3113266.1 ], [ 4196178.1, 3113239.8 ], [ 4196128.1, 3113259.9 ], [ 4196109.0, 3113299.5 ], [ 4196102.4, 3113342.1 ], [ 4196110.9, 3113358.1 ], [ 4196155.5, 3113382.0 ], [ 4196164.4, 3113394.6 ], [ 4196159.5, 3113404.9 ], [ 4196133.8, 3113416.4 ], [ 4196128.0, 3113429.3 ], [ 4196133.2, 3113507.7 ], [ 4196154.6, 3113525.5 ], [ 4196148.3, 3113568.5 ], [ 4196019.1, 3113539.3 ], [ 4195945.2, 3113514.0 ], [ 4195927.6, 3113533.9 ], [ 4195934.7, 3113562.5 ], [ 4195922.5, 3113650.5 ], [ 4195861.3, 3113624.9 ], [ 4195846.4, 3113636.0 ], [ 4195841.7, 3113658.8 ], [ 4195746.3, 3113689.8 ], [ 4195717.4, 3113571.1 ], [ 4195729.9, 3113541.5 ], [ 4195714.2, 3113512.6 ], [ 4195723.5, 3113497.0 ], [ 4195721.9, 3113432.3 ], [ 4195707.6, 3113416.2 ], [ 4195677.0, 3113415.3 ], [ 4195649.5, 3113354.7 ], [ 4195696.3, 3113333.1 ], [ 4195706.5, 3113294.7 ], [ 4195796.4, 3113294.2 ], [ 4195804.8, 3113278.9 ], [ 4195806.0, 3113235.8 ], [ 4195788.4, 3113222.9 ], [ 4195729.4, 3113227.5 ], [ 4195727.2, 3113180.5 ], [ 4195700.8, 3113164.8 ], [ 4195697.2, 3113148.0 ], [ 4195679.7, 3113135.8 ], [ 4195641.4, 3113140.6 ], [ 4195633.0, 3113126.6 ], [ 4195616.5, 3113122.1 ], [ 4195537.4, 3113146.6 ], [ 4195552.7, 3113118.4 ], [ 4195591.0, 3113086.8 ], [ 4195619.1, 3113076.3 ], [ 4195662.6, 3112997.2 ], [ 4195689.3, 3112871.8 ], [ 4195703.4, 3112748.4 ], [ 4195739.6, 3112638.1 ], [ 4195755.5, 3112562.9 ], [ 4195768.5, 3112381.7 ], [ 4195751.0, 3112285.3 ], [ 4195753.8, 3112225.4 ], [ 4195762.6, 3112178.7 ], [ 4195809.6, 3112065.5 ], [ 4195821.7, 3112009.7 ], [ 4195828.2, 3112007.0 ], [ 4195822.7, 3112079.6 ], [ 4195836.9, 3112110.9 ], [ 4195837.5, 3112147.8 ], [ 4195849.2, 3112160.6 ], [ 4195886.8, 3112170.6 ], [ 4195889.7, 3112236.2 ], [ 4195884.7, 3112286.7 ], [ 4195865.7, 3112343.9 ], [ 4195836.9, 3112345.3 ], [ 4195822.8, 3112361.5 ], [ 4195844.0, 3112452.5 ], [ 4195845.9, 3112503.7 ], [ 4195805.5, 3112640.4 ], [ 4195804.9, 3112672.8 ], [ 4195761.4, 3112721.3 ], [ 4195779.1, 3112817.6 ], [ 4195797.7, 3112826.2 ], [ 4195815.1, 3112820.2 ], [ 4195830.1, 3112766.5 ], [ 4195904.7, 3112722.6 ], [ 4195936.5, 3112679.0 ], [ 4195988.8, 3112691.3 ], [ 4196024.3, 3112680.7 ], [ 4196048.6, 3112653.3 ], [ 4196058.5, 3112558.0 ], [ 4196073.4, 3112521.9 ], [ 4196123.7, 3112504.1 ], [ 4196173.7, 3112450.7 ], [ 4196194.4, 3112455.0 ], [ 4196207.9, 3112449.0 ], [ 4196228.5, 3112407.9 ], [ 4196275.4, 3112347.5 ], [ 4196363.2, 3112335.2 ], [ 4196378.0, 3112347.9 ], [ 4196347.7, 3112417.5 ], [ 4196350.5, 3112502.4 ], [ 4196361.0, 3112520.3 ], [ 4196364.9, 3112604.5 ], [ 4196402.5, 3112701.5 ], [ 4196379.6, 3112706.5 ] ], [ [ 4196098.5, 3112371.0 ], [ 4196060.3, 3112329.8 ], [ 4196078.6, 3112276.6 ], [ 4196096.6, 3112267.7 ], [ 4196153.7, 3112265.2 ], [ 4196165.5, 3112318.2 ], [ 4196098.5, 3112371.0 ] ], [ [ 4199171.5, 3112105.3 ], [ 4199162.6, 3111966.3 ], [ 4199116.2, 3111843.4 ], [ 4199057.7, 3111764.0 ], [ 4199072.7, 3111752.2 ], [ 4199126.3, 3111837.8 ], [ 4199169.1, 3111934.4 ], [ 4199184.2, 3112103.7 ], [ 4199171.5, 3112105.3 ] ], [ [ 4200186.2, 3112047.1 ], [ 4200230.3, 3112040.5 ], [ 4200246.1, 3112032.3 ], [ 4200235.1, 3112055.2 ], [ 4200216.1, 3112060.8 ], [ 4200203.7, 3112074.7 ], [ 4200186.2, 3112047.1 ] ], [ [ 4199032.7, 3111761.9 ], [ 4199016.3, 3111744.0 ], [ 4199003.5, 3111733.9 ], [ 4199031.0, 3111736.9 ], [ 4199038.2, 3111759.6 ], [ 4199032.7, 3111761.9 ] ], [ [ 4198307.7, 3111677.2 ], [ 4198345.9, 3111796.6 ], [ 4198304.3, 3111896.5 ], [ 4198271.8, 3111925.4 ], [ 4198232.3, 3111941.2 ], [ 4198183.5, 3111949.0 ], [ 4198082.0, 3111940.5 ], [ 4197949.1, 3111763.8 ], [ 4198018.7, 3111764.4 ], [ 4198067.4, 3111746.9 ], [ 4198115.7, 3111744.6 ], [ 4198320.9, 3111617.0 ], [ 4198307.7, 3111677.2 ] ], [ [ 4196020.0, 3111655.8 ], [ 4195977.1, 3111698.6 ], [ 4195956.1, 3111709.7 ], [ 4195942.3, 3111768.9 ], [ 4195918.5, 3111807.8 ], [ 4195884.7, 3111891.6 ], [ 4195862.3, 3111893.8 ], [ 4195840.5, 3111908.1 ], [ 4195820.8, 3111876.9 ], [ 4195786.8, 3111872.8 ], [ 4195789.8, 3111788.5 ], [ 4195724.1, 3111698.4 ], [ 4195698.7, 3111676.9 ], [ 4195704.1, 3111672.6 ], [ 4195766.5, 3111691.9 ], [ 4195847.0, 3111752.4 ], [ 4195872.2, 3111756.0 ], [ 4195896.3, 3111748.5 ], [ 4195954.1, 3111694.7 ], [ 4195956.1, 3111679.8 ], [ 4196022.6, 3111578.4 ], [ 4196041.9, 3111494.7 ], [ 4196057.6, 3111495.2 ], [ 4196065.9, 3111566.2 ], [ 4196057.8, 3111602.1 ], [ 4196020.0, 3111655.8 ] ], [ [ 4192653.7, 3111536.3 ], [ 4192955.2, 3111763.0 ], [ 4193002.2, 3111776.9 ], [ 4193111.0, 3111832.9 ], [ 4193161.4, 3111837.9 ], [ 4193182.5, 3111853.3 ], [ 4193264.7, 3111855.6 ], [ 4193291.1, 3111846.5 ], [ 4193320.8, 3111872.6 ], [ 4193367.2, 3111872.8 ], [ 4193396.9, 3111883.7 ], [ 4193517.5, 3111895.9 ], [ 4193563.3, 3111913.4 ], [ 4193534.2, 3111921.1 ], [ 4193517.8, 3111913.3 ], [ 4193388.2, 3111901.0 ], [ 4193370.5, 3111892.5 ], [ 4193343.5, 3111894.4 ], [ 4193315.3, 3111881.4 ], [ 4193250.1, 3111873.1 ], [ 4193225.2, 3111874.1 ], [ 4193212.6, 3111891.0 ], [ 4193106.1, 3111880.7 ], [ 4192994.4, 3111845.8 ], [ 4192987.4, 3111810.6 ], [ 4192958.9, 3111791.8 ], [ 4192938.5, 3111804.2 ], [ 4192917.1, 3111866.2 ], [ 4192864.4, 3111854.0 ], [ 4192802.9, 3111825.4 ], [ 4192838.0, 3111759.3 ], [ 4192873.4, 3111778.4 ], [ 4192887.9, 3111778.4 ], [ 4192902.1, 3111762.5 ], [ 4192896.2, 3111742.1 ], [ 4192741.6, 3111628.8 ], [ 4192701.3, 3111589.1 ], [ 4192641.6, 3111559.8 ], [ 4192603.3, 3111521.2 ], [ 4192565.6, 3111519.4 ], [ 4192544.7, 3111478.3 ], [ 4192591.3, 3111458.8 ], [ 4192643.5, 3111511.6 ], [ 4192653.7, 3111536.3 ] ], [ [ 4194671.1, 3111948.3 ], [ 4194697.3, 3111915.0 ], [ 4194736.6, 3111943.9 ], [ 4194727.2, 3111966.0 ], [ 4194740.8, 3111985.4 ], [ 4194741.3, 3112000.6 ], [ 4194671.1, 3111948.3 ] ], [ [ 4197573.8, 3111955.2 ], [ 4197563.8, 3111907.4 ], [ 4197622.3, 3111910.5 ], [ 4197686.2, 3111938.1 ], [ 4197690.7, 3111952.3 ], [ 4197573.8, 3111955.2 ] ], [ [ 4192677.3, 3111929.7 ], [ 4192677.4, 3111948.7 ], [ 4192625.6, 3111946.7 ], [ 4192625.0, 3111928.2 ], [ 4192677.3, 3111929.7 ] ], [ [ 4194209.9, 3111848.8 ], [ 4194158.2, 3111806.0 ], [ 4194183.8, 3111780.2 ], [ 4194196.6, 3111789.2 ], [ 4194230.2, 3111793.1 ], [ 4194251.6, 3111811.2 ], [ 4194209.9, 3111848.8 ] ], [ [ 4197367.8, 3111832.2 ], [ 4197383.7, 3111784.1 ], [ 4197428.9, 3111800.6 ], [ 4197423.5, 3111877.4 ], [ 4197371.6, 3111846.2 ], [ 4197367.8, 3111832.2 ] ], [ [ 4196619.7, 3111701.8 ], [ 4196633.1, 3111663.9 ], [ 4196656.3, 3111656.5 ], [ 4196690.4, 3111667.3 ], [ 4196654.9, 3111717.6 ], [ 4196619.7, 3111701.8 ] ], [ [ 4191465.2, 3112029.8 ], [ 4191457.5, 3112071.9 ], [ 4191382.6, 3112020.9 ], [ 4191388.1, 3112010.9 ], [ 4191410.6, 3112007.6 ], [ 4191465.2, 3112029.8 ] ], [ [ 4194539.1, 3112142.3 ], [ 4194527.6, 3112178.8 ], [ 4194478.5, 3112140.4 ], [ 4194508.8, 3112123.0 ], [ 4194539.1, 3112142.3 ] ], [ [ 4192132.2, 3112650.9 ], [ 4192141.3, 3112672.4 ], [ 4192141.2, 3112738.5 ], [ 4192065.5, 3112740.1 ], [ 4192055.2, 3112688.4 ], [ 4192017.3, 3112603.6 ], [ 4192026.6, 3112589.7 ], [ 4192080.3, 3112601.0 ], [ 4192132.2, 3112650.9 ] ], [ [ 4194400.4, 3112654.4 ], [ 4194408.3, 3112652.0 ], [ 4194464.6, 3112678.1 ], [ 4194470.7, 3112698.0 ], [ 4194506.3, 3112720.6 ], [ 4194524.1, 3112746.5 ], [ 4194435.6, 3112705.3 ], [ 4194400.6, 3112678.2 ], [ 4194400.4, 3112654.4 ] ], [ [ 4196618.4, 3113636.3 ], [ 4196579.5, 3113624.5 ], [ 4196503.6, 3113654.1 ], [ 4196477.5, 3113612.7 ], [ 4196420.8, 3113555.8 ], [ 4196436.9, 3113537.5 ], [ 4196474.6, 3113516.2 ], [ 4196503.8, 3113466.1 ], [ 4196601.7, 3113495.6 ], [ 4196691.3, 3113490.2 ], [ 4196730.3, 3113497.4 ], [ 4196796.6, 3113610.9 ], [ 4196763.2, 3113629.5 ], [ 4196754.9, 3113644.5 ], [ 4196789.4, 3113752.0 ], [ 4196783.7, 3113834.0 ], [ 4196738.6, 3113823.8 ], [ 4196676.0, 3113824.6 ], [ 4196681.5, 3113779.1 ], [ 4196668.1, 3113768.9 ], [ 4196633.5, 3113764.2 ], [ 4196628.3, 3113739.9 ], [ 4196609.6, 3113713.5 ], [ 4196632.5, 3113659.9 ], [ 4196618.4, 3113636.3 ] ], [ [ 4196839.7, 3113523.9 ], [ 4196865.8, 3113528.8 ], [ 4196896.1, 3113504.2 ], [ 4196976.4, 3113573.0 ], [ 4196925.9, 3113627.6 ], [ 4196920.2, 3113644.8 ], [ 4196954.6, 3113733.6 ], [ 4196974.6, 3113852.6 ], [ 4196971.1, 3113921.5 ], [ 4196992.4, 3113948.8 ], [ 4197002.1, 3114034.8 ], [ 4196992.5, 3114047.1 ], [ 4196976.5, 3114044.5 ], [ 4196936.8, 3114060.7 ], [ 4196835.3, 3114165.5 ], [ 4196830.5, 3114118.5 ], [ 4196796.9, 3114062.2 ], [ 4196828.8, 3114016.9 ], [ 4196922.7, 3113802.9 ], [ 4196910.0, 3113717.6 ], [ 4196891.1, 3113665.8 ], [ 4196798.2, 3113533.5 ], [ 4196839.7, 3113523.9 ] ], [ [ 4196088.0, 3114026.6 ], [ 4196051.1, 3113995.3 ], [ 4196071.3, 3113973.2 ], [ 4196106.1, 3114008.9 ], [ 4196088.0, 3114026.6 ] ], [ [ 4195129.2, 3114057.4 ], [ 4195128.2, 3114086.5 ], [ 4195063.0, 3114083.5 ], [ 4195068.1, 3114053.8 ], [ 4195129.2, 3114057.4 ] ], [ [ 4197285.8, 3113050.9 ], [ 4197301.9, 3113032.9 ], [ 4197325.8, 3113041.3 ], [ 4197325.8, 3113069.2 ], [ 4197280.8, 3113109.8 ], [ 4197285.8, 3113050.9 ] ], [ [ 4198815.3, 3112848.4 ], [ 4198838.9, 3112771.1 ], [ 4198901.4, 3112793.6 ], [ 4198871.6, 3112843.5 ], [ 4198825.8, 3112880.7 ], [ 4198812.0, 3112922.9 ], [ 4198804.3, 3112917.0 ], [ 4198802.1, 3112886.6 ], [ 4198817.4, 3112865.5 ], [ 4198815.3, 3112848.4 ] ], [ [ 4199644.3, 3112780.1 ], [ 4199713.4, 3112763.1 ], [ 4199710.8, 3112814.5 ], [ 4199653.8, 3112812.4 ], [ 4199644.3, 3112780.1 ] ], [ [ 4198498.2, 3112754.4 ], [ 4198484.6, 3112787.9 ], [ 4198454.5, 3112776.4 ], [ 4198466.2, 3112743.3 ], [ 4198498.2, 3112754.4 ] ], [ [ 4199066.5, 3113236.1 ], [ 4199027.4, 3113252.4 ], [ 4199008.7, 3113238.8 ], [ 4198973.3, 3113244.8 ], [ 4198921.4, 3113161.2 ], [ 4198901.2, 3113151.5 ], [ 4198914.4, 3113086.0 ], [ 4198928.8, 3113054.7 ], [ 4198944.9, 3113058.6 ], [ 4199063.3, 3113222.3 ], [ 4199066.5, 3113236.1 ] ], [ [ 4199588.6, 3113654.8 ], [ 4199566.6, 3113640.9 ], [ 4199528.6, 3113584.8 ], [ 4199541.4, 3113573.6 ], [ 4199590.7, 3113629.7 ], [ 4199603.6, 3113635.2 ], [ 4199608.0, 3113643.1 ], [ 4199588.6, 3113654.8 ] ], [ [ 4198781.9, 3113912.8 ], [ 4198726.2, 3113930.4 ], [ 4198707.5, 3113859.6 ], [ 4198714.2, 3113815.7 ], [ 4198754.7, 3113787.9 ], [ 4198780.4, 3113807.3 ], [ 4198781.9, 3113912.8 ] ], [ [ 4199476.7, 3113948.5 ], [ 4199481.1, 3114034.8 ], [ 4199440.4, 3114045.3 ], [ 4199437.1, 3114083.7 ], [ 4199414.0, 3114100.7 ], [ 4199391.9, 3114105.9 ], [ 4199370.5, 3114046.4 ], [ 4199338.7, 3114047.8 ], [ 4199326.9, 3114031.9 ], [ 4199297.0, 3114024.5 ], [ 4199401.5, 3113964.0 ], [ 4199476.7, 3113948.5 ] ], [ [ 4197416.9, 3114948.3 ], [ 4197441.4, 3115122.1 ], [ 4197404.0, 3115132.8 ], [ 4197399.3, 3115162.5 ], [ 4197354.8, 3115170.5 ], [ 4197343.1, 3115191.6 ], [ 4197263.2, 3115203.6 ], [ 4197258.0, 3115187.7 ], [ 4197246.1, 3115180.3 ], [ 4197168.4, 3115174.7 ], [ 4197150.1, 3115156.6 ], [ 4197062.4, 3115153.0 ], [ 4197081.7, 3115070.4 ], [ 4197145.4, 3115093.3 ], [ 4197209.3, 3115093.7 ], [ 4197286.0, 3115029.0 ], [ 4197375.8, 3114980.7 ], [ 4197416.9, 3114948.3 ] ], [ [ 4196864.7, 3115136.1 ], [ 4196930.1, 3115163.8 ], [ 4196869.6, 3115216.9 ], [ 4196850.3, 3115209.6 ], [ 4196801.6, 3115157.9 ], [ 4196864.7, 3115136.1 ] ], [ [ 4194108.2, 3113377.9 ], [ 4194090.4, 3113372.2 ], [ 4194077.8, 3113357.6 ], [ 4194097.9, 3113320.7 ], [ 4194118.3, 3113325.0 ], [ 4194122.1, 3113362.4 ], [ 4194108.2, 3113377.9 ] ], [ [ 4191007.7, 3111355.3 ], [ 4191000.6, 3111301.3 ], [ 4191034.1, 3111325.2 ], [ 4191076.0, 3111421.0 ], [ 4191046.1, 3111474.4 ], [ 4191005.2, 3111443.1 ], [ 4191007.7, 3111355.3 ] ], [ [ 4194851.4, 3111446.0 ], [ 4194869.5, 3111422.8 ], [ 4194926.7, 3111420.0 ], [ 4194931.5, 3111447.9 ], [ 4194851.4, 3111446.0 ] ], [ [ 4198167.1, 3111318.4 ], [ 4198197.6, 3111303.5 ], [ 4198235.1, 3111304.2 ], [ 4198180.2, 3111331.8 ], [ 4198032.1, 3111381.0 ], [ 4198004.7, 3111377.8 ], [ 4198101.9, 3111329.1 ], [ 4198167.1, 3111318.4 ] ], [ [ 4197841.5, 3111119.0 ], [ 4197933.1, 3110958.0 ], [ 4197963.9, 3110962.8 ], [ 4197963.1, 3110990.6 ], [ 4197972.5, 3111012.2 ], [ 4197958.1, 3111047.0 ], [ 4197976.3, 3111073.0 ], [ 4197960.6, 3111083.5 ], [ 4197952.4, 3111116.1 ], [ 4197923.0, 3111140.8 ], [ 4197916.5, 3111180.9 ], [ 4197903.7, 3111190.5 ], [ 4197890.0, 3111178.5 ], [ 4197890.2, 3111160.5 ], [ 4197876.6, 3111141.7 ], [ 4197841.5, 3111119.0 ] ], [ [ 4198468.1, 3110979.2 ], [ 4198534.4, 3110887.0 ], [ 4198550.2, 3110880.0 ], [ 4198552.7, 3110894.6 ], [ 4198473.8, 3110987.3 ], [ 4198468.1, 3110979.2 ] ], [ [ 4194101.6, 3110947.3 ], [ 4194009.3, 3110934.0 ], [ 4193977.6, 3110910.1 ], [ 4194058.8, 3110913.9 ], [ 4194126.2, 3110927.9 ], [ 4194133.8, 3110936.2 ], [ 4194101.6, 3110947.3 ] ], [ [ 4196958.5, 3110647.2 ], [ 4196998.2, 3110643.4 ], [ 4197017.4, 3110686.6 ], [ 4196981.9, 3110705.9 ], [ 4196958.5, 3110647.2 ] ], [ [ 4195213.9, 3110500.5 ], [ 4195220.5, 3110484.7 ], [ 4195286.0, 3110501.7 ], [ 4195274.0, 3110529.2 ], [ 4195213.9, 3110500.5 ] ], [ [ 4194416.0, 3110479.9 ], [ 4194344.2, 3110464.1 ], [ 4194457.4, 3110417.7 ], [ 4194486.3, 3110398.0 ], [ 4194499.1, 3110433.7 ], [ 4194488.7, 3110458.7 ], [ 4194416.0, 3110479.9 ] ], [ [ 4196414.7, 3110106.5 ], [ 4196492.1, 3110081.9 ], [ 4196494.8, 3110131.7 ], [ 4196422.1, 3110148.4 ], [ 4196414.7, 3110106.5 ] ], [ [ 4197337.8, 3109945.0 ], [ 4197262.8, 3109892.9 ], [ 4197275.8, 3109889.7 ], [ 4197307.9, 3109914.5 ], [ 4197334.8, 3109921.6 ], [ 4197404.6, 3109859.8 ], [ 4197487.7, 3109843.8 ], [ 4197496.8, 3109817.2 ], [ 4197527.9, 3109833.5 ], [ 4197486.0, 3109854.2 ], [ 4197418.4, 3109869.4 ], [ 4197337.8, 3109945.0 ] ], [ [ 4197287.2, 3109776.7 ], [ 4197234.7, 3109867.1 ], [ 4197223.6, 3109861.5 ], [ 4197275.0, 3109755.7 ], [ 4197293.5, 3109752.1 ], [ 4197416.5, 3109779.3 ], [ 4197430.3, 3109768.8 ], [ 4197455.5, 3109701.7 ], [ 4197473.3, 3109705.6 ], [ 4197436.1, 3109805.5 ], [ 4197398.7, 3109786.5 ], [ 4197309.5, 3109766.3 ], [ 4197287.2, 3109776.7 ] ], [ [ 4197543.5, 3109703.4 ], [ 4197537.9, 3109599.0 ], [ 4197583.1, 3109587.9 ], [ 4197605.9, 3109687.8 ], [ 4197543.5, 3109703.4 ] ], [ [ 4195722.0, 3109592.2 ], [ 4195656.7, 3109646.7 ], [ 4195647.7, 3109633.3 ], [ 4195712.7, 3109580.2 ], [ 4195722.0, 3109592.2 ] ], [ [ 4196117.3, 3109735.4 ], [ 4196079.9, 3109771.4 ], [ 4196063.5, 3109737.0 ], [ 4196093.7, 3109710.0 ], [ 4196117.3, 3109735.4 ] ], [ [ 4195322.7, 3109806.0 ], [ 4195311.8, 3109818.6 ], [ 4195302.8, 3109817.5 ], [ 4195291.3, 3109803.9 ], [ 4195235.2, 3109780.6 ], [ 4195240.1, 3109772.5 ], [ 4195250.9, 3109773.2 ], [ 4195322.7, 3109806.0 ] ], [ [ 4194066.0, 3109496.2 ], [ 4194091.8, 3109481.1 ], [ 4194133.2, 3109560.6 ], [ 4194113.1, 3109572.8 ], [ 4194075.5, 3109524.8 ], [ 4194066.0, 3109496.2 ] ], [ [ 4196654.6, 3109506.1 ], [ 4196619.3, 3109451.9 ], [ 4196665.1, 3109431.1 ], [ 4196690.9, 3109489.9 ], [ 4196654.6, 3109506.1 ] ], [ [ 4195230.7, 3109502.9 ], [ 4195198.8, 3109438.2 ], [ 4195220.4, 3109425.3 ], [ 4195244.0, 3109445.1 ], [ 4195259.2, 3109476.7 ], [ 4195255.9, 3109487.9 ], [ 4195230.7, 3109502.9 ] ], [ [ 4196237.5, 3109342.3 ], [ 4196311.3, 3109316.9 ], [ 4196322.5, 3109343.8 ], [ 4196249.9, 3109372.8 ], [ 4196237.5, 3109342.3 ] ], [ [ 4196604.2, 3109346.5 ], [ 4196578.8, 3109291.2 ], [ 4196811.4, 3109186.5 ], [ 4196825.6, 3109201.5 ], [ 4196846.4, 3109246.1 ], [ 4196604.2, 3109346.5 ] ], [ [ 4196520.6, 3109128.9 ], [ 4196463.1, 3109096.4 ], [ 4196461.2, 3109095.3 ], [ 4196490.5, 3109075.5 ], [ 4196550.6, 3109117.4 ], [ 4196520.6, 3109128.9 ] ], [ [ 4195113.2, 3108905.3 ], [ 4195111.4, 3108865.4 ], [ 4195127.2, 3108864.0 ], [ 4195130.8, 3108906.3 ], [ 4195113.2, 3108905.3 ] ], [ [ 4196308.4, 3108894.4 ], [ 4196239.2, 3108861.8 ], [ 4196251.8, 3108830.0 ], [ 4196320.1, 3108858.5 ], [ 4196308.4, 3108894.4 ] ], [ [ 4196944.8, 3108767.7 ], [ 4196973.8, 3108748.1 ], [ 4196971.6, 3108782.2 ], [ 4196916.7, 3108789.8 ], [ 4196922.1, 3108773.0 ], [ 4196944.8, 3108767.7 ] ], [ [ 4197595.7, 3108725.8 ], [ 4197441.7, 3108714.4 ], [ 4197445.3, 3108670.0 ], [ 4197539.7, 3108692.2 ], [ 4197592.9, 3108695.5 ], [ 4197605.2, 3108703.9 ], [ 4197595.7, 3108725.8 ] ], [ [ 4196688.9, 3108678.6 ], [ 4196673.1, 3108638.4 ], [ 4196746.7, 3108606.4 ], [ 4196801.5, 3108612.6 ], [ 4196807.2, 3108627.2 ], [ 4196688.9, 3108678.6 ] ], [ [ 4196229.2, 3108625.9 ], [ 4196161.0, 3108681.4 ], [ 4196101.6, 3108687.9 ], [ 4196181.1, 3108628.8 ], [ 4196203.4, 3108576.2 ], [ 4196241.9, 3108596.8 ], [ 4196229.2, 3108625.9 ] ], [ [ 4195145.6, 3108389.6 ], [ 4195156.8, 3108388.2 ], [ 4195169.0, 3108414.4 ], [ 4195141.8, 3108426.0 ], [ 4195145.6, 3108389.6 ] ], [ [ 4195605.3, 3108368.6 ], [ 4195556.6, 3108339.5 ], [ 4195596.0, 3108260.1 ], [ 4195649.0, 3108286.5 ], [ 4195605.3, 3108368.6 ] ], [ [ 4197870.8, 3108259.1 ], [ 4197919.3, 3108215.3 ], [ 4197931.6, 3108256.2 ], [ 4197917.7, 3108272.3 ], [ 4197894.6, 3108281.7 ], [ 4197870.8, 3108259.1 ] ], [ [ 4198700.7, 3108239.6 ], [ 4198770.6, 3108222.3 ], [ 4198769.6, 3108295.3 ], [ 4198797.3, 3108326.1 ], [ 4198849.6, 3108336.8 ], [ 4198873.6, 3108358.0 ], [ 4198899.2, 3108399.5 ], [ 4198972.2, 3108422.0 ], [ 4199004.9, 3108443.6 ], [ 4198987.3, 3108490.4 ], [ 4198965.0, 3108483.0 ], [ 4198948.7, 3108465.4 ], [ 4198864.2, 3108436.9 ], [ 4198838.7, 3108414.2 ], [ 4198757.5, 3108387.3 ], [ 4198677.3, 3108320.9 ], [ 4198624.1, 3108296.8 ], [ 4198700.7, 3108239.6 ] ], [ [ 4197983.7, 3107970.0 ], [ 4198025.0, 3107969.9 ], [ 4198030.6, 3108031.4 ], [ 4197983.4, 3108040.0 ], [ 4197969.6, 3107981.1 ], [ 4197983.7, 3107970.0 ] ], [ [ 4198219.5, 3107882.0 ], [ 4198227.4, 3107841.5 ], [ 4198248.2, 3107824.1 ], [ 4198272.0, 3107851.7 ], [ 4198266.1, 3107877.1 ], [ 4198280.1, 3107904.1 ], [ 4198263.4, 3107917.0 ], [ 4198219.5, 3107882.0 ] ], [ [ 4196977.8, 3107854.8 ], [ 4196939.1, 3107860.0 ], [ 4196915.9, 3107880.5 ], [ 4196908.5, 3107876.7 ], [ 4196903.5, 3107836.5 ], [ 4196915.3, 3107776.4 ], [ 4196928.0, 3107758.6 ], [ 4196943.5, 3107757.1 ], [ 4196945.7, 3107796.9 ], [ 4196985.0, 3107826.9 ], [ 4196977.8, 3107854.8 ] ], [ [ 4199062.2, 3107796.1 ], [ 4199011.0, 3107720.1 ], [ 4199050.7, 3107695.8 ], [ 4199125.0, 3107785.4 ], [ 4199094.0, 3107812.3 ], [ 4199062.2, 3107796.1 ] ], [ [ 4198038.3, 3107761.9 ], [ 4198023.7, 3107760.9 ], [ 4198023.6, 3107653.1 ], [ 4198039.4, 3107642.8 ], [ 4198038.3, 3107761.9 ] ], [ [ 4197514.2, 3107742.7 ], [ 4197509.1, 3107733.4 ], [ 4197516.9, 3107715.9 ], [ 4197563.1, 3107701.6 ], [ 4197559.7, 3107718.9 ], [ 4197514.2, 3107742.7 ] ], [ [ 4198698.4, 3107527.4 ], [ 4198714.1, 3107526.8 ], [ 4198720.5, 3107535.1 ], [ 4198713.8, 3107595.6 ], [ 4198654.7, 3107596.6 ], [ 4198682.9, 3107566.4 ], [ 4198698.4, 3107527.4 ] ], [ [ 4197761.1, 3107456.9 ], [ 4197871.3, 3107425.7 ], [ 4197873.2, 3107453.1 ], [ 4197848.5, 3107444.5 ], [ 4197766.7, 3107496.0 ], [ 4197756.1, 3107488.0 ], [ 4197761.1, 3107456.9 ] ], [ [ 4196657.6, 3107351.7 ], [ 4196746.7, 3107334.1 ], [ 4196727.5, 3107384.6 ], [ 4196635.6, 3107387.8 ], [ 4196625.1, 3107380.6 ], [ 4196657.6, 3107351.7 ] ], [ [ 4199428.8, 3107232.8 ], [ 4199521.7, 3107127.2 ], [ 4199542.8, 3107124.1 ], [ 4199439.8, 3107243.6 ], [ 4199428.8, 3107232.8 ] ], [ [ 4199115.7, 3107137.9 ], [ 4199083.8, 3107040.5 ], [ 4199183.1, 3106966.0 ], [ 4199212.8, 3107046.6 ], [ 4199177.4, 3107059.7 ], [ 4199137.7, 3107110.3 ], [ 4199135.3, 3107127.8 ], [ 4199115.7, 3107137.9 ] ], [ [ 4197318.2, 3106997.4 ], [ 4197356.2, 3107022.0 ], [ 4197268.4, 3107003.8 ], [ 4197211.4, 3106979.4 ], [ 4197198.0, 3106967.3 ], [ 4197199.5, 3106944.8 ], [ 4197252.2, 3106930.1 ], [ 4197298.5, 3106965.1 ], [ 4197318.2, 3106997.4 ] ], [ [ 4198586.9, 3107106.3 ], [ 4198568.6, 3107161.0 ], [ 4198537.2, 3107177.4 ], [ 4198553.8, 3107101.2 ], [ 4198586.9, 3107106.3 ] ], [ [ 4198793.3, 3106535.7 ], [ 4198808.5, 3106506.5 ], [ 4198891.4, 3106430.8 ], [ 4198905.0, 3106373.0 ], [ 4198897.6, 3106282.4 ], [ 4198964.0, 3106282.6 ], [ 4199003.5, 3106271.0 ], [ 4199052.1, 3106175.1 ], [ 4199086.2, 3106153.5 ], [ 4199102.7, 3106106.7 ], [ 4199126.7, 3106111.3 ], [ 4199142.7, 3106130.7 ], [ 4199041.5, 3106292.6 ], [ 4198969.6, 3106368.3 ], [ 4198962.3, 3106406.7 ], [ 4198943.0, 3106447.6 ], [ 4198926.6, 3106455.5 ], [ 4198877.6, 3106520.5 ], [ 4198809.5, 3106540.8 ], [ 4198793.3, 3106535.7 ] ], [ [ 4197791.0, 3106529.5 ], [ 4197768.3, 3106521.8 ], [ 4197756.5, 3106497.6 ], [ 4197810.8, 3106447.9 ], [ 4197862.4, 3106495.4 ], [ 4197791.0, 3106529.5 ] ], [ [ 4198634.1, 3105902.3 ], [ 4198654.2, 3105873.5 ], [ 4198739.0, 3105918.3 ], [ 4198734.7, 3105942.7 ], [ 4198718.7, 3105959.7 ], [ 4198634.1, 3105902.3 ] ], [ [ 4198408.3, 3105627.4 ], [ 4198427.6, 3105588.2 ], [ 4198475.9, 3105626.7 ], [ 4198496.4, 3105624.2 ], [ 4198533.5, 3105543.6 ], [ 4198608.7, 3105457.1 ], [ 4198648.6, 3105429.3 ], [ 4198661.6, 3105452.4 ], [ 4198674.4, 3105458.5 ], [ 4198724.5, 3105437.0 ], [ 4198747.7, 3105399.4 ], [ 4198795.7, 3105361.6 ], [ 4198822.3, 3105318.0 ], [ 4198815.3, 3105295.4 ], [ 4198867.9, 3105241.7 ], [ 4198861.6, 3105218.3 ], [ 4198767.9, 3105137.3 ], [ 4198694.0, 3105103.0 ], [ 4198629.1, 3105088.1 ], [ 4198580.2, 3105083.8 ], [ 4198467.2, 3105093.4 ], [ 4198340.2, 3105117.5 ], [ 4198269.2, 3105142.0 ], [ 4198247.9, 3105119.8 ], [ 4198263.6, 3105105.3 ], [ 4198266.4, 3105088.6 ], [ 4198306.3, 3105067.4 ], [ 4198412.7, 3105043.6 ], [ 4198508.3, 3105003.1 ], [ 4198525.6, 3104982.6 ], [ 4198526.4, 3104959.4 ], [ 4198630.2, 3104938.2 ], [ 4198641.0, 3104955.8 ], [ 4198643.4, 3105037.7 ], [ 4198650.1, 3105050.3 ], [ 4198745.3, 3105068.4 ], [ 4198765.0, 3105079.6 ], [ 4198808.0, 3105123.1 ], [ 4198805.5, 3105136.7 ], [ 4198814.2, 3105155.3 ], [ 4198906.9, 3105214.9 ], [ 4198895.7, 3105239.2 ], [ 4198870.7, 3105257.6 ], [ 4198867.2, 3105275.9 ], [ 4198930.2, 3105328.2 ], [ 4198929.6, 3105337.6 ], [ 4198909.1, 3105350.0 ], [ 4198857.6, 3105412.3 ], [ 4198800.9, 3105450.8 ], [ 4198647.3, 3105502.5 ], [ 4198537.7, 3105607.9 ], [ 4198504.9, 3105661.6 ], [ 4198444.3, 3105699.4 ], [ 4198425.3, 3105683.2 ], [ 4198436.5, 3105667.3 ], [ 4198435.6, 3105653.3 ], [ 4198408.3, 3105627.4 ] ], [ [ 4197557.5, 3104906.9 ], [ 4197525.8, 3104983.2 ], [ 4197502.7, 3104964.3 ], [ 4197512.4, 3104937.5 ], [ 4197490.9, 3104909.0 ], [ 4197494.9, 3104816.1 ], [ 4197519.3, 3104819.7 ], [ 4197545.9, 3104810.3 ], [ 4197588.9, 3104832.9 ], [ 4197572.3, 3104865.2 ], [ 4197579.0, 3104889.9 ], [ 4197557.5, 3104906.9 ] ], [ [ 4197684.5, 3105421.1 ], [ 4197775.1, 3105485.1 ], [ 4197750.4, 3105519.7 ], [ 4197661.9, 3105464.1 ], [ 4197684.5, 3105421.1 ] ], [ [ 4198297.8, 3105485.5 ], [ 4198332.7, 3105443.8 ], [ 4198361.6, 3105536.6 ], [ 4198356.1, 3105552.3 ], [ 4198322.6, 3105553.2 ], [ 4198297.8, 3105485.5 ] ], [ [ 4196985.4, 3104725.6 ], [ 4197019.7, 3104730.3 ], [ 4197003.0, 3104802.9 ], [ 4196973.3, 3104796.0 ], [ 4196985.4, 3104725.6 ] ], [ [ 4198150.9, 3104666.3 ], [ 4198128.9, 3104677.8 ], [ 4198143.8, 3104652.4 ], [ 4198196.1, 3104620.3 ], [ 4198279.3, 3104614.7 ], [ 4198285.4, 3104659.9 ], [ 4198177.1, 3104686.3 ], [ 4198167.2, 3104669.8 ], [ 4198150.9, 3104666.3 ] ], [ [ 4199456.5, 3108691.2 ], [ 4199436.9, 3108700.4 ], [ 4199457.3, 3108649.9 ], [ 4199443.8, 3108625.6 ], [ 4199465.7, 3108619.7 ], [ 4199481.0, 3108632.8 ], [ 4199483.4, 3108662.4 ], [ 4199456.5, 3108691.2 ] ], [ [ 4198964.9, 3108686.4 ], [ 4198960.0, 3108723.8 ], [ 4198901.4, 3108695.1 ], [ 4198913.6, 3108670.5 ], [ 4198964.9, 3108686.4 ] ], [ [ 4198585.9, 3109897.5 ], [ 4198670.0, 3109864.7 ], [ 4198674.1, 3109881.5 ], [ 4198650.6, 3109947.7 ], [ 4198599.4, 3109942.8 ], [ 4198582.6, 3109950.9 ], [ 4198506.1, 3109912.8 ], [ 4198585.9, 3109897.5 ] ], [ [ 4199400.3, 3110227.6 ], [ 4199356.2, 3110222.0 ], [ 4199289.5, 3110226.7 ], [ 4199300.7, 3110189.7 ], [ 4199321.9, 3110172.0 ], [ 4199333.8, 3110133.8 ], [ 4199352.6, 3110146.6 ], [ 4199444.1, 3110159.4 ], [ 4199488.5, 3110134.0 ], [ 4199477.4, 3110168.6 ], [ 4199480.8, 3110200.8 ], [ 4199458.7, 3110249.6 ], [ 4199417.0, 3110244.2 ], [ 4199400.3, 3110227.6 ] ], [ [ 4199732.0, 3109190.3 ], [ 4199730.0, 3109073.3 ], [ 4199745.6, 3108992.0 ], [ 4199778.4, 3108906.9 ], [ 4199799.3, 3108879.5 ], [ 4199798.8, 3108819.0 ], [ 4199778.1, 3108779.9 ], [ 4199790.1, 3108755.4 ], [ 4199837.1, 3108741.2 ], [ 4199843.9, 3108713.0 ], [ 4199859.4, 3108743.3 ], [ 4199872.7, 3108803.3 ], [ 4199845.8, 3108881.8 ], [ 4199846.9, 3108909.3 ], [ 4199857.8, 3108921.6 ], [ 4199843.1, 3108936.6 ], [ 4199819.9, 3109042.6 ], [ 4199820.7, 3109119.2 ], [ 4199839.1, 3109199.8 ], [ 4199803.9, 3109282.2 ], [ 4199792.1, 3109379.4 ], [ 4199822.6, 3109568.7 ], [ 4199798.5, 3109648.6 ], [ 4199807.0, 3109712.8 ], [ 4199658.1, 3109882.4 ], [ 4199626.0, 3109934.8 ], [ 4199560.2, 3110009.8 ], [ 4199536.3, 3110060.5 ], [ 4199554.9, 3109986.0 ], [ 4199611.6, 3109917.8 ], [ 4199650.0, 3109835.7 ], [ 4199692.0, 3109788.3 ], [ 4199716.6, 3109740.3 ], [ 4199731.0, 3109728.1 ], [ 4199739.9, 3109692.3 ], [ 4199759.2, 3109664.8 ], [ 4199758.9, 3109572.9 ], [ 4199718.3, 3109334.4 ], [ 4199732.0, 3109190.3 ] ], [ [ 4199627.7, 3109153.9 ], [ 4199554.3, 3109160.3 ], [ 4199549.2, 3109138.3 ], [ 4199615.9, 3109118.2 ], [ 4199617.8, 3109065.4 ], [ 4199630.4, 3109051.8 ], [ 4199633.3, 3109142.6 ], [ 4199627.7, 3109153.9 ] ], [ [ 4199868.0, 3108403.4 ], [ 4199904.0, 3108399.1 ], [ 4199900.6, 3108429.1 ], [ 4199907.8, 3108444.5 ], [ 4199897.0, 3108457.7 ], [ 4199887.8, 3108531.2 ], [ 4199880.5, 3108536.0 ], [ 4199854.8, 3108475.3 ], [ 4199868.0, 3108403.4 ] ], [ [ 4199712.1, 3110668.1 ], [ 4199651.3, 3110657.3 ], [ 4199648.3, 3110619.7 ], [ 4199664.5, 3110607.1 ], [ 4199712.8, 3110615.0 ], [ 4199730.6, 3110627.9 ], [ 4199733.0, 3110650.7 ], [ 4199712.1, 3110668.1 ] ], [ [ 4199961.9, 3110040.6 ], [ 4200040.4, 3110015.4 ], [ 4200031.1, 3110065.3 ], [ 4199998.2, 3110075.7 ], [ 4199960.5, 3110048.9 ], [ 4199961.9, 3110040.6 ] ], [ [ 4200852.7, 3109730.4 ], [ 4200891.7, 3109659.3 ], [ 4200906.9, 3109711.8 ], [ 4200864.6, 3109754.8 ], [ 4200852.7, 3109730.4 ] ], [ [ 4201928.7, 3110070.1 ], [ 4201954.5, 3110054.9 ], [ 4201971.8, 3110055.3 ], [ 4201963.3, 3110125.5 ], [ 4201943.1, 3110130.0 ], [ 4201843.6, 3110102.6 ], [ 4201873.2, 3110077.4 ], [ 4201928.7, 3110070.1 ] ], [ [ 4201838.9, 3109597.9 ], [ 4201836.9, 3109533.0 ], [ 4201878.5, 3109540.1 ], [ 4201876.9, 3109605.1 ], [ 4201838.9, 3109597.9 ] ], [ [ 4204573.8, 3109603.6 ], [ 4204586.7, 3109494.5 ], [ 4204637.6, 3109377.0 ], [ 4204671.5, 3109384.8 ], [ 4204646.2, 3109408.5 ], [ 4204646.6, 3109433.6 ], [ 4204599.9, 3109515.8 ], [ 4204591.6, 3109578.7 ], [ 4204573.8, 3109603.6 ] ], [ [ 4204884.5, 3109398.8 ], [ 4204886.3, 3109390.6 ], [ 4204908.8, 3109391.0 ], [ 4205037.4, 3109426.9 ], [ 4204995.2, 3109436.6 ], [ 4204933.6, 3109406.9 ], [ 4204884.5, 3109398.8 ] ], [ [ 4205237.7, 3109429.2 ], [ 4205121.2, 3109340.2 ], [ 4205126.0, 3109327.7 ], [ 4205251.8, 3109417.6 ], [ 4205237.7, 3109429.2 ] ], [ [ 4204843.3, 3109367.9 ], [ 4204802.2, 3109349.9 ], [ 4204810.6, 3109311.6 ], [ 4204820.6, 3109303.1 ], [ 4204850.3, 3109308.1 ], [ 4204861.3, 3109321.6 ], [ 4204843.3, 3109367.9 ] ], [ [ 4203381.0, 3109367.4 ], [ 4203367.8, 3109369.9 ], [ 4203362.4, 3109358.4 ], [ 4203429.2, 3109139.5 ], [ 4203481.0, 3109039.0 ], [ 4203513.8, 3108993.6 ], [ 4203519.0, 3108829.2 ], [ 4203559.3, 3108623.1 ], [ 4203592.9, 3108556.9 ], [ 4203456.8, 3108338.7 ], [ 4203482.5, 3108278.1 ], [ 4203474.1, 3108255.2 ], [ 4203446.7, 3108256.3 ], [ 4203388.0, 3108349.0 ], [ 4203332.0, 3108404.9 ], [ 4203315.3, 3108404.7 ], [ 4203286.5, 3108422.0 ], [ 4203268.4, 3108450.8 ], [ 4203244.4, 3108631.6 ], [ 4203261.0, 3108653.2 ], [ 4203254.8, 3108747.3 ], [ 4203233.7, 3108783.1 ], [ 4203146.4, 3108883.4 ], [ 4203014.3, 3108957.3 ], [ 4202996.9, 3109049.2 ], [ 4202949.4, 3109110.9 ], [ 4202929.5, 3109117.0 ], [ 4202898.3, 3108996.2 ], [ 4202966.2, 3108887.7 ], [ 4203010.2, 3108855.2 ], [ 4203112.9, 3108803.1 ], [ 4203200.7, 3108708.2 ], [ 4203217.3, 3108680.2 ], [ 4203220.1, 3108415.1 ], [ 4203208.8, 3108402.8 ], [ 4203156.9, 3108386.2 ], [ 4203111.8, 3108351.9 ], [ 4203240.5, 3108377.0 ], [ 4203361.2, 3108292.2 ], [ 4203377.2, 3108266.7 ], [ 4203439.1, 3108216.1 ], [ 4203480.4, 3108196.2 ], [ 4203495.2, 3108178.0 ], [ 4203497.1, 3108149.7 ], [ 4203534.4, 3108121.3 ], [ 4203533.5, 3108103.1 ], [ 4203519.2, 3108091.8 ], [ 4203651.9, 3107828.1 ], [ 4203681.4, 3107782.5 ], [ 4203702.0, 3107776.2 ], [ 4203726.7, 3107739.5 ], [ 4203753.6, 3107647.0 ], [ 4203738.1, 3107592.8 ], [ 4203707.5, 3107590.9 ], [ 4203629.8, 3107629.7 ], [ 4203609.4, 3107622.9 ], [ 4203713.0, 3107572.0 ], [ 4203723.5, 3107557.6 ], [ 4203694.6, 3107409.3 ], [ 4203686.5, 3107291.5 ], [ 4203697.9, 3107222.3 ], [ 4203729.6, 3107113.2 ], [ 4203730.6, 3107067.1 ], [ 4203745.7, 3107046.0 ], [ 4203726.9, 3106972.9 ], [ 4203692.9, 3106921.1 ], [ 4203597.5, 3106848.9 ], [ 4203527.9, 3106782.4 ], [ 4203434.3, 3106652.0 ], [ 4203396.8, 3106579.0 ], [ 4203332.6, 3106530.2 ], [ 4203287.2, 3106480.8 ], [ 4203259.4, 3106489.9 ], [ 4203246.9, 3106512.7 ], [ 4203217.8, 3106604.3 ], [ 4203186.3, 3106754.7 ], [ 4203145.8, 3106810.3 ], [ 4203100.9, 3106854.9 ], [ 4203011.9, 3106865.1 ], [ 4202913.1, 3106910.1 ], [ 4202867.5, 3106828.9 ], [ 4203051.7, 3106764.5 ], [ 4203061.0, 3106746.1 ], [ 4203073.3, 3106603.1 ], [ 4203123.1, 3106566.0 ], [ 4203174.2, 3106489.2 ], [ 4203240.9, 3106433.1 ], [ 4203238.9, 3106412.7 ], [ 4203155.9, 3106320.5 ], [ 4203106.5, 3106183.3 ], [ 4203164.1, 3106161.2 ], [ 4203195.2, 3106245.2 ], [ 4203236.7, 3106316.1 ], [ 4203303.0, 3106362.3 ], [ 4203331.9, 3106395.4 ], [ 4203343.8, 3106424.9 ], [ 4203407.0, 3106512.2 ], [ 4203437.9, 3106539.1 ], [ 4203476.8, 3106602.4 ], [ 4203581.3, 3106733.5 ], [ 4203738.3, 3106873.2 ], [ 4203787.4, 3106979.3 ], [ 4203800.7, 3107030.0 ], [ 4203795.4, 3107060.6 ], [ 4203776.1, 3107063.8 ], [ 4203764.4, 3107077.1 ], [ 4203747.3, 3107196.6 ], [ 4203754.6, 3107212.6 ], [ 4203782.2, 3107230.3 ], [ 4203762.9, 3107304.9 ], [ 4203770.1, 3107329.5 ], [ 4203756.6, 3107358.8 ], [ 4203766.5, 3107395.4 ], [ 4203758.5, 3107421.9 ], [ 4203767.4, 3107487.2 ], [ 4203796.6, 3107599.2 ], [ 4203807.4, 3107613.3 ], [ 4203763.3, 3107757.9 ], [ 4203791.5, 3107785.4 ], [ 4203809.3, 3107781.4 ], [ 4203817.4, 3107769.2 ], [ 4203903.2, 3107872.1 ], [ 4203905.5, 3107888.1 ], [ 4203901.4, 3107899.0 ], [ 4203880.6, 3107904.5 ], [ 4203799.5, 3107866.8 ], [ 4203757.3, 3107859.6 ], [ 4203744.2, 3107847.2 ], [ 4203718.2, 3107856.2 ], [ 4203640.2, 3108058.4 ], [ 4203581.4, 3108140.6 ], [ 4203542.9, 3108175.0 ], [ 4203547.7, 3108255.9 ], [ 4203585.7, 3108348.6 ], [ 4203657.9, 3108434.3 ], [ 4203720.1, 3108449.0 ], [ 4203741.2, 3108434.9 ], [ 4203768.0, 3108439.7 ], [ 4203970.8, 3108516.4 ], [ 4204029.8, 3108569.8 ], [ 4204071.2, 3108630.1 ], [ 4204084.2, 3108669.2 ], [ 4204157.9, 3108756.6 ], [ 4204181.9, 3108762.3 ], [ 4204228.2, 3108812.3 ], [ 4204312.1, 3108869.2 ], [ 4204376.2, 3108893.8 ], [ 4204403.6, 3108893.0 ], [ 4204455.5, 3108800.7 ], [ 4204480.8, 3108776.6 ], [ 4204484.7, 3108787.8 ], [ 4204469.1, 3108884.9 ], [ 4204494.8, 3108931.5 ], [ 4204514.3, 3108943.8 ], [ 4204504.3, 3108956.7 ], [ 4204346.2, 3108949.6 ], [ 4204271.9, 3108919.0 ], [ 4204178.8, 3108858.9 ], [ 4204155.4, 3108855.6 ], [ 4204138.9, 3108864.5 ], [ 4204098.8, 3108914.6 ], [ 4204029.9, 3109047.2 ], [ 4204014.0, 3109058.9 ], [ 4203973.4, 3109053.9 ], [ 4204009.8, 3108929.2 ], [ 4204056.7, 3108822.8 ], [ 4204045.6, 3108792.1 ], [ 4203954.5, 3108650.7 ], [ 4203953.2, 3108643.2 ], [ 4203983.5, 3108617.7 ], [ 4203982.7, 3108597.7 ], [ 4203967.7, 3108582.8 ], [ 4203949.3, 3108583.6 ], [ 4203931.3, 3108612.7 ], [ 4203930.8, 3108628.6 ], [ 4203924.2, 3108630.1 ], [ 4203681.1, 3108561.7 ], [ 4203647.2, 3108561.1 ], [ 4203622.2, 3108590.7 ], [ 4203566.8, 3108823.3 ], [ 4203574.8, 3108920.8 ], [ 4203564.4, 3108989.5 ], [ 4203547.1, 3109036.5 ], [ 4203511.3, 3109096.9 ], [ 4203506.9, 3109131.2 ], [ 4203465.1, 3109206.1 ], [ 4203469.5, 3109259.2 ], [ 4203457.8, 3109298.2 ], [ 4203381.0, 3109367.4 ] ], [ [ 4203790.8, 3109105.8 ], [ 4203811.5, 3109035.9 ], [ 4203856.4, 3109054.2 ], [ 4203838.0, 3109127.1 ], [ 4203790.8, 3109105.8 ] ], [ [ 4204726.4, 3108646.1 ], [ 4204769.0, 3108621.5 ], [ 4204796.5, 3108664.5 ], [ 4204751.2, 3108694.9 ], [ 4204742.8, 3108691.1 ], [ 4204725.7, 3108653.2 ], [ 4204726.4, 3108646.1 ] ], [ [ 4205060.1, 3108624.9 ], [ 4205042.5, 3108609.5 ], [ 4205138.0, 3108523.6 ], [ 4205151.5, 3108537.4 ], [ 4205060.1, 3108624.9 ] ], [ [ 4204770.0, 3108391.6 ], [ 4204848.9, 3108288.0 ], [ 4204905.0, 3108208.7 ], [ 4204912.3, 3108214.4 ], [ 4204849.4, 3108301.7 ], [ 4204778.2, 3108396.0 ], [ 4204770.0, 3108391.6 ] ], [ [ 4203834.0, 3108234.2 ], [ 4203806.1, 3108251.4 ], [ 4203789.1, 3108232.1 ], [ 4203778.2, 3108203.5 ], [ 4203822.6, 3108216.6 ], [ 4203834.0, 3108234.2 ] ], [ [ 4204242.2, 3108387.6 ], [ 4204142.6, 3108324.7 ], [ 4204136.1, 3108305.2 ], [ 4204249.2, 3108369.2 ], [ 4204242.2, 3108387.6 ] ], [ [ 4204592.3, 3108082.2 ], [ 4204605.9, 3108070.5 ], [ 4204709.9, 3108158.1 ], [ 4204697.5, 3108170.8 ], [ 4204592.3, 3108082.2 ] ], [ [ 4205348.2, 3108071.4 ], [ 4205350.6, 3108061.4 ], [ 4205413.9, 3108027.7 ], [ 4205433.0, 3108047.4 ], [ 4205412.7, 3108073.5 ], [ 4205379.7, 3108094.7 ], [ 4205363.5, 3108090.4 ], [ 4205348.2, 3108071.4 ] ], [ [ 4204727.7, 3108013.8 ], [ 4204703.1, 3108038.3 ], [ 4204638.8, 3107982.5 ], [ 4204664.6, 3107944.9 ], [ 4204689.1, 3107964.7 ], [ 4204714.5, 3107968.4 ], [ 4204714.3, 3107990.6 ], [ 4204727.7, 3108013.8 ] ], [ [ 4205900.2, 3107997.1 ], [ 4205914.4, 3107960.8 ], [ 4205928.6, 3107952.6 ], [ 4205935.5, 3107934.5 ], [ 4205968.7, 3107912.3 ], [ 4205994.7, 3107856.2 ], [ 4206006.5, 3107859.4 ], [ 4205979.6, 3107922.2 ], [ 4205955.0, 3107949.6 ], [ 4205927.7, 3108000.1 ], [ 4205900.2, 3107997.1 ] ], [ [ 4204454.8, 3107809.5 ], [ 4204471.1, 3108007.8 ], [ 4204459.6, 3108011.3 ], [ 4204439.7, 3107808.8 ], [ 4204454.8, 3107809.5 ] ], [ [ 4205788.4, 3107814.3 ], [ 4205811.6, 3107772.2 ], [ 4205814.3, 3107796.6 ], [ 4205847.7, 3107827.6 ], [ 4205851.4, 3107849.3 ], [ 4205831.8, 3107851.7 ], [ 4205788.4, 3107814.3 ] ], [ [ 4205318.5, 3107466.1 ], [ 4205372.1, 3107436.6 ], [ 4205393.3, 3107480.9 ], [ 4205342.6, 3107508.0 ], [ 4205318.5, 3107466.1 ] ], [ [ 4204694.5, 3107097.7 ], [ 4204697.1, 3107074.5 ], [ 4204681.3, 3107059.4 ], [ 4204610.9, 3107076.1 ], [ 4204696.0, 3107025.2 ], [ 4204706.6, 3107011.8 ], [ 4204741.7, 3107027.4 ], [ 4204714.9, 3107081.0 ], [ 4204701.1, 3107099.9 ], [ 4204694.5, 3107097.7 ] ], [ [ 4204232.5, 3107086.1 ], [ 4204206.4, 3107087.7 ], [ 4204141.2, 3107053.7 ], [ 4204105.8, 3107018.3 ], [ 4204088.7, 3107020.3 ], [ 4204073.0, 3107034.2 ], [ 4204066.0, 3107006.7 ], [ 4204084.8, 3107001.1 ], [ 4204094.8, 3106985.8 ], [ 4204080.3, 3106881.4 ], [ 4204087.5, 3106787.0 ], [ 4204118.3, 3106773.6 ], [ 4204130.9, 3106722.9 ], [ 4204134.3, 3106576.3 ], [ 4204126.1, 3106561.3 ], [ 4204140.2, 3106490.4 ], [ 4204168.6, 3106407.7 ], [ 4204174.1, 3106318.6 ], [ 4204206.8, 3106305.8 ], [ 4204235.6, 3106249.6 ], [ 4204307.4, 3106297.9 ], [ 4204327.8, 3106292.4 ], [ 4204338.0, 3106269.2 ], [ 4204435.5, 3106312.9 ], [ 4204455.0, 3106313.7 ], [ 4204497.1, 3106279.3 ], [ 4204547.4, 3106217.0 ], [ 4204558.7, 3106215.8 ], [ 4204568.0, 3106234.4 ], [ 4204546.6, 3106287.1 ], [ 4204544.7, 3106316.9 ], [ 4204554.9, 3106344.0 ], [ 4204596.4, 3106399.6 ], [ 4204598.2, 3106411.1 ], [ 4204586.8, 3106423.6 ], [ 4204504.9, 3106385.3 ], [ 4204314.8, 3106348.1 ], [ 4204244.2, 3106327.3 ], [ 4204228.3, 3106330.1 ], [ 4204219.3, 3106340.9 ], [ 4204239.7, 3106437.2 ], [ 4204199.0, 3106618.5 ], [ 4204186.4, 3106634.9 ], [ 4204170.3, 3106743.6 ], [ 4204163.7, 3106887.3 ], [ 4204175.9, 3106905.0 ], [ 4204173.0, 3106970.1 ], [ 4204183.8, 3107010.1 ], [ 4204198.9, 3107036.5 ], [ 4204230.3, 3107066.9 ], [ 4204232.5, 3107086.1 ] ], [ [ 4204839.8, 3106869.1 ], [ 4204910.9, 3106900.3 ], [ 4204931.3, 3106897.9 ], [ 4204953.5, 3106870.1 ], [ 4204955.8, 3106856.1 ], [ 4204923.3, 3106826.3 ], [ 4204957.8, 3106802.2 ], [ 4204976.9, 3106768.9 ], [ 4204995.1, 3106775.5 ], [ 4205008.4, 3106771.0 ], [ 4205055.2, 3106703.8 ], [ 4205060.7, 3106708.5 ], [ 4205023.5, 3106776.8 ], [ 4205026.2, 3106791.6 ], [ 4205038.9, 3106802.2 ], [ 4204993.0, 3106872.0 ], [ 4204970.9, 3106872.1 ], [ 4204945.8, 3106905.2 ], [ 4204953.1, 3106925.6 ], [ 4205015.5, 3106957.9 ], [ 4205031.7, 3106953.1 ], [ 4205059.0, 3106923.2 ], [ 4205067.3, 3106927.4 ], [ 4205029.2, 3106982.3 ], [ 4204839.8, 3106869.1 ] ], [ [ 4204690.6, 3106683.4 ], [ 4204675.5, 3106844.6 ], [ 4204652.7, 3106842.7 ], [ 4204663.5, 3106772.5 ], [ 4204618.0, 3106747.9 ], [ 4204591.2, 3106719.0 ], [ 4204592.1, 3106706.1 ], [ 4204629.5, 3106683.8 ], [ 4204690.6, 3106683.4 ] ], [ [ 4205237.0, 3106685.7 ], [ 4205231.8, 3106657.1 ], [ 4205303.4, 3106570.3 ], [ 4205315.9, 3106589.9 ], [ 4205237.0, 3106685.7 ] ], [ [ 4204634.6, 3106550.5 ], [ 4204608.3, 3106607.8 ], [ 4204563.7, 3106586.1 ], [ 4204587.6, 3106510.8 ], [ 4204632.5, 3106535.2 ], [ 4204634.6, 3106550.5 ] ], [ [ 4204411.3, 3106703.0 ], [ 4204465.2, 3106742.6 ], [ 4204496.7, 3106739.6 ], [ 4204519.6, 3106775.9 ], [ 4204490.9, 3106780.1 ], [ 4204476.0, 3106770.0 ], [ 4204458.7, 3106770.4 ], [ 4204437.7, 3106739.4 ], [ 4204398.8, 3106728.8 ], [ 4204387.4, 3106738.5 ], [ 4204384.9, 3106753.3 ], [ 4204411.5, 3106826.9 ], [ 4204395.5, 3106826.3 ], [ 4204333.0, 3106668.0 ], [ 4204377.1, 3106656.7 ], [ 4204384.6, 3106671.8 ], [ 4204401.3, 3106679.9 ], [ 4204411.3, 3106703.0 ] ], [ [ 4204997.8, 3106367.0 ], [ 4205026.0, 3106242.5 ], [ 4205036.5, 3106245.4 ], [ 4205007.5, 3106378.4 ], [ 4204997.8, 3106367.0 ] ], [ [ 4203284.1, 3106943.5 ], [ 4203282.5, 3106892.2 ], [ 4203318.4, 3106895.2 ], [ 4203325.7, 3106969.0 ], [ 4203336.5, 3106982.6 ], [ 4203409.8, 3106977.2 ], [ 4203409.9, 3107035.3 ], [ 4203371.4, 3107039.2 ], [ 4203353.8, 3107033.5 ], [ 4203336.3, 3107046.5 ], [ 4203343.8, 3107147.8 ], [ 4203329.4, 3107128.1 ], [ 4203311.2, 3106976.6 ], [ 4203284.1, 3106943.5 ] ], [ [ 4203127.0, 3107377.9 ], [ 4203112.3, 3107398.1 ], [ 4203071.9, 3107370.6 ], [ 4203065.1, 3107348.4 ], [ 4203073.1, 3107341.8 ], [ 4203127.0, 3107377.9 ] ], [ [ 4203152.8, 3107508.1 ], [ 4203140.3, 3107583.2 ], [ 4203093.6, 3107572.6 ], [ 4203103.0, 3107507.9 ], [ 4203152.8, 3107508.1 ] ], [ [ 4203262.3, 3107644.8 ], [ 4203288.4, 3107575.3 ], [ 4203320.6, 3107591.6 ], [ 4203297.8, 3107658.8 ], [ 4203262.3, 3107644.8 ] ], [ [ 4203261.5, 3107726.8 ], [ 4203243.9, 3107788.3 ], [ 4203217.9, 3107781.4 ], [ 4203232.8, 3107708.8 ], [ 4203261.5, 3107726.8 ] ], [ [ 4203493.2, 3108657.1 ], [ 4203443.3, 3108608.0 ], [ 4203423.5, 3108614.6 ], [ 4203394.7, 3108656.8 ], [ 4203375.6, 3108644.1 ], [ 4203408.2, 3108591.9 ], [ 4203407.9, 3108574.1 ], [ 4203394.5, 3108562.4 ], [ 4203327.4, 3108554.0 ], [ 4203325.1, 3108533.5 ], [ 4203422.1, 3108563.6 ], [ 4203493.8, 3108636.6 ], [ 4203494.9, 3108667.2 ], [ 4203493.2, 3108657.1 ] ], [ [ 4201551.3, 3109522.3 ], [ 4201556.0, 3109534.9 ], [ 4201490.1, 3109565.4 ], [ 4201426.2, 3109589.6 ], [ 4201409.2, 3109581.6 ], [ 4201551.3, 3109522.3 ] ], [ [ 4202080.0, 3109461.6 ], [ 4202096.9, 3109423.1 ], [ 4202149.1, 3109449.5 ], [ 4202147.6, 3109499.0 ], [ 4202080.0, 3109461.6 ] ], [ [ 4202113.8, 3108982.7 ], [ 4201814.7, 3108945.2 ], [ 4201815.1, 3108893.3 ], [ 4201960.9, 3108902.8 ], [ 4201973.7, 3108886.1 ], [ 4201973.0, 3108822.3 ], [ 4202120.1, 3108954.6 ], [ 4202124.0, 3108978.3 ], [ 4202113.8, 3108982.7 ] ], [ [ 4201042.8, 3108860.0 ], [ 4200892.4, 3108752.3 ], [ 4200882.8, 3108734.1 ], [ 4200882.5, 3108706.0 ], [ 4200919.0, 3108705.3 ], [ 4201066.7, 3108809.7 ], [ 4201042.8, 3108860.0 ] ], [ [ 4202113.2, 3107027.2 ], [ 4202092.8, 3107072.1 ], [ 4202071.3, 3107061.4 ], [ 4202093.4, 3107015.8 ], [ 4202113.2, 3107027.2 ] ], [ [ 4205103.9, 3105950.4 ], [ 4205121.7, 3105938.6 ], [ 4205135.2, 3105951.3 ], [ 4205156.2, 3105952.3 ], [ 4205175.9, 3105992.4 ], [ 4205134.3, 3106009.5 ], [ 4205103.9, 3105950.4 ] ], [ [ 4206463.5, 3107927.6 ], [ 4206486.9, 3107878.8 ], [ 4206532.6, 3107911.4 ], [ 4206502.4, 3107954.7 ], [ 4206463.5, 3107927.6 ] ], [ [ 4206716.1, 3107543.1 ], [ 4206774.3, 3107556.2 ], [ 4206777.2, 3107582.1 ], [ 4206758.7, 3107618.4 ], [ 4206739.2, 3107616.5 ], [ 4206716.4, 3107592.6 ], [ 4206716.1, 3107543.1 ] ], [ [ 4206465.8, 3107256.1 ], [ 4206483.4, 3107223.5 ], [ 4206535.5, 3107273.5 ], [ 4206523.6, 3107287.9 ], [ 4206525.3, 3107307.9 ], [ 4206465.8, 3107256.1 ] ], [ [ 4209303.6, 3112421.7 ], [ 4209324.5, 3112340.1 ], [ 4209345.6, 3112329.9 ], [ 4209353.9, 3112363.0 ], [ 4209339.1, 3112593.7 ], [ 4209350.2, 3112666.9 ], [ 4209368.2, 3112716.6 ], [ 4209353.9, 3112723.8 ], [ 4209292.1, 3112609.3 ], [ 4209286.7, 3112536.9 ], [ 4209303.6, 3112421.7 ] ], [ [ 4209706.5, 3112527.2 ], [ 4209750.2, 3112517.6 ], [ 4209755.3, 3112576.9 ], [ 4209711.9, 3112585.7 ], [ 4209706.5, 3112527.2 ] ], [ [ 4210231.1, 3112337.2 ], [ 4210279.4, 3112230.2 ], [ 4210309.3, 3112228.6 ], [ 4210309.0, 3112252.4 ], [ 4210272.3, 3112326.4 ], [ 4210274.8, 3112354.6 ], [ 4210232.1, 3112400.7 ], [ 4210191.6, 3112474.1 ], [ 4210173.8, 3112468.4 ], [ 4210232.9, 3112362.2 ], [ 4210231.1, 3112337.2 ] ], [ [ 4208526.9, 3112329.6 ], [ 4208537.9, 3112377.7 ], [ 4208500.2, 3112387.6 ], [ 4208486.9, 3112343.7 ], [ 4208526.9, 3112329.6 ] ], [ [ 4209030.4, 3112093.0 ], [ 4209052.1, 3112074.3 ], [ 4209097.7, 3112104.9 ], [ 4209126.6, 3112136.4 ], [ 4209160.4, 3112152.9 ], [ 4209191.9, 3112185.2 ], [ 4209173.1, 3112206.2 ], [ 4209085.7, 3112153.7 ], [ 4209030.4, 3112093.0 ] ], [ [ 4210188.9, 3111961.3 ], [ 4210097.4, 3111911.4 ], [ 4210122.7, 3111869.6 ], [ 4210173.7, 3111899.8 ], [ 4210202.8, 3111903.4 ], [ 4210188.9, 3111961.3 ] ], [ [ 4210383.7, 3111890.5 ], [ 4210374.9, 3111828.2 ], [ 4210390.4, 3111785.4 ], [ 4210417.1, 3111779.8 ], [ 4210424.0, 3111756.7 ], [ 4210388.5, 3111707.3 ], [ 4210315.3, 3111641.2 ], [ 4210320.4, 3111635.1 ], [ 4210370.9, 3111669.7 ], [ 4210439.4, 3111744.9 ], [ 4210427.0, 3111770.5 ], [ 4210438.4, 3111880.3 ], [ 4210401.3, 3111877.2 ], [ 4210383.7, 3111890.5 ] ], [ [ 4209598.7, 3111713.0 ], [ 4209591.8, 3111767.4 ], [ 4209521.7, 3111754.8 ], [ 4209454.0, 3111729.2 ], [ 4209424.0, 3111713.8 ], [ 4209359.3, 3111636.6 ], [ 4209337.6, 3111634.0 ], [ 4209288.2, 3111684.2 ], [ 4209203.2, 3111744.9 ], [ 4209126.1, 3111818.9 ], [ 4209096.5, 3111869.3 ], [ 4209082.1, 3111937.2 ], [ 4209054.7, 3111952.3 ], [ 4208996.2, 3111949.2 ], [ 4209036.4, 3111816.0 ], [ 4209121.7, 3111712.7 ], [ 4209271.6, 3111563.9 ], [ 4209290.2, 3111532.8 ], [ 4209296.4, 3111496.8 ], [ 4209284.7, 3111456.4 ], [ 4209194.5, 3111352.9 ], [ 4209036.5, 3111210.4 ], [ 4208985.7, 3111133.8 ], [ 4208966.6, 3111038.1 ], [ 4208999.0, 3111023.5 ], [ 4209064.9, 3111127.6 ], [ 4209070.6, 3111169.0 ], [ 4209088.0, 3111199.3 ], [ 4209111.8, 3111218.3 ], [ 4209124.5, 3111242.0 ], [ 4209178.9, 3111277.0 ], [ 4209191.7, 3111303.1 ], [ 4209230.7, 3111331.4 ], [ 4209274.2, 3111389.2 ], [ 4209331.1, 3111439.8 ], [ 4209345.1, 3111485.9 ], [ 4209333.0, 3111532.9 ], [ 4209356.0, 3111583.9 ], [ 4209401.6, 3111631.7 ], [ 4209427.2, 3111628.2 ], [ 4209513.1, 3111682.1 ], [ 4209598.7, 3111713.0 ] ], [ [ 4210099.9, 3111209.5 ], [ 4210136.5, 3111229.3 ], [ 4210153.9, 3111278.0 ], [ 4210169.4, 3111294.3 ], [ 4210131.0, 3111297.3 ], [ 4210126.2, 3111280.9 ], [ 4210083.7, 3111236.5 ], [ 4210099.9, 3111209.5 ] ], [ [ 4208982.4, 3111530.0 ], [ 4209004.7, 3111586.8 ], [ 4208917.3, 3111575.7 ], [ 4208951.1, 3111521.9 ], [ 4208982.4, 3111530.0 ] ], [ [ 4209956.3, 3110909.8 ], [ 4209985.0, 3110906.4 ], [ 4209987.4, 3110980.1 ], [ 4209961.4, 3110969.2 ], [ 4209956.3, 3110909.8 ] ], [ [ 4210137.9, 3110886.6 ], [ 4210166.2, 3110865.7 ], [ 4210157.4, 3110901.0 ], [ 4210137.9, 3110886.6 ] ], [ [ 4209049.9, 3110709.4 ], [ 4209054.0, 3110746.4 ], [ 4209035.5, 3110833.6 ], [ 4209006.3, 3110858.4 ], [ 4209006.3, 3110828.1 ], [ 4209024.2, 3110786.8 ], [ 4209027.0, 3110732.8 ], [ 4209049.9, 3110709.4 ] ], [ [ 4209214.6, 3115812.6 ], [ 4209280.0, 3115811.2 ], [ 4209201.9, 3115839.9 ], [ 4209181.4, 3115832.9 ], [ 4209148.3, 3115805.2 ], [ 4209173.1, 3115779.7 ], [ 4209214.6, 3115812.6 ] ], [ [ 4210150.2, 3116112.7 ], [ 4210150.1, 3116129.3 ], [ 4210107.9, 3116120.4 ], [ 4210062.4, 3116123.3 ], [ 4210052.8, 3116100.7 ], [ 4210013.0, 3116052.8 ], [ 4210028.1, 3116037.8 ], [ 4210110.7, 3116057.5 ], [ 4210110.4, 3116089.3 ], [ 4210150.2, 3116112.7 ] ] ] } },
{ "type": "Feature", "properties": { "id": "forest_57596", "state": "Nordrhein-Westfalen", "area_ha": 5896.74, "unfragmented": true, "image": "forest_57596.webp", "real_width_m": 12037.7, "real_height_m": 11760.5, "pixel_width": 1203, "pixel_height": 1176, "centroid_x": 4062424.9, "centroid_y": 3075476.3 }, "geometry": { "type": "Polygon", "coordinates": [ [ [ 4067372.9, 3080355.8 ], [ 4067358.0, 3080326.7 ], [ 4067357.3, 3080305.5 ], [ 4067430.9, 3079964.3 ], [ 4067414.4, 3079921.4 ], [ 4067447.4, 3079782.4 ], [ 4067549.1, 3079822.0 ], [ 4067577.9, 3079812.1 ], [ 4067585.8, 3079796.2 ], [ 4067529.0, 3079710.1 ], [ 4067353.7, 3079611.2 ], [ 4067562.1, 3078779.9 ], [ 4067819.5, 3078816.6 ], [ 4067941.1, 3078551.6 ], [ 4068060.4, 3078569.1 ], [ 4068271.7, 3078761.5 ], [ 4068288.8, 3078759.0 ], [ 4068312.2, 3078733.2 ], [ 4068328.5, 3078739.7 ], [ 4068342.2, 3078735.5 ], [ 4068364.5, 3078695.1 ], [ 4068427.9, 3078684.7 ], [ 4068446.1, 3078656.9 ], [ 4068512.1, 3078680.7 ], [ 4068524.5, 3078691.8 ], [ 4068542.1, 3078691.6 ], [ 4068561.4, 3078664.6 ], [ 4068581.7, 3078667.4 ], [ 4068594.9, 3078654.4 ], [ 4068625.2, 3078484.5 ], [ 4068619.3, 3078465.1 ], [ 4068564.0, 3078423.7 ], [ 4068585.5, 3078301.5 ], [ 4068642.4, 3078352.9 ], [ 4068638.9, 3078400.1 ], [ 4068669.4, 3078446.4 ], [ 4068705.6, 3078483.3 ], [ 4068736.7, 3078562.2 ], [ 4068775.4, 3078587.3 ], [ 4068803.7, 3078630.2 ], [ 4068841.0, 3078660.3 ], [ 4068855.6, 3078660.6 ], [ 4068906.9, 3078633.1 ], [ 4069145.8, 3078535.7 ], [ 4069152.7, 3078523.8 ], [ 4069149.4, 3078507.0 ], [ 4068962.8, 3078256.5 ], [ 4069008.6, 3078218.0 ], [ 4069056.8, 3078222.4 ], [ 4069088.4, 3078249.9 ], [ 4069113.3, 3078253.5 ], [ 4069128.1, 3078238.8 ], [ 4069124.1, 3078218.5 ], [ 4069070.4, 3078145.8 ], [ 4069021.3, 3078094.9 ], [ 4068999.9, 3078097.6 ], [ 4068898.4, 3078178.6 ], [ 4068818.9, 3078071.0 ], [ 4068900.2, 3078004.1 ], [ 4068908.1, 3077987.8 ], [ 4068861.2, 3077918.0 ], [ 4068811.0, 3077863.3 ], [ 4068964.4, 3077744.1 ], [ 4068970.9, 3077717.6 ], [ 4068788.6, 3077565.8 ], [ 4068768.2, 3077567.9 ], [ 4068687.1, 3077625.3 ], [ 4068658.3, 3077600.7 ], [ 4068633.8, 3077605.9 ], [ 4068614.3, 3077700.1 ], [ 4068682.8, 3077800.2 ], [ 4068653.3, 3077823.5 ], [ 4068648.0, 3077843.7 ], [ 4068715.0, 3077926.1 ], [ 4068611.0, 3078002.7 ], [ 4068594.4, 3078106.8 ], [ 4068579.9, 3078114.8 ], [ 4068574.9, 3078128.3 ], [ 4068584.7, 3078167.5 ], [ 4068599.0, 3078181.9 ], [ 4068481.3, 3078162.8 ], [ 4068466.7, 3078148.3 ], [ 4068429.4, 3078073.6 ], [ 4068382.6, 3078067.3 ], [ 4068274.3, 3078030.7 ], [ 4068254.3, 3078042.9 ], [ 4068223.6, 3078131.2 ], [ 4068146.5, 3078114.2 ], [ 4068108.7, 3078091.8 ], [ 4068095.7, 3078097.3 ], [ 4068086.8, 3078113.1 ], [ 4068061.2, 3078113.5 ], [ 4068032.1, 3078138.7 ], [ 4068010.4, 3078124.3 ], [ 4068019.6, 3078107.2 ], [ 4068016.0, 3078089.5 ], [ 4067995.8, 3078078.9 ], [ 4068025.2, 3078052.9 ], [ 4068089.8, 3078072.1 ], [ 4068109.2, 3078064.3 ], [ 4068162.5, 3077925.7 ], [ 4068162.2, 3077907.8 ], [ 4068148.6, 3077896.1 ], [ 4067992.8, 3077850.4 ], [ 4067973.7, 3077864.5 ], [ 4067975.8, 3077902.6 ], [ 4067960.1, 3077919.0 ], [ 4067938.2, 3077921.1 ], [ 4067929.7, 3077911.2 ], [ 4067944.9, 3077865.6 ], [ 4067967.8, 3077852.3 ], [ 4067967.6, 3077833.8 ], [ 4067948.6, 3077815.3 ], [ 4067916.3, 3077802.7 ], [ 4067888.6, 3077759.4 ], [ 4067885.2, 3077677.9 ], [ 4067871.9, 3077618.8 ], [ 4067857.1, 3077609.8 ], [ 4067840.3, 3077611.9 ], [ 4067780.2, 3077572.0 ], [ 4067763.5, 3077530.5 ], [ 4067766.9, 3077521.5 ], [ 4067834.6, 3077489.5 ], [ 4067844.4, 3077466.8 ], [ 4067833.7, 3077436.0 ], [ 4067833.4, 3077374.7 ], [ 4067812.6, 3077358.2 ], [ 4067769.6, 3077290.0 ], [ 4067768.3, 3077247.7 ], [ 4067732.5, 3077231.6 ], [ 4067708.8, 3077210.1 ], [ 4067733.2, 3077168.9 ], [ 4067723.8, 3077134.5 ], [ 4067707.7, 3077121.9 ], [ 4067671.4, 3077120.5 ], [ 4067631.3, 3077082.0 ], [ 4067589.2, 3077064.3 ], [ 4067542.3, 3077063.9 ], [ 4067508.1, 3077049.2 ], [ 4067506.6, 3076972.7 ], [ 4067493.9, 3076926.1 ], [ 4067533.7, 3076906.1 ], [ 4067532.0, 3076849.2 ], [ 4067564.9, 3076838.5 ], [ 4067594.1, 3076811.4 ], [ 4067624.7, 3076809.0 ], [ 4067630.8, 3076856.0 ], [ 4067657.0, 3076864.6 ], [ 4067717.5, 3076828.8 ], [ 4067729.8, 3076812.2 ], [ 4067765.4, 3076809.8 ], [ 4067779.9, 3076790.5 ], [ 4067776.9, 3076739.3 ], [ 4067813.7, 3076738.0 ], [ 4067829.6, 3076725.8 ], [ 4067824.0, 3076699.6 ], [ 4067774.4, 3076676.4 ], [ 4067779.4, 3076561.3 ], [ 4067770.0, 3076545.3 ], [ 4067751.8, 3076542.2 ], [ 4067667.1, 3076563.7 ], [ 4067519.5, 3076617.8 ], [ 4067468.3, 3076624.0 ], [ 4067280.3, 3076592.6 ], [ 4067158.1, 3076560.0 ], [ 4067119.5, 3076542.0 ], [ 4067044.8, 3076479.1 ], [ 4066916.3, 3076327.1 ], [ 4066856.8, 3076294.0 ], [ 4066790.3, 3076285.4 ], [ 4066764.2, 3076272.5 ], [ 4066727.3, 3076236.1 ], [ 4066705.1, 3076182.0 ], [ 4066683.5, 3076173.1 ], [ 4066639.1, 3076117.6 ], [ 4066610.7, 3076103.9 ], [ 4066582.1, 3076073.1 ], [ 4066547.7, 3076079.6 ], [ 4066492.7, 3076054.2 ], [ 4066455.7, 3076015.8 ], [ 4066468.5, 3075995.0 ], [ 4066458.0, 3075975.4 ], [ 4066438.3, 3075970.2 ], [ 4066417.4, 3075984.9 ], [ 4066317.6, 3075893.9 ], [ 4066269.7, 3075861.1 ], [ 4066220.4, 3075848.7 ], [ 4066188.2, 3075850.8 ], [ 4066175.5, 3075866.0 ], [ 4066152.6, 3075949.6 ], [ 4066126.1, 3075948.6 ], [ 4066108.7, 3075905.8 ], [ 4066077.7, 3075885.7 ], [ 4066023.8, 3075808.9 ], [ 4066019.3, 3075765.6 ], [ 4065952.2, 3075701.8 ], [ 4065923.9, 3075656.0 ], [ 4065992.1, 3075574.9 ], [ 4065990.7, 3075555.8 ], [ 4065968.8, 3075526.6 ], [ 4065937.8, 3075528.7 ], [ 4065922.1, 3075538.7 ], [ 4065916.4, 3075555.0 ], [ 4065888.4, 3075570.6 ], [ 4065883.5, 3075650.5 ], [ 4065691.1, 3075702.3 ], [ 4065691.5, 3075666.7 ], [ 4065682.4, 3075652.0 ], [ 4065638.7, 3075641.7 ], [ 4065604.8, 3075649.3 ], [ 4065596.2, 3075627.5 ], [ 4065572.3, 3075625.1 ], [ 4065561.2, 3075638.8 ], [ 4065531.7, 3075746.0 ], [ 4065515.1, 3075759.4 ], [ 4065479.7, 3075756.7 ], [ 4065480.8, 3075720.7 ], [ 4065447.7, 3075704.6 ], [ 4065443.0, 3075695.3 ], [ 4065443.7, 3075665.7 ], [ 4065453.9, 3075656.3 ], [ 4065455.7, 3075639.3 ], [ 4065566.4, 3075613.9 ], [ 4065586.2, 3075618.9 ], [ 4065601.7, 3075605.5 ], [ 4065685.4, 3075583.9 ], [ 4065695.3, 3075562.1 ], [ 4065660.0, 3075453.2 ], [ 4065877.6, 3075419.1 ], [ 4065890.6, 3075406.3 ], [ 4065895.7, 3075366.2 ], [ 4065883.3, 3075352.9 ], [ 4065849.6, 3075351.2 ], [ 4065799.7, 3075359.5 ], [ 4065734.6, 3075390.5 ], [ 4065701.8, 3075387.2 ], [ 4065688.7, 3075367.8 ], [ 4065626.2, 3075346.9 ], [ 4065607.4, 3075357.2 ], [ 4065598.6, 3075394.8 ], [ 4065469.8, 3075386.4 ], [ 4065473.6, 3075362.0 ], [ 4065498.4, 3075341.9 ], [ 4065503.2, 3075328.2 ], [ 4065468.2, 3075258.9 ], [ 4065297.6, 3075119.0 ], [ 4065279.6, 3075120.4 ], [ 4065128.9, 3075202.1 ], [ 4065019.0, 3075231.9 ], [ 4064918.5, 3075140.2 ], [ 4064900.7, 3075143.3 ], [ 4064821.2, 3075197.2 ], [ 4064650.8, 3075156.2 ], [ 4064546.1, 3075203.2 ], [ 4064523.9, 3075225.1 ], [ 4064492.0, 3075234.6 ], [ 4064483.3, 3075245.7 ], [ 4064482.3, 3075268.4 ], [ 4064468.0, 3075285.0 ], [ 4064384.9, 3075351.6 ], [ 4064347.0, 3075368.7 ], [ 4064330.5, 3075360.0 ], [ 4064297.1, 3075309.0 ], [ 4064278.9, 3075248.5 ], [ 4064241.7, 3075013.8 ], [ 4064243.5, 3074926.6 ], [ 4064284.5, 3074861.8 ], [ 4064319.3, 3074830.4 ], [ 4064358.0, 3074808.6 ], [ 4064366.7, 3074793.4 ], [ 4064584.7, 3074689.3 ], [ 4064595.6, 3074655.0 ], [ 4064643.7, 3074619.6 ], [ 4064649.5, 3074599.4 ], [ 4064642.1, 3074587.2 ], [ 4064600.1, 3074564.9 ], [ 4064537.6, 3074563.3 ], [ 4064532.5, 3074509.2 ], [ 4064522.2, 3074495.6 ], [ 4064445.7, 3074489.7 ], [ 4064312.2, 3074413.5 ], [ 4064211.9, 3074313.4 ], [ 4064218.9, 3074254.6 ], [ 4064208.2, 3074236.6 ], [ 4063889.7, 3074168.6 ], [ 4063920.4, 3074041.0 ], [ 4063915.9, 3073954.3 ], [ 4063933.2, 3073928.0 ], [ 4064004.1, 3073884.2 ], [ 4064057.3, 3073872.4 ], [ 4064226.7, 3073902.1 ], [ 4064295.6, 3073898.9 ], [ 4064329.1, 3073879.1 ], [ 4064372.0, 3073829.0 ], [ 4064444.3, 3073795.8 ], [ 4064547.7, 3073706.3 ], [ 4064567.4, 3073698.4 ], [ 4064608.9, 3073697.7 ], [ 4064619.1, 3073680.0 ], [ 4064617.4, 3073591.1 ], [ 4064601.1, 3073582.5 ], [ 4064571.4, 3073585.6 ], [ 4064514.9, 3073608.1 ], [ 4064509.7, 3073554.9 ], [ 4064521.4, 3073544.7 ], [ 4064591.0, 3073532.2 ], [ 4064601.1, 3073518.8 ], [ 4064599.5, 3073492.4 ], [ 4064577.3, 3073478.6 ], [ 4064373.0, 3073501.6 ], [ 4064359.4, 3073524.7 ], [ 4064373.3, 3073549.2 ], [ 4064375.8, 3073575.6 ], [ 4064395.5, 3073589.9 ], [ 4064387.0, 3073600.6 ], [ 4064360.8, 3073594.5 ], [ 4064310.5, 3073597.4 ], [ 4064248.9, 3073617.5 ], [ 4064201.8, 3073668.9 ], [ 4064162.9, 3073685.0 ], [ 4064131.9, 3073685.0 ], [ 4064081.0, 3073711.0 ], [ 4063975.8, 3073716.6 ], [ 4063965.1, 3073698.4 ], [ 4063945.2, 3073696.0 ], [ 4063862.9, 3073742.8 ], [ 4063798.8, 3073760.8 ], [ 4063783.4, 3073782.1 ], [ 4063762.7, 3073794.2 ], [ 4063749.3, 3073780.4 ], [ 4063761.2, 3073768.7 ], [ 4063837.2, 3073709.1 ], [ 4063910.4, 3073669.6 ], [ 4063946.0, 3073661.2 ], [ 4064003.9, 3073661.0 ], [ 4064031.6, 3073645.3 ], [ 4064138.5, 3073646.0 ], [ 4064150.1, 3073628.6 ], [ 4064141.7, 3073608.7 ], [ 4064167.2, 3073573.2 ], [ 4064168.0, 3073555.3 ], [ 4064115.2, 3073524.5 ], [ 4064083.2, 3073551.2 ], [ 4063992.0, 3073496.1 ], [ 4063965.9, 3073465.6 ], [ 4063918.0, 3073440.3 ], [ 4063968.8, 3073433.6 ], [ 4064000.7, 3073464.2 ], [ 4064074.8, 3073510.9 ], [ 4064101.3, 3073509.7 ], [ 4064124.0, 3073452.3 ], [ 4064060.5, 3073337.9 ], [ 4063949.7, 3073341.7 ], [ 4063840.8, 3073323.9 ], [ 4063720.6, 3073414.3 ], [ 4063640.3, 3073330.5 ], [ 4063582.3, 3073302.2 ], [ 4063533.6, 3073232.7 ], [ 4063527.3, 3073207.1 ], [ 4063523.3, 3072833.7 ], [ 4063630.4, 3072780.4 ], [ 4063878.1, 3072609.8 ], [ 4064014.7, 3072646.8 ], [ 4064037.8, 3072631.6 ], [ 4064053.7, 3072484.4 ], [ 4064040.3, 3072473.8 ], [ 4063950.9, 3072463.4 ], [ 4063956.2, 3072421.6 ], [ 4063999.3, 3072410.0 ], [ 4064004.4, 3072382.9 ], [ 4063918.3, 3072346.3 ], [ 4063931.8, 3072313.2 ], [ 4063924.4, 3072294.4 ], [ 4063832.4, 3072253.9 ], [ 4063817.2, 3072160.0 ], [ 4063895.3, 3072142.6 ], [ 4063923.1, 3072145.1 ], [ 4063940.3, 3072127.4 ], [ 4063890.5, 3071824.8 ], [ 4063871.9, 3071813.6 ], [ 4063806.9, 3071820.9 ], [ 4063752.2, 3071845.9 ], [ 4063508.4, 3071901.0 ], [ 4063500.1, 3071894.2 ], [ 4063529.2, 3071720.7 ], [ 4063592.1, 3071554.1 ], [ 4063591.5, 3071528.6 ], [ 4063576.9, 3071518.8 ], [ 4063511.8, 3071509.3 ], [ 4063471.4, 3071524.2 ], [ 4063385.5, 3071536.8 ], [ 4063286.8, 3071533.8 ], [ 4063278.1, 3071483.4 ], [ 4063300.0, 3071457.3 ], [ 4063295.8, 3071433.5 ], [ 4063244.0, 3071405.2 ], [ 4063123.2, 3071371.9 ], [ 4063020.6, 3071299.9 ], [ 4062937.0, 3071149.6 ], [ 4062902.5, 3071062.5 ], [ 4062881.1, 3070980.6 ], [ 4062946.6, 3070805.6 ], [ 4062939.5, 3070788.4 ], [ 4062923.1, 3070782.6 ], [ 4062958.3, 3070662.7 ], [ 4062958.8, 3070314.4 ], [ 4062946.5, 3070301.3 ], [ 4062899.9, 3070293.3 ], [ 4062895.2, 3070163.1 ], [ 4062887.1, 3070146.8 ], [ 4062795.0, 3070116.9 ], [ 4062548.4, 3069977.1 ], [ 4062437.9, 3069670.9 ], [ 4062423.6, 3069589.8 ], [ 4062384.0, 3069486.0 ], [ 4062641.3, 3069192.6 ], [ 4062468.2, 3068808.6 ], [ 4062325.6, 3068669.7 ], [ 4061900.2, 3068658.9 ], [ 4061472.2, 3068610.7 ], [ 4061355.9, 3068670.3 ], [ 4061291.8, 3068676.4 ], [ 4061258.8, 3068708.4 ], [ 4061253.4, 3068785.4 ], [ 4061285.8, 3068860.7 ], [ 4061329.8, 3068888.0 ], [ 4061354.4, 3068917.2 ], [ 4061291.1, 3068940.3 ], [ 4061268.3, 3068957.4 ], [ 4061239.9, 3068956.4 ], [ 4060802.0, 3069104.6 ], [ 4060779.7, 3069105.3 ], [ 4060767.1, 3069117.2 ], [ 4060867.8, 3069556.4 ], [ 4060878.6, 3069582.2 ], [ 4060971.4, 3069714.9 ], [ 4060992.6, 3069724.2 ], [ 4061471.7, 3069490.4 ], [ 4061489.8, 3069523.0 ], [ 4061568.2, 3069565.8 ], [ 4061564.2, 3069595.9 ], [ 4061584.8, 3069636.1 ], [ 4061590.4, 3069715.7 ], [ 4061620.4, 3069762.6 ], [ 4061636.0, 3069771.1 ], [ 4061739.6, 3069762.9 ], [ 4061790.6, 3069815.1 ], [ 4061809.3, 3069889.2 ], [ 4061828.7, 3069902.6 ], [ 4062141.0, 3069862.6 ], [ 4062153.0, 3069844.5 ], [ 4062160.4, 3069735.5 ], [ 4062180.1, 3069705.9 ], [ 4062164.9, 3069859.6 ], [ 4062157.5, 3069872.0 ], [ 4061892.8, 3069910.9 ], [ 4061838.6, 3069926.7 ], [ 4061825.8, 3069938.5 ], [ 4061882.7, 3070191.7 ], [ 4061809.1, 3070673.2 ], [ 4061586.9, 3070837.3 ], [ 4061435.6, 3070772.4 ], [ 4061268.8, 3070751.9 ], [ 4061252.7, 3070756.3 ], [ 4061188.6, 3070806.0 ], [ 4061182.7, 3070822.6 ], [ 4061283.2, 3071236.3 ], [ 4060662.1, 3071519.1 ], [ 4060554.7, 3070884.1 ], [ 4060540.7, 3070875.4 ], [ 4060050.7, 3070792.0 ], [ 4060081.8, 3070791.0 ], [ 4060096.7, 3070772.9 ], [ 4060066.8, 3070624.0 ], [ 4060045.5, 3070613.2 ], [ 4059992.7, 3070636.2 ], [ 4059925.7, 3070538.0 ], [ 4059909.1, 3070531.2 ], [ 4059895.6, 3070536.3 ], [ 4059887.6, 3070558.6 ], [ 4059885.9, 3071109.8 ], [ 4059705.2, 3071476.4 ], [ 4059704.1, 3071498.0 ], [ 4059682.2, 3071519.8 ], [ 4058970.5, 3073000.7 ], [ 4058973.4, 3073072.8 ], [ 4058948.1, 3073094.9 ], [ 4058924.0, 3073157.3 ], [ 4058841.9, 3073087.9 ], [ 4058819.2, 3073079.9 ], [ 4058725.7, 3073079.7 ], [ 4058698.4, 3073047.0 ], [ 4058684.7, 3073041.8 ], [ 4058615.5, 3073055.0 ], [ 4058488.2, 3073045.2 ], [ 4058439.1, 3073049.8 ], [ 4058391.3, 3073067.1 ], [ 4058296.4, 3073125.8 ], [ 4058259.1, 3073135.9 ], [ 4058102.4, 3073129.8 ], [ 4057998.6, 3073140.8 ], [ 4057936.7, 3073190.5 ], [ 4057915.6, 3073194.0 ], [ 4057870.5, 3073222.9 ], [ 4057776.7, 3073338.8 ], [ 4057750.6, 3073324.7 ], [ 4057730.7, 3073330.5 ], [ 4057693.2, 3073395.2 ], [ 4057644.4, 3073444.4 ], [ 4057441.4, 3073541.7 ], [ 4057397.1, 3073574.0 ], [ 4057323.3, 3073661.7 ], [ 4057223.8, 3073802.3 ], [ 4057223.6, 3073820.6 ], [ 4057243.5, 3073838.9 ], [ 4057216.6, 3073874.8 ], [ 4057195.5, 3073883.2 ], [ 4057151.1, 3073964.0 ], [ 4057130.8, 3073966.0 ], [ 4057115.0, 3073988.0 ], [ 4057118.9, 3074012.0 ], [ 4057158.2, 3074039.1 ], [ 4057180.5, 3074028.2 ], [ 4057197.8, 3073979.6 ], [ 4057264.4, 3074007.2 ], [ 4057257.4, 3074042.4 ], [ 4057266.8, 3074058.1 ], [ 4057290.3, 3074059.9 ], [ 4057399.5, 3074127.2 ], [ 4057463.3, 3074146.0 ], [ 4057507.3, 3074143.6 ], [ 4057519.5, 3074172.0 ], [ 4057540.3, 3074180.7 ], [ 4057531.9, 3074256.8 ], [ 4057544.4, 3074279.0 ], [ 4057445.5, 3074270.4 ], [ 4057396.0, 3074285.2 ], [ 4057386.1, 3074295.4 ], [ 4057386.0, 3074335.2 ], [ 4057399.9, 3074351.3 ], [ 4057396.3, 3074395.5 ], [ 4057409.0, 3074411.9 ], [ 4057478.0, 3074411.3 ], [ 4057486.4, 3074399.0 ], [ 4057495.0, 3074346.1 ], [ 4057618.5, 3074374.1 ], [ 4057648.4, 3074333.6 ], [ 4057714.5, 3074300.5 ], [ 4057826.4, 3074270.6 ], [ 4057839.3, 3074306.3 ], [ 4057825.3, 3074324.6 ], [ 4057766.9, 3074369.3 ], [ 4057726.9, 3074381.1 ], [ 4057716.5, 3074402.8 ], [ 4057746.1, 3074460.9 ], [ 4057795.0, 3074473.1 ], [ 4057823.4, 3074495.8 ], [ 4057849.7, 3074567.9 ], [ 4057921.0, 3074599.8 ], [ 4057897.9, 3074638.0 ], [ 4057846.4, 3074625.3 ], [ 4057823.4, 3074653.5 ], [ 4057801.5, 3074656.6 ], [ 4057791.3, 3074667.4 ], [ 4057792.0, 3074698.6 ], [ 4057803.2, 3074713.2 ], [ 4057817.9, 3074715.2 ], [ 4057860.2, 3074698.7 ], [ 4058015.1, 3074626.8 ], [ 4058585.3, 3074006.3 ], [ 4058630.0, 3073953.9 ], [ 4058630.5, 3073932.3 ], [ 4058616.1, 3073921.2 ], [ 4057873.0, 3073754.3 ], [ 4057478.1, 3073873.3 ], [ 4057869.4, 3073744.1 ], [ 4058659.6, 3073920.7 ], [ 4058892.4, 3073670.2 ], [ 4058929.5, 3073504.4 ], [ 4058908.7, 3073227.9 ], [ 4058912.4, 3073181.6 ], [ 4058929.4, 3073212.9 ], [ 4058942.1, 3073314.3 ], [ 4058934.4, 3073383.6 ], [ 4058952.6, 3073496.2 ], [ 4058922.7, 3073652.0 ], [ 4058906.5, 3073694.6 ], [ 4058050.1, 3074626.9 ], [ 4058029.4, 3074658.3 ], [ 4057822.8, 3074743.0 ], [ 4057820.5, 3074760.2 ], [ 4057835.1, 3074782.0 ], [ 4057759.1, 3074890.4 ], [ 4057755.6, 3074907.5 ], [ 4057865.3, 3075041.1 ], [ 4057878.9, 3075046.3 ], [ 4057905.1, 3075039.3 ], [ 4057921.1, 3075107.8 ], [ 4057858.8, 3075155.5 ], [ 4057789.9, 3075088.9 ], [ 4057716.2, 3075039.9 ], [ 4057652.1, 3075062.8 ], [ 4057632.3, 3075103.5 ], [ 4057687.8, 3075207.2 ], [ 4057689.9, 3075225.0 ], [ 4057724.6, 3075282.6 ], [ 4057770.8, 3075335.5 ], [ 4057812.7, 3075352.1 ], [ 4057959.2, 3075306.8 ], [ 4058048.4, 3075316.4 ], [ 4058070.5, 3075400.3 ], [ 4058080.6, 3075413.5 ], [ 4058075.8, 3075419.6 ], [ 4057954.8, 3075458.9 ], [ 4057859.5, 3075522.0 ], [ 4057798.5, 3075540.7 ], [ 4057788.9, 3075554.6 ], [ 4057791.1, 3075586.6 ], [ 4057781.7, 3075606.6 ], [ 4057826.0, 3075830.0 ], [ 4057844.4, 3075881.7 ], [ 4057857.2, 3075897.3 ], [ 4057858.7, 3075923.9 ], [ 4057919.0, 3075976.5 ], [ 4057934.9, 3075971.3 ], [ 4057967.1, 3075938.1 ], [ 4058027.7, 3075988.9 ], [ 4058034.5, 3076007.6 ], [ 4058100.0, 3076040.2 ], [ 4058116.9, 3076065.7 ], [ 4058131.5, 3076067.5 ], [ 4058180.7, 3076050.4 ], [ 4058295.7, 3075926.7 ], [ 4058323.3, 3075951.5 ], [ 4058347.3, 3075945.4 ], [ 4058352.2, 3075922.4 ], [ 4058325.8, 3075895.3 ], [ 4058590.6, 3075612.9 ], [ 4058645.3, 3075506.7 ], [ 4058704.8, 3075561.4 ], [ 4058690.9, 3075585.1 ], [ 4058686.0, 3075619.2 ], [ 4058701.0, 3075708.9 ], [ 4058722.9, 3075740.3 ], [ 4058742.4, 3075837.6 ], [ 4058700.3, 3075867.3 ], [ 4058693.1, 3075883.8 ], [ 4058698.0, 3075897.4 ], [ 4058732.0, 3075927.8 ], [ 4058643.7, 3076028.1 ], [ 4058624.0, 3076020.3 ], [ 4058607.9, 3076029.1 ], [ 4058578.7, 3076078.2 ], [ 4058577.7, 3076109.0 ], [ 4058539.9, 3076148.6 ], [ 4058464.9, 3076163.0 ], [ 4058453.4, 3076149.1 ], [ 4058438.8, 3076146.1 ], [ 4058384.1, 3076154.7 ], [ 4058350.3, 3076170.0 ], [ 4058333.7, 3076194.4 ], [ 4058349.7, 3076221.4 ], [ 4058328.5, 3076224.4 ], [ 4058313.5, 3076236.6 ], [ 4058296.5, 3076271.8 ], [ 4058265.6, 3076300.1 ], [ 4058259.3, 3076315.6 ], [ 4058257.2, 3076344.5 ], [ 4058264.6, 3076356.8 ], [ 4058300.4, 3076378.9 ], [ 4058396.0, 3076463.2 ], [ 4058533.1, 3076544.9 ], [ 4058534.6, 3076566.4 ], [ 4058576.9, 3076598.2 ], [ 4058583.3, 3076624.0 ], [ 4058570.5, 3076625.6 ], [ 4058526.6, 3076604.9 ], [ 4058374.6, 3076506.3 ], [ 4058352.2, 3076499.1 ], [ 4058261.6, 3076429.0 ], [ 4058236.6, 3076395.7 ], [ 4058133.9, 3076376.5 ], [ 4058010.2, 3076281.0 ], [ 4057985.6, 3076277.9 ], [ 4057970.4, 3076293.3 ], [ 4057917.0, 3076282.0 ], [ 4057900.6, 3076301.5 ], [ 4057900.2, 3076319.9 ], [ 4057938.1, 3076377.1 ], [ 4057987.4, 3076430.4 ], [ 4058050.9, 3076439.7 ], [ 4058115.1, 3076417.2 ], [ 4058144.2, 3076493.4 ], [ 4058193.4, 3076558.4 ], [ 4058342.0, 3076711.7 ], [ 4058402.6, 3076747.5 ], [ 4058450.0, 3076803.3 ], [ 4058527.8, 3076872.5 ], [ 4058558.2, 3076968.8 ], [ 4058537.6, 3077037.9 ], [ 4058511.6, 3077072.0 ], [ 4058479.6, 3077094.4 ], [ 4058475.2, 3077111.7 ], [ 4058492.8, 3077161.8 ], [ 4058562.9, 3077279.9 ], [ 4058529.4, 3077307.9 ], [ 4058525.1, 3077328.8 ], [ 4058581.7, 3077372.5 ], [ 4058505.8, 3077414.7 ], [ 4058499.2, 3077439.9 ], [ 4058536.1, 3077501.2 ], [ 4058652.7, 3077601.3 ], [ 4058706.9, 3077678.7 ], [ 4058704.8, 3077704.0 ], [ 4058769.4, 3077776.5 ], [ 4058787.3, 3077825.9 ], [ 4059029.8, 3078127.7 ], [ 4059202.3, 3078207.7 ], [ 4059393.6, 3078335.1 ], [ 4059448.1, 3078423.4 ], [ 4059465.3, 3078425.8 ], [ 4059488.2, 3078410.9 ], [ 4059547.6, 3078399.9 ], [ 4059568.7, 3078407.8 ], [ 4059542.0, 3078535.1 ], [ 4059577.1, 3078585.9 ], [ 4059913.2, 3078821.7 ], [ 4060018.0, 3078887.1 ], [ 4060056.2, 3078915.2 ], [ 4060062.7, 3078931.8 ], [ 4060115.4, 3078969.6 ], [ 4060132.3, 3078973.2 ], [ 4060148.4, 3078960.3 ], [ 4060191.5, 3078962.4 ], [ 4060258.5, 3078950.0 ], [ 4060298.5, 3079020.5 ], [ 4060372.9, 3079070.0 ], [ 4060390.5, 3079070.2 ], [ 4060626.4, 3079332.4 ], [ 4060554.1, 3079418.3 ], [ 4060559.2, 3079445.4 ], [ 4060609.6, 3079458.2 ], [ 4060625.6, 3079452.2 ], [ 4060663.7, 3079348.6 ], [ 4060760.6, 3079371.2 ], [ 4060863.2, 3079380.8 ], [ 4060911.8, 3079369.1 ], [ 4061012.1, 3079361.4 ], [ 4061108.9, 3079321.0 ], [ 4061215.4, 3079305.7 ], [ 4061227.6, 3079289.9 ], [ 4061229.4, 3079231.9 ], [ 4061266.5, 3079158.0 ], [ 4061263.4, 3079143.5 ], [ 4061236.4, 3079112.3 ], [ 4061306.5, 3079060.9 ], [ 4061343.7, 3079070.7 ], [ 4061352.0, 3079100.4 ], [ 4061370.3, 3079120.2 ], [ 4061414.2, 3079130.0 ], [ 4061450.3, 3079150.5 ], [ 4061464.8, 3079175.4 ], [ 4061456.5, 3079204.0 ], [ 4061466.2, 3079222.2 ], [ 4061494.4, 3079221.6 ], [ 4061511.1, 3079188.0 ], [ 4061548.4, 3079230.0 ], [ 4061573.8, 3079238.9 ], [ 4061587.5, 3079234.9 ], [ 4061649.7, 3079154.3 ], [ 4061649.9, 3079133.0 ], [ 4061477.1, 3078989.6 ], [ 4061490.8, 3078961.8 ], [ 4061484.8, 3078942.5 ], [ 4061437.6, 3078917.1 ], [ 4061417.3, 3078917.6 ], [ 4061464.4, 3078823.9 ], [ 4061492.1, 3078835.9 ], [ 4061510.4, 3078826.4 ], [ 4061574.5, 3078688.3 ], [ 4061793.8, 3078762.3 ], [ 4061932.3, 3078852.3 ], [ 4061905.3, 3078915.4 ], [ 4061902.1, 3078993.1 ], [ 4061859.2, 3079051.0 ], [ 4061812.7, 3079025.5 ], [ 4061804.7, 3079002.2 ], [ 4061771.2, 3078990.4 ], [ 4061709.8, 3078938.0 ], [ 4061679.0, 3078933.9 ], [ 4061664.7, 3078949.2 ], [ 4061669.7, 3078969.6 ], [ 4061812.2, 3079132.8 ], [ 4061795.3, 3079158.6 ], [ 4061814.8, 3079199.2 ], [ 4061859.0, 3079218.1 ], [ 4061881.7, 3079186.7 ], [ 4061901.0, 3079106.1 ], [ 4061934.3, 3079079.7 ], [ 4061975.3, 3078982.3 ], [ 4061976.8, 3078904.1 ], [ 4061996.3, 3078858.9 ], [ 4062014.9, 3078824.2 ], [ 4062077.5, 3078785.5 ], [ 4062084.6, 3078772.9 ], [ 4062073.5, 3078743.8 ], [ 4061987.6, 3078712.2 ], [ 4061967.9, 3078694.9 ], [ 4061990.5, 3078701.8 ], [ 4062012.6, 3078698.3 ], [ 4062024.5, 3078657.7 ], [ 4062062.8, 3078663.7 ], [ 4062112.8, 3078685.2 ], [ 4062132.5, 3078677.2 ], [ 4062137.7, 3078624.4 ], [ 4062161.5, 3078627.0 ], [ 4062177.2, 3078612.0 ], [ 4062176.5, 3078555.4 ], [ 4062166.3, 3078540.3 ], [ 4062167.4, 3078522.6 ], [ 4062206.4, 3078415.2 ], [ 4062247.3, 3078385.7 ], [ 4062269.5, 3078384.3 ], [ 4062328.7, 3078339.4 ], [ 4062456.5, 3078305.8 ], [ 4062539.5, 3078319.6 ], [ 4062592.3, 3078305.2 ], [ 4062639.3, 3078280.8 ], [ 4062728.4, 3078216.8 ], [ 4062772.6, 3078174.5 ], [ 4062822.9, 3078107.3 ], [ 4062836.6, 3078148.2 ], [ 4062853.7, 3078151.6 ], [ 4062868.7, 3078141.7 ], [ 4062868.6, 3078101.7 ], [ 4062813.7, 3078012.9 ], [ 4062814.4, 3077981.4 ], [ 4062800.7, 3077946.2 ], [ 4062743.4, 3077930.9 ], [ 4062708.3, 3077955.6 ], [ 4062702.2, 3077968.8 ], [ 4062710.6, 3077988.2 ], [ 4062778.2, 3078025.1 ], [ 4062776.0, 3078047.6 ], [ 4062796.6, 3078068.8 ], [ 4062758.9, 3078061.5 ], [ 4062702.4, 3078033.2 ], [ 4062641.8, 3077993.3 ], [ 4062613.0, 3077960.2 ], [ 4062573.2, 3077888.9 ], [ 4062551.0, 3077814.1 ], [ 4062564.0, 3077802.0 ], [ 4062600.0, 3077794.7 ], [ 4062625.0, 3077743.1 ], [ 4062683.8, 3077747.3 ], [ 4062704.8, 3077758.2 ], [ 4062723.4, 3077752.6 ], [ 4062765.4, 3077682.9 ], [ 4062752.4, 3077621.9 ], [ 4062814.0, 3077629.4 ], [ 4062831.2, 3077623.8 ], [ 4062863.2, 3077602.4 ], [ 4062888.5, 3077569.7 ], [ 4062896.5, 3077540.5 ], [ 4062883.5, 3077508.7 ], [ 4062839.0, 3077484.7 ], [ 4062812.4, 3077445.2 ], [ 4062758.5, 3077404.1 ], [ 4062709.1, 3077384.6 ], [ 4062688.8, 3077346.4 ], [ 4062650.6, 3077313.8 ], [ 4062617.6, 3077257.3 ], [ 4062575.4, 3077242.3 ], [ 4062574.2, 3077203.4 ], [ 4062538.6, 3077138.3 ], [ 4062508.4, 3077032.9 ], [ 4062497.8, 3077023.8 ], [ 4062456.7, 3077020.6 ], [ 4062449.1, 3077013.4 ], [ 4062477.7, 3076969.2 ], [ 4062466.2, 3076928.0 ], [ 4062442.3, 3076892.9 ], [ 4062429.8, 3076832.3 ], [ 4062367.9, 3076737.3 ], [ 4062319.4, 3076695.1 ], [ 4062292.5, 3076691.5 ], [ 4062298.4, 3076661.1 ], [ 4062270.3, 3076628.4 ], [ 4062261.5, 3076571.8 ], [ 4062232.9, 3076520.9 ], [ 4062182.0, 3076500.0 ], [ 4062084.9, 3076498.8 ], [ 4062044.5, 3076461.7 ], [ 4061978.8, 3076422.2 ], [ 4061896.8, 3076417.2 ], [ 4061936.3, 3076406.2 ], [ 4061969.4, 3076406.5 ], [ 4062106.7, 3076446.2 ], [ 4062137.0, 3076432.7 ], [ 4062145.6, 3076416.7 ], [ 4062139.1, 3076399.7 ], [ 4062052.7, 3076308.0 ], [ 4061918.3, 3076229.0 ], [ 4061869.1, 3076187.8 ], [ 4061851.7, 3076158.4 ], [ 4061829.2, 3076048.2 ], [ 4061838.8, 3076041.5 ], [ 4061875.5, 3076067.5 ], [ 4061904.1, 3076104.3 ], [ 4062000.4, 3076175.9 ], [ 4062051.2, 3076192.5 ], [ 4062121.4, 3076228.6 ], [ 4062151.1, 3076219.5 ], [ 4062164.3, 3076258.7 ], [ 4062319.4, 3076358.7 ], [ 4062360.5, 3076366.3 ], [ 4062382.7, 3076345.3 ], [ 4062417.2, 3076369.3 ], [ 4062404.9, 3076412.8 ], [ 4062424.3, 3076447.9 ], [ 4062507.0, 3076523.4 ], [ 4062538.5, 3076576.8 ], [ 4062668.1, 3076719.4 ], [ 4062699.4, 3076726.7 ], [ 4062772.8, 3076674.0 ], [ 4062798.4, 3076726.3 ], [ 4062778.7, 3076783.4 ], [ 4062789.1, 3076847.5 ], [ 4062834.0, 3076923.9 ], [ 4062855.9, 3076926.4 ], [ 4063056.1, 3076840.5 ], [ 4063085.4, 3076843.5 ], [ 4063090.7, 3076867.7 ], [ 4063215.8, 3076999.0 ], [ 4063200.2, 3077014.4 ], [ 4063056.3, 3076867.4 ], [ 4062875.7, 3076935.9 ], [ 4062866.5, 3076946.8 ], [ 4062867.2, 3076964.4 ], [ 4062969.5, 3077054.6 ], [ 4063030.7, 3077073.0 ], [ 4063068.2, 3077107.4 ], [ 4063123.6, 3077142.9 ], [ 4063189.8, 3077237.3 ], [ 4063171.7, 3077310.6 ], [ 4063182.5, 3077351.9 ], [ 4063200.2, 3077374.1 ], [ 4063251.0, 3077398.4 ], [ 4063373.9, 3077372.3 ], [ 4063382.4, 3077361.1 ], [ 4063381.8, 3077341.8 ], [ 4063355.9, 3077305.9 ], [ 4063348.3, 3077280.7 ], [ 4063366.7, 3077225.1 ], [ 4063349.8, 3077166.1 ], [ 4063367.0, 3077152.8 ], [ 4063436.9, 3077169.3 ], [ 4063449.5, 3077162.9 ], [ 4063458.9, 3077144.0 ], [ 4063450.3, 3077103.3 ], [ 4063448.6, 3076994.5 ], [ 4063428.4, 3076886.8 ], [ 4063455.3, 3076739.5 ], [ 4063449.9, 3076724.8 ], [ 4063435.7, 3076716.9 ], [ 4063365.1, 3076725.6 ], [ 4063353.4, 3076721.0 ], [ 4063393.5, 3076692.3 ], [ 4063413.6, 3076658.9 ], [ 4063460.5, 3076649.1 ], [ 4063474.5, 3076637.1 ], [ 4063465.9, 3076566.8 ], [ 4063468.7, 3076486.6 ], [ 4063433.4, 3076413.8 ], [ 4063426.4, 3076382.4 ], [ 4063368.2, 3076367.4 ], [ 4063324.3, 3076341.5 ], [ 4063394.8, 3076332.7 ], [ 4063413.0, 3076323.0 ], [ 4063419.3, 3076310.0 ], [ 4063410.3, 3076176.4 ], [ 4063404.4, 3076144.1 ], [ 4063386.3, 3076107.5 ], [ 4063356.3, 3076076.5 ], [ 4063281.1, 3076056.8 ], [ 4063356.2, 3076035.7 ], [ 4063362.5, 3076015.8 ], [ 4063349.6, 3075985.3 ], [ 4063290.7, 3075871.0 ], [ 4063175.7, 3075759.2 ], [ 4063148.1, 3075697.2 ], [ 4063045.9, 3075643.3 ], [ 4063083.6, 3075639.7 ], [ 4063097.1, 3075622.3 ], [ 4063081.5, 3075545.8 ], [ 4063087.5, 3075422.6 ], [ 4063106.2, 3075313.9 ], [ 4063137.7, 3075225.8 ], [ 4063154.4, 3075145.0 ], [ 4063163.6, 3075157.5 ], [ 4063158.4, 3075209.7 ], [ 4063175.0, 3075318.9 ], [ 4063171.0, 3075455.3 ], [ 4063156.7, 3075514.4 ], [ 4063196.5, 3075571.7 ], [ 4063351.5, 3075731.7 ], [ 4063519.2, 3075691.9 ], [ 4063593.2, 3075695.3 ], [ 4063608.6, 3075689.4 ], [ 4063661.0, 3075709.6 ], [ 4063531.5, 3075736.1 ], [ 4063391.3, 3075802.8 ], [ 4063382.9, 3075827.9 ], [ 4063436.7, 3075896.4 ], [ 4063502.4, 3076014.0 ], [ 4063533.4, 3076048.9 ], [ 4063552.5, 3076058.0 ], [ 4063548.5, 3076078.6 ], [ 4063581.7, 3076210.7 ], [ 4063634.5, 3076323.3 ], [ 4063651.4, 3076330.9 ], [ 4063691.9, 3076324.9 ], [ 4063787.6, 3076328.8 ], [ 4063760.3, 3076350.1 ], [ 4063765.7, 3076393.2 ], [ 4063681.6, 3076406.9 ], [ 4063658.4, 3076425.2 ], [ 4063647.3, 3076461.3 ], [ 4063639.7, 3076544.8 ], [ 4063640.0, 3076614.3 ], [ 4063653.3, 3076707.3 ], [ 4063712.5, 3076867.6 ], [ 4063739.0, 3076972.8 ], [ 4063770.0, 3077023.4 ], [ 4063798.3, 3077026.8 ], [ 4063794.5, 3077054.0 ], [ 4063803.0, 3077102.0 ], [ 4063846.3, 3077173.2 ], [ 4063928.5, 3077238.8 ], [ 4063975.1, 3077298.6 ], [ 4064038.5, 3077350.7 ], [ 4064066.2, 3077357.5 ], [ 4064089.3, 3077350.4 ], [ 4064111.7, 3077384.6 ], [ 4064030.4, 3077426.4 ], [ 4063880.2, 3077415.1 ], [ 4063746.7, 3077426.2 ], [ 4063700.3, 3077439.3 ], [ 4063687.8, 3077457.0 ], [ 4063693.9, 3077531.2 ], [ 4063683.4, 3077549.6 ], [ 4063661.6, 3077568.4 ], [ 4063606.0, 3077566.2 ], [ 4063556.2, 3077586.9 ], [ 4063543.1, 3077639.6 ], [ 4063515.2, 3077674.8 ], [ 4063503.6, 3077739.6 ], [ 4063488.6, 3077740.0 ], [ 4063460.2, 3077720.4 ], [ 4063424.4, 3077726.3 ], [ 4063392.1, 3077714.6 ], [ 4063366.1, 3077692.4 ], [ 4063302.1, 3077701.0 ], [ 4063280.1, 3077692.6 ], [ 4063250.7, 3077697.3 ], [ 4063207.5, 3077687.6 ], [ 4063194.8, 3077699.2 ], [ 4063183.0, 3077733.3 ], [ 4063184.1, 3077761.4 ], [ 4063169.1, 3077815.8 ], [ 4063118.6, 3077842.9 ], [ 4063106.5, 3077860.6 ], [ 4063106.6, 3077878.1 ], [ 4063123.2, 3077892.0 ], [ 4063193.7, 3077911.0 ], [ 4063269.5, 3077990.6 ], [ 4063354.9, 3078041.8 ], [ 4063461.3, 3078084.0 ], [ 4063477.9, 3078080.3 ], [ 4063503.2, 3078057.0 ], [ 4063537.7, 3078108.0 ], [ 4063579.1, 3078117.4 ], [ 4063770.1, 3078033.1 ], [ 4063795.8, 3078004.1 ], [ 4063802.1, 3077982.2 ], [ 4063819.9, 3077995.8 ], [ 4063890.4, 3078006.2 ], [ 4064014.8, 3077989.4 ], [ 4064057.2, 3077970.1 ], [ 4064185.4, 3077872.7 ], [ 4064343.1, 3077857.2 ], [ 4064435.4, 3077821.2 ], [ 4064415.5, 3077863.3 ], [ 4064377.2, 3077884.9 ], [ 4064349.3, 3077920.9 ], [ 4064241.9, 3077939.8 ], [ 4064093.2, 3078070.8 ], [ 4063955.2, 3078128.3 ], [ 4063945.4, 3078183.3 ], [ 4063959.2, 3078230.9 ], [ 4063918.6, 3078208.1 ], [ 4063893.2, 3078156.1 ], [ 4063874.3, 3078147.7 ], [ 4063795.8, 3078201.9 ], [ 4063702.9, 3078253.0 ], [ 4063695.2, 3078273.9 ], [ 4063732.4, 3078412.9 ], [ 4063728.5, 3078436.3 ], [ 4063624.7, 3078332.8 ], [ 4063598.0, 3078292.6 ], [ 4063566.0, 3078283.4 ], [ 4063530.1, 3078289.3 ], [ 4063470.5, 3078284.7 ], [ 4063451.3, 3078298.8 ], [ 4063452.0, 3078316.3 ], [ 4063511.1, 3078408.7 ], [ 4063511.6, 3078437.5 ], [ 4063381.5, 3078369.4 ], [ 4063325.5, 3078313.4 ], [ 4063303.4, 3078324.7 ], [ 4063274.8, 3078399.6 ], [ 4063264.4, 3078346.7 ], [ 4063221.4, 3078309.4 ], [ 4063196.9, 3078274.6 ], [ 4063155.4, 3078175.1 ], [ 4063120.1, 3078128.6 ], [ 4063078.1, 3078102.6 ], [ 4063054.7, 3078109.1 ], [ 4063049.2, 3078143.6 ], [ 4063026.9, 3078158.1 ], [ 4063008.0, 3078145.5 ], [ 4062988.0, 3078153.3 ], [ 4062967.9, 3078119.3 ], [ 4062951.5, 3078111.4 ], [ 4062932.8, 3078120.8 ], [ 4062925.8, 3078157.9 ], [ 4062909.0, 3078175.2 ], [ 4062891.7, 3078179.2 ], [ 4062848.0, 3078153.6 ], [ 4062827.2, 3078155.0 ], [ 4062769.3, 3078238.3 ], [ 4062708.5, 3078285.9 ], [ 4062666.3, 3078298.4 ], [ 4062547.1, 3078378.3 ], [ 4062540.4, 3078402.0 ], [ 4062450.9, 3078448.1 ], [ 4062422.5, 3078450.0 ], [ 4062412.1, 3078436.0 ], [ 4062391.6, 3078435.1 ], [ 4062313.6, 3078474.3 ], [ 4062258.5, 3078534.7 ], [ 4062235.0, 3078603.0 ], [ 4062240.1, 3078620.5 ], [ 4062252.8, 3078627.8 ], [ 4062253.0, 3078666.5 ], [ 4062239.3, 3078681.0 ], [ 4062241.9, 3078707.6 ], [ 4062227.7, 3078782.0 ], [ 4062203.0, 3078773.0 ], [ 4062184.6, 3078780.6 ], [ 4062109.9, 3078906.4 ], [ 4062114.2, 3078926.2 ], [ 4062132.3, 3078936.7 ], [ 4062129.4, 3079044.0 ], [ 4062141.4, 3079097.9 ], [ 4062192.2, 3079146.4 ], [ 4062221.6, 3079142.0 ], [ 4062280.3, 3079175.9 ], [ 4062277.9, 3079191.9 ], [ 4062287.8, 3079206.0 ], [ 4062407.3, 3079243.6 ], [ 4062497.2, 3079304.3 ], [ 4062669.3, 3079392.8 ], [ 4062808.0, 3079432.1 ], [ 4062916.6, 3079506.9 ], [ 4062958.9, 3079507.6 ], [ 4063011.0, 3079477.0 ], [ 4063097.2, 3079462.4 ], [ 4063199.7, 3079513.0 ], [ 4063377.5, 3079530.0 ], [ 4063494.1, 3079495.6 ], [ 4063565.3, 3079447.6 ], [ 4063637.2, 3079377.0 ], [ 4063758.0, 3079331.6 ], [ 4063844.1, 3079254.3 ], [ 4063906.1, 3079168.0 ], [ 4063954.4, 3079131.3 ], [ 4064126.5, 3079080.4 ], [ 4064207.0, 3079081.2 ], [ 4064264.2, 3078944.6 ], [ 4064430.8, 3078936.0 ], [ 4064537.2, 3078892.2 ], [ 4064562.1, 3078888.9 ], [ 4064686.1, 3078958.4 ], [ 4064836.1, 3079010.0 ], [ 4064930.8, 3079006.5 ], [ 4064959.8, 3079013.4 ], [ 4065049.3, 3079066.7 ], [ 4065103.4, 3079110.8 ], [ 4065152.4, 3079136.6 ], [ 4065263.6, 3079215.0 ], [ 4065382.3, 3079253.2 ], [ 4065566.7, 3079361.4 ], [ 4065626.5, 3079411.9 ], [ 4065685.5, 3079476.9 ], [ 4065815.9, 3079688.0 ], [ 4065955.6, 3079892.1 ], [ 4065985.1, 3079919.1 ], [ 4066110.4, 3080000.0 ], [ 4066196.1, 3080092.2 ], [ 4066232.1, 3080115.6 ], [ 4066480.9, 3080196.5 ], [ 4066615.7, 3080200.8 ], [ 4066734.4, 3080223.6 ], [ 4066824.7, 3080285.1 ], [ 4066954.0, 3080350.3 ], [ 4067026.1, 3080338.2 ], [ 4067135.8, 3080340.3 ], [ 4067246.4, 3080348.9 ], [ 4067354.6, 3080371.2 ], [ 4067372.9, 3080355.8 ] ], [ [ 4067053.1, 3079584.2 ], [ 4067085.6, 3079529.8 ], [ 4067150.5, 3079566.0 ], [ 4067114.7, 3079619.1 ], [ 4067053.1, 3079584.2 ] ], [ [ 4066364.2, 3079354.1 ], [ 4066378.6, 3079322.4 ], [ 4066442.5, 3079351.3 ], [ 4066427.6, 3079382.7 ], [ 4066364.2, 3079354.1 ] ], [ [ 4067216.8, 3079326.3 ], [ 4067181.6, 3079304.5 ], [ 4067189.4, 3079273.2 ], [ 4067250.9, 3079243.4 ], [ 4067288.6, 3079258.7 ], [ 4067289.0, 3079312.7 ], [ 4067271.1, 3079341.0 ], [ 4067216.8, 3079326.3 ] ], [ [ 4066982.8, 3078957.9 ], [ 4066995.8, 3078970.5 ], [ 4066981.0, 3078989.9 ], [ 4066973.9, 3078968.3 ], [ 4066982.8, 3078957.9 ] ], [ [ 4063856.7, 3078928.8 ], [ 4063850.5, 3078934.9 ], [ 4063680.8, 3078845.8 ], [ 4063688.8, 3078832.7 ], [ 4063707.6, 3078841.0 ], [ 4063727.5, 3078828.8 ], [ 4063798.6, 3078853.4 ], [ 4063817.0, 3078879.4 ], [ 4063821.0, 3078909.2 ], [ 4063856.7, 3078928.8 ] ], [ [ 4065264.0, 3078886.9 ], [ 4065141.4, 3078821.0 ], [ 4065116.8, 3078802.2 ], [ 4065119.7, 3078795.0 ], [ 4065267.3, 3078866.9 ], [ 4065264.0, 3078886.9 ] ], [ [ 4064933.1, 3078816.3 ], [ 4064884.3, 3078786.8 ], [ 4064965.5, 3078763.6 ], [ 4064979.5, 3078793.2 ], [ 4064933.1, 3078816.3 ] ], [ [ 4064308.7, 3078744.0 ], [ 4064290.8, 3078798.5 ], [ 4064251.0, 3078764.3 ], [ 4064261.0, 3078745.8 ], [ 4064291.1, 3078732.1 ], [ 4064308.7, 3078744.0 ] ], [ [ 4062492.5, 3078736.8 ], [ 4062407.6, 3078702.5 ], [ 4062419.4, 3078670.5 ], [ 4062408.4, 3078652.8 ], [ 4062336.2, 3078623.4 ], [ 4062297.9, 3078616.2 ], [ 4062307.8, 3078598.9 ], [ 4062303.8, 3078572.5 ], [ 4062320.9, 3078562.7 ], [ 4062382.8, 3078556.1 ], [ 4062507.7, 3078609.5 ], [ 4062559.8, 3078651.5 ], [ 4062523.3, 3078729.0 ], [ 4062492.5, 3078736.8 ] ], [ [ 4063388.3, 3079051.3 ], [ 4063618.3, 3079146.2 ], [ 4063612.6, 3079162.2 ], [ 4063379.8, 3079068.6 ], [ 4063388.3, 3079051.3 ] ], [ [ 4067549.4, 3078486.1 ], [ 4067584.0, 3078488.0 ], [ 4067580.5, 3078529.0 ], [ 4067546.1, 3078526.3 ], [ 4067533.8, 3078509.3 ], [ 4067549.4, 3078486.1 ] ], [ [ 4066165.1, 3078452.7 ], [ 4066197.7, 3078406.0 ], [ 4066204.3, 3078406.4 ], [ 4066185.4, 3078459.2 ], [ 4066170.9, 3078466.0 ], [ 4066165.1, 3078452.7 ] ], [ [ 4066989.1, 3078435.1 ], [ 4066953.6, 3078403.8 ], [ 4067015.6, 3078369.0 ], [ 4067004.9, 3078414.0 ], [ 4066989.1, 3078435.1 ] ], [ [ 4067911.3, 3078357.7 ], [ 4067894.0, 3078350.1 ], [ 4067734.5, 3078337.2 ], [ 4067742.9, 3078250.6 ], [ 4067780.2, 3078292.9 ], [ 4067888.4, 3078338.7 ], [ 4067939.3, 3078339.0 ], [ 4067957.3, 3078329.1 ], [ 4068035.1, 3078314.7 ], [ 4067994.4, 3078384.6 ], [ 4067965.7, 3078400.3 ], [ 4067947.3, 3078398.2 ], [ 4067911.3, 3078357.7 ] ], [ [ 4065810.1, 3078309.7 ], [ 4065802.1, 3078326.1 ], [ 4065742.0, 3078260.2 ], [ 4065654.8, 3078187.9 ], [ 4065662.5, 3078184.1 ], [ 4065714.1, 3078220.5 ], [ 4065730.8, 3078221.8 ], [ 4065782.5, 3078290.6 ], [ 4065810.1, 3078309.7 ] ], [ [ 4065451.9, 3078170.2 ], [ 4065419.0, 3078200.3 ], [ 4065389.3, 3078165.7 ], [ 4065430.1, 3078143.0 ], [ 4065451.9, 3078170.2 ] ], [ [ 4064890.5, 3078168.7 ], [ 4064854.0, 3078151.6 ], [ 4064813.8, 3078103.7 ], [ 4064800.8, 3078059.1 ], [ 4064811.5, 3078062.3 ], [ 4064871.8, 3078137.4 ], [ 4064890.5, 3078168.7 ] ], [ [ 4065058.3, 3078196.7 ], [ 4065057.0, 3078222.1 ], [ 4065027.0, 3078221.1 ], [ 4064996.5, 3078208.7 ], [ 4064996.8, 3078184.9 ], [ 4065026.9, 3078182.7 ], [ 4065058.3, 3078196.7 ] ], [ [ 4065613.4, 3078387.6 ], [ 4065632.5, 3078450.2 ], [ 4065598.9, 3078452.0 ], [ 4065577.1, 3078403.6 ], [ 4065613.4, 3078387.6 ] ], [ [ 4064874.5, 3078007.1 ], [ 4064930.2, 3078026.1 ], [ 4064964.8, 3078022.9 ], [ 4064955.2, 3078038.0 ], [ 4064938.4, 3078041.2 ], [ 4064842.2, 3078012.1 ], [ 4064874.5, 3078007.1 ] ], [ [ 4065821.0, 3077986.3 ], [ 4065810.7, 3077923.8 ], [ 4065827.0, 3077920.5 ], [ 4065838.2, 3077983.0 ], [ 4065821.0, 3077986.3 ] ], [ [ 4067446.2, 3077931.9 ], [ 4067499.5, 3077897.6 ], [ 4067564.9, 3077871.2 ], [ 4067565.5, 3077878.2 ], [ 4067528.3, 3077903.0 ], [ 4067503.7, 3077909.6 ], [ 4067451.7, 3077950.3 ], [ 4067392.9, 3077949.5 ], [ 4067397.7, 3077939.5 ], [ 4067446.2, 3077931.9 ] ], [ [ 4065635.4, 3077846.7 ], [ 4065631.8, 3077921.2 ], [ 4065594.1, 3077930.9 ], [ 4065624.3, 3077833.8 ], [ 4065635.4, 3077846.7 ] ], [ [ 4065256.6, 3077686.9 ], [ 4065294.2, 3077642.2 ], [ 4065342.4, 3077683.3 ], [ 4065293.7, 3077721.5 ], [ 4065256.6, 3077686.9 ] ], [ [ 4064563.6, 3077627.6 ], [ 4064573.6, 3077679.6 ], [ 4064501.0, 3077674.9 ], [ 4064501.0, 3077649.0 ], [ 4064523.9, 3077635.3 ], [ 4064563.6, 3077627.6 ] ], [ [ 4066332.8, 3077636.0 ], [ 4066324.7, 3077513.8 ], [ 4066312.5, 3077501.6 ], [ 4066288.2, 3077498.9 ], [ 4066338.6, 3077473.0 ], [ 4066346.7, 3077635.8 ], [ 4066332.8, 3077636.0 ] ], [ [ 4064176.4, 3077432.1 ], [ 4064165.4, 3077530.9 ], [ 4064164.5, 3077544.9 ], [ 4064145.2, 3077537.1 ], [ 4064155.7, 3077427.3 ], [ 4064176.4, 3077432.1 ] ], [ [ 4063807.6, 3077503.1 ], [ 4063892.5, 3077545.5 ], [ 4063893.8, 3077557.8 ], [ 4063780.3, 3077573.4 ], [ 4063779.1, 3077526.0 ], [ 4063807.6, 3077503.1 ] ], [ [ 4064356.4, 3077553.0 ], [ 4064350.0, 3077533.1 ], [ 4064389.7, 3077524.5 ], [ 4064392.4, 3077539.2 ], [ 4064356.4, 3077553.0 ] ], [ [ 4065118.0, 3077404.3 ], [ 4065079.9, 3077373.8 ], [ 4065001.4, 3077310.0 ], [ 4065008.4, 3077305.5 ], [ 4065054.7, 3077342.5 ], [ 4065071.3, 3077344.8 ], [ 4065137.1, 3077395.8 ], [ 4065157.1, 3077390.7 ], [ 4065185.1, 3077357.1 ], [ 4065194.3, 3077365.8 ], [ 4065116.7, 3077459.2 ], [ 4065112.3, 3077446.9 ], [ 4065126.2, 3077422.3 ], [ 4065118.0, 3077404.3 ] ], [ [ 4066234.6, 3077378.5 ], [ 4066228.2, 3077307.6 ], [ 4066285.0, 3077305.3 ], [ 4066283.4, 3077375.5 ], [ 4066234.6, 3077378.5 ] ], [ [ 4064549.3, 3077219.7 ], [ 4064546.3, 3077178.0 ], [ 4064685.3, 3077228.0 ], [ 4064674.0, 3077263.1 ], [ 4064549.3, 3077219.7 ] ], [ [ 4066488.8, 3077205.2 ], [ 4066480.2, 3077173.3 ], [ 4066465.4, 3077163.4 ], [ 4066349.9, 3077180.6 ], [ 4066287.0, 3077061.0 ], [ 4066515.1, 3077045.9 ], [ 4066573.3, 3077082.2 ], [ 4066615.4, 3077046.1 ], [ 4066643.6, 3077042.0 ], [ 4066666.8, 3077132.9 ], [ 4066601.9, 3077144.4 ], [ 4066591.1, 3077158.7 ], [ 4066592.0, 3077179.8 ], [ 4066556.7, 3077186.8 ], [ 4066545.2, 3077203.2 ], [ 4066498.7, 3077214.7 ], [ 4066488.8, 3077205.2 ] ], [ [ 4064223.0, 3077135.0 ], [ 4064399.6, 3077195.0 ], [ 4064399.6, 3077209.9 ], [ 4064210.6, 3077144.8 ], [ 4064223.0, 3077135.0 ] ], [ [ 4064360.2, 3077029.3 ], [ 4064325.4, 3077010.5 ], [ 4064345.8, 3076965.7 ], [ 4064381.1, 3076988.9 ], [ 4064360.2, 3077029.3 ] ], [ [ 4066793.6, 3076971.4 ], [ 4066719.9, 3076868.0 ], [ 4066731.2, 3076859.8 ], [ 4066806.7, 3076965.4 ], [ 4066793.6, 3076971.4 ] ], [ [ 4065094.2, 3076799.6 ], [ 4065107.9, 3076778.4 ], [ 4065134.2, 3076729.8 ], [ 4065144.2, 3076755.7 ], [ 4065126.5, 3076785.8 ], [ 4065124.6, 3076831.3 ], [ 4065111.8, 3076844.6 ], [ 4065086.8, 3076845.0 ], [ 4065070.2, 3076825.6 ], [ 4065072.1, 3076813.6 ], [ 4065094.2, 3076799.6 ] ], [ [ 4066317.9, 3076827.0 ], [ 4066224.6, 3076703.3 ], [ 4066234.4, 3076694.5 ], [ 4066342.4, 3076845.3 ], [ 4066317.9, 3076827.0 ] ], [ [ 4066376.6, 3076718.0 ], [ 4066386.7, 3076711.7 ], [ 4066447.9, 3076791.6 ], [ 4066438.2, 3076799.8 ], [ 4066376.6, 3076718.0 ] ], [ [ 4065889.9, 3076540.0 ], [ 4065748.1, 3076714.7 ], [ 4065715.3, 3076690.0 ], [ 4065855.1, 3076512.7 ], [ 4065889.9, 3076540.0 ] ], [ [ 4065489.5, 3076654.2 ], [ 4065450.2, 3076649.3 ], [ 4065456.6, 3076611.5 ], [ 4065447.8, 3076569.7 ], [ 4065516.2, 3076593.6 ], [ 4065495.1, 3076617.5 ], [ 4065489.5, 3076654.2 ] ], [ [ 4064389.6, 3076687.0 ], [ 4064352.0, 3076779.4 ], [ 4064277.2, 3076758.3 ], [ 4064301.7, 3076665.9 ], [ 4064389.6, 3076687.0 ] ], [ [ 4064391.4, 3076327.5 ], [ 4064383.6, 3076323.3 ], [ 4064466.9, 3076016.2 ], [ 4064474.3, 3076016.1 ], [ 4064450.5, 3076125.1 ], [ 4064456.4, 3076142.1 ], [ 4064470.7, 3076149.7 ], [ 4064457.2, 3076214.8 ], [ 4064421.6, 3076231.0 ], [ 4064391.4, 3076327.5 ] ], [ [ 4065549.7, 3076037.2 ], [ 4065544.0, 3076006.0 ], [ 4065599.3, 3076034.7 ], [ 4065623.3, 3076021.1 ], [ 4065632.8, 3075829.0 ], [ 4065649.4, 3075824.7 ], [ 4065640.6, 3075998.8 ], [ 4065633.6, 3076023.8 ], [ 4065610.3, 3076043.5 ], [ 4065612.1, 3076091.5 ], [ 4065443.5, 3076124.7 ], [ 4065431.7, 3076087.7 ], [ 4065536.3, 3076061.5 ], [ 4065549.7, 3076037.2 ] ], [ [ 4065379.9, 3075920.4 ], [ 4065196.0, 3075982.3 ], [ 4065191.6, 3075967.5 ], [ 4065376.2, 3075906.4 ], [ 4065379.9, 3075920.4 ] ], [ [ 4064032.4, 3075690.1 ], [ 4064036.2, 3075677.7 ], [ 4064128.1, 3075707.9 ], [ 4064122.7, 3075720.2 ], [ 4064032.4, 3075690.1 ] ], [ [ 4063313.5, 3075169.6 ], [ 4063340.6, 3075163.4 ], [ 4063363.0, 3075274.6 ], [ 4063376.6, 3075398.4 ], [ 4063469.3, 3075503.5 ], [ 4063392.6, 3075549.1 ], [ 4063313.5, 3075169.6 ] ], [ [ 4064878.8, 3075369.2 ], [ 4064878.5, 3075349.4 ], [ 4064997.6, 3075345.9 ], [ 4065005.5, 3075362.0 ], [ 4064922.7, 3075371.9 ], [ 4064878.8, 3075369.2 ] ], [ [ 4062666.0, 3075376.6 ], [ 4062644.0, 3075373.1 ], [ 4062659.7, 3075284.8 ], [ 4062699.7, 3075178.5 ], [ 4062689.0, 3075083.0 ], [ 4062721.2, 3075074.2 ], [ 4062739.4, 3075181.6 ], [ 4062666.0, 3075376.6 ] ], [ [ 4058393.1, 3075017.4 ], [ 4058423.5, 3075139.8 ], [ 4058477.3, 3075190.7 ], [ 4058470.8, 3075224.1 ], [ 4058485.2, 3075274.7 ], [ 4058469.5, 3075434.4 ], [ 4058477.2, 3075450.8 ], [ 4058462.6, 3075474.4 ], [ 4058432.7, 3075493.9 ], [ 4058387.3, 3075508.2 ], [ 4058314.9, 3075507.7 ], [ 4058245.5, 3075483.8 ], [ 4058163.5, 3075424.9 ], [ 4058106.5, 3075410.7 ], [ 4058122.2, 3075328.6 ], [ 4058215.7, 3075371.9 ], [ 4058240.4, 3075366.1 ], [ 4058297.5, 3075384.5 ], [ 4058341.5, 3075384.5 ], [ 4058372.4, 3075363.7 ], [ 4058376.4, 3075336.9 ], [ 4058367.5, 3075284.1 ], [ 4058387.0, 3075274.1 ], [ 4058389.6, 3075255.7 ], [ 4058377.6, 3075220.0 ], [ 4058332.6, 3075172.3 ], [ 4058320.8, 3075126.1 ], [ 4058285.3, 3075111.3 ], [ 4058297.6, 3075076.7 ], [ 4058294.7, 3075059.4 ], [ 4058269.9, 3075049.4 ], [ 4058207.5, 3075081.7 ], [ 4058210.1, 3075055.2 ], [ 4058202.3, 3075039.5 ], [ 4058264.7, 3075049.3 ], [ 4058281.8, 3075043.3 ], [ 4058288.6, 3075026.5 ], [ 4058280.6, 3074986.6 ], [ 4058307.6, 3074908.4 ], [ 4058342.1, 3074885.7 ], [ 4058359.0, 3074881.3 ], [ 4058359.0, 3074905.9 ], [ 4058386.5, 3074928.2 ], [ 4058382.9, 3074965.0 ], [ 4058392.0, 3074979.8 ], [ 4058393.1, 3075017.4 ] ], [ [ 4060519.7, 3074986.1 ], [ 4060476.8, 3074943.3 ], [ 4060510.3, 3074921.2 ], [ 4060551.1, 3074965.7 ], [ 4060519.7, 3074986.1 ] ], [ [ 4060366.3, 3074954.2 ], [ 4060354.3, 3074963.5 ], [ 4060271.6, 3074719.5 ], [ 4059996.5, 3074429.9 ], [ 4059967.2, 3074216.6 ], [ 4060046.1, 3073743.0 ], [ 4059963.4, 3073456.2 ], [ 4059898.4, 3073114.6 ], [ 4059912.5, 3073115.0 ], [ 4059974.6, 3073452.7 ], [ 4060059.2, 3073746.4 ], [ 4059979.4, 3074220.7 ], [ 4060007.5, 3074420.9 ], [ 4060282.5, 3074712.1 ], [ 4060366.3, 3074954.2 ] ], [ [ 4062231.0, 3074872.7 ], [ 4062105.9, 3074847.6 ], [ 4062125.0, 3074751.0 ], [ 4062238.0, 3074763.3 ], [ 4062231.0, 3074872.7 ] ], [ [ 4063693.7, 3074751.3 ], [ 4063673.6, 3074675.6 ], [ 4063695.2, 3074668.1 ], [ 4063716.2, 3074673.2 ], [ 4063797.0, 3074650.7 ], [ 4063841.3, 3074604.0 ], [ 4063856.8, 3074608.7 ], [ 4063733.9, 3074742.6 ], [ 4063728.2, 3074758.7 ], [ 4063687.4, 3074771.8 ], [ 4063672.3, 3074788.9 ], [ 4063551.1, 3074825.3 ], [ 4063544.2, 3074812.7 ], [ 4063542.1, 3074806.7 ], [ 4063682.6, 3074763.5 ], [ 4063693.7, 3074751.3 ] ], [ [ 4064176.3, 3074700.4 ], [ 4064235.4, 3074691.0 ], [ 4064238.0, 3074725.7 ], [ 4064175.9, 3074744.2 ], [ 4064176.3, 3074700.4 ] ], [ [ 4060590.7, 3074785.5 ], [ 4060562.2, 3074858.8 ], [ 4060555.9, 3074837.3 ], [ 4060541.0, 3074822.4 ], [ 4060590.7, 3074785.5 ] ], [ [ 4062732.1, 3074554.9 ], [ 4062774.4, 3074563.8 ], [ 4062727.2, 3074592.7 ], [ 4062732.1, 3074554.9 ] ], [ [ 4060991.6, 3074480.1 ], [ 4061007.9, 3074467.5 ], [ 4061012.4, 3074486.4 ], [ 4061006.0, 3074534.0 ], [ 4060985.1, 3074531.4 ], [ 4060991.6, 3074480.1 ] ], [ [ 4061291.1, 3074421.9 ], [ 4061886.4, 3074230.9 ], [ 4061892.2, 3074245.0 ], [ 4061298.3, 3074443.4 ], [ 4061291.1, 3074421.9 ] ], [ [ 4063805.5, 3074350.1 ], [ 4063890.3, 3074287.6 ], [ 4063916.4, 3074311.2 ], [ 4063831.5, 3074369.1 ], [ 4063805.5, 3074350.1 ] ], [ [ 4061463.7, 3074134.8 ], [ 4061436.2, 3074078.3 ], [ 4061458.8, 3074068.1 ], [ 4061485.9, 3074125.9 ], [ 4061463.7, 3074134.8 ] ], [ [ 4060757.2, 3074096.6 ], [ 4060735.3, 3074121.6 ], [ 4060700.2, 3074093.3 ], [ 4060721.1, 3074068.6 ], [ 4060757.2, 3074096.6 ] ], [ [ 4062786.4, 3074017.5 ], [ 4062745.7, 3073941.3 ], [ 4062728.3, 3073940.1 ], [ 4062688.0, 3073961.6 ], [ 4062659.5, 3073919.5 ], [ 4062733.9, 3073877.7 ], [ 4062757.3, 3073901.0 ], [ 4062816.4, 3074012.5 ], [ 4062786.4, 3074017.5 ] ], [ [ 4063691.2, 3073960.5 ], [ 4063736.8, 3073904.2 ], [ 4063743.7, 3073904.9 ], [ 4063722.2, 3074004.5 ], [ 4063691.5, 3073978.9 ], [ 4063691.2, 3073960.5 ] ], [ [ 4063555.8, 3073888.8 ], [ 4063547.6, 3073940.3 ], [ 4063488.2, 3073930.5 ], [ 4063495.6, 3073881.6 ], [ 4063555.8, 3073888.8 ] ], [ [ 4063030.0, 3073772.1 ], [ 4063038.3, 3073800.2 ], [ 4063068.0, 3073841.4 ], [ 4063052.7, 3073857.5 ], [ 4063036.7, 3073861.7 ], [ 4063013.5, 3073834.7 ], [ 4063015.5, 3073786.8 ], [ 4063030.0, 3073772.1 ] ], [ [ 4062104.3, 3073538.7 ], [ 4062133.5, 3073534.6 ], [ 4062149.8, 3073588.7 ], [ 4062118.2, 3073593.0 ], [ 4062104.3, 3073538.7 ] ], [ [ 4063404.6, 3073522.1 ], [ 4063529.8, 3073493.1 ], [ 4063532.1, 3073501.7 ], [ 4063406.0, 3073533.0 ], [ 4063404.6, 3073522.1 ] ], [ [ 4062757.7, 3073206.0 ], [ 4062785.0, 3073209.8 ], [ 4062784.3, 3073241.1 ], [ 4062751.5, 3073240.3 ], [ 4062744.0, 3073214.8 ], [ 4062757.7, 3073206.0 ] ], [ [ 4059832.0, 3073603.0 ], [ 4059818.7, 3073594.5 ], [ 4059813.1, 3073548.2 ], [ 4059821.0, 3073541.4 ], [ 4059834.0, 3073544.7 ], [ 4059842.8, 3073589.1 ], [ 4059841.2, 3073600.0 ], [ 4059832.0, 3073603.0 ] ], [ [ 4059708.4, 3074342.0 ], [ 4059694.7, 3074356.0 ], [ 4059628.6, 3074351.1 ], [ 4059628.1, 3074338.3 ], [ 4059706.9, 3074332.4 ], [ 4059708.4, 3074342.0 ] ], [ [ 4058580.1, 3074818.1 ], [ 4058536.7, 3074821.7 ], [ 4058516.3, 3074815.9 ], [ 4058513.1, 3074804.0 ], [ 4058579.0, 3074798.5 ], [ 4058587.7, 3074807.2 ], [ 4058580.1, 3074818.1 ] ], [ [ 4058894.8, 3074954.8 ], [ 4058880.7, 3074950.3 ], [ 4058877.2, 3074900.0 ], [ 4058855.1, 3074882.6 ], [ 4058835.6, 3074847.2 ], [ 4058840.2, 3074840.6 ], [ 4058896.8, 3074897.8 ], [ 4058894.8, 3074954.8 ] ], [ [ 4060540.1, 3075502.3 ], [ 4060545.7, 3075505.3 ], [ 4060437.0, 3075573.8 ], [ 4060418.2, 3075565.7 ], [ 4060540.1, 3075502.3 ] ], [ [ 4059702.9, 3075537.0 ], [ 4059720.5, 3075635.2 ], [ 4059713.0, 3075657.2 ], [ 4059721.3, 3075719.2 ], [ 4059710.6, 3075726.1 ], [ 4059644.6, 3075677.4 ], [ 4059652.4, 3075668.8 ], [ 4059683.1, 3075681.8 ], [ 4059699.0, 3075668.6 ], [ 4059689.0, 3075538.0 ], [ 4059702.9, 3075537.0 ] ], [ [ 4060024.1, 3075666.6 ], [ 4060033.9, 3075662.8 ], [ 4060079.4, 3075749.5 ], [ 4060069.3, 3075755.8 ], [ 4060040.7, 3075712.0 ], [ 4060024.1, 3075666.6 ] ], [ [ 4062827.5, 3075768.0 ], [ 4062964.4, 3075743.1 ], [ 4062966.3, 3075754.4 ], [ 4062941.0, 3075780.2 ], [ 4062875.9, 3075796.4 ], [ 4062847.9, 3075785.0 ], [ 4062826.6, 3075787.1 ], [ 4062827.5, 3075768.0 ] ], [ [ 4062282.6, 3075743.3 ], [ 4062250.3, 3075744.0 ], [ 4062255.9, 3075683.5 ], [ 4062285.5, 3075686.0 ], [ 4062282.6, 3075743.3 ] ], [ [ 4061140.4, 3075636.0 ], [ 4061138.9, 3075588.5 ], [ 4061172.5, 3075594.2 ], [ 4061187.7, 3075644.8 ], [ 4061140.4, 3075636.0 ] ], [ [ 4061982.2, 3075510.2 ], [ 4062013.1, 3075480.0 ], [ 4062065.3, 3075535.3 ], [ 4062031.6, 3075564.5 ], [ 4061982.2, 3075510.2 ] ], [ [ 4061466.7, 3075390.1 ], [ 4061481.5, 3075394.7 ], [ 4061477.8, 3075430.9 ], [ 4061459.6, 3075448.3 ], [ 4061440.2, 3075415.4 ], [ 4061446.8, 3075399.0 ], [ 4061466.7, 3075390.1 ] ], [ [ 4059245.4, 3075128.5 ], [ 4059268.9, 3075110.5 ], [ 4059306.1, 3075235.5 ], [ 4059298.7, 3075237.1 ], [ 4059280.7, 3075201.0 ], [ 4059265.4, 3075193.5 ], [ 4059245.4, 3075128.5 ] ], [ [ 4059016.4, 3075947.4 ], [ 4059056.8, 3075951.0 ], [ 4059077.6, 3076007.2 ], [ 4058995.7, 3075992.9 ], [ 4059016.4, 3075947.4 ] ], [ [ 4062257.2, 3076133.6 ], [ 4062281.8, 3076164.9 ], [ 4062244.2, 3076210.0 ], [ 4062220.5, 3076176.6 ], [ 4062257.2, 3076133.6 ] ], [ [ 4062954.3, 3076148.6 ], [ 4063002.5, 3076152.3 ], [ 4062983.0, 3076229.3 ], [ 4062930.9, 3076206.3 ], [ 4062954.3, 3076148.6 ] ], [ [ 4062945.6, 3076327.5 ], [ 4062985.6, 3076389.3 ], [ 4062911.3, 3076377.5 ], [ 4062911.5, 3076348.2 ], [ 4062945.6, 3076327.5 ] ], [ [ 4063010.0, 3076567.4 ], [ 4062979.2, 3076572.8 ], [ 4062959.1, 3076503.2 ], [ 4062997.2, 3076527.6 ], [ 4063010.0, 3076567.4 ] ], [ [ 4058996.8, 3076234.5 ], [ 4058992.8, 3076247.0 ], [ 4058801.5, 3076225.8 ], [ 4058802.6, 3076213.4 ], [ 4058996.8, 3076234.5 ] ], [ [ 4061728.3, 3076300.9 ], [ 4061719.9, 3076351.8 ], [ 4061691.9, 3076336.5 ], [ 4061691.4, 3076295.6 ], [ 4061728.3, 3076300.9 ] ], [ [ 4058817.7, 3076497.5 ], [ 4058826.5, 3076521.3 ], [ 4058796.6, 3076517.9 ], [ 4058778.2, 3076545.9 ], [ 4058676.7, 3076602.8 ], [ 4058673.8, 3076626.5 ], [ 4058700.8, 3076660.9 ], [ 4058671.8, 3076696.6 ], [ 4058601.2, 3076643.2 ], [ 4058597.4, 3076633.2 ], [ 4058644.9, 3076626.2 ], [ 4058666.4, 3076589.9 ], [ 4058730.0, 3076524.6 ], [ 4058762.4, 3076507.1 ], [ 4058817.7, 3076497.5 ] ], [ [ 4060951.4, 3076685.2 ], [ 4061027.9, 3076620.1 ], [ 4061040.2, 3076628.2 ], [ 4061045.3, 3076638.4 ], [ 4061038.2, 3076655.5 ], [ 4060971.1, 3076709.3 ], [ 4060951.4, 3076685.2 ] ], [ [ 4060115.7, 3076707.9 ], [ 4060141.0, 3076749.6 ], [ 4060070.8, 3076796.2 ], [ 4060074.3, 3076753.6 ], [ 4060107.3, 3076725.6 ], [ 4060115.7, 3076707.9 ] ], [ [ 4058872.0, 3076780.9 ], [ 4058935.2, 3076847.9 ], [ 4058919.7, 3076864.4 ], [ 4058859.2, 3076807.0 ], [ 4058833.7, 3076798.5 ], [ 4058772.0, 3076744.3 ], [ 4058731.7, 3076727.3 ], [ 4058743.5, 3076714.6 ], [ 4058798.0, 3076734.0 ], [ 4058872.0, 3076780.9 ] ], [ [ 4060765.4, 3076942.8 ], [ 4060727.2, 3076966.5 ], [ 4060695.2, 3076908.1 ], [ 4060729.4, 3076886.9 ], [ 4060765.4, 3076942.8 ] ], [ [ 4061355.8, 3076948.0 ], [ 4061373.6, 3076946.5 ], [ 4061377.4, 3077007.4 ], [ 4061360.9, 3077008.8 ], [ 4061355.8, 3076948.0 ] ], [ [ 4059390.0, 3077005.4 ], [ 4059595.0, 3077110.1 ], [ 4059618.6, 3077147.7 ], [ 4059609.9, 3077164.0 ], [ 4059616.7, 3077181.1 ], [ 4059737.8, 3077262.9 ], [ 4059699.1, 3077317.0 ], [ 4059583.6, 3077240.0 ], [ 4059588.3, 3077213.5 ], [ 4059564.9, 3077193.4 ], [ 4059547.0, 3077190.0 ], [ 4059524.0, 3077203.5 ], [ 4059342.4, 3077084.0 ], [ 4059390.0, 3077005.4 ] ], [ [ 4058959.9, 3077071.8 ], [ 4058945.1, 3077091.6 ], [ 4058893.5, 3077050.0 ], [ 4058907.7, 3077032.5 ], [ 4058959.9, 3077071.8 ] ], [ [ 4059461.1, 3077274.0 ], [ 4059350.1, 3077410.1 ], [ 4059317.5, 3077438.2 ], [ 4059303.2, 3077378.2 ], [ 4059259.9, 3077361.3 ], [ 4059263.8, 3077329.9 ], [ 4059250.1, 3077306.7 ], [ 4059201.2, 3077289.1 ], [ 4059290.2, 3077230.1 ], [ 4059336.5, 3077243.1 ], [ 4059365.0, 3077229.5 ], [ 4059383.1, 3077229.9 ], [ 4059461.1, 3077274.0 ] ], [ [ 4061824.1, 3077272.9 ], [ 4061824.6, 3077226.2 ], [ 4061869.4, 3077274.9 ], [ 4061871.0, 3077290.1 ], [ 4061856.4, 3077296.4 ], [ 4061824.1, 3077272.9 ] ], [ [ 4060252.9, 3077227.7 ], [ 4060226.0, 3077270.7 ], [ 4060145.6, 3077216.9 ], [ 4060173.4, 3077188.0 ], [ 4060216.9, 3077204.4 ], [ 4060252.9, 3077227.7 ] ], [ [ 4062223.8, 3077199.2 ], [ 4062190.5, 3077174.5 ], [ 4062259.9, 3077101.5 ], [ 4062279.0, 3077057.2 ], [ 4062296.2, 3077062.4 ], [ 4062307.2, 3077081.7 ], [ 4062285.0, 3077106.7 ], [ 4062241.4, 3077134.3 ], [ 4062226.7, 3077160.8 ], [ 4062223.8, 3077199.2 ] ], [ [ 4061258.5, 3077590.6 ], [ 4061296.9, 3077619.0 ], [ 4061281.0, 3077638.5 ], [ 4061241.6, 3077607.8 ], [ 4061258.5, 3077590.6 ] ], [ [ 4061495.7, 3077666.5 ], [ 4061558.5, 3077618.2 ], [ 4061571.4, 3077635.9 ], [ 4061522.1, 3077672.3 ], [ 4061505.4, 3077679.0 ], [ 4061495.7, 3077666.5 ] ], [ [ 4060479.1, 3077737.7 ], [ 4060505.1, 3077756.9 ], [ 4060497.3, 3077775.9 ], [ 4060500.8, 3077790.5 ], [ 4060560.1, 3077823.4 ], [ 4060553.0, 3077835.9 ], [ 4060533.4, 3077837.7 ], [ 4060509.5, 3077826.0 ], [ 4060503.7, 3077806.5 ], [ 4060467.2, 3077785.8 ], [ 4060456.5, 3077767.2 ], [ 4060461.6, 3077753.4 ], [ 4060479.1, 3077737.7 ] ], [ [ 4061714.6, 3078045.6 ], [ 4061718.6, 3078091.3 ], [ 4061770.4, 3078157.8 ], [ 4061755.9, 3078234.7 ], [ 4061761.6, 3078258.3 ], [ 4061695.3, 3078295.8 ], [ 4061687.6, 3078317.6 ], [ 4061770.2, 3078457.2 ], [ 4061709.0, 3078524.1 ], [ 4061660.6, 3078510.5 ], [ 4061600.4, 3078459.6 ], [ 4061528.1, 3078414.9 ], [ 4061449.2, 3078341.2 ], [ 4061374.3, 3078295.8 ], [ 4061430.7, 3078198.9 ], [ 4061412.9, 3077969.1 ], [ 4061615.1, 3077914.8 ], [ 4061650.0, 3077939.7 ], [ 4061637.0, 3077975.3 ], [ 4061641.3, 3077993.0 ], [ 4061714.6, 3078045.6 ] ], [ [ 4060547.2, 3077946.6 ], [ 4060573.5, 3077963.0 ], [ 4060570.4, 3077980.8 ], [ 4060559.6, 3077979.7 ], [ 4060518.8, 3077941.7 ], [ 4060547.2, 3077946.6 ] ], [ [ 4061222.5, 3078002.1 ], [ 4061256.0, 3077947.2 ], [ 4061314.0, 3077964.3 ], [ 4061299.7, 3077994.6 ], [ 4061259.7, 3078038.1 ], [ 4061222.5, 3078002.1 ] ], [ [ 4061891.1, 3078566.1 ], [ 4061875.1, 3078608.6 ], [ 4061828.6, 3078569.8 ], [ 4061819.0, 3078536.7 ], [ 4061891.1, 3078566.1 ] ], [ [ 4060903.9, 3079011.0 ], [ 4060994.9, 3079077.1 ], [ 4060920.2, 3079208.6 ], [ 4060819.3, 3079137.7 ], [ 4060819.7, 3079119.2 ], [ 4060803.5, 3079101.9 ], [ 4060815.3, 3079060.8 ], [ 4060831.7, 3079052.2 ], [ 4060848.5, 3079021.2 ], [ 4060877.3, 3079033.3 ], [ 4060903.9, 3079011.0 ] ], [ [ 4058327.5, 3075694.5 ], [ 4058237.3, 3075751.3 ], [ 4058232.6, 3075735.1 ], [ 4058321.1, 3075682.7 ], [ 4058327.5, 3075694.5 ] ], [ [ 4061463.1, 3072668.5 ], [ 4061539.0, 3072658.6 ], [ 4061554.5, 3072759.9 ], [ 4061476.7, 3072765.7 ], [ 4061463.1, 3072668.5 ] ], [ [ 4063421.1, 3072695.4 ], [ 4063453.9, 3072625.4 ], [ 4063506.1, 3072654.8 ], [ 4063470.0, 3072727.0 ], [ 4063421.1, 3072695.4 ] ], [ [ 4060733.8, 3072638.0 ], [ 4060701.2, 3072624.4 ], [ 4060698.1, 3072605.0 ], [ 4060737.5, 3072615.5 ], [ 4060744.6, 3072627.9 ], [ 4060733.8, 3072638.0 ] ], [ [ 4061816.6, 3072247.5 ], [ 4061892.9, 3072157.1 ], [ 4061926.4, 3072180.6 ], [ 4061833.1, 3072294.6 ], [ 4061827.8, 3072287.6 ], [ 4061832.1, 3072267.5 ], [ 4061816.6, 3072247.5 ] ], [ [ 4059722.9, 3072013.8 ], [ 4059802.1, 3072088.2 ], [ 4059805.5, 3072106.4 ], [ 4059783.1, 3072099.7 ], [ 4059714.6, 3072037.2 ], [ 4059713.1, 3072022.0 ], [ 4059722.9, 3072013.8 ] ], [ [ 4060589.4, 3072032.2 ], [ 4060688.9, 3071951.6 ], [ 4060709.8, 3071975.2 ], [ 4060614.6, 3072055.8 ], [ 4060589.4, 3072032.2 ] ], [ [ 4062027.9, 3071695.8 ], [ 4062026.8, 3071644.5 ], [ 4062093.6, 3071647.4 ], [ 4062122.6, 3071702.5 ], [ 4062075.5, 3071691.2 ], [ 4062048.9, 3071704.1 ], [ 4062027.9, 3071695.8 ] ], [ [ 4061789.3, 3071676.2 ], [ 4061675.8, 3071689.5 ], [ 4061671.5, 3071625.2 ], [ 4061765.3, 3071634.0 ], [ 4061789.3, 3071676.2 ] ], [ [ 4062618.0, 3071539.6 ], [ 4062607.0, 3071500.4 ], [ 4062583.5, 3071460.6 ], [ 4062591.1, 3071437.6 ], [ 4062607.5, 3071428.8 ], [ 4062635.6, 3071435.5 ], [ 4062655.9, 3071496.4 ], [ 4062653.6, 3071541.8 ], [ 4062618.0, 3071539.6 ] ], [ [ 4060371.5, 3071044.0 ], [ 4060382.6, 3071043.7 ], [ 4060385.7, 3071143.9 ], [ 4060397.1, 3071151.9 ], [ 4060469.2, 3071162.9 ], [ 4060456.0, 3071169.7 ], [ 4060369.2, 3071157.9 ], [ 4060371.5, 3071044.0 ] ], [ [ 4062158.9, 3070989.6 ], [ 4062169.1, 3070952.3 ], [ 4062188.2, 3070956.4 ], [ 4062197.4, 3070969.5 ], [ 4062196.0, 3070984.3 ], [ 4062158.9, 3070989.6 ] ], [ [ 4062274.6, 3070112.0 ], [ 4062269.4, 3070226.5 ], [ 4062200.9, 3070226.5 ], [ 4062208.3, 3070167.4 ], [ 4062217.8, 3070147.1 ], [ 4062247.3, 3070121.4 ], [ 4062274.6, 3070112.0 ] ], [ [ 4062210.1, 3069664.0 ], [ 4062302.8, 3069558.4 ], [ 4062319.5, 3069575.1 ], [ 4062297.9, 3069601.9 ], [ 4062304.8, 3069659.0 ], [ 4062289.8, 3069678.9 ], [ 4062252.2, 3069667.6 ], [ 4062236.9, 3069679.7 ], [ 4062231.0, 3069704.7 ], [ 4062209.4, 3069693.1 ], [ 4062210.1, 3069664.0 ] ], [ [ 4062182.7, 3069183.6 ], [ 4062202.1, 3069187.5 ], [ 4062221.9, 3069214.0 ], [ 4062216.3, 3069316.8 ], [ 4062183.1, 3069329.1 ], [ 4062191.1, 3069226.8 ], [ 4062182.7, 3069183.6 ] ] ] } },
{ "type": "Feature", "properties": { "id": "forest_61209", "state": "Nordrhein-Westfalen", "area_ha": 5952.33, "unfragmented": true, "image": "forest_61209.webp", "real_width_m": 10829.6, "real_height_m": 9878.0, "pixel_width": 1082, "pixel_height": 987, "centroid_x": 4220998.1, "centroid_y": 3106738.7 }, "geometry": { "type": "Polygon", "coordinates": [ [ [ 4221733.2, 3111921.6 ], [ 4221919.7, 3111823.1 ], [ 4221944.6, 3111825.4 ], [ 4221987.9, 3111785.6 ], [ 4221991.3, 3111768.7 ], [ 4221974.0, 3111736.9 ], [ 4221973.9, 3111715.2 ], [ 4221959.1, 3111704.6 ], [ 4221788.7, 3111676.3 ], [ 4221802.4, 3111635.3 ], [ 4221849.3, 3111636.4 ], [ 4221957.6, 3111657.4 ], [ 4222088.0, 3111649.5 ], [ 4222097.0, 3111627.9 ], [ 4222126.2, 3111620.0 ], [ 4222166.3, 3111583.2 ], [ 4222171.0, 3111569.4 ], [ 4222140.6, 3111532.8 ], [ 4222036.4, 3111473.2 ], [ 4222074.4, 3111445.1 ], [ 4222168.8, 3111525.9 ], [ 4222177.7, 3111538.5 ], [ 4222176.4, 3111565.0 ], [ 4222217.1, 3111608.2 ], [ 4222242.1, 3111611.4 ], [ 4222261.7, 3111595.8 ], [ 4222266.9, 3111571.6 ], [ 4222215.8, 3111517.1 ], [ 4222212.2, 3111492.7 ], [ 4222235.1, 3111470.7 ], [ 4222331.5, 3111441.3 ], [ 4222332.4, 3111358.6 ], [ 4222420.5, 3111337.6 ], [ 4222448.7, 3111222.0 ], [ 4222601.4, 3111228.5 ], [ 4222608.0, 3111361.7 ], [ 4222626.2, 3111372.6 ], [ 4222691.6, 3111371.5 ], [ 4222688.5, 3111457.1 ], [ 4222615.1, 3111480.7 ], [ 4222603.9, 3111493.9 ], [ 4222605.7, 3111511.1 ], [ 4222636.2, 3111561.2 ], [ 4222660.2, 3111561.7 ], [ 4222676.6, 3111539.6 ], [ 4222708.2, 3111517.2 ], [ 4222818.1, 3111485.9 ], [ 4223004.3, 3111500.5 ], [ 4223035.1, 3111520.0 ], [ 4223071.3, 3111522.9 ], [ 4223161.9, 3111578.8 ], [ 4223358.3, 3111739.5 ], [ 4223578.1, 3111873.8 ], [ 4223590.3, 3111892.0 ], [ 4223622.4, 3111902.2 ], [ 4223640.9, 3111884.3 ], [ 4223726.7, 3111914.6 ], [ 4223772.6, 3111918.2 ], [ 4223795.9, 3111904.3 ], [ 4223828.3, 3111841.5 ], [ 4223815.9, 3111768.2 ], [ 4223882.9, 3111715.0 ], [ 4223889.2, 3111698.5 ], [ 4223871.3, 3111670.4 ], [ 4223846.1, 3111652.3 ], [ 4223829.3, 3111655.5 ], [ 4223805.7, 3111676.9 ], [ 4223803.0, 3111584.9 ], [ 4223814.3, 3111548.4 ], [ 4223737.6, 3111441.8 ], [ 4223762.6, 3111430.0 ], [ 4223766.9, 3111408.7 ], [ 4223729.1, 3111357.9 ], [ 4223669.3, 3111250.3 ], [ 4223670.8, 3111189.7 ], [ 4223696.1, 3111125.7 ], [ 4223698.7, 3111094.9 ], [ 4223785.3, 3111104.0 ], [ 4223792.1, 3111124.7 ], [ 4223906.7, 3111199.4 ], [ 4224002.7, 3111253.3 ], [ 4224078.5, 3111283.4 ], [ 4224120.1, 3111269.7 ], [ 4224126.0, 3111252.1 ], [ 4224116.9, 3111236.2 ], [ 4224197.2, 3111271.7 ], [ 4224236.4, 3111277.5 ], [ 4224247.2, 3111263.2 ], [ 4224245.6, 3111248.8 ], [ 4224182.2, 3111178.8 ], [ 4224283.8, 3111197.9 ], [ 4224300.2, 3111191.0 ], [ 4224305.6, 3111170.7 ], [ 4224294.8, 3111156.7 ], [ 4224239.1, 3111133.5 ], [ 4224269.5, 3111099.3 ], [ 4224268.1, 3111085.0 ], [ 4224254.7, 3111073.3 ], [ 4224148.7, 3111059.7 ], [ 4224132.5, 3111072.8 ], [ 4224133.1, 3111092.6 ], [ 4224044.9, 3111074.0 ], [ 4224006.6, 3111061.0 ], [ 4223876.9, 3110991.3 ], [ 4223677.1, 3110922.4 ], [ 4223656.5, 3110928.8 ], [ 4223597.1, 3110995.0 ], [ 4223474.6, 3110987.3 ], [ 4223435.2, 3111082.2 ], [ 4223377.0, 3110944.7 ], [ 4223363.3, 3110932.2 ], [ 4223318.4, 3110939.3 ], [ 4223158.6, 3110992.4 ], [ 4223151.9, 3110944.0 ], [ 4223136.0, 3110929.3 ], [ 4223050.0, 3110945.0 ], [ 4223026.4, 3110927.0 ], [ 4222943.0, 3110929.2 ], [ 4222894.3, 3110907.6 ], [ 4222843.5, 3110908.2 ], [ 4222802.7, 3110880.5 ], [ 4222845.7, 3110868.3 ], [ 4222880.6, 3110887.4 ], [ 4222904.4, 3110877.6 ], [ 4222908.0, 3110860.9 ], [ 4222890.7, 3110774.0 ], [ 4222871.9, 3110723.8 ], [ 4222841.6, 3110716.9 ], [ 4222830.4, 3110697.7 ], [ 4222839.6, 3110682.1 ], [ 4222834.0, 3110665.0 ], [ 4222726.7, 3110612.0 ], [ 4222768.9, 3110574.3 ], [ 4222866.8, 3110601.5 ], [ 4222913.5, 3110562.6 ], [ 4222912.3, 3110533.1 ], [ 4222854.8, 3110444.6 ], [ 4222853.7, 3110329.2 ], [ 4222870.0, 3110307.2 ], [ 4222900.8, 3110283.1 ], [ 4223095.5, 3110250.5 ], [ 4223108.6, 3110237.9 ], [ 4223110.9, 3110212.0 ], [ 4223202.3, 3110205.1 ], [ 4223235.3, 3110220.1 ], [ 4223315.7, 3110217.3 ], [ 4223335.6, 3110197.1 ], [ 4223358.3, 3110205.1 ], [ 4223407.0, 3110194.5 ], [ 4223420.8, 3110179.0 ], [ 4223422.1, 3110161.6 ], [ 4223407.5, 3110144.6 ], [ 4223401.4, 3110116.2 ], [ 4223297.5, 3110058.9 ], [ 4223214.1, 3109986.8 ], [ 4223129.4, 3109898.5 ], [ 4223068.8, 3109852.7 ], [ 4222986.7, 3109817.5 ], [ 4222867.3, 3109801.2 ], [ 4222808.9, 3109741.9 ], [ 4222755.7, 3109702.5 ], [ 4222741.3, 3109701.5 ], [ 4222678.3, 3109730.4 ], [ 4222531.8, 3109841.6 ], [ 4222507.4, 3109815.5 ], [ 4222593.5, 3109755.3 ], [ 4222661.2, 3109690.7 ], [ 4222699.0, 3109672.3 ], [ 4222706.0, 3109653.7 ], [ 4222697.1, 3109632.6 ], [ 4222681.1, 3109616.7 ], [ 4222599.5, 3109571.7 ], [ 4222299.8, 3109458.0 ], [ 4222184.3, 3109422.5 ], [ 4222163.2, 3109427.0 ], [ 4222154.0, 3109453.0 ], [ 4222037.8, 3109580.9 ], [ 4221964.9, 3109627.5 ], [ 4221796.7, 3109843.4 ], [ 4221770.2, 3109848.7 ], [ 4221742.7, 3109891.7 ], [ 4221679.9, 3109852.7 ], [ 4221701.4, 3109815.6 ], [ 4221724.9, 3109810.8 ], [ 4221779.2, 3109773.0 ], [ 4221877.1, 3109642.2 ], [ 4221970.5, 3109536.0 ], [ 4222003.0, 3109465.2 ], [ 4222023.6, 3109463.7 ], [ 4222040.6, 3109448.7 ], [ 4222038.8, 3109421.1 ], [ 4221852.1, 3109353.6 ], [ 4221761.6, 3109352.6 ], [ 4221450.2, 3109545.8 ], [ 4221396.5, 3109630.9 ], [ 4221380.1, 3109640.0 ], [ 4221366.5, 3109602.1 ], [ 4221341.1, 3109594.6 ], [ 4221337.9, 3109581.5 ], [ 4221391.2, 3109495.4 ], [ 4221424.4, 3109484.4 ], [ 4221535.4, 3109406.2 ], [ 4221575.7, 3109422.2 ], [ 4221630.4, 3109395.6 ], [ 4221690.6, 3109337.7 ], [ 4221692.5, 3109322.9 ], [ 4221679.9, 3109300.9 ], [ 4221647.6, 3109277.4 ], [ 4221597.5, 3109267.2 ], [ 4221482.7, 3109215.3 ], [ 4221361.3, 3109146.4 ], [ 4221128.0, 3109054.0 ], [ 4220946.1, 3109010.4 ], [ 4220869.3, 3109005.7 ], [ 4220795.2, 3109035.8 ], [ 4220747.0, 3109106.0 ], [ 4220709.9, 3109181.1 ], [ 4220693.9, 3109279.4 ], [ 4220699.6, 3109328.9 ], [ 4220716.5, 3109344.6 ], [ 4220722.2, 3109472.2 ], [ 4220699.9, 3109569.0 ], [ 4220707.6, 3109637.6 ], [ 4220699.5, 3109714.8 ], [ 4220679.8, 3109800.6 ], [ 4220622.9, 3109812.1 ], [ 4220626.2, 3109767.8 ], [ 4220676.0, 3109662.4 ], [ 4220664.4, 3109588.6 ], [ 4220665.7, 3109508.5 ], [ 4220684.5, 3109441.2 ], [ 4220678.6, 3109400.7 ], [ 4220687.2, 3109361.5 ], [ 4220672.3, 3109345.5 ], [ 4220638.7, 3109345.9 ], [ 4220547.9, 3109370.4 ], [ 4220520.6, 3109350.6 ], [ 4220497.0, 3109356.0 ], [ 4220486.1, 3109349.4 ], [ 4220484.8, 3109329.1 ], [ 4220495.5, 3109315.1 ], [ 4220556.6, 3109305.3 ], [ 4220570.2, 3109328.5 ], [ 4220582.5, 3109334.5 ], [ 4220637.1, 3109325.2 ], [ 4220650.7, 3109316.1 ], [ 4220685.5, 3109129.8 ], [ 4220729.0, 3109019.2 ], [ 4220770.4, 3108975.7 ], [ 4220774.2, 3108961.6 ], [ 4220762.3, 3108943.8 ], [ 4220671.4, 3108901.9 ], [ 4220565.5, 3108890.2 ], [ 4220592.1, 3108852.7 ], [ 4220652.7, 3108855.5 ], [ 4220713.7, 3108868.7 ], [ 4220932.8, 3108954.4 ], [ 4220959.5, 3108973.6 ], [ 4221052.5, 3108980.3 ], [ 4221082.0, 3108973.6 ], [ 4221109.1, 3108990.2 ], [ 4221141.9, 3108991.2 ], [ 4221223.8, 3109026.3 ], [ 4221295.4, 3109036.5 ], [ 4221338.2, 3109060.6 ], [ 4221357.1, 3109059.2 ], [ 4221413.5, 3109090.4 ], [ 4221511.1, 3109124.3 ], [ 4221528.8, 3109147.1 ], [ 4221595.1, 3109169.5 ], [ 4221594.7, 3109187.5 ], [ 4221607.5, 3109200.0 ], [ 4221685.4, 3109208.9 ], [ 4221736.1, 3109232.4 ], [ 4221814.3, 3109224.9 ], [ 4222016.8, 3109315.5 ], [ 4222049.6, 3109326.4 ], [ 4222101.7, 3109326.7 ], [ 4222148.4, 3109338.3 ], [ 4222165.8, 3109331.8 ], [ 4222179.9, 3109299.4 ], [ 4222196.3, 3109279.5 ], [ 4222216.8, 3109268.2 ], [ 4222368.8, 3109269.4 ], [ 4222424.6, 3109259.2 ], [ 4222549.7, 3109205.9 ], [ 4222605.1, 3109191.9 ], [ 4222843.3, 3109178.6 ], [ 4223014.0, 3109179.0 ], [ 4223071.8, 3109158.9 ], [ 4223135.0, 3109107.7 ], [ 4223154.6, 3109080.4 ], [ 4223154.0, 3109039.0 ], [ 4223124.2, 3108995.7 ], [ 4223016.8, 3108906.2 ], [ 4222901.9, 3108829.5 ], [ 4222883.7, 3108830.3 ], [ 4222839.1, 3108863.0 ], [ 4222684.4, 3108890.3 ], [ 4222610.8, 3108826.9 ], [ 4222590.4, 3108832.3 ], [ 4222566.9, 3108862.9 ], [ 4222525.7, 3108842.9 ], [ 4222511.2, 3108846.0 ], [ 4222501.0, 3108858.6 ], [ 4222444.4, 3108832.6 ], [ 4222419.4, 3108843.3 ], [ 4222376.2, 3108833.2 ], [ 4222375.1, 3108819.0 ], [ 4222362.2, 3108807.0 ], [ 4222336.7, 3108815.5 ], [ 4222308.8, 3108804.1 ], [ 4222311.1, 3108774.1 ], [ 4222279.7, 3108755.3 ], [ 4222259.2, 3108757.7 ], [ 4222246.6, 3108776.5 ], [ 4222052.5, 3108554.0 ], [ 4222037.2, 3108545.9 ], [ 4221854.7, 3108561.4 ], [ 4221845.1, 3108583.4 ], [ 4221882.3, 3108691.6 ], [ 4221719.1, 3108746.0 ], [ 4221680.1, 3108619.1 ], [ 4221609.1, 3108611.0 ], [ 4221501.7, 3108578.0 ], [ 4221471.0, 3108575.9 ], [ 4221490.8, 3108479.6 ], [ 4221566.9, 3108478.5 ], [ 4221576.2, 3108464.0 ], [ 4221577.0, 3108415.9 ], [ 4221591.1, 3108415.4 ], [ 4221606.5, 3108428.9 ], [ 4221641.4, 3108427.2 ], [ 4221688.9, 3108449.9 ], [ 4221707.2, 3108446.1 ], [ 4221718.1, 3108432.6 ], [ 4221725.8, 3108367.7 ], [ 4221817.6, 3108335.4 ], [ 4221826.0, 3108319.4 ], [ 4221822.6, 3108284.8 ], [ 4221850.0, 3108279.9 ], [ 4221910.5, 3108316.7 ], [ 4221920.3, 3108353.9 ], [ 4221969.1, 3108361.1 ], [ 4221981.7, 3108349.5 ], [ 4221983.5, 3108334.5 ], [ 4222339.5, 3108138.9 ], [ 4222446.7, 3108102.7 ], [ 4222517.5, 3108089.5 ], [ 4222552.1, 3108006.3 ], [ 4222636.4, 3108041.1 ], [ 4222654.8, 3108040.3 ], [ 4222693.0, 3107964.9 ], [ 4222693.2, 3107947.7 ], [ 4222681.0, 3107935.7 ], [ 4222590.2, 3107899.3 ], [ 4222598.3, 3107876.3 ], [ 4222838.1, 3107964.4 ], [ 4222812.2, 3108016.6 ], [ 4222839.6, 3108050.5 ], [ 4222788.5, 3108148.6 ], [ 4222810.0, 3108184.6 ], [ 4222837.3, 3108181.7 ], [ 4222875.2, 3108213.9 ], [ 4222847.4, 3108257.0 ], [ 4222881.0, 3108351.6 ], [ 4222869.6, 3108403.8 ], [ 4222874.8, 3108420.6 ], [ 4222894.3, 3108428.0 ], [ 4222954.2, 3108410.1 ], [ 4223045.4, 3108360.1 ], [ 4223129.8, 3108247.0 ], [ 4223173.2, 3108069.9 ], [ 4223188.6, 3108024.0 ], [ 4223211.0, 3107993.9 ], [ 4223194.6, 3107904.1 ], [ 4223223.3, 3107765.4 ], [ 4223257.9, 3107655.7 ], [ 4223259.3, 3107570.4 ], [ 4223299.9, 3107534.5 ], [ 4223296.3, 3107487.8 ], [ 4223348.5, 3107336.4 ], [ 4223409.1, 3107257.0 ], [ 4223570.7, 3107080.6 ], [ 4223570.7, 3107055.5 ], [ 4223557.7, 3107043.2 ], [ 4223531.9, 3107051.9 ], [ 4223493.1, 3107035.6 ], [ 4223401.3, 3107040.5 ], [ 4223274.6, 3107011.6 ], [ 4223270.6, 3106995.3 ], [ 4223283.6, 3106980.4 ], [ 4223374.7, 3107007.7 ], [ 4223485.1, 3107004.5 ], [ 4223595.5, 3106942.7 ], [ 4223619.7, 3106884.3 ], [ 4223662.5, 3106884.4 ], [ 4223679.0, 3106871.8 ], [ 4223675.1, 3106847.0 ], [ 4223639.5, 3106826.3 ], [ 4223648.6, 3106790.6 ], [ 4223668.8, 3106760.4 ], [ 4223712.9, 3106779.9 ], [ 4223694.7, 3106823.9 ], [ 4223698.3, 3107016.1 ], [ 4223680.4, 3107126.1 ], [ 4223670.8, 3107145.1 ], [ 4223437.6, 3107307.4 ], [ 4223351.7, 3107500.2 ], [ 4223300.1, 3107700.7 ], [ 4223238.6, 3107868.0 ], [ 4223239.7, 3108144.1 ], [ 4223221.2, 3108194.2 ], [ 4223168.1, 3108278.3 ], [ 4223073.3, 3108402.9 ], [ 4223074.0, 3108422.9 ], [ 4223108.8, 3108468.4 ], [ 4223032.8, 3108563.6 ], [ 4222955.0, 3108629.9 ], [ 4222956.2, 3108648.2 ], [ 4223007.0, 3108726.5 ], [ 4222914.2, 3108813.0 ], [ 4222920.7, 3108835.9 ], [ 4223018.8, 3108902.6 ], [ 4223128.8, 3108994.4 ], [ 4223159.3, 3109040.4 ], [ 4223161.2, 3109078.0 ], [ 4223138.0, 3109110.8 ], [ 4223074.0, 3109162.6 ], [ 4223017.8, 3109182.7 ], [ 4222842.7, 3109182.7 ], [ 4222605.5, 3109196.0 ], [ 4222551.1, 3109209.7 ], [ 4222427.2, 3109262.8 ], [ 4222370.7, 3109273.5 ], [ 4222217.0, 3109272.9 ], [ 4222182.2, 3109303.6 ], [ 4222173.9, 3109329.1 ], [ 4222178.8, 3109345.1 ], [ 4222234.7, 3109374.4 ], [ 4222270.3, 3109372.1 ], [ 4222310.4, 3109348.3 ], [ 4222473.0, 3109390.0 ], [ 4222489.6, 3109383.5 ], [ 4222496.2, 3109367.5 ], [ 4222575.0, 3109403.4 ], [ 4222596.2, 3109388.7 ], [ 4222638.7, 3109377.8 ], [ 4222644.2, 3109357.4 ], [ 4222629.9, 3109337.7 ], [ 4222854.6, 3109368.5 ], [ 4222990.9, 3109372.2 ], [ 4223175.1, 3109341.8 ], [ 4223214.6, 3109344.5 ], [ 4223220.5, 3109366.2 ], [ 4223263.4, 3109390.8 ], [ 4223212.5, 3109429.2 ], [ 4223213.5, 3109450.5 ], [ 4223232.1, 3109461.0 ], [ 4223270.4, 3109449.3 ], [ 4223296.9, 3109451.9 ], [ 4223391.3, 3109416.1 ], [ 4223451.3, 3109405.2 ], [ 4223536.9, 3109368.8 ], [ 4223635.8, 3109231.0 ], [ 4223645.0, 3109195.4 ], [ 4223642.4, 3109134.8 ], [ 4223706.2, 3108996.3 ], [ 4223700.5, 3108972.8 ], [ 4223669.3, 3108962.0 ], [ 4223668.7, 3108911.2 ], [ 4223731.9, 3108923.8 ], [ 4223748.6, 3108916.9 ], [ 4223769.4, 3108894.5 ], [ 4223800.9, 3108824.8 ], [ 4223795.7, 3108799.6 ], [ 4223820.7, 3108807.5 ], [ 4223837.8, 3108802.0 ], [ 4223863.7, 3108734.8 ], [ 4223912.0, 3108665.0 ], [ 4223990.5, 3108599.1 ], [ 4224049.5, 3108534.2 ], [ 4224110.5, 3108497.1 ], [ 4224268.2, 3108445.5 ], [ 4224281.4, 3108433.6 ], [ 4224279.8, 3108412.6 ], [ 4224253.6, 3108390.8 ], [ 4224094.2, 3108301.7 ], [ 4224072.2, 3108243.2 ], [ 4224092.8, 3108221.4 ], [ 4224277.7, 3108350.7 ], [ 4224343.7, 3108407.1 ], [ 4224380.4, 3108420.0 ], [ 4224785.9, 3108427.2 ], [ 4224835.1, 3108434.9 ], [ 4224961.6, 3108475.0 ], [ 4225007.2, 3108476.3 ], [ 4225050.8, 3108391.3 ], [ 4225249.3, 3108111.5 ], [ 4225259.6, 3108076.8 ], [ 4225258.4, 3108032.4 ], [ 4225223.6, 3107932.8 ], [ 4225223.1, 3107796.8 ], [ 4225242.6, 3107720.1 ], [ 4225307.3, 3107558.4 ], [ 4225332.6, 3107460.6 ], [ 4225331.1, 3107150.8 ], [ 4225361.1, 3107060.3 ], [ 4225326.6, 3106893.4 ], [ 4225354.8, 3106739.8 ], [ 4225526.5, 3106462.9 ], [ 4225605.7, 3106195.0 ], [ 4225633.5, 3106162.3 ], [ 4225762.2, 3106096.7 ], [ 4225801.6, 3106063.9 ], [ 4225832.2, 3106007.0 ], [ 4225834.4, 3105890.9 ], [ 4225848.2, 3105866.2 ], [ 4225946.9, 3105800.7 ], [ 4226057.3, 3105665.1 ], [ 4226052.6, 3105641.2 ], [ 4226025.6, 3105632.0 ], [ 4225961.1, 3105699.6 ], [ 4225919.5, 3105671.8 ], [ 4225864.0, 3105659.9 ], [ 4225844.7, 3105646.6 ], [ 4225812.6, 3105597.4 ], [ 4225900.5, 3105520.9 ], [ 4225987.5, 3105491.6 ], [ 4226071.6, 3105449.2 ], [ 4226071.7, 3105431.5 ], [ 4226040.5, 3105373.1 ], [ 4226034.3, 3105322.2 ], [ 4226055.3, 3105289.1 ], [ 4226155.8, 3105227.7 ], [ 4226178.9, 3105193.1 ], [ 4226249.4, 3104683.2 ], [ 4226347.3, 3104437.2 ], [ 4226689.8, 3104113.3 ], [ 4226728.4, 3104062.2 ], [ 4226732.3, 3104044.3 ], [ 4226717.8, 3104028.2 ], [ 4226696.6, 3104032.3 ], [ 4226672.1, 3104061.3 ], [ 4226647.7, 3104038.5 ], [ 4226650.0, 3103979.7 ], [ 4226686.1, 3103919.1 ], [ 4226722.5, 3103920.1 ], [ 4226750.3, 3103898.8 ], [ 4226792.5, 3103932.7 ], [ 4226818.9, 3103935.7 ], [ 4226904.3, 3103827.1 ], [ 4226898.8, 3103799.8 ], [ 4226855.9, 3103781.6 ], [ 4226844.4, 3103672.4 ], [ 4226856.3, 3103655.4 ], [ 4226851.4, 3103598.5 ], [ 4226836.3, 3103588.4 ], [ 4226812.6, 3103588.7 ], [ 4226678.6, 3103480.3 ], [ 4226674.5, 3103459.5 ], [ 4226719.0, 3103402.1 ], [ 4226723.2, 3103384.1 ], [ 4226658.3, 3103326.2 ], [ 4226661.0, 3103311.6 ], [ 4226653.8, 3103298.5 ], [ 4226586.9, 3103270.7 ], [ 4226581.3, 3103252.9 ], [ 4226568.5, 3103245.0 ], [ 4226493.6, 3103238.3 ], [ 4226415.3, 3103253.2 ], [ 4226398.0, 3103237.4 ], [ 4226448.0, 3103218.7 ], [ 4226467.3, 3103223.2 ], [ 4226497.7, 3103216.1 ], [ 4226504.6, 3103199.4 ], [ 4226495.6, 3103167.4 ], [ 4226476.6, 3103151.0 ], [ 4226432.3, 3103161.4 ], [ 4226280.4, 3103253.2 ], [ 4226133.3, 3103327.3 ], [ 4226082.2, 3103361.1 ], [ 4226042.4, 3103401.4 ], [ 4225934.6, 3103423.1 ], [ 4225786.7, 3103520.3 ], [ 4225779.3, 3103533.2 ], [ 4225778.5, 3103589.6 ], [ 4225724.5, 3103840.6 ], [ 4225734.2, 3103903.6 ], [ 4225801.0, 3104043.7 ], [ 4226005.0, 3104285.8 ], [ 4225976.7, 3104376.4 ], [ 4225979.9, 3104432.0 ], [ 4226048.4, 3104553.1 ], [ 4226117.9, 3104636.9 ], [ 4226122.8, 3104677.3 ], [ 4226113.7, 3104719.1 ], [ 4226085.2, 3104770.8 ], [ 4225991.4, 3104845.8 ], [ 4225986.4, 3104871.0 ], [ 4226007.8, 3104900.1 ], [ 4225974.1, 3104967.4 ], [ 4225841.1, 3105072.2 ], [ 4225832.2, 3105090.4 ], [ 4225773.4, 3105142.3 ], [ 4225748.3, 3105150.4 ], [ 4225704.2, 3105226.2 ], [ 4225682.0, 3105224.0 ], [ 4225667.7, 3105233.0 ], [ 4225666.5, 3105264.2 ], [ 4225473.2, 3105425.7 ], [ 4225410.1, 3105457.0 ], [ 4225294.2, 3105491.0 ], [ 4225089.6, 3105502.7 ], [ 4224952.7, 3105485.1 ], [ 4224948.5, 3105464.3 ], [ 4224932.5, 3105456.5 ], [ 4224909.8, 3105461.9 ], [ 4224900.3, 3105478.7 ], [ 4224823.4, 3105478.7 ], [ 4224720.1, 3105493.6 ], [ 4224705.7, 3105508.6 ], [ 4224691.7, 3105635.7 ], [ 4224663.6, 3105664.3 ], [ 4224631.9, 3105666.9 ], [ 4224655.3, 3105620.7 ], [ 4224668.2, 3105560.5 ], [ 4224670.4, 3105501.4 ], [ 4224597.9, 3105467.6 ], [ 4224531.8, 3105460.1 ], [ 4224513.5, 3105442.1 ], [ 4224482.4, 3105435.0 ], [ 4224475.4, 3105426.3 ], [ 4224479.1, 3105416.9 ], [ 4224514.8, 3105405.0 ], [ 4224578.6, 3105410.3 ], [ 4224681.9, 3105436.7 ], [ 4224779.5, 3105439.9 ], [ 4224971.1, 3105406.9 ], [ 4224983.5, 3105426.4 ], [ 4225001.0, 3105431.6 ], [ 4225032.9, 3105426.8 ], [ 4225050.8, 3105415.8 ], [ 4225081.8, 3105418.1 ], [ 4225187.7, 3105381.3 ], [ 4225201.5, 3105366.6 ], [ 4225114.1, 3105121.9 ], [ 4225152.8, 3105094.3 ], [ 4225155.9, 3105073.5 ], [ 4225133.4, 3105051.6 ], [ 4225091.6, 3105064.5 ], [ 4225078.4, 3105027.2 ], [ 4225175.6, 3104961.2 ], [ 4225184.5, 3104947.7 ], [ 4225164.1, 3104710.1 ], [ 4225231.2, 3104648.0 ], [ 4225302.6, 3104513.9 ], [ 4225444.4, 3104353.9 ], [ 4225469.2, 3104317.4 ], [ 4225505.4, 3104224.4 ], [ 4225480.7, 3104129.1 ], [ 4225515.2, 3104051.1 ], [ 4225479.1, 3103986.7 ], [ 4225438.0, 3103948.7 ], [ 4225422.3, 3103920.6 ], [ 4225392.3, 3103738.4 ], [ 4225424.5, 3103689.4 ], [ 4225414.9, 3103658.3 ], [ 4225407.1, 3103569.9 ], [ 4225367.6, 3103523.7 ], [ 4225387.4, 3103441.5 ], [ 4225569.1, 3103517.5 ], [ 4225572.4, 3103599.9 ], [ 4225548.8, 3103630.3 ], [ 4225542.0, 3103714.7 ], [ 4225552.4, 3103737.9 ], [ 4225546.8, 3103766.2 ], [ 4225565.5, 3103817.2 ], [ 4225544.2, 3103874.4 ], [ 4225545.7, 3103956.4 ], [ 4225597.4, 3104106.2 ], [ 4225667.3, 3104229.9 ], [ 4225678.7, 3104263.1 ], [ 4225629.4, 3104373.0 ], [ 4225604.5, 3104543.6 ], [ 4225599.5, 3104665.5 ], [ 4225612.4, 3104976.8 ], [ 4225622.1, 3104995.0 ], [ 4225644.2, 3104998.2 ], [ 4225644.1, 3105045.3 ], [ 4225549.8, 3105111.0 ], [ 4225550.4, 3105184.4 ], [ 4225559.9, 3105217.5 ], [ 4225613.1, 3105225.9 ], [ 4225626.8, 3105221.1 ], [ 4225634.9, 3105201.3 ], [ 4225618.6, 3105174.0 ], [ 4225622.1, 3105166.3 ], [ 4225642.3, 3105153.3 ], [ 4225646.5, 3105132.2 ], [ 4225700.5, 3105100.0 ], [ 4225722.2, 3105071.4 ], [ 4225739.4, 3105023.1 ], [ 4225823.1, 3104975.3 ], [ 4225881.1, 3104953.4 ], [ 4225907.6, 3104928.7 ], [ 4225947.6, 3104845.0 ], [ 4225935.7, 3104796.3 ], [ 4225946.1, 3104756.6 ], [ 4226005.3, 3104706.3 ], [ 4226036.1, 3104707.2 ], [ 4226054.7, 3104679.6 ], [ 4226050.7, 3104657.5 ], [ 4226030.4, 3104632.8 ], [ 4225981.1, 3104630.4 ], [ 4225954.4, 3104592.6 ], [ 4225891.7, 3104437.4 ], [ 4225899.6, 3104380.3 ], [ 4225920.5, 3104343.7 ], [ 4225918.9, 3104316.0 ], [ 4225898.9, 3104280.4 ], [ 4225822.4, 3104199.8 ], [ 4225787.6, 3104139.3 ], [ 4225746.2, 3104098.5 ], [ 4225719.9, 3104100.9 ], [ 4225663.8, 3103960.3 ], [ 4225637.3, 3103860.4 ], [ 4225713.7, 3103543.2 ], [ 4225708.2, 3103522.8 ], [ 4225733.1, 3103474.7 ], [ 4225730.5, 3103455.2 ], [ 4225740.9, 3103428.9 ], [ 4225773.0, 3103391.3 ], [ 4225800.7, 3103393.2 ], [ 4225918.3, 3103295.5 ], [ 4225963.0, 3103277.8 ], [ 4225970.9, 3103251.6 ], [ 4225944.3, 3103212.1 ], [ 4225901.2, 3103207.2 ], [ 4225885.9, 3103217.1 ], [ 4225883.3, 3103235.2 ], [ 4225802.8, 3103279.7 ], [ 4225683.9, 3103211.1 ], [ 4225666.7, 3103222.5 ], [ 4225657.8, 3103267.5 ], [ 4225523.2, 3103160.9 ], [ 4225520.9, 3103126.9 ], [ 4225500.4, 3103071.9 ], [ 4225558.4, 3102987.4 ], [ 4225552.6, 3102957.5 ], [ 4225562.0, 3102927.1 ], [ 4225641.3, 3102906.8 ], [ 4225673.6, 3102924.6 ], [ 4225707.0, 3102908.7 ], [ 4225711.7, 3102884.0 ], [ 4225656.1, 3102797.8 ], [ 4225666.9, 3102784.2 ], [ 4225762.2, 3102753.1 ], [ 4225773.2, 3102739.9 ], [ 4225760.6, 3102694.9 ], [ 4225699.4, 3102610.4 ], [ 4225671.1, 3102588.0 ], [ 4225671.4, 3102550.7 ], [ 4225683.0, 3102527.9 ], [ 4225749.7, 3102558.4 ], [ 4225781.6, 3102549.0 ], [ 4225790.7, 3102533.1 ], [ 4225781.7, 3102513.3 ], [ 4225703.1, 3102473.0 ], [ 4225715.4, 3102422.9 ], [ 4225703.1, 3102401.5 ], [ 4225681.6, 3102402.8 ], [ 4225644.1, 3102437.1 ], [ 4225557.9, 3102573.6 ], [ 4225501.7, 3102736.2 ], [ 4225482.8, 3102822.6 ], [ 4225471.8, 3102839.1 ], [ 4225406.5, 3102887.6 ], [ 4225356.6, 3102909.0 ], [ 4225343.2, 3102906.0 ], [ 4225293.3, 3102919.5 ], [ 4225145.2, 3103031.4 ], [ 4225137.1, 3103042.4 ], [ 4225135.9, 3103067.4 ], [ 4225064.3, 3103174.2 ], [ 4225065.2, 3103191.8 ], [ 4225093.6, 3103223.6 ], [ 4225095.1, 3103253.5 ], [ 4225062.7, 3103320.2 ], [ 4225064.3, 3103347.2 ], [ 4225051.8, 3103361.1 ], [ 4225045.9, 3103404.1 ], [ 4225106.4, 3103520.8 ], [ 4225114.4, 3103554.3 ], [ 4225075.5, 3103615.7 ], [ 4225039.5, 3103829.9 ], [ 4225011.9, 3103913.6 ], [ 4225016.7, 3103926.4 ], [ 4225068.9, 3103972.5 ], [ 4225223.9, 3104145.5 ], [ 4225219.3, 3104152.3 ], [ 4225190.7, 3104154.7 ], [ 4225130.1, 3104115.9 ], [ 4225104.7, 3104124.2 ], [ 4225101.5, 3104145.7 ], [ 4225148.5, 3104276.5 ], [ 4225139.3, 3104290.2 ], [ 4225119.5, 3104286.9 ], [ 4225106.8, 3104268.3 ], [ 4225063.2, 3104051.2 ], [ 4224986.4, 3103952.6 ], [ 4224960.6, 3103949.5 ], [ 4224932.8, 3103971.8 ], [ 4224846.1, 3104076.1 ], [ 4224804.9, 3104185.5 ], [ 4224757.4, 3104270.8 ], [ 4224769.1, 3104307.0 ], [ 4224848.1, 3104372.5 ], [ 4224886.8, 3104442.6 ], [ 4224861.4, 3104461.6 ], [ 4224833.9, 3104415.3 ], [ 4224787.5, 3104379.4 ], [ 4224742.7, 3104324.4 ], [ 4224715.9, 3104318.1 ], [ 4224552.1, 3104475.9 ], [ 4224518.0, 3104469.9 ], [ 4224453.8, 3104509.1 ], [ 4224374.8, 3104541.2 ], [ 4224359.7, 3104565.8 ], [ 4224294.8, 3104628.5 ], [ 4224256.1, 3104737.7 ], [ 4224242.5, 3104757.7 ], [ 4224120.6, 3104826.5 ], [ 4224061.3, 3104849.2 ], [ 4224010.1, 3104883.7 ], [ 4223987.2, 3104888.9 ], [ 4223910.7, 3104872.2 ], [ 4223852.4, 3104887.6 ], [ 4223806.5, 3104931.6 ], [ 4223741.0, 3105031.2 ], [ 4223657.5, 3105123.6 ], [ 4223622.6, 3105142.2 ], [ 4223674.4, 3105007.4 ], [ 4223699.6, 3104980.4 ], [ 4223736.7, 3104958.1 ], [ 4223740.7, 3104940.0 ], [ 4223734.3, 3104927.5 ], [ 4223668.4, 3104918.6 ], [ 4223536.6, 3104856.6 ], [ 4223470.6, 3104844.7 ], [ 4223374.9, 3104811.6 ], [ 4223313.1, 3104809.5 ], [ 4223201.5, 3104788.3 ], [ 4223187.6, 3104766.3 ], [ 4223202.3, 3104693.2 ], [ 4223421.6, 3104737.1 ], [ 4223437.0, 3104756.1 ], [ 4223657.5, 3104813.4 ], [ 4223706.5, 3104836.3 ], [ 4223806.1, 3104858.0 ], [ 4223890.6, 3104833.5 ], [ 4223921.7, 3104795.4 ], [ 4223976.5, 3104790.6 ], [ 4224049.4, 3104767.0 ], [ 4224059.6, 3104751.5 ], [ 4224056.3, 3104728.6 ], [ 4224129.6, 3104662.2 ], [ 4224188.4, 3104561.4 ], [ 4224264.9, 3104492.9 ], [ 4224294.8, 3104521.3 ], [ 4224317.8, 3104519.4 ], [ 4224354.5, 3104481.3 ], [ 4224364.4, 3104431.6 ], [ 4224450.6, 3104369.0 ], [ 4224516.0, 3104295.6 ], [ 4224581.1, 3104245.1 ], [ 4224582.1, 3104221.7 ], [ 4224557.7, 3104198.7 ], [ 4224485.2, 3104175.3 ], [ 4224499.1, 3104157.0 ], [ 4224546.4, 3104122.4 ], [ 4224570.6, 3104143.0 ], [ 4224646.6, 3104127.5 ], [ 4224750.0, 3104049.2 ], [ 4224797.3, 3103933.5 ], [ 4224829.1, 3103880.8 ], [ 4224884.4, 3103816.5 ], [ 4224871.9, 3103771.5 ], [ 4224884.9, 3103685.6 ], [ 4224876.2, 3103665.6 ], [ 4224854.4, 3103662.6 ], [ 4224801.0, 3103695.4 ], [ 4224816.1, 3103781.3 ], [ 4224806.3, 3103839.6 ], [ 4224783.4, 3103852.4 ], [ 4224719.6, 3103850.6 ], [ 4224702.3, 3103861.4 ], [ 4224659.0, 3103864.3 ], [ 4224632.7, 3103849.0 ], [ 4224508.1, 3103848.7 ], [ 4224488.0, 3103860.7 ], [ 4224384.5, 3103864.9 ], [ 4224323.8, 3103885.6 ], [ 4224272.6, 3103889.5 ], [ 4224026.0, 3103861.5 ], [ 4224008.3, 3103873.2 ], [ 4224003.4, 3103897.4 ], [ 4223754.5, 3103852.6 ], [ 4223507.2, 3103766.9 ], [ 4223427.0, 3103813.6 ], [ 4223341.7, 3103821.4 ], [ 4223209.7, 3103751.7 ], [ 4223203.4, 3103730.5 ], [ 4223211.3, 3103708.4 ], [ 4223255.1, 3103728.7 ], [ 4223321.8, 3103730.8 ], [ 4223334.3, 3103713.6 ], [ 4223323.9, 3103691.9 ], [ 4223333.4, 3103658.7 ], [ 4223359.3, 3103600.3 ], [ 4223393.4, 3103634.7 ], [ 4223410.5, 3103632.6 ], [ 4223426.8, 3103618.3 ], [ 4223422.5, 3103590.9 ], [ 4223370.4, 3103534.6 ], [ 4223335.8, 3103486.4 ], [ 4223331.8, 3103467.0 ], [ 4223312.7, 3103458.0 ], [ 4223083.1, 3103553.7 ], [ 4223077.2, 3103591.2 ], [ 4223103.9, 3103616.7 ], [ 4223054.5, 3103667.7 ], [ 4223016.0, 3103652.2 ], [ 4223048.3, 3103584.9 ], [ 4223043.5, 3103568.0 ], [ 4223031.4, 3103560.5 ], [ 4222863.3, 3103577.4 ], [ 4222729.9, 3103579.4 ], [ 4222672.3, 3103783.9 ], [ 4222683.5, 3103853.6 ], [ 4222658.7, 3103932.1 ], [ 4222634.1, 3103929.9 ], [ 4222654.1, 3103884.5 ], [ 4222639.3, 3103861.5 ], [ 4222593.4, 3103862.2 ], [ 4222579.1, 3103881.0 ], [ 4222534.4, 3103880.7 ], [ 4222535.5, 3103788.1 ], [ 4222619.8, 3103811.5 ], [ 4222642.0, 3103802.2 ], [ 4222646.4, 3103735.1 ], [ 4222682.8, 3103599.4 ], [ 4222673.1, 3103587.8 ], [ 4222644.9, 3103577.5 ], [ 4222577.4, 3103603.5 ], [ 4222545.5, 3103592.1 ], [ 4222420.7, 3103664.0 ], [ 4222336.8, 3103695.5 ], [ 4222269.5, 3103750.9 ], [ 4222231.5, 3103762.1 ], [ 4222185.9, 3103800.5 ], [ 4222173.3, 3103830.8 ], [ 4222115.2, 3103855.7 ], [ 4222066.6, 3103928.4 ], [ 4222070.0, 3103962.4 ], [ 4222095.1, 3104005.6 ], [ 4222037.8, 3104011.2 ], [ 4222029.1, 3103988.0 ], [ 4222008.9, 3103982.9 ], [ 4221872.8, 3104059.4 ], [ 4221852.0, 3104079.5 ], [ 4221821.4, 3104132.8 ], [ 4221579.9, 3104313.9 ], [ 4221512.8, 3104417.4 ], [ 4221461.5, 3104458.1 ], [ 4221461.6, 3104518.1 ], [ 4221416.6, 3104541.5 ], [ 4221412.1, 3104504.3 ], [ 4221387.8, 3104494.1 ], [ 4221317.4, 3104526.0 ], [ 4221059.5, 3104598.7 ], [ 4220907.7, 3104672.0 ], [ 4220768.3, 3104691.5 ], [ 4220724.3, 3104716.0 ], [ 4220631.2, 3104798.5 ], [ 4220625.6, 3104799.7 ], [ 4220634.6, 3104733.5 ], [ 4220627.4, 3104721.1 ], [ 4220610.4, 3104716.0 ], [ 4220486.4, 3104753.6 ], [ 4220434.9, 3104789.5 ], [ 4220384.9, 3104800.7 ], [ 4220338.0, 3104832.1 ], [ 4220245.1, 3104846.6 ], [ 4220230.0, 3104860.9 ], [ 4220145.5, 3104856.4 ], [ 4220061.3, 3104833.4 ], [ 4220012.9, 3104866.5 ], [ 4219997.6, 3104886.0 ], [ 4219963.1, 3105017.5 ], [ 4219871.0, 3105050.3 ], [ 4219867.6, 3105022.3 ], [ 4219956.9, 3104888.5 ], [ 4219987.6, 3104806.1 ], [ 4220013.3, 3104793.3 ], [ 4220011.9, 3104771.4 ], [ 4219867.0, 3104716.3 ], [ 4219669.9, 3104608.9 ], [ 4219603.7, 3104535.6 ], [ 4219511.4, 3104497.7 ], [ 4219416.1, 3104515.0 ], [ 4219391.4, 3104533.6 ], [ 4219352.7, 3104543.0 ], [ 4219331.7, 3104555.3 ], [ 4219274.9, 3104616.9 ], [ 4219264.9, 3104610.8 ], [ 4219244.0, 3104555.7 ], [ 4219340.9, 3104516.5 ], [ 4219352.9, 3104503.6 ], [ 4219351.3, 3104484.2 ], [ 4219366.1, 3104452.7 ], [ 4219359.7, 3104417.2 ], [ 4219341.3, 3104387.5 ], [ 4219311.8, 3104363.1 ], [ 4219373.1, 3104303.1 ], [ 4219486.7, 3104413.3 ], [ 4219481.0, 3104447.4 ], [ 4219490.0, 3104462.5 ], [ 4219523.2, 3104460.4 ], [ 4219624.1, 3104480.8 ], [ 4219647.9, 3104529.6 ], [ 4219692.4, 3104570.5 ], [ 4219765.7, 3104601.6 ], [ 4219853.8, 3104670.1 ], [ 4219874.8, 3104669.6 ], [ 4220037.3, 3104724.5 ], [ 4220124.3, 3104784.0 ], [ 4220229.0, 3104773.9 ], [ 4220300.6, 3104748.9 ], [ 4220396.5, 3104727.6 ], [ 4220526.5, 3104674.9 ], [ 4220552.1, 3104672.5 ], [ 4220573.7, 3104683.4 ], [ 4220649.1, 3104666.3 ], [ 4220710.4, 3104613.0 ], [ 4220758.1, 3104608.1 ], [ 4220799.8, 3104592.4 ], [ 4220916.5, 3104587.7 ], [ 4221002.8, 3104538.7 ], [ 4221004.0, 3104515.0 ], [ 4220949.7, 3104433.4 ], [ 4221084.2, 3104341.2 ], [ 4221093.8, 3104322.6 ], [ 4221027.0, 3104224.6 ], [ 4220990.7, 3104192.7 ], [ 4221011.3, 3104173.2 ], [ 4220999.9, 3104144.2 ], [ 4221105.8, 3104003.7 ], [ 4221175.5, 3104021.6 ], [ 4221225.8, 3104044.9 ], [ 4221257.0, 3104077.6 ], [ 4221273.3, 3104082.0 ], [ 4221301.4, 3104072.7 ], [ 4221310.5, 3104057.2 ], [ 4221398.2, 3103982.0 ], [ 4221404.5, 3103980.9 ], [ 4221408.0, 3103996.4 ], [ 4221433.3, 3104026.7 ], [ 4221520.9, 3104022.3 ], [ 4221609.2, 3103963.8 ], [ 4221628.4, 3103876.6 ], [ 4221616.5, 3103862.5 ], [ 4221579.5, 3103851.2 ], [ 4221540.3, 3103862.4 ], [ 4221527.1, 3103875.1 ], [ 4221506.2, 3103872.8 ], [ 4221496.3, 3103846.9 ], [ 4221484.6, 3103838.7 ], [ 4221309.8, 3103817.8 ], [ 4221262.3, 3103818.6 ], [ 4221212.1, 3103835.0 ], [ 4221152.1, 3103866.6 ], [ 4221104.8, 3103862.2 ], [ 4221209.2, 3103799.5 ], [ 4221219.5, 3103784.9 ], [ 4221213.0, 3103764.7 ], [ 4221129.4, 3103707.8 ], [ 4221138.0, 3103694.8 ], [ 4221281.8, 3103742.4 ], [ 4221456.7, 3103750.3 ], [ 4221475.7, 3103770.8 ], [ 4221579.7, 3103785.1 ], [ 4221599.6, 3103771.0 ], [ 4221850.9, 3103823.2 ], [ 4221869.1, 3103802.3 ], [ 4221852.2, 3103753.3 ], [ 4221839.7, 3103747.1 ], [ 4221770.5, 3103748.5 ], [ 4221765.7, 3103729.2 ], [ 4221902.7, 3103697.3 ], [ 4221943.6, 3103762.8 ], [ 4221979.2, 3103771.6 ], [ 4222153.0, 3103622.8 ], [ 4222167.9, 3103630.5 ], [ 4222182.4, 3103627.5 ], [ 4222268.7, 3103560.0 ], [ 4222289.3, 3103595.8 ], [ 4222308.7, 3103601.4 ], [ 4222464.8, 3103549.5 ], [ 4222612.5, 3103519.0 ], [ 4222627.1, 3103496.1 ], [ 4222731.1, 3103471.6 ], [ 4222792.4, 3103441.5 ], [ 4222801.4, 3103428.0 ], [ 4222802.2, 3103400.4 ], [ 4222780.5, 3103388.6 ], [ 4222643.3, 3103419.7 ], [ 4222597.9, 3103369.1 ], [ 4222594.3, 3103347.8 ], [ 4222562.7, 3103334.6 ], [ 4222447.2, 3103374.7 ], [ 4222433.6, 3103407.7 ], [ 4222394.3, 3103451.2 ], [ 4222302.8, 3103511.2 ], [ 4222273.2, 3103437.5 ], [ 4222251.5, 3103426.7 ], [ 4222150.6, 3103473.9 ], [ 4222136.9, 3103457.4 ], [ 4222119.1, 3103457.1 ], [ 4221970.3, 3103529.7 ], [ 4221949.1, 3103483.8 ], [ 4221926.1, 3103477.6 ], [ 4221810.1, 3103536.5 ], [ 4221794.5, 3103554.2 ], [ 4221742.6, 3103584.3 ], [ 4221716.4, 3103534.8 ], [ 4221758.5, 3103514.1 ], [ 4221766.4, 3103490.5 ], [ 4221714.0, 3103438.4 ], [ 4221697.3, 3103439.7 ], [ 4221581.5, 3103498.7 ], [ 4221553.2, 3103470.0 ], [ 4221507.0, 3103476.7 ], [ 4221490.2, 3103468.8 ], [ 4221408.3, 3103468.1 ], [ 4221356.5, 3103451.9 ], [ 4221358.4, 3103433.8 ], [ 4221406.8, 3103432.3 ], [ 4221486.0, 3103444.0 ], [ 4221522.0, 3103440.0 ], [ 4221533.9, 3103427.6 ], [ 4221535.2, 3103400.7 ], [ 4221517.4, 3103379.7 ], [ 4221404.5, 3103383.6 ], [ 4221193.9, 3103374.1 ], [ 4221057.5, 3103391.0 ], [ 4221027.2, 3103399.7 ], [ 4221015.5, 3103413.2 ], [ 4221019.9, 3103433.9 ], [ 4221048.2, 3103451.7 ], [ 4221046.6, 3103476.6 ], [ 4221022.6, 3103517.9 ], [ 4220989.2, 3103495.1 ], [ 4220965.3, 3103503.2 ], [ 4220964.8, 3103559.3 ], [ 4220929.0, 3103639.7 ], [ 4220877.4, 3103690.3 ], [ 4220761.5, 3103587.8 ], [ 4220785.4, 3103572.9 ], [ 4220840.2, 3103512.0 ], [ 4220843.3, 3103488.4 ], [ 4220794.4, 3103448.5 ], [ 4220770.8, 3103446.6 ], [ 4220643.9, 3103359.0 ], [ 4220666.8, 3103314.5 ], [ 4220744.7, 3103360.0 ], [ 4220757.4, 3103355.0 ], [ 4220772.3, 3103333.8 ], [ 4220800.5, 3103338.9 ], [ 4220823.5, 3103309.4 ], [ 4220960.6, 3103372.4 ], [ 4220990.7, 3103344.0 ], [ 4220994.8, 3103326.5 ], [ 4220987.5, 3103314.0 ], [ 4220937.8, 3103283.9 ], [ 4221064.0, 3103265.1 ], [ 4221134.3, 3103304.9 ], [ 4221165.3, 3103309.0 ], [ 4221196.2, 3103326.3 ], [ 4221215.4, 3103321.6 ], [ 4221368.3, 3103347.4 ], [ 4221447.6, 3103344.0 ], [ 4221454.6, 3103360.8 ], [ 4221471.9, 3103366.6 ], [ 4221775.7, 3103285.7 ], [ 4221786.3, 3103295.0 ], [ 4221803.8, 3103294.7 ], [ 4221861.8, 3103257.7 ], [ 4221865.1, 3103243.5 ], [ 4221852.7, 3103226.0 ], [ 4221852.6, 3103204.2 ], [ 4221833.6, 3103193.2 ], [ 4221792.2, 3103196.8 ], [ 4221757.5, 3103210.9 ], [ 4221706.6, 3103210.5 ], [ 4221669.5, 3103205.3 ], [ 4221657.6, 3103185.7 ], [ 4221610.4, 3103170.1 ], [ 4221568.7, 3103178.7 ], [ 4221547.0, 3103167.1 ], [ 4221498.4, 3103180.3 ], [ 4221489.3, 3103164.1 ], [ 4221476.7, 3103158.7 ], [ 4221355.4, 3103196.8 ], [ 4221331.1, 3103189.6 ], [ 4221342.3, 3103138.9 ], [ 4221325.5, 3103122.1 ], [ 4221322.1, 3103100.5 ], [ 4221312.5, 3103090.2 ], [ 4221098.6, 3103035.8 ], [ 4220876.7, 3102964.8 ], [ 4220781.8, 3102899.8 ], [ 4220734.3, 3102811.4 ], [ 4220693.9, 3102796.7 ], [ 4220638.7, 3102711.5 ], [ 4220620.9, 3102707.0 ], [ 4220607.7, 3102714.9 ], [ 4220535.1, 3102678.7 ], [ 4220522.0, 3102682.6 ], [ 4220475.0, 3102727.3 ], [ 4220423.0, 3102820.4 ], [ 4220416.5, 3102894.1 ], [ 4220455.5, 3103002.1 ], [ 4220459.5, 3103041.2 ], [ 4220447.8, 3103104.7 ], [ 4220423.4, 3103133.1 ], [ 4220395.2, 3103150.4 ], [ 4220379.1, 3103118.9 ], [ 4220407.3, 3103085.8 ], [ 4220414.5, 3103010.8 ], [ 4220383.9, 3102959.3 ], [ 4220371.9, 3102913.9 ], [ 4220380.7, 3102852.7 ], [ 4220407.1, 3102767.9 ], [ 4220491.3, 3102635.9 ], [ 4220545.5, 3102592.9 ], [ 4220544.8, 3102568.0 ], [ 4220532.5, 3102559.7 ], [ 4220479.7, 3102555.2 ], [ 4220138.3, 3102484.4 ], [ 4219970.9, 3102471.4 ], [ 4219897.4, 3102489.4 ], [ 4219838.3, 3102529.6 ], [ 4219828.8, 3102588.4 ], [ 4219795.1, 3102638.8 ], [ 4219787.5, 3102634.8 ], [ 4219799.2, 3102557.1 ], [ 4219786.6, 3102539.9 ], [ 4219595.7, 3102514.0 ], [ 4219457.4, 3102476.2 ], [ 4219434.9, 3102484.8 ], [ 4219391.2, 3102524.6 ], [ 4219309.6, 3102558.6 ], [ 4219250.4, 3102594.1 ], [ 4219229.5, 3102590.9 ], [ 4219201.7, 3102612.0 ], [ 4219143.6, 3102637.1 ], [ 4219024.8, 3102673.0 ], [ 4218981.5, 3102752.4 ], [ 4218967.8, 3102729.3 ], [ 4219009.4, 3102646.1 ], [ 4219122.5, 3102579.5 ], [ 4219153.9, 3102545.5 ], [ 4219155.2, 3102521.2 ], [ 4219132.7, 3102507.4 ], [ 4219041.1, 3102543.2 ], [ 4218881.7, 3102548.5 ], [ 4218856.9, 3102557.1 ], [ 4218820.0, 3102613.5 ], [ 4218799.0, 3102625.1 ], [ 4218544.2, 3102678.4 ], [ 4218530.0, 3102691.2 ], [ 4218394.2, 3102701.4 ], [ 4218307.9, 3102721.8 ], [ 4218239.8, 3102723.9 ], [ 4218202.3, 3102750.5 ], [ 4218188.1, 3102838.5 ], [ 4218112.2, 3102921.7 ], [ 4218068.4, 3102888.8 ], [ 4218116.5, 3102819.2 ], [ 4218221.6, 3102695.9 ], [ 4218270.7, 3102669.2 ], [ 4218529.7, 3102636.0 ], [ 4218543.9, 3102624.0 ], [ 4218543.8, 3102605.5 ], [ 4218525.8, 3102592.9 ], [ 4218322.7, 3102578.1 ], [ 4218127.5, 3102580.8 ], [ 4218040.8, 3102587.2 ], [ 4217990.1, 3102599.6 ], [ 4217962.7, 3102618.6 ], [ 4217962.6, 3102682.3 ], [ 4217832.6, 3102683.2 ], [ 4217817.6, 3102705.2 ], [ 4217833.1, 3102747.7 ], [ 4217754.9, 3102765.9 ], [ 4217741.2, 3102775.8 ], [ 4217745.6, 3102821.6 ], [ 4217722.9, 3102836.8 ], [ 4217723.4, 3102858.3 ], [ 4217828.5, 3102939.8 ], [ 4217885.7, 3103007.5 ], [ 4217849.9, 3103040.2 ], [ 4217857.8, 3103076.8 ], [ 4217778.1, 3103097.9 ], [ 4217734.3, 3103134.6 ], [ 4217713.3, 3103130.8 ], [ 4217675.7, 3103148.8 ], [ 4217667.2, 3103213.8 ], [ 4217609.7, 3103296.2 ], [ 4217602.7, 3103274.0 ], [ 4217609.7, 3103202.4 ], [ 4217648.7, 3103119.6 ], [ 4217635.6, 3103059.4 ], [ 4217603.1, 3103013.1 ], [ 4217566.6, 3103011.8 ], [ 4217380.4, 3102947.4 ], [ 4217336.3, 3102939.2 ], [ 4217367.6, 3102816.5 ], [ 4217358.6, 3102796.9 ], [ 4217273.4, 3102792.5 ], [ 4217265.6, 3102770.2 ], [ 4217224.6, 3102760.0 ], [ 4217141.7, 3102700.3 ], [ 4217088.0, 3102682.0 ], [ 4217091.4, 3102666.1 ], [ 4217082.3, 3102650.9 ], [ 4216934.8, 3102571.4 ], [ 4216821.6, 3102486.8 ], [ 4216804.3, 3102487.4 ], [ 4216789.7, 3102503.3 ], [ 4216771.0, 3102500.1 ], [ 4216687.3, 3102455.2 ], [ 4216629.9, 3102471.8 ], [ 4216608.1, 3102496.9 ], [ 4216598.4, 3102558.5 ], [ 4216633.8, 3102728.6 ], [ 4216647.0, 3102740.0 ], [ 4216666.9, 3102738.8 ], [ 4216667.3, 3102780.0 ], [ 4216674.8, 3102794.1 ], [ 4216763.0, 3102801.0 ], [ 4216791.0, 3102830.0 ], [ 4216798.3, 3102851.0 ], [ 4216776.1, 3102852.0 ], [ 4216733.4, 3102881.6 ], [ 4216692.6, 3103002.7 ], [ 4216654.4, 3102982.8 ], [ 4216642.0, 3102989.6 ], [ 4216611.6, 3103036.3 ], [ 4216580.7, 3103020.7 ], [ 4216561.7, 3103030.1 ], [ 4216513.3, 3103147.3 ], [ 4216493.5, 3103258.8 ], [ 4216590.8, 3103323.2 ], [ 4216825.6, 3103408.5 ], [ 4216994.6, 3103486.9 ], [ 4217180.9, 3103498.0 ], [ 4217202.7, 3103507.3 ], [ 4217111.0, 3103546.9 ], [ 4217061.4, 3103593.7 ], [ 4217025.0, 3103568.6 ], [ 4217024.4, 3103554.7 ], [ 4217012.5, 3103542.3 ], [ 4216833.8, 3103493.7 ], [ 4216838.3, 3103467.7 ], [ 4216827.0, 3103453.2 ], [ 4216803.8, 3103446.9 ], [ 4216790.5, 3103451.9 ], [ 4216769.0, 3103497.5 ], [ 4216709.3, 3103480.0 ], [ 4216720.0, 3103451.6 ], [ 4216710.1, 3103431.9 ], [ 4216687.5, 3103422.8 ], [ 4216640.1, 3103423.0 ], [ 4216626.8, 3103403.5 ], [ 4216533.8, 3103380.0 ], [ 4216480.9, 3103333.9 ], [ 4216459.4, 3103334.6 ], [ 4216449.6, 3103347.2 ], [ 4216436.5, 3103398.8 ], [ 4216415.1, 3103561.8 ], [ 4216432.2, 3103715.0 ], [ 4216453.7, 3103731.6 ], [ 4216462.8, 3103773.9 ], [ 4216456.0, 3103808.8 ], [ 4216420.6, 3103837.8 ], [ 4216426.5, 3103923.7 ], [ 4216454.1, 3103963.3 ], [ 4216513.9, 3104001.1 ], [ 4216531.9, 3104003.0 ], [ 4216546.4, 3103987.3 ], [ 4216557.2, 3103990.0 ], [ 4216596.5, 3104032.0 ], [ 4216666.1, 3104082.8 ], [ 4216721.4, 3104086.9 ], [ 4216729.0, 3104104.5 ], [ 4216709.4, 3104127.4 ], [ 4216709.5, 3104148.2 ], [ 4216681.1, 3104165.1 ], [ 4216676.5, 3104186.3 ], [ 4216685.3, 3104198.2 ], [ 4216755.8, 3104238.6 ], [ 4216774.1, 3104237.8 ], [ 4216795.0, 3104218.0 ], [ 4216802.7, 3104176.2 ], [ 4216830.0, 3104187.5 ], [ 4216887.8, 3104164.9 ], [ 4216902.2, 3104168.4 ], [ 4216935.2, 3104158.1 ], [ 4216944.7, 3104195.2 ], [ 4216912.9, 3104225.2 ], [ 4216852.0, 3104209.6 ], [ 4216812.0, 3104240.4 ], [ 4216781.5, 3104253.1 ], [ 4216781.7, 3104275.0 ], [ 4216802.5, 3104288.8 ], [ 4216817.7, 3104378.0 ], [ 4216808.7, 3104396.9 ], [ 4216754.0, 3104381.8 ], [ 4216733.0, 3104391.7 ], [ 4216719.9, 3104423.3 ], [ 4216730.6, 3104442.0 ], [ 4216734.1, 3104504.8 ], [ 4216750.3, 3104517.8 ], [ 4216795.2, 3104515.6 ], [ 4216797.1, 3104545.0 ], [ 4216810.3, 3104557.9 ], [ 4216868.7, 3104547.8 ], [ 4216884.2, 3104612.1 ], [ 4216896.6, 3104624.1 ], [ 4216989.7, 3104632.7 ], [ 4217023.4, 3104627.1 ], [ 4217084.2, 3104652.4 ], [ 4217129.7, 3104701.7 ], [ 4217123.0, 3104724.2 ], [ 4217130.1, 3104740.6 ], [ 4217201.0, 3104772.7 ], [ 4217224.2, 3104769.1 ], [ 4217255.7, 3104723.8 ], [ 4217227.4, 3104836.8 ], [ 4217248.5, 3104895.1 ], [ 4217268.6, 3104926.8 ], [ 4217300.3, 3104956.4 ], [ 4217352.4, 3104978.6 ], [ 4217377.4, 3105108.2 ], [ 4217160.6, 3104999.7 ], [ 4217113.4, 3104952.3 ], [ 4217084.9, 3104951.1 ], [ 4217061.6, 3104968.2 ], [ 4216986.6, 3104907.0 ], [ 4217002.0, 3104877.7 ], [ 4216997.2, 3104857.8 ], [ 4216920.0, 3104808.2 ], [ 4216973.7, 3104759.6 ], [ 4216975.9, 3104735.5 ], [ 4216965.4, 3104725.7 ], [ 4216894.9, 3104706.7 ], [ 4216894.3, 3104690.1 ], [ 4216883.9, 3104679.4 ], [ 4216836.5, 3104665.4 ], [ 4216799.3, 3104665.6 ], [ 4216706.6, 3104703.5 ], [ 4216674.9, 3104665.6 ], [ 4216619.4, 3104679.7 ], [ 4216461.3, 3104454.3 ], [ 4216431.1, 3104376.3 ], [ 4216445.9, 3104356.8 ], [ 4216430.7, 3104306.8 ], [ 4216439.2, 3104291.8 ], [ 4216435.1, 3104276.3 ], [ 4216399.8, 3104254.6 ], [ 4216345.3, 3104257.6 ], [ 4216317.0, 3104208.9 ], [ 4216366.9, 3104167.0 ], [ 4216403.8, 3104164.4 ], [ 4216472.4, 3104219.6 ], [ 4216482.3, 3104265.6 ], [ 4216499.3, 3104276.7 ], [ 4216540.1, 3104263.0 ], [ 4216612.5, 3104272.5 ], [ 4216625.9, 3104257.3 ], [ 4216626.1, 3104226.2 ], [ 4216578.2, 3104195.1 ], [ 4216546.3, 3104157.4 ], [ 4216402.5, 3104056.2 ], [ 4216361.7, 3104053.0 ], [ 4216347.0, 3104043.1 ], [ 4216327.3, 3104015.9 ], [ 4216340.0, 3104002.5 ], [ 4216339.2, 3103984.0 ], [ 4216310.2, 3103961.5 ], [ 4216292.9, 3103959.8 ], [ 4216281.5, 3103968.0 ], [ 4216195.0, 3104103.4 ], [ 4216162.7, 3104170.3 ], [ 4216110.8, 3104241.5 ], [ 4216074.7, 3104317.0 ], [ 4216087.1, 3104362.2 ], [ 4216130.6, 3104454.7 ], [ 4216170.3, 3104515.7 ], [ 4216285.2, 3104620.0 ], [ 4216334.0, 3104771.1 ], [ 4216412.0, 3104858.9 ], [ 4216451.8, 3104932.0 ], [ 4216474.9, 3104939.7 ], [ 4216504.2, 3104915.2 ], [ 4216556.5, 3104976.1 ], [ 4216549.7, 3105040.3 ], [ 4216572.6, 3105141.9 ], [ 4216623.7, 3105170.4 ], [ 4216651.5, 3105154.3 ], [ 4216677.1, 3105184.2 ], [ 4216667.3, 3105200.9 ], [ 4216669.4, 3105215.6 ], [ 4216628.9, 3105263.6 ], [ 4216629.9, 3105277.7 ], [ 4216660.1, 3105325.8 ], [ 4216646.4, 3105338.5 ], [ 4216645.9, 3105357.0 ], [ 4216763.5, 3105476.2 ], [ 4216790.1, 3105520.2 ], [ 4216797.5, 3105553.8 ], [ 4216823.0, 3105605.4 ], [ 4216898.9, 3105697.3 ], [ 4216917.2, 3105708.3 ], [ 4216944.8, 3105698.8 ], [ 4216956.7, 3105685.1 ], [ 4216961.2, 3105651.0 ], [ 4216995.0, 3105624.2 ], [ 4217031.5, 3105605.4 ], [ 4217072.1, 3105599.6 ], [ 4217137.4, 3105504.6 ], [ 4217168.3, 3105489.0 ], [ 4217181.2, 3105451.7 ], [ 4217196.9, 3105453.2 ], [ 4217208.6, 3105471.5 ], [ 4217199.5, 3105581.5 ], [ 4217163.6, 3105605.7 ], [ 4217133.5, 3105659.7 ], [ 4217094.6, 3105690.5 ], [ 4217088.0, 3105709.1 ], [ 4217110.8, 3105768.7 ], [ 4217135.9, 3105797.4 ], [ 4217112.9, 3105838.3 ], [ 4217120.4, 3105858.3 ], [ 4217137.8, 3105869.0 ], [ 4217141.4, 3105890.4 ], [ 4217161.8, 3105900.4 ], [ 4217187.3, 3105878.7 ], [ 4217224.8, 3105889.9 ], [ 4217277.3, 3105877.3 ], [ 4217318.8, 3105879.5 ], [ 4217331.5, 3105895.0 ], [ 4217330.0, 3105940.2 ], [ 4217339.5, 3105962.9 ], [ 4217368.3, 3106001.7 ], [ 4217412.2, 3106035.9 ], [ 4217493.3, 3106074.0 ], [ 4217546.8, 3106088.0 ], [ 4217570.3, 3106073.6 ], [ 4217648.5, 3106095.3 ], [ 4217678.1, 3106065.3 ], [ 4217725.4, 3106103.5 ], [ 4217789.1, 3106180.4 ], [ 4217789.3, 3106193.2 ], [ 4217767.5, 3106194.6 ], [ 4217626.2, 3106143.3 ], [ 4217510.3, 3106156.4 ], [ 4217406.6, 3106143.8 ], [ 4217385.2, 3106161.0 ], [ 4217391.2, 3106181.4 ], [ 4217422.2, 3106196.1 ], [ 4217430.4, 3106207.7 ], [ 4217433.7, 3106253.7 ], [ 4217515.1, 3106365.3 ], [ 4217536.9, 3106368.3 ], [ 4217584.1, 3106330.1 ], [ 4217607.2, 3106352.3 ], [ 4217604.1, 3106376.2 ], [ 4217650.0, 3106464.1 ], [ 4217769.2, 3106626.2 ], [ 4217821.0, 3106653.3 ], [ 4217785.9, 3106668.4 ], [ 4217778.4, 3106691.7 ], [ 4217790.0, 3106705.5 ], [ 4217811.6, 3106709.1 ], [ 4217803.2, 3106729.4 ], [ 4217809.0, 3106748.3 ], [ 4217870.1, 3106809.1 ], [ 4217889.0, 3106838.4 ], [ 4217869.0, 3106860.3 ], [ 4217831.7, 3106867.6 ], [ 4217727.8, 3106867.5 ], [ 4217717.1, 3106855.3 ], [ 4217699.9, 3106853.8 ], [ 4217659.7, 3106904.3 ], [ 4217617.3, 3106887.1 ], [ 4217584.0, 3106924.1 ], [ 4217532.9, 3107141.4 ], [ 4217510.8, 3107165.3 ], [ 4217510.3, 3107186.0 ], [ 4217550.9, 3107238.5 ], [ 4217574.6, 3107245.2 ], [ 4217620.1, 3107297.4 ], [ 4217712.3, 3107319.9 ], [ 4217698.5, 3107379.0 ], [ 4217517.4, 3107339.6 ], [ 4217487.6, 3107304.7 ], [ 4217461.6, 3107256.5 ], [ 4217439.5, 3107239.9 ], [ 4217416.4, 3107242.5 ], [ 4217330.5, 3107330.1 ], [ 4217349.8, 3107372.0 ], [ 4217349.6, 3107394.5 ], [ 4217322.5, 3107503.2 ], [ 4217353.6, 3107607.2 ], [ 4217395.2, 3107662.4 ], [ 4217437.6, 3107703.2 ], [ 4217643.4, 3107853.8 ], [ 4217657.4, 3107859.1 ], [ 4217674.3, 3107851.7 ], [ 4217703.7, 3107886.1 ], [ 4217739.1, 3107888.9 ], [ 4217724.1, 3107934.8 ], [ 4217723.8, 3108006.8 ], [ 4217758.8, 3108074.4 ], [ 4217785.0, 3108160.0 ], [ 4218017.7, 3108296.4 ], [ 4218090.0, 3108315.1 ], [ 4218201.0, 3108358.9 ], [ 4218217.9, 3108352.2 ], [ 4218246.2, 3108303.1 ], [ 4218297.1, 3108296.1 ], [ 4218308.8, 3108287.5 ], [ 4218328.2, 3108246.2 ], [ 4218321.0, 3108225.6 ], [ 4218288.6, 3108207.0 ], [ 4218247.0, 3108212.3 ], [ 4218164.4, 3108167.5 ], [ 4218198.4, 3108099.1 ], [ 4218194.2, 3108085.4 ], [ 4218154.5, 3108046.0 ], [ 4218167.1, 3107975.1 ], [ 4218214.8, 3107956.3 ], [ 4218364.5, 3108028.1 ], [ 4218352.6, 3108089.1 ], [ 4218356.0, 3108105.3 ], [ 4218440.3, 3108155.4 ], [ 4218467.2, 3108188.1 ], [ 4218536.3, 3108193.3 ], [ 4218632.1, 3108179.7 ], [ 4218639.0, 3108206.0 ], [ 4218604.9, 3108237.6 ], [ 4218588.0, 3108265.0 ], [ 4218592.1, 3108281.4 ], [ 4218626.1, 3108315.1 ], [ 4218587.9, 3108354.3 ], [ 4218575.8, 3108396.7 ], [ 4218602.2, 3108482.0 ], [ 4218650.4, 3108530.4 ], [ 4218657.8, 3108549.0 ], [ 4218762.2, 3108615.7 ], [ 4218798.3, 3108652.6 ], [ 4218800.9, 3108670.1 ], [ 4218730.0, 3108738.5 ], [ 4218712.5, 3108805.4 ], [ 4218610.1, 3108831.6 ], [ 4218582.8, 3108794.1 ], [ 4218570.0, 3108716.3 ], [ 4218544.7, 3108670.9 ], [ 4218515.6, 3108656.9 ], [ 4218499.1, 3108659.6 ], [ 4218394.6, 3108592.4 ], [ 4218331.7, 3108578.3 ], [ 4218310.7, 3108584.8 ], [ 4218301.4, 3108612.4 ], [ 4218249.9, 3108632.3 ], [ 4218149.9, 3108616.5 ], [ 4218138.9, 3108515.1 ], [ 4218105.0, 3108453.3 ], [ 4218068.5, 3108423.9 ], [ 4218060.6, 3108398.4 ], [ 4217848.5, 3108292.6 ], [ 4217832.2, 3108273.0 ], [ 4217786.0, 3108245.5 ], [ 4217760.9, 3108248.5 ], [ 4217682.7, 3108342.6 ], [ 4217664.6, 3108336.3 ], [ 4217651.0, 3108341.4 ], [ 4217618.4, 3108418.2 ], [ 4217617.6, 3108462.8 ], [ 4217597.6, 3108534.4 ], [ 4217613.7, 3108639.8 ], [ 4217609.2, 3108686.8 ], [ 4217642.7, 3108738.0 ], [ 4217629.8, 3108757.5 ], [ 4217628.6, 3108791.1 ], [ 4217697.7, 3108856.0 ], [ 4217766.5, 3108845.8 ], [ 4217886.6, 3108914.1 ], [ 4217963.0, 3108972.8 ], [ 4217972.1, 3109021.5 ], [ 4218028.9, 3109051.4 ], [ 4218057.1, 3109107.2 ], [ 4218135.3, 3109143.3 ], [ 4218164.5, 3109198.9 ], [ 4218164.3, 3109234.8 ], [ 4218143.7, 3109278.4 ], [ 4218054.7, 3109334.2 ], [ 4218022.1, 3109364.4 ], [ 4218000.2, 3109407.7 ], [ 4217947.3, 3109399.7 ], [ 4217991.3, 3109242.3 ], [ 4218013.8, 3109227.5 ], [ 4218011.6, 3109182.7 ], [ 4217986.7, 3109161.5 ], [ 4217916.4, 3109063.0 ], [ 4217901.8, 3109063.4 ], [ 4217889.0, 3109074.4 ], [ 4217804.2, 3109030.9 ], [ 4217758.2, 3109023.7 ], [ 4217737.0, 3109029.1 ], [ 4217686.8, 3109063.3 ], [ 4217666.8, 3109063.8 ], [ 4217674.7, 3109021.1 ], [ 4217655.7, 3108989.8 ], [ 4217620.7, 3108974.3 ], [ 4217587.9, 3108976.7 ], [ 4217605.2, 3108869.8 ], [ 4217593.1, 3108853.1 ], [ 4217562.2, 3108851.5 ], [ 4217528.5, 3108631.0 ], [ 4217559.7, 3108600.8 ], [ 4217564.6, 3108585.7 ], [ 4217559.5, 3108569.6 ], [ 4217540.2, 3108558.8 ], [ 4217548.4, 3108515.7 ], [ 4217542.7, 3108423.9 ], [ 4217564.9, 3108424.1 ], [ 4217578.8, 3108412.1 ], [ 4217591.4, 3108310.2 ], [ 4217654.1, 3108287.8 ], [ 4217695.5, 3108221.3 ], [ 4217722.8, 3108146.4 ], [ 4217716.2, 3108124.5 ], [ 4217724.1, 3108103.9 ], [ 4217719.2, 3108075.1 ], [ 4217689.5, 3108050.8 ], [ 4217651.6, 3107981.0 ], [ 4217634.6, 3107966.7 ], [ 4217605.2, 3107958.4 ], [ 4217592.5, 3107964.9 ], [ 4217586.4, 3107981.4 ], [ 4217624.8, 3108079.9 ], [ 4217630.4, 3108114.7 ], [ 4217620.8, 3108146.0 ], [ 4217612.4, 3108149.0 ], [ 4217568.6, 3108122.8 ], [ 4217483.2, 3108111.2 ], [ 4217443.6, 3108113.6 ], [ 4217338.7, 3108146.1 ], [ 4217285.8, 3108145.1 ], [ 4217267.3, 3108122.5 ], [ 4217299.6, 3108016.8 ], [ 4217297.2, 3107949.8 ], [ 4217323.4, 3107930.0 ], [ 4217350.0, 3107862.4 ], [ 4217392.2, 3107836.3 ], [ 4217396.4, 3107815.5 ], [ 4217351.5, 3107771.4 ], [ 4217264.4, 3107708.2 ], [ 4217253.3, 3107674.4 ], [ 4217214.4, 3107610.9 ], [ 4217226.6, 3107579.6 ], [ 4217205.3, 3107514.8 ], [ 4217168.9, 3107513.5 ], [ 4217143.7, 3107560.9 ], [ 4217115.2, 3107555.4 ], [ 4217096.2, 3107527.9 ], [ 4217076.3, 3107523.9 ], [ 4217035.4, 3107535.2 ], [ 4216912.5, 3107627.9 ], [ 4216806.9, 3107648.6 ], [ 4216743.7, 3107683.0 ], [ 4216736.6, 3107705.5 ], [ 4216768.2, 3107807.5 ], [ 4216576.8, 3107836.8 ], [ 4216554.6, 3107842.9 ], [ 4216545.5, 3107853.9 ], [ 4216559.5, 3107914.8 ], [ 4216571.7, 3107928.4 ], [ 4216704.7, 3107939.2 ], [ 4216809.4, 3107981.3 ], [ 4216840.6, 3107962.6 ], [ 4216846.7, 3107946.8 ], [ 4216808.2, 3107890.4 ], [ 4216790.9, 3107879.2 ], [ 4216807.8, 3107808.8 ], [ 4216822.0, 3107809.3 ], [ 4216859.3, 3107843.8 ], [ 4216918.7, 3107811.4 ], [ 4216938.9, 3107846.0 ], [ 4216972.9, 3107868.2 ], [ 4217019.6, 3107991.1 ], [ 4217003.8, 3108045.6 ], [ 4217030.7, 3108089.1 ], [ 4217025.5, 3108109.3 ], [ 4216996.5, 3108146.2 ], [ 4216958.1, 3108167.6 ], [ 4216899.9, 3108185.7 ], [ 4216902.1, 3108163.7 ], [ 4216881.4, 3108150.8 ], [ 4216849.0, 3108171.5 ], [ 4216805.9, 3108299.3 ], [ 4216776.9, 3108214.1 ], [ 4216776.8, 3108175.1 ], [ 4216781.2, 3108165.2 ], [ 4216803.9, 3108164.2 ], [ 4216817.1, 3108145.4 ], [ 4216849.4, 3108145.8 ], [ 4216860.8, 3108120.3 ], [ 4216804.8, 3108012.2 ], [ 4216769.9, 3107978.1 ], [ 4216719.4, 3107966.1 ], [ 4216661.0, 3107967.0 ], [ 4216582.7, 3107992.1 ], [ 4216534.2, 3108026.6 ], [ 4216503.8, 3107988.0 ], [ 4216482.7, 3107983.2 ], [ 4216380.6, 3108085.8 ], [ 4216372.0, 3108085.6 ], [ 4216343.2, 3108054.9 ], [ 4216320.4, 3108055.1 ], [ 4216283.3, 3108023.6 ], [ 4216240.6, 3108027.1 ], [ 4216211.8, 3108067.6 ], [ 4216214.1, 3108088.8 ], [ 4216256.0, 3108138.7 ], [ 4216195.4, 3108169.3 ], [ 4216179.7, 3108195.9 ], [ 4216173.1, 3108263.8 ], [ 4216190.3, 3108312.7 ], [ 4216178.4, 3108392.7 ], [ 4216209.9, 3108416.9 ], [ 4216227.5, 3108419.9 ], [ 4216270.6, 3108371.6 ], [ 4216390.5, 3108486.5 ], [ 4216485.6, 3108559.5 ], [ 4216471.6, 3108579.8 ], [ 4216379.5, 3108629.7 ], [ 4216334.5, 3108620.0 ], [ 4216306.0, 3108600.8 ], [ 4216259.0, 3108586.0 ], [ 4216241.3, 3108591.5 ], [ 4216234.3, 3108604.8 ], [ 4216262.2, 3108672.6 ], [ 4216254.2, 3108699.1 ], [ 4216271.3, 3108721.5 ], [ 4216225.2, 3108763.1 ], [ 4216222.1, 3108782.8 ], [ 4216295.4, 3108858.9 ], [ 4216276.4, 3108877.5 ], [ 4216279.2, 3108899.0 ], [ 4216370.1, 3108986.6 ], [ 4216397.8, 3109034.0 ], [ 4216422.9, 3109107.8 ], [ 4216403.9, 3109116.5 ], [ 4216396.1, 3109132.0 ], [ 4216400.2, 3109173.6 ], [ 4216422.0, 3109237.6 ], [ 4216473.9, 3109319.0 ], [ 4216534.3, 3109362.4 ], [ 4216597.4, 3109370.6 ], [ 4216626.6, 3109386.8 ], [ 4216747.9, 3109393.8 ], [ 4216823.3, 3109438.3 ], [ 4216924.9, 3109513.0 ], [ 4216990.5, 3109594.2 ], [ 4217004.5, 3109640.1 ], [ 4217052.2, 3109721.8 ], [ 4217053.9, 3109748.8 ], [ 4217069.0, 3109757.8 ], [ 4217088.6, 3109750.6 ], [ 4217108.6, 3109779.0 ], [ 4217118.5, 3109816.5 ], [ 4217132.9, 3109826.9 ], [ 4217155.4, 3109818.1 ], [ 4217190.5, 3109729.1 ], [ 4217212.5, 3109694.2 ], [ 4217207.6, 3109677.2 ], [ 4217180.2, 3109653.3 ], [ 4217155.5, 3109613.7 ], [ 4217149.0, 3109585.9 ], [ 4217254.0, 3109514.8 ], [ 4217294.7, 3109575.3 ], [ 4217316.1, 3109586.7 ], [ 4217335.3, 3109577.7 ], [ 4217341.3, 3109552.4 ], [ 4217376.8, 3109560.7 ], [ 4217456.5, 3109543.5 ], [ 4217466.8, 3109529.3 ], [ 4217463.4, 3109512.0 ], [ 4217415.1, 3109488.4 ], [ 4217454.3, 3109413.8 ], [ 4217548.9, 3109440.0 ], [ 4217607.1, 3109474.6 ], [ 4217604.4, 3109491.5 ], [ 4217630.7, 3109552.8 ], [ 4217763.9, 3109676.0 ], [ 4217640.7, 3109731.6 ], [ 4217628.2, 3109747.4 ], [ 4217701.5, 3109991.6 ], [ 4217726.0, 3110003.0 ], [ 4217774.3, 3109968.7 ], [ 4217773.3, 3109951.1 ], [ 4217740.4, 3109886.4 ], [ 4217716.6, 3109801.8 ], [ 4217786.7, 3109772.6 ], [ 4217804.9, 3109845.5 ], [ 4217843.3, 3109913.2 ], [ 4217866.2, 3109915.6 ], [ 4217956.2, 3109853.9 ], [ 4218061.6, 3109954.6 ], [ 4218056.0, 3109970.1 ], [ 4218061.3, 3109983.8 ], [ 4218159.2, 3110079.1 ], [ 4218070.7, 3110142.3 ], [ 4218036.3, 3110224.2 ], [ 4218055.0, 3110240.8 ], [ 4218224.4, 3110261.8 ], [ 4218209.2, 3110291.5 ], [ 4218171.9, 3110426.5 ], [ 4218184.0, 3110466.2 ], [ 4218204.6, 3110472.2 ], [ 4218425.8, 3110424.2 ], [ 4218443.9, 3110235.9 ], [ 4218430.3, 3110225.8 ], [ 4218360.0, 3110219.0 ], [ 4218338.0, 3110209.1 ], [ 4218303.6, 3110212.8 ], [ 4218252.5, 3110198.3 ], [ 4218256.5, 3110173.3 ], [ 4218334.5, 3110073.9 ], [ 4218431.7, 3110140.2 ], [ 4218455.3, 3110131.7 ], [ 4218461.4, 3110098.8 ], [ 4218481.5, 3110107.5 ], [ 4218470.7, 3110207.7 ], [ 4218478.7, 3110223.5 ], [ 4218610.8, 3110250.6 ], [ 4218627.6, 3110237.7 ], [ 4218631.5, 3110205.2 ], [ 4218661.8, 3110239.6 ], [ 4218751.4, 3110314.3 ], [ 4218744.9, 3110370.2 ], [ 4218752.2, 3110385.7 ], [ 4218793.7, 3110393.9 ], [ 4218866.4, 3110423.3 ], [ 4218912.8, 3110450.9 ], [ 4218922.3, 3110463.0 ], [ 4218916.0, 3110504.1 ], [ 4218961.4, 3110622.2 ], [ 4219026.8, 3110698.6 ], [ 4219220.0, 3111090.8 ], [ 4219272.9, 3111141.8 ], [ 4219497.2, 3111318.4 ], [ 4219648.2, 3111327.1 ], [ 4219810.1, 3111318.8 ], [ 4219856.6, 3111329.5 ], [ 4219924.7, 3111361.8 ], [ 4219972.0, 3111369.0 ], [ 4220018.7, 3111330.1 ], [ 4220028.6, 3111287.3 ], [ 4220013.7, 3111264.2 ], [ 4219930.7, 3111242.2 ], [ 4219920.3, 3111229.3 ], [ 4219919.5, 3111212.7 ], [ 4219931.9, 3111197.4 ], [ 4219967.5, 3111203.3 ], [ 4219992.9, 3111228.1 ], [ 4220013.0, 3111222.9 ], [ 4220031.4, 3111151.9 ], [ 4220023.0, 3111127.0 ], [ 4220031.6, 3111087.3 ], [ 4220050.0, 3111061.9 ], [ 4220211.2, 3110917.7 ], [ 4220222.6, 3110930.8 ], [ 4220093.7, 3111067.5 ], [ 4220062.2, 3111136.3 ], [ 4220083.5, 3111214.9 ], [ 4220097.0, 3111226.7 ], [ 4220114.7, 3111224.6 ], [ 4220213.3, 3111149.6 ], [ 4220295.7, 3111120.5 ], [ 4220301.7, 3111103.0 ], [ 4220293.3, 3111083.3 ], [ 4220260.7, 3111064.0 ], [ 4220390.0, 3111081.3 ], [ 4220506.5, 3111026.1 ], [ 4220604.6, 3111008.8 ], [ 4220677.3, 3111018.5 ], [ 4220764.8, 3111049.2 ], [ 4220504.9, 3111052.8 ], [ 4220340.5, 3111118.8 ], [ 4220330.7, 3111143.6 ], [ 4220345.1, 3111158.5 ], [ 4220591.8, 3111238.4 ], [ 4220561.1, 3111339.5 ], [ 4220533.7, 3111318.8 ], [ 4220510.3, 3111333.9 ], [ 4220512.6, 3111469.4 ], [ 4220504.2, 3111518.3 ], [ 4220516.4, 3111538.3 ], [ 4220537.8, 3111546.3 ], [ 4220553.9, 3111540.9 ], [ 4220644.1, 3111431.1 ], [ 4220678.8, 3111427.0 ], [ 4220784.7, 3111453.8 ], [ 4220893.4, 3111466.5 ], [ 4220883.6, 3111599.7 ], [ 4220894.4, 3111619.9 ], [ 4221084.8, 3111675.4 ], [ 4221487.4, 3111839.4 ], [ 4221490.5, 3111855.6 ], [ 4221482.9, 3111872.4 ], [ 4221382.9, 3111986.2 ], [ 4221289.3, 3112122.2 ], [ 4221163.0, 3112240.1 ], [ 4221159.4, 3112264.3 ], [ 4221174.6, 3112279.4 ], [ 4221214.5, 3112275.1 ], [ 4221309.2, 3112217.1 ], [ 4221493.3, 3112151.5 ], [ 4221572.6, 3112084.1 ], [ 4221640.2, 3112054.8 ], [ 4221689.6, 3112019.4 ], [ 4221713.8, 3111992.1 ], [ 4221711.8, 3111955.5 ], [ 4221733.2, 3111921.6 ] ], [ [ 4221279.3, 3111589.2 ], [ 4221188.6, 3111535.9 ], [ 4221170.2, 3111545.7 ], [ 4221151.5, 3111586.4 ], [ 4220985.8, 3111515.1 ], [ 4220994.2, 3111471.3 ], [ 4221071.6, 3111473.7 ], [ 4221081.2, 3111463.0 ], [ 4221091.2, 3111421.8 ], [ 4221162.3, 3111458.9 ], [ 4221183.1, 3111486.6 ], [ 4221243.1, 3111525.8 ], [ 4221313.6, 3111559.4 ], [ 4221279.3, 3111589.2 ] ], [ [ 4219684.7, 3110763.1 ], [ 4219651.6, 3110773.4 ], [ 4219640.9, 3110730.5 ], [ 4219645.5, 3110708.2 ], [ 4219751.8, 3110699.5 ], [ 4219778.8, 3110725.6 ], [ 4219829.4, 3110733.2 ], [ 4219816.6, 3110765.1 ], [ 4219821.6, 3110789.6 ], [ 4219768.9, 3110826.7 ], [ 4219742.9, 3110892.4 ], [ 4219726.4, 3110897.0 ], [ 4219694.6, 3110886.6 ], [ 4219690.9, 3110876.5 ], [ 4219715.0, 3110789.9 ], [ 4219705.3, 3110767.8 ], [ 4219684.7, 3110763.1 ] ], [ [ 4222563.8, 3110267.5 ], [ 4222580.2, 3110224.9 ], [ 4222619.9, 3110181.0 ], [ 4222631.0, 3110116.5 ], [ 4222654.2, 3110087.2 ], [ 4222652.1, 3110017.8 ], [ 4222674.8, 3109924.5 ], [ 4222690.2, 3109906.6 ], [ 4222718.2, 3109903.5 ], [ 4222748.6, 3109854.2 ], [ 4222798.0, 3109820.2 ], [ 4222808.5, 3109871.8 ], [ 4222727.4, 3109938.3 ], [ 4222661.4, 3110220.7 ], [ 4222623.9, 3110248.9 ], [ 4222607.3, 3110288.8 ], [ 4222575.7, 3110281.9 ], [ 4222563.8, 3110267.5 ] ], [ [ 4221690.6, 3110235.0 ], [ 4221679.2, 3110240.7 ], [ 4221682.9, 3110222.8 ], [ 4221669.1, 3110200.0 ], [ 4221621.7, 3110196.0 ], [ 4221627.4, 3110028.0 ], [ 4221690.4, 3110045.4 ], [ 4221711.4, 3110059.0 ], [ 4221730.6, 3110087.0 ], [ 4221735.4, 3110145.2 ], [ 4221690.6, 3110235.0 ] ], [ [ 4220726.9, 3110162.1 ], [ 4220703.9, 3110261.8 ], [ 4220681.7, 3110250.0 ], [ 4220668.2, 3110229.9 ], [ 4220674.9, 3110195.0 ], [ 4220653.1, 3110175.9 ], [ 4220628.2, 3110081.9 ], [ 4220715.5, 3110117.8 ], [ 4220726.9, 3110162.1 ] ], [ [ 4219277.1, 3109820.8 ], [ 4219256.6, 3109803.5 ], [ 4219229.9, 3109803.3 ], [ 4219210.5, 3109813.7 ], [ 4219181.7, 3109804.6 ], [ 4219173.9, 3109754.0 ], [ 4219245.2, 3109750.2 ], [ 4219274.2, 3109718.4 ], [ 4219405.2, 3109677.5 ], [ 4219446.8, 3109671.4 ], [ 4219472.2, 3109716.3 ], [ 4219373.1, 3109751.2 ], [ 4219332.4, 3109818.3 ], [ 4219302.3, 3109826.9 ], [ 4219277.1, 3109820.8 ] ], [ [ 4216500.6, 3108980.7 ], [ 4216581.8, 3108921.9 ], [ 4216624.1, 3108932.7 ], [ 4216668.0, 3108898.3 ], [ 4216733.2, 3108774.3 ], [ 4216764.1, 3108740.2 ], [ 4216755.8, 3108698.2 ], [ 4216744.8, 3108682.2 ], [ 4216734.5, 3108583.5 ], [ 4216711.2, 3108533.3 ], [ 4216653.9, 3108454.3 ], [ 4216722.6, 3108469.9 ], [ 4216757.7, 3108513.0 ], [ 4216803.9, 3108609.3 ], [ 4216908.3, 3108735.0 ], [ 4216925.0, 3108831.0 ], [ 4216938.7, 3108860.6 ], [ 4216975.2, 3108897.8 ], [ 4216989.3, 3108900.0 ], [ 4217006.5, 3108889.8 ], [ 4217082.6, 3108957.7 ], [ 4216988.0, 3109044.8 ], [ 4216854.7, 3108901.6 ], [ 4216835.9, 3108853.0 ], [ 4216811.8, 3108851.9 ], [ 4216791.9, 3108879.7 ], [ 4216753.6, 3108878.2 ], [ 4216708.4, 3108974.2 ], [ 4216721.1, 3109120.6 ], [ 4216729.6, 3109146.8 ], [ 4216740.5, 3109162.8 ], [ 4216775.5, 3109175.8 ], [ 4216785.4, 3109187.5 ], [ 4216774.3, 3109217.6 ], [ 4216774.7, 3109250.6 ], [ 4216742.9, 3109261.1 ], [ 4216730.6, 3109248.9 ], [ 4216713.2, 3109247.0 ], [ 4216694.3, 3109270.2 ], [ 4216677.8, 3109276.5 ], [ 4216613.4, 3109270.1 ], [ 4216557.5, 3109243.1 ], [ 4216536.7, 3109223.3 ], [ 4216482.1, 3109085.1 ], [ 4216526.9, 3109066.0 ], [ 4216536.9, 3109050.9 ], [ 4216500.6, 3108980.7 ] ], [ [ 4217152.7, 3108932.7 ], [ 4217111.0, 3108812.6 ], [ 4217096.6, 3108793.3 ], [ 4216966.7, 3108736.3 ], [ 4217002.0, 3108601.2 ], [ 4217070.7, 3108665.3 ], [ 4217182.5, 3108688.4 ], [ 4217237.1, 3108775.2 ], [ 4217257.0, 3108894.8 ], [ 4217152.7, 3108932.7 ] ], [ [ 4217115.2, 3107824.9 ], [ 4217107.7, 3107805.3 ], [ 4217110.8, 3107755.0 ], [ 4217149.8, 3107767.8 ], [ 4217230.0, 3107833.2 ], [ 4217263.6, 3107871.0 ], [ 4217215.3, 3108043.3 ], [ 4217155.6, 3107971.4 ], [ 4217116.7, 3107951.4 ], [ 4217115.2, 3107824.9 ] ], [ [ 4219595.9, 3109277.4 ], [ 4219698.4, 3109251.0 ], [ 4219720.7, 3109315.3 ], [ 4219694.4, 3109347.0 ], [ 4219660.3, 3109322.6 ], [ 4219604.5, 3109318.1 ], [ 4219595.9, 3109277.4 ] ], [ [ 4219874.8, 3109251.4 ], [ 4219851.9, 3109208.5 ], [ 4219895.0, 3109176.2 ], [ 4220070.3, 3109086.1 ], [ 4220122.7, 3109043.7 ], [ 4220162.9, 3109103.4 ], [ 4220145.8, 3109150.7 ], [ 4220105.9, 3109171.1 ], [ 4220036.7, 3109176.9 ], [ 4219962.7, 3109201.7 ], [ 4219874.8, 3109251.4 ] ], [ [ 4220337.8, 3108894.4 ], [ 4220383.0, 3108950.0 ], [ 4220347.8, 3108992.1 ], [ 4220315.3, 3109009.7 ], [ 4220279.9, 3108961.7 ], [ 4220307.9, 3108933.9 ], [ 4220296.0, 3108901.7 ], [ 4220337.8, 3108894.4 ] ], [ [ 4221044.8, 3108271.1 ], [ 4221076.5, 3108256.4 ], [ 4221101.1, 3108365.6 ], [ 4221062.0, 3108345.9 ], [ 4221044.8, 3108271.1 ] ], [ [ 4221520.9, 3108242.7 ], [ 4221427.6, 3108160.6 ], [ 4221397.7, 3108105.9 ], [ 4221376.6, 3108083.2 ], [ 4221356.7, 3108076.7 ], [ 4221334.3, 3108043.5 ], [ 4221328.6, 3107946.8 ], [ 4221312.3, 3107853.9 ], [ 4221154.3, 3107689.1 ], [ 4221150.2, 3107645.4 ], [ 4221201.6, 3107641.9 ], [ 4221205.0, 3107685.2 ], [ 4221252.7, 3107735.3 ], [ 4221310.0, 3107779.8 ], [ 4221367.9, 3107892.2 ], [ 4221377.2, 3107953.9 ], [ 4221373.2, 3108063.3 ], [ 4221390.0, 3108078.3 ], [ 4221413.4, 3108084.7 ], [ 4221457.1, 3108143.6 ], [ 4221546.2, 3108217.3 ], [ 4221520.9, 3108242.7 ] ], [ [ 4220525.8, 3107561.0 ], [ 4220390.6, 3107704.7 ], [ 4220339.4, 3107736.8 ], [ 4220100.4, 3107924.1 ], [ 4220004.8, 3107954.7 ], [ 4219792.6, 3107956.9 ], [ 4219792.1, 3107928.2 ], [ 4219931.7, 3107931.7 ], [ 4219983.5, 3107923.5 ], [ 4220039.3, 3107900.3 ], [ 4220096.8, 3107893.8 ], [ 4220125.6, 3107872.8 ], [ 4220161.6, 3107820.8 ], [ 4220177.8, 3107818.9 ], [ 4220196.3, 3107801.2 ], [ 4220231.9, 3107785.4 ], [ 4220355.6, 3107688.2 ], [ 4220412.1, 3107611.5 ], [ 4220456.0, 3107579.0 ], [ 4220487.0, 3107544.2 ], [ 4220577.5, 3107501.0 ], [ 4220581.7, 3107483.3 ], [ 4220571.1, 3107468.5 ], [ 4220407.0, 3107424.1 ], [ 4220312.6, 3107363.3 ], [ 4220247.9, 3107297.2 ], [ 4220268.5, 3107271.5 ], [ 4220319.7, 3107319.4 ], [ 4220344.3, 3107331.4 ], [ 4220358.8, 3107353.9 ], [ 4220405.7, 3107384.2 ], [ 4220604.4, 3107436.7 ], [ 4220660.7, 3107438.2 ], [ 4220716.2, 3107463.6 ], [ 4220742.1, 3107459.3 ], [ 4220806.7, 3107467.5 ], [ 4220859.8, 3107478.0 ], [ 4220896.0, 3107494.5 ], [ 4220917.8, 3107482.9 ], [ 4220992.6, 3107491.6 ], [ 4221045.2, 3107512.5 ], [ 4221077.9, 3107518.4 ], [ 4221119.2, 3107513.5 ], [ 4221128.5, 3107522.9 ], [ 4221085.8, 3107541.4 ], [ 4221086.5, 3107586.9 ], [ 4221030.9, 3107587.7 ], [ 4221027.4, 3107570.3 ], [ 4221013.1, 3107560.2 ], [ 4220943.2, 3107558.0 ], [ 4220841.6, 3107527.7 ], [ 4220743.7, 3107512.2 ], [ 4220566.9, 3107546.7 ], [ 4220525.8, 3107561.0 ] ], [ [ 4221169.0, 3107520.8 ], [ 4221201.4, 3107497.0 ], [ 4221235.9, 3107433.9 ], [ 4221394.2, 3107318.6 ], [ 4221445.5, 3107255.3 ], [ 4221453.1, 3107234.7 ], [ 4221469.7, 3107231.8 ], [ 4221490.1, 3107214.5 ], [ 4221518.9, 3107168.7 ], [ 4221513.0, 3107142.6 ], [ 4221480.2, 3107136.5 ], [ 4221478.9, 3107075.7 ], [ 4221493.7, 3106950.5 ], [ 4221532.5, 3106907.8 ], [ 4221533.4, 3106723.7 ], [ 4221541.3, 3106703.8 ], [ 4221598.1, 3106637.8 ], [ 4221605.9, 3106608.1 ], [ 4221640.7, 3106542.4 ], [ 4221639.3, 3106440.8 ], [ 4221605.7, 3106355.6 ], [ 4221605.1, 3106294.6 ], [ 4221659.3, 3106113.5 ], [ 4221686.6, 3106063.8 ], [ 4221682.4, 3105998.0 ], [ 4221746.2, 3105965.4 ], [ 4221770.4, 3105967.5 ], [ 4221790.6, 3105952.3 ], [ 4221829.0, 3105896.4 ], [ 4221833.0, 3105843.5 ], [ 4221869.2, 3105805.3 ], [ 4221956.5, 3105735.9 ], [ 4221995.1, 3105678.3 ], [ 4222044.7, 3105570.3 ], [ 4222030.2, 3105550.7 ], [ 4221984.4, 3105545.6 ], [ 4221991.7, 3105441.9 ], [ 4222072.2, 3105486.9 ], [ 4222086.5, 3105483.0 ], [ 4222105.0, 3105457.8 ], [ 4222120.0, 3105452.7 ], [ 4222125.1, 3105575.6 ], [ 4222043.8, 3105742.1 ], [ 4221933.5, 3105863.0 ], [ 4221832.5, 3105949.8 ], [ 4221810.2, 3105977.6 ], [ 4221742.5, 3106108.7 ], [ 4221715.1, 3106192.4 ], [ 4221690.3, 3106237.4 ], [ 4221677.2, 3106297.9 ], [ 4221678.4, 3106392.8 ], [ 4221669.2, 3106444.6 ], [ 4221687.8, 3106567.6 ], [ 4221667.1, 3106646.6 ], [ 4221624.9, 3106717.9 ], [ 4221598.0, 3106786.6 ], [ 4221583.3, 3106924.3 ], [ 4221587.4, 3107084.1 ], [ 4221612.4, 3107198.0 ], [ 4221606.5, 3107226.3 ], [ 4221506.6, 3107330.3 ], [ 4221453.5, 3107374.1 ], [ 4221377.8, 3107414.4 ], [ 4221295.0, 3107474.3 ], [ 4221246.3, 3107524.4 ], [ 4221211.6, 3107529.0 ], [ 4221190.7, 3107547.6 ], [ 4221178.0, 3107545.3 ], [ 4221169.0, 3107520.8 ] ], [ [ 4222456.1, 3107094.7 ], [ 4222531.5, 3107087.3 ], [ 4222691.4, 3107229.1 ], [ 4222686.1, 3107284.3 ], [ 4222609.6, 3107265.0 ], [ 4222550.0, 3107185.7 ], [ 4222456.1, 3107094.7 ] ], [ [ 4223734.2, 3106763.2 ], [ 4223755.8, 3106731.3 ], [ 4223840.9, 3106757.9 ], [ 4223934.7, 3106753.3 ], [ 4223897.9, 3106789.1 ], [ 4223799.7, 3106817.1 ], [ 4223793.0, 3106797.4 ], [ 4223776.0, 3106787.5 ], [ 4223767.8, 3106771.0 ], [ 4223734.2, 3106763.2 ] ], [ [ 4223701.4, 3106625.8 ], [ 4223788.5, 3106414.3 ], [ 4223815.8, 3106412.6 ], [ 4223843.1, 3106437.2 ], [ 4223806.5, 3106507.3 ], [ 4223805.7, 3106559.1 ], [ 4223790.3, 3106577.3 ], [ 4223771.5, 3106648.0 ], [ 4223701.4, 3106625.8 ] ], [ [ 4223395.0, 3106426.2 ], [ 4223355.6, 3106422.6 ], [ 4223348.8, 3106393.2 ], [ 4223508.5, 3106377.0 ], [ 4223554.6, 3106359.9 ], [ 4223718.6, 3106323.2 ], [ 4223704.7, 3106352.2 ], [ 4223682.2, 3106363.2 ], [ 4223550.4, 3106397.5 ], [ 4223395.0, 3106426.2 ] ], [ [ 4224102.3, 3106197.0 ], [ 4224139.2, 3106142.7 ], [ 4224192.0, 3106244.9 ], [ 4224160.0, 3106300.3 ], [ 4224102.3, 3106197.0 ] ], [ [ 4223951.2, 3106078.9 ], [ 4224032.7, 3105988.4 ], [ 4224079.1, 3106072.0 ], [ 4224050.5, 3106086.4 ], [ 4224013.2, 3106120.4 ], [ 4223982.6, 3106126.1 ], [ 4223973.2, 3106122.5 ], [ 4223951.2, 3106078.9 ] ], [ [ 4224101.5, 3105992.4 ], [ 4224071.3, 3105953.7 ], [ 4224079.5, 3105922.3 ], [ 4224075.1, 3105868.4 ], [ 4224124.8, 3105864.6 ], [ 4224128.8, 3105911.4 ], [ 4224122.7, 3105953.5 ], [ 4224101.5, 3105992.4 ] ], [ [ 4224246.7, 3105571.2 ], [ 4224322.7, 3105514.6 ], [ 4224352.6, 3105551.6 ], [ 4224317.7, 3105586.9 ], [ 4224246.7, 3105571.2 ] ], [ [ 4223544.5, 3105541.8 ], [ 4223541.1, 3105354.7 ], [ 4223555.1, 3105338.1 ], [ 4223565.9, 3105297.5 ], [ 4223587.0, 3105359.3 ], [ 4223583.9, 3105420.8 ], [ 4223595.6, 3105509.4 ], [ 4223572.9, 3105533.6 ], [ 4223544.5, 3105541.8 ] ], [ [ 4223385.3, 3105321.9 ], [ 4223354.2, 3105300.2 ], [ 4223278.0, 3105270.2 ], [ 4223308.8, 3105223.4 ], [ 4223363.5, 3105227.9 ], [ 4223372.3, 3105262.0 ], [ 4223411.3, 3105271.9 ], [ 4223433.3, 3105314.3 ], [ 4223385.3, 3105321.9 ] ], [ [ 4222262.8, 3105291.9 ], [ 4222226.8, 3105328.8 ], [ 4222206.1, 3105335.8 ], [ 4222186.2, 3105365.5 ], [ 4222108.9, 3105330.1 ], [ 4222131.9, 3105276.2 ], [ 4222220.9, 3105179.0 ], [ 4222286.2, 3105137.8 ], [ 4222296.9, 3105118.6 ], [ 4222290.8, 3105102.2 ], [ 4222274.6, 3105095.5 ], [ 4222231.5, 3105109.7 ], [ 4222170.9, 3105113.8 ], [ 4222119.1, 3105087.9 ], [ 4222122.5, 3105059.4 ], [ 4222131.5, 3105053.2 ], [ 4222181.7, 3105063.0 ], [ 4222241.5, 3105056.0 ], [ 4222277.9, 3105041.9 ], [ 4222376.1, 3104989.8 ], [ 4222457.3, 3104883.4 ], [ 4222464.8, 3104884.0 ], [ 4222455.9, 3104895.6 ], [ 4222439.1, 3105007.3 ], [ 4222422.7, 3105038.3 ], [ 4222420.2, 3105072.3 ], [ 4222374.9, 3105133.8 ], [ 4222355.0, 3105180.3 ], [ 4222300.0, 3105249.0 ], [ 4222274.8, 3105268.6 ], [ 4222262.8, 3105291.9 ] ], [ [ 4222726.6, 3105010.6 ], [ 4222773.4, 3104963.0 ], [ 4222799.3, 3104910.6 ], [ 4222861.7, 3104935.6 ], [ 4222819.7, 3105036.2 ], [ 4222777.9, 3105070.2 ], [ 4222686.0, 3105111.8 ], [ 4222660.3, 3105171.4 ], [ 4222623.9, 3105160.9 ], [ 4222616.1, 3105103.5 ], [ 4222639.1, 3105053.9 ], [ 4222679.2, 3105040.6 ], [ 4222726.6, 3105010.6 ] ], [ [ 4223305.4, 3104996.7 ], [ 4223352.9, 3104903.3 ], [ 4223383.1, 3104898.3 ], [ 4223326.0, 3105024.4 ], [ 4223305.4, 3104996.7 ] ], [ [ 4222713.2, 3104884.5 ], [ 4222543.1, 3104967.2 ], [ 4222494.0, 3104888.7 ], [ 4222475.1, 3104880.6 ], [ 4222485.0, 3104859.3 ], [ 4222578.7, 3104780.9 ], [ 4222655.6, 3104745.9 ], [ 4222705.9, 3104738.4 ], [ 4222729.2, 3104725.3 ], [ 4222762.2, 3104722.3 ], [ 4222842.1, 3104697.2 ], [ 4222866.6, 3104710.3 ], [ 4222940.6, 3104707.0 ], [ 4223013.5, 3104716.1 ], [ 4223089.6, 3104749.5 ], [ 4223095.1, 3104779.0 ], [ 4223076.6, 3104797.1 ], [ 4223017.7, 3104794.0 ], [ 4223001.4, 3104816.2 ], [ 4222960.2, 3104820.9 ], [ 4222851.1, 3104869.4 ], [ 4222844.0, 3104855.9 ], [ 4222827.1, 3104850.4 ], [ 4222713.2, 3104884.5 ] ], [ [ 4222042.6, 3105038.7 ], [ 4222061.4, 3105093.6 ], [ 4222018.4, 3105133.8 ], [ 4221917.8, 3105140.6 ], [ 4221891.4, 3105110.2 ], [ 4221887.1, 3105086.0 ], [ 4221898.1, 3105066.1 ], [ 4222042.6, 3105038.7 ] ], [ [ 4218066.4, 3105034.9 ], [ 4217989.6, 3105081.6 ], [ 4217996.2, 3105033.1 ], [ 4218166.1, 3104958.9 ], [ 4218186.2, 3104966.7 ], [ 4218255.2, 3104943.3 ], [ 4218267.5, 3104927.0 ], [ 4218264.0, 3104898.3 ], [ 4218348.4, 3104869.2 ], [ 4218363.9, 3104919.9 ], [ 4218349.1, 3104929.1 ], [ 4218345.6, 3104946.1 ], [ 4218177.5, 3105011.4 ], [ 4218161.5, 3105027.9 ], [ 4218066.4, 3105034.9 ] ], [ [ 4219423.8, 3104898.5 ], [ 4219478.2, 3104826.9 ], [ 4219532.1, 3104866.1 ], [ 4219472.8, 3104935.4 ], [ 4219423.8, 3104898.5 ] ], [ [ 4217880.5, 3105113.8 ], [ 4217913.7, 3105119.6 ], [ 4217940.9, 3105154.4 ], [ 4217841.1, 3105211.9 ], [ 4217770.6, 3105233.8 ], [ 4217819.3, 3105154.6 ], [ 4217826.4, 3105126.0 ], [ 4217880.5, 3105113.8 ] ], [ [ 4216986.4, 3105225.3 ], [ 4216996.6, 3105260.9 ], [ 4217031.1, 3105302.8 ], [ 4217072.9, 3105325.6 ], [ 4217034.5, 3105350.7 ], [ 4216947.0, 3105330.6 ], [ 4216925.6, 3105281.7 ], [ 4216966.4, 3105222.9 ], [ 4216986.4, 3105225.3 ] ], [ [ 4217451.7, 3105379.5 ], [ 4217540.0, 3105268.5 ], [ 4217600.3, 3105365.3 ], [ 4217615.1, 3105375.3 ], [ 4217693.7, 3105387.7 ], [ 4217939.5, 3105366.5 ], [ 4218001.7, 3105413.8 ], [ 4218020.2, 3105443.7 ], [ 4218010.6, 3105551.1 ], [ 4217827.2, 3105579.4 ], [ 4217693.2, 3105579.5 ], [ 4217593.5, 3105532.5 ], [ 4217571.4, 3105536.5 ], [ 4217510.1, 3105509.9 ], [ 4217505.5, 3105480.9 ], [ 4217531.3, 3105419.0 ], [ 4217530.1, 3105405.2 ], [ 4217517.7, 3105393.3 ], [ 4217451.7, 3105379.5 ] ], [ [ 4219924.0, 3105283.9 ], [ 4219946.4, 3105283.4 ], [ 4219955.3, 3105303.3 ], [ 4219889.7, 3105346.2 ], [ 4219839.9, 3105363.5 ], [ 4219848.6, 3105324.7 ], [ 4219924.0, 3105283.9 ] ], [ [ 4219227.6, 3105178.7 ], [ 4219234.4, 3105114.4 ], [ 4219281.1, 3105132.8 ], [ 4219266.2, 3105183.0 ], [ 4219227.6, 3105178.7 ] ], [ [ 4218312.9, 3106024.1 ], [ 4218360.6, 3106084.9 ], [ 4218415.1, 3106121.1 ], [ 4218477.6, 3106150.0 ], [ 4218503.8, 3106176.0 ], [ 4218630.0, 3106201.7 ], [ 4218664.4, 3106222.2 ], [ 4218772.5, 3106262.6 ], [ 4218789.9, 3106279.5 ], [ 4218949.1, 3106278.6 ], [ 4218952.1, 3106293.8 ], [ 4218879.3, 3106312.5 ], [ 4218831.7, 3106314.4 ], [ 4218770.0, 3106294.2 ], [ 4218669.4, 3106325.0 ], [ 4218647.8, 3106317.5 ], [ 4218616.7, 3106280.5 ], [ 4218623.2, 3106255.0 ], [ 4218604.2, 3106227.4 ], [ 4218532.1, 3106204.2 ], [ 4218514.3, 3106214.0 ], [ 4218481.5, 3106271.8 ], [ 4218349.3, 3106202.6 ], [ 4218247.1, 3106130.0 ], [ 4218304.7, 3106022.8 ], [ 4218312.9, 3106024.1 ] ], [ [ 4219192.3, 3106349.9 ], [ 4219213.6, 3106316.6 ], [ 4219297.5, 3106351.9 ], [ 4219267.7, 3106391.1 ], [ 4219192.3, 3106349.9 ] ], [ [ 4218006.9, 3106389.2 ], [ 4218036.9, 3106406.4 ], [ 4218089.6, 3106418.5 ], [ 4218117.4, 3106447.9 ], [ 4218141.5, 3106459.0 ], [ 4218165.4, 3106456.3 ], [ 4218188.8, 3106503.8 ], [ 4218285.5, 3106577.6 ], [ 4218297.2, 3106612.2 ], [ 4218328.3, 3106615.0 ], [ 4218407.5, 3106678.5 ], [ 4218241.0, 3106780.7 ], [ 4218225.6, 3106715.7 ], [ 4218118.1, 3106632.5 ], [ 4218108.7, 3106589.0 ], [ 4218073.9, 3106530.4 ], [ 4218078.3, 3106513.4 ], [ 4218060.4, 3106484.4 ], [ 4218060.2, 3106462.6 ], [ 4218006.7, 3106433.5 ], [ 4218006.9, 3106389.2 ] ], [ [ 4220863.3, 3106764.7 ], [ 4220894.9, 3106762.1 ], [ 4220884.6, 3106843.8 ], [ 4220845.0, 3106854.2 ], [ 4220847.2, 3106787.2 ], [ 4220863.3, 3106764.7 ] ], [ [ 4218860.7, 3106835.8 ], [ 4218885.9, 3106888.6 ], [ 4218765.0, 3106959.8 ], [ 4218695.0, 3107015.3 ], [ 4218670.7, 3107042.8 ], [ 4218643.3, 3107113.9 ], [ 4218631.6, 3107241.3 ], [ 4218664.7, 3107282.7 ], [ 4218686.0, 3107290.4 ], [ 4218714.1, 3107359.8 ], [ 4218703.0, 3107389.9 ], [ 4218719.4, 3107434.0 ], [ 4218708.5, 3107615.3 ], [ 4218664.0, 3107658.4 ], [ 4218642.9, 3107664.0 ], [ 4218589.0, 3107647.9 ], [ 4218532.8, 3107691.3 ], [ 4218387.5, 3107633.4 ], [ 4218394.1, 3107595.8 ], [ 4218387.2, 3107579.6 ], [ 4218297.9, 3107552.8 ], [ 4218294.0, 3107543.7 ], [ 4218322.9, 3107467.3 ], [ 4218304.8, 3107391.8 ], [ 4218332.8, 3107315.6 ], [ 4218368.9, 3107319.3 ], [ 4218386.0, 3107298.6 ], [ 4218410.5, 3107293.7 ], [ 4218415.9, 3107272.6 ], [ 4218387.8, 3107245.1 ], [ 4218297.1, 3107200.6 ], [ 4218251.9, 3107187.3 ], [ 4218249.3, 3107138.7 ], [ 4218218.4, 3107123.4 ], [ 4218220.3, 3107107.2 ], [ 4218207.3, 3107084.9 ], [ 4218221.3, 3107074.1 ], [ 4218230.5, 3107050.3 ], [ 4218225.6, 3106973.8 ], [ 4218250.2, 3106995.2 ], [ 4218264.6, 3106991.2 ], [ 4218273.1, 3106978.9 ], [ 4218254.9, 3106917.4 ], [ 4218296.4, 3106899.2 ], [ 4218318.7, 3106923.0 ], [ 4218333.4, 3106920.5 ], [ 4218349.5, 3106903.9 ], [ 4218394.6, 3106923.5 ], [ 4218477.6, 3106920.4 ], [ 4218548.0, 3106949.7 ], [ 4218566.5, 3106949.5 ], [ 4218603.3, 3107016.3 ], [ 4218642.0, 3107019.7 ], [ 4218774.2, 3106893.3 ], [ 4218831.8, 3106845.0 ], [ 4218860.7, 3106835.8 ] ], [ [ 4219388.2, 3107229.7 ], [ 4219398.3, 3107216.2 ], [ 4219433.8, 3107218.5 ], [ 4219476.8, 3107242.4 ], [ 4219528.9, 3107287.0 ], [ 4219618.0, 3107305.0 ], [ 4219634.3, 3107319.2 ], [ 4219615.7, 3107358.2 ], [ 4219539.9, 3107333.9 ], [ 4219494.6, 3107296.6 ], [ 4219388.2, 3107229.7 ] ], [ [ 4221035.6, 3107301.9 ], [ 4221133.1, 3107244.2 ], [ 4221162.9, 3107238.3 ], [ 4221170.9, 3107196.6 ], [ 4221187.5, 3107191.8 ], [ 4221226.8, 3107215.7 ], [ 4221203.1, 3107277.2 ], [ 4221250.4, 3107324.9 ], [ 4221156.5, 3107445.9 ], [ 4221125.5, 3107450.7 ], [ 4221098.0, 3107412.8 ], [ 4221071.6, 3107416.4 ], [ 4221022.6, 3107369.2 ], [ 4220980.8, 3107302.7 ], [ 4221035.6, 3107301.9 ] ], [ [ 4220440.7, 3106977.8 ], [ 4220449.3, 3106956.2 ], [ 4220510.4, 3106981.5 ], [ 4220493.0, 3107002.8 ], [ 4220478.3, 3107007.7 ], [ 4220450.7, 3106997.0 ], [ 4220440.7, 3106977.8 ] ], [ [ 4219251.0, 3106661.9 ], [ 4219303.8, 3106611.2 ], [ 4219373.2, 3106601.0 ], [ 4219396.8, 3106606.7 ], [ 4219406.5, 3106639.8 ], [ 4219312.0, 3106670.2 ], [ 4219268.0, 3106694.3 ], [ 4219251.0, 3106661.9 ] ], [ [ 4221264.4, 3106654.3 ], [ 4221227.4, 3106631.9 ], [ 4221178.2, 3106654.1 ], [ 4221133.1, 3106605.8 ], [ 4221214.7, 3106562.4 ], [ 4221249.7, 3106616.7 ], [ 4221310.6, 3106668.3 ], [ 4221293.2, 3106673.4 ], [ 4221267.9, 3106663.6 ], [ 4221264.4, 3106654.3 ] ], [ [ 4221195.8, 3106214.3 ], [ 4221138.5, 3106200.4 ], [ 4221062.8, 3106168.6 ], [ 4220918.2, 3106077.4 ], [ 4220907.0, 3106059.4 ], [ 4220910.7, 3106049.6 ], [ 4220930.2, 3106047.3 ], [ 4221067.4, 3106104.0 ], [ 4221082.0, 3106137.0 ], [ 4221126.2, 3106157.9 ], [ 4221223.2, 3106175.5 ], [ 4221195.8, 3106214.3 ] ], [ [ 4220591.6, 3106147.6 ], [ 4220663.3, 3106158.9 ], [ 4220696.8, 3106152.6 ], [ 4220700.2, 3106194.7 ], [ 4220629.4, 3106210.3 ], [ 4220561.4, 3106191.0 ], [ 4220525.0, 3106154.4 ], [ 4220538.8, 3106128.0 ], [ 4220591.6, 3106147.6 ] ], [ [ 4220514.1, 3108151.7 ], [ 4220473.5, 3108114.9 ], [ 4220479.4, 3108090.5 ], [ 4220474.4, 3108077.4 ], [ 4220459.1, 3108069.4 ], [ 4220441.5, 3108072.6 ], [ 4220434.7, 3108052.1 ], [ 4220522.2, 3108029.1 ], [ 4220534.3, 3108106.0 ], [ 4220526.2, 3108150.2 ], [ 4220514.1, 3108151.7 ] ], [ [ 4218948.9, 3108142.5 ], [ 4218802.4, 3108180.7 ], [ 4218721.0, 3108193.2 ], [ 4218719.6, 3108185.2 ], [ 4218812.9, 3108153.2 ], [ 4218951.9, 3108128.5 ], [ 4218948.9, 3108142.5 ] ], [ [ 4217701.9, 3104713.6 ], [ 4217639.4, 3104676.8 ], [ 4217660.4, 3104625.4 ], [ 4217864.9, 3104754.0 ], [ 4217800.6, 3104802.0 ], [ 4217695.1, 3104774.1 ], [ 4217712.5, 3104736.1 ], [ 4217701.9, 3104713.6 ] ], [ [ 4218690.8, 3104597.1 ], [ 4218420.4, 3104507.9 ], [ 4218327.1, 3104458.6 ], [ 4218321.0, 3104439.6 ], [ 4218395.8, 3104469.5 ], [ 4218447.3, 3104480.5 ], [ 4218481.5, 3104508.5 ], [ 4218530.4, 3104514.2 ], [ 4218544.3, 3104527.4 ], [ 4218711.4, 3104584.8 ], [ 4218726.9, 3104602.0 ], [ 4218766.1, 3104607.3 ], [ 4218768.8, 3104626.1 ], [ 4218708.4, 3104657.0 ], [ 4218715.3, 3104699.4 ], [ 4218610.6, 3104748.2 ], [ 4218595.5, 3104747.8 ], [ 4218626.3, 3104675.7 ], [ 4218705.3, 3104629.5 ], [ 4218705.4, 3104608.0 ], [ 4218690.8, 3104597.1 ] ], [ [ 4219279.9, 3104639.7 ], [ 4219290.4, 3104647.7 ], [ 4219272.0, 3104679.4 ], [ 4219243.1, 3104705.9 ], [ 4219236.6, 3104702.1 ], [ 4219279.9, 3104639.7 ] ], [ [ 4217244.5, 3104448.0 ], [ 4217247.8, 3104493.5 ], [ 4217214.8, 3104468.3 ], [ 4217244.5, 3104448.0 ] ], [ [ 4219175.9, 3104275.1 ], [ 4219144.6, 3104263.5 ], [ 4219113.8, 3104272.3 ], [ 4218913.9, 3104267.1 ], [ 4218831.6, 3104241.5 ], [ 4218814.7, 3104205.1 ], [ 4218818.6, 3104188.6 ], [ 4218909.9, 3104215.9 ], [ 4219001.5, 3104227.6 ], [ 4219024.8, 3104213.8 ], [ 4219024.0, 3104196.1 ], [ 4218980.6, 3104108.2 ], [ 4218949.4, 3104066.4 ], [ 4218942.3, 3103985.9 ], [ 4218975.4, 3103983.6 ], [ 4218980.0, 3104028.2 ], [ 4218992.7, 3104058.3 ], [ 4219109.4, 3104194.9 ], [ 4219201.9, 3104237.5 ], [ 4219175.9, 3104275.1 ] ], [ [ 4220648.0, 3104085.0 ], [ 4220349.5, 3104065.7 ], [ 4220287.3, 3104071.8 ], [ 4220271.9, 3104026.1 ], [ 4220444.0, 3104022.1 ], [ 4220564.3, 3104029.2 ], [ 4220747.4, 3103981.6 ], [ 4220759.6, 3104000.6 ], [ 4220779.5, 3104007.6 ], [ 4220871.2, 3103992.2 ], [ 4220881.7, 3104037.1 ], [ 4220816.8, 3104058.9 ], [ 4220714.6, 3104059.7 ], [ 4220648.0, 3104085.0 ] ], [ [ 4221419.6, 3103963.1 ], [ 4221418.6, 3103952.5 ], [ 4221450.6, 3103899.2 ], [ 4221493.4, 3103901.5 ], [ 4221553.6, 3103936.3 ], [ 4221517.2, 3103938.0 ], [ 4221470.6, 3103986.8 ], [ 4221433.8, 3103963.3 ], [ 4221419.6, 3103963.1 ] ], [ [ 4220567.1, 3103907.0 ], [ 4220540.0, 3103920.9 ], [ 4220469.5, 3103889.7 ], [ 4220405.9, 3103917.6 ], [ 4220392.2, 3103895.4 ], [ 4220466.0, 3103862.4 ], [ 4220507.4, 3103854.5 ], [ 4220552.4, 3103867.3 ], [ 4220567.1, 3103907.0 ] ], [ [ 4217486.9, 3103354.6 ], [ 4217523.0, 3103329.4 ], [ 4217633.5, 3103368.8 ], [ 4217621.7, 3103402.7 ], [ 4217486.9, 3103354.6 ] ], [ [ 4218669.2, 3102932.8 ], [ 4218748.4, 3102858.2 ], [ 4218912.7, 3102754.7 ], [ 4218937.8, 3102784.3 ], [ 4218820.7, 3102861.3 ], [ 4218742.5, 3102946.4 ], [ 4218690.3, 3102970.5 ], [ 4218669.2, 3102932.8 ] ], [ [ 4222043.6, 3104593.6 ], [ 4222085.8, 3104492.5 ], [ 4222146.4, 3104504.1 ], [ 4222182.3, 3104441.6 ], [ 4222201.6, 3104439.6 ], [ 4222241.6, 3104445.0 ], [ 4222294.0, 3104473.2 ], [ 4222329.8, 3104512.7 ], [ 4222395.4, 3104558.7 ], [ 4222386.0, 3104584.1 ], [ 4222393.4, 3104608.0 ], [ 4222346.4, 3104633.5 ], [ 4222326.6, 3104642.0 ], [ 4222312.3, 3104639.4 ], [ 4222250.9, 3104607.4 ], [ 4222190.0, 3104660.4 ], [ 4222138.9, 3104645.2 ], [ 4222043.6, 3104593.6 ] ], [ [ 4222476.9, 3104389.2 ], [ 4222478.5, 3104364.0 ], [ 4222532.7, 3104379.3 ], [ 4222577.9, 3104358.6 ], [ 4222629.8, 3104365.2 ], [ 4222638.9, 3104388.9 ], [ 4222607.9, 3104387.6 ], [ 4222587.6, 3104401.4 ], [ 4222564.2, 3104402.6 ], [ 4222554.7, 3104413.6 ], [ 4222476.9, 3104389.2 ] ], [ [ 4223940.3, 3104363.0 ], [ 4223910.8, 3104350.8 ], [ 4223932.6, 3104296.1 ], [ 4223955.7, 3104297.5 ], [ 4224003.3, 3104354.0 ], [ 4223990.7, 3104366.0 ], [ 4223940.3, 3104363.0 ] ], [ [ 4221940.6, 3104355.2 ], [ 4221889.2, 3104372.3 ], [ 4221882.2, 3104311.0 ], [ 4221871.3, 3104290.0 ], [ 4221931.4, 3104256.3 ], [ 4221940.6, 3104355.2 ] ], [ [ 4222288.0, 3103857.8 ], [ 4222374.4, 3103823.3 ], [ 4222429.8, 3103836.8 ], [ 4222409.2, 3103880.7 ], [ 4222413.9, 3103906.3 ], [ 4222428.0, 3103918.8 ], [ 4222416.9, 3103938.3 ], [ 4222304.0, 3103930.4 ], [ 4222276.1, 3103911.4 ], [ 4222288.0, 3103857.8 ] ], [ [ 4224442.0, 3107704.3 ], [ 4224412.0, 3107735.8 ], [ 4224348.0, 3107719.7 ], [ 4224351.7, 3107708.1 ], [ 4224374.6, 3107690.8 ], [ 4224406.8, 3107684.1 ], [ 4224437.4, 3107695.4 ], [ 4224442.0, 3107704.3 ] ], [ [ 4223793.0, 3108796.9 ], [ 4223660.3, 3108723.1 ], [ 4223635.2, 3108698.1 ], [ 4223684.6, 3108685.5 ], [ 4223799.4, 3108760.9 ], [ 4223788.4, 3108777.6 ], [ 4223793.0, 3108796.9 ] ], [ [ 4223388.0, 3109352.3 ], [ 4223319.9, 3109351.8 ], [ 4223348.3, 3109312.3 ], [ 4223450.6, 3109277.0 ], [ 4223475.1, 3109317.4 ], [ 4223388.0, 3109352.3 ] ], [ [ 4222072.9, 3109138.0 ], [ 4222146.4, 3109184.7 ], [ 4222110.0, 3109218.0 ], [ 4222082.8, 3109186.5 ], [ 4222036.0, 3109157.4 ], [ 4222019.3, 3109157.2 ], [ 4222001.0, 3109170.8 ], [ 4221937.1, 3109132.1 ], [ 4222000.6, 3109052.2 ], [ 4222072.9, 3109138.0 ] ], [ [ 4221210.6, 3109331.9 ], [ 4221252.0, 3109313.6 ], [ 4221314.2, 3109381.8 ], [ 4221235.8, 3109424.8 ], [ 4221210.6, 3109331.9 ] ] ] } },
{ "type": "Feature", "properties": { "id": "forest_61235", "state": "Nordrhein-Westfalen", "area_ha": 5255.82, "unfragmented": true, "image": "forest_61235.webp", "real_width_m": 13784.2, "real_height_m": 8986.8, "pixel_width": 1378, "pixel_height": 898, "centroid_x": 4217255.0, "centroid_y": 3113392.2 }, "geometry": { "type": "Polygon", "coordinates": [ [ [ 4216497.4, 3117562.6 ], [ 4216699.5, 3117518.7 ], [ 4216705.7, 3117505.2 ], [ 4216699.5, 3117487.9 ], [ 4216622.5, 3117459.5 ], [ 4216522.2, 3117445.5 ], [ 4216408.7, 3117312.5 ], [ 4216329.7, 3117184.6 ], [ 4216310.7, 3117116.7 ], [ 4216326.7, 3117099.5 ], [ 4216341.5, 3117098.3 ], [ 4216352.2, 3117088.0 ], [ 4216360.1, 3117024.1 ], [ 4216429.8, 3116875.1 ], [ 4216416.1, 3116856.0 ], [ 4216323.9, 3116822.5 ], [ 4216326.5, 3116817.4 ], [ 4216372.0, 3116827.5 ], [ 4216530.1, 3116817.7 ], [ 4216563.4, 3116899.3 ], [ 4216585.7, 3116909.5 ], [ 4216623.8, 3116886.4 ], [ 4216626.4, 3116869.1 ], [ 4216615.6, 3116853.4 ], [ 4216720.8, 3116816.3 ], [ 4216739.0, 3116831.9 ], [ 4216772.2, 3116821.2 ], [ 4216789.5, 3116789.3 ], [ 4216830.1, 3116767.7 ], [ 4216821.2, 3116719.6 ], [ 4216908.7, 3116693.2 ], [ 4216914.0, 3116718.1 ], [ 4216925.4, 3116727.9 ], [ 4216983.7, 3116728.1 ], [ 4216994.9, 3116713.4 ], [ 4216993.0, 3116698.6 ], [ 4216941.9, 3116652.3 ], [ 4216859.1, 3116539.8 ], [ 4216869.2, 3116519.3 ], [ 4217030.4, 3116657.9 ], [ 4217052.0, 3116660.3 ], [ 4217083.7, 3116678.9 ], [ 4217222.8, 3116730.5 ], [ 4217216.1, 3116754.0 ], [ 4217227.2, 3116771.1 ], [ 4217303.8, 3116793.6 ], [ 4217337.9, 3116822.6 ], [ 4217476.1, 3116871.8 ], [ 4217551.2, 3116869.5 ], [ 4217565.9, 3116858.6 ], [ 4217567.3, 3116840.4 ], [ 4217528.9, 3116791.6 ], [ 4217504.3, 3116742.8 ], [ 4217474.5, 3116619.0 ], [ 4217490.8, 3116508.3 ], [ 4217537.7, 3116502.2 ], [ 4217552.5, 3116487.2 ], [ 4217536.6, 3116436.3 ], [ 4217510.6, 3116398.4 ], [ 4217526.9, 3116388.4 ], [ 4217580.8, 3116466.7 ], [ 4217594.0, 3116506.5 ], [ 4217579.7, 3116642.9 ], [ 4217594.4, 3116688.9 ], [ 4217593.4, 3116733.8 ], [ 4217621.8, 3116778.8 ], [ 4217627.5, 3116808.3 ], [ 4217641.0, 3116819.3 ], [ 4217664.7, 3116816.4 ], [ 4217721.9, 3116838.0 ], [ 4217744.1, 3116863.8 ], [ 4217825.6, 3116884.0 ], [ 4217970.6, 3116855.5 ], [ 4218006.6, 3116835.7 ], [ 4218056.1, 3116822.5 ], [ 4218075.8, 3116805.4 ], [ 4218145.9, 3116789.6 ], [ 4218245.4, 3116726.8 ], [ 4218251.3, 3116704.5 ], [ 4218228.6, 3116663.3 ], [ 4218260.4, 3116640.2 ], [ 4218276.0, 3116663.5 ], [ 4218296.7, 3116667.6 ], [ 4218377.3, 3116617.4 ], [ 4218406.4, 3116586.2 ], [ 4218461.1, 3116559.7 ], [ 4218486.4, 3116551.2 ], [ 4218509.9, 3116559.0 ], [ 4218594.3, 3116534.3 ], [ 4218607.9, 3116518.3 ], [ 4218603.8, 3116478.3 ], [ 4218796.9, 3116452.1 ], [ 4218803.9, 3116492.7 ], [ 4218819.0, 3116506.7 ], [ 4218928.7, 3116497.3 ], [ 4218945.2, 3116475.7 ], [ 4218931.1, 3116433.6 ], [ 4219035.9, 3116414.3 ], [ 4219115.2, 3116389.0 ], [ 4219192.2, 3116341.4 ], [ 4219209.4, 3116323.1 ], [ 4219231.0, 3116275.6 ], [ 4219224.8, 3116262.3 ], [ 4219208.0, 3116255.8 ], [ 4219134.1, 3116316.4 ], [ 4219034.6, 3116338.2 ], [ 4219049.8, 3116308.4 ], [ 4219057.3, 3116262.9 ], [ 4219034.5, 3116217.6 ], [ 4219016.0, 3116209.9 ], [ 4218978.3, 3116231.9 ], [ 4218990.0, 3116293.7 ], [ 4218975.0, 3116325.2 ], [ 4218969.7, 3116330.4 ], [ 4218927.2, 3116313.7 ], [ 4218870.9, 3116353.5 ], [ 4218853.8, 3116329.5 ], [ 4218870.2, 3116294.4 ], [ 4218867.4, 3116265.7 ], [ 4218706.2, 3116188.5 ], [ 4218719.7, 3116136.8 ], [ 4218712.2, 3116117.9 ], [ 4218497.2, 3116058.7 ], [ 4218477.7, 3116065.3 ], [ 4218467.2, 3116093.9 ], [ 4218362.2, 3116074.3 ], [ 4218355.9, 3116060.7 ], [ 4218342.2, 3116054.4 ], [ 4218189.9, 3116050.1 ], [ 4218183.0, 3116023.6 ], [ 4218167.0, 3116015.2 ], [ 4218052.0, 3116063.4 ], [ 4218033.3, 3116062.8 ], [ 4218029.0, 3116047.7 ], [ 4218108.8, 3115975.7 ], [ 4218125.4, 3115933.0 ], [ 4218181.9, 3115936.2 ], [ 4218204.5, 3115929.5 ], [ 4218319.7, 3115849.6 ], [ 4218328.0, 3115822.0 ], [ 4218272.2, 3115696.2 ], [ 4218164.5, 3115594.8 ], [ 4218029.7, 3115503.8 ], [ 4218053.8, 3115456.1 ], [ 4218146.8, 3115521.5 ], [ 4218208.9, 3115553.9 ], [ 4218228.5, 3115535.8 ], [ 4218229.0, 3115437.9 ], [ 4218239.1, 3115467.2 ], [ 4218237.8, 3115543.4 ], [ 4218252.2, 3115557.1 ], [ 4218313.4, 3115679.4 ], [ 4218405.6, 3115786.1 ], [ 4218423.8, 3115789.0 ], [ 4218441.7, 3115774.8 ], [ 4218511.9, 3115813.7 ], [ 4218499.0, 3115834.9 ], [ 4218504.5, 3115855.8 ], [ 4218602.8, 3115920.2 ], [ 4218651.3, 3115935.7 ], [ 4218797.1, 3115961.1 ], [ 4218971.3, 3115979.3 ], [ 4218989.7, 3115968.9 ], [ 4218996.1, 3115945.5 ], [ 4219232.5, 3115946.0 ], [ 4219327.4, 3115956.5 ], [ 4219347.6, 3115940.7 ], [ 4219343.7, 3115916.2 ], [ 4219279.9, 3115901.1 ], [ 4219253.1, 3115886.8 ], [ 4219237.0, 3115845.3 ], [ 4219361.7, 3115785.6 ], [ 4219364.1, 3115723.0 ], [ 4219337.8, 3115702.7 ], [ 4219354.4, 3115600.8 ], [ 4219348.5, 3115580.5 ], [ 4219317.3, 3115539.2 ], [ 4219279.8, 3115523.2 ], [ 4219248.8, 3115474.1 ], [ 4219188.2, 3115404.5 ], [ 4219201.7, 3115393.9 ], [ 4219204.4, 3115379.9 ], [ 4219178.5, 3115336.9 ], [ 4219190.3, 3115308.5 ], [ 4219245.7, 3115325.8 ], [ 4219270.8, 3115322.8 ], [ 4219280.1, 3115303.5 ], [ 4219270.0, 3115259.5 ], [ 4219284.9, 3115261.0 ], [ 4219297.4, 3115252.6 ], [ 4219304.8, 3115211.0 ], [ 4219344.3, 3115205.7 ], [ 4219340.5, 3115396.5 ], [ 4219358.5, 3115467.2 ], [ 4219445.5, 3115558.6 ], [ 4219481.1, 3115538.1 ], [ 4219532.7, 3115482.0 ], [ 4219569.9, 3115455.1 ], [ 4219592.1, 3115492.4 ], [ 4219580.8, 3115504.6 ], [ 4219580.2, 3115521.3 ], [ 4219487.3, 3115627.3 ], [ 4219467.4, 3115626.4 ], [ 4219454.4, 3115637.6 ], [ 4219442.5, 3115708.5 ], [ 4219446.3, 3115737.0 ], [ 4219460.2, 3115746.7 ], [ 4219496.1, 3115743.9 ], [ 4219570.8, 3115907.2 ], [ 4219611.9, 3115947.8 ], [ 4219626.3, 3115951.5 ], [ 4219649.0, 3115934.1 ], [ 4219652.6, 3115917.1 ], [ 4219588.7, 3115800.0 ], [ 4219671.8, 3115842.7 ], [ 4219730.0, 3115862.4 ], [ 4219776.4, 3115863.1 ], [ 4219796.8, 3115878.8 ], [ 4219814.3, 3115879.5 ], [ 4219838.9, 3115854.7 ], [ 4219825.7, 3115826.2 ], [ 4219809.3, 3115815.5 ], [ 4219763.8, 3115813.4 ], [ 4219734.1, 3115799.8 ], [ 4219819.5, 3115707.2 ], [ 4219862.4, 3115775.6 ], [ 4219876.2, 3115846.4 ], [ 4219935.3, 3115962.5 ], [ 4219995.0, 3116036.4 ], [ 4220014.5, 3116041.8 ], [ 4219998.8, 3116081.7 ], [ 4219977.5, 3116108.8 ], [ 4219978.1, 3116126.3 ], [ 4219969.8, 3116127.2 ], [ 4219936.5, 3116120.5 ], [ 4219870.4, 3116086.0 ], [ 4219855.9, 3116086.6 ], [ 4219843.3, 3116099.1 ], [ 4219738.5, 3116018.2 ], [ 4219724.2, 3116019.1 ], [ 4219703.5, 3116036.3 ], [ 4219700.8, 3116059.8 ], [ 4219736.3, 3116090.7 ], [ 4219846.9, 3116155.2 ], [ 4219967.8, 3116192.9 ], [ 4220004.1, 3116178.0 ], [ 4220014.1, 3116142.1 ], [ 4220058.4, 3116105.3 ], [ 4220091.1, 3116053.3 ], [ 4220097.5, 3116097.7 ], [ 4220065.9, 3116269.4 ], [ 4220071.3, 3116309.6 ], [ 4220105.0, 3116363.8 ], [ 4220125.6, 3116414.4 ], [ 4220209.6, 3116454.9 ], [ 4220231.2, 3116479.0 ], [ 4220286.6, 3116499.4 ], [ 4220327.6, 3116530.2 ], [ 4220358.6, 3116527.5 ], [ 4220386.4, 3116544.3 ], [ 4220431.6, 3116549.9 ], [ 4220466.1, 3116571.2 ], [ 4220483.7, 3116567.5 ], [ 4220492.8, 3116551.9 ], [ 4220550.6, 3116548.8 ], [ 4220577.1, 3116542.5 ], [ 4220589.6, 3116530.5 ], [ 4220603.9, 3116480.7 ], [ 4220597.2, 3116461.2 ], [ 4220557.2, 3116442.5 ], [ 4220544.1, 3116420.4 ], [ 4220426.9, 3116389.6 ], [ 4220434.9, 3116344.7 ], [ 4220424.0, 3116325.6 ], [ 4220356.0, 3116308.8 ], [ 4220302.2, 3116285.9 ], [ 4220345.0, 3116181.2 ], [ 4220466.7, 3116230.0 ], [ 4220445.2, 3116308.3 ], [ 4220455.1, 3116329.1 ], [ 4220582.6, 3116362.3 ], [ 4220603.3, 3116346.3 ], [ 4220615.3, 3116264.1 ], [ 4220680.6, 3116267.9 ], [ 4220730.0, 3116257.8 ], [ 4220776.8, 3116237.6 ], [ 4220799.5, 3116208.2 ], [ 4220793.1, 3116301.5 ], [ 4220809.4, 3116378.6 ], [ 4220746.8, 3116384.0 ], [ 4220734.5, 3116395.9 ], [ 4220734.3, 3116413.4 ], [ 4220743.9, 3116424.5 ], [ 4220823.2, 3116457.6 ], [ 4220889.1, 3116451.9 ], [ 4220937.2, 3116508.1 ], [ 4220901.0, 3116523.1 ], [ 4220791.6, 3116528.2 ], [ 4220751.9, 3116625.6 ], [ 4220687.8, 3116604.9 ], [ 4220670.2, 3116610.8 ], [ 4220647.0, 3116649.9 ], [ 4220647.7, 3116676.9 ], [ 4220734.7, 3116710.1 ], [ 4220808.2, 3116720.6 ], [ 4220975.0, 3116764.3 ], [ 4220993.4, 3116754.6 ], [ 4220996.6, 3116733.6 ], [ 4221099.9, 3116715.0 ], [ 4221115.7, 3116700.8 ], [ 4221109.4, 3116641.4 ], [ 4221123.7, 3116593.0 ], [ 4221145.3, 3116572.8 ], [ 4221142.7, 3116529.9 ], [ 4221129.1, 3116517.6 ], [ 4221108.0, 3116521.6 ], [ 4221085.0, 3116577.7 ], [ 4221062.7, 3116535.1 ], [ 4220978.5, 3116422.7 ], [ 4220905.1, 3116282.9 ], [ 4220903.0, 3116256.2 ], [ 4220930.5, 3116237.7 ], [ 4221067.8, 3116348.1 ], [ 4221059.2, 3116365.8 ], [ 4221066.3, 3116382.5 ], [ 4221188.4, 3116461.8 ], [ 4221188.7, 3116479.6 ], [ 4221201.9, 3116491.4 ], [ 4221342.3, 3116455.8 ], [ 4221360.7, 3116504.8 ], [ 4221382.1, 3116515.8 ], [ 4221484.7, 3116467.7 ], [ 4221516.4, 3116526.2 ], [ 4221509.4, 3116553.1 ], [ 4221526.4, 3116565.8 ], [ 4221546.8, 3116559.2 ], [ 4221605.6, 3116517.2 ], [ 4221625.0, 3116498.0 ], [ 4221625.0, 3116479.4 ], [ 4221607.1, 3116466.7 ], [ 4221586.1, 3116475.0 ], [ 4221556.8, 3116430.3 ], [ 4221563.5, 3116411.0 ], [ 4221552.1, 3116393.4 ], [ 4221582.9, 3116353.4 ], [ 4221601.7, 3116341.3 ], [ 4221632.8, 3116357.7 ], [ 4221635.3, 3116379.4 ], [ 4221662.1, 3116398.8 ], [ 4221678.9, 3116399.6 ], [ 4221693.1, 3116386.0 ], [ 4221696.7, 3116372.8 ], [ 4221689.5, 3116357.5 ], [ 4221712.2, 3116281.9 ], [ 4221703.2, 3116267.1 ], [ 4221673.7, 3116256.9 ], [ 4221702.5, 3116159.4 ], [ 4221707.7, 3116148.0 ], [ 4221751.2, 3116163.4 ], [ 4221771.2, 3116156.7 ], [ 4221826.8, 3115991.2 ], [ 4221830.1, 3116005.8 ], [ 4221841.9, 3116014.9 ], [ 4221856.8, 3116014.4 ], [ 4221868.0, 3116004.5 ], [ 4221895.2, 3115906.9 ], [ 4222004.9, 3115759.8 ], [ 4222022.9, 3115609.1 ], [ 4221987.7, 3115581.1 ], [ 4221971.3, 3115586.8 ], [ 4221957.7, 3115605.2 ], [ 4221917.2, 3115601.8 ], [ 4221924.5, 3115536.8 ], [ 4221897.3, 3115388.8 ], [ 4221902.8, 3115315.4 ], [ 4221912.2, 3115305.0 ], [ 4221915.4, 3115280.8 ], [ 4221932.0, 3115263.0 ], [ 4221918.8, 3115239.1 ], [ 4221925.4, 3115185.3 ], [ 4221917.1, 3115170.2 ], [ 4221904.0, 3115165.5 ], [ 4221813.7, 3115172.7 ], [ 4221764.7, 3115163.4 ], [ 4221684.5, 3115134.1 ], [ 4221660.9, 3115117.1 ], [ 4221623.8, 3115111.6 ], [ 4221549.7, 3115068.9 ], [ 4221532.9, 3115069.6 ], [ 4221519.2, 3115080.7 ], [ 4221475.7, 3115074.6 ], [ 4221477.5, 3115051.7 ], [ 4221461.8, 3115037.3 ], [ 4221414.4, 3115034.2 ], [ 4221375.1, 3115045.1 ], [ 4221372.2, 3115015.8 ], [ 4221460.7, 3115010.8 ], [ 4221509.7, 3115023.0 ], [ 4221657.1, 3115074.0 ], [ 4221675.6, 3115090.7 ], [ 4221812.4, 3115128.1 ], [ 4221885.8, 3115111.5 ], [ 4221893.1, 3115084.9 ], [ 4221883.2, 3115074.2 ], [ 4221864.1, 3115070.1 ], [ 4221960.8, 3114996.4 ], [ 4222090.9, 3114924.1 ], [ 4222115.3, 3114945.5 ], [ 4222124.7, 3115012.1 ], [ 4222138.0, 3115025.1 ], [ 4222156.4, 3115023.3 ], [ 4222211.3, 3114982.7 ], [ 4222218.1, 3114959.9 ], [ 4222191.0, 3114941.1 ], [ 4222180.0, 3114900.6 ], [ 4222141.1, 3114879.9 ], [ 4222119.2, 3114847.0 ], [ 4221999.6, 3114785.5 ], [ 4221929.7, 3114677.4 ], [ 4221899.2, 3114586.0 ], [ 4221900.8, 3114535.7 ], [ 4221877.0, 3114519.7 ], [ 4221891.0, 3114435.7 ], [ 4221956.1, 3114323.4 ], [ 4221948.1, 3114300.6 ], [ 4221725.1, 3114258.7 ], [ 4221573.8, 3114193.0 ], [ 4221404.0, 3114137.7 ], [ 4221180.8, 3114021.2 ], [ 4221072.7, 3113981.2 ], [ 4221026.9, 3113975.0 ], [ 4220939.9, 3113992.7 ], [ 4220928.3, 3113967.5 ], [ 4220958.2, 3113942.1 ], [ 4220970.4, 3113908.6 ], [ 4221010.3, 3113923.3 ], [ 4221156.7, 3113940.9 ], [ 4221225.4, 3113973.7 ], [ 4221231.7, 3113998.4 ], [ 4221270.7, 3114016.6 ], [ 4221296.0, 3114017.0 ], [ 4221345.1, 3114042.8 ], [ 4221389.8, 3114053.3 ], [ 4221763.2, 3114207.0 ], [ 4221966.2, 3114256.8 ], [ 4221981.0, 3114246.8 ], [ 4221983.5, 3114229.1 ], [ 4222030.8, 3114196.6 ], [ 4222057.2, 3114159.9 ], [ 4222090.9, 3114049.0 ], [ 4222084.5, 3114007.2 ], [ 4222169.6, 3114023.5 ], [ 4222194.4, 3114064.2 ], [ 4222220.2, 3114056.8 ], [ 4222253.8, 3113953.1 ], [ 4222290.7, 3113878.4 ], [ 4222287.0, 3113864.2 ], [ 4222253.3, 3113828.5 ], [ 4222308.1, 3113777.3 ], [ 4222324.1, 3113741.2 ], [ 4222347.8, 3113714.0 ], [ 4222378.4, 3113693.7 ], [ 4222455.0, 3113696.3 ], [ 4222495.8, 3113670.9 ], [ 4222601.7, 3113686.1 ], [ 4222612.4, 3113701.9 ], [ 4222632.3, 3113703.8 ], [ 4222723.4, 3113661.4 ], [ 4222784.6, 3113623.5 ], [ 4222790.7, 3113606.2 ], [ 4222778.1, 3113573.5 ], [ 4222921.4, 3113502.9 ], [ 4222975.9, 3113500.2 ], [ 4223083.0, 3113540.8 ], [ 4223130.2, 3113569.1 ], [ 4223211.0, 3113658.8 ], [ 4223290.8, 3113679.2 ], [ 4223328.1, 3113671.6 ], [ 4223441.8, 3113690.5 ], [ 4223574.3, 3113686.5 ], [ 4223675.4, 3113669.9 ], [ 4223789.6, 3113630.8 ], [ 4223799.1, 3113616.1 ], [ 4223794.9, 3113599.1 ], [ 4223807.1, 3113550.9 ], [ 4223809.1, 3113495.3 ], [ 4223836.6, 3113435.2 ], [ 4223858.6, 3113441.6 ], [ 4223875.8, 3113430.4 ], [ 4223901.2, 3113359.0 ], [ 4223958.1, 3113254.0 ], [ 4223947.9, 3113238.5 ], [ 4223916.1, 3113225.4 ], [ 4223890.1, 3113192.6 ], [ 4223849.2, 3113201.6 ], [ 4223843.1, 3113235.7 ], [ 4223774.8, 3113238.3 ], [ 4223756.5, 3113214.6 ], [ 4223811.6, 3113196.9 ], [ 4223818.7, 3113145.3 ], [ 4223913.7, 3113146.5 ], [ 4223926.4, 3113140.5 ], [ 4223935.2, 3113108.4 ], [ 4223926.9, 3113072.6 ], [ 4223947.7, 3113065.3 ], [ 4223953.8, 3113043.6 ], [ 4223939.5, 3113015.5 ], [ 4223901.1, 3113004.9 ], [ 4223857.5, 3113017.7 ], [ 4223849.7, 3113040.9 ], [ 4223649.7, 3113006.8 ], [ 4223654.9, 3112970.8 ], [ 4223690.1, 3112970.0 ], [ 4223698.3, 3112932.2 ], [ 4223759.3, 3112941.5 ], [ 4223778.9, 3112924.3 ], [ 4223758.0, 3112856.8 ], [ 4223750.0, 3112791.3 ], [ 4223733.1, 3112776.9 ], [ 4223716.0, 3112777.3 ], [ 4223705.8, 3112786.7 ], [ 4223678.3, 3112870.1 ], [ 4223653.4, 3112916.4 ], [ 4223638.2, 3112922.4 ], [ 4223591.3, 3112910.7 ], [ 4223636.4, 3112862.3 ], [ 4223688.7, 3112756.1 ], [ 4223692.2, 3112715.9 ], [ 4223707.6, 3112709.6 ], [ 4223758.7, 3112659.4 ], [ 4223805.1, 3112593.3 ], [ 4223803.6, 3112571.5 ], [ 4223674.2, 3112514.0 ], [ 4223575.7, 3112490.9 ], [ 4223457.3, 3112434.2 ], [ 4223489.5, 3112392.8 ], [ 4223509.5, 3112387.1 ], [ 4223515.8, 3112367.3 ], [ 4223502.7, 3112347.6 ], [ 4223456.2, 3112338.2 ], [ 4223428.5, 3112290.4 ], [ 4223294.6, 3112271.6 ], [ 4223113.9, 3112119.1 ], [ 4223096.6, 3112116.8 ], [ 4223083.4, 3112125.9 ], [ 4222859.9, 3111998.0 ], [ 4222838.3, 3111997.6 ], [ 4222742.1, 3111950.5 ], [ 4222632.6, 3111930.1 ], [ 4222613.4, 3111800.6 ], [ 4222788.3, 3111774.5 ], [ 4222837.8, 3111753.7 ], [ 4223036.9, 3111857.7 ], [ 4223156.7, 3111812.0 ], [ 4223167.2, 3111831.6 ], [ 4223246.3, 3111891.3 ], [ 4223236.6, 3111910.8 ], [ 4223247.0, 3111929.7 ], [ 4223481.0, 3112064.3 ], [ 4223503.8, 3112086.4 ], [ 4223606.7, 3112124.2 ], [ 4223621.9, 3112115.9 ], [ 4223627.4, 3112093.6 ], [ 4223609.5, 3112074.3 ], [ 4223598.4, 3112016.4 ], [ 4223500.6, 3111968.0 ], [ 4223451.4, 3111931.3 ], [ 4223317.6, 3111788.4 ], [ 4223104.2, 3111613.1 ], [ 4222975.4, 3111546.6 ], [ 4222839.4, 3111538.5 ], [ 4222674.6, 3111599.3 ], [ 4222582.8, 3111676.2 ], [ 4222537.1, 3111704.6 ], [ 4222197.4, 3111757.1 ], [ 4222046.7, 3111811.6 ], [ 4221930.0, 3111876.8 ], [ 4221855.0, 3111931.9 ], [ 4221720.7, 3111994.7 ], [ 4221647.2, 3112056.5 ], [ 4221574.6, 3112088.9 ], [ 4221492.5, 3112157.7 ], [ 4221313.0, 3112220.9 ], [ 4221215.6, 3112280.1 ], [ 4221155.7, 3112285.2 ], [ 4221128.7, 3112323.3 ], [ 4221111.0, 3112314.1 ], [ 4221150.1, 3112266.2 ], [ 4221159.6, 3112236.0 ], [ 4221259.5, 3112145.9 ], [ 4221312.8, 3112084.3 ], [ 4221380.0, 3111981.6 ], [ 4221479.1, 3111869.0 ], [ 4221484.1, 3111851.0 ], [ 4221474.8, 3111836.3 ], [ 4221083.1, 3111680.1 ], [ 4220905.9, 3111629.0 ], [ 4220889.5, 3111635.1 ], [ 4220878.9, 3111659.4 ], [ 4220877.1, 3111677.3 ], [ 4220884.9, 3111689.7 ], [ 4220859.1, 3111781.9 ], [ 4220711.0, 3111732.4 ], [ 4220720.1, 3111696.6 ], [ 4220713.1, 3111681.3 ], [ 4220624.2, 3111654.4 ], [ 4220602.8, 3111665.3 ], [ 4220594.7, 3111700.9 ], [ 4220454.7, 3111659.1 ], [ 4220368.8, 3111617.8 ], [ 4220350.7, 3111634.2 ], [ 4220342.3, 3111698.7 ], [ 4220287.5, 3111627.6 ], [ 4220157.6, 3111425.2 ], [ 4220124.8, 3111388.3 ], [ 4220107.1, 3111388.6 ], [ 4220044.7, 3111426.0 ], [ 4219996.2, 3111435.7 ], [ 4219981.0, 3111429.6 ], [ 4219912.6, 3111361.2 ], [ 4219825.9, 3111327.0 ], [ 4219734.7, 3111324.1 ], [ 4219648.2, 3111332.1 ], [ 4219491.8, 3111321.4 ], [ 4219462.1, 3111301.7 ], [ 4219442.3, 3111275.6 ], [ 4219269.7, 3111145.7 ], [ 4219214.2, 3111093.0 ], [ 4219022.2, 3110702.8 ], [ 4219002.1, 3110673.0 ], [ 4218985.3, 3110666.2 ], [ 4218964.5, 3110684.5 ], [ 4218910.3, 3111003.8 ], [ 4218836.9, 3111003.6 ], [ 4218818.2, 3111025.1 ], [ 4218557.3, 3110972.2 ], [ 4218482.6, 3110969.0 ], [ 4218402.1, 3111001.8 ], [ 4218320.6, 3111047.9 ], [ 4218268.1, 3110976.8 ], [ 4218253.3, 3110975.2 ], [ 4218211.0, 3110993.6 ], [ 4218196.3, 3110954.0 ], [ 4218177.9, 3110944.3 ], [ 4218066.3, 3110962.1 ], [ 4218060.1, 3110921.9 ], [ 4218015.2, 3110903.4 ], [ 4217995.1, 3110920.9 ], [ 4217990.4, 3111026.3 ], [ 4217866.8, 3111030.3 ], [ 4217848.8, 3111040.7 ], [ 4217845.7, 3111054.5 ], [ 4217866.2, 3111141.2 ], [ 4217861.5, 3111165.6 ], [ 4217871.6, 3111176.4 ], [ 4217904.3, 3111186.9 ], [ 4217893.8, 3111226.4 ], [ 4217897.2, 3111240.6 ], [ 4217974.8, 3111269.0 ], [ 4217958.7, 3111398.4 ], [ 4217966.5, 3111418.4 ], [ 4218032.1, 3111455.7 ], [ 4218270.9, 3111522.0 ], [ 4218389.5, 3111579.4 ], [ 4218417.8, 3111575.8 ], [ 4218521.6, 3111619.3 ], [ 4218539.6, 3111616.5 ], [ 4218551.7, 3111599.7 ], [ 4218617.6, 3111622.6 ], [ 4218700.8, 3111638.5 ], [ 4218729.2, 3111654.9 ], [ 4218763.7, 3111692.5 ], [ 4218668.8, 3111729.8 ], [ 4218655.4, 3111745.1 ], [ 4218650.9, 3111797.2 ], [ 4218724.4, 3111855.2 ], [ 4218714.3, 3111895.3 ], [ 4218645.5, 3111858.0 ], [ 4218596.1, 3111854.4 ], [ 4218582.7, 3111864.8 ], [ 4218570.7, 3111917.6 ], [ 4218556.8, 3111936.6 ], [ 4218529.7, 3111950.8 ], [ 4218488.0, 3111954.3 ], [ 4218492.7, 3111912.3 ], [ 4218487.2, 3111898.9 ], [ 4218474.6, 3111891.7 ], [ 4218458.2, 3111894.3 ], [ 4218444.0, 3111868.2 ], [ 4218407.0, 3111860.1 ], [ 4218390.5, 3111874.3 ], [ 4218387.4, 3111906.9 ], [ 4218255.0, 3111974.7 ], [ 4218221.8, 3111998.5 ], [ 4218210.8, 3112015.7 ], [ 4218098.9, 3112024.6 ], [ 4218074.5, 3111991.0 ], [ 4218056.5, 3111903.8 ], [ 4218075.5, 3111890.3 ], [ 4218082.3, 3111875.0 ], [ 4218062.7, 3111807.4 ], [ 4217940.4, 3111745.5 ], [ 4217963.7, 3111661.0 ], [ 4217975.3, 3111646.8 ], [ 4217997.2, 3111523.4 ], [ 4218018.1, 3111523.8 ], [ 4218031.7, 3111503.4 ], [ 4218021.4, 3111477.6 ], [ 4217964.8, 3111461.2 ], [ 4217888.1, 3111492.0 ], [ 4217827.9, 3111484.1 ], [ 4217794.0, 3111522.8 ], [ 4217791.2, 3111548.3 ], [ 4217709.7, 3111567.1 ], [ 4217674.8, 3111587.2 ], [ 4217668.1, 3111606.9 ], [ 4217686.7, 3111693.4 ], [ 4217687.0, 3111821.4 ], [ 4217678.3, 3111820.4 ], [ 4217622.8, 3111756.6 ], [ 4217633.2, 3111726.7 ], [ 4217630.3, 3111651.1 ], [ 4217623.8, 3111638.7 ], [ 4217518.3, 3111602.8 ], [ 4217504.9, 3111591.1 ], [ 4217418.2, 3111593.0 ], [ 4217436.0, 3111475.2 ], [ 4217429.4, 3111459.0 ], [ 4217352.8, 3111429.9 ], [ 4217330.4, 3111453.8 ], [ 4217344.2, 3111477.0 ], [ 4217342.2, 3111520.0 ], [ 4217285.0, 3111517.3 ], [ 4217238.8, 3111500.2 ], [ 4217220.1, 3111470.3 ], [ 4217159.5, 3111415.0 ], [ 4217162.3, 3111406.8 ], [ 4217179.1, 3111410.4 ], [ 4217193.8, 3111400.6 ], [ 4217209.8, 3111362.9 ], [ 4217205.2, 3111343.3 ], [ 4217054.3, 3111285.7 ], [ 4216918.9, 3111159.2 ], [ 4216873.7, 3111096.8 ], [ 4216847.1, 3111099.7 ], [ 4216793.7, 3111177.9 ], [ 4216803.0, 3111197.0 ], [ 4216860.3, 3111216.5 ], [ 4216895.8, 3111239.7 ], [ 4216854.9, 3111309.9 ], [ 4216791.4, 3111305.1 ], [ 4216690.8, 3111278.0 ], [ 4216654.1, 3111218.3 ], [ 4216649.1, 3111190.9 ], [ 4216678.1, 3111166.5 ], [ 4216679.7, 3111137.4 ], [ 4216712.4, 3111098.3 ], [ 4216675.4, 3110998.2 ], [ 4216685.9, 3110992.4 ], [ 4216764.8, 3111021.8 ], [ 4216783.1, 3111011.9 ], [ 4216786.1, 3110994.7 ], [ 4216767.7, 3110943.3 ], [ 4216734.6, 3110904.6 ], [ 4216714.1, 3110902.4 ], [ 4216680.9, 3110929.2 ], [ 4216651.5, 3110896.5 ], [ 4216633.8, 3110865.9 ], [ 4216631.4, 3110821.2 ], [ 4216563.4, 3110735.8 ], [ 4216576.0, 3110721.3 ], [ 4216596.4, 3110722.8 ], [ 4216608.3, 3110710.2 ], [ 4216610.6, 3110632.9 ], [ 4216590.6, 3110557.0 ], [ 4216556.0, 3110519.0 ], [ 4216499.3, 3110500.5 ], [ 4216340.8, 3110505.8 ], [ 4216269.9, 3110520.0 ], [ 4216225.7, 3110543.5 ], [ 4216193.9, 3110572.1 ], [ 4216156.1, 3110678.4 ], [ 4216165.2, 3110697.4 ], [ 4216182.7, 3110701.1 ], [ 4216229.5, 3110662.5 ], [ 4216257.6, 3110650.8 ], [ 4216337.6, 3110642.0 ], [ 4216447.0, 3110656.6 ], [ 4216483.5, 3110678.0 ], [ 4216482.7, 3110728.2 ], [ 4216504.5, 3110795.5 ], [ 4216585.4, 3110933.7 ], [ 4216583.4, 3110985.6 ], [ 4216640.6, 3111045.1 ], [ 4216614.0, 3111068.8 ], [ 4216587.2, 3111037.6 ], [ 4216559.4, 3111030.9 ], [ 4216544.7, 3111033.7 ], [ 4216519.6, 3111054.2 ], [ 4216514.0, 3111081.2 ], [ 4216552.8, 3111119.5 ], [ 4216524.4, 3111146.5 ], [ 4216416.5, 3111035.9 ], [ 4216326.1, 3110972.3 ], [ 4216246.4, 3110956.3 ], [ 4216057.6, 3110971.7 ], [ 4216072.1, 3110939.0 ], [ 4216053.2, 3110919.7 ], [ 4216033.1, 3110922.8 ], [ 4216022.9, 3110932.9 ], [ 4216021.9, 3110972.0 ], [ 4215985.3, 3110959.9 ], [ 4215966.4, 3110968.2 ], [ 4215932.9, 3111053.1 ], [ 4215889.6, 3111057.6 ], [ 4215765.8, 3111034.0 ], [ 4215785.9, 3111002.7 ], [ 4215865.7, 3111030.6 ], [ 4215914.2, 3111001.0 ], [ 4215919.3, 3110963.0 ], [ 4215893.3, 3110933.3 ], [ 4215789.9, 3110908.1 ], [ 4215758.4, 3110887.3 ], [ 4215740.9, 3110856.4 ], [ 4215743.5, 3110815.7 ], [ 4215749.2, 3110794.7 ], [ 4215836.7, 3110741.4 ], [ 4216065.1, 3110631.4 ], [ 4216072.7, 3110506.0 ], [ 4216064.3, 3110444.5 ], [ 4216048.0, 3110400.2 ], [ 4216030.8, 3110395.0 ], [ 4215959.2, 3110410.5 ], [ 4215949.7, 3110387.4 ], [ 4215893.0, 3110337.1 ], [ 4215772.8, 3110307.7 ], [ 4215785.3, 3110279.0 ], [ 4215812.9, 3110258.0 ], [ 4215812.6, 3110240.4 ], [ 4215799.2, 3110228.4 ], [ 4215484.9, 3110163.7 ], [ 4215347.6, 3110115.4 ], [ 4215309.5, 3110080.5 ], [ 4215291.2, 3110044.1 ], [ 4215289.2, 3109958.7 ], [ 4215279.2, 3109924.6 ], [ 4215222.7, 3109863.1 ], [ 4215205.5, 3109863.4 ], [ 4215195.3, 3109872.8 ], [ 4215157.4, 3109999.1 ], [ 4215078.4, 3109966.2 ], [ 4215025.2, 3110022.1 ], [ 4214982.5, 3110028.3 ], [ 4214943.7, 3110052.7 ], [ 4214908.6, 3110050.8 ], [ 4214857.4, 3110006.0 ], [ 4214842.5, 3109982.7 ], [ 4214797.2, 3109974.8 ], [ 4214803.7, 3109927.9 ], [ 4214791.2, 3109911.6 ], [ 4214746.7, 3109911.9 ], [ 4214588.0, 3109883.5 ], [ 4214576.9, 3109859.4 ], [ 4214454.6, 3109830.6 ], [ 4214442.7, 3109807.8 ], [ 4214404.8, 3109804.8 ], [ 4214396.1, 3109779.0 ], [ 4214330.1, 3109752.4 ], [ 4214288.0, 3109775.3 ], [ 4214287.6, 3109666.6 ], [ 4214271.3, 3109657.9 ], [ 4214177.6, 3109652.6 ], [ 4214109.8, 3109665.6 ], [ 4214006.4, 3109726.0 ], [ 4214003.1, 3109753.3 ], [ 4214018.5, 3109786.4 ], [ 4213999.0, 3109861.3 ], [ 4214001.5, 3109878.1 ], [ 4214172.1, 3110054.9 ], [ 4214209.0, 3110079.9 ], [ 4214245.4, 3110091.5 ], [ 4214315.6, 3110074.9 ], [ 4214352.3, 3110082.3 ], [ 4214367.8, 3110073.2 ], [ 4214372.3, 3110057.5 ], [ 4214537.2, 3110156.4 ], [ 4214564.2, 3110179.7 ], [ 4214568.2, 3110203.6 ], [ 4214548.1, 3110221.2 ], [ 4214519.4, 3110225.8 ], [ 4214510.9, 3110204.8 ], [ 4214454.5, 3110186.7 ], [ 4214441.0, 3110168.3 ], [ 4214396.5, 3110168.6 ], [ 4214344.2, 3110154.3 ], [ 4214354.5, 3110114.1 ], [ 4214346.3, 3110102.6 ], [ 4214322.2, 3110094.1 ], [ 4214199.4, 3110109.2 ], [ 4214144.9, 3110083.6 ], [ 4214105.4, 3110079.0 ], [ 4214089.4, 3110088.2 ], [ 4214086.0, 3110106.5 ], [ 4214105.6, 3110159.5 ], [ 4214089.9, 3110250.0 ], [ 4214097.8, 3110304.9 ], [ 4214080.5, 3110332.0 ], [ 4214096.9, 3110406.4 ], [ 4214117.7, 3110438.5 ], [ 4214118.4, 3110467.2 ], [ 4214109.7, 3110517.0 ], [ 4214069.4, 3110579.6 ], [ 4214063.6, 3110610.7 ], [ 4214084.2, 3110704.0 ], [ 4214095.6, 3110807.0 ], [ 4214122.0, 3110848.6 ], [ 4214215.8, 3110916.8 ], [ 4214224.8, 3110939.7 ], [ 4214251.2, 3110959.3 ], [ 4214353.7, 3110999.4 ], [ 4214410.1, 3111004.2 ], [ 4214428.9, 3110989.1 ], [ 4214486.0, 3111017.4 ], [ 4214512.5, 3111039.5 ], [ 4214519.0, 3111051.0 ], [ 4214460.1, 3111102.9 ], [ 4214380.6, 3111101.0 ], [ 4214332.4, 3111118.4 ], [ 4214309.4, 3111143.2 ], [ 4214290.6, 3111193.7 ], [ 4214322.7, 3111258.4 ], [ 4214520.0, 3111291.4 ], [ 4214528.3, 3111352.2 ], [ 4214346.5, 3111732.5 ], [ 4214342.9, 3111760.5 ], [ 4214261.2, 3111831.1 ], [ 4214243.0, 3111831.6 ], [ 4214192.6, 3111772.0 ], [ 4214176.5, 3111763.3 ], [ 4214081.2, 3111808.7 ], [ 4214056.1, 3111752.7 ], [ 4214037.9, 3111742.7 ], [ 4214012.2, 3111759.6 ], [ 4213978.2, 3111837.7 ], [ 4213969.6, 3111844.0 ], [ 4213944.1, 3111838.8 ], [ 4213958.5, 3111798.4 ], [ 4213951.4, 3111769.5 ], [ 4213939.0, 3111756.2 ], [ 4213924.4, 3111755.3 ], [ 4213900.4, 3111730.5 ], [ 4213863.3, 3111713.8 ], [ 4213752.8, 3111713.4 ], [ 4213714.0, 3111705.6 ], [ 4213671.1, 3111682.2 ], [ 4213651.3, 3111658.0 ], [ 4213801.1, 3111584.8 ], [ 4213821.2, 3111583.9 ], [ 4213861.3, 3111550.7 ], [ 4213906.1, 3111538.5 ], [ 4213926.1, 3111523.5 ], [ 4213978.3, 3111455.2 ], [ 4214009.6, 3111396.7 ], [ 4213992.4, 3111373.8 ], [ 4213940.8, 3111354.6 ], [ 4213935.6, 3111336.5 ], [ 4214225.0, 3111228.1 ], [ 4214253.7, 3111194.2 ], [ 4214247.1, 3111124.8 ], [ 4214231.7, 3111065.8 ], [ 4214238.4, 3111050.0 ], [ 4214234.7, 3111036.4 ], [ 4214112.1, 3110934.5 ], [ 4214087.3, 3110894.9 ], [ 4214069.5, 3110886.2 ], [ 4214050.3, 3110835.4 ], [ 4214029.6, 3110740.1 ], [ 4214031.9, 3110689.5 ], [ 4214021.8, 3110631.3 ], [ 4214039.7, 3110620.8 ], [ 4214042.9, 3110599.0 ], [ 4214036.3, 3110579.2 ], [ 4214020.9, 3110568.7 ], [ 4214023.5, 3110479.8 ], [ 4214000.7, 3110390.6 ], [ 4213973.4, 3110327.3 ], [ 4214010.8, 3110300.8 ], [ 4214000.8, 3110261.1 ], [ 4214000.4, 3110190.4 ], [ 4214018.4, 3110150.7 ], [ 4214023.1, 3110119.3 ], [ 4213990.1, 3110069.0 ], [ 4213949.5, 3110032.8 ], [ 4213894.1, 3109952.2 ], [ 4213855.1, 3109942.2 ], [ 4213836.1, 3109952.3 ], [ 4213792.8, 3109958.3 ], [ 4213753.1, 3109955.1 ], [ 4213596.4, 3109921.2 ], [ 4213540.7, 3109893.0 ], [ 4213507.6, 3109890.4 ], [ 4213460.6, 3109868.4 ], [ 4213312.1, 3109766.7 ], [ 4213304.2, 3109745.2 ], [ 4213259.7, 3109727.6 ], [ 4213241.4, 3109711.6 ], [ 4213223.3, 3109713.8 ], [ 4213211.5, 3109732.3 ], [ 4213172.7, 3109724.8 ], [ 4213097.9, 3109704.0 ], [ 4212990.8, 3109654.4 ], [ 4212810.2, 3109615.2 ], [ 4212775.4, 3109636.2 ], [ 4212770.0, 3109677.0 ], [ 4212754.6, 3109705.4 ], [ 4212602.6, 3109888.7 ], [ 4212575.6, 3109953.8 ], [ 4212550.1, 3110075.8 ], [ 4212500.9, 3110083.7 ], [ 4212478.9, 3110163.6 ], [ 4212448.3, 3110187.4 ], [ 4212441.8, 3110118.3 ], [ 4212419.1, 3110036.4 ], [ 4212426.2, 3109992.8 ], [ 4212525.5, 3109859.4 ], [ 4212669.0, 3109716.9 ], [ 4212676.8, 3109690.8 ], [ 4212675.4, 3109602.6 ], [ 4212661.2, 3109585.4 ], [ 4212549.1, 3109551.3 ], [ 4212542.4, 3109511.9 ], [ 4212422.9, 3109436.7 ], [ 4212376.7, 3109425.5 ], [ 4212320.3, 3109435.4 ], [ 4212307.8, 3109427.5 ], [ 4212293.0, 3109429.3 ], [ 4212220.9, 3109481.4 ], [ 4212197.5, 3109514.1 ], [ 4212162.8, 3109663.3 ], [ 4212173.4, 3109691.8 ], [ 4212207.8, 3109724.5 ], [ 4212226.0, 3109726.9 ], [ 4212240.5, 3109715.7 ], [ 4212292.1, 3109749.3 ], [ 4212305.1, 3109767.0 ], [ 4212282.7, 3109776.6 ], [ 4212275.2, 3109789.0 ], [ 4212279.3, 3109818.9 ], [ 4212309.3, 3109836.8 ], [ 4212283.0, 3109890.6 ], [ 4212289.7, 3109903.5 ], [ 4212325.7, 3109927.6 ], [ 4212281.2, 3109995.3 ], [ 4212199.2, 3109993.2 ], [ 4212160.9, 3110002.9 ], [ 4212094.2, 3110090.9 ], [ 4212088.1, 3110115.3 ], [ 4212091.7, 3110155.9 ], [ 4212153.7, 3110222.8 ], [ 4212200.7, 3110331.0 ], [ 4212301.9, 3110420.8 ], [ 4212333.9, 3110428.9 ], [ 4212430.1, 3110428.8 ], [ 4212443.4, 3110412.0 ], [ 4212437.1, 3110358.3 ], [ 4212491.8, 3110345.7 ], [ 4212514.3, 3110392.0 ], [ 4212546.6, 3110432.3 ], [ 4212570.5, 3110500.9 ], [ 4212612.8, 3110538.1 ], [ 4212645.7, 3110598.1 ], [ 4212669.4, 3110605.5 ], [ 4212736.2, 3110572.0 ], [ 4212790.1, 3110620.8 ], [ 4212782.0, 3110651.1 ], [ 4212754.8, 3110685.8 ], [ 4212755.8, 3110707.7 ], [ 4212815.8, 3110751.5 ], [ 4212872.4, 3110781.0 ], [ 4212815.8, 3110764.2 ], [ 4212581.9, 3110653.0 ], [ 4212506.1, 3110569.4 ], [ 4212489.3, 3110562.0 ], [ 4212459.6, 3110586.0 ], [ 4212455.8, 3110607.0 ], [ 4212501.8, 3110641.9 ], [ 4212610.9, 3110754.4 ], [ 4212580.9, 3110796.3 ], [ 4212446.5, 3110745.0 ], [ 4212418.4, 3110696.4 ], [ 4212370.1, 3110684.3 ], [ 4212317.3, 3110703.4 ], [ 4212181.0, 3110798.1 ], [ 4212143.6, 3110873.7 ], [ 4212053.8, 3110831.2 ], [ 4212040.1, 3110816.2 ], [ 4211981.9, 3110825.4 ], [ 4211967.9, 3110809.1 ], [ 4211979.3, 3110765.6 ], [ 4212007.3, 3110728.8 ], [ 4212018.3, 3110695.5 ], [ 4212039.2, 3110680.9 ], [ 4212031.5, 3110635.8 ], [ 4212051.9, 3110610.7 ], [ 4212021.1, 3110549.1 ], [ 4212021.9, 3110531.7 ], [ 4211984.2, 3110465.5 ], [ 4211962.4, 3110372.4 ], [ 4211978.6, 3110363.5 ], [ 4211982.9, 3110349.1 ], [ 4211953.9, 3110251.6 ], [ 4211951.5, 3110185.8 ], [ 4211986.7, 3110021.9 ], [ 4211965.6, 3109971.3 ], [ 4211974.8, 3109952.5 ], [ 4212059.1, 3109901.4 ], [ 4212089.8, 3109850.7 ], [ 4212115.3, 3109772.0 ], [ 4212088.2, 3109700.2 ], [ 4212086.5, 3109617.1 ], [ 4212162.1, 3109420.6 ], [ 4212180.3, 3109391.8 ], [ 4212211.0, 3109366.9 ], [ 4212205.4, 3109340.7 ], [ 4212119.8, 3109286.6 ], [ 4212037.7, 3109172.1 ], [ 4212003.2, 3109142.9 ], [ 4211978.9, 3109144.2 ], [ 4211940.3, 3109184.2 ], [ 4211852.7, 3109115.7 ], [ 4211888.7, 3109063.1 ], [ 4211883.2, 3109045.5 ], [ 4211862.6, 3109029.4 ], [ 4211848.0, 3109027.2 ], [ 4211834.3, 3109035.8 ], [ 4211807.2, 3109017.2 ], [ 4211789.2, 3109019.4 ], [ 4211754.2, 3109103.0 ], [ 4211683.0, 3109078.7 ], [ 4211662.8, 3109048.4 ], [ 4211639.6, 3108984.1 ], [ 4211620.3, 3108973.9 ], [ 4211589.3, 3108995.5 ], [ 4211538.6, 3108982.0 ], [ 4211409.3, 3108985.9 ], [ 4211396.8, 3108998.4 ], [ 4211389.2, 3109045.7 ], [ 4211364.7, 3109021.2 ], [ 4211343.8, 3109021.3 ], [ 4211333.0, 3109035.2 ], [ 4211329.8, 3109069.9 ], [ 4211316.0, 3109070.5 ], [ 4211303.6, 3109082.5 ], [ 4211286.9, 3109151.0 ], [ 4211290.7, 3109165.1 ], [ 4211321.1, 3109186.8 ], [ 4211397.7, 3109205.8 ], [ 4211417.0, 3109202.8 ], [ 4211465.2, 3109153.8 ], [ 4211467.5, 3109101.1 ], [ 4211478.6, 3109073.6 ], [ 4211500.3, 3109069.3 ], [ 4211542.7, 3109073.4 ], [ 4211694.3, 3109144.2 ], [ 4211762.4, 3109155.2 ], [ 4211810.5, 3109179.7 ], [ 4211833.5, 3109172.0 ], [ 4211851.5, 3109189.5 ], [ 4211787.2, 3109200.3 ], [ 4211685.9, 3109241.3 ], [ 4211591.1, 3109245.5 ], [ 4211582.5, 3109265.5 ], [ 4211595.3, 3109294.2 ], [ 4211563.7, 3109330.0 ], [ 4211560.0, 3109372.1 ], [ 4211547.9, 3109393.3 ], [ 4211480.6, 3109354.2 ], [ 4211433.8, 3109337.2 ], [ 4211413.9, 3109349.5 ], [ 4211399.6, 3109394.6 ], [ 4211305.3, 3109380.6 ], [ 4211318.6, 3109331.0 ], [ 4211313.4, 3109313.9 ], [ 4211259.8, 3109296.1 ], [ 4211195.2, 3109248.7 ], [ 4211168.1, 3109217.7 ], [ 4211126.1, 3109135.5 ], [ 4211099.0, 3109137.0 ], [ 4211078.2, 3109171.1 ], [ 4211041.6, 3109152.7 ], [ 4211044.8, 3109136.4 ], [ 4211034.4, 3109114.8 ], [ 4211040.4, 3109092.9 ], [ 4211034.0, 3109079.8 ], [ 4210909.2, 3109018.0 ], [ 4210886.0, 3109024.7 ], [ 4210863.6, 3109059.4 ], [ 4210754.1, 3109029.1 ], [ 4210712.8, 3109042.3 ], [ 4210695.1, 3109004.0 ], [ 4210692.1, 3108965.4 ], [ 4210675.4, 3108947.5 ], [ 4210577.6, 3108944.0 ], [ 4210565.7, 3108932.3 ], [ 4210525.7, 3108925.0 ], [ 4210443.2, 3108862.5 ], [ 4210407.9, 3108802.0 ], [ 4210255.3, 3108603.4 ], [ 4210228.2, 3108587.3 ], [ 4210208.8, 3108590.7 ], [ 4210176.6, 3108616.2 ], [ 4210173.8, 3108636.0 ], [ 4210306.6, 3108817.6 ], [ 4210273.4, 3108846.2 ], [ 4210269.7, 3108863.9 ], [ 4210328.5, 3108970.6 ], [ 4210378.8, 3109033.0 ], [ 4210486.6, 3109124.1 ], [ 4210577.1, 3109216.3 ], [ 4210654.4, 3109251.1 ], [ 4210725.2, 3109298.9 ], [ 4210800.7, 3109423.6 ], [ 4210817.9, 3109425.4 ], [ 4210921.8, 3109379.7 ], [ 4210919.5, 3109428.3 ], [ 4210946.9, 3109481.2 ], [ 4210987.7, 3109515.2 ], [ 4211055.9, 3109525.9 ], [ 4211056.1, 3109564.8 ], [ 4211077.4, 3109578.3 ], [ 4211151.5, 3109572.5 ], [ 4211205.9, 3109528.7 ], [ 4211228.1, 3109540.4 ], [ 4211258.6, 3109541.9 ], [ 4211340.5, 3109529.7 ], [ 4211539.0, 3109437.4 ], [ 4211558.7, 3109412.3 ], [ 4211570.5, 3109415.3 ], [ 4211592.1, 3109443.4 ], [ 4211612.6, 3109444.2 ], [ 4211679.2, 3109527.5 ], [ 4211697.6, 3109529.8 ], [ 4211710.6, 3109520.0 ], [ 4211790.5, 3109573.3 ], [ 4211811.7, 3109596.4 ], [ 4211895.4, 3109627.9 ], [ 4211878.5, 3109669.7 ], [ 4211873.2, 3109733.0 ], [ 4211835.6, 3109733.3 ], [ 4211822.7, 3109757.6 ], [ 4211748.6, 3109748.3 ], [ 4211733.5, 3109754.0 ], [ 4211659.9, 3109715.9 ], [ 4211642.4, 3109715.8 ], [ 4211629.0, 3109735.5 ], [ 4211638.5, 3109775.3 ], [ 4211561.1, 3109810.5 ], [ 4211494.1, 3109874.9 ], [ 4211460.5, 3109940.5 ], [ 4211414.5, 3109952.5 ], [ 4211394.8, 3109914.7 ], [ 4211367.7, 3109908.0 ], [ 4211317.9, 3109836.0 ], [ 4211371.9, 3109785.9 ], [ 4211385.8, 3109793.3 ], [ 4211400.2, 3109790.1 ], [ 4211448.3, 3109743.7 ], [ 4211446.1, 3109725.2 ], [ 4211393.9, 3109640.3 ], [ 4211444.9, 3109603.6 ], [ 4211443.1, 3109585.2 ], [ 4211419.2, 3109555.0 ], [ 4211404.4, 3109554.9 ], [ 4211351.8, 3109580.3 ], [ 4211337.5, 3109554.9 ], [ 4211314.3, 3109549.7 ], [ 4211215.4, 3109569.0 ], [ 4211173.1, 3109591.7 ], [ 4210957.5, 3109626.1 ], [ 4210903.8, 3109645.2 ], [ 4210892.1, 3109658.1 ], [ 4210879.2, 3109734.3 ], [ 4210850.1, 3109755.7 ], [ 4210851.0, 3109781.4 ], [ 4210935.5, 3110049.2 ], [ 4210978.0, 3110110.8 ], [ 4211042.4, 3110172.6 ], [ 4211181.2, 3110253.2 ], [ 4211190.2, 3110267.5 ], [ 4211184.2, 3110293.5 ], [ 4211193.4, 3110309.4 ], [ 4211207.7, 3110313.4 ], [ 4211243.9, 3110304.9 ], [ 4211262.0, 3110319.5 ], [ 4211282.2, 3110318.0 ], [ 4211354.6, 3110377.8 ], [ 4211378.9, 3110379.5 ], [ 4211409.5, 3110511.0 ], [ 4211418.1, 3110636.3 ], [ 4211436.7, 3110707.1 ], [ 4211506.5, 3110866.8 ], [ 4211533.0, 3110901.9 ], [ 4211663.7, 3111000.2 ], [ 4211814.9, 3111087.2 ], [ 4211905.3, 3111152.1 ], [ 4211970.6, 3111168.1 ], [ 4212061.6, 3111219.9 ], [ 4212075.8, 3111220.3 ], [ 4212117.3, 3111197.8 ], [ 4212200.7, 3111127.6 ], [ 4212233.0, 3111126.4 ], [ 4212280.4, 3111149.0 ], [ 4212226.2, 3111147.3 ], [ 4212190.3, 3111182.5 ], [ 4212161.9, 3111247.0 ], [ 4212164.9, 3111274.0 ], [ 4212181.6, 3111305.0 ], [ 4212168.1, 3111314.1 ], [ 4212164.1, 3111331.4 ], [ 4212190.4, 3111362.7 ], [ 4212196.1, 3111424.2 ], [ 4212217.4, 3111469.1 ], [ 4212248.3, 3111472.5 ], [ 4212302.9, 3111456.0 ], [ 4212313.1, 3111466.2 ], [ 4212307.9, 3111555.5 ], [ 4212322.8, 3111569.4 ], [ 4212344.2, 3111567.4 ], [ 4212385.2, 3111695.8 ], [ 4212337.2, 3111743.6 ], [ 4212316.4, 3111717.6 ], [ 4212300.3, 3111711.8 ], [ 4212265.4, 3111721.8 ], [ 4212259.0, 3111745.4 ], [ 4212489.4, 3111921.3 ], [ 4212590.1, 3112034.0 ], [ 4212750.8, 3112090.1 ], [ 4212815.8, 3112090.3 ], [ 4212823.5, 3112106.7 ], [ 4212836.0, 3112113.0 ], [ 4212869.4, 3112095.2 ], [ 4212878.5, 3112098.0 ], [ 4212876.8, 3112108.9 ], [ 4212830.1, 3112145.8 ], [ 4212695.1, 3112180.8 ], [ 4212689.6, 3112197.4 ], [ 4212700.9, 3112273.7 ], [ 4212723.4, 3112280.2 ], [ 4212802.9, 3112244.0 ], [ 4212860.8, 3112230.1 ], [ 4212883.6, 3112248.9 ], [ 4212903.6, 3112248.8 ], [ 4212965.2, 3112208.6 ], [ 4213034.9, 3112130.4 ], [ 4213077.6, 3112162.0 ], [ 4213085.2, 3112185.3 ], [ 4213122.6, 3112189.6 ], [ 4213148.6, 3112266.3 ], [ 4213213.9, 3112323.2 ], [ 4213174.4, 3112328.3 ], [ 4213161.2, 3112348.5 ], [ 4213191.8, 3112441.4 ], [ 4213206.9, 3112455.4 ], [ 4213196.2, 3112530.1 ], [ 4213078.4, 3112531.2 ], [ 4213060.7, 3112540.5 ], [ 4213052.3, 3112590.4 ], [ 4213066.0, 3112606.7 ], [ 4213073.0, 3112648.6 ], [ 4213089.0, 3112654.7 ], [ 4213124.5, 3112648.1 ], [ 4213175.1, 3112598.2 ], [ 4213292.3, 3112596.5 ], [ 4213305.2, 3112655.8 ], [ 4213333.7, 3112660.7 ], [ 4213353.6, 3112650.7 ], [ 4213377.5, 3112600.5 ], [ 4213355.6, 3112409.4 ], [ 4213395.8, 3112349.9 ], [ 4213400.9, 3112452.3 ], [ 4213386.9, 3112489.2 ], [ 4213404.1, 3112524.2 ], [ 4213426.8, 3112530.6 ], [ 4213432.9, 3112645.8 ], [ 4213442.5, 3112668.8 ], [ 4213463.7, 3112683.7 ], [ 4213481.5, 3112681.5 ], [ 4213524.9, 3112625.3 ], [ 4213526.3, 3112609.2 ], [ 4213495.0, 3112542.4 ], [ 4213563.8, 3112573.7 ], [ 4213643.2, 3112594.9 ], [ 4213683.6, 3112597.8 ], [ 4213665.0, 3112722.1 ], [ 4213642.3, 3112773.9 ], [ 4213657.1, 3112792.4 ], [ 4213691.1, 3112789.3 ], [ 4213726.8, 3112753.7 ], [ 4213744.0, 3112706.8 ], [ 4213765.2, 3112675.2 ], [ 4213772.3, 3112619.2 ], [ 4213738.8, 3112525.7 ], [ 4213771.0, 3112472.7 ], [ 4213771.8, 3112399.0 ], [ 4213798.2, 3112366.5 ], [ 4213823.1, 3112394.3 ], [ 4213822.4, 3112406.9 ], [ 4213812.6, 3112451.0 ], [ 4213792.4, 3112482.1 ], [ 4213777.2, 3112592.1 ], [ 4213802.3, 3112619.0 ], [ 4213808.4, 3112684.9 ], [ 4213831.6, 3112694.6 ], [ 4213868.9, 3112746.0 ], [ 4213883.9, 3112754.3 ], [ 4213923.5, 3112730.0 ], [ 4214096.8, 3112766.5 ], [ 4214123.6, 3112740.6 ], [ 4214130.3, 3112716.5 ], [ 4214136.7, 3112867.6 ], [ 4214119.1, 3112873.7 ], [ 4214112.0, 3112890.2 ], [ 4214129.7, 3112922.4 ], [ 4214214.8, 3112974.1 ], [ 4214248.0, 3112978.4 ], [ 4214302.7, 3112949.0 ], [ 4214393.2, 3112874.3 ], [ 4214464.9, 3112833.3 ], [ 4214509.3, 3112819.7 ], [ 4214535.0, 3112850.0 ], [ 4214529.2, 3112873.9 ], [ 4214464.5, 3112903.2 ], [ 4214327.0, 3113035.2 ], [ 4214262.8, 3113072.7 ], [ 4214251.3, 3113183.4 ], [ 4214282.2, 3113277.3 ], [ 4214334.8, 3113349.4 ], [ 4214362.3, 3113373.6 ], [ 4214463.3, 3113518.4 ], [ 4214541.4, 3113552.3 ], [ 4214621.1, 3113598.5 ], [ 4214669.3, 3113650.5 ], [ 4214723.4, 3113653.5 ], [ 4214738.4, 3113665.9 ], [ 4214816.9, 3113683.0 ], [ 4214851.5, 3113718.4 ], [ 4214868.6, 3113747.9 ], [ 4214884.6, 3113804.5 ], [ 4214925.4, 3113836.3 ], [ 4214944.9, 3113866.2 ], [ 4214981.8, 3113897.9 ], [ 4214960.7, 3113914.5 ], [ 4214915.3, 3113882.9 ], [ 4214892.6, 3113881.9 ], [ 4214837.2, 3113951.2 ], [ 4214799.9, 3113979.3 ], [ 4214761.8, 3113992.3 ], [ 4214742.3, 3114030.0 ], [ 4214747.5, 3114052.3 ], [ 4214694.5, 3114171.1 ], [ 4214701.1, 3114216.7 ], [ 4214736.6, 3114306.5 ], [ 4214872.3, 3114562.3 ], [ 4214834.6, 3114582.3 ], [ 4214830.4, 3114606.9 ], [ 4214788.8, 3114636.7 ], [ 4214718.6, 3114523.4 ], [ 4214629.1, 3114434.7 ], [ 4214613.9, 3114193.7 ], [ 4214625.5, 3114174.4 ], [ 4214623.6, 3114110.3 ], [ 4214656.6, 3114106.5 ], [ 4214688.1, 3114015.7 ], [ 4214705.2, 3114019.8 ], [ 4214718.0, 3114013.9 ], [ 4214747.0, 3113961.3 ], [ 4214860.8, 3113856.1 ], [ 4214843.1, 3113782.7 ], [ 4214812.5, 3113737.9 ], [ 4214776.8, 3113713.9 ], [ 4214619.4, 3113654.0 ], [ 4214448.5, 3113551.4 ], [ 4214411.2, 3113521.5 ], [ 4214248.5, 3113297.4 ], [ 4214221.2, 3113244.7 ], [ 4214204.9, 3113162.2 ], [ 4214175.4, 3113093.8 ], [ 4214119.5, 3113087.4 ], [ 4214102.6, 3113093.3 ], [ 4213970.2, 3113058.2 ], [ 4213956.6, 3113073.5 ], [ 4213934.3, 3113173.6 ], [ 4213749.8, 3113111.2 ], [ 4213551.4, 3113072.5 ], [ 4213414.9, 3113058.2 ], [ 4213401.9, 3113075.5 ], [ 4213404.6, 3113149.2 ], [ 4213422.5, 3113166.4 ], [ 4213482.1, 3113167.2 ], [ 4213488.1, 3113310.6 ], [ 4213443.5, 3113337.4 ], [ 4213425.0, 3113358.7 ], [ 4213349.6, 3113345.8 ], [ 4213348.5, 3113291.6 ], [ 4213334.2, 3113280.8 ], [ 4213277.0, 3113277.2 ], [ 4213235.9, 3113159.8 ], [ 4213223.2, 3113152.9 ], [ 4213175.7, 3113153.0 ], [ 4213165.0, 3113171.8 ], [ 4213178.3, 3113203.5 ], [ 4213170.5, 3113227.1 ], [ 4213174.4, 3113246.8 ], [ 4213142.6, 3113256.0 ], [ 4213132.8, 3113275.4 ], [ 4213078.8, 3113290.7 ], [ 4213069.2, 3113305.7 ], [ 4213072.3, 3113353.7 ], [ 4213085.3, 3113369.6 ], [ 4213090.0, 3113496.4 ], [ 4213100.2, 3113548.1 ], [ 4213120.4, 3113561.6 ], [ 4213177.0, 3113542.8 ], [ 4213190.3, 3113580.0 ], [ 4213235.8, 3113651.1 ], [ 4213251.3, 3113658.3 ], [ 4213289.1, 3113653.8 ], [ 4213288.2, 3113734.2 ], [ 4213297.2, 3113748.7 ], [ 4213415.7, 3113758.0 ], [ 4213430.4, 3113778.2 ], [ 4213457.9, 3113779.1 ], [ 4213476.1, 3113800.8 ], [ 4213535.0, 3113840.4 ], [ 4213532.4, 3113864.5 ], [ 4213556.8, 3113893.1 ], [ 4213569.2, 3113922.6 ], [ 4213591.0, 3113930.7 ], [ 4213589.3, 3114163.4 ], [ 4213606.6, 3114264.7 ], [ 4213629.1, 3114325.1 ], [ 4213645.0, 3114347.3 ], [ 4213922.0, 3114529.0 ], [ 4214050.1, 3114584.3 ], [ 4214120.0, 3114604.1 ], [ 4214106.0, 3114615.0 ], [ 4214051.6, 3114604.4 ], [ 4213933.4, 3114601.0 ], [ 4213872.9, 3114612.2 ], [ 4213853.1, 3114578.8 ], [ 4213819.3, 3114548.2 ], [ 4213618.4, 3114418.2 ], [ 4213584.3, 3114379.0 ], [ 4213570.2, 3114336.2 ], [ 4213549.4, 3114097.1 ], [ 4213520.9, 3113996.0 ], [ 4213530.9, 3113911.4 ], [ 4213518.1, 3113872.4 ], [ 4213477.6, 3113850.7 ], [ 4213448.1, 3113883.9 ], [ 4213394.8, 3113883.7 ], [ 4213340.5, 3113916.2 ], [ 4213295.7, 3113853.7 ], [ 4213267.9, 3113849.1 ], [ 4213256.9, 3113867.7 ], [ 4213264.6, 3113897.5 ], [ 4213244.9, 3113912.2 ], [ 4213244.5, 3113944.8 ], [ 4213223.8, 3114011.6 ], [ 4213222.3, 3114112.8 ], [ 4213213.1, 3114174.2 ], [ 4213221.2, 3114266.1 ], [ 4213268.2, 3114354.4 ], [ 4213358.8, 3114400.6 ], [ 4213393.1, 3114431.0 ], [ 4213410.3, 3114478.6 ], [ 4213408.0, 3114536.2 ], [ 4213398.6, 3114562.2 ], [ 4213372.1, 3114597.4 ], [ 4213369.4, 3114619.4 ], [ 4213275.4, 3114686.0 ], [ 4213146.2, 3114871.1 ], [ 4213145.5, 3114884.8 ], [ 4213155.5, 3114898.2 ], [ 4213111.5, 3114991.5 ], [ 4213083.3, 3115023.4 ], [ 4213057.8, 3115121.4 ], [ 4213071.5, 3115243.5 ], [ 4213089.4, 3115253.9 ], [ 4213110.1, 3115246.7 ], [ 4213122.4, 3115261.3 ], [ 4213135.2, 3115277.8 ], [ 4213158.5, 3115357.1 ], [ 4213191.7, 3115393.5 ], [ 4213251.4, 3115398.0 ], [ 4213407.6, 3115450.5 ], [ 4213428.0, 3115442.1 ], [ 4213473.3, 3115454.5 ], [ 4213552.1, 3115439.3 ], [ 4213589.0, 3115415.1 ], [ 4213620.0, 3115414.1 ], [ 4213651.2, 3115400.0 ], [ 4213736.8, 3115395.3 ], [ 4213773.6, 3115383.3 ], [ 4213819.0, 3115348.5 ], [ 4213835.5, 3115316.7 ], [ 4213865.6, 3115288.7 ], [ 4213880.6, 3115281.3 ], [ 4213908.1, 3115282.1 ], [ 4213889.0, 3115325.3 ], [ 4213790.7, 3115407.6 ], [ 4213589.2, 3115469.1 ], [ 4213530.2, 3115498.7 ], [ 4213515.6, 3115514.9 ], [ 4213513.4, 3115532.6 ], [ 4213539.0, 3115575.0 ], [ 4213550.3, 3115626.1 ], [ 4213595.2, 3115694.4 ], [ 4213629.6, 3115778.7 ], [ 4213712.7, 3115867.3 ], [ 4213842.0, 3115959.3 ], [ 4213839.7, 3115979.6 ], [ 4213851.0, 3115992.0 ], [ 4214032.8, 3116074.4 ], [ 4214049.6, 3116077.4 ], [ 4214075.8, 3116066.9 ], [ 4214148.2, 3116085.2 ], [ 4214194.4, 3116114.3 ], [ 4214226.9, 3116122.7 ], [ 4214307.7, 3116163.3 ], [ 4214331.6, 3116182.2 ], [ 4214408.1, 3116212.3 ], [ 4214457.2, 3116253.0 ], [ 4214553.2, 3116286.3 ], [ 4214604.7, 3116314.6 ], [ 4214636.0, 3116343.1 ], [ 4214693.1, 3116417.6 ], [ 4214703.3, 3116452.0 ], [ 4214701.6, 3116479.7 ], [ 4214713.0, 3116492.8 ], [ 4214803.4, 3116517.7 ], [ 4214849.7, 3116495.0 ], [ 4214897.2, 3116496.9 ], [ 4214978.1, 3116534.5 ], [ 4215014.8, 3116561.3 ], [ 4215086.1, 3116625.9 ], [ 4215132.1, 3116691.9 ], [ 4215133.9, 3116716.8 ], [ 4215119.9, 3116784.0 ], [ 4215122.6, 3116862.3 ], [ 4215175.4, 3117024.3 ], [ 4215199.6, 3117054.4 ], [ 4215224.4, 3117050.6 ], [ 4215292.7, 3117124.2 ], [ 4215467.3, 3117263.7 ], [ 4215581.1, 3117367.7 ], [ 4215597.1, 3117401.5 ], [ 4215581.6, 3117416.9 ], [ 4215589.9, 3117440.6 ], [ 4215615.8, 3117446.2 ], [ 4215693.4, 3117438.6 ], [ 4215707.1, 3117427.1 ], [ 4215710.9, 3117408.8 ], [ 4215733.6, 3117398.4 ], [ 4215734.5, 3117376.9 ], [ 4215714.3, 3117363.8 ], [ 4215741.6, 3117213.1 ], [ 4215730.4, 3117196.3 ], [ 4215629.3, 3117148.6 ], [ 4215514.4, 3117074.4 ], [ 4215556.1, 3117013.3 ], [ 4215587.6, 3117041.4 ], [ 4215790.7, 3117171.3 ], [ 4215874.1, 3117211.9 ], [ 4215900.8, 3117205.6 ], [ 4215913.9, 3117165.7 ], [ 4215943.9, 3117170.9 ], [ 4215950.9, 3117182.1 ], [ 4215929.8, 3117210.8 ], [ 4215927.5, 3117228.6 ], [ 4215936.1, 3117240.3 ], [ 4215971.3, 3117257.4 ], [ 4215986.2, 3117256.5 ], [ 4215998.9, 3117242.8 ], [ 4216020.4, 3117189.0 ], [ 4216006.0, 3117165.1 ], [ 4216025.9, 3117143.2 ], [ 4216130.8, 3117265.6 ], [ 4216152.5, 3117265.5 ], [ 4216178.7, 3117237.9 ], [ 4216293.3, 3117350.5 ], [ 4216374.6, 3117453.4 ], [ 4216379.7, 3117492.1 ], [ 4216343.7, 3117546.6 ], [ 4216356.4, 3117570.2 ], [ 4216380.2, 3117574.1 ], [ 4216497.4, 3117562.6 ] ], [ [ 4215870.5, 3116678.6 ], [ 4215899.1, 3116678.4 ], [ 4215954.1, 3116654.1 ], [ 4215993.5, 3116677.3 ], [ 4216045.4, 3116693.7 ], [ 4216023.0, 3116749.8 ], [ 4215879.5, 3116699.2 ], [ 4215870.5, 3116678.6 ] ], [ [ 4218246.1, 3116411.5 ], [ 4218217.3, 3116278.8 ], [ 4218275.8, 3116291.3 ], [ 4218371.5, 3116296.9 ], [ 4218383.1, 3116383.9 ], [ 4218246.1, 3116411.5 ] ], [ [ 4218570.7, 3116311.3 ], [ 4218562.5, 3116276.9 ], [ 4218714.5, 3116249.3 ], [ 4218728.7, 3116330.5 ], [ 4218662.9, 3116343.5 ], [ 4218646.1, 3116321.7 ], [ 4218570.7, 3116311.3 ] ], [ [ 4217286.4, 3116252.6 ], [ 4217225.2, 3116194.7 ], [ 4217181.8, 3116190.9 ], [ 4217122.1, 3116057.7 ], [ 4217190.6, 3116027.6 ], [ 4217221.9, 3116065.8 ], [ 4217247.9, 3116077.0 ], [ 4217351.2, 3116187.1 ], [ 4217286.4, 3116252.6 ] ], [ [ 4216497.3, 3116017.1 ], [ 4216503.9, 3116045.6 ], [ 4216367.1, 3116037.3 ], [ 4216174.9, 3116042.9 ], [ 4216173.0, 3115988.1 ], [ 4216258.2, 3115990.6 ], [ 4216263.4, 3116011.3 ], [ 4216287.6, 3116023.7 ], [ 4216398.5, 3116026.0 ], [ 4216476.8, 3116011.0 ], [ 4216497.3, 3116017.1 ] ], [ [ 4217057.8, 3116021.6 ], [ 4217045.7, 3115978.6 ], [ 4217156.7, 3115942.4 ], [ 4217165.7, 3115973.4 ], [ 4217149.4, 3115991.2 ], [ 4217057.8, 3116021.6 ] ], [ [ 4215199.8, 3115948.4 ], [ 4215193.4, 3115974.0 ], [ 4215160.3, 3115951.8 ], [ 4215174.2, 3115932.5 ], [ 4215199.8, 3115948.4 ] ], [ [ 4215656.4, 3115975.7 ], [ 4215673.0, 3116000.4 ], [ 4215776.5, 3116025.3 ], [ 4215781.8, 3116037.5 ], [ 4215515.9, 3116029.4 ], [ 4215516.4, 3116023.0 ], [ 4215595.4, 3116015.8 ], [ 4215605.9, 3116006.7 ], [ 4215611.8, 3115984.4 ], [ 4215656.4, 3115975.7 ] ], [ [ 4216121.6, 3116249.5 ], [ 4216121.0, 3116264.9 ], [ 4215935.0, 3116242.5 ], [ 4215936.2, 3116230.9 ], [ 4216121.6, 3116249.5 ] ], [ [ 4217509.2, 3115744.4 ], [ 4217519.3, 3115730.7 ], [ 4217576.5, 3115748.0 ], [ 4217621.7, 3115787.5 ], [ 4217580.1, 3115821.7 ], [ 4217539.5, 3115786.1 ], [ 4217509.2, 3115744.4 ] ], [ [ 4217081.8, 3115658.1 ], [ 4217018.5, 3115664.1 ], [ 4217014.1, 3115593.1 ], [ 4217001.2, 3115557.9 ], [ 4216971.1, 3115510.7 ], [ 4216936.3, 3115475.5 ], [ 4216945.6, 3115437.5 ], [ 4217007.2, 3115473.1 ], [ 4217054.8, 3115531.1 ], [ 4217100.6, 3115627.7 ], [ 4217106.6, 3115664.6 ], [ 4217092.7, 3115673.7 ], [ 4217081.8, 3115658.1 ] ], [ [ 4217727.1, 3115439.4 ], [ 4217759.4, 3115391.7 ], [ 4217832.9, 3115442.9 ], [ 4217809.7, 3115475.8 ], [ 4217834.1, 3115534.6 ], [ 4217778.2, 3115476.2 ], [ 4217727.1, 3115439.4 ] ], [ [ 4217892.5, 3115393.1 ], [ 4217684.3, 3115252.7 ], [ 4217511.4, 3115150.2 ], [ 4217397.1, 3115056.7 ], [ 4217335.8, 3114987.7 ], [ 4217288.6, 3114891.0 ], [ 4217273.0, 3114779.2 ], [ 4217277.0, 3114674.4 ], [ 4217326.2, 3114564.9 ], [ 4217370.9, 3114587.6 ], [ 4217356.1, 3114670.5 ], [ 4217350.9, 3114776.9 ], [ 4217358.1, 3114846.3 ], [ 4217386.5, 3114907.5 ], [ 4217435.7, 3114957.5 ], [ 4217555.8, 3115052.0 ], [ 4217540.1, 3115075.7 ], [ 4217547.4, 3115096.1 ], [ 4217723.8, 3115213.5 ], [ 4217743.9, 3115213.7 ], [ 4217758.8, 3115197.3 ], [ 4217828.0, 3115274.8 ], [ 4217833.5, 3115294.5 ], [ 4217871.9, 3115317.3 ], [ 4217917.1, 3115363.0 ], [ 4217934.0, 3115369.2 ], [ 4217950.3, 3115389.2 ], [ 4217956.4, 3115412.2 ], [ 4217976.5, 3115425.0 ], [ 4217955.5, 3115452.0 ], [ 4217892.5, 3115393.1 ] ], [ [ 4218606.3, 3115404.4 ], [ 4218599.5, 3115205.8 ], [ 4218590.2, 3115185.3 ], [ 4218608.7, 3115165.6 ], [ 4218603.2, 3115116.7 ], [ 4218762.1, 3114720.5 ], [ 4218788.8, 3114625.1 ], [ 4218789.2, 3114600.1 ], [ 4218765.6, 3114513.3 ], [ 4218739.5, 3114508.1 ], [ 4218663.3, 3114581.6 ], [ 4218568.9, 3114625.8 ], [ 4218546.1, 3114650.6 ], [ 4218524.0, 3114704.7 ], [ 4218496.1, 3114707.0 ], [ 4218438.2, 3114785.5 ], [ 4218434.0, 3114799.7 ], [ 4218439.7, 3114813.4 ], [ 4218475.3, 3114824.1 ], [ 4218391.5, 3114986.3 ], [ 4218384.0, 3115110.9 ], [ 4218307.7, 3115110.9 ], [ 4218300.5, 3114986.8 ], [ 4218340.3, 3114901.7 ], [ 4218496.4, 3114691.6 ], [ 4218516.7, 3114648.0 ], [ 4218574.6, 3114590.2 ], [ 4218598.5, 3114596.0 ], [ 4218630.8, 3114573.2 ], [ 4218693.2, 3114523.5 ], [ 4218726.5, 3114485.3 ], [ 4218734.1, 3114460.8 ], [ 4218728.5, 3114411.3 ], [ 4218653.8, 3114245.4 ], [ 4218658.0, 3114230.8 ], [ 4218697.7, 3114233.0 ], [ 4218710.5, 3114266.8 ], [ 4218860.8, 3114515.7 ], [ 4218905.6, 3114534.7 ], [ 4218902.2, 3114592.4 ], [ 4218951.5, 3114700.1 ], [ 4218938.9, 3115115.8 ], [ 4218969.4, 3115187.8 ], [ 4218963.5, 3115250.4 ], [ 4218995.5, 3115334.6 ], [ 4218957.8, 3115556.9 ], [ 4218932.6, 3115550.8 ], [ 4218902.6, 3115573.0 ], [ 4218872.3, 3115546.0 ], [ 4218879.9, 3115527.4 ], [ 4218870.2, 3115484.5 ], [ 4218807.9, 3115447.5 ], [ 4218727.1, 3115445.5 ], [ 4218615.5, 3115426.9 ], [ 4218606.3, 3115404.4 ] ], [ [ 4219126.6, 3115557.0 ], [ 4219120.6, 3115527.8 ], [ 4219049.7, 3115387.9 ], [ 4219122.8, 3115445.4 ], [ 4219125.2, 3115475.7 ], [ 4219161.9, 3115581.6 ], [ 4219060.6, 3115673.1 ], [ 4219043.1, 3115635.5 ], [ 4219070.5, 3115622.7 ], [ 4219120.2, 3115572.2 ], [ 4219126.6, 3115557.0 ] ], [ [ 4220280.1, 3115147.8 ], [ 4220296.6, 3115151.3 ], [ 4220323.2, 3115175.3 ], [ 4220236.2, 3115203.4 ], [ 4220253.1, 3115163.7 ], [ 4220280.1, 3115147.8 ] ], [ [ 4221289.5, 3115009.8 ], [ 4221245.7, 3115003.8 ], [ 4221152.5, 3115007.1 ], [ 4221071.5, 3114948.1 ], [ 4220915.9, 3114809.1 ], [ 4220964.4, 3114799.8 ], [ 4220979.8, 3114814.4 ], [ 4221000.9, 3114809.8 ], [ 4221019.7, 3114845.8 ], [ 4221034.4, 3114858.3 ], [ 4221040.8, 3114879.7 ], [ 4221070.1, 3114904.0 ], [ 4221115.7, 3114923.1 ], [ 4221141.7, 3114951.0 ], [ 4221308.3, 3114989.2 ], [ 4221338.5, 3115005.1 ], [ 4221289.5, 3115009.8 ] ], [ [ 4220230.5, 3114977.9 ], [ 4220197.8, 3114987.6 ], [ 4220177.5, 3114977.4 ], [ 4220209.4, 3114949.8 ], [ 4220205.9, 3114920.9 ], [ 4220231.1, 3114903.5 ], [ 4220242.7, 3114937.7 ], [ 4220227.7, 3114952.9 ], [ 4220230.5, 3114977.9 ] ], [ [ 4220870.7, 3114666.2 ], [ 4220880.1, 3114645.9 ], [ 4220892.9, 3114651.1 ], [ 4220931.8, 3114697.6 ], [ 4220870.7, 3114666.2 ] ], [ [ 4216401.8, 3114264.4 ], [ 4216388.1, 3114260.0 ], [ 4216365.9, 3114183.0 ], [ 4216345.5, 3114177.5 ], [ 4216323.0, 3114194.3 ], [ 4216317.4, 3114190.6 ], [ 4216347.3, 3114151.4 ], [ 4216361.3, 3114147.5 ], [ 4216422.2, 3114164.2 ], [ 4216424.4, 3114178.5 ], [ 4216403.3, 3114183.1 ], [ 4216391.9, 3114197.2 ], [ 4216401.8, 3114264.4 ] ], [ [ 4215186.9, 3113997.4 ], [ 4215455.7, 3114230.8 ], [ 4215408.4, 3114284.4 ], [ 4215407.7, 3114342.7 ], [ 4215390.3, 3114309.1 ], [ 4215387.6, 3114262.7 ], [ 4215365.5, 3114207.4 ], [ 4215213.6, 3114090.1 ], [ 4215158.8, 3114029.8 ], [ 4215057.1, 3113983.9 ], [ 4215117.5, 3113998.7 ], [ 4215169.2, 3113992.5 ], [ 4215186.9, 3113997.4 ] ], [ [ 4220251.9, 3114052.1 ], [ 4220192.6, 3114003.6 ], [ 4220221.0, 3114009.2 ], [ 4220302.9, 3114069.6 ], [ 4220251.9, 3114052.1 ] ], [ [ 4219382.4, 3114025.5 ], [ 4219367.0, 3114021.3 ], [ 4219309.2, 3113966.1 ], [ 4219266.6, 3113918.0 ], [ 4219244.6, 3113878.9 ], [ 4219262.9, 3113880.4 ], [ 4219303.7, 3113921.3 ], [ 4219334.2, 3113916.6 ], [ 4219346.7, 3113922.2 ], [ 4219372.7, 3113966.7 ], [ 4219418.5, 3113990.8 ], [ 4219408.0, 3114011.2 ], [ 4219382.4, 3114025.5 ] ], [ [ 4222106.0, 3113889.0 ], [ 4221976.3, 3113829.7 ], [ 4221992.1, 3113793.0 ], [ 4222027.7, 3113799.4 ], [ 4222108.0, 3113845.2 ], [ 4222224.6, 3113851.0 ], [ 4222173.2, 3113864.6 ], [ 4222135.1, 3113933.4 ], [ 4222106.0, 3113889.0 ] ], [ [ 4218096.3, 3113838.2 ], [ 4218078.7, 3113855.8 ], [ 4218044.2, 3113764.1 ], [ 4218092.0, 3113762.1 ], [ 4218096.3, 3113838.2 ] ], [ [ 4221815.1, 3113767.5 ], [ 4221745.0, 3113744.8 ], [ 4221749.2, 3113725.2 ], [ 4221726.2, 3113658.8 ], [ 4221713.8, 3113646.0 ], [ 4221696.0, 3113646.6 ], [ 4221681.6, 3113659.2 ], [ 4221637.3, 3113645.8 ], [ 4221612.2, 3113684.4 ], [ 4221574.1, 3113668.7 ], [ 4221534.6, 3113632.2 ], [ 4221545.3, 3113616.6 ], [ 4221596.4, 3113605.5 ], [ 4221629.0, 3113586.9 ], [ 4221677.6, 3113538.3 ], [ 4221701.1, 3113536.4 ], [ 4221722.4, 3113593.3 ], [ 4221715.4, 3113634.8 ], [ 4221764.1, 3113672.1 ], [ 4221755.4, 3113698.0 ], [ 4221763.4, 3113727.4 ], [ 4221779.9, 3113739.0 ], [ 4221821.9, 3113746.8 ], [ 4221815.1, 3113767.5 ] ], [ [ 4221474.8, 3113567.8 ], [ 4221452.6, 3113597.7 ], [ 4221348.9, 3113547.6 ], [ 4221290.1, 3113492.5 ], [ 4221365.1, 3113536.5 ], [ 4221466.2, 3113548.6 ], [ 4221474.8, 3113567.8 ] ], [ [ 4223540.6, 3113494.7 ], [ 4223586.3, 3113442.0 ], [ 4223611.4, 3113438.4 ], [ 4223563.5, 3113516.8 ], [ 4223533.5, 3113519.3 ], [ 4223540.6, 3113494.7 ] ], [ [ 4218630.1, 3113483.5 ], [ 4218634.6, 3113586.1 ], [ 4218669.4, 3113621.0 ], [ 4218710.5, 3113632.1 ], [ 4218753.3, 3113655.6 ], [ 4218830.3, 3113669.4 ], [ 4218898.6, 3113692.5 ], [ 4219051.0, 3113711.8 ], [ 4219171.9, 3113738.9 ], [ 4219170.4, 3113761.6 ], [ 4219104.9, 3113740.7 ], [ 4218873.2, 3113699.5 ], [ 4218675.9, 3113638.0 ], [ 4218618.5, 3113586.1 ], [ 4218623.5, 3113534.0 ], [ 4218614.8, 3113450.7 ], [ 4218620.4, 3113435.2 ], [ 4218608.8, 3113408.9 ], [ 4218615.7, 3113396.7 ], [ 4218654.3, 3113408.2 ], [ 4218639.7, 3113426.3 ], [ 4218630.1, 3113483.5 ] ], [ [ 4216449.5, 3113615.7 ], [ 4216437.7, 3113611.4 ], [ 4216444.6, 3113573.1 ], [ 4216462.0, 3113571.0 ], [ 4216489.6, 3113581.9 ], [ 4216449.5, 3113615.7 ] ], [ [ 4220813.0, 3113698.1 ], [ 4220796.4, 3113668.9 ], [ 4220877.9, 3113696.6 ], [ 4220863.7, 3113716.3 ], [ 4220842.6, 3113702.5 ], [ 4220813.0, 3113698.1 ] ], [ [ 4221178.9, 3113669.1 ], [ 4221193.5, 3113636.5 ], [ 4221243.4, 3113587.4 ], [ 4221263.0, 3113602.8 ], [ 4221264.5, 3113643.3 ], [ 4221278.2, 3113659.7 ], [ 4221363.9, 3113649.0 ], [ 4221406.7, 3113656.7 ], [ 4221429.9, 3113673.3 ], [ 4221358.5, 3113673.7 ], [ 4221254.4, 3113693.3 ], [ 4221164.5, 3113676.1 ], [ 4221178.9, 3113669.1 ] ], [ [ 4219992.2, 3113612.2 ], [ 4220028.5, 3113639.0 ], [ 4219932.2, 3113619.6 ], [ 4219950.7, 3113583.9 ], [ 4219958.8, 3113584.1 ], [ 4219985.2, 3113594.6 ], [ 4219992.2, 3113612.2 ] ], [ [ 4215608.7, 3113831.4 ], [ 4215581.1, 3113886.2 ], [ 4215564.8, 3113891.2 ], [ 4215551.9, 3113870.3 ], [ 4215555.9, 3113839.1 ], [ 4215549.2, 3113821.5 ], [ 4215608.7, 3113831.4 ] ], [ [ 4216485.6, 3114347.0 ], [ 4216478.3, 3114310.4 ], [ 4216510.6, 3114323.6 ], [ 4216485.6, 3114347.0 ] ], [ [ 4216643.7, 3114348.5 ], [ 4216664.0, 3114334.5 ], [ 4216696.7, 3114412.8 ], [ 4216677.2, 3114440.0 ], [ 4216643.7, 3114348.5 ] ], [ [ 4215418.7, 3114433.0 ], [ 4215415.9, 3114485.8 ], [ 4215369.1, 3114564.5 ], [ 4215359.6, 3114595.3 ], [ 4215360.2, 3114648.3 ], [ 4215376.9, 3114730.6 ], [ 4215339.2, 3114742.8 ], [ 4215292.0, 3114650.9 ], [ 4215291.2, 3114584.6 ], [ 4215363.0, 3114415.1 ], [ 4215418.7, 3114433.0 ] ], [ [ 4215757.7, 3114650.4 ], [ 4215775.9, 3114622.8 ], [ 4215799.4, 3114637.2 ], [ 4215811.0, 3114650.3 ], [ 4215810.1, 3114687.8 ], [ 4215757.7, 3114650.4 ] ], [ [ 4217389.2, 3114449.2 ], [ 4217387.0, 3114390.2 ], [ 4217439.2, 3114368.6 ], [ 4217453.2, 3114337.8 ], [ 4217464.5, 3114331.3 ], [ 4217482.7, 3114350.7 ], [ 4217471.8, 3114370.7 ], [ 4217472.0, 3114392.8 ], [ 4217462.5, 3114403.1 ], [ 4217426.3, 3114400.9 ], [ 4217389.2, 3114449.2 ] ], [ [ 4217918.2, 3114364.7 ], [ 4217921.2, 3114329.5 ], [ 4217957.2, 3114370.0 ], [ 4217898.2, 3114380.7 ], [ 4217918.2, 3114364.7 ] ], [ [ 4218100.4, 3115100.3 ], [ 4218174.9, 3115261.8 ], [ 4218190.1, 3115278.3 ], [ 4218139.0, 3115308.0 ], [ 4218095.4, 3115188.9 ], [ 4218085.0, 3115178.9 ], [ 4218069.2, 3115177.9 ], [ 4217998.2, 3114965.5 ], [ 4218007.0, 3114950.4 ], [ 4218004.6, 3114909.8 ], [ 4217983.6, 3114831.8 ], [ 4217988.0, 3114806.2 ], [ 4218020.9, 3114750.3 ], [ 4218025.0, 3114719.4 ], [ 4218036.4, 3114729.7 ], [ 4218053.6, 3114825.5 ], [ 4218089.5, 3114928.0 ], [ 4218105.1, 3115020.7 ], [ 4218090.7, 3115038.7 ], [ 4218100.4, 3115100.3 ] ], [ [ 4214780.1, 3115002.6 ], [ 4214858.8, 3115029.0 ], [ 4214809.1, 3115243.1 ], [ 4214818.7, 3115282.2 ], [ 4214862.8, 3115343.0 ], [ 4214862.3, 3115365.3 ], [ 4214885.7, 3115439.1 ], [ 4214885.5, 3115460.9 ], [ 4214869.3, 3115464.9 ], [ 4214859.4, 3115464.8 ], [ 4214826.4, 3115432.7 ], [ 4214759.2, 3115352.1 ], [ 4214767.2, 3115331.2 ], [ 4214734.4, 3115248.3 ], [ 4214757.3, 3115169.9 ], [ 4214758.3, 3115142.7 ], [ 4214745.0, 3115119.2 ], [ 4214743.0, 3115092.0 ], [ 4214780.1, 3115002.6 ] ], [ [ 4216733.0, 3115441.4 ], [ 4216739.3, 3115451.5 ], [ 4216692.2, 3115471.9 ], [ 4216599.1, 3115529.2 ], [ 4216542.3, 3115543.9 ], [ 4216584.7, 3115505.7 ], [ 4216658.5, 3115485.9 ], [ 4216733.0, 3115441.4 ] ], [ [ 4215181.8, 3115410.3 ], [ 4215197.0, 3115383.7 ], [ 4215243.2, 3115395.9 ], [ 4215228.2, 3115432.5 ], [ 4215181.8, 3115410.3 ] ], [ [ 4216735.0, 3115409.6 ], [ 4216703.5, 3115384.7 ], [ 4216702.6, 3115362.9 ], [ 4216675.7, 3115337.7 ], [ 4216676.0, 3115326.5 ], [ 4216806.9, 3115381.2 ], [ 4216740.8, 3115424.7 ], [ 4216735.0, 3115409.6 ] ], [ [ 4215786.7, 3115415.2 ], [ 4215754.9, 3115384.6 ], [ 4215773.3, 3115349.6 ], [ 4215815.7, 3115383.8 ], [ 4215786.7, 3115415.2 ] ], [ [ 4217051.0, 3115164.4 ], [ 4217182.4, 3115103.8 ], [ 4217193.7, 3115120.4 ], [ 4217175.0, 3115150.0 ], [ 4217145.3, 3115162.7 ], [ 4217069.1, 3115169.5 ], [ 4217051.0, 3115164.4 ] ], [ [ 4216219.2, 3115134.3 ], [ 4216142.1, 3115098.9 ], [ 4216154.8, 3115075.9 ], [ 4216153.1, 3115028.0 ], [ 4216165.7, 3115012.2 ], [ 4216183.5, 3115009.3 ], [ 4216192.9, 3115016.6 ], [ 4216225.6, 3115125.5 ], [ 4216219.2, 3115134.3 ] ], [ [ 4214149.7, 3114449.6 ], [ 4214180.3, 3114404.7 ], [ 4214220.2, 3114433.4 ], [ 4214174.9, 3114475.3 ], [ 4214149.7, 3114449.6 ] ], [ [ 4216504.1, 3113359.6 ], [ 4216461.4, 3113207.2 ], [ 4216473.1, 3113111.3 ], [ 4216452.8, 3113007.1 ], [ 4216477.6, 3113019.0 ], [ 4216494.1, 3113038.5 ], [ 4216516.8, 3113035.6 ], [ 4216548.8, 3113043.8 ], [ 4216563.3, 3113060.8 ], [ 4216513.1, 3113081.7 ], [ 4216498.1, 3113127.8 ], [ 4216507.2, 3113259.6 ], [ 4216556.2, 3113379.8 ], [ 4216531.1, 3113385.2 ], [ 4216504.1, 3113359.6 ] ], [ [ 4221294.8, 3113118.5 ], [ 4221389.5, 3113132.4 ], [ 4221390.2, 3113155.5 ], [ 4221304.2, 3113185.7 ], [ 4221251.2, 3113163.0 ], [ 4221241.4, 3113130.5 ], [ 4221294.8, 3113118.5 ] ], [ [ 4217302.7, 3113037.0 ], [ 4217309.0, 3112961.5 ], [ 4217318.7, 3112933.7 ], [ 4217385.9, 3112854.6 ], [ 4217404.8, 3112850.9 ], [ 4217460.1, 3112804.7 ], [ 4217480.8, 3112824.0 ], [ 4217472.6, 3112844.1 ], [ 4217485.6, 3112867.9 ], [ 4217410.6, 3112913.7 ], [ 4217381.3, 3112948.5 ], [ 4217354.0, 3112998.0 ], [ 4217319.9, 3113115.5 ], [ 4217322.8, 3113075.5 ], [ 4217302.7, 3113037.0 ] ], [ [ 4219868.6, 3112988.7 ], [ 4219866.8, 3112972.7 ], [ 4219916.0, 3112977.1 ], [ 4220064.9, 3113024.5 ], [ 4220054.8, 3113039.4 ], [ 4220022.2, 3113041.4 ], [ 4220012.9, 3113056.0 ], [ 4219908.2, 3113028.1 ], [ 4219868.6, 3112988.7 ] ], [ [ 4220677.2, 3112984.5 ], [ 4220691.0, 3112887.6 ], [ 4220747.3, 3112892.4 ], [ 4220746.5, 3112994.3 ], [ 4220677.2, 3112984.5 ] ], [ [ 4218883.2, 3112965.7 ], [ 4218847.1, 3112936.8 ], [ 4218876.9, 3112915.8 ], [ 4218886.5, 3112879.9 ], [ 4218909.7, 3112848.1 ], [ 4218904.3, 3112815.2 ], [ 4218939.7, 3112765.3 ], [ 4218980.3, 3112808.3 ], [ 4218984.7, 3112826.3 ], [ 4218971.7, 3112850.8 ], [ 4218950.0, 3112843.7 ], [ 4218933.0, 3112853.7 ], [ 4218928.3, 3112895.2 ], [ 4218883.2, 3112965.7 ] ], [ [ 4220691.0, 3112778.3 ], [ 4220720.6, 3112682.9 ], [ 4220771.3, 3112714.3 ], [ 4220768.1, 3112795.5 ], [ 4220691.0, 3112778.3 ] ], [ [ 4216205.6, 3112773.3 ], [ 4216248.2, 3112816.2 ], [ 4216277.9, 3112870.7 ], [ 4216334.1, 3112892.8 ], [ 4216407.3, 3112957.4 ], [ 4216307.6, 3113086.3 ], [ 4216305.5, 3113127.4 ], [ 4216215.5, 3113134.3 ], [ 4216075.4, 3113202.0 ], [ 4216055.3, 3113196.7 ], [ 4216085.5, 3113126.1 ], [ 4216169.3, 3112980.4 ], [ 4216218.8, 3112923.7 ], [ 4216232.6, 3112894.8 ], [ 4216214.8, 3112860.0 ], [ 4216086.9, 3112731.0 ], [ 4216069.6, 3112631.4 ], [ 4216082.9, 3112531.6 ], [ 4216110.1, 3112435.8 ], [ 4216112.2, 3112216.8 ], [ 4216129.5, 3112104.7 ], [ 4216162.1, 3112028.9 ], [ 4216190.6, 3112028.5 ], [ 4216204.8, 3112019.8 ], [ 4216237.4, 3111942.8 ], [ 4216233.6, 3111925.8 ], [ 4216211.0, 3111897.0 ], [ 4216199.2, 3111831.0 ], [ 4216208.8, 3111813.4 ], [ 4216202.1, 3111769.0 ], [ 4216210.1, 3111739.3 ], [ 4216168.9, 3111686.3 ], [ 4216120.3, 3111654.0 ], [ 4216180.9, 3111673.4 ], [ 4216229.4, 3111738.3 ], [ 4216248.6, 3111746.0 ], [ 4216269.9, 3111835.0 ], [ 4216297.0, 3111870.5 ], [ 4216397.0, 3111932.5 ], [ 4216478.8, 3111954.7 ], [ 4216550.0, 3111984.4 ], [ 4216555.4, 3112004.5 ], [ 4216550.8, 3112019.1 ], [ 4216434.1, 3111987.4 ], [ 4216302.4, 3111972.3 ], [ 4216278.5, 3111983.9 ], [ 4216252.1, 3112021.4 ], [ 4216200.7, 3112156.7 ], [ 4216185.6, 3112276.7 ], [ 4216189.2, 3112377.8 ], [ 4216180.7, 3112433.6 ], [ 4216138.9, 3112552.2 ], [ 4216124.8, 3112633.0 ], [ 4216142.3, 3112690.5 ], [ 4216202.8, 3112758.5 ], [ 4216205.6, 3112773.3 ] ], [ [ 4217233.2, 3112545.1 ], [ 4217088.0, 3112537.5 ], [ 4217066.3, 3112523.8 ], [ 4217063.1, 3112503.0 ], [ 4217052.0, 3112491.2 ], [ 4216931.4, 3112441.3 ], [ 4216909.4, 3112448.4 ], [ 4216896.7, 3112439.9 ], [ 4216860.1, 3112385.9 ], [ 4216869.2, 3112360.5 ], [ 4216836.3, 3112296.8 ], [ 4216840.8, 3112179.8 ], [ 4216874.5, 3112292.4 ], [ 4216921.5, 3112361.0 ], [ 4216934.3, 3112397.2 ], [ 4217009.4, 3112427.1 ], [ 4217031.9, 3112422.2 ], [ 4217080.8, 3112441.1 ], [ 4217235.3, 3112475.7 ], [ 4217233.2, 3112545.1 ] ], [ [ 4223362.2, 3112415.3 ], [ 4223373.4, 3112394.4 ], [ 4223401.9, 3112409.4 ], [ 4223387.0, 3112435.3 ], [ 4223396.9, 3112460.4 ], [ 4223382.9, 3112483.8 ], [ 4223354.4, 3112467.8 ], [ 4223372.9, 3112437.4 ], [ 4223362.2, 3112415.3 ] ], [ [ 4219818.0, 3112392.8 ], [ 4219780.2, 3112429.6 ], [ 4219814.8, 3112307.4 ], [ 4219827.8, 3112369.6 ], [ 4219818.0, 3112392.8 ] ], [ [ 4223085.5, 3112335.7 ], [ 4223014.8, 3112279.1 ], [ 4222911.3, 3112159.1 ], [ 4223112.8, 3112224.5 ], [ 4223174.8, 3112255.7 ], [ 4223220.7, 3112299.0 ], [ 4223176.3, 3112324.1 ], [ 4223085.5, 3112335.7 ] ], [ [ 4216494.9, 3112290.6 ], [ 4216437.8, 3112189.4 ], [ 4216456.4, 3112178.9 ], [ 4216511.7, 3112280.2 ], [ 4216494.9, 3112290.6 ] ], [ [ 4217587.1, 3111903.6 ], [ 4217580.9, 3111876.7 ], [ 4217667.2, 3111878.6 ], [ 4217694.1, 3111871.9 ], [ 4217762.3, 3111967.9 ], [ 4217760.7, 3112002.2 ], [ 4217526.2, 3111975.2 ], [ 4217498.1, 3111942.0 ], [ 4217563.9, 3111936.0 ], [ 4217587.1, 3111903.6 ] ], [ [ 4214819.8, 3112008.0 ], [ 4214880.4, 3112167.5 ], [ 4214934.0, 3112248.5 ], [ 4215007.7, 3112399.1 ], [ 4215004.6, 3112427.2 ], [ 4215014.3, 3112452.9 ], [ 4215031.7, 3112464.6 ], [ 4215044.2, 3112514.2 ], [ 4215073.0, 3112539.1 ], [ 4215081.2, 3112558.3 ], [ 4215130.6, 3112614.7 ], [ 4215153.9, 3112649.7 ], [ 4215154.4, 3112668.6 ], [ 4215138.2, 3112675.7 ], [ 4215035.5, 3112573.1 ], [ 4214997.9, 3112551.1 ], [ 4214942.9, 3112460.7 ], [ 4214886.2, 3112323.9 ], [ 4214898.3, 3112311.3 ], [ 4214897.3, 3112293.8 ], [ 4214831.2, 3112206.0 ], [ 4214799.5, 3112139.6 ], [ 4214797.6, 3111970.5 ], [ 4214807.8, 3111936.0 ], [ 4214819.8, 3112008.0 ] ], [ [ 4214416.3, 3112126.9 ], [ 4214405.6, 3112126.9 ], [ 4214400.0, 3112107.1 ], [ 4214424.8, 3112036.1 ], [ 4214439.6, 3112030.9 ], [ 4214522.0, 3111947.4 ], [ 4214554.3, 3111978.9 ], [ 4214468.6, 3112058.6 ], [ 4214416.3, 3112126.9 ] ], [ [ 4214125.2, 3112117.2 ], [ 4214097.2, 3112153.5 ], [ 4214082.6, 3112142.9 ], [ 4214113.9, 3112106.8 ], [ 4214125.2, 3112117.2 ] ], [ [ 4215756.2, 3112233.8 ], [ 4215791.8, 3112146.4 ], [ 4215815.7, 3112150.6 ], [ 4215796.2, 3112278.4 ], [ 4215784.3, 3112281.0 ], [ 4215756.2, 3112233.8 ] ], [ [ 4215969.8, 3112962.1 ], [ 4215948.6, 3112994.0 ], [ 4215907.9, 3112974.2 ], [ 4215937.1, 3112932.2 ], [ 4215948.9, 3112949.9 ], [ 4215969.8, 3112962.1 ] ], [ [ 4214897.3, 3113071.7 ], [ 4214830.2, 3113124.0 ], [ 4214822.6, 3113116.2 ], [ 4214823.0, 3113093.3 ], [ 4214890.9, 3113046.8 ], [ 4214897.3, 3113071.7 ] ], [ [ 4215772.3, 3113146.7 ], [ 4215844.5, 3113162.0 ], [ 4215876.4, 3113189.9 ], [ 4215896.5, 3113182.7 ], [ 4215902.5, 3113156.6 ], [ 4215923.6, 3113157.1 ], [ 4215914.8, 3113278.0 ], [ 4215897.5, 3113279.0 ], [ 4215899.8, 3113240.1 ], [ 4215889.4, 3113223.3 ], [ 4215847.5, 3113208.2 ], [ 4215764.9, 3113198.8 ], [ 4215758.7, 3113162.1 ], [ 4215772.3, 3113146.7 ] ], [ [ 4213227.4, 3111439.4 ], [ 4213187.3, 3111437.6 ], [ 4213236.0, 3111358.7 ], [ 4213227.4, 3111439.4 ] ], [ [ 4211604.5, 3110029.3 ], [ 4211585.7, 3109976.5 ], [ 4211605.9, 3109988.4 ], [ 4211689.1, 3110106.4 ], [ 4211680.5, 3110135.4 ], [ 4211604.5, 3110029.3 ] ], [ [ 4213182.7, 3110796.5 ], [ 4213268.6, 3110778.7 ], [ 4213284.7, 3110825.7 ], [ 4213188.8, 3110845.4 ], [ 4213182.7, 3110796.5 ] ], [ [ 4213330.8, 3110646.0 ], [ 4213159.9, 3110539.6 ], [ 4213123.1, 3110534.6 ], [ 4213097.3, 3110543.3 ], [ 4213083.9, 3110530.8 ], [ 4213136.6, 3110504.6 ], [ 4213207.5, 3110540.7 ], [ 4213272.7, 3110559.4 ], [ 4213348.7, 3110625.3 ], [ 4213330.8, 3110646.0 ] ], [ [ 4215527.4, 3111487.5 ], [ 4215525.8, 3111453.9 ], [ 4215514.6, 3111439.8 ], [ 4215493.4, 3111440.3 ], [ 4215480.6, 3111456.3 ], [ 4215440.7, 3111441.4 ], [ 4215390.1, 3111408.1 ], [ 4215354.4, 3111363.2 ], [ 4215313.6, 3111284.9 ], [ 4215348.8, 3111258.5 ], [ 4215360.3, 3111300.3 ], [ 4215383.3, 3111327.4 ], [ 4215400.6, 3111330.7 ], [ 4215422.0, 3111319.0 ], [ 4215519.7, 3111384.9 ], [ 4215530.9, 3111406.3 ], [ 4215555.1, 3111404.5 ], [ 4215621.5, 3111438.7 ], [ 4215636.8, 3111458.0 ], [ 4215745.2, 3111504.5 ], [ 4215736.0, 3111559.2 ], [ 4215674.9, 3111541.4 ], [ 4215661.5, 3111517.8 ], [ 4215527.4, 3111487.5 ] ], [ [ 4214746.3, 3111355.2 ], [ 4214750.2, 3111482.6 ], [ 4214661.0, 3111475.7 ], [ 4214662.3, 3111451.8 ], [ 4214603.1, 3111325.2 ], [ 4214620.1, 3111220.7 ], [ 4214600.9, 3111178.5 ], [ 4214622.1, 3111178.2 ], [ 4214633.4, 3111160.6 ], [ 4214603.0, 3111106.4 ], [ 4214667.4, 3111116.9 ], [ 4214687.7, 3111108.1 ], [ 4214884.2, 3111080.9 ], [ 4214949.1, 3111085.0 ], [ 4215001.7, 3111099.8 ], [ 4215001.3, 3111172.2 ], [ 4214781.1, 3111224.6 ], [ 4214684.9, 3111207.5 ], [ 4214664.7, 3111215.3 ], [ 4214655.1, 3111241.7 ], [ 4214661.1, 3111278.0 ], [ 4214681.0, 3111296.1 ], [ 4214705.6, 3111300.7 ], [ 4214740.3, 3111338.5 ], [ 4214746.3, 3111355.2 ] ], [ [ 4215431.9, 3110611.4 ], [ 4215418.7, 3110600.9 ], [ 4215366.9, 3110587.9 ], [ 4215285.1, 3110583.3 ], [ 4215241.7, 3110587.7 ], [ 4215229.7, 3110610.5 ], [ 4215071.3, 3110610.2 ], [ 4215032.3, 3110500.1 ], [ 4214923.7, 3110492.2 ], [ 4214950.9, 3110394.7 ], [ 4214939.6, 3110380.0 ], [ 4214922.9, 3110378.1 ], [ 4214884.8, 3110338.0 ], [ 4214880.0, 3110313.6 ], [ 4214857.3, 3110301.6 ], [ 4214829.8, 3110317.6 ], [ 4214784.9, 3110279.7 ], [ 4214748.2, 3110296.5 ], [ 4214723.7, 3110284.6 ], [ 4214629.2, 3110199.5 ], [ 4214639.2, 3110182.2 ], [ 4214671.3, 3110185.4 ], [ 4214828.0, 3110270.9 ], [ 4214893.1, 3110288.4 ], [ 4214913.8, 3110272.8 ], [ 4214957.0, 3110292.6 ], [ 4214977.3, 3110278.7 ], [ 4214996.8, 3110281.5 ], [ 4215052.0, 3110324.0 ], [ 4215070.6, 3110320.6 ], [ 4215081.9, 3110298.9 ], [ 4215132.9, 3110322.6 ], [ 4215154.0, 3110313.5 ], [ 4215269.0, 3110378.7 ], [ 4215283.1, 3110376.6 ], [ 4215294.2, 3110363.0 ], [ 4215285.9, 3110332.1 ], [ 4215351.1, 3110387.7 ], [ 4215360.4, 3110409.8 ], [ 4215457.0, 3110457.4 ], [ 4215505.1, 3110517.8 ], [ 4215516.6, 3110554.8 ], [ 4215520.0, 3110612.2 ], [ 4215508.8, 3110623.7 ], [ 4215499.0, 3110660.7 ], [ 4215439.4, 3110645.5 ], [ 4215431.9, 3110611.4 ] ], [ [ 4215639.2, 3110647.5 ], [ 4215710.0, 3110559.2 ], [ 4215741.1, 3110570.7 ], [ 4215677.2, 3110656.5 ], [ 4215639.2, 3110647.5 ] ], [ [ 4215906.9, 3110493.6 ], [ 4215923.4, 3110462.9 ], [ 4215945.3, 3110475.3 ], [ 4215927.0, 3110504.9 ], [ 4215906.9, 3110493.6 ] ], [ [ 4218869.0, 3111929.4 ], [ 4218852.8, 3111913.9 ], [ 4218899.5, 3111921.5 ], [ 4218934.0, 3111950.6 ], [ 4218869.0, 3111929.4 ] ], [ [ 4220757.3, 3111924.0 ], [ 4220758.5, 3111871.9 ], [ 4220777.4, 3111887.6 ], [ 4220803.9, 3111884.9 ], [ 4220803.7, 3111920.4 ], [ 4220757.3, 3111924.0 ] ], [ [ 4219527.7, 3111825.5 ], [ 4219498.3, 3111785.9 ], [ 4219424.6, 3111748.8 ], [ 4219296.6, 3111803.7 ], [ 4219314.3, 3111790.7 ], [ 4219329.6, 3111756.3 ], [ 4219318.3, 3111727.5 ], [ 4219302.7, 3111719.8 ], [ 4219278.4, 3111723.3 ], [ 4219265.9, 3111733.7 ], [ 4219243.7, 3111825.5 ], [ 4219238.0, 3111784.6 ], [ 4219213.6, 3111772.1 ], [ 4219175.7, 3111775.9 ], [ 4219142.5, 3111765.7 ], [ 4219041.8, 3111772.1 ], [ 4218955.5, 3111795.0 ], [ 4218927.5, 3111792.2 ], [ 4218874.3, 3111697.1 ], [ 4218835.4, 3111674.3 ], [ 4218940.4, 3111654.9 ], [ 4219041.7, 3111648.2 ], [ 4219280.8, 3111603.0 ], [ 4219279.1, 3111629.9 ], [ 4219289.4, 3111644.1 ], [ 4219346.2, 3111646.7 ], [ 4219372.8, 3111623.4 ], [ 4219415.6, 3111557.1 ], [ 4219407.1, 3111500.2 ], [ 4219419.9, 3111482.5 ], [ 4219450.7, 3111472.3 ], [ 4219549.0, 3111477.1 ], [ 4219610.1, 3111465.0 ], [ 4219552.1, 3111499.1 ], [ 4219466.9, 3111671.3 ], [ 4219470.7, 3111688.9 ], [ 4219553.6, 3111790.3 ], [ 4219562.0, 3111822.6 ], [ 4219558.1, 3111865.3 ], [ 4219527.2, 3111849.6 ], [ 4219527.7, 3111825.5 ] ], [ [ 4218214.0, 3111120.6 ], [ 4218234.8, 3111114.3 ], [ 4218325.1, 3111167.1 ], [ 4218271.9, 3111274.6 ], [ 4218243.9, 3111359.8 ], [ 4218170.2, 3111329.0 ], [ 4218177.5, 3111288.7 ], [ 4218167.6, 3111270.0 ], [ 4218062.7, 3111242.1 ], [ 4218051.6, 3111225.1 ], [ 4218019.4, 3111217.6 ], [ 4218137.1, 3111175.0 ], [ 4218214.0, 3111120.6 ] ], [ [ 4218816.2, 3111154.6 ], [ 4218674.3, 3111101.5 ], [ 4218675.1, 3111096.7 ], [ 4218713.3, 3111100.1 ], [ 4218821.7, 3111146.4 ], [ 4218816.2, 3111154.6 ] ], [ [ 4221494.1, 3113965.2 ], [ 4221457.0, 3113950.7 ], [ 4221449.6, 3113938.4 ], [ 4221496.7, 3113939.7 ], [ 4221502.5, 3113956.8 ], [ 4221494.1, 3113965.2 ] ], [ [ 4220163.3, 3115571.3 ], [ 4220141.8, 3115613.2 ], [ 4220096.1, 3115599.1 ], [ 4220134.8, 3115554.1 ], [ 4220163.3, 3115571.3 ] ], [ [ 4221218.2, 3115617.6 ], [ 4221412.5, 3115606.8 ], [ 4221408.0, 3115648.6 ], [ 4221423.8, 3115690.3 ], [ 4221356.9, 3115730.3 ], [ 4221339.8, 3115720.1 ], [ 4221325.8, 3115722.2 ], [ 4221287.6, 3115756.6 ], [ 4221275.0, 3115737.0 ], [ 4221196.6, 3115718.8 ], [ 4221218.2, 3115617.6 ] ], [ [ 4220350.4, 3115694.4 ], [ 4220280.4, 3115681.5 ], [ 4220278.9, 3115659.5 ], [ 4220288.6, 3115637.9 ], [ 4220310.5, 3115647.8 ], [ 4220321.6, 3115669.3 ], [ 4220350.4, 3115694.4 ] ], [ [ 4221458.0, 3115800.9 ], [ 4221810.0, 3115660.3 ], [ 4221848.8, 3115730.7 ], [ 4221718.9, 3115778.3 ], [ 4221502.5, 3115835.1 ], [ 4221411.5, 3115835.2 ], [ 4221410.4, 3115826.8 ], [ 4221458.0, 3115800.9 ] ], [ [ 4221680.9, 3115925.3 ], [ 4221663.3, 3115954.3 ], [ 4221631.2, 3115959.3 ], [ 4221535.8, 3116038.8 ], [ 4221519.9, 3116063.9 ], [ 4221520.8, 3116080.9 ], [ 4221486.4, 3116072.4 ], [ 4221417.5, 3116113.4 ], [ 4221414.7, 3116137.9 ], [ 4221457.7, 3116179.8 ], [ 4221421.6, 3116231.1 ], [ 4221432.0, 3116257.7 ], [ 4221380.2, 3116296.2 ], [ 4221382.2, 3116271.0 ], [ 4221346.6, 3116223.4 ], [ 4221212.0, 3116249.7 ], [ 4221201.7, 3116226.6 ], [ 4221172.3, 3116226.1 ], [ 4221129.0, 3116210.2 ], [ 4221119.6, 3116183.5 ], [ 4221073.5, 3116171.6 ], [ 4221081.8, 3116109.8 ], [ 4221133.0, 3116118.9 ], [ 4221149.8, 3116111.3 ], [ 4221204.1, 3116020.8 ], [ 4221218.3, 3115964.7 ], [ 4221291.7, 3116029.9 ], [ 4221309.1, 3116035.2 ], [ 4221322.2, 3116028.4 ], [ 4221344.2, 3115995.9 ], [ 4221356.2, 3115954.5 ], [ 4221421.1, 3115931.0 ], [ 4221463.9, 3115939.8 ], [ 4221479.8, 3115916.5 ], [ 4221516.0, 3115913.1 ], [ 4221522.1, 3115875.4 ], [ 4221722.3, 3115850.2 ], [ 4221773.9, 3115852.1 ], [ 4221680.9, 3115925.3 ] ], [ [ 4221093.8, 3115942.0 ], [ 4221119.1, 3115947.9 ], [ 4221088.8, 3116008.8 ], [ 4221043.2, 3116062.4 ], [ 4221008.4, 3116066.1 ], [ 4220922.1, 3116046.5 ], [ 4220965.5, 3116042.2 ], [ 4221006.0, 3116021.4 ], [ 4221010.7, 3116003.5 ], [ 4221000.0, 3115987.9 ], [ 4221029.9, 3115940.9 ], [ 4221047.4, 3115874.8 ], [ 4221085.7, 3115882.1 ], [ 4221076.9, 3115922.2 ], [ 4221093.8, 3115942.0 ] ] ] } },
{ "type": "Feature", "properties": { "id": "forest_61303", "state": "Nordrhein-Westfalen", "area_ha": 6377.63, "unfragmented": true, "image": "forest_61303.webp", "real_width_m": 9467.1, "real_height_m": 13121.6, "pixel_width": 946, "pixel_height": 1312, "centroid_x": 4194004.6, "centroid_y": 3103035.1 }, "geometry": { "type": "Polygon", "coordinates": [ [ [ 4191709.1, 3109618.8 ], [ 4191719.1, 3109595.7 ], [ 4191787.6, 3109605.3 ], [ 4191925.0, 3109589.4 ], [ 4191940.4, 3109581.4 ], [ 4192120.8, 3109591.5 ], [ 4192130.9, 3109573.6 ], [ 4192119.0, 3109527.1 ], [ 4192178.9, 3109513.2 ], [ 4192192.4, 3109492.0 ], [ 4192186.3, 3109465.2 ], [ 4192115.2, 3109405.5 ], [ 4192124.5, 3109394.4 ], [ 4192132.5, 3109347.3 ], [ 4192114.6, 3109323.9 ], [ 4192177.0, 3109290.6 ], [ 4192262.1, 3109272.9 ], [ 4192277.0, 3109283.5 ], [ 4192299.2, 3109279.2 ], [ 4192398.8, 3109298.4 ], [ 4192488.9, 3109325.8 ], [ 4192472.1, 3109375.3 ], [ 4192458.7, 3109391.9 ], [ 4192471.0, 3109428.0 ], [ 4192487.8, 3109431.8 ], [ 4192678.3, 3109399.2 ], [ 4192716.7, 3109487.4 ], [ 4192734.8, 3109497.1 ], [ 4192857.1, 3109435.5 ], [ 4192868.2, 3109421.5 ], [ 4192866.2, 3109404.7 ], [ 4192951.3, 3109362.6 ], [ 4192956.7, 3109339.4 ], [ 4192930.6, 3109290.9 ], [ 4193015.7, 3109247.0 ], [ 4193036.6, 3109280.7 ], [ 4193053.5, 3109288.2 ], [ 4193070.1, 3109280.2 ], [ 4193092.3, 3109236.5 ], [ 4193193.5, 3109234.0 ], [ 4193202.3, 3109214.8 ], [ 4193185.3, 3109164.3 ], [ 4193113.7, 3109143.9 ], [ 4193104.3, 3109093.7 ], [ 4193089.2, 3109080.1 ], [ 4193081.2, 3109039.0 ], [ 4193063.2, 3109026.9 ], [ 4193065.3, 3108979.0 ], [ 4193053.0, 3108957.4 ], [ 4193089.8, 3108877.6 ], [ 4193125.7, 3108870.2 ], [ 4193144.8, 3108908.7 ], [ 4193160.4, 3108916.7 ], [ 4193179.4, 3108908.0 ], [ 4193183.5, 3108890.9 ], [ 4193237.6, 3108899.1 ], [ 4193255.4, 3108883.3 ], [ 4193251.5, 3108861.5 ], [ 4193239.0, 3108849.2 ], [ 4193173.7, 3108845.5 ], [ 4193156.7, 3108755.8 ], [ 4193173.2, 3108749.7 ], [ 4193179.5, 3108729.8 ], [ 4193133.8, 3108642.1 ], [ 4193133.9, 3108622.9 ], [ 4193145.4, 3108611.5 ], [ 4193176.6, 3108614.5 ], [ 4193208.3, 3108657.4 ], [ 4193413.8, 3108817.5 ], [ 4193470.4, 3108841.9 ], [ 4193491.9, 3108831.3 ], [ 4193492.8, 3108810.4 ], [ 4193436.6, 3108749.8 ], [ 4193340.3, 3108572.9 ], [ 4193311.7, 3108539.4 ], [ 4193264.3, 3108504.8 ], [ 4193263.4, 3108478.6 ], [ 4193275.2, 3108468.2 ], [ 4193294.6, 3108468.9 ], [ 4193407.9, 3108567.4 ], [ 4193484.3, 3108603.0 ], [ 4193564.3, 3108618.3 ], [ 4193588.6, 3108606.7 ], [ 4193678.2, 3108501.6 ], [ 4193680.7, 3108477.3 ], [ 4193659.2, 3108465.7 ], [ 4193611.4, 3108492.2 ], [ 4193572.4, 3108494.0 ], [ 4193423.8, 3108393.0 ], [ 4193385.2, 3108326.5 ], [ 4193335.4, 3108313.7 ], [ 4193285.2, 3108212.2 ], [ 4193284.6, 3108102.0 ], [ 4193267.7, 3108075.3 ], [ 4193233.6, 3108060.2 ], [ 4193181.8, 3108067.4 ], [ 4193164.6, 3108081.4 ], [ 4193164.1, 3108096.5 ], [ 4193132.1, 3108158.0 ], [ 4193143.2, 3108214.2 ], [ 4193136.0, 3108255.0 ], [ 4193104.5, 3108248.5 ], [ 4193101.2, 3108209.5 ], [ 4193080.1, 3108196.0 ], [ 4192866.3, 3108245.8 ], [ 4192836.8, 3108238.4 ], [ 4192811.4, 3108276.4 ], [ 4192774.3, 3108263.0 ], [ 4192773.0, 3108254.3 ], [ 4192830.1, 3108159.3 ], [ 4192850.3, 3108143.5 ], [ 4192851.3, 3108109.8 ], [ 4192874.3, 3108102.6 ], [ 4192883.0, 3108091.0 ], [ 4192881.0, 3108073.2 ], [ 4192867.0, 3108059.1 ], [ 4192816.3, 3108046.1 ], [ 4192893.4, 3107794.3 ], [ 4192880.9, 3107776.4 ], [ 4192834.5, 3107770.8 ], [ 4192835.0, 3107722.5 ], [ 4192824.1, 3107713.5 ], [ 4192802.5, 3107711.6 ], [ 4192792.9, 3107692.4 ], [ 4192818.7, 3107591.3 ], [ 4192816.1, 3107574.2 ], [ 4192735.7, 3107546.2 ], [ 4192710.5, 3107482.0 ], [ 4192714.5, 3107468.8 ], [ 4192776.9, 3107485.4 ], [ 4192797.7, 3107475.4 ], [ 4192809.6, 3107433.7 ], [ 4192826.2, 3107415.8 ], [ 4192825.2, 3107326.5 ], [ 4192961.9, 3107302.0 ], [ 4193102.6, 3107293.0 ], [ 4193224.4, 3107330.4 ], [ 4193239.1, 3107321.9 ], [ 4193265.2, 3107273.9 ], [ 4193300.6, 3107290.3 ], [ 4193318.1, 3107287.8 ], [ 4193345.6, 3107254.5 ], [ 4193405.0, 3107090.0 ], [ 4193448.1, 3107052.3 ], [ 4193459.6, 3107016.9 ], [ 4193443.3, 3106995.8 ], [ 4193450.2, 3106963.7 ], [ 4193476.8, 3106955.0 ], [ 4193506.9, 3106949.5 ], [ 4193505.9, 3107011.0 ], [ 4193489.7, 3107015.5 ], [ 4193481.0, 3107030.7 ], [ 4193486.6, 3107089.3 ], [ 4193494.2, 3107102.2 ], [ 4193521.5, 3107109.9 ], [ 4193535.2, 3107124.1 ], [ 4193534.1, 3107211.9 ], [ 4193568.9, 3107303.9 ], [ 4193570.4, 3107327.6 ], [ 4193554.1, 3107366.2 ], [ 4193457.4, 3107475.7 ], [ 4193449.4, 3107548.3 ], [ 4193394.2, 3107556.6 ], [ 4193382.2, 3107580.4 ], [ 4193397.6, 3107634.8 ], [ 4193464.7, 3107741.0 ], [ 4193551.7, 3107761.4 ], [ 4193622.2, 3107824.5 ], [ 4193516.4, 3107894.5 ], [ 4193537.1, 3108031.6 ], [ 4193363.7, 3108040.1 ], [ 4193342.7, 3108052.8 ], [ 4193331.7, 3108091.9 ], [ 4193298.6, 3108109.8 ], [ 4193290.9, 3108210.2 ], [ 4193345.6, 3108313.5 ], [ 4193363.2, 3108314.2 ], [ 4193374.1, 3108304.9 ], [ 4193367.2, 3108249.7 ], [ 4193372.4, 3108221.3 ], [ 4193392.3, 3108178.5 ], [ 4193426.4, 3108154.5 ], [ 4193463.6, 3108157.3 ], [ 4193560.7, 3108224.8 ], [ 4193615.5, 3108231.6 ], [ 4193677.0, 3108228.4 ], [ 4193695.6, 3108213.1 ], [ 4193691.6, 3108192.5 ], [ 4193666.3, 3108178.8 ], [ 4193570.1, 3108160.2 ], [ 4193556.9, 3108138.5 ], [ 4193569.3, 3108111.6 ], [ 4193594.3, 3108107.8 ], [ 4193653.3, 3108133.9 ], [ 4193709.5, 3108134.7 ], [ 4193798.6, 3108092.8 ], [ 4193922.7, 3108071.8 ], [ 4193986.0, 3108086.0 ], [ 4194084.7, 3108134.5 ], [ 4194179.5, 3108166.8 ], [ 4194326.7, 3108249.7 ], [ 4194568.3, 3108350.2 ], [ 4194614.1, 3108318.0 ], [ 4194621.3, 3108290.1 ], [ 4194650.4, 3108277.8 ], [ 4194660.8, 3108263.1 ], [ 4194656.7, 3108245.5 ], [ 4194585.3, 3108155.8 ], [ 4194619.4, 3108125.7 ], [ 4194642.9, 3108147.4 ], [ 4194668.7, 3108138.2 ], [ 4194701.8, 3108177.4 ], [ 4194708.8, 3108267.1 ], [ 4194742.0, 3108362.9 ], [ 4194829.8, 3108388.8 ], [ 4194930.4, 3108458.0 ], [ 4194948.5, 3108461.7 ], [ 4194961.1, 3108453.5 ], [ 4194965.7, 3108438.5 ], [ 4194939.0, 3108367.0 ], [ 4194950.9, 3108335.5 ], [ 4194975.6, 3108334.0 ], [ 4195062.6, 3108368.6 ], [ 4195155.3, 3108336.2 ], [ 4195309.3, 3108234.4 ], [ 4195386.0, 3108136.0 ], [ 4195430.9, 3108098.8 ], [ 4195668.2, 3107961.8 ], [ 4195783.0, 3107914.3 ], [ 4195855.7, 3107904.7 ], [ 4195878.0, 3107914.4 ], [ 4195888.6, 3107932.7 ], [ 4195921.3, 3108112.4 ], [ 4195937.1, 3108232.2 ], [ 4195938.5, 3108385.5 ], [ 4195949.2, 3108399.1 ], [ 4195968.3, 3108403.9 ], [ 4195985.9, 3108403.1 ], [ 4196001.4, 3108391.4 ], [ 4196040.0, 3108228.3 ], [ 4196031.0, 3108111.8 ], [ 4196046.3, 3108007.1 ], [ 4196032.8, 3107887.4 ], [ 4196038.0, 3107788.1 ], [ 4196056.5, 3107701.5 ], [ 4196092.1, 3107610.5 ], [ 4196171.7, 3107517.3 ], [ 4196410.6, 3107295.9 ], [ 4196498.0, 3107219.4 ], [ 4196585.2, 3107171.0 ], [ 4196590.8, 3107151.0 ], [ 4196576.3, 3107116.7 ], [ 4196595.6, 3107093.9 ], [ 4196603.8, 3107093.9 ], [ 4196632.7, 3107132.4 ], [ 4196650.1, 3107136.6 ], [ 4196795.5, 3107056.7 ], [ 4196806.6, 3107039.2 ], [ 4196798.2, 3107020.2 ], [ 4196771.1, 3107014.3 ], [ 4196767.7, 3106995.5 ], [ 4196709.6, 3106935.8 ], [ 4196735.9, 3106860.4 ], [ 4196786.4, 3106810.6 ], [ 4196786.3, 3106766.2 ], [ 4196800.9, 3106745.5 ], [ 4196805.8, 3106690.3 ], [ 4196796.2, 3106674.7 ], [ 4196758.8, 3106418.6 ], [ 4196740.4, 3106403.4 ], [ 4196679.6, 3106415.2 ], [ 4196672.5, 3106354.2 ], [ 4196655.9, 3106338.5 ], [ 4196658.9, 3106291.6 ], [ 4196728.7, 3106238.6 ], [ 4196722.2, 3106175.8 ], [ 4196781.4, 3106158.7 ], [ 4196794.0, 3106145.8 ], [ 4196790.0, 3106051.8 ], [ 4196755.7, 3105932.7 ], [ 4196856.5, 3105922.4 ], [ 4196864.4, 3105948.1 ], [ 4196881.2, 3105955.8 ], [ 4196935.7, 3105922.0 ], [ 4196914.5, 3105780.9 ], [ 4196931.2, 3105618.9 ], [ 4196931.6, 3105529.1 ], [ 4196901.2, 3105442.9 ], [ 4196857.8, 3105385.5 ], [ 4196720.9, 3105251.4 ], [ 4196655.3, 3105157.3 ], [ 4196616.0, 3105076.2 ], [ 4196595.5, 3105069.0 ], [ 4196574.7, 3105080.8 ], [ 4196538.2, 3105002.8 ], [ 4196526.9, 3104946.7 ], [ 4196505.3, 3104931.0 ], [ 4196498.8, 3104909.5 ], [ 4196500.2, 3104873.6 ], [ 4196487.2, 3104798.5 ], [ 4196510.1, 3104770.1 ], [ 4196506.1, 3104741.2 ], [ 4196514.6, 3104653.6 ], [ 4196533.2, 3104638.4 ], [ 4196586.4, 3104617.9 ], [ 4196621.9, 3104632.2 ], [ 4196641.7, 3104623.2 ], [ 4196652.4, 3104587.0 ], [ 4196643.4, 3104542.1 ], [ 4196672.7, 3104527.4 ], [ 4196711.9, 3104477.7 ], [ 4196720.3, 3104432.8 ], [ 4196746.7, 3104404.2 ], [ 4196741.1, 3104377.3 ], [ 4196755.7, 3104356.2 ], [ 4196770.9, 3104348.4 ], [ 4196782.0, 3104353.1 ], [ 4196758.5, 3104389.9 ], [ 4196757.6, 3104404.8 ], [ 4196801.5, 3104448.6 ], [ 4196825.7, 3104445.5 ], [ 4196882.0, 3104401.5 ], [ 4196887.3, 3104377.2 ], [ 4196873.4, 3104351.3 ], [ 4196854.5, 3104337.0 ], [ 4196870.9, 3104312.2 ], [ 4196858.3, 3104284.7 ], [ 4196887.5, 3104256.5 ], [ 4196895.7, 3104259.2 ], [ 4196896.8, 3104274.5 ], [ 4196878.0, 3104301.4 ], [ 4196877.2, 3104316.1 ], [ 4196905.3, 3104338.8 ], [ 4196906.0, 3104363.0 ], [ 4196921.8, 3104377.3 ], [ 4197020.4, 3104363.9 ], [ 4197153.9, 3104330.4 ], [ 4197179.8, 3104320.1 ], [ 4197187.7, 3104300.8 ], [ 4197148.0, 3104257.7 ], [ 4197086.4, 3104247.5 ], [ 4197049.7, 3104283.1 ], [ 4197024.1, 3104282.5 ], [ 4196988.8, 3104264.2 ], [ 4196973.3, 3104239.7 ], [ 4197015.0, 3104215.6 ], [ 4197045.4, 3104208.2 ], [ 4197078.7, 3104184.1 ], [ 4197118.3, 3104190.7 ], [ 4197142.9, 3104178.5 ], [ 4197172.0, 3104184.1 ], [ 4197196.0, 3104175.8 ], [ 4197215.9, 3104157.1 ], [ 4197290.6, 3104149.3 ], [ 4197365.4, 3104114.4 ], [ 4197615.3, 3104065.1 ], [ 4197678.7, 3104030.4 ], [ 4197682.4, 3103983.7 ], [ 4197662.5, 3103851.3 ], [ 4197672.0, 3103831.8 ], [ 4197661.0, 3103804.1 ], [ 4197592.0, 3103712.7 ], [ 4197506.2, 3103639.7 ], [ 4197472.0, 3103584.6 ], [ 4197455.7, 3103574.7 ], [ 4197393.8, 3103454.9 ], [ 4197371.5, 3103379.6 ], [ 4197391.7, 3103336.7 ], [ 4197369.9, 3103291.7 ], [ 4197374.2, 3103272.3 ], [ 4197363.6, 3103252.9 ], [ 4197382.3, 3103224.4 ], [ 4197392.4, 3103222.4 ], [ 4197400.9, 3103329.6 ], [ 4197393.2, 3103353.7 ], [ 4197442.6, 3103471.9 ], [ 4197450.5, 3103510.4 ], [ 4197468.2, 3103523.2 ], [ 4197485.5, 3103570.7 ], [ 4197516.5, 3103613.5 ], [ 4197586.3, 3103670.8 ], [ 4197611.1, 3103673.0 ], [ 4197640.4, 3103701.1 ], [ 4197705.1, 3103785.7 ], [ 4197734.3, 3103839.5 ], [ 4197744.1, 3103888.4 ], [ 4197779.5, 3103932.3 ], [ 4197797.0, 3103938.4 ], [ 4197860.5, 3103928.1 ], [ 4197932.8, 3103876.2 ], [ 4197974.9, 3103825.4 ], [ 4198059.4, 3103752.2 ], [ 4198177.2, 3103677.0 ], [ 4198177.7, 3103651.9 ], [ 4198158.1, 3103642.1 ], [ 4198022.1, 3103650.6 ], [ 4197933.4, 3103682.2 ], [ 4197917.6, 3103599.4 ], [ 4197916.2, 3103504.8 ], [ 4197935.2, 3103486.8 ], [ 4197959.8, 3103390.6 ], [ 4197931.1, 3103174.8 ], [ 4197892.3, 3103134.2 ], [ 4197872.4, 3103098.1 ], [ 4197700.0, 3102664.1 ], [ 4197734.8, 3102612.6 ], [ 4197718.8, 3102580.1 ], [ 4197754.0, 3102425.8 ], [ 4197829.4, 3102441.6 ], [ 4197847.2, 3102437.6 ], [ 4197871.2, 3102389.1 ], [ 4197890.9, 3102312.4 ], [ 4197921.9, 3102283.4 ], [ 4197961.3, 3102226.6 ], [ 4197968.9, 3102219.7 ], [ 4198041.8, 3102245.2 ], [ 4198063.4, 3102229.5 ], [ 4198069.0, 3102178.0 ], [ 4198061.7, 3102165.8 ], [ 4198044.6, 3102160.3 ], [ 4198043.4, 3102092.4 ], [ 4197984.4, 3101962.6 ], [ 4197996.3, 3101951.6 ], [ 4197997.9, 3101934.4 ], [ 4197966.4, 3101899.7 ], [ 4197988.0, 3101876.0 ], [ 4197990.9, 3101858.4 ], [ 4197976.3, 3101843.0 ], [ 4197939.0, 3101842.0 ], [ 4197976.7, 3101831.1 ], [ 4198034.0, 3101834.2 ], [ 4198042.7, 3101860.6 ], [ 4198021.6, 3101863.2 ], [ 4198013.1, 3101886.2 ], [ 4198080.1, 3101973.0 ], [ 4198107.4, 3102062.0 ], [ 4198110.3, 3102121.1 ], [ 4198099.4, 3102223.0 ], [ 4198129.0, 3102243.7 ], [ 4198142.4, 3102279.6 ], [ 4198194.7, 3102351.5 ], [ 4198239.0, 3102381.3 ], [ 4198266.0, 3102366.7 ], [ 4198294.8, 3102314.4 ], [ 4198307.7, 3102231.0 ], [ 4198377.3, 3102118.2 ], [ 4198377.3, 3102091.9 ], [ 4198357.4, 3102079.8 ], [ 4198366.9, 3101975.0 ], [ 4198375.8, 3101961.1 ], [ 4198391.1, 3101879.0 ], [ 4198381.1, 3101860.2 ], [ 4198356.6, 3101853.3 ], [ 4198274.0, 3101860.4 ], [ 4198207.5, 3101846.5 ], [ 4198163.4, 3101847.6 ], [ 4198053.2, 3101587.9 ], [ 4197955.7, 3101433.2 ], [ 4197961.6, 3101423.6 ], [ 4198067.2, 3101442.8 ], [ 4198172.7, 3101393.8 ], [ 4198182.0, 3101382.8 ], [ 4198181.2, 3101364.9 ], [ 4198134.6, 3101282.3 ], [ 4198120.5, 3101280.6 ], [ 4198068.3, 3101300.6 ], [ 4198050.1, 3101230.6 ], [ 4198039.0, 3101216.7 ], [ 4198024.7, 3101214.5 ], [ 4197973.3, 3101233.4 ], [ 4197953.0, 3101157.6 ], [ 4197904.1, 3101068.5 ], [ 4197824.9, 3101019.3 ], [ 4197732.8, 3100931.5 ], [ 4197742.4, 3100860.5 ], [ 4197764.6, 3100839.1 ], [ 4197883.9, 3100774.4 ], [ 4197916.6, 3100769.5 ], [ 4197927.5, 3100781.1 ], [ 4197945.0, 3100781.9 ], [ 4198052.5, 3100728.2 ], [ 4198079.8, 3100707.4 ], [ 4198107.5, 3100670.4 ], [ 4198133.3, 3100678.0 ], [ 4198146.5, 3100673.7 ], [ 4198221.6, 3100618.2 ], [ 4198276.4, 3100519.4 ], [ 4198268.2, 3100499.5 ], [ 4198246.9, 3100496.1 ], [ 4198216.2, 3100520.5 ], [ 4198210.7, 3100535.5 ], [ 4198103.7, 3100575.8 ], [ 4198069.3, 3100542.7 ], [ 4198167.1, 3100407.1 ], [ 4198175.3, 3100379.1 ], [ 4198166.1, 3100350.0 ], [ 4198117.1, 3100299.4 ], [ 4197986.1, 3100190.9 ], [ 4197849.2, 3100160.9 ], [ 4197832.8, 3100169.1 ], [ 4197543.4, 3100503.3 ], [ 4197502.5, 3100535.0 ], [ 4197447.9, 3100550.6 ], [ 4197404.6, 3100547.2 ], [ 4197362.5, 3100531.7 ], [ 4197277.9, 3100482.0 ], [ 4197212.5, 3100479.1 ], [ 4197069.1, 3100554.1 ], [ 4196918.9, 3100564.2 ], [ 4196867.8, 3100577.0 ], [ 4196828.4, 3100598.8 ], [ 4196717.4, 3100684.0 ], [ 4196595.0, 3100720.7 ], [ 4196517.8, 3100769.5 ], [ 4196474.6, 3100784.7 ], [ 4196370.0, 3100792.0 ], [ 4196294.8, 3100774.8 ], [ 4196064.5, 3100642.3 ], [ 4195956.4, 3100542.3 ], [ 4195932.4, 3100543.9 ], [ 4195923.6, 3100563.0 ], [ 4195941.3, 3100612.9 ], [ 4195935.2, 3100674.2 ], [ 4195999.6, 3100720.7 ], [ 4196039.0, 3100732.7 ], [ 4196112.0, 3100830.1 ], [ 4196180.6, 3100895.0 ], [ 4196158.7, 3100917.0 ], [ 4196156.9, 3100933.9 ], [ 4196214.0, 3101021.1 ], [ 4196251.2, 3101062.6 ], [ 4196231.8, 3101084.6 ], [ 4196231.8, 3101114.9 ], [ 4196155.0, 3101163.2 ], [ 4196129.7, 3101144.9 ], [ 4196144.6, 3101104.0 ], [ 4196128.2, 3101082.4 ], [ 4196092.6, 3101080.1 ], [ 4196021.5, 3101117.3 ], [ 4195966.3, 3101034.5 ], [ 4195902.3, 3100959.6 ], [ 4195885.1, 3100955.5 ], [ 4195866.2, 3100967.3 ], [ 4195804.8, 3100946.3 ], [ 4195751.0, 3100943.4 ], [ 4195734.2, 3100905.7 ], [ 4195722.2, 3100896.8 ], [ 4195703.9, 3100899.4 ], [ 4195622.7, 3100955.7 ], [ 4195613.4, 3100973.7 ], [ 4195623.1, 3101020.0 ], [ 4195593.2, 3101114.4 ], [ 4195492.1, 3101316.6 ], [ 4195468.9, 3101404.5 ], [ 4195324.7, 3101670.6 ], [ 4195311.2, 3101710.5 ], [ 4195270.8, 3101759.5 ], [ 4195223.6, 3101836.3 ], [ 4195202.1, 3101851.4 ], [ 4195176.2, 3101949.7 ], [ 4195147.3, 3102017.9 ], [ 4195029.8, 3102090.3 ], [ 4194899.7, 3102210.8 ], [ 4194874.9, 3102223.2 ], [ 4194856.7, 3102221.7 ], [ 4194846.6, 3102209.9 ], [ 4194899.0, 3102129.4 ], [ 4194890.7, 3102109.9 ], [ 4194873.4, 3102105.5 ], [ 4194864.8, 3102081.4 ], [ 4194875.1, 3102024.2 ], [ 4194985.4, 3101924.7 ], [ 4194987.8, 3101899.8 ], [ 4194963.8, 3101882.0 ], [ 4195003.8, 3101795.2 ], [ 4195211.0, 3101558.1 ], [ 4195176.2, 3101482.3 ], [ 4195177.4, 3101457.7 ], [ 4195203.3, 3101394.6 ], [ 4195201.8, 3101372.6 ], [ 4195185.5, 3101338.8 ], [ 4195163.0, 3101332.6 ], [ 4195125.7, 3101351.6 ], [ 4195102.0, 3101343.5 ], [ 4195074.3, 3101276.5 ], [ 4195074.1, 3101254.5 ], [ 4195051.2, 3101244.0 ], [ 4195024.9, 3101212.6 ], [ 4195010.3, 3101211.7 ], [ 4194961.7, 3101233.1 ], [ 4194919.7, 3101269.6 ], [ 4194906.4, 3101260.2 ], [ 4194891.7, 3101261.0 ], [ 4194870.3, 3101232.0 ], [ 4194918.3, 3101220.5 ], [ 4194957.0, 3101201.3 ], [ 4194963.2, 3101187.9 ], [ 4194957.7, 3101161.2 ], [ 4195052.7, 3101056.4 ], [ 4195088.5, 3100984.0 ], [ 4195113.1, 3100956.7 ], [ 4195226.0, 3100892.3 ], [ 4195308.8, 3100855.6 ], [ 4195396.9, 3100823.6 ], [ 4195420.2, 3100841.0 ], [ 4195439.9, 3100836.4 ], [ 4195494.6, 3100772.6 ], [ 4195499.6, 3100755.1 ], [ 4195634.8, 3100624.5 ], [ 4195638.2, 3100603.4 ], [ 4195619.4, 3100583.6 ], [ 4195790.3, 3100477.1 ], [ 4195788.7, 3100452.7 ], [ 4195738.2, 3100409.6 ], [ 4195751.7, 3100384.4 ], [ 4195821.7, 3100447.1 ], [ 4195838.6, 3100443.7 ], [ 4195857.1, 3100420.4 ], [ 4195879.3, 3100421.7 ], [ 4195953.6, 3100527.8 ], [ 4196046.2, 3100621.7 ], [ 4196287.7, 3100764.5 ], [ 4196351.6, 3100784.6 ], [ 4196451.5, 3100782.3 ], [ 4196500.7, 3100770.6 ], [ 4196593.1, 3100715.0 ], [ 4196714.2, 3100678.9 ], [ 4196824.5, 3100594.1 ], [ 4196874.2, 3100568.2 ], [ 4196926.4, 3100557.5 ], [ 4197051.0, 3100552.0 ], [ 4197106.1, 3100533.5 ], [ 4197117.8, 3100511.2 ], [ 4197093.5, 3100427.4 ], [ 4197080.6, 3100415.9 ], [ 4197077.8, 3100371.2 ], [ 4197100.0, 3100367.5 ], [ 4197142.4, 3100477.7 ], [ 4197154.4, 3100490.0 ], [ 4197219.1, 3100471.6 ], [ 4197262.2, 3100471.6 ], [ 4197298.8, 3100484.6 ], [ 4197391.6, 3100537.7 ], [ 4197434.0, 3100544.8 ], [ 4197477.1, 3100537.8 ], [ 4197510.9, 3100523.3 ], [ 4197547.3, 3100490.3 ], [ 4197613.5, 3100406.4 ], [ 4197759.6, 3100251.3 ], [ 4197822.6, 3100171.7 ], [ 4197824.0, 3100153.6 ], [ 4197811.3, 3100140.6 ], [ 4197779.5, 3100136.8 ], [ 4197703.7, 3100145.6 ], [ 4197704.5, 3100098.6 ], [ 4197690.4, 3100081.1 ], [ 4197481.8, 3100018.4 ], [ 4197342.5, 3099986.3 ], [ 4197248.9, 3099953.8 ], [ 4197270.4, 3099899.3 ], [ 4197291.7, 3099905.8 ], [ 4197306.5, 3099896.9 ], [ 4197493.8, 3099937.2 ], [ 4197507.0, 3099959.9 ], [ 4197596.0, 3099992.7 ], [ 4197668.5, 3100003.7 ], [ 4197714.5, 3100038.5 ], [ 4197737.5, 3100030.9 ], [ 4197744.7, 3100003.8 ], [ 4197822.8, 3100037.3 ], [ 4197837.7, 3100023.0 ], [ 4197890.9, 3099861.9 ], [ 4197885.2, 3099839.1 ], [ 4197806.7, 3099807.8 ], [ 4197776.7, 3099837.5 ], [ 4197771.3, 3099854.8 ], [ 4197738.1, 3099849.5 ], [ 4197721.6, 3099856.9 ], [ 4197704.0, 3099925.9 ], [ 4197587.6, 3099909.3 ], [ 4197569.1, 3099762.4 ], [ 4197690.1, 3099745.0 ], [ 4197842.6, 3099701.1 ], [ 4197995.4, 3099717.6 ], [ 4198070.1, 3099714.7 ], [ 4198107.8, 3099698.8 ], [ 4198114.2, 3099673.1 ], [ 4197998.5, 3099555.3 ], [ 4197987.9, 3099515.4 ], [ 4197974.0, 3099503.6 ], [ 4197906.8, 3099498.2 ], [ 4197871.1, 3099560.9 ], [ 4197382.6, 3099605.0 ], [ 4197278.9, 3099567.6 ], [ 4197139.1, 3099471.4 ], [ 4197068.2, 3099360.8 ], [ 4197074.8, 3099216.8 ], [ 4197199.6, 3099222.2 ], [ 4197233.5, 3099230.3 ], [ 4197251.6, 3099218.1 ], [ 4197250.4, 3099196.4 ], [ 4197157.5, 3099148.2 ], [ 4197102.3, 3099142.6 ], [ 4197020.4, 3099158.2 ], [ 4197012.7, 3099126.5 ], [ 4196999.3, 3099114.2 ], [ 4196881.0, 3099111.3 ], [ 4196916.1, 3099041.9 ], [ 4196930.4, 3099033.9 ], [ 4196986.7, 3098949.2 ], [ 4196979.5, 3098840.7 ], [ 4197022.4, 3098832.5 ], [ 4197036.4, 3098816.7 ], [ 4197048.4, 3098643.8 ], [ 4197039.9, 3098595.1 ], [ 4196990.5, 3098548.6 ], [ 4196950.2, 3098553.3 ], [ 4196939.2, 3098584.2 ], [ 4196950.6, 3098633.3 ], [ 4196854.7, 3098649.4 ], [ 4196807.4, 3098692.2 ], [ 4196768.8, 3098747.2 ], [ 4196689.2, 3098696.6 ], [ 4196724.4, 3098558.8 ], [ 4196715.9, 3098539.5 ], [ 4196699.4, 3098528.0 ], [ 4196681.0, 3098527.1 ], [ 4196644.2, 3098546.6 ], [ 4196621.1, 3098540.7 ], [ 4196543.2, 3098558.5 ], [ 4196541.6, 3098534.7 ], [ 4196604.9, 3098489.9 ], [ 4196611.0, 3098468.9 ], [ 4196660.1, 3098426.8 ], [ 4196707.4, 3098354.7 ], [ 4196745.4, 3098323.3 ], [ 4196748.0, 3098299.5 ], [ 4196441.9, 3098064.2 ], [ 4196424.1, 3098068.6 ], [ 4196396.7, 3098099.4 ], [ 4196286.6, 3098176.8 ], [ 4196239.5, 3098129.1 ], [ 4196264.7, 3098082.5 ], [ 4196263.5, 3098065.1 ], [ 4196205.0, 3098018.7 ], [ 4196164.9, 3097894.9 ], [ 4196100.5, 3097809.0 ], [ 4196222.9, 3097701.9 ], [ 4196225.6, 3097678.0 ], [ 4196192.3, 3097648.4 ], [ 4196172.7, 3097646.6 ], [ 4196146.9, 3097675.0 ], [ 4196131.8, 3097713.5 ], [ 4196071.1, 3097665.9 ], [ 4195967.3, 3097661.2 ], [ 4195970.2, 3097534.8 ], [ 4195952.8, 3097513.7 ], [ 4195818.3, 3097541.2 ], [ 4195806.2, 3097556.6 ], [ 4195729.9, 3097586.6 ], [ 4195722.3, 3097610.4 ], [ 4195671.3, 3097630.8 ], [ 4195658.7, 3097653.1 ], [ 4195640.2, 3097799.4 ], [ 4195514.3, 3097978.0 ], [ 4195479.7, 3098065.9 ], [ 4195457.5, 3098151.4 ], [ 4195450.0, 3098136.7 ], [ 4195450.8, 3098094.4 ], [ 4195480.5, 3098030.9 ], [ 4195483.2, 3097994.6 ], [ 4195513.5, 3097938.4 ], [ 4195534.0, 3097924.0 ], [ 4195558.3, 3097827.4 ], [ 4195573.0, 3097620.7 ], [ 4195566.5, 3097603.7 ], [ 4195553.1, 3097597.4 ], [ 4195210.6, 3097586.3 ], [ 4195200.2, 3097600.8 ], [ 4195199.3, 3097630.6 ], [ 4195212.9, 3097641.2 ], [ 4195249.5, 3097640.4 ], [ 4195247.7, 3097652.4 ], [ 4195199.0, 3097655.9 ], [ 4195181.2, 3097665.7 ], [ 4195160.6, 3097766.2 ], [ 4195118.5, 3097818.6 ], [ 4195078.4, 3097800.4 ], [ 4195088.7, 3097672.7 ], [ 4195085.1, 3097636.8 ], [ 4195009.0, 3097597.7 ], [ 4194959.6, 3097559.0 ], [ 4194786.9, 3097395.0 ], [ 4194793.6, 3097370.2 ], [ 4194788.6, 3097356.6 ], [ 4194776.2, 3097349.1 ], [ 4194758.2, 3097351.8 ], [ 4194673.2, 3097464.5 ], [ 4194622.8, 3097508.7 ], [ 4194577.7, 3097583.9 ], [ 4194554.0, 3097585.9 ], [ 4194518.4, 3097638.8 ], [ 4194490.5, 3097659.4 ], [ 4194482.2, 3097690.8 ], [ 4194430.5, 3097705.7 ], [ 4194402.0, 3097742.6 ], [ 4194382.8, 3097735.9 ], [ 4194351.5, 3097740.4 ], [ 4194290.6, 3097790.9 ], [ 4194289.9, 3097807.6 ], [ 4194310.2, 3097858.0 ], [ 4194292.2, 3097876.3 ], [ 4194267.2, 3097874.6 ], [ 4194256.5, 3097893.6 ], [ 4194261.7, 3097916.3 ], [ 4194272.1, 3097926.7 ], [ 4194290.4, 3097926.9 ], [ 4194305.6, 3097913.7 ], [ 4194315.4, 3098087.2 ], [ 4194303.4, 3098223.5 ], [ 4194280.0, 3098188.0 ], [ 4194276.8, 3098112.7 ], [ 4194263.5, 3098077.7 ], [ 4194251.5, 3097980.9 ], [ 4194240.4, 3097960.1 ], [ 4194240.4, 3097940.4 ], [ 4194229.3, 3097928.5 ], [ 4194214.5, 3097925.8 ], [ 4194201.5, 3097933.4 ], [ 4194180.3, 3097964.4 ], [ 4194187.8, 3097987.1 ], [ 4194175.5, 3097994.7 ], [ 4194078.2, 3098015.9 ], [ 4194008.1, 3098056.0 ], [ 4193997.5, 3098072.1 ], [ 4193998.5, 3098120.1 ], [ 4193988.0, 3098155.3 ], [ 4193993.2, 3098172.2 ], [ 4193988.3, 3098210.4 ], [ 4194001.7, 3098232.9 ], [ 4194003.6, 3098294.4 ], [ 4193987.9, 3098413.1 ], [ 4193881.0, 3098620.4 ], [ 4193866.4, 3098628.6 ], [ 4193832.4, 3098687.6 ], [ 4193775.8, 3098757.7 ], [ 4193760.1, 3098766.1 ], [ 4193744.1, 3098793.6 ], [ 4193664.9, 3098845.1 ], [ 4193631.3, 3098880.8 ], [ 4193626.9, 3098896.4 ], [ 4193582.3, 3098921.9 ], [ 4193523.9, 3098981.1 ], [ 4193413.1, 3099026.8 ], [ 4193358.7, 3099039.1 ], [ 4193348.2, 3099036.8 ], [ 4193359.1, 3099025.5 ], [ 4193381.5, 3099013.4 ], [ 4193404.3, 3099014.2 ], [ 4193471.8, 3098961.7 ], [ 4193547.6, 3098934.5 ], [ 4193561.1, 3098906.0 ], [ 4193655.2, 3098813.7 ], [ 4193717.0, 3098773.1 ], [ 4193773.7, 3098696.5 ], [ 4193832.1, 3098594.8 ], [ 4193882.8, 3098529.4 ], [ 4193903.2, 3098436.2 ], [ 4193903.2, 3098388.8 ], [ 4193937.5, 3098341.3 ], [ 4193952.1, 3098332.7 ], [ 4193964.4, 3098299.9 ], [ 4193962.7, 3098131.8 ], [ 4193987.1, 3098052.4 ], [ 4194038.0, 3097981.1 ], [ 4194115.0, 3097918.6 ], [ 4194135.0, 3097907.9 ], [ 4194218.8, 3097890.8 ], [ 4194226.4, 3097874.4 ], [ 4194220.5, 3097849.7 ], [ 4194200.0, 3097830.3 ], [ 4194026.0, 3097741.8 ], [ 4193931.6, 3097719.5 ], [ 4193887.2, 3097718.6 ], [ 4193862.8, 3097700.3 ], [ 4193818.3, 3097693.8 ], [ 4193799.8, 3097705.7 ], [ 4193715.0, 3097859.3 ], [ 4193695.9, 3097869.6 ], [ 4193631.3, 3097878.7 ], [ 4193603.9, 3097867.2 ], [ 4193693.2, 3097795.1 ], [ 4193757.1, 3097715.7 ], [ 4193754.6, 3097697.8 ], [ 4193743.2, 3097688.8 ], [ 4193688.4, 3097688.0 ], [ 4193644.4, 3097695.8 ], [ 4193607.8, 3097714.4 ], [ 4193587.6, 3097744.7 ], [ 4193440.5, 3097735.6 ], [ 4193358.1, 3097755.7 ], [ 4193286.4, 3097816.0 ], [ 4193192.8, 3097934.9 ], [ 4193147.4, 3097873.2 ], [ 4193157.4, 3097845.4 ], [ 4193147.1, 3097827.2 ], [ 4193047.9, 3097776.2 ], [ 4192950.2, 3097700.7 ], [ 4192886.7, 3097661.8 ], [ 4192826.0, 3097636.5 ], [ 4192775.9, 3097629.9 ], [ 4192748.7, 3097636.1 ], [ 4192675.9, 3097674.8 ], [ 4192606.4, 3097768.6 ], [ 4192574.7, 3097776.7 ], [ 4192565.1, 3097797.4 ], [ 4192412.6, 3097833.8 ], [ 4192330.9, 3097829.6 ], [ 4192159.5, 3097852.9 ], [ 4192030.0, 3097847.9 ], [ 4191945.9, 3097825.4 ], [ 4191842.6, 3097770.9 ], [ 4191788.4, 3097766.6 ], [ 4191771.3, 3097772.7 ], [ 4191723.1, 3097818.1 ], [ 4191637.1, 3097988.4 ], [ 4191641.1, 3098006.3 ], [ 4191657.3, 3098014.9 ], [ 4191828.4, 3098000.7 ], [ 4191828.9, 3098035.6 ], [ 4191720.7, 3098038.0 ], [ 4191680.0, 3098055.6 ], [ 4191676.5, 3098075.6 ], [ 4191708.0, 3098176.5 ], [ 4191694.2, 3098179.5 ], [ 4191669.1, 3098106.6 ], [ 4191615.1, 3098051.8 ], [ 4191589.9, 3098059.8 ], [ 4191557.9, 3098123.6 ], [ 4191518.1, 3098129.1 ], [ 4191323.1, 3098056.6 ], [ 4191260.8, 3098016.0 ], [ 4191361.4, 3097893.9 ], [ 4191351.7, 3097868.6 ], [ 4191386.6, 3097737.5 ], [ 4191386.4, 3097695.8 ], [ 4191333.1, 3097599.5 ], [ 4191315.8, 3097593.9 ], [ 4191285.0, 3097607.2 ], [ 4191260.6, 3097573.4 ], [ 4191234.7, 3097557.0 ], [ 4191253.4, 3097506.1 ], [ 4191247.0, 3097485.5 ], [ 4191208.7, 3097481.2 ], [ 4191160.5, 3097505.8 ], [ 4191165.4, 3097492.1 ], [ 4191205.1, 3097471.4 ], [ 4191284.3, 3097450.5 ], [ 4191415.4, 3097337.4 ], [ 4191435.9, 3097354.4 ], [ 4191471.1, 3097340.5 ], [ 4191486.8, 3097347.6 ], [ 4191507.3, 3097413.0 ], [ 4191533.8, 3097423.3 ], [ 4191543.5, 3097456.7 ], [ 4191577.3, 3097459.5 ], [ 4191596.2, 3097435.8 ], [ 4191629.6, 3097534.9 ], [ 4191632.6, 3097575.5 ], [ 4191622.8, 3097610.4 ], [ 4191631.8, 3097628.1 ], [ 4191648.7, 3097632.3 ], [ 4191661.1, 3097625.6 ], [ 4191687.2, 3097571.6 ], [ 4191752.4, 3097543.0 ], [ 4191766.9, 3097553.3 ], [ 4191787.0, 3097547.1 ], [ 4191919.3, 3097334.4 ], [ 4191910.9, 3097318.6 ], [ 4191875.7, 3097314.2 ], [ 4191851.9, 3097289.2 ], [ 4191791.2, 3097286.6 ], [ 4191783.9, 3097260.7 ], [ 4191823.6, 3097218.6 ], [ 4191873.4, 3097142.9 ], [ 4191906.0, 3097153.4 ], [ 4191909.2, 3097168.4 ], [ 4191924.5, 3097178.3 ], [ 4191968.1, 3097156.7 ], [ 4192016.3, 3097005.8 ], [ 4192074.2, 3096897.3 ], [ 4192071.0, 3096880.6 ], [ 4192038.3, 3096839.7 ], [ 4192012.4, 3096844.2 ], [ 4191969.8, 3096829.1 ], [ 4191918.3, 3096829.3 ], [ 4191922.5, 3096753.5 ], [ 4192072.2, 3096720.4 ], [ 4192111.8, 3096596.7 ], [ 4192105.6, 3096579.4 ], [ 4192092.1, 3096572.9 ], [ 4192045.8, 3096586.6 ], [ 4192000.6, 3096614.6 ], [ 4191905.5, 3096731.4 ], [ 4191891.6, 3096732.7 ], [ 4191656.2, 3096861.2 ], [ 4191610.5, 3096924.9 ], [ 4191564.6, 3097073.0 ], [ 4191535.4, 3097099.9 ], [ 4191505.5, 3097110.0 ], [ 4191415.9, 3097093.5 ], [ 4191362.5, 3097070.4 ], [ 4191319.4, 3097031.1 ], [ 4191269.0, 3096957.5 ], [ 4191123.2, 3096862.0 ], [ 4191029.9, 3096827.5 ], [ 4190886.6, 3096758.3 ], [ 4190791.0, 3096735.7 ], [ 4190769.7, 3096744.0 ], [ 4190753.2, 3096783.7 ], [ 4190751.0, 3096819.4 ], [ 4190794.4, 3097001.8 ], [ 4190816.4, 3097031.0 ], [ 4190914.4, 3097103.5 ], [ 4190966.7, 3097184.6 ], [ 4190968.7, 3097216.3 ], [ 4190947.6, 3097302.2 ], [ 4190959.2, 3097367.7 ], [ 4190980.6, 3097421.9 ], [ 4190978.5, 3097451.2 ], [ 4190959.6, 3097467.3 ], [ 4190935.9, 3097472.4 ], [ 4190868.2, 3097457.8 ], [ 4190809.4, 3097409.9 ], [ 4190748.5, 3097324.9 ], [ 4190717.1, 3097310.0 ], [ 4190660.8, 3097299.2 ], [ 4190569.9, 3097297.1 ], [ 4190499.8, 3097310.6 ], [ 4190447.8, 3097337.3 ], [ 4190438.2, 3097371.6 ], [ 4190539.4, 3097588.0 ], [ 4190608.9, 3097675.6 ], [ 4190641.2, 3097701.3 ], [ 4190675.2, 3097713.3 ], [ 4190797.9, 3097704.1 ], [ 4190822.9, 3097716.5 ], [ 4190835.5, 3097736.4 ], [ 4190830.5, 3097767.7 ], [ 4190780.2, 3097843.1 ], [ 4190762.9, 3097890.9 ], [ 4190759.1, 3098100.4 ], [ 4190736.9, 3098194.0 ], [ 4190749.1, 3098246.5 ], [ 4190809.4, 3098327.8 ], [ 4190818.1, 3098371.0 ], [ 4190798.9, 3098413.8 ], [ 4190730.6, 3098492.6 ], [ 4190729.8, 3098522.7 ], [ 4190801.8, 3098608.8 ], [ 4190852.8, 3098711.0 ], [ 4190883.5, 3098743.4 ], [ 4190930.2, 3098771.7 ], [ 4190977.4, 3098784.4 ], [ 4191023.2, 3098780.5 ], [ 4191083.2, 3098756.2 ], [ 4191106.5, 3098757.3 ], [ 4191127.1, 3098787.0 ], [ 4191116.6, 3098831.8 ], [ 4191070.7, 3098897.8 ], [ 4191005.6, 3098948.5 ], [ 4191004.2, 3098986.0 ], [ 4190869.1, 3099021.6 ], [ 4190857.0, 3099077.2 ], [ 4190861.2, 3099125.4 ], [ 4190703.2, 3099199.0 ], [ 4190645.8, 3099250.9 ], [ 4190622.3, 3099288.4 ], [ 4190525.2, 3099371.8 ], [ 4190467.4, 3099346.2 ], [ 4190452.5, 3099328.6 ], [ 4190256.4, 3099264.7 ], [ 4190220.9, 3099260.3 ], [ 4190119.1, 3099313.4 ], [ 4190093.6, 3099373.5 ], [ 4190069.6, 3099364.6 ], [ 4190053.5, 3099372.5 ], [ 4190047.0, 3099408.4 ], [ 4190079.7, 3099426.7 ], [ 4190053.2, 3099485.2 ], [ 4190009.8, 3099445.8 ], [ 4189992.4, 3099442.5 ], [ 4189942.0, 3099489.6 ], [ 4189886.1, 3099523.7 ], [ 4189849.0, 3099461.9 ], [ 4189825.0, 3099455.4 ], [ 4189646.2, 3099560.0 ], [ 4189588.9, 3099554.0 ], [ 4189523.2, 3099588.8 ], [ 4189466.2, 3099639.6 ], [ 4189402.9, 3099741.5 ], [ 4189411.4, 3099757.8 ], [ 4189440.1, 3099769.3 ], [ 4189515.7, 3099822.2 ], [ 4189510.7, 3099839.6 ], [ 4189517.5, 3099855.8 ], [ 4189566.1, 3099879.7 ], [ 4189583.3, 3099880.2 ], [ 4189602.4, 3099864.2 ], [ 4189757.3, 3099927.3 ], [ 4189934.9, 3099978.1 ], [ 4190017.5, 3100026.7 ], [ 4190030.3, 3100042.4 ], [ 4190096.6, 3100056.8 ], [ 4190108.3, 3100049.6 ], [ 4190113.8, 3100032.8 ], [ 4190160.7, 3100023.6 ], [ 4190210.8, 3099984.2 ], [ 4190228.3, 3099980.5 ], [ 4190235.6, 3099954.1 ], [ 4190250.9, 3099935.3 ], [ 4190353.2, 3099863.2 ], [ 4190372.5, 3099826.9 ], [ 4190402.2, 3099796.6 ], [ 4190491.9, 3099741.9 ], [ 4190573.7, 3099722.5 ], [ 4190583.9, 3099701.7 ], [ 4190640.4, 3099655.2 ], [ 4190655.2, 3099626.5 ], [ 4190646.5, 3099606.6 ], [ 4190651.8, 3099513.3 ], [ 4190677.0, 3099508.0 ], [ 4190687.0, 3099492.8 ], [ 4190679.8, 3099423.3 ], [ 4190690.1, 3099379.2 ], [ 4190750.7, 3099294.3 ], [ 4190807.4, 3099241.6 ], [ 4190912.1, 3099171.5 ], [ 4190960.7, 3099148.6 ], [ 4191082.3, 3099148.6 ], [ 4191129.8, 3099193.9 ], [ 4191137.6, 3099214.5 ], [ 4191109.9, 3099226.8 ], [ 4191105.1, 3099247.0 ], [ 4191146.0, 3099284.2 ], [ 4191100.0, 3099338.1 ], [ 4191092.8, 3099373.1 ], [ 4191130.3, 3099451.4 ], [ 4191157.6, 3099486.2 ], [ 4191138.9, 3099501.6 ], [ 4191078.3, 3099519.9 ], [ 4191061.1, 3099540.5 ], [ 4191059.8, 3099583.5 ], [ 4191073.5, 3099646.4 ], [ 4191066.4, 3099672.7 ], [ 4191050.3, 3099689.5 ], [ 4191043.6, 3099777.6 ], [ 4191008.5, 3099883.8 ], [ 4191002.3, 3099894.1 ], [ 4190930.2, 3099891.0 ], [ 4190912.4, 3099937.2 ], [ 4190834.8, 3099983.5 ], [ 4190824.6, 3099997.4 ], [ 4190826.0, 3100011.3 ], [ 4190842.8, 3100031.7 ], [ 4190899.9, 3100052.5 ], [ 4190924.4, 3100042.9 ], [ 4190926.1, 3100004.8 ], [ 4190933.0, 3100000.6 ], [ 4190974.8, 3100034.1 ], [ 4190994.3, 3100036.3 ], [ 4190991.7, 3100041.6 ], [ 4190918.2, 3100061.4 ], [ 4190866.1, 3100052.8 ], [ 4190821.3, 3100032.3 ], [ 4190794.8, 3100034.2 ], [ 4190796.4, 3100011.0 ], [ 4190812.2, 3100002.5 ], [ 4190816.8, 3099988.6 ], [ 4190789.2, 3099954.0 ], [ 4190768.2, 3099951.2 ], [ 4190728.4, 3099983.2 ], [ 4190613.3, 3099870.9 ], [ 4190560.3, 3099846.3 ], [ 4190540.4, 3099852.7 ], [ 4190531.4, 3099864.2 ], [ 4190540.2, 3099894.6 ], [ 4190476.4, 3099950.4 ], [ 4190442.1, 3099994.3 ], [ 4190450.2, 3100019.9 ], [ 4190505.8, 3100046.7 ], [ 4190495.2, 3100123.4 ], [ 4190500.2, 3100209.5 ], [ 4190681.6, 3100435.9 ], [ 4190684.7, 3100459.6 ], [ 4190666.7, 3100485.8 ], [ 4190669.8, 3100503.8 ], [ 4190726.9, 3100534.0 ], [ 4190703.5, 3100558.7 ], [ 4190664.0, 3100645.1 ], [ 4190593.3, 3100647.2 ], [ 4190580.5, 3100654.9 ], [ 4190575.6, 3100669.0 ], [ 4190584.5, 3100696.4 ], [ 4190575.3, 3100719.5 ], [ 4190609.5, 3100766.3 ], [ 4190626.6, 3100766.0 ], [ 4190645.4, 3100750.6 ], [ 4190694.3, 3100796.8 ], [ 4190749.9, 3100826.5 ], [ 4190878.0, 3100859.5 ], [ 4190893.7, 3100852.1 ], [ 4190924.2, 3100809.2 ], [ 4190931.9, 3100778.8 ], [ 4190949.5, 3100752.0 ], [ 4190995.5, 3100708.1 ], [ 4190993.8, 3100681.1 ], [ 4191046.4, 3100645.3 ], [ 4191068.1, 3100648.2 ], [ 4191085.7, 3100689.4 ], [ 4191105.0, 3100699.6 ], [ 4191141.3, 3100669.9 ], [ 4191231.1, 3100651.6 ], [ 4191246.8, 3100710.0 ], [ 4191310.1, 3100807.6 ], [ 4191352.1, 3100847.4 ], [ 4191399.9, 3100866.8 ], [ 4191386.0, 3100941.9 ], [ 4191403.3, 3100972.8 ], [ 4191420.9, 3100975.2 ], [ 4191435.3, 3100966.1 ], [ 4191543.9, 3100844.2 ], [ 4191602.7, 3100799.0 ], [ 4191629.2, 3100795.5 ], [ 4191646.3, 3100817.8 ], [ 4191659.5, 3100883.8 ], [ 4191681.2, 3100913.3 ], [ 4191812.8, 3100991.6 ], [ 4191886.9, 3101022.3 ], [ 4191955.9, 3101078.4 ], [ 4192043.5, 3101115.1 ], [ 4192054.3, 3101135.7 ], [ 4192043.5, 3101188.6 ], [ 4192053.0, 3101215.3 ], [ 4192143.2, 3101260.6 ], [ 4192150.6, 3101299.0 ], [ 4192117.7, 3101309.2 ], [ 4192107.2, 3101356.4 ], [ 4192140.4, 3101520.2 ], [ 4192135.9, 3101604.3 ], [ 4192095.9, 3101676.4 ], [ 4192036.2, 3101740.1 ], [ 4192008.6, 3101781.3 ], [ 4191989.8, 3101844.8 ], [ 4191937.1, 3101944.5 ], [ 4191906.8, 3102096.8 ], [ 4191806.3, 3102287.8 ], [ 4191778.9, 3102379.4 ], [ 4191773.8, 3102468.8 ], [ 4191785.8, 3102482.2 ], [ 4191838.3, 3102492.0 ], [ 4191831.2, 3102557.3 ], [ 4191842.2, 3102627.0 ], [ 4191866.9, 3102676.7 ], [ 4191910.1, 3102728.4 ], [ 4191935.3, 3102730.3 ], [ 4191964.3, 3102695.8 ], [ 4192062.1, 3102630.3 ], [ 4192082.9, 3102626.7 ], [ 4192036.0, 3102683.2 ], [ 4192036.8, 3102706.5 ], [ 4191994.2, 3102781.2 ], [ 4191992.4, 3102803.2 ], [ 4192021.5, 3102845.3 ], [ 4191972.9, 3102899.0 ], [ 4191991.5, 3102965.8 ], [ 4192003.7, 3102974.2 ], [ 4192018.5, 3102973.0 ], [ 4192046.6, 3102996.4 ], [ 4192046.1, 3103042.7 ], [ 4192038.4, 3103106.6 ], [ 4192002.8, 3103097.4 ], [ 4191988.2, 3103101.1 ], [ 4191952.2, 3103174.4 ], [ 4191962.0, 3103197.1 ], [ 4192003.0, 3103207.8 ], [ 4191990.8, 3103239.8 ], [ 4191942.5, 3103299.7 ], [ 4191910.5, 3103372.5 ], [ 4191931.2, 3103454.4 ], [ 4191965.8, 3103525.0 ], [ 4191923.3, 3103567.9 ], [ 4191924.8, 3103599.0 ], [ 4191977.3, 3103612.2 ], [ 4192064.1, 3103582.9 ], [ 4192065.5, 3103559.0 ], [ 4192045.6, 3103547.1 ], [ 4192050.1, 3103497.8 ], [ 4192018.6, 3103482.2 ], [ 4192009.7, 3103461.4 ], [ 4192022.1, 3103452.9 ], [ 4192065.7, 3103448.6 ], [ 4192061.4, 3103473.7 ], [ 4192069.1, 3103490.5 ], [ 4192156.8, 3103510.0 ], [ 4192165.5, 3103544.7 ], [ 4192193.2, 3103544.9 ], [ 4192329.0, 3103338.8 ], [ 4192328.5, 3103320.9 ], [ 4192307.1, 3103299.5 ], [ 4192456.2, 3103131.0 ], [ 4192453.8, 3103182.3 ], [ 4192375.0, 3103320.9 ], [ 4192350.6, 3103336.1 ], [ 4192243.4, 3103601.5 ], [ 4192214.5, 3103623.5 ], [ 4192218.7, 3103644.6 ], [ 4192263.6, 3103683.0 ], [ 4192286.2, 3103714.6 ], [ 4192259.4, 3103705.8 ], [ 4192175.4, 3103721.4 ], [ 4192148.7, 3103715.4 ], [ 4192122.9, 3103704.9 ], [ 4192105.6, 3103655.5 ], [ 4192022.5, 3103632.9 ], [ 4192004.5, 3103641.9 ], [ 4191991.8, 3103676.7 ], [ 4191943.2, 3103662.5 ], [ 4191855.1, 3103709.3 ], [ 4191805.2, 3103727.0 ], [ 4191780.6, 3103717.7 ], [ 4191747.3, 3103755.1 ], [ 4191689.4, 3103784.6 ], [ 4191686.2, 3103801.8 ], [ 4191695.0, 3103818.4 ], [ 4191670.0, 3103845.2 ], [ 4191587.9, 3103970.9 ], [ 4191609.1, 3104015.0 ], [ 4191636.1, 3104019.8 ], [ 4191695.5, 3103927.0 ], [ 4191712.2, 3103929.7 ], [ 4191727.9, 3103918.8 ], [ 4191738.0, 3103903.2 ], [ 4191739.6, 3103880.6 ], [ 4191811.9, 3103927.7 ], [ 4191769.5, 3104018.5 ], [ 4191752.6, 3104032.9 ], [ 4191754.1, 3104055.8 ], [ 4191781.9, 3104081.4 ], [ 4191838.8, 3104083.9 ], [ 4191855.8, 3104073.1 ], [ 4191866.1, 3104085.1 ], [ 4191921.2, 3104105.0 ], [ 4191914.5, 3104243.6 ], [ 4191902.4, 3104263.4 ], [ 4191879.0, 3104267.0 ], [ 4191860.1, 3104282.6 ], [ 4191876.5, 3104340.0 ], [ 4191838.6, 3104395.3 ], [ 4191845.8, 3104416.4 ], [ 4191880.1, 3104454.9 ], [ 4191827.6, 3104443.3 ], [ 4191813.8, 3104458.8 ], [ 4191817.2, 3104483.4 ], [ 4191880.0, 3104509.7 ], [ 4191896.8, 3104502.0 ], [ 4191902.1, 3104487.9 ], [ 4192032.7, 3104553.3 ], [ 4192035.2, 3104591.1 ], [ 4192103.5, 3104627.1 ], [ 4192126.6, 3104620.8 ], [ 4192172.8, 3104548.1 ], [ 4192227.1, 3104589.4 ], [ 4192186.9, 3104634.5 ], [ 4192184.0, 3104656.2 ], [ 4192194.1, 3104667.3 ], [ 4192286.0, 3104707.1 ], [ 4192258.0, 3104759.8 ], [ 4192265.2, 3104783.9 ], [ 4192308.5, 3104791.8 ], [ 4192417.9, 3104835.6 ], [ 4192396.9, 3104898.9 ], [ 4192402.1, 3104915.7 ], [ 4192420.7, 3104925.5 ], [ 4192412.3, 3104964.7 ], [ 4192408.7, 3104976.7 ], [ 4192316.4, 3104963.3 ], [ 4192134.8, 3104967.4 ], [ 4192066.0, 3104976.4 ], [ 4191909.1, 3104953.3 ], [ 4191888.2, 3104943.4 ], [ 4191843.2, 3104943.2 ], [ 4191832.9, 3104933.6 ], [ 4191812.2, 3104930.8 ], [ 4191794.0, 3104943.2 ], [ 4191785.5, 3104982.9 ], [ 4191688.4, 3104993.5 ], [ 4191679.3, 3105015.1 ], [ 4191728.8, 3105131.5 ], [ 4191739.8, 3105218.1 ], [ 4191761.7, 3105298.9 ], [ 4191751.2, 3105357.5 ], [ 4191835.3, 3105438.6 ], [ 4191833.0, 3105452.9 ], [ 4191821.4, 3105462.7 ], [ 4191750.0, 3105475.3 ], [ 4191744.0, 3105488.7 ], [ 4191750.1, 3105505.7 ], [ 4191747.6, 3105543.7 ], [ 4191761.7, 3105559.4 ], [ 4191797.8, 3105565.9 ], [ 4191801.1, 3105590.0 ], [ 4191810.8, 3105600.5 ], [ 4191862.2, 3105604.6 ], [ 4191865.2, 3105627.2 ], [ 4191814.4, 3105630.8 ], [ 4191792.3, 3105614.0 ], [ 4191752.4, 3105613.2 ], [ 4191652.5, 3105546.8 ], [ 4191588.0, 3105488.0 ], [ 4191570.0, 3105484.5 ], [ 4191555.6, 3105495.9 ], [ 4191529.3, 3105551.4 ], [ 4191558.0, 3105608.9 ], [ 4191421.7, 3105701.5 ], [ 4191395.7, 3105599.5 ], [ 4191406.1, 3105581.8 ], [ 4191395.6, 3105519.5 ], [ 4191425.4, 3105496.5 ], [ 4191428.6, 3105478.3 ], [ 4191409.1, 3105435.6 ], [ 4191409.2, 3105412.4 ], [ 4191387.3, 3105377.1 ], [ 4191365.7, 3105368.2 ], [ 4191348.5, 3105339.8 ], [ 4191334.6, 3105281.5 ], [ 4191365.2, 3105263.7 ], [ 4191404.7, 3105260.8 ], [ 4191413.8, 3105245.5 ], [ 4191410.7, 3105231.5 ], [ 4191371.1, 3105193.9 ], [ 4191326.1, 3105199.9 ], [ 4191263.9, 3105159.6 ], [ 4191244.3, 3105164.8 ], [ 4191075.1, 3105152.7 ], [ 4191064.1, 3105171.7 ], [ 4191078.8, 3105276.1 ], [ 4191069.0, 3105294.5 ], [ 4191075.3, 3105354.0 ], [ 4191057.4, 3105412.1 ], [ 4191056.5, 3105443.7 ], [ 4191030.8, 3105453.5 ], [ 4190943.7, 3105615.8 ], [ 4190907.9, 3105759.1 ], [ 4190896.3, 3105862.7 ], [ 4190860.0, 3105995.7 ], [ 4190868.7, 3106010.3 ], [ 4190887.5, 3106019.4 ], [ 4190951.6, 3106036.5 ], [ 4191128.9, 3106056.1 ], [ 4191203.3, 3106054.0 ], [ 4191084.7, 3106081.4 ], [ 4190894.6, 3106107.8 ], [ 4190882.1, 3106120.8 ], [ 4190880.8, 3106153.9 ], [ 4190842.2, 3106180.1 ], [ 4190825.1, 3106207.8 ], [ 4190795.0, 3106215.7 ], [ 4190758.5, 3106269.7 ], [ 4190745.3, 3106261.6 ], [ 4190774.4, 3106217.2 ], [ 4190767.7, 3106190.7 ], [ 4190787.1, 3106142.8 ], [ 4190820.0, 3106124.5 ], [ 4190827.1, 3106112.3 ], [ 4190823.7, 3106095.3 ], [ 4190804.4, 3106073.2 ], [ 4190780.5, 3106070.5 ], [ 4190755.4, 3106094.3 ], [ 4190728.1, 3106076.3 ], [ 4190708.0, 3106083.6 ], [ 4190694.0, 3106115.7 ], [ 4190713.4, 3106143.6 ], [ 4190669.5, 3106210.6 ], [ 4190635.7, 3106245.0 ], [ 4190622.4, 3106234.0 ], [ 4190595.7, 3106230.2 ], [ 4190591.8, 3106197.8 ], [ 4190621.7, 3106159.3 ], [ 4190624.6, 3106139.8 ], [ 4190608.4, 3106116.9 ], [ 4190587.9, 3106115.0 ], [ 4190530.2, 3106208.5 ], [ 4190523.2, 3106243.1 ], [ 4190530.5, 3106259.7 ], [ 4190549.1, 3106268.5 ], [ 4190579.8, 3106254.0 ], [ 4190577.8, 3106289.4 ], [ 4190555.9, 3106315.7 ], [ 4190574.1, 3106339.9 ], [ 4190509.3, 3106430.6 ], [ 4190457.5, 3106457.6 ], [ 4190434.9, 3106479.9 ], [ 4190352.7, 3106512.5 ], [ 4190326.6, 3106519.2 ], [ 4190296.5, 3106513.9 ], [ 4190186.1, 3106552.6 ], [ 4190170.5, 3106541.4 ], [ 4190112.8, 3106543.0 ], [ 4189902.5, 3106674.9 ], [ 4189843.2, 3106694.5 ], [ 4189752.6, 3106702.5 ], [ 4189575.4, 3106778.4 ], [ 4189502.9, 3106833.4 ], [ 4189416.2, 3106863.9 ], [ 4189290.1, 3106878.9 ], [ 4189221.4, 3106870.9 ], [ 4189150.3, 3106844.2 ], [ 4189124.9, 3106844.3 ], [ 4189105.3, 3106877.9 ], [ 4189115.8, 3107008.5 ], [ 4189087.7, 3107034.1 ], [ 4189076.6, 3107059.0 ], [ 4189050.9, 3107048.0 ], [ 4189031.6, 3107055.4 ], [ 4188988.3, 3107145.2 ], [ 4188931.9, 3107194.7 ], [ 4188928.1, 3107211.4 ], [ 4188937.3, 3107230.0 ], [ 4188924.0, 3107306.8 ], [ 4188929.9, 3107322.9 ], [ 4188942.2, 3107329.6 ], [ 4188965.3, 3107329.8 ], [ 4188984.2, 3107320.3 ], [ 4188989.4, 3107303.3 ], [ 4188981.6, 3107269.8 ], [ 4188991.2, 3107220.4 ], [ 4189058.5, 3107208.5 ], [ 4189092.8, 3107118.9 ], [ 4189169.4, 3107053.2 ], [ 4189211.8, 3106960.1 ], [ 4189344.5, 3107031.0 ], [ 4189427.4, 3107015.3 ], [ 4189430.1, 3107043.8 ], [ 4189442.6, 3107056.2 ], [ 4189538.4, 3107059.1 ], [ 4189543.6, 3107131.4 ], [ 4189582.8, 3107192.7 ], [ 4189578.5, 3107234.4 ], [ 4189592.4, 3107244.7 ], [ 4189665.4, 3107262.4 ], [ 4189648.5, 3107303.8 ], [ 4189651.7, 3107321.1 ], [ 4189639.3, 3107376.3 ], [ 4189645.5, 3107393.0 ], [ 4189663.6, 3107400.1 ], [ 4189640.6, 3107451.2 ], [ 4189652.9, 3107475.0 ], [ 4189646.4, 3107488.6 ], [ 4189517.6, 3107659.1 ], [ 4189513.0, 3107683.5 ], [ 4189482.4, 3107705.5 ], [ 4189475.3, 3107720.8 ], [ 4189478.5, 3107734.6 ], [ 4189501.5, 3107748.9 ], [ 4189555.6, 3107740.8 ], [ 4189564.3, 3107718.4 ], [ 4189549.2, 3107696.4 ], [ 4189715.6, 3107562.0 ], [ 4189773.6, 3107654.7 ], [ 4189716.7, 3107684.6 ], [ 4189611.2, 3107761.5 ], [ 4189608.7, 3107785.2 ], [ 4189652.7, 3107861.8 ], [ 4189585.8, 3107881.1 ], [ 4189577.1, 3107896.7 ], [ 4189582.8, 3107913.6 ], [ 4189599.1, 3107920.7 ], [ 4189625.5, 3107915.4 ], [ 4189633.4, 3107954.4 ], [ 4189656.2, 3107965.1 ], [ 4189738.0, 3107919.5 ], [ 4189749.3, 3107900.0 ], [ 4189810.1, 3107893.2 ], [ 4189844.3, 3107923.5 ], [ 4189916.2, 3107935.0 ], [ 4189932.5, 3107949.9 ], [ 4190029.8, 3107949.6 ], [ 4190045.4, 3107983.5 ], [ 4190055.8, 3108043.3 ], [ 4190012.5, 3108105.8 ], [ 4190014.3, 3108172.2 ], [ 4189967.0, 3108171.8 ], [ 4189942.9, 3108184.0 ], [ 4189936.4, 3108197.4 ], [ 4189983.2, 3108312.1 ], [ 4189979.5, 3108344.1 ], [ 4189933.3, 3108474.7 ], [ 4189946.7, 3108491.1 ], [ 4189977.6, 3108489.2 ], [ 4190007.9, 3108500.5 ], [ 4189963.8, 3108575.7 ], [ 4189907.3, 3108575.7 ], [ 4189856.4, 3108634.6 ], [ 4189851.4, 3108651.8 ], [ 4189895.8, 3108707.6 ], [ 4189870.3, 3108747.0 ], [ 4189874.6, 3108767.1 ], [ 4189940.8, 3108796.9 ], [ 4189978.4, 3108835.8 ], [ 4190027.2, 3108866.9 ], [ 4190108.3, 3108888.9 ], [ 4190108.8, 3108924.6 ], [ 4190016.0, 3108907.0 ], [ 4189995.7, 3108919.6 ], [ 4189928.6, 3108887.9 ], [ 4189911.1, 3108890.2 ], [ 4189882.4, 3108914.0 ], [ 4189856.4, 3108917.9 ], [ 4189813.6, 3108946.2 ], [ 4189804.0, 3108960.7 ], [ 4189806.6, 3108978.6 ], [ 4189847.9, 3109011.9 ], [ 4189985.1, 3109071.8 ], [ 4190001.6, 3109069.5 ], [ 4190035.7, 3109042.4 ], [ 4190047.0, 3109047.3 ], [ 4190030.3, 3109087.2 ], [ 4189903.1, 3109146.9 ], [ 4189836.4, 3109117.9 ], [ 4189754.3, 3109116.6 ], [ 4189713.8, 3109181.4 ], [ 4189695.3, 3109240.4 ], [ 4189628.0, 3109213.6 ], [ 4189537.8, 3109204.4 ], [ 4189516.9, 3109209.0 ], [ 4189500.7, 3109233.1 ], [ 4189481.4, 3109240.6 ], [ 4189476.1, 3109257.3 ], [ 4189487.7, 3109283.0 ], [ 4189483.5, 3109324.5 ], [ 4189430.7, 3109429.3 ], [ 4189412.9, 3109429.2 ], [ 4189402.1, 3109438.8 ], [ 4189367.0, 3109534.4 ], [ 4189375.6, 3109571.0 ], [ 4189361.5, 3109586.7 ], [ 4189363.9, 3109627.3 ], [ 4189381.9, 3109644.3 ], [ 4189437.1, 3109625.9 ], [ 4189445.7, 3109600.3 ], [ 4189540.5, 3109589.1 ], [ 4189551.3, 3109602.8 ], [ 4189583.8, 3109610.7 ], [ 4189628.9, 3109607.4 ], [ 4189630.9, 3109621.5 ], [ 4189643.9, 3109632.5 ], [ 4189837.6, 3109658.5 ], [ 4189854.7, 3109640.0 ], [ 4189852.9, 3109584.6 ], [ 4189878.7, 3109560.7 ], [ 4189964.6, 3109579.8 ], [ 4189970.9, 3109631.4 ], [ 4189986.2, 3109651.1 ], [ 4190034.2, 3109673.9 ], [ 4190051.4, 3109672.9 ], [ 4190156.5, 3109538.9 ], [ 4190204.1, 3109451.9 ], [ 4190238.0, 3109454.5 ], [ 4190283.5, 3109441.5 ], [ 4190294.0, 3109430.8 ], [ 4190271.1, 3109278.0 ], [ 4190289.4, 3109273.5 ], [ 4190297.4, 3109260.8 ], [ 4190304.4, 3109160.6 ], [ 4190377.0, 3109189.0 ], [ 4190414.3, 3109183.4 ], [ 4190536.7, 3109112.3 ], [ 4190573.7, 3109157.9 ], [ 4190590.6, 3109163.0 ], [ 4190616.8, 3109147.9 ], [ 4190662.0, 3109099.2 ], [ 4190680.8, 3109109.0 ], [ 4190699.4, 3109100.3 ], [ 4190708.1, 3109071.7 ], [ 4190709.7, 3108862.3 ], [ 4190690.1, 3108797.0 ], [ 4190668.5, 3108795.0 ], [ 4190649.4, 3108811.7 ], [ 4190612.7, 3108824.9 ], [ 4190608.8, 3108839.4 ], [ 4190618.3, 3108876.4 ], [ 4190594.9, 3108976.2 ], [ 4190559.9, 3109022.7 ], [ 4190525.6, 3109052.4 ], [ 4190506.9, 3109026.2 ], [ 4190493.4, 3109019.8 ], [ 4190426.1, 3109042.6 ], [ 4190384.2, 3109035.7 ], [ 4190378.9, 3109006.0 ], [ 4190367.5, 3108993.2 ], [ 4190258.8, 3108967.7 ], [ 4190258.4, 3108886.6 ], [ 4190247.5, 3108871.9 ], [ 4190224.1, 3108782.9 ], [ 4190243.6, 3108753.0 ], [ 4190275.8, 3108731.4 ], [ 4190298.6, 3108743.9 ], [ 4190317.1, 3108734.8 ], [ 4190319.3, 3108646.4 ], [ 4190387.7, 3108645.5 ], [ 4190398.9, 3108631.4 ], [ 4190402.0, 3108595.2 ], [ 4190471.3, 3108615.1 ], [ 4190493.2, 3108603.0 ], [ 4190500.0, 3108554.9 ], [ 4190493.3, 3108539.7 ], [ 4190510.9, 3108497.9 ], [ 4190525.9, 3108500.6 ], [ 4190541.0, 3108491.1 ], [ 4190548.6, 3108447.5 ], [ 4190537.9, 3108432.4 ], [ 4190455.5, 3108402.1 ], [ 4190530.7, 3108223.4 ], [ 4190554.5, 3108217.0 ], [ 4190564.2, 3108205.7 ], [ 4190558.2, 3108181.5 ], [ 4190565.5, 3108158.8 ], [ 4190614.8, 3108126.5 ], [ 4190639.1, 3108142.2 ], [ 4190666.6, 3108120.2 ], [ 4190710.4, 3108157.1 ], [ 4190727.5, 3108154.6 ], [ 4190737.5, 3108141.4 ], [ 4190743.7, 3108107.8 ], [ 4190730.0, 3108088.4 ], [ 4190729.6, 3108068.4 ], [ 4190769.5, 3107961.6 ], [ 4190758.4, 3107942.7 ], [ 4190731.4, 3107936.8 ], [ 4190718.6, 3107913.2 ], [ 4190734.5, 3107904.1 ], [ 4190737.5, 3107883.2 ], [ 4190679.6, 3107846.3 ], [ 4190662.8, 3107853.6 ], [ 4190642.5, 3107885.5 ], [ 4190552.8, 3107727.6 ], [ 4190726.5, 3107615.2 ], [ 4190727.7, 3107595.2 ], [ 4190682.2, 3107490.8 ], [ 4190726.6, 3107454.6 ], [ 4190842.0, 3107425.8 ], [ 4190949.8, 3107386.4 ], [ 4191014.5, 3107300.0 ], [ 4191070.3, 3107341.2 ], [ 4191090.7, 3107341.7 ], [ 4191138.5, 3107289.2 ], [ 4191132.0, 3107265.0 ], [ 4191147.9, 3107218.3 ], [ 4191217.5, 3107279.5 ], [ 4191202.5, 3107318.0 ], [ 4191167.5, 3107367.1 ], [ 4191168.8, 3107384.1 ], [ 4191182.7, 3107397.1 ], [ 4191178.1, 3107407.8 ], [ 4191138.8, 3107413.6 ], [ 4191127.8, 3107422.1 ], [ 4191122.7, 3107463.2 ], [ 4191133.3, 3107481.4 ], [ 4191069.2, 3107581.7 ], [ 4191065.0, 3107587.4 ], [ 4191065.0, 3107564.6 ], [ 4191039.8, 3107521.9 ], [ 4191036.5, 3107499.7 ], [ 4191022.0, 3107489.0 ], [ 4191004.4, 3107492.6 ], [ 4190985.2, 3107518.1 ], [ 4190954.7, 3107522.0 ], [ 4190902.8, 3107556.3 ], [ 4190916.1, 3107635.4 ], [ 4190898.7, 3107663.2 ], [ 4190897.9, 3107678.0 ], [ 4190909.9, 3107691.8 ], [ 4190930.9, 3107690.5 ], [ 4190958.0, 3107738.9 ], [ 4190911.4, 3107946.1 ], [ 4190872.5, 3107957.6 ], [ 4190857.6, 3107972.4 ], [ 4190852.5, 3107994.8 ], [ 4190861.8, 3108016.8 ], [ 4190884.7, 3108040.5 ], [ 4190913.0, 3108139.5 ], [ 4190931.0, 3108156.5 ], [ 4190949.2, 3108220.7 ], [ 4190967.8, 3108245.1 ], [ 4190993.1, 3108244.7 ], [ 4191001.5, 3108300.9 ], [ 4191021.7, 3108308.8 ], [ 4191083.4, 3108289.2 ], [ 4191110.1, 3108340.4 ], [ 4191230.4, 3108465.5 ], [ 4191245.3, 3108491.4 ], [ 4191302.7, 3108524.5 ], [ 4191322.1, 3108519.4 ], [ 4191338.1, 3108494.2 ], [ 4191431.8, 3108523.3 ], [ 4191432.7, 3108548.2 ], [ 4191448.6, 3108562.5 ], [ 4191463.1, 3108560.8 ], [ 4191545.4, 3108510.7 ], [ 4191560.7, 3108541.9 ], [ 4191580.7, 3108548.4 ], [ 4191666.5, 3108475.2 ], [ 4191714.8, 3108409.7 ], [ 4191734.6, 3108418.4 ], [ 4191753.1, 3108406.6 ], [ 4191772.5, 3108328.1 ], [ 4191791.4, 3108157.6 ], [ 4191794.8, 3108112.0 ], [ 4191782.4, 3108095.5 ], [ 4191740.4, 3108101.3 ], [ 4191729.4, 3108145.8 ], [ 4191697.6, 3108180.8 ], [ 4191695.8, 3108215.9 ], [ 4191658.3, 3108218.6 ], [ 4191624.2, 3108068.0 ], [ 4191596.3, 3108068.4 ], [ 4191548.3, 3108122.2 ], [ 4191527.0, 3108096.5 ], [ 4191505.2, 3108094.8 ], [ 4191463.0, 3108134.3 ], [ 4191438.9, 3108146.6 ], [ 4191438.5, 3108164.3 ], [ 4191457.7, 3108193.9 ], [ 4191462.3, 3108215.5 ], [ 4191458.3, 3108241.1 ], [ 4191440.7, 3108255.1 ], [ 4191415.3, 3108223.8 ], [ 4191389.6, 3108216.5 ], [ 4191370.6, 3108195.7 ], [ 4191328.5, 3108173.2 ], [ 4191285.8, 3108157.7 ], [ 4191269.0, 3108161.8 ], [ 4191260.1, 3108180.3 ], [ 4191198.9, 3108218.1 ], [ 4191179.6, 3108183.2 ], [ 4191160.3, 3108117.7 ], [ 4191166.4, 3108025.4 ], [ 4191202.5, 3107965.9 ], [ 4191234.9, 3107936.9 ], [ 4191254.9, 3107982.5 ], [ 4191274.2, 3107989.9 ], [ 4191385.6, 3107957.1 ], [ 4191401.1, 3107927.9 ], [ 4191423.5, 3107917.2 ], [ 4191427.9, 3107900.1 ], [ 4191418.3, 3107885.2 ], [ 4191372.2, 3107880.5 ], [ 4191353.3, 3107785.8 ], [ 4191397.2, 3107765.9 ], [ 4191540.0, 3107639.2 ], [ 4191586.9, 3107668.1 ], [ 4191610.2, 3107663.9 ], [ 4191642.1, 3107510.4 ], [ 4191690.0, 3107513.1 ], [ 4191699.6, 3107501.6 ], [ 4191705.8, 3107467.6 ], [ 4191750.2, 3107484.5 ], [ 4191728.7, 3107551.2 ], [ 4191738.1, 3107570.6 ], [ 4191892.2, 3107563.6 ], [ 4191925.1, 3107590.5 ], [ 4191936.1, 3107611.8 ], [ 4191895.1, 3107660.4 ], [ 4191841.3, 3107670.4 ], [ 4191836.0, 3107725.8 ], [ 4191841.4, 3107739.0 ], [ 4191861.6, 3107746.6 ], [ 4191970.3, 3107736.3 ], [ 4191960.5, 3107826.0 ], [ 4191973.5, 3107845.3 ], [ 4192105.3, 3107830.2 ], [ 4192137.6, 3107850.2 ], [ 4192224.2, 3107941.2 ], [ 4192229.6, 3107966.6 ], [ 4192254.7, 3107995.5 ], [ 4192253.9, 3108054.0 ], [ 4192298.8, 3108130.9 ], [ 4192302.2, 3108158.0 ], [ 4192403.5, 3108200.3 ], [ 4192401.2, 3108231.8 ], [ 4192409.5, 3108247.3 ], [ 4192430.0, 3108250.9 ], [ 4192457.8, 3108231.5 ], [ 4192483.7, 3108241.2 ], [ 4192537.1, 3108213.4 ], [ 4192561.0, 3108217.5 ], [ 4192656.1, 3108152.5 ], [ 4192675.7, 3108152.6 ], [ 4192649.4, 3108176.3 ], [ 4192560.4, 3108292.9 ], [ 4192537.5, 3108304.7 ], [ 4192534.3, 3108336.9 ], [ 4192567.6, 3108362.0 ], [ 4192585.6, 3108389.7 ], [ 4192497.3, 3108506.6 ], [ 4192495.0, 3108520.2 ], [ 4192503.4, 3108534.8 ], [ 4192477.6, 3108578.9 ], [ 4192353.7, 3108617.9 ], [ 4192288.5, 3108628.9 ], [ 4192227.3, 3108671.2 ], [ 4192181.0, 3108609.9 ], [ 4192243.1, 3108566.6 ], [ 4192246.5, 3108549.7 ], [ 4192238.8, 3108534.2 ], [ 4192263.2, 3108511.0 ], [ 4192252.1, 3108487.2 ], [ 4192234.3, 3108484.5 ], [ 4192148.3, 3108514.2 ], [ 4192073.5, 3108558.0 ], [ 4192022.8, 3108666.8 ], [ 4192027.9, 3108687.3 ], [ 4192002.8, 3108761.3 ], [ 4192006.7, 3108835.8 ], [ 4191970.7, 3108860.8 ], [ 4191927.2, 3108980.9 ], [ 4191946.1, 3109171.3 ], [ 4191970.6, 3109238.1 ], [ 4191949.5, 3109258.8 ], [ 4191924.4, 3109266.7 ], [ 4191840.0, 3109255.5 ], [ 4191697.1, 3109197.0 ], [ 4191745.5, 3109158.1 ], [ 4191768.6, 3109118.2 ], [ 4191774.7, 3109085.2 ], [ 4191800.5, 3109086.1 ], [ 4191812.6, 3109077.9 ], [ 4191821.3, 3109031.5 ], [ 4191861.3, 3109042.2 ], [ 4191880.0, 3109035.2 ], [ 4191927.8, 3108929.6 ], [ 4191924.1, 3108896.0 ], [ 4191899.0, 3108886.5 ], [ 4191830.8, 3108954.2 ], [ 4191877.1, 3108853.9 ], [ 4191869.2, 3108837.0 ], [ 4191845.5, 3108826.9 ], [ 4191859.7, 3108777.7 ], [ 4191853.9, 3108760.0 ], [ 4191868.5, 3108693.2 ], [ 4191847.5, 3108676.5 ], [ 4191842.5, 3108648.5 ], [ 4191830.0, 3108635.9 ], [ 4191812.3, 3108636.6 ], [ 4191788.8, 3108659.2 ], [ 4191671.7, 3108792.2 ], [ 4191628.3, 3108866.4 ], [ 4191441.5, 3109072.5 ], [ 4191438.2, 3109089.6 ], [ 4191452.0, 3109110.0 ], [ 4191504.2, 3109134.7 ], [ 4191520.5, 3109128.4 ], [ 4191575.1, 3109053.8 ], [ 4191629.7, 3109089.1 ], [ 4191652.8, 3109085.9 ], [ 4191664.1, 3109062.3 ], [ 4191659.0, 3109046.3 ], [ 4191595.8, 3109017.0 ], [ 4191640.8, 3108962.8 ], [ 4191769.2, 3108765.5 ], [ 4191773.1, 3108822.9 ], [ 4191784.4, 3108832.6 ], [ 4191802.0, 3108832.8 ], [ 4191789.5, 3108876.0 ], [ 4191682.8, 3109043.2 ], [ 4191601.5, 3109190.1 ], [ 4191499.6, 3109281.7 ], [ 4191467.5, 3109326.4 ], [ 4191442.7, 3109394.3 ], [ 4191432.6, 3109464.0 ], [ 4191444.0, 3109608.6 ], [ 4191500.9, 3109694.5 ], [ 4191696.7, 3109679.2 ], [ 4191708.2, 3109666.2 ], [ 4191709.1, 3109618.8 ] ], [ [ 4192131.2, 3109270.9 ], [ 4192036.4, 3109207.0 ], [ 4192066.6, 3109167.3 ], [ 4192077.3, 3109165.6 ], [ 4192113.6, 3109200.3 ], [ 4192100.8, 3109211.9 ], [ 4192099.1, 3109226.1 ], [ 4192136.9, 3109263.7 ], [ 4192131.2, 3109270.9 ] ], [ [ 4193107.1, 3108775.8 ], [ 4193125.4, 3108805.7 ], [ 4193119.4, 3108822.7 ], [ 4193100.0, 3108782.2 ], [ 4193107.1, 3108775.8 ] ], [ [ 4192712.0, 3108508.0 ], [ 4192729.3, 3108449.1 ], [ 4192770.1, 3108456.1 ], [ 4192772.5, 3108504.2 ], [ 4192757.4, 3108541.5 ], [ 4192632.3, 3108590.1 ], [ 4192623.4, 3108579.1 ], [ 4192682.3, 3108545.3 ], [ 4192712.0, 3108508.0 ] ], [ [ 4192568.1, 3107571.0 ], [ 4192529.5, 3107544.8 ], [ 4192545.0, 3107419.9 ], [ 4192420.3, 3107324.9 ], [ 4192561.7, 3107277.4 ], [ 4192621.7, 3107303.1 ], [ 4192585.0, 3107428.8 ], [ 4192595.5, 3107443.4 ], [ 4192648.4, 3107463.5 ], [ 4192617.2, 3107561.6 ], [ 4192589.2, 3107553.4 ], [ 4192568.1, 3107571.0 ] ], [ [ 4191698.7, 3107322.3 ], [ 4191677.5, 3107342.2 ], [ 4191663.8, 3107371.7 ], [ 4191608.2, 3107418.7 ], [ 4191604.4, 3107435.6 ], [ 4191540.7, 3107480.6 ], [ 4191513.5, 3107524.5 ], [ 4191486.1, 3107525.8 ], [ 4191466.0, 3107539.8 ], [ 4191444.5, 3107499.1 ], [ 4191450.8, 3107480.2 ], [ 4191503.9, 3107440.2 ], [ 4191510.3, 3107420.5 ], [ 4191594.3, 3107384.2 ], [ 4191606.9, 3107365.0 ], [ 4191705.8, 3107309.7 ], [ 4191789.1, 3107272.9 ], [ 4191799.7, 3107281.1 ], [ 4191698.7, 3107322.3 ] ], [ [ 4191879.9, 3107329.0 ], [ 4191889.7, 3107322.5 ], [ 4191970.5, 3107413.1 ], [ 4191954.7, 3107428.1 ], [ 4191875.5, 3107349.2 ], [ 4191879.9, 3107329.0 ] ], [ [ 4191178.5, 3107776.5 ], [ 4191154.3, 3107771.0 ], [ 4191160.6, 3107748.9 ], [ 4191235.0, 3107744.3 ], [ 4191261.9, 3107734.4 ], [ 4191299.7, 3107744.2 ], [ 4191299.8, 3107768.6 ], [ 4191178.5, 3107776.5 ] ], [ [ 4190991.5, 3107274.8 ], [ 4190850.1, 3107337.1 ], [ 4190706.2, 3107162.0 ], [ 4190866.7, 3107108.0 ], [ 4191007.1, 3107238.2 ], [ 4190991.5, 3107274.8 ] ], [ [ 4192667.1, 3107173.2 ], [ 4192645.0, 3107178.9 ], [ 4192609.6, 3107152.6 ], [ 4192621.8, 3107136.5 ], [ 4192685.4, 3107092.3 ], [ 4192723.1, 3107135.3 ], [ 4192721.1, 3107152.3 ], [ 4192681.0, 3107182.4 ], [ 4192667.1, 3107173.2 ] ], [ [ 4191309.7, 3107139.5 ], [ 4191297.7, 3107137.3 ], [ 4191240.4, 3107082.7 ], [ 4191290.0, 3107037.4 ], [ 4191376.5, 3107021.5 ], [ 4191378.9, 3107041.7 ], [ 4191357.5, 3107082.6 ], [ 4191342.5, 3107091.4 ], [ 4191309.7, 3107139.5 ] ], [ [ 4191078.4, 3106976.9 ], [ 4191065.9, 3107023.8 ], [ 4191025.2, 3106969.4 ], [ 4191046.3, 3106960.2 ], [ 4191057.3, 3106973.3 ], [ 4191078.4, 3106976.9 ] ], [ [ 4190303.2, 3108385.9 ], [ 4190291.2, 3108383.1 ], [ 4190300.5, 3108300.7 ], [ 4190409.4, 3108174.8 ], [ 4190430.1, 3108189.7 ], [ 4190388.4, 3108224.0 ], [ 4190303.2, 3108385.9 ] ], [ [ 4190072.0, 3108525.6 ], [ 4190062.9, 3108551.1 ], [ 4190039.3, 3108540.8 ], [ 4190053.5, 3108508.1 ], [ 4190060.8, 3108507.7 ], [ 4190072.0, 3108525.6 ] ], [ [ 4190198.9, 3109132.0 ], [ 4190177.7, 3109139.9 ], [ 4190172.1, 3109132.6 ], [ 4190195.7, 3109119.0 ], [ 4190198.9, 3109132.0 ] ], [ [ 4189590.6, 3109438.0 ], [ 4189576.8, 3109466.1 ], [ 4189529.8, 3109463.7 ], [ 4189504.7, 3109444.9 ], [ 4189551.9, 3109410.4 ], [ 4189590.6, 3109438.0 ] ], [ [ 4192873.4, 3106934.2 ], [ 4192867.6, 3106889.6 ], [ 4192891.3, 3106872.1 ], [ 4192982.8, 3106861.3 ], [ 4193006.7, 3106835.8 ], [ 4193036.5, 3106828.1 ], [ 4193086.9, 3106778.7 ], [ 4193103.4, 3106780.9 ], [ 4193099.1, 3106826.3 ], [ 4193083.5, 3106847.1 ], [ 4193066.7, 3106846.7 ], [ 4192988.4, 3106884.7 ], [ 4192933.2, 3106929.1 ], [ 4192883.6, 3106951.4 ], [ 4192873.4, 3106934.2 ] ], [ [ 4195269.1, 3107026.5 ], [ 4195275.1, 3106935.0 ], [ 4195333.6, 3107001.6 ], [ 4195269.1, 3107026.5 ] ], [ [ 4193397.3, 3106870.9 ], [ 4193313.1, 3106845.2 ], [ 4193224.9, 3106816.4 ], [ 4193230.2, 3106802.4 ], [ 4193398.2, 3106853.6 ], [ 4193397.3, 3106870.9 ] ], [ [ 4193742.3, 3106829.6 ], [ 4193752.1, 3106819.1 ], [ 4193777.5, 3106829.0 ], [ 4193770.6, 3106849.5 ], [ 4193751.5, 3106869.3 ], [ 4193739.2, 3106861.7 ], [ 4193742.3, 3106829.6 ] ], [ [ 4193479.8, 3106771.7 ], [ 4193471.7, 3106829.4 ], [ 4193452.7, 3106826.0 ], [ 4193467.8, 3106765.9 ], [ 4193479.8, 3106771.7 ] ], [ [ 4191817.6, 3106919.4 ], [ 4191783.3, 3106905.8 ], [ 4191816.9, 3106850.5 ], [ 4191868.2, 3106900.2 ], [ 4191817.6, 3106919.4 ] ], [ [ 4192458.4, 3106731.3 ], [ 4192453.0, 3106655.0 ], [ 4192479.5, 3106656.1 ], [ 4192471.6, 3106751.0 ], [ 4192458.4, 3106731.3 ] ], [ [ 4193081.5, 3106732.6 ], [ 4193072.8, 3106700.1 ], [ 4193088.5, 3106695.8 ], [ 4193104.4, 3106673.6 ], [ 4193108.8, 3106643.2 ], [ 4193201.4, 3106538.7 ], [ 4193241.4, 3106362.0 ], [ 4193294.0, 3106280.8 ], [ 4193375.4, 3106230.5 ], [ 4193421.2, 3106177.2 ], [ 4193440.0, 3106171.2 ], [ 4193487.3, 3106185.2 ], [ 4193507.5, 3106240.5 ], [ 4193479.5, 3106260.1 ], [ 4193384.4, 3106300.5 ], [ 4193320.3, 3106344.1 ], [ 4193303.8, 3106345.9 ], [ 4193256.5, 3106375.0 ], [ 4193242.5, 3106491.3 ], [ 4193247.2, 3106510.4 ], [ 4193208.0, 3106602.9 ], [ 4193214.5, 3106619.1 ], [ 4193236.0, 3106628.3 ], [ 4193234.3, 3106647.1 ], [ 4193191.0, 3106635.8 ], [ 4193159.6, 3106639.5 ], [ 4193109.4, 3106680.2 ], [ 4193096.6, 3106700.5 ], [ 4193092.7, 3106729.1 ], [ 4193081.5, 3106732.6 ] ], [ [ 4193670.9, 3106717.6 ], [ 4193668.5, 3106678.5 ], [ 4193784.7, 3106689.7 ], [ 4193782.2, 3106732.5 ], [ 4193670.9, 3106717.6 ] ], [ [ 4194092.9, 3106600.1 ], [ 4194093.0, 3106559.9 ], [ 4194156.3, 3106590.8 ], [ 4194148.6, 3106632.4 ], [ 4194122.5, 3106627.6 ], [ 4194115.1, 3106609.2 ], [ 4194092.9, 3106600.1 ] ], [ [ 4194098.1, 3106352.3 ], [ 4194093.3, 3106341.9 ], [ 4194156.5, 3106315.9 ], [ 4194158.9, 3106295.5 ], [ 4194140.0, 3106271.0 ], [ 4194161.9, 3106254.6 ], [ 4194179.4, 3106258.4 ], [ 4194200.1, 3106243.8 ], [ 4194203.9, 3106222.8 ], [ 4194181.3, 3106191.9 ], [ 4194209.0, 3106171.4 ], [ 4194235.5, 3106216.4 ], [ 4194232.4, 3106234.5 ], [ 4194244.9, 3106254.9 ], [ 4194169.7, 3106330.5 ], [ 4194098.1, 3106352.3 ] ], [ [ 4194825.9, 3106265.5 ], [ 4194821.0, 3106249.2 ], [ 4194896.3, 3106252.9 ], [ 4194896.5, 3106268.4 ], [ 4194825.9, 3106265.5 ] ], [ [ 4193894.9, 3106231.7 ], [ 4193882.4, 3106232.1 ], [ 4193875.4, 3106182.7 ], [ 4193899.2, 3106174.4 ], [ 4193923.7, 3106138.3 ], [ 4193932.9, 3106146.4 ], [ 4193912.1, 3106174.8 ], [ 4193894.9, 3106231.7 ] ], [ [ 4193253.4, 3106169.5 ], [ 4193277.5, 3106177.3 ], [ 4193212.6, 3106172.5 ], [ 4193084.9, 3106188.0 ], [ 4193007.6, 3106165.5 ], [ 4193077.7, 3106135.8 ], [ 4193202.6, 3106130.9 ], [ 4193253.4, 3106169.5 ] ], [ [ 4191546.3, 3106162.4 ], [ 4191506.9, 3106249.1 ], [ 4191519.3, 3106283.3 ], [ 4191506.8, 3106292.1 ], [ 4191470.2, 3106192.6 ], [ 4191351.8, 3106116.6 ], [ 4191271.6, 3106100.2 ], [ 4191275.6, 3106061.1 ], [ 4191362.2, 3106082.7 ], [ 4191430.1, 3106117.6 ], [ 4191540.4, 3106108.3 ], [ 4191593.3, 3106078.4 ], [ 4191623.2, 3106071.7 ], [ 4191654.7, 3106083.2 ], [ 4191650.3, 3106093.0 ], [ 4191546.3, 3106162.4 ] ], [ [ 4196285.1, 3106008.1 ], [ 4196266.5, 3105955.0 ], [ 4196350.0, 3105910.3 ], [ 4196376.6, 3105901.4 ], [ 4196411.0, 3105948.2 ], [ 4196285.1, 3106008.1 ] ], [ [ 4195708.6, 3105995.1 ], [ 4195656.2, 3105985.9 ], [ 4195585.0, 3105942.5 ], [ 4195586.7, 3105934.4 ], [ 4195662.5, 3105949.0 ], [ 4195676.2, 3105937.5 ], [ 4195677.9, 3105923.1 ], [ 4195661.4, 3105899.0 ], [ 4195632.0, 3105877.3 ], [ 4195587.3, 3105816.2 ], [ 4195586.9, 3105799.6 ], [ 4195546.7, 3105700.9 ], [ 4195500.8, 3105638.4 ], [ 4195489.3, 3105610.8 ], [ 4195424.0, 3105567.2 ], [ 4195452.7, 3105545.3 ], [ 4195546.9, 3105687.9 ], [ 4195573.0, 3105754.8 ], [ 4195626.4, 3105855.6 ], [ 4195651.9, 3105884.5 ], [ 4195692.2, 3105910.3 ], [ 4195700.1, 3105924.2 ], [ 4195691.9, 3105944.1 ], [ 4195704.6, 3105961.4 ], [ 4195708.6, 3105995.1 ] ], [ [ 4195795.9, 3105759.8 ], [ 4195854.8, 3105758.0 ], [ 4195908.6, 3105806.1 ], [ 4195882.7, 3105819.1 ], [ 4195853.7, 3105817.2 ], [ 4195795.9, 3105759.8 ] ], [ [ 4196289.2, 3105630.7 ], [ 4196258.1, 3105512.3 ], [ 4196268.4, 3105511.9 ], [ 4196298.9, 3105629.9 ], [ 4196289.2, 3105630.7 ] ], [ [ 4195358.2, 3105534.5 ], [ 4195285.2, 3105544.0 ], [ 4195275.0, 3105529.1 ], [ 4195253.7, 3105528.2 ], [ 4195160.1, 3105601.1 ], [ 4195084.2, 3105686.7 ], [ 4195005.3, 3105751.2 ], [ 4194904.7, 3105816.9 ], [ 4194835.2, 3105836.3 ], [ 4194635.0, 3105811.5 ], [ 4194526.4, 3105776.3 ], [ 4194428.9, 3105782.6 ], [ 4194376.5, 3105801.8 ], [ 4194349.7, 3105773.5 ], [ 4194325.2, 3105762.9 ], [ 4194322.8, 3105726.7 ], [ 4194312.0, 3105712.5 ], [ 4194110.6, 3105665.4 ], [ 4194108.2, 3105654.8 ], [ 4194307.1, 3105697.7 ], [ 4194336.4, 3105699.2 ], [ 4194350.5, 3105688.1 ], [ 4194350.2, 3105666.9 ], [ 4194263.7, 3105515.8 ], [ 4194251.2, 3105508.2 ], [ 4194190.2, 3105506.0 ], [ 4194179.9, 3105440.3 ], [ 4194242.7, 3105429.9 ], [ 4194263.7, 3105489.4 ], [ 4194381.3, 3105687.4 ], [ 4194371.8, 3105708.3 ], [ 4194383.9, 3105725.5 ], [ 4194477.4, 3105710.3 ], [ 4194524.6, 3105671.1 ], [ 4194556.9, 3105666.4 ], [ 4194582.4, 3105674.7 ], [ 4194630.9, 3105713.0 ], [ 4194671.4, 3105728.2 ], [ 4194725.7, 3105736.5 ], [ 4194731.6, 3105755.6 ], [ 4194752.0, 3105766.9 ], [ 4194807.1, 3105765.2 ], [ 4194821.8, 3105749.8 ], [ 4194898.2, 3105720.7 ], [ 4194996.2, 3105628.8 ], [ 4195010.7, 3105636.3 ], [ 4195025.0, 3105633.0 ], [ 4195107.4, 3105557.8 ], [ 4195111.5, 3105539.7 ], [ 4195102.2, 3105524.7 ], [ 4195183.2, 3105443.8 ], [ 4195209.7, 3105405.6 ], [ 4195232.8, 3105330.0 ], [ 4195229.6, 3105273.7 ], [ 4195251.8, 3105263.4 ], [ 4195290.0, 3105273.0 ], [ 4195312.9, 3105346.9 ], [ 4195313.8, 3105408.0 ], [ 4195290.2, 3105468.1 ], [ 4195291.1, 3105485.1 ], [ 4195318.7, 3105518.9 ], [ 4195358.2, 3105534.5 ] ], [ [ 4194474.3, 3105281.9 ], [ 4194498.3, 3105340.9 ], [ 4194501.0, 3105386.3 ], [ 4194172.1, 3105288.5 ], [ 4194252.9, 3105237.2 ], [ 4194280.3, 3105236.3 ], [ 4194356.9, 3105168.5 ], [ 4194418.4, 3105161.0 ], [ 4194475.4, 3105260.1 ], [ 4194474.3, 3105281.9 ] ], [ [ 4193310.5, 3105168.8 ], [ 4193288.4, 3105283.7 ], [ 4193254.6, 3105277.1 ], [ 4193235.3, 3105303.0 ], [ 4193018.7, 3105095.0 ], [ 4192961.1, 3105030.7 ], [ 4193003.2, 3105029.7 ], [ 4193310.5, 3105168.8 ] ], [ [ 4195577.1, 3105034.1 ], [ 4195624.4, 3104975.6 ], [ 4195706.7, 3104916.9 ], [ 4195753.7, 3104839.5 ], [ 4195752.5, 3104820.1 ], [ 4195769.6, 3104790.6 ], [ 4195871.9, 3104792.1 ], [ 4195873.5, 3104814.5 ], [ 4195863.3, 3104833.9 ], [ 4195813.8, 3104849.1 ], [ 4195803.5, 3104912.1 ], [ 4195780.6, 3104939.4 ], [ 4195758.3, 3104950.1 ], [ 4195749.8, 3104970.9 ], [ 4195727.6, 3104981.5 ], [ 4195722.6, 3105008.2 ], [ 4195697.6, 3105008.5 ], [ 4195665.4, 3105042.2 ], [ 4195644.7, 3105035.3 ], [ 4195614.5, 3105049.1 ], [ 4195577.1, 3105034.1 ] ], [ [ 4192597.5, 3104787.3 ], [ 4192547.3, 3104808.4 ], [ 4192533.1, 3104781.0 ], [ 4192594.1, 3104782.5 ], [ 4192597.5, 3104787.3 ] ], [ [ 4193129.3, 3104822.5 ], [ 4193135.1, 3104801.8 ], [ 4193196.7, 3104808.0 ], [ 4193189.0, 3104836.0 ], [ 4193129.3, 3104822.5 ] ], [ [ 4195085.5, 3104830.2 ], [ 4195196.3, 3104803.2 ], [ 4195219.1, 3104802.5 ], [ 4195222.8, 3104809.8 ], [ 4195085.2, 3104845.0 ], [ 4195085.5, 3104830.2 ] ], [ [ 4192463.8, 3105004.2 ], [ 4192517.7, 3105080.0 ], [ 4192533.8, 3105125.8 ], [ 4192531.6, 3105167.1 ], [ 4192518.2, 3105160.8 ], [ 4192428.2, 3105029.9 ], [ 4192463.8, 3105004.2 ] ], [ [ 4191940.3, 3105050.3 ], [ 4191930.6, 3105123.5 ], [ 4191871.9, 3105123.0 ], [ 4191855.4, 3105135.5 ], [ 4191848.3, 3105248.9 ], [ 4191804.7, 3105252.5 ], [ 4191797.2, 3105095.6 ], [ 4191755.7, 3105061.8 ], [ 4191798.0, 3105043.9 ], [ 4191838.6, 3105040.0 ], [ 4191848.6, 3105029.5 ], [ 4191851.7, 3105009.5 ], [ 4191933.4, 3105042.8 ], [ 4191940.3, 3105050.3 ] ], [ [ 4194805.4, 3105387.6 ], [ 4194837.6, 3105374.5 ], [ 4194855.5, 3105417.3 ], [ 4194821.5, 3105428.5 ], [ 4194805.4, 3105387.6 ] ], [ [ 4193520.4, 3105398.6 ], [ 4193581.5, 3105430.9 ], [ 4193611.4, 3105457.1 ], [ 4193600.7, 3105479.8 ], [ 4193610.8, 3105497.7 ], [ 4193771.1, 3105567.2 ], [ 4193762.9, 3105602.3 ], [ 4193725.5, 3105579.6 ], [ 4193707.4, 3105581.0 ], [ 4193694.1, 3105593.7 ], [ 4193585.4, 3105532.7 ], [ 4193460.4, 3105486.7 ], [ 4193492.0, 3105476.5 ], [ 4193499.0, 3105456.5 ], [ 4193465.4, 3105423.4 ], [ 4193448.6, 3105418.0 ], [ 4193520.4, 3105398.6 ] ], [ [ 4193181.5, 3105471.3 ], [ 4193162.6, 3105517.0 ], [ 4193147.0, 3105512.9 ], [ 4193168.6, 3105467.3 ], [ 4193181.5, 3105471.3 ] ], [ [ 4193328.9, 3105487.5 ], [ 4193345.3, 3105489.6 ], [ 4193330.2, 3105556.6 ], [ 4193307.4, 3105553.4 ], [ 4193328.9, 3105487.5 ] ], [ [ 4192686.5, 3105900.3 ], [ 4192609.9, 3105902.5 ], [ 4192604.6, 3105887.5 ], [ 4192677.9, 3105875.7 ], [ 4192686.5, 3105900.3 ] ], [ [ 4195601.4, 3104723.2 ], [ 4195528.0, 3104669.1 ], [ 4195431.7, 3104563.6 ], [ 4195453.4, 3104407.9 ], [ 4195478.5, 3104422.9 ], [ 4195485.2, 3104505.9 ], [ 4195495.4, 3104538.6 ], [ 4195544.3, 3104606.6 ], [ 4195632.5, 3104698.6 ], [ 4195662.4, 3104701.7 ], [ 4195682.6, 3104718.7 ], [ 4195713.7, 3104714.6 ], [ 4195735.8, 3104734.9 ], [ 4195720.6, 3104746.2 ], [ 4195675.9, 3104749.2 ], [ 4195646.7, 3104745.6 ], [ 4195601.4, 3104723.2 ] ], [ [ 4196348.2, 3104671.2 ], [ 4196334.9, 3104643.3 ], [ 4196372.6, 3104653.7 ], [ 4196390.6, 3104636.4 ], [ 4196386.5, 3104618.5 ], [ 4196358.4, 3104601.0 ], [ 4196363.8, 3104573.7 ], [ 4196426.6, 3104588.6 ], [ 4196463.8, 3104543.3 ], [ 4196513.2, 3104530.0 ], [ 4196555.1, 3104572.4 ], [ 4196512.4, 3104588.9 ], [ 4196492.3, 3104580.0 ], [ 4196475.3, 3104584.4 ], [ 4196466.8, 3104604.3 ], [ 4196478.6, 3104625.3 ], [ 4196435.4, 3104653.4 ], [ 4196425.5, 3104674.1 ], [ 4196373.4, 3104698.6 ], [ 4196348.2, 3104671.2 ] ], [ [ 4196005.1, 3104459.9 ], [ 4195945.6, 3104352.6 ], [ 4195962.6, 3104344.0 ], [ 4196029.2, 3104450.8 ], [ 4196005.1, 3104459.9 ] ], [ [ 4194308.8, 3104343.8 ], [ 4194309.7, 3104351.3 ], [ 4194240.6, 3104335.4 ], [ 4194227.8, 3104312.9 ], [ 4194238.1, 3104301.8 ], [ 4194272.0, 3104328.2 ], [ 4194308.8, 3104343.8 ] ], [ [ 4193690.3, 3104378.8 ], [ 4193731.9, 3104411.3 ], [ 4193694.4, 3104424.2 ], [ 4193644.5, 3104462.0 ], [ 4193644.2, 3104486.4 ], [ 4193673.9, 3104506.8 ], [ 4193485.8, 3104660.4 ], [ 4193481.7, 3104716.0 ], [ 4193427.6, 3104642.5 ], [ 4193331.0, 3104580.6 ], [ 4193216.4, 3104594.5 ], [ 4193145.4, 3104638.1 ], [ 4193107.8, 3104648.4 ], [ 4192975.4, 3104649.7 ], [ 4192900.4, 3104659.3 ], [ 4192891.2, 3104641.7 ], [ 4193128.7, 3104619.5 ], [ 4193201.4, 3104584.5 ], [ 4193310.5, 3104569.9 ], [ 4193448.6, 3104510.5 ], [ 4193520.1, 3104459.6 ], [ 4193536.5, 3104464.5 ], [ 4193552.4, 3104458.3 ], [ 4193665.8, 3104252.5 ], [ 4193673.0, 3104225.1 ], [ 4193715.4, 3104158.4 ], [ 4193803.4, 3104055.0 ], [ 4193912.6, 3103962.7 ], [ 4193949.9, 3103905.3 ], [ 4193973.1, 3103848.4 ], [ 4193991.9, 3103837.2 ], [ 4194038.5, 3103712.1 ], [ 4194047.8, 3103716.0 ], [ 4193968.4, 3103935.0 ], [ 4193868.8, 3104063.2 ], [ 4193865.7, 3104077.7 ], [ 4193872.5, 3104090.8 ], [ 4193889.8, 3104096.7 ], [ 4194012.8, 3104056.3 ], [ 4194026.0, 3104044.3 ], [ 4194036.7, 3104003.7 ], [ 4194048.3, 3104008.8 ], [ 4194088.8, 3104110.2 ], [ 4194124.0, 3104156.4 ], [ 4194180.9, 3104206.7 ], [ 4194163.1, 3104222.9 ], [ 4194165.6, 3104240.4 ], [ 4194151.3, 3104291.8 ], [ 4193967.8, 3104235.1 ], [ 4193922.4, 3104210.6 ], [ 4193885.7, 3104208.5 ], [ 4193808.6, 3104242.7 ], [ 4193689.6, 3104344.6 ], [ 4193681.8, 3104360.4 ], [ 4193690.3, 3104378.8 ] ], [ [ 4195338.0, 3104120.6 ], [ 4195292.9, 3104099.9 ], [ 4195271.2, 3104079.2 ], [ 4195215.2, 3104101.7 ], [ 4195203.6, 3104090.1 ], [ 4195212.9, 3104075.7 ], [ 4195210.0, 3104030.4 ], [ 4195123.0, 3103936.7 ], [ 4195125.0, 3103925.9 ], [ 4195152.9, 3103944.7 ], [ 4195184.5, 3103989.8 ], [ 4195199.2, 3103995.7 ], [ 4195217.5, 3104029.7 ], [ 4195243.2, 3104041.0 ], [ 4195286.5, 3104081.0 ], [ 4195354.4, 3104105.7 ], [ 4195419.4, 3104147.5 ], [ 4195436.6, 3104145.2 ], [ 4195455.3, 3104127.2 ], [ 4195547.1, 3103939.8 ], [ 4195611.3, 3103845.7 ], [ 4195612.3, 3103704.8 ], [ 4195622.2, 3103616.6 ], [ 4195707.0, 3103432.6 ], [ 4195716.5, 3103390.6 ], [ 4195715.6, 3103339.7 ], [ 4195732.9, 3103310.9 ], [ 4195737.5, 3103272.6 ], [ 4195717.8, 3103212.7 ], [ 4195719.4, 3103185.4 ], [ 4195749.7, 3103282.1 ], [ 4195746.0, 3103422.3 ], [ 4195662.8, 3103639.7 ], [ 4195648.5, 3103702.7 ], [ 4195635.0, 3103849.2 ], [ 4195566.1, 3103952.9 ], [ 4195488.2, 3104127.1 ], [ 4195466.3, 3104226.1 ], [ 4195479.8, 3104265.4 ], [ 4195457.7, 3104269.6 ], [ 4195429.4, 3104252.0 ], [ 4195347.7, 3104164.2 ], [ 4195350.8, 3104137.4 ], [ 4195338.0, 3104120.6 ] ], [ [ 4196876.9, 3104163.5 ], [ 4196891.6, 3104177.7 ], [ 4196891.2, 3104188.6 ], [ 4196867.9, 3104200.8 ], [ 4196857.6, 3104177.6 ], [ 4196876.9, 3104163.5 ] ], [ [ 4196034.3, 3103631.8 ], [ 4196061.5, 3103627.1 ], [ 4196077.2, 3103717.6 ], [ 4196086.6, 3103730.9 ], [ 4196051.2, 3103730.1 ], [ 4196034.3, 3103631.8 ] ], [ [ 4196604.1, 3103583.1 ], [ 4196655.8, 3103540.7 ], [ 4196708.9, 3103593.4 ], [ 4196678.3, 3103618.5 ], [ 4196651.2, 3103625.1 ], [ 4196627.2, 3103614.5 ], [ 4196604.1, 3103583.1 ] ], [ [ 4193563.3, 3103163.0 ], [ 4193557.9, 3103192.7 ], [ 4193526.4, 3103192.6 ], [ 4193526.4, 3103158.1 ], [ 4193563.3, 3103163.0 ] ], [ [ 4197057.3, 3103170.8 ], [ 4197087.5, 3103139.9 ], [ 4197212.5, 3103093.3 ], [ 4197234.9, 3103094.9 ], [ 4197274.5, 3103081.8 ], [ 4197291.2, 3103108.8 ], [ 4197250.1, 3103107.0 ], [ 4197057.3, 3103170.8 ] ], [ [ 4197326.1, 3103102.3 ], [ 4197334.4, 3103081.6 ], [ 4197324.0, 3103053.8 ], [ 4197336.9, 3103010.2 ], [ 4197311.3, 3102932.3 ], [ 4197293.2, 3102913.5 ], [ 4197269.8, 3102842.0 ], [ 4197244.4, 3102819.1 ], [ 4197189.5, 3102713.0 ], [ 4197135.9, 3102644.4 ], [ 4197100.9, 3102552.1 ], [ 4197072.6, 3102540.5 ], [ 4197038.2, 3102451.5 ], [ 4197046.1, 3102440.1 ], [ 4197089.8, 3102460.2 ], [ 4197118.7, 3102533.0 ], [ 4197155.6, 3102535.1 ], [ 4197164.8, 3102561.4 ], [ 4197227.2, 3102639.7 ], [ 4197247.7, 3102693.0 ], [ 4197292.6, 3102760.6 ], [ 4197377.1, 3103032.8 ], [ 4197375.2, 3103128.9 ], [ 4197356.6, 3103162.4 ], [ 4197341.7, 3103170.5 ], [ 4197330.6, 3103158.1 ], [ 4197338.5, 3103118.0 ], [ 4197326.1, 3103102.3 ] ], [ [ 4196770.5, 3102493.7 ], [ 4196802.2, 3102500.1 ], [ 4196936.7, 3102495.2 ], [ 4196957.0, 3102544.8 ], [ 4196930.0, 3102558.5 ], [ 4196902.8, 3102556.2 ], [ 4196858.4, 3102591.3 ], [ 4196824.2, 3102607.1 ], [ 4196800.1, 3102574.7 ], [ 4196783.6, 3102567.3 ], [ 4196767.1, 3102574.9 ], [ 4196744.4, 3102613.2 ], [ 4196705.5, 3102607.2 ], [ 4196701.2, 3102599.6 ], [ 4196722.2, 3102467.2 ], [ 4196750.9, 3102472.1 ], [ 4196770.5, 3102493.7 ] ], [ [ 4194720.2, 3102542.5 ], [ 4194688.6, 3102490.2 ], [ 4194726.8, 3102468.8 ], [ 4194770.1, 3102498.1 ], [ 4194763.3, 3102517.5 ], [ 4194720.2, 3102542.5 ] ], [ [ 4194214.1, 3102541.9 ], [ 4194187.0, 3102572.1 ], [ 4194142.7, 3102559.9 ], [ 4194153.9, 3102536.3 ], [ 4194183.0, 3102507.3 ], [ 4194221.6, 3102504.4 ], [ 4194251.1, 3102523.3 ], [ 4194240.8, 3102535.1 ], [ 4194214.1, 3102541.9 ] ], [ [ 4192187.5, 3102566.3 ], [ 4192192.8, 3102594.0 ], [ 4192116.0, 3102635.5 ], [ 4192106.3, 3102625.4 ], [ 4192089.9, 3102623.4 ], [ 4192121.0, 3102591.5 ], [ 4192187.5, 3102566.3 ] ], [ [ 4196794.4, 3102634.8 ], [ 4196801.7, 3102643.2 ], [ 4196756.1, 3102673.8 ], [ 4196585.4, 3102755.5 ], [ 4196519.6, 3102780.1 ], [ 4196371.4, 3102815.6 ], [ 4196308.0, 3102837.6 ], [ 4196260.3, 3102865.2 ], [ 4196246.2, 3102861.5 ], [ 4196211.4, 3102825.6 ], [ 4196216.3, 3102814.9 ], [ 4196227.1, 3102813.5 ], [ 4196255.4, 3102841.7 ], [ 4196272.5, 3102843.8 ], [ 4196296.8, 3102814.9 ], [ 4196338.5, 3102799.8 ], [ 4196468.1, 3102777.6 ], [ 4196565.8, 3102750.7 ], [ 4196597.7, 3102730.0 ], [ 4196724.8, 3102678.1 ], [ 4196759.1, 3102637.4 ], [ 4196794.4, 3102634.8 ] ], [ [ 4193132.7, 3102742.5 ], [ 4193148.3, 3102782.2 ], [ 4193134.4, 3102803.3 ], [ 4193109.0, 3102803.6 ], [ 4193084.6, 3102776.4 ], [ 4193085.2, 3102766.7 ], [ 4193103.8, 3102751.4 ], [ 4193132.7, 3102742.5 ] ], [ [ 4195281.5, 3102825.6 ], [ 4195271.7, 3102888.6 ], [ 4195247.5, 3102901.0 ], [ 4195137.8, 3102848.7 ], [ 4195135.2, 3102822.9 ], [ 4195281.5, 3102825.6 ] ], [ [ 4195559.1, 3102872.9 ], [ 4195619.3, 3102891.9 ], [ 4195678.6, 3102952.1 ], [ 4195697.4, 3102962.3 ], [ 4195696.5, 3102993.4 ], [ 4195628.0, 3102926.9 ], [ 4195560.0, 3102885.9 ], [ 4195559.1, 3102872.9 ] ], [ [ 4193923.2, 3102979.6 ], [ 4193929.6, 3103007.9 ], [ 4193800.0, 3103048.4 ], [ 4193807.6, 3103020.3 ], [ 4193923.2, 3102979.6 ] ], [ [ 4192712.7, 3103045.4 ], [ 4192603.1, 3103072.3 ], [ 4192557.0, 3103095.5 ], [ 4192541.3, 3103087.0 ], [ 4192513.5, 3103092.9 ], [ 4192505.7, 3103071.1 ], [ 4192590.1, 3103018.8 ], [ 4192615.2, 3103010.8 ], [ 4192712.2, 3103006.2 ], [ 4192712.7, 3103045.4 ] ], [ [ 4194958.9, 3103058.9 ], [ 4194900.6, 3103007.2 ], [ 4194917.1, 3102987.4 ], [ 4194987.0, 3103035.3 ], [ 4194958.9, 3103058.9 ] ], [ [ 4194571.1, 3103365.3 ], [ 4194615.2, 3103403.1 ], [ 4194554.8, 3103378.8 ], [ 4194509.4, 3103332.6 ], [ 4194571.1, 3103365.3 ] ], [ [ 4192791.7, 3103402.3 ], [ 4192782.3, 3103416.3 ], [ 4192683.8, 3103550.1 ], [ 4192679.9, 3103541.7 ], [ 4192772.7, 3103410.8 ], [ 4192791.7, 3103402.3 ] ], [ [ 4193981.2, 3103540.0 ], [ 4194036.0, 3103537.4 ], [ 4194048.8, 3103639.7 ], [ 4193962.1, 3103637.9 ], [ 4193981.2, 3103540.0 ] ], [ [ 4193528.9, 3103610.6 ], [ 4193562.4, 3103649.8 ], [ 4193594.1, 3103664.4 ], [ 4193563.4, 3103705.8 ], [ 4193539.3, 3103721.9 ], [ 4193507.6, 3103715.5 ], [ 4193483.6, 3103740.7 ], [ 4193444.6, 3103682.3 ], [ 4193528.9, 3103610.6 ] ], [ [ 4194967.1, 3103655.7 ], [ 4194934.2, 3103637.0 ], [ 4194915.2, 3103599.0 ], [ 4194901.2, 3103588.7 ], [ 4194902.5, 3103573.7 ], [ 4194945.2, 3103610.6 ], [ 4194974.6, 3103650.3 ], [ 4194981.6, 3103675.5 ], [ 4194967.1, 3103655.7 ] ], [ [ 4193073.3, 3104036.5 ], [ 4193055.2, 3104037.1 ], [ 4193042.6, 3104053.9 ], [ 4192984.7, 3104081.0 ], [ 4192975.3, 3104101.7 ], [ 4192946.0, 3104116.2 ], [ 4192935.3, 3104068.6 ], [ 4193006.0, 3104035.6 ], [ 4193042.1, 3104027.0 ], [ 4193259.3, 3103842.3 ], [ 4193340.7, 3103808.2 ], [ 4193391.6, 3103800.4 ], [ 4193266.7, 3103860.3 ], [ 4193210.0, 3103897.6 ], [ 4193073.3, 3104036.5 ] ], [ [ 4192656.5, 3103941.9 ], [ 4192769.0, 3104031.7 ], [ 4192756.4, 3104060.4 ], [ 4192656.7, 3104001.5 ], [ 4192604.7, 3103958.0 ], [ 4192518.2, 3103917.2 ], [ 4192530.3, 3103888.9 ], [ 4192515.4, 3103867.4 ], [ 4192560.3, 3103874.0 ], [ 4192656.5, 3103941.9 ] ], [ [ 4191858.5, 3104053.1 ], [ 4191856.3, 3104048.6 ], [ 4191890.7, 3103964.4 ], [ 4191914.4, 3103985.3 ], [ 4191888.3, 3104006.8 ], [ 4191858.5, 3104053.1 ] ], [ [ 4192815.3, 3104344.6 ], [ 4192790.0, 3104390.5 ], [ 4192782.8, 3104386.5 ], [ 4192769.8, 3104360.9 ], [ 4192784.0, 3104348.7 ], [ 4192785.5, 3104329.7 ], [ 4192809.2, 3104281.1 ], [ 4192843.8, 3104250.3 ], [ 4192863.5, 3104304.6 ], [ 4192834.1, 3104336.7 ], [ 4192815.3, 3104344.6 ] ], [ [ 4192637.0, 3104596.7 ], [ 4192721.8, 3104623.1 ], [ 4192787.1, 3104619.8 ], [ 4192795.4, 3104647.5 ], [ 4192694.8, 3104637.2 ], [ 4192639.1, 3104621.8 ], [ 4192637.0, 3104596.7 ] ], [ [ 4194139.2, 3104551.8 ], [ 4194177.7, 3104460.8 ], [ 4194219.8, 3104484.1 ], [ 4194234.5, 3104484.2 ], [ 4194246.4, 3104500.4 ], [ 4194195.0, 3104566.6 ], [ 4194167.7, 3104586.0 ], [ 4194149.7, 3104583.0 ], [ 4194139.2, 3104551.8 ] ], [ [ 4194625.9, 3102381.3 ], [ 4194635.5, 3102384.5 ], [ 4194645.3, 3102406.2 ], [ 4194603.9, 3102418.2 ], [ 4194600.4, 3102405.1 ], [ 4194625.9, 3102381.3 ] ], [ [ 4196090.9, 3102352.8 ], [ 4196062.1, 3102350.5 ], [ 4196052.7, 3102307.6 ], [ 4196078.6, 3102302.7 ], [ 4196121.4, 3102365.1 ], [ 4196111.4, 3102374.6 ], [ 4196090.9, 3102352.8 ] ], [ [ 4197004.9, 3102352.9 ], [ 4196993.6, 3102314.0 ], [ 4196998.3, 3102280.5 ], [ 4196981.8, 3102199.9 ], [ 4197033.6, 3102186.5 ], [ 4197030.2, 3102262.5 ], [ 4197038.4, 3102312.5 ], [ 4197056.1, 3102348.2 ], [ 4197014.8, 3102359.0 ], [ 4197004.9, 3102352.9 ] ], [ [ 4196379.0, 3102333.8 ], [ 4196367.5, 3102313.8 ], [ 4196376.2, 3102284.4 ], [ 4196377.4, 3102228.9 ], [ 4196440.3, 3102220.8 ], [ 4196421.0, 3102279.2 ], [ 4196431.7, 3102301.7 ], [ 4196379.0, 3102333.8 ] ], [ [ 4192906.2, 3102268.4 ], [ 4192936.5, 3102308.0 ], [ 4192897.8, 3102327.1 ], [ 4192892.6, 3102290.7 ], [ 4192877.6, 3102278.2 ], [ 4192859.5, 3102234.9 ], [ 4192857.1, 3102200.9 ], [ 4192885.3, 3102183.7 ], [ 4192906.2, 3102268.4 ] ], [ [ 4193192.2, 3102159.9 ], [ 4193197.2, 3102103.8 ], [ 4193213.8, 3102105.6 ], [ 4193226.5, 3102097.0 ], [ 4193243.9, 3102125.5 ], [ 4193234.4, 3102148.7 ], [ 4193224.1, 3102165.1 ], [ 4193206.8, 3102156.2 ], [ 4193192.2, 3102159.9 ] ], [ [ 4193957.4, 3102097.7 ], [ 4193988.0, 3102040.6 ], [ 4193992.4, 3101943.1 ], [ 4194016.9, 3101860.6 ], [ 4194061.1, 3101767.9 ], [ 4194104.7, 3101614.0 ], [ 4194084.5, 3101551.7 ], [ 4194117.5, 3101537.8 ], [ 4194128.1, 3101520.8 ], [ 4194122.1, 3101465.9 ], [ 4194109.8, 3101430.7 ], [ 4194087.3, 3101405.5 ], [ 4194056.2, 3101409.4 ], [ 4194051.3, 3101403.1 ], [ 4194118.6, 3101356.6 ], [ 4194151.7, 3101217.7 ], [ 4194122.1, 3101109.0 ], [ 4194128.1, 3101056.9 ], [ 4194089.6, 3101026.6 ], [ 4194089.4, 3101003.8 ], [ 4194115.4, 3100992.3 ], [ 4194148.9, 3100937.5 ], [ 4194290.7, 3100782.3 ], [ 4194339.4, 3100809.1 ], [ 4194422.5, 3100750.0 ], [ 4194486.8, 3100726.5 ], [ 4194515.6, 3100732.8 ], [ 4194494.9, 3100760.5 ], [ 4194474.5, 3100764.4 ], [ 4194404.5, 3100812.2 ], [ 4194383.6, 3100839.4 ], [ 4194320.3, 3100885.9 ], [ 4194311.8, 3100905.6 ], [ 4194225.2, 3100974.3 ], [ 4194158.5, 3101039.9 ], [ 4194159.3, 3101128.7 ], [ 4194174.4, 3101206.1 ], [ 4194148.1, 3101384.7 ], [ 4194165.8, 3101461.1 ], [ 4194160.2, 3101520.4 ], [ 4194152.0, 3101535.3 ], [ 4194152.1, 3101584.2 ], [ 4194114.3, 3101651.5 ], [ 4194105.7, 3101726.2 ], [ 4194069.9, 3101794.1 ], [ 4194003.6, 3101965.0 ], [ 4193997.2, 3102048.6 ], [ 4193958.0, 3102111.2 ], [ 4193957.4, 3102097.7 ] ], [ [ 4194688.6, 3101664.7 ], [ 4194699.1, 3101650.9 ], [ 4194726.0, 3101672.4 ], [ 4194722.2, 3101692.9 ], [ 4194745.6, 3101739.5 ], [ 4194734.2, 3101748.5 ], [ 4194688.6, 3101664.7 ] ], [ [ 4194402.8, 3101538.0 ], [ 4194418.1, 3101522.3 ], [ 4194524.4, 3101566.6 ], [ 4194521.5, 3101577.7 ], [ 4194503.6, 3101581.9 ], [ 4194402.8, 3101538.0 ] ], [ [ 4192606.9, 3100920.2 ], [ 4192603.8, 3100933.3 ], [ 4192583.7, 3100928.4 ], [ 4192588.5, 3100916.9 ], [ 4192606.9, 3100920.2 ] ], [ [ 4193340.0, 3100970.0 ], [ 4193275.2, 3101045.5 ], [ 4193219.2, 3101139.4 ], [ 4193167.6, 3101200.0 ], [ 4193050.6, 3101179.2 ], [ 4193128.9, 3101084.5 ], [ 4193169.1, 3101000.4 ], [ 4193245.9, 3100936.0 ], [ 4193340.0, 3100970.0 ] ], [ [ 4193570.1, 3101107.6 ], [ 4193624.5, 3101050.1 ], [ 4193650.6, 3101055.9 ], [ 4193599.6, 3101115.4 ], [ 4193570.1, 3101107.6 ] ], [ [ 4192374.1, 3101274.8 ], [ 4192387.5, 3101296.5 ], [ 4192400.6, 3101302.9 ], [ 4192417.8, 3101297.6 ], [ 4192426.0, 3101278.4 ], [ 4192478.2, 3101293.9 ], [ 4192498.6, 3101277.0 ], [ 4192574.1, 3101301.6 ], [ 4192528.6, 3101368.6 ], [ 4192494.6, 3101345.2 ], [ 4192446.7, 3101332.4 ], [ 4192429.9, 3101338.4 ], [ 4192422.3, 3101357.9 ], [ 4192409.4, 3101356.2 ], [ 4192411.4, 3101326.0 ], [ 4192400.2, 3101311.6 ], [ 4192292.1, 3101283.4 ], [ 4192294.5, 3101231.0 ], [ 4192360.9, 3101232.9 ], [ 4192370.5, 3101246.5 ], [ 4192374.1, 3101274.8 ] ], [ [ 4192398.2, 3101802.9 ], [ 4192347.1, 3101840.5 ], [ 4192241.4, 3101763.4 ], [ 4192205.2, 3101780.9 ], [ 4192194.1, 3101810.0 ], [ 4192167.9, 3101821.0 ], [ 4192133.8, 3101814.4 ], [ 4192150.4, 3101796.7 ], [ 4192141.6, 3101770.1 ], [ 4192183.4, 3101749.7 ], [ 4192202.7, 3101749.0 ], [ 4192219.5, 3101725.6 ], [ 4192269.9, 3101708.8 ], [ 4192287.4, 3101680.0 ], [ 4192326.6, 3101682.5 ], [ 4192349.4, 3101731.1 ], [ 4192397.4, 3101777.8 ], [ 4192398.2, 3101802.9 ] ], [ [ 4193007.7, 3101891.6 ], [ 4192974.4, 3101866.6 ], [ 4192974.6, 3101854.4 ], [ 4192990.6, 3101853.8 ], [ 4193014.2, 3101873.9 ], [ 4193016.7, 3101884.5 ], [ 4193007.7, 3101891.6 ] ], [ [ 4192025.3, 3102016.9 ], [ 4191994.0, 3102087.6 ], [ 4191960.0, 3102070.8 ], [ 4191984.3, 3102003.9 ], [ 4192025.3, 3102016.9 ] ], [ [ 4193652.7, 3102063.8 ], [ 4193656.6, 3102018.9 ], [ 4193693.9, 3102022.0 ], [ 4193689.5, 3102068.0 ], [ 4193652.7, 3102063.8 ] ], [ [ 4191882.0, 3100562.5 ], [ 4191881.2, 3100522.1 ], [ 4191913.7, 3100617.4 ], [ 4191871.4, 3100581.6 ], [ 4191882.0, 3100562.5 ] ], [ [ 4194682.5, 3100513.7 ], [ 4194719.0, 3100467.0 ], [ 4194757.0, 3100456.1 ], [ 4194760.7, 3100431.6 ], [ 4194820.9, 3100345.2 ], [ 4194863.8, 3100289.1 ], [ 4194876.1, 3100286.7 ], [ 4194905.6, 3100336.7 ], [ 4194921.0, 3100346.2 ], [ 4194954.3, 3100346.2 ], [ 4194983.0, 3100329.9 ], [ 4195135.6, 3100342.0 ], [ 4195225.9, 3100337.1 ], [ 4195308.6, 3100359.6 ], [ 4195425.5, 3100362.5 ], [ 4195535.7, 3100345.5 ], [ 4195556.7, 3100375.5 ], [ 4195435.7, 3100400.3 ], [ 4195368.1, 3100401.2 ], [ 4195000.5, 3100366.2 ], [ 4194908.8, 3100400.6 ], [ 4194754.6, 3100543.4 ], [ 4194663.7, 3100610.8 ], [ 4194649.8, 3100607.5 ], [ 4194657.3, 3100588.8 ], [ 4194649.6, 3100562.1 ], [ 4194679.1, 3100534.8 ], [ 4194682.5, 3100513.7 ] ], [ [ 4196155.2, 3100403.5 ], [ 4196217.1, 3100326.0 ], [ 4196240.6, 3100300.4 ], [ 4196258.1, 3100319.1 ], [ 4196175.1, 3100418.4 ], [ 4196155.2, 3100403.5 ] ], [ [ 4196697.6, 3100293.8 ], [ 4196684.1, 3100257.9 ], [ 4196645.5, 3100231.9 ], [ 4196689.4, 3100164.3 ], [ 4196734.1, 3100162.4 ], [ 4196757.1, 3100190.2 ], [ 4196736.7, 3100220.0 ], [ 4196731.6, 3100299.9 ], [ 4196629.2, 3100591.1 ], [ 4196601.5, 3100589.1 ], [ 4196697.6, 3100293.8 ] ], [ [ 4197622.4, 3100214.6 ], [ 4197685.4, 3100157.1 ], [ 4197656.5, 3100196.5 ], [ 4197660.9, 3100213.9 ], [ 4197681.8, 3100233.3 ], [ 4197667.3, 3100247.5 ], [ 4197622.4, 3100214.6 ] ], [ [ 4195961.5, 3100019.1 ], [ 4195973.8, 3100218.7 ], [ 4195967.4, 3100267.3 ], [ 4195953.2, 3100259.9 ], [ 4195942.4, 3100005.7 ], [ 4195961.5, 3100019.1 ] ], [ [ 4196872.4, 3100011.2 ], [ 4196874.2, 3099958.2 ], [ 4196975.2, 3099783.4 ], [ 4197065.8, 3099812.7 ], [ 4197064.2, 3099830.2 ], [ 4197072.1, 3099841.5 ], [ 4197054.5, 3099887.1 ], [ 4197007.0, 3099882.6 ], [ 4196968.8, 3099913.0 ], [ 4196891.4, 3100007.7 ], [ 4196872.4, 3100011.2 ] ], [ [ 4195353.7, 3099674.9 ], [ 4195379.1, 3099816.9 ], [ 4195367.0, 3099815.6 ], [ 4195347.0, 3099686.4 ], [ 4195353.7, 3099674.9 ] ], [ [ 4196896.1, 3099756.5 ], [ 4196865.3, 3099732.4 ], [ 4196827.8, 3099708.3 ], [ 4196886.6, 3099733.2 ], [ 4196919.7, 3099756.1 ], [ 4196896.1, 3099756.5 ] ], [ [ 4196738.7, 3099701.6 ], [ 4196693.0, 3099755.8 ], [ 4196683.8, 3099748.2 ], [ 4196632.0, 3099694.8 ], [ 4196507.5, 3099619.4 ], [ 4196476.5, 3099607.6 ], [ 4196396.4, 3099596.6 ], [ 4196336.6, 3099524.9 ], [ 4196312.3, 3099507.6 ], [ 4196206.6, 3099463.1 ], [ 4196075.1, 3099431.2 ], [ 4195943.5, 3099432.4 ], [ 4195761.7, 3099401.9 ], [ 4195747.8, 3099414.1 ], [ 4195748.1, 3099432.6 ], [ 4195696.1, 3099457.1 ], [ 4195659.7, 3099515.6 ], [ 4195623.6, 3099555.3 ], [ 4195598.6, 3099606.0 ], [ 4195593.1, 3099605.0 ], [ 4195585.1, 3099590.6 ], [ 4195596.7, 3099479.2 ], [ 4195664.2, 3099390.1 ], [ 4195667.0, 3099372.1 ], [ 4195633.8, 3099345.6 ], [ 4195540.5, 3099317.8 ], [ 4195491.3, 3099294.5 ], [ 4195475.4, 3099299.2 ], [ 4195403.1, 3099360.4 ], [ 4195399.6, 3099378.6 ], [ 4195410.0, 3099397.3 ], [ 4195283.8, 3099559.4 ], [ 4195280.1, 3099552.7 ], [ 4195315.1, 3099508.7 ], [ 4195313.6, 3099484.6 ], [ 4195338.4, 3099393.4 ], [ 4195384.6, 3099313.6 ], [ 4195375.1, 3099279.2 ], [ 4195432.3, 3099268.1 ], [ 4195442.6, 3099258.2 ], [ 4195443.8, 3099240.6 ], [ 4195381.6, 3099191.8 ], [ 4195304.9, 3099159.9 ], [ 4195222.3, 3099140.4 ], [ 4195153.5, 3099137.4 ], [ 4194902.9, 3099161.6 ], [ 4194699.8, 3099238.1 ], [ 4194503.4, 3099447.5 ], [ 4194509.7, 3099473.9 ], [ 4194537.4, 3099475.2 ], [ 4194559.2, 3099529.4 ], [ 4194499.4, 3099640.7 ], [ 4194482.4, 3099494.1 ], [ 4194471.7, 3099480.3 ], [ 4194457.8, 3099477.9 ], [ 4194405.1, 3099511.0 ], [ 4194379.4, 3099508.0 ], [ 4194266.1, 3099584.7 ], [ 4194217.6, 3099603.1 ], [ 4194204.5, 3099623.2 ], [ 4194174.6, 3099631.6 ], [ 4194135.6, 3099686.5 ], [ 4194133.2, 3099704.6 ], [ 4194111.5, 3099737.7 ], [ 4194092.9, 3099719.7 ], [ 4194069.9, 3099718.1 ], [ 4194061.4, 3099709.7 ], [ 4194117.8, 3099644.5 ], [ 4194244.4, 3099544.3 ], [ 4194282.1, 3099493.8 ], [ 4194321.2, 3099476.2 ], [ 4194331.8, 3099442.2 ], [ 4194320.0, 3099429.2 ], [ 4194305.8, 3099427.9 ], [ 4194332.1, 3099371.5 ], [ 4194363.7, 3099384.6 ], [ 4194364.8, 3099399.6 ], [ 4194375.3, 3099410.4 ], [ 4194413.2, 3099409.6 ], [ 4194475.2, 3099371.1 ], [ 4194491.6, 3099344.8 ], [ 4194526.0, 3099323.7 ], [ 4194567.7, 3099268.5 ], [ 4194601.2, 3099251.1 ], [ 4194614.4, 3099235.4 ], [ 4194652.4, 3099219.6 ], [ 4194690.8, 3099217.1 ], [ 4194732.4, 3099197.5 ], [ 4194743.6, 3099185.4 ], [ 4194747.5, 3099159.2 ], [ 4194823.6, 3099130.3 ], [ 4194845.2, 3099105.9 ], [ 4194880.5, 3099103.4 ], [ 4194985.1, 3099057.1 ], [ 4195041.9, 3099061.5 ], [ 4195053.8, 3099043.7 ], [ 4195047.7, 3099026.6 ], [ 4195102.9, 3098976.3 ], [ 4195130.9, 3098971.9 ], [ 4195137.8, 3099036.5 ], [ 4195151.6, 3099052.5 ], [ 4195224.3, 3099065.0 ], [ 4195261.6, 3099057.9 ], [ 4195279.6, 3099085.6 ], [ 4195306.3, 3099085.1 ], [ 4195309.3, 3099105.1 ], [ 4195320.0, 3099114.5 ], [ 4195728.9, 3099276.0 ], [ 4195768.4, 3099288.0 ], [ 4195808.8, 3099283.6 ], [ 4195836.7, 3099295.8 ], [ 4195887.8, 3099300.7 ], [ 4196044.9, 3099338.6 ], [ 4196088.9, 3099358.7 ], [ 4196126.5, 3099362.0 ], [ 4196163.8, 3099379.2 ], [ 4196228.3, 3099392.0 ], [ 4196258.9, 3099409.0 ], [ 4196298.6, 3099416.9 ], [ 4196315.0, 3099437.3 ], [ 4196383.7, 3099476.2 ], [ 4196532.6, 3099531.6 ], [ 4196636.4, 3099587.5 ], [ 4196672.4, 3099595.5 ], [ 4196684.2, 3099618.0 ], [ 4196752.4, 3099653.6 ], [ 4196780.1, 3099688.2 ], [ 4196775.1, 3099703.7 ], [ 4196755.0, 3099697.2 ], [ 4196738.7, 3099701.6 ] ], [ [ 4195887.3, 3098982.2 ], [ 4195844.5, 3098971.3 ], [ 4195845.6, 3098947.1 ], [ 4195885.3, 3098954.3 ], [ 4195887.3, 3098982.2 ] ], [ [ 4193913.3, 3098953.9 ], [ 4193894.0, 3098969.1 ], [ 4193874.9, 3098966.3 ], [ 4193855.1, 3098950.6 ], [ 4193875.9, 3098930.1 ], [ 4193913.3, 3098953.9 ] ], [ [ 4192650.2, 3099019.3 ], [ 4192622.1, 3099078.1 ], [ 4192605.0, 3099086.3 ], [ 4192590.8, 3099120.6 ], [ 4192571.6, 3099105.6 ], [ 4192548.9, 3099100.3 ], [ 4192507.7, 3099122.9 ], [ 4192506.3, 3099066.8 ], [ 4192596.1, 3099046.2 ], [ 4192625.8, 3099025.3 ], [ 4192650.2, 3099019.3 ] ], [ [ 4192464.6, 3099072.0 ], [ 4192460.4, 3099093.0 ], [ 4192401.8, 3099058.4 ], [ 4192398.6, 3098986.9 ], [ 4192358.3, 3098958.4 ], [ 4192342.9, 3098925.2 ], [ 4192374.2, 3098819.5 ], [ 4192422.2, 3098835.5 ], [ 4192444.0, 3098819.1 ], [ 4192444.2, 3098805.1 ], [ 4192412.4, 3098737.9 ], [ 4192392.9, 3098725.7 ], [ 4192379.8, 3098584.5 ], [ 4192433.4, 3098558.6 ], [ 4192438.0, 3098541.9 ], [ 4192428.5, 3098519.8 ], [ 4192445.9, 3098505.1 ], [ 4192450.2, 3098473.9 ], [ 4192471.7, 3098471.7 ], [ 4192482.8, 3098540.2 ], [ 4192448.9, 3098554.7 ], [ 4192441.3, 3098570.7 ], [ 4192456.4, 3098614.4 ], [ 4192484.9, 3098617.5 ], [ 4192491.9, 3098629.8 ], [ 4192478.9, 3098667.9 ], [ 4192470.1, 3098801.3 ], [ 4192483.8, 3098846.8 ], [ 4192438.2, 3099011.5 ], [ 4192464.6, 3099072.0 ] ], [ [ 4191964.9, 3098671.0 ], [ 4191940.5, 3098660.1 ], [ 4191920.8, 3098603.1 ], [ 4191943.6, 3098545.7 ], [ 4191978.3, 3098567.0 ], [ 4192010.3, 3098568.4 ], [ 4192025.4, 3098586.7 ], [ 4191993.7, 3098615.2 ], [ 4191964.9, 3098671.0 ] ], [ [ 4191419.3, 3098644.0 ], [ 4191365.4, 3098677.2 ], [ 4191324.1, 3098659.2 ], [ 4191354.2, 3098635.7 ], [ 4191362.0, 3098603.2 ], [ 4191431.2, 3098594.0 ], [ 4191419.3, 3098644.0 ] ], [ [ 4192245.9, 3098731.4 ], [ 4192249.8, 3098675.2 ], [ 4192309.2, 3098695.0 ], [ 4192323.1, 3098713.1 ], [ 4192323.7, 3098722.4 ], [ 4192245.9, 3098731.4 ] ], [ [ 4191982.5, 3098700.3 ], [ 4191954.1, 3098753.1 ], [ 4191948.3, 3098879.9 ], [ 4191916.6, 3098894.6 ], [ 4191892.9, 3098891.4 ], [ 4191897.8, 3098850.1 ], [ 4191924.7, 3098833.1 ], [ 4191949.4, 3098732.0 ], [ 4191982.5, 3098700.3 ] ], [ [ 4192382.2, 3099067.9 ], [ 4192363.3, 3099137.1 ], [ 4192380.9, 3099181.4 ], [ 4192357.9, 3099182.0 ], [ 4192326.7, 3099170.7 ], [ 4192292.0, 3099187.9 ], [ 4192275.1, 3099156.6 ], [ 4192312.6, 3099133.4 ], [ 4192341.5, 3099102.4 ], [ 4192357.5, 3099069.9 ], [ 4192382.2, 3099067.9 ] ], [ [ 4193090.8, 3099069.3 ], [ 4193130.8, 3099057.8 ], [ 4193136.5, 3099082.5 ], [ 4193078.7, 3099098.2 ], [ 4193079.8, 3099081.6 ], [ 4193090.8, 3099069.3 ] ], [ [ 4191613.7, 3099281.5 ], [ 4191613.9, 3099295.8 ], [ 4191528.6, 3099274.2 ], [ 4191539.2, 3099254.2 ], [ 4191567.9, 3099240.3 ], [ 4191582.5, 3099241.7 ], [ 4191613.7, 3099281.5 ] ], [ [ 4192082.3, 3099322.2 ], [ 4192166.1, 3099283.5 ], [ 4192170.3, 3099303.1 ], [ 4192211.2, 3099338.1 ], [ 4192228.0, 3099338.2 ], [ 4192253.1, 3099323.9 ], [ 4192284.3, 3099351.2 ], [ 4192234.5, 3099409.7 ], [ 4192186.0, 3099411.8 ], [ 4192160.5, 3099430.5 ], [ 4192136.0, 3099414.9 ], [ 4192103.1, 3099413.7 ], [ 4192082.3, 3099322.2 ] ], [ [ 4194130.3, 3099370.6 ], [ 4194144.4, 3099329.9 ], [ 4194175.8, 3099335.4 ], [ 4194232.8, 3099323.5 ], [ 4194223.2, 3099337.7 ], [ 4194177.2, 3099352.9 ], [ 4194167.1, 3099373.5 ], [ 4194130.3, 3099370.6 ] ], [ [ 4193280.8, 3099619.1 ], [ 4193276.6, 3099613.5 ], [ 4193334.1, 3099578.4 ], [ 4193465.8, 3099524.0 ], [ 4193447.7, 3099542.2 ], [ 4193280.8, 3099619.1 ] ], [ [ 4194362.5, 3099692.6 ], [ 4194355.5, 3099579.5 ], [ 4194368.4, 3099572.3 ], [ 4194375.9, 3099686.0 ], [ 4194362.5, 3099692.6 ] ], [ [ 4195407.0, 3099690.8 ], [ 4195433.9, 3099656.8 ], [ 4195466.4, 3099680.0 ], [ 4195439.1, 3099722.6 ], [ 4195407.0, 3099690.8 ] ], [ [ 4194006.9, 3099877.6 ], [ 4193980.6, 3099915.0 ], [ 4193981.9, 3099990.0 ], [ 4193972.9, 3099998.7 ], [ 4193933.3, 3099989.3 ], [ 4193899.7, 3100016.7 ], [ 4193849.5, 3100042.2 ], [ 4193795.0, 3100029.6 ], [ 4193861.6, 3100003.3 ], [ 4193921.9, 3099951.3 ], [ 4193942.2, 3099944.6 ], [ 4193949.6, 3099928.1 ], [ 4193944.7, 3099914.3 ], [ 4193966.6, 3099875.6 ], [ 4194001.8, 3099850.6 ], [ 4194006.9, 3099877.6 ] ], [ [ 4196499.1, 3099878.8 ], [ 4196535.6, 3099901.0 ], [ 4196534.1, 3099944.7 ], [ 4196515.9, 3099977.0 ], [ 4196493.7, 3099992.3 ], [ 4196482.0, 3099965.7 ], [ 4196477.2, 3099905.4 ], [ 4196488.8, 3099879.8 ], [ 4196499.1, 3099878.8 ] ], [ [ 4193345.7, 3100116.9 ], [ 4193244.1, 3100158.7 ], [ 4193234.2, 3100146.3 ], [ 4193214.3, 3100142.5 ], [ 4193161.8, 3100166.6 ], [ 4193120.0, 3100162.9 ], [ 4193096.3, 3100186.8 ], [ 4193043.9, 3100191.9 ], [ 4193002.8, 3100211.8 ], [ 4192941.5, 3100219.8 ], [ 4192933.4, 3100235.5 ], [ 4192941.9, 3100255.5 ], [ 4192959.2, 3100262.1 ], [ 4192976.9, 3100255.7 ], [ 4192914.7, 3100346.9 ], [ 4192898.7, 3100414.2 ], [ 4192803.9, 3100486.7 ], [ 4192769.6, 3100524.1 ], [ 4192733.4, 3100516.1 ], [ 4192732.7, 3100499.9 ], [ 4192768.2, 3100440.2 ], [ 4192864.2, 3100370.7 ], [ 4192886.9, 3100307.6 ], [ 4192880.5, 3100291.1 ], [ 4192861.1, 3100277.3 ], [ 4192817.2, 3100270.9 ], [ 4192717.9, 3100288.2 ], [ 4192658.2, 3100319.5 ], [ 4192618.2, 3100357.8 ], [ 4192568.5, 3100380.7 ], [ 4192483.8, 3100392.0 ], [ 4192429.7, 3100387.4 ], [ 4192443.0, 3100305.7 ], [ 4192456.5, 3100273.4 ], [ 4192489.9, 3100253.3 ], [ 4192557.1, 3100295.9 ], [ 4192585.7, 3100276.3 ], [ 4192602.3, 3100275.0 ], [ 4192628.1, 3100245.6 ], [ 4192611.5, 3100210.3 ], [ 4192675.7, 3100168.4 ], [ 4192689.7, 3100144.7 ], [ 4192749.3, 3100151.8 ], [ 4192755.3, 3100173.9 ], [ 4192768.9, 3100185.0 ], [ 4192846.3, 3100186.4 ], [ 4192855.7, 3100198.2 ], [ 4192870.6, 3100201.2 ], [ 4193006.4, 3100170.3 ], [ 4193130.9, 3100097.7 ], [ 4193184.7, 3100081.3 ], [ 4193278.6, 3100104.5 ], [ 4193381.1, 3100073.6 ], [ 4193433.8, 3100068.8 ], [ 4193437.3, 3100097.0 ], [ 4193345.7, 3100116.9 ] ], [ [ 4190999.1, 3100221.4 ], [ 4191081.7, 3100274.8 ], [ 4191014.5, 3100382.6 ], [ 4191017.1, 3100430.7 ], [ 4191004.1, 3100449.6 ], [ 4190889.4, 3100385.2 ], [ 4190871.8, 3100340.9 ], [ 4190917.8, 3100311.2 ], [ 4190999.1, 3100221.4 ] ], [ [ 4194048.1, 3100501.0 ], [ 4194069.2, 3100467.2 ], [ 4194122.6, 3100503.3 ], [ 4194097.4, 3100535.9 ], [ 4194048.1, 3100501.0 ] ], [ [ 4194539.5, 3100216.7 ], [ 4194522.3, 3100203.8 ], [ 4194590.4, 3100170.3 ], [ 4194593.5, 3100205.8 ], [ 4194564.9, 3100217.8 ], [ 4194539.5, 3100216.7 ] ], [ [ 4189726.2, 3099731.1 ], [ 4189699.9, 3099763.7 ], [ 4189669.3, 3099731.6 ], [ 4189648.9, 3099694.9 ], [ 4189723.4, 3099713.7 ], [ 4189726.2, 3099731.1 ] ], [ [ 4191065.7, 3098293.5 ], [ 4191057.6, 3098248.1 ], [ 4191074.0, 3098248.3 ], [ 4191107.4, 3098394.3 ], [ 4191122.4, 3098420.7 ], [ 4191148.9, 3098427.8 ], [ 4191138.8, 3098441.8 ], [ 4191107.0, 3098437.8 ], [ 4191090.2, 3098421.4 ], [ 4191059.4, 3098329.1 ], [ 4191065.7, 3098293.5 ] ], [ [ 4192345.3, 3098362.1 ], [ 4192348.3, 3098266.3 ], [ 4192407.7, 3098276.9 ], [ 4192413.9, 3098289.9 ], [ 4192411.4, 3098326.3 ], [ 4192427.3, 3098350.6 ], [ 4192458.3, 3098351.2 ], [ 4192457.7, 3098385.8 ], [ 4192352.8, 3098401.4 ], [ 4192345.3, 3098362.1 ] ], [ [ 4192862.9, 3098363.5 ], [ 4192903.2, 3098303.5 ], [ 4192919.0, 3098266.0 ], [ 4192924.8, 3098218.4 ], [ 4192919.0, 3098094.0 ], [ 4192948.9, 3098010.7 ], [ 4192934.0, 3097992.2 ], [ 4192887.1, 3097989.4 ], [ 4192854.8, 3097996.0 ], [ 4192849.9, 3097986.3 ], [ 4192858.4, 3097975.5 ], [ 4192953.6, 3097963.2 ], [ 4193015.3, 3097934.6 ], [ 4193036.6, 3097932.6 ], [ 4193067.7, 3097907.3 ], [ 4193075.8, 3097909.1 ], [ 4193084.3, 3097926.4 ], [ 4192984.1, 3097991.2 ], [ 4192988.0, 3098014.9 ], [ 4192973.6, 3098075.5 ], [ 4192973.6, 3098183.0 ], [ 4192964.0, 3098233.3 ], [ 4192922.5, 3098322.8 ], [ 4192885.0, 3098362.8 ], [ 4192862.9, 3098363.5 ] ], [ [ 4193090.8, 3098130.3 ], [ 4193119.7, 3098115.3 ], [ 4193151.0, 3098143.9 ], [ 4193110.9, 3098157.5 ], [ 4193090.8, 3098130.3 ] ], [ [ 4193366.4, 3098084.7 ], [ 4193372.0, 3098048.8 ], [ 4193423.7, 3098058.8 ], [ 4193416.4, 3098085.0 ], [ 4193404.1, 3098096.6 ], [ 4193366.4, 3098084.7 ] ], [ [ 4192577.0, 3098068.0 ], [ 4192553.8, 3098064.2 ], [ 4192512.8, 3098084.9 ], [ 4192501.8, 3098101.9 ], [ 4192395.3, 3098161.9 ], [ 4192374.1, 3098197.6 ], [ 4192362.7, 3098199.5 ], [ 4192352.7, 3098184.4 ], [ 4192334.7, 3098181.9 ], [ 4191812.2, 3098337.4 ], [ 4191797.4, 3098352.1 ], [ 4191776.3, 3098356.4 ], [ 4191771.1, 3098337.6 ], [ 4192341.6, 3098162.6 ], [ 4192353.4, 3098173.7 ], [ 4192371.1, 3098173.2 ], [ 4192427.1, 3098123.1 ], [ 4192505.6, 3098080.7 ], [ 4192511.2, 3098063.8 ], [ 4192502.4, 3098046.3 ], [ 4192509.6, 3098041.9 ], [ 4192585.1, 3098020.0 ], [ 4192618.4, 3098025.8 ], [ 4192613.9, 3098047.8 ], [ 4192577.0, 3098068.0 ] ], [ [ 4191740.9, 3098257.6 ], [ 4191743.9, 3098269.8 ], [ 4191716.1, 3098231.1 ], [ 4191821.7, 3098173.9 ], [ 4191825.4, 3098196.5 ], [ 4191803.6, 3098224.2 ], [ 4191752.2, 3098232.9 ], [ 4191740.9, 3098257.6 ] ], [ [ 4191337.0, 3098151.6 ], [ 4191359.5, 3098181.9 ], [ 4191278.6, 3098173.2 ], [ 4191275.2, 3098149.4 ], [ 4191337.0, 3098151.6 ] ], [ [ 4190676.2, 3097474.7 ], [ 4190720.1, 3097473.9 ], [ 4190756.2, 3097510.3 ], [ 4190765.4, 3097531.7 ], [ 4190760.1, 3097552.7 ], [ 4190737.3, 3097559.2 ], [ 4190710.5, 3097554.1 ], [ 4190676.9, 3097524.3 ], [ 4190662.2, 3097496.4 ], [ 4190676.2, 3097474.7 ] ], [ [ 4191484.9, 3097283.7 ], [ 4191487.1, 3097258.7 ], [ 4191550.7, 3097273.4 ], [ 4191484.9, 3097283.7 ] ], [ [ 4195987.5, 3098562.4 ], [ 4195995.6, 3098531.9 ], [ 4196034.0, 3098515.5 ], [ 4196068.6, 3098550.7 ], [ 4196012.1, 3098570.7 ], [ 4195987.5, 3098562.4 ] ], [ [ 4194161.3, 3098515.8 ], [ 4194154.3, 3098562.3 ], [ 4194111.2, 3098557.2 ], [ 4194106.3, 3098460.0 ], [ 4194131.7, 3098461.0 ], [ 4194161.3, 3098515.8 ] ], [ [ 4195478.3, 3098404.2 ], [ 4195419.2, 3098342.8 ], [ 4195406.3, 3098312.5 ], [ 4195407.5, 3098296.6 ], [ 4195481.3, 3098355.9 ], [ 4195495.3, 3098406.4 ], [ 4195478.3, 3098404.2 ] ], [ [ 4194526.4, 3098350.5 ], [ 4194508.2, 3098309.6 ], [ 4194494.9, 3098256.8 ], [ 4194533.6, 3098253.3 ], [ 4194558.1, 3098341.9 ], [ 4194526.4, 3098350.5 ] ], [ [ 4194848.2, 3097914.1 ], [ 4194829.6, 3097874.5 ], [ 4194876.0, 3097852.1 ], [ 4194910.5, 3097886.0 ], [ 4194848.2, 3097914.1 ] ], [ [ 4194994.3, 3097778.8 ], [ 4194764.1, 3097607.4 ], [ 4194764.8, 3097575.5 ], [ 4194802.0, 3097548.3 ], [ 4195038.5, 3097729.7 ], [ 4194994.3, 3097778.8 ] ], [ [ 4196898.1, 3101999.4 ], [ 4196867.7, 3101972.8 ], [ 4196865.5, 3101956.1 ], [ 4196874.9, 3101941.7 ], [ 4196908.9, 3101947.4 ], [ 4196940.6, 3101975.7 ], [ 4196980.4, 3101982.3 ], [ 4196996.3, 3102017.9 ], [ 4197012.5, 3102034.9 ], [ 4197009.2, 3102064.6 ], [ 4197019.4, 3102104.7 ], [ 4196946.8, 3102120.4 ], [ 4196955.1, 3102092.1 ], [ 4196943.8, 3102032.1 ], [ 4196920.7, 3101999.5 ], [ 4196898.1, 3101999.4 ] ], [ [ 4196228.4, 3101927.7 ], [ 4196154.2, 3101975.9 ], [ 4196139.9, 3101953.6 ], [ 4196226.1, 3101915.9 ], [ 4196228.4, 3101927.7 ] ], [ [ 4197526.4, 3101814.6 ], [ 4197557.0, 3101815.3 ], [ 4197672.3, 3101729.8 ], [ 4197680.7, 3101734.7 ], [ 4197532.2, 3101855.5 ], [ 4197526.4, 3101814.6 ] ], [ [ 4197780.0, 3101668.8 ], [ 4197755.7, 3101648.9 ], [ 4197778.2, 3101628.5 ], [ 4197780.0, 3101668.8 ] ], [ [ 4196904.4, 3101646.1 ], [ 4196829.8, 3101514.5 ], [ 4196838.1, 3101504.7 ], [ 4196847.1, 3101504.5 ], [ 4196883.0, 3101542.1 ], [ 4196924.1, 3101625.0 ], [ 4196924.0, 3101632.8 ], [ 4196904.4, 3101646.1 ] ], [ [ 4197648.6, 3101573.9 ], [ 4197662.3, 3101495.6 ], [ 4197691.6, 3101472.1 ], [ 4197726.5, 3101471.4 ], [ 4197756.8, 3101487.4 ], [ 4197751.9, 3101517.7 ], [ 4197677.0, 3101544.3 ], [ 4197648.6, 3101573.9 ] ], [ [ 4196019.8, 3101544.2 ], [ 4196039.7, 3101652.8 ], [ 4195991.7, 3101662.0 ], [ 4195968.4, 3101547.4 ], [ 4196019.8, 3101544.2 ] ], [ [ 4196729.5, 3101440.5 ], [ 4196558.9, 3101302.5 ], [ 4196584.6, 3101272.2 ], [ 4196598.4, 3101294.7 ], [ 4196656.9, 3101329.8 ], [ 4196755.0, 3101410.2 ], [ 4196729.5, 3101440.5 ] ], [ [ 4197613.5, 3101350.1 ], [ 4197626.5, 3101351.7 ], [ 4197646.0, 3101371.9 ], [ 4197634.1, 3101383.0 ], [ 4197630.5, 3101402.0 ], [ 4197604.8, 3101373.2 ], [ 4197613.5, 3101350.1 ] ], [ [ 4195952.0, 3101302.4 ], [ 4195910.2, 3101280.3 ], [ 4195865.8, 3101274.0 ], [ 4195909.2, 3101202.9 ], [ 4195971.2, 3101239.9 ], [ 4195950.1, 3101281.9 ], [ 4195952.0, 3101302.4 ] ], [ [ 4196703.6, 3100808.8 ], [ 4196708.7, 3100784.9 ], [ 4196737.0, 3100787.6 ], [ 4196867.2, 3100811.0 ], [ 4196867.3, 3100830.1 ], [ 4196854.7, 3100841.9 ], [ 4196715.8, 3100817.8 ], [ 4196703.6, 3100808.8 ] ], [ [ 4197440.9, 3100644.2 ], [ 4197458.6, 3100640.8 ], [ 4197446.8, 3100701.7 ], [ 4197429.8, 3100698.6 ], [ 4197440.9, 3100644.2 ] ], [ [ 4195084.1, 3107180.5 ], [ 4195077.0, 3107168.8 ], [ 4195082.4, 3107161.5 ], [ 4195178.5, 3107137.7 ], [ 4195181.2, 3107153.4 ], [ 4195172.5, 3107162.4 ], [ 4195084.1, 3107180.5 ] ], [ [ 4193755.6, 3107267.9 ], [ 4193770.1, 3107310.8 ], [ 4193798.2, 3107354.6 ], [ 4193788.3, 3107357.1 ], [ 4193768.0, 3107339.1 ], [ 4193743.0, 3107304.2 ], [ 4193742.5, 3107215.5 ], [ 4193750.1, 3107212.5 ], [ 4193755.6, 3107267.9 ] ], [ [ 4194804.4, 3107277.8 ], [ 4194821.8, 3107269.6 ], [ 4194844.9, 3107366.9 ], [ 4194815.1, 3107379.1 ], [ 4194804.4, 3107399.2 ], [ 4194819.1, 3107452.7 ], [ 4194813.0, 3107476.7 ], [ 4194779.7, 3107399.0 ], [ 4194786.0, 3107377.1 ], [ 4194807.9, 3107358.5 ], [ 4194816.3, 3107339.6 ], [ 4194816.3, 3107308.7 ], [ 4194804.4, 3107277.8 ] ], [ [ 4194665.0, 3107419.8 ], [ 4194793.1, 3107595.3 ], [ 4194739.4, 3107670.7 ], [ 4194703.7, 3107703.4 ], [ 4194700.4, 3107723.9 ], [ 4194983.4, 3108091.3 ], [ 4194960.5, 3108108.5 ], [ 4194878.0, 3108005.5 ], [ 4194854.1, 3108005.4 ], [ 4194839.5, 3108031.0 ], [ 4194661.0, 3107800.9 ], [ 4194654.9, 3107707.4 ], [ 4194568.4, 3107655.8 ], [ 4194569.5, 3107632.4 ], [ 4194699.6, 3107512.9 ], [ 4194698.1, 3107486.6 ], [ 4194665.0, 3107419.8 ] ], [ [ 4194474.3, 3107441.5 ], [ 4194384.0, 3107553.5 ], [ 4194297.4, 3107501.2 ], [ 4194329.1, 3107455.3 ], [ 4194406.6, 3107498.2 ], [ 4194419.4, 3107492.4 ], [ 4194464.3, 3107435.0 ], [ 4194474.3, 3107441.5 ] ] ] } },
{ "type": "Feature", "properties": { "id": "forest_61587", "state": "Nordrhein-Westfalen", "area_ha": 5439.05, "unfragmented": true, "image": "forest_61587.webp", "real_width_m": 9787.9, "real_height_m": 11850.2, "pixel_width": 978, "pixel_height": 1185, "centroid_x": 4182359.9, "centroid_y": 3128402.1 }, "geometry": { "type": "Polygon", "coordinates": [ [ [ 4185131.3, 3132818.4 ], [ 4185180.3, 3132725.8 ], [ 4185301.6, 3132538.9 ], [ 4185338.9, 3132435.3 ], [ 4185375.8, 3132372.8 ], [ 4185398.0, 3132243.8 ], [ 4185381.8, 3132205.6 ], [ 4185322.3, 3132133.0 ], [ 4185303.7, 3132098.2 ], [ 4185290.1, 3132035.5 ], [ 4185285.0, 3131915.9 ], [ 4185271.0, 3131904.8 ], [ 4185240.6, 3131906.0 ], [ 4185244.7, 3131855.6 ], [ 4185233.6, 3131838.2 ], [ 4185246.9, 3131738.1 ], [ 4185246.8, 3131635.8 ], [ 4185258.2, 3131609.8 ], [ 4185250.3, 3131524.4 ], [ 4185231.9, 3131512.5 ], [ 4185123.1, 3131516.0 ], [ 4185071.8, 3131481.7 ], [ 4184954.1, 3131487.8 ], [ 4184955.9, 3131470.1 ], [ 4184973.6, 3131439.0 ], [ 4185001.6, 3131429.8 ], [ 4185022.7, 3131433.0 ], [ 4185060.9, 3131415.6 ], [ 4185217.3, 3131457.5 ], [ 4185244.7, 3131446.8 ], [ 4185251.8, 3131381.8 ], [ 4185326.4, 3131154.0 ], [ 4185424.7, 3130899.2 ], [ 4185460.5, 3130841.8 ], [ 4185475.9, 3130773.5 ], [ 4185530.3, 3130731.0 ], [ 4185630.5, 3130679.1 ], [ 4185653.1, 3130628.2 ], [ 4185650.2, 3130591.1 ], [ 4185661.2, 3130582.8 ], [ 4185664.8, 3130566.1 ], [ 4185612.8, 3130421.3 ], [ 4185596.9, 3130343.1 ], [ 4185628.9, 3130332.1 ], [ 4185641.3, 3130296.1 ], [ 4185649.2, 3130309.8 ], [ 4185662.9, 3130314.7 ], [ 4185676.7, 3130310.0 ], [ 4185685.0, 3130294.1 ], [ 4185690.0, 3130169.9 ], [ 4185698.3, 3130132.2 ], [ 4185645.9, 3130069.4 ], [ 4185632.6, 3130001.3 ], [ 4185644.0, 3129932.7 ], [ 4185704.9, 3129736.4 ], [ 4185706.8, 3129677.0 ], [ 4185698.5, 3129651.9 ], [ 4185681.3, 3129646.3 ], [ 4185663.8, 3129658.7 ], [ 4185654.9, 3129731.9 ], [ 4185645.9, 3129748.9 ], [ 4185610.2, 3129736.8 ], [ 4185624.1, 3129710.6 ], [ 4185629.9, 3129647.8 ], [ 4185648.5, 3129581.4 ], [ 4185661.2, 3129569.6 ], [ 4185727.1, 3129430.0 ], [ 4185752.6, 3129411.6 ], [ 4185766.1, 3129387.0 ], [ 4185758.9, 3129366.6 ], [ 4185700.5, 3129320.5 ], [ 4185762.8, 3129306.9 ], [ 4185794.8, 3129267.4 ], [ 4185817.9, 3129259.7 ], [ 4185829.5, 3129272.4 ], [ 4185846.7, 3129272.8 ], [ 4185881.9, 3129244.2 ], [ 4185908.9, 3129242.2 ], [ 4185923.0, 3129227.4 ], [ 4185938.4, 3129114.7 ], [ 4185989.3, 3128947.4 ], [ 4185984.8, 3128907.4 ], [ 4185959.6, 3128835.4 ], [ 4185956.1, 3128789.6 ], [ 4185956.5, 3128694.6 ], [ 4185979.7, 3128530.0 ], [ 4186024.4, 3128375.0 ], [ 4186052.7, 3128330.0 ], [ 4186058.1, 3128290.2 ], [ 4186049.1, 3128270.1 ], [ 4186027.5, 3128256.0 ], [ 4185930.4, 3128232.7 ], [ 4185713.9, 3128235.3 ], [ 4185590.9, 3128208.6 ], [ 4185544.2, 3128188.4 ], [ 4185447.7, 3128125.2 ], [ 4185413.3, 3128115.5 ], [ 4185360.1, 3128122.9 ], [ 4185247.7, 3128188.7 ], [ 4185134.6, 3128194.9 ], [ 4185093.5, 3128188.7 ], [ 4185038.2, 3128168.8 ], [ 4184968.6, 3128120.7 ], [ 4184739.5, 3127928.4 ], [ 4184721.9, 3127927.2 ], [ 4184693.2, 3127948.6 ], [ 4184694.4, 3127967.0 ], [ 4184773.1, 3128066.7 ], [ 4184820.0, 3128145.2 ], [ 4184842.2, 3128151.8 ], [ 4184905.5, 3128232.6 ], [ 4184980.3, 3128302.7 ], [ 4185033.6, 3128325.5 ], [ 4185059.9, 3128327.8 ], [ 4185092.7, 3128299.1 ], [ 4185154.7, 3128276.0 ], [ 4185240.3, 3128281.2 ], [ 4185301.7, 3128292.7 ], [ 4185376.9, 3128327.9 ], [ 4185488.1, 3128360.4 ], [ 4185687.6, 3128380.5 ], [ 4185712.1, 3128393.0 ], [ 4185730.4, 3128426.5 ], [ 4185734.6, 3128453.6 ], [ 4185726.5, 3128537.6 ], [ 4185731.7, 3128601.4 ], [ 4185713.7, 3128717.7 ], [ 4185672.3, 3128793.3 ], [ 4185670.7, 3128821.6 ], [ 4185688.3, 3128833.7 ], [ 4185717.0, 3128823.8 ], [ 4185761.1, 3128771.5 ], [ 4185777.1, 3128786.8 ], [ 4185795.6, 3128785.7 ], [ 4185831.5, 3128739.8 ], [ 4185887.5, 3128765.2 ], [ 4185861.1, 3128841.2 ], [ 4185843.1, 3128860.4 ], [ 4185859.7, 3128916.0 ], [ 4185855.9, 3128939.9 ], [ 4185783.2, 3129011.7 ], [ 4185606.4, 3128935.9 ], [ 4185609.7, 3128889.5 ], [ 4185598.4, 3128872.6 ], [ 4185542.8, 3128864.3 ], [ 4185481.5, 3128836.0 ], [ 4185513.7, 3128788.6 ], [ 4185614.2, 3128676.4 ], [ 4185616.0, 3128656.6 ], [ 4185598.2, 3128607.2 ], [ 4185288.1, 3128390.3 ], [ 4185274.5, 3128386.6 ], [ 4185258.9, 3128394.5 ], [ 4185246.9, 3128440.2 ], [ 4185078.4, 3128512.1 ], [ 4185032.3, 3128549.8 ], [ 4185003.7, 3128524.3 ], [ 4184978.7, 3128532.3 ], [ 4184955.1, 3128529.4 ], [ 4184948.9, 3128446.6 ], [ 4184930.9, 3128422.2 ], [ 4184929.8, 3128381.7 ], [ 4184919.9, 3128367.5 ], [ 4184923.6, 3128345.2 ], [ 4184865.5, 3128277.5 ], [ 4184863.9, 3128249.7 ], [ 4184838.4, 3128193.1 ], [ 4184819.6, 3128185.8 ], [ 4184795.4, 3128195.5 ], [ 4184786.5, 3128172.2 ], [ 4184791.8, 3128149.9 ], [ 4184778.7, 3128125.7 ], [ 4184752.3, 3128122.1 ], [ 4184687.8, 3128173.6 ], [ 4184666.3, 3128164.4 ], [ 4184627.6, 3128119.7 ], [ 4184601.1, 3128122.1 ], [ 4184572.9, 3128097.2 ], [ 4184555.1, 3128094.8 ], [ 4184645.6, 3127989.2 ], [ 4184642.1, 3127962.3 ], [ 4184621.6, 3127943.7 ], [ 4184601.3, 3127944.2 ], [ 4184522.1, 3128022.0 ], [ 4184487.1, 3127997.5 ], [ 4184463.8, 3128004.1 ], [ 4184455.3, 3128022.4 ], [ 4184461.0, 3128038.5 ], [ 4184532.4, 3128095.5 ], [ 4184549.3, 3128097.4 ], [ 4184504.6, 3128149.2 ], [ 4184480.5, 3128142.2 ], [ 4184483.5, 3128117.8 ], [ 4184457.7, 3128100.0 ], [ 4184452.0, 3128077.8 ], [ 4184434.1, 3128070.3 ], [ 4184418.4, 3128077.6 ], [ 4184302.6, 3127940.0 ], [ 4184305.1, 3127916.7 ], [ 4184273.7, 3127867.4 ], [ 4184175.3, 3127784.4 ], [ 4184085.7, 3127692.7 ], [ 4184059.0, 3127645.2 ], [ 4184016.6, 3127608.3 ], [ 4184041.8, 3127585.4 ], [ 4184066.1, 3127541.9 ], [ 4184101.1, 3127404.7 ], [ 4184145.1, 3127287.4 ], [ 4184153.3, 3127275.6 ], [ 4184188.6, 3127287.8 ], [ 4184203.2, 3127272.1 ], [ 4184185.3, 3127094.5 ], [ 4184254.8, 3127152.4 ], [ 4184327.4, 3127199.6 ], [ 4184327.7, 3127263.8 ], [ 4184335.0, 3127276.7 ], [ 4184361.6, 3127294.8 ], [ 4184522.7, 3127349.0 ], [ 4184495.1, 3127388.7 ], [ 4184495.9, 3127409.5 ], [ 4184579.5, 3127462.9 ], [ 4184600.3, 3127460.4 ], [ 4184688.7, 3127374.1 ], [ 4184718.2, 3127398.2 ], [ 4184735.6, 3127400.3 ], [ 4184803.4, 3127336.0 ], [ 4184845.2, 3127397.8 ], [ 4184799.8, 3127443.1 ], [ 4184802.7, 3127467.5 ], [ 4184955.8, 3127592.6 ], [ 4185090.3, 3127653.8 ], [ 4185113.2, 3127646.2 ], [ 4185117.9, 3127621.1 ], [ 4185147.9, 3127578.7 ], [ 4185213.7, 3127567.1 ], [ 4185312.7, 3127527.3 ], [ 4185389.3, 3127471.1 ], [ 4185437.7, 3127453.7 ], [ 4185537.2, 3127451.7 ], [ 4185770.3, 3127536.1 ], [ 4185822.2, 3127577.2 ], [ 4185789.8, 3127636.3 ], [ 4185757.8, 3127647.1 ], [ 4185629.2, 3127641.0 ], [ 4185508.0, 3127677.2 ], [ 4185419.0, 3127670.4 ], [ 4185319.9, 3127684.7 ], [ 4185272.6, 3127704.4 ], [ 4185269.1, 3127725.5 ], [ 4185369.9, 3128023.6 ], [ 4185375.9, 3128074.6 ], [ 4185391.5, 3128087.3 ], [ 4185440.2, 3128082.7 ], [ 4185462.8, 3128088.1 ], [ 4185588.9, 3128167.8 ], [ 4185609.4, 3128161.0 ], [ 4185687.6, 3128182.5 ], [ 4185785.9, 3128191.3 ], [ 4185906.4, 3128183.4 ], [ 4185982.6, 3128187.4 ], [ 4186047.6, 3128213.6 ], [ 4186073.6, 3128242.8 ], [ 4186076.1, 3128293.2 ], [ 4186030.4, 3128371.9 ], [ 4185991.4, 3128492.6 ], [ 4185959.6, 3128720.0 ], [ 4185967.3, 3128846.4 ], [ 4185995.8, 3128923.1 ], [ 4186007.9, 3128930.4 ], [ 4186029.9, 3128929.0 ], [ 4186068.0, 3129069.0 ], [ 4186054.5, 3129092.6 ], [ 4186019.2, 3129094.3 ], [ 4186004.0, 3129093.8 ], [ 4186004.3, 3129072.8 ], [ 4185987.5, 3129055.6 ], [ 4185973.0, 3129054.4 ], [ 4185958.9, 3129065.7 ], [ 4185939.1, 3129137.2 ], [ 4185939.3, 3129181.2 ], [ 4185951.9, 3129196.4 ], [ 4185927.4, 3129227.5 ], [ 4185908.7, 3129278.3 ], [ 4185797.2, 3129428.2 ], [ 4185707.2, 3129621.2 ], [ 4185708.9, 3129737.3 ], [ 4185643.2, 3129951.1 ], [ 4185636.8, 3130010.4 ], [ 4185652.6, 3130073.7 ], [ 4185702.0, 3130129.7 ], [ 4185693.8, 3130173.1 ], [ 4185687.2, 3130357.8 ], [ 4185712.3, 3130517.7 ], [ 4185726.9, 3130528.2 ], [ 4185757.6, 3130527.3 ], [ 4185778.1, 3130570.8 ], [ 4185800.5, 3130593.0 ], [ 4185904.8, 3130629.4 ], [ 4185946.7, 3130679.3 ], [ 4185931.6, 3130709.6 ], [ 4185933.4, 3130727.1 ], [ 4185987.6, 3130765.1 ], [ 4186021.9, 3130783.3 ], [ 4186197.9, 3130819.8 ], [ 4186182.6, 3130888.9 ], [ 4185865.9, 3130870.1 ], [ 4185807.9, 3130846.3 ], [ 4185808.3, 3130827.0 ], [ 4185795.6, 3130814.9 ], [ 4185746.6, 3130812.7 ], [ 4185703.1, 3130827.3 ], [ 4185659.3, 3130787.8 ], [ 4185617.2, 3130799.4 ], [ 4185586.8, 3130824.6 ], [ 4185549.5, 3130841.4 ], [ 4185454.0, 3131093.5 ], [ 4185324.4, 3131356.5 ], [ 4185303.1, 3131428.8 ], [ 4185322.8, 3131594.3 ], [ 4185293.2, 3131915.8 ], [ 4185296.9, 3132046.2 ], [ 4185316.1, 3132112.3 ], [ 4185398.9, 3132226.6 ], [ 4185404.3, 3132254.6 ], [ 4185398.3, 3132299.6 ], [ 4185413.3, 3132315.6 ], [ 4185434.7, 3132310.6 ], [ 4185478.6, 3132247.6 ], [ 4185581.9, 3132186.2 ], [ 4185736.0, 3132067.7 ], [ 4185790.7, 3132013.1 ], [ 4185805.0, 3131974.6 ], [ 4185812.3, 3131912.4 ], [ 4185800.4, 3131809.0 ], [ 4185803.9, 3131773.0 ], [ 4185831.5, 3131729.7 ], [ 4185918.2, 3131677.2 ], [ 4185920.8, 3131650.0 ], [ 4185906.0, 3131603.5 ], [ 4185917.8, 3131582.0 ], [ 4186245.0, 3131468.8 ], [ 4186251.9, 3131504.7 ], [ 4186267.0, 3131518.5 ], [ 4186335.7, 3131519.7 ], [ 4186414.1, 3131507.9 ], [ 4186453.0, 3131487.1 ], [ 4186529.1, 3131424.1 ], [ 4186591.2, 3131453.6 ], [ 4186663.5, 3131450.9 ], [ 4186783.6, 3131493.7 ], [ 4186879.1, 3131562.3 ], [ 4186934.8, 3131574.8 ], [ 4186967.4, 3131593.5 ], [ 4186985.4, 3131592.3 ], [ 4186995.3, 3131581.6 ], [ 4186992.2, 3131552.9 ], [ 4186958.6, 3131514.2 ], [ 4186895.8, 3131456.6 ], [ 4186825.0, 3131411.5 ], [ 4186824.8, 3131353.1 ], [ 4186894.3, 3131324.5 ], [ 4186904.3, 3131310.7 ], [ 4186915.0, 3131146.4 ], [ 4186902.1, 3131131.3 ], [ 4186845.5, 3131117.5 ], [ 4186859.5, 3131058.4 ], [ 4186890.4, 3130984.6 ], [ 4186903.6, 3130970.0 ], [ 4186915.7, 3130897.4 ], [ 4186900.7, 3130879.6 ], [ 4186865.9, 3130878.8 ], [ 4186859.6, 3130792.6 ], [ 4186883.8, 3130738.7 ], [ 4186883.9, 3130711.5 ], [ 4186823.9, 3130590.0 ], [ 4186729.0, 3130429.8 ], [ 4186908.1, 3130321.8 ], [ 4187003.2, 3130325.3 ], [ 4187085.2, 3130318.3 ], [ 4187131.4, 3130327.5 ], [ 4187149.8, 3130318.7 ], [ 4187162.7, 3130292.4 ], [ 4187157.6, 3130275.9 ], [ 4187084.4, 3130236.2 ], [ 4187122.5, 3130172.9 ], [ 4187116.5, 3130148.4 ], [ 4186901.3, 3130137.5 ], [ 4186897.3, 3130079.9 ], [ 4186927.6, 3130030.5 ], [ 4186924.8, 3130003.5 ], [ 4187091.0, 3130003.2 ], [ 4187107.0, 3129996.3 ], [ 4187136.0, 3129905.3 ], [ 4187240.6, 3129683.6 ], [ 4187227.0, 3129667.1 ], [ 4187124.9, 3129627.0 ], [ 4187101.1, 3129594.6 ], [ 4187064.1, 3129576.2 ], [ 4187048.4, 3129589.6 ], [ 4187039.6, 3129646.2 ], [ 4186984.8, 3129738.1 ], [ 4186908.7, 3129794.4 ], [ 4186845.5, 3129733.1 ], [ 4186827.8, 3129729.8 ], [ 4186687.1, 3129827.7 ], [ 4186663.1, 3129821.0 ], [ 4186647.8, 3129838.5 ], [ 4186531.1, 3129778.8 ], [ 4186502.4, 3129776.3 ], [ 4186472.1, 3129799.6 ], [ 4186462.9, 3129697.7 ], [ 4186469.8, 3129555.8 ], [ 4186486.9, 3129539.1 ], [ 4186491.3, 3129468.8 ], [ 4186535.1, 3129407.7 ], [ 4186558.5, 3129444.0 ], [ 4186578.7, 3129448.4 ], [ 4186624.6, 3129394.6 ], [ 4186661.1, 3129382.7 ], [ 4186757.2, 3129422.6 ], [ 4186773.2, 3129422.9 ], [ 4186790.8, 3129451.2 ], [ 4186803.5, 3129458.4 ], [ 4186826.0, 3129448.4 ], [ 4186830.7, 3129409.3 ], [ 4186898.7, 3129422.5 ], [ 4187024.1, 3129475.8 ], [ 4187047.0, 3129467.3 ], [ 4187056.1, 3129435.2 ], [ 4187103.9, 3129463.7 ], [ 4187128.1, 3129457.7 ], [ 4187133.6, 3129443.9 ], [ 4187126.6, 3129387.8 ], [ 4187152.5, 3129316.7 ], [ 4187232.6, 3129235.7 ], [ 4187323.1, 3129166.0 ], [ 4187406.2, 3129041.6 ], [ 4187422.7, 3128940.1 ], [ 4187426.7, 3128732.0 ], [ 4187472.4, 3128659.4 ], [ 4187449.3, 3128608.5 ], [ 4187401.8, 3128539.6 ], [ 4187399.7, 3128518.8 ], [ 4187413.8, 3128459.6 ], [ 4187459.9, 3128367.5 ], [ 4187443.9, 3128333.5 ], [ 4187546.6, 3128220.1 ], [ 4187549.1, 3128199.5 ], [ 4187533.2, 3128186.0 ], [ 4187487.5, 3128191.3 ], [ 4187450.0, 3128247.8 ], [ 4187420.7, 3128222.2 ], [ 4187394.7, 3128218.1 ], [ 4187358.3, 3128173.5 ], [ 4187354.8, 3128148.7 ], [ 4187268.3, 3128056.1 ], [ 4187258.1, 3128024.9 ], [ 4187218.5, 3128018.6 ], [ 4187194.9, 3128027.4 ], [ 4187142.9, 3127982.8 ], [ 4187152.7, 3127932.3 ], [ 4187138.6, 3127884.8 ], [ 4187075.4, 3127817.8 ], [ 4187016.3, 3127794.1 ], [ 4187054.7, 3127730.3 ], [ 4187050.9, 3127706.0 ], [ 4186896.9, 3127622.9 ], [ 4186874.7, 3127627.4 ], [ 4186785.7, 3127594.8 ], [ 4186736.6, 3127643.5 ], [ 4186691.5, 3127594.7 ], [ 4186613.7, 3127564.9 ], [ 4186601.0, 3127547.3 ], [ 4186481.7, 3127559.2 ], [ 4186472.6, 3127541.4 ], [ 4186455.8, 3127536.9 ], [ 4186222.0, 3127638.3 ], [ 4186146.4, 3127688.6 ], [ 4186158.0, 3127672.0 ], [ 4186195.0, 3127647.9 ], [ 4186356.9, 3127576.8 ], [ 4186414.1, 3127543.6 ], [ 4186547.9, 3127507.4 ], [ 4186614.0, 3127471.3 ], [ 4186617.1, 3127430.6 ], [ 4186573.9, 3127366.6 ], [ 4186373.7, 3127258.3 ], [ 4186268.2, 3127220.4 ], [ 4186247.4, 3127223.8 ], [ 4186239.5, 3127235.8 ], [ 4186232.5, 3127294.4 ], [ 4186314.1, 3127342.7 ], [ 4186297.0, 3127383.1 ], [ 4186183.9, 3127389.5 ], [ 4185940.5, 3127279.3 ], [ 4185936.0, 3127242.9 ], [ 4185972.5, 3127227.2 ], [ 4185979.3, 3127207.6 ], [ 4185929.0, 3127128.6 ], [ 4185909.6, 3127119.3 ], [ 4185878.1, 3127133.8 ], [ 4185874.5, 3127164.1 ], [ 4185857.9, 3127189.6 ], [ 4185872.3, 3127219.2 ], [ 4185822.1, 3127277.0 ], [ 4185793.6, 3127245.1 ], [ 4185731.3, 3127211.3 ], [ 4185714.6, 3127218.6 ], [ 4185673.5, 3127283.1 ], [ 4185654.6, 3127287.8 ], [ 4185629.9, 3127315.5 ], [ 4185544.1, 3127257.5 ], [ 4185529.8, 3127254.9 ], [ 4185503.5, 3127264.9 ], [ 4185479.5, 3127254.5 ], [ 4185452.4, 3127232.2 ], [ 4185447.0, 3127211.5 ], [ 4185449.8, 3127203.8 ], [ 4185483.7, 3127219.8 ], [ 4185502.2, 3127210.3 ], [ 4185511.6, 3127111.3 ], [ 4185496.8, 3127101.3 ], [ 4185400.7, 3127099.7 ], [ 4185387.2, 3127089.4 ], [ 4185354.9, 3127090.0 ], [ 4185326.2, 3127049.4 ], [ 4185317.2, 3126991.4 ], [ 4185394.2, 3126963.6 ], [ 4185404.7, 3126948.4 ], [ 4185402.0, 3126932.2 ], [ 4185467.0, 3126900.2 ], [ 4185487.2, 3126901.3 ], [ 4185508.2, 3126882.6 ], [ 4185526.7, 3126904.9 ], [ 4185543.4, 3126908.3 ], [ 4185589.6, 3126889.4 ], [ 4185596.8, 3126868.9 ], [ 4185501.2, 3126721.7 ], [ 4185365.5, 3126544.4 ], [ 4185331.2, 3126516.5 ], [ 4185314.8, 3126512.9 ], [ 4185265.9, 3126557.5 ], [ 4185213.3, 3126514.5 ], [ 4185093.8, 3126454.2 ], [ 4185023.8, 3126371.7 ], [ 4185007.4, 3126364.9 ], [ 4184969.9, 3126371.1 ], [ 4184925.2, 3126404.8 ], [ 4184923.0, 3126426.7 ], [ 4184886.4, 3126512.6 ], [ 4184878.3, 3126565.5 ], [ 4184872.7, 3126564.2 ], [ 4184879.4, 3126525.2 ], [ 4184875.6, 3126487.7 ], [ 4184865.5, 3126477.9 ], [ 4184817.7, 3126463.6 ], [ 4184799.7, 3126428.0 ], [ 4184779.9, 3126419.0 ], [ 4184764.4, 3126375.6 ], [ 4184709.0, 3126323.6 ], [ 4184717.6, 3126300.3 ], [ 4184708.3, 3126281.9 ], [ 4184642.6, 3126277.5 ], [ 4184592.6, 3126290.1 ], [ 4184573.9, 3126303.1 ], [ 4184560.5, 3126268.9 ], [ 4184585.5, 3126240.6 ], [ 4184682.7, 3126187.7 ], [ 4184768.9, 3126196.5 ], [ 4184882.2, 3126190.6 ], [ 4184898.5, 3126182.4 ], [ 4184906.8, 3126074.7 ], [ 4184900.6, 3126009.3 ], [ 4184889.4, 3125984.8 ], [ 4184870.6, 3125977.3 ], [ 4184828.2, 3125933.7 ], [ 4184798.3, 3125930.0 ], [ 4184743.2, 3125891.1 ], [ 4184728.3, 3125892.0 ], [ 4184716.0, 3125905.7 ], [ 4184720.7, 3125927.0 ], [ 4184817.9, 3126033.8 ], [ 4184811.3, 3126073.4 ], [ 4184616.4, 3126052.3 ], [ 4184582.6, 3126068.5 ], [ 4184567.7, 3126031.9 ], [ 4184440.7, 3125898.7 ], [ 4184445.6, 3125824.3 ], [ 4184436.3, 3125806.2 ], [ 4184420.5, 3125798.7 ], [ 4184435.0, 3125774.6 ], [ 4184428.1, 3125742.9 ], [ 4184390.8, 3125728.5 ], [ 4184369.5, 3125739.8 ], [ 4184374.0, 3125768.3 ], [ 4184394.4, 3125795.5 ], [ 4184408.8, 3125801.6 ], [ 4184383.5, 3125818.2 ], [ 4184336.0, 3125791.0 ], [ 4184236.1, 3125711.6 ], [ 4184202.9, 3125695.5 ], [ 4184200.0, 3125665.4 ], [ 4184213.1, 3125653.1 ], [ 4184213.9, 3125638.6 ], [ 4184177.9, 3125601.0 ], [ 4184148.5, 3125602.0 ], [ 4184066.4, 3125670.3 ], [ 4184057.1, 3125643.9 ], [ 4184032.4, 3125638.8 ], [ 4183927.5, 3125706.9 ], [ 4183898.7, 3125675.0 ], [ 4183817.8, 3125636.4 ], [ 4183791.9, 3125589.4 ], [ 4183771.2, 3125568.1 ], [ 4183752.9, 3125569.3 ], [ 4183741.9, 3125584.0 ], [ 4183757.9, 3125644.8 ], [ 4183629.7, 3125642.1 ], [ 4183590.0, 3125623.7 ], [ 4183586.5, 3125599.4 ], [ 4183549.6, 3125581.4 ], [ 4183530.0, 3125585.5 ], [ 4183479.7, 3125575.8 ], [ 4183437.8, 3125554.8 ], [ 4183423.3, 3125559.0 ], [ 4183413.8, 3125573.2 ], [ 4183370.9, 3125519.2 ], [ 4183317.3, 3125528.4 ], [ 4183295.0, 3125522.6 ], [ 4183287.7, 3125509.5 ], [ 4183296.4, 3125493.2 ], [ 4183289.6, 3125476.1 ], [ 4183262.3, 3125457.6 ], [ 4183164.3, 3125418.1 ], [ 4183121.4, 3125371.0 ], [ 4183170.2, 3125253.2 ], [ 4183183.2, 3125245.6 ], [ 4183188.3, 3125231.6 ], [ 4183115.9, 3125123.9 ], [ 4183092.8, 3125119.9 ], [ 4183021.9, 3125155.5 ], [ 4182994.8, 3125113.5 ], [ 4182980.9, 3125105.1 ], [ 4182980.5, 3125093.7 ], [ 4183003.2, 3125064.2 ], [ 4182997.4, 3125044.4 ], [ 4182867.3, 3124997.9 ], [ 4182787.2, 3124947.5 ], [ 4182703.1, 3124856.7 ], [ 4182652.5, 3124766.7 ], [ 4182627.9, 3124763.4 ], [ 4182603.2, 3124748.8 ], [ 4182576.6, 3124749.1 ], [ 4182470.5, 3124720.3 ], [ 4182437.6, 3124704.5 ], [ 4182390.5, 3124698.7 ], [ 4182333.2, 3124649.8 ], [ 4182353.3, 3124631.5 ], [ 4182436.7, 3124598.9 ], [ 4182465.7, 3124578.2 ], [ 4182560.9, 3124544.0 ], [ 4182570.4, 3124521.8 ], [ 4182547.0, 3124489.3 ], [ 4182405.3, 3124410.1 ], [ 4182332.3, 3124351.5 ], [ 4182288.0, 3124329.3 ], [ 4182227.5, 3124318.3 ], [ 4182052.1, 3124321.4 ], [ 4181968.5, 3124309.6 ], [ 4181883.3, 3124276.6 ], [ 4181786.3, 3124200.6 ], [ 4181746.9, 3124154.2 ], [ 4181708.9, 3124086.7 ], [ 4181649.4, 3123929.0 ], [ 4181617.9, 3123880.6 ], [ 4181611.5, 3123816.0 ], [ 4181469.8, 3123374.9 ], [ 4181462.8, 3123308.9 ], [ 4181473.7, 3123217.4 ], [ 4181458.1, 3123197.5 ], [ 4181455.7, 3123140.6 ], [ 4181418.0, 3123099.8 ], [ 4181394.2, 3123101.1 ], [ 4181382.2, 3123092.0 ], [ 4181363.4, 3123059.7 ], [ 4181329.7, 3123031.3 ], [ 4181302.7, 3122978.1 ], [ 4181272.0, 3122976.9 ], [ 4181223.9, 3123010.2 ], [ 4181181.2, 3122933.3 ], [ 4181166.4, 3122930.8 ], [ 4181105.3, 3122953.2 ], [ 4181080.0, 3122913.5 ], [ 4181021.8, 3122773.3 ], [ 4180846.2, 3122539.6 ], [ 4180827.0, 3122498.5 ], [ 4180825.4, 3122492.1 ], [ 4180890.7, 3122533.8 ], [ 4181004.2, 3122644.5 ], [ 4181055.9, 3122674.9 ], [ 4181085.9, 3122709.4 ], [ 4181114.1, 3122765.9 ], [ 4181137.4, 3122771.8 ], [ 4181329.5, 3122617.5 ], [ 4181270.3, 3122418.4 ], [ 4181266.1, 3122316.2 ], [ 4181252.1, 3122304.3 ], [ 4181234.0, 3122307.2 ], [ 4181157.6, 3122379.4 ], [ 4181154.6, 3122400.3 ], [ 4181172.8, 3122424.4 ], [ 4181126.2, 3122483.9 ], [ 4181128.6, 3122498.6 ], [ 4181151.5, 3122527.6 ], [ 4181178.6, 3122533.2 ], [ 4181221.5, 3122597.0 ], [ 4181208.6, 3122615.0 ], [ 4181215.8, 3122635.8 ], [ 4181193.1, 3122651.2 ], [ 4181171.8, 3122636.5 ], [ 4181143.7, 3122648.3 ], [ 4181067.6, 3122536.6 ], [ 4181075.6, 3122507.6 ], [ 4181049.2, 3122468.9 ], [ 4181089.8, 3122431.8 ], [ 4181094.4, 3122415.1 ], [ 4181078.2, 3122365.9 ], [ 4181067.0, 3122357.7 ], [ 4181048.2, 3122358.4 ], [ 4181043.2, 3122310.1 ], [ 4181089.1, 3122320.3 ], [ 4181105.5, 3122314.3 ], [ 4181112.1, 3122301.8 ], [ 4181111.5, 3122236.8 ], [ 4181104.3, 3122220.8 ], [ 4181035.6, 3122177.5 ], [ 4180913.5, 3122165.1 ], [ 4180821.1, 3122166.9 ], [ 4180808.3, 3122180.0 ], [ 4180798.5, 3122232.9 ], [ 4180667.3, 3122240.5 ], [ 4180646.7, 3122270.3 ], [ 4180592.8, 3122318.8 ], [ 4180564.3, 3122327.8 ], [ 4180546.9, 3122346.8 ], [ 4180532.2, 3122327.9 ], [ 4180511.6, 3122331.1 ], [ 4180477.9, 3122398.8 ], [ 4180299.6, 3122200.7 ], [ 4180285.1, 3122170.0 ], [ 4180331.7, 3122120.2 ], [ 4180331.7, 3122102.7 ], [ 4180308.6, 3122065.9 ], [ 4180362.0, 3121996.4 ], [ 4180384.4, 3121932.7 ], [ 4180350.6, 3121874.9 ], [ 4180284.7, 3121849.3 ], [ 4180281.1, 3121824.5 ], [ 4180320.1, 3121649.0 ], [ 4180210.2, 3121554.8 ], [ 4180281.7, 3121478.5 ], [ 4180291.1, 3121415.8 ], [ 4180301.6, 3121403.0 ], [ 4180434.2, 3121370.4 ], [ 4180470.5, 3121375.3 ], [ 4180482.1, 3121366.9 ], [ 4180485.7, 3121349.6 ], [ 4180468.9, 3121279.1 ], [ 4180451.8, 3121266.9 ], [ 4180434.8, 3121272.1 ], [ 4180410.3, 3121298.8 ], [ 4180385.4, 3121277.7 ], [ 4180365.1, 3121279.0 ], [ 4180311.8, 3121339.9 ], [ 4180265.1, 3121307.5 ], [ 4180246.9, 3121307.4 ], [ 4180169.9, 3121413.6 ], [ 4180110.4, 3121554.3 ], [ 4180032.6, 3121877.5 ], [ 4179983.9, 3121956.7 ], [ 4179870.7, 3122085.4 ], [ 4179872.0, 3122106.4 ], [ 4179910.1, 3122141.2 ], [ 4179888.8, 3122184.7 ], [ 4179842.4, 3122209.2 ], [ 4179776.5, 3122221.3 ], [ 4179752.8, 3122240.4 ], [ 4179722.5, 3122208.5 ], [ 4179704.6, 3122206.4 ], [ 4179660.7, 3122226.4 ], [ 4179649.8, 3122264.0 ], [ 4179707.3, 3122422.4 ], [ 4179750.3, 3122443.1 ], [ 4179782.2, 3122492.0 ], [ 4179771.0, 3122510.7 ], [ 4179775.8, 3122530.7 ], [ 4179849.9, 3122589.1 ], [ 4179873.3, 3122581.2 ], [ 4179902.1, 3122531.3 ], [ 4179969.5, 3122575.2 ], [ 4180012.4, 3122583.6 ], [ 4180018.0, 3122596.5 ], [ 4180033.9, 3122603.8 ], [ 4180075.0, 3122586.4 ], [ 4180120.3, 3122587.0 ], [ 4180243.3, 3122562.3 ], [ 4180297.7, 3122546.3 ], [ 4180357.0, 3122515.1 ], [ 4180375.1, 3122519.0 ], [ 4180409.5, 3122506.1 ], [ 4180383.8, 3122546.0 ], [ 4180275.1, 3122595.4 ], [ 4180164.9, 3122639.1 ], [ 4180031.1, 3122668.5 ], [ 4180043.7, 3122639.2 ], [ 4180033.1, 3122608.8 ], [ 4180012.2, 3122606.8 ], [ 4179999.5, 3122621.3 ], [ 4179911.4, 3122579.8 ], [ 4179893.4, 3122579.5 ], [ 4179880.3, 3122596.3 ], [ 4179887.6, 3122616.3 ], [ 4179983.4, 3122670.9 ], [ 4179953.7, 3122707.6 ], [ 4179957.6, 3122759.1 ], [ 4179939.0, 3122762.1 ], [ 4179890.3, 3122693.6 ], [ 4179869.5, 3122688.3 ], [ 4179856.0, 3122697.4 ], [ 4179819.3, 3122773.8 ], [ 4179769.8, 3122759.1 ], [ 4179718.9, 3122762.1 ], [ 4179682.0, 3122804.1 ], [ 4179647.8, 3122813.3 ], [ 4179554.0, 3122816.8 ], [ 4179496.1, 3122842.5 ], [ 4179425.2, 3122896.4 ], [ 4179419.4, 3122918.1 ], [ 4179429.1, 3122977.8 ], [ 4179401.8, 3123076.1 ], [ 4179398.2, 3123165.8 ], [ 4179413.6, 3123208.3 ], [ 4179418.3, 3123262.2 ], [ 4179445.2, 3123305.4 ], [ 4179448.9, 3123324.5 ], [ 4179474.8, 3123350.1 ], [ 4179510.6, 3123447.9 ], [ 4179462.8, 3123470.3 ], [ 4179397.6, 3123404.5 ], [ 4179376.4, 3123406.2 ], [ 4179366.6, 3123425.1 ], [ 4179398.7, 3123485.2 ], [ 4179445.9, 3123549.1 ], [ 4179485.7, 3123640.3 ], [ 4179493.7, 3123717.6 ], [ 4179471.9, 3123800.9 ], [ 4179379.2, 3123931.1 ], [ 4179336.5, 3123978.1 ], [ 4179057.2, 3124213.4 ], [ 4178917.9, 3124292.6 ], [ 4178912.4, 3124309.2 ], [ 4178918.1, 3124322.2 ], [ 4178985.0, 3124358.7 ], [ 4179002.1, 3124354.6 ], [ 4179037.5, 3124317.7 ], [ 4179077.4, 3124380.0 ], [ 4179069.6, 3124394.9 ], [ 4179073.1, 3124410.7 ], [ 4178967.6, 3124529.5 ], [ 4178939.1, 3124576.3 ], [ 4178914.4, 3124642.1 ], [ 4178879.0, 3124697.0 ], [ 4178814.0, 3124785.7 ], [ 4178752.3, 3124850.7 ], [ 4178756.4, 3124789.3 ], [ 4178734.8, 3124746.0 ], [ 4178711.6, 3124726.9 ], [ 4178688.2, 3124732.0 ], [ 4178519.8, 3124954.3 ], [ 4178494.5, 3124972.9 ], [ 4178458.5, 3125018.1 ], [ 4178450.9, 3125056.1 ], [ 4178462.2, 3125101.7 ], [ 4178447.3, 3125133.1 ], [ 4178468.1, 3125154.4 ], [ 4178493.8, 3125142.8 ], [ 4178554.6, 3125159.9 ], [ 4178680.3, 3125174.0 ], [ 4178774.6, 3125202.0 ], [ 4178819.9, 3125224.0 ], [ 4178918.2, 3125310.8 ], [ 4178932.8, 3125313.1 ], [ 4178946.8, 3125305.1 ], [ 4178969.8, 3125350.7 ], [ 4179000.5, 3125387.0 ], [ 4179010.2, 3125419.0 ], [ 4179030.0, 3125448.1 ], [ 4179097.2, 3125517.7 ], [ 4179167.2, 3125559.2 ], [ 4179241.5, 3125629.1 ], [ 4179297.2, 3125717.4 ], [ 4179365.2, 3125775.4 ], [ 4179435.1, 3125866.0 ], [ 4179467.0, 3125869.7 ], [ 4179480.8, 3125863.8 ], [ 4179494.4, 3125800.6 ], [ 4179487.2, 3125776.0 ], [ 4179467.0, 3125768.7 ], [ 4179442.7, 3125703.2 ], [ 4179518.8, 3125691.9 ], [ 4179529.3, 3125710.9 ], [ 4179557.4, 3125720.0 ], [ 4179572.6, 3125704.6 ], [ 4179568.4, 3125676.5 ], [ 4179597.1, 3125654.2 ], [ 4179593.0, 3125581.7 ], [ 4179570.5, 3125519.2 ], [ 4179569.5, 3125485.4 ], [ 4179575.7, 3125486.1 ], [ 4179603.9, 3125612.8 ], [ 4179625.3, 3125625.3 ], [ 4179645.6, 3125606.3 ], [ 4179635.0, 3125537.3 ], [ 4179921.6, 3125577.0 ], [ 4179927.3, 3125596.4 ], [ 4179946.4, 3125605.1 ], [ 4179991.8, 3125594.4 ], [ 4180023.5, 3125576.8 ], [ 4180032.9, 3125566.1 ], [ 4180033.7, 3125547.1 ], [ 4180127.6, 3125482.6 ], [ 4180132.1, 3125517.3 ], [ 4180143.3, 3125530.8 ], [ 4180157.4, 3125532.8 ], [ 4180203.8, 3125515.8 ], [ 4180225.5, 3125572.2 ], [ 4180239.9, 3125581.5 ], [ 4180255.1, 3125579.3 ], [ 4180292.1, 3125632.7 ], [ 4180298.4, 3125646.3 ], [ 4180289.7, 3125671.5 ], [ 4180309.4, 3125713.6 ], [ 4180323.8, 3125724.1 ], [ 4180344.0, 3125718.0 ], [ 4180350.0, 3125694.0 ], [ 4180381.5, 3125691.7 ], [ 4180389.5, 3125708.5 ], [ 4180407.4, 3125713.1 ], [ 4180572.4, 3125670.0 ], [ 4180637.9, 3125661.8 ], [ 4180649.8, 3125654.7 ], [ 4180655.1, 3125638.5 ], [ 4180783.3, 3125631.9 ], [ 4180895.1, 3125610.1 ], [ 4180967.1, 3125617.3 ], [ 4180967.1, 3125667.1 ], [ 4180984.1, 3125698.5 ], [ 4181071.0, 3125706.6 ], [ 4181104.7, 3125729.4 ], [ 4181128.3, 3125728.6 ], [ 4181143.9, 3125761.3 ], [ 4181141.5, 3125783.5 ], [ 4181082.7, 3125922.4 ], [ 4181086.3, 3125794.3 ], [ 4181077.1, 3125732.8 ], [ 4181063.5, 3125718.3 ], [ 4181034.2, 3125716.5 ], [ 4181006.2, 3125725.3 ], [ 4180886.4, 3125797.6 ], [ 4180769.6, 3125829.6 ], [ 4180583.1, 3125858.0 ], [ 4180437.0, 3125925.3 ], [ 4180425.8, 3125944.2 ], [ 4180432.3, 3126037.6 ], [ 4180422.3, 3126062.7 ], [ 4180407.4, 3126072.9 ], [ 4180376.1, 3126062.0 ], [ 4180341.7, 3125993.2 ], [ 4180205.8, 3125954.6 ], [ 4180206.7, 3125938.3 ], [ 4180195.0, 3125925.2 ], [ 4180035.1, 3125910.2 ], [ 4179997.7, 3125914.9 ], [ 4179942.1, 3125937.0 ], [ 4179871.9, 3125944.2 ], [ 4179828.2, 3125979.1 ], [ 4179824.3, 3126000.2 ], [ 4179847.2, 3126029.7 ], [ 4179809.8, 3126062.2 ], [ 4179796.4, 3126093.5 ], [ 4179809.7, 3126133.6 ], [ 4179846.2, 3126147.8 ], [ 4179865.5, 3126169.1 ], [ 4179843.4, 3126178.4 ], [ 4179821.6, 3126176.2 ], [ 4179788.2, 3126193.1 ], [ 4179761.2, 3126189.6 ], [ 4179691.0, 3126157.3 ], [ 4179626.9, 3126157.2 ], [ 4179621.9, 3126137.8 ], [ 4179607.5, 3126128.7 ], [ 4179539.5, 3126136.8 ], [ 4179540.2, 3126099.2 ], [ 4179530.2, 3126084.3 ], [ 4179453.4, 3126075.0 ], [ 4179413.0, 3126078.6 ], [ 4179402.0, 3126048.1 ], [ 4179369.7, 3126044.1 ], [ 4179353.7, 3126067.2 ], [ 4179357.6, 3126081.6 ], [ 4179369.8, 3126090.2 ], [ 4179369.1, 3126132.4 ], [ 4179354.4, 3126143.1 ], [ 4179348.2, 3126166.6 ], [ 4179321.0, 3126176.4 ], [ 4179312.2, 3126190.5 ], [ 4179312.7, 3126224.3 ], [ 4179324.6, 3126261.6 ], [ 4179377.5, 3126311.9 ], [ 4179399.1, 3126312.8 ], [ 4179485.6, 3126398.3 ], [ 4179493.4, 3126415.9 ], [ 4179578.5, 3126479.3 ], [ 4179733.2, 3126535.4 ], [ 4179786.8, 3126545.0 ], [ 4179781.0, 3126560.3 ], [ 4179771.3, 3126564.4 ], [ 4179632.8, 3126559.1 ], [ 4179562.5, 3126568.5 ], [ 4179538.5, 3126517.3 ], [ 4179302.7, 3126352.1 ], [ 4179281.3, 3126352.5 ], [ 4179240.7, 3126391.5 ], [ 4179229.7, 3126384.5 ], [ 4179255.5, 3126356.1 ], [ 4179275.1, 3126315.5 ], [ 4179266.9, 3126246.7 ], [ 4179211.7, 3126232.4 ], [ 4179200.8, 3126209.9 ], [ 4179218.9, 3126141.2 ], [ 4179201.6, 3126047.2 ], [ 4179211.6, 3126034.3 ], [ 4179209.3, 3126011.6 ], [ 4179180.2, 3125982.6 ], [ 4179158.3, 3125982.3 ], [ 4179144.3, 3125998.8 ], [ 4179149.6, 3126039.0 ], [ 4179083.2, 3125971.7 ], [ 4179132.1, 3125931.2 ], [ 4179137.3, 3125955.9 ], [ 4179150.8, 3125966.8 ], [ 4179183.7, 3125955.1 ], [ 4179200.1, 3125963.9 ], [ 4179216.3, 3125959.2 ], [ 4179227.4, 3125946.0 ], [ 4179220.5, 3125922.6 ], [ 4179233.6, 3125906.7 ], [ 4179233.0, 3125888.1 ], [ 4179137.6, 3125813.6 ], [ 4179119.8, 3125813.8 ], [ 4179093.5, 3125834.1 ], [ 4179018.4, 3125761.8 ], [ 4179001.3, 3125759.2 ], [ 4178982.4, 3125770.2 ], [ 4178968.6, 3125737.0 ], [ 4178984.2, 3125719.5 ], [ 4178984.9, 3125701.9 ], [ 4178938.8, 3125648.5 ], [ 4178932.6, 3125634.3 ], [ 4178936.7, 3125608.4 ], [ 4178861.1, 3125486.2 ], [ 4178828.7, 3125375.8 ], [ 4178799.1, 3125307.1 ], [ 4178720.4, 3125257.7 ], [ 4178624.8, 3125250.3 ], [ 4178611.4, 3125262.7 ], [ 4178609.0, 3125283.8 ], [ 4178587.8, 3125295.0 ], [ 4178584.9, 3125309.5 ], [ 4178506.1, 3125312.2 ], [ 4178486.5, 3125338.1 ], [ 4178433.5, 3125348.0 ], [ 4178397.3, 3125374.6 ], [ 4178400.2, 3125399.2 ], [ 4178434.5, 3125419.9 ], [ 4178423.9, 3125495.5 ], [ 4178435.0, 3125528.8 ], [ 4178465.3, 3125569.1 ], [ 4178410.8, 3125611.1 ], [ 4178410.8, 3125634.8 ], [ 4178391.9, 3125694.6 ], [ 4178430.2, 3125743.1 ], [ 4178467.9, 3125815.9 ], [ 4178484.9, 3125822.3 ], [ 4178509.7, 3125812.9 ], [ 4178530.6, 3125853.6 ], [ 4178584.4, 3125910.6 ], [ 4178569.7, 3125930.1 ], [ 4178576.9, 3125951.1 ], [ 4178659.3, 3126017.2 ], [ 4178692.7, 3126070.0 ], [ 4178692.1, 3126108.6 ], [ 4178669.5, 3126206.0 ], [ 4178622.7, 3126356.4 ], [ 4178617.3, 3126433.4 ], [ 4178639.7, 3126567.6 ], [ 4178674.0, 3126655.1 ], [ 4178670.0, 3126761.8 ], [ 4178719.8, 3126868.1 ], [ 4178719.8, 3126897.4 ], [ 4178692.9, 3126912.0 ], [ 4178666.3, 3126906.0 ], [ 4178597.9, 3126852.7 ], [ 4178537.5, 3126789.9 ], [ 4178516.7, 3126780.4 ], [ 4178488.4, 3126800.3 ], [ 4178450.2, 3126893.8 ], [ 4178408.6, 3126924.4 ], [ 4178405.8, 3126939.1 ], [ 4178415.7, 3126959.6 ], [ 4178353.7, 3126956.5 ], [ 4178309.2, 3126911.3 ], [ 4178167.3, 3126853.0 ], [ 4178105.9, 3126844.3 ], [ 4178035.8, 3126850.5 ], [ 4177978.1, 3126869.9 ], [ 4177933.6, 3126900.5 ], [ 4177891.8, 3126953.5 ], [ 4177848.4, 3127038.7 ], [ 4177768.3, 3127080.6 ], [ 4177761.2, 3127103.9 ], [ 4177779.9, 3127119.5 ], [ 4177884.2, 3127114.6 ], [ 4177941.4, 3127030.1 ], [ 4177982.4, 3126986.6 ], [ 4178035.1, 3126957.9 ], [ 4178074.1, 3126957.6 ], [ 4178119.6, 3126985.0 ], [ 4178319.7, 3127246.3 ], [ 4178342.4, 3127247.2 ], [ 4178413.2, 3127218.0 ], [ 4178455.8, 3127217.3 ], [ 4178492.3, 3127232.3 ], [ 4178636.5, 3127327.5 ], [ 4178681.4, 3127392.9 ], [ 4178773.7, 3127372.3 ], [ 4178846.1, 3127386.4 ], [ 4178899.5, 3127381.0 ], [ 4178994.3, 3127400.9 ], [ 4179110.7, 3127403.6 ], [ 4179276.7, 3127476.1 ], [ 4179299.1, 3127471.3 ], [ 4179339.6, 3127496.3 ], [ 4179368.5, 3127483.3 ], [ 4179385.6, 3127448.9 ], [ 4179385.6, 3127417.9 ], [ 4179375.3, 3127403.0 ], [ 4179376.4, 3127239.7 ], [ 4179460.3, 3127242.4 ], [ 4179525.7, 3127277.5 ], [ 4179519.9, 3127342.5 ], [ 4179556.5, 3127365.0 ], [ 4179564.7, 3127399.4 ], [ 4179589.7, 3127420.9 ], [ 4179592.7, 3127477.2 ], [ 4179623.9, 3127524.7 ], [ 4179636.7, 3127531.5 ], [ 4179639.8, 3127555.7 ], [ 4179623.2, 3127558.9 ], [ 4179615.3, 3127544.3 ], [ 4179601.8, 3127539.1 ], [ 4179543.8, 3127556.2 ], [ 4179502.9, 3127577.8 ], [ 4179497.0, 3127594.5 ], [ 4179502.6, 3127607.7 ], [ 4179581.1, 3127671.4 ], [ 4179868.8, 3127820.3 ], [ 4179921.8, 3127877.7 ], [ 4179980.7, 3127961.1 ], [ 4180007.8, 3127979.9 ], [ 4180038.4, 3127987.7 ], [ 4180078.7, 3127983.0 ], [ 4180122.8, 3127963.1 ], [ 4180177.9, 3127899.2 ], [ 4180163.1, 3127857.4 ], [ 4180090.5, 3127849.5 ], [ 4180118.4, 3127792.5 ], [ 4180154.3, 3127806.9 ], [ 4180212.5, 3127772.1 ], [ 4180250.9, 3127723.4 ], [ 4180256.6, 3127699.2 ], [ 4180302.7, 3127682.2 ], [ 4180310.9, 3127662.2 ], [ 4180192.1, 3127540.2 ], [ 4180144.9, 3127471.0 ], [ 4180086.6, 3127414.0 ], [ 4180046.1, 3127325.4 ], [ 4180007.1, 3127313.7 ], [ 4179998.5, 3127222.3 ], [ 4180057.5, 3127216.1 ], [ 4180066.9, 3127201.0 ], [ 4180061.6, 3127182.8 ], [ 4180108.8, 3127148.5 ], [ 4180131.7, 3127149.0 ], [ 4180142.6, 3127127.8 ], [ 4180190.3, 3127096.5 ], [ 4180212.4, 3127091.4 ], [ 4180256.6, 3127096.7 ], [ 4180292.5, 3127113.0 ], [ 4180309.4, 3127137.1 ], [ 4180333.2, 3127202.4 ], [ 4180374.9, 3127247.6 ], [ 4180440.9, 3127279.3 ], [ 4180463.1, 3127267.3 ], [ 4180475.7, 3127222.2 ], [ 4180461.2, 3127196.6 ], [ 4180486.4, 3127175.5 ], [ 4180492.3, 3127151.7 ], [ 4180581.6, 3127112.5 ], [ 4180691.6, 3127116.0 ], [ 4180701.8, 3127148.5 ], [ 4180719.9, 3127159.0 ], [ 4180816.6, 3127129.9 ], [ 4180877.8, 3127173.8 ], [ 4180898.0, 3127165.4 ], [ 4180903.3, 3127141.8 ], [ 4180922.6, 3127139.2 ], [ 4180969.4, 3127154.4 ], [ 4180996.8, 3127113.3 ], [ 4180987.1, 3127090.9 ], [ 4181013.9, 3126977.1 ], [ 4181004.3, 3126962.1 ], [ 4180880.4, 3126874.4 ], [ 4180923.0, 3126834.1 ], [ 4180941.0, 3126844.0 ], [ 4180981.6, 3126828.7 ], [ 4181022.8, 3126836.4 ], [ 4181052.8, 3126870.5 ], [ 4181058.9, 3126926.4 ], [ 4181077.4, 3126976.0 ], [ 4181107.7, 3127002.2 ], [ 4181206.3, 3127018.7 ], [ 4181209.5, 3127035.4 ], [ 4181220.5, 3127044.2 ], [ 4181260.6, 3127044.8 ], [ 4181306.5, 3127016.6 ], [ 4181333.4, 3126983.7 ], [ 4181369.8, 3126982.3 ], [ 4181416.4, 3126991.7 ], [ 4181469.0, 3127014.8 ], [ 4181559.0, 3127008.0 ], [ 4181571.4, 3127028.9 ], [ 4181626.3, 3127031.4 ], [ 4181752.2, 3127101.8 ], [ 4181806.1, 3127121.4 ], [ 4181859.3, 3127126.9 ], [ 4181882.7, 3127158.4 ], [ 4181874.0, 3127185.4 ], [ 4181881.0, 3127258.9 ], [ 4181923.0, 3127342.2 ], [ 4181914.1, 3127366.2 ], [ 4181915.6, 3127399.4 ], [ 4181906.3, 3127444.6 ], [ 4181891.6, 3127444.5 ], [ 4181878.4, 3127457.2 ], [ 4181852.8, 3127596.8 ], [ 4181827.1, 3127641.7 ], [ 4181788.4, 3127667.9 ], [ 4181801.6, 3127775.6 ], [ 4181764.1, 3127919.0 ], [ 4181756.3, 3127922.3 ], [ 4181683.6, 3127871.9 ], [ 4181716.3, 3127794.8 ], [ 4181711.6, 3127777.0 ], [ 4181698.7, 3127769.4 ], [ 4181593.4, 3127797.9 ], [ 4181577.2, 3127782.7 ], [ 4181528.8, 3127772.4 ], [ 4181512.8, 3127759.3 ], [ 4181435.9, 3127759.9 ], [ 4181383.8, 3127771.1 ], [ 4181322.0, 3127744.5 ], [ 4181240.8, 3127738.8 ], [ 4181120.9, 3127699.2 ], [ 4181038.2, 3127707.7 ], [ 4180897.7, 3127698.4 ], [ 4180821.3, 3127701.6 ], [ 4180783.4, 3127677.5 ], [ 4180749.3, 3127675.1 ], [ 4180695.9, 3127699.8 ], [ 4180617.2, 3127764.4 ], [ 4180610.0, 3127792.3 ], [ 4180626.7, 3127817.8 ], [ 4180543.2, 3127893.7 ], [ 4180528.9, 3127889.5 ], [ 4180512.7, 3127898.1 ], [ 4180498.4, 3127932.5 ], [ 4180485.2, 3127944.7 ], [ 4180452.6, 3128037.0 ], [ 4180438.7, 3128027.5 ], [ 4180424.4, 3128029.2 ], [ 4180409.3, 3128054.3 ], [ 4180366.4, 3128023.2 ], [ 4180358.1, 3128005.0 ], [ 4180324.4, 3127991.3 ], [ 4180337.9, 3127902.0 ], [ 4180327.1, 3127882.9 ], [ 4180301.4, 3127867.8 ], [ 4180279.5, 3127875.5 ], [ 4180264.3, 3127911.6 ], [ 4180227.5, 3127955.4 ], [ 4180174.3, 3127926.5 ], [ 4180136.5, 3127959.3 ], [ 4180134.0, 3127979.7 ], [ 4180178.9, 3128060.5 ], [ 4180243.2, 3128123.5 ], [ 4180286.7, 3128146.9 ], [ 4180330.3, 3128256.6 ], [ 4180312.5, 3128295.6 ], [ 4180329.7, 3128317.4 ], [ 4180370.6, 3128302.3 ], [ 4180391.9, 3128284.0 ], [ 4180401.6, 3128239.1 ], [ 4180383.2, 3128217.6 ], [ 4180358.5, 3128211.9 ], [ 4180457.0, 3128055.1 ], [ 4180471.4, 3128063.2 ], [ 4180461.5, 3128121.4 ], [ 4180478.7, 3128141.1 ], [ 4180478.4, 3128155.0 ], [ 4180467.7, 3128192.7 ], [ 4180267.5, 3128475.3 ], [ 4180238.1, 3128723.5 ], [ 4180239.1, 3128803.6 ], [ 4180230.3, 3128868.2 ], [ 4180237.8, 3128883.4 ], [ 4180258.0, 3128893.3 ], [ 4180262.4, 3129026.7 ], [ 4180304.4, 3129115.2 ], [ 4180289.0, 3129133.6 ], [ 4180293.7, 3129154.9 ], [ 4180417.1, 3129221.3 ], [ 4180571.8, 3129240.9 ], [ 4180570.5, 3129258.8 ], [ 4180370.3, 3129284.1 ], [ 4180362.8, 3129296.3 ], [ 4180363.7, 3129333.5 ], [ 4180348.5, 3129393.8 ], [ 4180362.8, 3129447.7 ], [ 4180297.2, 3129382.9 ], [ 4180215.6, 3129351.3 ], [ 4180209.8, 3129266.0 ], [ 4180192.3, 3129249.3 ], [ 4180147.0, 3129255.7 ], [ 4180087.9, 3129279.1 ], [ 4180063.4, 3129266.1 ], [ 4180038.0, 3129289.3 ], [ 4179928.1, 3129285.3 ], [ 4179718.7, 3129335.9 ], [ 4179681.4, 3129338.2 ], [ 4179664.9, 3129352.4 ], [ 4179662.1, 3129390.1 ], [ 4179607.7, 3129387.3 ], [ 4179595.9, 3129363.2 ], [ 4179553.5, 3129361.9 ], [ 4179531.0, 3129343.3 ], [ 4179497.3, 3129349.6 ], [ 4179483.5, 3129386.1 ], [ 4179410.7, 3129380.6 ], [ 4179373.2, 3129361.7 ], [ 4179374.5, 3129336.5 ], [ 4179360.3, 3129321.1 ], [ 4179266.5, 3129323.0 ], [ 4179251.3, 3129333.6 ], [ 4179249.9, 3129355.6 ], [ 4179197.3, 3129364.3 ], [ 4179174.4, 3129350.6 ], [ 4179127.3, 3129374.8 ], [ 4179088.0, 3129421.6 ], [ 4179066.2, 3129429.1 ], [ 4179008.5, 3129499.9 ], [ 4179003.7, 3129515.8 ], [ 4179009.0, 3129528.2 ], [ 4178996.9, 3129554.1 ], [ 4178995.3, 3129589.1 ], [ 4179006.0, 3129603.8 ], [ 4179074.6, 3129641.4 ], [ 4179094.8, 3129637.7 ], [ 4179141.8, 3129670.3 ], [ 4179255.2, 3129727.7 ], [ 4179250.3, 3129749.5 ], [ 4179210.6, 3129790.9 ], [ 4179183.9, 3129788.5 ], [ 4179004.3, 3129677.6 ], [ 4178956.7, 3129669.9 ], [ 4178899.1, 3129693.2 ], [ 4178822.6, 3129748.0 ], [ 4178799.3, 3129736.7 ], [ 4178752.2, 3129760.7 ], [ 4178735.4, 3129760.4 ], [ 4178666.6, 3129787.6 ], [ 4178546.7, 3129851.5 ], [ 4178510.5, 3129885.4 ], [ 4178474.0, 3129896.7 ], [ 4178463.1, 3129913.2 ], [ 4178426.6, 3129927.5 ], [ 4178399.8, 3129953.5 ], [ 4178346.9, 3130033.4 ], [ 4178356.1, 3130100.0 ], [ 4178402.5, 3130160.4 ], [ 4178422.8, 3130237.6 ], [ 4178483.9, 3130316.4 ], [ 4178508.5, 3130321.5 ], [ 4178554.4, 3130359.9 ], [ 4178530.0, 3130405.2 ], [ 4178533.3, 3130425.8 ], [ 4178627.7, 3130476.2 ], [ 4178648.6, 3130469.4 ], [ 4178674.8, 3130427.6 ], [ 4178739.1, 3130467.7 ], [ 4178683.6, 3130551.5 ], [ 4178654.2, 3130557.4 ], [ 4178624.7, 3130547.7 ], [ 4178552.0, 3130500.9 ], [ 4178463.4, 3130478.7 ], [ 4178271.0, 3130462.2 ], [ 4178252.3, 3130473.7 ], [ 4178251.3, 3130551.7 ], [ 4178205.3, 3130642.2 ], [ 4178206.7, 3130659.6 ], [ 4178249.7, 3130710.3 ], [ 4178280.3, 3130723.0 ], [ 4178265.1, 3130747.9 ], [ 4178277.8, 3130768.7 ], [ 4178292.2, 3130770.1 ], [ 4178335.3, 3130752.1 ], [ 4178417.9, 3130765.2 ], [ 4178369.2, 3130934.9 ], [ 4178383.6, 3130948.9 ], [ 4178490.9, 3130981.6 ], [ 4178510.5, 3131030.5 ], [ 4178460.6, 3131105.8 ], [ 4178455.5, 3131169.0 ], [ 4178441.0, 3131183.5 ], [ 4178406.7, 3131166.1 ], [ 4178422.3, 3131126.4 ], [ 4178407.8, 3131101.5 ], [ 4178390.6, 3131099.6 ], [ 4178371.9, 3131110.3 ], [ 4178318.8, 3131106.2 ], [ 4178277.4, 3131080.2 ], [ 4178175.0, 3131089.4 ], [ 4178161.2, 3131111.9 ], [ 4178109.6, 3131127.2 ], [ 4178046.1, 3131160.0 ], [ 4178016.3, 3131193.6 ], [ 4178005.9, 3131236.1 ], [ 4178023.6, 3131355.0 ], [ 4178023.3, 3131575.5 ], [ 4178052.8, 3131601.8 ], [ 4178145.6, 3131779.3 ], [ 4178132.4, 3131792.2 ], [ 4178136.0, 3131818.4 ], [ 4178125.6, 3131830.4 ], [ 4178125.6, 3131845.5 ], [ 4178171.8, 3131890.6 ], [ 4178174.8, 3131921.1 ], [ 4178189.5, 3131956.0 ], [ 4178201.4, 3131964.7 ], [ 4178222.0, 3131965.5 ], [ 4178265.1, 3132010.4 ], [ 4178358.7, 3132140.8 ], [ 4178374.8, 3132170.0 ], [ 4178372.0, 3132221.0 ], [ 4178388.7, 3132234.5 ], [ 4178438.8, 3132232.7 ], [ 4178475.1, 3132202.1 ], [ 4178543.2, 3132224.3 ], [ 4178662.0, 3132230.4 ], [ 4178738.8, 3132193.4 ], [ 4178818.2, 3132187.9 ], [ 4178836.6, 3132164.6 ], [ 4178819.5, 3132106.4 ], [ 4178821.6, 3132090.8 ], [ 4178857.7, 3132104.1 ], [ 4178890.7, 3132080.4 ], [ 4178916.2, 3132117.5 ], [ 4178928.9, 3132123.8 ], [ 4178956.2, 3132221.9 ], [ 4178998.1, 3132307.6 ], [ 4179013.9, 3132316.6 ], [ 4179049.4, 3132314.2 ], [ 4179158.3, 3132296.7 ], [ 4179201.5, 3132280.2 ], [ 4179236.2, 3132246.4 ], [ 4179282.5, 3132166.9 ], [ 4179329.2, 3132145.6 ], [ 4179349.3, 3132145.1 ], [ 4179359.2, 3132152.2 ], [ 4179318.5, 3132206.6 ], [ 4179317.5, 3132261.2 ], [ 4179268.7, 3132365.6 ], [ 4179313.4, 3132509.2 ], [ 4179330.8, 3132524.3 ], [ 4179415.8, 3132512.0 ], [ 4179492.9, 3132478.2 ], [ 4179498.6, 3132454.5 ], [ 4179452.1, 3132369.2 ], [ 4179453.1, 3132355.2 ], [ 4179475.0, 3132329.3 ], [ 4179686.7, 3132156.1 ], [ 4179796.1, 3132232.9 ], [ 4179807.1, 3132329.0 ], [ 4179878.6, 3132469.6 ], [ 4179912.3, 3132564.5 ], [ 4179938.2, 3132571.6 ], [ 4179963.1, 3132593.5 ], [ 4180003.7, 3132572.5 ], [ 4180043.4, 3132616.7 ], [ 4180135.3, 3132678.3 ], [ 4180152.6, 3132679.5 ], [ 4180171.7, 3132658.5 ], [ 4180190.5, 3132619.1 ], [ 4180241.6, 3132606.3 ], [ 4180301.7, 3132553.6 ], [ 4180303.4, 3132535.5 ], [ 4180276.7, 3132486.4 ], [ 4180382.0, 3132456.7 ], [ 4180394.8, 3132445.3 ], [ 4180401.1, 3132403.2 ], [ 4180321.5, 3132308.7 ], [ 4180414.3, 3132202.0 ], [ 4180482.4, 3132251.9 ], [ 4180556.1, 3132240.9 ], [ 4180592.7, 3132228.2 ], [ 4180604.3, 3132211.4 ], [ 4180601.9, 3132146.6 ], [ 4180612.7, 3132131.5 ], [ 4180610.4, 3132115.8 ], [ 4180601.1, 3132104.4 ], [ 4180583.0, 3132102.2 ], [ 4180560.6, 3132026.7 ], [ 4180544.7, 3132012.9 ], [ 4180512.6, 3131921.2 ], [ 4180457.4, 3131861.2 ], [ 4180376.0, 3131723.0 ], [ 4180323.7, 3131657.1 ], [ 4180318.4, 3131580.6 ], [ 4180334.3, 3131567.2 ], [ 4180335.5, 3131549.0 ], [ 4180306.4, 3131520.6 ], [ 4180297.3, 3131496.5 ], [ 4180272.7, 3131485.5 ], [ 4180248.7, 3131432.9 ], [ 4180331.2, 3131432.0 ], [ 4180381.1, 3131393.0 ], [ 4180385.4, 3131328.8 ], [ 4180405.0, 3131263.4 ], [ 4180392.6, 3131097.1 ], [ 4180424.5, 3131076.5 ], [ 4180436.6, 3131091.8 ], [ 4180436.7, 3131167.9 ], [ 4180462.2, 3131260.2 ], [ 4180444.9, 3131303.2 ], [ 4180445.4, 3131407.6 ], [ 4180460.9, 3131422.3 ], [ 4180505.0, 3131419.8 ], [ 4180514.4, 3131568.9 ], [ 4180505.0, 3131747.9 ], [ 4180526.5, 3131869.6 ], [ 4180592.0, 3131960.8 ], [ 4180634.7, 3132066.0 ], [ 4180742.2, 3132121.8 ], [ 4180785.1, 3132129.9 ], [ 4180800.9, 3132109.6 ], [ 4180818.2, 3132111.6 ], [ 4180839.6, 3132129.3 ], [ 4180881.1, 3132113.6 ], [ 4180903.0, 3132093.0 ], [ 4180968.3, 3131995.3 ], [ 4180982.1, 3131958.9 ], [ 4180976.1, 3131938.9 ], [ 4180987.7, 3131922.7 ], [ 4181019.9, 3131919.2 ], [ 4181034.6, 3131881.4 ], [ 4181085.3, 3131870.6 ], [ 4181086.5, 3131899.0 ], [ 4181059.5, 3131964.2 ], [ 4181062.9, 3131997.3 ], [ 4181048.3, 3132047.1 ], [ 4181063.5, 3132080.6 ], [ 4181088.8, 3132080.3 ], [ 4181116.2, 3132098.0 ], [ 4181133.6, 3132157.6 ], [ 4181175.7, 3132221.8 ], [ 4181197.0, 3132237.5 ], [ 4181245.3, 3132247.1 ], [ 4181260.7, 3132287.0 ], [ 4181271.5, 3132296.3 ], [ 4181390.6, 3132309.9 ], [ 4181503.4, 3132332.8 ], [ 4181521.9, 3132317.4 ], [ 4181542.7, 3132165.8 ], [ 4181681.7, 3132176.4 ], [ 4181757.8, 3132166.3 ], [ 4181777.1, 3132181.5 ], [ 4181868.2, 3132173.3 ], [ 4181885.4, 3132192.3 ], [ 4181920.3, 3132192.1 ], [ 4181994.4, 3132082.7 ], [ 4182088.4, 3131992.1 ], [ 4182178.1, 3131927.7 ], [ 4182259.7, 3131931.4 ], [ 4182271.7, 3131990.1 ], [ 4182290.1, 3132004.4 ], [ 4182342.0, 3131993.4 ], [ 4182400.2, 3131943.2 ], [ 4182424.8, 3131936.6 ], [ 4182587.1, 3132002.8 ], [ 4182572.7, 3132013.3 ], [ 4182555.7, 3132047.7 ], [ 4182556.6, 3132068.4 ], [ 4182570.8, 3132078.7 ], [ 4182592.3, 3132075.4 ], [ 4182705.4, 3132211.7 ], [ 4182719.5, 3132212.5 ], [ 4182752.5, 3132196.9 ], [ 4182769.2, 3132165.7 ], [ 4182807.1, 3132135.2 ], [ 4182808.3, 3132110.5 ], [ 4182785.0, 3132048.7 ], [ 4182836.1, 3132032.8 ], [ 4182840.6, 3132093.6 ], [ 4182883.7, 3132188.2 ], [ 4182902.7, 3132195.9 ], [ 4182922.7, 3132185.7 ], [ 4182972.3, 3132232.4 ], [ 4183073.4, 3132300.2 ], [ 4183088.4, 3132301.3 ], [ 4183100.6, 3132292.7 ], [ 4183130.7, 3132222.6 ], [ 4183159.6, 3132203.6 ], [ 4183193.1, 3132211.2 ], [ 4183209.5, 3132206.3 ], [ 4183335.9, 3132255.7 ], [ 4183341.3, 3132278.7 ], [ 4183324.6, 3132329.4 ], [ 4183333.6, 3132347.7 ], [ 4183442.3, 3132362.3 ], [ 4183453.9, 3132346.0 ], [ 4183473.1, 3132216.5 ], [ 4183513.5, 3132163.2 ], [ 4183508.7, 3132146.0 ], [ 4183464.5, 3132107.2 ], [ 4183515.1, 3132014.9 ], [ 4183510.5, 3131997.2 ], [ 4183495.0, 3131986.4 ], [ 4183588.5, 3131858.5 ], [ 4183662.1, 3131840.4 ], [ 4183752.4, 3131836.4 ], [ 4183788.0, 3131859.0 ], [ 4183810.1, 3131883.1 ], [ 4183771.0, 3132009.2 ], [ 4183791.0, 3132042.2 ], [ 4183812.2, 3132045.8 ], [ 4183863.3, 3132009.7 ], [ 4183973.0, 3131869.9 ], [ 4183971.2, 3131845.7 ], [ 4183942.6, 3131825.6 ], [ 4183958.4, 3131786.3 ], [ 4184002.3, 3131729.0 ], [ 4184027.2, 3131735.9 ], [ 4184044.4, 3131723.2 ], [ 4184048.7, 3131703.2 ], [ 4184043.0, 3131690.1 ], [ 4184030.4, 3131683.3 ], [ 4184007.4, 3131685.8 ], [ 4183973.7, 3131590.8 ], [ 4183969.2, 3131544.0 ], [ 4183954.4, 3131529.2 ], [ 4183947.4, 3131486.3 ], [ 4183917.3, 3131423.5 ], [ 4183894.4, 3131414.7 ], [ 4183800.1, 3131440.4 ], [ 4183753.2, 3131417.3 ], [ 4183771.8, 3131301.6 ], [ 4183746.6, 3131195.1 ], [ 4183862.6, 3131225.7 ], [ 4183939.8, 3131230.2 ], [ 4183949.8, 3131207.6 ], [ 4183919.2, 3131123.4 ], [ 4183924.1, 3131092.8 ], [ 4183977.1, 3131100.8 ], [ 4184106.6, 3130987.6 ], [ 4184138.5, 3130988.8 ], [ 4184152.7, 3130976.9 ], [ 4184142.3, 3130908.2 ], [ 4184140.2, 3130765.0 ], [ 4184170.1, 3130725.4 ], [ 4184201.0, 3130647.5 ], [ 4184228.1, 3130493.8 ], [ 4184257.3, 3130379.6 ], [ 4184264.7, 3130297.5 ], [ 4184278.8, 3130267.1 ], [ 4184295.1, 3130253.7 ], [ 4184299.8, 3130200.0 ], [ 4184291.9, 3130183.8 ], [ 4184271.4, 3130170.1 ], [ 4184260.2, 3130066.8 ], [ 4184234.3, 3129996.6 ], [ 4184232.8, 3129967.5 ], [ 4184181.3, 3129892.9 ], [ 4184112.2, 3129726.1 ], [ 4184043.5, 3129654.8 ], [ 4183871.1, 3129556.3 ], [ 4183803.2, 3129549.0 ], [ 4183628.6, 3129566.5 ], [ 4183542.0, 3129562.5 ], [ 4183402.8, 3129517.6 ], [ 4183309.1, 3129449.7 ], [ 4183286.3, 3129423.3 ], [ 4183259.1, 3129355.6 ], [ 4183265.8, 3129333.7 ], [ 4183226.0, 3129207.0 ], [ 4183270.2, 3129208.8 ], [ 4183287.3, 3129196.9 ], [ 4183293.8, 3129108.1 ], [ 4183282.5, 3129093.8 ], [ 4183258.2, 3129092.2 ], [ 4183293.4, 3129076.4 ], [ 4183308.3, 3129042.9 ], [ 4183317.3, 3129044.9 ], [ 4183299.5, 3129087.2 ], [ 4183294.5, 3129204.2 ], [ 4183309.0, 3129272.6 ], [ 4183340.6, 3129336.5 ], [ 4183397.3, 3129408.3 ], [ 4183437.1, 3129439.3 ], [ 4183551.1, 3129483.2 ], [ 4183606.8, 3129490.4 ], [ 4183622.1, 3129477.5 ], [ 4183653.1, 3129472.5 ], [ 4183754.9, 3129410.8 ], [ 4183823.4, 3129379.4 ], [ 4183870.5, 3129244.3 ], [ 4183892.0, 3129228.9 ], [ 4183927.8, 3129094.5 ], [ 4183956.1, 3129080.3 ], [ 4183965.3, 3129045.5 ], [ 4183976.8, 3129045.4 ], [ 4183973.0, 3129085.4 ], [ 4183982.7, 3129159.6 ], [ 4183967.9, 3129192.5 ], [ 4183961.3, 3129322.5 ], [ 4183954.2, 3129342.2 ], [ 4183964.3, 3129404.6 ], [ 4183975.5, 3129418.6 ], [ 4184008.9, 3129427.9 ], [ 4184032.3, 3129446.6 ], [ 4184053.5, 3129448.0 ], [ 4184085.9, 3129428.3 ], [ 4184147.8, 3129490.4 ], [ 4184191.7, 3129518.6 ], [ 4184147.8, 3129582.6 ], [ 4184144.9, 3129603.2 ], [ 4184157.2, 3129616.1 ], [ 4184230.5, 3129639.9 ], [ 4184208.0, 3129678.4 ], [ 4184204.2, 3129704.7 ], [ 4184270.2, 3129776.6 ], [ 4184323.5, 3129856.0 ], [ 4184343.9, 3129905.8 ], [ 4184366.5, 3130008.2 ], [ 4184365.3, 3130182.9 ], [ 4184315.2, 3130315.4 ], [ 4184280.2, 3130562.7 ], [ 4184240.7, 3130687.4 ], [ 4184234.5, 3130752.3 ], [ 4184211.1, 3130846.2 ], [ 4184204.2, 3130956.3 ], [ 4184207.7, 3131064.9 ], [ 4184223.4, 3131120.1 ], [ 4184215.7, 3131290.1 ], [ 4184223.1, 3131309.3 ], [ 4184239.9, 3131314.8 ], [ 4184283.7, 3131303.2 ], [ 4184342.1, 3131269.1 ], [ 4184360.6, 3131267.3 ], [ 4184378.1, 3131248.0 ], [ 4184456.4, 3131136.3 ], [ 4184471.2, 3131091.2 ], [ 4184481.3, 3131010.0 ], [ 4184569.6, 3130825.8 ], [ 4184664.7, 3130759.3 ], [ 4184636.3, 3130787.7 ], [ 4184589.1, 3130813.6 ], [ 4184567.4, 3130840.7 ], [ 4184484.3, 3131016.8 ], [ 4184471.2, 3131106.2 ], [ 4184416.0, 3131237.5 ], [ 4184209.7, 3131400.7 ], [ 4184161.2, 3131494.7 ], [ 4184151.9, 3131519.9 ], [ 4184123.2, 3131733.1 ], [ 4184107.4, 3131792.0 ], [ 4184090.9, 3131824.4 ], [ 4183995.2, 3131941.0 ], [ 4183958.7, 3132001.0 ], [ 4183877.9, 3132257.5 ], [ 4183864.3, 3132319.0 ], [ 4183870.2, 3132336.6 ], [ 4183885.7, 3132345.2 ], [ 4183892.6, 3132468.1 ], [ 4183907.3, 3132481.8 ], [ 4183930.1, 3132538.8 ], [ 4183984.6, 3132597.4 ], [ 4184031.4, 3132669.7 ], [ 4184063.6, 3132681.5 ], [ 4184076.8, 3132674.7 ], [ 4184082.7, 3132661.0 ], [ 4184070.7, 3132630.0 ], [ 4184092.5, 3132628.6 ], [ 4184105.4, 3132616.1 ], [ 4184108.6, 3132567.5 ], [ 4184101.5, 3132550.9 ], [ 4184072.1, 3132531.4 ], [ 4184070.9, 3132503.5 ], [ 4184057.0, 3132466.6 ], [ 4184082.2, 3132471.7 ], [ 4184218.1, 3132452.5 ], [ 4184279.0, 3132483.5 ], [ 4184427.0, 3132501.8 ], [ 4184442.0, 3132487.2 ], [ 4184485.3, 3132332.8 ], [ 4184504.8, 3132339.2 ], [ 4184478.4, 3132498.9 ], [ 4184526.4, 3132561.4 ], [ 4184548.6, 3132646.4 ], [ 4184609.3, 3132735.6 ], [ 4184592.8, 3132768.1 ], [ 4184587.5, 3132804.7 ], [ 4184556.2, 3132804.0 ], [ 4184542.2, 3132816.2 ], [ 4184553.3, 3132869.4 ], [ 4184540.0, 3132880.5 ], [ 4184538.1, 3132898.4 ], [ 4184576.5, 3132943.1 ], [ 4184579.0, 3132970.8 ], [ 4184654.9, 3133033.6 ], [ 4184740.1, 3133060.6 ], [ 4184836.2, 3133075.9 ], [ 4184983.3, 3133117.1 ], [ 4185003.0, 3133113.6 ], [ 4185016.0, 3133091.8 ], [ 4185057.6, 3133056.4 ], [ 4185065.0, 3132984.6 ], [ 4185131.3, 3132818.4 ] ], [ [ 4184558.3, 3132173.8 ], [ 4184543.6, 3132175.2 ], [ 4184539.8, 3132150.8 ], [ 4184631.7, 3132076.7 ], [ 4184646.6, 3132069.8 ], [ 4184678.3, 3132073.3 ], [ 4184711.3, 3132094.8 ], [ 4184710.2, 3132130.4 ], [ 4184626.1, 3132155.3 ], [ 4184586.8, 3132189.7 ], [ 4184558.3, 3132173.8 ] ], [ [ 4184344.9, 3131024.8 ], [ 4184322.7, 3130902.4 ], [ 4184359.9, 3130747.8 ], [ 4184397.6, 3130655.8 ], [ 4184393.9, 3130545.5 ], [ 4184411.2, 3130491.6 ], [ 4184474.7, 3130509.1 ], [ 4184512.8, 3130594.8 ], [ 4184546.0, 3130611.4 ], [ 4184556.1, 3130637.9 ], [ 4184582.6, 3130637.5 ], [ 4184425.0, 3130803.6 ], [ 4184401.1, 3131015.2 ], [ 4184344.9, 3131024.8 ] ], [ [ 4185158.2, 3130725.7 ], [ 4185204.0, 3130603.5 ], [ 4185245.7, 3130619.4 ], [ 4185212.2, 3130698.5 ], [ 4185209.0, 3130716.3 ], [ 4185215.5, 3130729.5 ], [ 4185158.2, 3130725.7 ] ], [ [ 4184759.3, 3130511.8 ], [ 4184773.3, 3130390.9 ], [ 4184771.9, 3130370.5 ], [ 4184787.3, 3130379.2 ], [ 4184822.7, 3130435.9 ], [ 4184828.0, 3130486.1 ], [ 4184822.1, 3130568.4 ], [ 4184766.0, 3130562.7 ], [ 4184759.3, 3130511.8 ] ], [ [ 4184914.5, 3130532.2 ], [ 4184861.9, 3130486.2 ], [ 4184901.1, 3130491.4 ], [ 4184934.2, 3130472.5 ], [ 4184972.0, 3130427.2 ], [ 4184981.8, 3130387.9 ], [ 4185105.6, 3130431.2 ], [ 4185053.8, 3130512.7 ], [ 4185003.4, 3130508.7 ], [ 4184937.2, 3130531.8 ], [ 4184914.5, 3130532.2 ] ], [ [ 4184747.7, 3130084.9 ], [ 4184773.6, 3130033.2 ], [ 4184783.6, 3130038.6 ], [ 4184772.6, 3130098.0 ], [ 4184747.7, 3130084.9 ] ], [ [ 4185315.3, 3129751.1 ], [ 4185343.7, 3129684.2 ], [ 4185396.3, 3129702.9 ], [ 4185389.8, 3129747.1 ], [ 4185315.3, 3129751.1 ] ], [ [ 4185216.4, 3129152.1 ], [ 4185226.2, 3129218.1 ], [ 4185211.4, 3129231.1 ], [ 4185179.2, 3129190.1 ], [ 4185216.4, 3129152.1 ] ], [ [ 4184539.6, 3129065.8 ], [ 4184596.6, 3129056.7 ], [ 4184591.7, 3129111.3 ], [ 4184535.6, 3129111.0 ], [ 4184531.7, 3129095.5 ], [ 4184539.6, 3129065.8 ] ], [ [ 4183617.8, 3129044.8 ], [ 4183586.3, 3129036.2 ], [ 4183609.8, 3128981.5 ], [ 4183639.7, 3128987.4 ], [ 4183632.4, 3129025.4 ], [ 4183617.8, 3129044.8 ] ], [ [ 4182418.3, 3129422.6 ], [ 4182391.6, 3129402.1 ], [ 4182374.9, 3129362.0 ], [ 4182448.5, 3129338.3 ], [ 4182430.6, 3129418.8 ], [ 4182418.3, 3129422.6 ] ], [ [ 4179895.0, 3129486.6 ], [ 4179964.8, 3129524.8 ], [ 4179967.9, 3129553.6 ], [ 4179986.8, 3129564.5 ], [ 4180053.7, 3129542.0 ], [ 4180141.4, 3129498.8 ], [ 4180196.2, 3129505.3 ], [ 4180191.5, 3129518.7 ], [ 4180168.6, 3129518.8 ], [ 4180143.8, 3129533.5 ], [ 4180136.0, 3129553.8 ], [ 4180145.9, 3129569.1 ], [ 4180170.4, 3129573.3 ], [ 4180178.3, 3129615.0 ], [ 4180207.6, 3129622.2 ], [ 4180206.1, 3129655.0 ], [ 4180120.1, 3129651.9 ], [ 4180002.4, 3129660.2 ], [ 4179986.2, 3129653.0 ], [ 4179967.7, 3129663.1 ], [ 4179891.8, 3129661.3 ], [ 4179860.1, 3129724.0 ], [ 4179838.8, 3129825.0 ], [ 4179801.8, 3129869.2 ], [ 4179721.6, 3129810.1 ], [ 4179694.5, 3129757.2 ], [ 4179641.9, 3129738.5 ], [ 4179608.1, 3129716.6 ], [ 4179609.1, 3129699.4 ], [ 4179634.1, 3129700.1 ], [ 4179643.6, 3129677.0 ], [ 4179585.3, 3129607.3 ], [ 4179637.7, 3129555.0 ], [ 4179664.1, 3129562.2 ], [ 4179658.8, 3129608.6 ], [ 4179668.1, 3129656.5 ], [ 4179698.4, 3129691.3 ], [ 4179719.2, 3129695.0 ], [ 4179734.1, 3129675.9 ], [ 4179728.0, 3129603.0 ], [ 4179758.6, 3129607.0 ], [ 4179774.4, 3129599.7 ], [ 4179790.7, 3129574.9 ], [ 4179830.3, 3129540.8 ], [ 4179830.1, 3129499.9 ], [ 4179836.5, 3129496.0 ], [ 4179895.0, 3129486.6 ] ], [ [ 4180257.1, 3129803.1 ], [ 4180193.9, 3129802.3 ], [ 4180194.6, 3129777.4 ], [ 4180259.8, 3129782.5 ], [ 4180257.1, 3129803.1 ] ], [ [ 4181785.6, 3129738.2 ], [ 4181793.5, 3129630.3 ], [ 4181862.1, 3129635.8 ], [ 4181851.3, 3129736.5 ], [ 4181785.6, 3129738.2 ] ], [ [ 4182786.4, 3129623.9 ], [ 4182801.6, 3129572.3 ], [ 4182822.9, 3129574.2 ], [ 4182806.7, 3129625.4 ], [ 4182786.4, 3129623.9 ] ], [ [ 4180001.6, 3130131.0 ], [ 4179987.2, 3130129.9 ], [ 4179963.1, 3130091.9 ], [ 4179928.7, 3130069.2 ], [ 4179908.8, 3130070.0 ], [ 4179870.9, 3130099.5 ], [ 4179797.3, 3130051.0 ], [ 4179892.2, 3129914.7 ], [ 4179995.0, 3130004.2 ], [ 4180055.8, 3130096.7 ], [ 4180001.6, 3130131.0 ] ], [ [ 4179503.7, 3130114.8 ], [ 4179534.0, 3130132.1 ], [ 4179474.4, 3130133.4 ], [ 4179455.5, 3130142.4 ], [ 4179444.2, 3130160.8 ], [ 4179435.8, 3130221.4 ], [ 4179359.6, 3130276.7 ], [ 4179324.9, 3130243.1 ], [ 4179308.3, 3130239.4 ], [ 4179266.2, 3130190.7 ], [ 4179393.2, 3130117.8 ], [ 4179430.0, 3130108.2 ], [ 4179503.7, 3130114.8 ] ], [ [ 4183286.7, 3130382.2 ], [ 4183234.8, 3130388.6 ], [ 4183223.9, 3130362.9 ], [ 4183194.1, 3130336.3 ], [ 4183200.3, 3130316.5 ], [ 4183264.0, 3130351.3 ], [ 4183286.7, 3130382.2 ] ], [ [ 4179525.5, 3130374.1 ], [ 4179571.2, 3130419.2 ], [ 4179586.0, 3130420.8 ], [ 4179601.1, 3130410.7 ], [ 4179648.1, 3130421.6 ], [ 4179627.2, 3130493.8 ], [ 4179595.1, 3130533.5 ], [ 4179556.0, 3130544.2 ], [ 4179491.5, 3130579.7 ], [ 4179458.8, 3130552.2 ], [ 4179438.8, 3130553.5 ], [ 4179378.8, 3130618.0 ], [ 4179325.2, 3130557.5 ], [ 4179320.0, 3130526.2 ], [ 4179429.7, 3130469.1 ], [ 4179468.4, 3130419.7 ], [ 4179525.5, 3130374.1 ] ], [ [ 4181932.0, 3130602.6 ], [ 4182147.1, 3130564.5 ], [ 4182149.5, 3130581.5 ], [ 4181945.7, 3130620.6 ], [ 4181932.0, 3130602.6 ] ], [ [ 4180501.1, 3130527.3 ], [ 4180519.3, 3130454.8 ], [ 4180567.3, 3130463.3 ], [ 4180559.1, 3130535.5 ], [ 4180501.1, 3130527.3 ] ], [ [ 4182515.6, 3130810.7 ], [ 4182503.1, 3130834.6 ], [ 4182434.2, 3130814.4 ], [ 4182451.6, 3130793.1 ], [ 4182515.6, 3130810.7 ] ], [ [ 4181039.6, 3130891.0 ], [ 4181031.7, 3130917.4 ], [ 4181000.3, 3130893.2 ], [ 4181032.7, 3130836.2 ], [ 4181043.8, 3130841.6 ], [ 4181030.7, 3130869.7 ], [ 4181039.6, 3130891.0 ] ], [ [ 4182745.2, 3131052.0 ], [ 4182728.4, 3131116.2 ], [ 4182717.8, 3131227.2 ], [ 4182704.1, 3131270.5 ], [ 4182708.8, 3131287.7 ], [ 4182701.9, 3131328.3 ], [ 4182657.0, 3131443.3 ], [ 4182624.9, 3131451.3 ], [ 4182613.0, 3131423.5 ], [ 4182647.1, 3131373.0 ], [ 4182649.0, 3131358.6 ], [ 4182638.6, 3131317.0 ], [ 4182594.8, 3131255.6 ], [ 4182625.5, 3131229.2 ], [ 4182702.8, 3131031.1 ], [ 4182745.2, 3131052.0 ] ], [ [ 4183194.1, 3131349.9 ], [ 4183284.9, 3131311.5 ], [ 4183331.4, 3131364.2 ], [ 4183314.9, 3131392.9 ], [ 4183266.9, 3131432.9 ], [ 4183254.4, 3131434.9 ], [ 4183194.1, 3131349.9 ] ], [ [ 4182629.5, 3131489.2 ], [ 4182607.4, 3131542.7 ], [ 4182594.2, 3131537.7 ], [ 4182583.5, 3131499.0 ], [ 4182587.1, 3131471.9 ], [ 4182619.1, 3131466.0 ], [ 4182629.5, 3131489.2 ] ], [ [ 4181046.8, 3131640.4 ], [ 4181097.3, 3131738.7 ], [ 4181031.8, 3131748.2 ], [ 4180975.4, 3131638.7 ], [ 4180985.6, 3131577.9 ], [ 4181046.8, 3131640.4 ] ], [ [ 4182594.6, 3131733.0 ], [ 4182671.6, 3131773.6 ], [ 4182670.9, 3131795.3 ], [ 4182650.6, 3131804.2 ], [ 4182636.2, 3131800.6 ], [ 4182596.5, 3131762.9 ], [ 4182588.8, 3131740.7 ], [ 4182594.6, 3131733.0 ] ], [ [ 4178808.4, 3131583.3 ], [ 4178807.0, 3131611.8 ], [ 4178760.6, 3131571.0 ], [ 4178774.7, 3131549.3 ], [ 4178808.4, 3131583.3 ] ], [ [ 4181227.1, 3128847.4 ], [ 4181234.0, 3128845.7 ], [ 4181276.0, 3128956.6 ], [ 4181219.9, 3128901.0 ], [ 4181227.1, 3128847.4 ] ], [ [ 4184211.1, 3128878.2 ], [ 4184245.4, 3128865.3 ], [ 4184264.1, 3128891.1 ], [ 4184215.5, 3128920.8 ], [ 4184202.1, 3128892.4 ], [ 4184211.1, 3128878.2 ] ], [ [ 4184486.8, 3128847.0 ], [ 4184424.5, 3128812.8 ], [ 4184438.3, 3128769.4 ], [ 4184512.4, 3128808.8 ], [ 4184486.8, 3128847.0 ] ], [ [ 4181715.9, 3128803.5 ], [ 4181707.6, 3128781.3 ], [ 4181780.3, 3128752.3 ], [ 4181793.2, 3128776.7 ], [ 4181715.9, 3128803.5 ] ], [ [ 4181587.1, 3128570.7 ], [ 4181662.3, 3128514.4 ], [ 4181691.1, 3128556.7 ], [ 4181612.8, 3128612.7 ], [ 4181587.1, 3128570.7 ] ], [ [ 4183306.5, 3128551.8 ], [ 4183215.2, 3128439.1 ], [ 4183170.6, 3128419.9 ], [ 4183125.7, 3128348.8 ], [ 4183069.3, 3128305.7 ], [ 4183058.0, 3128285.7 ], [ 4183077.2, 3128256.4 ], [ 4183077.7, 3128242.7 ], [ 4183034.6, 3128193.3 ], [ 4183048.9, 3128166.6 ], [ 4183090.0, 3128168.6 ], [ 4183179.3, 3128127.0 ], [ 4183182.8, 3128100.0 ], [ 4183173.9, 3128085.6 ], [ 4183115.9, 3128076.7 ], [ 4183145.7, 3127982.3 ], [ 4183164.8, 3127964.4 ], [ 4183177.2, 3127923.3 ], [ 4183226.7, 3127916.9 ], [ 4183223.9, 3127945.3 ], [ 4183256.7, 3127972.2 ], [ 4183269.5, 3128049.8 ], [ 4183267.3, 3128154.1 ], [ 4183276.4, 3128187.3 ], [ 4183296.5, 3128208.1 ], [ 4183313.4, 3128293.7 ], [ 4183302.2, 3128350.6 ], [ 4183317.7, 3128396.3 ], [ 4183326.0, 3128464.3 ], [ 4183306.5, 3128551.8 ] ], [ [ 4183887.3, 3128321.2 ], [ 4183929.1, 3128329.9 ], [ 4183997.8, 3128296.7 ], [ 4183907.8, 3128395.3 ], [ 4183879.9, 3128387.7 ], [ 4183852.2, 3128418.1 ], [ 4183821.7, 3128395.5 ], [ 4183863.5, 3128330.7 ], [ 4183887.3, 3128321.2 ] ], [ [ 4183604.5, 3128191.6 ], [ 4183662.9, 3128168.2 ], [ 4183670.8, 3128186.0 ], [ 4183607.4, 3128214.3 ], [ 4183598.0, 3128204.2 ], [ 4183604.5, 3128191.6 ] ], [ [ 4184033.3, 3128012.5 ], [ 4184041.5, 3127951.2 ], [ 4184068.7, 3127971.8 ], [ 4184064.0, 3128015.2 ], [ 4184033.3, 3128012.5 ] ], [ [ 4182919.5, 3128124.3 ], [ 4182978.9, 3128180.3 ], [ 4182980.5, 3128184.9 ], [ 4182973.5, 3128188.5 ], [ 4182906.3, 3128148.3 ], [ 4182919.5, 3128124.3 ] ], [ [ 4182304.8, 3128240.3 ], [ 4182276.9, 3128273.2 ], [ 4182254.9, 3128229.6 ], [ 4182265.2, 3128211.7 ], [ 4182304.8, 3128240.3 ] ], [ [ 4181432.7, 3128227.6 ], [ 4181440.1, 3128295.6 ], [ 4181402.8, 3128354.8 ], [ 4181395.5, 3128350.4 ], [ 4181431.7, 3128294.4 ], [ 4181424.5, 3128229.6 ], [ 4181432.7, 3128227.6 ] ], [ [ 4183182.4, 3127711.8 ], [ 4183188.2, 3127708.9 ], [ 4183228.8, 3127751.6 ], [ 4183266.3, 3127771.6 ], [ 4183314.3, 3127747.7 ], [ 4183340.4, 3127753.6 ], [ 4183381.9, 3127713.0 ], [ 4183395.6, 3127723.2 ], [ 4183380.4, 3127736.3 ], [ 4183352.1, 3127801.5 ], [ 4183288.9, 3127896.1 ], [ 4183260.0, 3127877.6 ], [ 4183242.0, 3127850.3 ], [ 4183189.6, 3127754.4 ], [ 4183182.4, 3127711.8 ] ], [ [ 4182439.3, 3127513.4 ], [ 4182421.9, 3127321.8 ], [ 4182436.5, 3127320.7 ], [ 4182447.6, 3127569.2 ], [ 4182440.1, 3127608.9 ], [ 4182453.0, 3127643.3 ], [ 4182442.2, 3127658.3 ], [ 4182429.8, 3127586.4 ], [ 4182439.3, 3127513.4 ] ], [ [ 4182942.0, 3127193.9 ], [ 4182979.1, 3127189.0 ], [ 4182981.0, 3127204.2 ], [ 4182958.8, 3127237.0 ], [ 4182954.9, 3127278.7 ], [ 4182928.6, 3127307.6 ], [ 4182924.7, 3127261.0 ], [ 4182944.4, 3127212.1 ], [ 4182942.0, 3127193.9 ] ], [ [ 4183383.2, 3127222.8 ], [ 4183403.2, 3127172.4 ], [ 4183420.5, 3127185.7 ], [ 4183395.2, 3127234.6 ], [ 4183383.2, 3127222.8 ] ], [ [ 4182641.6, 3126857.5 ], [ 4182630.3, 3126812.1 ], [ 4182670.8, 3126806.7 ], [ 4182772.0, 3126809.9 ], [ 4182788.6, 3126820.0 ], [ 4182794.5, 3126843.0 ], [ 4182653.6, 3126862.0 ], [ 4182641.6, 3126857.5 ] ], [ [ 4183223.5, 3126819.5 ], [ 4183232.2, 3126783.7 ], [ 4183273.4, 3126786.9 ], [ 4183323.2, 3126759.1 ], [ 4183336.2, 3126769.8 ], [ 4183353.0, 3126768.2 ], [ 4183389.4, 3126747.9 ], [ 4183413.8, 3126718.2 ], [ 4183433.1, 3126755.2 ], [ 4183293.0, 3126808.9 ], [ 4183193.9, 3126837.6 ], [ 4183192.6, 3126828.2 ], [ 4183223.5, 3126819.5 ] ], [ [ 4179316.1, 3126891.7 ], [ 4179288.8, 3126919.1 ], [ 4179285.5, 3126890.2 ], [ 4179336.9, 3126854.9 ], [ 4179316.1, 3126891.7 ] ], [ [ 4178755.9, 3125899.8 ], [ 4178919.4, 3125807.0 ], [ 4178944.2, 3125850.9 ], [ 4178910.0, 3125880.1 ], [ 4178887.5, 3125875.8 ], [ 4178824.6, 3125896.5 ], [ 4178813.8, 3125909.1 ], [ 4178814.3, 3125927.4 ], [ 4178767.7, 3125927.6 ], [ 4178755.9, 3125899.8 ] ], [ [ 4181806.6, 3126313.8 ], [ 4181767.2, 3126265.7 ], [ 4181704.1, 3126209.7 ], [ 4181706.8, 3126205.0 ], [ 4181717.1, 3126205.0 ], [ 4181759.2, 3126238.2 ], [ 4181809.6, 3126299.2 ], [ 4181836.6, 3126370.5 ], [ 4181837.2, 3126391.9 ], [ 4181829.6, 3126402.6 ], [ 4181825.8, 3126364.3 ], [ 4181806.6, 3126313.8 ] ], [ [ 4182653.2, 3126205.4 ], [ 4182668.7, 3126209.0 ], [ 4182707.0, 3126257.9 ], [ 4182699.7, 3126273.1 ], [ 4182674.5, 3126287.3 ], [ 4182652.5, 3126280.3 ], [ 4182626.0, 3126228.6 ], [ 4182629.2, 3126217.3 ], [ 4182653.2, 3126205.4 ] ], [ [ 4180583.5, 3126169.3 ], [ 4180497.4, 3126167.0 ], [ 4180499.7, 3126147.4 ], [ 4180518.9, 3126135.0 ], [ 4180583.5, 3126169.3 ] ], [ [ 4182274.3, 3125990.4 ], [ 4182073.0, 3125908.6 ], [ 4182021.2, 3125903.2 ], [ 4182036.9, 3125879.2 ], [ 4182065.5, 3125879.2 ], [ 4182314.9, 3125966.2 ], [ 4182393.2, 3125979.4 ], [ 4182552.8, 3125908.4 ], [ 4182619.5, 3125899.4 ], [ 4182791.5, 3125912.2 ], [ 4182837.3, 3125893.4 ], [ 4182907.9, 3125882.5 ], [ 4182932.0, 3125865.8 ], [ 4182938.3, 3125846.7 ], [ 4182946.5, 3125851.3 ], [ 4182924.1, 3125888.0 ], [ 4182921.4, 3125911.5 ], [ 4182878.2, 3125954.8 ], [ 4182846.8, 3125967.7 ], [ 4182798.0, 3125968.1 ], [ 4182788.4, 3125944.9 ], [ 4182777.2, 3125937.3 ], [ 4182601.4, 3125911.3 ], [ 4182478.3, 3125946.4 ], [ 4182416.3, 3125996.9 ], [ 4182376.8, 3126007.3 ], [ 4182274.3, 3125990.4 ] ], [ [ 4181664.5, 3125488.5 ], [ 4181676.2, 3125397.2 ], [ 4181702.2, 3125395.2 ], [ 4181701.1, 3125427.3 ], [ 4181721.7, 3125479.7 ], [ 4181691.1, 3125490.3 ], [ 4181664.5, 3125488.5 ] ], [ [ 4179842.8, 3125199.9 ], [ 4179786.1, 3125168.9 ], [ 4179729.6, 3125083.9 ], [ 4179683.6, 3125057.1 ], [ 4179712.7, 3124957.1 ], [ 4179831.5, 3124974.1 ], [ 4179908.7, 3124958.9 ], [ 4179924.8, 3125196.6 ], [ 4179883.0, 3125210.2 ], [ 4179842.8, 3125199.9 ] ], [ [ 4181740.3, 3124860.3 ], [ 4181730.7, 3124826.3 ], [ 4181746.4, 3124795.6 ], [ 4181775.1, 3124801.8 ], [ 4181746.1, 3124934.7 ], [ 4181731.7, 3124930.2 ], [ 4181740.3, 3124860.3 ] ], [ [ 4182114.3, 3124868.0 ], [ 4182155.2, 3124874.7 ], [ 4182145.4, 3124896.3 ], [ 4182100.6, 3124919.4 ], [ 4182092.0, 3124898.4 ], [ 4182114.3, 3124868.0 ] ], [ [ 4180680.2, 3124859.6 ], [ 4180626.4, 3124847.7 ], [ 4180587.2, 3124814.8 ], [ 4180557.6, 3124739.2 ], [ 4180555.3, 3124681.1 ], [ 4180574.9, 3124633.8 ], [ 4180697.9, 3124475.8 ], [ 4180731.0, 3124389.2 ], [ 4180758.1, 3124368.6 ], [ 4180799.3, 3124357.4 ], [ 4180893.0, 3124444.8 ], [ 4180904.9, 3124469.6 ], [ 4180905.0, 3124499.2 ], [ 4180772.6, 3124804.0 ], [ 4180738.0, 3124841.1 ], [ 4180680.2, 3124859.6 ] ], [ [ 4181039.7, 3124684.8 ], [ 4181041.6, 3124604.2 ], [ 4181056.2, 3124605.1 ], [ 4181058.2, 3124638.9 ], [ 4181087.1, 3124653.0 ], [ 4181092.9, 3124698.9 ], [ 4181084.7, 3124724.0 ], [ 4181039.7, 3124684.8 ] ], [ [ 4181620.1, 3124494.5 ], [ 4181498.1, 3124413.9 ], [ 4181476.5, 3124414.4 ], [ 4181462.7, 3124438.0 ], [ 4181384.5, 3124391.6 ], [ 4181479.0, 3124215.8 ], [ 4181513.1, 3124225.1 ], [ 4181507.2, 3124242.9 ], [ 4181512.0, 3124256.0 ], [ 4181583.7, 3124290.0 ], [ 4181587.6, 3124306.6 ], [ 4181609.9, 3124318.3 ], [ 4181621.3, 3124340.1 ], [ 4181688.5, 3124332.3 ], [ 4181724.4, 3124336.9 ], [ 4181719.3, 3124354.0 ], [ 4181656.6, 3124419.2 ], [ 4181620.1, 3124494.5 ] ], [ [ 4181054.7, 3124230.1 ], [ 4181030.1, 3124476.8 ], [ 4180962.3, 3124479.1 ], [ 4180932.1, 3124413.7 ], [ 4180893.5, 3124372.1 ], [ 4180844.7, 3124333.8 ], [ 4180821.1, 3124328.7 ], [ 4180804.6, 3124335.3 ], [ 4180760.8, 3124288.0 ], [ 4180679.7, 3124232.6 ], [ 4180648.3, 3124220.4 ], [ 4180614.7, 3124179.7 ], [ 4180586.1, 3124127.6 ], [ 4180608.3, 3124022.4 ], [ 4180607.2, 3123854.6 ], [ 4180628.8, 3123719.6 ], [ 4180656.1, 3123641.1 ], [ 4180734.9, 3123688.5 ], [ 4180867.7, 3123795.7 ], [ 4180891.0, 3123822.7 ], [ 4180902.1, 3123846.5 ], [ 4180868.3, 3123853.2 ], [ 4180809.2, 3123923.0 ], [ 4180797.8, 3123950.9 ], [ 4180814.7, 3123971.4 ], [ 4180892.4, 3123977.6 ], [ 4180857.0, 3124011.1 ], [ 4180833.8, 3124061.7 ], [ 4180794.0, 3124090.9 ], [ 4180790.8, 3124111.8 ], [ 4180813.9, 3124126.1 ], [ 4180943.6, 3124100.0 ], [ 4180970.1, 3124102.0 ], [ 4180848.7, 3124218.4 ], [ 4180842.3, 3124238.4 ], [ 4180884.1, 3124292.9 ], [ 4180903.6, 3124297.7 ], [ 4181029.4, 3124193.6 ], [ 4181040.1, 3124221.9 ], [ 4181054.7, 3124230.1 ] ], [ [ 4181435.7, 3124065.6 ], [ 4181449.0, 3124040.0 ], [ 4181479.0, 3124057.9 ], [ 4181469.2, 3124081.6 ], [ 4181435.7, 3124065.6 ] ], [ [ 4181119.6, 3124460.5 ], [ 4181186.1, 3124416.6 ], [ 4181197.2, 3124436.2 ], [ 4181193.9, 3124452.9 ], [ 4181151.6, 3124485.4 ], [ 4181132.2, 3124487.7 ], [ 4181119.6, 3124460.5 ] ], [ [ 4179533.4, 3124819.6 ], [ 4179481.1, 3124789.7 ], [ 4179532.9, 3124709.7 ], [ 4179573.4, 3124788.7 ], [ 4179533.4, 3124819.6 ] ], [ [ 4180237.9, 3123524.9 ], [ 4180057.4, 3123469.8 ], [ 4180075.8, 3123437.5 ], [ 4180097.8, 3123357.5 ], [ 4180127.3, 3123329.2 ], [ 4180177.5, 3123299.6 ], [ 4180211.2, 3123292.8 ], [ 4180252.2, 3123296.8 ], [ 4180224.3, 3123401.1 ], [ 4180237.9, 3123524.9 ] ], [ [ 4180772.3, 3123314.5 ], [ 4180873.4, 3123158.2 ], [ 4180937.7, 3123104.1 ], [ 4180996.9, 3123237.0 ], [ 4180992.5, 3123326.3 ], [ 4181013.6, 3123396.1 ], [ 4181009.6, 3123423.4 ], [ 4180979.6, 3123460.8 ], [ 4180891.8, 3123459.9 ], [ 4180767.0, 3123474.4 ], [ 4180778.3, 3123435.2 ], [ 4180772.3, 3123314.5 ] ], [ [ 4180924.6, 3122973.9 ], [ 4180866.8, 3122957.4 ], [ 4180831.2, 3122973.1 ], [ 4180814.6, 3122957.6 ], [ 4180801.5, 3122877.4 ], [ 4180810.9, 3122798.5 ], [ 4180890.0, 3122822.2 ], [ 4180950.2, 3122856.8 ], [ 4180995.6, 3122946.0 ], [ 4181099.8, 3123065.8 ], [ 4181110.0, 3123087.9 ], [ 4181095.0, 3123092.7 ], [ 4181000.6, 3123052.6 ], [ 4180924.6, 3122973.9 ] ], [ [ 4180760.0, 3122800.9 ], [ 4180719.1, 3122865.6 ], [ 4180697.7, 3122847.6 ], [ 4180738.1, 3122792.3 ], [ 4180755.5, 3122782.9 ], [ 4180760.0, 3122800.9 ] ], [ [ 4184641.3, 3127165.7 ], [ 4184642.3, 3127205.9 ], [ 4184611.6, 3127203.6 ], [ 4184611.6, 3127164.0 ], [ 4184641.3, 3127165.7 ] ], [ [ 4186493.9, 3128284.3 ], [ 4186462.9, 3128292.4 ], [ 4186457.4, 3128270.4 ], [ 4186489.9, 3128263.2 ], [ 4186493.9, 3128284.3 ] ], [ [ 4186858.6, 3128504.3 ], [ 4186858.4, 3128521.8 ], [ 4186768.1, 3128516.0 ], [ 4186780.9, 3128477.9 ], [ 4186798.8, 3128478.3 ], [ 4186871.1, 3128491.3 ], [ 4186858.6, 3128504.3 ] ], [ [ 4186533.2, 3128969.7 ], [ 4186557.7, 3129016.4 ], [ 4186508.0, 3129034.3 ], [ 4186479.5, 3128975.6 ], [ 4186500.6, 3128954.6 ], [ 4186533.2, 3128969.7 ] ], [ [ 4187021.9, 3129013.7 ], [ 4187068.7, 3128985.3 ], [ 4187081.6, 3129007.4 ], [ 4187046.8, 3129034.0 ], [ 4187036.2, 3129033.0 ], [ 4187021.9, 3129013.7 ] ], [ [ 4186201.9, 3129921.3 ], [ 4186144.1, 3129977.1 ], [ 4186102.5, 3129922.0 ], [ 4186154.7, 3129865.8 ], [ 4186201.9, 3129921.3 ] ], [ [ 4186774.9, 3130022.3 ], [ 4186752.0, 3130076.5 ], [ 4186716.4, 3130048.1 ], [ 4186748.9, 3130004.5 ], [ 4186774.9, 3130022.3 ] ], [ [ 4186421.8, 3130042.9 ], [ 4186414.1, 3130076.5 ], [ 4186342.1, 3130068.9 ], [ 4186337.3, 3130062.3 ], [ 4186348.0, 3130038.7 ], [ 4186356.7, 3130035.4 ], [ 4186421.8, 3130042.9 ] ], [ [ 4186635.9, 3130719.3 ], [ 4186610.6, 3130707.1 ], [ 4186590.2, 3130688.4 ], [ 4186618.9, 3130690.8 ], [ 4186655.3, 3130715.4 ], [ 4186635.9, 3130719.3 ] ], [ [ 4185664.5, 3131450.1 ], [ 4185650.7, 3131502.9 ], [ 4185616.3, 3131493.4 ], [ 4185637.0, 3131433.0 ], [ 4185664.5, 3131450.1 ] ] ] } },
{ "type": "Feature", "properties": { "id": "forest_61836", "state": "Nordrhein-Westfalen", "area_ha": 8305.76, "unfragmented": true, "image": "forest_61836.webp", "real_width_m": 12645.1, "real_height_m": 10639.4, "pixel_width": 1264, "pixel_height": 1063, "centroid_x": 4193526.0, "centroid_y": 3149270.0 }, "geometry": { "type": "Polygon", "coordinates": [ [ [ 4192429.8, 3154303.5 ], [ 4192549.3, 3154296.5 ], [ 4192618.1, 3154280.4 ], [ 4192668.1, 3154306.8 ], [ 4192844.5, 3154243.2 ], [ 4192865.3, 3154245.0 ], [ 4192877.3, 3154232.1 ], [ 4192881.3, 3154209.0 ], [ 4192891.0, 3154203.7 ], [ 4192907.6, 3154215.3 ], [ 4192935.2, 3154272.4 ], [ 4193005.2, 3154320.9 ], [ 4193030.3, 3154343.7 ], [ 4193041.8, 3154366.9 ], [ 4193070.9, 3154370.8 ], [ 4193086.6, 3154357.9 ], [ 4193161.6, 3154347.3 ], [ 4193207.0, 3154324.4 ], [ 4193221.5, 3154305.0 ], [ 4193271.3, 3154292.7 ], [ 4193274.5, 3154308.1 ], [ 4193286.3, 3154317.2 ], [ 4193326.0, 3154307.0 ], [ 4193329.4, 3154277.1 ], [ 4193288.5, 3154216.2 ], [ 4193283.1, 3154175.5 ], [ 4193387.9, 3154073.7 ], [ 4193402.7, 3154077.2 ], [ 4193456.2, 3154121.7 ], [ 4193519.4, 3154096.8 ], [ 4193563.4, 3154137.2 ], [ 4193623.0, 3154137.2 ], [ 4193634.2, 3154123.1 ], [ 4193633.0, 3154108.7 ], [ 4193575.7, 3154022.0 ], [ 4193617.6, 3153993.4 ], [ 4193669.5, 3154066.9 ], [ 4193693.5, 3154071.7 ], [ 4193780.1, 3154002.6 ], [ 4193919.0, 3153946.6 ], [ 4194076.9, 3153803.9 ], [ 4194104.7, 3153793.0 ], [ 4194160.6, 3153740.7 ], [ 4194209.8, 3153676.1 ], [ 4194239.3, 3153607.0 ], [ 4194239.5, 3153579.9 ], [ 4194221.0, 3153566.0 ], [ 4194209.2, 3153525.5 ], [ 4194231.9, 3153502.3 ], [ 4194270.9, 3153512.4 ], [ 4194288.7, 3153503.2 ], [ 4194312.1, 3153454.4 ], [ 4194375.3, 3153365.1 ], [ 4194379.0, 3153339.2 ], [ 4194366.7, 3153317.0 ], [ 4194375.3, 3153302.1 ], [ 4194407.9, 3153296.4 ], [ 4194444.7, 3153320.3 ], [ 4194552.3, 3153290.1 ], [ 4194610.8, 3153294.9 ], [ 4194683.4, 3153326.4 ], [ 4194744.5, 3153382.9 ], [ 4194762.7, 3153386.4 ], [ 4194811.6, 3153341.4 ], [ 4194814.4, 3153308.2 ], [ 4194828.4, 3153290.0 ], [ 4194827.4, 3153236.2 ], [ 4194817.4, 3153218.5 ], [ 4194825.7, 3153170.6 ], [ 4194837.4, 3153161.7 ], [ 4194866.9, 3153161.0 ], [ 4194876.0, 3153173.6 ], [ 4194890.4, 3153177.2 ], [ 4194911.3, 3153157.7 ], [ 4194905.8, 3153134.0 ], [ 4194883.1, 3153127.2 ], [ 4194887.5, 3153072.1 ], [ 4194940.2, 3153084.2 ], [ 4194958.3, 3153071.8 ], [ 4195004.9, 3153105.5 ], [ 4195094.1, 3153126.7 ], [ 4195145.9, 3153128.2 ], [ 4195159.1, 3153121.3 ], [ 4195163.9, 3153100.0 ], [ 4195122.7, 3152964.8 ], [ 4195267.7, 3152915.4 ], [ 4195285.8, 3152949.6 ], [ 4195310.4, 3152952.4 ], [ 4195329.7, 3152920.6 ], [ 4195355.5, 3152918.3 ], [ 4195370.8, 3152907.5 ], [ 4195374.6, 3152889.5 ], [ 4195365.8, 3152873.4 ], [ 4195391.1, 3152860.5 ], [ 4195395.7, 3152836.0 ], [ 4195385.5, 3152821.5 ], [ 4195340.7, 3152796.5 ], [ 4195325.4, 3152805.1 ], [ 4195307.3, 3152838.6 ], [ 4195168.2, 3152858.7 ], [ 4195097.3, 3152878.0 ], [ 4195036.3, 3152670.4 ], [ 4195228.5, 3152595.6 ], [ 4195277.3, 3152568.8 ], [ 4195350.4, 3152547.2 ], [ 4195355.5, 3152569.1 ], [ 4195371.9, 3152587.0 ], [ 4195379.5, 3152624.2 ], [ 4195418.2, 3152682.0 ], [ 4195434.1, 3152687.9 ], [ 4195450.1, 3152680.1 ], [ 4195495.2, 3152679.5 ], [ 4195507.2, 3152726.6 ], [ 4195538.8, 3152742.7 ], [ 4195556.3, 3152761.8 ], [ 4195535.4, 3152775.0 ], [ 4195535.0, 3152796.4 ], [ 4195584.9, 3152838.6 ], [ 4195523.8, 3152853.2 ], [ 4195511.1, 3152870.2 ], [ 4195545.7, 3153041.4 ], [ 4195566.8, 3153052.3 ], [ 4195657.3, 3153024.4 ], [ 4195656.5, 3153071.3 ], [ 4195670.2, 3153083.1 ], [ 4195690.0, 3153081.9 ], [ 4195699.9, 3153071.4 ], [ 4195710.0, 3153033.1 ], [ 4195750.4, 3152983.8 ], [ 4195853.1, 3152940.6 ], [ 4195862.4, 3152846.3 ], [ 4195849.4, 3152800.5 ], [ 4195854.7, 3152613.8 ], [ 4195702.6, 3152456.7 ], [ 4195703.7, 3152436.2 ], [ 4195872.5, 3152609.7 ], [ 4195863.8, 3152799.0 ], [ 4195878.0, 3152842.6 ], [ 4195873.3, 3152927.7 ], [ 4195881.2, 3152942.7 ], [ 4195898.1, 3152948.4 ], [ 4195911.2, 3152942.5 ], [ 4195936.0, 3152911.1 ], [ 4195954.2, 3152911.8 ], [ 4195961.4, 3152920.4 ], [ 4195945.5, 3152987.1 ], [ 4195921.3, 3153025.9 ], [ 4195928.5, 3153043.0 ], [ 4195979.2, 3153075.7 ], [ 4195980.8, 3153134.0 ], [ 4195962.0, 3153147.6 ], [ 4195963.1, 3153182.8 ], [ 4195974.7, 3153191.4 ], [ 4195997.1, 3153191.8 ], [ 4196136.8, 3153146.8 ], [ 4196244.4, 3153123.6 ], [ 4196339.1, 3153133.6 ], [ 4196389.9, 3153157.8 ], [ 4196432.6, 3153271.4 ], [ 4196477.8, 3153496.6 ], [ 4196497.3, 3153539.8 ], [ 4196494.1, 3153610.9 ], [ 4196547.3, 3153649.2 ], [ 4196554.8, 3153670.9 ], [ 4196542.6, 3153706.1 ], [ 4196550.5, 3153721.6 ], [ 4196622.2, 3153771.1 ], [ 4196751.5, 3153782.7 ], [ 4196873.0, 3153767.7 ], [ 4197001.8, 3153774.3 ], [ 4197132.2, 3153727.3 ], [ 4197152.7, 3153659.8 ], [ 4197219.6, 3153644.7 ], [ 4197326.7, 3153575.9 ], [ 4197384.9, 3153453.3 ], [ 4197378.6, 3153432.4 ], [ 4197353.7, 3153423.3 ], [ 4197328.7, 3153358.6 ], [ 4197151.4, 3153254.1 ], [ 4197209.3, 3153172.0 ], [ 4197227.9, 3153174.5 ], [ 4197242.4, 3153162.7 ], [ 4197328.5, 3153197.8 ], [ 4197349.4, 3153184.3 ], [ 4197354.6, 3153134.0 ], [ 4197373.8, 3153106.2 ], [ 4197373.6, 3153089.0 ], [ 4197281.1, 3153011.9 ], [ 4197309.0, 3152936.2 ], [ 4197306.8, 3152916.5 ], [ 4197380.4, 3152911.5 ], [ 4197390.9, 3153015.1 ], [ 4197402.2, 3153028.9 ], [ 4197423.3, 3153028.2 ], [ 4197432.6, 3153017.2 ], [ 4197489.7, 3152991.1 ], [ 4197594.6, 3152782.4 ], [ 4197628.6, 3152730.1 ], [ 4197698.5, 3152670.2 ], [ 4197753.9, 3152785.5 ], [ 4197766.5, 3152793.5 ], [ 4197796.4, 3152792.6 ], [ 4197914.4, 3152599.7 ], [ 4197897.6, 3152522.1 ], [ 4197750.6, 3152434.7 ], [ 4197684.2, 3152385.5 ], [ 4197658.7, 3152354.2 ], [ 4197760.7, 3152214.6 ], [ 4197791.5, 3152237.6 ], [ 4197801.1, 3152264.5 ], [ 4197832.5, 3152279.7 ], [ 4197823.9, 3152300.4 ], [ 4197831.9, 3152316.2 ], [ 4197933.6, 3152374.2 ], [ 4197951.3, 3152375.9 ], [ 4197962.7, 3152367.2 ], [ 4197969.7, 3152344.1 ], [ 4197959.0, 3152181.8 ], [ 4198075.6, 3152175.6 ], [ 4198089.0, 3152158.2 ], [ 4198079.5, 3152126.5 ], [ 4198158.4, 3152218.1 ], [ 4198150.3, 3152229.4 ], [ 4198152.0, 3152246.5 ], [ 4198209.6, 3152317.5 ], [ 4198152.1, 3152504.4 ], [ 4198153.3, 3152537.2 ], [ 4198181.7, 3152564.4 ], [ 4198199.1, 3152558.1 ], [ 4198215.7, 3152534.9 ], [ 4198279.0, 3152313.1 ], [ 4198379.7, 3152319.8 ], [ 4198372.7, 3152415.5 ], [ 4198386.6, 3152425.8 ], [ 4198452.5, 3152430.4 ], [ 4198467.1, 3152423.2 ], [ 4198494.5, 3152382.1 ], [ 4198552.8, 3152331.8 ], [ 4198596.0, 3152343.7 ], [ 4198612.0, 3152335.8 ], [ 4198729.8, 3152338.7 ], [ 4198762.0, 3152251.2 ], [ 4198763.0, 3152217.3 ], [ 4198751.6, 3152172.5 ], [ 4198712.6, 3152075.1 ], [ 4198686.9, 3152034.1 ], [ 4198633.7, 3151974.7 ], [ 4198500.9, 3151875.0 ], [ 4198354.4, 3151666.7 ], [ 4198302.8, 3151636.0 ], [ 4198163.1, 3151599.7 ], [ 4198092.1, 3151565.0 ], [ 4197979.2, 3151442.0 ], [ 4197864.2, 3151376.0 ], [ 4197764.6, 3151256.3 ], [ 4197675.5, 3151167.7 ], [ 4197657.1, 3151096.5 ], [ 4197676.7, 3151006.4 ], [ 4197673.8, 3150943.1 ], [ 4197640.9, 3150832.0 ], [ 4197642.7, 3150803.7 ], [ 4197660.0, 3150791.5 ], [ 4197691.6, 3150792.2 ], [ 4197804.3, 3150834.8 ], [ 4197879.9, 3150810.6 ], [ 4198022.0, 3150880.9 ], [ 4198100.3, 3150893.2 ], [ 4198149.2, 3150877.9 ], [ 4198209.7, 3150835.2 ], [ 4198343.7, 3150816.0 ], [ 4198361.6, 3150799.1 ], [ 4198380.5, 3150756.6 ], [ 4198406.9, 3150742.1 ], [ 4198468.2, 3150735.9 ], [ 4198610.0, 3150755.6 ], [ 4198744.2, 3150733.6 ], [ 4198832.3, 3150705.9 ], [ 4198877.3, 3150680.3 ], [ 4198919.2, 3150626.2 ], [ 4198917.8, 3150608.6 ], [ 4198907.3, 3150598.9 ], [ 4198889.7, 3150598.9 ], [ 4198771.8, 3150649.6 ], [ 4198664.8, 3150641.1 ], [ 4198646.7, 3150631.4 ], [ 4198622.2, 3150645.1 ], [ 4198593.5, 3150642.9 ], [ 4198572.9, 3150622.8 ], [ 4198573.4, 3150595.0 ], [ 4198528.6, 3150535.8 ], [ 4198618.9, 3150405.5 ], [ 4198665.3, 3150447.4 ], [ 4198707.6, 3150456.7 ], [ 4198893.8, 3150414.6 ], [ 4199045.5, 3150391.6 ], [ 4199059.3, 3150380.1 ], [ 4199067.5, 3150316.8 ], [ 4199050.9, 3150047.0 ], [ 4199056.0, 3149888.3 ], [ 4199081.2, 3149806.3 ], [ 4199145.0, 3149697.7 ], [ 4199137.5, 3149681.0 ], [ 4199112.3, 3149669.7 ], [ 4199053.0, 3149586.6 ], [ 4199269.3, 3149369.3 ], [ 4199410.4, 3149315.7 ], [ 4199452.7, 3149451.3 ], [ 4199468.5, 3149463.3 ], [ 4199514.1, 3149452.3 ], [ 4199553.3, 3149400.6 ], [ 4199619.1, 3149444.8 ], [ 4199635.6, 3149446.2 ], [ 4199742.8, 3149370.1 ], [ 4199733.0, 3149344.3 ], [ 4199583.1, 3149286.7 ], [ 4199579.2, 3149279.3 ], [ 4199578.2, 3149267.0 ], [ 4199595.4, 3149241.9 ], [ 4199635.3, 3149226.7 ], [ 4199666.9, 3149195.6 ], [ 4199663.5, 3149169.2 ], [ 4199679.6, 3149081.8 ], [ 4199639.8, 3149008.8 ], [ 4199509.6, 3149006.7 ], [ 4199487.1, 3148885.0 ], [ 4199468.6, 3148843.1 ], [ 4199479.2, 3148790.4 ], [ 4199492.9, 3148766.9 ], [ 4199618.5, 3148806.4 ], [ 4199622.8, 3148841.4 ], [ 4199647.0, 3148854.4 ], [ 4199661.9, 3148853.3 ], [ 4199696.6, 3148814.7 ], [ 4199700.0, 3148772.0 ], [ 4199758.3, 3148767.7 ], [ 4199778.1, 3148754.0 ], [ 4199782.3, 3148737.2 ], [ 4199772.6, 3148702.6 ], [ 4199808.9, 3148662.5 ], [ 4199823.6, 3148810.4 ], [ 4199844.9, 3148822.5 ], [ 4199862.7, 3148810.8 ], [ 4199886.6, 3148810.9 ], [ 4199896.7, 3148800.3 ], [ 4199930.5, 3148681.4 ], [ 4199950.9, 3148641.3 ], [ 4199979.6, 3148619.2 ], [ 4200069.8, 3148582.1 ], [ 4200096.1, 3148558.2 ], [ 4200109.7, 3148522.1 ], [ 4200109.3, 3148465.7 ], [ 4200102.1, 3148452.9 ], [ 4200084.6, 3148447.7 ], [ 4200007.6, 3148482.3 ], [ 4199988.8, 3148487.3 ], [ 4199968.6, 3148480.8 ], [ 4199952.3, 3148494.3 ], [ 4199896.3, 3148502.5 ], [ 4199886.0, 3148512.4 ], [ 4199885.0, 3148530.0 ], [ 4199924.0, 3148592.2 ], [ 4199855.9, 3148624.3 ], [ 4199809.6, 3148636.3 ], [ 4199792.9, 3148587.5 ], [ 4199792.5, 3148563.5 ], [ 4199809.2, 3148546.8 ], [ 4199803.3, 3148514.9 ], [ 4199720.9, 3148459.4 ], [ 4199780.4, 3148285.2 ], [ 4199782.2, 3148229.4 ], [ 4199874.5, 3148298.1 ], [ 4199936.2, 3148381.7 ], [ 4199950.3, 3148385.7 ], [ 4199966.2, 3148377.2 ], [ 4199994.4, 3148303.9 ], [ 4199961.6, 3148246.3 ], [ 4199965.0, 3148229.0 ], [ 4199934.2, 3148147.9 ], [ 4199874.8, 3148081.4 ], [ 4199852.4, 3148089.5 ], [ 4199848.0, 3148118.7 ], [ 4199784.1, 3148104.6 ], [ 4199782.4, 3147966.6 ], [ 4199769.3, 3147950.2 ], [ 4199728.2, 3147952.4 ], [ 4199678.7, 3147971.5 ], [ 4199658.8, 3148046.1 ], [ 4199577.8, 3148043.2 ], [ 4199560.7, 3148011.2 ], [ 4199527.2, 3148010.7 ], [ 4199515.8, 3147999.1 ], [ 4199559.5, 3147834.9 ], [ 4199574.3, 3147658.0 ], [ 4199561.9, 3147640.1 ], [ 4199467.1, 3147605.1 ], [ 4199445.7, 3147570.9 ], [ 4199440.1, 3147538.1 ], [ 4199480.1, 3147564.4 ], [ 4199571.4, 3147578.5 ], [ 4199590.1, 3147567.8 ], [ 4199592.2, 3147549.7 ], [ 4199558.1, 3147484.1 ], [ 4199662.2, 3147396.4 ], [ 4199667.5, 3147376.9 ], [ 4199654.4, 3147357.8 ], [ 4199714.2, 3147304.7 ], [ 4199713.2, 3147246.2 ], [ 4199726.0, 3147148.7 ], [ 4199720.2, 3147114.2 ], [ 4199703.5, 3147085.1 ], [ 4199658.8, 3147048.6 ], [ 4199584.1, 3147019.8 ], [ 4199524.8, 3147011.7 ], [ 4199377.5, 3147010.4 ], [ 4199350.2, 3147001.9 ], [ 4199323.0, 3146977.5 ], [ 4199293.6, 3146915.7 ], [ 4199260.0, 3146881.4 ], [ 4199203.2, 3146853.8 ], [ 4199074.0, 3146822.6 ], [ 4198976.5, 3146730.4 ], [ 4198851.2, 3146658.2 ], [ 4198788.1, 3146642.9 ], [ 4198609.1, 3146631.1 ], [ 4198539.7, 3146613.5 ], [ 4198499.1, 3146594.3 ], [ 4198455.4, 3146559.2 ], [ 4198398.7, 3146491.8 ], [ 4198114.1, 3146080.4 ], [ 4198062.1, 3146025.5 ], [ 4198029.2, 3146011.0 ], [ 4197998.2, 3146008.4 ], [ 4197794.5, 3146059.9 ], [ 4197656.0, 3146049.9 ], [ 4197406.9, 3145957.3 ], [ 4197218.1, 3145943.9 ], [ 4197062.6, 3145857.9 ], [ 4197022.4, 3145855.2 ], [ 4196894.5, 3145876.6 ], [ 4196848.7, 3145870.3 ], [ 4196805.6, 3145850.7 ], [ 4196765.3, 3145819.7 ], [ 4196717.1, 3145728.5 ], [ 4196692.5, 3145701.8 ], [ 4196563.9, 3145660.8 ], [ 4196525.6, 3145631.7 ], [ 4196508.8, 3145605.5 ], [ 4196505.1, 3145581.4 ], [ 4196525.4, 3145520.5 ], [ 4196527.6, 3145483.5 ], [ 4196515.9, 3145462.6 ], [ 4196494.7, 3145453.1 ], [ 4196429.7, 3145463.7 ], [ 4196381.8, 3145486.1 ], [ 4196316.4, 3145565.6 ], [ 4196244.2, 3145698.1 ], [ 4196208.1, 3145717.7 ], [ 4196151.4, 3145726.2 ], [ 4195977.0, 3145712.4 ], [ 4195792.6, 3145713.7 ], [ 4195660.6, 3145677.5 ], [ 4195637.7, 3145683.5 ], [ 4195599.9, 3145715.2 ], [ 4195553.8, 3145716.3 ], [ 4195474.7, 3145663.7 ], [ 4195425.2, 3145647.8 ], [ 4195368.5, 3145611.7 ], [ 4195315.0, 3145594.9 ], [ 4195236.3, 3145584.8 ], [ 4195126.7, 3145556.9 ], [ 4195052.5, 3145588.0 ], [ 4195028.8, 3145589.4 ], [ 4194961.5, 3145555.6 ], [ 4194905.4, 3145563.8 ], [ 4194843.0, 3145536.0 ], [ 4194775.6, 3145526.9 ], [ 4194702.7, 3145486.3 ], [ 4194629.5, 3145492.1 ], [ 4194601.1, 3145465.8 ], [ 4194583.5, 3145402.1 ], [ 4194504.2, 3145346.0 ], [ 4194462.8, 3145346.5 ], [ 4194416.3, 3145384.4 ], [ 4194397.7, 3145385.6 ], [ 4194375.7, 3145374.7 ], [ 4194362.9, 3145359.0 ], [ 4194356.1, 3145309.9 ], [ 4194380.4, 3145240.8 ], [ 4194371.3, 3145209.3 ], [ 4194321.6, 3145179.2 ], [ 4194215.6, 3145093.1 ], [ 4194186.1, 3145084.6 ], [ 4194141.8, 3145090.6 ], [ 4194113.6, 3145076.0 ], [ 4194108.5, 3145063.7 ], [ 4194118.2, 3145022.2 ], [ 4194115.0, 3144961.0 ], [ 4194123.3, 3144890.0 ], [ 4194084.7, 3144741.5 ], [ 4194080.9, 3144668.6 ], [ 4194066.7, 3144652.6 ], [ 4194047.2, 3144653.3 ], [ 4193935.7, 3144694.9 ], [ 4193797.8, 3144769.7 ], [ 4193643.4, 3144783.8 ], [ 4193549.6, 3144750.4 ], [ 4193456.8, 3144770.0 ], [ 4193406.7, 3144770.1 ], [ 4193374.2, 3144757.1 ], [ 4193291.9, 3144682.5 ], [ 4193268.2, 3144689.4 ], [ 4193259.9, 3144718.5 ], [ 4193141.5, 3144710.9 ], [ 4193027.2, 3144665.2 ], [ 4192912.7, 3144630.6 ], [ 4192889.9, 3144637.1 ], [ 4192884.3, 3144660.0 ], [ 4192831.7, 3144682.1 ], [ 4192793.8, 3144685.7 ], [ 4192782.7, 3144699.0 ], [ 4192775.1, 3144771.1 ], [ 4192789.5, 3144893.2 ], [ 4192811.0, 3144930.2 ], [ 4192900.4, 3145017.4 ], [ 4192907.0, 3145069.8 ], [ 4192938.3, 3145111.1 ], [ 4192924.5, 3145130.5 ], [ 4192932.6, 3145180.0 ], [ 4192929.0, 3145187.7 ], [ 4192908.8, 3145166.9 ], [ 4192780.0, 3145087.9 ], [ 4192682.6, 3145078.6 ], [ 4192666.7, 3145085.4 ], [ 4192644.3, 3145159.3 ], [ 4192653.3, 3145175.5 ], [ 4192680.5, 3145184.9 ], [ 4192632.0, 3145478.2 ], [ 4192584.1, 3145482.6 ], [ 4192578.5, 3145435.1 ], [ 4192536.0, 3145392.5 ], [ 4192550.6, 3145292.5 ], [ 4192508.1, 3145255.4 ], [ 4192507.0, 3145155.6 ], [ 4192423.2, 3145123.6 ], [ 4192289.9, 3144942.0 ], [ 4192273.9, 3144933.7 ], [ 4192259.9, 3144937.7 ], [ 4192250.8, 3144953.4 ], [ 4192258.4, 3144989.5 ], [ 4192280.7, 3145018.6 ], [ 4192289.4, 3145059.6 ], [ 4192324.2, 3145076.3 ], [ 4192337.3, 3145158.9 ], [ 4192406.8, 3145196.6 ], [ 4192388.1, 3145276.3 ], [ 4192339.8, 3145232.7 ], [ 4192304.7, 3145218.4 ], [ 4192272.3, 3145248.2 ], [ 4192253.0, 3145253.5 ], [ 4192234.3, 3145284.2 ], [ 4192188.5, 3145265.0 ], [ 4192166.5, 3145277.1 ], [ 4192166.6, 3145376.4 ], [ 4192179.7, 3145392.3 ], [ 4192200.3, 3145390.3 ], [ 4192200.6, 3145411.0 ], [ 4192197.7, 3145449.8 ], [ 4192142.9, 3145558.2 ], [ 4192118.0, 3145655.3 ], [ 4192126.0, 3145674.1 ], [ 4192151.6, 3145681.8 ], [ 4192138.7, 3145745.5 ], [ 4192152.0, 3145774.3 ], [ 4192142.1, 3145845.1 ], [ 4192065.8, 3145829.5 ], [ 4192052.1, 3145840.1 ], [ 4192042.4, 3145866.2 ], [ 4191926.4, 3145772.6 ], [ 4191825.6, 3145706.3 ], [ 4191804.5, 3145705.0 ], [ 4191781.6, 3145683.1 ], [ 4191765.8, 3145652.9 ], [ 4191735.4, 3145628.0 ], [ 4191604.2, 3145614.6 ], [ 4191545.9, 3145589.5 ], [ 4191458.0, 3145570.2 ], [ 4191358.0, 3145565.4 ], [ 4191297.2, 3145541.7 ], [ 4191241.0, 3145538.5 ], [ 4191223.2, 3145548.5 ], [ 4191201.4, 3145600.7 ], [ 4191172.2, 3145633.3 ], [ 4191115.4, 3145584.7 ], [ 4191084.0, 3145524.7 ], [ 4191041.8, 3145469.8 ], [ 4190975.5, 3145439.6 ], [ 4190962.1, 3145443.4 ], [ 4190950.8, 3145458.8 ], [ 4190906.1, 3145435.1 ], [ 4190838.2, 3145412.8 ], [ 4190838.6, 3145392.9 ], [ 4190824.5, 3145381.1 ], [ 4190715.9, 3145409.3 ], [ 4190675.7, 3145509.6 ], [ 4190632.4, 3145476.4 ], [ 4190612.5, 3145470.8 ], [ 4190586.1, 3145433.9 ], [ 4190628.4, 3145398.7 ], [ 4190637.6, 3145398.1 ], [ 4190656.1, 3145422.7 ], [ 4190682.6, 3145413.9 ], [ 4190685.1, 3145389.2 ], [ 4190667.8, 3145375.4 ], [ 4190653.5, 3145374.6 ], [ 4190649.7, 3145364.2 ], [ 4190686.3, 3145300.5 ], [ 4190730.4, 3145316.4 ], [ 4190750.6, 3145309.6 ], [ 4190761.4, 3145274.5 ], [ 4190759.6, 3145249.0 ], [ 4190718.1, 3145145.4 ], [ 4190666.6, 3145081.2 ], [ 4190638.3, 3145022.1 ], [ 4190663.5, 3145002.6 ], [ 4190656.1, 3144972.8 ], [ 4190637.2, 3144962.8 ], [ 4190616.1, 3144980.4 ], [ 4190567.5, 3144972.3 ], [ 4190521.0, 3144938.2 ], [ 4190569.9, 3144915.9 ], [ 4190611.1, 3144932.1 ], [ 4190669.2, 3144898.8 ], [ 4190672.0, 3144810.6 ], [ 4190634.6, 3144762.6 ], [ 4190757.8, 3144763.4 ], [ 4190799.2, 3144773.8 ], [ 4190878.0, 3144725.9 ], [ 4190885.9, 3144771.0 ], [ 4190900.2, 3144784.9 ], [ 4190952.0, 3144779.7 ], [ 4190967.3, 3144760.1 ], [ 4190960.7, 3144743.0 ], [ 4190872.9, 3144656.3 ], [ 4190764.0, 3144591.8 ], [ 4190726.7, 3144534.4 ], [ 4190722.6, 3144507.6 ], [ 4190734.0, 3144413.2 ], [ 4190730.1, 3144258.8 ], [ 4190740.3, 3144197.7 ], [ 4190761.1, 3144180.1 ], [ 4190804.4, 3144066.6 ], [ 4190841.5, 3144004.7 ], [ 4190869.2, 3143982.1 ], [ 4190877.8, 3143955.8 ], [ 4190870.5, 3143940.0 ], [ 4190835.8, 3143917.9 ], [ 4190834.1, 3143867.0 ], [ 4190777.7, 3143805.7 ], [ 4190717.7, 3143762.3 ], [ 4190650.4, 3143739.8 ], [ 4190633.6, 3143756.5 ], [ 4190636.1, 3143788.7 ], [ 4190682.3, 3143809.5 ], [ 4190722.7, 3143846.6 ], [ 4190675.7, 3143898.1 ], [ 4190598.7, 3143975.9 ], [ 4190533.5, 3144014.8 ], [ 4190447.8, 3144091.9 ], [ 4190401.7, 3144120.4 ], [ 4190369.5, 3144164.9 ], [ 4190317.2, 3144177.3 ], [ 4190287.2, 3144154.2 ], [ 4190259.3, 3144114.4 ], [ 4190232.6, 3144114.2 ], [ 4190221.4, 3144127.0 ], [ 4190214.9, 3144155.3 ], [ 4190156.1, 3144234.0 ], [ 4190046.6, 3144317.7 ], [ 4190017.8, 3144336.2 ], [ 4189994.0, 3144341.4 ], [ 4189984.6, 3144363.8 ], [ 4189843.3, 3144471.3 ], [ 4189837.5, 3144484.7 ], [ 4189845.5, 3144508.5 ], [ 4189842.0, 3144529.7 ], [ 4189821.6, 3144564.3 ], [ 4189836.2, 3144612.1 ], [ 4189773.3, 3144587.4 ], [ 4189739.7, 3144545.8 ], [ 4189684.3, 3144529.2 ], [ 4189663.6, 3144532.6 ], [ 4189562.9, 3144588.3 ], [ 4189362.9, 3144616.9 ], [ 4189178.3, 3144594.4 ], [ 4189027.9, 3144556.2 ], [ 4189002.9, 3144561.9 ], [ 4188883.2, 3144535.0 ], [ 4188862.1, 3144519.0 ], [ 4188817.1, 3144512.9 ], [ 4188734.2, 3144513.2 ], [ 4188723.3, 3144522.2 ], [ 4188719.5, 3144539.9 ], [ 4188667.3, 3144560.5 ], [ 4188662.1, 3144580.8 ], [ 4188682.3, 3144622.5 ], [ 4188572.1, 3144842.3 ], [ 4188544.5, 3144924.6 ], [ 4188535.6, 3145011.8 ], [ 4188489.4, 3145033.6 ], [ 4188477.7, 3145067.0 ], [ 4188394.1, 3145150.9 ], [ 4188395.1, 3145204.8 ], [ 4188383.0, 3145248.0 ], [ 4188391.0, 3145282.3 ], [ 4188416.7, 3145311.1 ], [ 4188656.6, 3145506.9 ], [ 4188708.8, 3145571.0 ], [ 4188679.4, 3145582.9 ], [ 4188673.2, 3145602.1 ], [ 4188619.5, 3145656.2 ], [ 4188624.4, 3145754.5 ], [ 4188611.5, 3145809.3 ], [ 4188613.6, 3145830.9 ], [ 4188474.7, 3145783.9 ], [ 4188416.7, 3145633.7 ], [ 4188361.2, 3145535.0 ], [ 4188349.4, 3145526.5 ], [ 4188328.5, 3145531.3 ], [ 4188299.0, 3145568.2 ], [ 4188265.9, 3145544.3 ], [ 4188248.3, 3145545.1 ], [ 4188158.4, 3145622.2 ], [ 4188077.2, 3145662.5 ], [ 4188059.6, 3145684.1 ], [ 4188017.8, 3145677.1 ], [ 4188008.1, 3145688.5 ], [ 4188009.5, 3145707.0 ], [ 4188045.7, 3145727.8 ], [ 4188122.6, 3145821.8 ], [ 4188127.3, 3145838.5 ], [ 4188178.2, 3145891.7 ], [ 4188206.4, 3145944.9 ], [ 4188207.5, 3145979.1 ], [ 4188196.1, 3146048.9 ], [ 4188095.7, 3146122.5 ], [ 4187946.2, 3146256.0 ], [ 4187890.9, 3146233.7 ], [ 4187853.4, 3146201.0 ], [ 4187776.2, 3146198.0 ], [ 4187711.8, 3146170.9 ], [ 4187686.8, 3146146.5 ], [ 4187663.8, 3146078.1 ], [ 4187620.2, 3145999.4 ], [ 4187537.5, 3145923.5 ], [ 4187504.9, 3145925.2 ], [ 4187471.3, 3145956.6 ], [ 4187464.7, 3145972.9 ], [ 4187469.6, 3145986.3 ], [ 4187545.3, 3146025.4 ], [ 4187660.3, 3146162.9 ], [ 4187721.1, 3146294.7 ], [ 4187732.2, 3146345.5 ], [ 4187725.1, 3146365.2 ], [ 4187699.8, 3146379.6 ], [ 4187687.9, 3146422.0 ], [ 4187669.4, 3146406.1 ], [ 4187641.5, 3146408.9 ], [ 4187627.1, 3146440.6 ], [ 4187607.0, 3146455.4 ], [ 4187612.1, 3146504.7 ], [ 4187588.1, 3146616.2 ], [ 4187597.7, 3146696.7 ], [ 4187526.1, 3146706.0 ], [ 4187510.6, 3146722.8 ], [ 4187509.5, 3146769.9 ], [ 4187530.1, 3146797.2 ], [ 4187536.1, 3146819.1 ], [ 4187515.7, 3146874.9 ], [ 4187517.8, 3146922.5 ], [ 4187544.7, 3146990.0 ], [ 4187588.4, 3147035.2 ], [ 4187625.6, 3147047.0 ], [ 4187742.7, 3147058.1 ], [ 4187911.7, 3147172.2 ], [ 4188183.3, 3147503.3 ], [ 4188200.7, 3147535.7 ], [ 4188207.7, 3147570.4 ], [ 4188175.8, 3147698.3 ], [ 4188187.2, 3147753.7 ], [ 4188371.9, 3148173.0 ], [ 4188665.5, 3148630.5 ], [ 4188689.4, 3148629.3 ], [ 4188712.6, 3148590.4 ], [ 4188740.7, 3148589.4 ], [ 4188764.9, 3148607.4 ], [ 4188759.1, 3148673.2 ], [ 4188774.8, 3148700.5 ], [ 4188955.3, 3148794.8 ], [ 4188969.1, 3148795.2 ], [ 4188984.6, 3148778.4 ], [ 4189018.5, 3148770.7 ], [ 4189142.3, 3148613.5 ], [ 4189152.5, 3148519.1 ], [ 4189178.3, 3148524.4 ], [ 4189241.6, 3148475.4 ], [ 4189266.8, 3148476.0 ], [ 4189292.6, 3148433.8 ], [ 4189289.8, 3148415.6 ], [ 4189230.4, 3148352.3 ], [ 4189216.8, 3148347.8 ], [ 4189202.1, 3148353.5 ], [ 4189205.1, 3148272.2 ], [ 4189229.2, 3148265.2 ], [ 4189237.0, 3148245.0 ], [ 4189186.6, 3148168.0 ], [ 4189225.8, 3148115.9 ], [ 4189327.9, 3148143.9 ], [ 4189327.1, 3148203.6 ], [ 4189343.0, 3148221.4 ], [ 4189448.6, 3148232.4 ], [ 4189464.7, 3148217.4 ], [ 4189469.6, 3148180.4 ], [ 4189521.1, 3148193.6 ], [ 4189515.6, 3148240.6 ], [ 4189522.7, 3148265.3 ], [ 4189534.5, 3148274.0 ], [ 4189573.7, 3148279.4 ], [ 4189576.0, 3148323.0 ], [ 4189592.8, 3148372.2 ], [ 4189471.9, 3148432.6 ], [ 4189462.2, 3148450.6 ], [ 4189564.0, 3148655.4 ], [ 4189578.7, 3148664.2 ], [ 4189638.3, 3148661.3 ], [ 4189628.1, 3148693.5 ], [ 4189632.0, 3148715.7 ], [ 4189614.9, 3148737.5 ], [ 4189607.0, 3148783.4 ], [ 4189573.3, 3148807.2 ], [ 4189552.1, 3148812.2 ], [ 4189541.7, 3148827.4 ], [ 4189454.4, 3148872.0 ], [ 4189432.2, 3148827.4 ], [ 4189413.7, 3148818.6 ], [ 4189313.8, 3148879.0 ], [ 4189309.8, 3148899.4 ], [ 4189331.0, 3148953.4 ], [ 4189313.5, 3148965.2 ], [ 4189308.7, 3148989.7 ], [ 4189290.1, 3149007.3 ], [ 4189235.5, 3149013.9 ], [ 4189219.8, 3149045.5 ], [ 4189223.2, 3149060.1 ], [ 4189235.2, 3149069.1 ], [ 4189283.3, 3149068.0 ], [ 4189215.5, 3149147.8 ], [ 4189124.3, 3149285.3 ], [ 4189105.2, 3149299.2 ], [ 4189074.9, 3149430.2 ], [ 4189089.7, 3149483.1 ], [ 4189076.1, 3149513.4 ], [ 4189075.3, 3149547.4 ], [ 4189026.8, 3149548.0 ], [ 4189011.9, 3149570.3 ], [ 4189018.4, 3149603.5 ], [ 4189052.2, 3149619.8 ], [ 4189045.1, 3149635.4 ], [ 4189023.5, 3149646.7 ], [ 4189017.9, 3149662.8 ], [ 4189032.7, 3149873.8 ], [ 4189049.2, 3149934.9 ], [ 4189074.9, 3149982.6 ], [ 4189147.4, 3150067.5 ], [ 4189314.1, 3150157.1 ], [ 4189424.2, 3150236.7 ], [ 4189502.9, 3150303.4 ], [ 4189522.8, 3150345.8 ], [ 4189519.8, 3150389.7 ], [ 4189306.4, 3151035.3 ], [ 4189321.1, 3151049.8 ], [ 4189363.8, 3151045.5 ], [ 4189390.2, 3151059.3 ], [ 4189422.8, 3151046.6 ], [ 4189572.2, 3151053.4 ], [ 4189568.4, 3151111.9 ], [ 4189553.8, 3151126.2 ], [ 4189552.4, 3151155.4 ], [ 4189513.2, 3151152.9 ], [ 4189487.9, 3151147.7 ], [ 4189468.6, 3151125.1 ], [ 4189413.8, 3151124.6 ], [ 4189387.7, 3151109.2 ], [ 4189378.8, 3151081.4 ], [ 4189355.1, 3151080.1 ], [ 4189186.7, 3151344.6 ], [ 4189181.8, 3151368.3 ], [ 4189142.2, 3151430.6 ], [ 4189138.0, 3151457.2 ], [ 4189061.1, 3151415.3 ], [ 4189035.8, 3151423.1 ], [ 4188763.6, 3151809.7 ], [ 4188746.8, 3151864.1 ], [ 4188716.7, 3152065.7 ], [ 4188715.7, 3152117.3 ], [ 4188740.8, 3152126.6 ], [ 4188796.6, 3152085.4 ], [ 4188815.0, 3152115.3 ], [ 4188867.5, 3152122.4 ], [ 4188903.1, 3152173.8 ], [ 4188917.5, 3152219.4 ], [ 4188945.6, 3152232.6 ], [ 4188966.6, 3152256.4 ], [ 4189003.4, 3152323.0 ], [ 4189036.8, 3152339.5 ], [ 4189185.7, 3152362.2 ], [ 4189206.2, 3152345.8 ], [ 4189226.5, 3152347.4 ], [ 4189262.9, 3152364.2 ], [ 4189298.6, 3152364.7 ], [ 4189403.7, 3152388.3 ], [ 4189442.8, 3152385.4 ], [ 4189456.1, 3152367.3 ], [ 4189475.4, 3152380.8 ], [ 4189544.8, 3152376.8 ], [ 4189557.1, 3152398.9 ], [ 4189569.6, 3152405.4 ], [ 4189612.9, 3152393.7 ], [ 4189680.6, 3152400.9 ], [ 4189690.9, 3152415.6 ], [ 4189692.2, 3152464.0 ], [ 4189702.8, 3152483.5 ], [ 4189693.7, 3152514.6 ], [ 4189715.0, 3152531.2 ], [ 4189763.6, 3152525.6 ], [ 4189798.3, 3152504.7 ], [ 4189842.2, 3152507.0 ], [ 4190049.2, 3152449.1 ], [ 4190135.8, 3152441.1 ], [ 4190203.4, 3152402.1 ], [ 4190237.2, 3152391.7 ], [ 4190272.2, 3152391.9 ], [ 4190301.8, 3152402.4 ], [ 4190323.1, 3152397.2 ], [ 4190337.5, 3152386.7 ], [ 4190341.5, 3152372.4 ], [ 4190332.6, 3152356.3 ], [ 4190315.7, 3152234.6 ], [ 4190355.1, 3152232.1 ], [ 4190395.7, 3152217.1 ], [ 4190492.9, 3152209.4 ], [ 4190487.4, 3152277.0 ], [ 4190452.4, 3152295.3 ], [ 4190399.4, 3152301.3 ], [ 4190381.8, 3152333.1 ], [ 4190397.2, 3152354.7 ], [ 4190479.0, 3152345.9 ], [ 4190479.2, 3152356.7 ], [ 4190433.5, 3152359.7 ], [ 4190360.9, 3152401.4 ], [ 4190315.6, 3152417.2 ], [ 4190227.8, 3152407.7 ], [ 4190189.1, 3152423.0 ], [ 4190169.6, 3152443.3 ], [ 4190141.6, 3152451.9 ], [ 4190084.6, 3152455.0 ], [ 4189882.7, 3152507.8 ], [ 4189820.1, 3152520.2 ], [ 4189799.3, 3152517.4 ], [ 4189776.4, 3152533.1 ], [ 4189734.9, 3152541.8 ], [ 4189690.6, 3152537.6 ], [ 4189645.4, 3152522.2 ], [ 4189623.0, 3152504.0 ], [ 4189600.8, 3152507.9 ], [ 4189576.2, 3152498.4 ], [ 4189555.2, 3152515.2 ], [ 4189545.2, 3152561.1 ], [ 4189525.1, 3152572.3 ], [ 4189514.7, 3152602.8 ], [ 4189448.1, 3152656.8 ], [ 4189377.0, 3152657.3 ], [ 4189302.8, 3152641.2 ], [ 4189244.6, 3152663.1 ], [ 4189192.2, 3152640.4 ], [ 4189069.4, 3152616.0 ], [ 4189017.1, 3152638.4 ], [ 4188987.2, 3152629.7 ], [ 4188952.8, 3152631.0 ], [ 4188871.3, 3152659.0 ], [ 4188843.7, 3152702.4 ], [ 4188751.1, 3152774.3 ], [ 4188744.9, 3152805.9 ], [ 4188761.9, 3152835.6 ], [ 4188804.4, 3152865.4 ], [ 4188854.3, 3152835.9 ], [ 4188902.4, 3152837.5 ], [ 4188917.7, 3152830.7 ], [ 4188916.9, 3152875.0 ], [ 4188927.2, 3152896.7 ], [ 4188941.6, 3152906.8 ], [ 4188966.1, 3152902.1 ], [ 4188974.0, 3152920.2 ], [ 4188987.0, 3152926.7 ], [ 4189096.6, 3152904.8 ], [ 4189098.6, 3152931.3 ], [ 4188994.2, 3152952.8 ], [ 4188973.7, 3152983.7 ], [ 4188925.5, 3152989.9 ], [ 4188888.3, 3152965.4 ], [ 4188871.8, 3152971.6 ], [ 4188865.3, 3152984.3 ], [ 4189040.0, 3153510.8 ], [ 4189054.9, 3153520.2 ], [ 4189099.7, 3153522.4 ], [ 4189259.9, 3153424.1 ], [ 4189290.3, 3153417.9 ], [ 4189321.0, 3153428.1 ], [ 4189342.2, 3153447.9 ], [ 4189386.1, 3153527.6 ], [ 4189628.2, 3153769.6 ], [ 4189652.1, 3153812.0 ], [ 4189685.3, 3153816.1 ], [ 4189730.9, 3153793.6 ], [ 4189751.0, 3153866.2 ], [ 4189734.7, 3153915.9 ], [ 4189726.2, 3153929.4 ], [ 4189705.5, 3153926.7 ], [ 4189685.6, 3153936.0 ], [ 4189649.3, 3153917.1 ], [ 4189634.3, 3153917.0 ], [ 4189619.8, 3153937.5 ], [ 4189632.9, 3153962.1 ], [ 4189726.7, 3154007.0 ], [ 4189972.8, 3154104.1 ], [ 4190053.0, 3154156.8 ], [ 4190087.7, 3154150.7 ], [ 4190142.1, 3154104.9 ], [ 4190179.1, 3154103.7 ], [ 4190344.0, 3154216.9 ], [ 4190384.9, 3154227.1 ], [ 4190400.4, 3154209.2 ], [ 4190424.2, 3154045.4 ], [ 4190441.3, 3154047.5 ], [ 4190446.8, 3154135.9 ], [ 4190441.5, 3154161.3 ], [ 4190459.8, 3154179.7 ], [ 4190483.6, 3154166.5 ], [ 4190489.3, 3154099.1 ], [ 4190535.9, 3154103.7 ], [ 4190592.0, 3154087.7 ], [ 4190610.5, 3154074.0 ], [ 4190628.2, 3154082.7 ], [ 4190639.7, 3154126.0 ], [ 4190652.5, 3154137.8 ], [ 4190753.2, 3154124.5 ], [ 4190764.7, 3154116.9 ], [ 4190769.3, 3154100.4 ], [ 4190736.3, 3153987.1 ], [ 4190834.8, 3153960.3 ], [ 4190848.9, 3153970.6 ], [ 4190866.1, 3153967.5 ], [ 4190897.9, 3153937.8 ], [ 4190926.6, 3153878.5 ], [ 4191063.8, 3153980.9 ], [ 4191082.5, 3153972.0 ], [ 4191105.9, 3153920.6 ], [ 4191139.9, 3153894.5 ], [ 4191167.0, 3153969.1 ], [ 4191143.7, 3153993.2 ], [ 4191140.4, 3154009.4 ], [ 4191156.9, 3154056.3 ], [ 4191157.9, 3154091.9 ], [ 4191170.8, 3154104.8 ], [ 4191189.0, 3154103.4 ], [ 4191218.5, 3154076.4 ], [ 4191252.0, 3154060.8 ], [ 4191321.8, 3154045.4 ], [ 4191371.8, 3154004.0 ], [ 4191388.5, 3154007.0 ], [ 4191407.2, 3154067.7 ], [ 4191448.7, 3154070.3 ], [ 4191464.8, 3154132.4 ], [ 4191601.0, 3154185.9 ], [ 4191734.1, 3154198.6 ], [ 4191909.5, 3154196.9 ], [ 4191882.1, 3154290.8 ], [ 4191896.3, 3154314.1 ], [ 4191931.5, 3154319.3 ], [ 4192244.2, 3154250.0 ], [ 4192261.5, 3154281.7 ], [ 4192282.9, 3154280.3 ], [ 4192304.7, 3154264.1 ], [ 4192331.2, 3154283.2 ], [ 4192348.5, 3154284.7 ], [ 4192362.3, 3154302.2 ], [ 4192366.0, 3154346.5 ], [ 4192386.4, 3154373.8 ], [ 4192402.8, 3154379.2 ], [ 4192429.2, 3154369.0 ], [ 4192438.3, 3154357.2 ], [ 4192429.8, 3154303.5 ] ], [ [ 4189871.8, 3153931.4 ], [ 4189777.0, 3153934.3 ], [ 4189770.1, 3153929.8 ], [ 4189829.4, 3153908.6 ], [ 4189865.7, 3153870.5 ], [ 4189885.6, 3153910.5 ], [ 4189871.8, 3153931.4 ] ], [ [ 4193485.4, 3153493.5 ], [ 4193518.8, 3153514.5 ], [ 4193538.2, 3153550.0 ], [ 4193532.3, 3153559.9 ], [ 4193477.7, 3153578.3 ], [ 4193474.4, 3153573.2 ], [ 4193501.6, 3153548.7 ], [ 4193480.8, 3153505.9 ], [ 4193485.4, 3153493.5 ] ], [ [ 4192479.5, 3153361.1 ], [ 4192493.6, 3153346.6 ], [ 4192549.9, 3153365.8 ], [ 4192528.5, 3153411.2 ], [ 4192516.5, 3153410.9 ], [ 4192481.1, 3153385.7 ], [ 4192479.5, 3153361.1 ] ], [ [ 4192873.5, 3153354.4 ], [ 4192903.6, 3153340.6 ], [ 4192929.1, 3153393.0 ], [ 4192899.2, 3153405.0 ], [ 4192873.5, 3153354.4 ] ], [ [ 4194105.3, 3153343.0 ], [ 4194087.6, 3153324.3 ], [ 4194098.8, 3153318.1 ], [ 4194217.5, 3153378.4 ], [ 4194215.0, 3153395.1 ], [ 4194208.4, 3153397.7 ], [ 4194105.3, 3153343.0 ] ], [ [ 4191341.7, 3153229.0 ], [ 4191356.2, 3153198.5 ], [ 4191408.4, 3153203.5 ], [ 4191413.1, 3153248.7 ], [ 4191370.1, 3153278.8 ], [ 4191341.7, 3153229.0 ] ], [ [ 4194069.2, 3153069.5 ], [ 4194002.8, 3153068.0 ], [ 4193995.3, 3153046.2 ], [ 4194084.7, 3153044.6 ], [ 4194069.2, 3153069.5 ] ], [ [ 4190189.5, 3152929.8 ], [ 4190196.2, 3152881.4 ], [ 4190223.4, 3152832.4 ], [ 4190230.0, 3152917.8 ], [ 4190217.4, 3152941.0 ], [ 4190189.5, 3152929.8 ] ], [ [ 4189963.2, 3152892.4 ], [ 4189938.9, 3152881.7 ], [ 4189929.4, 3152802.7 ], [ 4189954.1, 3152802.8 ], [ 4189972.3, 3152793.9 ], [ 4189972.1, 3152823.9 ], [ 4189990.3, 3152881.1 ], [ 4189963.2, 3152892.4 ] ], [ [ 4190309.2, 3152688.6 ], [ 4190343.2, 3152672.0 ], [ 4190370.3, 3152685.9 ], [ 4190342.0, 3152712.2 ], [ 4190312.7, 3152708.3 ], [ 4190309.2, 3152688.6 ] ], [ [ 4194024.1, 3152670.9 ], [ 4194020.6, 3152633.9 ], [ 4194056.9, 3152635.4 ], [ 4194069.6, 3152643.5 ], [ 4194061.1, 3152669.9 ], [ 4194024.1, 3152670.9 ] ], [ [ 4192812.6, 3152582.0 ], [ 4192772.3, 3152638.6 ], [ 4192742.6, 3152621.2 ], [ 4192739.4, 3152603.3 ], [ 4192721.3, 3152592.5 ], [ 4192722.8, 3152574.6 ], [ 4192748.7, 3152569.8 ], [ 4192762.8, 3152549.9 ], [ 4192812.6, 3152582.0 ] ], [ [ 4191090.3, 3152542.1 ], [ 4191007.2, 3152553.8 ], [ 4191016.5, 3152532.2 ], [ 4191003.8, 3152514.7 ], [ 4190998.2, 3152463.2 ], [ 4191013.5, 3152453.7 ], [ 4191016.6, 3152436.0 ], [ 4190900.2, 3152175.9 ], [ 4190930.0, 3152181.1 ], [ 4190971.1, 3152169.3 ], [ 4191030.2, 3152165.1 ], [ 4191070.5, 3152111.8 ], [ 4191082.8, 3152138.4 ], [ 4191097.8, 3152146.0 ], [ 4191173.2, 3152117.0 ], [ 4191202.0, 3152171.7 ], [ 4191191.7, 3152192.7 ], [ 4191202.6, 3152211.4 ], [ 4191233.4, 3152216.6 ], [ 4191296.6, 3152176.4 ], [ 4191314.9, 3152193.2 ], [ 4191323.6, 3152212.2 ], [ 4191275.9, 3152250.5 ], [ 4191271.4, 3152270.7 ], [ 4191320.4, 3152362.0 ], [ 4191396.7, 3152451.5 ], [ 4191240.8, 3152479.0 ], [ 4191224.1, 3152460.1 ], [ 4191195.8, 3152465.1 ], [ 4191173.6, 3152429.4 ], [ 4191140.0, 3152423.4 ], [ 4191124.3, 3152444.8 ], [ 4191138.0, 3152523.8 ], [ 4191090.3, 3152542.1 ] ], [ [ 4194526.0, 3152510.4 ], [ 4194529.5, 3152477.7 ], [ 4194606.9, 3152452.5 ], [ 4194612.9, 3152490.7 ], [ 4194526.0, 3152510.4 ] ], [ [ 4193782.8, 3152464.1 ], [ 4193726.1, 3152469.7 ], [ 4193724.6, 3152424.9 ], [ 4193760.2, 3152418.4 ], [ 4193782.8, 3152464.1 ] ], [ [ 4195506.4, 3152256.8 ], [ 4195479.2, 3152049.7 ], [ 4195425.6, 3151941.2 ], [ 4195359.0, 3151846.3 ], [ 4195298.3, 3151707.0 ], [ 4195283.4, 3151547.6 ], [ 4195255.0, 3151500.2 ], [ 4195299.5, 3151502.1 ], [ 4195319.7, 3151707.9 ], [ 4195373.4, 3151832.7 ], [ 4195441.3, 3151928.8 ], [ 4195497.5, 3152045.9 ], [ 4195524.6, 3152248.7 ], [ 4195644.8, 3152376.1 ], [ 4195623.8, 3152375.1 ], [ 4195506.4, 3152256.8 ] ], [ [ 4196397.1, 3151844.7 ], [ 4196504.4, 3151838.4 ], [ 4196535.8, 3151901.1 ], [ 4196412.8, 3151902.4 ], [ 4196397.1, 3151844.7 ] ], [ [ 4197667.7, 3151847.4 ], [ 4197622.0, 3151811.9 ], [ 4197631.2, 3151775.4 ], [ 4197688.2, 3151819.1 ], [ 4197667.7, 3151847.4 ] ], [ [ 4193514.1, 3151494.1 ], [ 4193022.4, 3151695.5 ], [ 4193020.5, 3151685.1 ], [ 4193194.6, 3151605.1 ], [ 4193500.3, 3151485.5 ], [ 4193738.8, 3151444.5 ], [ 4194003.6, 3151337.1 ], [ 4194077.7, 3151274.1 ], [ 4194095.6, 3151267.5 ], [ 4194269.5, 3151235.2 ], [ 4194384.4, 3151269.6 ], [ 4194376.3, 3151282.4 ], [ 4194251.5, 3151251.6 ], [ 4194113.4, 3151275.6 ], [ 4194077.9, 3151293.5 ], [ 4193998.6, 3151362.2 ], [ 4193976.2, 3151357.4 ], [ 4193733.4, 3151459.4 ], [ 4193546.7, 3151496.6 ], [ 4193514.1, 3151494.1 ] ], [ [ 4194861.7, 3151376.7 ], [ 4194850.0, 3151329.7 ], [ 4194988.7, 3151270.9 ], [ 4194998.7, 3151390.1 ], [ 4194988.6, 3151423.3 ], [ 4194958.3, 3151418.5 ], [ 4194898.9, 3151437.4 ], [ 4194861.7, 3151376.7 ] ], [ [ 4194687.9, 3151291.2 ], [ 4194661.2, 3151147.3 ], [ 4194668.5, 3151129.2 ], [ 4194721.7, 3151109.4 ], [ 4194729.1, 3151274.9 ], [ 4194687.9, 3151291.2 ] ], [ [ 4192755.7, 3151218.6 ], [ 4192615.7, 3151288.2 ], [ 4192482.0, 3151335.8 ], [ 4192364.1, 3151394.9 ], [ 4192225.4, 3151479.8 ], [ 4192191.3, 3151439.6 ], [ 4192140.6, 3151457.7 ], [ 4192115.6, 3151485.0 ], [ 4192106.2, 3151510.0 ], [ 4192000.2, 3151553.1 ], [ 4191986.2, 3151580.5 ], [ 4191994.0, 3151624.4 ], [ 4191976.8, 3151708.1 ], [ 4191972.2, 3151798.9 ], [ 4191694.0, 3151965.7 ], [ 4191629.1, 3152023.7 ], [ 4191614.8, 3151932.3 ], [ 4191563.3, 3151854.0 ], [ 4191525.0, 3151772.6 ], [ 4191546.1, 3151745.1 ], [ 4191607.2, 3151610.1 ], [ 4191626.7, 3151597.1 ], [ 4191662.1, 3151593.8 ], [ 4191753.1, 3151538.8 ], [ 4191760.2, 3151520.2 ], [ 4191747.2, 3151471.1 ], [ 4191815.3, 3151443.6 ], [ 4191845.7, 3151468.4 ], [ 4191866.4, 3151469.5 ], [ 4191910.0, 3151408.7 ], [ 4192030.9, 3151328.3 ], [ 4192081.2, 3151265.6 ], [ 4192135.8, 3151250.1 ], [ 4192168.6, 3151229.8 ], [ 4192173.3, 3151203.2 ], [ 4192184.9, 3151190.0 ], [ 4192186.3, 3151159.6 ], [ 4192209.3, 3151161.6 ], [ 4192233.4, 3151131.3 ], [ 4192172.5, 3151005.7 ], [ 4192318.9, 3150958.5 ], [ 4192347.3, 3151025.3 ], [ 4192370.0, 3151034.3 ], [ 4192425.3, 3151021.4 ], [ 4192624.0, 3150910.5 ], [ 4192623.0, 3150879.4 ], [ 4192589.7, 3150798.6 ], [ 4192590.2, 3150787.9 ], [ 4192621.7, 3150777.7 ], [ 4192630.9, 3150763.3 ], [ 4192607.1, 3150681.4 ], [ 4192591.3, 3150671.7 ], [ 4192541.5, 3150674.3 ], [ 4192457.2, 3150660.2 ], [ 4192426.2, 3150652.1 ], [ 4192411.9, 3150639.7 ], [ 4192458.9, 3150608.8 ], [ 4192471.0, 3150587.5 ], [ 4192478.5, 3150545.4 ], [ 4192472.2, 3150370.5 ], [ 4192516.3, 3150360.3 ], [ 4192527.3, 3150350.2 ], [ 4192529.3, 3150335.4 ], [ 4192512.0, 3150292.5 ], [ 4192523.4, 3150289.4 ], [ 4192540.7, 3150296.2 ], [ 4192590.8, 3150280.9 ], [ 4192616.2, 3150289.0 ], [ 4192633.5, 3150284.0 ], [ 4192657.1, 3150316.3 ], [ 4192679.8, 3150465.0 ], [ 4192672.6, 3150611.2 ], [ 4192661.5, 3150629.6 ], [ 4192666.9, 3150663.5 ], [ 4192699.2, 3150703.3 ], [ 4192702.4, 3150734.2 ], [ 4192719.2, 3150764.5 ], [ 4192731.2, 3150772.5 ], [ 4192762.1, 3150773.0 ], [ 4192762.1, 3150806.3 ], [ 4192829.1, 3150922.3 ], [ 4192858.2, 3150933.1 ], [ 4192891.5, 3150905.6 ], [ 4192898.5, 3150877.6 ], [ 4192918.9, 3150860.9 ], [ 4192908.5, 3150836.0 ], [ 4192911.6, 3150821.8 ], [ 4192925.9, 3150809.3 ], [ 4192972.3, 3150728.0 ], [ 4192998.2, 3150669.8 ], [ 4193027.2, 3150704.9 ], [ 4193080.2, 3150730.4 ], [ 4193082.1, 3150740.4 ], [ 4193060.8, 3150758.1 ], [ 4193060.6, 3150777.1 ], [ 4193033.7, 3150803.3 ], [ 4193036.6, 3150823.1 ], [ 4193023.0, 3150844.2 ], [ 4193029.1, 3150874.7 ], [ 4192880.7, 3150998.9 ], [ 4192843.1, 3151041.6 ], [ 4192815.9, 3151158.0 ], [ 4192755.7, 3151218.6 ] ], [ [ 4196150.0, 3151024.3 ], [ 4196095.6, 3151013.1 ], [ 4196105.8, 3150958.8 ], [ 4196118.2, 3150941.5 ], [ 4196145.2, 3150933.9 ], [ 4196169.9, 3150964.9 ], [ 4196175.3, 3150993.1 ], [ 4196150.0, 3151024.3 ] ], [ [ 4194632.2, 3150817.2 ], [ 4194624.1, 3150731.4 ], [ 4194647.2, 3150713.4 ], [ 4194666.4, 3150679.1 ], [ 4194701.4, 3150660.1 ], [ 4194725.2, 3150636.0 ], [ 4194741.8, 3150658.5 ], [ 4194727.8, 3150697.9 ], [ 4194728.4, 3150723.1 ], [ 4194706.1, 3150739.1 ], [ 4194697.6, 3150763.6 ], [ 4194632.2, 3150817.2 ] ], [ [ 4196882.0, 3150710.5 ], [ 4196821.3, 3150691.3 ], [ 4196817.6, 3150670.5 ], [ 4196828.4, 3150645.1 ], [ 4196882.9, 3150651.4 ], [ 4196894.6, 3150667.1 ], [ 4196899.3, 3150680.4 ], [ 4196882.0, 3150710.5 ] ], [ [ 4198290.4, 3150645.4 ], [ 4198238.0, 3150637.8 ], [ 4198249.3, 3150593.5 ], [ 4198235.1, 3150574.1 ], [ 4198202.3, 3150583.5 ], [ 4198190.4, 3150608.2 ], [ 4198166.7, 3150608.5 ], [ 4198139.1, 3150597.7 ], [ 4198111.9, 3150570.6 ], [ 4198043.0, 3150552.8 ], [ 4198038.7, 3150547.3 ], [ 4198051.9, 3150503.4 ], [ 4198083.7, 3150514.9 ], [ 4198100.7, 3150511.1 ], [ 4198124.9, 3150446.5 ], [ 4198221.0, 3150454.5 ], [ 4198242.3, 3150467.5 ], [ 4198239.7, 3150489.3 ], [ 4198250.5, 3150503.6 ], [ 4198277.4, 3150499.2 ], [ 4198325.5, 3150521.4 ], [ 4198290.4, 3150645.4 ] ], [ [ 4194102.7, 3150754.8 ], [ 4194079.6, 3150743.3 ], [ 4194076.6, 3150713.8 ], [ 4194161.4, 3150702.9 ], [ 4194133.6, 3150744.1 ], [ 4194102.7, 3150754.8 ] ], [ [ 4197100.2, 3150430.6 ], [ 4197099.7, 3150327.3 ], [ 4197136.5, 3150326.3 ], [ 4197136.2, 3150423.9 ], [ 4197100.2, 3150430.6 ] ], [ [ 4196984.5, 3150337.0 ], [ 4196978.3, 3150336.6 ], [ 4196949.9, 3150276.7 ], [ 4197062.0, 3150248.7 ], [ 4196989.7, 3150309.7 ], [ 4196984.5, 3150337.0 ] ], [ [ 4194246.3, 3150274.0 ], [ 4194225.9, 3150298.4 ], [ 4194232.6, 3150328.4 ], [ 4194135.2, 3150408.1 ], [ 4194080.9, 3150395.5 ], [ 4194073.4, 3150367.9 ], [ 4194054.9, 3150352.2 ], [ 4194072.6, 3150340.6 ], [ 4194073.0, 3150319.9 ], [ 4194108.8, 3150331.8 ], [ 4194129.5, 3150321.6 ], [ 4194133.2, 3150299.3 ], [ 4194110.3, 3150277.3 ], [ 4194103.9, 3150259.8 ], [ 4194128.1, 3150226.2 ], [ 4194151.8, 3150231.8 ], [ 4194171.3, 3150248.3 ], [ 4194221.6, 3150245.5 ], [ 4194235.6, 3150224.8 ], [ 4194230.4, 3150207.6 ], [ 4194217.1, 3150197.7 ], [ 4194266.6, 3150177.5 ], [ 4194310.5, 3150204.3 ], [ 4194256.6, 3150241.3 ], [ 4194246.3, 3150274.0 ] ], [ [ 4191486.2, 3150252.4 ], [ 4191511.6, 3150312.2 ], [ 4191443.0, 3150314.5 ], [ 4191436.1, 3150256.6 ], [ 4191486.2, 3150252.4 ] ], [ [ 4196602.5, 3150353.2 ], [ 4196614.7, 3150353.8 ], [ 4196645.0, 3150380.1 ], [ 4196697.9, 3150387.9 ], [ 4196705.5, 3150422.0 ], [ 4196691.7, 3150427.5 ], [ 4196669.8, 3150418.8 ], [ 4196650.8, 3150421.7 ], [ 4196630.1, 3150410.2 ], [ 4196602.5, 3150353.2 ] ], [ [ 4195546.9, 3150276.0 ], [ 4195605.3, 3150281.0 ], [ 4195606.0, 3150301.9 ], [ 4195479.6, 3150314.3 ], [ 4195457.9, 3150286.9 ], [ 4195546.9, 3150276.0 ] ], [ [ 4190351.9, 3150672.2 ], [ 4190112.0, 3150639.4 ], [ 4190103.1, 3150621.2 ], [ 4190076.5, 3150611.2 ], [ 4190076.9, 3150598.7 ], [ 4190212.2, 3150618.3 ], [ 4190267.7, 3150603.1 ], [ 4190323.8, 3150610.9 ], [ 4190430.5, 3150562.3 ], [ 4190436.6, 3150574.8 ], [ 4190360.2, 3150613.5 ], [ 4190351.9, 3150672.2 ] ], [ [ 4190761.6, 3150791.3 ], [ 4190749.6, 3150813.1 ], [ 4190724.2, 3150809.1 ], [ 4190720.6, 3150737.0 ], [ 4190765.7, 3150738.0 ], [ 4190777.0, 3150786.1 ], [ 4190761.6, 3150791.3 ] ], [ [ 4190382.4, 3151088.8 ], [ 4190469.1, 3151187.9 ], [ 4190456.8, 3151225.1 ], [ 4190380.4, 3151311.9 ], [ 4190287.5, 3151189.0 ], [ 4190305.0, 3151178.2 ], [ 4190382.4, 3151088.8 ] ], [ [ 4191213.3, 3151292.9 ], [ 4191227.0, 3151265.9 ], [ 4191280.2, 3151281.4 ], [ 4191321.5, 3151316.3 ], [ 4191256.6, 3151370.5 ], [ 4191213.3, 3151292.9 ] ], [ [ 4189776.1, 3151586.7 ], [ 4189810.5, 3151597.8 ], [ 4189815.3, 3151611.7 ], [ 4189815.1, 3151716.1 ], [ 4189757.7, 3151709.3 ], [ 4189754.6, 3151692.7 ], [ 4189732.4, 3151675.1 ], [ 4189723.0, 3151642.9 ], [ 4189724.1, 3151608.8 ], [ 4189776.1, 3151586.7 ] ], [ [ 4190436.0, 3151837.2 ], [ 4190416.6, 3151847.0 ], [ 4190404.1, 3151877.6 ], [ 4190388.2, 3151875.6 ], [ 4190352.2, 3151819.5 ], [ 4190339.8, 3151756.6 ], [ 4190442.7, 3151734.9 ], [ 4190458.6, 3151741.4 ], [ 4190481.8, 3151774.6 ], [ 4190477.1, 3151794.0 ], [ 4190436.0, 3151837.2 ] ], [ [ 4191473.3, 3151852.3 ], [ 4191501.9, 3151838.4 ], [ 4191519.0, 3151870.7 ], [ 4191516.2, 3151881.7 ], [ 4191474.0, 3151902.1 ], [ 4191457.6, 3151872.8 ], [ 4191473.3, 3151852.3 ] ], [ [ 4189153.1, 3152021.0 ], [ 4189162.4, 3152040.0 ], [ 4189148.8, 3152118.3 ], [ 4189059.7, 3152056.6 ], [ 4189095.8, 3151995.2 ], [ 4189153.1, 3152021.0 ] ], [ [ 4193444.8, 3151908.6 ], [ 4193462.4, 3151977.6 ], [ 4193446.6, 3151981.0 ], [ 4193435.4, 3151911.6 ], [ 4193444.8, 3151908.6 ] ], [ [ 4193394.0, 3151612.3 ], [ 4193401.1, 3151609.4 ], [ 4193409.0, 3151628.9 ], [ 4193427.3, 3151636.1 ], [ 4193433.6, 3151666.4 ], [ 4193391.2, 3151683.2 ], [ 4193383.0, 3151646.3 ], [ 4193395.8, 3151633.5 ], [ 4193394.0, 3151612.3 ] ], [ [ 4190470.3, 3152635.3 ], [ 4190468.7, 3152664.0 ], [ 4190461.1, 3152666.7 ], [ 4190447.7, 3152656.1 ], [ 4190442.7, 3152629.4 ], [ 4190459.4, 3152622.1 ], [ 4190470.3, 3152635.3 ] ], [ [ 4193587.7, 3150076.5 ], [ 4193567.1, 3149991.6 ], [ 4193745.8, 3149915.6 ], [ 4193788.2, 3149848.5 ], [ 4193840.4, 3149876.6 ], [ 4193862.8, 3149872.3 ], [ 4193861.0, 3149910.1 ], [ 4193828.8, 3149940.6 ], [ 4193798.2, 3150007.8 ], [ 4193760.3, 3150031.8 ], [ 4193587.7, 3150076.5 ] ], [ [ 4196627.8, 3149957.7 ], [ 4196624.1, 3149903.6 ], [ 4196640.0, 3149905.3 ], [ 4196704.4, 3149923.8 ], [ 4196765.1, 3149901.8 ], [ 4196720.7, 3149962.7 ], [ 4196703.3, 3149954.8 ], [ 4196689.3, 3149958.6 ], [ 4196661.8, 3150007.6 ], [ 4196640.1, 3150017.9 ], [ 4196648.1, 3149994.2 ], [ 4196627.8, 3149957.7 ] ], [ [ 4198155.2, 3149890.8 ], [ 4198131.9, 3149862.0 ], [ 4198302.6, 3149792.9 ], [ 4198328.7, 3149812.2 ], [ 4198155.2, 3149890.8 ] ], [ [ 4198521.0, 3149793.0 ], [ 4198594.9, 3149784.7 ], [ 4198601.4, 3149889.5 ], [ 4198532.2, 3149868.6 ], [ 4198521.0, 3149793.0 ] ], [ [ 4192648.7, 3149800.8 ], [ 4192581.8, 3149920.9 ], [ 4192541.1, 3149905.6 ], [ 4192518.7, 3149884.0 ], [ 4192516.9, 3149871.9 ], [ 4192538.2, 3149852.2 ], [ 4192558.6, 3149794.4 ], [ 4192602.8, 3149757.5 ], [ 4192608.2, 3149733.7 ], [ 4192617.6, 3149730.2 ], [ 4192642.6, 3149739.9 ], [ 4192664.4, 3149721.9 ], [ 4192676.3, 3149740.4 ], [ 4192640.9, 3149763.8 ], [ 4192634.0, 3149776.7 ], [ 4192636.7, 3149791.0 ], [ 4192648.7, 3149800.8 ] ], [ [ 4191790.5, 3149876.4 ], [ 4191808.6, 3149925.3 ], [ 4191802.6, 3149931.7 ], [ 4191717.7, 3149904.4 ], [ 4191713.8, 3149889.9 ], [ 4191735.6, 3149871.1 ], [ 4191776.1, 3149868.3 ], [ 4191790.5, 3149876.4 ] ], [ [ 4189714.3, 3149978.5 ], [ 4189621.1, 3150060.0 ], [ 4189659.7, 3149931.8 ], [ 4189714.3, 3149978.5 ] ], [ [ 4195383.4, 3149624.8 ], [ 4195399.9, 3149584.1 ], [ 4195430.9, 3149545.9 ], [ 4195456.8, 3149569.8 ], [ 4195429.9, 3149634.7 ], [ 4195405.7, 3149647.1 ], [ 4195383.4, 3149624.8 ] ], [ [ 4195673.0, 3149565.7 ], [ 4195638.7, 3149541.3 ], [ 4195644.1, 3149416.1 ], [ 4195694.0, 3149462.8 ], [ 4195718.9, 3149516.6 ], [ 4195673.0, 3149565.7 ] ], [ [ 4197568.2, 3149455.4 ], [ 4197408.5, 3149353.5 ], [ 4197422.7, 3149321.5 ], [ 4197400.0, 3149287.6 ], [ 4197402.3, 3149272.1 ], [ 4197553.7, 3149339.6 ], [ 4197566.0, 3149364.3 ], [ 4197603.1, 3149370.7 ], [ 4197589.2, 3149419.7 ], [ 4197568.2, 3149455.4 ] ], [ [ 4190804.6, 3149161.2 ], [ 4190758.9, 3149286.7 ], [ 4190752.5, 3149284.3 ], [ 4190791.3, 3149157.6 ], [ 4190804.6, 3149161.2 ] ], [ [ 4196876.7, 3149228.8 ], [ 4196845.6, 3149224.8 ], [ 4196883.2, 3149108.0 ], [ 4196916.5, 3149122.3 ], [ 4196921.3, 3149167.4 ], [ 4196904.6, 3149193.5 ], [ 4196910.9, 3149225.6 ], [ 4196898.0, 3149240.8 ], [ 4196876.7, 3149228.8 ] ], [ [ 4199202.3, 3149130.7 ], [ 4199199.7, 3149029.7 ], [ 4199209.8, 3149024.5 ], [ 4199275.0, 3149094.9 ], [ 4199202.3, 3149130.7 ] ], [ [ 4194135.5, 3149000.7 ], [ 4194098.5, 3149132.5 ], [ 4194046.8, 3149117.9 ], [ 4193903.7, 3149036.0 ], [ 4194001.6, 3148888.6 ], [ 4194038.8, 3148916.8 ], [ 4194027.3, 3148941.8 ], [ 4194029.5, 3148959.2 ], [ 4194074.4, 3148999.0 ], [ 4194098.9, 3149001.6 ], [ 4194116.7, 3148972.7 ], [ 4194135.5, 3149000.7 ] ], [ [ 4194790.2, 3148980.0 ], [ 4194817.0, 3148962.3 ], [ 4194864.6, 3148927.9 ], [ 4194850.8, 3148961.5 ], [ 4194829.7, 3148981.8 ], [ 4194795.9, 3148992.7 ], [ 4194790.2, 3148980.0 ] ], [ [ 4193114.2, 3149130.7 ], [ 4193097.0, 3149139.8 ], [ 4192974.4, 3149094.3 ], [ 4192999.3, 3149073.7 ], [ 4193071.3, 3149100.9 ], [ 4193114.2, 3149130.7 ] ], [ [ 4189814.6, 3149119.5 ], [ 4189863.4, 3149184.0 ], [ 4189774.1, 3149212.1 ], [ 4189723.7, 3149167.4 ], [ 4189741.1, 3149152.3 ], [ 4189814.6, 3149119.5 ] ], [ [ 4191214.6, 3149141.3 ], [ 4191299.1, 3149132.7 ], [ 4191313.3, 3149180.1 ], [ 4191251.1, 3149195.5 ], [ 4191217.8, 3149159.9 ], [ 4191214.6, 3149141.3 ] ], [ [ 4196308.7, 3149401.9 ], [ 4196268.3, 3149402.6 ], [ 4196264.6, 3149379.0 ], [ 4196291.8, 3149370.6 ], [ 4196359.1, 3149297.4 ], [ 4196396.5, 3149305.3 ], [ 4196385.2, 3149330.2 ], [ 4196308.7, 3149401.9 ] ], [ [ 4190158.8, 3149306.6 ], [ 4190170.7, 3149338.9 ], [ 4190162.1, 3149397.7 ], [ 4190135.7, 3149404.7 ], [ 4190103.3, 3149395.1 ], [ 4190092.2, 3149308.3 ], [ 4190120.6, 3149326.2 ], [ 4190135.1, 3149323.0 ], [ 4190151.5, 3149306.9 ], [ 4190158.8, 3149306.6 ] ], [ [ 4196014.9, 3149321.3 ], [ 4196064.3, 3149330.8 ], [ 4196070.5, 3149355.3 ], [ 4196030.1, 3149365.6 ], [ 4196011.4, 3149362.9 ], [ 4196000.9, 3149339.3 ], [ 4196014.9, 3149321.3 ] ], [ [ 4195433.7, 3148861.2 ], [ 4195452.6, 3148808.1 ], [ 4195449.3, 3148785.9 ], [ 4195437.2, 3148771.6 ], [ 4195450.3, 3148761.0 ], [ 4195473.2, 3148762.9 ], [ 4195497.8, 3148782.0 ], [ 4195504.2, 3148843.6 ], [ 4195473.5, 3148858.0 ], [ 4195433.7, 3148861.2 ] ], [ [ 4198113.0, 3148788.4 ], [ 4197984.0, 3148785.3 ], [ 4197945.5, 3148786.7 ], [ 4197946.7, 3148780.3 ], [ 4197976.5, 3148774.3 ], [ 4198114.2, 3148767.9 ], [ 4198113.0, 3148788.4 ] ], [ [ 4192513.5, 3148706.1 ], [ 4192534.0, 3148809.9 ], [ 4192520.9, 3148806.8 ], [ 4192497.4, 3148769.7 ], [ 4192506.1, 3148706.3 ], [ 4192513.5, 3148706.1 ] ], [ [ 4190253.1, 3148687.0 ], [ 4190206.9, 3148740.9 ], [ 4190195.4, 3148694.0 ], [ 4190213.9, 3148647.4 ], [ 4190241.0, 3148621.5 ], [ 4190244.9, 3148645.2 ], [ 4190264.3, 3148655.9 ], [ 4190253.1, 3148687.0 ] ], [ [ 4190446.9, 3148719.0 ], [ 4190480.2, 3148728.9 ], [ 4190437.2, 3148785.4 ], [ 4190393.3, 3148827.7 ], [ 4190367.9, 3148798.9 ], [ 4190423.4, 3148754.3 ], [ 4190446.9, 3148719.0 ] ], [ [ 4191055.8, 3148842.9 ], [ 4191075.2, 3148767.8 ], [ 4191133.9, 3148783.7 ], [ 4191107.0, 3148836.5 ], [ 4191055.8, 3148842.9 ] ], [ [ 4191670.2, 3148777.8 ], [ 4191683.2, 3148769.5 ], [ 4191703.8, 3148777.0 ], [ 4191708.2, 3148787.1 ], [ 4191696.9, 3148858.1 ], [ 4191653.0, 3148836.9 ], [ 4191653.5, 3148806.9 ], [ 4191670.2, 3148777.8 ] ], [ [ 4191062.7, 3148476.1 ], [ 4191065.5, 3148401.6 ], [ 4191066.2, 3148382.6 ], [ 4191102.4, 3148398.2 ], [ 4191111.7, 3148476.0 ], [ 4191099.9, 3148495.7 ], [ 4191050.1, 3148509.7 ], [ 4191062.7, 3148476.1 ] ], [ [ 4195857.4, 3148469.9 ], [ 4195726.3, 3148469.7 ], [ 4195674.6, 3148458.1 ], [ 4195687.9, 3148436.2 ], [ 4195687.8, 3148411.7 ], [ 4195749.8, 3148420.8 ], [ 4195778.1, 3148435.6 ], [ 4195823.7, 3148431.0 ], [ 4195869.7, 3148441.3 ], [ 4195857.4, 3148469.9 ] ], [ [ 4190116.5, 3148317.5 ], [ 4190136.5, 3148411.3 ], [ 4190125.8, 3148412.7 ], [ 4190108.3, 3148400.9 ], [ 4190091.8, 3148320.1 ], [ 4190116.5, 3148317.5 ] ], [ [ 4190535.8, 3148387.9 ], [ 4190585.4, 3148394.2 ], [ 4190661.4, 3148452.7 ], [ 4190638.2, 3148458.7 ], [ 4190610.4, 3148434.3 ], [ 4190564.8, 3148426.9 ], [ 4190544.1, 3148415.2 ], [ 4190535.8, 3148387.9 ] ], [ [ 4193100.4, 3148346.2 ], [ 4193112.1, 3148291.0 ], [ 4193160.6, 3148293.4 ], [ 4193168.7, 3148327.4 ], [ 4193155.4, 3148364.3 ], [ 4193100.4, 3148346.2 ] ], [ [ 4195880.3, 3148294.7 ], [ 4195891.4, 3148270.2 ], [ 4195877.6, 3148249.5 ], [ 4195812.8, 3148244.4 ], [ 4195776.4, 3148252.8 ], [ 4195765.4, 3148270.0 ], [ 4195731.0, 3148275.7 ], [ 4195707.7, 3148236.9 ], [ 4195775.4, 3148214.9 ], [ 4195781.4, 3148201.4 ], [ 4195777.2, 3148155.9 ], [ 4195798.9, 3148162.7 ], [ 4195805.2, 3148188.3 ], [ 4195826.5, 3148215.3 ], [ 4195875.5, 3148225.4 ], [ 4195893.7, 3148238.6 ], [ 4195914.5, 3148234.3 ], [ 4195933.4, 3148204.8 ], [ 4196022.9, 3148232.8 ], [ 4195971.5, 3148352.8 ], [ 4195933.9, 3148320.3 ], [ 4195880.3, 3148294.7 ] ], [ [ 4194857.0, 3148218.9 ], [ 4194862.9, 3148238.9 ], [ 4194824.3, 3148244.8 ], [ 4194808.1, 3148260.5 ], [ 4194764.2, 3148218.1 ], [ 4194784.8, 3148194.1 ], [ 4194792.6, 3148154.8 ], [ 4194840.4, 3148153.8 ], [ 4194876.0, 3148176.4 ], [ 4194857.0, 3148218.9 ] ], [ [ 4189056.9, 3148408.3 ], [ 4189096.7, 3148415.2 ], [ 4189155.7, 3148410.7 ], [ 4189159.7, 3148419.1 ], [ 4189074.3, 3148457.9 ], [ 4189000.3, 3148440.1 ], [ 4189056.9, 3148408.3 ] ], [ [ 4188668.2, 3147991.9 ], [ 4188682.0, 3147974.6 ], [ 4188709.9, 3148008.2 ], [ 4188714.1, 3148058.8 ], [ 4188706.0, 3148059.2 ], [ 4188687.3, 3148035.2 ], [ 4188668.2, 3147991.9 ] ], [ [ 4191547.0, 3147997.6 ], [ 4191596.9, 3147967.8 ], [ 4191614.7, 3147989.3 ], [ 4191580.4, 3148018.2 ], [ 4191547.0, 3147997.6 ] ], [ [ 4196048.8, 3147986.1 ], [ 4196060.7, 3147875.5 ], [ 4196118.0, 3147894.2 ], [ 4196196.6, 3147906.3 ], [ 4196200.7, 3147923.6 ], [ 4196216.6, 3147932.7 ], [ 4196215.9, 3147997.1 ], [ 4196134.0, 3148007.8 ], [ 4196048.8, 3147986.1 ] ], [ [ 4197133.0, 3147914.2 ], [ 4197182.7, 3147918.2 ], [ 4197190.9, 3147931.3 ], [ 4197165.2, 3147943.8 ], [ 4197152.0, 3147991.2 ], [ 4197103.6, 3147987.9 ], [ 4197105.7, 3147934.4 ], [ 4197133.0, 3147914.2 ] ], [ [ 4192870.2, 3147958.2 ], [ 4192863.4, 3147968.5 ], [ 4192845.3, 3147966.9 ], [ 4192817.2, 3147951.9 ], [ 4192797.2, 3147899.4 ], [ 4192796.7, 3147857.8 ], [ 4192824.7, 3147844.1 ], [ 4192844.5, 3147860.0 ], [ 4192834.8, 3147920.9 ], [ 4192846.0, 3147938.9 ], [ 4192867.5, 3147943.9 ], [ 4192870.2, 3147958.2 ] ], [ [ 4189313.3, 3147809.4 ], [ 4189203.0, 3147885.6 ], [ 4189194.0, 3147883.8 ], [ 4189203.4, 3147859.9 ], [ 4189240.3, 3147812.7 ], [ 4189236.1, 3147795.1 ], [ 4189221.2, 3147785.6 ], [ 4189246.5, 3147765.9 ], [ 4189275.4, 3147797.1 ], [ 4189313.3, 3147809.4 ] ], [ [ 4198598.4, 3147829.0 ], [ 4198598.4, 3147747.5 ], [ 4198727.0, 3147776.7 ], [ 4198710.4, 3147781.1 ], [ 4198695.9, 3147803.5 ], [ 4198700.2, 3147828.1 ], [ 4198598.4, 3147829.0 ] ], [ [ 4188881.2, 3147765.7 ], [ 4188846.3, 3147770.4 ], [ 4188837.2, 3147705.9 ], [ 4188884.3, 3147737.7 ], [ 4188881.2, 3147765.7 ] ], [ [ 4189826.1, 3147723.9 ], [ 4189823.2, 3147669.4 ], [ 4189881.8, 3147618.2 ], [ 4189909.1, 3147650.8 ], [ 4189826.1, 3147723.9 ] ], [ [ 4190752.0, 3147626.6 ], [ 4190765.0, 3147599.9 ], [ 4190789.8, 3147612.4 ], [ 4190781.2, 3147641.2 ], [ 4190752.0, 3147626.6 ] ], [ [ 4196044.9, 3147605.5 ], [ 4196053.6, 3147566.6 ], [ 4196044.5, 3147547.4 ], [ 4195994.8, 3147550.0 ], [ 4195974.8, 3147602.4 ], [ 4195966.6, 3147600.0 ], [ 4195976.3, 3147566.8 ], [ 4195971.5, 3147550.0 ], [ 4195959.5, 3147542.6 ], [ 4195901.7, 3147538.3 ], [ 4195905.5, 3147512.8 ], [ 4195979.5, 3147524.1 ], [ 4196001.0, 3147500.9 ], [ 4196073.6, 3147497.5 ], [ 4196131.9, 3147538.7 ], [ 4196107.4, 3147541.0 ], [ 4196096.6, 3147550.0 ], [ 4196082.5, 3147607.8 ], [ 4196044.9, 3147605.5 ] ], [ [ 4197695.1, 3147562.6 ], [ 4197710.4, 3147512.2 ], [ 4197766.8, 3147529.8 ], [ 4197786.5, 3147558.1 ], [ 4197778.6, 3147592.0 ], [ 4197695.1, 3147562.6 ] ], [ [ 4198360.0, 3147512.4 ], [ 4198371.2, 3147468.8 ], [ 4198391.5, 3147465.3 ], [ 4198389.9, 3147520.2 ], [ 4198360.0, 3147512.4 ] ], [ [ 4196317.0, 3147497.5 ], [ 4196239.4, 3147517.3 ], [ 4196183.6, 3147502.5 ], [ 4196189.0, 3147487.3 ], [ 4196207.2, 3147472.2 ], [ 4196264.8, 3147453.0 ], [ 4196288.4, 3147463.3 ], [ 4196317.0, 3147497.5 ] ], [ [ 4193862.6, 3147450.9 ], [ 4193823.1, 3147476.0 ], [ 4193784.3, 3147412.8 ], [ 4193780.1, 3147398.6 ], [ 4193788.7, 3147386.2 ], [ 4193862.6, 3147450.9 ] ], [ [ 4189729.7, 3147417.8 ], [ 4189760.8, 3147471.2 ], [ 4189699.9, 3147469.8 ], [ 4189681.6, 3147457.0 ], [ 4189705.2, 3147412.5 ], [ 4189729.7, 3147417.8 ] ], [ [ 4190530.0, 3147499.7 ], [ 4190542.8, 3147459.6 ], [ 4190599.4, 3147471.6 ], [ 4190576.0, 3147536.7 ], [ 4190530.0, 3147499.7 ] ], [ [ 4190151.7, 3147876.8 ], [ 4190166.7, 3147870.2 ], [ 4190206.4, 3147890.9 ], [ 4190184.9, 3147912.7 ], [ 4190153.5, 3147889.4 ], [ 4190151.7, 3147876.8 ] ], [ [ 4189405.8, 3147911.7 ], [ 4189425.9, 3147925.9 ], [ 4189408.7, 3147951.1 ], [ 4189382.9, 3147922.8 ], [ 4189405.8, 3147911.7 ] ], [ [ 4196576.7, 3147318.2 ], [ 4196560.3, 3147237.3 ], [ 4196562.3, 3147208.7 ], [ 4196601.7, 3147211.6 ], [ 4196606.5, 3147234.8 ], [ 4196599.2, 3147317.4 ], [ 4196576.7, 3147318.2 ] ], [ [ 4195402.0, 3147246.9 ], [ 4195370.1, 3147234.9 ], [ 4195364.9, 3147219.2 ], [ 4195298.1, 3147160.9 ], [ 4195289.8, 3147107.3 ], [ 4195345.3, 3147103.3 ], [ 4195370.1, 3147140.6 ], [ 4195385.5, 3147148.9 ], [ 4195403.7, 3147176.8 ], [ 4195394.1, 3147195.2 ], [ 4195406.9, 3147220.4 ], [ 4195402.0, 3147246.9 ] ], [ [ 4198052.1, 3147104.7 ], [ 4198076.2, 3147045.8 ], [ 4198103.4, 3147010.0 ], [ 4198103.6, 3146995.0 ], [ 4198090.6, 3146981.7 ], [ 4197995.0, 3146945.4 ], [ 4197996.3, 3146935.1 ], [ 4198122.5, 3146987.3 ], [ 4198110.2, 3147045.0 ], [ 4198115.4, 3147065.5 ], [ 4198099.5, 3147124.9 ], [ 4198081.5, 3147133.0 ], [ 4198052.1, 3147104.7 ] ], [ [ 4197380.4, 3146912.9 ], [ 4197343.9, 3147017.2 ], [ 4197325.3, 3147010.0 ], [ 4197355.7, 3146878.8 ], [ 4197343.3, 3146829.2 ], [ 4197322.9, 3146789.8 ], [ 4197300.1, 3146765.9 ], [ 4197129.9, 3146652.1 ], [ 4197104.9, 3146622.1 ], [ 4197125.5, 3146624.2 ], [ 4197276.3, 3146737.3 ], [ 4197322.6, 3146755.0 ], [ 4197346.6, 3146750.9 ], [ 4197358.4, 3146789.2 ], [ 4197378.0, 3146805.2 ], [ 4197374.0, 3146823.8 ], [ 4197382.2, 3146842.6 ], [ 4197380.4, 3146912.9 ] ], [ [ 4197647.7, 3146661.6 ], [ 4197668.0, 3146609.4 ], [ 4197731.1, 3146638.3 ], [ 4197705.1, 3146697.4 ], [ 4197688.9, 3146680.5 ], [ 4197647.7, 3146661.6 ] ], [ [ 4195094.2, 3146620.4 ], [ 4195081.2, 3146652.4 ], [ 4195087.2, 3146686.2 ], [ 4195006.4, 3146725.0 ], [ 4194995.9, 3146703.9 ], [ 4194976.6, 3146695.2 ], [ 4194848.4, 3146725.3 ], [ 4194844.7, 3146720.5 ], [ 4195084.7, 3146617.7 ], [ 4195103.9, 3146420.3 ], [ 4195130.3, 3146416.1 ], [ 4195117.9, 3146536.9 ], [ 4195124.1, 3146554.3 ], [ 4195145.1, 3146560.3 ], [ 4195243.8, 3146517.4 ], [ 4195240.8, 3146529.6 ], [ 4195094.2, 3146620.4 ] ], [ [ 4195059.9, 3146377.1 ], [ 4195035.4, 3146460.6 ], [ 4194980.2, 3146447.5 ], [ 4195006.7, 3146364.0 ], [ 4195059.9, 3146377.1 ] ], [ [ 4194811.2, 3146427.1 ], [ 4194803.6, 3146529.8 ], [ 4194752.7, 3146630.4 ], [ 4194823.5, 3146335.9 ], [ 4194947.1, 3146168.4 ], [ 4194963.4, 3146165.5 ], [ 4194965.7, 3146175.5 ], [ 4194839.0, 3146329.4 ], [ 4194811.2, 3146427.1 ] ], [ [ 4195177.3, 3146315.0 ], [ 4195190.0, 3146314.3 ], [ 4195155.1, 3146403.8 ], [ 4195140.7, 3146405.5 ], [ 4195177.3, 3146315.0 ] ], [ [ 4195695.9, 3146337.8 ], [ 4195726.8, 3146345.5 ], [ 4195755.7, 3146373.6 ], [ 4195781.2, 3146377.8 ], [ 4195747.7, 3146396.1 ], [ 4195685.3, 3146388.1 ], [ 4195695.9, 3146337.8 ] ], [ [ 4195833.7, 3146363.9 ], [ 4195808.1, 3146360.4 ], [ 4195842.4, 3146283.6 ], [ 4195896.0, 3146196.9 ], [ 4195881.0, 3146255.0 ], [ 4195890.4, 3146275.4 ], [ 4195882.9, 3146297.2 ], [ 4195833.7, 3146363.9 ] ], [ [ 4196265.2, 3146204.5 ], [ 4196184.4, 3146194.3 ], [ 4196185.0, 3146187.8 ], [ 4196227.0, 3146164.8 ], [ 4196247.2, 3146162.6 ], [ 4196263.5, 3146174.9 ], [ 4196265.2, 3146204.5 ] ], [ [ 4195777.0, 3146187.7 ], [ 4195752.2, 3146221.0 ], [ 4195728.0, 3146236.2 ], [ 4195729.8, 3146187.8 ], [ 4195745.2, 3146136.1 ], [ 4195807.4, 3146166.8 ], [ 4195777.0, 3146187.7 ] ], [ [ 4196752.0, 3146145.6 ], [ 4196766.7, 3146091.7 ], [ 4196808.6, 3146103.6 ], [ 4196793.0, 3146159.4 ], [ 4196752.0, 3146145.6 ] ], [ [ 4193271.9, 3146114.1 ], [ 4193238.9, 3146106.9 ], [ 4193200.7, 3146079.0 ], [ 4193191.8, 3146059.0 ], [ 4193207.3, 3146031.0 ], [ 4193271.5, 3146062.1 ], [ 4193291.0, 3146099.6 ], [ 4193271.9, 3146114.1 ] ], [ [ 4193017.2, 3146079.7 ], [ 4193004.8, 3146039.1 ], [ 4193047.5, 3146040.0 ], [ 4193052.3, 3146070.5 ], [ 4193017.2, 3146079.7 ] ], [ [ 4194078.7, 3146234.5 ], [ 4193959.8, 3146289.7 ], [ 4193957.0, 3146275.6 ], [ 4194075.0, 3146226.4 ], [ 4194078.7, 3146234.5 ] ], [ [ 4194487.5, 3146276.8 ], [ 4194494.2, 3146275.8 ], [ 4194495.2, 3146309.5 ], [ 4194462.4, 3146511.2 ], [ 4194443.8, 3146491.6 ], [ 4194407.8, 3146482.5 ], [ 4194382.9, 3146467.0 ], [ 4194386.7, 3146451.7 ], [ 4194436.3, 3146468.6 ], [ 4194456.6, 3146455.9 ], [ 4194487.5, 3146276.8 ] ], [ [ 4190818.7, 3146355.8 ], [ 4190859.3, 3146410.3 ], [ 4190840.9, 3146424.0 ], [ 4190798.3, 3146381.9 ], [ 4190818.7, 3146355.8 ] ], [ [ 4189480.8, 3146399.1 ], [ 4189451.0, 3146433.7 ], [ 4189442.5, 3146415.0 ], [ 4189441.3, 3146404.2 ], [ 4189453.4, 3146388.2 ], [ 4189480.8, 3146399.1 ] ], [ [ 4191040.9, 3146435.3 ], [ 4191063.4, 3146401.5 ], [ 4191093.9, 3146427.0 ], [ 4191072.0, 3146463.6 ], [ 4191040.9, 3146435.3 ] ], [ [ 4189961.8, 3146503.4 ], [ 4189914.8, 3146598.8 ], [ 4189907.2, 3146602.0 ], [ 4189890.8, 3146586.9 ], [ 4189961.8, 3146503.4 ] ], [ [ 4189621.6, 3146593.1 ], [ 4189594.7, 3146605.4 ], [ 4189582.2, 3146571.7 ], [ 4189599.7, 3146562.9 ], [ 4189624.4, 3146577.9 ], [ 4189621.6, 3146593.1 ] ], [ [ 4195767.1, 3146910.9 ], [ 4195721.8, 3146895.3 ], [ 4195667.9, 3146890.6 ], [ 4195666.6, 3146869.4 ], [ 4195678.0, 3146843.8 ], [ 4195664.4, 3146787.8 ], [ 4195704.3, 3146773.3 ], [ 4195763.9, 3146775.2 ], [ 4195767.1, 3146910.9 ] ], [ [ 4194113.0, 3146793.5 ], [ 4194183.1, 3146799.7 ], [ 4194233.1, 3146829.0 ], [ 4194193.6, 3146860.4 ], [ 4194176.4, 3146864.0 ], [ 4194159.0, 3146888.2 ], [ 4194146.5, 3146887.0 ], [ 4194115.2, 3146866.6 ], [ 4194098.5, 3146838.9 ], [ 4194102.1, 3146804.1 ], [ 4194113.0, 3146793.5 ] ], [ [ 4191929.5, 3146851.3 ], [ 4191940.8, 3146915.4 ], [ 4191910.3, 3146939.5 ], [ 4191852.9, 3146889.2 ], [ 4191854.8, 3146845.0 ], [ 4191929.5, 3146851.3 ] ], [ [ 4190786.7, 3146935.3 ], [ 4190773.4, 3146944.3 ], [ 4190758.9, 3146939.2 ], [ 4190725.8, 3146892.0 ], [ 4190768.3, 3146898.5 ], [ 4190786.7, 3146935.3 ] ], [ [ 4191418.5, 3147004.7 ], [ 4191375.0, 3146993.7 ], [ 4191371.7, 3146971.7 ], [ 4191415.1, 3146965.2 ], [ 4191418.5, 3147004.7 ] ], [ [ 4188764.4, 3146976.2 ], [ 4188795.2, 3146995.8 ], [ 4188794.4, 3147016.6 ], [ 4188773.0, 3147020.5 ], [ 4188739.7, 3147002.3 ], [ 4188764.4, 3146976.2 ] ], [ [ 4189187.8, 3147012.5 ], [ 4189206.1, 3146981.7 ], [ 4189232.4, 3147020.3 ], [ 4189223.6, 3147028.2 ], [ 4189187.8, 3147012.5 ] ], [ [ 4194601.6, 3147085.8 ], [ 4194554.6, 3147094.0 ], [ 4194516.6, 3147122.7 ], [ 4194502.0, 3147121.1 ], [ 4194484.5, 3147099.3 ], [ 4194531.2, 3147040.8 ], [ 4194616.9, 3147074.9 ], [ 4194601.6, 3147085.8 ] ], [ [ 4192578.3, 3147120.9 ], [ 4192602.3, 3147217.9 ], [ 4192590.7, 3147266.9 ], [ 4192547.5, 3147120.3 ], [ 4192578.3, 3147120.9 ] ], [ [ 4194622.0, 3147174.9 ], [ 4194717.5, 3147120.9 ], [ 4194738.8, 3147139.6 ], [ 4194631.4, 3147216.5 ], [ 4194618.5, 3147209.7 ], [ 4194614.0, 3147199.1 ], [ 4194622.0, 3147174.9 ] ], [ [ 4195124.2, 3145985.1 ], [ 4195007.8, 3145951.1 ], [ 4195016.1, 3145918.6 ], [ 4195003.4, 3145902.2 ], [ 4194919.2, 3145894.1 ], [ 4194922.9, 3145868.2 ], [ 4194908.1, 3145852.8 ], [ 4194864.0, 3145859.8 ], [ 4194831.3, 3145889.6 ], [ 4194844.1, 3145814.6 ], [ 4194837.7, 3145798.8 ], [ 4194825.5, 3145792.6 ], [ 4194719.2, 3145779.8 ], [ 4194699.7, 3145795.5 ], [ 4194686.3, 3145841.1 ], [ 4194693.9, 3145860.7 ], [ 4194812.0, 3145905.8 ], [ 4194768.5, 3145953.2 ], [ 4194699.8, 3145926.1 ], [ 4194675.3, 3145848.3 ], [ 4194660.5, 3145834.4 ], [ 4194445.1, 3145842.1 ], [ 4194553.9, 3145745.2 ], [ 4194728.8, 3145705.1 ], [ 4194943.4, 3145724.5 ], [ 4195079.7, 3145762.3 ], [ 4195151.7, 3145757.3 ], [ 4195124.2, 3145985.1 ] ], [ [ 4195206.7, 3145943.8 ], [ 4195228.8, 3145768.9 ], [ 4195308.2, 3145792.5 ], [ 4195279.3, 3145946.8 ], [ 4195206.7, 3145943.8 ] ], [ [ 4193381.7, 3145655.0 ], [ 4193369.2, 3145709.8 ], [ 4193308.0, 3145685.7 ], [ 4193172.5, 3145542.5 ], [ 4193318.4, 3145593.3 ], [ 4193329.1, 3145599.2 ], [ 4193332.0, 3145627.8 ], [ 4193381.7, 3145655.0 ] ], [ [ 4192800.6, 3145869.6 ], [ 4192836.9, 3145873.9 ], [ 4192827.5, 3145938.8 ], [ 4192788.1, 3145932.3 ], [ 4192800.6, 3145869.6 ] ], [ [ 4193670.8, 3145878.0 ], [ 4193691.4, 3145873.0 ], [ 4193693.2, 3145897.1 ], [ 4193712.8, 3145917.7 ], [ 4193625.4, 3145953.7 ], [ 4193670.8, 3145878.0 ] ], [ [ 4189110.1, 3145400.4 ], [ 4189177.0, 3145404.4 ], [ 4189176.4, 3145421.0 ], [ 4189110.6, 3145431.5 ], [ 4189110.1, 3145400.4 ] ], [ [ 4189295.8, 3145189.3 ], [ 4189310.6, 3145184.0 ], [ 4189321.4, 3145195.2 ], [ 4189337.4, 3145247.0 ], [ 4189333.8, 3145275.3 ], [ 4189317.2, 3145276.7 ], [ 4189306.8, 3145253.7 ], [ 4189295.8, 3145189.3 ] ], [ [ 4190157.7, 3145064.4 ], [ 4190188.6, 3145076.2 ], [ 4190195.8, 3145102.2 ], [ 4190165.5, 3145106.9 ], [ 4190146.0, 3145080.7 ], [ 4190157.7, 3145064.4 ] ], [ [ 4189887.8, 3144620.4 ], [ 4189892.3, 3144610.1 ], [ 4189915.7, 3144663.2 ], [ 4189918.7, 3144734.3 ], [ 4189873.3, 3144877.4 ], [ 4189833.6, 3144962.0 ], [ 4189831.1, 3144935.2 ], [ 4189850.6, 3144885.5 ], [ 4189847.5, 3144863.9 ], [ 4189871.5, 3144839.1 ], [ 4189872.1, 3144806.8 ], [ 4189901.8, 3144751.3 ], [ 4189895.9, 3144722.7 ], [ 4189909.6, 3144681.0 ], [ 4189887.8, 3144620.4 ] ], [ [ 4190472.8, 3144630.9 ], [ 4190456.7, 3144608.3 ], [ 4190453.8, 3144555.1 ], [ 4190495.6, 3144609.0 ], [ 4190472.8, 3144630.9 ] ], [ [ 4193630.5, 3145221.0 ], [ 4193654.8, 3145200.2 ], [ 4193889.0, 3145310.1 ], [ 4193938.1, 3145382.9 ], [ 4193959.3, 3145432.8 ], [ 4193927.3, 3145415.1 ], [ 4193891.9, 3145380.7 ], [ 4193824.6, 3145347.8 ], [ 4193630.5, 3145221.0 ] ], [ [ 4193165.7, 3145140.5 ], [ 4193175.3, 3145083.3 ], [ 4193261.8, 3145110.0 ], [ 4193262.3, 3145121.5 ], [ 4193260.6, 3145132.5 ], [ 4193176.6, 3145145.7 ], [ 4193165.7, 3145140.5 ] ], [ [ 4197047.7, 3153392.8 ], [ 4197015.2, 3153418.5 ], [ 4196986.3, 3153425.6 ], [ 4196949.0, 3153339.4 ], [ 4196965.3, 3153305.7 ], [ 4196988.2, 3153299.0 ], [ 4197015.0, 3153341.4 ], [ 4197017.2, 3153365.6 ], [ 4197037.1, 3153376.5 ], [ 4197047.7, 3153392.8 ] ] ] } },
{ "type": "Feature", "properties": { "id": "forest_62112", "state": "Nordrhein-Westfalen", "area_ha": 5360.47, "unfragmented": true, "image": "forest_62112.webp", "real_width_m": 10314.7, "real_height_m": 11677.4, "pixel_width": 1031, "pixel_height": 1167, "centroid_x": 4221708.4, "centroid_y": 3130697.0 }, "geometry": { "type": "Polygon", "coordinates": [ [ [ 4222154.5, 3136869.2 ], [ 4222275.0, 3136684.4 ], [ 4222281.6, 3136589.9 ], [ 4222321.7, 3136517.1 ], [ 4222328.8, 3136448.5 ], [ 4222363.7, 3136409.9 ], [ 4222380.1, 3136368.6 ], [ 4222400.9, 3136351.9 ], [ 4222406.5, 3136022.2 ], [ 4222417.5, 3135912.5 ], [ 4222448.8, 3135775.8 ], [ 4222547.7, 3135485.6 ], [ 4222541.0, 3135465.7 ], [ 4222524.2, 3135459.9 ], [ 4222513.0, 3135441.1 ], [ 4222498.3, 3135438.6 ], [ 4222483.2, 3135449.3 ], [ 4222461.2, 3135509.3 ], [ 4222435.8, 3135502.1 ], [ 4222449.5, 3135461.5 ], [ 4222484.9, 3135399.1 ], [ 4222529.5, 3135247.3 ], [ 4222529.3, 3135111.7 ], [ 4222518.6, 3135080.4 ], [ 4222492.0, 3135041.7 ], [ 4222522.7, 3135031.3 ], [ 4222547.0, 3135120.4 ], [ 4222549.8, 3135218.3 ], [ 4222529.4, 3135314.3 ], [ 4222537.7, 3135333.9 ], [ 4222558.8, 3135337.2 ], [ 4222584.2, 3135314.7 ], [ 4222606.5, 3135309.6 ], [ 4222629.9, 3135231.2 ], [ 4222623.2, 3135188.6 ], [ 4222606.7, 3135163.2 ], [ 4222604.5, 3135130.9 ], [ 4222591.6, 3135102.8 ], [ 4222579.4, 3135026.4 ], [ 4222554.8, 3134970.4 ], [ 4222536.4, 3134890.6 ], [ 4222500.0, 3134801.0 ], [ 4222446.1, 3134628.3 ], [ 4222436.9, 3134616.5 ], [ 4222422.3, 3134613.3 ], [ 4222391.7, 3134631.0 ], [ 4222382.0, 3134586.8 ], [ 4222368.1, 3134572.8 ], [ 4222341.7, 3134335.4 ], [ 4222349.2, 3134252.7 ], [ 4222437.0, 3134024.9 ], [ 4222446.8, 3133985.4 ], [ 4222451.9, 3133896.6 ], [ 4222514.5, 3133692.2 ], [ 4222551.0, 3133615.9 ], [ 4222660.7, 3133470.8 ], [ 4222659.3, 3133456.1 ], [ 4222639.5, 3133432.5 ], [ 4222639.6, 3133414.5 ], [ 4222686.1, 3133416.2 ], [ 4222735.0, 3133403.6 ], [ 4222745.2, 3133394.5 ], [ 4222895.3, 3133114.6 ], [ 4222915.7, 3133058.3 ], [ 4222959.5, 3133009.3 ], [ 4222967.9, 3132959.4 ], [ 4222969.7, 3132846.1 ], [ 4222986.1, 3132834.0 ], [ 4223019.6, 3132728.5 ], [ 4223076.0, 3132645.9 ], [ 4223127.2, 3132630.4 ], [ 4223130.5, 3132609.7 ], [ 4223147.8, 3132591.7 ], [ 4223166.0, 3132552.3 ], [ 4223172.6, 3132523.0 ], [ 4223158.1, 3132503.9 ], [ 4223134.9, 3132509.2 ], [ 4223109.1, 3132545.3 ], [ 4223093.8, 3132551.6 ], [ 4223015.0, 3132637.7 ], [ 4222975.3, 3132700.6 ], [ 4222864.2, 3132691.9 ], [ 4222699.8, 3132773.4 ], [ 4222688.2, 3132841.4 ], [ 4222679.0, 3132852.3 ], [ 4222635.1, 3132849.1 ], [ 4222545.6, 3132893.6 ], [ 4222513.9, 3132862.1 ], [ 4222499.1, 3132821.9 ], [ 4222518.9, 3132799.8 ], [ 4222505.3, 3132753.3 ], [ 4222548.2, 3132750.0 ], [ 4222553.5, 3132779.2 ], [ 4222571.8, 3132788.8 ], [ 4222627.7, 3132760.0 ], [ 4222633.1, 3132742.4 ], [ 4222626.2, 3132729.2 ], [ 4222587.6, 3132726.0 ], [ 4222568.5, 3132710.7 ], [ 4222579.4, 3132680.8 ], [ 4222581.5, 3132643.3 ], [ 4222624.8, 3132612.0 ], [ 4222630.5, 3132594.6 ], [ 4222614.2, 3132567.6 ], [ 4222600.9, 3132561.2 ], [ 4222596.8, 3132506.7 ], [ 4222580.9, 3132484.5 ], [ 4222558.6, 3132480.7 ], [ 4222537.6, 3132427.7 ], [ 4222506.9, 3132382.5 ], [ 4222510.9, 3132319.9 ], [ 4222412.3, 3132221.5 ], [ 4222388.2, 3132214.5 ], [ 4222273.2, 3132231.4 ], [ 4222136.1, 3132232.9 ], [ 4221985.0, 3132190.7 ], [ 4221786.7, 3132173.7 ], [ 4221786.4, 3132159.6 ], [ 4222413.7, 3132144.7 ], [ 4222429.7, 3132137.2 ], [ 4222435.0, 3132120.3 ], [ 4222392.6, 3131969.5 ], [ 4222393.8, 3131934.2 ], [ 4222338.1, 3131884.4 ], [ 4222211.7, 3131869.0 ], [ 4222159.8, 3131854.8 ], [ 4222008.1, 3131845.0 ], [ 4221956.4, 3131825.5 ], [ 4221960.4, 3131806.4 ], [ 4221951.6, 3131791.9 ], [ 4221868.9, 3131752.2 ], [ 4221647.4, 3131689.9 ], [ 4221627.8, 3131697.1 ], [ 4221617.5, 3131718.7 ], [ 4221530.9, 3131638.3 ], [ 4221535.5, 3131622.3 ], [ 4221529.5, 3131609.2 ], [ 4221455.7, 3131553.6 ], [ 4221498.2, 3131506.9 ], [ 4221504.8, 3131485.3 ], [ 4221481.1, 3131448.5 ], [ 4221489.9, 3131422.0 ], [ 4221474.4, 3131396.1 ], [ 4221521.2, 3131355.4 ], [ 4221525.7, 3131328.5 ], [ 4221515.0, 3131318.0 ], [ 4221488.3, 3131314.7 ], [ 4221428.2, 3131284.3 ], [ 4221372.4, 3131283.2 ], [ 4221273.9, 3131227.9 ], [ 4221285.4, 3131202.9 ], [ 4221335.9, 3131171.7 ], [ 4221327.3, 3131125.5 ], [ 4221333.4, 3131093.0 ], [ 4221384.6, 3131146.4 ], [ 4221416.2, 3131154.1 ], [ 4221434.1, 3131142.8 ], [ 4221419.5, 3131027.5 ], [ 4221425.5, 3130902.7 ], [ 4221455.0, 3130857.2 ], [ 4221522.2, 3130780.5 ], [ 4221539.7, 3130741.6 ], [ 4221540.6, 3130698.8 ], [ 4221499.7, 3130606.8 ], [ 4221420.5, 3130499.1 ], [ 4221399.6, 3130426.0 ], [ 4221377.4, 3130397.6 ], [ 4221387.5, 3130227.5 ], [ 4221370.3, 3130167.9 ], [ 4221346.6, 3130139.6 ], [ 4221258.5, 3130066.5 ], [ 4221219.8, 3129978.2 ], [ 4221258.2, 3130015.9 ], [ 4221272.4, 3130017.9 ], [ 4221289.6, 3130007.1 ], [ 4221361.8, 3130074.8 ], [ 4221389.7, 3130113.3 ], [ 4221464.7, 3130158.3 ], [ 4221482.1, 3130160.5 ], [ 4221495.5, 3130149.3 ], [ 4221531.7, 3130076.8 ], [ 4221525.8, 3130046.0 ], [ 4221535.6, 3129982.0 ], [ 4221565.8, 3129878.7 ], [ 4221602.0, 3129878.0 ], [ 4221669.5, 3130015.1 ], [ 4221700.1, 3130044.7 ], [ 4221643.7, 3130046.3 ], [ 4221601.8, 3130076.1 ], [ 4221509.6, 3130193.7 ], [ 4221482.2, 3130256.7 ], [ 4221467.3, 3130346.1 ], [ 4221474.2, 3130400.5 ], [ 4221464.2, 3130424.5 ], [ 4221475.1, 3130469.5 ], [ 4221510.3, 3130548.8 ], [ 4221533.2, 3130595.7 ], [ 4221559.4, 3130600.8 ], [ 4221597.5, 3130655.8 ], [ 4221635.8, 3130691.3 ], [ 4221657.9, 3130758.7 ], [ 4221640.1, 3130789.6 ], [ 4221623.9, 3130846.5 ], [ 4221575.1, 3130924.3 ], [ 4221554.9, 3130942.8 ], [ 4221556.1, 3131061.0 ], [ 4221581.6, 3131171.7 ], [ 4221558.9, 3131198.5 ], [ 4221557.2, 3131213.4 ], [ 4221617.3, 3131280.7 ], [ 4221656.3, 3131301.2 ], [ 4221677.2, 3131334.8 ], [ 4221700.4, 3131340.4 ], [ 4221714.2, 3131353.0 ], [ 4221756.2, 3131408.0 ], [ 4221876.7, 3131481.1 ], [ 4221977.1, 3131521.1 ], [ 4222012.5, 3131523.8 ], [ 4222036.0, 3131545.0 ], [ 4222081.1, 3131556.2 ], [ 4222163.0, 3131546.2 ], [ 4222179.1, 3131529.6 ], [ 4222223.1, 3131542.7 ], [ 4222239.9, 3131529.2 ], [ 4222243.7, 3131472.3 ], [ 4222257.0, 3131457.0 ], [ 4222285.6, 3131362.7 ], [ 4222314.8, 3131316.3 ], [ 4222305.6, 3131292.6 ], [ 4222367.5, 3131059.4 ], [ 4222379.5, 3130992.4 ], [ 4222371.2, 3130969.3 ], [ 4222382.6, 3130941.5 ], [ 4222409.7, 3130911.4 ], [ 4222462.6, 3130804.5 ], [ 4222490.4, 3130779.9 ], [ 4222470.2, 3130703.0 ], [ 4222464.8, 3130633.4 ], [ 4222550.1, 3130377.6 ], [ 4222554.4, 3130343.3 ], [ 4222572.6, 3130308.6 ], [ 4222589.4, 3130297.3 ], [ 4222621.5, 3130248.6 ], [ 4222746.9, 3130157.7 ], [ 4222753.4, 3130133.1 ], [ 4222835.0, 3130089.9 ], [ 4222968.7, 3130057.0 ], [ 4222994.8, 3130036.6 ], [ 4223011.6, 3130056.8 ], [ 4223020.8, 3130096.7 ], [ 4223031.8, 3130110.6 ], [ 4222979.3, 3130182.4 ], [ 4222882.3, 3130251.4 ], [ 4222864.8, 3130234.9 ], [ 4222838.9, 3130241.5 ], [ 4222817.2, 3130228.1 ], [ 4222797.0, 3130232.4 ], [ 4222684.7, 3130330.1 ], [ 4222628.1, 3130464.8 ], [ 4222604.6, 3130447.6 ], [ 4222587.8, 3130448.3 ], [ 4222557.2, 3130480.9 ], [ 4222530.4, 3130494.1 ], [ 4222520.1, 3130518.8 ], [ 4222525.5, 3130581.4 ], [ 4222506.1, 3130648.3 ], [ 4222510.2, 3130743.7 ], [ 4222498.1, 3130786.4 ], [ 4222520.8, 3130860.1 ], [ 4222487.3, 3130880.3 ], [ 4222468.9, 3130992.2 ], [ 4222430.3, 3131038.8 ], [ 4222406.8, 3131207.3 ], [ 4222365.7, 3131283.8 ], [ 4222370.1, 3131305.3 ], [ 4222362.3, 3131352.8 ], [ 4222332.5, 3131438.2 ], [ 4222325.4, 3131508.5 ], [ 4222337.5, 3131549.5 ], [ 4222377.9, 3131603.7 ], [ 4222438.0, 3131631.0 ], [ 4222460.7, 3131630.6 ], [ 4222467.8, 3131664.0 ], [ 4222501.5, 3131673.2 ], [ 4222656.3, 3131773.3 ], [ 4222679.6, 3131757.9 ], [ 4222700.3, 3131757.9 ], [ 4222712.1, 3131745.1 ], [ 4222736.8, 3131764.1 ], [ 4222754.0, 3131765.9 ], [ 4222779.5, 3131727.0 ], [ 4222767.8, 3131704.9 ], [ 4222685.5, 3131692.5 ], [ 4222647.6, 3131667.7 ], [ 4222668.5, 3131591.7 ], [ 4222588.7, 3131509.2 ], [ 4222626.8, 3131419.9 ], [ 4222666.8, 3131387.0 ], [ 4222704.9, 3131318.4 ], [ 4222702.9, 3131300.6 ], [ 4222664.8, 3131255.4 ], [ 4222744.0, 3131090.9 ], [ 4222776.8, 3131074.7 ], [ 4222793.4, 3131057.1 ], [ 4222793.5, 3130989.3 ], [ 4222763.8, 3130910.3 ], [ 4222786.0, 3130854.5 ], [ 4222832.5, 3130854.5 ], [ 4222842.8, 3130844.1 ], [ 4222853.1, 3130808.9 ], [ 4222883.7, 3130799.9 ], [ 4222892.8, 3130743.5 ], [ 4222913.7, 3130717.0 ], [ 4222911.4, 3130660.6 ], [ 4222936.4, 3130606.9 ], [ 4222992.1, 3130539.7 ], [ 4223047.0, 3130507.7 ], [ 4223106.1, 3130521.5 ], [ 4223115.9, 3130534.6 ], [ 4223130.5, 3130538.2 ], [ 4223186.1, 3130513.8 ], [ 4223238.9, 3130507.8 ], [ 4223327.6, 3130464.5 ], [ 4223348.8, 3130472.2 ], [ 4223363.6, 3130461.8 ], [ 4223432.4, 3130453.0 ], [ 4223438.8, 3130484.8 ], [ 4223550.9, 3130679.2 ], [ 4223615.2, 3130774.4 ], [ 4223645.9, 3130804.9 ], [ 4223582.6, 3130836.4 ], [ 4223493.9, 3130862.3 ], [ 4223477.9, 3130854.4 ], [ 4223391.3, 3130865.8 ], [ 4223377.6, 3130878.3 ], [ 4223376.8, 3130893.2 ], [ 4223398.4, 3130933.2 ], [ 4223520.2, 3131041.8 ], [ 4223545.1, 3131046.3 ], [ 4223580.3, 3131106.6 ], [ 4223605.5, 3131105.9 ], [ 4223629.8, 3131066.3 ], [ 4223742.3, 3131305.6 ], [ 4223755.7, 3131316.9 ], [ 4223769.9, 3131316.3 ], [ 4223826.4, 3131283.3 ], [ 4224021.7, 3131320.1 ], [ 4224155.5, 3131312.2 ], [ 4224249.4, 3131275.9 ], [ 4224272.7, 3131286.6 ], [ 4224353.5, 3131223.0 ], [ 4224366.9, 3131232.9 ], [ 4224381.2, 3131231.8 ], [ 4224441.8, 3131192.6 ], [ 4224451.3, 3131140.1 ], [ 4224499.9, 3131088.5 ], [ 4224550.6, 3131106.0 ], [ 4224572.4, 3131091.0 ], [ 4224594.8, 3130939.6 ], [ 4224592.2, 3130890.5 ], [ 4224574.6, 3130856.8 ], [ 4224576.8, 3130824.0 ], [ 4224545.5, 3130804.5 ], [ 4224532.0, 3130783.8 ], [ 4224555.1, 3130763.6 ], [ 4224609.0, 3130739.0 ], [ 4224628.3, 3130710.6 ], [ 4224632.0, 3130689.0 ], [ 4224620.3, 3130670.6 ], [ 4224589.3, 3130668.7 ], [ 4224580.2, 3130589.2 ], [ 4224526.3, 3130419.7 ], [ 4224528.4, 3130395.6 ], [ 4224510.8, 3130384.1 ], [ 4224467.8, 3130294.6 ], [ 4224453.8, 3130285.3 ], [ 4224335.9, 3130316.5 ], [ 4224321.5, 3130301.9 ], [ 4224307.3, 3130300.5 ], [ 4224139.6, 3130369.4 ], [ 4224121.3, 3130329.2 ], [ 4224121.3, 3130249.3 ], [ 4224148.3, 3130239.1 ], [ 4224162.2, 3130260.9 ], [ 4224183.1, 3130263.2 ], [ 4224378.5, 3130141.1 ], [ 4224374.2, 3130098.1 ], [ 4224382.5, 3130085.7 ], [ 4224386.2, 3130043.5 ], [ 4224423.7, 3130009.0 ], [ 4224441.5, 3129958.8 ], [ 4224502.4, 3129890.5 ], [ 4224513.9, 3129848.4 ], [ 4224494.7, 3129775.9 ], [ 4224443.2, 3129693.5 ], [ 4224378.9, 3129659.5 ], [ 4224173.9, 3129520.7 ], [ 4224149.9, 3129514.0 ], [ 4224082.0, 3129515.5 ], [ 4223941.7, 3129564.4 ], [ 4223834.9, 3129561.8 ], [ 4223649.2, 3129467.7 ], [ 4223583.2, 3129419.7 ], [ 4223517.4, 3129399.6 ], [ 4223405.8, 3129390.6 ], [ 4223398.7, 3129351.8 ], [ 4223436.1, 3129289.4 ], [ 4223589.2, 3129351.5 ], [ 4223751.4, 3129458.8 ], [ 4223830.2, 3129477.0 ], [ 4223910.1, 3129484.3 ], [ 4224059.1, 3129468.5 ], [ 4224159.7, 3129433.1 ], [ 4224200.4, 3129466.0 ], [ 4224269.8, 3129495.3 ], [ 4224366.5, 3129565.6 ], [ 4224384.3, 3129590.6 ], [ 4224436.7, 3129624.5 ], [ 4224479.1, 3129679.1 ], [ 4224504.2, 3129680.6 ], [ 4224529.2, 3129656.9 ], [ 4224611.9, 3129714.0 ], [ 4224621.1, 3129738.4 ], [ 4224593.0, 3129792.0 ], [ 4224580.6, 3129861.9 ], [ 4224511.0, 3129959.9 ], [ 4224497.3, 3129999.3 ], [ 4224496.0, 3130039.6 ], [ 4224531.1, 3130187.7 ], [ 4224558.3, 3130248.5 ], [ 4224547.4, 3130262.2 ], [ 4224548.2, 3130276.3 ], [ 4224614.4, 3130382.4 ], [ 4224631.2, 3130387.3 ], [ 4224648.9, 3130380.1 ], [ 4224717.6, 3130426.0 ], [ 4224844.4, 3130533.1 ], [ 4224860.5, 3130556.8 ], [ 4225005.9, 3130656.9 ], [ 4225061.6, 3130667.8 ], [ 4225080.7, 3130659.8 ], [ 4225084.8, 3130639.6 ], [ 4225187.1, 3130586.1 ], [ 4225352.0, 3130607.6 ], [ 4225378.9, 3130596.5 ], [ 4225380.7, 3130572.8 ], [ 4225420.4, 3130528.6 ], [ 4225471.4, 3130398.7 ], [ 4225489.7, 3130406.3 ], [ 4225505.9, 3130398.3 ], [ 4225572.6, 3130282.4 ], [ 4225571.1, 3130264.1 ], [ 4225546.2, 3130245.7 ], [ 4225544.5, 3130228.7 ], [ 4225527.3, 3130211.0 ], [ 4225555.4, 3130172.4 ], [ 4225575.7, 3130190.6 ], [ 4225593.4, 3130193.4 ], [ 4225646.3, 3130144.3 ], [ 4225645.1, 3130122.7 ], [ 4225626.0, 3130106.2 ], [ 4225691.0, 3129917.7 ], [ 4225794.8, 3129948.9 ], [ 4225849.8, 3129953.0 ], [ 4225890.0, 3129947.9 ], [ 4225962.1, 3129920.4 ], [ 4225984.1, 3129923.4 ], [ 4226063.8, 3130004.6 ], [ 4226084.8, 3130048.1 ], [ 4226153.5, 3130063.7 ], [ 4226224.3, 3130142.3 ], [ 4226246.9, 3130134.8 ], [ 4226256.7, 3130097.4 ], [ 4226272.7, 3130088.2 ], [ 4226306.6, 3130104.6 ], [ 4226414.8, 3130090.1 ], [ 4226565.9, 3130109.3 ], [ 4226627.2, 3130096.5 ], [ 4226680.3, 3130074.4 ], [ 4226694.9, 3130093.6 ], [ 4226743.7, 3130101.2 ], [ 4226761.6, 3130084.0 ], [ 4226762.8, 3129977.4 ], [ 4226748.9, 3129966.1 ], [ 4226687.1, 3129959.9 ], [ 4226637.9, 3129923.8 ], [ 4226633.0, 3129864.1 ], [ 4226767.8, 3129814.4 ], [ 4226901.0, 3129783.1 ], [ 4226909.7, 3129817.8 ], [ 4226923.2, 3129828.0 ], [ 4227010.7, 3129810.9 ], [ 4227040.8, 3129877.5 ], [ 4227063.0, 3129887.0 ], [ 4227081.6, 3129873.8 ], [ 4227080.9, 3129850.5 ], [ 4227102.6, 3129815.5 ], [ 4227120.1, 3129810.4 ], [ 4227127.5, 3129797.7 ], [ 4227123.0, 3129780.0 ], [ 4226984.9, 3129606.7 ], [ 4226979.3, 3129564.7 ], [ 4226948.9, 3129530.4 ], [ 4226945.1, 3129494.6 ], [ 4226953.4, 3129470.0 ], [ 4226892.7, 3129385.5 ], [ 4226865.6, 3129291.4 ], [ 4226777.6, 3129205.5 ], [ 4226555.2, 3129122.8 ], [ 4226561.2, 3129073.9 ], [ 4226546.1, 3129056.6 ], [ 4226310.0, 3129066.2 ], [ 4226454.0, 3128918.1 ], [ 4226602.6, 3128711.3 ], [ 4226656.3, 3128679.4 ], [ 4226804.3, 3128662.1 ], [ 4226815.6, 3128637.9 ], [ 4226800.5, 3128608.0 ], [ 4226695.2, 3128559.7 ], [ 4226618.7, 3128557.5 ], [ 4226615.5, 3128537.9 ], [ 4226597.8, 3128526.9 ], [ 4226508.5, 3128581.8 ], [ 4226492.5, 3128563.0 ], [ 4226479.1, 3128559.3 ], [ 4226443.6, 3128588.6 ], [ 4226436.6, 3128584.2 ], [ 4226442.0, 3128522.8 ], [ 4226419.0, 3128461.6 ], [ 4226390.9, 3128462.0 ], [ 4226382.8, 3128494.7 ], [ 4226344.4, 3128471.7 ], [ 4226274.9, 3128479.2 ], [ 4226259.5, 3128443.3 ], [ 4226241.5, 3128433.0 ], [ 4226141.6, 3128460.2 ], [ 4226136.7, 3128481.4 ], [ 4226153.0, 3128505.7 ], [ 4226128.1, 3128517.6 ], [ 4226102.7, 3128565.0 ], [ 4226081.7, 3128576.6 ], [ 4226063.8, 3128562.0 ], [ 4226039.6, 3128562.6 ], [ 4225991.3, 3128597.6 ], [ 4225978.7, 3128573.5 ], [ 4225945.0, 3128572.4 ], [ 4225930.5, 3128560.0 ], [ 4225935.5, 3128529.8 ], [ 4225917.5, 3128503.5 ], [ 4225876.9, 3128507.9 ], [ 4225831.6, 3128524.9 ], [ 4225802.1, 3128488.6 ], [ 4225746.9, 3128507.4 ], [ 4225742.5, 3128490.4 ], [ 4225727.1, 3128482.1 ], [ 4225636.7, 3128491.0 ], [ 4225628.9, 3128482.8 ], [ 4225651.2, 3128455.0 ], [ 4225638.4, 3128429.5 ], [ 4225619.8, 3128421.5 ], [ 4225587.7, 3128432.9 ], [ 4225600.5, 3128325.4 ], [ 4225644.8, 3128243.6 ], [ 4225686.3, 3128250.7 ], [ 4225723.8, 3128245.9 ], [ 4225747.5, 3128263.8 ], [ 4225763.5, 3128263.6 ], [ 4225773.2, 3128277.4 ], [ 4225798.1, 3128290.2 ], [ 4225842.9, 3128288.5 ], [ 4225955.6, 3128234.0 ], [ 4226026.8, 3128179.9 ], [ 4226143.4, 3128112.3 ], [ 4226157.9, 3128144.3 ], [ 4226176.8, 3128151.8 ], [ 4226247.5, 3128109.9 ], [ 4226273.1, 3128119.7 ], [ 4226319.0, 3128103.8 ], [ 4226330.1, 3128085.7 ], [ 4226322.6, 3128055.9 ], [ 4226413.1, 3128021.6 ], [ 4226466.0, 3127983.4 ], [ 4226438.9, 3127888.3 ], [ 4226426.4, 3127875.4 ], [ 4226385.1, 3127875.6 ], [ 4226374.2, 3127890.2 ], [ 4226375.9, 3127920.2 ], [ 4226277.3, 3127974.7 ], [ 4226259.8, 3127964.0 ], [ 4226202.1, 3127969.3 ], [ 4226179.9, 3127954.7 ], [ 4226167.4, 3127896.3 ], [ 4226083.0, 3127854.1 ], [ 4226009.6, 3127874.3 ], [ 4225995.7, 3127894.4 ], [ 4225880.0, 3127908.4 ], [ 4225846.6, 3127927.8 ], [ 4225798.0, 3127919.2 ], [ 4225702.2, 3127978.3 ], [ 4225638.6, 3127983.6 ], [ 4225611.8, 3127976.3 ], [ 4225565.0, 3127892.5 ], [ 4225502.0, 3127869.0 ], [ 4225494.3, 3127850.2 ], [ 4225427.7, 3127796.6 ], [ 4225425.3, 3127786.4 ], [ 4225484.1, 3127768.7 ], [ 4225536.4, 3127739.7 ], [ 4225542.2, 3127717.0 ], [ 4225616.1, 3127625.8 ], [ 4225612.8, 3127601.3 ], [ 4225572.2, 3127583.2 ], [ 4225556.4, 3127564.0 ], [ 4225688.8, 3127512.4 ], [ 4225702.0, 3127535.5 ], [ 4225726.8, 3127542.0 ], [ 4225797.4, 3127532.1 ], [ 4225906.6, 3127500.2 ], [ 4225959.9, 3127495.1 ], [ 4225972.2, 3127471.3 ], [ 4225946.7, 3127422.9 ], [ 4225999.7, 3127392.7 ], [ 4226004.0, 3127374.9 ], [ 4225996.5, 3127362.2 ], [ 4225864.7, 3127334.9 ], [ 4225795.7, 3127341.9 ], [ 4225709.9, 3127338.4 ], [ 4225596.0, 3127368.1 ], [ 4225541.7, 3127371.1 ], [ 4225446.0, 3127399.9 ], [ 4225428.5, 3127377.9 ], [ 4225405.5, 3127381.2 ], [ 4225354.1, 3127440.2 ], [ 4225327.9, 3127492.4 ], [ 4225361.1, 3127530.9 ], [ 4225383.4, 3127538.6 ], [ 4225430.3, 3127639.6 ], [ 4225430.2, 3127662.6 ], [ 4225400.1, 3127683.6 ], [ 4225397.7, 3127707.7 ], [ 4225352.6, 3127723.7 ], [ 4225326.4, 3127689.4 ], [ 4225293.9, 3127688.1 ], [ 4225279.1, 3127697.7 ], [ 4225276.1, 3127715.2 ], [ 4225285.0, 3127731.2 ], [ 4225268.5, 3127748.3 ], [ 4225268.6, 3127770.8 ], [ 4225315.3, 3127852.1 ], [ 4225059.1, 3127762.1 ], [ 4225046.8, 3127747.9 ], [ 4225025.4, 3127749.9 ], [ 4224945.8, 3127721.7 ], [ 4224802.8, 3127659.7 ], [ 4224783.2, 3127664.0 ], [ 4224760.9, 3127697.4 ], [ 4224568.8, 3127568.1 ], [ 4224586.2, 3127501.8 ], [ 4224547.0, 3127427.6 ], [ 4224530.7, 3127422.7 ], [ 4224490.0, 3127433.3 ], [ 4224468.8, 3127364.9 ], [ 4224535.9, 3127327.5 ], [ 4224619.2, 3127248.2 ], [ 4224616.7, 3127228.3 ], [ 4224523.6, 3127123.0 ], [ 4224543.6, 3127096.8 ], [ 4224606.3, 3127078.2 ], [ 4224613.8, 3127051.3 ], [ 4224590.1, 3127032.6 ], [ 4224529.6, 3127032.0 ], [ 4224512.0, 3127049.9 ], [ 4224438.3, 3127087.6 ], [ 4224414.8, 3127080.8 ], [ 4224389.5, 3127092.5 ], [ 4224385.6, 3127026.1 ], [ 4224372.8, 3127013.3 ], [ 4224354.2, 3127014.2 ], [ 4224349.9, 3126999.9 ], [ 4224372.2, 3126976.4 ], [ 4224415.0, 3126956.3 ], [ 4224463.4, 3126949.6 ], [ 4224472.7, 3126970.3 ], [ 4224488.9, 3126978.1 ], [ 4224538.8, 3126957.2 ], [ 4224613.9, 3126951.9 ], [ 4224626.2, 3126939.2 ], [ 4224629.2, 3126902.3 ], [ 4224660.9, 3126895.6 ], [ 4224709.5, 3126893.1 ], [ 4224736.7, 3126906.7 ], [ 4224752.4, 3126905.2 ], [ 4224887.8, 3126973.3 ], [ 4224945.2, 3126994.0 ], [ 4224943.5, 3127006.1 ], [ 4224918.5, 3127019.7 ], [ 4224896.2, 3127045.9 ], [ 4224887.3, 3127070.6 ], [ 4224889.9, 3127097.1 ], [ 4224871.6, 3127124.2 ], [ 4224877.7, 3127137.4 ], [ 4224958.6, 3127208.3 ], [ 4225035.4, 3127239.1 ], [ 4225210.8, 3127275.0 ], [ 4225228.0, 3127270.9 ], [ 4225236.0, 3127259.0 ], [ 4225226.4, 3127190.9 ], [ 4225168.5, 3127181.8 ], [ 4225145.7, 3127138.3 ], [ 4225079.5, 3127135.0 ], [ 4225057.3, 3127107.7 ], [ 4225107.8, 3127086.0 ], [ 4225253.1, 3126991.8 ], [ 4225330.0, 3126914.5 ], [ 4225344.9, 3126924.0 ], [ 4225417.8, 3126922.6 ], [ 4225404.3, 3126941.5 ], [ 4225342.2, 3126968.9 ], [ 4225278.0, 3127025.3 ], [ 4225272.6, 3127046.0 ], [ 4225287.4, 3127061.5 ], [ 4225348.2, 3127056.8 ], [ 4225474.7, 3127074.2 ], [ 4225488.8, 3127095.1 ], [ 4225585.5, 3127109.7 ], [ 4225648.6, 3127077.3 ], [ 4225659.6, 3127052.2 ], [ 4225752.0, 3127076.9 ], [ 4225797.9, 3127081.6 ], [ 4225907.9, 3127146.2 ], [ 4225924.9, 3127146.6 ], [ 4225953.6, 3127111.7 ], [ 4225983.0, 3127104.5 ], [ 4225986.9, 3127079.6 ], [ 4225951.6, 3127055.5 ], [ 4225816.3, 3126994.6 ], [ 4225826.2, 3126934.0 ], [ 4225871.4, 3126949.5 ], [ 4225889.2, 3126947.0 ], [ 4225952.2, 3126974.3 ], [ 4225995.5, 3127008.9 ], [ 4226141.5, 3127167.7 ], [ 4226162.6, 3127165.6 ], [ 4226183.6, 3127141.8 ], [ 4226271.2, 3127146.2 ], [ 4226286.9, 3127127.3 ], [ 4226275.3, 3127105.6 ], [ 4226213.3, 3127086.2 ], [ 4226189.4, 3127049.4 ], [ 4226003.4, 3126844.1 ], [ 4225892.5, 3126743.1 ], [ 4225862.7, 3126660.8 ], [ 4225799.0, 3126562.9 ], [ 4225777.9, 3126459.3 ], [ 4225753.3, 3126397.2 ], [ 4225729.2, 3126398.6 ], [ 4225681.2, 3126448.0 ], [ 4225530.9, 3126416.4 ], [ 4225511.5, 3126394.9 ], [ 4225439.3, 3126387.1 ], [ 4225424.1, 3126369.1 ], [ 4225332.3, 3126355.0 ], [ 4225309.5, 3126339.4 ], [ 4225182.0, 3126359.7 ], [ 4225157.2, 3126388.5 ], [ 4225157.0, 3126409.1 ], [ 4225063.7, 3126433.8 ], [ 4225037.3, 3126428.7 ], [ 4225011.5, 3126402.5 ], [ 4224970.2, 3126399.4 ], [ 4224922.6, 3126406.2 ], [ 4224868.2, 3126433.6 ], [ 4224781.3, 3126399.7 ], [ 4224604.6, 3126366.9 ], [ 4224623.7, 3126341.0 ], [ 4224607.0, 3126318.5 ], [ 4224605.2, 3126288.9 ], [ 4224573.3, 3126249.6 ], [ 4224533.1, 3126223.3 ], [ 4224536.9, 3126213.8 ], [ 4224554.2, 3126213.8 ], [ 4224582.6, 3126197.7 ], [ 4224603.2, 3126215.5 ], [ 4224635.4, 3126274.7 ], [ 4224703.2, 3126332.6 ], [ 4224754.6, 3126360.0 ], [ 4224838.3, 3126368.0 ], [ 4224894.9, 3126361.7 ], [ 4224957.2, 3126338.3 ], [ 4225073.8, 3126323.8 ], [ 4225176.0, 3126301.2 ], [ 4225182.0, 3126280.9 ], [ 4225168.5, 3126261.4 ], [ 4225142.1, 3126248.5 ], [ 4225120.8, 3126251.7 ], [ 4225084.8, 3126241.1 ], [ 4225063.5, 3126227.7 ], [ 4225014.4, 3126174.2 ], [ 4225030.9, 3126159.8 ], [ 4225066.9, 3126157.4 ], [ 4225119.3, 3126168.6 ], [ 4225142.3, 3126211.1 ], [ 4225173.1, 3126229.0 ], [ 4225226.0, 3126241.4 ], [ 4225255.3, 3126233.3 ], [ 4225396.4, 3126244.5 ], [ 4225618.9, 3126248.4 ], [ 4225716.7, 3126264.6 ], [ 4225803.8, 3126316.1 ], [ 4225832.3, 3126344.3 ], [ 4225885.6, 3126450.5 ], [ 4225931.7, 3126575.6 ], [ 4225954.7, 3126616.7 ], [ 4226018.1, 3126693.7 ], [ 4226005.6, 3126707.8 ], [ 4226007.3, 3126725.4 ], [ 4226144.8, 3126882.7 ], [ 4226221.1, 3126931.1 ], [ 4226313.3, 3126972.0 ], [ 4226332.0, 3126960.4 ], [ 4226342.4, 3126914.7 ], [ 4226561.1, 3126901.2 ], [ 4226578.4, 3126887.8 ], [ 4226579.0, 3126872.8 ], [ 4226570.0, 3126860.9 ], [ 4226541.8, 3126853.0 ], [ 4226526.6, 3126837.4 ], [ 4226471.7, 3126830.8 ], [ 4226466.1, 3126792.8 ], [ 4226430.0, 3126785.0 ], [ 4226465.7, 3126741.0 ], [ 4226462.1, 3126719.5 ], [ 4226441.6, 3126709.8 ], [ 4226490.8, 3126647.4 ], [ 4226479.6, 3126609.6 ], [ 4226334.2, 3126504.1 ], [ 4226248.8, 3126462.8 ], [ 4226293.5, 3126417.3 ], [ 4226354.0, 3126419.5 ], [ 4226372.4, 3126408.4 ], [ 4226370.6, 3126383.9 ], [ 4226333.1, 3126358.5 ], [ 4226342.9, 3126338.8 ], [ 4226338.4, 3126321.2 ], [ 4226278.7, 3126282.6 ], [ 4226351.8, 3126230.6 ], [ 4226353.0, 3126189.3 ], [ 4226372.2, 3126148.4 ], [ 4226386.4, 3126163.6 ], [ 4226422.9, 3126169.5 ], [ 4226472.2, 3126136.0 ], [ 4226476.6, 3126121.7 ], [ 4226468.1, 3126105.3 ], [ 4226453.8, 3126100.8 ], [ 4226423.4, 3126107.1 ], [ 4226374.4, 3126131.6 ], [ 4226368.5, 3126107.2 ], [ 4226344.4, 3126085.4 ], [ 4226255.5, 3126054.7 ], [ 4226216.9, 3126051.2 ], [ 4226145.8, 3126059.3 ], [ 4226135.9, 3126073.0 ], [ 4226131.8, 3126124.9 ], [ 4226096.2, 3126122.0 ], [ 4226081.5, 3126141.1 ], [ 4226087.4, 3126157.8 ], [ 4226127.9, 3126183.1 ], [ 4226155.7, 3126245.8 ], [ 4226116.8, 3126285.6 ], [ 4226050.9, 3126195.9 ], [ 4226056.1, 3126156.4 ], [ 4226074.1, 3126140.2 ], [ 4226066.4, 3126117.3 ], [ 4225972.3, 3126102.7 ], [ 4225946.3, 3126114.6 ], [ 4225916.3, 3126110.6 ], [ 4225912.2, 3126102.2 ], [ 4225910.8, 3126089.3 ], [ 4225928.3, 3126074.2 ], [ 4226024.3, 3126066.2 ], [ 4226039.9, 3126051.2 ], [ 4226029.1, 3126025.5 ], [ 4225964.0, 3126018.6 ], [ 4225940.3, 3125999.6 ], [ 4225960.5, 3125986.3 ], [ 4225982.4, 3125935.3 ], [ 4225979.4, 3125917.9 ], [ 4225931.9, 3125893.4 ], [ 4225903.1, 3125909.7 ], [ 4225875.2, 3125875.7 ], [ 4225848.5, 3125885.1 ], [ 4225779.7, 3125790.2 ], [ 4225791.2, 3125777.3 ], [ 4225789.8, 3125760.0 ], [ 4225758.4, 3125731.2 ], [ 4225643.9, 3125706.0 ], [ 4225606.8, 3125735.3 ], [ 4225601.7, 3125752.7 ], [ 4225558.7, 3125802.1 ], [ 4225450.9, 3125747.5 ], [ 4225469.9, 3125735.2 ], [ 4225475.1, 3125721.2 ], [ 4225444.7, 3125668.4 ], [ 4225349.8, 3125604.7 ], [ 4225253.8, 3125565.1 ], [ 4225236.4, 3125575.8 ], [ 4225202.8, 3125663.6 ], [ 4225215.9, 3125684.5 ], [ 4225255.7, 3125690.7 ], [ 4225254.1, 3125814.2 ], [ 4225100.1, 3125793.3 ], [ 4225018.1, 3125810.2 ], [ 4224996.1, 3125825.2 ], [ 4224961.4, 3125780.3 ], [ 4224908.1, 3125731.1 ], [ 4224908.1, 3125684.5 ], [ 4224990.1, 3125698.5 ], [ 4225001.8, 3125686.1 ], [ 4225025.8, 3125622.2 ], [ 4225094.1, 3125658.3 ], [ 4225083.6, 3125681.1 ], [ 4225096.3, 3125698.8 ], [ 4225158.2, 3125691.9 ], [ 4225167.3, 3125678.6 ], [ 4225167.9, 3125656.1 ], [ 4225130.1, 3125635.6 ], [ 4225147.8, 3125585.0 ], [ 4225151.5, 3125545.7 ], [ 4225286.7, 3125537.7 ], [ 4225370.3, 3125541.2 ], [ 4225386.5, 3125533.9 ], [ 4225414.9, 3125475.2 ], [ 4225413.4, 3125457.6 ], [ 4225334.0, 3125407.9 ], [ 4225264.3, 3125343.4 ], [ 4225155.0, 3125358.5 ], [ 4225100.4, 3125340.6 ], [ 4225069.4, 3125350.6 ], [ 4225057.9, 3125363.9 ], [ 4224972.5, 3125322.6 ], [ 4224923.1, 3125314.9 ], [ 4224899.6, 3125300.4 ], [ 4224838.2, 3125319.3 ], [ 4224821.3, 3125333.7 ], [ 4224768.3, 3125342.1 ], [ 4224754.3, 3125330.5 ], [ 4224731.0, 3125338.6 ], [ 4224646.0, 3125314.0 ], [ 4224627.8, 3125325.2 ], [ 4224596.5, 3125413.9 ], [ 4224377.8, 3125420.4 ], [ 4224375.4, 3125400.2 ], [ 4224361.6, 3125387.7 ], [ 4224269.3, 3125394.9 ], [ 4224262.1, 3125384.2 ], [ 4224264.2, 3125331.7 ], [ 4224250.6, 3125321.3 ], [ 4224216.9, 3125316.3 ], [ 4224154.8, 3125371.5 ], [ 4224147.6, 3125394.5 ], [ 4224165.2, 3125410.7 ], [ 4224246.3, 3125423.3 ], [ 4224261.8, 3125418.7 ], [ 4224247.6, 3125540.2 ], [ 4224296.8, 3125608.0 ], [ 4224312.6, 3125614.6 ], [ 4224399.2, 3125613.8 ], [ 4224408.6, 3125674.5 ], [ 4224398.6, 3125690.1 ], [ 4224406.8, 3125710.5 ], [ 4224400.8, 3125823.6 ], [ 4224391.6, 3125842.9 ], [ 4224149.5, 3125839.0 ], [ 4224141.1, 3125814.3 ], [ 4224128.9, 3125805.8 ], [ 4223972.1, 3125793.7 ], [ 4223953.7, 3125803.2 ], [ 4223845.9, 3125820.7 ], [ 4223746.8, 3125828.7 ], [ 4223758.4, 3125700.4 ], [ 4223739.3, 3125600.7 ], [ 4223726.7, 3125587.2 ], [ 4223586.9, 3125584.8 ], [ 4223378.7, 3125564.4 ], [ 4223144.3, 3125485.4 ], [ 4223152.1, 3125428.5 ], [ 4223140.5, 3125410.6 ], [ 4223105.9, 3125403.4 ], [ 4223087.2, 3125414.1 ], [ 4222989.2, 3125386.8 ], [ 4223019.1, 3125306.0 ], [ 4223012.7, 3125286.1 ], [ 4222898.8, 3125255.2 ], [ 4222854.3, 3125254.1 ], [ 4222856.7, 3125232.8 ], [ 4222841.8, 3125217.5 ], [ 4222772.1, 3125236.3 ], [ 4222713.7, 3125272.3 ], [ 4222654.6, 3125202.6 ], [ 4222636.1, 3125203.7 ], [ 4222562.7, 3125243.0 ], [ 4222533.6, 3125208.7 ], [ 4222509.1, 3125209.4 ], [ 4222478.8, 3125250.3 ], [ 4222448.3, 3125260.1 ], [ 4222448.9, 3125287.6 ], [ 4222521.6, 3125304.3 ], [ 4222554.6, 3125327.8 ], [ 4222629.3, 3125357.9 ], [ 4222703.9, 3125370.6 ], [ 4222743.0, 3125434.9 ], [ 4222784.2, 3125466.1 ], [ 4222855.8, 3125479.9 ], [ 4222907.5, 3125506.0 ], [ 4222943.6, 3125541.7 ], [ 4222961.4, 3125572.6 ], [ 4222965.0, 3125636.2 ], [ 4222947.6, 3125671.7 ], [ 4222937.6, 3125681.5 ], [ 4222940.9, 3125638.8 ], [ 4222929.6, 3125622.4 ], [ 4222902.3, 3125607.8 ], [ 4222866.3, 3125603.8 ], [ 4222808.5, 3125583.6 ], [ 4222787.1, 3125596.6 ], [ 4222766.2, 3125668.6 ], [ 4222645.0, 3125625.0 ], [ 4222617.3, 3125577.2 ], [ 4222602.9, 3125568.5 ], [ 4222457.1, 3125569.3 ], [ 4222290.7, 3125600.2 ], [ 4222279.7, 3125621.4 ], [ 4222297.6, 3125727.0 ], [ 4222161.4, 3125753.6 ], [ 4222108.6, 3125774.1 ], [ 4221984.4, 3125841.7 ], [ 4221934.7, 3125881.4 ], [ 4221918.1, 3125907.3 ], [ 4221910.0, 3125931.8 ], [ 4221914.0, 3125945.2 ], [ 4222028.5, 3126058.8 ], [ 4221947.7, 3126139.6 ], [ 4221910.6, 3126140.2 ], [ 4221833.3, 3126211.1 ], [ 4221818.2, 3126246.4 ], [ 4221814.8, 3126332.1 ], [ 4221732.4, 3126435.6 ], [ 4221700.0, 3126497.1 ], [ 4221701.1, 3126515.2 ], [ 4221712.0, 3126525.1 ], [ 4221805.7, 3126532.1 ], [ 4221792.9, 3126667.1 ], [ 4221809.5, 3126725.2 ], [ 4221788.1, 3126776.2 ], [ 4221768.4, 3126783.9 ], [ 4221679.4, 3126789.3 ], [ 4221668.2, 3126802.4 ], [ 4221669.0, 3126831.3 ], [ 4221592.4, 3126856.8 ], [ 4221475.6, 3126848.0 ], [ 4221323.6, 3126820.9 ], [ 4221295.6, 3126810.9 ], [ 4221248.0, 3126778.1 ], [ 4221127.2, 3126731.8 ], [ 4221102.3, 3126734.9 ], [ 4221094.0, 3126754.5 ], [ 4221103.0, 3126770.0 ], [ 4221221.0, 3126845.1 ], [ 4221277.3, 3126890.8 ], [ 4221394.3, 3126944.1 ], [ 4221495.8, 3126964.7 ], [ 4221712.0, 3126959.9 ], [ 4221775.3, 3126967.6 ], [ 4221828.7, 3126988.3 ], [ 4221864.2, 3126990.9 ], [ 4221913.6, 3126967.8 ], [ 4221995.0, 3126951.3 ], [ 4222142.1, 3126926.2 ], [ 4222213.8, 3126929.6 ], [ 4222313.2, 3126880.8 ], [ 4222365.9, 3126874.6 ], [ 4222428.9, 3126789.0 ], [ 4222589.8, 3126723.3 ], [ 4222639.7, 3126712.6 ], [ 4222656.2, 3126718.0 ], [ 4222588.3, 3126731.0 ], [ 4222529.8, 3126756.8 ], [ 4222519.1, 3126775.4 ], [ 4222526.4, 3126792.0 ], [ 4222515.7, 3126802.1 ], [ 4222378.1, 3126895.2 ], [ 4222247.3, 3126960.8 ], [ 4222138.5, 3126974.2 ], [ 4222101.7, 3126953.7 ], [ 4222045.3, 3126968.8 ], [ 4222032.5, 3126984.1 ], [ 4222011.1, 3126992.0 ], [ 4222006.0, 3127022.6 ], [ 4221953.7, 3127054.5 ], [ 4221931.7, 3127102.9 ], [ 4222013.1, 3127171.8 ], [ 4222085.7, 3127272.1 ], [ 4221745.6, 3127330.8 ], [ 4221715.2, 3127342.6 ], [ 4221701.4, 3127323.3 ], [ 4221684.5, 3127320.4 ], [ 4221625.4, 3127345.7 ], [ 4221600.8, 3127371.0 ], [ 4221466.3, 3127418.8 ], [ 4221450.5, 3127433.2 ], [ 4221401.4, 3127391.5 ], [ 4221309.9, 3127266.4 ], [ 4221282.2, 3127263.5 ], [ 4221272.4, 3127282.8 ], [ 4221277.5, 3127512.4 ], [ 4221328.7, 3127599.8 ], [ 4221308.0, 3127672.6 ], [ 4221186.1, 3127628.8 ], [ 4221170.2, 3127438.4 ], [ 4221154.3, 3127419.1 ], [ 4221078.7, 3127416.1 ], [ 4220873.3, 3127426.8 ], [ 4220665.1, 3127420.1 ], [ 4220648.6, 3127412.1 ], [ 4220566.6, 3127424.4 ], [ 4220572.4, 3127403.8 ], [ 4220558.0, 3127388.1 ], [ 4220480.4, 3127388.4 ], [ 4220462.7, 3127397.9 ], [ 4220459.4, 3127423.9 ], [ 4220443.9, 3127429.7 ], [ 4220436.9, 3127442.2 ], [ 4220446.3, 3127464.3 ], [ 4220504.8, 3127480.3 ], [ 4220541.1, 3127465.9 ], [ 4220606.9, 3127476.0 ], [ 4220625.1, 3127469.4 ], [ 4220689.8, 3127486.2 ], [ 4220714.6, 3127494.7 ], [ 4220711.0, 3127512.4 ], [ 4220722.0, 3127526.9 ], [ 4220766.1, 3127541.7 ], [ 4220822.0, 3127542.0 ], [ 4220873.5, 3127561.5 ], [ 4220889.7, 3127584.1 ], [ 4221054.7, 3127597.6 ], [ 4221050.4, 3127633.2 ], [ 4221059.5, 3127647.7 ], [ 4221094.7, 3127651.0 ], [ 4221175.1, 3127677.6 ], [ 4221209.5, 3127707.4 ], [ 4221252.5, 3127724.5 ], [ 4221369.9, 3127844.3 ], [ 4221431.3, 3127879.8 ], [ 4221580.6, 3127908.7 ], [ 4221722.2, 3127950.5 ], [ 4221817.4, 3127966.6 ], [ 4221832.8, 3127960.7 ], [ 4221874.7, 3127920.9 ], [ 4221936.8, 3127992.0 ], [ 4221962.1, 3128061.5 ], [ 4221883.8, 3128236.0 ], [ 4221801.9, 3128283.0 ], [ 4221795.6, 3128309.4 ], [ 4221805.6, 3128319.8 ], [ 4221863.4, 3128338.3 ], [ 4222132.7, 3128398.8 ], [ 4222104.1, 3128429.7 ], [ 4222095.6, 3128466.7 ], [ 4222075.0, 3128504.0 ], [ 4222084.0, 3128595.3 ], [ 4222049.6, 3128644.9 ], [ 4222019.9, 3128729.8 ], [ 4222004.9, 3128743.5 ], [ 4221936.8, 3128742.1 ], [ 4221921.3, 3128636.4 ], [ 4221904.6, 3128621.1 ], [ 4221863.2, 3128609.0 ], [ 4221839.4, 3128617.3 ], [ 4221817.0, 3128662.9 ], [ 4221644.2, 3128738.5 ], [ 4221630.8, 3128720.5 ], [ 4221497.0, 3128664.4 ], [ 4221373.3, 3128661.9 ], [ 4221346.7, 3128686.7 ], [ 4221290.5, 3128592.9 ], [ 4221271.5, 3128582.2 ], [ 4221254.8, 3128590.0 ], [ 4221092.0, 3128785.6 ], [ 4221056.9, 3128770.4 ], [ 4221031.4, 3128768.5 ], [ 4220942.7, 3128806.4 ], [ 4220768.3, 3128841.0 ], [ 4220673.1, 3128499.1 ], [ 4220632.4, 3128417.4 ], [ 4220605.3, 3128339.7 ], [ 4220555.4, 3128252.3 ], [ 4220546.9, 3128215.9 ], [ 4220535.6, 3128204.9 ], [ 4220537.4, 3128182.6 ], [ 4220622.6, 3128208.1 ], [ 4220667.7, 3128195.9 ], [ 4220759.8, 3128148.2 ], [ 4220893.7, 3128106.4 ], [ 4220933.1, 3128078.2 ], [ 4220917.3, 3128000.9 ], [ 4220902.9, 3127990.8 ], [ 4220825.7, 3127974.9 ], [ 4220807.0, 3127953.6 ], [ 4220689.6, 3127941.7 ], [ 4220658.6, 3127919.0 ], [ 4220403.4, 3127830.4 ], [ 4220370.6, 3127798.8 ], [ 4220379.0, 3127763.6 ], [ 4220360.7, 3127745.0 ], [ 4220340.5, 3127751.7 ], [ 4220319.3, 3127797.8 ], [ 4220314.5, 3127840.3 ], [ 4220320.1, 3127874.2 ], [ 4220285.8, 3127875.5 ], [ 4220223.0, 3127747.6 ], [ 4220211.7, 3127703.0 ], [ 4220207.3, 3127607.7 ], [ 4220187.8, 3127573.2 ], [ 4220186.0, 3127552.9 ], [ 4220215.4, 3127488.2 ], [ 4220237.5, 3127467.9 ], [ 4220296.2, 3127455.9 ], [ 4220390.4, 3127460.4 ], [ 4220406.1, 3127446.1 ], [ 4220404.5, 3127428.3 ], [ 4220390.2, 3127417.6 ], [ 4220308.6, 3127404.4 ], [ 4220304.0, 3127387.6 ], [ 4220288.6, 3127379.5 ], [ 4220266.8, 3127387.4 ], [ 4220258.3, 3127408.0 ], [ 4220239.4, 3127399.6 ], [ 4220199.8, 3127407.7 ], [ 4220183.4, 3127403.3 ], [ 4220171.2, 3127369.9 ], [ 4220083.7, 3127304.9 ], [ 4220122.6, 3127206.5 ], [ 4220110.1, 3127182.0 ], [ 4220088.9, 3127183.7 ], [ 4220005.1, 3127262.1 ], [ 4219971.6, 3127252.3 ], [ 4219957.1, 3127255.6 ], [ 4219948.0, 3127267.3 ], [ 4219942.4, 3127304.2 ], [ 4220028.4, 3127431.8 ], [ 4220018.5, 3127440.8 ], [ 4219974.2, 3127462.2 ], [ 4219835.5, 3127560.0 ], [ 4219790.0, 3127607.1 ], [ 4219700.3, 3127489.7 ], [ 4219701.2, 3127462.6 ], [ 4219689.4, 3127454.4 ], [ 4219658.1, 3127452.9 ], [ 4219537.7, 3127571.8 ], [ 4219477.2, 3127593.5 ], [ 4219482.1, 3127570.8 ], [ 4219472.6, 3127555.3 ], [ 4219454.7, 3127552.2 ], [ 4219432.7, 3127565.0 ], [ 4219278.6, 3127757.8 ], [ 4219275.0, 3127772.3 ], [ 4219284.5, 3127788.2 ], [ 4219377.2, 3127830.4 ], [ 4219384.7, 3127847.4 ], [ 4219416.0, 3127861.2 ], [ 4219413.7, 3127932.6 ], [ 4219433.1, 3127952.7 ], [ 4219424.8, 3127985.1 ], [ 4219412.5, 3128010.0 ], [ 4219197.8, 3128283.6 ], [ 4219126.1, 3128307.4 ], [ 4219117.1, 3128332.2 ], [ 4219141.8, 3128356.9 ], [ 4219179.5, 3128352.5 ], [ 4219208.4, 3128360.6 ], [ 4219239.1, 3128342.7 ], [ 4219290.6, 3128274.5 ], [ 4219351.7, 3128307.1 ], [ 4219368.2, 3128300.3 ], [ 4219390.3, 3128271.1 ], [ 4219447.6, 3128305.0 ], [ 4219413.9, 3128402.3 ], [ 4219375.1, 3128434.2 ], [ 4219369.1, 3128453.9 ], [ 4219385.4, 3128471.1 ], [ 4219458.0, 3128482.4 ], [ 4219454.9, 3128502.7 ], [ 4219440.6, 3128528.6 ], [ 4219411.3, 3128517.5 ], [ 4219396.8, 3128520.9 ], [ 4219306.7, 3128485.6 ], [ 4219293.3, 3128454.7 ], [ 4219242.6, 3128444.6 ], [ 4219257.9, 3128430.8 ], [ 4219257.9, 3128410.5 ], [ 4219223.4, 3128366.9 ], [ 4219203.3, 3128362.2 ], [ 4219161.6, 3128409.4 ], [ 4219097.4, 3128509.1 ], [ 4219099.9, 3128529.7 ], [ 4219123.3, 3128551.6 ], [ 4219092.7, 3128593.1 ], [ 4219097.9, 3128606.3 ], [ 4219122.8, 3128625.2 ], [ 4219253.5, 3128657.9 ], [ 4219343.6, 3128623.2 ], [ 4219476.3, 3128612.5 ], [ 4219589.0, 3128572.7 ], [ 4219588.3, 3128592.1 ], [ 4219608.4, 3128621.0 ], [ 4219442.2, 3128741.4 ], [ 4219415.4, 3128779.0 ], [ 4219398.4, 3128759.1 ], [ 4219374.7, 3128762.0 ], [ 4219349.3, 3128786.9 ], [ 4219355.0, 3128811.0 ], [ 4219386.8, 3128814.4 ], [ 4219415.3, 3128799.1 ], [ 4219575.9, 3128874.3 ], [ 4219592.5, 3128869.4 ], [ 4219618.0, 3128840.8 ], [ 4219750.0, 3128964.6 ], [ 4219907.5, 3128960.5 ], [ 4220054.9, 3129053.7 ], [ 4219983.6, 3129060.3 ], [ 4219963.8, 3129071.6 ], [ 4219954.9, 3129083.1 ], [ 4219952.3, 3129108.1 ], [ 4219960.7, 3129128.1 ], [ 4219935.2, 3129138.8 ], [ 4219915.2, 3129131.8 ], [ 4219897.2, 3129102.0 ], [ 4219837.1, 3129095.2 ], [ 4219816.4, 3129083.4 ], [ 4219775.2, 3129038.8 ], [ 4219729.1, 3129007.6 ], [ 4219662.3, 3129003.5 ], [ 4219583.9, 3128958.8 ], [ 4219481.0, 3128933.9 ], [ 4219459.9, 3128914.7 ], [ 4219399.9, 3128902.9 ], [ 4219384.8, 3128882.6 ], [ 4219343.2, 3128878.2 ], [ 4219291.1, 3128908.2 ], [ 4219226.7, 3128979.0 ], [ 4219226.6, 3128999.1 ], [ 4219255.2, 3129031.3 ], [ 4219072.2, 3129114.4 ], [ 4219028.9, 3128994.6 ], [ 4219069.6, 3128992.9 ], [ 4219081.5, 3128980.4 ], [ 4219082.1, 3128966.6 ], [ 4219044.0, 3128928.5 ], [ 4219023.8, 3128925.6 ], [ 4219001.1, 3128941.8 ], [ 4218996.5, 3128974.8 ], [ 4218970.4, 3129010.6 ], [ 4218976.3, 3129036.4 ], [ 4218968.2, 3129059.3 ], [ 4218996.1, 3129107.2 ], [ 4219006.0, 3129152.5 ], [ 4218993.9, 3129222.0 ], [ 4218844.2, 3129148.0 ], [ 4218767.7, 3129127.7 ], [ 4218754.1, 3129132.8 ], [ 4218746.2, 3129149.0 ], [ 4218756.5, 3129176.1 ], [ 4218811.0, 3129213.8 ], [ 4218819.0, 3129240.7 ], [ 4218836.3, 3129244.2 ], [ 4218878.2, 3129228.5 ], [ 4218956.0, 3129255.8 ], [ 4218948.0, 3129287.2 ], [ 4218953.2, 3129303.7 ], [ 4219020.5, 3129325.1 ], [ 4219026.4, 3129328.3 ], [ 4219022.7, 3129340.8 ], [ 4218833.3, 3129370.8 ], [ 4218762.2, 3129375.1 ], [ 4218746.6, 3129402.6 ], [ 4218752.5, 3129493.0 ], [ 4218678.2, 3129509.9 ], [ 4218640.0, 3129474.1 ], [ 4218601.8, 3129484.1 ], [ 4218585.3, 3129479.5 ], [ 4218553.2, 3129414.8 ], [ 4218519.3, 3129387.4 ], [ 4218496.4, 3129388.7 ], [ 4218378.2, 3129333.6 ], [ 4218342.3, 3129321.1 ], [ 4218328.1, 3129323.5 ], [ 4218317.3, 3129337.6 ], [ 4218322.7, 3129358.0 ], [ 4218430.2, 3129427.9 ], [ 4218458.0, 3129438.4 ], [ 4218489.0, 3129471.6 ], [ 4218506.7, 3129504.3 ], [ 4218537.2, 3129519.2 ], [ 4218553.9, 3129538.3 ], [ 4218533.6, 3129553.5 ], [ 4218445.6, 3129571.6 ], [ 4218373.3, 3129574.6 ], [ 4218365.5, 3129556.5 ], [ 4218349.7, 3129549.7 ], [ 4218228.0, 3129558.6 ], [ 4218241.6, 3129535.4 ], [ 4218285.7, 3129533.5 ], [ 4218343.3, 3129515.7 ], [ 4218348.0, 3129498.5 ], [ 4218325.3, 3129436.8 ], [ 4218212.6, 3129403.1 ], [ 4218200.0, 3129389.7 ], [ 4218091.1, 3129343.3 ], [ 4218005.5, 3129330.4 ], [ 4217983.5, 3129334.9 ], [ 4217974.2, 3129350.1 ], [ 4217967.0, 3129415.8 ], [ 4217977.9, 3129518.4 ], [ 4217997.7, 3129538.9 ], [ 4218118.1, 3129593.8 ], [ 4218132.5, 3129627.4 ], [ 4218148.4, 3129635.2 ], [ 4218144.4, 3129665.6 ], [ 4218096.0, 3129809.6 ], [ 4218009.3, 3129974.2 ], [ 4217921.3, 3129905.0 ], [ 4217874.0, 3129891.1 ], [ 4217854.4, 3129904.2 ], [ 4217767.4, 3129864.6 ], [ 4217747.3, 3129869.2 ], [ 4217702.2, 3130035.1 ], [ 4217629.3, 3130166.4 ], [ 4217588.5, 3130404.3 ], [ 4217603.3, 3130688.8 ], [ 4217589.1, 3130730.3 ], [ 4217555.3, 3130771.8 ], [ 4217552.5, 3130786.4 ], [ 4217559.7, 3130799.5 ], [ 4217586.5, 3130811.4 ], [ 4217653.3, 3130866.6 ], [ 4217661.6, 3130884.2 ], [ 4217694.5, 3130905.5 ], [ 4217687.8, 3130924.0 ], [ 4217619.4, 3130904.5 ], [ 4217550.5, 3130868.9 ], [ 4217503.6, 3130876.0 ], [ 4217479.0, 3130929.8 ], [ 4217458.8, 3130921.9 ], [ 4217441.4, 3130926.5 ], [ 4217411.8, 3130990.0 ], [ 4217367.1, 3131046.1 ], [ 4217337.0, 3131142.7 ], [ 4217349.1, 3131167.4 ], [ 4217340.0, 3131201.4 ], [ 4217311.1, 3131196.3 ], [ 4217294.6, 3131205.0 ], [ 4217286.9, 3131241.3 ], [ 4217229.8, 3131312.2 ], [ 4217210.9, 3131370.4 ], [ 4217204.9, 3131419.3 ], [ 4217216.4, 3131437.3 ], [ 4217243.6, 3131432.5 ], [ 4217351.3, 3131444.5 ], [ 4217368.0, 3131431.2 ], [ 4217394.6, 3131353.3 ], [ 4217498.9, 3131345.3 ], [ 4217486.8, 3131462.8 ], [ 4217509.2, 3131564.1 ], [ 4217531.1, 3131578.3 ], [ 4217593.7, 3131564.7 ], [ 4217638.3, 3131722.7 ], [ 4217586.4, 3131740.5 ], [ 4217486.5, 3131722.4 ], [ 4217379.0, 3131720.4 ], [ 4217368.4, 3131734.7 ], [ 4217363.0, 3131806.1 ], [ 4217308.9, 3131829.1 ], [ 4217279.0, 3131854.9 ], [ 4217234.7, 3131995.0 ], [ 4217192.2, 3132010.6 ], [ 4217184.3, 3132030.8 ], [ 4217201.9, 3132052.3 ], [ 4217204.4, 3132072.1 ], [ 4217248.0, 3132118.4 ], [ 4217417.6, 3132193.4 ], [ 4217329.9, 3132374.3 ], [ 4217341.8, 3132546.2 ], [ 4217383.6, 3132641.1 ], [ 4217401.9, 3132651.1 ], [ 4217429.2, 3132639.6 ], [ 4217475.4, 3132715.1 ], [ 4217492.8, 3132720.0 ], [ 4217509.2, 3132737.3 ], [ 4217534.3, 3132730.5 ], [ 4217540.3, 3132704.2 ], [ 4217453.0, 3132544.4 ], [ 4217542.7, 3132521.4 ], [ 4217625.8, 3132654.4 ], [ 4217720.7, 3132750.6 ], [ 4217531.4, 3132936.5 ], [ 4217535.9, 3132957.3 ], [ 4217583.6, 3132995.7 ], [ 4217571.7, 3133030.1 ], [ 4217598.1, 3133075.5 ], [ 4217584.6, 3133082.7 ], [ 4217513.3, 3133061.2 ], [ 4217493.1, 3133073.0 ], [ 4217449.6, 3133041.8 ], [ 4217354.0, 3133028.3 ], [ 4217277.7, 3133032.4 ], [ 4217263.7, 3133051.2 ], [ 4217272.7, 3133092.7 ], [ 4217188.9, 3133106.7 ], [ 4217141.6, 3133141.5 ], [ 4217044.4, 3133168.7 ], [ 4217006.7, 3133187.8 ], [ 4216897.4, 3133206.3 ], [ 4216876.0, 3133240.0 ], [ 4216893.9, 3133275.0 ], [ 4216820.6, 3133352.2 ], [ 4216812.8, 3133386.0 ], [ 4216824.0, 3133403.4 ], [ 4216892.7, 3133396.6 ], [ 4216955.0, 3133307.8 ], [ 4216993.0, 3133276.5 ], [ 4217036.6, 3133260.7 ], [ 4217059.8, 3133305.9 ], [ 4217034.5, 3133330.8 ], [ 4217023.3, 3133408.4 ], [ 4217048.2, 3133476.0 ], [ 4217070.1, 3133486.2 ], [ 4217177.0, 3133451.7 ], [ 4217210.8, 3133563.5 ], [ 4217143.5, 3133619.1 ], [ 4217085.1, 3133640.6 ], [ 4217076.0, 3133656.4 ], [ 4217081.9, 3133673.6 ], [ 4217117.4, 3133706.7 ], [ 4217108.4, 3133741.6 ], [ 4217115.4, 3133811.9 ], [ 4217130.6, 3133827.2 ], [ 4217230.9, 3133838.9 ], [ 4217262.9, 3133939.4 ], [ 4217356.7, 3134068.4 ], [ 4217308.7, 3134103.2 ], [ 4217275.6, 3134065.1 ], [ 4217221.9, 3134029.7 ], [ 4217155.6, 3134000.3 ], [ 4217114.1, 3134002.4 ], [ 4217078.4, 3134032.7 ], [ 4217073.0, 3134050.2 ], [ 4217079.9, 3134063.3 ], [ 4217162.9, 3134110.4 ], [ 4217296.2, 3134213.5 ], [ 4217306.8, 3134229.0 ], [ 4217304.9, 3134250.0 ], [ 4217289.6, 3134259.4 ], [ 4217156.0, 3134251.7 ], [ 4217143.7, 3134264.9 ], [ 4217147.6, 3134285.9 ], [ 4217264.3, 3134350.7 ], [ 4217376.5, 3134366.4 ], [ 4217394.0, 3134360.2 ], [ 4217399.9, 3134339.0 ], [ 4217355.0, 3134291.4 ], [ 4217392.8, 3134285.4 ], [ 4217418.7, 3134267.6 ], [ 4217478.5, 3134306.0 ], [ 4217499.7, 3134304.8 ], [ 4217509.6, 3134282.5 ], [ 4217492.9, 3134257.2 ], [ 4217401.8, 3134188.7 ], [ 4217376.4, 3134159.2 ], [ 4217503.2, 3134096.9 ], [ 4217579.2, 3134021.2 ], [ 4217705.6, 3134113.4 ], [ 4217842.6, 3134178.1 ], [ 4217861.3, 3134208.6 ], [ 4217858.1, 3134271.9 ], [ 4217905.3, 3134295.7 ], [ 4217889.5, 3134325.1 ], [ 4217901.3, 3134346.4 ], [ 4217935.7, 3134357.3 ], [ 4217953.3, 3134352.0 ], [ 4218005.9, 3134295.0 ], [ 4218045.9, 3134227.3 ], [ 4218064.5, 3134162.6 ], [ 4218071.1, 3134015.5 ], [ 4218052.5, 3134005.5 ], [ 4217908.2, 3134006.8 ], [ 4217893.0, 3133993.1 ], [ 4217885.4, 3133904.5 ], [ 4217842.1, 3133799.0 ], [ 4217733.5, 3133617.0 ], [ 4217643.0, 3133508.6 ], [ 4217660.4, 3133435.7 ], [ 4217674.3, 3133428.1 ], [ 4217686.6, 3133401.2 ], [ 4217680.1, 3133384.8 ], [ 4217642.5, 3133357.7 ], [ 4217652.1, 3133322.6 ], [ 4217701.9, 3133260.4 ], [ 4217727.1, 3133207.7 ], [ 4217721.9, 3133191.3 ], [ 4217699.6, 3133175.0 ], [ 4217800.6, 3133036.5 ], [ 4217800.6, 3133016.4 ], [ 4217775.9, 3132995.7 ], [ 4217869.5, 3132887.8 ], [ 4217973.2, 3132977.5 ], [ 4217915.5, 3133072.0 ], [ 4217918.0, 3133093.0 ], [ 4217996.9, 3133151.5 ], [ 4218012.5, 3133201.7 ], [ 4218049.9, 3133217.5 ], [ 4218081.3, 3133218.6 ], [ 4218087.9, 3133237.3 ], [ 4218076.4, 3133353.5 ], [ 4218067.2, 3133370.9 ], [ 4218070.7, 3133581.8 ], [ 4218065.2, 3133602.3 ], [ 4218083.1, 3133618.8 ], [ 4218120.8, 3133704.8 ], [ 4218153.5, 3133722.3 ], [ 4218188.3, 3133810.4 ], [ 4218202.2, 3133814.6 ], [ 4218225.2, 3133806.7 ], [ 4218235.8, 3133821.0 ], [ 4218253.8, 3133823.1 ], [ 4218280.4, 3133785.4 ], [ 4218184.4, 3133630.9 ], [ 4218185.3, 3133576.7 ], [ 4218161.4, 3133528.2 ], [ 4218139.4, 3133417.2 ], [ 4218155.0, 3133389.2 ], [ 4218156.1, 3133303.8 ], [ 4218179.7, 3133302.0 ], [ 4218190.6, 3133293.3 ], [ 4218197.5, 3133247.4 ], [ 4218392.1, 3133236.7 ], [ 4218453.6, 3133173.5 ], [ 4218479.3, 3133162.1 ], [ 4218480.2, 3133135.4 ], [ 4218455.9, 3133110.6 ], [ 4218516.1, 3133052.1 ], [ 4218722.2, 3133242.5 ], [ 4218738.2, 3133305.1 ], [ 4218799.7, 3133362.7 ], [ 4218818.5, 3133514.8 ], [ 4218764.6, 3133637.2 ], [ 4218816.8, 3133686.2 ], [ 4218848.3, 3133737.4 ], [ 4218873.6, 3133752.5 ], [ 4218893.1, 3133748.1 ], [ 4218981.8, 3133629.5 ], [ 4219027.0, 3133553.4 ], [ 4219049.5, 3133537.3 ], [ 4219095.6, 3133407.9 ], [ 4219152.9, 3133444.8 ], [ 4219179.8, 3133442.7 ], [ 4219193.9, 3133426.7 ], [ 4219200.3, 3133376.3 ], [ 4219196.9, 3133269.7 ], [ 4219218.6, 3133087.8 ], [ 4219175.8, 3132932.0 ], [ 4219187.7, 3132877.8 ], [ 4219181.8, 3132825.4 ], [ 4219202.2, 3132721.3 ], [ 4219221.1, 3132531.0 ], [ 4219205.6, 3132287.0 ], [ 4219233.7, 3132241.7 ], [ 4219239.6, 3132217.4 ], [ 4219345.9, 3132215.7 ], [ 4219358.9, 3132239.3 ], [ 4219365.0, 3132375.9 ], [ 4219349.4, 3132419.4 ], [ 4219364.3, 3132444.5 ], [ 4219372.3, 3132480.8 ], [ 4219384.4, 3132490.5 ], [ 4219282.0, 3132869.2 ], [ 4219290.1, 3132916.8 ], [ 4219368.3, 3133043.0 ], [ 4219384.1, 3133091.0 ], [ 4219396.2, 3133231.4 ], [ 4219393.7, 3133438.5 ], [ 4219410.7, 3133450.4 ], [ 4219552.5, 3133448.7 ], [ 4219613.6, 3133431.2 ], [ 4219701.5, 3133373.7 ], [ 4219806.4, 3133275.6 ], [ 4219860.3, 3133251.1 ], [ 4219877.7, 3133219.8 ], [ 4219934.3, 3133229.9 ], [ 4219925.8, 3133301.8 ], [ 4219836.2, 3133367.6 ], [ 4219745.0, 3133461.0 ], [ 4219738.9, 3133476.8 ], [ 4219746.3, 3133492.6 ], [ 4219737.1, 3133509.8 ], [ 4219744.3, 3133528.3 ], [ 4219730.8, 3133538.3 ], [ 4219715.0, 3133546.1 ], [ 4219700.1, 3133520.8 ], [ 4219679.7, 3133517.7 ], [ 4219596.1, 3133560.0 ], [ 4219590.1, 3133580.3 ], [ 4219606.2, 3133599.6 ], [ 4219511.2, 3133627.1 ], [ 4219500.1, 3133595.9 ], [ 4219482.3, 3133586.8 ], [ 4219373.7, 3133603.0 ], [ 4219320.4, 3133622.6 ], [ 4219222.8, 3133743.7 ], [ 4219223.1, 3133764.8 ], [ 4219258.4, 3133797.6 ], [ 4219234.5, 3133853.7 ], [ 4219239.3, 3133867.0 ], [ 4219259.2, 3133881.0 ], [ 4219221.0, 3133978.6 ], [ 4219207.2, 3134044.7 ], [ 4219211.3, 3134058.5 ], [ 4219255.9, 3134100.1 ], [ 4219318.0, 3134140.9 ], [ 4219557.7, 3134245.1 ], [ 4219580.1, 3134260.0 ], [ 4219587.4, 3134276.3 ], [ 4219552.7, 3134245.9 ], [ 4219460.5, 3134253.3 ], [ 4219417.8, 3134273.8 ], [ 4219407.8, 3134322.5 ], [ 4219372.4, 3134324.6 ], [ 4219353.5, 3134312.0 ], [ 4219336.7, 3134312.5 ], [ 4219318.4, 3134328.7 ], [ 4219315.1, 3134348.1 ], [ 4219201.6, 3134413.4 ], [ 4219193.2, 3134435.0 ], [ 4219206.0, 3134451.2 ], [ 4219321.1, 3134463.2 ], [ 4219313.6, 3134497.6 ], [ 4219324.0, 3134575.6 ], [ 4219319.3, 3134594.1 ], [ 4219304.6, 3134605.1 ], [ 4219256.1, 3134607.4 ], [ 4219248.5, 3134620.2 ], [ 4219247.6, 3134660.5 ], [ 4219209.9, 3134660.6 ], [ 4219174.3, 3134673.1 ], [ 4219148.9, 3134637.3 ], [ 4219122.5, 3134640.4 ], [ 4219034.4, 3134741.3 ], [ 4218960.0, 3134871.0 ], [ 4218904.5, 3134933.0 ], [ 4218905.3, 3134967.9 ], [ 4218865.2, 3135065.8 ], [ 4218837.5, 3135170.9 ], [ 4218797.1, 3135411.4 ], [ 4218805.8, 3135532.8 ], [ 4218811.8, 3135552.8 ], [ 4218839.6, 3135582.2 ], [ 4218856.6, 3135670.4 ], [ 4218855.1, 3135700.3 ], [ 4218825.8, 3135737.3 ], [ 4218822.6, 3135769.2 ], [ 4218744.9, 3135781.7 ], [ 4218735.7, 3135796.0 ], [ 4218709.0, 3135808.5 ], [ 4218710.5, 3135837.3 ], [ 4218804.4, 3135964.4 ], [ 4218831.7, 3135962.5 ], [ 4218854.1, 3135925.6 ], [ 4218879.2, 3135955.8 ], [ 4218882.1, 3135980.1 ], [ 4218907.6, 3135990.0 ], [ 4218937.2, 3136026.9 ], [ 4218939.8, 3136047.2 ], [ 4219006.3, 3136115.4 ], [ 4219006.4, 3136141.7 ], [ 4219080.6, 3136217.3 ], [ 4219064.0, 3136281.4 ], [ 4219068.6, 3136297.7 ], [ 4219199.6, 3136381.6 ], [ 4219222.6, 3136373.8 ], [ 4219248.0, 3136341.7 ], [ 4219251.7, 3136316.8 ], [ 4219239.4, 3136304.1 ], [ 4219148.5, 3136267.1 ], [ 4219211.1, 3136175.1 ], [ 4219375.3, 3136268.5 ], [ 4219398.9, 3136262.6 ], [ 4219420.9, 3136213.9 ], [ 4219614.5, 3136284.1 ], [ 4219628.5, 3136279.2 ], [ 4219636.2, 3136266.5 ], [ 4219639.0, 3136180.3 ], [ 4219889.9, 3136158.4 ], [ 4220034.7, 3136157.2 ], [ 4220049.0, 3136223.1 ], [ 4219787.5, 3136434.7 ], [ 4219786.5, 3136455.8 ], [ 4219833.7, 3136518.6 ], [ 4219857.0, 3136516.6 ], [ 4219988.8, 3136381.5 ], [ 4220012.1, 3136371.2 ], [ 4220062.8, 3136365.1 ], [ 4220097.6, 3136309.4 ], [ 4220146.0, 3136264.5 ], [ 4220218.6, 3136232.2 ], [ 4220293.2, 3136225.7 ], [ 4220454.9, 3136248.3 ], [ 4220568.7, 3136321.3 ], [ 4220636.7, 3136344.3 ], [ 4220718.1, 3136341.3 ], [ 4220953.0, 3136300.0 ], [ 4220992.9, 3136306.5 ], [ 4221027.2, 3136334.6 ], [ 4221063.8, 3136403.8 ], [ 4221085.9, 3136429.7 ], [ 4221291.3, 3136599.1 ], [ 4221486.5, 3136721.5 ], [ 4221614.2, 3136769.4 ], [ 4221732.8, 3136788.0 ], [ 4221915.5, 3136793.9 ], [ 4221931.7, 3136786.3 ], [ 4221936.2, 3136765.5 ], [ 4221955.2, 3136753.8 ], [ 4221961.7, 3136740.4 ], [ 4222067.2, 3136752.4 ], [ 4222072.8, 3136773.8 ], [ 4222116.8, 3136830.1 ], [ 4222106.3, 3136847.8 ], [ 4222109.0, 3136862.6 ], [ 4222136.9, 3136880.0 ], [ 4222154.5, 3136869.2 ] ], [ [ 4221155.9, 3136302.8 ], [ 4221150.2, 3136237.8 ], [ 4221155.8, 3136228.8 ], [ 4221166.0, 3136237.7 ], [ 4221200.9, 3136342.3 ], [ 4221182.5, 3136344.3 ], [ 4221155.9, 3136302.8 ] ], [ [ 4221053.4, 3136202.4 ], [ 4221013.7, 3136198.7 ], [ 4220980.4, 3136178.7 ], [ 4220971.9, 3136133.3 ], [ 4220979.4, 3136123.3 ], [ 4221013.8, 3136121.0 ], [ 4221030.2, 3136148.7 ], [ 4221063.2, 3136180.6 ], [ 4221103.4, 3136190.9 ], [ 4221108.5, 3136218.0 ], [ 4221095.3, 3136219.6 ], [ 4221053.4, 3136202.4 ] ], [ [ 4220910.9, 3136012.2 ], [ 4220931.5, 3136002.5 ], [ 4220941.9, 3136056.8 ], [ 4220912.1, 3136083.7 ], [ 4220910.9, 3136012.2 ] ], [ [ 4218977.2, 3135753.9 ], [ 4219019.1, 3135781.6 ], [ 4219104.2, 3135884.2 ], [ 4219051.2, 3135910.7 ], [ 4219009.6, 3135837.4 ], [ 4218977.2, 3135753.9 ] ], [ [ 4220905.0, 3135825.8 ], [ 4220894.8, 3135772.8 ], [ 4220936.9, 3135788.2 ], [ 4220951.3, 3135777.6 ], [ 4220954.0, 3135763.4 ], [ 4220935.1, 3135730.9 ], [ 4220875.5, 3135709.5 ], [ 4220876.0, 3135689.6 ], [ 4220846.3, 3135611.3 ], [ 4220795.5, 3135381.1 ], [ 4220801.2, 3135338.5 ], [ 4220792.3, 3135312.9 ], [ 4220797.5, 3135303.8 ], [ 4220878.1, 3135426.0 ], [ 4220884.6, 3135473.2 ], [ 4220942.8, 3135652.1 ], [ 4220963.3, 3135666.0 ], [ 4220981.5, 3135725.3 ], [ 4220990.1, 3135788.4 ], [ 4220973.5, 3135796.2 ], [ 4220969.6, 3135817.7 ], [ 4221014.3, 3135895.9 ], [ 4220942.6, 3135877.3 ], [ 4220934.1, 3135871.3 ], [ 4220929.4, 3135845.2 ], [ 4220905.0, 3135825.8 ] ], [ [ 4221716.6, 3135658.1 ], [ 4221683.5, 3135596.1 ], [ 4221730.3, 3135573.3 ], [ 4221770.6, 3135639.8 ], [ 4221726.2, 3135663.0 ], [ 4221716.6, 3135658.1 ] ], [ [ 4221606.9, 3135630.0 ], [ 4221588.9, 3135647.3 ], [ 4221591.0, 3135626.8 ], [ 4221598.3, 3135621.6 ], [ 4221606.9, 3135630.0 ] ], [ [ 4219118.8, 3135421.7 ], [ 4219078.1, 3135459.6 ], [ 4219057.3, 3135390.8 ], [ 4219050.6, 3135306.8 ], [ 4219062.3, 3135238.7 ], [ 4219079.5, 3135243.8 ], [ 4219100.5, 3135268.9 ], [ 4219119.0, 3135274.1 ], [ 4219136.9, 3135296.0 ], [ 4219155.3, 3135297.3 ], [ 4219148.5, 3135348.3 ], [ 4219155.5, 3135411.7 ], [ 4219118.8, 3135421.7 ] ], [ [ 4220454.6, 3135755.1 ], [ 4220489.8, 3135796.1 ], [ 4220472.8, 3135814.3 ], [ 4220438.5, 3135779.9 ], [ 4220418.6, 3135776.4 ], [ 4220396.4, 3135737.5 ], [ 4220407.7, 3135728.6 ], [ 4220439.0, 3135752.6 ], [ 4220454.6, 3135755.1 ] ], [ [ 4219848.6, 3134870.5 ], [ 4219907.2, 3134886.6 ], [ 4219904.3, 3134938.8 ], [ 4219820.1, 3134939.0 ], [ 4219831.5, 3134887.0 ], [ 4219848.6, 3134870.5 ] ], [ [ 4221614.0, 3134765.4 ], [ 4221662.5, 3134747.6 ], [ 4221731.3, 3134727.8 ], [ 4221729.3, 3134757.2 ], [ 4221705.4, 3134819.0 ], [ 4221677.2, 3134815.6 ], [ 4221622.6, 3134790.6 ], [ 4221614.0, 3134765.4 ] ], [ [ 4219355.9, 3134707.0 ], [ 4219342.2, 3134632.5 ], [ 4219370.2, 3134654.6 ], [ 4219388.9, 3134712.7 ], [ 4219355.9, 3134707.0 ] ], [ [ 4219405.2, 3134379.0 ], [ 4219512.0, 3134338.6 ], [ 4219524.7, 3134353.7 ], [ 4219542.1, 3134355.5 ], [ 4219565.8, 3134327.5 ], [ 4219580.8, 3134331.6 ], [ 4219598.4, 3134351.7 ], [ 4219570.4, 3134389.8 ], [ 4219543.5, 3134372.9 ], [ 4219514.5, 3134380.4 ], [ 4219495.2, 3134370.2 ], [ 4219409.4, 3134401.2 ], [ 4219405.2, 3134379.0 ] ], [ [ 4220272.7, 3134226.8 ], [ 4220277.5, 3134185.8 ], [ 4220266.3, 3134125.8 ], [ 4220275.9, 3134092.8 ], [ 4220297.9, 3134171.5 ], [ 4220312.8, 3134194.0 ], [ 4220299.8, 3134228.5 ], [ 4220272.7, 3134226.8 ] ], [ [ 4221562.4, 3134131.6 ], [ 4221565.8, 3134048.1 ], [ 4221601.1, 3134057.7 ], [ 4221626.1, 3134042.3 ], [ 4221657.8, 3134043.7 ], [ 4221687.1, 3134056.2 ], [ 4221666.0, 3134059.8 ], [ 4221632.9, 3134090.2 ], [ 4221595.1, 3134096.7 ], [ 4221562.4, 3134131.6 ] ], [ [ 4219966.9, 3134197.4 ], [ 4219849.1, 3134206.2 ], [ 4219844.8, 3134200.5 ], [ 4219920.7, 3134186.1 ], [ 4219934.9, 3134166.0 ], [ 4219966.9, 3134197.4 ] ], [ [ 4219767.0, 3133940.1 ], [ 4219991.4, 3134017.5 ], [ 4220023.9, 3134007.7 ], [ 4220044.2, 3133974.3 ], [ 4220050.0, 3133935.3 ], [ 4220065.3, 3133940.2 ], [ 4220084.7, 3133973.1 ], [ 4220065.6, 3134004.9 ], [ 4220013.2, 3134040.4 ], [ 4219800.7, 3133968.1 ], [ 4219763.7, 3133949.3 ], [ 4219767.0, 3133940.1 ] ], [ [ 4220380.6, 3133897.7 ], [ 4220421.6, 3133781.7 ], [ 4220461.2, 3133809.7 ], [ 4220405.7, 3133906.9 ], [ 4220380.6, 3133897.7 ] ], [ [ 4219635.1, 3133633.0 ], [ 4219614.7, 3133600.8 ], [ 4219698.5, 3133568.4 ], [ 4219709.3, 3133593.5 ], [ 4219699.6, 3133606.6 ], [ 4219635.1, 3133633.0 ] ], [ [ 4221033.7, 3133427.4 ], [ 4221056.1, 3133278.4 ], [ 4221075.1, 3133280.1 ], [ 4221078.1, 3133301.3 ], [ 4221066.0, 3133321.7 ], [ 4221055.0, 3133385.3 ], [ 4221056.3, 3133420.7 ], [ 4221043.6, 3133438.7 ], [ 4221040.2, 3133463.1 ], [ 4221032.8, 3133456.1 ], [ 4221033.7, 3133427.4 ] ], [ [ 4221697.3, 3133425.5 ], [ 4221729.5, 3133350.0 ], [ 4221807.1, 3133364.0 ], [ 4221806.8, 3133377.9 ], [ 4221780.5, 3133374.9 ], [ 4221765.9, 3133384.3 ], [ 4221758.2, 3133433.2 ], [ 4221697.3, 3133425.5 ] ], [ [ 4220118.0, 3132885.5 ], [ 4220145.4, 3132833.0 ], [ 4220156.0, 3132834.5 ], [ 4220160.7, 3132850.7 ], [ 4220138.5, 3132957.0 ], [ 4220139.4, 3133018.5 ], [ 4220125.3, 3133040.1 ], [ 4220078.5, 3133058.4 ], [ 4220059.7, 3133134.7 ], [ 4220037.1, 3133173.4 ], [ 4220016.7, 3133165.9 ], [ 4220026.3, 3133128.4 ], [ 4220021.7, 3133109.8 ], [ 4220106.4, 3133027.4 ], [ 4220108.7, 3132961.9 ], [ 4220121.8, 3132902.7 ], [ 4220118.0, 3132885.5 ] ], [ [ 4221861.6, 3133058.5 ], [ 4221881.0, 3133070.0 ], [ 4221881.7, 3133108.8 ], [ 4221825.8, 3133104.7 ], [ 4221824.7, 3133078.6 ], [ 4221861.6, 3133058.5 ] ], [ [ 4221664.8, 3132871.4 ], [ 4221699.3, 3132857.0 ], [ 4221719.4, 3132914.7 ], [ 4221686.7, 3132927.4 ], [ 4221664.8, 3132871.4 ] ], [ [ 4222123.5, 3132566.6 ], [ 4222187.3, 3132580.8 ], [ 4222173.8, 3132623.6 ], [ 4222115.8, 3132607.2 ], [ 4222123.5, 3132566.6 ] ], [ [ 4221510.8, 3132483.6 ], [ 4221551.2, 3132480.0 ], [ 4221551.6, 3132551.1 ], [ 4221512.5, 3132552.5 ], [ 4221510.8, 3132483.6 ] ], [ [ 4220047.3, 3132300.0 ], [ 4220060.3, 3132211.7 ], [ 4220088.9, 3132202.0 ], [ 4220089.6, 3132289.6 ], [ 4220076.7, 3132324.1 ], [ 4220077.9, 3132381.1 ], [ 4220056.7, 3132354.8 ], [ 4220056.1, 3132315.4 ], [ 4220047.3, 3132300.0 ] ], [ [ 4221443.4, 3132203.7 ], [ 4221353.8, 3132183.9 ], [ 4221357.4, 3132170.8 ], [ 4221394.7, 3132178.2 ], [ 4221438.7, 3132162.9 ], [ 4221443.4, 3132203.7 ] ], [ [ 4217883.2, 3132127.5 ], [ 4218001.6, 3132221.6 ], [ 4218073.9, 3132256.5 ], [ 4218109.7, 3132309.7 ], [ 4218104.1, 3132323.0 ], [ 4218086.3, 3132325.6 ], [ 4218043.8, 3132357.4 ], [ 4217972.5, 3132258.2 ], [ 4217868.2, 3132174.6 ], [ 4217797.2, 3132170.2 ], [ 4217745.1, 3132235.0 ], [ 4217640.3, 3132173.4 ], [ 4217708.9, 3132059.0 ], [ 4217749.1, 3132021.0 ], [ 4217839.3, 3132071.4 ], [ 4217833.8, 3132098.5 ], [ 4217840.1, 3132111.9 ], [ 4217883.2, 3132127.5 ] ], [ [ 4220082.8, 3132021.1 ], [ 4220098.1, 3131995.4 ], [ 4220124.5, 3131987.2 ], [ 4220123.7, 3132134.3 ], [ 4220103.3, 3132157.9 ], [ 4220075.0, 3132139.1 ], [ 4220073.2, 3132110.3 ], [ 4220095.2, 3132073.6 ], [ 4220079.3, 3132047.6 ], [ 4220082.8, 3132021.1 ] ], [ [ 4218199.1, 3132868.2 ], [ 4218180.2, 3132919.2 ], [ 4218156.2, 3132932.0 ], [ 4218144.1, 3132964.3 ], [ 4218156.1, 3132994.7 ], [ 4218149.4, 3133039.3 ], [ 4218140.0, 3133046.9 ], [ 4218123.4, 3133037.4 ], [ 4218139.1, 3132922.1 ], [ 4218146.8, 3132739.8 ], [ 4218173.9, 3132711.3 ], [ 4218203.0, 3132792.9 ], [ 4218199.1, 3132868.2 ] ], [ [ 4217287.7, 3133296.6 ], [ 4217359.2, 3133313.3 ], [ 4217377.3, 3133324.6 ], [ 4217477.7, 3133313.1 ], [ 4217484.2, 3133322.0 ], [ 4217460.9, 3133499.2 ], [ 4217306.4, 3133491.4 ], [ 4217303.4, 3133437.4 ], [ 4217294.4, 3133421.5 ], [ 4217238.5, 3133405.1 ], [ 4217169.5, 3133406.1 ], [ 4217166.0, 3133375.2 ], [ 4217175.9, 3133341.5 ], [ 4217199.1, 3133289.3 ], [ 4217234.6, 3133246.8 ], [ 4217287.7, 3133296.6 ] ], [ [ 4221202.5, 3131836.0 ], [ 4221208.5, 3131818.2 ], [ 4221226.8, 3131821.7 ], [ 4221215.2, 3131845.1 ], [ 4221202.5, 3131836.0 ] ], [ [ 4218444.0, 3131782.0 ], [ 4218479.0, 3131527.2 ], [ 4218570.1, 3131555.5 ], [ 4218543.6, 3131797.3 ], [ 4218444.0, 3131782.0 ] ], [ [ 4219212.7, 3131563.6 ], [ 4219215.3, 3131461.4 ], [ 4219170.8, 3131325.0 ], [ 4219150.0, 3131278.6 ], [ 4219094.0, 3131200.8 ], [ 4219107.0, 3131181.8 ], [ 4219096.5, 3131038.4 ], [ 4219097.3, 3130891.6 ], [ 4219088.7, 3130800.0 ], [ 4219080.7, 3130787.5 ], [ 4219065.5, 3130783.0 ], [ 4219275.9, 3130588.3 ], [ 4219300.4, 3130557.1 ], [ 4219298.8, 3130617.8 ], [ 4219271.3, 3130616.0 ], [ 4219143.1, 3130730.4 ], [ 4219135.6, 3130829.8 ], [ 4219163.6, 3131009.0 ], [ 4219158.1, 3131096.2 ], [ 4219169.7, 3131118.0 ], [ 4219155.4, 3131144.0 ], [ 4219158.3, 3131174.6 ], [ 4219169.5, 3131191.9 ], [ 4219187.3, 3131194.6 ], [ 4219239.6, 3131232.0 ], [ 4219269.2, 3131265.1 ], [ 4219274.5, 3131300.6 ], [ 4219269.6, 3131419.6 ], [ 4219279.9, 3131507.1 ], [ 4219291.5, 3131516.6 ], [ 4219306.5, 3131516.4 ], [ 4219434.5, 3131436.5 ], [ 4219346.3, 3131608.7 ], [ 4219363.4, 3131649.2 ], [ 4219366.9, 3131720.5 ], [ 4219229.1, 3131647.8 ], [ 4219195.7, 3131610.0 ], [ 4219212.7, 3131563.6 ] ], [ [ 4219864.9, 3131576.0 ], [ 4219896.4, 3131536.2 ], [ 4219933.0, 3131562.9 ], [ 4219898.6, 3131599.8 ], [ 4219864.9, 3131576.0 ] ], [ [ 4220374.2, 3131564.4 ], [ 4220402.2, 3131562.1 ], [ 4220425.6, 3131543.7 ], [ 4220447.5, 3131543.4 ], [ 4220449.4, 3131579.3 ], [ 4220436.6, 3131588.0 ], [ 4220383.8, 3131595.4 ], [ 4220367.0, 3131584.0 ], [ 4220374.2, 3131564.4 ] ], [ [ 4219483.2, 3130992.3 ], [ 4219554.8, 3130988.4 ], [ 4219562.8, 3131019.5 ], [ 4219478.3, 3131036.7 ], [ 4219470.9, 3131027.6 ], [ 4219473.8, 3131000.0 ], [ 4219483.2, 3130992.3 ] ], [ [ 4219817.8, 3130899.8 ], [ 4219845.5, 3130926.0 ], [ 4219842.6, 3130932.7 ], [ 4219808.7, 3130929.1 ], [ 4219817.8, 3130899.8 ] ], [ [ 4219637.2, 3130647.4 ], [ 4219652.2, 3130661.0 ], [ 4219630.0, 3130687.1 ], [ 4219613.0, 3130677.8 ], [ 4219637.2, 3130647.4 ] ], [ [ 4218248.2, 3130320.1 ], [ 4218237.1, 3130304.7 ], [ 4218240.9, 3130280.9 ], [ 4218222.7, 3130265.6 ], [ 4218199.9, 3130266.8 ], [ 4218119.0, 3130296.8 ], [ 4218115.3, 3130246.9 ], [ 4218090.0, 3130223.4 ], [ 4218061.2, 3130230.4 ], [ 4218041.8, 3130281.2 ], [ 4218036.1, 3130248.9 ], [ 4218017.8, 3130235.8 ], [ 4218018.3, 3130170.0 ], [ 4217985.3, 3130122.9 ], [ 4218010.1, 3130103.3 ], [ 4218051.4, 3130104.9 ], [ 4218086.2, 3130119.4 ], [ 4218101.7, 3130148.9 ], [ 4218152.7, 3130177.7 ], [ 4218263.9, 3130217.2 ], [ 4218284.3, 3130239.0 ], [ 4218343.4, 3130267.1 ], [ 4218369.1, 3130288.5 ], [ 4218371.5, 3130354.5 ], [ 4218352.9, 3130374.1 ], [ 4218336.6, 3130370.3 ], [ 4218268.8, 3130320.8 ], [ 4218248.2, 3130320.1 ] ], [ [ 4220004.0, 3130048.6 ], [ 4220025.9, 3130025.7 ], [ 4220024.1, 3130054.3 ], [ 4220004.0, 3130048.6 ] ], [ [ 4220423.5, 3129975.3 ], [ 4220397.9, 3129960.0 ], [ 4220374.7, 3129970.7 ], [ 4220294.5, 3129972.2 ], [ 4220276.4, 3129956.5 ], [ 4220211.9, 3129954.8 ], [ 4220211.1, 3129928.1 ], [ 4220237.7, 3129899.3 ], [ 4220281.9, 3129891.8 ], [ 4220310.5, 3129876.7 ], [ 4220329.0, 3129880.8 ], [ 4220371.2, 3129870.7 ], [ 4220384.8, 3129859.2 ], [ 4220427.7, 3129861.2 ], [ 4220467.1, 3129850.9 ], [ 4220447.0, 3129873.2 ], [ 4220428.4, 3129914.7 ], [ 4220423.5, 3129975.3 ] ], [ [ 4219671.9, 3129858.0 ], [ 4219686.1, 3129908.9 ], [ 4219678.2, 3129925.5 ], [ 4219535.1, 3129872.8 ], [ 4219512.1, 3129830.5 ], [ 4219469.7, 3129796.8 ], [ 4219501.1, 3129763.0 ], [ 4219499.3, 3129741.3 ], [ 4219383.4, 3129622.7 ], [ 4219399.6, 3129587.8 ], [ 4219397.2, 3129570.2 ], [ 4219282.7, 3129476.6 ], [ 4219292.1, 3129456.8 ], [ 4219283.8, 3129438.0 ], [ 4219242.2, 3129419.4 ], [ 4219211.0, 3129392.6 ], [ 4219146.8, 3129389.6 ], [ 4219148.9, 3129347.4 ], [ 4219160.9, 3129338.3 ], [ 4219173.3, 3129352.8 ], [ 4219260.1, 3129386.7 ], [ 4219302.1, 3129383.6 ], [ 4219334.5, 3129352.7 ], [ 4219377.2, 3129422.4 ], [ 4219368.7, 3129437.6 ], [ 4219371.6, 3129451.5 ], [ 4219439.5, 3129530.8 ], [ 4219452.7, 3129558.8 ], [ 4219509.4, 3129602.7 ], [ 4219526.2, 3129661.9 ], [ 4219553.4, 3129681.2 ], [ 4219577.9, 3129724.1 ], [ 4219647.0, 3129757.0 ], [ 4219674.2, 3129784.4 ], [ 4219671.9, 3129858.0 ] ], [ [ 4220933.9, 3129723.3 ], [ 4220954.6, 3129720.9 ], [ 4221000.6, 3129736.8 ], [ 4221014.4, 3129780.7 ], [ 4220997.1, 3129782.8 ], [ 4220985.8, 3129763.0 ], [ 4220933.9, 3129723.3 ] ], [ [ 4220962.8, 3129636.4 ], [ 4220836.8, 3129320.9 ], [ 4220838.9, 3129304.9 ], [ 4220999.4, 3129362.4 ], [ 4220994.5, 3129368.4 ], [ 4220891.7, 3129333.0 ], [ 4220878.4, 3129337.6 ], [ 4220870.0, 3129352.8 ], [ 4220955.7, 3129571.3 ], [ 4220968.7, 3129578.4 ], [ 4220986.1, 3129574.7 ], [ 4221019.6, 3129538.7 ], [ 4220962.8, 3129636.4 ] ], [ [ 4221118.5, 3129538.2 ], [ 4221147.0, 3129486.7 ], [ 4221226.8, 3129531.6 ], [ 4221235.6, 3129545.2 ], [ 4221220.6, 3129588.3 ], [ 4221210.4, 3129594.0 ], [ 4221118.5, 3129538.2 ] ], [ [ 4221606.1, 3129416.4 ], [ 4221594.7, 3129366.9 ], [ 4221603.0, 3129353.5 ], [ 4221635.2, 3129351.8 ], [ 4221654.3, 3129318.3 ], [ 4221663.3, 3129314.8 ], [ 4221690.1, 3129359.6 ], [ 4221613.7, 3129451.3 ], [ 4221588.8, 3129437.0 ], [ 4221606.1, 3129416.4 ] ], [ [ 4221454.9, 3129309.5 ], [ 4221461.9, 3129372.1 ], [ 4221376.7, 3129385.2 ], [ 4221374.9, 3129314.8 ], [ 4221454.9, 3129309.5 ] ], [ [ 4219948.3, 3129351.1 ], [ 4219926.4, 3129353.3 ], [ 4219904.1, 3129219.6 ], [ 4219909.3, 3129214.1 ], [ 4219931.4, 3129231.2 ], [ 4219956.4, 3129227.3 ], [ 4219962.3, 3129254.8 ], [ 4219996.2, 3129292.0 ], [ 4219958.9, 3129317.8 ], [ 4219948.3, 3129351.1 ] ], [ [ 4224114.5, 3129285.9 ], [ 4224149.6, 3129206.7 ], [ 4224220.4, 3129096.0 ], [ 4224231.6, 3129053.6 ], [ 4224196.8, 3128937.0 ], [ 4224248.6, 3129000.2 ], [ 4224315.0, 3129007.5 ], [ 4224308.3, 3129038.4 ], [ 4224321.9, 3129057.2 ], [ 4224287.1, 3129133.1 ], [ 4224193.0, 3129236.1 ], [ 4224175.3, 3129238.3 ], [ 4224149.7, 3129261.1 ], [ 4224141.8, 3129283.8 ], [ 4224149.8, 3129342.1 ], [ 4224117.4, 3129334.4 ], [ 4224114.5, 3129285.9 ] ], [ [ 4220517.2, 3129104.8 ], [ 4220481.2, 3129093.3 ], [ 4220466.7, 3129072.4 ], [ 4220463.1, 3128978.3 ], [ 4220497.1, 3128977.3 ], [ 4220517.2, 3129104.8 ] ], [ [ 4221044.9, 3129203.8 ], [ 4221031.7, 3129270.6 ], [ 4221023.4, 3129270.1 ], [ 4221015.5, 3129202.4 ], [ 4221032.2, 3129184.3 ], [ 4221044.9, 3129203.8 ] ], [ [ 4219203.2, 3129256.5 ], [ 4219182.9, 3129310.5 ], [ 4219163.7, 3129320.6 ], [ 4219137.3, 3129300.9 ], [ 4219142.4, 3129284.5 ], [ 4219128.3, 3129262.4 ], [ 4219132.4, 3129239.3 ], [ 4219203.2, 3129256.5 ] ], [ [ 4218776.8, 3129797.8 ], [ 4218803.7, 3129819.5 ], [ 4218838.3, 3129864.5 ], [ 4218809.2, 3129883.2 ], [ 4218741.8, 3129870.3 ], [ 4218719.8, 3129858.2 ], [ 4218713.3, 3129826.3 ], [ 4218728.5, 3129791.7 ], [ 4218720.8, 3129766.3 ], [ 4218750.1, 3129773.7 ], [ 4218756.4, 3129791.9 ], [ 4218776.8, 3129797.8 ] ], [ [ 4221465.1, 3128865.9 ], [ 4221427.4, 3128821.1 ], [ 4221378.6, 3128805.2 ], [ 4221361.9, 3128717.8 ], [ 4221388.4, 3128716.7 ], [ 4221445.7, 3128749.3 ], [ 4221496.7, 3128810.9 ], [ 4221465.1, 3128865.9 ] ], [ [ 4225704.7, 3128821.0 ], [ 4225252.1, 3128710.5 ], [ 4225241.8, 3128670.2 ], [ 4225256.2, 3128650.2 ], [ 4225379.2, 3128642.5 ], [ 4225412.0, 3128645.0 ], [ 4225421.8, 3128667.1 ], [ 4225457.9, 3128676.5 ], [ 4225673.2, 3128660.9 ], [ 4225775.2, 3128640.6 ], [ 4225768.4, 3128717.5 ], [ 4225654.5, 3128725.8 ], [ 4225638.2, 3128739.5 ], [ 4225637.7, 3128754.1 ], [ 4225649.7, 3128767.5 ], [ 4225748.3, 3128776.8 ], [ 4225764.5, 3128784.3 ], [ 4225759.4, 3128819.9 ], [ 4225704.7, 3128821.0 ] ], [ [ 4225806.7, 3128738.9 ], [ 4225828.6, 3128744.9 ], [ 4225848.8, 3128738.1 ], [ 4225919.4, 3128683.9 ], [ 4226022.5, 3128682.5 ], [ 4226035.8, 3128728.5 ], [ 4225997.2, 3128742.2 ], [ 4225996.1, 3128778.5 ], [ 4225916.2, 3128792.7 ], [ 4225802.2, 3128783.0 ], [ 4225806.7, 3128738.9 ] ], [ [ 4219628.6, 3128573.7 ], [ 4219657.0, 3128549.3 ], [ 4219660.5, 3128523.6 ], [ 4219733.2, 3128518.3 ], [ 4219746.3, 3128529.3 ], [ 4219746.7, 3128537.8 ], [ 4219675.2, 3128557.1 ], [ 4219662.6, 3128576.9 ], [ 4219632.3, 3128579.8 ], [ 4219628.6, 3128573.7 ] ], [ [ 4220400.2, 3128164.0 ], [ 4220428.1, 3128176.1 ], [ 4220427.9, 3128207.7 ], [ 4220392.7, 3128216.5 ], [ 4220383.3, 3128168.0 ], [ 4220400.2, 3128164.0 ] ], [ [ 4224486.6, 3128536.8 ], [ 4224490.8, 3128430.2 ], [ 4224629.7, 3128423.3 ], [ 4224670.3, 3128392.9 ], [ 4224688.5, 3128394.2 ], [ 4224627.8, 3128533.2 ], [ 4224486.6, 3128536.8 ] ], [ [ 4223717.3, 3128439.0 ], [ 4223713.1, 3128415.4 ], [ 4223639.6, 3128350.5 ], [ 4223732.4, 3128284.8 ], [ 4223797.6, 3128345.5 ], [ 4223807.9, 3128367.4 ], [ 4223887.6, 3128386.1 ], [ 4223717.3, 3128439.0 ] ], [ [ 4223933.6, 3128320.5 ], [ 4223904.9, 3128287.1 ], [ 4223886.4, 3128287.6 ], [ 4223870.8, 3128305.7 ], [ 4223852.3, 3128288.5 ], [ 4223874.4, 3128263.2 ], [ 4223857.5, 3128223.7 ], [ 4223910.9, 3128240.8 ], [ 4223960.8, 3128227.8 ], [ 4223978.6, 3128242.5 ], [ 4223978.9, 3128266.0 ], [ 4223933.6, 3128320.5 ] ], [ [ 4223594.2, 3127983.1 ], [ 4223639.7, 3127972.1 ], [ 4223637.0, 3128016.6 ], [ 4223645.5, 3128042.9 ], [ 4223615.5, 3128106.7 ], [ 4223547.4, 3128075.1 ], [ 4223550.5, 3128036.9 ], [ 4223583.9, 3128004.0 ], [ 4223594.2, 3127983.1 ] ], [ [ 4224112.8, 3127984.2 ], [ 4224121.7, 3127923.5 ], [ 4224103.2, 3127870.6 ], [ 4224109.7, 3127862.4 ], [ 4224139.3, 3127909.5 ], [ 4224155.2, 3127917.1 ], [ 4224171.7, 3127910.6 ], [ 4224196.9, 3127870.0 ], [ 4224192.5, 3127813.6 ], [ 4224176.5, 3127780.0 ], [ 4224203.0, 3127724.8 ], [ 4224198.2, 3127707.8 ], [ 4224180.4, 3127699.7 ], [ 4224191.1, 3127670.6 ], [ 4224189.2, 3127558.2 ], [ 4224161.9, 3127487.6 ], [ 4224162.3, 3127461.8 ], [ 4224144.3, 3127434.0 ], [ 4224184.6, 3127426.9 ], [ 4224213.6, 3127453.1 ], [ 4224225.0, 3127565.7 ], [ 4224232.2, 3127681.7 ], [ 4224217.3, 3127792.5 ], [ 4224219.1, 3127875.2 ], [ 4224174.8, 3127970.7 ], [ 4224156.8, 3128029.0 ], [ 4224144.4, 3128044.3 ], [ 4224120.3, 3128014.8 ], [ 4224112.8, 3127984.2 ] ], [ [ 4222311.0, 3127506.7 ], [ 4222296.8, 3127511.7 ], [ 4222187.5, 3127483.7 ], [ 4222205.4, 3127471.7 ], [ 4222285.9, 3127492.6 ], [ 4222311.0, 3127506.7 ] ], [ [ 4222892.8, 3127769.2 ], [ 4222971.4, 3127782.6 ], [ 4223035.4, 3127837.0 ], [ 4222995.1, 3127879.7 ], [ 4222887.8, 3127819.6 ], [ 4222892.8, 3127769.2 ] ], [ [ 4223610.2, 3127794.8 ], [ 4223638.7, 3127771.8 ], [ 4223670.4, 3127783.1 ], [ 4223746.7, 3127831.1 ], [ 4223717.5, 3127878.8 ], [ 4223691.1, 3127886.6 ], [ 4223642.6, 3127877.9 ], [ 4223597.8, 3127846.9 ], [ 4223610.2, 3127794.8 ] ], [ [ 4222904.5, 3127040.7 ], [ 4222929.6, 3127092.2 ], [ 4222925.4, 3127123.2 ], [ 4222917.0, 3127134.1 ], [ 4222890.0, 3127140.1 ], [ 4222904.5, 3127040.7 ] ], [ [ 4224255.2, 3127067.0 ], [ 4224264.7, 3127049.8 ], [ 4224300.8, 3127054.6 ], [ 4224286.7, 3127078.8 ], [ 4224255.2, 3127067.0 ] ], [ [ 4223764.3, 3127025.2 ], [ 4223789.2, 3126971.5 ], [ 4223795.0, 3126973.5 ], [ 4223789.8, 3127034.7 ], [ 4223764.3, 3127025.2 ] ], [ [ 4225419.7, 3126868.4 ], [ 4225571.6, 3126804.1 ], [ 4225606.6, 3126842.4 ], [ 4225542.8, 3126869.8 ], [ 4225478.7, 3126877.6 ], [ 4225462.0, 3126903.9 ], [ 4225419.2, 3126921.2 ], [ 4225422.7, 3126894.6 ], [ 4225401.5, 3126882.4 ], [ 4225419.7, 3126868.4 ] ], [ [ 4225348.1, 3126637.1 ], [ 4225398.7, 3126632.6 ], [ 4225458.2, 3126682.2 ], [ 4225434.2, 3126700.0 ], [ 4225350.1, 3126651.6 ], [ 4225348.1, 3126637.1 ] ], [ [ 4222130.6, 3126467.4 ], [ 4222157.2, 3126472.0 ], [ 4222105.8, 3126563.4 ], [ 4222086.0, 3126557.1 ], [ 4222130.6, 3126467.4 ] ], [ [ 4222357.2, 3126279.1 ], [ 4222428.1, 3126260.7 ], [ 4222419.7, 3126294.8 ], [ 4222372.3, 3126304.0 ], [ 4222357.2, 3126279.1 ] ], [ [ 4225623.8, 3126129.7 ], [ 4225561.8, 3126121.4 ], [ 4225568.1, 3126045.3 ], [ 4225584.1, 3126031.9 ], [ 4225584.2, 3126008.9 ], [ 4225609.4, 3126007.2 ], [ 4225708.9, 3126036.6 ], [ 4225700.4, 3126128.3 ], [ 4225623.8, 3126129.7 ] ], [ [ 4222287.6, 3126122.0 ], [ 4222213.7, 3126128.9 ], [ 4222212.7, 3126106.1 ], [ 4222255.8, 3126094.3 ], [ 4222288.3, 3126098.8 ], [ 4222293.4, 3126106.3 ], [ 4222287.6, 3126122.0 ] ] ] } },
{ "type": "Feature", "properties": { "id": "forest_62231", "state": "Nordrhein-Westfalen", "area_ha": 5459.75, "unfragmented": true, "image": "forest_62231.webp", "real_width_m": 10328.0, "real_height_m": 11798.8, "pixel_width": 1032, "pixel_height": 1179, "centroid_x": 4214915.8, "centroid_y": 3148021.1 }, "geometry": { "type": "Polygon", "coordinates": [ [ [ 4214595.8, 3153863.6 ], [ 4214641.1, 3153869.7 ], [ 4214654.1, 3153857.8 ], [ 4214655.0, 3153834.8 ], [ 4214709.6, 3153821.1 ], [ 4214780.3, 3153820.4 ], [ 4214826.5, 3153798.2 ], [ 4214846.2, 3153838.0 ], [ 4214906.3, 3153845.5 ], [ 4214978.8, 3153801.8 ], [ 4215151.6, 3153671.8 ], [ 4215153.1, 3153648.4 ], [ 4215136.2, 3153634.9 ], [ 4215138.4, 3153579.7 ], [ 4215171.5, 3153527.0 ], [ 4215212.1, 3153529.6 ], [ 4215232.7, 3153485.4 ], [ 4215275.2, 3153475.0 ], [ 4215292.8, 3153459.9 ], [ 4215307.0, 3153422.0 ], [ 4215255.9, 3153383.3 ], [ 4215261.2, 3153375.3 ], [ 4215326.3, 3153313.2 ], [ 4215469.4, 3153207.3 ], [ 4215490.8, 3153169.1 ], [ 4215527.4, 3153189.4 ], [ 4215547.0, 3153184.0 ], [ 4215555.1, 3153158.3 ], [ 4215529.4, 3153129.4 ], [ 4215570.6, 3153091.2 ], [ 4215664.4, 3153036.6 ], [ 4215786.2, 3152996.6 ], [ 4215840.8, 3152996.0 ], [ 4215947.9, 3153015.1 ], [ 4215971.7, 3153005.3 ], [ 4215975.9, 3152981.7 ], [ 4215986.2, 3152981.4 ], [ 4215992.0, 3153003.0 ], [ 4216006.4, 3153012.2 ], [ 4216053.0, 3152998.0 ], [ 4216129.3, 3152940.0 ], [ 4216140.9, 3152908.2 ], [ 4216131.4, 3152886.5 ], [ 4216153.3, 3152876.2 ], [ 4216173.2, 3152852.8 ], [ 4216235.7, 3152769.6 ], [ 4216248.9, 3152733.5 ], [ 4216299.2, 3152694.4 ], [ 4216323.1, 3152687.9 ], [ 4216369.1, 3152694.0 ], [ 4216415.9, 3152672.9 ], [ 4216456.8, 3152680.9 ], [ 4216505.1, 3152675.3 ], [ 4216523.6, 3152654.6 ], [ 4216934.0, 3152572.7 ], [ 4217056.1, 3152607.6 ], [ 4217082.1, 3152602.8 ], [ 4217099.1, 3152586.7 ], [ 4217100.3, 3152570.6 ], [ 4217161.1, 3152516.5 ], [ 4217189.7, 3152463.5 ], [ 4217206.4, 3152452.8 ], [ 4217403.9, 3152100.3 ], [ 4217443.6, 3152041.9 ], [ 4217462.7, 3152035.8 ], [ 4217486.3, 3152011.2 ], [ 4217492.9, 3151963.5 ], [ 4217571.5, 3151854.2 ], [ 4217591.1, 3151840.3 ], [ 4217616.0, 3151837.0 ], [ 4217631.6, 3151867.6 ], [ 4217658.5, 3151877.8 ], [ 4217797.1, 3151867.6 ], [ 4217814.4, 3151856.9 ], [ 4217816.5, 3151821.1 ], [ 4217791.1, 3151802.8 ], [ 4217782.4, 3151780.8 ], [ 4217819.4, 3151767.1 ], [ 4217823.6, 3151727.2 ], [ 4217811.9, 3151713.4 ], [ 4217787.2, 3151713.1 ], [ 4217767.8, 3151682.9 ], [ 4217760.7, 3151640.9 ], [ 4217766.7, 3151627.0 ], [ 4217831.1, 3151629.4 ], [ 4217828.6, 3151682.8 ], [ 4217842.8, 3151699.7 ], [ 4217907.7, 3151702.0 ], [ 4217916.4, 3151714.3 ], [ 4217931.0, 3151718.2 ], [ 4217953.9, 3151711.3 ], [ 4217960.4, 3151688.3 ], [ 4217986.9, 3151687.9 ], [ 4217994.1, 3151725.1 ], [ 4218020.5, 3151733.7 ], [ 4218027.2, 3151835.9 ], [ 4218013.1, 3151869.6 ], [ 4217957.0, 3151900.1 ], [ 4217949.4, 3151919.3 ], [ 4217958.2, 3151950.2 ], [ 4217971.0, 3151961.7 ], [ 4217988.1, 3151960.5 ], [ 4218012.7, 3151941.3 ], [ 4218061.7, 3151887.3 ], [ 4218099.5, 3151813.0 ], [ 4218112.0, 3151749.0 ], [ 4218117.0, 3151613.5 ], [ 4218136.9, 3151535.6 ], [ 4218172.2, 3151474.7 ], [ 4218285.1, 3151344.9 ], [ 4218290.5, 3151327.3 ], [ 4218277.3, 3151310.0 ], [ 4218255.6, 3151312.6 ], [ 4218107.6, 3151435.3 ], [ 4218061.8, 3151484.9 ], [ 4218003.6, 3151449.6 ], [ 4218026.2, 3151362.8 ], [ 4218196.0, 3151112.7 ], [ 4218359.0, 3150963.0 ], [ 4218390.5, 3150966.2 ], [ 4218471.0, 3151090.0 ], [ 4218500.5, 3151107.7 ], [ 4218522.4, 3151097.7 ], [ 4218556.9, 3151030.5 ], [ 4218590.3, 3150909.5 ], [ 4218606.7, 3150746.6 ], [ 4218610.0, 3150493.5 ], [ 4218625.6, 3150426.9 ], [ 4218664.2, 3150363.2 ], [ 4218707.6, 3150323.8 ], [ 4218762.2, 3150299.5 ], [ 4218809.5, 3150292.3 ], [ 4218907.1, 3150297.1 ], [ 4218938.9, 3150291.4 ], [ 4218956.9, 3150257.5 ], [ 4218942.8, 3150223.4 ], [ 4218992.3, 3150190.9 ], [ 4219012.7, 3150161.1 ], [ 4219015.0, 3150134.8 ], [ 4219057.7, 3150107.5 ], [ 4219071.8, 3150118.0 ], [ 4219089.1, 3150114.9 ], [ 4219097.8, 3150103.8 ], [ 4219096.6, 3150086.5 ], [ 4219183.3, 3150015.7 ], [ 4219199.5, 3150020.7 ], [ 4219219.2, 3150010.2 ], [ 4219228.7, 3149981.4 ], [ 4219251.0, 3149965.3 ], [ 4219288.0, 3149966.5 ], [ 4219367.1, 3150008.4 ], [ 4219387.6, 3150027.9 ], [ 4219418.9, 3150016.8 ], [ 4219463.5, 3149962.8 ], [ 4219487.2, 3149905.6 ], [ 4219501.6, 3149757.6 ], [ 4219493.8, 3149737.6 ], [ 4219480.1, 3149727.9 ], [ 4219491.1, 3149704.7 ], [ 4219530.3, 3149656.7 ], [ 4219618.2, 3149613.2 ], [ 4219627.7, 3149601.7 ], [ 4219602.4, 3149530.0 ], [ 4219664.7, 3149495.3 ], [ 4219748.4, 3149472.2 ], [ 4219775.2, 3149473.2 ], [ 4219817.7, 3149495.8 ], [ 4219835.1, 3149494.8 ], [ 4219849.3, 3149475.5 ], [ 4219853.0, 3149445.0 ], [ 4219839.2, 3149414.1 ], [ 4219853.3, 3149400.7 ], [ 4219952.9, 3149346.3 ], [ 4220038.2, 3149310.9 ], [ 4220137.9, 3149243.8 ], [ 4220185.1, 3149180.4 ], [ 4220214.7, 3149090.6 ], [ 4220241.3, 3148953.7 ], [ 4220305.4, 3148844.7 ], [ 4220334.2, 3148813.3 ], [ 4220391.8, 3148776.7 ], [ 4220492.4, 3148722.1 ], [ 4220537.7, 3148706.9 ], [ 4220545.9, 3148680.8 ], [ 4220571.3, 3148660.0 ], [ 4220574.1, 3148642.0 ], [ 4220518.6, 3148552.7 ], [ 4220268.0, 3148270.2 ], [ 4220252.5, 3148265.4 ], [ 4220172.7, 3148275.2 ], [ 4220136.6, 3148308.2 ], [ 4220081.7, 3148266.7 ], [ 4220028.2, 3148244.6 ], [ 4220046.1, 3148220.2 ], [ 4220037.6, 3148201.7 ], [ 4220039.5, 3148154.8 ], [ 4220032.8, 3148141.7 ], [ 4220001.2, 3148133.7 ], [ 4219959.6, 3148141.9 ], [ 4219883.5, 3148096.6 ], [ 4219838.4, 3148080.4 ], [ 4219685.6, 3148000.8 ], [ 4219714.4, 3147937.3 ], [ 4219710.4, 3147917.7 ], [ 4219542.7, 3147799.5 ], [ 4219526.9, 3147795.5 ], [ 4219514.4, 3147801.6 ], [ 4219491.1, 3147833.2 ], [ 4219490.7, 3147851.7 ], [ 4219504.5, 3147864.0 ], [ 4219598.6, 3147888.6 ], [ 4219597.5, 3147934.8 ], [ 4219546.8, 3147926.3 ], [ 4219293.8, 3147839.4 ], [ 4219203.6, 3147774.2 ], [ 4219165.4, 3147768.3 ], [ 4219106.0, 3147719.2 ], [ 4219052.4, 3147697.1 ], [ 4219017.7, 3147667.7 ], [ 4218902.1, 3147603.5 ], [ 4218803.2, 3147524.1 ], [ 4218777.9, 3147495.1 ], [ 4218591.9, 3147378.3 ], [ 4218571.1, 3147384.1 ], [ 4218561.1, 3147405.6 ], [ 4218595.0, 3147444.3 ], [ 4218601.0, 3147467.5 ], [ 4218677.2, 3147531.3 ], [ 4218694.9, 3147533.3 ], [ 4218712.3, 3147519.2 ], [ 4218723.3, 3147530.1 ], [ 4218733.6, 3147541.7 ], [ 4218736.8, 3147564.6 ], [ 4218849.4, 3147705.2 ], [ 4218866.9, 3147713.4 ], [ 4218945.0, 3147818.1 ], [ 4218954.9, 3147854.2 ], [ 4218924.8, 3147883.5 ], [ 4218923.2, 3147936.3 ], [ 4218873.4, 3147952.8 ], [ 4218860.3, 3147969.6 ], [ 4218863.9, 3147986.3 ], [ 4218898.0, 3148021.2 ], [ 4218816.0, 3148089.2 ], [ 4218672.4, 3148022.4 ], [ 4218595.8, 3147927.8 ], [ 4218547.1, 3147887.5 ], [ 4218476.1, 3147880.6 ], [ 4218385.7, 3147883.1 ], [ 4218393.9, 3147798.6 ], [ 4218388.8, 3147782.3 ], [ 4218212.1, 3147674.7 ], [ 4218189.4, 3147683.3 ], [ 4218167.5, 3147752.0 ], [ 4218150.6, 3147770.7 ], [ 4218157.7, 3147805.7 ], [ 4218216.8, 3147872.8 ], [ 4218186.5, 3147893.1 ], [ 4217828.7, 3147850.3 ], [ 4217810.1, 3147859.7 ], [ 4217796.3, 3147903.2 ], [ 4217565.8, 3147830.5 ], [ 4217513.8, 3147739.2 ], [ 4217501.1, 3147728.9 ], [ 4217523.4, 3147673.7 ], [ 4217596.0, 3147696.2 ], [ 4217595.1, 3147714.1 ], [ 4217606.7, 3147727.7 ], [ 4217668.7, 3147741.3 ], [ 4217682.3, 3147726.7 ], [ 4217711.2, 3147621.3 ], [ 4217698.2, 3147602.1 ], [ 4217565.0, 3147566.3 ], [ 4217338.4, 3147578.6 ], [ 4217332.9, 3147605.4 ], [ 4217356.1, 3147619.1 ], [ 4217305.4, 3147670.2 ], [ 4217280.7, 3147673.8 ], [ 4217270.4, 3147687.8 ], [ 4217282.0, 3147724.0 ], [ 4217285.5, 3147785.4 ], [ 4217114.9, 3147738.7 ], [ 4217092.2, 3147746.5 ], [ 4217082.8, 3147781.0 ], [ 4217063.7, 3147806.2 ], [ 4217063.8, 3147825.2 ], [ 4217174.8, 3147988.0 ], [ 4217201.7, 3148042.5 ], [ 4217159.1, 3148122.9 ], [ 4217077.0, 3147995.9 ], [ 4217044.9, 3148002.3 ], [ 4217039.0, 3147989.6 ], [ 4217022.9, 3147982.8 ], [ 4216959.7, 3147985.7 ], [ 4216944.0, 3147998.6 ], [ 4216902.6, 3147984.8 ], [ 4216897.2, 3147961.4 ], [ 4216879.6, 3147950.2 ], [ 4216312.6, 3147909.3 ], [ 4216187.0, 3147887.5 ], [ 4216020.2, 3147809.3 ], [ 4215781.8, 3147746.0 ], [ 4215768.1, 3147749.1 ], [ 4215758.0, 3147763.4 ], [ 4215778.7, 3147833.5 ], [ 4215764.1, 3147851.8 ], [ 4215739.4, 3147856.2 ], [ 4215728.0, 3147836.0 ], [ 4215714.7, 3147830.4 ], [ 4215641.6, 3147849.5 ], [ 4215623.5, 3147763.8 ], [ 4215627.1, 3147666.4 ], [ 4215610.7, 3147586.4 ], [ 4215580.1, 3147529.6 ], [ 4215524.5, 3147493.7 ], [ 4215555.4, 3147454.5 ], [ 4215627.5, 3147435.7 ], [ 4215812.2, 3147322.7 ], [ 4215854.4, 3147287.6 ], [ 4215856.9, 3147273.2 ], [ 4215846.8, 3147258.2 ], [ 4215761.2, 3147240.0 ], [ 4215705.4, 3147192.6 ], [ 4215702.7, 3147184.4 ], [ 4215737.9, 3147148.3 ], [ 4215739.0, 3147113.9 ], [ 4215767.9, 3147131.8 ], [ 4215872.4, 3147151.3 ], [ 4215906.8, 3147167.1 ], [ 4215908.2, 3147204.4 ], [ 4215920.7, 3147217.4 ], [ 4215943.9, 3147224.7 ], [ 4215994.9, 3147221.7 ], [ 4216042.3, 3147258.7 ], [ 4216090.0, 3147280.5 ], [ 4216325.1, 3147342.1 ], [ 4216635.2, 3147338.8 ], [ 4216776.0, 3147371.5 ], [ 4216892.5, 3147417.7 ], [ 4216919.8, 3147394.5 ], [ 4216957.9, 3147384.8 ], [ 4217023.6, 3147319.6 ], [ 4217054.8, 3147307.4 ], [ 4217068.3, 3147325.4 ], [ 4216967.5, 3147416.0 ], [ 4216950.0, 3147444.9 ], [ 4216958.6, 3147461.3 ], [ 4217020.2, 3147503.3 ], [ 4217053.5, 3147552.1 ], [ 4217069.5, 3147558.6 ], [ 4217087.5, 3147548.8 ], [ 4217158.7, 3147433.1 ], [ 4217156.8, 3147415.2 ], [ 4217119.8, 3147370.8 ], [ 4217228.6, 3147288.5 ], [ 4217281.5, 3147271.9 ], [ 4217310.0, 3147276.1 ], [ 4217354.6, 3147255.0 ], [ 4217357.3, 3147227.2 ], [ 4217321.4, 3147123.8 ], [ 4217336.4, 3147093.6 ], [ 4217352.8, 3147017.8 ], [ 4217366.5, 3146999.8 ], [ 4217381.2, 3147005.0 ], [ 4217415.7, 3146997.9 ], [ 4217431.6, 3146968.7 ], [ 4217429.7, 3146952.0 ], [ 4217359.8, 3146858.5 ], [ 4217332.5, 3146770.3 ], [ 4217368.4, 3146728.9 ], [ 4217405.1, 3146667.0 ], [ 4217431.0, 3146645.6 ], [ 4217428.1, 3146617.5 ], [ 4217411.0, 3146603.6 ], [ 4217392.6, 3146605.2 ], [ 4217311.9, 3146651.3 ], [ 4217260.1, 3146712.1 ], [ 4217234.9, 3146696.0 ], [ 4217173.8, 3146628.8 ], [ 4217237.8, 3146560.9 ], [ 4217233.2, 3146533.5 ], [ 4217083.9, 3146473.2 ], [ 4216979.8, 3146464.3 ], [ 4216957.6, 3146478.7 ], [ 4216940.6, 3146566.5 ], [ 4216874.4, 3146549.5 ], [ 4216851.8, 3146563.4 ], [ 4216792.8, 3146841.5 ], [ 4216771.8, 3147130.4 ], [ 4216636.5, 3147120.5 ], [ 4216639.3, 3147092.0 ], [ 4216628.6, 3147077.2 ], [ 4216454.2, 3147046.1 ], [ 4216458.5, 3147025.9 ], [ 4216448.7, 3147011.0 ], [ 4216291.5, 3146935.1 ], [ 4216417.1, 3146759.0 ], [ 4216564.9, 3146587.3 ], [ 4216688.1, 3146423.3 ], [ 4216680.8, 3146400.2 ], [ 4216587.5, 3146349.3 ], [ 4216603.1, 3146315.5 ], [ 4216602.1, 3146300.8 ], [ 4216541.5, 3146266.7 ], [ 4216482.0, 3146070.3 ], [ 4216469.0, 3146046.5 ], [ 4216446.1, 3146035.2 ], [ 4216483.7, 3145960.8 ], [ 4216530.5, 3145921.5 ], [ 4216588.4, 3145901.6 ], [ 4216601.9, 3145889.7 ], [ 4216605.7, 3145876.0 ], [ 4216595.8, 3145826.0 ], [ 4216584.9, 3145815.6 ], [ 4216560.0, 3145813.3 ], [ 4216429.8, 3145834.6 ], [ 4216367.8, 3145815.2 ], [ 4216357.6, 3145794.2 ], [ 4216313.9, 3145778.2 ], [ 4216233.4, 3145788.2 ], [ 4216198.1, 3145810.4 ], [ 4216174.5, 3145872.5 ], [ 4216093.6, 3146004.7 ], [ 4216039.0, 3145987.7 ], [ 4216037.5, 3145975.0 ], [ 4216089.0, 3145887.6 ], [ 4216081.6, 3145871.1 ], [ 4216062.9, 3145862.0 ], [ 4216072.0, 3145824.6 ], [ 4216056.2, 3145771.7 ], [ 4216054.8, 3145716.4 ], [ 4216039.8, 3145700.0 ], [ 4216031.3, 3145659.3 ], [ 4216005.0, 3145631.2 ], [ 4215956.6, 3145602.6 ], [ 4215946.3, 3145557.1 ], [ 4215919.7, 3145534.7 ], [ 4215915.3, 3145518.5 ], [ 4215897.3, 3145500.1 ], [ 4215887.0, 3145447.6 ], [ 4215904.7, 3145365.6 ], [ 4215895.8, 3145333.5 ], [ 4215985.7, 3145285.1 ], [ 4215998.7, 3145258.6 ], [ 4215987.8, 3145178.9 ], [ 4215965.7, 3145153.2 ], [ 4215943.8, 3145153.6 ], [ 4215940.1, 3145054.6 ], [ 4215847.0, 3145017.1 ], [ 4215820.4, 3144987.1 ], [ 4215782.4, 3144973.0 ], [ 4215721.6, 3144970.3 ], [ 4215679.3, 3145022.5 ], [ 4215622.9, 3145000.5 ], [ 4215481.4, 3144902.8 ], [ 4215490.9, 3144874.7 ], [ 4215605.8, 3144895.3 ], [ 4215621.7, 3144881.1 ], [ 4215618.0, 3144860.1 ], [ 4215511.8, 3144830.6 ], [ 4215433.8, 3144778.4 ], [ 4215532.8, 3144744.7 ], [ 4215944.2, 3144833.9 ], [ 4215961.8, 3144820.7 ], [ 4215981.3, 3144738.8 ], [ 4216045.7, 3144752.3 ], [ 4216157.5, 3144734.2 ], [ 4216188.1, 3144679.7 ], [ 4216250.3, 3144667.0 ], [ 4216276.3, 3144650.3 ], [ 4216323.7, 3144565.2 ], [ 4216342.5, 3144570.3 ], [ 4216355.8, 3144564.0 ], [ 4216371.1, 3144525.8 ], [ 4216406.1, 3144492.4 ], [ 4216425.7, 3144394.7 ], [ 4216417.8, 3144378.8 ], [ 4216404.3, 3144373.8 ], [ 4216391.5, 3144331.7 ], [ 4216402.3, 3144250.1 ], [ 4216417.4, 3144204.5 ], [ 4216466.0, 3144224.5 ], [ 4216487.5, 3144213.6 ], [ 4216504.2, 3144177.2 ], [ 4216485.0, 3144157.7 ], [ 4216480.1, 3144132.8 ], [ 4216467.6, 3144125.0 ], [ 4216440.5, 3144127.1 ], [ 4216439.0, 3144102.5 ], [ 4216421.4, 3144087.3 ], [ 4216294.1, 3144078.8 ], [ 4216306.3, 3143988.3 ], [ 4216291.1, 3143974.1 ], [ 4216240.2, 3143969.0 ], [ 4216249.4, 3143898.5 ], [ 4216238.6, 3143879.4 ], [ 4216216.6, 3143879.2 ], [ 4216195.5, 3143901.8 ], [ 4216092.8, 3143851.6 ], [ 4216078.0, 3143851.8 ], [ 4216043.9, 3143900.1 ], [ 4215837.0, 3144267.2 ], [ 4215755.6, 3144357.0 ], [ 4215706.1, 3144380.5 ], [ 4215590.1, 3144204.3 ], [ 4215604.9, 3144184.9 ], [ 4215602.0, 3144167.1 ], [ 4215479.5, 3143982.9 ], [ 4215583.6, 3143940.5 ], [ 4215845.4, 3143801.0 ], [ 4215919.7, 3143805.5 ], [ 4215955.5, 3143735.5 ], [ 4215966.4, 3143698.8 ], [ 4215961.8, 3143681.6 ], [ 4215845.6, 3143630.4 ], [ 4215651.7, 3143518.9 ], [ 4215661.3, 3143490.9 ], [ 4215653.1, 3143472.8 ], [ 4215484.7, 3143375.2 ], [ 4215490.0, 3143357.7 ], [ 4215481.5, 3143341.6 ], [ 4215338.7, 3143265.8 ], [ 4215370.8, 3143172.1 ], [ 4215360.0, 3143149.5 ], [ 4215213.1, 3143097.8 ], [ 4215184.7, 3143105.3 ], [ 4214986.7, 3143056.8 ], [ 4214859.1, 3143047.8 ], [ 4214834.3, 3143012.0 ], [ 4214872.5, 3142991.6 ], [ 4214882.7, 3142967.9 ], [ 4214876.4, 3142951.1 ], [ 4214522.8, 3142696.4 ], [ 4214497.5, 3142701.8 ], [ 4214417.8, 3142822.8 ], [ 4214257.2, 3142703.9 ], [ 4214121.8, 3142627.3 ], [ 4214023.1, 3142603.0 ], [ 4213929.9, 3142555.4 ], [ 4213883.3, 3142539.8 ], [ 4213722.0, 3142518.5 ], [ 4213649.9, 3142522.0 ], [ 4213663.2, 3142499.3 ], [ 4213662.3, 3142481.5 ], [ 4213614.9, 3142454.6 ], [ 4213591.4, 3142462.2 ], [ 4213544.4, 3142455.3 ], [ 4213510.6, 3142492.8 ], [ 4213492.1, 3142477.4 ], [ 4213475.0, 3142475.0 ], [ 4213463.4, 3142482.7 ], [ 4213453.6, 3142507.5 ], [ 4213157.2, 3142469.9 ], [ 4213153.0, 3142454.1 ], [ 4213174.3, 3142449.3 ], [ 4213191.9, 3142413.7 ], [ 4213225.2, 3142419.4 ], [ 4213242.5, 3142403.6 ], [ 4213297.7, 3142413.6 ], [ 4213313.2, 3142403.4 ], [ 4213325.7, 3142325.4 ], [ 4213314.5, 3142315.3 ], [ 4213269.9, 3142305.6 ], [ 4213248.2, 3142313.3 ], [ 4213238.4, 3142348.5 ], [ 4213108.8, 3142319.0 ], [ 4213043.9, 3142288.3 ], [ 4213026.8, 3142287.6 ], [ 4212935.4, 3142345.4 ], [ 4212812.8, 3142440.8 ], [ 4212412.4, 3142294.2 ], [ 4212415.9, 3142272.6 ], [ 4212402.3, 3142256.7 ], [ 4212163.5, 3142208.7 ], [ 4212172.4, 3142190.8 ], [ 4212165.4, 3142174.1 ], [ 4212132.3, 3142168.0 ], [ 4212105.4, 3142149.0 ], [ 4211958.5, 3142147.9 ], [ 4211948.3, 3142172.9 ], [ 4211922.9, 3142189.6 ], [ 4211876.9, 3142265.9 ], [ 4211667.7, 3142253.2 ], [ 4211594.6, 3142194.3 ], [ 4211469.0, 3142180.7 ], [ 4211349.8, 3142156.6 ], [ 4211299.6, 3142195.7 ], [ 4211276.2, 3142228.8 ], [ 4211256.2, 3142292.7 ], [ 4211246.6, 3142357.6 ], [ 4211271.2, 3142460.0 ], [ 4211343.0, 3142533.1 ], [ 4211371.7, 3142545.2 ], [ 4211457.8, 3142607.0 ], [ 4211527.5, 3142624.4 ], [ 4211669.6, 3142711.4 ], [ 4211693.3, 3142707.6 ], [ 4211706.9, 3142676.6 ], [ 4211927.2, 3142751.7 ], [ 4211952.3, 3142743.7 ], [ 4212039.2, 3142776.4 ], [ 4212179.7, 3142844.0 ], [ 4212174.0, 3142863.8 ], [ 4212183.1, 3142879.7 ], [ 4212288.0, 3142930.3 ], [ 4212309.4, 3142928.9 ], [ 4212489.8, 3142993.9 ], [ 4212461.3, 3143040.4 ], [ 4212457.7, 3143069.5 ], [ 4212442.3, 3143088.8 ], [ 4212441.5, 3143102.8 ], [ 4212452.3, 3143116.4 ], [ 4212527.4, 3143156.9 ], [ 4212475.2, 3143224.0 ], [ 4212465.6, 3143262.4 ], [ 4212472.8, 3143287.1 ], [ 4212493.6, 3143322.3 ], [ 4212547.9, 3143370.1 ], [ 4212615.2, 3143456.1 ], [ 4212671.8, 3143592.3 ], [ 4212725.1, 3143687.9 ], [ 4212778.8, 3143830.3 ], [ 4212874.1, 3143964.8 ], [ 4212855.7, 3143983.7 ], [ 4212858.3, 3144004.6 ], [ 4212953.1, 3144073.0 ], [ 4212940.6, 3144089.0 ], [ 4212841.0, 3144015.9 ], [ 4212805.5, 3144014.1 ], [ 4212761.0, 3143995.3 ], [ 4212730.5, 3143978.0 ], [ 4212719.7, 3143959.4 ], [ 4212705.9, 3143956.5 ], [ 4212645.9, 3143971.5 ], [ 4212574.2, 3143976.2 ], [ 4212500.1, 3143995.4 ], [ 4212478.5, 3144013.3 ], [ 4212454.9, 3144010.9 ], [ 4212441.0, 3144027.3 ], [ 4212411.1, 3144038.9 ], [ 4212378.6, 3144081.8 ], [ 4212306.1, 3144140.1 ], [ 4212299.0, 3144131.9 ], [ 4212365.2, 3144080.1 ], [ 4212373.7, 3144064.1 ], [ 4212367.3, 3144047.2 ], [ 4212331.8, 3144014.4 ], [ 4212324.8, 3143991.3 ], [ 4212308.1, 3143984.2 ], [ 4212199.1, 3143990.2 ], [ 4212193.6, 3143940.6 ], [ 4212102.3, 3143860.9 ], [ 4212085.5, 3143819.8 ], [ 4211965.5, 3143761.9 ], [ 4211988.6, 3143659.9 ], [ 4211981.6, 3143617.1 ], [ 4211844.4, 3143553.5 ], [ 4211857.0, 3143511.6 ], [ 4211878.6, 3143534.0 ], [ 4211923.9, 3143558.4 ], [ 4211959.9, 3143557.5 ], [ 4211974.8, 3143525.2 ], [ 4212101.1, 3143634.1 ], [ 4212122.3, 3143633.5 ], [ 4212132.8, 3143619.0 ], [ 4212107.1, 3143551.0 ], [ 4211844.0, 3143357.6 ], [ 4211889.3, 3143248.4 ], [ 4211934.9, 3143091.3 ], [ 4211930.6, 3143074.1 ], [ 4211850.5, 3143013.3 ], [ 4211500.9, 3142862.1 ], [ 4211440.5, 3142816.8 ], [ 4211361.3, 3142737.4 ], [ 4211344.5, 3142742.5 ], [ 4211330.1, 3142766.4 ], [ 4211339.6, 3142785.7 ], [ 4211326.5, 3142894.6 ], [ 4211349.1, 3142979.6 ], [ 4211336.8, 3143028.8 ], [ 4211296.5, 3143019.0 ], [ 4211282.7, 3143022.4 ], [ 4211273.9, 3143033.4 ], [ 4211265.0, 3143080.5 ], [ 4211275.2, 3143103.2 ], [ 4211300.7, 3143101.9 ], [ 4211296.5, 3143166.8 ], [ 4211321.7, 3143243.6 ], [ 4211301.2, 3143345.5 ], [ 4211238.8, 3143385.2 ], [ 4211202.3, 3143357.3 ], [ 4211185.9, 3143329.1 ], [ 4211168.2, 3143325.6 ], [ 4211114.5, 3143365.8 ], [ 4211041.0, 3143401.5 ], [ 4210989.7, 3143511.1 ], [ 4210967.3, 3143534.4 ], [ 4210934.6, 3143649.9 ], [ 4210926.7, 3143706.5 ], [ 4210860.3, 3143734.9 ], [ 4210817.1, 3143734.6 ], [ 4210815.2, 3143706.6 ], [ 4210923.8, 3143533.7 ], [ 4210927.9, 3143451.1 ], [ 4210976.9, 3143386.8 ], [ 4211076.1, 3143293.2 ], [ 4211081.2, 3143276.0 ], [ 4211074.6, 3143263.0 ], [ 4211057.7, 3143257.0 ], [ 4211020.4, 3143266.2 ], [ 4210942.9, 3143298.8 ], [ 4210827.9, 3143392.8 ], [ 4210726.7, 3143454.2 ], [ 4210597.9, 3143476.1 ], [ 4210579.0, 3143497.1 ], [ 4210565.1, 3143567.1 ], [ 4210541.5, 3143617.4 ], [ 4210507.4, 3143647.3 ], [ 4210438.3, 3143680.7 ], [ 4210416.8, 3143701.4 ], [ 4210409.2, 3143730.4 ], [ 4210406.5, 3143827.5 ], [ 4210391.2, 3143860.0 ], [ 4210335.6, 3143901.8 ], [ 4210315.5, 3143901.7 ], [ 4210268.9, 3143876.4 ], [ 4210252.3, 3143882.6 ], [ 4210246.1, 3143902.8 ], [ 4210275.8, 3143941.6 ], [ 4210299.7, 3143994.3 ], [ 4210317.1, 3143997.2 ], [ 4210384.7, 3143983.6 ], [ 4210426.3, 3143994.8 ], [ 4210645.1, 3144182.0 ], [ 4210729.5, 3144276.9 ], [ 4210741.9, 3144387.0 ], [ 4210765.8, 3144427.9 ], [ 4210864.8, 3144469.7 ], [ 4210936.3, 3144525.9 ], [ 4211057.6, 3144560.8 ], [ 4211084.3, 3144577.6 ], [ 4211105.4, 3144603.3 ], [ 4211104.8, 3144651.0 ], [ 4211078.5, 3144717.2 ], [ 4210971.5, 3144840.2 ], [ 4210829.2, 3145078.9 ], [ 4210800.9, 3145164.7 ], [ 4210795.7, 3145252.4 ], [ 4210807.7, 3145320.5 ], [ 4210836.3, 3145393.5 ], [ 4210966.9, 3145597.8 ], [ 4211014.7, 3145705.7 ], [ 4211047.4, 3145844.0 ], [ 4211061.2, 3146085.3 ], [ 4211080.5, 3146198.7 ], [ 4211115.8, 3146285.3 ], [ 4211174.6, 3146373.1 ], [ 4211358.7, 3146570.6 ], [ 4211713.2, 3146902.8 ], [ 4212011.9, 3147144.6 ], [ 4212230.4, 3147304.6 ], [ 4212556.8, 3147513.8 ], [ 4212745.9, 3147622.9 ], [ 4212760.2, 3147623.1 ], [ 4212773.4, 3147611.3 ], [ 4212767.1, 3147549.9 ], [ 4212781.6, 3147549.2 ], [ 4212888.3, 3147604.3 ], [ 4212984.0, 3147670.7 ], [ 4212996.9, 3147690.2 ], [ 4213080.7, 3147688.6 ], [ 4213081.7, 3147705.0 ], [ 4213104.2, 3147725.5 ], [ 4213143.2, 3147807.4 ], [ 4213163.2, 3147811.9 ], [ 4213201.1, 3147794.9 ], [ 4213229.4, 3147917.8 ], [ 4213283.8, 3148011.9 ], [ 4213302.0, 3148012.3 ], [ 4213440.4, 3147954.7 ], [ 4213468.0, 3147956.4 ], [ 4213455.7, 3148017.5 ], [ 4213391.8, 3148015.6 ], [ 4213346.1, 3148034.3 ], [ 4213318.5, 3148056.5 ], [ 4213302.2, 3148036.2 ], [ 4213276.6, 3148044.5 ], [ 4213260.2, 3148105.9 ], [ 4213269.0, 3148122.0 ], [ 4213287.4, 3148126.2 ], [ 4213286.4, 3148146.0 ], [ 4213239.2, 3148160.4 ], [ 4213222.0, 3148215.1 ], [ 4213231.2, 3148234.9 ], [ 4213278.2, 3148249.3 ], [ 4213277.4, 3148254.6 ], [ 4213262.3, 3148310.5 ], [ 4213224.6, 3148383.1 ], [ 4213191.0, 3148364.7 ], [ 4213173.8, 3148365.7 ], [ 4213149.1, 3148401.9 ], [ 4213109.2, 3148430.7 ], [ 4213110.2, 3148458.4 ], [ 4213147.9, 3148475.4 ], [ 4213117.5, 3148509.8 ], [ 4212981.7, 3148619.8 ], [ 4212821.4, 3148789.9 ], [ 4212779.3, 3148859.3 ], [ 4212748.3, 3148890.1 ], [ 4212701.6, 3148962.1 ], [ 4212676.5, 3149023.0 ], [ 4212637.7, 3149080.8 ], [ 4212596.8, 3149182.9 ], [ 4212549.1, 3149214.1 ], [ 4212555.9, 3149258.1 ], [ 4212532.0, 3149308.6 ], [ 4212541.3, 3149324.7 ], [ 4212556.3, 3149328.5 ], [ 4212552.2, 3149358.9 ], [ 4212569.9, 3149500.6 ], [ 4212564.8, 3149588.1 ], [ 4212546.4, 3149688.7 ], [ 4212520.3, 3149760.3 ], [ 4212511.5, 3149808.3 ], [ 4212464.0, 3149925.0 ], [ 4212447.3, 3150041.8 ], [ 4212465.5, 3150056.2 ], [ 4212532.8, 3150053.3 ], [ 4212545.2, 3150045.7 ], [ 4212610.7, 3149858.2 ], [ 4212672.4, 3149876.1 ], [ 4212929.3, 3149850.2 ], [ 4213040.6, 3149636.2 ], [ 4213066.1, 3149642.7 ], [ 4213080.2, 3149661.4 ], [ 4213060.8, 3149688.3 ], [ 4213075.7, 3149714.5 ], [ 4213104.2, 3149716.4 ], [ 4213119.5, 3149706.2 ], [ 4213120.2, 3149684.3 ], [ 4213097.6, 3149660.7 ], [ 4213110.2, 3149653.1 ], [ 4213187.3, 3149669.4 ], [ 4213259.6, 3149720.4 ], [ 4213277.6, 3149723.1 ], [ 4213293.5, 3149704.2 ], [ 4213283.3, 3149638.8 ], [ 4213290.6, 3149624.6 ], [ 4213408.5, 3149638.6 ], [ 4213431.3, 3149619.6 ], [ 4213513.3, 3149623.5 ], [ 4213537.1, 3149618.0 ], [ 4213603.7, 3149502.3 ], [ 4213612.7, 3149612.3 ], [ 4213569.2, 3149814.4 ], [ 4213571.8, 3149849.4 ], [ 4213588.2, 3149866.1 ], [ 4213623.4, 3149859.0 ], [ 4213635.4, 3149846.8 ], [ 4213642.0, 3149751.6 ], [ 4213670.0, 3149768.6 ], [ 4213792.8, 3149748.2 ], [ 4213826.8, 3149703.7 ], [ 4214027.2, 3149715.9 ], [ 4214161.5, 3149688.7 ], [ 4214102.4, 3149997.1 ], [ 4214021.8, 3150037.7 ], [ 4213901.4, 3150047.8 ], [ 4213888.6, 3150060.6 ], [ 4213887.5, 3150087.3 ], [ 4213787.9, 3150101.0 ], [ 4213761.6, 3150097.5 ], [ 4213746.8, 3150104.8 ], [ 4213723.3, 3150099.7 ], [ 4213521.7, 3150109.8 ], [ 4213506.7, 3150100.0 ], [ 4213486.8, 3150107.2 ], [ 4213420.5, 3150091.1 ], [ 4213396.9, 3150077.4 ], [ 4213406.1, 3150035.3 ], [ 4213399.2, 3150018.1 ], [ 4213381.5, 3150012.3 ], [ 4213349.6, 3150020.3 ], [ 4213325.5, 3150037.0 ], [ 4213276.0, 3150041.5 ], [ 4213263.7, 3150053.3 ], [ 4213263.7, 3150072.7 ], [ 4213200.0, 3150088.2 ], [ 4213143.4, 3150117.5 ], [ 4213049.0, 3150268.5 ], [ 4212984.3, 3150336.4 ], [ 4212723.5, 3150458.6 ], [ 4212666.9, 3150499.7 ], [ 4212663.0, 3150479.9 ], [ 4212731.4, 3150426.7 ], [ 4212734.2, 3150408.6 ], [ 4212725.6, 3150396.5 ], [ 4212598.8, 3150401.9 ], [ 4212541.2, 3150425.4 ], [ 4212536.6, 3150452.6 ], [ 4212610.3, 3150543.7 ], [ 4212571.7, 3150572.5 ], [ 4212443.4, 3150639.9 ], [ 4212359.4, 3150723.6 ], [ 4212173.5, 3150814.2 ], [ 4212158.9, 3150865.7 ], [ 4212159.3, 3150881.0 ], [ 4212204.9, 3150972.5 ], [ 4212232.4, 3151162.6 ], [ 4212249.9, 3151173.9 ], [ 4212330.8, 3151167.2 ], [ 4212359.9, 3151220.6 ], [ 4212363.6, 3151540.8 ], [ 4212341.1, 3151557.6 ], [ 4212346.2, 3151596.1 ], [ 4212428.4, 3151630.4 ], [ 4212617.8, 3151780.6 ], [ 4212668.5, 3151801.6 ], [ 4212665.9, 3151848.2 ], [ 4212713.3, 3151887.9 ], [ 4212768.4, 3151912.8 ], [ 4212781.8, 3151910.2 ], [ 4212794.1, 3151896.5 ], [ 4212905.3, 3151949.3 ], [ 4212901.1, 3152016.0 ], [ 4212889.2, 3152038.3 ], [ 4212890.4, 3152052.5 ], [ 4212974.2, 3152132.9 ], [ 4213026.9, 3152197.8 ], [ 4213068.8, 3152269.2 ], [ 4213102.8, 3152353.4 ], [ 4213127.6, 3152456.9 ], [ 4213131.4, 3152600.5 ], [ 4213137.8, 3152614.0 ], [ 4213155.1, 3152620.3 ], [ 4213168.7, 3152614.1 ], [ 4213201.2, 3152555.3 ], [ 4213392.4, 3152622.3 ], [ 4213512.7, 3152676.8 ], [ 4213498.2, 3152709.5 ], [ 4213495.6, 3152750.0 ], [ 4213551.3, 3152798.0 ], [ 4213571.6, 3152801.8 ], [ 4213702.6, 3152671.8 ], [ 4213708.8, 3152658.1 ], [ 4213704.8, 3152643.6 ], [ 4213633.5, 3152594.3 ], [ 4213613.8, 3152600.9 ], [ 4213603.5, 3152629.1 ], [ 4213593.7, 3152635.6 ], [ 4213534.5, 3152620.6 ], [ 4213517.0, 3152596.7 ], [ 4213378.4, 3152511.4 ], [ 4213346.3, 3152481.5 ], [ 4213348.5, 3152469.0 ], [ 4213373.9, 3152460.8 ], [ 4213419.1, 3152476.9 ], [ 4213511.8, 3152533.5 ], [ 4213602.6, 3152539.9 ], [ 4213652.6, 3152533.6 ], [ 4213717.6, 3152622.6 ], [ 4213730.0, 3152629.2 ], [ 4213746.9, 3152625.0 ], [ 4213981.2, 3152374.6 ], [ 4214090.6, 3152322.6 ], [ 4214254.3, 3152224.0 ], [ 4214286.0, 3152192.5 ], [ 4214313.0, 3152142.1 ], [ 4214362.2, 3152080.4 ], [ 4214430.2, 3151868.8 ], [ 4214461.7, 3151800.8 ], [ 4214472.3, 3151720.8 ], [ 4214488.7, 3151667.1 ], [ 4214519.2, 3151601.2 ], [ 4214629.1, 3151455.0 ], [ 4214808.8, 3151262.5 ], [ 4214944.9, 3151142.0 ], [ 4214989.5, 3151045.3 ], [ 4215008.0, 3151057.0 ], [ 4215024.8, 3151053.7 ], [ 4215184.1, 3150904.4 ], [ 4215300.0, 3150824.3 ], [ 4215548.9, 3150762.1 ], [ 4215555.6, 3150742.0 ], [ 4215510.1, 3150617.2 ], [ 4215548.3, 3150598.9 ], [ 4215594.8, 3150588.4 ], [ 4215651.7, 3150721.2 ], [ 4215672.8, 3150734.6 ], [ 4215676.5, 3150746.5 ], [ 4215691.7, 3150839.0 ], [ 4215657.8, 3150912.4 ], [ 4215628.7, 3150913.0 ], [ 4215568.4, 3150969.6 ], [ 4215433.7, 3151045.4 ], [ 4215362.2, 3151070.0 ], [ 4215123.0, 3151205.4 ], [ 4215113.1, 3151224.4 ], [ 4215126.3, 3151244.1 ], [ 4215065.3, 3151279.3 ], [ 4214875.8, 3151417.2 ], [ 4214781.7, 3151501.0 ], [ 4214612.3, 3151678.4 ], [ 4214546.8, 3151723.8 ], [ 4214543.5, 3151758.4 ], [ 4214555.4, 3151767.5 ], [ 4214570.3, 3151767.0 ], [ 4214504.2, 3151964.7 ], [ 4214477.3, 3152093.6 ], [ 4214403.0, 3152301.6 ], [ 4214343.9, 3152393.8 ], [ 4214299.3, 3152440.2 ], [ 4214209.6, 3152501.7 ], [ 4214141.3, 3152537.3 ], [ 4214068.9, 3152593.9 ], [ 4214036.7, 3152595.1 ], [ 4214002.4, 3152617.1 ], [ 4213999.6, 3152682.9 ], [ 4213971.2, 3152791.6 ], [ 4213895.9, 3152844.9 ], [ 4213838.3, 3152869.0 ], [ 4213823.3, 3152889.0 ], [ 4213805.5, 3152945.2 ], [ 4213827.1, 3153016.5 ], [ 4213825.8, 3153047.7 ], [ 4213806.1, 3153065.5 ], [ 4213716.4, 3153084.4 ], [ 4213681.4, 3153113.9 ], [ 4213676.5, 3153145.5 ], [ 4213689.7, 3153238.4 ], [ 4213714.6, 3153291.2 ], [ 4213697.3, 3153334.8 ], [ 4213703.7, 3153354.4 ], [ 4213775.4, 3153404.8 ], [ 4213782.5, 3153430.3 ], [ 4213925.9, 3153508.5 ], [ 4213945.5, 3153506.1 ], [ 4213983.6, 3153471.9 ], [ 4214084.7, 3153514.2 ], [ 4214088.6, 3153604.2 ], [ 4214104.1, 3153663.6 ], [ 4214095.2, 3153726.8 ], [ 4214098.6, 3153792.6 ], [ 4214111.8, 3153906.2 ], [ 4214119.4, 3153918.9 ], [ 4214144.2, 3153921.1 ], [ 4214430.1, 3153761.9 ], [ 4214427.4, 3153923.1 ], [ 4214438.7, 3153940.1 ], [ 4214492.9, 3153946.7 ], [ 4214527.5, 3153929.0 ], [ 4214553.1, 3153925.3 ], [ 4214562.3, 3153915.1 ], [ 4214568.5, 3153883.7 ], [ 4214595.8, 3153863.6 ] ], [ [ 4214738.8, 3153520.1 ], [ 4214687.1, 3153449.5 ], [ 4214688.3, 3153436.5 ], [ 4214702.3, 3153424.7 ], [ 4214764.3, 3153491.5 ], [ 4214738.8, 3153520.1 ] ], [ [ 4215476.9, 3152502.4 ], [ 4215480.9, 3152474.0 ], [ 4215530.8, 3152491.2 ], [ 4215562.8, 3152519.1 ], [ 4215590.9, 3152530.9 ], [ 4215586.5, 3152543.0 ], [ 4215476.9, 3152502.4 ] ], [ [ 4216510.4, 3152264.8 ], [ 4216539.2, 3152250.4 ], [ 4216598.8, 3152342.1 ], [ 4216555.4, 3152354.1 ], [ 4216510.4, 3152264.8 ] ], [ [ 4216996.9, 3152325.8 ], [ 4216959.2, 3152239.0 ], [ 4216968.6, 3152233.7 ], [ 4217008.1, 3152288.0 ], [ 4217020.1, 3152320.4 ], [ 4216996.9, 3152325.8 ] ], [ [ 4216893.5, 3151892.0 ], [ 4216917.7, 3151898.0 ], [ 4216930.0, 3151949.7 ], [ 4216909.6, 3151956.1 ], [ 4216884.8, 3151901.8 ], [ 4216893.5, 3151892.0 ] ], [ [ 4217572.5, 3151666.6 ], [ 4217591.1, 3151674.6 ], [ 4217632.1, 3151666.8 ], [ 4217667.3, 3151672.0 ], [ 4217635.6, 3151686.7 ], [ 4217618.6, 3151713.0 ], [ 4217595.9, 3151713.7 ], [ 4217552.6, 3151738.2 ], [ 4217537.2, 3151691.4 ], [ 4217572.5, 3151666.6 ] ], [ [ 4217817.2, 3151561.6 ], [ 4217775.2, 3151538.7 ], [ 4217787.0, 3151521.3 ], [ 4217779.6, 3151498.0 ], [ 4217793.7, 3151455.2 ], [ 4217853.2, 3151434.4 ], [ 4217862.7, 3151378.8 ], [ 4217955.4, 3151310.2 ], [ 4217937.7, 3151402.6 ], [ 4217908.0, 3151404.0 ], [ 4217895.9, 3151422.2 ], [ 4217895.9, 3151463.8 ], [ 4217908.4, 3151475.7 ], [ 4217924.3, 3151476.3 ], [ 4217914.9, 3151575.2 ], [ 4217827.0, 3151575.4 ], [ 4217817.2, 3151561.6 ] ], [ [ 4217367.3, 3151375.8 ], [ 4217395.0, 3151443.8 ], [ 4217359.6, 3151406.3 ], [ 4217334.3, 3151398.9 ], [ 4217300.9, 3151351.3 ], [ 4217318.5, 3151293.7 ], [ 4217329.7, 3151283.0 ], [ 4217346.8, 3151291.3 ], [ 4217378.5, 3151350.1 ], [ 4217367.3, 3151375.8 ] ], [ [ 4215876.0, 3150595.1 ], [ 4215952.1, 3150550.5 ], [ 4216056.1, 3150516.2 ], [ 4216157.3, 3150446.9 ], [ 4216167.3, 3150488.6 ], [ 4215982.3, 3150571.5 ], [ 4215898.4, 3150631.9 ], [ 4215880.9, 3150628.3 ], [ 4215838.8, 3150649.0 ], [ 4215819.0, 3150650.2 ], [ 4215876.0, 3150595.1 ] ], [ [ 4217011.1, 3150447.5 ], [ 4216985.0, 3150377.1 ], [ 4217012.2, 3150360.1 ], [ 4217062.5, 3150408.4 ], [ 4217089.6, 3150448.5 ], [ 4217051.6, 3150481.5 ], [ 4217038.1, 3150532.9 ], [ 4217017.7, 3150495.2 ], [ 4217011.1, 3150447.5 ] ], [ [ 4215210.1, 3150529.0 ], [ 4215159.8, 3150538.4 ], [ 4215163.5, 3150520.2 ], [ 4215203.8, 3150500.7 ], [ 4215228.2, 3150477.8 ], [ 4215240.8, 3150514.1 ], [ 4215210.1, 3150529.0 ] ], [ [ 4213204.5, 3151704.4 ], [ 4213292.2, 3151697.7 ], [ 4213287.7, 3151739.0 ], [ 4213196.9, 3151730.6 ], [ 4213177.9, 3151744.0 ], [ 4213152.3, 3152003.9 ], [ 4213103.8, 3152027.3 ], [ 4213007.0, 3151986.4 ], [ 4213027.1, 3151945.9 ], [ 4213081.7, 3151870.3 ], [ 4213104.0, 3151808.3 ], [ 4213049.3, 3151585.1 ], [ 4213035.2, 3151575.3 ], [ 4212968.4, 3151562.1 ], [ 4213020.2, 3151279.6 ], [ 4213018.9, 3151347.5 ], [ 4213000.5, 3151473.8 ], [ 4213012.8, 3151512.6 ], [ 4213028.1, 3151525.2 ], [ 4213062.1, 3151583.1 ], [ 4213181.5, 3151592.5 ], [ 4213181.1, 3151685.5 ], [ 4213188.5, 3151699.1 ], [ 4213204.5, 3151704.4 ] ], [ [ 4214741.8, 3150250.9 ], [ 4214783.5, 3150230.7 ], [ 4214803.2, 3150263.2 ], [ 4214709.3, 3150319.6 ], [ 4214688.1, 3150294.3 ], [ 4214741.8, 3150250.9 ] ], [ [ 4217478.5, 3150071.3 ], [ 4217475.7, 3150010.8 ], [ 4217483.6, 3149957.2 ], [ 4217492.9, 3149947.5 ], [ 4217533.6, 3149935.5 ], [ 4217529.9, 3149953.4 ], [ 4217511.2, 3149951.2 ], [ 4217496.6, 3149965.6 ], [ 4217505.2, 3150026.3 ], [ 4217478.5, 3150071.3 ] ], [ [ 4217812.6, 3150052.2 ], [ 4217712.2, 3149968.5 ], [ 4217694.2, 3149972.7 ], [ 4217613.1, 3150036.3 ], [ 4217602.8, 3150023.0 ], [ 4217706.3, 3149950.3 ], [ 4217765.5, 3149919.6 ], [ 4217785.6, 3149936.2 ], [ 4217796.3, 3149966.1 ], [ 4217812.6, 3150052.2 ] ], [ [ 4218814.7, 3149972.1 ], [ 4218772.2, 3149904.0 ], [ 4218811.8, 3149854.8 ], [ 4218886.7, 3149928.5 ], [ 4218829.0, 3149973.8 ], [ 4218814.7, 3149972.1 ] ], [ [ 4216516.6, 3149900.8 ], [ 4216498.0, 3149924.8 ], [ 4216483.6, 3149917.6 ], [ 4216466.8, 3149922.2 ], [ 4216449.1, 3149958.1 ], [ 4216373.6, 3149896.9 ], [ 4216393.5, 3149863.0 ], [ 4216412.9, 3149865.2 ], [ 4216436.8, 3149847.4 ], [ 4216473.7, 3149850.6 ], [ 4216504.2, 3149869.3 ], [ 4216516.6, 3149900.8 ] ], [ [ 4218341.8, 3149850.2 ], [ 4218286.6, 3149792.2 ], [ 4218340.8, 3149753.4 ], [ 4218384.1, 3149804.9 ], [ 4218341.8, 3149850.2 ] ], [ [ 4219228.2, 3149764.6 ], [ 4219243.5, 3149776.3 ], [ 4219230.6, 3149791.6 ], [ 4219204.2, 3149787.3 ], [ 4219203.5, 3149779.5 ], [ 4219228.2, 3149764.6 ] ], [ [ 4217465.0, 3149515.8 ], [ 4217445.7, 3149470.1 ], [ 4217506.6, 3149434.6 ], [ 4217624.3, 3149433.2 ], [ 4217603.9, 3149489.6 ], [ 4217554.7, 3149493.0 ], [ 4217504.7, 3149511.6 ], [ 4217465.0, 3149515.8 ] ], [ [ 4217680.8, 3149436.1 ], [ 4217739.1, 3149377.7 ], [ 4217774.8, 3149366.0 ], [ 4217789.8, 3149379.1 ], [ 4217814.2, 3149443.7 ], [ 4217808.3, 3149485.5 ], [ 4217711.8, 3149478.6 ], [ 4217685.2, 3149457.5 ], [ 4217680.8, 3149436.1 ] ], [ [ 4215149.5, 3149416.9 ], [ 4215197.8, 3149480.7 ], [ 4215163.2, 3149509.8 ], [ 4215120.1, 3149469.0 ], [ 4215149.5, 3149416.9 ] ], [ [ 4217612.3, 3149214.5 ], [ 4217632.1, 3149175.5 ], [ 4217640.9, 3149114.1 ], [ 4217710.9, 3149121.9 ], [ 4217772.5, 3149212.0 ], [ 4217775.5, 3149236.3 ], [ 4217634.5, 3149287.5 ], [ 4217611.9, 3149240.2 ], [ 4217612.3, 3149214.5 ] ], [ [ 4219669.8, 3149109.1 ], [ 4219607.1, 3148952.7 ], [ 4219639.4, 3148916.2 ], [ 4219674.7, 3148902.3 ], [ 4219677.4, 3148920.4 ], [ 4219641.2, 3148969.2 ], [ 4219684.8, 3149067.6 ], [ 4219680.7, 3149106.1 ], [ 4219669.8, 3149109.1 ] ], [ [ 4219280.2, 3148982.1 ], [ 4219275.7, 3148990.6 ], [ 4219247.4, 3148981.1 ], [ 4219140.3, 3148923.4 ], [ 4219122.3, 3148927.5 ], [ 4219101.2, 3148949.9 ], [ 4219094.4, 3148942.1 ], [ 4219147.5, 3148884.1 ], [ 4219161.1, 3148916.7 ], [ 4219280.2, 3148982.1 ] ], [ [ 4218839.9, 3148899.6 ], [ 4218783.1, 3148996.8 ], [ 4218768.6, 3148995.5 ], [ 4218819.8, 3148902.8 ], [ 4218831.5, 3148896.4 ], [ 4218839.9, 3148899.6 ] ], [ [ 4218187.2, 3148976.8 ], [ 4218116.2, 3149039.6 ], [ 4218110.8, 3149041.5 ], [ 4218114.6, 3149001.6 ], [ 4218140.8, 3148970.7 ], [ 4218133.8, 3148953.0 ], [ 4218110.3, 3148933.9 ], [ 4218119.1, 3148914.3 ], [ 4218141.6, 3148911.8 ], [ 4218156.8, 3148920.6 ], [ 4218190.4, 3148956.4 ], [ 4218187.2, 3148976.8 ] ], [ [ 4216719.8, 3148926.4 ], [ 4216760.1, 3148949.2 ], [ 4216788.0, 3148954.6 ], [ 4216728.2, 3148963.7 ], [ 4216719.8, 3148953.8 ], [ 4216719.8, 3148926.4 ] ], [ [ 4218258.1, 3148757.6 ], [ 4218286.6, 3148799.9 ], [ 4218255.8, 3148833.3 ], [ 4218237.2, 3148811.5 ], [ 4218210.0, 3148800.0 ], [ 4218258.1, 3148757.6 ] ], [ [ 4213695.5, 3148665.9 ], [ 4213745.4, 3148649.5 ], [ 4213762.7, 3148748.7 ], [ 4213730.1, 3148738.8 ], [ 4213711.3, 3148710.8 ], [ 4213695.5, 3148665.9 ] ], [ [ 4216711.3, 3148604.2 ], [ 4216735.1, 3148524.2 ], [ 4216772.0, 3148524.9 ], [ 4216743.6, 3148633.0 ], [ 4216714.0, 3148615.6 ], [ 4216711.3, 3148604.2 ] ], [ [ 4215900.6, 3148580.9 ], [ 4215884.4, 3148596.3 ], [ 4215840.3, 3148565.3 ], [ 4215841.8, 3148551.2 ], [ 4215886.8, 3148551.5 ], [ 4215900.6, 3148580.9 ] ], [ [ 4215925.1, 3148383.6 ], [ 4215881.6, 3148265.6 ], [ 4215856.3, 3148226.9 ], [ 4215853.6, 3148204.7 ], [ 4215903.7, 3148246.9 ], [ 4215921.1, 3148319.0 ], [ 4215940.3, 3148335.8 ], [ 4215942.6, 3148380.1 ], [ 4215970.8, 3148448.4 ], [ 4215941.6, 3148486.9 ], [ 4215906.6, 3148429.0 ], [ 4215926.7, 3148410.6 ], [ 4215925.1, 3148383.6 ] ], [ [ 4218575.8, 3148279.6 ], [ 4218591.7, 3148287.4 ], [ 4218598.6, 3148316.1 ], [ 4218595.1, 3148367.0 ], [ 4218585.6, 3148379.1 ], [ 4218545.8, 3148357.8 ], [ 4218578.9, 3148323.6 ], [ 4218575.8, 3148279.6 ] ], [ [ 4218431.6, 3148143.6 ], [ 4218469.2, 3148082.5 ], [ 4218500.3, 3148114.4 ], [ 4218475.3, 3148151.5 ], [ 4218447.2, 3148160.6 ], [ 4218431.6, 3148143.6 ] ], [ [ 4215816.4, 3148142.5 ], [ 4215790.9, 3148135.9 ], [ 4215766.4, 3148108.4 ], [ 4215715.4, 3148100.7 ], [ 4215696.6, 3148090.3 ], [ 4215673.7, 3147992.4 ], [ 4215650.5, 3147962.5 ], [ 4215801.5, 3147940.5 ], [ 4215799.9, 3148011.0 ], [ 4215763.2, 3148019.5 ], [ 4215756.3, 3148062.8 ], [ 4215762.0, 3148082.0 ], [ 4215806.6, 3148127.9 ], [ 4215816.4, 3148142.5 ] ], [ [ 4216316.8, 3148025.9 ], [ 4216333.6, 3148028.0 ], [ 4216358.3, 3148014.3 ], [ 4216370.6, 3148020.9 ], [ 4216373.5, 3148034.0 ], [ 4216358.2, 3148054.1 ], [ 4216342.6, 3148056.0 ], [ 4216318.7, 3148042.1 ], [ 4216316.8, 3148025.9 ] ], [ [ 4214485.9, 3147843.2 ], [ 4214443.8, 3148080.5 ], [ 4214436.5, 3148123.1 ], [ 4214426.4, 3148118.3 ], [ 4214470.6, 3147836.0 ], [ 4214485.9, 3147843.2 ] ], [ [ 4213696.4, 3148066.5 ], [ 4213652.3, 3148059.0 ], [ 4213566.2, 3148025.2 ], [ 4213603.2, 3147995.3 ], [ 4213701.5, 3147974.8 ], [ 4213765.7, 3147914.3 ], [ 4213793.0, 3147852.3 ], [ 4213805.1, 3147764.4 ], [ 4213838.9, 3147655.7 ], [ 4213861.3, 3147634.1 ], [ 4213855.2, 3147730.4 ], [ 4213832.3, 3147861.8 ], [ 4213849.5, 3147880.5 ], [ 4213843.4, 3147953.2 ], [ 4213891.3, 3148001.0 ], [ 4213872.4, 3148025.2 ], [ 4213745.9, 3148060.6 ], [ 4213696.4, 3148066.5 ] ], [ [ 4214657.6, 3147616.4 ], [ 4214614.1, 3147600.6 ], [ 4214615.8, 3147584.3 ], [ 4214604.3, 3147570.5 ], [ 4214535.9, 3147549.8 ], [ 4214381.7, 3147463.3 ], [ 4214275.5, 3147428.7 ], [ 4214217.3, 3147400.9 ], [ 4214219.3, 3147355.0 ], [ 4214279.8, 3147395.1 ], [ 4214422.3, 3147452.2 ], [ 4214532.0, 3147535.3 ], [ 4214559.3, 3147529.7 ], [ 4214626.4, 3147545.4 ], [ 4214652.1, 3147526.2 ], [ 4214749.4, 3147557.8 ], [ 4214771.0, 3147576.6 ], [ 4214759.4, 3147639.5 ], [ 4214737.7, 3147643.9 ], [ 4214727.6, 3147662.2 ], [ 4214679.8, 3147653.5 ], [ 4214657.6, 3147616.4 ] ], [ [ 4215067.8, 3147546.6 ], [ 4215116.6, 3147528.5 ], [ 4215141.3, 3147560.8 ], [ 4215111.6, 3147573.6 ], [ 4215078.1, 3147571.9 ], [ 4215067.8, 3147546.6 ] ], [ [ 4212854.4, 3147365.9 ], [ 4212856.9, 3147439.4 ], [ 4212816.1, 3147407.3 ], [ 4212822.9, 3147371.7 ], [ 4212834.8, 3147365.5 ], [ 4212854.4, 3147365.9 ] ], [ [ 4212688.0, 3147381.6 ], [ 4212788.5, 3147492.6 ], [ 4212726.3, 3147496.8 ], [ 4212709.8, 3147517.7 ], [ 4212704.0, 3147484.4 ], [ 4212667.1, 3147417.6 ], [ 4212688.0, 3147381.6 ] ], [ [ 4213678.2, 3147572.7 ], [ 4213637.5, 3147587.1 ], [ 4213601.1, 3147547.0 ], [ 4213642.3, 3147525.1 ], [ 4213678.2, 3147572.7 ] ], [ [ 4215138.1, 3148054.3 ], [ 4215160.4, 3148032.4 ], [ 4215196.6, 3148078.4 ], [ 4215169.6, 3148096.5 ], [ 4215138.1, 3148054.3 ] ], [ [ 4214322.1, 3147343.1 ], [ 4214349.3, 3147313.4 ], [ 4214392.2, 3147318.0 ], [ 4214373.4, 3147343.1 ], [ 4214322.1, 3147343.1 ] ], [ [ 4213933.8, 3147223.6 ], [ 4213940.4, 3147216.6 ], [ 4213959.2, 3147219.9 ], [ 4213971.3, 3147250.3 ], [ 4214011.5, 3147274.2 ], [ 4214025.8, 3147274.6 ], [ 4214065.4, 3147255.0 ], [ 4214072.8, 3147267.8 ], [ 4214033.3, 3147295.2 ], [ 4213999.7, 3147287.1 ], [ 4213970.8, 3147268.7 ], [ 4213933.8, 3147223.6 ] ], [ [ 4215217.0, 3147220.9 ], [ 4215219.9, 3147206.4 ], [ 4215245.8, 3147207.1 ], [ 4215308.0, 3147227.8 ], [ 4215295.8, 3147235.3 ], [ 4215217.0, 3147220.9 ] ], [ [ 4215594.5, 3147075.6 ], [ 4215503.9, 3146991.7 ], [ 4215502.0, 3146974.2 ], [ 4215532.2, 3146983.3 ], [ 4215552.3, 3146970.7 ], [ 4215638.2, 3147031.6 ], [ 4215643.2, 3147039.0 ], [ 4215594.5, 3147075.6 ] ], [ [ 4215926.1, 3147022.6 ], [ 4215959.7, 3147022.8 ], [ 4215934.8, 3147074.3 ], [ 4215908.1, 3147067.1 ], [ 4215926.1, 3147022.6 ] ], [ [ 4215238.6, 3146897.3 ], [ 4215228.9, 3146989.0 ], [ 4215191.1, 3147021.1 ], [ 4215159.6, 3146990.8 ], [ 4215205.0, 3146890.9 ], [ 4215238.6, 3146897.3 ] ], [ [ 4214509.6, 3146906.6 ], [ 4214519.7, 3146927.7 ], [ 4214380.0, 3146860.3 ], [ 4214387.2, 3146849.2 ], [ 4214509.6, 3146906.6 ] ], [ [ 4214058.7, 3146927.6 ], [ 4214059.3, 3146976.9 ], [ 4214022.3, 3146975.7 ], [ 4214036.9, 3146956.6 ], [ 4214035.3, 3146936.8 ], [ 4214045.9, 3146915.6 ], [ 4214018.5, 3146870.4 ], [ 4214081.4, 3146793.5 ], [ 4214121.0, 3146822.8 ], [ 4214074.7, 3146878.5 ], [ 4214058.7, 3146927.6 ] ], [ [ 4212705.9, 3146856.6 ], [ 4212682.9, 3146862.5 ], [ 4212660.1, 3146819.2 ], [ 4212662.1, 3146803.3 ], [ 4212698.5, 3146798.1 ], [ 4212714.3, 3146813.7 ], [ 4212727.8, 3146836.5 ], [ 4212705.9, 3146856.6 ] ], [ [ 4213503.9, 3146939.4 ], [ 4213488.0, 3146928.9 ], [ 4213493.5, 3146904.4 ], [ 4213526.0, 3146863.1 ], [ 4213541.9, 3146878.5 ], [ 4213503.9, 3146939.4 ] ], [ [ 4213770.1, 3146987.0 ], [ 4213778.9, 3147027.8 ], [ 4213777.8, 3147053.3 ], [ 4213759.0, 3147051.6 ], [ 4213739.8, 3146951.9 ], [ 4213772.8, 3146950.7 ], [ 4213770.1, 3146987.0 ] ], [ [ 4213552.3, 3146995.3 ], [ 4213527.5, 3147000.8 ], [ 4213515.9, 3146989.6 ], [ 4213526.6, 3146971.0 ], [ 4213550.4, 3146970.0 ], [ 4213561.5, 3146982.0 ], [ 4213552.3, 3146995.3 ] ], [ [ 4214919.9, 3146672.2 ], [ 4214774.5, 3146656.2 ], [ 4214707.3, 3146665.9 ], [ 4214684.5, 3146660.2 ], [ 4214684.1, 3146644.7 ], [ 4214730.0, 3146640.5 ], [ 4214803.5, 3146613.8 ], [ 4214927.0, 3146609.2 ], [ 4214919.9, 3146672.2 ] ], [ [ 4215531.1, 3146477.9 ], [ 4215533.5, 3146468.7 ], [ 4215624.3, 3146485.4 ], [ 4215646.3, 3146498.2 ], [ 4215791.4, 3146531.9 ], [ 4215908.5, 3146550.5 ], [ 4215906.7, 3146561.2 ], [ 4215737.5, 3146531.2 ], [ 4215531.1, 3146477.9 ] ], [ [ 4212469.6, 3146338.5 ], [ 4212495.6, 3146328.9 ], [ 4212538.8, 3146360.4 ], [ 4212519.5, 3146390.0 ], [ 4212459.1, 3146361.4 ], [ 4212469.6, 3146338.5 ] ], [ [ 4215832.2, 3146336.6 ], [ 4215578.0, 3146272.9 ], [ 4215559.0, 3146281.0 ], [ 4215550.9, 3146309.7 ], [ 4215521.4, 3146314.0 ], [ 4215500.0, 3146301.1 ], [ 4215473.7, 3146297.5 ], [ 4215467.0, 3146293.4 ], [ 4215484.1, 3146188.2 ], [ 4215476.4, 3146159.2 ], [ 4215577.3, 3146179.3 ], [ 4215565.5, 3146239.1 ], [ 4215578.5, 3146259.9 ], [ 4215845.1, 3146331.4 ], [ 4215832.2, 3146336.6 ] ], [ [ 4214653.0, 3146187.0 ], [ 4214623.0, 3146190.3 ], [ 4214611.0, 3146198.9 ], [ 4214578.9, 3146191.8 ], [ 4214561.1, 3146209.4 ], [ 4214480.2, 3146180.7 ], [ 4214455.8, 3146203.2 ], [ 4214448.5, 3146240.4 ], [ 4214373.1, 3146271.6 ], [ 4214489.1, 3146150.1 ], [ 4214513.7, 3146163.6 ], [ 4214535.1, 3146152.1 ], [ 4214573.9, 3146167.7 ], [ 4214644.6, 3146177.1 ], [ 4214653.0, 3146187.0 ] ], [ [ 4214323.4, 3146168.4 ], [ 4214219.3, 3146108.0 ], [ 4214199.6, 3146113.7 ], [ 4214181.4, 3146143.4 ], [ 4214167.3, 3146140.6 ], [ 4214184.6, 3146091.8 ], [ 4214250.3, 3146103.3 ], [ 4214317.6, 3146158.7 ], [ 4214399.2, 3146145.4 ], [ 4214418.9, 3146117.0 ], [ 4214425.7, 3146079.1 ], [ 4214426.2, 3146057.8 ], [ 4214410.8, 3146014.7 ], [ 4214433.4, 3146015.9 ], [ 4214445.0, 3145999.4 ], [ 4214506.7, 3146036.8 ], [ 4214502.0, 3146054.7 ], [ 4214512.0, 3146069.9 ], [ 4214559.4, 3146086.1 ], [ 4214449.5, 3146072.7 ], [ 4214437.8, 3146085.4 ], [ 4214418.5, 3146149.9 ], [ 4214323.4, 3146168.4 ] ], [ [ 4215698.7, 3146008.3 ], [ 4215743.7, 3146013.9 ], [ 4215752.1, 3146033.9 ], [ 4215711.7, 3146032.3 ], [ 4215698.7, 3146008.3 ] ], [ [ 4214690.8, 3146000.8 ], [ 4214673.9, 3145993.7 ], [ 4214626.0, 3145904.3 ], [ 4214650.2, 3145901.0 ], [ 4214690.8, 3146000.8 ] ], [ [ 4214302.5, 3145946.6 ], [ 4214219.6, 3145932.4 ], [ 4214116.2, 3145877.2 ], [ 4214049.7, 3145865.0 ], [ 4214049.9, 3145854.1 ], [ 4214114.5, 3145869.5 ], [ 4214221.1, 3145925.4 ], [ 4214302.5, 3145946.6 ] ], [ [ 4214947.9, 3145889.5 ], [ 4214975.2, 3145763.0 ], [ 4214971.5, 3145745.2 ], [ 4214786.9, 3145692.5 ], [ 4214788.6, 3145679.9 ], [ 4215198.0, 3145782.1 ], [ 4215202.3, 3145788.9 ], [ 4215005.2, 3145746.7 ], [ 4214990.5, 3145764.8 ], [ 4214968.2, 3145865.6 ], [ 4214947.9, 3145889.5 ] ], [ [ 4212880.2, 3145615.7 ], [ 4212952.9, 3145699.2 ], [ 4212977.7, 3145725.8 ], [ 4212967.2, 3145732.8 ], [ 4212881.1, 3145646.2 ], [ 4212880.2, 3145615.7 ] ], [ [ 4213801.6, 3145833.4 ], [ 4213893.8, 3145718.0 ], [ 4213980.9, 3145775.1 ], [ 4214012.4, 3145779.4 ], [ 4214010.8, 3145842.7 ], [ 4213953.0, 3145945.1 ], [ 4213945.3, 3145986.2 ], [ 4213916.6, 3145977.4 ], [ 4213910.8, 3145962.0 ], [ 4213801.6, 3145833.4 ] ], [ [ 4214363.1, 3145718.9 ], [ 4214350.7, 3145695.5 ], [ 4214374.0, 3145680.7 ], [ 4214379.5, 3145701.9 ], [ 4214452.4, 3145755.1 ], [ 4214444.5, 3145767.2 ], [ 4214399.3, 3145742.6 ], [ 4214348.0, 3145777.9 ], [ 4214342.0, 3145761.6 ], [ 4214362.3, 3145737.7 ], [ 4214363.1, 3145718.9 ] ], [ [ 4212939.1, 3145919.1 ], [ 4212929.2, 3145929.4 ], [ 4212783.4, 3145819.0 ], [ 4212800.8, 3145801.5 ], [ 4212939.1, 3145919.1 ] ], [ [ 4213889.0, 3146012.1 ], [ 4213949.8, 3146052.9 ], [ 4213937.2, 3146106.3 ], [ 4213939.3, 3146150.4 ], [ 4213930.1, 3146175.0 ], [ 4213934.7, 3146190.4 ], [ 4213950.6, 3146203.8 ], [ 4213913.3, 3146264.7 ], [ 4213890.6, 3146249.5 ], [ 4213897.5, 3146228.8 ], [ 4213883.1, 3146211.5 ], [ 4213861.3, 3146214.2 ], [ 4213844.0, 3146238.3 ], [ 4213809.8, 3146186.9 ], [ 4213777.3, 3146164.0 ], [ 4213780.6, 3146133.2 ], [ 4213771.3, 3146118.9 ], [ 4213799.1, 3146054.2 ], [ 4213838.8, 3146060.9 ], [ 4213889.0, 3146012.1 ] ], [ [ 4211485.6, 3146212.5 ], [ 4211448.1, 3146250.8 ], [ 4211398.9, 3146229.0 ], [ 4211431.2, 3146170.9 ], [ 4211470.7, 3146193.3 ], [ 4211485.6, 3146212.5 ] ], [ [ 4212417.3, 3145550.8 ], [ 4212431.7, 3145508.9 ], [ 4212474.3, 3145504.2 ], [ 4212464.7, 3145527.9 ], [ 4212468.9, 3145552.9 ], [ 4212458.8, 3145569.7 ], [ 4212450.5, 3145569.9 ], [ 4212436.8, 3145549.5 ], [ 4212417.3, 3145550.8 ] ], [ [ 4214394.0, 3145503.9 ], [ 4214346.8, 3145483.7 ], [ 4214283.5, 3145472.1 ], [ 4214285.6, 3145461.6 ], [ 4214352.2, 3145473.8 ], [ 4214425.3, 3145500.6 ], [ 4214450.7, 3145546.8 ], [ 4214424.3, 3145545.5 ], [ 4214394.0, 3145503.9 ] ], [ [ 4211350.5, 3145427.5 ], [ 4211318.6, 3145474.4 ], [ 4211275.7, 3145446.0 ], [ 4211303.0, 3145405.3 ], [ 4211329.1, 3145410.9 ], [ 4211350.5, 3145427.5 ] ], [ [ 4212679.7, 3145261.2 ], [ 4212693.5, 3145289.6 ], [ 4212680.0, 3145333.2 ], [ 4212626.6, 3145333.1 ], [ 4212629.1, 3145285.4 ], [ 4212679.7, 3145261.2 ] ], [ [ 4212024.3, 3145142.5 ], [ 4212066.0, 3145159.2 ], [ 4212079.4, 3145194.5 ], [ 4212054.7, 3145226.2 ], [ 4212037.0, 3145236.0 ], [ 4211991.5, 3145185.4 ], [ 4212024.3, 3145142.5 ] ], [ [ 4214269.1, 3145103.2 ], [ 4214296.7, 3145082.8 ], [ 4214302.7, 3145098.9 ], [ 4214291.3, 3145124.7 ], [ 4214256.8, 3145133.4 ], [ 4214269.1, 3145103.2 ] ], [ [ 4214956.8, 3145131.7 ], [ 4214860.9, 3145110.4 ], [ 4214871.8, 3145078.2 ], [ 4214968.3, 3145097.5 ], [ 4214956.8, 3145131.7 ] ], [ [ 4214422.0, 3145078.8 ], [ 4214406.4, 3145105.7 ], [ 4214374.7, 3145098.2 ], [ 4214373.2, 3145061.1 ], [ 4214391.9, 3145034.9 ], [ 4214396.0, 3145010.1 ], [ 4214413.1, 3145008.4 ], [ 4214424.4, 3145011.2 ], [ 4214415.8, 3145033.5 ], [ 4214422.0, 3145078.8 ] ], [ [ 4215250.6, 3145018.8 ], [ 4215086.3, 3144887.5 ], [ 4215050.3, 3144838.4 ], [ 4215025.4, 3144848.8 ], [ 4215015.6, 3144894.1 ], [ 4214585.4, 3144803.0 ], [ 4214565.1, 3144808.8 ], [ 4214553.1, 3144795.8 ], [ 4214527.3, 3144789.0 ], [ 4214532.4, 3144697.7 ], [ 4214502.9, 3144670.8 ], [ 4214395.8, 3144649.2 ], [ 4214313.4, 3144647.0 ], [ 4214156.6, 3144606.7 ], [ 4214134.9, 3144618.1 ], [ 4214073.8, 3144734.2 ], [ 4214047.1, 3144722.7 ], [ 4214016.2, 3144696.3 ], [ 4213990.7, 3144655.4 ], [ 4213975.8, 3144613.0 ], [ 4213943.8, 3144580.8 ], [ 4213978.0, 3144533.8 ], [ 4214056.9, 3144566.3 ], [ 4214085.7, 3144555.7 ], [ 4214096.9, 3144537.5 ], [ 4214093.2, 3144520.8 ], [ 4214031.3, 3144473.8 ], [ 4214083.3, 3144404.6 ], [ 4214119.6, 3144421.9 ], [ 4214139.4, 3144416.3 ], [ 4214170.3, 3144360.9 ], [ 4214224.9, 3144379.1 ], [ 4214282.0, 3144417.5 ], [ 4214302.1, 3144423.3 ], [ 4214404.4, 3144374.1 ], [ 4214426.1, 3144389.3 ], [ 4214474.5, 3144370.8 ], [ 4214547.1, 3144376.1 ], [ 4214572.7, 3144395.7 ], [ 4214643.3, 3144397.0 ], [ 4214788.7, 3144437.0 ], [ 4214800.2, 3144457.0 ], [ 4214842.3, 3144479.5 ], [ 4214899.8, 3144490.1 ], [ 4215075.7, 3144555.9 ], [ 4215055.5, 3144672.6 ], [ 4215064.8, 3144687.5 ], [ 4215092.2, 3144701.9 ], [ 4215110.0, 3144697.0 ], [ 4215241.9, 3144592.7 ], [ 4215259.6, 3144569.6 ], [ 4215271.9, 3144567.6 ], [ 4215281.3, 3144571.1 ], [ 4215281.1, 3144617.5 ], [ 4215302.0, 3144663.9 ], [ 4215346.8, 3144712.8 ], [ 4215420.8, 3144775.3 ], [ 4215403.1, 3144786.4 ], [ 4215388.5, 3144825.8 ], [ 4215338.8, 3144789.5 ], [ 4215311.3, 3144793.7 ], [ 4215294.4, 3144770.0 ], [ 4215267.3, 3144775.7 ], [ 4215254.2, 3144809.4 ], [ 4215258.4, 3144826.8 ], [ 4215283.0, 3144844.1 ], [ 4215337.4, 3144860.6 ], [ 4215250.6, 3145018.8 ] ], [ [ 4215920.0, 3144522.2 ], [ 4215873.2, 3144455.5 ], [ 4215843.0, 3144434.0 ], [ 4215870.0, 3144418.6 ], [ 4215880.7, 3144441.7 ], [ 4215920.6, 3144459.5 ], [ 4215962.6, 3144493.8 ], [ 4215920.0, 3144522.2 ] ], [ [ 4212753.0, 3144381.9 ], [ 4212732.8, 3144368.3 ], [ 4212742.3, 3144329.4 ], [ 4212801.2, 3144329.4 ], [ 4212800.0, 3144346.3 ], [ 4212753.0, 3144381.9 ] ], [ [ 4212978.9, 3144321.2 ], [ 4213011.1, 3144269.1 ], [ 4213010.0, 3144222.3 ], [ 4213058.9, 3144221.6 ], [ 4213003.3, 3144325.6 ], [ 4212983.2, 3144338.1 ], [ 4212961.5, 3144335.4 ], [ 4212978.9, 3144321.2 ] ], [ [ 4214573.6, 3144268.6 ], [ 4214565.8, 3144207.3 ], [ 4214546.3, 3144201.8 ], [ 4214506.2, 3144210.1 ], [ 4214494.8, 3144219.6 ], [ 4214446.6, 3144194.8 ], [ 4214380.8, 3144096.0 ], [ 4214237.3, 3143990.8 ], [ 4214073.7, 3143824.4 ], [ 4214123.8, 3143749.5 ], [ 4214118.8, 3143722.7 ], [ 4214233.6, 3143573.4 ], [ 4214310.7, 3143715.4 ], [ 4214331.1, 3143721.9 ], [ 4214373.2, 3143698.1 ], [ 4214476.9, 3143820.9 ], [ 4214491.6, 3143823.6 ], [ 4214504.7, 3143816.2 ], [ 4214557.8, 3143727.1 ], [ 4214573.2, 3143746.6 ], [ 4214498.5, 3143874.2 ], [ 4214393.5, 3143964.7 ], [ 4214388.6, 3143981.7 ], [ 4214395.1, 3143994.4 ], [ 4214444.7, 3144004.5 ], [ 4214734.2, 3144004.6 ], [ 4214735.0, 3144270.7 ], [ 4214573.6, 3144268.6 ] ], [ [ 4214947.8, 3143992.5 ], [ 4214964.5, 3143835.4 ], [ 4214983.3, 3143838.2 ], [ 4214965.3, 3143993.7 ], [ 4214955.8, 3143995.7 ], [ 4214947.8, 3143992.5 ] ], [ [ 4211758.6, 3144191.4 ], [ 4211906.0, 3144256.9 ], [ 4211909.7, 3144269.8 ], [ 4211898.1, 3144279.8 ], [ 4211760.0, 3144199.9 ], [ 4211758.6, 3144191.4 ] ], [ [ 4211511.4, 3144242.3 ], [ 4211661.8, 3144330.9 ], [ 4211683.1, 3144331.4 ], [ 4211759.2, 3144398.0 ], [ 4211748.6, 3144416.8 ], [ 4211733.9, 3144413.3 ], [ 4211718.0, 3144423.1 ], [ 4211709.2, 3144416.9 ], [ 4211704.7, 3144397.8 ], [ 4211654.1, 3144361.7 ], [ 4211647.8, 3144338.0 ], [ 4211489.6, 3144239.8 ], [ 4211511.4, 3144242.3 ] ], [ [ 4213237.2, 3144260.3 ], [ 4213265.5, 3144197.0 ], [ 4213280.8, 3144204.7 ], [ 4213255.3, 3144268.0 ], [ 4213237.2, 3144260.3 ] ], [ [ 4213778.9, 3144695.1 ], [ 4213727.2, 3144713.9 ], [ 4213702.7, 3144658.0 ], [ 4213758.9, 3144645.6 ], [ 4213778.9, 3144695.1 ] ], [ [ 4213422.7, 3144802.5 ], [ 4213439.2, 3144838.6 ], [ 4213410.4, 3144855.5 ], [ 4213366.7, 3144824.6 ], [ 4213422.7, 3144802.5 ] ], [ [ 4211835.3, 3144835.1 ], [ 4211839.5, 3144868.9 ], [ 4211738.0, 3144860.9 ], [ 4211792.2, 3144837.6 ], [ 4211835.3, 3144835.1 ] ], [ [ 4214547.6, 3144908.3 ], [ 4214545.8, 3144837.9 ], [ 4214559.8, 3144831.5 ], [ 4214567.7, 3144842.3 ], [ 4214561.7, 3144908.8 ], [ 4214547.6, 3144908.3 ] ], [ [ 4212270.8, 3145006.9 ], [ 4212278.0, 3145036.5 ], [ 4212267.2, 3145056.9 ], [ 4212249.1, 3145046.0 ], [ 4212197.9, 3145052.3 ], [ 4212195.8, 3145010.3 ], [ 4212270.8, 3145006.9 ] ], [ [ 4213007.4, 3143419.6 ], [ 4212963.2, 3143419.2 ], [ 4212957.7, 3143384.2 ], [ 4212944.4, 3143370.5 ], [ 4212895.7, 3143377.8 ], [ 4212872.6, 3143370.0 ], [ 4212870.2, 3143361.4 ], [ 4212880.4, 3143356.3 ], [ 4212933.2, 3143361.8 ], [ 4212954.6, 3143352.4 ], [ 4213021.4, 3143359.0 ], [ 4213001.3, 3143379.6 ], [ 4213007.4, 3143419.6 ] ], [ [ 4213432.1, 3142799.5 ], [ 4213473.6, 3142712.6 ], [ 4213487.6, 3142716.8 ], [ 4213448.4, 3142805.5 ], [ 4213432.1, 3142799.5 ] ], [ [ 4212276.2, 3142576.9 ], [ 4212252.8, 3142571.6 ], [ 4212294.3, 3142509.6 ], [ 4212313.4, 3142521.3 ], [ 4212276.2, 3142576.9 ] ], [ [ 4217147.8, 3147815.1 ], [ 4217271.6, 3147827.6 ], [ 4217280.9, 3147877.2 ], [ 4217267.6, 3147918.1 ], [ 4217242.4, 3147936.6 ], [ 4217211.5, 3147917.1 ], [ 4217151.2, 3147844.6 ], [ 4217142.8, 3147823.3 ], [ 4217147.8, 3147815.1 ] ] ] } }
]
}
